g EN0021_barrier
v 0.04091215 -2.3499036 1.9706279
v 0.04091215 -2.4598448 1.9706279
v 0.040912226 -2.3499036 0.20853561
v 0.4436353 -2.460579 1.9709045
v -0.4651326 -2.460579 1.9709045
v 0.44363526 -1.7494562 1.9709045
v 0.44363526 -1.5693048 2.2806678
v -0.46513265 -2.1507256 2.2806678
v -0.46513265 -1.5693048 2.2806678
v 0.4436353 -1.7494568 -0.05772247
v 0.4436354 -2.4605796 -0.05772247
v 0.4436353 -2.4605792 1.0652119
v 0.44363526 -1.7494563 1.0652119
v 0.44363526 -1.7494562 1.9709045
v 0.4436353 -2.460579 1.9709045
v 0.44363526 -1.5693048 1.9709045
v 0.44363526 -1.5693051 1.0652119
v 0.44363526 -1.5693048 2.2806678
v -0.44513243 -1.5893055 -0.05772247
v 0.42363533 -1.5893055 -0.05772247
v 0.42363524 -1.589305 1.0652119
v -0.44513258 -1.589305 1.0652121
v 0.4436354 -2.4605796 -0.05772247
v -0.46513236 -2.4605799 -0.05772247
v -0.4651325 -2.4605792 1.065212
v 0.4436353 -2.4605792 1.0652119
v 0.564743 -2.8143702 -0.05772232
v 0.56474286 -2.8143697 0.5377812
v 0.56474286 -2.3322866 0.5377811
v 0.56474286 -2.3322873 -0.05772232
v 0.56474286 -2.8143697 0.5377812
v -0.5402606 -2.8143697 0.53778106
v -0.54026055 -2.3322866 0.537781
v 0.56474286 -2.3322866 0.5377811
v -0.5402606 -2.8143697 0.53778106
v -0.54026043 -2.8143702 -0.05772232
v -0.54026043 -2.3322873 -0.05772232
v -0.54026055 -2.3322866 0.537781
v 0.56474286 -2.3322873 -0.05772232
v 0.56474286 -2.3322866 0.5377811
v -0.54026055 -2.3322866 0.537781
v -0.54026043 -2.3322873 -0.05772232
v -0.54026043 -2.8143702 -0.05772232
v -0.5402606 -2.8143697 0.53778106
v 0.56474286 -2.8143697 0.5377812
v 0.564743 -2.8143702 -0.05772232
v 0.1376669 -1.7184262 0.89388835
v 0.13766687 -1.7184262 1.6101731
v 0.1376668 -0.614518 1.610173
v 0.13766684 -0.614518 0.89388824
v 0.13766687 -1.7184262 1.6101731
v -0.37198347 -1.7184262 1.6101731
v -0.37198356 -0.614518 1.610173
v 0.1376668 -0.614518 1.610173
v -0.37198347 -1.7184262 1.6101731
v -0.37198347 -1.7184262 0.8938883
v -0.37198347 -0.614518 0.89388824
v -0.37198356 -0.614518 1.610173
v -0.37198347 -1.7184262 0.8938883
v 0.1376669 -1.7184262 0.89388835
v 0.13766684 -0.614518 0.89388824
v -0.37198347 -0.614518 0.89388824
v 0.13766684 -0.614518 0.89388824
v 0.1376668 -0.614518 1.610173
v -0.37198356 -0.614518 1.610173
v -0.37198347 -0.614518 0.89388824
v -0.37198347 -1.7184262 0.8938883
v -0.37198347 -1.7184262 1.6101731
v 0.13766687 -1.7184262 1.6101731
v 0.1376669 -1.7184262 0.89388835
v 0.13766684 -0.5735031 0.8938882
v 0.1376668 -0.5735031 1.610173
v 0.1376667 1.5780396 1.6101727
v 0.13766675 1.5780396 0.89388794
v 0.1376668 -0.5735031 1.610173
v -0.37198356 -0.5735031 1.610173
v -0.37198365 1.5780396 1.6101727
v 0.1376667 1.5780396 1.6101727
v -0.37198356 -0.5735031 1.610173
v -0.37198347 -0.5735031 0.89388806
v -0.37198356 1.5780396 0.89388794
v -0.37198365 1.5780396 1.6101727
v -0.37198347 -0.5735031 0.89388806
v 0.13766684 -0.5735031 0.8938882
v 0.13766675 1.5780396 0.89388794
v -0.37198356 1.5780396 0.89388794
v 0.13766675 1.5780396 0.89388794
v 0.1376667 1.5780396 1.6101727
v -0.37198365 1.5780396 1.6101727
v -0.37198356 1.5780396 0.89388794
v -0.37198347 -0.5735031 0.89388806
v -0.37198356 -0.5735031 1.610173
v 0.1376668 -0.5735031 1.610173
v 0.13766684 -0.5735031 0.8938882
v 0.11336327 -1.0860541 0.9056349
v 0.113363266 -1.0860541 1.0789381
v 0.11336323 -0.2810643 1.078938
v 0.11336324 -0.2810643 0.9056348
v 0.113363266 -1.0860541 1.0789381
v -0.39628714 -1.0860541 1.078938
v -0.39628714 -0.2810643 1.078938
v 0.11336323 -0.2810643 1.078938
v -0.39628714 -1.0860541 1.078938
v -0.39628708 -1.0860541 0.9056349
v -0.39628708 -0.2810643 0.90563476
v -0.39628714 -0.2810643 1.078938
v -0.39628708 -1.0860541 0.9056349
v 0.11336327 -1.0860541 0.9056349
v 0.11336324 -0.2810643 0.9056348
v -0.39628708 -0.2810643 0.90563476
v 0.11336324 -0.2810643 0.9056348
v 0.11336323 -0.2810643 1.078938
v -0.39628714 -0.2810643 1.078938
v -0.39628708 -0.2810643 0.90563476
v -0.39628708 -1.0860541 0.9056349
v -0.39628714 -1.0860541 1.078938
v 0.113363266 -1.0860541 1.0789381
v 0.11336327 -1.0860541 0.9056349
v 0.054817207 -1.5758023 -0.05772247
v 0.054817107 -1.5758013 0.65417325
v 0.054817088 -1.161024 0.6541732
v 0.05481717 -1.1610252 -0.05772247
v 0.054817107 -1.5758013 0.65417325
v -0.4548333 -1.5758013 0.6541732
v -0.4548333 -1.161024 0.65417314
v 0.054817088 -1.161024 0.6541732
v -0.4548333 -1.5758013 0.6541732
v -0.45483306 -1.5758023 -0.05772247
v -0.45483312 -1.1610252 -0.05772247
v -0.4548333 -1.161024 0.65417314
v 0.05481717 -1.1610252 -0.05772247
v 0.054817088 -1.161024 0.6541732
v -0.4548333 -1.161024 0.65417314
v -0.45483312 -1.1610252 -0.05772247
v -0.45483306 -1.5758023 -0.05772247
v -0.4548333 -1.5758013 0.6541732
v 0.054817107 -1.5758013 0.65417325
v 0.054817207 -1.5758023 -0.05772247
v -0.090174034 -2.4995096 0.2551416
v -0.090174116 -2.4995096 1.4534762
v -0.09017414 -2.2300537 1.4534761
v -0.09017404 -2.230054 0.2551416
v -0.090174116 -2.4995096 1.4534762
v -0.5054104 -2.4995096 1.4534761
v -0.5054104 -2.230054 1.4534761
v -0.09017414 -2.2300537 1.4534761
v -0.5054104 -2.4995096 1.4534761
v -0.5054103 -2.4995096 0.2551416
v -0.5054103 -2.230054 0.2551416
v -0.5054104 -2.230054 1.4534761
v -0.5054103 -2.4995096 0.2551416
v -0.090174034 -2.4995096 0.2551416
v -0.09017404 -2.230054 0.2551416
v -0.5054103 -2.230054 0.2551416
v -0.09017404 -2.230054 0.2551416
v -0.09017414 -2.2300537 1.4534761
v -0.5054104 -2.230054 1.4534761
v -0.5054103 -2.230054 0.2551416
v -0.5054103 -2.4995096 0.2551416
v -0.5054104 -2.4995096 1.4534761
v -0.090174116 -2.4995096 1.4534762
v -0.090174034 -2.4995096 0.2551416
v -0.30451426 -2.481995 1.2510946
v -0.3045143 -2.481995 1.8415235
v -0.30451432 -2.0821767 1.8415234
v -0.30451426 -2.0821767 1.2510946
v -0.3045143 -2.481995 1.8415235
v -0.4802432 -2.481995 1.8415235
v -0.4802432 -2.0821767 1.8415234
v -0.30451432 -2.0821767 1.8415234
v -0.4802432 -2.481995 1.8415235
v -0.4802432 -2.481995 1.2510946
v -0.4802432 -2.0821767 1.2510946
v -0.4802432 -2.0821767 1.8415234
v -0.4802432 -2.481995 1.2510946
v -0.30451426 -2.481995 1.2510946
v -0.30451426 -2.0821767 1.2510946
v -0.4802432 -2.0821767 1.2510946
v -0.30451426 -2.0821767 1.2510946
v -0.30451432 -2.0821767 1.8415234
v -0.4802432 -2.0821767 1.8415234
v -0.4802432 -2.0821767 1.2510946
v -0.4802432 -2.481995 1.2510946
v -0.4802432 -2.481995 1.8415235
v -0.3045143 -2.481995 1.8415235
v -0.30451426 -2.481995 1.2510946
v -0.11890903 1.4766554 1.1971527
v -0.11890905 1.4766554 1.471464
v -0.11890906 1.6514503 1.471464
v -0.11890904 1.6514503 1.1971527
v -0.11890905 1.4766554 1.471464
v -0.5528699 1.4766554 1.471464
v -0.55287004 1.6514503 1.471464
v -0.11890906 1.6514503 1.471464
v -0.5528699 1.4766554 1.471464
v -0.5528699 1.4766554 1.1971527
v -0.5528699 1.6514503 1.1971527
v -0.55287004 1.6514503 1.471464
v -0.5528699 1.4766554 1.1971527
v -0.11890903 1.4766554 1.1971527
v -0.11890904 1.6514503 1.1971527
v -0.5528699 1.6514503 1.1971527
v -0.11890904 1.6514503 1.1971527
v -0.11890906 1.6514503 1.471464
v -0.55287004 1.6514503 1.471464
v -0.5528699 1.6514503 1.1971527
v -0.5528699 1.4766554 1.1971527
v -0.5528699 1.4766554 1.471464
v -0.11890905 1.4766554 1.471464
v -0.11890903 1.4766554 1.1971527
v -0.5486563 2.389505 0.4815622
v -0.5486563 2.389505 1.0430547
v -0.5486563 2.7357848 1.0430546
v -0.5486563 2.7357848 0.4815621
v -0.5486563 2.389505 1.0430547
v -0.5999953 2.389505 1.0430547
v -0.5999953 2.7357848 1.0430546
v -0.5486563 2.7357848 1.0430546
v -0.5999953 2.389505 1.0430547
v -0.5999953 2.389505 0.4815622
v -0.5999953 2.7357848 0.4815621
v -0.5999953 2.7357848 1.0430546
v -0.5999953 2.389505 0.4815622
v -0.5486563 2.389505 0.4815622
v -0.5486563 2.7357848 0.4815621
v -0.5999953 2.7357848 0.4815621
v -0.5486563 2.7357848 0.4815621
v -0.5486563 2.7357848 1.0430546
v -0.5999953 2.7357848 1.0430546
v -0.5999953 2.7357848 0.4815621
v -0.5999953 2.389505 0.4815622
v -0.5999953 2.389505 1.0430547
v -0.5486563 2.389505 1.0430547
v -0.5486563 2.389505 0.4815622
v -0.4385765 2.8143702 -0.057722624
v -0.43857643 2.1236842 -0.057722624
v -0.4385765 2.1236842 0.3320672
v -0.43857658 2.8143702 0.3320672
v -0.43857658 2.1236842 0.69247305
v -0.61549026 2.1236842 0.69247305
v -0.61549026 2.8143702 0.692473
v -0.43857658 2.8143702 0.692473
v -0.61549026 2.8143702 0.692473
v -0.61549026 2.1236842 0.69247305
v -0.6154901 2.1236842 0.36037642
v -0.6154902 2.8143702 0.36037642
v -0.6154901 2.8143702 -0.057722624
v -0.4385765 2.8143702 -0.057722624
v -0.43857658 2.8143702 0.3320672
v -0.6154902 2.8143702 0.3320671
v -0.43857643 2.1236842 -0.057722624
v -0.61549 2.1236842 -0.057722624
v -0.6154901 2.1236842 0.3320671
v -0.4385765 2.1236842 0.3320672
v -0.56662476 1.4389491 0.36229873
v -0.5666248 1.4389491 0.9043185
v -0.5666248 1.9559681 0.9043185
v -0.5666248 1.9559681 0.36229864
v -0.5666248 1.4389491 0.9043185
v -0.6161833 1.4389491 0.9043185
v -0.6161834 1.9559681 0.9043185
v -0.5666248 1.9559681 0.9043185
v -0.6161833 1.4389491 0.9043185
v -0.6161833 1.4389491 0.36229873
v -0.6161833 1.9559681 0.36229864
v -0.6161834 1.9559681 0.9043185
v -0.6161833 1.4389491 0.36229873
v -0.56662476 1.4389491 0.36229873
v -0.5666248 1.9559681 0.36229864
v -0.6161833 1.9559681 0.36229864
v -0.5666248 1.9559681 0.36229864
v -0.5666248 1.9559681 0.9043185
v -0.6161834 1.9559681 0.9043185
v -0.6161833 1.9559681 0.36229864
v -0.6161833 1.4389491 0.36229873
v -0.6161833 1.4389491 0.9043185
v -0.5666248 1.4389491 0.9043185
v -0.56662476 1.4389491 0.36229873
v -0.5486562 1.6358724 0.54456234
v -0.5486563 1.6358724 1.1060548
v -0.5486563 1.8214555 1.1060548
v -0.5486562 1.8214555 0.5445623
v -0.5486563 1.6358724 1.1060548
v -0.5999953 1.6358724 1.1060548
v -0.5999953 1.8214555 1.1060548
v -0.5486563 1.8214555 1.1060548
v -0.5999953 1.6358724 1.1060548
v -0.59999526 1.6358724 0.54456234
v -0.59999526 1.8214555 0.5445623
v -0.5999953 1.8214555 1.1060548
v -0.59999526 1.6358724 0.54456234
v -0.5486562 1.6358724 0.54456234
v -0.5486562 1.8214555 0.5445623
v -0.59999526 1.8214555 0.5445623
v -0.5486562 1.8214555 0.5445623
v -0.5486563 1.8214555 1.1060548
v -0.5999953 1.8214555 1.1060548
v -0.59999526 1.8214555 0.5445623
v -0.59999526 1.6358724 0.54456234
v -0.5999953 1.6358724 1.1060548
v -0.5486563 1.6358724 1.1060548
v -0.5486562 1.6358724 0.54456234
v 0.04700156 -0.20372619 1.2305627
v 0.04700152 -0.20372619 1.792055
v 0.047001515 -0.05557953 1.792055
v 0.047001556 -0.05557953 1.2305627
v 0.04700152 -0.20372619 1.792055
v -0.24978998 -0.20372619 1.792055
v -0.24979 -0.05557953 1.792055
v 0.047001515 -0.05557953 1.792055
v -0.24978998 -0.20372619 1.792055
v -0.24978994 -0.20372619 1.2305626
v -0.24978995 -0.05557953 1.2305626
v -0.24979 -0.05557953 1.792055
v -0.24978994 -0.20372619 1.2305626
v 0.04700156 -0.20372619 1.2305627
v 0.047001556 -0.05557953 1.2305627
v -0.24978995 -0.05557953 1.2305626
v 0.047001556 -0.05557953 1.2305627
v 0.047001515 -0.05557953 1.792055
v -0.24979 -0.05557953 1.792055
v -0.24978995 -0.05557953 1.2305626
v -0.24978994 -0.20372619 1.2305626
v -0.24978998 -0.20372619 1.792055
v 0.04700152 -0.20372619 1.792055
v 0.04700156 -0.20372619 1.2305627
v 0.012845127 -1.6018529 1.4575628
v 0.012845084 -1.6018527 2.0190551
v 0.012845049 -0.7576158 2.0190551
v 0.0128450915 -0.7576158 1.4575627
v 0.012845084 -1.6018527 2.0190551
v -0.28394642 -1.6018527 2.0190551
v -0.28394648 -0.7576158 2.0190551
v 0.012845049 -0.7576158 2.0190551
v -0.28394642 -1.6018527 2.0190551
v -0.2839464 -1.6018529 1.4575628
v -0.28394642 -0.7576158 1.4575627
v -0.28394648 -0.7576158 2.0190551
v -0.2839464 -1.6018529 1.4575628
v 0.012845127 -1.6018529 1.4575628
v 0.0128450915 -0.7576158 1.4575627
v -0.28394642 -0.7576158 1.4575627
v 0.0128450915 -0.7576158 1.4575627
v 0.012845049 -0.7576158 2.0190551
v -0.28394648 -0.7576158 2.0190551
v -0.28394642 -0.7576158 1.4575627
v -0.2839464 -1.6018529 1.4575628
v -0.28394642 -1.6018527 2.0190551
v 0.012845084 -1.6018527 2.0190551
v 0.012845127 -1.6018529 1.4575628
v 0.06187133 -2.5403705 1.171837
v 0.06187129 -2.5403705 1.7267812
v 0.06187128 -2.3764298 1.7267812
v 0.061871324 -2.3764298 1.171837
v 0.06187129 -2.5403705 1.7267812
v -0.054466814 -2.5403705 1.7267812
v -0.054466825 -2.3764298 1.7267812
v 0.06187128 -2.3764298 1.7267812
v -0.054466814 -2.5403705 1.7267812
v -0.05446677 -2.5403705 1.171837
v -0.05446678 -2.3764298 1.171837
v -0.054466825 -2.3764298 1.7267812
v -0.05446677 -2.5403705 1.171837
v 0.06187133 -2.5403705 1.171837
v 0.061871324 -2.3764298 1.171837
v -0.05446678 -2.3764298 1.171837
v 0.061871324 -2.3764298 1.171837
v 0.06187128 -2.3764298 1.7267812
v -0.054466825 -2.3764298 1.7267812
v -0.05446678 -2.3764298 1.171837
v -0.05446677 -2.5403705 1.171837
v -0.054466814 -2.5403705 1.7267812
v 0.06187129 -2.5403705 1.7267812
v 0.06187133 -2.5403705 1.171837
v -0.44344917 -2.408927 -0.05772247
v -0.44344923 -2.4089262 0.29050002
v -0.44344923 -1.6840357 0.29050002
v -0.44344917 -1.6840363 -0.05772247
v -0.44344923 -2.4089262 0.29050002
v -0.48844168 -2.4089262 0.29050002
v -0.48844168 -1.6840357 0.29050002
v -0.44344923 -1.6840357 0.29050002
v -0.48844168 -2.4089262 0.29050002
v -0.48844153 -2.408927 -0.05772247
v -0.48844162 -1.6840363 -0.05772247
v -0.48844168 -1.6840357 0.29050002
v -0.44344917 -1.6840363 -0.05772247
v -0.44344923 -1.6840357 0.29050002
v -0.48844168 -1.6840357 0.29050002
v -0.48844162 -1.6840363 -0.05772247
v -0.48844153 -2.408927 -0.05772247
v -0.48844168 -2.4089262 0.29050002
v -0.44344923 -2.4089262 0.29050002
v -0.44344917 -2.408927 -0.05772247
v -0.4302467 -2.1004393 0.38957885
v -0.4302469 -2.1004393 0.72996116
v -0.4302469 -1.8309835 0.7299611
v -0.4302468 -1.8309836 0.38957885
v -0.4302469 -2.1004393 0.72996116
v -0.47523934 -2.1004393 0.72996116
v -0.47523934 -1.8309835 0.7299611
v -0.4302469 -1.8309835 0.7299611
v -0.47523934 -2.1004393 0.72996116
v -0.47523916 -2.1004393 0.38957885
v -0.47523925 -1.8309836 0.38957885
v -0.47523934 -1.8309835 0.7299611
v -0.47523916 -2.1004393 0.38957885
v -0.4302467 -2.1004393 0.38957885
v -0.4302468 -1.8309836 0.38957885
v -0.47523925 -1.8309836 0.38957885
v -0.4302468 -1.8309836 0.38957885
v -0.4302469 -1.8309835 0.7299611
v -0.47523934 -1.8309835 0.7299611
v -0.47523925 -1.8309836 0.38957885
v -0.47523916 -2.1004393 0.38957885
v -0.47523934 -2.1004393 0.72996116
v -0.4302469 -2.1004393 0.72996116
v -0.4302467 -2.1004393 0.38957885
v -0.36282074 -1.8149043 0.38555548
v -0.36282074 -1.8149043 0.97598416
v -0.36282074 -1.5454485 0.9759843
v -0.36282074 -1.5454485 0.38555548
v -0.36282074 -1.8149043 0.97598416
v -0.49049202 -1.8149043 0.9759843
v -0.49049202 -1.5454485 0.9759843
v -0.36282074 -1.5454485 0.9759843
v -0.49049202 -1.8149043 0.9759843
v -0.49049193 -1.8149043 0.38555548
v -0.49049193 -1.5454485 0.38555548
v -0.49049202 -1.5454485 0.9759843
v -0.49049193 -1.8149043 0.38555548
v -0.36282074 -1.8149043 0.38555548
v -0.36282074 -1.5454485 0.38555548
v -0.49049193 -1.5454485 0.38555548
v -0.36282074 -1.5454485 0.38555548
v -0.36282074 -1.5454485 0.9759843
v -0.49049202 -1.5454485 0.9759843
v -0.49049193 -1.5454485 0.38555548
v -0.49049193 -1.8149043 0.38555548
v -0.49049202 -1.8149043 0.9759843
v -0.36282074 -1.8149043 0.97598416
v -0.36282074 -1.8149043 0.38555548
v -0.41126373 1.0625627 0.1893663
v -0.41126373 1.0625627 0.613251
v -0.4112638 1.6395817 0.613251
v -0.41126373 1.6395817 0.1893663
v -0.41126373 1.0625627 0.613251
v -0.48177373 1.0625627 0.613251
v -0.48177382 1.6395814 0.613251
v -0.4112638 1.6395817 0.613251
v -0.48177373 1.0625627 0.613251
v -0.48177373 1.0625627 0.1893663
v -0.48177373 1.6395814 0.1893663
v -0.48177382 1.6395814 0.613251
v -0.48177373 1.0625627 0.1893663
v -0.41126373 1.0625627 0.1893663
v -0.41126373 1.6395817 0.1893663
v -0.48177373 1.6395814 0.1893663
v -0.41126373 1.6395817 0.1893663
v -0.4112638 1.6395817 0.613251
v -0.48177382 1.6395814 0.613251
v -0.48177373 1.6395814 0.1893663
v -0.48177373 1.0625627 0.1893663
v -0.48177373 1.0625627 0.613251
v -0.41126373 1.0625627 0.613251
v -0.41126373 1.0625627 0.1893663
v 0.6161834 1.4473015 -0.05772247
v 0.6161833 1.4473015 1.2722782
v 0.6161832 2.6856372 1.2722781
v 0.6161833 2.6856365 -0.05772247
v 0.6161833 1.4473015 1.2722782
v -0.57521206 1.4473015 1.2722781
v -0.5752122 2.6856372 1.2722781
v 0.6161832 2.6856372 1.2722781
v -0.57521206 1.4473015 1.2722781
v -0.575212 1.4473015 -0.05772247
v -0.575212 2.6856365 -0.05772247
v -0.5752122 2.6856372 1.2722781
v 0.6161833 2.6856365 -0.05772247
v 0.6161832 2.6856372 1.2722781
v -0.5752122 2.6856372 1.2722781
v -0.575212 2.6856365 -0.05772247
v -0.575212 1.4473015 -0.05772247
v -0.57521206 1.4473015 1.2722781
v 0.6161833 1.4473015 1.2722782
v 0.6161834 1.4473015 -0.05772247
v 0.54563004 1.5197908 0.96897817
v 0.54563004 1.5197908 1.6416395
v 0.5456299 2.6131475 1.6416394
v 0.54563004 2.6131475 0.9689781
v 0.54563004 1.5197908 1.6416395
v -0.5185212 1.5197908 1.6416395
v -0.5185212 2.6131475 1.6416394
v 0.5456299 2.6131475 1.6416394
v -0.5185212 1.5197908 1.6416395
v -0.51852113 1.5197908 0.9689781
v -0.5185212 2.6131475 0.96897805
v -0.5185212 2.6131475 1.6416394
v -0.51852113 1.5197908 0.9689781
v 0.54563004 1.5197908 0.96897817
v 0.54563004 2.6131475 0.9689781
v -0.5185212 2.6131475 0.96897805
v 0.54563004 2.6131475 0.9689781
v 0.5456299 2.6131475 1.6416394
v -0.5185212 2.6131475 1.6416394
v -0.5185212 2.6131475 0.96897805
v -0.51852113 1.5197908 0.9689781
v -0.5185212 1.5197908 1.6416395
v 0.54563004 1.5197908 1.6416395
v 0.54563004 1.5197908 0.96897817
v 0.54563004 2.6131475 1.9532864
v 0.5456301 1.5197908 1.9532864
v 0.54563004 1.5197908 2.6173308
v 0.54563004 2.613147 2.1197245
v 0.5456299 2.6131475 2.6173308
v 0.5456299 2.6131475 2.6173308
v 0.54563004 1.5197908 2.6173308
v -0.5185212 1.5197908 2.6173308
v -0.51852125 2.6131475 2.6173308
v -0.51852125 2.6131475 2.6173308
v -0.5185212 1.5197908 2.6173308
v -0.51852113 1.5197908 1.9532863
v -0.5185212 2.613147 2.1197243
v -0.5185212 2.6131475 1.953286
v -0.5185212 2.6131475 1.953286
v -0.51852113 1.5197908 1.9532863
v 0.5456301 1.5197908 1.9532864
v 0.54563004 2.6131475 1.9532864
v -0.5185212 2.613147 2.1197243
v -0.5185212 2.6131475 1.953286
v 0.54563004 2.6131475 1.9532864
v 0.54563004 2.613147 2.1197245
v -0.51852125 2.6131475 2.6173308
v 0.5456299 2.6131475 2.6173308
v 0.5456301 1.5197908 1.9532864
v -0.51852113 1.5197908 1.9532863
v -0.5185212 1.5197908 2.6173308
v 0.54563004 1.5197908 2.6173308
v 0.33146957 -0.16816863 -0.057722624
v 0.33146966 -1.8246855 -0.057722624
v 0.33146966 -1.8246852 0.40363136
v 0.33146957 -0.16816817 0.4036312
v 0.37275374 -0.16816773 0.9139656
v 0.37275383 -1.824685 0.91396576
v -0.42653343 -1.824685 0.91396576
v -0.4265335 -0.16816773 0.9139656
v -0.4265335 -0.16816773 0.9139656
v -0.42653343 -1.824685 0.91396576
v -0.42653343 -1.8246853 0.45051125
v -0.4265335 -0.16816802 0.45051116
v 0.33146948 1.6090666 -0.057722624
v 0.33146948 1.6090672 0.9139654
v -0.45205116 1.6090668 0.9139654
v -0.45205116 1.6090666 -0.057722624
v 0.33146966 -1.8246855 -0.057722624
v -0.42653334 -1.8246855 -0.057722624
v -0.42653343 -1.8246853 0.4036315
v 0.33146966 -1.8246852 0.40363136
v -0.08436872 0.73221815 1.2585626
v -0.08436876 0.73221815 1.6640649
v -0.0843688 1.6719084 1.6640649
v -0.08436876 1.6719084 1.2585623
v -0.08436876 0.73221815 1.6640649
v -0.38116026 0.73221815 1.6640649
v -0.38116026 1.6719084 1.6640648
v -0.0843688 1.6719084 1.6640649
v -0.38116026 0.73221815 1.6640649
v -0.3811602 0.73221815 1.2585624
v -0.38116026 1.6719084 1.2585623
v -0.38116026 1.6719084 1.6640648
v -0.3811602 0.73221815 1.2585624
v -0.08436872 0.73221815 1.2585626
v -0.08436876 1.6719084 1.2585623
v -0.38116026 1.6719084 1.2585623
v -0.08436876 1.6719084 1.2585623
v -0.0843688 1.6719084 1.6640649
v -0.38116026 1.6719084 1.6640648
v -0.38116026 1.6719084 1.2585623
v -0.3811602 0.73221815 1.2585624
v -0.38116026 0.73221815 1.6640649
v -0.08436876 0.73221815 1.6640649
v -0.08436872 0.73221815 1.2585626
v 0.37861145 0.8211629 -0.05772232
v 0.3786112 0.8211629 2.2794013
v 0.3786112 1.6375728 2.2794013
v 0.37861136 1.6375728 -0.05772232
v 0.3786112 0.8211629 2.2794013
v -0.2799863 0.8211629 2.2794013
v -0.27998632 1.6375728 2.2794013
v 0.3786112 1.6375728 2.2794013
v -0.2799863 0.8211629 2.2794013
v -0.27998617 0.8211629 -0.05772232
v -0.2799862 1.6375728 -0.05772232
v -0.27998632 1.6375728 2.2794013
v 0.37861136 1.6375728 -0.05772232
v 0.3786112 1.6375728 2.2794013
v -0.27998632 1.6375728 2.2794013
v -0.2799862 1.6375728 -0.05772232
v -0.27998617 0.8211629 -0.05772232
v -0.2799863 0.8211629 2.2794013
v 0.3786112 0.8211629 2.2794013
v 0.37861145 0.8211629 -0.05772232
v 0.48890135 1.545746 -0.05772232
v 0.4889012 1.5457463 2.4876087
v 0.48890114 2.5871923 2.4876087
v 0.4889013 2.5871918 -0.05772232
v 0.4889012 1.5457463 2.4876087
v -0.46179253 1.5457463 2.4876087
v -0.46179253 2.5871923 2.4876087
v 0.48890114 2.5871923 2.4876087
v -0.46179253 1.5457463 2.4876087
v -0.4617923 1.545746 -0.05772232
v -0.4617923 2.5871918 -0.05772232
v -0.46179253 2.5871923 2.4876087
v 0.4889013 2.5871918 -0.05772232
v 0.48890114 2.5871923 2.4876087
v -0.46179253 2.5871923 2.4876087
v -0.4617923 2.5871918 -0.05772232
v -0.4617923 1.545746 -0.05772232
v -0.46179253 1.5457463 2.4876087
v 0.4889012 1.5457463 2.4876087
v 0.48890135 1.545746 -0.05772232
v 0.2826481 -1.5882632 -0.05772247
v 0.282648 -1.5882623 2.2349932
v 0.28264788 0.92026657 2.234993
v 0.282648 0.9202659 -0.05772247
v 0.282648 -1.5882623 2.2349932
v -0.2318915 -1.5882623 2.2349932
v -0.23189163 0.92026657 2.234993
v 0.28264788 0.92026657 2.234993
v -0.2318915 -1.5882623 2.2349932
v -0.2318913 -1.5882632 -0.05772247
v -0.23189142 0.9202659 -0.05772247
v -0.23189163 0.92026657 2.234993
v 0.282648 0.9202659 -0.05772247
v 0.28264788 0.92026657 2.234993
v -0.23189163 0.92026657 2.234993
v -0.23189142 0.9202659 -0.05772247
v -0.2318913 -1.5882632 -0.05772247
v -0.2318915 -1.5882623 2.2349932
v 0.282648 -1.5882623 2.2349932
v 0.2826481 -1.5882632 -0.05772247
v 0.05311623 -2.7122142 0.23083687
v 0.053116187 -2.7122142 0.7857811
v 0.053116173 -2.3512545 0.7857811
v 0.053116217 -2.3512545 0.2308368
v 0.053116187 -2.7122142 0.7857811
v -0.30582535 -2.7122142 0.7857811
v -0.30582535 -2.3512545 0.7857811
v 0.053116173 -2.3512545 0.7857811
v -0.30582535 -2.7122142 0.7857811
v -0.3058253 -2.7122142 0.23083687
v -0.3058253 -2.3512545 0.2308368
v -0.30582535 -2.3512545 0.7857811
v -0.3058253 -2.7122142 0.23083687
v 0.05311623 -2.7122142 0.23083687
v 0.053116217 -2.3512545 0.2308368
v -0.3058253 -2.3512545 0.2308368
v 0.053116217 -2.3512545 0.2308368
v 0.053116173 -2.3512545 0.7857811
v -0.30582535 -2.3512545 0.7857811
v -0.3058253 -2.3512545 0.2308368
v -0.3058253 -2.7122142 0.23083687
v -0.30582535 -2.7122142 0.7857811
v 0.053116187 -2.7122142 0.7857811
v 0.05311623 -2.7122142 0.23083687
v 0.18636025 -2.5866513 0.44858307
v 0.1863603 -2.7410855 1.0720352
v 0.18636025 -2.741085 0.44858307
v 0.1863603 -2.5866516 1.0720352
v 0.1863603 -2.7410855 1.1560899
v 0.1863603 -2.5866516 1.1560899
v 0.1863603 -2.5866516 1.1560899
v 0.41807836 -2.5866513 1.1560899
v 0.41807836 -2.7410855 1.1560899
v 0.1863603 -2.7410855 1.1560899
v 0.57416844 -2.5866513 1.0720351
v 0.5741684 -2.5866513 0.44858298
v 0.5741684 -2.741085 0.44858298
v 0.57416844 -2.7410855 1.0720351
v 0.5741684 -2.5866513 0.44858298
v 0.18636025 -2.5866513 0.44858307
v 0.18636025 -2.741085 0.44858307
v 0.5741684 -2.741085 0.44858298
v 0.18636025 -2.741085 0.44858307
v 0.57416844 -2.7410855 1.0720351
v 0.5741684 -2.741085 0.44858298
v 0.1863603 -2.7410855 1.0720352
v 0.41807836 -2.7410855 1.1560899
v 0.1863603 -2.7410855 1.1560899
v 0.5741684 -2.5866513 0.44858298
v 0.1863603 -2.5866516 1.0720352
v 0.18636025 -2.5866513 0.44858307
v 0.57416844 -2.5866513 1.0720351
v 0.1863603 -2.5866516 1.1560899
v 0.41807836 -2.5866513 1.1560899
v 0.57416844 -2.7410855 1.0720351
v 0.41807836 -2.7410855 1.1560899
v 0.41807836 -2.5866513 1.1560899
v 0.57416844 -2.5866513 1.0720351
v 0.52510923 -2.3450162 0.20853561
v 0.5251093 -2.692157 0.20853576
v 0.52510923 -2.692157 1.970628
v 0.5251092 -2.3450162 1.9706279
v 0.5251092 -2.3450162 2.127355
v 0.5251092 -2.692157 2.127355
v 0.5251091 -2.3450162 2.3040824
v 0.5251092 -2.692157 2.3040824
v 0.5251092 -2.692157 2.3040824
v 0.018791458 -2.692157 2.3040824
v 0.018791465 -2.3489563 2.3040824
v 0.5251091 -2.3450162 2.3040824
v 0.018791465 -2.3489563 2.3040824
v 0.018791458 -2.692157 2.3040824
v 0.018554267 -2.692157 2.127355
v 0.018791465 -2.3489563 2.127355
v 0.018965434 -2.3489563 1.9706279
v 0.018791458 -2.4791842 1.9706279
v 0.41901174 -2.6721568 0.20853576
v 0.040912237 -2.6721568 0.20853569
v 0.04091215 -2.6721568 1.9706279
v 0.41901168 -2.6721568 1.970628
v 0.31806 -2.6721568 2.127355
v 0.040912114 -2.6721568 2.127355
v 0.33146948 1.6090666 -0.057722624
v 0.33146957 -0.12222168 -0.057722624
v 0.33146957 -0.122220606 0.9139656
v 0.33146948 1.6090672 0.9139654
v 0.33146948 1.6090672 0.9139654
v 0.33146957 -0.122220606 0.9139656
v -0.45205107 -0.12222076 0.9139656
v -0.45205116 1.6090668 0.9139654
v -0.45205116 1.6090668 0.9139654
v -0.45205107 -0.12222076 0.9139656
v -0.45205107 -0.12222183 -0.057722624
v -0.45205116 1.6090666 -0.057722624
v 0.37275374 -0.16816773 0.9139656
v 0.37275368 -0.16816817 0.45051086
v 0.37275383 -1.8246853 0.45051092
v 0.37275383 -1.824685 0.91396576
v -0.4265335 -0.16816863 -0.057722624
v -0.42653343 -0.16816817 0.40363136
v -0.42653343 -1.8246853 0.4036315
v -0.42653334 -1.8246855 -0.057722624
v 0.37275383 -1.824685 0.91396576
v 0.37275383 -1.8246853 0.45051092
v -0.42653343 -1.8246853 0.45051125
v -0.42653343 -1.824685 0.91396576
v -0.45205107 -0.12222076 0.9139656
v 0.33146957 -0.122220606 0.9139656
v 0.33146957 -0.12222168 -0.057722624
v -0.45205107 -0.12222183 -0.057722624
v 0.37275368 -0.16816817 0.45051086
v 0.37275374 -0.16816773 0.9139656
v -0.4265335 -0.16816773 0.9139656
v -0.4265335 -0.16816802 0.45051116
v 0.37275383 -1.8246853 0.45051092
v 0.37275368 -0.16816817 0.45051086
v -0.4265335 -0.16816802 0.45051116
v -0.42653343 -1.8246853 0.45051125
v -0.4265335 -0.16816863 -0.057722624
v 0.33146957 -0.16816863 -0.057722624
v 0.33146957 -0.16816817 0.4036312
v -0.42653343 -0.16816817 0.40363136
v -0.42653343 -1.8246853 0.4036315
v -0.42653343 -0.16816817 0.40363136
v 0.33146957 -0.16816817 0.4036312
v 0.33146966 -1.8246852 0.40363136
v -0.43857658 2.8143702 0.692473
v -0.43857658 2.8143702 0.3603765
v -0.4385765 2.1236842 0.3603765
v -0.43857658 2.1236842 0.69247305
v -0.6154901 2.8143702 -0.057722624
v -0.6154902 2.8143702 0.3320671
v -0.6154901 2.1236842 0.3320671
v -0.61549 2.1236842 -0.057722624
v -0.61549026 2.8143702 0.692473
v -0.6154902 2.8143702 0.36037642
v -0.43857658 2.8143702 0.3603765
v -0.43857658 2.8143702 0.692473
v -0.43857658 2.1236842 0.69247305
v -0.4385765 2.1236842 0.3603765
v -0.6154901 2.1236842 0.36037642
v -0.61549026 2.1236842 0.69247305
v -0.6154902 2.8143702 0.3320671
v -0.43857658 2.8143702 0.3320672
v -0.4385765 2.1236842 0.3320672
v -0.6154901 2.1236842 0.3320671
v -0.43857658 2.8143702 0.3603765
v -0.6154902 2.8143702 0.36037642
v -0.6154901 2.1236842 0.36037642
v -0.4385765 2.1236842 0.3603765
v -0.21425004 1.5116755 1.9494866
v -0.21425004 1.5116752 2.1255865
v -0.21425004 1.7836632 2.1255865
v -0.21425004 1.8647431 1.9494866
v -0.21425004 1.8647423 2.0445075
v -0.5494082 1.8647431 1.9494864
v -0.5494081 1.5116755 1.9494864
v -0.21425004 1.5116755 1.9494866
v -0.21425004 1.8647431 1.9494866
v -0.21425004 1.5116755 1.9494866
v -0.5494081 1.5116755 1.9494864
v -0.5494082 1.5116752 2.1255863
v -0.21425004 1.5116752 2.1255865
v -0.5494082 1.7836632 2.1255863
v -0.5494082 1.5116752 2.1255863
v -0.5494081 1.5116755 1.9494864
v -0.5494082 1.8647431 1.9494864
v -0.5494082 1.8647423 2.044507
v -0.5494082 1.8647431 1.9494864
v -0.21425004 1.8647431 1.9494866
v -0.21425004 1.8647423 2.0445075
v -0.5494082 1.8647423 2.044507
v -0.5494082 1.5116752 2.1255863
v -0.5494082 1.7836632 2.1255863
v -0.21425004 1.7836632 2.1255865
v -0.21425004 1.5116752 2.1255865
v -0.5494082 1.7836632 2.1255863
v -0.5494082 1.8647423 2.044507
v -0.21425004 1.8647423 2.0445075
v -0.21425004 1.7836632 2.1255865
v -0.44513243 -1.5893055 -0.05772247
v -0.44513258 -1.589305 1.0652121
v -0.44513252 -1.7494564 1.0652121
v -0.44513243 -1.7494568 -0.05772247
v -0.4651326 -1.569305 1.9709045
v -0.4651326 -1.5693051 1.0652121
v 0.44363526 -1.5693051 1.0652119
v 0.44363526 -1.5693048 1.9709045
v -0.46513265 -1.5693048 2.2806678
v 0.44363526 -1.5693048 2.2806678
v 0.4436353 -2.460579 1.9709045
v 0.4436353 -2.4605792 1.0652119
v -0.4651325 -2.4605792 1.065212
v -0.4651326 -2.460579 1.9709045
v -0.49955404 -1.5308539 1.8308755
v -0.4995539 -1.5308539 1.2074233
v -0.2870805 -1.5308539 1.2074233
v -0.28708088 -1.5308539 1.8308755
v -0.4995539 -1.5308539 1.1233686
v -0.28708073 -1.6983215 1.1233686
v -0.2870805 -1.5308539 1.1233686
v -0.4995539 -1.6983215 1.1233686
v -0.28708073 -1.843784 1.2074234
v -0.4995539 -1.843784 1.2074234
v -0.4995539 -1.843784 1.2074234
v -0.49955404 -1.843784 1.8308755
v -0.28708088 -1.843784 1.8308755
v -0.28708073 -1.843784 1.2074234
v -0.49955404 -1.843784 1.8308755
v -0.49955404 -1.5308539 1.8308755
v -0.28708088 -1.5308539 1.8308755
v -0.28708088 -1.843784 1.8308755
v -0.28708088 -1.5308539 1.8308755
v -0.2870805 -1.5308539 1.2074233
v -0.28708073 -1.843784 1.2074234
v -0.28708088 -1.843784 1.8308755
v -0.2870805 -1.5308539 1.2074233
v -0.28708073 -1.6983215 1.1233686
v -0.2870805 -1.5308539 1.1233686
v -0.49955404 -1.843784 1.8308755
v -0.4995539 -1.5308539 1.2074233
v -0.49955404 -1.5308539 1.8308755
v -0.4995539 -1.843784 1.2074234
v -0.4995539 -1.5308539 1.1233686
v -0.4995539 -1.6983215 1.1233686
v -0.4995539 -1.5308539 1.2074233
v -0.4995539 -1.5308539 1.1233686
v -0.2870805 -1.5308539 1.1233686
v -0.2870805 -1.5308539 1.2074233
v 0.42363533 -1.5893055 -0.05772247
v 0.42363533 -1.7494568 -0.05772247
v 0.42363524 -1.7494563 1.0652119
v 0.42363524 -1.589305 1.0652119
v -0.46513236 -2.4605799 -0.05772247
v -0.46513245 -1.7494568 -0.05772247
v -0.4651325 -1.7494564 1.0652121
v -0.4651325 -2.4605792 1.065212
v -0.4651326 -2.460579 1.9709045
v -0.4651326 -2.1507256 1.9709045
v -0.4651326 -1.5693051 1.0652121
v -0.46513265 -2.1507256 2.2806678
v -0.4651326 -1.569305 1.9709045
v -0.46513265 -1.5693048 2.2806678
v -0.46513245 -1.7494568 -0.05772247
v -0.44513243 -1.7494568 -0.05772247
v -0.44513252 -1.7494564 1.0652121
v -0.4651325 -1.7494564 1.0652121
v -0.4651325 -1.7494564 1.0652121
v -0.44513252 -1.7494564 1.0652121
v -0.44513258 -1.589305 1.0652121
v -0.4651326 -1.5693051 1.0652121
v 0.42363524 -1.589305 1.0652119
v 0.44363526 -1.5693051 1.0652119
v 0.42363524 -1.7494563 1.0652119
v 0.44363526 -1.7494563 1.0652119
v 0.44363526 -1.7494563 1.0652119
v 0.42363524 -1.7494563 1.0652119
v 0.42363533 -1.7494568 -0.05772247
v 0.4436353 -1.7494568 -0.05772247
v 0.04091215 -2.4598448 1.9706279
v 0.040912114 -2.6721568 2.127355
v 0.04091215 -2.6721568 1.9706279
v 0.040912226 -2.3499036 0.20853561
v 0.040912237 -2.6721568 0.20853569
v 0.5251093 -2.692157 0.20853576
v 0.41901174 -2.692157 0.20853576
v 0.41901168 -2.692157 1.970628
v 0.52510923 -2.692157 1.970628
v 0.5251092 -2.692157 2.127355
v 0.31806 -2.692157 2.127355
v 0.5251092 -2.692157 2.3040824
v 0.018554267 -2.692157 2.127355
v 0.018791458 -2.692157 2.3040824
v 0.04091215 -2.3499036 1.9706279
v 0.018965434 -2.3489563 1.9706279
v 0.018791458 -2.4791842 1.9706279
v 0.04091215 -2.4598448 1.9706279
v 0.018554267 -2.692157 2.127355
v 0.040912114 -2.6721568 2.127355
v 0.31806 -2.692157 2.127355
v 0.31806 -2.6721568 2.127355
v 0.31806 -2.6721568 2.127355
v 0.31806 -2.692157 2.127355
v 0.41901168 -2.692157 1.970628
v 0.41901168 -2.6721568 1.970628
v 0.41901174 -2.692157 0.20853576
v 0.41901174 -2.6721568 0.20853576
v 0.04091215 -2.3499036 1.9706279
v 0.040912226 -2.3499036 0.20853561
v 0.52510923 -2.3450162 0.20853561
v 0.5251092 -2.3450162 1.9706279
v 0.5251091 -2.3450162 2.3040824
v 0.018791465 -2.3489563 2.3040824
v 0.018791465 -2.3489563 2.127355
v 0.5251092 -2.3450162 2.127355
v 0.04091215 -2.3499036 1.9706279
v 0.5251092 -2.3450162 1.9706279
v 0.018965434 -2.3489563 1.9706279
v 0.040912226 -2.3499036 0.20853561
v 0.040912237 -2.6721568 0.20853569
v 0.41901174 -2.6721568 0.20853576
v 0.52510923 -2.3450162 0.20853561
v 0.5251093 -2.692157 0.20853576
v 0.52510923 -2.3450162 0.20853561
v 0.41901174 -2.6721568 0.20853576
v 0.41901174 -2.692157 0.20853576
v -0.297291 -0.70322704 -0.05772476
v -0.29729104 -0.70322704 0.06700325
v -0.29729107 0.31905365 0.067003176
v -0.29729104 0.31905365 -0.05772476
v -0.29729104 -0.70322704 0.06700325
v -0.49354056 -0.70322704 0.067003176
v -0.49354056 0.31905365 0.06700309
v -0.29729107 0.31905365 0.067003176
v -0.49354056 -0.70322704 0.067003176
v -0.4935404 -0.70322704 -0.05772476
v -0.4935405 0.31905365 -0.05772476
v -0.49354056 0.31905365 0.06700309
v -0.29729104 0.31905365 -0.05772476
v -0.29729107 0.31905365 0.067003176
v -0.49354056 0.31905365 0.06700309
v -0.4935405 0.31905365 -0.05772476
v -0.4935404 -0.70322704 -0.05772476
v -0.49354056 -0.70322704 0.067003176
v -0.29729104 -0.70322704 0.06700325
v -0.297291 -0.70322704 -0.05772476
v 0.44363526 -1.7494562 1.9709045
v -0.4651326 -2.460579 1.9709045
v -0.46513265 -2.1507256 2.2806678
v 0.44363526 -1.5693048 2.2806678
v 0.40047896 -1.6152314 2.5165262
v 0.40047905 -2.4137926 2.5165262
v -0.41375616 -2.4137926 2.5165262
v -0.41375625 -1.6152316 2.5165262
v -0.41375616 -2.136171 2.2389853
v -0.41375616 -1.6152316 2.2389853
v -0.41375625 -1.6152316 2.5165262
v -0.41375616 -2.4137926 2.5165262
v -0.41375616 -2.4137928 2.2389853
v -0.41375616 -2.413793 1.9614446
v 0.40047905 -2.4137926 2.2389853
v 0.40047905 -2.4137928 1.9614446
v -0.41375616 -2.413793 1.9614446
v -0.41375616 -2.4137928 2.2389853
v 0.40047905 -2.4137926 2.5165262
v -0.41375616 -2.4137926 2.5165262
v 0.40047896 -1.6152316 2.2389853
v 0.40047905 -2.4137926 2.5165262
v 0.40047896 -1.6152314 2.5165262
v 0.40047905 -2.4137926 2.2389853
v 0.40047905 -2.4137928 1.9614446
v 0.40047896 -1.776643 1.9614446
v -0.41375625 -1.6152316 2.5165262
v -0.41375616 -1.6152316 2.2389853
v 0.40047896 -1.6152316 2.2389853
v 0.40047896 -1.6152314 2.5165262
v 0.15248983 -2.6752977 1.5865273
v 0.03882265 -2.6752977 1.5865273
v 0.03882265 -2.6752977 1.6291695
v 0.15248975 -2.6752977 1.6291695
v 0.03882265 -2.6410897 1.5865273
v 0.03882265 -2.6411295 1.6291695
v 0.03882265 -2.6752977 1.6291695
v 0.03882265 -2.6752977 1.5865273
v 0.34026703 -2.706055 1.1286931
v 0.2920243 -2.706055 1.1286931
v 0.2920243 -2.706055 1.1560899
v 0.34026694 -2.706055 1.1560899
v -0.4153749 -2.1558623 2.2847126
v -0.41537496 -2.1558623 2.4671173
v -0.41537496 -2.2308633 2.4671173
v -0.4153749 -2.2308633 2.2847126
v -0.4695733 -2.0881877 0.45118734
v -0.46957335 -2.0881877 0.67713445
v -0.46957335 -2.2297804 0.67713445
v -0.4695733 -2.2297804 0.45118734
v -0.37519217 1.2828224 0.9365218
v -0.37519217 1.2828224 1.0156882
v -0.37519217 1.1378343 1.0156882
v -0.37519217 1.0681038 0.9365218
v -0.37519217 1.1270427 1.026664
v -0.37519225 1.0681038 1.0552542
v -0.37519225 1.1270427 1.0552542
v -0.45213264 1.3450642 0.59338844
v -0.45213264 1.3450642 0.72965133
v -0.45213264 1.2890358 0.72965133
v -0.45213264 1.2890358 0.59338844
v -0.6179641 2.5251036 -0.014167251
v -0.6179641 2.5251036 0.1853762
v -0.6179641 2.481456 0.1853762
v -0.6179641 2.481456 -0.014167251
v 0.2909533 -2.6743915 1.3016893
v 0.4068 -2.6743915 1.3016893
v 0.4068 -2.6743915 1.2029246
v 0.23523778 -2.6743915 1.2029246
v 0.2823305 -2.6743915 1.3104589
v 0.23523782 -2.674391 1.4611422
v 0.28233057 -2.6743915 1.4611422
v -0.46492705 2.4342213 1.8561676
v -0.46492705 2.4342213 1.9720144
v -0.46492705 2.3354566 1.9720144
v -0.46492705 2.3354566 1.8004519
v -0.46492705 2.442991 1.8475448
v -0.46492705 2.5936742 1.8004519
v -0.46492705 2.5936742 1.8475448
v -0.5511018 1.7380598 1.9563128
v -0.5511018 1.7380598 2.0410287
v -0.5511018 1.6944124 2.0410287
v -0.5511018 1.6944124 1.9563128
v -0.46489134 2.6904888 1.1299928
v -0.5785586 2.6904888 1.1299928
v -0.5785586 2.6904888 1.0774498
v -0.46489164 2.6904888 1.0774498
v -0.46489134 2.6904888 1.0249069
v -0.5785586 2.6904888 1.0249069
v -0.5785586 2.6904888 1.1299928
v -0.5785586 2.613288 1.1299928
v -0.5785586 2.6132977 1.0774498
v -0.5785586 2.6904888 1.0774498
v -0.5785586 2.6904888 1.0249069
v -0.5785586 2.613308 1.0249069
v -0.5785586 2.5361273 1.0249069
v -0.5785586 2.5361073 1.0774498
v -0.28265196 1.5174763 1.989303
v -0.28265196 1.4402956 1.989303
v -0.28265196 1.440306 1.9763366
v -0.28265196 1.5174965 1.9763366
vt 0.37776262 0.73398477
vt 0.37776262 0.7164616
vt 0.057747483 0.73398477
vt 0.11294007 0.3990348
vt 0.084151685 0.39903474
vt 0.11294007 0.4233728
vt 0.11294007 0.42953843
vt 0.084151685 0.40963942
vt 0.084151685 0.42953843
vt 0.22034273 0.7767372
vt 0.1776307 0.7767372
vt 0.1776307 0.80061966
vt 0.22034273 0.80061966
vt 0.22034273 0.8125609
vt 0.1776307 0.8125609
vt 0.26305476 0.8125609
vt 0.26305476 0.80061966
vt 0.26305476 0.8185316
vt 0.59672207 0.5104405
vt 0.9143053 0.5104405
vt 0.9143053 0.6937362
vt 0.59672207 0.69373626
vt 0.9619509 0.5610358
vt 0.9116279 0.5610358
vt 0.9116279 0.62001944
vt 0.9619509 0.62001944
vt 0.1776307 0.7767372
vt 0.1776307 0.82450217
vt 0.26305476 0.82450217
vt 0.26305476 0.7767372
vt 0.036550354 0.43255264
vt 0.013212563 0.43255264
vt 0.013212563 0.44334108
vt 0.036550354 0.44334108
vt 0.18860722 0.51747656
vt 0.017021164 0.51747656
vt 0.017021164 0.6524711
vt 0.18860722 0.6524715
vt 0.96588814 0.51044166
vt 0.96588814 0.60297847
vt 0.5619475 0.60297847
vt 0.5619475 0.51044166
vt 0.5619475 0.51044166
vt 0.5619475 0.60297847
vt 0.96588814 0.6029785
vt 0.96588814 0.51044166
vt 0.1776307 0.7767372
vt 0.1776307 0.82450217
vt 0.26305476 0.82450217
vt 0.26305476 0.7767372
vt 0.060341846 0.40500474
vt 0.049577985 0.40500474
vt 0.049577985 0.42970884
vt 0.060341846 0.42970884
vt 0.38086453 0.6766907
vt 0.25077948 0.6766907
vt 0.25077948 0.85263896
vt 0.38086453 0.85263884
vt 0.1776307 0.7767372
vt 0.1776307 0.82450217
vt 0.26305476 0.82450217
vt 0.26305476 0.7767372
vt 0.80976784 0.6642556
vt 0.80976784 0.7875105
vt 0.6234621 0.7875105
vt 0.62346214 0.6642556
vt 0.25077948 0.6766907
vt 0.38086453 0.6766907
vt 0.38086453 0.6766907
vt 0.25077948 0.6766907
vt 0.1776307 0.7767372
vt 0.1776307 0.82450217
vt 0.26305476 0.82450217
vt 0.26305476 0.7767372
vt 0.06872245 0.40695304
vt 0.05795859 0.40695304
vt 0.05795857 0.4551019
vt 0.06872245 0.4551019
vt 0.48644388 0.8447855
vt 0.48644388 0.7147004
vt 0.14351669 0.7147004
vt 0.14351669 0.8447855
vt 0.1776307 0.7767372
vt 0.1776307 0.82450217
vt 0.26305476 0.82450217
vt 0.26305476 0.7767372
vt 0.14351669 0.7147004
vt 0.14351669 0.8447855
vt 0.14351669 0.8447855
vt 0.14351669 0.7147004
vt 0.6234621 0.6642556
vt 0.6234621 0.78751045
vt 0.80976784 0.78751045
vt 0.80976784 0.6642556
vt 0.1776307 0.7767372
vt 0.1776307 0.82450217
vt 0.26305476 0.82450217
vt 0.26305476 0.7767372
vt 0.11470691 0.44442743
vt 0.10394303 0.44442743
vt 0.10394303 0.4624421
vt 0.11470691 0.4624421
vt 0.2510813 0.60352874
vt 0.19578548 0.60352874
vt 0.19578548 0.8289454
vt 0.2510813 0.8289454
vt 0.1776307 0.7767372
vt 0.1776307 0.82450217
vt 0.26305476 0.82450217
vt 0.26305476 0.7767372
vt 0.80088353 0.66627693
vt 0.80088353 0.6960981
vt 0.6145777 0.6960981
vt 0.6145778 0.6662769
vt 0.61457783 0.66627693
vt 0.6145778 0.69609815
vt 0.80088353 0.69609815
vt 0.80088353 0.66627693
vt 0.1776307 0.7767372
vt 0.1776307 0.82450217
vt 0.26305476 0.82450217
vt 0.26305476 0.7767372
vt 0.06128173 0.43267852
vt 0.05051789 0.43267852
vt 0.05051787 0.44196075
vt 0.06128173 0.44196075
vt 0.14725073 0.8255329
vt 0.02844489 0.8255327
vt 0.02844489 0.8916427
vt 0.14725073 0.8916428
vt 0.7794817 0.5104388
vt 0.7794816 0.6230066
vt 0.5931759 0.6230066
vt 0.5931759 0.5104388
vt 0.59317595 0.51043886
vt 0.5931759 0.62300664
vt 0.77948165 0.62300664
vt 0.7794817 0.5104388
vt 0.1776307 0.7767372
vt 0.1776307 0.82450217
vt 0.26305476 0.82450217
vt 0.26305476 0.7767372
vt 0.05868459 0.4447866
vt 0.049914766 0.4447866
vt 0.049914766 0.4508167
vt 0.05868459 0.4508167
vt 0.4024186 0.9141848
vt 0.020066142 0.91418505
vt 0.020066142 0.98963904
vt 0.4024186 0.98963904
vt 0.020066142 0.91418505
vt 0.020066038 0.91418505
vt 0.020066038 0.98963904
vt 0.020066142 0.98963904
vt 0.7264793 0.55434316
vt 0.72647923 0.76054686
vt 0.5746872 0.76054686
vt 0.5746872 0.55434316
vt 0.50734717 0.63392687
vt 0.50734717 0.84013057
vt 0.58521307 0.84013057
vt 0.58521307 0.63392687
vt 0.1776307 0.7767372
vt 0.1776307 0.82450217
vt 0.26305476 0.82450217
vt 0.26305476 0.7767372
vt 0.02271016 0.44512647
vt 0.018998764 0.44512647
vt 0.018998764 0.45407397
vt 0.02271016 0.45407397
vt 0.46379015 0.7844091
vt 0.27540222 0.7844091
vt 0.27540222 0.8963681
vt 0.46379015 0.8963681
vt 0.1776307 0.7767372
vt 0.1776307 0.82450217
vt 0.26305476 0.82450217
vt 0.26305476 0.7767372
vt 0.64812595 0.725722
vt 0.64812595 0.8273202
vt 0.58388716 0.8273202
vt 0.58388716 0.725722
vt 0.5120666 0.8053057
vt 0.51206654 0.9069039
vt 0.5450196 0.9069039
vt 0.5450196 0.8053057
vt 0.1776307 0.7767372
vt 0.1776307 0.82450217
vt 0.26305476 0.82450217
vt 0.26305476 0.7767372
vt 0.029959168 0.444708
vt 0.020793851 0.444708
vt 0.020793851 0.44861978
vt 0.029959168 0.44861978
vt 0.2331379 0.7730686
vt 0.2331379 0.7232507
vt 0.20527792 0.7232507
vt 0.20527792 0.7730686
vt 0.1776307 0.7767372
vt 0.1776307 0.82450217
vt 0.26305476 0.82450217
vt 0.26305476 0.7767372
vt 0.71597487 0.7164399
vt 0.71597487 0.763642
vt 0.55733794 0.763642
vt 0.55733794 0.71643984
vt 0.55733794 0.7164399
vt 0.55733794 0.763642
vt 0.7159749 0.7636421
vt 0.7159749 0.7164399
vt 0.1776307 0.7767372
vt 0.1776307 0.82450217
vt 0.26305476 0.82450217
vt 0.26305476 0.7767372
vt 0.059643317 0.42265946
vt 0.05855907 0.42265946
vt 0.05855907 0.43040884
vt 0.059643317 0.43040884
vt 0.087641954 0.6952648
vt 0.087641954 0.59329164
vt 0.032449543 0.59329164
vt 0.032449543 0.6952648
vt 0.087641954 0.59329164
vt 0.087641954 0.59329164
vt 0.032449543 0.59329164
vt 0.032449543 0.59329164
vt 0.5588782 0.59330446
vt 0.5588782 0.68992335
vt 0.5401109 0.68992335
vt 0.5401109 0.59330446
vt 0.1776307 0.7767372
vt 0.1776307 0.82450217
vt 0.26305476 0.82450217
vt 0.26305476 0.7767372
vt 0.26305476 0.7767372
vt 0.1776307 0.7767372
vt 0.1776307 0.7996434
vt 0.26305476 0.7996434
vt 0.017769631 0.43477285
vt 0.014033201 0.43477285
vt 0.014033201 0.4502296
vt 0.017769631 0.4502296
vt 0.25500214 0.9646226
vt 0.36508822 0.9646226
vt 0.36508822 0.9043102
vt 0.25500214 0.9043102
vt 0.53444666 0.51043445
vt 0.59911853 0.51043445
vt 0.59911853 0.56758004
vt 0.53444666 0.56758004
vt 0.26305476 0.7767372
vt 0.1776307 0.7767372
vt 0.1776307 0.7996434
vt 0.26305476 0.7996434
vt 0.1776307 0.7767372
vt 0.1776307 0.82450217
vt 0.26305476 0.82450217
vt 0.26305476 0.7767372
vt 0.05217098 0.4328686
vt 0.051124316 0.4328686
vt 0.051124316 0.44443887
vt 0.05217098 0.44443887
vt 0.37762344 0.9135951
vt 0.37762344 0.8151583
vt 0.29521757 0.8151583
vt 0.29521757 0.913595
vt 0.73692137 0.60706925
vt 0.73692137 0.59986174
vt 0.66172326 0.59986174
vt 0.66172326 0.60706925
vt 0.5523097 0.57278216
vt 0.5523097 0.6660503
vt 0.53419334 0.6660503
vt 0.53419334 0.57278216
vt 0.53419334 0.57278216
vt 0.53419334 0.6660503
vt 0.5523097 0.6660503
vt 0.55230975 0.57278216
vt 0.1776307 0.7767372
vt 0.1776307 0.82450217
vt 0.26305476 0.82450217
vt 0.26305476 0.7767372
vt 0.022745293 0.42469144
vt 0.021660998 0.42469144
vt 0.021660998 0.42884457
vt 0.022745293 0.42884457
vt 0.20776084 0.7067063
vt 0.20776084 0.60473317
vt 0.17818144 0.60473317
vt 0.17818144 0.7067063
vt 0.20776084 0.60473317
vt 0.20776084 0.60473317
vt 0.17818144 0.60473317
vt 0.17818144 0.60473317
vt 0.55887824 0.6041452
vt 0.55887824 0.7007641
vt 0.5401109 0.7007641
vt 0.540111 0.6041452
vt 0.1776307 0.7767372
vt 0.1776307 0.82450217
vt 0.26305476 0.82450217
vt 0.26305476 0.7767372
vt 0.1776307 0.7767372
vt 0.1776307 0.82450217
vt 0.26305476 0.82450217
vt 0.26305476 0.7767372
vt 0.028435808 0.42462182
vt 0.022167549 0.42462182
vt 0.022167549 0.42793715
vt 0.028435808 0.42793715
vt 0.47861558 0.8506017
vt 0.2994601 0.8506019
vt 0.2994601 0.8920865
vt 0.47861558 0.8920865
vt 0.1776307 0.7767372
vt 0.1776307 0.82450217
vt 0.26305476 0.82450217
vt 0.26305476 0.7767372
vt 0.77662456 0.7221889
vt 0.77662456 0.81880784
vt 0.66813064 0.81880784
vt 0.66813064 0.7221889
vt 0.66813064 0.7221889
vt 0.66813064 0.81880784
vt 0.77662456 0.81880784
vt 0.77662456 0.7221889
vt 0.1776307 0.7767372
vt 0.1776307 0.82450217
vt 0.26305476 0.82450217
vt 0.26305476 0.7767372
vt 0.022887312 0.385185
vt 0.016619053 0.385185
vt 0.016619053 0.404078
vt 0.022887312 0.404078
vt 0.48450676 0.84341913
vt 0.38253358 0.84341913
vt 0.38253358 0.97797924
vt 0.48450676 0.9779791
vt 0.1776307 0.7767372
vt 0.1776307 0.82450217
vt 0.26305476 0.82450217
vt 0.26305476 0.7767372
vt 0.76413846 0.7612501
vt 0.76413846 0.85786897
vt 0.65564454 0.85786897
vt 0.65564454 0.76125
vt 0.38253358 0.84341913
vt 0.48450676 0.84341913
vt 0.48450676 0.84341913
vt 0.38253358 0.84341913
vt 0.1776307 0.7767372
vt 0.1776307 0.82450217
vt 0.26305476 0.82450217
vt 0.26305476 0.7767372
vt 0.02201984 0.4337933
vt 0.019562766 0.4337933
vt 0.019562766 0.4374621
vt 0.02201984 0.4374621
vt 0.28392866 0.6823572
vt 0.10686285 0.6823572
vt 0.10686285 0.7282646
vt 0.28392866 0.7282646
vt 0.1776307 0.7767372
vt 0.1776307 0.82450217
vt 0.26305476 0.82450217
vt 0.26305476 0.7767372
vt 0.21583132 0.85804725
vt 0.39289713 0.85804725
vt 0.39289713 0.85804725
vt 0.21583132 0.85804725
vt 0.73953235 0.71208376
vt 0.7395323 0.8075759
vt 0.7820604 0.8075759
vt 0.7820604 0.71208376
vt 0.1776307 0.7767372
vt 0.1776307 0.82450217
vt 0.26305476 0.82450217
vt 0.26305476 0.7767372
vt 0.059530612 0.40429986
vt 0.058580395 0.40429986
vt 0.058580395 0.42052203
vt 0.059530612 0.42052203
vt 0.17582296 0.7620175
vt 0.083135605 0.76201725
vt 0.083135605 0.96500456
vt 0.17582296 0.96500456
vt 0.5973374 0.510441
vt 0.59733737 0.5604275
vt 0.5808901 0.5604275
vt 0.5808902 0.510441
vt 0.1776307 0.7767372
vt 0.1776307 0.82450217
vt 0.26305476 0.82450217
vt 0.26305476 0.7767372
vt 0.1776307 0.7767372
vt 0.1776307 0.82450217
vt 0.26305476 0.82450217
vt 0.26305476 0.7767372
vt 0.027018666 0.40581667
vt 0.026068427 0.40581667
vt 0.026068427 0.41184676
vt 0.027018666 0.41184676
vt 0.26951596 0.7504522
vt 0.16091022 0.7504522
vt 0.16091022 0.82590634
vt 0.26951596 0.82590634
vt 0.16091022 0.7504522
vt 0.16091022 0.7504522
vt 0.16091022 0.82590634
vt 0.16091022 0.82590634
vt 0.16091022 0.82590634
vt 0.26951596 0.82590634
vt 0.26951596 0.82590634
vt 0.16091022 0.82590634
vt 0.5857164 0.5774765
vt 0.58571637 0.63604784
vt 0.6021636 0.63604784
vt 0.6021637 0.5774765
vt 0.1776307 0.7767372
vt 0.1776307 0.82450217
vt 0.26305476 0.82450217
vt 0.26305476 0.7767372
vt 0.019898612 0.44488406
vt 0.017202202 0.44488406
vt 0.017202202 0.45091414
vt 0.019898612 0.45091414
vt 0.3480145 0.8304089
vt 0.15962647 0.8304089
vt 0.15962647 0.9058632
vt 0.3480145 0.9058632
vt 0.15962647 0.8304089
vt 0.15962647 0.8304089
vt 0.15962647 0.9058632
vt 0.15962647 0.9058632
vt 0.6268116 0.57678413
vt 0.6268116 0.67838234
vt 0.5801406 0.67838234
vt 0.58014065 0.57678413
vt 0.58014065 0.57678413
vt 0.5801406 0.67838234
vt 0.6268116 0.67838234
vt 0.6268116 0.57678413
vt 0.1776307 0.7767372
vt 0.1776307 0.82450217
vt 0.26305476 0.82450217
vt 0.26305476 0.7767372
vt 0.060787167 0.39330775
vt 0.059298005 0.39330775
vt 0.059298005 0.40622067
vt 0.060787167 0.40622067
vt 0.005026942 0.8511839
vt 0.005026942 0.77420187
vt 0.09699602 0.77420187
vt 0.09699602 0.8511839
vt 0.6485874 0.85249555
vt 0.6485874 0.86325973
vt 0.72796005 0.86325973
vt 0.72796005 0.85249555
vt 0.72796005 0.86325973
vt 0.79533494 0.86325973
vt 0.79533494 0.85249555
vt 0.72796005 0.85249555
vt 0.5833276 0.5430247
vt 0.58332753 0.61596483
vt 0.6091029 0.61596483
vt 0.60910296 0.5430247
vt 0.1776307 0.7767372
vt 0.1776307 0.82450217
vt 0.26305476 0.82450217
vt 0.26305476 0.7767372
vt 0.08163403 0.39149237
vt 0.05647165 0.39149237
vt 0.05647165 0.41920483
vt 0.08163403 0.41920483
vt 0.41657382 0.8250485
vt 0.41657382 0.5939901
vt 0.21919979 0.5939901
vt 0.21919969 0.8250485
vt 0.9846922 0.5104405
vt 0.9846922 0.7293671
vt 0.54917055 0.7293671
vt 0.54917055 0.5104405
vt 0.5491707 0.5104405
vt 0.54917055 0.7293671
vt 0.98469234 0.7293671
vt 0.98469234 0.5104405
vt 0.1776307 0.7767372
vt 0.1776307 0.82450217
vt 0.26305476 0.82450217
vt 0.26305476 0.7767372
vt 0.04771053 0.45031387
vt 0.025235564 0.45031387
vt 0.025235564 0.4747818
vt 0.04771053 0.4747818
vt 0.07804811 0.83002615
vt 0.20021069 0.83002615
vt 0.20021069 0.6557597
vt 0.07804811 0.6557597
vt 0.1776307 0.7767372
vt 0.1776307 0.82450217
vt 0.26305476 0.82450217
vt 0.26305476 0.7767372
vt 0.95890105 0.67717665
vt 0.95890105 0.79292494
vt 0.56989425 0.79292494
vt 0.56989425 0.6771766
vt 0.5698944 0.67717665
vt 0.56989425 0.79292506
vt 0.95890117 0.79292506
vt 0.95890117 0.67717665
vt 0.26305476 0.7767372
vt 0.1776307 0.7767372
vt 0.1776307 0.82450217
vt 0.26305476 0.80061966
vt 0.26305476 0.82450217
vt 0.066827685 0.49351525
vt 0.066827685 0.46904743
vt 0.04435257 0.46904743
vt 0.04435257 0.49351525
vt 0.051996246 0.97269404
vt 0.22626275 0.97269416
vt 0.22626275 0.8520964
vt 0.05199635 0.88232327
vt 0.051996246 0.8520964
vt 0.26305476 0.7767372
vt 0.1776307 0.7767372
vt 0.1776307 0.82450217
vt 0.26305476 0.82450217
vt 0.56989425 0.8751915
vt 0.56989425 0.84655166
vt 0.95890105 0.8465517
vt 0.95890105 0.87519157
vt 0.56989425 0.9608172
vt 0.95890105 0.9608172
vt 0.95890117 0.8465517
vt 0.5698944 0.8465517
vt 0.56989425 0.96081734
vt 0.95890117 0.96081734
vt 0.21975848 0.7767372
vt 0.1776307 0.7767372
vt 0.1776307 0.79930896
vt 0.21975848 0.79930896
vt 0.10742356 0.4728365
vt 0.10742356 0.43576562
vt 0.09054253 0.43576562
vt 0.09054253 0.4728365
vt 0.14790599 0.9617365
vt 0.14790599 0.6977098
vt 0.06373761 0.6977098
vt 0.06373761 0.9617365
vt 0.8963464 0.8592883
vt 0.8963464 0.94866514
vt 0.9729608 0.9486651
vt 0.9729608 0.85928833
vt 0.26305476 0.7767372
vt 0.1776307 0.7767372
vt 0.1776307 0.79930896
vt 0.26305476 0.79930896
vt 0.1776307 0.7767372
vt 0.1776307 0.82450217
vt 0.26305476 0.82450217
vt 0.26305476 0.7767372
vt 0.060419645 0.39398223
vt 0.054151382 0.39398223
vt 0.054151382 0.41501135
vt 0.060419645 0.41501135
vt 0.35179132 0.808047
vt 0.35179132 0.7344034
vt 0.20201719 0.7344034
vt 0.20201719 0.808047
vt 0.1776307 0.7767372
vt 0.1776307 0.82450217
vt 0.26305476 0.82450217
vt 0.26305476 0.7767372
vt 0.20201719 0.7344034
vt 0.20201719 0.80804694
vt 0.20201719 0.808047
vt 0.20201719 0.7344034
vt 0.6201075 0.727007
vt 0.6201075 0.79678386
vt 0.72860134 0.79678386
vt 0.72860134 0.727007
vt 0.1776307 0.7767372
vt 0.1776307 0.82450217
vt 0.26305476 0.82450217
vt 0.26305476 0.7767372
vt 0.08862427 0.45058858
vt 0.07471458 0.45058858
vt 0.07471458 0.46885866
vt 0.08862427 0.46885866
vt 0.13525231 0.5058389
vt 0.13525231 0.9197986
vt 0.26537722 0.9197987
vt 0.26537716 0.5058389
vt 0.20748983 0.5058389
vt 0.20748983 0.91979873
vt 0.20748983 0.91979873
vt 0.20748983 0.5058389
vt 0.6570922 0.5104435
vt 0.65709215 0.90266806
vt 0.89784646 0.90266806
vt 0.8978465 0.5104435
vt 0.1776307 0.7767372
vt 0.1776307 0.82450217
vt 0.26305476 0.82450217
vt 0.26305476 0.7767372
vt 0.22212578 0.9576115
vt 0.22212578 0.95761156
vt 0.05613321 0.95761156
vt 0.05613321 0.9576115
vt 0.22212578 0.95761156
vt 0.22212578 0.50583714
vt 0.056133315 0.50583714
vt 0.05613321 0.95761156
vt 0.93816364 0.5104418
vt 0.9381635 0.93849534
vt 0.5906318 0.93849534
vt 0.59063184 0.51044184
vt 0.5906319 0.51044184
vt 0.5906318 0.93849534
vt 0.93816364 0.93849534
vt 0.93816364 0.51044184
vt 0.1776307 0.7767372
vt 0.1776307 0.82450217
vt 0.26305476 0.82450217
vt 0.26305476 0.7767372
vt 0.12249592 0.39055616
vt 0.11162882 0.39055616
vt 0.11162882 0.44669414
vt 0.12249592 0.44669414
vt 0.4587667 0.9141825
vt 0.45876682 0.5082831
vt 0.020625234 0.508283
vt 0.020625114 0.9141825
vt 0.020625234 0.508283
vt 0.020625114 0.9141824
vt 0.020625114 0.9141825
vt 0.020625234 0.508283
vt 0.1776307 0.7767372
vt 0.1776307 0.82450217
vt 0.26305476 0.82450217
vt 0.26305476 0.7767372
vt 0.1776307 0.7767372
vt 0.1776307 0.82450217
vt 0.26305476 0.82450217
vt 0.26305476 0.7767372
vt 0.0319316 0.37775952
vt 0.024350721 0.37775952
vt 0.024350721 0.38583732
vt 0.0319316 0.38583732
vt 0.2750827 0.8031992
vt 0.098016754 0.8031994
vt 0.098016754 0.9042766
vt 0.2750827 0.9042766
vt 0.098016754 0.8031994
vt 0.098016754 0.8031994
vt 0.098016754 0.9042766
vt 0.098016754 0.9042766
vt 0.098016754 0.9042766
vt 0.2750827 0.9042766
vt 0.2750827 0.9042766
vt 0.098016754 0.9042766
vt 0.6476467 0.55016094
vt 0.64764667 0.6456531
vt 0.7788599 0.6456531
vt 0.7788599 0.55016094
vt 0.15524934 0.8315134
vt 0.35417414 0.809307
vt 0.15524934 0.80930746
vt 0.35417414 0.8315133
vt 0.3809935 0.809307
vt 0.3809936 0.8315133
vt 0.055446457 0.4447996
vt 0.06034037 0.4447996
vt 0.06034037 0.44302487
vt 0.055446457 0.44302487
vt 0.1776307 0.7767372
vt 0.1776307 0.82450217
vt 0.26305476 0.82450217
vt 0.26305476 0.7767372
vt 0.15524934 0.8315134
vt 0.15524934 0.8315134
vt 0.15524934 0.80930746
vt 0.15524934 0.8093072
vt 0.8192181 0.5876297
vt 0.95709884 0.69491035
vt 0.9570987 0.5876297
vt 0.8192181 0.69491035
vt 0.90392405 0.70937407
vt 0.8192181 0.70937407
vt 0.15524934 0.8315134
vt 0.35417414 0.8315133
vt 0.15524934 0.8315134
vt 0.35417408 0.8315133
vt 0.3809936 0.8315133
vt 0.3809935 0.8315133
vt 0.26305476 0.82450217
vt 0.26305476 0.82450217
vt 0.1776307 0.82450217
vt 0.1776307 0.82450217
vt 0.26305476 0.7767372
vt 0.1776307 0.7767372
vt 0.1776307 0.80061966
vt 0.26305476 0.80061966
vt 0.26305476 0.8125609
vt 0.1776307 0.8125609
vt 0.26305476 0.82450217
vt 0.1776307 0.82450217
vt 0.060380455 0.43574005
vt 0.049687006 0.43574005
vt 0.049687006 0.44342053
vt 0.060380455 0.44350868
vt 0.4383216 0.7341358
vt 0.4383216 0.67943424
vt 0.40622604 0.67943424
vt 0.40622598 0.7341358
vt 0.37776262 0.7341358
vt 0.37776262 0.7133792
vt 0.88980067 0.9733632
vt 0.9899076 0.973363
vt 0.9899075 0.58453876
vt 0.88980067 0.58453876
vt 0.9165288 0.5499552
vt 0.9899075 0.5499552
vt 0.26305476 0.7767372
vt 0.22090206 0.7767372
vt 0.22090206 0.82450217
vt 0.26305476 0.82450217
vt 0.04272675 0.44491553
vt 0.04272675 0.4061715
vt 0.026178725 0.4061715
vt 0.026178725 0.44491553
vt 0.076740965 0.74748653
vt 0.35268515 0.7474866
vt 0.3526852 0.58149534
vt 0.076740965 0.58149534
vt 0.21975848 0.82450217
vt 0.21975848 0.80176944
vt 0.1776307 0.80176944
vt 0.1776307 0.82450217
vt 0.20474915 0.9617364
vt 0.27805817 0.9617365
vt 0.27805817 0.6977098
vt 0.20474915 0.6977097
vt 0.14790599 0.6977098
vt 0.06373755 0.6977097
vt 0.06373761 0.6977098
vt 0.14790599 0.6977098
vt 0.5941929 0.6677104
vt 0.88061357 0.6677104
vt 0.88061357 0.5104347
vt 0.5941929 0.5104347
vt 0.89570516 0.5879613
vt 0.8957052 0.6677104
vt 0.603521 0.6677104
vt 0.603521 0.5879614
vt 0.06373755 0.6977097
vt 0.06373749 0.9617365
vt 0.06373761 0.9617365
vt 0.06373761 0.6977098
vt 0.603521 0.5104347
vt 0.88061357 0.5104347
vt 0.88061357 0.5798945
vt 0.60352105 0.57989454
vt 0.039434966 0.3768438
vt 0.039434966 0.41391462
vt 0.055444047 0.41391462
vt 0.055444047 0.3768438
vt 0.26305476 0.82450217
vt 0.26305476 0.801596
vt 0.1776307 0.801596
vt 0.1776307 0.82450217
vt 0.01992409 0.5058294
vt 0.01992409 0.5661417
vt 0.13001019 0.5661417
vt 0.13001019 0.5058294
vt 0.53444666 0.62959695
vt 0.53444666 0.57245135
vt 0.59911853 0.57245135
vt 0.59911853 0.62959695
vt 0.26305476 0.82450217
vt 0.26305476 0.801596
vt 0.1776307 0.801596
vt 0.1776307 0.82450217
vt 0.016696174 0.45022953
vt 0.020432603 0.45022953
vt 0.020432603 0.43477285
vt 0.016696174 0.43477285
vt 0.1776307 0.801596
vt 0.26305476 0.7996434
vt 0.1776307 0.801596
vt 0.1776307 0.801596
vt 0.1776307 0.7767372
vt 0.1776307 0.80061966
vt 0.21053424 0.80061966
vt 0.22034273 0.7767372
vt 0.22034273 0.78962386
vt 0.22034273 0.7767372
vt 0.1776307 0.7767372
vt 0.1776307 0.82450217
vt 0.22034273 0.82450217
vt 0.6811224 0.84589785
vt 0.5586034 0.84589785
vt 0.5586034 0.87620026
vt 0.6811224 0.8762003
vt 0.184205 0.8918643
vt 0.22755617 0.8918643
vt 0.22755617 0.8598827
vt 0.1712819 0.85988265
vt 0.17128213 0.87713945
vt 0.5586034 0.84589785
vt 0.6811224 0.84589785
vt 0.6811224 0.8622486
vt 0.5586034 0.8622486
vt 0.027470112 0.44488877
vt 0.027470112 0.45097554
vt 0.034548696 0.45097554
vt 0.034548696 0.44488877
vt 0.08670481 0.4749933
vt 0.0859461 0.47407722
vt 0.083419435 0.47642702
vt 0.08417815 0.47734302
vt 0.13906121 0.8764943
vt 0.2406241 0.8764943
vt 0.2406241 0.86309314
vt 0.13906121 0.86309314
vt 0.5894109 0.84958345
vt 0.58941096 0.69373626
vt 0.92161644 0.6937362
vt 0.92161644 0.84958345
vt 0.5894109 0.90288603
vt 0.92161644 0.90288603
vt 0.86652005 0.908353
vt 0.86652005 0.7525058
vt 0.6961062 0.7525058
vt 0.6961061 0.908353
vt 0.57682794 0.8254879
vt 0.57682806 0.71820724
vt 0.65449893 0.71820724
vt 0.6544988 0.8254879
vt 0.13388337 0.8778718
vt 0.13388337 0.83097655
vt 0.13388337 0.8778716
vt 0.13388337 0.83097655
vt 0.16070282 0.79024345
vt 0.16070282 0.79024345
vt 0.57682806 0.7182073
vt 0.57682794 0.8254879
vt 0.6544988 0.8254879
vt 0.6544989 0.7182073
vt 0.021538261 0.4496721
vt 0.021538261 0.45667517
vt 0.026025698 0.45667517
vt 0.026025698 0.4496721
vt 0.1776307 0.7767372
vt 0.1776307 0.82450217
vt 0.26305476 0.82450217
vt 0.26305476 0.7767372
vt 0.26305476 0.7767372
vt 0.26305476 0.82450217
vt 0.26305476 0.7767372
vt 0.35962754 0.79024345
vt 0.16070282 0.8778718
vt 0.35962754 0.8778718
vt 0.16070282 0.79024345
vt 0.13388337 0.8778718
vt 0.13388337 0.83097655
vt 0.16070282 0.8778718
vt 0.13388337 0.8778718
vt 0.13388337 0.8778716
vt 0.16070282 0.8778716
vt 0.26305476 0.7767372
vt 0.22034273 0.7767372
vt 0.22034273 0.80061966
vt 0.26305476 0.80061966
vt 0.13906118 0.8035878
vt 0.13906121 0.86309314
vt 0.2406241 0.86309314
vt 0.24062407 0.8035878
vt 0.32697797 0.80358785
vt 0.32697797 0.8295158
vt 0.2406241 0.87816787
vt 0.35651255 0.8295158
vt 0.32697797 0.87816787
vt 0.35651255 0.87816787
vt 0.13906121 0.86309314
vt 0.13906121 0.86309314
vt 0.2406241 0.86309314
vt 0.2406241 0.86309314
vt 0.2406241 0.86309314
vt 0.2406241 0.86309314
vt 0.2406241 0.8764943
vt 0.2406241 0.87816787
vt 0.24062407 0.87649435
vt 0.24062407 0.87816787
vt 0.24062407 0.86309314
vt 0.24062407 0.86309314
vt 0.24062407 0.86309314
vt 0.24062407 0.86309314
vt 0.13906115 0.86309314
vt 0.13906115 0.86309314
vt 0.37776262 0.7164616
vt 0.40622604 0.6826219
vt 0.37776262 0.6826219
vt 0.057747483 0.73398477
vt 0.057747543 0.68262196
vt 0.80284727 0.60255337
vt 0.7849729 0.60255337
vt 0.7849729 0.9180852
vt 0.80284727 0.9180852
vt 0.80284727 0.94614995
vt 0.7679657 0.94614995
vt 0.80284727 0.97779584
vt 0.7175076 0.94614995
vt 0.71754766 0.97779584
vt 0.57566476 0.8704346
vt 0.57549036 0.8704346
vt 0.5754889 0.8704346
vt 0.57566476 0.8704346
vt 0.57548714 0.87066483
vt 0.57566476 0.87066483
vt 0.57786703 0.87066483
vt 0.57786703 0.87066483
vt 0.57786703 0.87066483
vt 0.57786703 0.87066483
vt 0.5786692 0.8704346
vt 0.5786692 0.8704346
vt 0.5786692 0.86784565
vt 0.5786692 0.86784565
vt 0.6268406 0.8898033
vt 0.83890057 0.8898033
vt 0.83890057 0.8315295
vt 0.6268406 0.8315295
vt 0.7579344 0.873787
vt 0.71207637 0.81153363
vt 0.69034785 0.82753974
vt 0.73620623 0.8897931
vt 0.6730817 0.84445393
vt 0.7169377 0.9039879
vt 0.6710928 0.84175307
vt 0.26305476 0.82450217
vt 0.1776307 0.7767372
vt 0.22034273 0.7767372
vt 0.26305476 0.7767372
vt 0.057747543 0.6794342
vt 0.057747483 0.7347637
vt 0.057747543 0.68262196
vt 0.057747543 0.6794342
vt 0.1776307 0.7767372
vt 0.1776307 0.82450217
vt 0.26305476 0.82450217
vt 0.26305476 0.7767372
vt 0.037016172 0.43355727
vt 0.032871354 0.43355727
vt 0.032871354 0.45643467
vt 0.037016172 0.45643467
vt 0.06655656 0.6372677
vt 0.044953182 0.6372677
vt 0.044953078 0.9235312
vt 0.06655656 0.9235312
vt 0.6507663 0.51031834
vt 0.6507663 0.52196914
vt 0.57902616 0.52196914
vt 0.57902616 0.51031834
vt 0.5790262 0.51031834
vt 0.5790262 0.5219692
vt 0.6507664 0.5219692
vt 0.6507664 0.51031834
vt 0.10901526 0.4239534
vt 0.0802269 0.39961535
vt 0.0802269 0.41022003
vt 0.10901526 0.43011898
vt 0.1289154 0.39546984
vt 0.082695626 0.39546984
vt 0.082695626 0.4355678
vt 0.1289154 0.4355678
vt 0.32307935 0.84699273
vt 0.2595654 0.84699273
vt 0.2595654 0.8824611
vt 0.38659328 0.8824611
vt 0.38659328 0.84699273
vt 0.38659328 0.81152445
vt 0.8073154 0.600283
vt 0.7214951 0.6002831
vt 0.72149515 0.7628175
vt 0.80731547 0.76281744
vt 0.8931357 0.600283
vt 0.8931358 0.76281744
vt 0.2595654 0.6341829
vt 0.38659328 0.59871453
vt 0.2595654 0.59871453
vt 0.38659328 0.6341829
vt 0.38659328 0.66965115
vt 0.32307935 0.66965115
vt 0.8910315 0.93510866
vt 0.8910315 0.84928834
vt 0.7284971 0.84928834
vt 0.7284971 0.93510866
vt 0.5334856 0.78159416
vt 0.5334856 0.7944211
vt 0.53637064 0.7944211
vt 0.53637064 0.78159416
vt 0.5334856 0.7982814
vt 0.53637064 0.7982769
vt 0.53637064 0.7944211
vt 0.5334856 0.7944211
vt 0.5334856 0.78159416
vt 0.5334856 0.7944211
vt 0.53637064 0.7944211
vt 0.53637064 0.78159416
vt 0.54072136 0.7956593
vt 0.54331917 0.7956593
vt 0.54331917 0.7834452
vt 0.54072136 0.7834452
vt 0.54072136 0.7956593
vt 0.54331917 0.7956593
vt 0.54331917 0.7834452
vt 0.54072136 0.7834452
vt 0.54072136 0.7956593
vt 0.54202026 0.7956593
vt 0.54202026 0.79054666
vt 0.54072136 0.7834452
vt 0.54211736 0.7895522
vt 0.54331917 0.7834452
vt 0.54331917 0.7895522
vt 0.54072136 0.7956593
vt 0.54331917 0.7956593
vt 0.54331917 0.7834452
vt 0.54072136 0.7834452
vt 0.54072136 0.7956593
vt 0.54331917 0.7956593
vt 0.54331917 0.7834452
vt 0.54072136 0.7834452
vt 0.54202026 0.79054666
vt 0.54202026 0.7956593
vt 0.54072136 0.7956593
vt 0.54072136 0.7834452
vt 0.54211736 0.7895522
vt 0.54331917 0.7834452
vt 0.54331917 0.7895522
vt 0.54202026 0.79054666
vt 0.54202026 0.7956593
vt 0.54072136 0.7956593
vt 0.54072136 0.7834452
vt 0.54211736 0.7895522
vt 0.54331917 0.7834452
vt 0.54331917 0.7895522
vt 0.54072136 0.7956593
vt 0.54331917 0.7956593
vt 0.54331917 0.7834452
vt 0.54072136 0.7834452
vt 0.5334856 0.78159416
vt 0.5334856 0.7944211
vt 0.5349281 0.7944211
vt 0.5349281 0.78159416
vt 0.53637064 0.78159416
vt 0.53637064 0.7944211
vt 0.5334856 0.7944211
vt 0.5334856 0.7963512
vt 0.5349281 0.7963501
vt 0.5349281 0.7944211
vt 0.53637064 0.7944211
vt 0.53637064 0.796349
vt 0.53637064 0.7982769
vt 0.5349281 0.79827917
vt 0.53637064 0.7982769
vt 0.53637064 0.796349
vt 0.5349281 0.7963501
vt 0.5349281 0.79827917
vn -1 0 0
vn -1 0 0
vn -1 0 0
vn -0 0 1
vn -0 0 1
vn -0 0 1
vn -0 0 1
vn -0 0 1
vn -0 0 1
vn 1 1.2229283E-07 0
vn 1 1.2229283E-07 0
vn 1 1.18006284E-07 0
vn 1 0 0
vn 1 0 0
vn 1 1.1371974E-07 0
vn 1 0 0
vn 1 0 0
vn 1 0 0
vn -0 1 -3.762181E-07
vn -0 1 -3.762181E-07
vn -0 1 -3.762181E-07
vn -0 1 -3.762181E-07
vn -0 -1 5.593088E-07
vn -0 -1 5.593088E-07
vn -0 -1 5.169536E-07
vn -0 -1 5.1695355E-07
vn 1 1.0504213E-07 0
vn 1 1.0504213E-07 0
vn 1 1.0504213E-07 0
vn 1 1.0504213E-07 0
vn -1.8332196E-07 1.5825891E-07 1
vn -1.8332196E-07 1.5825891E-07 1
vn -1.8332196E-07 1.5825891E-07 1
vn -1.8332196E-07 1.5825891E-07 1
vn -1 0 -1.9217529E-07
vn -1 0 -1.9217529E-07
vn -1 0 -1.9217529E-07
vn -1 0 -1.9217529E-07
vn -1.3808805E-07 1 -1.18725E-06
vn -1.3808805E-07 1 -1.18725E-06
vn -1.3808805E-07 1 -1.18725E-06
vn -1.3808805E-07 1 -1.18725E-06
vn -0 -1 5.936249E-07
vn -0 -1 5.936249E-07
vn -0 -1 5.936249E-07
vn -0 -1 5.936249E-07
vn 1 0 0
vn 1 0 0
vn 1 0 0
vn 1 0 0
vn -0 1.3822519E-07 1
vn -0 1.3822519E-07 1
vn -0 1.3822519E-07 1
vn -0 1.3822519E-07 1
vn -1 0 0
vn -1 0 0
vn -1 0 0
vn -1 0 0
vn 1.7357802E-07 -1.0366887E-07 -1
vn 1.7357802E-07 -1.0366887E-07 -1
vn 1.7357802E-07 -1.0366887E-07 -1
vn 1.7357802E-07 -1.0366887E-07 -1
vn -0 1 0
vn -0 1 0
vn -0 1 0
vn -0 1 0
vn -0 -1 0
vn -0 -1 0
vn -0 -1 0
vn -0 -1 0
vn 1 0 0
vn 1 0 0
vn 1 0 0
vn 1 0 0
vn -0 1.4184043E-07 1
vn -0 1.4184043E-07 1
vn -0 1.4184043E-07 1
vn -0 1.4184043E-07 1
vn -1 0 -1.0651342E-07
vn -1 0 -1.0651342E-07
vn -1 0 -1.0651342E-07
vn -1 0 -1.0651342E-07
vn 1.7811797E-07 0 -1
vn 1.7811797E-07 0 -1
vn 1.7811797E-07 0 -1
vn 1.7811797E-07 0 -1
vn -0 1 0
vn -0 1 0
vn -0 1 0
vn -0 1 0
vn -0 -1 0
vn -0 -1 0
vn -0 -1 0
vn -0 -1 0
vn 1 0 0
vn 1 0 0
vn 1 0 0
vn 1 0 0
vn -2.380331E-07 0 1
vn -2.380331E-07 0 1
vn -2.380331E-07 0 1
vn -2.380331E-07 0 1
vn -1 0 -4.40234E-07
vn -1 0 -4.40234E-07
vn -1 0 -4.40234E-07
vn -1 0 -4.40234E-07
vn 1.1901656E-07 -1.4216444E-07 -1
vn 1.1901656E-07 -1.4216444E-07 -1
vn 1.1901656E-07 -1.4216444E-07 -1
vn 1.1901656E-07 -1.4216444E-07 -1
vn -0 1 -1.3820734E-07
vn -0 1 -1.3820734E-07
vn -0 1 -1.3820734E-07
vn -0 1 -1.3820734E-07
vn -0 -1 0
vn -0 -1 0
vn -0 -1 0
vn -0 -1 0
vn 1 0 1.2726437E-07
vn 1 0 1.2726437E-07
vn 1 0 1.2726437E-07
vn 1 0 1.2726437E-07
vn -3.4647667E-07 1.8393956E-07 1
vn -3.4647667E-07 1.8393956E-07 1
vn -3.4647667E-07 1.8393956E-07 1
vn -3.4647667E-07 1.8393956E-07 1
vn -1 0 -2.6792512E-07
vn -1 0 -2.6792512E-07
vn -1 0 -2.6792512E-07
vn -1 0 -2.6792512E-07
vn -0 1 -1.7495433E-06
vn -0 1 -1.7495433E-06
vn -0 1 -1.7495433E-06
vn -0 1 -1.7495433E-06
vn -0 -1 1.3458026E-06
vn -0 -1 1.3458026E-06
vn -0 -1 1.3458026E-06
vn -0 -1 1.3458026E-06
vn 1 0 0
vn 1 0 0
vn 1 0 0
vn 1 0 0
vn -2.1820092E-07 2.831404E-07 1
vn -2.1820092E-07 2.831404E-07 1
vn -2.1820092E-07 2.831404E-07 1
vn -2.1820092E-07 2.831404E-07 1
vn -1 0 0
vn -1 0 0
vn -1 0 0
vn -1 0 0
vn -0 0 -1
vn -0 0 -1
vn -0 0 -1
vn -0 0 -1
vn -1.8373625E-07 1 -3.9251543E-07
vn -1.8373625E-07 1 -3.9251543E-07
vn -1.8373625E-07 1 -3.9251543E-07
vn -1.8373625E-07 1 -3.9251543E-07
vn -0 -1 0
vn -0 -1 0
vn -0 -1 0
vn -0 -1 0
vn 1 0 0
vn 1 0 0
vn 1 0 0
vn 1 0 0
vn -0 3.8164305E-07 1
vn -0 3.8164305E-07 1
vn -0 3.8164305E-07 1
vn -0 3.8164305E-07 1
vn -1 0 0
vn -1 0 0
vn -1 0 0
vn -1 0 0
vn -0 -1.9082155E-07 -1
vn -0 -1.9082155E-07 -1
vn -0 -1.9082155E-07 -1
vn -0 -1.9082155E-07 -1
vn -0 1 -2.3530393E-07
vn -0 1 -2.3530393E-07
vn -0 1 -2.3530393E-07
vn -0 1 -2.3530393E-07
vn -0 -1 0
vn -0 -1 0
vn -0 -1 0
vn -0 -1 0
vn 1 0 0
vn 1 0 0
vn 1 0 0
vn 1 0 0
vn -0 0 1
vn -0 0 1
vn -0 0 1
vn -0 0 1
vn -1 -2.545878E-07 -1.3906455E-07
vn -1 -2.545878E-07 -1.3906455E-07
vn -1 -2.545878E-07 -1.3906455E-07
vn -1 -2.545878E-07 -1.3906455E-07
vn -0 0 -1
vn -0 0 -1
vn -0 0 -1
vn -0 0 -1
vn -0 1 0
vn -0 1 0
vn -0 1 0
vn -0 1 0
vn -0 -1 0
vn -0 -1 0
vn -0 -1 0
vn -0 -1 0
vn 1 0 0
vn 1 0 0
vn 1 0 0
vn 1 0 0
vn -0 2.2032438E-07 1
vn -0 2.2032438E-07 1
vn -0 2.2032438E-07 1
vn -0 2.2032438E-07 1
vn -1 0 0
vn -1 0 0
vn -1 0 0
vn -1 0 0
vn -0 -2.2032438E-07 -1
vn -0 -2.2032438E-07 -1
vn -0 -2.2032438E-07 -1
vn -0 -2.2032438E-07 -1
vn -0 1 0
vn -0 1 0
vn -0 1 0
vn -0 1 0
vn -0 -1 0
vn -0 -1 0
vn -0 -1 0
vn -0 -1 0
vn 1 1.3602546E-07 1.9573098E-07
vn 1 1.3602546E-07 1.9573098E-07
vn 1 1.3602546E-07 1.9573098E-07
vn 1 1.3602546E-07 1.9573098E-07
vn -0 1.1046112E-07 1
vn -0 1.1046112E-07 1
vn -0 1.1046112E-07 1
vn -0 1.1046112E-07 1
vn -1 0 -3.4460132E-07
vn -1 0 -3.4460132E-07
vn -1 0 -3.4460132E-07
vn -1 0 -3.4460132E-07
vn -0 1 -2.8142617E-07
vn -0 1 -2.8142617E-07
vn -0 1 -2.8142617E-07
vn -0 1 -2.8142617E-07
vn -0 -1 1.2868767E-07
vn -0 -1 1.2868767E-07
vn -0 -1 1.2868767E-07
vn -0 -1 1.2868767E-07
vn 1 0 0
vn 1 0 0
vn 1 0 0
vn 1 0 0
vn -0 0 1
vn -0 0 1
vn -0 0 1
vn -0 0 1
vn -1 0 0
vn -1 0 0
vn -1 0 0
vn -1 0 0
vn -0 -1.4756507E-07 -1
vn -0 -1.4756507E-07 -1
vn -0 -1.4756507E-07 -1
vn -0 -1.4756507E-07 -1
vn -0 1 -2.2721984E-07
vn -0 1 -2.2721984E-07
vn -0 1 -2.2721984E-07
vn -0 1 -2.2721984E-07
vn -0 -1 0
vn -0 -1 0
vn -0 -1 0
vn -0 -1 0
vn 1 0 1.3587706E-07
vn 1 0 1.3587706E-07
vn 1 0 1.3587706E-07
vn 1 0 1.3587706E-07
vn -0 0 1
vn -0 0 1
vn -0 0 1
vn -0 0 1
vn -1 0 -1.3587706E-07
vn -1 0 -1.3587706E-07
vn -1 0 -1.3587706E-07
vn -1 0 -1.3587706E-07
vn -0 -4.111038E-07 -1
vn -0 -4.111038E-07 -1
vn -0 -4.111038E-07 -1
vn -0 -4.111038E-07 -1
vn -0 1 0
vn -0 1 0
vn -0 1 0
vn -0 1 0
vn -0 -1 0
vn -0 -1 0
vn -0 -1 0
vn -0 -1 0
vn 1 0 0
vn 1 0 0
vn 1 0 0
vn 1 0 0
vn -0 0 1
vn -0 0 1
vn -0 0 1
vn -0 0 1
vn -1 -1.4674869E-07 0
vn -1 -1.4674869E-07 0
vn -1 -1.4674869E-07 0
vn -1 -1.4674869E-07 0
vn 2.7763022E-07 0 -1
vn 2.7763022E-07 0 -1
vn 2.7763022E-07 0 -1
vn 2.7763022E-07 0 -1
vn -0 1 0
vn -0 1 0
vn -0 1 0
vn -0 1 0
vn -0 -1 0
vn -0 -1 0
vn -0 -1 0
vn -0 -1 0
vn 1 0 0
vn 1 0 0
vn 1 0 0
vn 1 0 0
vn -0 0 1
vn -0 0 1
vn -0 0 1
vn -0 0 1
vn -1 0 0
vn -1 0 0
vn -1 0 0
vn -1 0 0
vn -0 -1.8074057E-07 -1
vn -0 -1.8074057E-07 -1
vn -0 -1.8074057E-07 -1
vn -0 -1.8074057E-07 -1
vn -0 1 0
vn -0 1 0
vn -0 1 0
vn -0 1 0
vn -0 -1 2.930048E-07
vn -0 -1 2.930048E-07
vn -0 -1 2.930048E-07
vn -0 -1 2.930048E-07
vn 1 0 0
vn 1 0 0
vn 1 0 0
vn 1 0 0
vn -0 0 1
vn -0 0 1
vn -0 0 1
vn -0 0 1
vn -1 0 0
vn -1 0 0
vn -1 0 0
vn -1 0 0
vn -0 0 -1
vn -0 0 -1
vn -0 0 -1
vn -0 0 -1
vn -0 1 0
vn -0 1 0
vn -0 1 0
vn -0 1 0
vn -0 -1 0
vn -0 -1 0
vn -0 -1 0
vn -0 -1 0
vn 1 0 2.190954E-07
vn 1 0 2.190954E-07
vn 1 0 2.190954E-07
vn 1 0 2.190954E-07
vn -0 0 1
vn -0 0 1
vn -0 0 1
vn -0 0 1
vn -1 0 -3.28643E-07
vn -1 0 -3.28643E-07
vn -1 0 -3.28643E-07
vn -1 0 -3.28643E-07
vn -0 1 -1.9478416E-06
vn -0 1 -1.9478416E-06
vn -0 1 -1.9478416E-06
vn -0 1 -1.9478416E-06
vn -0 -1 1.5582743E-06
vn -0 -1 1.5582743E-06
vn -0 -1 1.5582743E-06
vn -0 -1 1.5582743E-06
vn 1 2.2480005E-07 3.3621296E-07
vn 1 2.2480005E-07 3.3621296E-07
vn 1 2.2480005E-07 3.3621296E-07
vn 1 2.2480005E-07 3.3621296E-07
vn -0 2.8314076E-07 1
vn -0 2.8314076E-07 1
vn -0 2.8314076E-07 1
vn -0 2.8314076E-07 1
vn -1 -1.3309315E-07 -3.3621296E-07
vn -1 -1.3309315E-07 -3.3621296E-07
vn -1 -1.3309315E-07 -3.3621296E-07
vn -1 -1.3309315E-07 -3.3621296E-07
vn -0 0 -1
vn -0 0 -1
vn -0 0 -1
vn -0 0 -1
vn -0 1 -3.9854166E-07
vn -0 1 -3.9854166E-07
vn -0 1 -3.9854166E-07
vn -0 1 -3.9854166E-07
vn -0 -1 0
vn -0 -1 0
vn -0 -1 0
vn -0 -1 0
vn 1 0 0
vn 1 0 0
vn 1 0 0
vn 1 0 0
vn 7.0967485E-07 -1.4157047E-07 1
vn 7.0967485E-07 -1.4157047E-07 1
vn 7.0967485E-07 -1.4157047E-07 1
vn 7.0967485E-07 -1.4157047E-07 1
vn -1 0 -1.2921788E-07
vn -1 0 -1.2921788E-07
vn -1 0 -1.2921788E-07
vn -1 0 -1.2921788E-07
vn -0 0 -1
vn -0 0 -1
vn -0 0 -1
vn -0 0 -1
vn -0 1 -1.6193822E-07
vn -0 1 -1.6193822E-07
vn -0 1 -1.6193822E-07
vn -0 1 -1.6193822E-07
vn -0 -1 0
vn -0 -1 0
vn -0 -1 0
vn -0 -1 0
vn 1 0 0
vn 1 0 0
vn 1 0 0
vn 1 0 0
vn 6.0006613E-07 0 1
vn 6.0006613E-07 0 1
vn 6.0006613E-07 0 1
vn 6.0006613E-07 0 1
vn -1 0 0
vn -1 0 0
vn -1 0 0
vn -1 0 0
vn -3.0003307E-07 0 -1
vn -3.0003307E-07 0 -1
vn -3.0003307E-07 0 -1
vn -3.0003307E-07 0 -1
vn -4.32812E-06 1 0
vn -4.32812E-06 1 0
vn -4.32812E-06 1 0
vn -4.32812E-06 1 0
vn -0 -1 0
vn -0 -1 0
vn -0 -1 0
vn -0 -1 0
vn 1 0 0
vn 1 0 0
vn 1 0 0
vn 1 0 0
vn -0 0 1
vn -0 0 1
vn -0 0 1
vn -0 0 1
vn -1 0 0
vn -1 0 0
vn -1 0 0
vn -1 0 0
vn -0 1 -4.9304015E-07
vn -0 1 -4.9304015E-07
vn -0 1 -4.9304015E-07
vn -0 1 -4.9304015E-07
vn -0 -1 0
vn -0 -1 0
vn -0 -1 0
vn -0 -1 0
vn 1 0 0
vn 1 0 0
vn 1 0 0
vn 1 0 0
vn -0 1.3955909E-07 1
vn -0 1.3955909E-07 1
vn -0 1.3955909E-07 1
vn -0 1.3955909E-07 1
vn -1 0 0
vn -1 0 0
vn -1 0 0
vn -1 0 0
vn -0 0 -1
vn -0 0 -1
vn -0 0 -1
vn -0 0 -1
vn -0 1 0
vn -0 1 0
vn -0 1 0
vn -0 1 0
vn -0 -1 0
vn -0 -1 0
vn -0 -1 0
vn -0 -1 0
vn 1 0 1.1489282E-07
vn 1 0 1.1489282E-07
vn 1 0 1.1489282E-07
vn 1 0 1.1489282E-07
vn 1 0 1.1489282E-07
vn -0 0 1
vn -0 0 1
vn -0 0 1
vn -0 0 1
vn -1 0 -1.14892785E-07
vn -1 0 -1.14892785E-07
vn -1 0 -1.14892785E-07
vn -1 0 -1.14892785E-07
vn -1 0 -1.14892785E-07
vn 3.3573357E-07 0 -1
vn 3.3573357E-07 0 -1
vn 3.3573357E-07 0 -1
vn 3.3573357E-07 0 -1
vn -0 1 0
vn -0 1 0
vn -0 1 0
vn -0 1 0
vn -0 1 0
vn -0 1 0
vn -0 -1 0
vn -0 -1 0
vn -0 -1 0
vn -0 -1 0
vn 1 0 0
vn 1 0 0
vn 1 0 0
vn 1 0 0
vn -0 0 1
vn -0 0 1
vn -0 0 1
vn -0 0 1
vn -1 0 0
vn -1 0 0
vn -1 0 0
vn -1 0 0
vn -1.9474648E-07 1 -5.1307717E-07
vn -1.9474648E-07 1 -5.1307717E-07
vn -1.9474648E-07 1 -5.1307717E-07
vn -1.9474648E-07 1 -5.1307717E-07
vn 1.006513E-07 -1 3.9808222E-07
vn 1.006513E-07 -1 3.9808222E-07
vn 1.006513E-07 -1 3.9808222E-07
vn 1.006513E-07 -1 3.9808222E-07
vn 1 0 0
vn 1 0 0
vn 1 0 0
vn 1 0 0
vn -0 0 1
vn -0 0 1
vn -0 0 1
vn -0 0 1
vn -1 0 0
vn -1 0 0
vn -1 0 0
vn -1 0 0
vn -0 -1.2178579E-07 -1
vn -0 -1.2178579E-07 -1
vn -0 -1.2178579E-07 -1
vn -0 -1.2178579E-07 -1
vn -0 1 4.0571874E-07
vn -0 1 4.0571874E-07
vn -0 1 4.0571874E-07
vn -0 1 4.0571874E-07
vn -0 -1 0
vn -0 -1 0
vn -0 -1 0
vn -0 -1 0
vn 1 0 0
vn 1 0 0
vn 1 0 0
vn 1 0 0
vn -0 0 1
vn -0 0 1
vn -0 0 1
vn -0 0 1
vn -1 0 0
vn -1 0 0
vn -1 0 0
vn -1 0 0
vn -0 1 0
vn -0 1 0
vn -0 1 0
vn -0 1 0
vn -0 -1 0
vn -0 -1 0
vn -0 -1 0
vn -0 -1 0
vn 1 0 0
vn 1 0 0
vn 1 0 0
vn 1 0 0
vn -0 1.465154E-07 1
vn -0 1.465154E-07 1
vn -0 1.465154E-07 1
vn -0 1.465154E-07 1
vn -1 0 0
vn -1 0 0
vn -1 0 0
vn -1 0 0
vn -0 1 -2.4213995E-07
vn -0 1 -2.4213995E-07
vn -0 1 -2.4213995E-07
vn -0 1 -2.4213995E-07
vn -0 -1 0
vn -0 -1 0
vn -0 -1 0
vn -0 -1 0
vn 1 0 0
vn 1 0 0
vn 1 0 0
vn 1 0 0
vn -0 1.2165529E-07 1
vn -0 1.2165529E-07 1
vn -0 1.2165529E-07 1
vn -0 1.2165529E-07 1
vn -1 0 0
vn -1 0 0
vn -1 0 0
vn -1 0 0
vn -0 1 -2.483433E-07
vn -0 1 -2.483433E-07
vn -0 1 -2.483433E-07
vn -0 1 -2.483433E-07
vn -0 -1 4.139054E-07
vn -0 -1 4.139054E-07
vn -0 -1 4.139054E-07
vn -0 -1 4.139054E-07
vn 1 0 0
vn 1 0 0
vn 1 0 0
vn 1 0 0
vn -0 0 1
vn -0 0 1
vn -0 0 1
vn -0 0 1
vn -1 0 0
vn -1 0 0
vn -1 0 0
vn -1 0 0
vn -0 -2.1136415E-07 -1
vn -0 -2.1136415E-07 -1
vn -0 -2.1136415E-07 -1
vn -0 -2.1136415E-07 -1
vn -2.1255259E-07 1 0
vn -2.1255259E-07 1 0
vn -2.1255259E-07 1 0
vn -2.1255259E-07 1 0
vn -0 -1 4.902606E-07
vn -0 -1 4.902606E-07
vn -0 -1 4.902606E-07
vn -0 -1 4.902606E-07
vn -1 0 0
vn -1 0 0
vn -1 0 0
vn -1 0 0
vn -1 0 0
vn -1 0 0
vn -0 0 1
vn 0.24448276 0 0.9696537
vn 0.24448267 0 0.9696537
vn -0 0 1
vn 1 0 -1.2237327E-07
vn 1 0 -1.2237327E-07
vn 1 0 -1.2237327E-07
vn 1 0 -1.2237327E-07
vn -2.0382141E-07 0 -1
vn -2.0382141E-07 0 -1
vn -2.0382141E-07 0 -1
vn -2.0382141E-07 0 -1
vn -0 -1 0
vn -0 -1 -4.486467E-07
vn -0 -1 0
vn -0 -1 -9.376659E-07
vn -0 -1 -1.8753317E-06
vn -0 -1 -1.8753317E-06
vn -3.934623E-07 1 4.039057E-07
vn -6.893264E-07 1 2.019528E-07
vn -3.934623E-07 1 4.039057E-07
vn -5.350249E-07 1 3.0727693E-07
vn -9.851905E-07 1 0
vn -9.851905E-07 1 0
vn 0.47412702 0 0.88045645
vn 0.24448267 0 0.9696537
vn 0.24448276 0 0.9696537
vn 0.47412702 0 0.88045645
vn 1 1.5964889E-07 0
vn 1 1.5964889E-07 0
vn 1 1.4308104E-07 1.4334738E-07
vn 1 1.4308104E-07 1.4334732E-07
vn 1 1.1300063E-07 2.2962482E-07
vn 1 1.1300063E-07 2.2962482E-07
vn 1 0 2.1585232E-07
vn 1 0 2.1585232E-07
vn -0 2.2103264E-07 1
vn -0 2.2103264E-07 1
vn -0 2.2103264E-07 1
vn -0 2.2103264E-07 1
vn -0.99999976 0.00034557655 0.000671064
vn -0.99999976 0.00034557655 0.000671064
vn -0.9999999 0.0004960219 0.00027039275
vn -0.9999999 0.0006070396 -2.5273443E-05
vn -0.9999994 0.000868502 -0.00072161027
vn -0.9999994 0.000868502 -0.00072161027
vn -0 -1 0
vn -0 -1 0
vn -0 -1 0
vn -0 -1 0
vn -0 -1 0
vn -0 -1 0
vn 1 0 0
vn 1 0 0
vn 1 0 0
vn 1 0 0
vn -0 0 1
vn -0 0 1
vn -0 0 1
vn -0 0 1
vn -1 0 0
vn -1 0 0
vn -1 0 0
vn -1 0 0
vn 1 0 0
vn 1 0 0
vn 1 0 0
vn 1 0 0
vn -1 0 0
vn -1 0 0
vn -1 0 0
vn -1 0 0
vn -0 -1 5.2725403E-07
vn -0 -1 5.2725403E-07
vn -0 -1 5.2725403E-07
vn -0 -1 5.2725403E-07
vn 1.9474648E-07 -1 1.0983057E-06
vn 1.9474648E-07 -1 1.0983057E-06
vn 1.9474648E-07 -1 1.0983057E-06
vn 1.9474648E-07 -1 1.0983057E-06
vn -0 1 -8.238345E-07
vn -0 1 -8.238345E-07
vn -0 1 -8.238345E-07
vn -0 1 -8.238345E-07
vn -3.9062093E-07 0 -1
vn -3.9062093E-07 0 -1
vn -3.9062093E-07 0 -1
vn -3.9062093E-07 0 -1
vn -0 1 -1.0122852E-06
vn -0 1 -1.0122852E-06
vn -0 1 -1.0122852E-06
vn -0 1 -1.0122852E-06
vn 1.9443443E-07 0 1
vn 1.9443443E-07 0 1
vn 1.9443443E-07 0 1
vn 1.9443443E-07 0 1
vn 1 1.0643764E-07 1.1486713E-07
vn 1 1.0643764E-07 1.1486713E-07
vn 1 1.0643764E-07 1.1486713E-07
vn 1 1.0643764E-07 1.1486713E-07
vn -1 0 -1.9573108E-07
vn -1 0 -1.9573108E-07
vn -1 0 -1.9573108E-07
vn -1 0 -1.9573108E-07
vn -0 1 -8.3108307E-07
vn -0 1 -8.3108307E-07
vn -0 1 -8.3108307E-07
vn -0 1 -8.3108307E-07
vn -0 -1 0
vn -0 -1 0
vn -0 -1 0
vn -0 -1 0
vn -5.99404E-07 0 1
vn -5.99404E-07 0 1
vn -5.99404E-07 0 1
vn -5.99404E-07 0 1
vn 3.9960258E-07 0 -1
vn 3.9960258E-07 0 -1
vn 3.9960258E-07 0 -1
vn 3.9960258E-07 0 -1
vn 1 0 0
vn 1 0 0
vn 1 0 0
vn 1 0 0
vn 1 0 0
vn 8.2526327E-07 0 -1
vn 8.2526327E-07 0 -1
vn 8.2526327E-07 0 -1
vn 8.2526327E-07 0 -1
vn -0 -1 -1.9540691E-06
vn -0 -1 -1.9540691E-06
vn -0 -1 -1.9540691E-06
vn -0 -1 -1.9540691E-06
vn -1 -1.0364593E-07 -2.2871284E-07
vn -1 -1.0364593E-07 -2.2871284E-07
vn -1 -1.0364593E-07 -2.2871284E-07
vn -1 -1.0364593E-07 -2.2871284E-07
vn -1 -1.0364593E-07 -2.2871284E-07
vn -0 1 9.199262E-06
vn -0 1 9.199262E-06
vn -3.4381787E-07 0.9238777 0.3826878
vn -3.4381753E-07 0.9238779 0.38268748
vn -5.35637E-07 0 1
vn -6.336967E-07 0.38268355 0.92387944
vn -6.3369663E-07 0.3826834 0.9238795
vn -5.35637E-07 0 1
vn -6.336967E-07 0.38268355 0.92387944
vn -3.4381753E-07 0.9238779 0.38268748
vn -3.4381787E-07 0.9238777 0.3826878
vn -6.3369663E-07 0.3826834 0.9238795
vn -1 -2.7150958E-07 -1.0191222E-07
vn -1 -2.7150958E-07 -1.0191222E-07
vn -1 -2.7150958E-07 -1.0191222E-07
vn -1 -2.7150958E-07 -1.0191222E-07
vn -0 1 -1.779744E-07
vn -0 1 -3.5594883E-07
vn -0 1 -3.5594883E-07
vn -0 1 -1.7797441E-07
vn -0 1 0
vn -0 1 0
vn -0 -1 4.7459838E-07
vn -0 -1 5.1695355E-07
vn -0 -1 5.169536E-07
vn -0 -1 4.7459838E-07
vn -0 1 -1.843031E-07
vn -0 1 0
vn -0 1 0
vn -0 1 -1.843031E-07
vn -0 0 -1
vn -0 -0.25899827 -0.9658778
vn -0 0 -1
vn -0 -0.25899836 -0.9658778
vn -0 -0.50032157 -0.86583966
vn -0 -0.50032157 -0.86583966
vn -0 -1 0
vn -0 -1 0
vn -0 -1 0
vn -0 -1 0
vn -0 0 1
vn -0 0 1
vn -0 0 1
vn -0 0 1
vn 1 -3.62541E-07 4.28307E-07
vn 1 -6.725179E-07 -1.9810511E-07
vn 1 -5.17612E-07 1.14934174E-07
vn 1 -3.62541E-07 4.28307E-07
vn 1 -6.725179E-07 -1.9810511E-07
vn 1 -9.824947E-07 -8.24517E-07
vn 1 -9.824947E-07 -8.24517E-07
vn -1 0 -2.4474681E-07
vn -1 1.106844E-07 -1.2237338E-07
vn -1 0 -2.4474681E-07
vn -1 0 -1.8352752E-07
vn -1 1.5115303E-07 0
vn -1 1.5115303E-07 0
vn -0 1 0
vn -0 1 0
vn -0 1 0
vn -0 1 0
vn 1 0 0
vn 1 0 0
vn 1 0 0
vn 1 0 0
vn -1 0 -1.0191235E-07
vn -1 0 -1.0191235E-07
vn -1 0 0
vn -1 0 0
vn -1 0 -1.3825338E-07
vn -1 0 -1.6160908E-07
vn -1 -1.4158208E-07 0
vn -1 0 -2.4629765E-07
vn -1 0 -1.5530462E-07
vn -1 0 -2.462977E-07
vn -0 1 -3.0758295E-07
vn -0 1 -3.0758295E-07
vn -0 1 -3.0758295E-07
vn -0 1 -3.0758295E-07
vn 3.5871117E-06 0 -1
vn 3.5871117E-06 0 -1
vn 1.7077139E-06 0 -1
vn 1.707713E-06 0 -1
vn 1.7077141E-06 0 -1
vn 1.707714E-06 0 -1
vn 3.5871126E-06 0 -1
vn 3.5871126E-06 0 -1
vn -0 1 -3.7183227E-07
vn -0 1 -3.7183227E-07
vn -0 1 -3.7183227E-07
vn -0 1 -3.7183227E-07
vn -1 0 0
vn -1 0 -2.4339704E-07
vn -1 0 -1.4497853E-07
vn -1 0 0
vn -1 0 0
vn -0 -1 0
vn -0 -1 0
vn -0 -1 5.9690734E-07
vn -0 -1 5.244142E-07
vn -0 -1 4.9744847E-07
vn -0 -1 6.432684E-07
vn -0 -1 3.0845067E-07
vn -0 -1 6.8573564E-07
vn -0 -1 6.8573564E-07
vn -9.2299115E-06 0 -1
vn -9.2299115E-06 0 -1
vn 0.35346776 -0.39964208 -0.84578174
vn 0.15214872 -0.17203066 -0.9732709
vn 0.29013526 -0.32803375 -0.89900804
vn 0.23588982 -0.2667026 -0.9344655
vn -0 0 -1
vn -0 0 -1
vn -0.8406926 0 -0.5415126
vn -0.8406926 0 -0.5415126
vn -0.9593468 0 -0.28222987
vn -0.9593468 0 -0.28222987
vn -1 0 0
vn -1 0 0
vn 0.0064922674 0.99997807 -0.0013111167
vn -0.010093289 0.9999491 0
vn -0.010093289 0.9999491 0
vn -0.009502477 0.99995327 -0.0018248721
vn -0.0077816946 0.9999697 0
vn -0.0077816946 0.9999697 0
vn -0.006040626 0.99998045 -0.0016605564
vn -0.008346677 0.9999635 -0.001824872
vn 0.0064922674 0.99997807 -0.0013111167
vn -0.009502477 0.99995327 -0.0018248721
vn 0.04312194 0.99906987 4.750577E-05
vn -0 -3.6724978E-07 -1
vn -0 -3.6724978E-07 -1
vn -0 -3.9627267E-07 -1
vn -0 -3.769671E-07 -1
vn -0 -4.1561202E-07 -1
vn -0 -3.769671E-07 -1
vn -0 -3.9627267E-07 -1
vn -0 -4.1561202E-07 -1
vn 1 0 3.0584135E-07
vn 1 0 3.0584135E-07
vn 1 0 3.0584135E-07
vn 1 0 3.0584135E-07
vn -3.9549835E-07 0 1
vn -3.9549835E-07 0 1
vn -3.9549835E-07 0 1
vn -3.9549835E-07 0 1
vn -1 0 -9.175246E-07
vn -1 0 -9.175246E-07
vn -1 0 -9.175246E-07
vn -1 0 -9.175246E-07
vn -0 1 0
vn -0 1 0
vn -0 1 0
vn -0 1 0
vn -0 -1 0
vn -0 -1 0
vn -0 -1 0
vn -0 -1 0
vn 0.48712263 -0.68497753 0.54177254
vn 0.48712263 -0.68497753 0.54177254
vn 0.48712263 -0.68497753 0.54177254
vn 0.48712263 -0.68497753 0.54177254
vn -0 0 1
vn -0 0 1
vn -0 0 1
vn -0 0 1
vn -1 0 -1.0995991E-07
vn -1 0 -1.3744634E-07
vn -1 0 -1.3744634E-07
vn -1 0 -1.3744634E-07
vn -1 0 0
vn -1 0 0
vn 1.405502E-07 -1 4.32139E-07
vn 1.8740026E-07 -1 8.642779E-07
vn 1.8740026E-07 -1 8.642779E-07
vn 1.405502E-07 -1 4.32139E-07
vn -0 -1 0
vn -0 -1 0
vn 1 1.1015516E-07 0
vn 1 1.1015516E-07 0
vn 1 1.1015516E-07 0
vn 1 1.1015516E-07 0
vn 1 1.2253959E-07 0
vn 1 1.2253959E-07 0
vn -0 1 0
vn -0 1 0
vn -0 1 0
vn -0 1 0
vn -0 -1 5.036942E-06
vn -0 -1 5.036942E-06
vn -0 -1 5.036942E-06
vn -0 -1 5.036942E-06
vn -1 0 0
vn -1 0 0
vn -1 0 0
vn -1 0 0
vn -0 -1 0
vn -0 -1 0
vn -0 -1 0
vn -0 -1 0
vn -1 0 -4.1826675E-07
vn -1 0 -4.1826675E-07
vn -1 0 -4.1826675E-07
vn -1 0 -4.1826675E-07
vn -1 0 -3.3766287E-07
vn -1 0 -3.3766287E-07
vn -1 0 -3.3766287E-07
vn -1 0 -3.3766287E-07
vn -1 0 0
vn -1 0 0
vn -1 0 0
vn -1 2.5913639E-07 -3.818304E-07
vn -1 4.596764E-07 -6.7732054E-07
vn -1 7.0292447E-07 -1.03574E-06
vn -1 7.0292447E-07 -1.03574E-06
vn -1 0 0
vn -1 0 0
vn -1 0 0
vn -1 0 0
vn -1 0 0
vn -1 0 0
vn -1 0 0
vn -1 0 0
vn -0 -1 -8.5679985E-06
vn -0 -1 0
vn -0 -1 0
vn -1.0753436E-06 -1 -1.0501956E-06
vn -2.8498405E-06 -1 -5.2149185E-06
vn -4.092269E-06 -1 4.532228E-07
vn -4.092269E-06 -1 4.532228E-07
vn -1 0 0
vn -1 0 0
vn -1 0 0
vn -1 0 0
vn -1 0 0
vn -1 0 0
vn -1 0 0
vn -1 0 0
vn -1 0 0
vn -1 0 0
vn -1 0 0
vn -0 1 0
vn -0 1 0
vn -0 1 0
vn -0 1 0
vn -0 1 0
vn -0 1 0
vn -1 0 0
vn -1 0 0
vn -1 0 0
vn -1 0 0
vn -1 0 0
vn -1 0 0
vn -1 0 0
vn -1 0 0
vn -1 0 0
vn -1 0 0
vn -1 0 0
vn -1 0 0
g EN0021_barrier_0
f 3/3/3 2/2/2 1/1/1
f 6/6/6 5/5/5 4/4/4
f 9/9/9 8/8/8 7/7/7
f 12/12/12 11/11/11 10/10/10
f 13/13/13 12/12/12 10/10/10
f 13/13/13 14/14/14 12/12/12
f 14/14/14 15/15/15 12/12/12
f 14/14/14 13/13/13 16/16/16
f 13/13/13 17/17/17 16/16/16
f 18/18/18 14/14/14 16/16/16
f 21/21/21 20/20/20 19/19/19
f 22/22/22 21/21/21 19/19/19
f 25/25/25 24/24/24 23/23/23
f 26/26/26 25/25/25 23/23/23
f 29/29/29 28/28/28 27/27/27
f 30/30/30 29/29/29 27/27/27
f 33/33/33 32/32/32 31/31/31
f 34/34/34 33/33/33 31/31/31
f 37/37/37 36/36/36 35/35/35
f 38/38/38 37/37/37 35/35/35
f 41/41/41 40/40/40 39/39/39
f 42/42/42 41/41/41 39/39/39
f 45/45/45 44/44/44 43/43/43
f 46/46/46 45/45/45 43/43/43
f 49/49/49 48/48/48 47/47/47
f 50/50/50 49/49/49 47/47/47
f 53/53/53 52/52/52 51/51/51
f 54/54/54 53/53/53 51/51/51
f 57/57/57 56/56/56 55/55/55
f 58/58/58 57/57/57 55/55/55
f 61/61/61 60/60/60 59/59/59
f 62/62/62 61/61/61 59/59/59
f 65/65/65 64/64/64 63/63/63
f 66/66/66 65/65/65 63/63/63
f 69/69/69 68/68/68 67/67/67
f 70/70/70 69/69/69 67/67/67
f 73/73/73 72/72/72 71/71/71
f 74/74/74 73/73/73 71/71/71
f 77/77/77 76/76/76 75/75/75
f 78/78/78 77/77/77 75/75/75
f 81/81/81 80/80/80 79/79/79
f 82/82/82 81/81/81 79/79/79
f 85/85/85 84/84/84 83/83/83
f 86/86/86 85/85/85 83/83/83
f 89/89/89 88/88/88 87/87/87
f 90/90/90 89/89/89 87/87/87
f 93/93/93 92/92/92 91/91/91
f 94/94/94 93/93/93 91/91/91
f 97/97/97 96/96/96 95/95/95
f 98/98/98 97/97/97 95/95/95
f 101/101/101 100/100/100 99/99/99
f 102/102/102 101/101/101 99/99/99
f 105/105/105 104/104/104 103/103/103
f 106/106/106 105/105/105 103/103/103
f 109/109/109 108/108/108 107/107/107
f 110/110/110 109/109/109 107/107/107
f 113/113/113 112/112/112 111/111/111
f 114/114/114 113/113/113 111/111/111
f 117/117/117 116/116/116 115/115/115
f 118/118/118 117/117/117 115/115/115
f 121/121/121 120/120/120 119/119/119
f 122/122/122 121/121/121 119/119/119
f 125/125/125 124/124/124 123/123/123
f 126/126/126 125/125/125 123/123/123
f 129/129/129 128/128/128 127/127/127
f 130/130/130 129/129/129 127/127/127
f 133/133/133 132/132/132 131/131/131
f 134/134/134 133/133/133 131/131/131
f 137/137/137 136/136/136 135/135/135
f 138/138/138 137/137/137 135/135/135
f 141/141/141 140/140/140 139/139/139
f 142/142/142 141/141/141 139/139/139
f 145/145/145 144/144/144 143/143/143
f 146/146/146 145/145/145 143/143/143
f 149/149/149 148/148/148 147/147/147
f 150/150/150 149/149/149 147/147/147
f 153/153/153 152/152/152 151/151/151
f 154/154/154 153/153/153 151/151/151
f 157/157/157 156/156/156 155/155/155
f 158/158/158 157/157/157 155/155/155
f 161/161/161 160/160/160 159/159/159
f 162/162/162 161/161/161 159/159/159
f 165/165/165 164/164/164 163/163/163
f 166/166/166 165/165/165 163/163/163
f 169/169/169 168/168/168 167/167/167
f 170/170/170 169/169/169 167/167/167
f 173/173/173 172/172/172 171/171/171
f 174/174/174 173/173/173 171/171/171
f 177/177/177 176/176/176 175/175/175
f 178/178/178 177/177/177 175/175/175
f 181/181/181 180/180/180 179/179/179
f 182/182/182 181/181/181 179/179/179
f 185/185/185 184/184/184 183/183/183
f 186/186/186 185/185/185 183/183/183
f 189/189/189 188/188/188 187/187/187
f 190/190/190 189/189/189 187/187/187
f 193/193/193 192/192/192 191/191/191
f 194/194/194 193/193/193 191/191/191
f 197/197/197 196/196/196 195/195/195
f 198/198/198 197/197/197 195/195/195
f 201/201/201 200/200/200 199/199/199
f 202/202/202 201/201/201 199/199/199
f 205/205/205 204/204/204 203/203/203
f 206/206/206 205/205/205 203/203/203
f 209/209/209 208/208/208 207/207/207
f 210/210/210 209/209/209 207/207/207
f 213/213/213 212/212/212 211/211/211
f 214/214/214 213/213/213 211/211/211
f 217/217/217 216/216/216 215/215/215
f 218/218/218 217/217/217 215/215/215
f 221/221/221 220/220/220 219/219/219
f 222/222/222 221/221/221 219/219/219
f 225/225/225 224/224/224 223/223/223
f 226/226/226 225/225/225 223/223/223
f 229/229/229 228/228/228 227/227/227
f 230/230/230 229/229/229 227/227/227
f 233/233/233 232/232/232 231/231/231
f 234/234/234 233/233/233 231/231/231
f 237/237/237 236/236/236 235/235/235
f 238/238/238 237/237/237 235/235/235
f 241/241/241 240/240/240 239/239/239
f 242/242/242 241/241/241 239/239/239
f 245/245/245 244/244/244 243/243/243
f 246/246/246 245/245/245 243/243/243
f 249/249/249 248/248/248 247/247/247
f 250/250/250 249/249/249 247/247/247
f 253/253/253 252/252/252 251/251/251
f 254/254/254 253/253/253 251/251/251
f 257/257/257 256/256/256 255/255/255
f 258/258/258 257/257/257 255/255/255
f 261/261/261 260/260/260 259/259/259
f 262/262/262 261/261/261 259/259/259
f 265/265/265 264/264/264 263/263/263
f 266/266/266 265/265/265 263/263/263
f 269/269/269 268/268/268 267/267/267
f 270/270/270 269/269/269 267/267/267
f 273/273/273 272/272/272 271/271/271
f 274/274/274 273/273/273 271/271/271
f 277/277/277 276/276/276 275/275/275
f 278/278/278 277/277/277 275/275/275
f 281/281/281 280/280/280 279/279/279
f 282/282/282 281/281/281 279/279/279
f 285/285/285 284/284/284 283/283/283
f 286/286/286 285/285/285 283/283/283
f 289/289/289 288/288/288 287/287/287
f 290/290/290 289/289/289 287/287/287
f 293/293/293 292/292/292 291/291/291
f 294/294/294 293/293/293 291/291/291
f 297/297/297 296/296/296 295/295/295
f 298/298/298 297/297/297 295/295/295
f 301/301/301 300/300/300 299/299/299
f 302/302/302 301/301/301 299/299/299
f 305/305/305 304/304/304 303/303/303
f 306/306/306 305/305/305 303/303/303
f 309/309/309 308/308/308 307/307/307
f 310/310/310 309/309/309 307/307/307
f 313/313/313 312/312/312 311/311/311
f 314/314/314 313/313/313 311/311/311
f 317/317/317 316/316/316 315/315/315
f 318/318/318 317/317/317 315/315/315
f 321/321/321 320/320/320 319/319/319
f 322/322/322 321/321/321 319/319/319
f 325/325/325 324/324/324 323/323/323
f 326/326/326 325/325/325 323/323/323
f 329/329/329 328/328/328 327/327/327
f 330/330/330 329/329/329 327/327/327
f 333/333/333 332/332/332 331/331/331
f 334/334/334 333/333/333 331/331/331
f 337/337/337 336/336/336 335/335/335
f 338/338/338 337/337/337 335/335/335
f 341/341/341 340/340/340 339/339/339
f 342/342/342 341/341/341 339/339/339
f 345/345/345 344/344/344 343/343/343
f 346/346/346 345/345/345 343/343/343
f 349/349/349 348/348/348 347/347/347
f 350/350/350 349/349/349 347/347/347
f 353/353/353 352/352/352 351/351/351
f 354/354/354 353/353/353 351/351/351
f 357/357/357 356/356/356 355/355/355
f 358/358/358 357/357/357 355/355/355
f 361/361/361 360/360/360 359/359/359
f 362/362/362 361/361/361 359/359/359
f 365/365/365 364/364/364 363/363/363
f 366/366/366 365/365/365 363/363/363
f 369/369/369 368/368/368 367/367/367
f 370/370/370 369/369/369 367/367/367
f 373/373/373 372/372/372 371/371/371
f 374/374/374 373/373/373 371/371/371
f 377/377/377 376/376/376 375/375/375
f 378/378/378 377/377/377 375/375/375
f 381/381/381 380/380/380 379/379/379
f 382/382/382 381/381/381 379/379/379
f 385/385/385 384/384/384 383/383/383
f 386/386/386 385/385/385 383/383/383
f 389/389/389 388/388/388 387/387/387
f 390/390/390 389/389/389 387/387/387
f 393/393/393 392/392/392 391/391/391
f 394/394/394 393/393/393 391/391/391
f 397/397/397 396/396/396 395/395/395
f 398/398/398 397/397/397 395/395/395
f 401/401/401 400/400/400 399/399/399
f 402/402/402 401/401/401 399/399/399
f 405/405/405 404/404/404 403/403/403
f 406/406/406 405/405/405 403/403/403
f 409/409/409 408/408/408 407/407/407
f 410/410/410 409/409/409 407/407/407
f 413/413/413 412/412/412 411/411/411
f 414/414/414 413/413/413 411/411/411
f 417/417/417 416/416/416 415/415/415
f 418/418/418 417/417/417 415/415/415
f 421/421/421 420/420/420 419/419/419
f 422/422/422 421/421/421 419/419/419
f 425/425/425 424/424/424 423/423/423
f 426/426/426 425/425/425 423/423/423
f 429/429/429 428/428/428 427/427/427
f 430/430/430 429/429/429 427/427/427
f 433/433/433 432/432/432 431/431/431
f 434/434/434 433/433/433 431/431/431
f 437/437/437 436/436/436 435/435/435
f 438/438/438 437/437/437 435/435/435
f 441/441/441 440/440/440 439/439/439
f 442/442/442 441/441/441 439/439/439
f 445/445/445 444/444/444 443/443/443
f 446/446/446 445/445/445 443/443/443
f 449/449/449 448/448/448 447/447/447
f 450/450/450 449/449/449 447/447/447
f 453/453/453 452/452/452 451/451/451
f 454/454/454 453/453/453 451/451/451
f 457/457/457 456/456/456 455/455/455
f 458/458/458 457/457/457 455/455/455
f 461/461/461 460/460/460 459/459/459
f 462/462/462 461/461/461 459/459/459
f 465/465/465 464/464/464 463/463/463
f 466/466/466 465/465/465 463/463/463
f 469/469/469 468/468/468 467/467/467
f 470/470/470 469/469/469 467/467/467
f 473/473/473 472/472/472 471/471/471
f 474/474/474 473/473/473 471/471/471
f 477/477/477 476/476/476 475/475/475
f 478/478/478 477/477/477 475/475/475
f 481/481/481 480/480/480 479/479/479
f 482/482/482 481/481/481 479/479/479
f 485/485/485 484/484/484 483/483/483
f 486/486/486 485/485/485 483/483/483
f 489/489/489 488/488/488 487/487/487
f 490/490/490 489/489/489 487/487/487
f 493/493/493 492/492/492 491/491/491
f 494/494/494 493/493/493 491/491/491
f 497/497/497 496/496/496 495/495/495
f 498/498/498 497/497/497 495/495/495
f 501/501/501 500/500/500 499/499/499
f 502/502/502 501/501/501 499/499/499
f 505/505/505 504/504/504 503/503/503
f 506/506/506 505/505/505 503/503/503
f 509/509/509 508/508/508 507/507/507
f 510/510/510 509/509/509 507/507/507
f 513/513/513 512/512/512 511/511/511
f 511/511/511 514/514/514 513/513/513
f 513/513/513 514/514/514 515/515/515
f 518/518/518 517/517/517 516/516/516
f 519/519/519 518/518/518 516/516/516
f 522/522/522 521/521/521 520/520/520
f 520/520/520 523/523/523 522/522/522
f 522/522/522 523/523/523 524/524/524
f 527/527/527 526/526/526 525/525/525
f 528/528/528 527/527/527 525/525/525
f 531/531/531 530/530/530 529/529/529
f 529/529/529 532/532/532 531/531/531
f 529/529/529 533/533/533 532/532/532
f 533/533/533 534/534/534 532/532/532
f 537/537/537 536/536/536 535/535/535
f 538/538/538 537/537/537 535/535/535
f 541/541/541 540/540/540 539/539/539
f 542/542/542 541/541/541 539/539/539
f 545/545/545 544/544/544 543/543/543
f 546/546/546 545/545/545 543/543/543
f 549/549/549 548/548/548 547/547/547
f 550/550/550 549/549/549 547/547/547
f 553/553/553 552/552/552 551/551/551
f 554/554/554 553/553/553 551/551/551
f 557/557/557 556/556/556 555/555/555
f 558/558/558 557/557/557 555/555/555
f 561/561/561 560/560/560 559/559/559
f 562/562/562 561/561/561 559/559/559
f 565/565/565 564/564/564 563/563/563
f 566/566/566 565/565/565 563/563/563
f 569/569/569 568/568/568 567/567/567
f 570/570/570 569/569/569 567/567/567
f 573/573/573 572/572/572 571/571/571
f 574/574/574 573/573/573 571/571/571
f 577/577/577 576/576/576 575/575/575
f 578/578/578 577/577/577 575/575/575
f 581/581/581 580/580/580 579/579/579
f 582/582/582 581/581/581 579/579/579
f 585/585/585 584/584/584 583/583/583
f 586/586/586 585/585/585 583/583/583
f 589/589/589 588/588/588 587/587/587
f 590/590/590 589/589/589 587/587/587
f 593/593/593 592/592/592 591/591/591
f 594/594/594 593/593/593 591/591/591
f 597/597/597 596/596/596 595/595/595
f 598/598/598 597/597/597 595/595/595
f 601/601/601 600/600/600 599/599/599
f 602/602/602 601/601/601 599/599/599
f 605/605/605 604/604/604 603/603/603
f 606/606/606 605/605/605 603/603/603
f 609/609/609 608/608/608 607/607/607
f 610/610/610 609/609/609 607/607/607
f 613/613/613 612/612/612 611/611/611
f 614/614/614 613/613/613 611/611/611
f 617/617/617 616/616/616 615/615/615
f 618/618/618 617/617/617 615/615/615
f 621/621/621 620/620/620 619/619/619
f 622/622/622 621/621/621 619/619/619
f 625/625/625 624/624/624 623/623/623
f 626/626/626 625/625/625 623/623/623
f 629/629/629 628/628/628 627/627/627
f 630/630/630 629/629/629 627/627/627
f 633/633/633 632/632/632 631/631/631
f 634/634/634 633/633/633 631/631/631
f 637/637/637 636/636/636 635/635/635
f 638/638/638 637/637/637 635/635/635
f 641/641/641 640/640/640 639/639/639
f 642/642/642 641/641/641 639/639/639
f 645/645/645 644/644/644 643/643/643
f 646/646/646 645/645/645 643/643/643
f 649/649/649 648/648/648 647/647/647
f 650/650/650 649/649/649 647/647/647
f 653/653/653 652/652/652 651/651/651
f 654/654/654 653/653/653 651/651/651
f 657/657/657 656/656/656 655/655/655
f 658/658/658 657/657/657 655/655/655
f 661/661/661 660/660/660 659/659/659
f 662/662/662 661/661/661 659/659/659
f 665/665/665 664/664/664 663/663/663
f 666/666/666 665/665/665 663/663/663
f 669/669/669 668/668/668 667/667/667
f 668/668/668 670/670/670 667/667/667
f 668/668/668 671/671/671 670/670/670
f 671/671/671 672/672/672 670/670/670
f 675/675/675 674/674/674 673/673/673
f 676/676/676 675/675/675 673/673/673
f 679/679/679 678/678/678 677/677/677
f 680/680/680 679/679/679 677/677/677
f 683/683/683 682/682/682 681/681/681
f 684/684/684 683/683/683 681/681/681
f 687/687/687 686/686/686 685/685/685
f 686/686/686 688/688/688 685/685/685
f 686/686/686 689/689/689 688/688/688
f 689/689/689 690/690/690 688/688/688
f 693/693/693 692/692/692 691/691/691
f 692/692/692 694/694/694 691/691/691
f 692/692/692 695/695/695 694/694/694
f 695/695/695 696/696/696 694/694/694
f 699/699/699 698/698/698 697/697/697
f 700/700/700 699/699/699 697/697/697
f 703/703/703 702/702/702 701/701/701
f 704/704/704 703/703/703 701/701/701
f 703/703/703 704/704/704 705/705/705
f 706/706/706 703/703/703 705/705/705
f 706/706/706 705/705/705 707/707/707
f 708/708/708 706/706/706 707/707/707
f 711/711/711 710/710/710 709/709/709
f 712/712/712 711/711/711 709/709/709
f 715/715/715 714/714/714 713/713/713
f 716/716/716 715/715/715 713/713/713
f 715/715/715 716/716/716 717/717/717
f 718/718/718 715/715/715 717/717/717
f 721/721/721 720/720/720 719/719/719
f 722/722/722 721/721/721 719/719/719
f 721/721/721 722/722/722 723/723/723
f 724/724/724 721/721/721 723/723/723
f 727/727/727 726/726/726 725/725/725
f 728/728/728 727/727/727 725/725/725
f 731/731/731 730/730/730 729/729/729
f 732/732/732 731/731/731 729/729/729
f 735/735/735 734/734/734 733/733/733
f 736/736/736 735/735/735 733/733/733
f 739/739/739 738/738/738 737/737/737
f 740/740/740 739/739/739 737/737/737
f 743/743/743 742/742/742 741/741/741
f 744/744/744 743/743/743 741/741/741
f 747/747/747 746/746/746 745/745/745
f 748/748/748 747/747/747 745/745/745
f 751/751/751 750/750/750 749/749/749
f 752/752/752 751/751/751 749/749/749
f 755/755/755 754/754/754 753/753/753
f 756/756/756 755/755/755 753/753/753
f 759/759/759 758/758/758 757/757/757
f 760/760/760 759/759/759 757/757/757
f 763/763/763 762/762/762 761/761/761
f 764/764/764 763/763/763 761/761/761
f 767/767/767 766/766/766 765/765/765
f 768/768/768 767/767/767 765/765/765
f 771/771/771 770/770/770 769/769/769
f 772/772/772 771/771/771 769/769/769
f 775/775/775 774/774/774 773/773/773
f 776/776/776 775/775/775 773/773/773
f 779/779/779 778/778/778 777/777/777
f 780/780/780 779/779/779 777/777/777
f 783/783/783 782/782/782 781/781/781
f 784/784/784 783/783/783 781/781/781
f 787/787/787 786/786/786 785/785/785
f 788/788/788 787/787/787 785/785/785
f 791/791/791 790/790/790 789/789/789
f 792/792/792 791/791/791 789/789/789
f 795/795/795 794/794/794 793/793/793
f 793/793/793 796/796/796 795/795/795
f 796/796/796 797/797/797 795/795/795
f 800/800/800 799/799/799 798/798/798
f 801/801/801 800/800/800 798/798/798
f 804/804/804 803/803/803 802/802/802
f 805/805/805 804/804/804 802/802/802
f 808/808/808 807/807/807 806/806/806
f 806/806/806 809/809/809 808/808/808
f 806/806/806 810/810/810 809/809/809
f 813/813/813 812/812/812 811/811/811
f 814/814/814 813/813/813 811/811/811
f 817/817/817 816/816/816 815/815/815
f 818/818/818 817/817/817 815/815/815
f 821/821/821 820/820/820 819/819/819
f 822/822/822 821/821/821 819/819/819
f 825/825/825 824/824/824 823/823/823
f 826/826/826 825/825/825 823/823/823
f 829/829/829 828/828/828 827/827/827
f 830/830/830 829/829/829 827/827/827
f 830/830/830 827/827/827 831/831/831
f 832/832/832 830/830/830 831/831/831
f 835/835/835 834/834/834 833/833/833
f 836/836/836 835/835/835 833/833/833
f 839/839/839 838/838/838 837/837/837
f 840/840/840 839/839/839 837/837/837
f 843/843/843 842/842/842 841/841/841
f 842/842/842 844/844/844 841/841/841
f 844/844/844 842/842/842 845/845/845
f 846/846/846 844/844/844 845/845/845
f 849/849/849 848/848/848 847/847/847
f 850/850/850 849/849/849 847/847/847
f 853/853/853 852/852/852 851/851/851
f 854/854/854 853/853/853 851/851/851
f 857/857/857 856/856/856 855/855/855
f 858/858/858 857/857/857 855/855/855
f 857/857/857 860/860/860 859/859/859
f 860/860/860 861/861/861 859/859/859
f 864/864/864 863/863/863 862/862/862
f 863/863/863 865/865/865 862/862/862
f 863/863/863 866/866/866 865/865/865
f 866/866/866 867/867/867 865/865/865
f 870/870/870 869/869/869 868/868/868
f 871/871/871 870/870/870 868/868/868
f 874/874/874 873/873/873 872/872/872
f 875/875/875 874/874/874 872/872/872
f 878/878/878 877/877/877 876/876/876
f 879/879/879 878/878/878 876/876/876
f 879/879/879 880/880/880 878/878/878
f 880/880/880 881/881/881 878/878/878
f 878/878/878 881/881/881 882/882/882
f 881/881/881 880/880/880 883/883/883
f 881/881/881 884/884/884 882/882/882
f 881/881/881 883/883/883 884/884/884
f 883/883/883 885/885/885 884/884/884
f 888/888/888 887/887/887 886/886/886
f 889/889/889 888/888/888 886/886/886
f 892/892/892 891/891/891 890/890/890
f 893/893/893 892/892/892 890/890/890
f 894/894/894 892/892/892 893/893/893
f 895/895/895 894/894/894 893/893/893
f 896/896/896 894/894/894 895/895/895
f 897/897/897 896/896/896 895/895/895
f 900/900/900 899/899/899 898/898/898
f 901/901/901 900/900/900 898/898/898
f 904/904/904 903/903/903 902/902/902
f 904/904/904 902/902/902 905/905/905
f 906/906/906 904/904/904 905/905/905
f 909/909/909 908/908/908 907/907/907
f 910/910/910 909/909/909 907/907/907
f 909/909/909 910/910/910 911/911/911
f 912/912/912 909/909/909 911/911/911
f 913/913/913 912/912/912 911/911/911
f 914/914/914 912/912/912 913/913/913
f 915/915/915 914/914/914 913/913/913
f 918/918/918 917/917/917 916/916/916
f 919/919/919 918/918/918 916/916/916
f 920/920/920 918/918/918 919/919/919
f 921/921/921 920/920/920 919/919/919
f 922/922/922 920/920/920 921/921/921
f 923/923/923 922/922/922 921/921/921
f 926/926/926 925/925/925 924/924/924
f 927/927/927 926/926/926 924/924/924
f 928/928/928 926/926/926 927/927/927
f 929/929/929 928/928/928 927/927/927
f 932/932/932 931/931/931 930/930/930
f 933/933/933 932/932/932 930/930/930
f 936/936/936 935/935/935 934/934/934
f 937/937/937 936/936/936 934/934/934
f 938/938/938 936/936/936 937/937/937
f 939/939/939 938/938/938 937/937/937
f 940/940/940 936/936/936 938/938/938
f 943/943/943 942/942/942 941/941/941
f 944/944/944 943/943/943 941/941/941
f 947/947/947 946/946/946 945/945/945
f 948/948/948 947/947/947 945/945/945
f 951/951/951 950/950/950 949/949/949
f 952/952/952 951/951/951 949/949/949
f 955/955/955 954/954/954 953/953/953
f 956/956/956 955/955/955 953/953/953
f 959/959/959 958/958/958 957/957/957
f 960/960/960 959/959/959 957/957/957
f 963/963/963 962/962/962 961/961/961
f 964/964/964 963/963/963 961/961/961
f 967/967/967 966/966/966 965/965/965
f 968/968/968 967/967/967 965/965/965
f 971/971/971 970/970/970 969/969/969
f 972/972/972 971/971/971 969/969/969
f 975/975/975 974/974/974 973/973/973
f 976/976/976 975/975/975 973/973/973
f 979/979/979 978/978/978 977/977/977
f 980/980/980 979/979/979 977/977/977
f 977/977/977 981/981/981 980/980/980
f 982/982/982 981/981/981 977/977/977
f 985/985/985 984/984/984 983/983/983
f 986/986/986 985/985/985 983/983/983
f 986/986/986 983/983/983 987/987/987
f 988/988/988 986/986/986 987/987/987
f 991/991/991 990/990/990 989/989/989
f 990/990/990 992/992/992 989/989/989
f 992/992/992 993/993/993 989/989/989
f 993/993/993 994/994/994 989/989/989
f 997/997/997 996/996/996 995/995/995
f 998/998/998 997/997/997 995/995/995
f 1001/1001/1001 1000/1000/1000 999/999/999
f 1002/1002/1002 1001/1001/1001 999/999/999
f 1005/1005/1005 1004/1004/1004 1003/1003/1003
f 1006/1006/1006 1005/1005/1005 1003/1003/1003
f 1009/1009/1009 1008/1008/1008 1007/1007/1007
f 1010/1010/1010 1009/1009/1009 1007/1007/1007
f 1013/1013/1013 1012/1012/1012 1011/1011/1011
f 1014/1014/1014 1013/1013/1013 1011/1011/1011
f 1017/1017/1017 1016/1016/1016 1015/1015/1015
f 1018/1018/1018 1017/1017/1017 1015/1015/1015
f 1021/1021/1021 1020/1020/1020 1019/1019/1019
f 1022/1022/1022 1021/1021/1021 1019/1019/1019
f 1021/1021/1021 1022/1022/1022 1023/1023/1023
f 1023/1023/1023 1022/1022/1022 1024/1024/1024
f 1025/1025/1025 1023/1023/1023 1024/1024/1024
f 1028/1028/1028 1027/1027/1027 1026/1026/1026
f 1029/1029/1029 1028/1028/1028 1026/1026/1026
f 1032/1032/1032 1031/1031/1031 1030/1030/1030
f 1033/1033/1033 1032/1032/1032 1030/1030/1030
f 1036/1036/1036 1035/1035/1035 1034/1034/1034
f 1037/1037/1037 1036/1036/1036 1034/1034/1034
f 1037/1037/1037 1034/1034/1034 1038/1038/1038
f 1037/1037/1037 1038/1038/1038 1039/1039/1039
f 1038/1038/1038 1040/1040/1040 1039/1039/1039
f 1043/1043/1043 1042/1042/1042 1041/1041/1041
f 1044/1044/1044 1043/1043/1043 1041/1041/1041
f 1044/1044/1044 1041/1041/1041 1045/1045/1045
f 1044/1044/1044 1045/1045/1045 1046/1046/1046
f 1045/1045/1045 1047/1047/1047 1046/1046/1046
f 1050/1050/1050 1049/1049/1049 1048/1048/1048
f 1051/1051/1051 1050/1050/1050 1048/1048/1048
f 1054/1054/1054 1053/1053/1053 1052/1052/1052
f 1055/1055/1055 1054/1054/1054 1052/1052/1052
f 1054/1054/1054 1055/1055/1055 1056/1056/1056
f 1057/1057/1057 1054/1054/1054 1056/1056/1056
f 1060/1060/1060 1059/1059/1059 1058/1058/1058
f 1061/1061/1061 1060/1060/1060 1058/1058/1058
f 1060/1060/1060 1061/1061/1061 1062/1062/1062
f 1063/1063/1063 1060/1060/1060 1062/1062/1062
f 1060/1060/1060 1063/1063/1063 1064/1064/1064
f 1065/1065/1065 1060/1060/1060 1064/1064/1064
f 1068/1068/1068 1067/1067/1067 1066/1066/1066
f 1069/1069/1069 1068/1068/1068 1066/1066/1066
