g FX_0331_Labor_Decagram_Original_Mesh
v 0.059054818 -0.059054807 0.22655784
v 0.058962267 -0.0378786 0.24296962
v 0.07715882 -0.03196023 0.22655784
v 0.07715882 0.03196024 0.22655784
v 0.058962252 0.037878606 0.24296962
v 0.059054807 0.059054818 0.22655784
v -0.077158816 -0.031960245 0.22655784
v -0.058962252 -0.0378786 0.24296962
v -0.059054807 -0.059054807 0.22655784
v -0.058962263 0.037878595 0.24296962
v -0.07715882 0.03196023 0.22655784
v -0.059054818 0.059054807 0.22655784
v 0.05101647 -0.10940516 0.17506976
v 0.0445968 -0.09563812 0.1909935
v 0.05480162 -0.09087958 0.18632953
v 0.054801606 -0.09087955 0.16381
v 0.0445968 -0.09563812 0.15914604
v -0.05101647 -0.10940516 0.17506976
v -0.05480162 -0.09087958 0.18632953
v -0.0445968 -0.09563812 0.1909935
v -0.0445968 -0.09563812 0.15914604
v -0.054801606 -0.09087955 0.16381
v 0.44048205 -0.6216646 0.00411579
v 0.4267317 -0.60527766 0.013322115
v 0.46748343 -0.6361111 0.00411579
v 0.47280967 -0.5945385 0.00411579
v 0.4823478 -0.6236383 0.00411579
v 0.45905936 -0.5781515 0.013322115
v -0.44048205 -0.6216646 0.00411579
v -0.46748343 -0.6361111 0.00411579
v -0.4267317 -0.60527766 0.013322115
v -0.47280967 -0.5945385 0.00411579
v -0.45905936 -0.5781515 0.013322115
v -0.4823478 -0.6236383 0.00411579
v 0.7646128 0.04571401 0.00411579
v 0.7433025 0.043849573 0.013322115
v 0.79193395 0.0595461 0.00411579
v 0.76093465 0.08775409 0.00411579
v 0.7902426 0.07887636 0.00411579
v 0.7396244 0.08588972 0.013322115
v 0.4011171 0.65255463 0.00411579
v 0.39042124 0.63402885 0.013322115
v 0.4054573 0.68286854 0.00411579
v -0.4011172 0.6525545 0.00411579
v -0.4054573 0.6828684 0.00411579
v -0.39042136 0.6340288 0.013322115
v -0.35037944 0.62706417 0.038997676
v -0.35138905 0.63461787 0.02825217
v -0.32951117 0.5975654 0.057367906
v -0.1791611 0.35677624 0.27547583
v -0.18091865 0.35056952 0.2908803
v -0.1958841 0.38299617 0.25219283
v -0.7609347 0.08775382 0.00411579
v -0.73962444 0.08588945 0.013322115
v -0.79024273 0.07887614 0.00411579
v -0.76461273 0.04571374 0.00411579
v -0.79193383 0.059545863 0.00411579
v -0.74330246 0.043849304 0.013322115
v -0.037940018 0.037878606 0.25422746
v 0.037940018 0.037878606 0.25422746
v -0.03794 -0.0378786 0.25422746
v 0.03794 -0.0378786 0.25422746
v 0.05896223 0.037878603 0.27721798
v 0.058962252 0.037878606 0.24296962
v 0.058962267 -0.0378786 0.24296962
v 0.058962233 -0.037878606 0.27721798
v 0.05896222 -0.031865917 0.29778606
v 0.058962215 0.03186997 0.29778606
v 0.058962215 0.012174496 0.31209567
v 0.05896222 -0.012170447 0.31209567
v 0.03794 -0.0378786 0.25422746
v 0.037940018 0.037878606 0.25422746
v 0.037940018 0.037878606 0.27721798
v 0.03794 -0.0378786 0.27721798
v 0.037939984 -0.031865917 0.29778606
v 0.03793998 0.03186997 0.29778606
v 0.03793998 0.012174496 0.31209567
v 0.037939984 -0.012170447 0.31209567
v 0.05896222 -0.031865917 0.29778606
v 0.03794 -0.0378786 0.27721798
v 0.037939984 -0.031865917 0.29778606
v 0.058962233 -0.037878606 0.27721798
v 0.03794 -0.0378786 0.25422746
v 0.058962267 -0.0378786 0.24296962
v -0.058962252 -0.0378786 0.24296962
v -0.03794 -0.0378786 0.25422746
v -0.058962233 -0.037878606 0.27721798
v -0.03794 -0.0378786 0.27721798
v -0.05896223 -0.031865917 0.29778606
v -0.03793999 -0.031865917 0.29778606
v 0.05896222 -0.012170447 0.31209567
v 0.05896222 -0.031865917 0.29778606
v 0.037939984 -0.031865917 0.29778606
v 0.037939984 -0.012170447 0.31209567
v 0.058962215 0.012174496 0.31209567
v 0.03793998 0.012174496 0.31209567
v 0.058962215 0.03186997 0.29778606
v 0.03793998 0.03186997 0.29778606
v 0.058962215 0.03186997 0.29778606
v 0.03793998 0.03186997 0.29778606
v 0.037940018 0.037878606 0.27721798
v 0.05896223 0.037878603 0.27721798
v 0.037940018 0.037878606 0.25422746
v 0.058962252 0.037878606 0.24296962
v -0.037940018 0.037878606 0.25422746
v -0.058962263 0.037878595 0.24296962
v -0.05896223 0.037878603 0.27721798
v -0.037940018 0.037878606 0.27721798
v -0.05896222 0.03186997 0.29778606
v -0.037939988 0.03186997 0.29778606
v -0.058962233 -0.037878606 0.27721798
v -0.058962252 -0.0378786 0.24296962
v -0.058962263 0.037878595 0.24296962
v -0.05896223 0.037878603 0.27721798
v -0.05896223 -0.031865917 0.29778606
v -0.05896222 0.03186997 0.29778606
v -0.05896222 0.012174496 0.31209567
v -0.05896223 -0.012170447 0.31209567
v -0.037940018 0.037878606 0.27721798
v -0.037940018 0.037878606 0.25422746
v -0.03794 -0.0378786 0.25422746
v -0.03794 -0.0378786 0.27721798
v -0.03793999 -0.031865917 0.29778606
v -0.037939988 0.03186997 0.29778606
v -0.037939988 0.012174496 0.31209567
v -0.03793999 -0.012170447 0.31209567
v -0.05896223 -0.012170447 0.31209567
v -0.03793999 -0.031865917 0.29778606
v -0.05896223 -0.031865917 0.29778606
v -0.03793999 -0.012170447 0.31209567
v -0.05896222 0.012174496 0.31209567
v -0.037939988 0.012174496 0.31209567
v -0.05896222 0.03186997 0.29778606
v -0.037939988 0.03186997 0.29778606
v -0.059054807 -0.059054807 0.16852961
v -0.059054807 -0.059054807 0.22655784
v -0.03196023 -0.07715882 0.22655784
v -0.03196023 -0.07715882 0.16852961
v 6.071796E-09 -0.08351612 0.22655784
v 6.071796E-09 -0.08351612 0.16852961
v 0.031960238 -0.07715882 0.22655784
v 0.031960238 -0.07715882 0.16852961
v 0.059054818 -0.059054807 0.22655784
v 0.059054818 -0.059054807 0.16852961
v 0.059054807 0.059054818 0.22655784
v 0.031960227 0.07715882 0.22655784
v 0.059054807 0.059054818 0.16852961
v 0.031960227 0.07715882 0.16852961
v -6.538787E-09 0.08351612 0.22655784
v -6.538787E-09 0.08351612 0.16852961
v -0.031960245 0.07715882 0.22655784
v -0.031960245 0.07715882 0.16852961
v -0.059054818 0.059054807 0.22655784
v -0.059054818 0.059054807 0.16852961
v -0.059054807 -0.059054807 0.22655784
v -0.059054807 -0.059054807 0.16852961
v -0.077158816 -0.031960245 0.16852961
v -0.077158816 -0.031960245 0.22655784
v -0.08351613 -3.7252903E-09 0.16852961
v -0.08351613 -3.7252903E-09 0.22655784
v -0.07715882 0.03196023 0.16852961
v -0.07715882 0.03196023 0.22655784
v -0.059054818 0.059054807 0.16852961
v -0.059054818 0.059054807 0.22655784
v 0.059054807 0.059054818 0.22655784
v 0.059054807 0.059054818 0.16852961
v 0.07715882 0.03196024 0.16852961
v 0.07715882 0.03196024 0.22655784
v 0.08351613 3.7252903E-09 0.16852961
v 0.08351613 3.7252903E-09 0.22655784
v 0.07715882 -0.03196023 0.16852961
v 0.07715882 -0.03196023 0.22655784
v 0.059054818 -0.059054807 0.16852961
v 0.059054818 -0.059054807 0.22655784
v 0.07715882 -0.03196023 0.22655784
v 0.058962267 -0.0378786 0.24296962
v 0.08351613 3.7252903E-09 0.22655784
v 0.058962252 0.037878606 0.24296962
v 0.07715882 0.03196024 0.22655784
v -0.07715882 0.03196023 0.22655784
v -0.058962263 0.037878595 0.24296962
v -0.08351613 -3.7252903E-09 0.22655784
v -0.058962252 -0.0378786 0.24296962
v -0.077158816 -0.031960245 0.22655784
v 0.059054818 -0.059054807 0.22655784
v 0.031960238 -0.07715882 0.22655784
v 0.058962267 -0.0378786 0.24296962
v 6.071796E-09 -0.08351612 0.22655784
v -0.058962252 -0.0378786 0.24296962
v -0.03196023 -0.07715882 0.22655784
v -0.059054807 -0.059054807 0.22655784
v -0.059054818 0.059054807 0.22655784
v -0.031960245 0.07715882 0.22655784
v -0.058962263 0.037878595 0.24296962
v -6.538787E-09 0.08351612 0.22655784
v 0.058962252 0.037878606 0.24296962
v 0.031960227 0.07715882 0.22655784
v 0.059054807 0.059054818 0.22655784
v -0.07715882 0.03196023 0.16852961
v -0.08351613 -3.7252903E-09 0.16852961
v -0.077158816 -0.031960245 0.16852961
v -0.03196023 -0.07715882 0.16852961
v -0.059054807 -0.059054807 0.16852961
v 0.031960227 0.07715882 0.16852961
v -0.031960245 0.07715882 0.16852961
v -0.059054818 0.059054807 0.16852961
v -6.538787E-09 0.08351612 0.16852961
v 0.07715882 -0.03196023 0.16852961
v 0.031960238 -0.07715882 0.16852961
v 6.071796E-09 -0.08351612 0.16852961
v 0.059054818 -0.059054807 0.16852961
v 0.07715882 0.03196024 0.16852961
v 0.08351613 3.7252903E-09 0.16852961
v 0.059054807 0.059054818 0.16852961
v -2.541214E-09 0.034665484 0.27558634
v 0.024510762 0.024512788 0.27558634
v 0.024510762 0.024512788 0.39356047
v -2.541214E-09 0.034665484 0.39356047
v -0.024510767 0.024512788 0.27558634
v -0.024510767 0.024512788 0.39356047
v 0.034663454 2.0246953E-06 0.39356047
v 0.024510762 0.024512788 0.39356047
v 0.024510762 0.024512788 0.27558634
v 0.034663454 2.0246953E-06 0.27558634
v 0.024510762 -0.024508743 0.39356047
v 0.024510762 -0.024508743 0.27558634
v -2.541214E-09 -0.03466143 0.39356047
v 0.024510762 -0.024508743 0.39356047
v 0.024510762 -0.024508743 0.27558634
v -2.541214E-09 -0.03466143 0.27558634
v -0.024510767 -0.024508743 0.39356047
v -0.024510767 -0.024508743 0.27558634
v -0.03466346 2.0246953E-06 0.39356047
v -0.024510767 -0.024508743 0.39356047
v -0.024510767 -0.024508743 0.27558634
v -0.03466346 2.0246953E-06 0.27558634
v -0.024510767 0.024512788 0.39356047
v -0.024510767 0.024512788 0.27558634
v -0 0.043231018 0.31433412
v 0.030567514 0.030569538 0.31433412
v 0.030567514 0.030569538 0.32812804
v -0 0.043231018 0.32812804
v -0.030567514 0.030569538 0.31433412
v -0.030567514 0.030569538 0.32812804
v 0.04322899 2.0246953E-06 0.32812804
v 0.030567514 0.030569538 0.32812804
v 0.030567514 0.030569538 0.31433412
v 0.04322899 2.0246953E-06 0.31433412
v 0.030567514 -0.030565487 0.32812804
v 0.030567514 -0.030565487 0.31433412
v -0 -0.043226965 0.32812804
v 0.030567514 -0.030565487 0.32812804
v 0.030567514 -0.030565487 0.31433412
v -0 -0.043226965 0.31433412
v -0.030567514 -0.030565487 0.32812804
v -0.030567514 -0.030565487 0.31433412
v -0.04322899 2.0246953E-06 0.32812804
v -0.030567514 -0.030565487 0.32812804
v -0.030567514 -0.030565487 0.31433412
v -0.04322899 2.0246953E-06 0.31433412
v -0.030567514 0.030569538 0.32812804
v -0.030567514 0.030569538 0.31433412
v -0.030567514 0.030569538 0.32812804
v -0 0.043231018 0.32812804
v 0.030567514 0.030569538 0.32812804
v -0 -0.043226965 0.32812804
v 0.04322899 2.0246953E-06 0.32812804
v 0.030567514 -0.030565487 0.32812804
v -0.04322899 2.0246953E-06 0.32812804
v -0.030567514 -0.030565487 0.32812804
v 0.030567514 0.030569538 0.31433412
v -0 0.043231018 0.31433412
v -0.030567514 0.030569538 0.31433412
v -0 -0.043226965 0.31433412
v 0.04322899 2.0246953E-06 0.31433412
v 0.030567514 -0.030565487 0.31433412
v -0.04322899 2.0246953E-06 0.31433412
v -0.030567514 -0.030565487 0.31433412
v -0.045769207 0.024512798 0.25107566
v 0.045769203 0.024512798 0.25107566
v 0.045769196 0.034665484 0.2755864
v -0.045769203 0.034665484 0.2755864
v -0.045769203 0.024512794 0.30009717
v 0.045769196 0.024512794 0.30009717
v 0.045769203 2.0354055E-06 0.24092294
v 0.045769203 0.024512798 0.25107566
v -0.045769207 0.024512798 0.25107566
v -0.045769207 2.0354055E-06 0.24092294
v 0.045769203 -0.024508731 0.25107563
v -0.045769215 -0.024508731 0.25107563
v 0.045769203 -0.034661427 0.2755864
v 0.045769203 -0.024508731 0.25107563
v -0.045769215 -0.024508731 0.25107563
v -0.045769215 -0.034661427 0.2755864
v -0.045769207 -0.024508739 0.30009717
v 0.045769203 -0.024508739 0.30009717
v 0.045769203 2.0260923E-06 0.31024984
v 0.045769203 -0.024508739 0.30009717
v -0.045769207 -0.024508739 0.30009717
v -0.045769207 2.0260923E-06 0.31024984
v 0.045769196 0.024512794 0.30009717
v -0.045769203 0.024512794 0.30009717
v 0.05896222 -0.023833968 0.25990015
v 0.086068116 -0.023833968 0.25990015
v 0.086068116 -0.009102516 0.2491971
v 0.05896222 -0.009102516 0.2491971
v 0.086068116 0.009106563 0.2491971
v 0.05896222 0.009106563 0.2491971
v 0.086068116 0.023838019 0.25990015
v 0.05896222 0.023838019 0.25990015
v 0.086068116 0.02946493 0.277218
v 0.05896222 0.023838019 0.25990015
v 0.086068116 0.023838019 0.25990015
v 0.05896222 0.02946493 0.277218
v 0.086068094 0.023838019 0.29453585
v 0.05896221 0.023838019 0.29453585
v 0.086068116 -0.023833968 0.25990015
v 0.05896222 -0.023833968 0.25990015
v 0.05896222 -0.029460885 0.277218
v 0.086068116 -0.029460885 0.277218
v 0.05896222 -0.023833968 0.29453585
v 0.086068116 -0.023833968 0.29453585
v 0.05896221 0.023838019 0.29453585
v 0.086068094 0.023838019 0.29453585
v 0.086068094 0.009106563 0.3052389
v 0.05896221 0.009106563 0.3052389
v 0.05896222 -0.009102516 0.3052389
v 0.086068116 -0.009102516 0.3052389
v 0.086068116 -0.023833968 0.29453585
v 0.05896222 -0.023833968 0.29453585
v -0.05896223 -0.023833968 0.25990015
v -0.086068116 -0.009102516 0.2491971
v -0.086068116 -0.023833968 0.25990015
v -0.05896223 -0.009102516 0.2491971
v -0.086068116 0.009106563 0.2491971
v -0.05896223 0.009106563 0.2491971
v -0.086068116 0.023838019 0.25990015
v -0.05896223 0.023838019 0.25990015
v -0.086068116 0.02946493 0.277218
v -0.086068116 0.023838019 0.25990015
v -0.05896223 0.023838019 0.25990015
v -0.05896223 0.02946493 0.277218
v -0.086068094 0.023838019 0.29453585
v -0.058962215 0.023838019 0.29453585
v -0.05896223 -0.029460885 0.277218
v -0.05896223 -0.023833968 0.25990015
v -0.086068116 -0.023833968 0.25990015
v -0.086068116 -0.029460885 0.277218
v -0.05896223 -0.023833968 0.29453585
v -0.086068116 -0.023833968 0.29453585
v -0.058962215 0.023838019 0.29453585
v -0.086068094 0.009106563 0.3052389
v -0.086068094 0.023838019 0.29453585
v -0.058962215 0.009106563 0.3052389
v -0.05896223 -0.009102516 0.3052389
v -0.086068116 -0.009102516 0.3052389
v -0.086068116 -0.023833968 0.29453585
v -0.05896223 -0.023833968 0.29453585
v -0.07224777 -0.07224779 0.20971812
v -0.039100215 -0.09439626 0.20971812
v -0.07224777 -0.07224779 0.14042139
v -0.039100215 -0.09439626 0.14042139
v 7.1056374E-09 -0.10217378 0.20971812
v 7.1056374E-09 -0.10217378 0.14042139
v 0.039100222 -0.09439626 0.20971812
v 0.039100222 -0.09439626 0.14042139
v 0.07224779 -0.07224779 0.20971812
v 0.07224779 -0.07224779 0.14042139
v -0.09439626 -0.03910023 0.20971812
v -0.07224777 -0.07224779 0.20971812
v -0.09439626 -0.03910023 0.14042139
v -0.07224777 -0.07224779 0.14042139
v 0.07224779 -0.07224779 0.20971812
v 0.09439626 -0.039100215 0.20971812
v 0.07224779 -0.07224779 0.14042139
v 0.09439626 -0.039100215 0.14042139
v 0.0660958 -0.0660958 0.20971812
v 0.08635831 -0.035770785 0.20971812
v 0.09439626 -0.039100215 0.20971812
v 0.07224779 -0.07224779 0.20971812
v 0.039100222 -0.09439626 0.20971812
v 0.035770796 -0.08635831 0.20971812
v 6.9034676E-09 -0.09347358 0.20971812
v 7.1056374E-09 -0.10217378 0.20971812
v -0.039100215 -0.09439626 0.20971812
v -0.03577079 -0.08635831 0.20971812
v -0.07224777 -0.07224779 0.20971812
v -0.06609579 -0.0660958 0.20971812
v -0.086358294 -0.0357708 0.20971812
v -0.09439626 -0.03910023 0.20971812
v 0.09439626 -0.039100215 0.20971812
v 0.08635831 -0.035770785 0.20971812
v 0.08635831 -0.035770785 0.14042139
v 0.09439626 -0.039100215 0.14042139
v -0.086358294 -0.0357708 0.20971812
v -0.09439626 -0.03910023 0.20971812
v -0.09439626 -0.03910023 0.14042139
v -0.086358294 -0.0357708 0.14042139
v 0.09439626 -0.039100215 0.14042139
v 0.08635831 -0.035770785 0.14042139
v 0.0660958 -0.0660958 0.14042139
v 0.07224779 -0.07224779 0.14042139
v 0.039100222 -0.09439626 0.14042139
v 0.035770796 -0.08635831 0.14042139
v 6.9034676E-09 -0.09347358 0.14042139
v 7.1056374E-09 -0.10217378 0.14042139
v -0.039100215 -0.09439626 0.14042139
v -0.03577079 -0.08635831 0.14042139
v -0.07224777 -0.07224779 0.14042139
v -0.06609579 -0.0660958 0.14042139
v -0.086358294 -0.0357708 0.14042139
v -0.09439626 -0.03910023 0.14042139
v 0.0660958 -0.0660958 0.20971812
v 0.035770796 -0.08635831 0.20971812
v 0.0660958 -0.0660958 0.14042139
v 0.035770796 -0.08635831 0.14042139
v 6.9034676E-09 -0.09347358 0.20971812
v 6.9034676E-09 -0.09347358 0.14042139
v -0.03577079 -0.08635831 0.20971812
v -0.03577079 -0.08635831 0.14042139
v -0.06609579 -0.0660958 0.20971812
v -0.06609579 -0.0660958 0.14042139
v 0.08635831 -0.035770785 0.20971812
v 0.0660958 -0.0660958 0.20971812
v 0.08635831 -0.035770785 0.14042139
v 0.0660958 -0.0660958 0.14042139
v -0.06609579 -0.0660958 0.20971812
v -0.086358294 -0.0357708 0.20971812
v -0.06609579 -0.0660958 0.14042139
v -0.086358294 -0.0357708 0.14042139
v -0.05455527 -0.05455527 0.16852961
v -0.040723912 -0.040723912 0.15104112
v -0.05455527 0.05455527 0.16852961
v -0.040723912 0.040723912 0.15104112
v -0.05455527 0.05455527 0.16852961
v -0.040723912 0.040723912 0.15104112
v 0.05455527 0.05455527 0.16852961
v 0.040723912 0.040723912 0.15104112
v 0.05455527 0.05455527 0.16852961
v 0.040723912 0.040723912 0.15104112
v 0.05455527 -0.05455527 0.16852961
v 0.040723912 -0.040723912 0.15104112
v 0.05455527 -0.05455527 0.16852961
v 0.040723912 -0.040723912 0.15104112
v -0.05455527 -0.05455527 0.16852961
v -0.040723912 -0.040723912 0.15104112
v -0.040723912 0.040723912 0.15104112
v 0.040723912 0.040723912 0.11561961
v 0.040723912 0.040723912 0.15104112
v -0.040723912 0.040723912 0.11561961
v 0.040723912 -0.040723912 0.11561961
v -0.040723912 0.040723912 0.11561961
v -0.040723912 -0.040723912 0.11561961
v 0.040723912 0.040723912 0.11561961
v -0.040723912 -0.040723912 0.15104112
v -0.040723912 0.040723912 0.11561961
v -0.040723912 0.040723912 0.15104112
v -0.040723912 -0.040723912 0.11561961
v 0.040723912 0.040723912 0.15104112
v 0.040723912 -0.040723912 0.11561961
v 0.040723912 -0.040723912 0.15104112
v 0.040723912 0.040723912 0.11561961
v 0.040723912 -0.040723912 0.15104112
v -0.040723912 -0.040723912 0.11561961
v -0.040723912 -0.040723912 0.15104112
v 0.040723912 -0.040723912 0.11561961
v 0.08529 -0.10339476 0.5548915
v 0.08529 -0.10339475 0.40319613
v 0.08529 -0.18834858 0.40319613
v 0.08529 -0.18834858 0.6262867
v 0.08529 0.03503833 0.5548915
v 0.0828535 -0.19271475 0.6262867
v 0.0828535 -0.19271475 0.40319613
v 0.08134159 -0.19121149 0.6298222
v 0.08529 0.12849922 0.6262867
v 0.08529 0.12849922 0.5263343
v 0.08529 0.05183726 0.5263343
v 0.081754476 0.13203476 0.5263343
v 0.081754476 0.13203476 0.6262867
v 0.081754476 0.13203476 0.6262867
v -0.081754476 0.13203476 0.6262867
v -0.081754476 0.13203476 0.5263343
v 0.081754476 0.13203476 0.5263343
v -0.08529 -0.18834858 0.40319613
v -0.08529 -0.10339476 0.40319613
v -0.08529 -0.10339476 0.5548915
v -0.08529 -0.18834858 0.6262867
v -0.0828535 -0.19271475 0.40319613
v -0.0828535 -0.19271475 0.6262867
v -0.08134159 -0.19121149 0.6298222
v -0.08529 0.03503833 0.5548915
v -0.08529 0.12849922 0.6262867
v -0.08529 0.12849922 0.5263343
v -0.08529 0.05183726 0.5263343
v -0.081754476 0.13203476 0.6262867
v -0.081754476 0.13203476 0.5263343
v 0.020941855 0.10982855 0.4863783
v -0.0032107355 0.10982855 0.4863783
v 0.020941855 0.10982855 0.4301051
v -0.0032107355 0.10982855 0.4301051
v 0.05640392 0.109828524 0.4863783
v 0.032251347 0.10982855 0.4863783
v 0.05640392 0.109828524 0.4301051
v 0.032251347 0.10982855 0.4301051
v 0.039913736 -0.21670525 0.6298222
v 0.0382388 -0.22024077 0.6262867
v -0.0382388 -0.22024077 0.6262867
v -0.039913736 -0.21670525 0.6298222
v 0.08134159 -0.19121149 0.6298222
v -0.08134159 -0.19121149 0.6298222
v 0.08139952 0.12849922 0.6298222
v 0.08529 -0.18834858 0.6262867
v 0.08529 0.12849922 0.6262867
v 0.081754476 0.13203476 0.6262867
v -0.08139952 0.12849922 0.6298222
v -0.08529 -0.18834858 0.6262867
v -0.081754476 0.13203476 0.6262867
v -0.08529 0.12849922 0.6262867
v -0.039913736 -0.21670525 0.6298222
v -0.0828535 -0.19271475 0.6262867
v -0.08134159 -0.19121149 0.6298222
v -0.0382388 -0.22024077 0.6262867
v -0.0828535 -0.19271475 0.40319613
v -0.0382388 -0.22024077 0.40319613
v 0.0382388 -0.22024077 0.40319613
v 0.0382388 -0.22024077 0.6262867
v 0.0828535 -0.19271475 0.40319613
v 0.0828535 -0.19271475 0.6262867
v 0.039913736 -0.21670525 0.6298222
v 0.08134159 -0.19121149 0.6298222
v 0.08529 -0.10339476 0.5548915
v -0.08529 -0.10339476 0.5548915
v -0.08529 -0.10339476 0.40319613
v 0.08529 -0.10339475 0.40319613
v 0.08529 0.12849922 0.5263343
v 0.081754476 0.13203476 0.5263343
v -0.081754476 0.13203476 0.5263343
v -0.08529 0.12849922 0.5263343
v 0.08529 0.05183726 0.5263343
v -0.08529 0.05183726 0.5263343
v 0.08529 -0.10339476 0.5548915
v 0.08529 0.03503833 0.5548915
v -0.08529 -0.10339476 0.5548915
v -0.08529 0.03503833 0.5548915
v 0.08529 0.03503833 0.5548915
v -0.08529 0.05183726 0.5263343
v -0.08529 0.03503833 0.5548915
v 0.08529 0.05183726 0.5263343
v -0.0828535 -0.19271475 0.40319613
v -0.0382388 -0.22024077 0.40319613
v 0.0382388 -0.22024077 0.40319613
v 0.0828535 -0.19271475 0.40319613
v -0.08529 -0.18834858 0.40319613
v 0.08529 -0.18834858 0.40319613
v -0.08529 -0.10339476 0.40319613
v 0.08529 -0.10339475 0.40319613
v -0.07147026 0.10882853 0.5548915
v 0.07147026 0.10882853 0.38933513
v 0.07147026 0.10882853 0.5548915
v -0.07147026 0.10882853 0.38933513
v 0.07147026 0.10882853 0.5548915
v 0.07147026 -0.10339476 0.38933513
v 0.07147026 -0.10339476 0.5548915
v 0.07147026 0.10882853 0.38933513
v 0.07147026 0.077515736 0.35589647
v 0.07147026 -0.13779949 0.35589647
v 0.07147026 -0.25087282 0.38933513
v 0.06793473 -0.10339476 0.39287066
v 0.06793473 -0.25087282 0.39287066
v 0.07147026 -0.25087282 0.35589647
v 0.06793473 -0.25440836 0.38933513
v 0.06793473 -0.25440836 0.35589647
v 0.06793473 -0.25440836 0.38933513
v 0.06793473 -0.25440836 0.35589647
v -0.06793473 -0.25440836 0.35589647
v -0.06793473 -0.25440836 0.38933513
v 0.06793473 -0.25087282 0.39287066
v -0.06793473 -0.25087282 0.39287066
v -0.07147026 -0.10339476 0.5548915
v -0.07147026 0.10882853 0.38933513
v -0.07147026 0.10882853 0.5548915
v -0.07147026 -0.10339476 0.38933513
v -0.07147026 0.077515736 0.35589647
v -0.07147026 -0.13779947 0.35589647
v -0.07147026 -0.25087282 0.38933513
v -0.07147026 -0.25087282 0.35589647
v -0.06793473 -0.25440836 0.35589647
v -0.06793473 -0.25440836 0.38933513
v -0.06793473 -0.25087282 0.39287066
v -0.06793473 -0.10339476 0.39287066
v -0.06793473 -0.10339476 0.39287066
v 0.06793473 -0.10339476 0.39287066
v -0.06793473 -0.25087282 0.39287066
v 0.06793473 -0.25087282 0.39287066
v -0.07147026 0.10882853 0.38933513
v 0.07147026 0.077515736 0.35589647
v 0.07147026 0.10882853 0.38933513
v -0.07147026 0.077515736 0.35589647
v -0.07147026 -0.10339476 0.5548915
v -0.06793473 -0.10339476 0.39287066
v -0.07147026 -0.10339476 0.38933513
v 0.06793473 -0.10339476 0.39287066
v 0.07147026 -0.10339476 0.5548915
v 0.07147026 -0.10339476 0.38933513
v -0.06793473 -0.25440836 0.35589647
v 0.06793473 -0.25440836 0.35589647
v 0.07147026 -0.25087282 0.35589647
v -0.07147026 -0.25087282 0.35589647
v 0.07147026 -0.13779949 0.35589647
v -0.07147026 -0.13779947 0.35589647
v 0.07147026 0.077515736 0.35589647
v -0.07147026 0.077515736 0.35589647
v 0.07147026 -0.24104995 0.35589647
v 0.07147026 -0.06591047 0.35589647
v 0.07147026 -0.09218875 0.33019984
v 0.07147026 -0.24104995 0.33019984
v 0.06793473 -0.24458548 0.35589647
v 0.06793473 -0.24458548 0.33019984
v 0.06793473 -0.24458548 0.35589647
v -0.06793473 -0.24458548 0.33019984
v -0.06793473 -0.24458548 0.35589647
v 0.06793473 -0.24458548 0.33019984
v -0.07147026 -0.24104995 0.35589647
v -0.07147026 -0.09218875 0.33019984
v -0.07147026 -0.06591047 0.35589647
v -0.07147026 -0.24104995 0.33019984
v -0.06793473 -0.24458548 0.33019984
v -0.06793473 -0.24458548 0.35589647
v -0.06793473 -0.24458548 0.33019984
v 0.06793473 -0.24458548 0.33019984
v 0.07147026 -0.24104995 0.33019984
v -0.07147026 -0.24104995 0.33019984
v 0.07147026 -0.09218875 0.33019984
v -0.07147026 -0.09218875 0.33019984
v -0.07147026 -0.09218875 0.33019984
v 0.07147026 -0.09218875 0.33019984
v 0.07147026 -0.06591047 0.35589647
v -0.07147026 -0.06591047 0.35589647
v -0.069198176 -0.20172723 0.436712
v -0.05378496 -0.21123675 0.436712
v -0.05378496 -0.21123675 0.41937384
v -0.069198176 -0.20172723 0.41937384
v -0.05378496 -0.21123675 0.4768108
v -0.05378496 -0.21123675 0.45947272
v -0.069198176 -0.20172723 0.4768108
v -0.069198176 -0.20172723 0.45947272
v -0.05777766 -0.41047424 0.33843374
v -0.052203372 -0.41047424 0.34400803
v -0.05220339 -0.28165117 0.34400803
v -0.057777677 -0.28165117 0.33843374
v -0.063351944 -0.41047424 0.34400803
v -0.06335196 -0.28165117 0.34400803
v -0.05777766 -0.41047424 0.3495823
v -0.063351944 -0.41047424 0.34400803
v -0.06335196 -0.28165117 0.34400803
v -0.057777677 -0.28165117 0.3495823
v -0.052203372 -0.41047424 0.34400803
v -0.05220339 -0.28165117 0.34400803
v -0.057777677 -0.28165117 0.33843374
v -0.05220339 -0.28165117 0.34400803
v -0.057777677 -0.28165117 0.3495823
v -0.06335196 -0.28165117 0.34400803
v -0.029712921 -0.31216064 0.3486991
v -0.029712941 -0.2537901 0.34869906
v -0.027007446 -0.2537901 0.344013
v -0.02700744 -0.31216067 0.344013
v -0.029712927 -0.31216067 0.33932698
v -0.029712928 -0.2537901 0.33932698
v -0.035123907 -0.31216067 0.33932698
v -0.029712927 -0.31216067 0.33932698
v -0.029712928 -0.2537901 0.33932698
v -0.035123926 -0.2537901 0.33932692
v -0.035123907 -0.31216067 0.33932698
v -0.035123926 -0.2537901 0.33932692
v -0.037829407 -0.2537901 0.344013
v -0.037829403 -0.31216067 0.344013
v -0.03512392 -0.31216067 0.34869906
v -0.035123922 -0.2537901 0.34869906
v -0.03755968 -0.25420472 0.3351081
v -0.027277157 -0.25420472 0.3351081
v -0.027277157 -0.2390274 0.3351081
v -0.03755968 -0.2390274 0.3351081
v -0.029712921 -0.31216064 0.3486991
v -0.035123922 -0.2537901 0.34869906
v -0.029712941 -0.2537901 0.34869906
v -0.03512392 -0.31216067 0.34869906
v -0.022135898 -0.2390274 0.344013
v -0.027277157 -0.2390274 0.3351081
v -0.027277157 -0.25420472 0.3351081
v -0.022135898 -0.25420472 0.344013
v -0.027277166 -0.25420472 0.35291794
v -0.027277151 -0.2390274 0.35291797
v -0.027277151 -0.2390274 0.35291797
v -0.027277166 -0.25420472 0.35291794
v -0.037559696 -0.2390274 0.35291794
v -0.037559696 -0.25420472 0.35291794
v -0.042700954 -0.25420472 0.344013
v -0.03755968 -0.25420472 0.3351081
v -0.03755968 -0.2390274 0.3351081
v -0.042700954 -0.2390274 0.344013
v -0.037559696 -0.25420472 0.35291794
v -0.037559696 -0.2390274 0.35291794
v -0.037559696 -0.25420472 0.35291794
v -0.027277166 -0.25420472 0.35291794
v -0.022135898 -0.25420472 0.344013
v -0.03755968 -0.25420472 0.3351081
v -0.027277157 -0.25420472 0.3351081
v -0.042700954 -0.25420472 0.344013
v 0.07123624 -0.2697361 0.5506286
v 0.057356033 -0.2312847 0.556378
v 0.07123624 -0.2312847 0.5506286
v 0.057356033 -0.2697361 0.556378
v 0.043475825 -0.2312847 0.5506286
v 0.043475825 -0.2697361 0.5506286
v 0.07123624 -0.2312847 0.5506286
v 0.07698561 -0.2697361 0.5367484
v 0.07123624 -0.2697361 0.5506286
v 0.07698561 -0.2312847 0.5367484
v 0.07123624 -0.2697361 0.5228682
v 0.07123624 -0.2312847 0.5228682
v 0.057356033 -0.2697361 0.5171188
v 0.07123624 -0.2697361 0.5228682
v 0.07123624 -0.2312847 0.5228682
v 0.057356033 -0.2312847 0.5171188
v 0.043475825 -0.2697361 0.5228682
v 0.043475825 -0.2312847 0.5228682
v 0.037726454 -0.2697361 0.5367484
v 0.043475825 -0.2697361 0.5228682
v 0.043475825 -0.2312847 0.5228682
v 0.037726454 -0.2312847 0.5367484
v 0.043475825 -0.2697361 0.5506286
v 0.043475825 -0.2312847 0.5506286
v 0.057356033 -0.2697361 0.556378
v 0.07123624 -0.2697361 0.5506286
v 0.06827539 -0.26440537 0.5476678
v 0.057356033 -0.26440537 0.5521908
v 0.04643667 -0.26440537 0.5476678
v 0.043475825 -0.2697361 0.5506286
v 0.07698561 -0.2697361 0.5367484
v 0.06827539 -0.26440537 0.5476678
v 0.07123624 -0.2697361 0.5506286
v 0.07279835 -0.26440537 0.5367484
v 0.06827539 -0.26440537 0.525829
v 0.07123624 -0.2697361 0.5228682
v 0.06827539 -0.26440537 0.525829
v 0.07123624 -0.2697361 0.5228682
v 0.057356033 -0.2697361 0.5171188
v 0.057356033 -0.26440537 0.52130604
v 0.04643667 -0.26440537 0.525829
v 0.043475825 -0.2697361 0.5228682
v 0.037726454 -0.2697361 0.5367484
v 0.04643667 -0.26440537 0.525829
v 0.043475825 -0.2697361 0.5228682
v 0.041913718 -0.26440537 0.5367484
v 0.04643667 -0.26440537 0.5476678
v 0.043475825 -0.2697361 0.5506286
v 0.06761627 -0.2312847 0.54700863
v 0.057356033 -0.17707123 0.5512585
v 0.06761627 -0.17707123 0.54700863
v 0.057356033 -0.2312847 0.5512585
v 0.04709579 -0.17707123 0.54700863
v 0.04709579 -0.2312847 0.54700863
v 0.06761627 -0.17707123 0.54700863
v 0.07186622 -0.2312847 0.5367484
v 0.06761627 -0.2312847 0.54700863
v 0.07186622 -0.17707123 0.5367484
v 0.06761627 -0.2312847 0.5264882
v 0.06761627 -0.17707123 0.5264882
v 0.057356033 -0.2312847 0.5222382
v 0.06761627 -0.2312847 0.5264882
v 0.06761627 -0.17707123 0.5264882
v 0.057356033 -0.17707123 0.5222382
v 0.04709579 -0.2312847 0.5264882
v 0.04709579 -0.17707123 0.5264882
v 0.042845853 -0.2312847 0.5367484
v 0.04709579 -0.2312847 0.5264882
v 0.04709579 -0.17707123 0.5264882
v 0.042845853 -0.17707123 0.5367484
v 0.04709579 -0.2312847 0.54700863
v 0.04709579 -0.17707123 0.54700863
v 0.057356033 -0.2312847 0.5171188
v 0.07123624 -0.2312847 0.5228682
v 0.043475825 -0.2312847 0.5228682
v 0.07123624 -0.2312847 0.5506286
v 0.07698561 -0.2312847 0.5367484
v 0.043475825 -0.2312847 0.5506286
v 0.037726454 -0.2312847 0.5367484
v 0.057356033 -0.2312847 0.556378
v 0.07123624 -0.27572188 0.6091788
v 0.057356033 -0.17707123 0.6149281
v 0.07123624 -0.17707123 0.6091788
v 0.057356033 -0.27572188 0.6149281
v 0.043475825 -0.17707123 0.6091788
v 0.043475825 -0.27572188 0.6091788
v 0.07123624 -0.17707123 0.6091788
v 0.07698561 -0.27572188 0.5952986
v 0.07123624 -0.27572188 0.6091788
v 0.07698561 -0.17707123 0.5952986
v 0.07123624 -0.27572188 0.5814184
v 0.07123624 -0.17707123 0.5814184
v 0.057356033 -0.27572188 0.575669
v 0.07123624 -0.27572188 0.5814184
v 0.07123624 -0.17707123 0.5814184
v 0.057356033 -0.17707123 0.575669
v 0.043475825 -0.27572188 0.5814184
v 0.043475825 -0.17707123 0.5814184
v 0.037726454 -0.27572188 0.5952986
v 0.043475825 -0.27572188 0.5814184
v 0.043475825 -0.17707123 0.5814184
v 0.037726454 -0.17707123 0.5952986
v 0.043475825 -0.27572188 0.6091788
v 0.043475825 -0.17707123 0.6091788
v 0.027461005 -0.26695684 0.5657463
v 0.027460987 -0.17078896 0.5657463
v 0.030166484 -0.17078896 0.5610602
v 0.030166486 -0.26695687 0.5610602
v 0.027461004 -0.26695687 0.5563742
v 0.027461 -0.17078896 0.5563742
v 0.022050023 -0.26695687 0.5563742
v 0.027461004 -0.26695687 0.5563742
v 0.027461 -0.17078896 0.5563742
v 0.022050003 -0.17078896 0.5563742
v 0.019344527 -0.26695687 0.56106025
v 0.022050023 -0.26695687 0.5563742
v 0.022050003 -0.17078896 0.5563742
v 0.019344522 -0.17078896 0.56106025
v 0.02205001 -0.26695687 0.5657463
v 0.022050008 -0.17078896 0.5657463
v 0.027461005 -0.26695684 0.5657463
v 0.022050008 -0.17078896 0.5657463
v 0.027460987 -0.17078896 0.5657463
v 0.02205001 -0.26695687 0.5657463
v 0.022050023 -0.26695687 0.5563742
v 0.030166486 -0.26695687 0.5610602
v 0.027461004 -0.26695687 0.5563742
v 0.02205001 -0.26695687 0.5657463
v 0.019344527 -0.26695687 0.56106025
v 0.027461005 -0.26695684 0.5657463
v 0.14690325 0.013066519 0.5445663
v 0.07147026 0.013066519 0.5445663
v 0.07147026 0.013066519 0.44085428
v 0.14690325 0.013066519 0.44085428
v 0.07147026 -0.076924175 0.5445663
v 0.14690325 -0.076924175 0.5445663
v 0.14690325 -0.076924175 0.44085428
v 0.07147026 -0.076924175 0.44085428
v 0.14690325 -0.076924175 0.44085428
v 0.07147026 0.013066519 0.44085428
v 0.07147026 -0.076924175 0.44085428
v 0.14690325 0.013066519 0.44085428
v 0.07147026 0.013066519 0.5445663
v 0.14690325 0.013066519 0.5445663
v 0.07147026 -0.076924175 0.5445663
v 0.14690325 -0.076924175 0.5445663
v 0.18284771 0.19221361 0.48605266
v 0.17254436 0.159498 0.48010403
v 0.18284771 0.159498 0.48605266
v 0.17254436 0.19221361 0.48010403
v 0.16224101 0.159498 0.48605266
v 0.16224101 0.19221361 0.48605266
v 0.18284771 0.19221361 0.49794993
v 0.18284771 0.159498 0.48605266
v 0.18284771 0.159498 0.49794993
v 0.18284771 0.19221361 0.48605266
v 0.17254436 0.19221361 0.50389856
v 0.18284771 0.19221361 0.49794993
v 0.18284771 0.159498 0.49794993
v 0.17254436 0.159498 0.50389856
v 0.16224101 0.19221361 0.49794993
v 0.16224101 0.159498 0.49794993
v 0.16224101 0.159498 0.49794993
v 0.16224101 0.19221361 0.48605266
v 0.16224101 0.19221361 0.49794993
v 0.16224101 0.159498 0.48605266
v 0.18284771 0.19221361 0.49794993
v 0.17254436 0.19221361 0.48010403
v 0.18284771 0.19221361 0.48605266
v 0.16224101 0.19221361 0.49794993
v 0.16224101 0.19221361 0.48605266
v 0.17254436 0.19221361 0.50389856
v 0.16491257 0.19810112 0.4955574
v 0.1620404 0.21007329 0.48395514
v 0.17700008 0.21294703 0.48263946
v 0.18003733 0.19953798 0.49489954
v 0.18087533 0.18045108 0.49808615
v 0.16558541 0.18045108 0.49808615
v 0.1663339 0.22524856 0.4399961
v 0.17700008 0.21294703 0.48263946
v 0.1620404 0.21007329 0.48395514
v 0.15185224 0.2215071 0.4431685
v 0.137165 0.22261374 0.38709387
v 0.15122943 0.22642398 0.38246197
v 0.11832973 0.21292049 0.3335236
v 0.13177943 0.21643448 0.3271566
v 0.12929691 0.20174772 0.3321656
v 0.14775176 0.2112576 0.38466215
v 0.11256584 0.18911195 0.29496732
v 0.10154712 0.2002435 0.29624432
v 0.11195562 0.20132452 0.28509644
v 0.09069724 0.19127603 0.28745311
v 0.095885895 0.1874543 0.27419117
v 0.090503424 0.16985936 0.291809
v 0.10151234 0.179494 0.2860694
v 0.0791117 0.17236683 0.28127828
v 0.06806204 0.16200538 0.30847126
v 0.08296164 0.16275783 0.31340984
v 0.05717598 0.15111607 0.3536253
v 0.07243895 0.15221667 0.35720083
v 0.04754207 0.14174034 0.40341222
v 0.06285351 0.14303128 0.4067058
v 0.040013928 0.12595657 0.4421534
v 0.054156836 0.12979943 0.44767073
v 0.04044622 0.11187482 0.45835483
v 0.0508443 0.116826914 0.46774122
v 0.041396912 0.13812512 0.45107576
v 0.05293126 0.15506516 0.40862632
v 0.10151234 0.179494 0.2860694
v 0.090503424 0.16985936 0.291809
v 0.080495544 0.18190071 0.2931514
v 0.09069724 0.19127603 0.28745311
v 0.10154712 0.2002435 0.29624432
v 0.11256584 0.18911195 0.29496732
v 0.07243895 0.15221667 0.35720083
v 0.06285351 0.14303128 0.4067058
v 0.05293126 0.15506516 0.40862632
v 0.06289353 0.16468889 0.35773245
v 0.08296164 0.16275783 0.31340984
v 0.07336484 0.17518084 0.3141342
v 0.090503424 0.16985936 0.291809
v 0.080495544 0.18190071 0.2931514
v 0.04754207 0.14174034 0.40341222
v 0.05717598 0.15111607 0.3536253
v 0.06806204 0.16200538 0.30847126
v 0.0791117 0.17236683 0.28127828
v 0.09069724 0.19127603 0.28745311
v 0.095885895 0.1874543 0.27419117
v 0.040013928 0.12595657 0.4421534
v 0.041396912 0.13812512 0.45107576
v 0.0364881 0.12098026 0.46851084
v 0.04044622 0.11187482 0.45835483
v 0.03408967 0.09555678 0.4779715
v 0.041300237 0.09555678 0.464549
v 0.0508443 0.116826914 0.46774122
v 0.049751893 0.09555678 0.47779757
v 0.10151234 0.179494 0.2860694
v 0.11256584 0.18911195 0.29496732
v 0.11195562 0.20132452 0.28509644
v 0.13177943 0.21643448 0.3271566
v 0.12929691 0.20174772 0.3321656
v 0.15122943 0.22642398 0.38246197
v 0.14775176 0.2112576 0.38466215
v 0.1663339 0.22524856 0.4399961
v 0.1618431 0.21024922 0.4386522
v 0.137165 0.22261374 0.38709387
v 0.15185224 0.2215071 0.4431685
v 0.1707017 0.20122899 0.4742745
v 0.17700008 0.21294703 0.48263946
v 0.17306569 0.19367896 0.48385212
v 0.1620404 0.21007329 0.48395514
v 0.18003733 0.19953798 0.49489954
v 0.16491257 0.19810112 0.4955574
v 0.18087533 0.18045108 0.49808615
v 0.16558541 0.18045108 0.49808615
v 0.17323038 0.18045108 0.48435634
v 0.0508443 0.116826914 0.46774122
v 0.049751893 0.09555678 0.47779757
v 0.03408967 0.09555678 0.4779715
v 0.0364881 0.12098026 0.46851084
v 0.041396912 0.13812512 0.45107576
v 0.054156836 0.12979943 0.44767073
v 0.001098583 0.12162653 0.4473471
v 0.0012663044 0.09555678 0.46031737
v 0.008861452 0.09555678 0.44666037
v 0.008244593 0.112098224 0.43709528
v 0.0035086502 0.14477412 0.40363902
v 0.016344335 0.12049819 0.44762093
v 0.01654817 0.09555678 0.46031737
v 0.018724538 0.1433897 0.40422305
v 0.0103045255 0.13224319 0.39702496
v 0.021908889 0.15541926 0.35544294
v 0.0067434977 0.15696914 0.35429278
v 0.0130519075 0.14284103 0.3531436
v 0.024618272 0.15589137 0.32016212
v 0.015037626 0.1437771 0.32128638
v 0.009577772 0.15788674 0.31839135
v 0.027313586 0.1405877 0.28826526
v 0.0123716425 0.14275548 0.28592402
v 0.017138148 0.12987402 0.29285148
v 0.030017786 0.117436044 0.26250017
v 0.015010425 0.11865771 0.25993192
v 0.02002041 0.10932126 0.27090076
v 0.033329967 0.077401996 0.23486589
v 0.018307034 0.078073785 0.2321063
v 0.02336092 0.071033746 0.24518988
v 0.035251137 0.047710985 0.22032449
v 0.025215076 0.042442612 0.23114656
v 0.020250017 0.04802577 0.2174065
v 0.016344335 0.12049819 0.44762093
v 0.01654817 0.09555678 0.46031737
v 0.0012663044 0.09555678 0.46031737
v 0.001098583 0.12162653 0.4473471
v 0.0035086502 0.14477412 0.40363902
v 0.016344335 0.12049819 0.44762093
v 0.001098583 0.12162653 0.4473471
v 0.018724538 0.1433897 0.40422305
v 0.0067434977 0.15696914 0.35429278
v 0.021908889 0.15541926 0.35544294
v 0.024618272 0.15589137 0.32016212
v 0.009577772 0.15788674 0.31839135
v 0.027313586 0.1405877 0.28826526
v 0.0123716425 0.14275548 0.28592402
v 0.030017786 0.117436044 0.26250017
v 0.015010425 0.11865771 0.25993192
v 0.030017786 0.117436044 0.26250017
v 0.015010425 0.11865771 0.25993192
v 0.018307034 0.078073785 0.2321063
v 0.033329967 0.077401996 0.23486589
v 0.020250017 0.04802577 0.2174065
v 0.035251137 0.047710985 0.22032449
v 0.008191954 0.15222043 0.42268685
v 0.013563532 0.13527694 0.46109763
v -0.0016319163 0.13370116 0.4617359
v -0.006819509 0.15001489 0.42451057
v -0.013843998 0.14804502 0.37149298
v 0.0010500074 0.15026073 0.36886886
v -0.020740593 0.13361311 0.32122946
v -0.0059316144 0.13567008 0.3180507
v -0.027118906 0.10727979 0.27491283
v -0.012326956 0.109243035 0.2715719
v -0.029364834 0.07187357 0.23915796
v -0.014549162 0.07406116 0.23603831
v -0.00053292856 0.11985648 0.4723127
v 0.0007873662 0.09555678 0.47825873
v 0.008444135 0.09555678 0.46457344
v 0.007364086 0.11633681 0.45918158
v -0.0016319163 0.13370116 0.4617359
v 0.014748166 0.12035663 0.47246954
v 0.01607632 0.09555678 0.47825873
v 0.013563532 0.13527694 0.46109763
v 0.0065418724 0.12490219 0.45157957
v -0.006819509 0.15001489 0.42451057
v 0.008191954 0.15222043 0.42268685
v 0.0024089 0.13776198 0.42086363
v -0.013843998 0.14804502 0.37149298
v -0.0040147677 0.13573948 0.37198204
v 0.0010500074 0.15026073 0.36886886
v -0.020740593 0.13361311 0.32122946
v -0.010485612 0.12209907 0.32448366
v -0.0059316144 0.13567008 0.3180507
v -0.027118906 0.10727979 0.27491283
v -0.016443886 0.097433716 0.28105384
v -0.012326956 0.109243035 0.2715719
v -0.029364834 0.07187357 0.23915796
v -0.018456684 0.06505301 0.24828331
v -0.014549162 0.07406116 0.23603831
v -0.02706294 0.041302614 0.223198
v -0.012268575 0.043773368 0.22022624
v -0.016375035 0.03740949 0.23385231
v -0.012268575 0.043773368 0.22022624
v -0.014549162 0.07406116 0.23603831
v -0.029364834 0.07187357 0.23915796
v -0.02706294 0.041302614 0.223198
v 0.013563532 0.13527694 0.46109763
v -0.00053292856 0.11985648 0.4723127
v -0.0016319163 0.13370116 0.4617359
v 0.014748166 0.12035663 0.47246954
v 0.0007873662 0.09555678 0.47825873
v 0.01607632 0.09555678 0.47825873
v 0.16706102 -0.2251628 0.5706901
v 0.16706102 -0.24824746 0.5599314
v 0.16706102 -0.24824746 0.5706901
v 0.16706102 -0.2251628 0.5599314
v 0.17802778 -0.24824746 0.5599314
v 0.16706102 -0.2251628 0.5599314
v 0.17802778 -0.2251628 0.5599314
v 0.16706102 -0.24824746 0.5599314
v 0.19614808 -0.24824746 0.56680584
v 0.17802778 -0.24824746 0.5599314
v 0.17802778 -0.24824746 0.5706901
v 0.19614808 -0.24824746 0.52549344
v 0.14894071 -0.24824746 0.52549344
v 0.16706102 -0.24824746 0.5599314
v 0.14894071 -0.24824746 0.56680584
v 0.16706102 -0.24824746 0.5706901
v 0.16706102 -0.2251628 0.5706901
v 0.14894071 -0.24824746 0.56680584
v 0.14894071 -0.2251628 0.56680584
v 0.16706102 -0.24824746 0.5706901
v 0.19614808 -0.2251628 0.56680584
v 0.17802778 -0.24824746 0.5706901
v 0.17802778 -0.2251628 0.5706901
v 0.19614808 -0.24824746 0.56680584
v 0.19614808 -0.24824746 0.56680584
v 0.19614808 -0.2251628 0.56680584
v 0.19614808 -0.24824746 0.52549344
v 0.19614808 -0.2251628 0.52549344
v 0.14894071 -0.2251628 0.56680584
v 0.16706102 -0.2251628 0.5599314
v 0.16706102 -0.2251628 0.5706901
v 0.14894071 -0.2251628 0.52549344
v 0.19614808 -0.2251628 0.52549344
v 0.17802778 -0.2251628 0.5599314
v 0.19614808 -0.2251628 0.56680584
v 0.17802778 -0.2251628 0.5706901
v 0.17802778 -0.24824746 0.5706901
v 0.17802778 -0.2251628 0.5599314
v 0.17802778 -0.2251628 0.5706901
v 0.17802778 -0.24824746 0.5599314
v 0.14894071 -0.2251628 0.56680584
v 0.14894071 -0.24824746 0.56680584
v 0.14894071 -0.2251628 0.52549344
v 0.14894071 -0.24824746 0.52549344
v 0.20598215 -0.109650336 0.5258828
v 0.20598215 -0.12175691 0.5258828
v 0.19064076 -0.12175691 0.5361335
v 0.19064076 -0.109650336 0.5361335
v 0.1725444 -0.12175691 0.5397331
v 0.1725444 -0.109650336 0.5397331
v 0.154448 -0.12175691 0.5361335
v 0.154448 -0.109650336 0.5361335
v 0.13910663 -0.12175691 0.5258828
v 0.13910663 -0.109650336 0.5258828
v 0.20598215 -0.109650336 0.5258828
v 0.21623294 -0.109650336 0.51054144
v 0.20598215 -0.12175691 0.5258828
v 0.21623294 -0.12175691 0.51054144
v 0.21983252 -0.109650336 0.492445
v 0.21983252 -0.12175691 0.492445
v 0.21623294 -0.109650336 0.4743486
v 0.21623294 -0.12175691 0.4743486
v 0.20598215 -0.109650336 0.45900717
v 0.20598215 -0.12175691 0.45900717
v 0.13910663 -0.12175691 0.45900717
v 0.13910663 -0.109650336 0.45900717
v 0.12885581 -0.109650336 0.4743486
v 0.12885581 -0.12175691 0.4743486
v 0.12525624 -0.109650336 0.492445
v 0.12525624 -0.12175691 0.492445
v 0.12885581 -0.109650336 0.51054144
v 0.12885581 -0.12175691 0.51054144
v 0.13910663 -0.109650336 0.5258828
v 0.13910663 -0.12175691 0.5258828
v 0.20598215 -0.12175691 0.45900717
v 0.20598215 -0.109650336 0.45900717
v 0.19064076 -0.109650336 0.4487564
v 0.19064076 -0.12175691 0.4487564
v 0.1725444 -0.109650336 0.44515684
v 0.1725444 -0.12175691 0.44515684
v 0.154448 -0.109650336 0.4487564
v 0.154448 -0.12175691 0.4487564
v 0.13910663 -0.109650336 0.45900717
v 0.13910663 -0.12175691 0.45900717
v 0.23990826 -0.081409894 0.4645419
v 0.22410245 -0.081409894 0.4408869
v 0.23990826 -0.10480598 0.4645419
v 0.22410245 -0.10480598 0.4408869
v 0.120986305 -0.10480598 0.4408869
v 0.14464134 -0.10480598 0.4250811
v 0.120986305 -0.081409894 0.4408869
v 0.14464134 -0.081409894 0.4250811
v 0.24404453 0.00041218288 0.51764256
v 0.24014099 0.015497243 0.5200009
v 0.25183398 0.015497243 0.5200009
v 0.23444752 0.00041218288 0.51764256
v 0.120986305 -0.081409894 0.5440031
v 0.120986305 -0.10480598 0.5440031
v 0.10518048 -0.10480598 0.52034813
v 0.10518048 -0.081409894 0.52034813
v 0.09963024 -0.10480598 0.492445
v 0.09963024 -0.081409894 0.492445
v 0.10518048 -0.10480598 0.4645419
v 0.10518048 -0.081409894 0.4645419
v 0.120986305 -0.10480598 0.4408869
v 0.120986305 -0.081409894 0.4408869
v 0.12516578 -0.066324845 0.5515159
v 0.120986305 -0.081409894 0.55941916
v 0.120986305 -0.081409894 0.5440031
v 0.12516578 -0.066324845 0.53937995
v 0.25183398 0.038893297 0.46400183
v 0.24014099 0.015497243 0.46400183
v 0.25183398 0.015497243 0.46400183
v 0.24014099 0.038893297 0.46400183
v 0.22410245 -0.081409894 0.5440031
v 0.23990826 -0.081409894 0.52034813
v 0.22410245 -0.10480598 0.5440031
v 0.23990826 -0.10480598 0.52034813
v 0.2004474 -0.10480598 0.4250811
v 0.22410245 -0.10480598 0.4408869
v 0.2004474 -0.081409894 0.4250811
v 0.22410245 -0.081409894 0.4408869
v 0.120986305 -0.10480598 0.55941916
v 0.120986305 -0.081409894 0.5440031
v 0.120986305 -0.081409894 0.55941916
v 0.120986305 -0.10480598 0.5440031
v 0.120986305 -0.081409894 0.4408869
v 0.14464134 -0.081409894 0.4250811
v 0.12516578 -0.066324845 0.44462267
v 0.14690323 -0.066324845 0.43009812
v 0.12516578 -0.066324845 0.53937995
v 0.120986305 -0.081409894 0.5440031
v 0.10518048 -0.081409894 0.52034813
v 0.11064121 -0.066324845 0.51764256
v 0.09963024 -0.081409894 0.492445
v 0.105540894 -0.066324845 0.4920013
v 0.11064121 -0.066324845 0.46636015
v 0.10518048 -0.081409894 0.4645419
v 0.12516578 -0.066324845 0.44462267
v 0.120986305 -0.081409894 0.4408869
v 0.24014099 0.015497243 0.46400183
v 0.23444752 0.00041218288 0.46636015
v 0.24404453 0.00041218288 0.46636015
v 0.25183398 0.015497243 0.46400183
v 0.21992297 -0.066324845 0.53937995
v 0.23444752 -0.066324845 0.51764256
v 0.23990826 -0.081409894 0.52034813
v 0.22410245 -0.081409894 0.5440031
v 0.14464134 -0.10480598 0.4250811
v 0.14464134 -0.081409894 0.4133881
v 0.14464134 -0.081409894 0.4250811
v 0.14464134 -0.10480598 0.4133881
v 0.2004474 -0.081409894 0.4250811
v 0.22410245 -0.081409894 0.4408869
v 0.21992297 -0.066324845 0.44462267
v 0.19818547 -0.066324845 0.43009812
v 0.12516578 -0.066324845 0.5515159
v 0.12516578 0.00041218288 0.53937995
v 0.12516578 0.00041218288 0.5515159
v 0.12516578 -0.066324845 0.53937995
v 0.23444752 -0.066324845 0.46636015
v 0.21992297 -0.066324845 0.44462267
v 0.23990826 -0.081409894 0.4645419
v 0.22410245 -0.081409894 0.4408869
v 0.20054378 0.015497243 0.41271162
v 0.19818547 0.00041218288 0.42050108
v 0.20054378 0.015497243 0.42440462
v 0.19818547 0.00041218288 0.43009812
v 0.21992297 0.00041218288 0.5515159
v 0.22428054 0.015497243 0.55915356
v 0.22428054 0.015497243 0.54373753
v 0.21992297 0.00041218288 0.53937995
v 0.14690323 -0.066324845 0.43009812
v 0.14690323 0.00041218288 0.42050108
v 0.14690323 0.00041218288 0.43009812
v 0.14690323 -0.066324845 0.42050108
v 0.21992297 -0.066324845 0.44462267
v 0.23444752 -0.066324845 0.46636015
v 0.21992297 0.00041218288 0.44462267
v 0.23444752 0.00041218288 0.46636015
v 0.23990826 -0.081409894 0.52034813
v 0.23444752 -0.066324845 0.51764256
v 0.24404453 -0.066324845 0.51764256
v 0.25160128 -0.081409894 0.52034813
v 0.12516578 -0.066324845 0.44462267
v 0.14690323 -0.066324845 0.43009812
v 0.12516578 0.00041218288 0.44462267
v 0.14690323 0.00041218288 0.43009812
v 0.22428054 0.038893297 0.55915356
v 0.22428054 0.015497243 0.54373753
v 0.22428054 0.015497243 0.55915356
v 0.22428054 0.038893297 0.54373753
v 0.12516578 0.00041218288 0.53937995
v 0.12516578 -0.066324845 0.53937995
v 0.11064121 -0.066324845 0.51764256
v 0.11064121 0.00041218288 0.51764256
v 0.105540894 -0.066324845 0.4920013
v 0.105540894 0.00041218288 0.4920013
v 0.11064121 -0.066324845 0.46636015
v 0.11064121 0.00041218288 0.46636015
v 0.12516578 -0.066324845 0.44462267
v 0.12516578 0.00041218288 0.44462267
v 0.20054378 0.038893297 0.42440462
v 0.20054378 0.015497243 0.41271162
v 0.20054378 0.015497243 0.42440462
v 0.20054378 0.038893297 0.41271162
v 0.23444752 -0.066324845 0.51764256
v 0.21992297 -0.066324845 0.53937995
v 0.23444752 0.00041218288 0.51764256
v 0.21992297 0.00041218288 0.53937995
v 0.22410245 -0.081409894 0.55941916
v 0.22410245 -0.10480598 0.5440031
v 0.22410245 -0.10480598 0.55941916
v 0.22410245 -0.081409894 0.5440031
v 0.22428054 0.015497243 0.54373753
v 0.24014099 0.015497243 0.5200009
v 0.21992297 0.00041218288 0.53937995
v 0.23444752 0.00041218288 0.51764256
v 0.12516578 0.00041218288 0.44462267
v 0.1208082 0.015497243 0.44026512
v 0.10494775 0.015497243 0.46400183
v 0.11064121 0.00041218288 0.46636015
v 0.09937835 0.015497243 0.4920013
v 0.105540894 0.00041218288 0.4920013
v 0.11064121 0.00041218288 0.51764256
v 0.10494775 0.015497243 0.5200009
v 0.12516578 0.00041218288 0.53937995
v 0.1208082 0.015497243 0.54373753
v 0.19818547 0.00041218288 0.43009812
v 0.21992297 0.00041218288 0.44462267
v 0.20054378 0.015497243 0.42440462
v 0.22428054 0.015497243 0.44026512
v 0.1208082 0.015497243 0.55915356
v 0.1208082 0.038893297 0.54373753
v 0.1208082 0.038893297 0.55915356
v 0.1208082 0.015497243 0.54373753
v 0.14464134 -0.081409894 0.4133881
v 0.14690323 -0.066324845 0.42050108
v 0.14464134 -0.081409894 0.4250811
v 0.14690323 -0.066324845 0.43009812
v 0.19818547 -0.066324845 0.43009812
v 0.21992297 -0.066324845 0.44462267
v 0.19818547 0.00041218288 0.43009812
v 0.21992297 0.00041218288 0.44462267
v 0.24014099 0.015497243 0.46400183
v 0.22428054 0.015497243 0.44026512
v 0.21992297 0.00041218288 0.44462267
v 0.23444752 0.00041218288 0.46636015
v 0.12516578 0.00041218288 0.44462267
v 0.14690323 0.00041218288 0.43009812
v 0.14454493 0.015497243 0.42440462
v 0.1208082 0.015497243 0.44026512
v 0.24404453 -0.066324845 0.46636015
v 0.23990826 -0.081409894 0.4645419
v 0.25160128 -0.081409894 0.4645419
v 0.23444752 -0.066324845 0.46636015
v 0.25160128 -0.081409894 0.4645419
v 0.23990826 -0.10480598 0.4645419
v 0.25160128 -0.10480598 0.4645419
v 0.23990826 -0.081409894 0.4645419
v 0.21992297 0.00041218288 0.5515159
v 0.21992297 -0.066324845 0.53937995
v 0.21992297 -0.066324845 0.5515159
v 0.21992297 0.00041218288 0.53937995
v 0.1208082 0.038893297 0.54373753
v 0.1208082 0.015497243 0.54373753
v 0.10494775 0.015497243 0.5200009
v 0.10494775 0.038893297 0.5200009
v 0.09937835 0.015497243 0.4920013
v 0.09937835 0.038893297 0.4920013
v 0.10494775 0.015497243 0.46400183
v 0.10494775 0.038893297 0.46400183
v 0.1208082 0.015497243 0.44026512
v 0.1208082 0.038893297 0.44026512
v 0.21992297 -0.066324845 0.5515159
v 0.22410245 -0.081409894 0.5440031
v 0.22410245 -0.081409894 0.55941916
v 0.21992297 -0.066324845 0.53937995
v 0.22428054 0.038893297 0.54373753
v 0.24014099 0.038893297 0.5200009
v 0.22428054 0.015497243 0.54373753
v 0.24014099 0.015497243 0.5200009
v 0.2004474 -0.10480598 0.4133881
v 0.2004474 -0.10480598 0.4250811
v 0.2004474 -0.081409894 0.4250811
v 0.2004474 -0.081409894 0.4133881
v 0.20054378 0.015497243 0.42440462
v 0.22428054 0.015497243 0.44026512
v 0.20054378 0.038893297 0.42440462
v 0.22428054 0.038893297 0.44026512
v 0.24404453 0.00041218288 0.46636015
v 0.23444752 -0.066324845 0.46636015
v 0.24404453 -0.066324845 0.46636015
v 0.23444752 0.00041218288 0.46636015
v 0.12516578 0.00041218288 0.5515159
v 0.1208082 0.015497243 0.54373753
v 0.1208082 0.015497243 0.55915356
v 0.12516578 0.00041218288 0.53937995
v 0.24014099 0.038893297 0.46400183
v 0.22428054 0.038893297 0.44026512
v 0.24014099 0.015497243 0.46400183
v 0.22428054 0.015497243 0.44026512
v 0.1208082 0.038893297 0.44026512
v 0.1208082 0.015497243 0.44026512
v 0.14454493 0.015497243 0.42440462
v 0.14454493 0.038893297 0.42440462
v 0.1515151 0.057314552 0.5427703
v 0.13368738 0.038893294 0.5308583
v 0.13368738 0.057314552 0.5308583
v 0.1515151 0.038893294 0.5427703
v 0.17254438 0.057314552 0.5469533
v 0.17254438 0.038893294 0.5469533
v 0.19357362 0.057314552 0.5427703
v 0.19357362 0.038893294 0.5427703
v 0.21140134 0.057314552 0.5308583
v 0.21140134 0.038893294 0.5308583
v 0.2233135 0.038893294 0.470972
v 0.21140134 0.057314552 0.45314428
v 0.21140134 0.038893294 0.45314428
v 0.2233135 0.057314552 0.470972
v 0.22749645 0.038893294 0.4920013
v 0.22749645 0.057314552 0.4920013
v 0.2233135 0.038893294 0.51303065
v 0.2233135 0.057314552 0.51303065
v 0.21140134 0.038893294 0.5308583
v 0.21140134 0.057314552 0.5308583
v 0.13368738 0.038893294 0.45314428
v 0.1515151 0.038893294 0.44123217
v 0.13368738 0.057314552 0.45314428
v 0.1515151 0.057314552 0.44123217
v 0.17254438 0.038893294 0.43704924
v 0.17254438 0.057314552 0.43704924
v 0.19357362 0.038893294 0.44123217
v 0.19357362 0.057314552 0.44123217
v 0.21140134 0.038893294 0.45314428
v 0.21140134 0.057314552 0.45314428
v 0.13368738 0.057314552 0.5308583
v 0.13368738 0.038893294 0.5308583
v 0.12177526 0.038893294 0.51303065
v 0.12177526 0.057314552 0.51303065
v 0.117592275 0.038893294 0.4920013
v 0.117592275 0.057314552 0.4920013
v 0.12177526 0.038893294 0.470972
v 0.12177526 0.057314552 0.470972
v 0.13368738 0.038893294 0.45314428
v 0.13368738 0.057314552 0.45314428
v 0.25160128 -0.081409894 0.52034813
v 0.2571515 -0.081409894 0.492445
v 0.25160128 -0.10480598 0.52034813
v 0.2571515 -0.10480598 0.492445
v 0.25160128 -0.081409894 0.4645419
v 0.25160128 -0.10480598 0.4645419
v 0.2571515 -0.081409894 0.492445
v 0.25160128 -0.081409894 0.52034813
v 0.24404453 -0.066324845 0.51764256
v 0.24914482 -0.066324845 0.4920013
v 0.24404453 -0.066324845 0.46636015
v 0.25160128 -0.081409894 0.4645419
v 0.19818547 0.00041218288 0.43009812
v 0.19818547 -0.066324845 0.42050108
v 0.19818547 -0.066324845 0.43009812
v 0.19818547 0.00041218288 0.42050108
v 0.24404453 0.00041218288 0.51764256
v 0.24914482 0.00041218288 0.4920013
v 0.24404453 -0.066324845 0.51764256
v 0.24914482 -0.066324845 0.4920013
v 0.24404453 0.00041218288 0.46636015
v 0.24404453 -0.066324845 0.46636015
v 0.25740337 0.015497243 0.4920013
v 0.24404453 0.00041218288 0.51764256
v 0.25183398 0.015497243 0.5200009
v 0.24914482 0.00041218288 0.4920013
v 0.24404453 0.00041218288 0.46636015
v 0.25183398 0.015497243 0.46400183
v 0.25183398 0.038893297 0.5200009
v 0.25740337 0.038893297 0.4920013
v 0.25183398 0.015497243 0.5200009
v 0.25740337 0.015497243 0.4920013
v 0.25183398 0.038893297 0.46400183
v 0.25183398 0.015497243 0.46400183
v 0.25183398 0.015497243 0.5200009
v 0.24014099 0.038893297 0.5200009
v 0.25183398 0.038893297 0.5200009
v 0.24014099 0.015497243 0.5200009
v 0.25160128 -0.10480598 0.52034813
v 0.23990826 -0.081409894 0.52034813
v 0.25160128 -0.081409894 0.52034813
v 0.23990826 -0.10480598 0.52034813
v 0.14464134 -0.081409894 0.5752249
v 0.120986305 -0.10480598 0.55941916
v 0.120986305 -0.081409894 0.55941916
v 0.14464134 -0.10480598 0.5752249
v 0.1725444 -0.081409894 0.58077514
v 0.1725444 -0.10480598 0.58077514
v 0.2004474 -0.081409894 0.5752249
v 0.2004474 -0.10480598 0.5752249
v 0.22410245 -0.081409894 0.55941916
v 0.22410245 -0.10480598 0.55941916
v 0.2004474 -0.081409894 0.5752249
v 0.21992297 -0.066324845 0.5515159
v 0.22410245 -0.081409894 0.55941916
v 0.19818547 -0.066324845 0.5660403
v 0.1725444 -0.081409894 0.58077514
v 0.1725444 -0.066324845 0.57114065
v 0.14690323 -0.066324845 0.5660403
v 0.14464134 -0.081409894 0.5752249
v 0.12516578 -0.066324845 0.5515159
v 0.120986305 -0.081409894 0.55941916
v 0.24404453 -0.066324845 0.51764256
v 0.23444752 0.00041218288 0.51764256
v 0.24404453 0.00041218288 0.51764256
v 0.23444752 -0.066324845 0.51764256
v 0.12516578 0.00041218288 0.5515159
v 0.14690323 0.00041218288 0.5660403
v 0.12516578 -0.066324845 0.5515159
v 0.14690323 -0.066324845 0.5660403
v 0.1725444 0.00041218288 0.57114065
v 0.1725444 -0.066324845 0.57114065
v 0.19818547 0.00041218288 0.5660403
v 0.19818547 -0.066324845 0.5660403
v 0.21992297 0.00041218288 0.5515159
v 0.21992297 -0.066324845 0.5515159
v 0.14454493 0.015497243 0.5750138
v 0.12516578 0.00041218288 0.5515159
v 0.1208082 0.015497243 0.55915356
v 0.14690323 0.00041218288 0.5660403
v 0.1725444 0.015497243 0.5805833
v 0.1725444 0.00041218288 0.57114065
v 0.19818547 0.00041218288 0.5660403
v 0.20054378 0.015497243 0.5750138
v 0.21992297 0.00041218288 0.5515159
v 0.22428054 0.015497243 0.55915356
v 0.22428054 0.038893297 0.55915356
v 0.22428054 0.015497243 0.55915356
v 0.20054378 0.015497243 0.5750138
v 0.20054378 0.038893297 0.5750138
v 0.1725444 0.015497243 0.5805833
v 0.1725444 0.038893297 0.5805833
v 0.14454493 0.015497243 0.5750138
v 0.14454493 0.038893297 0.5750138
v 0.1208082 0.015497243 0.55915356
v 0.1208082 0.038893297 0.55915356
v 0.14464134 -0.10480598 0.4133881
v 0.1725444 -0.10480598 0.40783787
v 0.14464134 -0.081409894 0.4133881
v 0.1725444 -0.081409894 0.40783787
v 0.2004474 -0.10480598 0.4133881
v 0.2004474 -0.081409894 0.4133881
v 0.14690323 -0.066324845 0.42050108
v 0.14464134 -0.081409894 0.4133881
v 0.1725444 -0.081409894 0.40783787
v 0.1725444 -0.066324845 0.41540083
v 0.19818547 -0.066324845 0.42050108
v 0.2004474 -0.081409894 0.4133881
v 0.19818547 -0.066324845 0.42050108
v 0.19818547 0.00041218288 0.42050108
v 0.1725444 0.00041218288 0.41540083
v 0.1725444 -0.066324845 0.41540083
v 0.14690323 0.00041218288 0.42050108
v 0.14690323 -0.066324845 0.42050108
v 0.1725444 0.015497243 0.4071423
v 0.14454493 0.015497243 0.41271162
v 0.14690323 0.00041218288 0.42050108
v 0.1725444 0.00041218288 0.41540083
v 0.19818547 0.00041218288 0.42050108
v 0.20054378 0.015497243 0.41271162
v 0.14454493 0.015497243 0.41271162
v 0.1725444 0.015497243 0.4071423
v 0.14454493 0.038893297 0.41271162
v 0.1725444 0.038893297 0.4071423
v 0.20054378 0.015497243 0.41271162
v 0.20054378 0.038893297 0.41271162
v 0.2004474 -0.081409894 0.4250811
v 0.19818547 -0.066324845 0.43009812
v 0.19818547 -0.066324845 0.42050108
v 0.2004474 -0.081409894 0.4133881
v 0.14454493 0.015497243 0.42440462
v 0.14690323 0.00041218288 0.43009812
v 0.14690323 0.00041218288 0.42050108
v 0.14454493 0.015497243 0.41271162
v 0.14454493 0.015497243 0.42440462
v 0.14454493 0.038893297 0.41271162
v 0.14454493 0.038893297 0.42440462
v 0.14454493 0.015497243 0.41271162
v 0.18880084 0.07676053 0.50825775
v 0.19553451 0.07676053 0.49200127
v 0.18880084 0.057314556 0.50825775
v 0.19553451 0.057314556 0.49200127
v 0.18880084 0.07676053 0.4757448
v 0.18880084 0.057314556 0.4757448
v 0.15628788 0.057314556 0.4757448
v 0.15628788 0.07676053 0.4757448
v 0.14955422 0.07676053 0.49200127
v 0.14955422 0.057314556 0.49200127
v 0.15628788 0.057314556 0.50825775
v 0.15628788 0.07676053 0.50825775
v 0.18880084 0.057314556 0.4757448
v 0.18880084 0.07676053 0.4757448
v 0.17254438 0.07676053 0.46901116
v 0.17254438 0.057314556 0.46901116
v 0.15628788 0.07676053 0.4757448
v 0.15628788 0.057314556 0.4757448
v 0.17254438 0.07676053 0.5149914
v 0.18880084 0.07676053 0.50825775
v 0.18880084 0.057314556 0.50825775
v 0.17254438 0.057314556 0.5149914
v 0.15628788 0.057314556 0.50825775
v 0.15628788 0.07676053 0.50825775
v 0.14483185 0.13636075 0.51971376
v 0.15754645 0.13636075 0.5282094
v 0.14483185 0.07676053 0.51971376
v 0.15754645 0.07676053 0.5282094
v 0.17254438 0.13636075 0.53119266
v 0.17254438 0.07676053 0.53119266
v 0.18754226 0.13636075 0.5282094
v 0.18754226 0.07676053 0.5282094
v 0.20025685 0.13636075 0.51971376
v 0.20025685 0.07676053 0.51971376
v 0.20025685 0.07676053 0.46428877
v 0.20875253 0.07676053 0.4770034
v 0.20025685 0.13636075 0.46428877
v 0.20875253 0.13636075 0.4770034
v 0.21173576 0.07676053 0.4920013
v 0.21173576 0.13636075 0.4920013
v 0.20875253 0.07676053 0.50699925
v 0.20875253 0.13636075 0.50699925
v 0.20025685 0.07676053 0.51971376
v 0.20025685 0.13636075 0.51971376
v 0.14483185 0.07676053 0.46428877
v 0.15754645 0.07676053 0.45579314
v 0.14483185 0.13636075 0.46428877
v 0.15754645 0.13636075 0.45579314
v 0.17254438 0.07676053 0.45280993
v 0.17254438 0.13636075 0.45280993
v 0.18754226 0.07676053 0.45579314
v 0.18754226 0.13636075 0.45579314
v 0.20025685 0.07676053 0.46428877
v 0.20025685 0.13636075 0.46428877
v 0.14483185 0.13636075 0.51971376
v 0.14483185 0.07676053 0.51971376
v 0.13633624 0.07676053 0.50699925
v 0.13633624 0.13636075 0.50699925
v 0.13335295 0.07676053 0.4920013
v 0.13335295 0.13636075 0.4920013
v 0.13633624 0.07676053 0.4770034
v 0.13633624 0.13636075 0.4770034
v 0.14483185 0.07676053 0.46428877
v 0.14483185 0.13636075 0.46428877
v 0.18754226 0.13636075 0.45579314
v 0.20025685 0.13636075 0.46428877
v 0.19405246 0.159498 0.47049323
v 0.18418445 0.159498 0.4638996
v 0.17254438 0.13636075 0.45280993
v 0.17254438 0.159498 0.46158427
v 0.16090423 0.159498 0.4638996
v 0.15754645 0.13636075 0.45579314
v 0.15103623 0.159498 0.47049323
v 0.14483185 0.13636075 0.46428877
v 0.13633624 0.13636075 0.4770034
v 0.14483185 0.13636075 0.46428877
v 0.15103623 0.159498 0.47049323
v 0.14444266 0.159498 0.4803612
v 0.13335295 0.13636075 0.4920013
v 0.14212728 0.159498 0.4920013
v 0.14444266 0.159498 0.5036415
v 0.13633624 0.13636075 0.50699925
v 0.15103623 0.159498 0.5135094
v 0.14483185 0.13636075 0.51971376
v 0.20875253 0.13636075 0.50699925
v 0.20025685 0.13636075 0.51971376
v 0.19405246 0.159498 0.5135094
v 0.20064607 0.159498 0.5036415
v 0.21173576 0.13636075 0.4920013
v 0.2029614 0.159498 0.4920013
v 0.20064607 0.159498 0.4803612
v 0.20875253 0.13636075 0.4770034
v 0.19405246 0.159498 0.47049323
v 0.20025685 0.13636075 0.46428877
v 0.18754226 0.13636075 0.5282094
v 0.19405246 0.159498 0.5135094
v 0.20025685 0.13636075 0.51971376
v 0.18418445 0.159498 0.52010304
v 0.17254438 0.13636075 0.53119266
v 0.17254438 0.159498 0.5224184
v 0.16090423 0.159498 0.52010304
v 0.15754645 0.13636075 0.5282094
v 0.15103623 0.159498 0.5135094
v 0.14483185 0.13636075 0.51971376
v 0.15103623 0.159498 0.47049323
v 0.16090423 0.159498 0.4638996
v 0.17254438 0.159498 0.46158427
v 0.14444266 0.159498 0.4803612
v 0.17254438 0.159498 0.5224184
v 0.19405246 0.159498 0.47049323
v 0.18418445 0.159498 0.4638996
v 0.15103623 0.159498 0.5135094
v 0.16090423 0.159498 0.52010304
v 0.14444266 0.159498 0.5036415
v 0.14212728 0.159498 0.4920013
v 0.19405246 0.159498 0.5135094
v 0.18418445 0.159498 0.52010304
v 0.2029614 0.159498 0.4920013
v 0.20064607 0.159498 0.4803612
v 0.20064607 0.159498 0.5036415
v 0.21360567 -0.26341033 0.4754368
v 0.20397133 -0.24755195 0.46101803
v 0.20397133 -0.26341033 0.46101803
v 0.21360567 -0.24755195 0.4754368
v 0.21698879 -0.26341033 0.492445
v 0.21698879 -0.24755195 0.492445
v 0.21360567 -0.26341033 0.5094531
v 0.21360567 -0.24755195 0.5094531
v 0.20397133 -0.26341033 0.5238719
v 0.20397133 -0.24755195 0.5238719
v 0.14111745 -0.24755195 0.46101803
v 0.14111745 -0.26341033 0.46101803
v 0.15553625 -0.26341033 0.4513837
v 0.15553625 -0.24755195 0.4513837
v 0.17254438 -0.26341033 0.44800055
v 0.17254438 -0.24755195 0.44800055
v 0.18955253 -0.26341033 0.4513837
v 0.18955253 -0.24755195 0.4513837
v 0.20397133 -0.26341033 0.46101803
v 0.20397133 -0.24755195 0.46101803
v 0.14111745 -0.24755195 0.5238719
v 0.14111745 -0.26341033 0.5238719
v 0.13148311 -0.26341033 0.5094531
v 0.13148311 -0.24755195 0.5094531
v 0.12809998 -0.26341033 0.492445
v 0.12809998 -0.24755195 0.492445
v 0.13148311 -0.26341033 0.4754368
v 0.13148311 -0.24755195 0.4754368
v 0.14111745 -0.26341033 0.46101803
v 0.14111745 -0.24755195 0.46101803
v 0.20397133 -0.24755195 0.5238719
v 0.20397133 -0.26341033 0.5238719
v 0.18955253 -0.26341033 0.5335063
v 0.18955253 -0.24755195 0.5335063
v 0.17254438 -0.26341033 0.5368894
v 0.17254438 -0.24755195 0.5368894
v 0.15553625 -0.26341033 0.5335063
v 0.15553625 -0.24755195 0.5335063
v 0.14111745 -0.26341033 0.5238719
v 0.14111745 -0.24755195 0.5238719
v 0.22018422 -0.24755196 0.44480506
v 0.22018422 -0.2258583 0.44480506
v 0.19832689 -0.2258583 0.43020052
v 0.19832689 -0.24755196 0.43020052
v 0.1725444 -0.2258583 0.42507204
v 0.1725444 -0.24755196 0.42507204
v 0.1467619 -0.2258583 0.43020052
v 0.1467619 -0.24755196 0.43020052
v 0.12490455 -0.2258583 0.44480506
v 0.12490455 -0.24755196 0.44480506
v 0.1467619 -0.2258583 0.55468947
v 0.12490455 -0.24755196 0.5400848
v 0.12490455 -0.2258583 0.5400848
v 0.1467619 -0.24755196 0.55468947
v 0.1725444 -0.2258583 0.5598179
v 0.1725444 -0.24755196 0.5598179
v 0.19832689 -0.2258583 0.55468947
v 0.19832689 -0.24755196 0.55468947
v 0.22018422 -0.2258583 0.5400848
v 0.22018422 -0.24755196 0.5400848
v 0.23478885 -0.24755196 0.46666247
v 0.22018422 -0.2258583 0.44480506
v 0.22018422 -0.24755196 0.44480506
v 0.23478885 -0.2258583 0.46666247
v 0.23991731 -0.24755196 0.492445
v 0.23991731 -0.2258583 0.492445
v 0.23478885 -0.24755196 0.5182275
v 0.23478885 -0.2258583 0.5182275
v 0.22018422 -0.24755196 0.5400848
v 0.22018422 -0.2258583 0.5400848
v 0.12490455 -0.2258583 0.5400848
v 0.12490455 -0.24755196 0.5400848
v 0.11029993 -0.24755196 0.5182275
v 0.11029993 -0.2258583 0.5182275
v 0.10517147 -0.24755196 0.492445
v 0.10517147 -0.2258583 0.492445
v 0.11029993 -0.24755196 0.46666247
v 0.11029993 -0.2258583 0.46666247
v 0.12490455 -0.24755196 0.44480506
v 0.12490455 -0.2258583 0.44480506
v 0.21140824 -0.2258583 0.45358106
v 0.21140824 -0.12458509 0.45358106
v 0.19357736 -0.12458509 0.44166693
v 0.19357736 -0.2258583 0.44166693
v 0.1725444 -0.12458509 0.43748316
v 0.1725444 -0.2258583 0.43748316
v 0.15151143 -0.12458509 0.44166693
v 0.15151143 -0.2258583 0.44166693
v 0.13368055 -0.12458509 0.45358106
v 0.13368055 -0.2258583 0.45358106
v 0.13368055 -0.12458509 0.5313088
v 0.15151143 -0.12458509 0.5432231
v 0.13368055 -0.2258583 0.5313088
v 0.15151143 -0.2258583 0.5432231
v 0.1725444 -0.12458509 0.5474068
v 0.1725444 -0.2258583 0.5474068
v 0.19357736 -0.12458509 0.5432231
v 0.19357736 -0.2258583 0.5432231
v 0.21140824 -0.12458509 0.5313088
v 0.21140824 -0.2258583 0.5313088
v 0.13368055 -0.12458509 0.5313088
v 0.13368055 -0.2258583 0.5313088
v 0.121766314 -0.2258583 0.513478
v 0.121766314 -0.12458509 0.513478
v 0.1175826 -0.2258583 0.492445
v 0.1175826 -0.12458509 0.492445
v 0.121766314 -0.2258583 0.471412
v 0.121766314 -0.12458509 0.471412
v 0.13368055 -0.2258583 0.45358106
v 0.13368055 -0.12458509 0.45358106
v 0.21140824 -0.12458509 0.5313088
v 0.22332248 -0.12458509 0.513478
v 0.22423045 -0.12458509 0.5313088
v 0.23614469 -0.12458509 0.513478
v 0.22750619 -0.12458509 0.492445
v 0.2403284 -0.12458509 0.492445
v 0.23614469 -0.12458509 0.471412
v 0.22332248 -0.12458509 0.471412
v 0.22423045 -0.12458509 0.45358106
v 0.21140824 -0.12458509 0.45358106
v 0.22332248 -0.2258583 0.471412
v 0.22423045 -0.2187428 0.45358106
v 0.21140824 -0.2258583 0.45358106
v 0.23614469 -0.2187428 0.471412
v 0.22750619 -0.2258583 0.492445
v 0.2403284 -0.2187428 0.492445
v 0.23614469 -0.2187428 0.513478
v 0.22332248 -0.2258583 0.513478
v 0.22423045 -0.2187428 0.5313088
v 0.21140824 -0.2258583 0.5313088
v 0.22423045 -0.2187428 0.45358106
v 0.23614469 -0.2187428 0.471412
v 0.22423045 -0.12458509 0.45358106
v 0.23614469 -0.12458509 0.471412
v 0.2403284 -0.2187428 0.492445
v 0.2403284 -0.12458509 0.492445
v 0.23614469 -0.2187428 0.513478
v 0.23614469 -0.12458509 0.513478
v 0.22423045 -0.2187428 0.5313088
v 0.22423045 -0.12458509 0.5313088
v 0.22423045 -0.2187428 0.45358106
v 0.22423045 -0.12458509 0.45358106
v 0.21140824 -0.12458509 0.45358106
v 0.21140824 -0.2258583 0.45358106
v 0.22423045 -0.2187428 0.5313088
v 0.21140824 -0.12458509 0.5313088
v 0.22423045 -0.12458509 0.5313088
v 0.21140824 -0.2258583 0.5313088
v 0.1988929 -0.2869147 0.4660964
v 0.1988929 -0.27850825 0.4660964
v 0.2069704 -0.27850825 0.47818524
v 0.2069704 -0.2869147 0.47818524
v 0.20980686 -0.27850825 0.49244493
v 0.20980686 -0.2869147 0.49244493
v 0.2069704 -0.27850825 0.5067047
v 0.2069704 -0.2869147 0.5067047
v 0.1988929 -0.27850825 0.5187935
v 0.1988929 -0.2869147 0.5187935
v 0.15828466 -0.27850825 0.45801893
v 0.14619586 -0.2869147 0.4660964
v 0.14619586 -0.27850825 0.4660964
v 0.15828466 -0.2869147 0.45801893
v 0.17254438 -0.27850825 0.4551825
v 0.17254438 -0.2869147 0.4551825
v 0.18680412 -0.27850825 0.45801893
v 0.18680412 -0.2869147 0.45801893
v 0.1988929 -0.27850825 0.4660964
v 0.1988929 -0.2869147 0.4660964
v 0.14619586 -0.27850825 0.5187935
v 0.13811837 -0.27850825 0.5067047
v 0.14619586 -0.2869147 0.5187935
v 0.13811837 -0.2869147 0.5067047
v 0.13528192 -0.27850825 0.49244493
v 0.13528192 -0.2869147 0.49244493
v 0.13811837 -0.27850825 0.47818524
v 0.13811837 -0.2869147 0.47818524
v 0.14619586 -0.27850825 0.4660964
v 0.14619586 -0.2869147 0.4660964
v 0.1988929 -0.2869147 0.5187935
v 0.1988929 -0.27850825 0.5187935
v 0.18680412 -0.27850825 0.526871
v 0.18680412 -0.2869147 0.526871
v 0.17254438 -0.27850825 0.5297074
v 0.17254438 -0.2869147 0.5297074
v 0.15828466 -0.27850825 0.526871
v 0.15828466 -0.2869147 0.526871
v 0.14619586 -0.27850825 0.5187935
v 0.14619586 -0.2869147 0.5187935
v 0.12916721 -0.29623607 0.47447756
v 0.14273033 -0.2869147 0.46263087
v 0.13934495 -0.29623607 0.45924547
v 0.13359042 -0.2869147 0.4763097
v 0.12559327 -0.29623607 0.492445
v 0.1303809 -0.2869147 0.492445
v 0.13359042 -0.2869147 0.5085802
v 0.12916721 -0.29623607 0.5104124
v 0.14273033 -0.2869147 0.52225906
v 0.13934495 -0.29623607 0.5256444
v 0.13934495 -0.29623607 0.5256444
v 0.15457697 -0.29623607 0.53582215
v 0.14273033 -0.2869147 0.52225906
v 0.15640911 -0.2869147 0.531399
v 0.17254438 -0.29623607 0.5393961
v 0.17254438 -0.2869147 0.5346085
v 0.18867965 -0.2869147 0.531399
v 0.1905118 -0.29623607 0.53582215
v 0.20235847 -0.2869147 0.52225906
v 0.20574385 -0.29623607 0.5256444
v 0.20235847 -0.2869147 0.52225906
v 0.20574385 -0.29623607 0.5256444
v 0.21592157 -0.29623607 0.5104124
v 0.21149835 -0.2869147 0.5085802
v 0.2194955 -0.29623607 0.492445
v 0.21470788 -0.2869147 0.492445
v 0.21149835 -0.2869147 0.4763097
v 0.21592157 -0.29623607 0.47447756
v 0.20235847 -0.2869147 0.46263087
v 0.20574385 -0.29623607 0.45924547
v 0.1905118 -0.29623607 0.44906783
v 0.20235847 -0.2869147 0.46263087
v 0.20574385 -0.29623607 0.45924547
v 0.18867965 -0.2869147 0.453491
v 0.17254438 -0.29623607 0.44549388
v 0.17254438 -0.2869147 0.45028147
v 0.15640911 -0.2869147 0.453491
v 0.15457697 -0.29623607 0.44906783
v 0.14273033 -0.2869147 0.46263087
v 0.13934495 -0.29623607 0.45924547
v 0.21293658 -0.29623607 0.45205274
v 0.21561034 -0.29623607 0.4480512
v 0.19707824 -0.29623607 0.43566847
v 0.1944045 -0.29623607 0.43967003
v 0.20574385 -0.29623607 0.45924547
v 0.22531934 -0.29623607 0.47058487
v 0.1905118 -0.29623607 0.44906783
v 0.17254438 -0.29623607 0.44549388
v 0.21592157 -0.29623607 0.47447756
v 0.17254438 -0.29623607 0.43532172
v 0.22966759 -0.29623607 0.492445
v 0.2194955 -0.29623607 0.492445
v 0.23003949 -0.29623607 0.46964598
v 0.23438776 -0.29623607 0.4915061
v 0.21592157 -0.29623607 0.5104124
v 0.22531934 -0.29623607 0.5143051
v 0.21293658 -0.29623607 0.53283715
v 0.20574385 -0.29623607 0.5256444
v 0.2293209 -0.29623607 0.51697886
v 0.21693817 -0.29623607 0.53551096
v 0.1905118 -0.29623607 0.53582215
v 0.1944045 -0.29623607 0.54521996
v 0.17254438 -0.29623607 0.5495682
v 0.19534339 -0.29623607 0.5499401
v 0.17348327 -0.29623607 0.5542884
v 0.17254438 -0.29623607 0.5393961
v 0.15068428 -0.29623607 0.54521996
v 0.15457697 -0.29623607 0.53582215
v 0.13215218 -0.29623607 0.53283715
v 0.13934495 -0.29623607 0.5256444
v 0.12916721 -0.29623607 0.5104124
v 0.12947842 -0.29623607 0.53683877
v 0.14801054 -0.29623607 0.54922146
v 0.11976944 -0.29623607 0.5143051
v 0.1154212 -0.29623607 0.492445
v 0.12559327 -0.29623607 0.492445
v 0.11504927 -0.29623607 0.51524395
v 0.11070103 -0.29623607 0.49338385
v 0.12916721 -0.29623607 0.47447756
v 0.11976944 -0.29623607 0.47058487
v 0.13934495 -0.29623607 0.45924547
v 0.13215218 -0.29623607 0.45205274
v 0.12815061 -0.29623607 0.44937903
v 0.11576787 -0.29623607 0.4679111
v 0.15068428 -0.29623607 0.43967003
v 0.15457697 -0.29623607 0.44906783
v 0.14974539 -0.29623607 0.43494987
v 0.17160548 -0.29623607 0.43060157
v 0.19707824 -0.27337533 0.43566847
v 0.21561034 -0.27337533 0.4480512
v 0.21293658 -0.2706505 0.45205274
v 0.1944045 -0.2706505 0.43967003
v 0.20397133 -0.26341033 0.46101803
v 0.18955253 -0.26341033 0.4513837
v 0.21360567 -0.26341033 0.4754368
v 0.17254438 -0.26341033 0.44800055
v 0.22531934 -0.2706505 0.47058487
v 0.17254438 -0.2706505 0.43532172
v 0.22966759 -0.2706505 0.492445
v 0.21698879 -0.26341033 0.492445
v 0.23003949 -0.27337533 0.46964598
v 0.23438776 -0.27337533 0.4915061
v 0.21360567 -0.26341033 0.5094531
v 0.22531934 -0.2706505 0.5143051
v 0.21293658 -0.2706505 0.53283715
v 0.20397133 -0.26341033 0.5238719
v 0.2293209 -0.27337533 0.51697886
v 0.21693817 -0.27337533 0.53551096
v 0.18955253 -0.26341033 0.5335063
v 0.1944045 -0.2706505 0.54521996
v 0.17254438 -0.2706505 0.5495682
v 0.17254438 -0.26341033 0.5368894
v 0.19534339 -0.27337533 0.5499401
v 0.17348327 -0.27337533 0.5542884
v 0.15553625 -0.26341033 0.5335063
v 0.15068428 -0.2706505 0.54521996
v 0.13215218 -0.2706505 0.53283715
v 0.14111745 -0.26341033 0.5238719
v 0.13148311 -0.26341033 0.5094531
v 0.12947842 -0.27337533 0.53683877
v 0.14801054 -0.27337533 0.54922146
v 0.11976944 -0.2706505 0.5143051
v 0.1154212 -0.2706505 0.492445
v 0.12809998 -0.26341033 0.492445
v 0.11504927 -0.27337533 0.51524395
v 0.11070103 -0.27337533 0.49338385
v 0.13148311 -0.26341033 0.4754368
v 0.11976944 -0.2706505 0.47058487
v 0.13215218 -0.2706505 0.45205274
v 0.14111745 -0.26341033 0.46101803
v 0.12815061 -0.27337533 0.44937903
v 0.11576787 -0.27337533 0.4679111
v 0.15068428 -0.2706505 0.43967003
v 0.15553625 -0.26341033 0.4513837
v 0.14974539 -0.27337533 0.43494987
v 0.17160548 -0.27337533 0.43060157
v 0.23003949 -0.27337533 0.46964598
v 0.22531934 -0.29623607 0.47058487
v 0.23003949 -0.29623607 0.46964598
v 0.22531934 -0.2706505 0.47058487
v 0.22531934 -0.2706505 0.47058487
v 0.21293658 -0.29623607 0.45205274
v 0.22531934 -0.29623607 0.47058487
v 0.21293658 -0.2706505 0.45205274
v 0.12947842 -0.27337533 0.53683877
v 0.12947842 -0.29623607 0.53683877
v 0.13215218 -0.29623607 0.53283715
v 0.13215218 -0.2706505 0.53283715
v 0.21693817 -0.27337533 0.53551096
v 0.21693817 -0.29623607 0.53551096
v 0.21293658 -0.29623607 0.53283715
v 0.21293658 -0.2706505 0.53283715
v 0.23438776 -0.27337533 0.4915061
v 0.23003949 -0.29623607 0.46964598
v 0.23438776 -0.29623607 0.4915061
v 0.23003949 -0.27337533 0.46964598
v 0.13215218 -0.2706505 0.53283715
v 0.13215218 -0.29623607 0.53283715
v 0.11976944 -0.2706505 0.5143051
v 0.11976944 -0.29623607 0.5143051
v 0.14801054 -0.27337533 0.54922146
v 0.15068428 -0.29623607 0.54521996
v 0.14801054 -0.29623607 0.54922146
v 0.15068428 -0.2706505 0.54521996
v 0.11070103 -0.27337533 0.49338385
v 0.11504927 -0.27337533 0.51524395
v 0.11504927 -0.29623607 0.51524395
v 0.11070103 -0.29623607 0.49338385
v 0.15068428 -0.29623607 0.43967003
v 0.14974539 -0.27337533 0.43494987
v 0.15068428 -0.2706505 0.43967003
v 0.14974539 -0.29623607 0.43494987
v 0.12815061 -0.27337533 0.44937903
v 0.11576787 -0.27337533 0.4679111
v 0.11576787 -0.29623607 0.4679111
v 0.12815061 -0.29623607 0.44937903
v 0.11504927 -0.27337533 0.51524395
v 0.11976944 -0.2706505 0.5143051
v 0.11976944 -0.29623607 0.5143051
v 0.11504927 -0.29623607 0.51524395
v 0.21693817 -0.27337533 0.53551096
v 0.2293209 -0.29623607 0.51697886
v 0.21693817 -0.29623607 0.53551096
v 0.2293209 -0.27337533 0.51697886
v 0.11576787 -0.27337533 0.4679111
v 0.11976944 -0.2706505 0.47058487
v 0.11976944 -0.29623607 0.47058487
v 0.11576787 -0.29623607 0.4679111
v 0.17160548 -0.29623607 0.43060157
v 0.17160548 -0.27337533 0.43060157
v 0.14974539 -0.29623607 0.43494987
v 0.14974539 -0.27337533 0.43494987
v 0.1944045 -0.29623607 0.43967003
v 0.1944045 -0.2706505 0.43967003
v 0.17254438 -0.29623607 0.43532172
v 0.17254438 -0.2706505 0.43532172
v 0.17348327 -0.27337533 0.5542884
v 0.17348327 -0.29623607 0.5542884
v 0.17254438 -0.29623607 0.5495682
v 0.17254438 -0.2706505 0.5495682
v 0.17348327 -0.27337533 0.5542884
v 0.19534339 -0.27337533 0.5499401
v 0.19534339 -0.29623607 0.5499401
v 0.17348327 -0.29623607 0.5542884
v 0.1154212 -0.29623607 0.492445
v 0.1154212 -0.2706505 0.492445
v 0.11070103 -0.27337533 0.49338385
v 0.11070103 -0.29623607 0.49338385
v 0.15068428 -0.29623607 0.43967003
v 0.15068428 -0.2706505 0.43967003
v 0.13215218 -0.29623607 0.45205274
v 0.13215218 -0.2706505 0.45205274
v 0.21561034 -0.29623607 0.4480512
v 0.21561034 -0.27337533 0.4480512
v 0.19707824 -0.29623607 0.43566847
v 0.19707824 -0.27337533 0.43566847
v 0.1154212 -0.2706505 0.492445
v 0.1154212 -0.29623607 0.492445
v 0.11976944 -0.2706505 0.47058487
v 0.11976944 -0.29623607 0.47058487
v 0.19534339 -0.27337533 0.5499401
v 0.1944045 -0.29623607 0.54521996
v 0.19534339 -0.29623607 0.5499401
v 0.1944045 -0.2706505 0.54521996
v 0.12947842 -0.27337533 0.53683877
v 0.14801054 -0.27337533 0.54922146
v 0.14801054 -0.29623607 0.54922146
v 0.12947842 -0.29623607 0.53683877
v 0.23438776 -0.27337533 0.4915061
v 0.23438776 -0.29623607 0.4915061
v 0.22966759 -0.29623607 0.492445
v 0.22966759 -0.2706505 0.492445
v 0.17254438 -0.29623607 0.43532172
v 0.17254438 -0.2706505 0.43532172
v 0.17160548 -0.27337533 0.43060157
v 0.17160548 -0.29623607 0.43060157
v 0.22531934 -0.2706505 0.5143051
v 0.22966759 -0.29623607 0.492445
v 0.22531934 -0.29623607 0.5143051
v 0.22966759 -0.2706505 0.492445
v 0.13215218 -0.29623607 0.45205274
v 0.13215218 -0.2706505 0.45205274
v 0.12815061 -0.27337533 0.44937903
v 0.12815061 -0.29623607 0.44937903
v 0.1944045 -0.2706505 0.54521996
v 0.21293658 -0.2706505 0.53283715
v 0.21293658 -0.29623607 0.53283715
v 0.1944045 -0.29623607 0.54521996
v 0.1944045 -0.29623607 0.43967003
v 0.19707824 -0.27337533 0.43566847
v 0.1944045 -0.2706505 0.43967003
v 0.19707824 -0.29623607 0.43566847
v 0.15068428 -0.2706505 0.54521996
v 0.17254438 -0.2706505 0.5495682
v 0.17254438 -0.29623607 0.5495682
v 0.15068428 -0.29623607 0.54521996
v 0.2293209 -0.27337533 0.51697886
v 0.22531934 -0.29623607 0.5143051
v 0.2293209 -0.29623607 0.51697886
v 0.22531934 -0.2706505 0.5143051
v 0.21293658 -0.29623607 0.45205274
v 0.21293658 -0.2706505 0.45205274
v 0.21561034 -0.27337533 0.4480512
v 0.21561034 -0.29623607 0.4480512
v 0.23619013 -0.17650232 0.4713931
v 0.23139672 -0.1659524 0.46421868
v 0.23139672 -0.17650232 0.46421868
v 0.23619013 -0.1659524 0.4713931
v 0.24037759 -0.17650232 0.492445
v 0.24037759 -0.1659524 0.492445
v 0.23619013 -0.17650232 0.5134968
v 0.23619013 -0.1659524 0.5134968
v 0.23139675 -0.17650232 0.52067125
v 0.23139675 -0.1659524 0.52067125
v 0.23139675 -0.14078899 0.52067125
v 0.23619013 -0.14078899 0.5134968
v 0.23139675 -0.1513389 0.52067125
v 0.23619013 -0.1513389 0.5134968
v 0.24037759 -0.14078899 0.492445
v 0.24037759 -0.1513389 0.492445
v 0.23619013 -0.14078899 0.4713931
v 0.23619013 -0.1513389 0.4713931
v 0.23139672 -0.14078899 0.46421868
v 0.23139672 -0.1513389 0.46421868
v 0.23619013 -0.20166571 0.4713931
v 0.23139672 -0.19111581 0.46421868
v 0.23139672 -0.20166571 0.46421868
v 0.23619013 -0.19111581 0.4713931
v 0.24037759 -0.20166571 0.492445
v 0.24037759 -0.19111581 0.492445
v 0.23619013 -0.20166571 0.5134968
v 0.23619013 -0.19111581 0.5134968
v 0.23139675 -0.20166571 0.52067125
v 0.23139675 -0.19111581 0.52067125
v 0.1959939 -0.12458509 0.5784989
v 0.1959939 -0.2258583 0.5538772
v 0.1725444 -0.2258583 0.5559071
v 0.1725444 -0.12458509 0.58166295
v 0.1490949 -0.2258583 0.5538772
v 0.1490949 -0.12458509 0.5784989
v 0.1490949 -0.17481153 0.5542008
v 0.1490949 -0.12458509 0.5602726
v 0.1490949 -0.12458509 0.5784989
v 0.1490949 -0.2258583 0.5538772
v 0.1490949 -0.17481153 0.52549344
v 0.1490949 -0.2258583 0.52549344
v 0.1959939 -0.2258583 0.52549344
v 0.1959939 -0.2258583 0.5538772
v 0.1959939 -0.17481153 0.52549344
v 0.1959939 -0.17481153 0.5542008
v 0.1959939 -0.12458509 0.5784989
v 0.1959939 -0.12458509 0.5602726
v 0.16020744 -0.17481153 0.5542008
v 0.1490949 -0.17481153 0.5542008
v 0.16020744 -0.17481153 0.52549344
v 0.1490949 -0.17481153 0.52549344
v 0.1490949 -0.12458509 0.5602726
v 0.1490949 -0.17481153 0.5542008
v 0.16020744 -0.17481153 0.5542008
v 0.16020744 -0.12458509 0.5602726
v 0.1490949 -0.12458509 0.5784989
v 0.1490949 -0.12458509 0.5602726
v 0.16020744 -0.12458509 0.5602726
v 0.1725444 -0.12458509 0.58166295
v 0.18488134 -0.12458509 0.5602726
v 0.1959939 -0.12458509 0.5784989
v 0.1959939 -0.12458509 0.5602726
v 0.18488134 -0.12458509 0.52549344
v 0.16020744 -0.12458509 0.52549344
v 0.16020744 -0.12458509 0.5602726
v 0.16020744 -0.17481153 0.5542008
v 0.16020744 -0.12458509 0.52549344
v 0.16020744 -0.17481153 0.52549344
v 0.18488134 -0.17481153 0.5542008
v 0.18488134 -0.12458509 0.5602726
v 0.18488134 -0.12458509 0.52549344
v 0.18488134 -0.17481153 0.52549344
v 0.1959939 -0.17481153 0.5542008
v 0.18488134 -0.17481153 0.5542008
v 0.1959939 -0.17481153 0.52549344
v 0.18488134 -0.17481153 0.52549344
v 0.18488134 -0.17481153 0.5542008
v 0.1959939 -0.17481153 0.5542008
v 0.18488134 -0.12458509 0.5602726
v 0.1959939 -0.12458509 0.5602726
v 0.17927764 -0.17203411 0.57122576
v 0.16706102 -0.17287241 0.5697964
v 0.16581115 -0.17203411 0.57122576
v 0.17802778 -0.17287241 0.5697964
v 0.17927764 -0.2266966 0.55729014
v 0.17802778 -0.17287241 0.5697964
v 0.17927764 -0.17203411 0.57122576
v 0.17802778 -0.2258583 0.5562979
v 0.16706102 -0.17287241 0.5697964
v 0.16706102 -0.2258583 0.5562979
v 0.16581115 -0.17203411 0.57122576
v 0.16581115 -0.2266966 0.55729014
v 0.07275996 -0.07275995 0.18632953
v 0.07275996 -0.07275995 0.16381
v 0.039377406 -0.09506544 0.16381
v 0.039377406 -0.09506544 0.18632953
v -0 -0.102898106 0.16381
v -0 -0.102898106 0.18632953
v -0.039377406 -0.09506544 0.16381
v -0.039377406 -0.09506544 0.18632953
v -0.07275996 -0.07275995 0.16381
v -0.07275996 -0.07275995 0.18632953
v -0.059358887 0.05935889 0.20721512
v -0.059358887 0.05935889 0.18787237
v -0.032124784 0.07755612 0.18787237
v -0.032124784 0.07755612 0.20721512
v -0 0.08394614 0.18787237
v -0 0.08394614 0.20721512
v 0.032124784 0.07755612 0.18787237
v 0.032124784 0.07755612 0.20721512
v 0.059358887 0.05935889 0.18787237
v 0.059358887 0.05935889 0.20721512
v 0.05935889 -0.05935888 0.20721512
v 0.05935889 -0.05935888 0.18787237
v 0.032124802 -0.07755612 0.18787237
v 0.032124802 -0.07755612 0.20721512
v -0 -0.08394614 0.2072151
v -0 -0.08394614 0.18787237
v -0.032124802 -0.07755612 0.18787237
v -0.032124802 -0.07755612 0.20721512
v -0.05935889 -0.05935888 0.18787237
v -0.05935889 -0.05935888 0.20721512
v -0.059358887 0.05935889 0.20721512
v -0.07755612 0.032124806 0.20721512
v -0.059358887 0.05935889 0.18787237
v -0.07755612 0.032124806 0.18787237
v -0.08394615 3.742074E-09 0.2072151
v -0.08394615 3.742074E-09 0.18787237
v -0.07755612 -0.032124795 0.18787237
v -0.07755612 -0.032124795 0.20721512
v -0.05935889 -0.05935888 0.20721512
v -0.05935889 -0.05935888 0.18787237
v 0.05935889 -0.05935888 0.20721512
v 0.07755612 -0.032124795 0.20721512
v 0.05935889 -0.05935888 0.18787237
v 0.07755612 -0.032124795 0.18787237
v 0.08394615 3.742074E-09 0.2072151
v 0.08394615 3.742074E-09 0.18787237
v 0.07755612 0.032124806 0.18787237
v 0.07755612 0.032124806 0.20721512
v 0.059358887 0.05935889 0.20721512
v 0.059358887 0.05935889 0.18787237
v 0.116119824 -0.4243317 0.1494825
v 0.11894459 -0.44035193 0.090592116
v 0.12867343 -0.5174638 0.05899322
v 0.13040146 -0.52726215 0.060399234
v 0.10037539 -0.44362625 0.090592116
v 0.116119824 -0.4243317 0.1494825
v 0.09755054 -0.42760596 0.1494825
v 0.11894459 -0.44035193 0.090592116
v 0.12867343 -0.5174638 0.05899322
v 0.11894459 -0.44035193 0.090592116
v 0.10037539 -0.44362625 0.090592116
v 0.117607 -0.51941514 0.05899322
v 0.11933453 -0.52921355 0.060399234
v 0.13040146 -0.52726215 0.060399234
v 0.11517497 -0.41686553 0.12839481
v 0.11480534 -0.4258371 0.14444219
v 0.114305936 -0.4230053 0.15062787
v 0.113592096 -0.38760608 0.11054942
v 0.119867526 -0.4231948 0.10866718
v 0.1147792 -0.41079524 0.08740115
v 0.1121485 -0.39587572 0.08770253
v 0.11575196 -0.37672648 0.06618258
v 0.119577244 -0.39031163 0.079227835
v 0.1178422 -0.382889 0.09476479
v 0.10936088 -0.35240752 0.071982056
v 0.10905276 -0.35032925 0.087674156
v 0.12386942 -0.40320048 0.13392873
v 0.12414433 -0.40459394 0.12776534
v 0.13008565 -0.4616828 0.06930435
v 0.12973723 -0.46003768 0.08261648
v 0.12716502 -0.42935064 0.07252407
v 0.1270567 -0.42388475 0.04770109
v 0.12437123 -0.39597353 0.061288502
v 0.12431473 -0.39818946 0.07795709
v 0.12570648 -0.4155654 0.08793277
v 0.10365852 -0.35472625 0.0864048
v 0.11409931 -0.4123808 0.068464786
v 0.11441794 -0.41418803 0.08652396
v 0.102199055 -0.34667018 0.07466781
v 0.12437123 -0.39597353 0.061288502
v 0.12001378 -0.39636058 0.061222285
v 0.1226993 -0.42427176 0.047634855
v 0.1270567 -0.42388475 0.04770109
v 0.13008565 -0.4616828 0.06930435
v 0.12572819 -0.4620697 0.06923813
v 0.11995731 -0.3985765 0.0778909
v 0.12001378 -0.39636058 0.061222285
v 0.12437123 -0.39597353 0.061288502
v 0.12431473 -0.39818946 0.07795709
v 0.12570648 -0.4155654 0.08793277
v 0.121349014 -0.4159524 0.08786656
v 0.11995731 -0.3985765 0.0778909
v 0.12431473 -0.39818946 0.07795709
v 0.122807585 -0.42973757 0.072457865
v 0.121349014 -0.4159524 0.08786656
v 0.12570648 -0.4155654 0.08793277
v 0.12716502 -0.42935064 0.07252407
v 0.12973723 -0.46003768 0.08261648
v 0.1253798 -0.4604247 0.08255026
v 0.122807585 -0.42973757 0.072457865
v 0.12716502 -0.42935064 0.07252407
v 0.12973723 -0.46003768 0.08261648
v 0.13008565 -0.4616828 0.06930435
v 0.12572819 -0.4620697 0.06923813
v 0.1253798 -0.4604247 0.08255026
v 0.122807585 -0.42973757 0.072457865
v 0.1253798 -0.4604247 0.08255026
v 0.12572819 -0.4620697 0.06923813
v 0.1226993 -0.42427176 0.047634855
v 0.12001378 -0.39636058 0.061222285
v 0.11995731 -0.3985765 0.0778909
v 0.121349014 -0.4159524 0.08786656
v 0.10494086 -0.35358566 0.07205132
v 0.10905276 -0.35032925 0.087674156
v 0.10463269 -0.3515073 0.087743364
v 0.10936088 -0.35240752 0.071982056
v 0.11944942 -0.40437853 0.13399798
v 0.10463269 -0.3515073 0.087743364
v 0.10905276 -0.35032925 0.087674156
v 0.12386942 -0.40320048 0.13392873
v 0.11972427 -0.405772 0.12783456
v 0.11944942 -0.40437853 0.13399798
v 0.12386942 -0.40320048 0.13392873
v 0.12414433 -0.40459394 0.12776534
v 0.1178422 -0.382889 0.09476479
v 0.113422155 -0.38406715 0.09483404
v 0.1151572 -0.39148974 0.079297096
v 0.113422155 -0.38406715 0.09483404
v 0.1178422 -0.382889 0.09476479
v 0.119577244 -0.39031163 0.079227835
v 0.1151572 -0.39148974 0.079297096
v 0.119577244 -0.39031163 0.079227835
v 0.11575196 -0.37672648 0.06618258
v 0.11133189 -0.37790453 0.06625181
v 0.10494086 -0.35358566 0.07205132
v 0.10936088 -0.35240752 0.071982056
v 0.113422155 -0.38406715 0.09483404
v 0.1151572 -0.39148974 0.079297096
v 0.11133189 -0.37790453 0.06625181
v 0.10494086 -0.35358566 0.07205132
v 0.10463269 -0.3515073 0.087743364
v 0.11944942 -0.40437853 0.13399798
v 0.11972427 -0.405772 0.12783456
v 0.09244438 -0.41360855 0.08534944
v 0.092452474 -0.41365463 0.06924823
v 0.116130665 -0.409432 0.08534944
v 0.116138816 -0.4094781 0.06924823
v 0.09244438 -0.41360855 0.08534944
v 0.116130665 -0.409432 0.08534944
v 0.11855655 -0.42319003 0.09382696
v 0.09487025 -0.42736658 0.09382696
v 0.11984999 -0.4305254 0.082038
v 0.12208859 -0.44322088 0.0868886
v 0.09840224 -0.4473974 0.0868886
v 0.09616366 -0.43470192 0.082038
v 0.12672387 -0.5102529 0.04110606
v 0.12785193 -0.51665026 0.052991137
v 0.12357671 -0.45166034 0.074223354
v 0.12230565 -0.44445196 0.059360966
v 0.11984999 -0.4305254 0.082038
v 0.12208859 -0.44322088 0.0868886
v 0.116138816 -0.4094781 0.06924823
v 0.116130665 -0.409432 0.08534944
v 0.11855655 -0.42319003 0.09382696
v 0.11409931 -0.4123808 0.068464786
v 0.102199055 -0.34667018 0.07466781
v 0.084070005 -0.3498668 0.07466781
v 0.095361784 -0.41568476 0.068464786
v 0.09930062 -0.42857093 0.14444219
v 0.11480534 -0.4258371 0.14444219
v 0.11517497 -0.41686553 0.12839481
v 0.09588485 -0.42026696 0.12839481
v 0.09364007 -0.42781946 0.10866718
v 0.119867526 -0.4231948 0.10866718
v 0.1147792 -0.41079524 0.08740115
v 0.09418059 -0.41442725 0.08740115
v 0.09418059 -0.41442725 0.08740115
v 0.1147792 -0.41079524 0.08740115
v 0.1121485 -0.39587572 0.08770253
v 0.09154989 -0.39950785 0.08770253
v 0.09755054 -0.42760596 0.1494825
v 0.11933453 -0.52921355 0.060399234
v 0.117607 -0.51941514 0.05899322
v 0.10037539 -0.44362625 0.090592116
v 0.09880143 -0.4257392 0.15062787
v 0.09930062 -0.42857093 0.14444219
v 0.09588485 -0.42026696 0.12839481
v 0.08736493 -0.3922306 0.11054942
v 0.09364007 -0.42781946 0.10866718
v 0.09418059 -0.41442725 0.08740115
v 0.09154989 -0.39950785 0.08770253
v 0.08175783 -0.38925174 0.09476479
v 0.08266613 -0.39682013 0.079227835
v 0.0816143 -0.3827458 0.06618258
v 0.079302385 -0.3577077 0.071982056
v 0.078881115 -0.35564932 0.087674156
v 0.08304099 -0.4103996 0.13392873
v 0.08325932 -0.4118031 0.12776534
v 0.08888805 -0.4360999 0.07252407
v 0.096966535 -0.46581602 0.08261648
v 0.097201794 -0.46748096 0.06930435
v 0.08712037 -0.43092665 0.04770109
v 0.08009773 -0.40378016 0.061288502
v 0.080908686 -0.40584314 0.07795709
v 0.08554382 -0.42264712 0.08793277
v 0.08545392 -0.3579362 0.0864048
v 0.09568045 -0.41749194 0.08652396
v 0.095361784 -0.41568476 0.068464786
v 0.084070005 -0.3498668 0.07466781
v 0.091347404 -0.42979997 0.047634855
v 0.08432475 -0.40265355 0.061222285
v 0.08009773 -0.40378016 0.061288502
v 0.08712037 -0.43092665 0.04770109
v 0.097201794 -0.46748096 0.06930435
v 0.101428814 -0.4663544 0.06923813
v 0.08432475 -0.40265355 0.061222285
v 0.08513568 -0.4047164 0.0778909
v 0.080908686 -0.40584314 0.07795709
v 0.08009773 -0.40378016 0.061288502
v 0.08977081 -0.42152053 0.08786656
v 0.08554382 -0.42264712 0.08793277
v 0.08513568 -0.4047164 0.0778909
v 0.080908686 -0.40584314 0.07795709
v 0.08554382 -0.42264712 0.08793277
v 0.08977081 -0.42152053 0.08786656
v 0.08888805 -0.4360999 0.07252407
v 0.093115054 -0.43497318 0.072457865
v 0.10119356 -0.4646894 0.08255026
v 0.096966535 -0.46581602 0.08261648
v 0.093115054 -0.43497318 0.072457865
v 0.08888805 -0.4360999 0.07252407
v 0.096966535 -0.46581602 0.08261648
v 0.10119356 -0.4646894 0.08255026
v 0.097201794 -0.46748096 0.06930435
v 0.101428814 -0.4663544 0.06923813
v 0.08513568 -0.4047164 0.0778909
v 0.093115054 -0.43497318 0.072457865
v 0.08977081 -0.42152053 0.08786656
v 0.08432475 -0.40265355 0.061222285
v 0.091347404 -0.42979997 0.047634855
v 0.101428814 -0.4663544 0.06923813
v 0.10119356 -0.4646894 0.08255026
v 0.083437525 -0.35524464 0.087743364
v 0.078881115 -0.35564932 0.087674156
v 0.079302385 -0.3577077 0.071982056
v 0.08385878 -0.357303 0.07205132
v 0.078881115 -0.35564932 0.087674156
v 0.083437525 -0.35524464 0.087743364
v 0.08759741 -0.40999487 0.13399798
v 0.08304099 -0.4103996 0.13392873
v 0.08759741 -0.40999487 0.13399798
v 0.08325932 -0.4118031 0.12776534
v 0.08304099 -0.4103996 0.13392873
v 0.08781571 -0.41139838 0.12783456
v 0.086314246 -0.38884702 0.09483404
v 0.08175783 -0.38925174 0.09476479
v 0.08175783 -0.38925174 0.09476479
v 0.086314246 -0.38884702 0.09483404
v 0.08266613 -0.39682013 0.079227835
v 0.087222524 -0.39641544 0.079297096
v 0.08266613 -0.39682013 0.079227835
v 0.087222524 -0.39641544 0.079297096
v 0.0816143 -0.3827458 0.06618258
v 0.08617072 -0.38234112 0.06625181
v 0.08385878 -0.357303 0.07205132
v 0.079302385 -0.3577077 0.071982056
v 0.08759741 -0.40999487 0.13399798
v 0.086314246 -0.38884702 0.09483404
v 0.08781571 -0.41139838 0.12783456
v 0.083437525 -0.35524464 0.087743364
v 0.08385878 -0.357303 0.07205132
v 0.08617072 -0.38234112 0.06625181
v 0.087222524 -0.39641544 0.079297096
v 0.11855655 -0.42319003 0.09382696
v 0.09616366 -0.43470192 0.082038
v 0.09487025 -0.42736658 0.09382696
v 0.11984999 -0.4305254 0.082038
v 0.12208859 -0.44322088 0.0868886
v 0.09989034 -0.45583683 0.074223354
v 0.09840224 -0.4473974 0.0868886
v 0.12357671 -0.45166034 0.074223354
v 0.09989034 -0.45583683 0.074223354
v 0.12357671 -0.45166034 0.074223354
v 0.118100815 -0.5183696 0.052991137
v 0.12785193 -0.51665026 0.052991137
v 0.118100815 -0.5183696 0.052991137
v 0.12785193 -0.51665026 0.052991137
v 0.12672387 -0.5102529 0.04110606
v 0.116972774 -0.51197225 0.04110606
v 0.116138816 -0.4094781 0.06924823
v 0.092452474 -0.41365463 0.06924823
v 0.098619305 -0.4486285 0.059360966
v 0.12230565 -0.44445196 0.059360966
v 0.116972774 -0.51197225 0.04110606
v 0.12672387 -0.5102529 0.04110606
v 0.118100815 -0.5183696 0.052991137
v 0.116972774 -0.51197225 0.04110606
v 0.09989034 -0.45583683 0.074223354
v 0.098619305 -0.4486285 0.059360966
v 0.09616366 -0.43470192 0.082038
v 0.09840224 -0.4473974 0.0868886
v 0.092452474 -0.41365463 0.06924823
v 0.09244438 -0.41360855 0.08534944
v 0.09487025 -0.42736658 0.09382696
v 0.10365852 -0.35472625 0.0864048
v 0.08545392 -0.3579362 0.0864048
v 0.102199055 -0.34667018 0.07466781
v 0.084070005 -0.3498668 0.07466781
v 0.08545392 -0.3579362 0.0864048
v 0.10365852 -0.35472625 0.0864048
v 0.09568045 -0.41749194 0.08652396
v 0.11441794 -0.41418803 0.08652396
v 0.113592096 -0.38760608 0.11054942
v 0.08736493 -0.3922306 0.11054942
v 0.09154989 -0.39950785 0.08770253
v 0.1121485 -0.39587572 0.08770253
v 0.114305936 -0.4230053 0.15062787
v 0.09880143 -0.4257392 0.15062787
v 0.113592096 -0.38760608 0.11054942
v 0.08736493 -0.3922306 0.11054942
v 0.120626464 -0.42686266 0.15163657
v 0.1360869 -0.5484984 0.044804543
v 0.1212551 -0.55111355 0.044804543
v 0.094181314 -0.4315257 0.15163657
v 0.091864936 -0.4203156 0.16193938
v 0.11896907 -0.4155364 0.16193938
v 0.08982843 -0.41615868 0.16066915
v 0.11946107 -0.41093355 0.16066915
v 0.1212551 -0.55111355 0.044804543
v 0.1360869 -0.5484984 0.044804543
v 0.13672134 -0.547474 0.04206973
v 0.120308615 -0.5503679 0.04206973
v 0.12166478 -0.4247042 0.14876331
v 0.11896907 -0.4155364 0.16193938
v 0.11946107 -0.41093355 0.16066915
v 0.120626464 -0.42686266 0.15163657
v 0.1360869 -0.5484984 0.044804543
v 0.13672134 -0.547474 0.04206973
v 0.12850718 -0.4605043 0.1021519
v 0.12854132 -0.44388393 0.10127559
v 0.12358197 -0.4125815 0.13162255
v 0.09246735 -0.4298525 0.14876331
v 0.08982843 -0.41615868 0.16066915
v 0.091864936 -0.4203156 0.16193938
v 0.094181314 -0.4315257 0.15163657
v 0.1212551 -0.55111355 0.044804543
v 0.120308615 -0.5503679 0.04206973
v 0.09828198 -0.46583384 0.1021519
v 0.09256541 -0.45022747 0.10127559
v 0.0865196 -0.41911662 0.13162255
v 0.12166478 -0.4247042 0.14876331
v 0.11946107 -0.41093355 0.16066915
v 0.08982843 -0.41615868 0.16066915
v 0.09246735 -0.4298525 0.14876331
v 0.09246735 -0.4298525 0.14876331
v 0.12358197 -0.4125815 0.13162255
v 0.12166478 -0.4247042 0.14876331
v 0.0865196 -0.41911662 0.13162255
v 0.12854132 -0.44388393 0.10127559
v 0.12358197 -0.4125815 0.13162255
v 0.0865196 -0.41911662 0.13162255
v 0.09256541 -0.45022747 0.10127559
v 0.12850718 -0.4605043 0.1021519
v 0.09828198 -0.46583384 0.1021519
v 0.120308615 -0.5503679 0.04206973
v 0.13672134 -0.547474 0.04206973
v 0.059028577 -0.08890848 0.17506976
v 0.05480162 -0.09087958 0.18632953
v 0.051556997 -0.08392146 0.18632953
v 0.055783976 -0.081950404 0.17506976
v 0.051556997 -0.08392146 0.16381
v 0.054801606 -0.09087955 0.16381
v 0.051556997 -0.08392146 0.18632953
v 0.05480162 -0.09087958 0.18632953
v 0.0445968 -0.09563812 0.1909935
v 0.041352186 -0.088680066 0.1909935
v 0.031147387 -0.09343864 0.18632953
v 0.034392 -0.10039674 0.18632953
v 0.026920417 -0.09540971 0.17506976
v 0.031147387 -0.09343864 0.18632953
v 0.034392 -0.10039674 0.18632953
v 0.03016502 -0.10236781 0.17506976
v 0.034391988 -0.10039671 0.16381
v 0.031147378 -0.0934386 0.16381
v 0.031147378 -0.0934386 0.16381
v 0.034391988 -0.10039671 0.16381
v 0.0445968 -0.09563812 0.15914604
v 0.041352175 -0.088680014 0.15914604
v 0.051556997 -0.08392146 0.16381
v 0.054801606 -0.09087955 0.16381
v 0.084877744 -0.33881298 0.11440418
v 0.097660854 -0.33655894 0.11440418
v 0.08886393 -0.35933453 0.08817323
v 0.10093239 -0.35720652 0.08817323
v 0.100625955 -0.35493022 0.07523932
v 0.08837333 -0.35709062 0.07523932
v 0.09490841 -0.32097134 0.10103305
v 0.0821329 -0.323224 0.10103305
v 0.08600049 -0.34417197 0.07543316
v 0.09843725 -0.34197906 0.07543316
v 0.09843725 -0.34197906 0.07543316
v 0.100625955 -0.35493022 0.07523932
v 0.10093239 -0.35720652 0.08817323
v 0.09490841 -0.32097134 0.10103305
v 0.097660854 -0.33655894 0.11440418
v 0.08886393 -0.35933453 0.08817323
v 0.08837333 -0.35709062 0.07523932
v 0.08600049 -0.34417197 0.07543316
v 0.0821329 -0.323224 0.10103305
v 0.084877744 -0.33881298 0.11440418
v 0.05101647 -0.10940516 0.17506976
v 0.034392 -0.10039674 0.18632953
v 0.0445968 -0.09563812 0.1909935
v 0.03016502 -0.10236781 0.17506976
v 0.034391988 -0.10039671 0.16381
v 0.0445968 -0.09563812 0.15914604
v 0.05101647 -0.10940516 0.17506976
v 0.05480162 -0.09087958 0.18632953
v 0.059028577 -0.08890848 0.17506976
v 0.054801606 -0.09087955 0.16381
v 0.07844915 -0.19120522 0.20541778
v 0.05321545 -0.19565463 0.20541778
v 0.05175017 -0.18734457 0.21249759
v 0.07698387 -0.18289515 0.21249759
v 0.037295684 -0.105369106 0.1915466
v 0.06252938 -0.10091972 0.1915466
v 0.06252938 -0.10091972 0.1915466
v 0.037295684 -0.105369106 0.1915466
v 0.037316825 -0.10548905 0.17639947
v 0.06255054 -0.10103966 0.17639947
v 0.05175017 -0.18734457 0.21249759
v 0.037316825 -0.10548905 0.17639947
v 0.037295684 -0.105369106 0.1915466
v 0.05321545 -0.19565463 0.20541778
v 0.07844915 -0.19120522 0.20541778
v 0.06255054 -0.10103966 0.17639947
v 0.037316825 -0.10548905 0.17639947
v 0.05321545 -0.19565463 0.20541778
v 0.07844915 -0.19120522 0.20541778
v 0.07698387 -0.18289515 0.21249759
v 0.06255054 -0.10103966 0.17639947
v 0.06252938 -0.10091972 0.1915466
v 0.035519656 -0.11037293 0.16538756
v 0.06590971 -0.105014354 0.16538756
v 0.06474513 -0.098409615 0.17457046
v 0.034355063 -0.1037682 0.17457046
v 0.034401435 -0.1040312 0.18527885
v 0.06479149 -0.09867261 0.18527885
v 0.085674874 -0.21710809 0.17164914
v 0.055589404 -0.22419415 0.16597319
v 0.0552848 -0.22246669 0.17164914
v 0.08597947 -0.21883559 0.16597319
v 0.06590971 -0.105014354 0.16538756
v 0.035519656 -0.11037293 0.16538756
v 0.051278237 -0.19974428 0.15901706
v 0.0816683 -0.19438569 0.15901706
v 0.08274942 -0.20051706 0.15364857
v 0.05235936 -0.20587564 0.15364857
v 0.036716256 -0.11715921 0.18494806
v 0.034401435 -0.1040312 0.18527885
v 0.06479149 -0.09867261 0.18527885
v 0.06710632 -0.11180062 0.18494806
v 0.055589404 -0.22419415 0.16597319
v 0.08597947 -0.21883559 0.16597319
v 0.08274942 -0.20051706 0.15364857
v 0.05235936 -0.20587564 0.15364857
v 0.0686964 -0.12081842 0.17401895
v 0.085674874 -0.21710809 0.17164914
v 0.0552848 -0.22246669 0.17164914
v 0.038306333 -0.126177 0.17401895
v 0.036716256 -0.11715921 0.18494806
v 0.034355063 -0.1037682 0.17457046
v 0.034401435 -0.1040312 0.18527885
v 0.038306333 -0.126177 0.17401895
v 0.035519656 -0.11037293 0.16538756
v 0.051278237 -0.19974428 0.15901706
v 0.0552848 -0.22246669 0.17164914
v 0.05235936 -0.20587564 0.15364857
v 0.055589404 -0.22419415 0.16597319
v 0.06710632 -0.11180062 0.18494806
v 0.038306333 -0.126177 0.17401895
v 0.036716256 -0.11715921 0.18494806
v 0.0686964 -0.12081842 0.17401895
v 0.06710632 -0.11180062 0.18494806
v 0.06479149 -0.09867261 0.18527885
v 0.06474513 -0.098409615 0.17457046
v 0.0686964 -0.12081842 0.17401895
v 0.06590971 -0.105014354 0.16538756
v 0.0816683 -0.19438569 0.15901706
v 0.085674874 -0.21710809 0.17164914
v 0.08274942 -0.20051706 0.15364857
v 0.08597947 -0.21883559 0.16597319
v 0.055714715 -0.11192885 0.17972912
v 0.07368988 -0.21387108 0.17722017
v 0.06543988 -0.21532576 0.17722017
v 0.04746472 -0.11338355 0.17972912
v 0.056893002 -0.11861127 0.17180921
v 0.072918676 -0.20949735 0.16957238
v 0.07368988 -0.21387108 0.17722017
v 0.055714715 -0.11192885 0.17972912
v 0.048643015 -0.120065965 0.17180921
v 0.04746472 -0.11338355 0.17972912
v 0.06543988 -0.21532576 0.17722017
v 0.064668685 -0.21095207 0.16957238
v 0.08045287 -0.23532331 0.22023332
v 0.06642185 -0.23779735 0.22023332
v 0.07437355 -0.20084572 0.16800761
v 0.060342524 -0.20331977 0.16800761
v 0.06642185 -0.23779735 0.22023332
v 0.06732671 -0.24292916 0.21201947
v 0.062173765 -0.21370529 0.16775201
v 0.060342524 -0.20331977 0.16800761
v 0.08045287 -0.23532331 0.22023332
v 0.07437355 -0.20084572 0.16800761
v 0.07620481 -0.21123125 0.16775201
v 0.081357755 -0.2404551 0.21201947
v 0.07620481 -0.21123125 0.16775201
v 0.06732671 -0.24292916 0.21201947
v 0.081357755 -0.2404551 0.21201947
v 0.062173765 -0.21370529 0.16775201
v 0.0791847 -0.30980837 0.09681813
v 0.09308904 -0.30735672 0.09681813
v 0.07788098 -0.21085668 0.20210189
v 0.06047066 -0.21392658 0.20210189
v 0.06115982 -0.2179379 0.23265664
v 0.07860599 -0.21486169 0.23265664
v 0.082203776 -0.32674462 0.09845808
v 0.09604608 -0.3243039 0.09845807
v 0.09308904 -0.30735672 0.09681813
v 0.0791847 -0.30980837 0.09681813
v 0.082203776 -0.32674462 0.09845808
v 0.0791847 -0.30980837 0.09681813
v 0.06047066 -0.21392658 0.20210189
v 0.06115982 -0.2179379 0.23265664
v 0.09604608 -0.3243039 0.09845807
v 0.07860599 -0.21486169 0.23265664
v 0.07788098 -0.21085668 0.20210189
v 0.09308904 -0.30735672 0.09681813
v 0.059551228 -0.23255621 0.25026459
v 0.05600601 -0.21198744 0.2408376
v 0.058072194 -0.2239867 0.2510988
v 0.08034088 -0.33957678 0.08354504
v 0.082792796 -0.353475 0.09542962
v 0.059551228 -0.23255621 0.25026459
v 0.08511668 -0.22804832 0.25026459
v 0.082792796 -0.353475 0.09542962
v 0.10463338 -0.3496239 0.09542962
v 0.08357557 -0.21948975 0.2510988
v 0.059551228 -0.23255621 0.25026459
v 0.058072194 -0.2239867 0.2510988
v 0.08511668 -0.22804832 0.25026459
v 0.05600601 -0.21198744 0.2408376
v 0.08141315 -0.20750745 0.2408376
v 0.08357557 -0.21948975 0.2510988
v 0.058072194 -0.2239867 0.2510988
v 0.08511668 -0.22804832 0.25026459
v 0.10218395 -0.33572525 0.08354504
v 0.10463338 -0.3496239 0.09542962
v 0.08141315 -0.20750745 0.2408376
v 0.08357557 -0.21948975 0.2510988
v 0.08034088 -0.33957678 0.08354504
v 0.08141315 -0.20750745 0.2408376
v 0.05600601 -0.21198744 0.2408376
v 0.10218395 -0.33572525 0.08354504
v 0.08837333 -0.35709062 0.07523932
v 0.100625955 -0.35493022 0.07523932
v 0.09843725 -0.34197906 0.07543316
v 0.08600049 -0.34417197 0.07543316
v -0.116119824 -0.4243317 0.1494825
v -0.13040146 -0.52726215 0.060399234
v -0.12867343 -0.5174638 0.05899322
v -0.11894459 -0.44035193 0.090592116
v -0.09755054 -0.42760596 0.1494825
v -0.116119824 -0.4243317 0.1494825
v -0.10037539 -0.44362625 0.090592116
v -0.11894459 -0.44035193 0.090592116
v -0.10037539 -0.44362625 0.090592116
v -0.11894459 -0.44035193 0.090592116
v -0.12867343 -0.5174638 0.05899322
v -0.117607 -0.51941514 0.05899322
v -0.11933453 -0.52921355 0.060399234
v -0.13040146 -0.52726215 0.060399234
v -0.114305936 -0.4230053 0.15062787
v -0.11480534 -0.4258371 0.14444219
v -0.11517497 -0.41686553 0.12839481
v -0.113592096 -0.38760608 0.11054942
v -0.119867526 -0.4231948 0.10866718
v -0.1147792 -0.41079524 0.08740115
v -0.1121485 -0.39587572 0.08770253
v -0.1178422 -0.382889 0.09476479
v -0.119577244 -0.39031163 0.079227835
v -0.11575196 -0.37672648 0.06618258
v -0.10936088 -0.35240752 0.071982056
v -0.10905276 -0.35032925 0.087674156
v -0.12386942 -0.40320048 0.13392873
v -0.12414433 -0.40459394 0.12776534
v -0.12716502 -0.42935064 0.07252407
v -0.12973723 -0.46003768 0.08261648
v -0.13008565 -0.4616828 0.06930435
v -0.1270567 -0.42388475 0.04770109
v -0.12437123 -0.39597353 0.061288502
v -0.12431473 -0.39818946 0.07795709
v -0.12570648 -0.4155654 0.08793277
v -0.10365852 -0.35472625 0.0864048
v -0.11441794 -0.41418803 0.08652396
v -0.11409931 -0.4123808 0.068464786
v -0.102199055 -0.34667018 0.07466781
v -0.12437123 -0.39597353 0.061288502
v -0.1226993 -0.42427176 0.047634855
v -0.12001378 -0.39636058 0.061222285
v -0.1270567 -0.42388475 0.04770109
v -0.13008565 -0.4616828 0.06930435
v -0.12572819 -0.4620697 0.06923813
v -0.11995731 -0.3985765 0.0778909
v -0.12431473 -0.39818946 0.07795709
v -0.12437123 -0.39597353 0.061288502
v -0.12001378 -0.39636058 0.061222285
v -0.12431473 -0.39818946 0.07795709
v -0.11995731 -0.3985765 0.0778909
v -0.12570648 -0.4155654 0.08793277
v -0.121349014 -0.4159524 0.08786656
v -0.12570648 -0.4155654 0.08793277
v -0.121349014 -0.4159524 0.08786656
v -0.122807585 -0.42973757 0.072457865
v -0.12716502 -0.42935064 0.07252407
v -0.12716502 -0.42935064 0.07252407
v -0.122807585 -0.42973757 0.072457865
v -0.12973723 -0.46003768 0.08261648
v -0.1253798 -0.4604247 0.08255026
v -0.12973723 -0.46003768 0.08261648
v -0.1253798 -0.4604247 0.08255026
v -0.12572819 -0.4620697 0.06923813
v -0.13008565 -0.4616828 0.06930435
v -0.12572819 -0.4620697 0.06923813
v -0.1253798 -0.4604247 0.08255026
v -0.122807585 -0.42973757 0.072457865
v -0.1226993 -0.42427176 0.047634855
v -0.12001378 -0.39636058 0.061222285
v -0.11995731 -0.3985765 0.0778909
v -0.121349014 -0.4159524 0.08786656
v -0.10463269 -0.3515073 0.087743364
v -0.10905276 -0.35032925 0.087674156
v -0.10494086 -0.35358566 0.07205132
v -0.10936088 -0.35240752 0.071982056
v -0.10905276 -0.35032925 0.087674156
v -0.10463269 -0.3515073 0.087743364
v -0.11944942 -0.40437853 0.13399798
v -0.12386942 -0.40320048 0.13392873
v -0.12386942 -0.40320048 0.13392873
v -0.11944942 -0.40437853 0.13399798
v -0.11972427 -0.405772 0.12783456
v -0.12414433 -0.40459394 0.12776534
v -0.1178422 -0.382889 0.09476479
v -0.113422155 -0.38406715 0.09483404
v -0.1178422 -0.382889 0.09476479
v -0.113422155 -0.38406715 0.09483404
v -0.1151572 -0.39148974 0.079297096
v -0.119577244 -0.39031163 0.079227835
v -0.119577244 -0.39031163 0.079227835
v -0.1151572 -0.39148974 0.079297096
v -0.11575196 -0.37672648 0.06618258
v -0.11133189 -0.37790453 0.06625181
v -0.10494086 -0.35358566 0.07205132
v -0.10936088 -0.35240752 0.071982056
v -0.11133189 -0.37790453 0.06625181
v -0.1151572 -0.39148974 0.079297096
v -0.113422155 -0.38406715 0.09483404
v -0.10494086 -0.35358566 0.07205132
v -0.10463269 -0.3515073 0.087743364
v -0.11944942 -0.40437853 0.13399798
v -0.11972427 -0.405772 0.12783456
v -0.09244438 -0.41360855 0.08534944
v -0.116130665 -0.409432 0.08534944
v -0.092452474 -0.41365463 0.06924823
v -0.116138816 -0.4094781 0.06924823
v -0.09244438 -0.41360855 0.08534944
v -0.11855655 -0.42319003 0.09382696
v -0.116130665 -0.409432 0.08534944
v -0.09487025 -0.42736658 0.09382696
v -0.11984999 -0.4305254 0.082038
v -0.09616366 -0.43470192 0.082038
v -0.09840224 -0.4473974 0.0868886
v -0.12208859 -0.44322088 0.0868886
v -0.12785193 -0.51665026 0.052991137
v -0.12672387 -0.5102529 0.04110606
v -0.12357671 -0.45166034 0.074223354
v -0.12230565 -0.44445196 0.059360966
v -0.11984999 -0.4305254 0.082038
v -0.12208859 -0.44322088 0.0868886
v -0.116138816 -0.4094781 0.06924823
v -0.116130665 -0.409432 0.08534944
v -0.11855655 -0.42319003 0.09382696
v -0.11409931 -0.4123808 0.068464786
v -0.095361784 -0.41568476 0.068464786
v -0.084070005 -0.3498668 0.07466781
v -0.102199055 -0.34667018 0.07466781
v -0.09930062 -0.42857093 0.14444219
v -0.11517497 -0.41686553 0.12839481
v -0.11480534 -0.4258371 0.14444219
v -0.09588485 -0.42026696 0.12839481
v -0.09364007 -0.42781946 0.10866718
v -0.119867526 -0.4231948 0.10866718
v -0.1147792 -0.41079524 0.08740115
v -0.09418059 -0.41442725 0.08740115
v -0.09418059 -0.41442725 0.08740115
v -0.1121485 -0.39587572 0.08770253
v -0.1147792 -0.41079524 0.08740115
v -0.09154989 -0.39950785 0.08770253
v -0.09755054 -0.42760596 0.1494825
v -0.10037539 -0.44362625 0.090592116
v -0.117607 -0.51941514 0.05899322
v -0.11933453 -0.52921355 0.060399234
v -0.09588485 -0.42026696 0.12839481
v -0.09930062 -0.42857093 0.14444219
v -0.09880143 -0.4257392 0.15062787
v -0.08736493 -0.3922306 0.11054942
v -0.09364007 -0.42781946 0.10866718
v -0.09418059 -0.41442725 0.08740115
v -0.09154989 -0.39950785 0.08770253
v -0.0816143 -0.3827458 0.06618258
v -0.08266613 -0.39682013 0.079227835
v -0.08175783 -0.38925174 0.09476479
v -0.079302385 -0.3577077 0.071982056
v -0.078881115 -0.35564932 0.087674156
v -0.08304099 -0.4103996 0.13392873
v -0.08325932 -0.4118031 0.12776534
v -0.097201794 -0.46748096 0.06930435
v -0.096966535 -0.46581602 0.08261648
v -0.08888805 -0.4360999 0.07252407
v -0.08712037 -0.43092665 0.04770109
v -0.08009773 -0.40378016 0.061288502
v -0.080908686 -0.40584314 0.07795709
v -0.08554382 -0.42264712 0.08793277
v -0.08545392 -0.3579362 0.0864048
v -0.095361784 -0.41568476 0.068464786
v -0.09568045 -0.41749194 0.08652396
v -0.084070005 -0.3498668 0.07466781
v -0.08009773 -0.40378016 0.061288502
v -0.08432475 -0.40265355 0.061222285
v -0.091347404 -0.42979997 0.047634855
v -0.08712037 -0.43092665 0.04770109
v -0.097201794 -0.46748096 0.06930435
v -0.101428814 -0.4663544 0.06923813
v -0.08432475 -0.40265355 0.061222285
v -0.080908686 -0.40584314 0.07795709
v -0.08513568 -0.4047164 0.0778909
v -0.08009773 -0.40378016 0.061288502
v -0.08513568 -0.4047164 0.0778909
v -0.080908686 -0.40584314 0.07795709
v -0.08554382 -0.42264712 0.08793277
v -0.08977081 -0.42152053 0.08786656
v -0.08977081 -0.42152053 0.08786656
v -0.08554382 -0.42264712 0.08793277
v -0.08888805 -0.4360999 0.07252407
v -0.093115054 -0.43497318 0.072457865
v -0.093115054 -0.43497318 0.072457865
v -0.08888805 -0.4360999 0.07252407
v -0.096966535 -0.46581602 0.08261648
v -0.10119356 -0.4646894 0.08255026
v -0.10119356 -0.4646894 0.08255026
v -0.096966535 -0.46581602 0.08261648
v -0.097201794 -0.46748096 0.06930435
v -0.101428814 -0.4663544 0.06923813
v -0.08513568 -0.4047164 0.0778909
v -0.08977081 -0.42152053 0.08786656
v -0.093115054 -0.43497318 0.072457865
v -0.08432475 -0.40265355 0.061222285
v -0.091347404 -0.42979997 0.047634855
v -0.101428814 -0.4663544 0.06923813
v -0.10119356 -0.4646894 0.08255026
v -0.083437525 -0.35524464 0.087743364
v -0.08385878 -0.357303 0.07205132
v -0.079302385 -0.3577077 0.071982056
v -0.078881115 -0.35564932 0.087674156
v -0.078881115 -0.35564932 0.087674156
v -0.08304099 -0.4103996 0.13392873
v -0.08759741 -0.40999487 0.13399798
v -0.083437525 -0.35524464 0.087743364
v -0.08759741 -0.40999487 0.13399798
v -0.08304099 -0.4103996 0.13392873
v -0.08325932 -0.4118031 0.12776534
v -0.08781571 -0.41139838 0.12783456
v -0.086314246 -0.38884702 0.09483404
v -0.08175783 -0.38925174 0.09476479
v -0.086314246 -0.38884702 0.09483404
v -0.08175783 -0.38925174 0.09476479
v -0.08266613 -0.39682013 0.079227835
v -0.087222524 -0.39641544 0.079297096
v -0.087222524 -0.39641544 0.079297096
v -0.08266613 -0.39682013 0.079227835
v -0.0816143 -0.3827458 0.06618258
v -0.08617072 -0.38234112 0.06625181
v -0.08385878 -0.357303 0.07205132
v -0.079302385 -0.3577077 0.071982056
v -0.08759741 -0.40999487 0.13399798
v -0.08781571 -0.41139838 0.12783456
v -0.086314246 -0.38884702 0.09483404
v -0.083437525 -0.35524464 0.087743364
v -0.08385878 -0.357303 0.07205132
v -0.08617072 -0.38234112 0.06625181
v -0.087222524 -0.39641544 0.079297096
v -0.11855655 -0.42319003 0.09382696
v -0.09487025 -0.42736658 0.09382696
v -0.09616366 -0.43470192 0.082038
v -0.11984999 -0.4305254 0.082038
v -0.12208859 -0.44322088 0.0868886
v -0.09840224 -0.4473974 0.0868886
v -0.09989034 -0.45583683 0.074223354
v -0.12357671 -0.45166034 0.074223354
v -0.12357671 -0.45166034 0.074223354
v -0.09989034 -0.45583683 0.074223354
v -0.118100815 -0.5183696 0.052991137
v -0.12785193 -0.51665026 0.052991137
v -0.118100815 -0.5183696 0.052991137
v -0.116972774 -0.51197225 0.04110606
v -0.12672387 -0.5102529 0.04110606
v -0.12785193 -0.51665026 0.052991137
v -0.098619305 -0.4486285 0.059360966
v -0.092452474 -0.41365463 0.06924823
v -0.116138816 -0.4094781 0.06924823
v -0.12230565 -0.44445196 0.059360966
v -0.116972774 -0.51197225 0.04110606
v -0.12672387 -0.5102529 0.04110606
v -0.116972774 -0.51197225 0.04110606
v -0.118100815 -0.5183696 0.052991137
v -0.09989034 -0.45583683 0.074223354
v -0.098619305 -0.4486285 0.059360966
v -0.09616366 -0.43470192 0.082038
v -0.09840224 -0.4473974 0.0868886
v -0.092452474 -0.41365463 0.06924823
v -0.09244438 -0.41360855 0.08534944
v -0.09487025 -0.42736658 0.09382696
v -0.10365852 -0.35472625 0.0864048
v -0.102199055 -0.34667018 0.07466781
v -0.08545392 -0.3579362 0.0864048
v -0.084070005 -0.3498668 0.07466781
v -0.10365852 -0.35472625 0.0864048
v -0.08545392 -0.3579362 0.0864048
v -0.09568045 -0.41749194 0.08652396
v -0.11441794 -0.41418803 0.08652396
v -0.113592096 -0.38760608 0.11054942
v -0.1121485 -0.39587572 0.08770253
v -0.09154989 -0.39950785 0.08770253
v -0.08736493 -0.3922306 0.11054942
v -0.113592096 -0.38760608 0.11054942
v -0.09880143 -0.4257392 0.15062787
v -0.114305936 -0.4230053 0.15062787
v -0.08736493 -0.3922306 0.11054942
v -0.1212551 -0.55111355 0.044804543
v -0.1360869 -0.5484984 0.044804543
v -0.120626464 -0.42686266 0.15163657
v -0.094181314 -0.4315257 0.15163657
v -0.091864936 -0.4203156 0.16193938
v -0.11896907 -0.4155364 0.16193938
v -0.08982843 -0.41615868 0.16066915
v -0.11946107 -0.41093355 0.16066915
v -0.1212551 -0.55111355 0.044804543
v -0.13672134 -0.547474 0.04206973
v -0.1360869 -0.5484984 0.044804543
v -0.120308615 -0.5503679 0.04206973
v -0.12166478 -0.4247042 0.14876331
v -0.11946107 -0.41093355 0.16066915
v -0.11896907 -0.4155364 0.16193938
v -0.120626464 -0.42686266 0.15163657
v -0.1360869 -0.5484984 0.044804543
v -0.13672134 -0.547474 0.04206973
v -0.12850718 -0.4605043 0.1021519
v -0.12854132 -0.44388393 0.10127559
v -0.12358197 -0.4125815 0.13162255
v -0.09246735 -0.4298525 0.14876331
v -0.091864936 -0.4203156 0.16193938
v -0.08982843 -0.41615868 0.16066915
v -0.094181314 -0.4315257 0.15163657
v -0.1212551 -0.55111355 0.044804543
v -0.120308615 -0.5503679 0.04206973
v -0.09828198 -0.46583384 0.1021519
v -0.09256541 -0.45022747 0.10127559
v -0.0865196 -0.41911662 0.13162255
v -0.12166478 -0.4247042 0.14876331
v -0.09246735 -0.4298525 0.14876331
v -0.08982843 -0.41615868 0.16066915
v -0.11946107 -0.41093355 0.16066915
v -0.0865196 -0.41911662 0.13162255
v -0.09246735 -0.4298525 0.14876331
v -0.12358197 -0.4125815 0.13162255
v -0.12166478 -0.4247042 0.14876331
v -0.0865196 -0.41911662 0.13162255
v -0.12358197 -0.4125815 0.13162255
v -0.12854132 -0.44388393 0.10127559
v -0.09256541 -0.45022747 0.10127559
v -0.12850718 -0.4605043 0.1021519
v -0.09828198 -0.46583384 0.1021519
v -0.120308615 -0.5503679 0.04206973
v -0.13672134 -0.547474 0.04206973
v -0.051556997 -0.08392146 0.18632953
v -0.05480162 -0.09087958 0.18632953
v -0.059028577 -0.08890848 0.17506976
v -0.055783976 -0.081950404 0.17506976
v -0.051556997 -0.08392146 0.16381
v -0.054801606 -0.09087955 0.16381
v -0.0445968 -0.09563812 0.1909935
v -0.05480162 -0.09087958 0.18632953
v -0.051556997 -0.08392146 0.18632953
v -0.041352186 -0.088680066 0.1909935
v -0.031147387 -0.09343864 0.18632953
v -0.034392 -0.10039674 0.18632953
v -0.034392 -0.10039674 0.18632953
v -0.031147387 -0.09343864 0.18632953
v -0.026920417 -0.09540971 0.17506976
v -0.03016502 -0.10236781 0.17506976
v -0.034391988 -0.10039671 0.16381
v -0.031147378 -0.0934386 0.16381
v -0.0445968 -0.09563812 0.15914604
v -0.034391988 -0.10039671 0.16381
v -0.031147378 -0.0934386 0.16381
v -0.041352175 -0.088680014 0.15914604
v -0.051556997 -0.08392146 0.16381
v -0.054801606 -0.09087955 0.16381
v -0.08886393 -0.35933453 0.08817323
v -0.097660854 -0.33655894 0.11440418
v -0.084877744 -0.33881298 0.11440418
v -0.10093239 -0.35720652 0.08817323
v -0.100625955 -0.35493022 0.07523932
v -0.08837333 -0.35709062 0.07523932
v -0.08600049 -0.34417197 0.07543316
v -0.0821329 -0.323224 0.10103305
v -0.09490841 -0.32097134 0.10103305
v -0.09843725 -0.34197906 0.07543316
v -0.09490841 -0.32097134 0.10103305
v -0.097660854 -0.33655894 0.11440418
v -0.10093239 -0.35720652 0.08817323
v -0.09843725 -0.34197906 0.07543316
v -0.100625955 -0.35493022 0.07523932
v -0.08886393 -0.35933453 0.08817323
v -0.084877744 -0.33881298 0.11440418
v -0.0821329 -0.323224 0.10103305
v -0.08600049 -0.34417197 0.07543316
v -0.08837333 -0.35709062 0.07523932
v -0.05101647 -0.10940516 0.17506976
v -0.0445968 -0.09563812 0.1909935
v -0.034392 -0.10039674 0.18632953
v -0.03016502 -0.10236781 0.17506976
v -0.034391988 -0.10039671 0.16381
v -0.0445968 -0.09563812 0.15914604
v -0.05101647 -0.10940516 0.17506976
v -0.059028577 -0.08890848 0.17506976
v -0.05480162 -0.09087958 0.18632953
v -0.054801606 -0.09087955 0.16381
v -0.05175017 -0.18734457 0.21249759
v -0.05321545 -0.19565463 0.20541778
v -0.07844915 -0.19120522 0.20541778
v -0.07698387 -0.18289515 0.21249759
v -0.037295684 -0.105369106 0.1915466
v -0.06252938 -0.10091972 0.1915466
v -0.06252938 -0.10091972 0.1915466
v -0.06255054 -0.10103966 0.17639947
v -0.037316825 -0.10548905 0.17639947
v -0.037295684 -0.105369106 0.1915466
v -0.05175017 -0.18734457 0.21249759
v -0.037295684 -0.105369106 0.1915466
v -0.037316825 -0.10548905 0.17639947
v -0.05321545 -0.19565463 0.20541778
v -0.07844915 -0.19120522 0.20541778
v -0.05321545 -0.19565463 0.20541778
v -0.037316825 -0.10548905 0.17639947
v -0.06255054 -0.10103966 0.17639947
v -0.06255054 -0.10103966 0.17639947
v -0.06252938 -0.10091972 0.1915466
v -0.07698387 -0.18289515 0.21249759
v -0.07844915 -0.19120522 0.20541778
v -0.06474513 -0.098409615 0.17457046
v -0.06590971 -0.105014354 0.16538756
v -0.035519656 -0.11037293 0.16538756
v -0.034355063 -0.1037682 0.17457046
v -0.034401435 -0.1040312 0.18527885
v -0.06479149 -0.09867261 0.18527885
v -0.085674874 -0.21710809 0.17164914
v -0.0552848 -0.22246669 0.17164914
v -0.055589404 -0.22419415 0.16597319
v -0.08597947 -0.21883559 0.16597319
v -0.051278237 -0.19974428 0.15901706
v -0.035519656 -0.11037293 0.16538756
v -0.06590971 -0.105014354 0.16538756
v -0.0816683 -0.19438569 0.15901706
v -0.08274942 -0.20051706 0.15364857
v -0.05235936 -0.20587564 0.15364857
v -0.034401435 -0.1040312 0.18527885
v -0.036716256 -0.11715921 0.18494806
v -0.06479149 -0.09867261 0.18527885
v -0.06710632 -0.11180062 0.18494806
v -0.055589404 -0.22419415 0.16597319
v -0.08274942 -0.20051706 0.15364857
v -0.08597947 -0.21883559 0.16597319
v -0.05235936 -0.20587564 0.15364857
v -0.0686964 -0.12081842 0.17401895
v -0.038306333 -0.126177 0.17401895
v -0.0552848 -0.22246669 0.17164914
v -0.085674874 -0.21710809 0.17164914
v -0.036716256 -0.11715921 0.18494806
v -0.034401435 -0.1040312 0.18527885
v -0.034355063 -0.1037682 0.17457046
v -0.038306333 -0.126177 0.17401895
v -0.035519656 -0.11037293 0.16538756
v -0.051278237 -0.19974428 0.15901706
v -0.0552848 -0.22246669 0.17164914
v -0.05235936 -0.20587564 0.15364857
v -0.055589404 -0.22419415 0.16597319
v -0.06710632 -0.11180062 0.18494806
v -0.036716256 -0.11715921 0.18494806
v -0.038306333 -0.126177 0.17401895
v -0.0686964 -0.12081842 0.17401895
v -0.06474513 -0.098409615 0.17457046
v -0.06479149 -0.09867261 0.18527885
v -0.06710632 -0.11180062 0.18494806
v -0.0686964 -0.12081842 0.17401895
v -0.06590971 -0.105014354 0.16538756
v -0.0816683 -0.19438569 0.15901706
v -0.085674874 -0.21710809 0.17164914
v -0.08274942 -0.20051706 0.15364857
v -0.08597947 -0.21883559 0.16597319
v -0.055714715 -0.11192885 0.17972912
v -0.04746472 -0.11338355 0.17972912
v -0.06543988 -0.21532576 0.17722017
v -0.07368988 -0.21387108 0.17722017
v -0.07368988 -0.21387108 0.17722017
v -0.056893002 -0.11861127 0.17180921
v -0.055714715 -0.11192885 0.17972912
v -0.072918676 -0.20949735 0.16957238
v -0.06543988 -0.21532576 0.17722017
v -0.04746472 -0.11338355 0.17972912
v -0.048643015 -0.120065965 0.17180921
v -0.064668685 -0.21095207 0.16957238
v -0.07437355 -0.20084572 0.16800761
v -0.06642185 -0.23779735 0.22023332
v -0.08045287 -0.23532331 0.22023332
v -0.060342524 -0.20331977 0.16800761
v -0.062173765 -0.21370529 0.16775201
v -0.06732671 -0.24292916 0.21201947
v -0.06642185 -0.23779735 0.22023332
v -0.060342524 -0.20331977 0.16800761
v -0.08045287 -0.23532331 0.22023332
v -0.07620481 -0.21123125 0.16775201
v -0.07437355 -0.20084572 0.16800761
v -0.081357755 -0.2404551 0.21201947
v -0.081357755 -0.2404551 0.21201947
v -0.06732671 -0.24292916 0.21201947
v -0.07620481 -0.21123125 0.16775201
v -0.062173765 -0.21370529 0.16775201
v -0.09308904 -0.30735672 0.09681813
v -0.0791847 -0.30980837 0.09681813
v -0.07788098 -0.21085668 0.20210189
v -0.06047066 -0.21392658 0.20210189
v -0.06115982 -0.2179379 0.23265664
v -0.07860599 -0.21486169 0.23265664
v -0.09308904 -0.30735672 0.09681813
v -0.09604608 -0.3243039 0.09845807
v -0.082203776 -0.32674462 0.09845808
v -0.0791847 -0.30980837 0.09681813
v -0.082203776 -0.32674462 0.09845808
v -0.06115982 -0.2179379 0.23265664
v -0.06047066 -0.21392658 0.20210189
v -0.0791847 -0.30980837 0.09681813
v -0.09604608 -0.3243039 0.09845807
v -0.09308904 -0.30735672 0.09681813
v -0.07788098 -0.21085668 0.20210189
v -0.07860599 -0.21486169 0.23265664
v -0.05600601 -0.21198744 0.2408376
v -0.059551228 -0.23255621 0.25026459
v -0.058072194 -0.2239867 0.2510988
v -0.08034088 -0.33957678 0.08354504
v -0.082792796 -0.353475 0.09542962
v -0.082792796 -0.353475 0.09542962
v -0.08511668 -0.22804832 0.25026459
v -0.059551228 -0.23255621 0.25026459
v -0.10463338 -0.3496239 0.09542962
v -0.08357557 -0.21948975 0.2510988
v -0.058072194 -0.2239867 0.2510988
v -0.059551228 -0.23255621 0.25026459
v -0.08511668 -0.22804832 0.25026459
v -0.05600601 -0.21198744 0.2408376
v -0.058072194 -0.2239867 0.2510988
v -0.08357557 -0.21948975 0.2510988
v -0.08141315 -0.20750745 0.2408376
v -0.10218395 -0.33572525 0.08354504
v -0.08511668 -0.22804832 0.25026459
v -0.10463338 -0.3496239 0.09542962
v -0.08141315 -0.20750745 0.2408376
v -0.08357557 -0.21948975 0.2510988
v -0.05600601 -0.21198744 0.2408376
v -0.08141315 -0.20750745 0.2408376
v -0.08034088 -0.33957678 0.08354504
v -0.10218395 -0.33572525 0.08354504
v -0.09843725 -0.34197906 0.07543316
v -0.100625955 -0.35493022 0.07523932
v -0.08837333 -0.35709062 0.07523932
v -0.08600049 -0.34417197 0.07543316
v 0.4784832 -0.6303683 0.00411579
v 0.4823478 -0.6236383 0.00411579
v 0.4784832 -0.6303683 0
v 0.4823477 -0.6236382 0
v 0.47280967 -0.5945385 0.00411579
v 0.47280967 -0.5945385 0
v 0.42163473 -0.53446037 0
v 0.4440365 -0.5607294 0.013322129
v 0.41825107 -0.5304279 0.01332216
v 0.45905936 -0.5781515 0.013322115
v 0.4440365 -0.5607294 0.019677103
v 0.41218287 -0.5874577 0.013322129
v 0.38681936 -0.55680233 0.01332216
v 0.4010615 -0.54523724 0.01332216
v 0.431033 -0.5810642 0.013322129
v 0.43446696 -0.578183 0.019677103
v 0.4440365 -0.5607294 0.013322129
v 0.4440365 -0.5607294 0.019677103
v 0.43446696 -0.578183 0.013322129
v 0.43446696 -0.578183 0.013322129
v 0.43446696 -0.578183 0.019677103
v 0.45932934 -0.6076516 0.013322129
v 0.4784832 -0.6303683 0.00411579
v 0.4784832 -0.6303683 0
v 0.40777236 -0.546478 0
v 0.4043886 -0.54244536 0.01332216
v 0.4747822 -0.63347375 0
v 0.44048205 -0.6216646 0
v 0.46748343 -0.636111 0
v 0.4044451 -0.5492697 0
v 0.390203 -0.5608348 0
v 0.4747822 -0.63347375 0.00411579
v 0.4747822 -0.63347375 0
v 0.46748343 -0.6361111 0.00411579
v 0.46748343 -0.636111 0
v 0.44048205 -0.6216646 0.00411579
v 0.44048205 -0.6216646 0
v 0.390203 -0.5608348 0
v 0.44048205 -0.6216646 0.00411579
v 0.44048205 -0.6216646 0
v 0.41218287 -0.5874577 0.013322129
v 0.38681936 -0.55680233 0.01332216
v 0.4267317 -0.60527766 0.013322115
v 0.41218287 -0.5874577 0.019677103
v 0.41825107 -0.5304279 0.01332216
v 0.4043886 -0.54244536 0.01332216
v 0.40777236 -0.546478 0
v 0.42163473 -0.53446037 0
v 0.431033 -0.5810642 0.019677103
v 0.41218287 -0.5874577 0.019677103
v 0.41218287 -0.5874577 0.013322129
v 0.431033 -0.5810642 0.013322129
v 0.431033 -0.5810642 0.013322129
v 0.45573685 -0.61066633 0.013322129
v 0.431033 -0.5810642 0.019677103
v 0.4747822 -0.63347375 0.00411579
v 0.4747822 -0.63347375 0
v 0.4044451 -0.5492697 0
v 0.4010615 -0.54523724 0.01332216
v 0.38681936 -0.55680233 0.01332216
v 0.390203 -0.5608348 0
v 0.4010615 -0.54523724 0.01332216
v 0.4044451 -0.5492697 0
v 0.4823478 -0.6236383 0.00411579
v 0.4784832 -0.6303683 0.00411579
v 0.45932934 -0.6076516 0.013322129
v 0.45905936 -0.5781515 0.013322115
v 0.43446696 -0.578183 0.019677103
v 0.4440365 -0.5607294 0.019677103
v 0.46748343 -0.6361111 0.00411579
v 0.45573685 -0.61066633 0.013322129
v 0.4747822 -0.63347375 0.00411579
v 0.4267317 -0.60527766 0.013322115
v 0.431033 -0.5810642 0.019677103
v 0.41218287 -0.5874577 0.019677103
v 0.4440365 -0.5607294 0.013322129
v 0.43446696 -0.578183 0.013322129
v 0.4043886 -0.54244536 0.01332216
v 0.41825107 -0.5304279 0.01332216
v 0.47280967 -0.5945385 0
v 0.4784832 -0.6303683 0
v 0.4823477 -0.6236382 0
v 0.40777236 -0.546478 0
v 0.42163473 -0.53446037 0
v 0.4303645 -0.548902 0.014634609
v 0.42292204 -0.5400322 0.014634623
v 0.39546657 -0.56307 0.014634623
v 0.40290916 -0.5719397 0.014634609
v 0.39546657 -0.56307 0.014634623
v 0.42292204 -0.5400322 0.014634623
v 0.4192007 -0.53559726 0.024661988
v 0.39174524 -0.55863523 0.024661988
v 0.39546657 -0.56307 0.034689322
v 0.42292204 -0.5400322 0.034689307
v 0.4029095 -0.5719394 0.034689307
v 0.42292204 -0.5400322 0.034689307
v 0.4303645 -0.548902 0.034689307
v 0.40663037 -0.5763745 0.024661958
v 0.4029095 -0.5719394 0.034689307
v 0.4303645 -0.548902 0.034689307
v 0.43408588 -0.5533367 0.024661958
v 0.4303645 -0.548902 0.014634609
v 0.40290916 -0.5719397 0.014634609
v 0.42292204 -0.5400322 0.014634623
v 0.4303645 -0.548902 0.014634609
v 0.43408588 -0.5533367 0.024661958
v 0.4192007 -0.53559726 0.024661988
v 0.42292204 -0.5400322 0.034689307
v 0.4303645 -0.548902 0.034689307
v 0.40290916 -0.5719397 0.014634609
v 0.39546657 -0.56307 0.014634623
v 0.39174524 -0.55863523 0.024661988
v 0.40663037 -0.5763745 0.024661958
v 0.4029095 -0.5719394 0.034689307
v 0.39546657 -0.56307 0.034689322
v 0.4338822 -0.5652686 0.038997676
v 0.42072234 -0.58550954 0.02825217
v 0.41841635 -0.57824594 0.038997676
v 0.440635 -0.56880075 0.02825217
v 0.23845483 -0.31193212 0.27547583
v 0.23202129 -0.31146076 0.2908803
v 0.20286424 -0.34179607 0.27547583
v 0.20351732 -0.3353785 0.2908803
v 0.440635 -0.56880075 0.02825217
v 0.39274272 -0.55281913 0.057367906
v 0.42072234 -0.58550954 0.02825217
v 0.41329977 -0.5355696 0.057367906
v 0.3778399 -0.5368008 0.061871022
v 0.40011275 -0.51811165 0.061871022
v 0.2230878 -0.36544245 0.22854686
v 0.25823015 -0.33595452 0.22854686
v 0.41841635 -0.57824594 0.038997676
v 0.42072234 -0.58550954 0.02825217
v 0.39274272 -0.55281913 0.057367906
v 0.22388622 -0.36471373 0.25219283
v 0.20351732 -0.3353785 0.2908803
v 0.20286424 -0.34179607 0.27547583
v 0.25737396 -0.33661434 0.25219283
v 0.23202129 -0.31146076 0.2908803
v 0.23845483 -0.31193212 0.27547583
v 0.4338822 -0.5652686 0.038997676
v 0.41329977 -0.5355696 0.057367906
v 0.440635 -0.56880075 0.02825217
v 0.40011275 -0.51811165 0.061871022
v 0.25823015 -0.33595452 0.22854686
v 0.23845483 -0.31193212 0.27547583
v 0.20286424 -0.34179607 0.27547583
v 0.22388622 -0.36471373 0.25219283
v 0.25737396 -0.33661434 0.25219283
v 0.36386156 -0.5102652 0.06371176
v 0.36989012 -0.51744986 0.070036896
v 0.38010848 -0.5292206 0.060440857
v 0.4149966 -0.5680298 0.016294122
v 0.39270148 -0.5436183 0.06427583
v 0.4211925 -0.57541376 0.034827277
v 0.42189503 -0.5762511 0.021434039
v 0.38243622 -0.5069225 0.070036896
v 0.36989012 -0.51744986 0.070036896
v 0.36386156 -0.5102652 0.06371176
v 0.37640753 -0.4997378 0.06371176
v 0.4149966 -0.5680298 0.016294122
v 0.42189503 -0.5762511 0.021434039
v 0.43131363 -0.5683479 0.021434039
v 0.4244151 -0.5601266 0.016294122
v 0.36386156 -0.5102652 0.06371176
v 0.37640753 -0.4997378 0.06371176
v 0.38010848 -0.5292206 0.060440857
v 0.36989012 -0.51744986 0.070036896
v 0.38243622 -0.5069225 0.070036896
v 0.39225367 -0.5190296 0.060440857
v 0.39270148 -0.5436183 0.06427583
v 0.40424597 -0.5339313 0.06427583
v 0.37640753 -0.4997378 0.06371176
v 0.39225367 -0.5190296 0.060440857
v 0.38243622 -0.5069225 0.070036896
v 0.4244151 -0.5601266 0.016294122
v 0.40424597 -0.5339313 0.06427583
v 0.430611 -0.56751066 0.034827277
v 0.43131363 -0.5683479 0.021434039
v 0.430611 -0.56751066 0.034827277
v 0.43131363 -0.5683479 0.021434039
v 0.42189503 -0.5762511 0.021434039
v 0.4211925 -0.57541376 0.034827277
v 0.23837548 -0.32408103 0.22489432
v 0.21484241 -0.34382764 0.22489432
v 0.2535511 -0.38489723 0.19111887
v 0.2720995 -0.3693333 0.19111887
v 0.2719 -0.40611908 0.1942837
v 0.28981265 -0.39108855 0.1942837
v 0.22947796 -0.36166382 0.2482651
v 0.2719 -0.40611908 0.1942837
v 0.2535511 -0.38489723 0.19111887
v 0.21484241 -0.34382764 0.22489432
v 0.20400622 -0.3319344 0.24869998
v 0.21048072 -0.34020975 0.2615755
v 0.23556997 -0.31915736 0.2615755
v 0.21048072 -0.34020975 0.2615755
v 0.20400622 -0.3319344 0.24869998
v 0.22854465 -0.31134424 0.24869998
v 0.2720995 -0.3693333 0.19111887
v 0.28981265 -0.39108855 0.1942837
v 0.2533993 -0.34159145 0.2482651
v 0.23837548 -0.32408103 0.22489432
v 0.22854465 -0.31134424 0.24869998
v 0.23556997 -0.31915736 0.2615755
v 0.22388622 -0.36471373 0.25219283
v 0.39274272 -0.55281913 0.057367906
v 0.3778399 -0.5368008 0.061871022
v 0.2230878 -0.36544245 0.22854686
v 0.22854465 -0.31134424 0.24869998
v 0.20400622 -0.3319344 0.24869998
v 0.21484241 -0.34382764 0.22489432
v 0.23837548 -0.32408103 0.22489432
v 0.22947796 -0.36166382 0.2482651
v 0.23556997 -0.31915736 0.2615755
v 0.2533993 -0.34159145 0.2482651
v 0.21048072 -0.34020975 0.2615755
v 0.41841635 -0.57824594 0.038997676
v 0.20351732 -0.3353785 0.2908803
v 0.23202129 -0.31146076 0.2908803
v 0.4338822 -0.5652686 0.038997676
v 0.25737396 -0.33661434 0.25219283
v 0.22388622 -0.36471373 0.25219283
v 0.2230878 -0.36544245 0.22854686
v 0.25823015 -0.33595452 0.22854686
v 0.089392304 -0.1447744 0.13067934
v 0.07915156 -0.13212809 0.110401
v 0.10020107 -0.15812203 0.10149876
v 0.12919582 -0.19392757 0.15511557
v 0.16758312 -0.24133195 0.14912266
v 0.18985584 -0.2688365 0.18649207
v 0.13271035 -0.19826768 0.1751391
v 0.22160968 -0.3078846 0.22967163
v 0.22996156 -0.3181983 0.21529186
v 0.24318628 -0.33395892 0.23427707
v 0.23483442 -0.3236452 0.24865684
v 0.20180337 -0.32450396 0.22967163
v 0.10928898 -0.21792053 0.1751391
v 0.13271035 -0.19826768 0.1751391
v 0.22160968 -0.3078846 0.22967163
v 0.06413047 -0.16597158 0.13067934
v 0.07539846 -0.17893393 0.10149876
v 0.053454593 -0.15369043 0.110401
v 0.10562513 -0.21370575 0.15511557
v 0.14564343 -0.25974157 0.14912266
v 0.16886248 -0.286452 0.18649207
v 0.10928898 -0.21792053 0.1751391
v 0.20180337 -0.32450396 0.22967163
v 0.21051013 -0.33451998 0.21529186
v 0.22373486 -0.35028064 0.23427707
v 0.21502808 -0.34026465 0.24865684
v 0.089392304 -0.1447744 0.13067934
v 0.12919582 -0.19392757 0.15511557
v 0.10562513 -0.21370575 0.15511557
v 0.06413047 -0.16597158 0.13067934
v 0.053454593 -0.15369043 0.110401
v 0.07915156 -0.13212809 0.110401
v 0.10020107 -0.15812203 0.10149876
v 0.07539846 -0.17893393 0.10149876
v 0.16758312 -0.24133195 0.14912266
v 0.14564343 -0.25974157 0.14912266
v 0.16886248 -0.286452 0.18649207
v 0.18985584 -0.2688365 0.18649207
v 0.21051013 -0.33451998 0.21529186
v 0.22996156 -0.3181983 0.21529186
v 0.24318628 -0.33395892 0.23427707
v 0.22373486 -0.35028064 0.23427707
v 0.13271035 -0.19826768 0.1751391
v 0.10928898 -0.21792053 0.1751391
v 0.12919582 -0.19392757 0.15511557
v 0.10562513 -0.21370575 0.15511557
v 0.05179806 -0.14199144 0.13349685
v 0.11467632 -0.21432461 0.17048803
v 0.10670163 -0.20515074 0.12649235
v 0.058180504 -0.14933358 0.093149066
v 0.04056589 -0.1290703 0.11019772
v 0.04300162 -0.13187228 0.10047839
v 0.058180504 -0.14933358 0.093149066
v 0.10670163 -0.20515074 0.12649235
v 0.12058385 -0.19350214 0.12649235
v 0.07404028 -0.13602565 0.093149066
v 0.04300162 -0.13187228 0.10047839
v 0.05948004 -0.11804524 0.10047839
v 0.06791797 -0.12846524 0.13349685
v 0.12058385 -0.19350214 0.12649235
v 0.12823357 -0.20294875 0.17048803
v 0.07404028 -0.13602565 0.093149066
v 0.057143595 -0.115159996 0.11019772
v 0.05948004 -0.11804524 0.10047839
v 0.12823357 -0.20294875 0.17048803
v 0.11467632 -0.21432461 0.17048803
v 0.06791797 -0.12846524 0.13349685
v 0.05179806 -0.14199144 0.13349685
v 0.06791797 -0.12846524 0.13349685
v 0.05179806 -0.14199144 0.13349685
v 0.057143595 -0.115159996 0.11019772
v 0.04056589 -0.1290703 0.11019772
v 0.04300162 -0.13187228 0.10047839
v 0.05948004 -0.11804524 0.10047839
v 0.07154041 -0.13180867 0.13633123
v 0.02430644 -0.13180864 0.11019316
v 0.024306437 -0.13180868 0.13633123
v 0.07154041 -0.13180862 0.11019316
v 0.07154041 -0.07003132 0.091331005
v 0.07154041 -0.13180867 0.13633123
v 0.07154041 -0.07003126 0.13633123
v 0.07154041 -0.13180862 0.11019316
v 0.07154041 -0.12100523 0.091331005
v 0.024306435 -0.070031285 0.13633123
v 0.07154041 -0.07003126 0.13633123
v 0.07154041 -0.13180867 0.13633123
v 0.024306437 -0.13180868 0.13633123
v 0.024306435 -0.070031285 0.13633123
v 0.024306437 -0.13180868 0.13633123
v 0.024306433 -0.07003133 0.091331005
v 0.02430644 -0.13180864 0.11019316
v 0.024306446 -0.121005245 0.091331005
v 0.07154041 -0.13180862 0.11019316
v 0.07154041 -0.12100523 0.091331005
v 0.024306446 -0.121005245 0.091331005
v 0.02430644 -0.13180864 0.11019316
v 0.07154041 -0.12100523 0.091331005
v 0.07154041 -0.07003132 0.091331005
v 0.024306433 -0.07003133 0.091331005
v 0.024306446 -0.121005245 0.091331005
v 0.035677087 -0.027608873 0.09806192
v 0.035677087 -0.027608873 0.14698282
v 0.023430757 -0.048820127 0.14698282
v 0.023430757 -0.048820127 0.09806192
v 0.035677094 -0.070031375 0.14698282
v 0.035677094 -0.070031375 0.09806192
v 0.06016975 -0.027608864 0.14698282
v 0.06016975 -0.027608864 0.09806192
v 0.07241608 -0.04882011 0.09806192
v 0.07241608 -0.04882011 0.14698282
v 0.06016974 -0.07003135 0.09806192
v 0.06016974 -0.07003135 0.14698282
v 0.06016974 -0.07003135 0.09806192
v 0.07241608 -0.04882011 0.09806192
v 0.06016975 -0.027608864 0.09806192
v 0.035677087 -0.027608873 0.09806192
v 0.035677094 -0.070031375 0.09806192
v 0.023430757 -0.048820127 0.09806192
v 0.035677094 -0.070031375 0.14698282
v 0.06016974 -0.07003135 0.14698282
v 0.035677094 -0.070031375 0.09806192
v 0.06016974 -0.07003135 0.09806192
v 0.035677094 -0.070031375 0.14698282
v 0.023430757 -0.048820127 0.14698282
v 0.035677087 -0.027608873 0.14698282
v 0.06016974 -0.07003135 0.14698282
v 0.06016975 -0.027608864 0.14698282
v 0.07241608 -0.04882011 0.14698282
v 0.26415777 -0.35144252 0.19577137
v 0.25696886 -0.34287512 0.19277465
v 0.23731118 -0.37396947 0.19577137
v 0.2301223 -0.36540207 0.19277465
v 0.22485955 -0.35913017 0.20096195
v 0.25170612 -0.33660322 0.20096195
v 0.22678584 -0.36142585 0.21214597
v 0.22485955 -0.35913017 0.20096195
v 0.25170612 -0.33660322 0.20096195
v 0.25363243 -0.33889887 0.21214597
v 0.22678584 -0.36142585 0.21214597
v 0.25363243 -0.33889887 0.21214597
v 0.2608213 -0.34746638 0.21514273
v 0.23397481 -0.36999327 0.21514273
v 0.23923747 -0.3762651 0.20695539
v 0.26608402 -0.35373822 0.20695539
v 0.23731118 -0.37396947 0.19577137
v 0.23923747 -0.3762651 0.20695539
v 0.26415777 -0.35144252 0.19577137
v 0.26608402 -0.35373822 0.20695539
v 0.25170612 -0.33660322 0.20096195
v 0.25696886 -0.34287512 0.19277465
v 0.26415777 -0.35144252 0.19577137
v 0.26608402 -0.35373822 0.20695539
v 0.25363243 -0.33889887 0.21214597
v 0.2608213 -0.34746638 0.21514273
v 0.22678584 -0.36142585 0.21214597
v 0.23397481 -0.36999327 0.21514273
v 0.23923747 -0.3762651 0.20695539
v 0.22485955 -0.35913017 0.20096195
v 0.23731118 -0.37396947 0.19577137
v 0.2301223 -0.36540207 0.19277465
v 0.024306435 -0.070031285 0.13633123
v 0.024306433 -0.07003133 0.091331005
v 0.07154041 -0.07003132 0.091331005
v 0.07154041 -0.07003126 0.13633123
v 0.22160968 -0.3078846 0.22967163
v 0.23483442 -0.3236452 0.24865684
v 0.21502808 -0.34026465 0.24865684
v 0.20180337 -0.32450396 0.22967163
v 0.06016975 -0.027608864 0.14698282
v 0.035677087 -0.027608873 0.14698282
v 0.06016975 -0.027608864 0.09806192
v 0.035677087 -0.027608873 0.09806192
v -0.4784832 -0.6303683 0.00411579
v -0.4784832 -0.6303683 0
v -0.4823478 -0.6236383 0.00411579
v -0.4823477 -0.6236382 0
v -0.47280967 -0.5945385 0.00411579
v -0.47280967 -0.5945385 0
v -0.42163473 -0.53446037 0
v -0.4440365 -0.5607294 0.013322129
v -0.41825107 -0.5304279 0.01332216
v -0.45905936 -0.5781515 0.013322115
v -0.4440365 -0.5607294 0.019677103
v -0.4010615 -0.54523724 0.01332216
v -0.38681936 -0.55680233 0.01332216
v -0.41218287 -0.5874577 0.013322129
v -0.431033 -0.5810642 0.013322129
v -0.43446696 -0.578183 0.019677103
v -0.4440365 -0.5607294 0.019677103
v -0.4440365 -0.5607294 0.013322129
v -0.43446696 -0.578183 0.013322129
v -0.43446696 -0.578183 0.013322129
v -0.45932934 -0.6076516 0.013322129
v -0.43446696 -0.578183 0.019677103
v -0.4784832 -0.6303683 0.00411579
v -0.4784832 -0.6303683 0
v -0.40777236 -0.546478 0
v -0.4043886 -0.54244536 0.01332216
v -0.4747822 -0.63347375 0
v -0.46748343 -0.636111 0
v -0.44048205 -0.6216646 0
v -0.4044451 -0.5492697 0
v -0.390203 -0.5608348 0
v -0.46748343 -0.6361111 0.00411579
v -0.4747822 -0.63347375 0
v -0.4747822 -0.63347375 0.00411579
v -0.46748343 -0.636111 0
v -0.44048205 -0.6216646 0.00411579
v -0.44048205 -0.6216646 0
v -0.390203 -0.5608348 0
v -0.44048205 -0.6216646 0
v -0.44048205 -0.6216646 0.00411579
v -0.41218287 -0.5874577 0.013322129
v -0.38681936 -0.55680233 0.01332216
v -0.4267317 -0.60527766 0.013322115
v -0.41218287 -0.5874577 0.019677103
v -0.40777236 -0.546478 0
v -0.4043886 -0.54244536 0.01332216
v -0.41825107 -0.5304279 0.01332216
v -0.42163473 -0.53446037 0
v -0.431033 -0.5810642 0.019677103
v -0.41218287 -0.5874577 0.013322129
v -0.41218287 -0.5874577 0.019677103
v -0.431033 -0.5810642 0.013322129
v -0.431033 -0.5810642 0.013322129
v -0.431033 -0.5810642 0.019677103
v -0.45573685 -0.61066633 0.013322129
v -0.4747822 -0.63347375 0.00411579
v -0.4747822 -0.63347375 0
v -0.4044451 -0.5492697 0
v -0.4010615 -0.54523724 0.01332216
v -0.38681936 -0.55680233 0.01332216
v -0.4010615 -0.54523724 0.01332216
v -0.390203 -0.5608348 0
v -0.4044451 -0.5492697 0
v -0.4823478 -0.6236383 0.00411579
v -0.45932934 -0.6076516 0.013322129
v -0.4784832 -0.6303683 0.00411579
v -0.45905936 -0.5781515 0.013322115
v -0.43446696 -0.578183 0.019677103
v -0.4440365 -0.5607294 0.019677103
v -0.46748343 -0.6361111 0.00411579
v -0.4747822 -0.63347375 0.00411579
v -0.45573685 -0.61066633 0.013322129
v -0.4267317 -0.60527766 0.013322115
v -0.431033 -0.5810642 0.019677103
v -0.41218287 -0.5874577 0.019677103
v -0.4043886 -0.54244536 0.01332216
v -0.43446696 -0.578183 0.013322129
v -0.4440365 -0.5607294 0.013322129
v -0.41825107 -0.5304279 0.01332216
v -0.47280967 -0.5945385 0
v -0.4823477 -0.6236382 0
v -0.4784832 -0.6303683 0
v -0.40777236 -0.546478 0
v -0.42163473 -0.53446037 0
v -0.39546657 -0.56307 0.014634623
v -0.42292204 -0.5400322 0.014634623
v -0.4303645 -0.548902 0.014634609
v -0.40290916 -0.5719397 0.014634609
v -0.39546657 -0.56307 0.014634623
v -0.4192007 -0.53559726 0.024661988
v -0.42292204 -0.5400322 0.014634623
v -0.39174524 -0.55863523 0.024661988
v -0.39546657 -0.56307 0.034689322
v -0.42292204 -0.5400322 0.034689307
v -0.42292204 -0.5400322 0.034689307
v -0.4029095 -0.5719394 0.034689307
v -0.4303645 -0.548902 0.034689307
v -0.4303645 -0.548902 0.034689307
v -0.4029095 -0.5719394 0.034689307
v -0.40663037 -0.5763745 0.024661958
v -0.43408588 -0.5533367 0.024661958
v -0.4303645 -0.548902 0.014634609
v -0.40290916 -0.5719397 0.014634609
v -0.43408588 -0.5533367 0.024661958
v -0.4303645 -0.548902 0.014634609
v -0.42292204 -0.5400322 0.014634623
v -0.4192007 -0.53559726 0.024661988
v -0.42292204 -0.5400322 0.034689307
v -0.4303645 -0.548902 0.034689307
v -0.39174524 -0.55863523 0.024661988
v -0.39546657 -0.56307 0.014634623
v -0.40290916 -0.5719397 0.014634609
v -0.40663037 -0.5763745 0.024661958
v -0.4029095 -0.5719394 0.034689307
v -0.39546657 -0.56307 0.034689322
v -0.4338822 -0.5652686 0.038997676
v -0.41841635 -0.57824594 0.038997676
v -0.42072234 -0.58550954 0.02825217
v -0.440635 -0.56880075 0.02825217
v -0.23202129 -0.31146076 0.2908803
v -0.20286424 -0.34179607 0.27547583
v -0.20351732 -0.3353785 0.2908803
v -0.23845483 -0.31193212 0.27547583
v -0.440635 -0.56880075 0.02825217
v -0.42072234 -0.58550954 0.02825217
v -0.39274272 -0.55281913 0.057367906
v -0.41329977 -0.5355696 0.057367906
v -0.3778399 -0.5368008 0.061871022
v -0.40011275 -0.51811165 0.061871022
v -0.2230878 -0.36544245 0.22854686
v -0.25823015 -0.33595452 0.22854686
v -0.41841635 -0.57824594 0.038997676
v -0.39274272 -0.55281913 0.057367906
v -0.42072234 -0.58550954 0.02825217
v -0.22388622 -0.36471373 0.25219283
v -0.20351732 -0.3353785 0.2908803
v -0.20286424 -0.34179607 0.27547583
v -0.25737396 -0.33661434 0.25219283
v -0.23845483 -0.31193212 0.27547583
v -0.23202129 -0.31146076 0.2908803
v -0.4338822 -0.5652686 0.038997676
v -0.41329977 -0.5355696 0.057367906
v -0.440635 -0.56880075 0.02825217
v -0.40011275 -0.51811165 0.061871022
v -0.25823015 -0.33595452 0.22854686
v -0.23845483 -0.31193212 0.27547583
v -0.25737396 -0.33661434 0.25219283
v -0.22388622 -0.36471373 0.25219283
v -0.20286424 -0.34179607 0.27547583
v -0.36386156 -0.5102652 0.06371176
v -0.38010848 -0.5292206 0.060440857
v -0.36989012 -0.51744986 0.070036896
v -0.4149966 -0.5680298 0.016294122
v -0.39270148 -0.5436183 0.06427583
v -0.4211925 -0.57541376 0.034827277
v -0.42189503 -0.5762511 0.021434039
v -0.36386156 -0.5102652 0.06371176
v -0.36989012 -0.51744986 0.070036896
v -0.38243622 -0.5069225 0.070036896
v -0.37640753 -0.4997378 0.06371176
v -0.4149966 -0.5680298 0.016294122
v -0.43131363 -0.5683479 0.021434039
v -0.42189503 -0.5762511 0.021434039
v -0.4244151 -0.5601266 0.016294122
v -0.36386156 -0.5102652 0.06371176
v -0.37640753 -0.4997378 0.06371176
v -0.38243622 -0.5069225 0.070036896
v -0.36989012 -0.51744986 0.070036896
v -0.38010848 -0.5292206 0.060440857
v -0.39225367 -0.5190296 0.060440857
v -0.39270148 -0.5436183 0.06427583
v -0.40424597 -0.5339313 0.06427583
v -0.37640753 -0.4997378 0.06371176
v -0.38243622 -0.5069225 0.070036896
v -0.39225367 -0.5190296 0.060440857
v -0.4244151 -0.5601266 0.016294122
v -0.40424597 -0.5339313 0.06427583
v -0.430611 -0.56751066 0.034827277
v -0.43131363 -0.5683479 0.021434039
v -0.430611 -0.56751066 0.034827277
v -0.4211925 -0.57541376 0.034827277
v -0.42189503 -0.5762511 0.021434039
v -0.43131363 -0.5683479 0.021434039
v -0.2535511 -0.38489723 0.19111887
v -0.21484241 -0.34382764 0.22489432
v -0.23837548 -0.32408103 0.22489432
v -0.2720995 -0.3693333 0.19111887
v -0.2719 -0.40611908 0.1942837
v -0.28981265 -0.39108855 0.1942837
v -0.2535511 -0.38489723 0.19111887
v -0.2719 -0.40611908 0.1942837
v -0.22947796 -0.36166382 0.2482651
v -0.21484241 -0.34382764 0.22489432
v -0.20400622 -0.3319344 0.24869998
v -0.21048072 -0.34020975 0.2615755
v -0.20400622 -0.3319344 0.24869998
v -0.21048072 -0.34020975 0.2615755
v -0.23556997 -0.31915736 0.2615755
v -0.22854465 -0.31134424 0.24869998
v -0.28981265 -0.39108855 0.1942837
v -0.2720995 -0.3693333 0.19111887
v -0.2533993 -0.34159145 0.2482651
v -0.23837548 -0.32408103 0.22489432
v -0.22854465 -0.31134424 0.24869998
v -0.23556997 -0.31915736 0.2615755
v -0.3778399 -0.5368008 0.061871022
v -0.39274272 -0.55281913 0.057367906
v -0.22388622 -0.36471373 0.25219283
v -0.2230878 -0.36544245 0.22854686
v -0.21484241 -0.34382764 0.22489432
v -0.20400622 -0.3319344 0.24869998
v -0.22854465 -0.31134424 0.24869998
v -0.23837548 -0.32408103 0.22489432
v -0.21048072 -0.34020975 0.2615755
v -0.22947796 -0.36166382 0.2482651
v -0.23556997 -0.31915736 0.2615755
v -0.2533993 -0.34159145 0.2482651
v -0.23202129 -0.31146076 0.2908803
v -0.20351732 -0.3353785 0.2908803
v -0.41841635 -0.57824594 0.038997676
v -0.4338822 -0.5652686 0.038997676
v -0.25737396 -0.33661434 0.25219283
v -0.25823015 -0.33595452 0.22854686
v -0.2230878 -0.36544245 0.22854686
v -0.22388622 -0.36471373 0.25219283
v -0.089392304 -0.1447744 0.13067934
v -0.10020107 -0.15812203 0.10149876
v -0.07915156 -0.13212809 0.110401
v -0.12919582 -0.19392757 0.15511557
v -0.16758312 -0.24133195 0.14912266
v -0.18985584 -0.2688365 0.18649207
v -0.13271035 -0.19826768 0.1751391
v -0.22160968 -0.3078846 0.22967163
v -0.22996156 -0.3181983 0.21529186
v -0.24318628 -0.33395892 0.23427707
v -0.23483442 -0.3236452 0.24865684
v -0.20180337 -0.32450396 0.22967163
v -0.22160968 -0.3078846 0.22967163
v -0.13271035 -0.19826768 0.1751391
v -0.10928898 -0.21792053 0.1751391
v -0.06413047 -0.16597158 0.13067934
v -0.053454593 -0.15369043 0.110401
v -0.07539846 -0.17893393 0.10149876
v -0.10562513 -0.21370575 0.15511557
v -0.14564343 -0.25974157 0.14912266
v -0.16886248 -0.286452 0.18649207
v -0.10928898 -0.21792053 0.1751391
v -0.20180337 -0.32450396 0.22967163
v -0.21051013 -0.33451998 0.21529186
v -0.22373486 -0.35028064 0.23427707
v -0.21502808 -0.34026465 0.24865684
v -0.10562513 -0.21370575 0.15511557
v -0.12919582 -0.19392757 0.15511557
v -0.089392304 -0.1447744 0.13067934
v -0.06413047 -0.16597158 0.13067934
v -0.053454593 -0.15369043 0.110401
v -0.07915156 -0.13212809 0.110401
v -0.10020107 -0.15812203 0.10149876
v -0.07539846 -0.17893393 0.10149876
v -0.16758312 -0.24133195 0.14912266
v -0.14564343 -0.25974157 0.14912266
v -0.16886248 -0.286452 0.18649207
v -0.18985584 -0.2688365 0.18649207
v -0.21051013 -0.33451998 0.21529186
v -0.22996156 -0.3181983 0.21529186
v -0.24318628 -0.33395892 0.23427707
v -0.22373486 -0.35028064 0.23427707
v -0.13271035 -0.19826768 0.1751391
v -0.12919582 -0.19392757 0.15511557
v -0.10928898 -0.21792053 0.1751391
v -0.10562513 -0.21370575 0.15511557
v -0.10670163 -0.20515074 0.12649235
v -0.11467632 -0.21432461 0.17048803
v -0.05179806 -0.14199144 0.13349685
v -0.058180504 -0.14933358 0.093149066
v -0.04056589 -0.1290703 0.11019772
v -0.04300162 -0.13187228 0.10047839
v -0.12058385 -0.19350214 0.12649235
v -0.10670163 -0.20515074 0.12649235
v -0.058180504 -0.14933358 0.093149066
v -0.07404028 -0.13602565 0.093149066
v -0.04300162 -0.13187228 0.10047839
v -0.05948004 -0.11804524 0.10047839
v -0.12823357 -0.20294875 0.17048803
v -0.12058385 -0.19350214 0.12649235
v -0.06791797 -0.12846524 0.13349685
v -0.07404028 -0.13602565 0.093149066
v -0.057143595 -0.115159996 0.11019772
v -0.05948004 -0.11804524 0.10047839
v -0.11467632 -0.21432461 0.17048803
v -0.06791797 -0.12846524 0.13349685
v -0.05179806 -0.14199144 0.13349685
v -0.12823357 -0.20294875 0.17048803
v -0.057143595 -0.115159996 0.11019772
v -0.05179806 -0.14199144 0.13349685
v -0.06791797 -0.12846524 0.13349685
v -0.04056589 -0.1290703 0.11019772
v -0.04300162 -0.13187228 0.10047839
v -0.05948004 -0.11804524 0.10047839
v -0.07154041 -0.13180867 0.13633123
v -0.024306437 -0.13180868 0.13633123
v -0.02430644 -0.13180864 0.11019316
v -0.07154041 -0.13180862 0.11019316
v -0.07154041 -0.07003132 0.091331005
v -0.07154041 -0.07003126 0.13633123
v -0.07154041 -0.13180867 0.13633123
v -0.07154041 -0.13180862 0.11019316
v -0.07154041 -0.12100523 0.091331005
v -0.024306435 -0.070031285 0.13633123
v -0.024306437 -0.13180868 0.13633123
v -0.07154041 -0.13180867 0.13633123
v -0.07154041 -0.07003126 0.13633123
v -0.024306435 -0.070031285 0.13633123
v -0.024306433 -0.07003133 0.091331005
v -0.024306437 -0.13180868 0.13633123
v -0.02430644 -0.13180864 0.11019316
v -0.024306446 -0.121005245 0.091331005
v -0.07154041 -0.13180862 0.11019316
v -0.02430644 -0.13180864 0.11019316
v -0.024306446 -0.121005245 0.091331005
v -0.07154041 -0.12100523 0.091331005
v -0.07154041 -0.12100523 0.091331005
v -0.024306446 -0.121005245 0.091331005
v -0.024306433 -0.07003133 0.091331005
v -0.07154041 -0.07003132 0.091331005
v -0.035677087 -0.027608873 0.09806192
v -0.023430757 -0.048820127 0.14698282
v -0.035677087 -0.027608873 0.14698282
v -0.023430757 -0.048820127 0.09806192
v -0.035677094 -0.070031375 0.14698282
v -0.035677094 -0.070031375 0.09806192
v -0.06016975 -0.027608864 0.14698282
v -0.07241608 -0.04882011 0.09806192
v -0.06016975 -0.027608864 0.09806192
v -0.07241608 -0.04882011 0.14698282
v -0.06016974 -0.07003135 0.09806192
v -0.06016974 -0.07003135 0.14698282
v -0.035677094 -0.070031375 0.09806192
v -0.023430757 -0.048820127 0.09806192
v -0.035677087 -0.027608873 0.09806192
v -0.06016974 -0.07003135 0.09806192
v -0.06016975 -0.027608864 0.09806192
v -0.07241608 -0.04882011 0.09806192
v -0.035677094 -0.070031375 0.09806192
v -0.06016974 -0.07003135 0.14698282
v -0.035677094 -0.070031375 0.14698282
v -0.06016974 -0.07003135 0.09806192
v -0.035677094 -0.070031375 0.14698282
v -0.035677087 -0.027608873 0.14698282
v -0.023430757 -0.048820127 0.14698282
v -0.06016974 -0.07003135 0.14698282
v -0.06016975 -0.027608864 0.14698282
v -0.07241608 -0.04882011 0.14698282
v -0.25696886 -0.34287512 0.19277465
v -0.26415777 -0.35144252 0.19577137
v -0.23731118 -0.37396947 0.19577137
v -0.2301223 -0.36540207 0.19277465
v -0.22485955 -0.35913017 0.20096195
v -0.25170612 -0.33660322 0.20096195
v -0.22678584 -0.36142585 0.21214597
v -0.25363243 -0.33889887 0.21214597
v -0.25170612 -0.33660322 0.20096195
v -0.22485955 -0.35913017 0.20096195
v -0.22678584 -0.36142585 0.21214597
v -0.2608213 -0.34746638 0.21514273
v -0.25363243 -0.33889887 0.21214597
v -0.23397481 -0.36999327 0.21514273
v -0.23923747 -0.3762651 0.20695539
v -0.26608402 -0.35373822 0.20695539
v -0.23923747 -0.3762651 0.20695539
v -0.26415777 -0.35144252 0.19577137
v -0.26608402 -0.35373822 0.20695539
v -0.23731118 -0.37396947 0.19577137
v -0.26415777 -0.35144252 0.19577137
v -0.25696886 -0.34287512 0.19277465
v -0.25170612 -0.33660322 0.20096195
v -0.26608402 -0.35373822 0.20695539
v -0.25363243 -0.33889887 0.21214597
v -0.2608213 -0.34746638 0.21514273
v -0.22485955 -0.35913017 0.20096195
v -0.2301223 -0.36540207 0.19277465
v -0.23731118 -0.37396947 0.19577137
v -0.23923747 -0.3762651 0.20695539
v -0.22678584 -0.36142585 0.21214597
v -0.23397481 -0.36999327 0.21514273
v -0.024306435 -0.070031285 0.13633123
v -0.07154041 -0.07003126 0.13633123
v -0.07154041 -0.07003132 0.091331005
v -0.024306433 -0.07003133 0.091331005
v -0.22160968 -0.3078846 0.22967163
v -0.20180337 -0.32450396 0.22967163
v -0.21502808 -0.34026465 0.24865684
v -0.23483442 -0.3236452 0.24865684
v -0.06016975 -0.027608864 0.09806192
v -0.035677087 -0.027608873 0.14698282
v -0.06016975 -0.027608864 0.14698282
v -0.035677087 -0.027608873 0.09806192
v 0.7935389 0.07185049 0.00411579
v 0.7902426 0.07887636 0.00411579
v 0.7902425 0.078876324 0
v 0.7935389 0.07185049 0
v 0.76093465 0.08775409 0.00411579
v 0.7902425 0.078876324 0
v 0.7902426 0.07887636 0.00411579
v 0.76093465 0.08775409 0
v 0.6823688 0.0802935 0
v 0.71673626 0.08357666 0.013322129
v 0.6771248 0.079834685 0.01332216
v 0.7396244 0.08588972 0.013322115
v 0.71673626 0.08357666 0.019677103
v 0.67939633 0.057259515 0.01332216
v 0.7259351 0.06126123 0.013322129
v 0.7203604 0.042152986 0.013322129
v 0.68070096 0.038959637 0.01332216
v 0.72554463 0.06572678 0.019677103
v 0.71673626 0.08357666 0.013322129
v 0.71673626 0.08357666 0.019677103
v 0.72554463 0.06572678 0.013322129
v 0.72554463 0.06572678 0.013322129
v 0.72554463 0.06572678 0.019677103
v 0.7639444 0.06919028 0.013322129
v 0.7935389 0.07185049 0.00411579
v 0.7935389 0.07185049 0
v 0.684262 0.062045086 0
v 0.67901784 0.0615863 0.01332216
v 0.7939599 0.06703763 0
v 0.7646128 0.04571401 0
v 0.7919339 0.05954612 0
v 0.68464035 0.057718314 0
v 0.68594503 0.039418414 0
v 0.7919339 0.05954612 0
v 0.79193395 0.0595461 0.00411579
v 0.7939599 0.06703763 0.00411579
v 0.7939599 0.06703763 0
v 0.79193395 0.0595461 0.00411579
v 0.7919339 0.05954612 0
v 0.7646128 0.04571401 0.00411579
v 0.7646128 0.04571401 0
v 0.68594503 0.039418414 0
v 0.7203604 0.042152986 0.013322129
v 0.68070096 0.038959637 0.01332216
v 0.7433025 0.043849573 0.013322115
v 0.7203604 0.042152986 0.019677103
v 0.6771248 0.079834685 0.01332216
v 0.67901784 0.0615863 0.01332216
v 0.684262 0.062045086 0
v 0.6823688 0.0802935 0
v 0.7259351 0.06126123 0.019677103
v 0.7203604 0.042152986 0.019677103
v 0.7203604 0.042152986 0.013322129
v 0.7259351 0.06126123 0.013322129
v 0.7259351 0.06126123 0.013322129
v 0.7643532 0.06451837 0.013322129
v 0.7259351 0.06126123 0.019677103
v 0.7939599 0.06703763 0.00411579
v 0.7939599 0.06703763 0
v 0.68464035 0.057718314 0
v 0.67939633 0.057259515 0.01332216
v 0.68070096 0.038959637 0.01332216
v 0.68594503 0.039418414 0
v 0.67939633 0.057259515 0.01332216
v 0.68464035 0.057718314 0
v 0.7902426 0.07887636 0.00411579
v 0.7935389 0.07185049 0.00411579
v 0.7639444 0.06919028 0.013322129
v 0.7396244 0.08588972 0.013322115
v 0.72554463 0.06572678 0.019677103
v 0.71673626 0.08357666 0.019677103
v 0.79193395 0.0595461 0.00411579
v 0.7643532 0.06451837 0.013322129
v 0.7939599 0.06703763 0.00411579
v 0.7433025 0.043849573 0.013322115
v 0.7259351 0.06126123 0.019677103
v 0.7203604 0.042152986 0.019677103
v 0.67901784 0.0615863 0.01332216
v 0.6771248 0.079834685 0.01332216
v 0.71673626 0.08357666 0.013322129
v 0.72554463 0.06572678 0.013322129
v 0.76093465 0.08775409 0
v 0.7935389 0.07185049 0
v 0.7902425 0.078876324 0
v 0.684262 0.062045086 0
v 0.6823688 0.0802935 0
v 0.69079506 0.042448 0.014634623
v 0.70232964 0.04345714 0.014634609
v 0.69920594 0.07916118 0.014634609
v 0.68767136 0.07815212 0.014634623
v 0.69079506 0.042448 0.014634623
v 0.68767136 0.07815212 0.014634623
v 0.68190396 0.07764755 0.024661988
v 0.6850278 0.041943386 0.024661988
v 0.69079506 0.042448 0.034689322
v 0.68767136 0.07815212 0.034689307
v 0.68767136 0.07815212 0.034689307
v 0.69920594 0.07916118 0.034689307
v 0.7023295 0.043457612 0.034689307
v 0.69079506 0.042448 0.034689322
v 0.70809674 0.043961696 0.024661958
v 0.7023295 0.043457612 0.034689307
v 0.69920594 0.07916118 0.034689307
v 0.7049731 0.079665825 0.024661958
v 0.69920594 0.07916118 0.014634609
v 0.70232964 0.04345714 0.014634609
v 0.68767136 0.07815212 0.014634623
v 0.69920594 0.07916118 0.014634609
v 0.7049731 0.079665825 0.024661958
v 0.68190396 0.07764755 0.024661988
v 0.68767136 0.07815212 0.034689307
v 0.69920594 0.07916118 0.034689307
v 0.69079506 0.042448 0.034689322
v 0.7023295 0.043457612 0.034689307
v 0.70809674 0.043961696 0.024661958
v 0.6850278 0.041943386 0.024661988
v 0.69079506 0.042448 0.014634623
v 0.70232964 0.04345714 0.014634609
v 0.72366256 0.050265506 0.02825217
v 0.71463025 0.072655216 0.038997676
v 0.7213969 0.07616077 0.02825217
v 0.7163899 0.05254278 0.038997676
v 0.39501667 0.057878293 0.27547583
v 0.39094043 0.052878592 0.2908803
v 0.39906585 0.011594925 0.27547583
v 0.3941835 0.015810847 0.2908803
v 0.6808356 0.046096463 0.057367906
v 0.72366256 0.050265506 0.02825217
v 0.7213969 0.07616077 0.02825217
v 0.6784968 0.07282971 0.057367906
v 0.6566323 0.07204102 0.061871022
v 0.65916634 0.04307645 0.061871022
v 0.42603728 0.060298588 0.22854686
v 0.4300356 0.014598074 0.22854686
v 0.7163899 0.05254278 0.038997676
v 0.72366256 0.050265506 0.02825217
v 0.6808356 0.046096463 0.057367906
v 0.42989662 0.015670065 0.25219283
v 0.3941835 0.015810847 0.2908803
v 0.39906585 0.011594925 0.27547583
v 0.65916634 0.04307645 0.061871022
v 0.4300356 0.014598074 0.22854686
v 0.42608672 0.059218768 0.25219283
v 0.39094043 0.052878592 0.2908803
v 0.39501667 0.057878293 0.27547583
v 0.71463025 0.072655216 0.038997676
v 0.6784968 0.07282971 0.057367906
v 0.7213969 0.07616077 0.02825217
v 0.6566323 0.07204102 0.061871022
v 0.42603728 0.060298588 0.22854686
v 0.42989662 0.015670065 0.25219283
v 0.42608672 0.059218768 0.25219283
v 0.39501667 0.057878293 0.27547583
v 0.39906585 0.011594925 0.27547583
v 0.62941194 0.046846345 0.06371176
v 0.6387552 0.047663674 0.070036896
v 0.65425813 0.049282685 0.060440857
v 0.7060599 0.055601195 0.016294122
v 0.6732751 0.051340003 0.06427583
v 0.7156623 0.056441322 0.034827277
v 0.7167511 0.05653654 0.021434039
v 0.6373278 0.06397905 0.070036896
v 0.6387552 0.047663674 0.070036896
v 0.62941194 0.046846345 0.06371176
v 0.6279845 0.06316163 0.06371176
v 0.7167511 0.05653654 0.021434039
v 0.7156795 0.068784885 0.021434039
v 0.7060599 0.055601195 0.016294122
v 0.70498824 0.06784954 0.016294122
v 0.62941194 0.046846345 0.06371176
v 0.6279845 0.06316163 0.06371176
v 0.65425813 0.049282685 0.060440857
v 0.6387552 0.047663674 0.070036896
v 0.6373278 0.06397905 0.070036896
v 0.65287644 0.065076664 0.060440857
v 0.6732751 0.051340003 0.06427583
v 0.6719617 0.06635295 0.06427583
v 0.6279845 0.06316163 0.06371176
v 0.65287644 0.065076664 0.060440857
v 0.6373278 0.06397905 0.070036896
v 0.70498824 0.06784954 0.016294122
v 0.6719617 0.06635295 0.06427583
v 0.7145907 0.06868957 0.034827277
v 0.7156795 0.068784885 0.021434039
v 0.7145907 0.06868957 0.034827277
v 0.7156795 0.068784885 0.021434039
v 0.7167511 0.05653654 0.021434039
v 0.7156623 0.056441322 0.034827277
v 0.4613347 0.05251439 0.19111887
v 0.40492293 0.05084498 0.22489432
v 0.4076004 0.020241592 0.22489432
v 0.46344504 0.02839333 0.19111887
v 0.48931548 0.054545864 0.1942837
v 0.49135348 0.031251535 0.1942837
v 0.43060553 0.02199993 0.2482651
v 0.49135348 0.031251535 0.1942837
v 0.46344504 0.02839333 0.19111887
v 0.4076004 0.020241592 0.22489432
v 0.40213504 0.018743845 0.2615755
v 0.39164263 0.018186793 0.24869998
v 0.40213504 0.018743845 0.2615755
v 0.3888508 0.050097533 0.24869998
v 0.3992805 0.051370915 0.2615755
v 0.39164263 0.018186793 0.24869998
v 0.4076004 0.020241592 0.22489432
v 0.40492293 0.05084498 0.22489432
v 0.42788395 0.05310817 0.2482651
v 0.4613347 0.05251439 0.19111887
v 0.48931548 0.054545864 0.1942837
v 0.40492293 0.05084498 0.22489432
v 0.3992805 0.051370915 0.2615755
v 0.3888508 0.050097533 0.24869998
v 0.3992805 0.051370915 0.2615755
v 0.42788395 0.05310817 0.2482651
v 0.43060553 0.02199993 0.2482651
v 0.40213504 0.018743845 0.2615755
v 0.71463025 0.072655216 0.038997676
v 0.3941835 0.015810847 0.2908803
v 0.39094043 0.052878592 0.2908803
v 0.7163899 0.05254278 0.038997676
v 0.42608672 0.059218768 0.25219283
v 0.42989662 0.015670065 0.25219283
v 0.4300356 0.014598074 0.22854686
v 0.42603728 0.060298588 0.22854686
v 0.17259029 0.031651177 0.13067934
v 0.15635718 0.030516066 0.110401
v 0.1897237 0.032849275 0.10149876
v 0.23568456 0.036063172 0.15511557
v 0.296534 0.040318187 0.14912266
v 0.3318395 0.04278699 0.18649207
v 0.24125563 0.03645274 0.1751391
v 0.38203913 0.0464011 0.22967163
v 0.3952781 0.047326863 0.21529186
v 0.4157738 0.049120005 0.23427707
v 0.40253484 0.04819426 0.24865684
v 0.39749113 0.02203143 0.21529186
v 0.3318395 0.04278699 0.18649207
v 0.33422798 0.015486377 0.18649207
v 0.3952781 0.047326863 0.21529186
v 0.4157738 0.049120005 0.23427707
v 0.4179869 0.023824576 0.23427707
v 0.33422798 0.015486377 0.18649207
v 0.3318395 0.04278699 0.18649207
v 0.296534 0.040318187 0.14912266
v 0.2990302 0.011786923 0.14912266
v 0.19254561 0.0005949568 0.10149876
v 0.2990302 0.011786923 0.14912266
v 0.296534 0.040318187 0.14912266
v 0.1897237 0.032849275 0.10149876
v 0.15928084 -0.0029013082 0.110401
v 0.15635718 0.030516066 0.110401
v 0.24125563 0.03645274 0.1751391
v 0.38203913 0.0464011 0.22967163
v 0.3842925 0.020644216 0.22967163
v 0.24392036 0.0059946645 0.1751391
v 0.17546439 -0.001200336 0.13067934
v 0.19254561 0.0005949568 0.10149876
v 0.15928084 -0.0029013082 0.110401
v 0.2383663 0.0054109097 0.15511557
v 0.2990302 0.011786923 0.14912266
v 0.33422798 0.015486377 0.18649207
v 0.24392036 0.0059946645 0.1751391
v 0.3842925 0.020644216 0.22967163
v 0.39749113 0.02203143 0.21529186
v 0.4179869 0.023824576 0.23427707
v 0.40478823 0.022437334 0.24865684
v 0.17546439 -0.001200336 0.13067934
v 0.15635718 0.030516066 0.110401
v 0.17259029 0.031651177 0.13067934
v 0.15928084 -0.0029013082 0.110401
v 0.17259029 0.031651177 0.13067934
v 0.23568456 0.036063172 0.15511557
v 0.2383663 0.0054109097 0.15511557
v 0.17546439 -0.001200336 0.13067934
v 0.24125563 0.03645274 0.1751391
v 0.24392036 0.0059946645 0.1751391
v 0.23568456 0.036063172 0.15511557
v 0.2383663 0.0054109097 0.15511557
v 0.14874746 0.0024520026 0.13349685
v 0.24406481 0.012470254 0.17048803
v 0.23197593 0.01119967 0.12649235
v 0.1584226 0.0034689019 0.093149066
v 0.13172054 0.00066241063 0.11019772
v 0.13541287 0.001050488 0.10047839
v 0.1584226 0.0034689019 0.093149066
v 0.23197593 0.01119967 0.12649235
v 0.23039645 0.02925267 0.12649235
v 0.15661816 0.024093606 0.093149066
v 0.13353808 0.022479681 0.10047839
v 0.13541287 0.001050488 0.10047839
v 0.14691342 0.023414973 0.13349685
v 0.23039645 0.02925267 0.12649235
v 0.24252237 0.03010061 0.17048803
v 0.15661816 0.024093606 0.093149066
v 0.12983449 0.022220692 0.11019772
v 0.13353808 0.022479681 0.10047839
v 0.14691342 0.023414973 0.13349685
v 0.24252237 0.03010061 0.17048803
v 0.24406481 0.012470254 0.17048803
v 0.14874746 0.0024520026 0.13349685
v 0.14691342 0.023414973 0.13349685
v 0.14874746 0.0024520026 0.13349685
v 0.12983449 0.022220692 0.11019772
v 0.13172054 0.00066241063 0.11019772
v 0.13541287 0.001050488 0.10047839
v 0.13353808 0.022479681 0.10047839
v 0.14215484 -0.0112702595 0.13633123
v 0.13803811 0.035783976 0.13633123
v 0.13803807 0.035783973 0.11019316
v 0.1421548 -0.0112702595 0.11019316
v 0.07649586 0.030399727 0.091331005
v 0.13803811 0.035783976 0.13633123
v 0.0764958 0.030399716 0.13633123
v 0.13803807 0.035783973 0.11019316
v 0.1272758 0.034842398 0.091331005
v 0.13803811 0.035783976 0.13633123
v 0.14215484 -0.0112702595 0.13633123
v 0.080612525 -0.016654512 0.13633123
v 0.0764958 0.030399716 0.13633123
v 0.080612525 -0.016654512 0.13633123
v 0.14215484 -0.0112702595 0.13633123
v 0.08061257 -0.01665451 0.091331005
v 0.1421548 -0.0112702595 0.11019316
v 0.13139252 -0.012211829 0.091331005
v 0.1421548 -0.0112702595 0.11019316
v 0.13803807 0.035783973 0.11019316
v 0.1272758 0.034842398 0.091331005
v 0.13139252 -0.012211829 0.091331005
v 0.08061257 -0.01665451 0.091331005
v 0.13139252 -0.012211829 0.091331005
v 0.1272758 0.034842398 0.091331005
v 0.07649586 0.030399727 0.091331005
v 0.037360527 -0.009024483 0.14698282
v 0.0595584 -0.01937553 0.14698282
v 0.037360527 -0.009024483 0.09806192
v 0.0595584 -0.01937553 0.09806192
v 0.0796216 -0.0053271116 0.14698282
v 0.0796216 -0.0053271116 0.09806192
v 0.035225846 0.015374977 0.14698282
v 0.035225846 0.015374977 0.09806192
v 0.055289034 0.029423391 0.09806192
v 0.055289034 0.029423391 0.14698282
v 0.07748691 0.019072339 0.09806192
v 0.07748691 0.019072339 0.14698282
v 0.07748691 0.019072339 0.09806192
v 0.055289034 0.029423391 0.09806192
v 0.035225846 0.015374977 0.09806192
v 0.037360527 -0.009024483 0.09806192
v 0.0796216 -0.0053271116 0.09806192
v 0.0595584 -0.01937553 0.09806192
v 0.0796216 -0.0053271116 0.14698282
v 0.07748691 0.019072339 0.14698282
v 0.0796216 -0.0053271116 0.09806192
v 0.07748691 0.019072339 0.09806192
v 0.035225846 0.015374977 0.14698282
v 0.055289034 0.029423391 0.14698282
v 0.07748691 0.019072339 0.14698282
v 0.037360527 -0.009024483 0.14698282
v 0.0796216 -0.0053271116 0.14698282
v 0.0595584 -0.01937553 0.14698282
v 0.44517866 0.021358311 0.19577137
v 0.44212428 0.056270625 0.19577137
v 0.4309829 0.055295885 0.19277465
v 0.43403733 0.020383555 0.19277465
v 0.42588112 0.019669998 0.20096195
v 0.42282668 0.05458231 0.20096195
v 0.4288665 0.019931156 0.21214597
v 0.42588112 0.019669998 0.20096195
v 0.42282668 0.05458231 0.20096195
v 0.42581204 0.05484352 0.21214597
v 0.42581204 0.05484352 0.21214597
v 0.43695346 0.055818215 0.21514273
v 0.4288665 0.019931156 0.21214597
v 0.44000795 0.020905925 0.21514273
v 0.44816405 0.021619502 0.20695539
v 0.44510967 0.056531787 0.20695539
v 0.44517866 0.021358311 0.19577137
v 0.44816405 0.021619502 0.20695539
v 0.44212428 0.056270625 0.19577137
v 0.44510967 0.056531787 0.20695539
v 0.42282668 0.05458231 0.20096195
v 0.4309829 0.055295885 0.19277465
v 0.44212428 0.056270625 0.19577137
v 0.44510967 0.056531787 0.20695539
v 0.42581204 0.05484352 0.21214597
v 0.43695346 0.055818215 0.21514273
v 0.4288665 0.019931156 0.21214597
v 0.44000795 0.020905925 0.21514273
v 0.44816405 0.021619502 0.20695539
v 0.42588112 0.019669998 0.20096195
v 0.44517866 0.021358311 0.19577137
v 0.43403733 0.020383555 0.19277465
v 0.080612525 -0.016654512 0.13633123
v 0.08061257 -0.01665451 0.091331005
v 0.0764958 0.030399716 0.13633123
v 0.07649586 0.030399727 0.091331005
v 0.40253484 0.04819426 0.24865684
v 0.40478823 0.022437334 0.24865684
v 0.38203913 0.0464011 0.22967163
v 0.3842925 0.020644216 0.22967163
v 0.035225846 0.015374977 0.14698282
v 0.037360527 -0.009024483 0.14698282
v 0.035225846 0.015374977 0.09806192
v 0.037360527 -0.009024483 0.09806192
v 0.3886528 0.69257057 0.00411579
v 0.39629874 0.69124085 0
v 0.39629874 0.69124085 0.00411579
v 0.38865274 0.6925704 0
v 0.36457023 0.6736549 0.00411579
v 0.36457023 0.6736549 0
v 0.378652 0.6142627 0.013322129
v 0.35852015 0.579944 0.01332216
v 0.34278148 0.58937174 0.01332216
v 0.36619696 0.62978923 0.013322129
v 0.35387436 0.65512925 0.013322115
v 0.34264103 0.63505363 0.019677103
v 0.34264103 0.63505363 0.013322129
v 0.36457023 0.6736549 0.00411579
v 0.32561806 0.6050183 0
v 0.32298607 0.6004595 0.01332216
v 0.36457023 0.6736549 0
v 0.36231503 0.6320307 0.019677103
v 0.34264103 0.63505363 0.013322129
v 0.34264103 0.63505363 0.019677103
v 0.36231503 0.6320307 0.013322129
v 0.36231503 0.6320307 0.013322129
v 0.36231503 0.6320307 0.019677103
v 0.3815031 0.66547257 0.013322129
v 0.39629874 0.69124085 0.00411579
v 0.39629874 0.69124085 0
v 0.3416521 0.5961022 0
v 0.33902004 0.5915433 0.01332216
v 0.40048265 0.68882513 0
v 0.4011171 0.65255463 0
v 0.40545723 0.68286854 0
v 0.34541348 0.5939305 0
v 0.36115217 0.5845028 0
v 0.40048265 0.68882513 0.00411579
v 0.40048265 0.68882513 0
v 0.4054573 0.68286854 0.00411579
v 0.40545723 0.68286854 0
v 0.4011171 0.65255463 0.00411579
v 0.4011171 0.65255463 0
v 0.36115217 0.5845028 0
v 0.378652 0.6142627 0.013322129
v 0.35852015 0.579944 0.01332216
v 0.39042124 0.63402885 0.013322115
v 0.378652 0.6142627 0.019677103
v 0.32298607 0.6004595 0.01332216
v 0.33902004 0.5915433 0.01332216
v 0.32561806 0.6050183 0
v 0.3416521 0.5961022 0
v 0.36619696 0.62978923 0.019677103
v 0.378652 0.6142627 0.019677103
v 0.378652 0.6142627 0.013322129
v 0.36619696 0.62978923 0.013322129
v 0.36619696 0.62978923 0.013322129
v 0.3855646 0.6631277 0.013322129
v 0.36619696 0.62978923 0.019677103
v 0.40048265 0.68882513 0.00411579
v 0.40048265 0.68882513 0
v 0.34541348 0.5939305 0
v 0.34278148 0.58937174 0.01332216
v 0.34541348 0.5939305 0
v 0.34278148 0.58937174 0.01332216
v 0.35852015 0.579944 0.01332216
v 0.36115217 0.5845028 0
v 0.3886528 0.69257057 0.00411579
v 0.39629874 0.69124085 0.00411579
v 0.3815031 0.66547257 0.013322129
v 0.35387436 0.65512925 0.013322115
v 0.36457023 0.6736549 0.00411579
v 0.36231503 0.6320307 0.019677103
v 0.34264103 0.63505363 0.019677103
v 0.4054573 0.68286854 0.00411579
v 0.3855646 0.6631277 0.013322129
v 0.40048265 0.68882513 0.00411579
v 0.39042124 0.63402885 0.013322115
v 0.36619696 0.62978923 0.019677103
v 0.378652 0.6142627 0.019677103
v 0.33902004 0.5915433 0.01332216
v 0.32298607 0.6004595 0.01332216
v 0.34264103 0.63505363 0.013322129
v 0.36231503 0.6320307 0.013322129
v 0.36457023 0.6736549 0
v 0.39629874 0.69124085 0
v 0.38865274 0.6925704 0
v 0.3416521 0.5961022 0
v 0.32561806 0.6050183 0
v 0.33620295 0.61816096 0.014634609
v 0.33041358 0.6081337 0.014634623
v 0.3614523 0.59021336 0.014634623
v 0.36724165 0.60024077 0.014634609
v 0.35855773 0.5851997 0.024661988
v 0.3614523 0.59021336 0.014634623
v 0.33041358 0.6081337 0.014634623
v 0.3275189 0.60311997 0.024661988
v 0.33041358 0.6081337 0.034689307
v 0.3614523 0.59021336 0.034689322
v 0.36724123 0.600241 0.034689307
v 0.3614523 0.59021336 0.034689322
v 0.33041358 0.6081337 0.034689307
v 0.33620295 0.61816096 0.034689307
v 0.33620295 0.61816096 0.034689307
v 0.3390975 0.62317467 0.024661958
v 0.36724123 0.600241 0.034689307
v 0.3701362 0.6052543 0.024661958
v 0.36724165 0.60024077 0.014634609
v 0.33620295 0.61816096 0.014634609
v 0.33620295 0.61816096 0.034689307
v 0.33041358 0.6081337 0.034689307
v 0.3275189 0.60311997 0.024661988
v 0.3390975 0.62317467 0.024661958
v 0.33041358 0.6081337 0.014634623
v 0.33620295 0.61816096 0.014634609
v 0.3614523 0.59021336 0.034689322
v 0.36724123 0.600241 0.034689307
v 0.3701362 0.6052543 0.024661958
v 0.35855773 0.5851997 0.024661988
v 0.3614523 0.59021336 0.014634623
v 0.36724165 0.60024077 0.014634609
v 0.3678638 0.6169696 0.038997676
v 0.3503794 0.62706417 0.038997676
v 0.351389 0.6346178 0.02825217
v 0.37390062 0.6216208 0.02825217
v 0.17916109 0.3567763 0.27547583
v 0.18091859 0.35056958 0.2908803
v 0.21314283 0.33196494 0.2908803
v 0.21939674 0.33354616 0.27547583
v 0.351389 0.6346178 0.02825217
v 0.35275123 0.58414775 0.057367906
v 0.37390062 0.6216208 0.02825217
v 0.32951114 0.5975655 0.057367906
v 0.3427961 0.56466514 0.061871022
v 0.31761622 0.5792027 0.061871022
v 0.23470022 0.36063766 0.22854686
v 0.19497119 0.38357517 0.22854686
v 0.3678638 0.6169696 0.038997676
v 0.37390062 0.6216208 0.02825217
v 0.35275123 0.58414775 0.057367906
v 0.23374239 0.36113867 0.25219283
v 0.21314283 0.33196494 0.2908803
v 0.21939674 0.33354616 0.27547583
v 0.3427961 0.56466514 0.061871022
v 0.23470022 0.36063766 0.22854686
v 0.1958841 0.3829963 0.25219283
v 0.18091859 0.35056958 0.2908803
v 0.17916109 0.3567763 0.27547583
v 0.3503794 0.62706417 0.038997676
v 0.32951114 0.5975655 0.057367906
v 0.351389 0.6346178 0.02825217
v 0.17916109 0.3567763 0.27547583
v 0.21939674 0.33354616 0.27547583
v 0.23374239 0.36113867 0.25219283
v 0.1958841 0.3829963 0.25219283
v 0.32264155 0.54245406 0.06371176
v 0.32733107 0.5505764 0.070036896
v 0.33489695 0.5642043 0.060440857
v 0.35943338 0.610262 0.016294122
v 0.34411946 0.5809622 0.06427583
v 0.36425295 0.61860967 0.034827277
v 0.36479944 0.6195562 0.021434039
v 0.32264155 0.54245406 0.06371176
v 0.30845812 0.55064285 0.06371176
v 0.31314757 0.55876523 0.070036896
v 0.32733107 0.5505764 0.070036896
v 0.35943338 0.610262 0.016294122
v 0.36479944 0.6195562 0.021434039
v 0.35415158 0.6257037 0.021434039
v 0.34878546 0.6164095 0.016294122
v 0.32264155 0.54245406 0.06371176
v 0.30845812 0.55064285 0.06371176
v 0.33489695 0.5642043 0.060440857
v 0.32733107 0.5505764 0.070036896
v 0.31314757 0.55876523 0.070036896
v 0.32116678 0.57213145 0.060440857
v 0.34411946 0.5809622 0.06427583
v 0.3310682 0.5884973 0.06427583
v 0.30845812 0.55064285 0.06371176
v 0.32116678 0.57213145 0.060440857
v 0.31314757 0.55876523 0.070036896
v 0.34878546 0.6164095 0.016294122
v 0.3310682 0.5884973 0.06427583
v 0.35360512 0.6247572 0.034827277
v 0.35415158 0.6257037 0.021434039
v 0.36425295 0.61860967 0.034827277
v 0.35360512 0.6247572 0.034827277
v 0.35415158 0.6257037 0.021434039
v 0.36479944 0.6195562 0.021434039
v 0.19060445 0.36085692 0.22489432
v 0.21720903 0.34549683 0.22489432
v 0.22159341 0.40802428 0.19111887
v 0.24256267 0.39591768 0.19111887
v 0.25622898 0.42041838 0.1942837
v 0.23597844 0.43211 0.1942837
v 0.22896388 0.36535007 0.2482651
v 0.25622898 0.42041838 0.1942837
v 0.24256267 0.39591768 0.19111887
v 0.21720903 0.34549683 0.22489432
v 0.20973922 0.3312464 0.24869998
v 0.21530107 0.34016076 0.2615755
v 0.18693729 0.3565366 0.2615755
v 0.21530107 0.34016076 0.2615755
v 0.20973922 0.3312464 0.24869998
v 0.18199815 0.3472627 0.24869998
v 0.19060445 0.36085692 0.22489432
v 0.21720903 0.34549683 0.22489432
v 0.22159341 0.40802428 0.19111887
v 0.23597844 0.43211 0.1942837
v 0.20192045 0.38096362 0.2482651
v 0.19060445 0.36085692 0.22489432
v 0.18199815 0.3472627 0.24869998
v 0.18693729 0.3565366 0.2615755
v 0.31761622 0.5792027 0.061871022
v 0.32951114 0.5975655 0.057367906
v 0.1958841 0.3829963 0.25219283
v 0.19497119 0.38357517 0.22854686
v 0.21530107 0.34016076 0.2615755
v 0.18693729 0.3565366 0.2615755
v 0.22896388 0.36535007 0.2482651
v 0.20192045 0.38096362 0.2482651
v 0.3503794 0.62706417 0.038997676
v 0.3678638 0.6169696 0.038997676
v 0.21314283 0.33196494 0.2908803
v 0.18091859 0.35056958 0.2908803
v 0.23374239 0.36113867 0.25219283
v 0.19497119 0.38357517 0.22854686
v 0.1958841 0.3829963 0.25219283
v 0.23470022 0.36063766 0.22854686
v 0.073066585 0.15953204 0.13067934
v 0.064685486 0.1455836 0.110401
v 0.08191248 0.17425413 0.10149876
v 0.10564189 0.21374649 0.15511557
v 0.13705818 0.26603204 0.14912266
v 0.15528627 0.29636866 0.18649207
v 0.1085182 0.21853347 0.1751391
v 0.18111905 0.33956274 0.22967163
v 0.18795426 0.35093844 0.21529186
v 0.19824126 0.36875606 0.23427707
v 0.19140606 0.35738036 0.24865684
v 0.20351036 0.326635 0.22967163
v 0.13499641 0.20324627 0.1751391
v 0.1085182 0.21853347 0.1751391
v 0.18111905 0.33956274 0.22967163
v 0.10162549 0.14304355 0.13067934
v 0.10995225 0.15806538 0.10149876
v 0.09373633 0.1288111 0.110401
v 0.13228893 0.19836183 0.15511557
v 0.16186137 0.2517119 0.14912266
v 0.17901959 0.28266618 0.18649207
v 0.13499641 0.20324627 0.1751391
v 0.20351036 0.326635 0.22967163
v 0.20994443 0.3382424 0.21529186
v 0.22023146 0.35606006 0.23427707
v 0.21379739 0.34445265 0.24865684
v 0.08191248 0.17425413 0.10149876
v 0.064685486 0.1455836 0.110401
v 0.09373633 0.1288111 0.110401
v 0.10995225 0.15806538 0.10149876
v 0.16186137 0.2517119 0.14912266
v 0.13705818 0.26603204 0.14912266
v 0.17901959 0.28266618 0.18649207
v 0.15528627 0.29636866 0.18649207
v 0.20994443 0.3382424 0.21529186
v 0.18795426 0.35093844 0.21529186
v 0.19824126 0.36875606 0.23427707
v 0.22023146 0.35606006 0.23427707
v 0.073066585 0.15953204 0.13067934
v 0.10162549 0.14304355 0.13067934
v 0.09373633 0.1288111 0.110401
v 0.064685486 0.1455836 0.110401
v 0.10564189 0.21374649 0.15511557
v 0.13228893 0.19836183 0.15511557
v 0.10162549 0.14304355 0.13067934
v 0.073066585 0.15953204 0.13067934
v 0.1085182 0.21853347 0.1751391
v 0.13499641 0.20324627 0.1751391
v 0.13228893 0.19836183 0.15511557
v 0.10564189 0.21374649 0.15511557
v 0.08330946 0.12325319 0.13349685
v 0.12977478 0.20707883 0.17048803
v 0.12388168 0.19644743 0.12649235
v 0.088025905 0.13176188 0.093149066
v 0.075009175 0.1082791 0.11019772
v 0.076809116 0.11152628 0.10047839
v 0.088025905 0.13176188 0.093149066
v 0.12388168 0.19644743 0.12649235
v 0.108187586 0.20550838 0.12649235
v 0.07009615 0.14211361 0.093149066
v 0.076809116 0.11152628 0.10047839
v 0.058180008 0.122281805 0.10047839
v 0.06508564 0.13377471 0.13349685
v 0.108187586 0.20550838 0.12649235
v 0.11444812 0.21592769 0.17048803
v 0.07009615 0.14211361 0.093149066
v 0.056267865 0.11909945 0.11019772
v 0.058180008 0.122281805 0.10047839
v 0.11444812 0.21592769 0.17048803
v 0.12977478 0.20707883 0.17048803
v 0.06508564 0.13377471 0.13349685
v 0.08330946 0.12325319 0.13349685
v 0.06508564 0.13377471 0.13349685
v 0.08330946 0.12325319 0.13349685
v 0.075009175 0.1082791 0.11019772
v 0.056267865 0.11909945 0.11019772
v 0.058180008 0.122281805 0.10047839
v 0.076809116 0.11152628 0.10047839
v 0.049862884 0.13359906 0.13633123
v 0.09076869 0.10998205 0.11019316
v 0.09076871 0.10998208 0.13633123
v 0.04986286 0.13359901 0.11019316
v 0.01897422 0.080098316 0.091331005
v 0.049862884 0.13359906 0.13633123
v 0.018974192 0.08009825 0.13633123
v 0.04986286 0.13359901 0.11019316
v 0.04446117 0.124243006 0.091331005
v 0.05988002 0.056481283 0.13633123
v 0.018974192 0.08009825 0.13633123
v 0.049862884 0.13359906 0.13633123
v 0.09076871 0.10998208 0.13633123
v 0.05988002 0.056481283 0.13633123
v 0.09076871 0.10998208 0.13633123
v 0.05988004 0.056481328 0.091331005
v 0.09076869 0.10998205 0.11019316
v 0.08536698 0.10062604 0.091331005
v 0.08536698 0.10062604 0.091331005
v 0.09076869 0.10998205 0.11019316
v 0.04986286 0.13359901 0.11019316
v 0.04446117 0.124243006 0.091331005
v 0.04446117 0.124243006 0.091331005
v 0.01897422 0.080098316 0.091331005
v 0.08536698 0.10062604 0.091331005
v 0.05988004 0.056481328 0.091331005
v 0.050032794 0.037674043 0.14698282
v 0.050032794 0.037674043 0.09806192
v 0.02882154 0.02542772 0.09806192
v 0.02882154 0.02542772 0.14698282
v 0.0076102666 0.037674047 0.09806192
v 0.0076102666 0.037674047 0.14698282
v 0.0076102517 0.06216669 0.09806192
v 0.0076102517 0.06216669 0.14698282
v 0.0076102666 0.037674047 0.14698282
v 0.0076102666 0.037674047 0.09806192
v 0.0076102517 0.06216669 0.14698282
v 0.0076102517 0.06216669 0.09806192
v 0.028821515 0.07441301 0.09806192
v 0.028821515 0.07441301 0.14698282
v 0.050032776 0.062166683 0.09806192
v 0.050032776 0.062166683 0.14698282
v 0.02882154 0.02542772 0.09806192
v 0.050032794 0.037674043 0.09806192
v 0.050032776 0.062166683 0.09806192
v 0.028821515 0.07441301 0.09806192
v 0.0076102666 0.037674047 0.09806192
v 0.0076102517 0.06216669 0.09806192
v 0.050032794 0.037674043 0.09806192
v 0.050032794 0.037674043 0.14698282
v 0.050032776 0.062166683 0.14698282
v 0.050032776 0.062166683 0.09806192
v 0.0076102666 0.037674047 0.14698282
v 0.0076102517 0.06216669 0.14698282
v 0.028821515 0.07441301 0.14698282
v 0.02882154 0.02542772 0.14698282
v 0.050032776 0.062166683 0.14698282
v 0.050032794 0.037674043 0.14698282
v 0.20749784 0.3944425 0.19577137
v 0.20190588 0.38475695 0.19277465
v 0.23784828 0.37691966 0.19577137
v 0.23225634 0.3672341 0.19277465
v 0.22816263 0.36014366 0.20096195
v 0.19781217 0.37766647 0.20096195
v 0.19931053 0.38026175 0.21214597
v 0.22966103 0.36273894 0.21214597
v 0.22816263 0.36014366 0.20096195
v 0.19781217 0.37766647 0.20096195
v 0.22966103 0.36273894 0.21214597
v 0.19931053 0.38026175 0.21214597
v 0.2049026 0.38994738 0.21514273
v 0.23525302 0.3724246 0.21514273
v 0.20899625 0.3970378 0.20695539
v 0.23934667 0.37951496 0.20695539
v 0.23784828 0.37691966 0.19577137
v 0.23934667 0.37951496 0.20695539
v 0.20899625 0.3970378 0.20695539
v 0.20749784 0.3944425 0.19577137
v 0.19781217 0.37766647 0.20096195
v 0.20190588 0.38475695 0.19277465
v 0.20749784 0.3944425 0.19577137
v 0.20899625 0.3970378 0.20695539
v 0.19931053 0.38026175 0.21214597
v 0.2049026 0.38994738 0.21514273
v 0.22966103 0.36273894 0.21214597
v 0.23525302 0.3724246 0.21514273
v 0.23934667 0.37951496 0.20695539
v 0.22816263 0.36014366 0.20096195
v 0.23784828 0.37691966 0.19577137
v 0.23225634 0.3672341 0.19277465
v 0.22520553 0.3900675 0.21313262
v 0.23061216 0.38856918 0.20788631
v 0.1411508 0.23361754 0.15994406
v 0.13574415 0.23511583 0.16519038
v 0.22120468 0.3940006 0.20788631
v 0.22520553 0.3900675 0.21313262
v 0.13174331 0.239049 0.15994406
v 0.13574415 0.23511583 0.16519038
v 0.2266113 0.3925023 0.20263994
v 0.22120468 0.3940006 0.20788631
v 0.13714992 0.23755066 0.15469772
v 0.13174331 0.239049 0.15994406
v 0.13714992 0.23755066 0.15469772
v 0.1411508 0.23361754 0.15994406
v 0.23061216 0.38856918 0.20788631
v 0.2266113 0.3925023 0.20263994
v 0.05988002 0.056481283 0.13633123
v 0.05988004 0.056481328 0.091331005
v 0.01897422 0.080098316 0.091331005
v 0.018974192 0.08009825 0.13633123
v 0.21379739 0.34445265 0.24865684
v 0.20351036 0.326635 0.22967163
v 0.18111905 0.33956274 0.22967163
v 0.19140606 0.35738036 0.24865684
v -0.40048277 0.6888252 0
v -0.40048277 0.6888252 0.00411579
v -0.4054573 0.6828684 0.00411579
v -0.40545726 0.6828684 0
v -0.4011172 0.6525545 0.00411579
v -0.4011172 0.6525545 0
v -0.36115217 0.5845027 0
v -0.37865207 0.61426264 0.013322129
v -0.35852015 0.5799439 0.01332216
v -0.39042136 0.6340288 0.013322115
v -0.37865207 0.61426264 0.019677103
v -0.3390201 0.5915433 0.01332216
v -0.36231497 0.6320305 0.013322129
v -0.34264106 0.6350535 0.013322129
v -0.32298613 0.6004595 0.01332216
v -0.3661971 0.6297894 0.019677103
v -0.37865207 0.61426264 0.013322129
v -0.37865207 0.61426264 0.019677103
v -0.3661971 0.6297894 0.013322129
v -0.3661971 0.6297894 0.013322129
v -0.3661971 0.6297894 0.019677103
v -0.3855646 0.66312766 0.013322129
v -0.40048277 0.6888252 0.00411579
v -0.40048277 0.6888252 0
v -0.3454136 0.59393054 0
v -0.3427815 0.58937156 0.01332216
v -0.39629874 0.6912407 0
v -0.36457035 0.67365485 0
v -0.38865292 0.69257057 0
v -0.3416521 0.59610206 0
v -0.32561812 0.6050184 0
v -0.39629874 0.6912407 0.00411579
v -0.39629874 0.6912407 0
v -0.38865292 0.6925706 0.00411579
v -0.38865292 0.69257057 0
v -0.36457035 0.67365485 0.00411579
v -0.36457035 0.67365485 0
v -0.32561812 0.6050184 0
v -0.36457035 0.67365485 0.00411579
v -0.36457035 0.67365485 0
v -0.34264106 0.6350535 0.013322129
v -0.32298613 0.6004595 0.01332216
v -0.35387442 0.65512913 0.013322115
v -0.34264106 0.6350535 0.019677103
v -0.35852015 0.5799439 0.01332216
v -0.3427815 0.58937156 0.01332216
v -0.3454136 0.59393054 0
v -0.36115217 0.5845027 0
v -0.36231497 0.6320305 0.019677103
v -0.34264106 0.6350535 0.019677103
v -0.34264106 0.6350535 0.013322129
v -0.36231497 0.6320305 0.013322129
v -0.36231497 0.6320305 0.013322129
v -0.38150316 0.6654726 0.013322129
v -0.36231497 0.6320305 0.019677103
v -0.39629874 0.6912407 0.00411579
v -0.39629874 0.6912407 0
v -0.3416521 0.59610206 0
v -0.3390201 0.5915433 0.01332216
v -0.32298613 0.6004595 0.01332216
v -0.32561812 0.6050184 0
v -0.3390201 0.5915433 0.01332216
v -0.3416521 0.59610206 0
v -0.4054573 0.6828684 0.00411579
v -0.40048277 0.6888252 0.00411579
v -0.3855646 0.66312766 0.013322129
v -0.39042136 0.6340288 0.013322115
v -0.3661971 0.6297894 0.019677103
v -0.37865207 0.61426264 0.019677103
v -0.38865292 0.6925706 0.00411579
v -0.38150316 0.6654726 0.013322129
v -0.39629874 0.6912407 0.00411579
v -0.35387442 0.65512913 0.013322115
v -0.36457035 0.67365485 0.00411579
v -0.36231497 0.6320305 0.019677103
v -0.34264106 0.6350535 0.019677103
v -0.3427815 0.58937156 0.01332216
v -0.35852015 0.5799439 0.01332216
v -0.37865207 0.61426264 0.013322129
v -0.3661971 0.6297894 0.013322129
v -0.4011172 0.6525545 0
v -0.40048277 0.6888252 0
v -0.40545726 0.6828684 0
v -0.3454136 0.59393054 0
v -0.36115217 0.5845027 0
v -0.33041358 0.60813355 0.014634623
v -0.3362029 0.61816096 0.014634609
v -0.3672416 0.60024077 0.014634609
v -0.3614524 0.59021336 0.014634623
v -0.33041358 0.60813355 0.014634623
v -0.3614524 0.59021336 0.014634623
v -0.35855773 0.58519965 0.024661988
v -0.3275189 0.60311997 0.024661988
v -0.33041358 0.60813355 0.034689322
v -0.3614524 0.59021336 0.034689307
v -0.3614524 0.59021336 0.034689307
v -0.3672416 0.60024077 0.034689307
v -0.3362033 0.61816067 0.034689307
v -0.33041358 0.60813355 0.034689322
v -0.33909747 0.62317455 0.024661958
v -0.3362033 0.61816067 0.034689307
v -0.3672416 0.60024077 0.034689307
v -0.37013632 0.60525435 0.024661958
v -0.3672416 0.60024077 0.014634609
v -0.3362029 0.61816096 0.014634609
v -0.3614524 0.59021336 0.014634623
v -0.3672416 0.60024077 0.014634609
v -0.37013632 0.60525435 0.024661958
v -0.35855773 0.58519965 0.024661988
v -0.3614524 0.59021336 0.034689307
v -0.3672416 0.60024077 0.034689307
v -0.33909747 0.62317455 0.024661958
v -0.3362029 0.61816096 0.014634609
v -0.33041358 0.60813355 0.014634623
v -0.3275189 0.60311997 0.024661988
v -0.3362033 0.61816067 0.034689307
v -0.33041358 0.60813355 0.034689322
v -0.36786383 0.6169696 0.038997676
v -0.35138905 0.63461787 0.02825217
v -0.35037944 0.62706417 0.038997676
v -0.37390062 0.6216207 0.02825217
v -0.21939681 0.33354622 0.27547583
v -0.21314287 0.33196488 0.2908803
v -0.1791611 0.35677624 0.27547583
v -0.18091865 0.35056952 0.2908803
v -0.32951117 0.5975654 0.057367906
v -0.35138905 0.63461787 0.02825217
v -0.37390062 0.6216207 0.02825217
v -0.35275126 0.5841477 0.057367906
v -0.31761628 0.57920265 0.061871022
v -0.34279612 0.5646651 0.061871022
v -0.19497125 0.38357517 0.22854686
v -0.23470023 0.36063758 0.22854686
v -0.23374248 0.36113876 0.25219283
v -0.21314287 0.33196488 0.2908803
v -0.21939681 0.33354622 0.27547583
v -0.36786383 0.6169696 0.038997676
v -0.35275126 0.5841477 0.057367906
v -0.37390062 0.6216207 0.02825217
v -0.34279612 0.5646651 0.061871022
v -0.23470023 0.36063758 0.22854686
v -0.1958841 0.38299617 0.25219283
v -0.23374248 0.36113876 0.25219283
v -0.21939681 0.33354622 0.27547583
v -0.1791611 0.35677624 0.27547583
v -0.3084582 0.5506428 0.06371176
v -0.3131476 0.55876523 0.070036896
v -0.32116675 0.57213145 0.060440857
v -0.3487856 0.6164094 0.016294122
v -0.33106822 0.5884972 0.06427583
v -0.35360518 0.6247571 0.034827277
v -0.35415164 0.6257037 0.021434039
v -0.32733107 0.5505764 0.070036896
v -0.3131476 0.55876523 0.070036896
v -0.3084582 0.5506428 0.06371176
v -0.32264164 0.542454 0.06371176
v -0.35415164 0.6257037 0.021434039
v -0.36479953 0.6195561 0.021434039
v -0.3487856 0.6164094 0.016294122
v -0.3594335 0.6102618 0.016294122
v -0.3084582 0.5506428 0.06371176
v -0.32264164 0.542454 0.06371176
v -0.32116675 0.57213145 0.060440857
v -0.3131476 0.55876523 0.070036896
v -0.32733107 0.5505764 0.070036896
v -0.33489698 0.5642044 0.060440857
v -0.33106822 0.5884972 0.06427583
v -0.34411952 0.5809621 0.06427583
v -0.32264164 0.542454 0.06371176
v -0.33489698 0.5642044 0.060440857
v -0.32733107 0.5505764 0.070036896
v -0.3594335 0.6102618 0.016294122
v -0.34411952 0.5809621 0.06427583
v -0.36425298 0.6186096 0.034827277
v -0.36479953 0.6195561 0.021434039
v -0.36425298 0.6186096 0.034827277
v -0.36479953 0.6195561 0.021434039
v -0.35415164 0.6257037 0.021434039
v -0.35360518 0.6247571 0.034827277
v -0.21720907 0.34549677 0.22489432
v -0.19060451 0.36085692 0.22489432
v -0.22159347 0.40802428 0.19111887
v -0.24256271 0.39591768 0.19111887
v -0.2359785 0.43210998 0.1942837
v -0.25622904 0.42041835 0.1942837
v -0.20192051 0.3809636 0.2482651
v -0.2359785 0.43210998 0.1942837
v -0.22159347 0.40802428 0.19111887
v -0.19060451 0.36085692 0.22489432
v -0.1819982 0.34726268 0.24869998
v -0.18693733 0.3565366 0.2615755
v -0.18693733 0.3565366 0.2615755
v -0.20973928 0.3312464 0.24869998
v -0.21530113 0.34016076 0.2615755
v -0.1819982 0.34726268 0.24869998
v -0.19060451 0.36085692 0.22489432
v -0.21720907 0.34549677 0.22489432
v -0.24256271 0.39591768 0.19111887
v -0.25622904 0.42041835 0.1942837
v -0.22896394 0.36535004 0.2482651
v -0.21720907 0.34549677 0.22489432
v -0.20973928 0.3312464 0.24869998
v -0.21530113 0.34016076 0.2615755
v -0.31761628 0.57920265 0.061871022
v -0.19497125 0.38357517 0.22854686
v -0.1958841 0.38299617 0.25219283
v -0.32951117 0.5975654 0.057367906
v -0.35037944 0.62706417 0.038997676
v -0.18091865 0.35056952 0.2908803
v -0.21530113 0.34016076 0.2615755
v -0.22896394 0.36535004 0.2482651
v -0.20192051 0.3809636 0.2482651
v -0.18693733 0.3565366 0.2615755
v -0.21314287 0.33196488 0.2908803
v -0.36786383 0.6169696 0.038997676
v -0.35037944 0.62706417 0.038997676
v -0.18091865 0.35056952 0.2908803
v -0.23374248 0.36113876 0.25219283
v -0.1958841 0.38299617 0.25219283
v -0.19497125 0.38357517 0.22854686
v -0.23470023 0.36063758 0.22854686
v -0.101625524 0.14304356 0.13067934
v -0.09373636 0.12881109 0.110401
v -0.10995226 0.15806535 0.10149876
v -0.13228895 0.1983618 0.15511557
v -0.16186139 0.25171188 0.14912266
v -0.17901964 0.28266618 0.18649207
v -0.13499646 0.20324625 0.1751391
v -0.20351043 0.32663506 0.22967163
v -0.20994447 0.33824238 0.21529186
v -0.22023147 0.35605997 0.23427707
v -0.21379745 0.34445265 0.24865684
v -0.13499646 0.20324625 0.1751391
v -0.20351043 0.32663506 0.22967163
v -0.18111907 0.33956268 0.22967163
v -0.10851821 0.21853344 0.1751391
v -0.0730666 0.15953204 0.13067934
v -0.08191252 0.17425413 0.10149876
v -0.06468552 0.1455836 0.110401
v -0.105641924 0.21374649 0.15511557
v -0.13705821 0.266032 0.14912266
v -0.15528628 0.2963686 0.18649207
v -0.10851821 0.21853344 0.1751391
v -0.18111907 0.33956268 0.22967163
v -0.1879543 0.3509384 0.21529186
v -0.19824132 0.36875606 0.23427707
v -0.19140607 0.3573803 0.24865684
v -0.06468552 0.1455836 0.110401
v -0.10995226 0.15806535 0.10149876
v -0.09373636 0.12881109 0.110401
v -0.08191252 0.17425413 0.10149876
v -0.16186139 0.25171188 0.14912266
v -0.13705821 0.266032 0.14912266
v -0.15528628 0.2963686 0.18649207
v -0.17901964 0.28266618 0.18649207
v -0.1879543 0.3509384 0.21529186
v -0.20994447 0.33824238 0.21529186
v -0.22023147 0.35605997 0.23427707
v -0.19824132 0.36875606 0.23427707
v -0.0730666 0.15953204 0.13067934
v -0.09373636 0.12881109 0.110401
v -0.101625524 0.14304356 0.13067934
v -0.06468552 0.1455836 0.110401
v -0.101625524 0.14304356 0.13067934
v -0.13228895 0.1983618 0.15511557
v -0.105641924 0.21374649 0.15511557
v -0.0730666 0.15953204 0.13067934
v -0.13499646 0.20324625 0.1751391
v -0.10851821 0.21853344 0.1751391
v -0.13228895 0.1983618 0.15511557
v -0.105641924 0.21374649 0.15511557
v -0.065085664 0.13377471 0.13349685
v -0.11444815 0.21592768 0.17048803
v -0.10818762 0.2055084 0.12649235
v -0.07009619 0.14211363 0.093149066
v -0.056267865 0.1190994 0.11019772
v -0.058180027 0.12228179 0.10047839
v -0.07009619 0.14211363 0.093149066
v -0.10818762 0.2055084 0.12649235
v -0.1238817 0.19644739 0.12649235
v -0.08802593 0.13176186 0.093149066
v -0.058180027 0.12228179 0.10047839
v -0.07680915 0.111526266 0.10047839
v -0.08330948 0.12325318 0.13349685
v -0.1238817 0.19644739 0.12649235
v -0.12977481 0.20707883 0.17048803
v -0.08802593 0.13176186 0.093149066
v -0.07500921 0.10827913 0.11019772
v -0.07680915 0.111526266 0.10047839
v -0.08330948 0.12325318 0.13349685
v -0.12977481 0.20707883 0.17048803
v -0.11444815 0.21592768 0.17048803
v -0.065085664 0.13377471 0.13349685
v -0.08330948 0.12325318 0.13349685
v -0.065085664 0.13377471 0.13349685
v -0.07500921 0.10827913 0.11019772
v -0.056267865 0.1190994 0.11019772
v -0.058180027 0.12228179 0.10047839
v -0.07680915 0.111526266 0.10047839
v -0.049862918 0.13359906 0.13633123
v -0.090768725 0.10998205 0.13633123
v -0.09076871 0.10998201 0.11019316
v -0.0498629 0.13359901 0.11019316
v -0.05988006 0.056481317 0.091331005
v -0.090768725 0.10998205 0.13633123
v -0.059880026 0.05648126 0.13633123
v -0.09076871 0.10998201 0.11019316
v -0.08536701 0.10062601 0.091331005
v -0.090768725 0.10998205 0.13633123
v -0.049862918 0.13359906 0.13633123
v -0.018974217 0.08009826 0.13633123
v -0.059880026 0.05648126 0.13633123
v -0.018974217 0.08009826 0.13633123
v -0.049862918 0.13359906 0.13633123
v -0.01897424 0.0800983 0.091331005
v -0.0498629 0.13359901 0.11019316
v -0.04446121 0.124243 0.091331005
v -0.0498629 0.13359901 0.11019316
v -0.09076871 0.10998201 0.11019316
v -0.08536701 0.10062601 0.091331005
v -0.04446121 0.124243 0.091331005
v -0.04446121 0.124243 0.091331005
v -0.05988006 0.056481317 0.091331005
v -0.01897424 0.0800983 0.091331005
v -0.08536701 0.10062601 0.091331005
v -0.0076102847 0.037674047 0.14698282
v -0.0076102796 0.062166695 0.14698282
v -0.0076102847 0.037674047 0.09806192
v -0.0076102796 0.062166695 0.09806192
v -0.05003281 0.037674017 0.14698282
v -0.028821548 0.025427707 0.14698282
v -0.05003281 0.037674017 0.09806192
v -0.028821548 0.025427707 0.09806192
v -0.0076102847 0.037674047 0.14698282
v -0.0076102847 0.037674047 0.09806192
v -0.050032794 0.062166672 0.14698282
v -0.05003281 0.037674017 0.14698282
v -0.050032794 0.062166672 0.09806192
v -0.05003281 0.037674017 0.09806192
v -0.050032794 0.062166672 0.09806192
v -0.05003281 0.037674017 0.09806192
v -0.028821548 0.025427707 0.09806192
v -0.0076102847 0.037674047 0.09806192
v -0.028821541 0.07441301 0.09806192
v -0.0076102796 0.062166695 0.09806192
v -0.050032794 0.062166672 0.14698282
v -0.050032794 0.062166672 0.09806192
v -0.028821541 0.07441301 0.09806192
v -0.028821541 0.07441301 0.14698282
v -0.0076102796 0.062166695 0.09806192
v -0.0076102796 0.062166695 0.14698282
v -0.028821548 0.025427707 0.14698282
v -0.05003281 0.037674017 0.14698282
v -0.050032794 0.062166672 0.14698282
v -0.0076102847 0.037674047 0.14698282
v -0.028821541 0.07441301 0.14698282
v -0.0076102796 0.062166695 0.14698282
v -0.20749788 0.39444247 0.19577137
v -0.23784833 0.37691966 0.19577137
v -0.23225637 0.3672341 0.19277465
v -0.20190589 0.38475695 0.19277465
v -0.19781223 0.3776664 0.20096195
v -0.22816266 0.3601436 0.20096195
v -0.1993106 0.38026175 0.21214597
v -0.19781223 0.3776664 0.20096195
v -0.22816266 0.3601436 0.20096195
v -0.22966108 0.36273888 0.21214597
v -0.22966108 0.36273888 0.21214597
v -0.23525302 0.37242454 0.21514273
v -0.1993106 0.38026175 0.21214597
v -0.20490262 0.38994738 0.21514273
v -0.20899625 0.3970377 0.20695539
v -0.23934668 0.37951496 0.20695539
v -0.20749788 0.39444247 0.19577137
v -0.20899625 0.3970377 0.20695539
v -0.23784833 0.37691966 0.19577137
v -0.23934668 0.37951496 0.20695539
v -0.22816266 0.3601436 0.20096195
v -0.23225637 0.3672341 0.19277465
v -0.23784833 0.37691966 0.19577137
v -0.23934668 0.37951496 0.20695539
v -0.22966108 0.36273888 0.21214597
v -0.23525302 0.37242454 0.21514273
v -0.1993106 0.38026175 0.21214597
v -0.20490262 0.38994738 0.21514273
v -0.20899625 0.3970377 0.20695539
v -0.19781223 0.3776664 0.20096195
v -0.20749788 0.39444247 0.19577137
v -0.20190589 0.38475695 0.19277465
v -0.13174334 0.23904896 0.15994406
v -0.1357442 0.23511583 0.16519038
v -0.22520559 0.39006743 0.21313262
v -0.22120471 0.3940006 0.20788631
v -0.14115086 0.23361754 0.15994406
v -0.23061217 0.38856918 0.20788631
v -0.22520559 0.39006743 0.21313262
v -0.1357442 0.23511583 0.16519038
v -0.22661132 0.39250228 0.20263994
v -0.23061217 0.38856918 0.20788631
v -0.13714994 0.23755063 0.15469772
v -0.14115086 0.23361754 0.15994406
v -0.13714994 0.23755063 0.15469772
v -0.13174334 0.23904896 0.15994406
v -0.22120471 0.3940006 0.20788631
v -0.22661132 0.39250228 0.20263994
v -0.018974217 0.08009826 0.13633123
v -0.01897424 0.0800983 0.091331005
v -0.059880026 0.05648126 0.13633123
v -0.05988006 0.056481317 0.091331005
v -0.21379745 0.34445265 0.24865684
v -0.19140607 0.3573803 0.24865684
v -0.20351043 0.32663506 0.22967163
v -0.18111907 0.33956268 0.22967163
v -0.79396003 0.06703738 0.00411579
v -0.79193383 0.059545863 0.00411579
v -0.7919337 0.059545882 0
v -0.79396003 0.06703738 0
v -0.76461273 0.04571374 0.00411579
v -0.7919337 0.059545882 0
v -0.79193383 0.059545863 0.00411579
v -0.76461273 0.04571374 0
v -0.6859449 0.039418202 0
v -0.7203604 0.042152748 0.013322129
v -0.6807009 0.03895943 0.01332216
v -0.74330246 0.043849304 0.013322115
v -0.7203604 0.042152748 0.019677103
v -0.71673626 0.08357642 0.013322129
v -0.6771249 0.07983449 0.01332216
v -0.67901784 0.061586097 0.01332216
v -0.7255444 0.065726526 0.013322129
v -0.7259353 0.06126101 0.019677103
v -0.7203604 0.042152748 0.013322129
v -0.7203604 0.042152748 0.019677103
v -0.7259353 0.06126101 0.013322129
v -0.7259353 0.06126101 0.013322129
v -0.7259353 0.06126101 0.019677103
v -0.76435316 0.06451815 0.013322129
v -0.79396003 0.06703738 0.00411579
v -0.79396003 0.06703738 0
v -0.68464047 0.057718113 0
v -0.67939633 0.057259295 0.01332216
v -0.79353887 0.07185025 0
v -0.7609347 0.08775382 0
v -0.7902427 0.0788761 0
v -0.68426186 0.062044866 0
v -0.68236893 0.08029329 0
v -0.79353887 0.07185025 0.00411579
v -0.79353887 0.07185025 0
v -0.7902427 0.0788761 0
v -0.79024273 0.07887614 0.00411579
v -0.79024273 0.07887614 0.00411579
v -0.7902427 0.0788761 0
v -0.7609347 0.08775382 0.00411579
v -0.7609347 0.08775382 0
v -0.68236893 0.08029329 0
v -0.71673626 0.08357642 0.013322129
v -0.6771249 0.07983449 0.01332216
v -0.73962444 0.08588945 0.013322115
v -0.71673626 0.08357642 0.019677103
v -0.6807009 0.03895943 0.01332216
v -0.67939633 0.057259295 0.01332216
v -0.6859449 0.039418202 0
v -0.68464047 0.057718113 0
v -0.7255444 0.065726526 0.019677103
v -0.71673626 0.08357642 0.019677103
v -0.71673626 0.08357642 0.013322129
v -0.7255444 0.065726526 0.013322129
v -0.7255444 0.065726526 0.013322129
v -0.76394445 0.06919008 0.013322129
v -0.7255444 0.065726526 0.019677103
v -0.79353887 0.07185025 0.00411579
v -0.79353887 0.07185025 0
v -0.68426186 0.062044866 0
v -0.67901784 0.061586097 0.01332216
v -0.6771249 0.07983449 0.01332216
v -0.68236893 0.08029329 0
v -0.68426186 0.062044866 0
v -0.67901784 0.061586097 0.01332216
v -0.79193383 0.059545863 0.00411579
v -0.79396003 0.06703738 0.00411579
v -0.76435316 0.06451815 0.013322129
v -0.74330246 0.043849304 0.013322115
v -0.7259353 0.06126101 0.019677103
v -0.7203604 0.042152748 0.019677103
v -0.79024273 0.07887614 0.00411579
v -0.76394445 0.06919008 0.013322129
v -0.79353887 0.07185025 0.00411579
v -0.73962444 0.08588945 0.013322115
v -0.7255444 0.065726526 0.019677103
v -0.71673626 0.08357642 0.019677103
v -0.67939633 0.057259295 0.01332216
v -0.6807009 0.03895943 0.01332216
v -0.7203604 0.042152748 0.013322129
v -0.7259353 0.06126101 0.013322129
v -0.76461273 0.04571374 0
v -0.79396003 0.06703738 0
v -0.7919337 0.059545882 0
v -0.68464047 0.057718113 0
v -0.6859449 0.039418202 0
v -0.7023295 0.043457035 0.014634609
v -0.69079506 0.04244782 0.014634623
v -0.68767136 0.07815193 0.014634623
v -0.69920594 0.07916107 0.014634609
v -0.68190396 0.07764741 0.024661988
v -0.68767136 0.07815193 0.014634623
v -0.69079506 0.04244782 0.014634623
v -0.68502766 0.04194325 0.024661988
v -0.69079506 0.04244782 0.034689307
v -0.68767136 0.07815193 0.034689322
v -0.69920594 0.0791606 0.034689307
v -0.68767136 0.07815193 0.034689322
v -0.69079506 0.04244782 0.034689307
v -0.7023295 0.043457035 0.034689307
v -0.7023295 0.043457035 0.034689307
v -0.70809674 0.04396153 0.024661958
v -0.69920594 0.0791606 0.034689307
v -0.70497304 0.07966563 0.024661958
v -0.69920594 0.07916107 0.014634609
v -0.7023295 0.043457035 0.014634609
v -0.69079506 0.04244782 0.014634623
v -0.7023295 0.043457035 0.014634609
v -0.70809674 0.04396153 0.024661958
v -0.68502766 0.04194325 0.024661988
v -0.69079506 0.04244782 0.034689307
v -0.7023295 0.043457035 0.034689307
v -0.68767136 0.07815193 0.034689322
v -0.69920594 0.0791606 0.034689307
v -0.70497304 0.07966563 0.024661958
v -0.68190396 0.07764741 0.024661988
v -0.68767136 0.07815193 0.014634623
v -0.69920594 0.07916107 0.014634609
v -0.7236625 0.05026528 0.02825217
v -0.721397 0.07616056 0.02825217
v -0.71463025 0.07265501 0.038997676
v -0.7163899 0.052542575 0.038997676
v -0.39906588 0.011594783 0.27547583
v -0.39418343 0.015810702 0.2908803
v -0.39094046 0.052878454 0.2908803
v -0.39501658 0.057878144 0.27547583
v -0.721397 0.07616056 0.02825217
v -0.7236625 0.05026528 0.02825217
v -0.6784968 0.07282948 0.057367906
v -0.6808356 0.046096228 0.057367906
v -0.6566323 0.07204078 0.061871022
v -0.65916634 0.043076213 0.061871022
v -0.42603728 0.060298447 0.22854686
v -0.43003553 0.014597923 0.22854686
v -0.71463025 0.07265501 0.038997676
v -0.721397 0.07616056 0.02825217
v -0.6784968 0.07282948 0.057367906
v -0.4260866 0.05921861 0.25219283
v -0.39094046 0.052878454 0.2908803
v -0.39501658 0.057878144 0.27547583
v -0.6566323 0.07204078 0.061871022
v -0.42603728 0.060298447 0.22854686
v -0.42989668 0.015669923 0.25219283
v -0.39418343 0.015810702 0.2908803
v -0.39906588 0.011594783 0.27547583
v -0.7163899 0.052542575 0.038997676
v -0.6808356 0.046096228 0.057367906
v -0.7236625 0.05026528 0.02825217
v -0.65916634 0.043076213 0.061871022
v -0.43003553 0.014597923 0.22854686
v -0.39906588 0.011594783 0.27547583
v -0.39501658 0.057878144 0.27547583
v -0.4260866 0.05921861 0.25219283
v -0.42989668 0.015669923 0.25219283
v -0.6279845 0.06316137 0.06371176
v -0.6373278 0.06397889 0.070036896
v -0.6528763 0.06507652 0.060440857
v -0.7049883 0.06784927 0.016294122
v -0.6719617 0.06635273 0.06427583
v -0.7145907 0.06868934 0.034827277
v -0.7156795 0.06878464 0.021434039
v -0.6279845 0.06316137 0.06371176
v -0.62941194 0.046846088 0.06371176
v -0.6387552 0.04766351 0.070036896
v -0.6373278 0.06397889 0.070036896
v -0.7049883 0.06784927 0.016294122
v -0.7156795 0.06878464 0.021434039
v -0.7167511 0.0565363 0.021434039
v -0.70605975 0.05560092 0.016294122
v -0.6279845 0.06316137 0.06371176
v -0.62941194 0.046846088 0.06371176
v -0.6373278 0.06397889 0.070036896
v -0.6387552 0.04766351 0.070036896
v -0.6542582 0.04928256 0.060440857
v -0.6528763 0.06507652 0.060440857
v -0.6719617 0.06635273 0.06427583
v -0.6732751 0.051339786 0.06427583
v -0.62941194 0.046846088 0.06371176
v -0.6542582 0.04928256 0.060440857
v -0.6387552 0.04766351 0.070036896
v -0.70605975 0.05560092 0.016294122
v -0.6732751 0.051339786 0.06427583
v -0.7156623 0.05644109 0.034827277
v -0.7167511 0.0565363 0.021434039
v -0.7145907 0.06868934 0.034827277
v -0.7156623 0.05644109 0.034827277
v -0.7167511 0.0565363 0.021434039
v -0.7156795 0.06878464 0.021434039
v -0.4076004 0.020241458 0.22489432
v -0.40492293 0.050844844 0.22489432
v -0.4613347 0.052514248 0.19111887
v -0.46344504 0.028393187 0.19111887
v -0.48931548 0.0545457 0.1942837
v -0.49135348 0.031251375 0.1942837
v -0.42788395 0.053108018 0.2482651
v -0.48931548 0.0545457 0.1942837
v -0.4613347 0.052514248 0.19111887
v -0.40492293 0.050844844 0.22489432
v -0.39928055 0.05137078 0.2615755
v -0.3888508 0.0500974 0.24869998
v -0.402135 0.018743714 0.2615755
v -0.39928055 0.05137078 0.2615755
v -0.3888508 0.0500974 0.24869998
v -0.39164263 0.018186662 0.24869998
v -0.4076004 0.020241458 0.22489432
v -0.40492293 0.050844844 0.22489432
v -0.43060553 0.02199977 0.2482651
v -0.46344504 0.028393187 0.19111887
v -0.49135348 0.031251375 0.1942837
v -0.4076004 0.020241458 0.22489432
v -0.402135 0.018743714 0.2615755
v -0.39164263 0.018186662 0.24869998
v -0.39928055 0.05137078 0.2615755
v -0.402135 0.018743714 0.2615755
v -0.43060553 0.02199977 0.2482651
v -0.42788395 0.053108018 0.2482651
v -0.71463025 0.07265501 0.038997676
v -0.39094046 0.052878454 0.2908803
v -0.39418343 0.015810702 0.2908803
v -0.7163899 0.052542575 0.038997676
v -0.4260866 0.05921861 0.25219283
v -0.43003553 0.014597923 0.22854686
v -0.42989668 0.015669923 0.25219283
v -0.42603728 0.060298447 0.22854686
v -0.17546442 -0.0012003994 0.13067934
v -0.15928082 -0.002901377 0.110401
v -0.19254558 0.000594886 0.10149876
v -0.23836629 0.005410822 0.15511557
v -0.29903018 0.011786824 0.14912266
v -0.334228 0.015486252 0.18649207
v -0.24392036 0.0059945714 0.1751391
v -0.38429254 0.020644097 0.22967163
v -0.39749113 0.022031315 0.21529186
v -0.41798687 0.023824448 0.23427707
v -0.4047883 0.022437219 0.24865684
v -0.334228 0.015486252 0.18649207
v -0.33183947 0.04278686 0.18649207
v -0.3952781 0.04732675 0.21529186
v -0.39749113 0.022031315 0.21529186
v -0.41798687 0.023824448 0.23427707
v -0.41577384 0.049119882 0.23427707
v -0.334228 0.015486252 0.18649207
v -0.29903018 0.011786824 0.14912266
v -0.29653406 0.040318087 0.14912266
v -0.33183947 0.04278686 0.18649207
v -0.18972373 0.032849208 0.10149876
v -0.29653406 0.040318087 0.14912266
v -0.29903018 0.011786824 0.14912266
v -0.19254558 0.000594886 0.10149876
v -0.1563572 0.030516002 0.110401
v -0.15928082 -0.002901377 0.110401
v -0.3820391 0.04640097 0.22967163
v -0.24125563 0.036452644 0.1751391
v -0.24392036 0.0059945714 0.1751391
v -0.38429254 0.020644097 0.22967163
v -0.17259027 0.031651113 0.13067934
v -0.18972373 0.032849208 0.10149876
v -0.1563572 0.030516002 0.110401
v -0.2356846 0.036063086 0.15511557
v -0.29653406 0.040318087 0.14912266
v -0.33183947 0.04278686 0.18649207
v -0.24125563 0.036452644 0.1751391
v -0.3820391 0.04640097 0.22967163
v -0.3952781 0.04732675 0.21529186
v -0.41577384 0.049119882 0.23427707
v -0.4025348 0.04819414 0.24865684
v -0.17546442 -0.0012003994 0.13067934
v -0.17259027 0.031651113 0.13067934
v -0.1563572 0.030516002 0.110401
v -0.15928082 -0.002901377 0.110401
v -0.17259027 0.031651113 0.13067934
v -0.23836629 0.005410822 0.15511557
v -0.2356846 0.036063086 0.15511557
v -0.17546442 -0.0012003994 0.13067934
v -0.24392036 0.0059945714 0.1751391
v -0.24125563 0.036452644 0.1751391
v -0.2356846 0.036063086 0.15511557
v -0.23836629 0.005410822 0.15511557
v -0.14691344 0.02341492 0.13349685
v -0.24252234 0.030100519 0.17048803
v -0.2303965 0.029252592 0.12649235
v -0.1566182 0.024093537 0.093149066
v -0.12983444 0.022220638 0.11019772
v -0.13353807 0.022479622 0.10047839
v -0.1566182 0.024093537 0.093149066
v -0.2303965 0.029252592 0.12649235
v -0.2319759 0.011199583 0.12649235
v -0.15842257 0.0034688339 0.093149066
v -0.13353807 0.022479622 0.10047839
v -0.13541289 0.0010504304 0.10047839
v -0.14874744 0.002451947 0.13349685
v -0.2319759 0.011199583 0.12649235
v -0.24406482 0.012470166 0.17048803
v -0.15842257 0.0034688339 0.093149066
v -0.13172059 0.00066236407 0.11019772
v -0.13541289 0.0010504304 0.10047839
v -0.24406482 0.012470166 0.17048803
v -0.24252234 0.030100519 0.17048803
v -0.14874744 0.002451947 0.13349685
v -0.14691344 0.02341492 0.13349685
v -0.14874744 0.002451947 0.13349685
v -0.14691344 0.02341492 0.13349685
v -0.12983444 0.022220638 0.11019772
v -0.13172059 0.00066236407 0.11019772
v -0.13541289 0.0010504304 0.10047839
v -0.13353807 0.022479622 0.10047839
v -0.1421548 -0.011270321 0.13633123
v -0.1380381 0.03578391 0.11019316
v -0.13803814 0.035783913 0.13633123
v -0.14215477 -0.011270325 0.11019316
v -0.08061257 -0.01665455 0.091331005
v -0.1421548 -0.011270321 0.13633123
v -0.0806125 -0.016654547 0.13633123
v -0.14215477 -0.011270325 0.11019316
v -0.1313925 -0.012211899 0.091331005
v -0.07649582 0.030399682 0.13633123
v -0.0806125 -0.016654547 0.13633123
v -0.1421548 -0.011270321 0.13633123
v -0.13803814 0.035783913 0.13633123
v -0.07649582 0.030399682 0.13633123
v -0.13803814 0.035783913 0.13633123
v -0.07649587 0.03039969 0.091331005
v -0.1380381 0.03578391 0.11019316
v -0.12727582 0.03484233 0.091331005
v -0.14215477 -0.011270325 0.11019316
v -0.1313925 -0.012211899 0.091331005
v -0.12727582 0.03484233 0.091331005
v -0.1380381 0.03578391 0.11019316
v -0.1313925 -0.012211899 0.091331005
v -0.08061257 -0.01665455 0.091331005
v -0.07649587 0.03039969 0.091331005
v -0.12727582 0.03484233 0.091331005
v -0.035225857 0.015374955 0.14698282
v -0.055289056 0.02942336 0.14698282
v -0.035225857 0.015374955 0.09806192
v -0.055289056 0.02942336 0.09806192
v -0.077486925 0.019072298 0.14698282
v -0.077486925 0.019072298 0.09806192
v -0.037360515 -0.009024506 0.14698282
v -0.037360515 -0.009024506 0.09806192
v -0.05955838 -0.019375565 0.09806192
v -0.05955838 -0.019375565 0.14698282
v -0.07962158 -0.005327153 0.09806192
v -0.07962158 -0.005327153 0.14698282
v -0.035225857 0.015374955 0.09806192
v -0.055289056 0.02942336 0.09806192
v -0.077486925 0.019072298 0.09806192
v -0.07962158 -0.005327153 0.09806192
v -0.037360515 -0.009024506 0.09806192
v -0.05955838 -0.019375565 0.09806192
v -0.077486925 0.019072298 0.14698282
v -0.07962158 -0.005327153 0.14698282
v -0.077486925 0.019072298 0.09806192
v -0.07962158 -0.005327153 0.09806192
v -0.077486925 0.019072298 0.14698282
v -0.055289056 0.02942336 0.14698282
v -0.035225857 0.015374955 0.14698282
v -0.07962158 -0.005327153 0.14698282
v -0.037360515 -0.009024506 0.14698282
v -0.05955838 -0.019375565 0.14698282
v -0.44517872 0.021358166 0.19577137
v -0.43403733 0.020383425 0.19277465
v -0.44212425 0.05627048 0.19577137
v -0.4309829 0.05529575 0.19277465
v -0.42282668 0.05458216 0.20096195
v -0.42588112 0.01966985 0.20096195
v -0.42886645 0.019931003 0.21214597
v -0.42581207 0.054843377 0.21214597
v -0.42282668 0.05458216 0.20096195
v -0.42588112 0.01966985 0.20096195
v -0.42581207 0.054843377 0.21214597
v -0.42886645 0.019931003 0.21214597
v -0.44000793 0.020905811 0.21514273
v -0.43695349 0.055818103 0.21514273
v -0.44510964 0.056531657 0.20695539
v -0.4481641 0.02161938 0.20695539
v -0.44212425 0.05627048 0.19577137
v -0.44510964 0.056531657 0.20695539
v -0.4481641 0.02161938 0.20695539
v -0.44517872 0.021358166 0.19577137
v -0.42588112 0.01966985 0.20096195
v -0.43403733 0.020383425 0.19277465
v -0.44517872 0.021358166 0.19577137
v -0.4481641 0.02161938 0.20695539
v -0.42886645 0.019931003 0.21214597
v -0.44000793 0.020905811 0.21514273
v -0.42581207 0.054843377 0.21214597
v -0.43695349 0.055818103 0.21514273
v -0.44510964 0.056531657 0.20695539
v -0.42282668 0.05458216 0.20096195
v -0.44212425 0.05627048 0.19577137
v -0.4309829 0.05529575 0.19277465
v -0.07649582 0.030399682 0.13633123
v -0.07649587 0.03039969 0.091331005
v -0.08061257 -0.01665455 0.091331005
v -0.0806125 -0.016654547 0.13633123
v -0.4025348 0.04819414 0.24865684
v -0.3820391 0.04640097 0.22967163
v -0.38429254 0.020644097 0.22967163
v -0.4047883 0.022437219 0.24865684
v -0.037360515 -0.009024506 0.14698282
v -0.035225857 0.015374955 0.14698282
v -0.037360515 -0.009024506 0.09806192
v -0.035225857 0.015374955 0.09806192
v 0.04643667 -0.26440537 0.525829
v 0.06827539 -0.26440537 0.525829
v 0.057356033 -0.26440537 0.52130604
v 0.07279835 -0.26440537 0.5367484
v 0.06827539 -0.26440537 0.5476678
v 0.041913718 -0.26440537 0.5367484
v 0.04643667 -0.26440537 0.5476678
v 0.057356033 -0.26440537 0.5521908
v 0.04643667 -0.27419806 0.5843792
v 0.06827539 -0.27419806 0.5843792
v 0.057356033 -0.27419806 0.5798562
v 0.07279835 -0.27419806 0.5952986
v 0.06827539 -0.27419806 0.606218
v 0.041913718 -0.27419806 0.5952986
v 0.04643667 -0.27419806 0.606218
v 0.057356033 -0.27419806 0.61074096
v 0.1988929 -0.27850825 0.5187935
v 0.17254438 -0.27850825 0.5297074
v 0.18680412 -0.27850825 0.526871
v 0.14619586 -0.27850825 0.4660964
v 0.14619586 -0.27850825 0.5187935
v 0.15828466 -0.27850825 0.526871
v 0.13811837 -0.27850825 0.5067047
v 0.13528192 -0.27850825 0.49244493
v 0.13811837 -0.27850825 0.47818524
v 0.1988929 -0.27850825 0.4660964
v 0.15828466 -0.27850825 0.45801893
v 0.2069704 -0.27850825 0.5067047
v 0.17254438 -0.27850825 0.4551825
v 0.18680412 -0.27850825 0.45801893
v 0.20980686 -0.27850825 0.49244493
v 0.2069704 -0.27850825 0.47818524
v 0.08493246 -0.23698343 0.22049682
v 0.08467375 -0.2355162 0.22519761
v 0.073913194 -0.17449003 0.20555799
v 0.07411751 -0.17564876 0.2007579
v 0.051965237 -0.17955478 0.2007579
v 0.051760927 -0.17839605 0.20555799
v 0.06278019 -0.24088947 0.22049682
v 0.06252149 -0.23942225 0.22519761
v 0.07197204 -0.17602706 0.2007579
v 0.07176773 -0.17486833 0.20555799
v 0.082787 -0.23736173 0.22049682
v 0.082528286 -0.2358945 0.22519761
v 0.064925656 -0.24051118 0.22049682
v 0.06466695 -0.23904394 0.22519761
v 0.053906392 -0.17801777 0.20555799
v 0.054110706 -0.1791765 0.2007579
v 0.053906392 -0.17801777 0.20555799
v 0.06466695 -0.23904394 0.22519761
v 0.06252149 -0.23942225 0.22519761
v 0.051760927 -0.17839605 0.20555799
v 0.054110706 -0.1791765 0.2007579
v 0.06278019 -0.24088947 0.22049682
v 0.064925656 -0.24051118 0.22049682
v 0.051965237 -0.17955478 0.2007579
v 0.07176773 -0.17486833 0.20555799
v 0.073913194 -0.17449003 0.20555799
v 0.08467375 -0.2355162 0.22519761
v 0.082528286 -0.2358945 0.22519761
v 0.082787 -0.23736173 0.22049682
v 0.08493246 -0.23698343 0.22049682
v 0.07411751 -0.17564876 0.2007579
v 0.07197204 -0.17602706 0.2007579
v -0.07411751 -0.17564876 0.2007579
v -0.073913194 -0.17449003 0.20555799
v -0.08493246 -0.23698343 0.22049682
v -0.08467375 -0.2355162 0.22519761
v -0.06278019 -0.24088947 0.22049682
v -0.06252149 -0.23942225 0.22519761
v -0.051760927 -0.17839605 0.20555799
v -0.051965237 -0.17955478 0.2007579
v -0.082787 -0.23736173 0.22049682
v -0.082528286 -0.2358945 0.22519761
v -0.07176773 -0.17486833 0.20555799
v -0.07197204 -0.17602706 0.2007579
v -0.054110706 -0.1791765 0.2007579
v -0.053906392 -0.17801777 0.20555799
v -0.064925656 -0.24051118 0.22049682
v -0.06466695 -0.23904394 0.22519761
v -0.053906392 -0.17801777 0.20555799
v -0.051760927 -0.17839605 0.20555799
v -0.06252149 -0.23942225 0.22519761
v -0.06466695 -0.23904394 0.22519761
v -0.054110706 -0.1791765 0.2007579
v -0.064925656 -0.24051118 0.22049682
v -0.06278019 -0.24088947 0.22049682
v -0.051965237 -0.17955478 0.2007579
v -0.07176773 -0.17486833 0.20555799
v -0.082528286 -0.2358945 0.22519761
v -0.08467375 -0.2355162 0.22519761
v -0.073913194 -0.17449003 0.20555799
v -0.082787 -0.23736173 0.22049682
v -0.07197204 -0.17602706 0.2007579
v -0.07411751 -0.17564876 0.2007579
v -0.08493246 -0.23698343 0.22049682
v 0.14690325 0.013066519 0.5445663
v 0.14690325 0.013066519 0.44085428
v 0.14690325 -0.076924175 0.5445663
v 0.14690325 -0.076924175 0.44085428
v 0.19832689 -0.2258583 0.55468947
v 0.1725444 -0.2258583 0.5598179
v 0.1725444 -0.2258583 0.5474068
v 0.1467619 -0.2258583 0.55468947
v 0.19357736 -0.2258583 0.5432231
v 0.15151143 -0.2258583 0.5432231
v 0.22018422 -0.2258583 0.5400848
v 0.21140824 -0.2258583 0.5313088
v 0.12490455 -0.2258583 0.5400848
v 0.13368055 -0.2258583 0.5313088
v 0.121766314 -0.2258583 0.513478
v 0.11029993 -0.2258583 0.5182275
v 0.22332248 -0.2258583 0.513478
v 0.23478885 -0.2258583 0.5182275
v 0.1175826 -0.2258583 0.492445
v 0.10517147 -0.2258583 0.492445
v 0.23991731 -0.2258583 0.492445
v 0.22750619 -0.2258583 0.492445
v 0.22332248 -0.2258583 0.471412
v 0.23478885 -0.2258583 0.46666247
v 0.11029993 -0.2258583 0.46666247
v 0.121766314 -0.2258583 0.471412
v 0.21140824 -0.2258583 0.45358106
v 0.22018422 -0.2258583 0.44480506
v 0.13368055 -0.2258583 0.45358106
v 0.12490455 -0.2258583 0.44480506
v 0.19832689 -0.2258583 0.43020052
v 0.19357736 -0.2258583 0.44166693
v 0.1467619 -0.2258583 0.43020052
v 0.15151143 -0.2258583 0.44166693
v 0.1725444 -0.2258583 0.43748316
v 0.1725444 -0.2258583 0.42507204
v 0.20397133 -0.24755195 0.46101803
v 0.21360567 -0.24755195 0.4754368
v 0.23478885 -0.24755196 0.46666247
v 0.21698879 -0.24755195 0.492445
v 0.22018422 -0.24755196 0.44480506
v 0.23991731 -0.24755196 0.492445
v 0.19832689 -0.24755196 0.43020052
v 0.18955253 -0.24755195 0.4513837
v 0.21360567 -0.24755195 0.5094531
v 0.23478885 -0.24755196 0.5182275
v 0.17254438 -0.24755195 0.44800055
v 0.1725444 -0.24755196 0.42507204
v 0.22018422 -0.24755196 0.5400848
v 0.20397133 -0.24755195 0.5238719
v 0.1467619 -0.24755196 0.43020052
v 0.15553625 -0.24755195 0.4513837
v 0.18955253 -0.24755195 0.5335063
v 0.19832689 -0.24755196 0.55468947
v 0.14111745 -0.24755195 0.46101803
v 0.12490455 -0.24755196 0.44480506
v 0.1725444 -0.24755196 0.5598179
v 0.17254438 -0.24755195 0.5368894
v 0.11029993 -0.24755196 0.46666247
v 0.13148311 -0.24755195 0.4754368
v 0.12809998 -0.24755195 0.492445
v 0.10517147 -0.24755196 0.492445
v 0.15553625 -0.24755195 0.5335063
v 0.1467619 -0.24755196 0.55468947
v 0.13148311 -0.24755195 0.5094531
v 0.11029993 -0.24755196 0.5182275
v 0.12490455 -0.24755196 0.5400848
v 0.14111745 -0.24755195 0.5238719
v 0.13633624 0.07676053 0.50699925
v 0.17254438 0.07676053 0.4920013
v 0.13335295 0.07676053 0.4920013
v 0.14483185 0.07676053 0.51971376
v 0.13633624 0.07676053 0.4770034
v 0.15754645 0.07676053 0.5282094
v 0.14483185 0.07676053 0.46428877
v 0.17254438 0.07676053 0.53119266
v 0.15754645 0.07676053 0.45579314
v 0.18754226 0.07676053 0.5282094
v 0.17254438 0.07676053 0.45280993
v 0.20025685 0.07676053 0.51971376
v 0.18754226 0.07676053 0.45579314
v 0.20875253 0.07676053 0.50699925
v 0.20025685 0.07676053 0.46428877
v 0.21173576 0.07676053 0.4920013
v 0.20875253 0.07676053 0.4770034
v 0.1725444 -0.10480598 0.41953087
v 0.2004474 -0.10480598 0.4250811
v 0.2004474 -0.10480598 0.4133881
v 0.1725444 -0.10480598 0.40783787
v 0.14464134 -0.10480598 0.4133881
v 0.14464134 -0.10480598 0.4250811
v 0.1935531 -0.10480598 0.4417254
v 0.21136342 -0.10480598 0.4536259
v 0.1725444 -0.10480598 0.43754652
v 0.22410245 -0.10480598 0.4408869
v 0.15153567 -0.10480598 0.4417254
v 0.13372535 -0.10480598 0.4536259
v 0.120986305 -0.10480598 0.4408869
v 0.22326392 -0.10480598 0.47143626
v 0.12182483 -0.10480598 0.47143626
v 0.10518048 -0.10480598 0.4645419
v 0.09963024 -0.10480598 0.492445
v 0.11764596 -0.10480598 0.492445
v 0.12182483 -0.10480598 0.5134538
v 0.10518048 -0.10480598 0.52034813
v 0.120986305 -0.10480598 0.5440031
v 0.23990826 -0.10480598 0.4645419
v 0.2454585 -0.10480598 0.492445
v 0.22744282 -0.10480598 0.492445
v 0.25160128 -0.10480598 0.4645419
v 0.2571515 -0.10480598 0.492445
v 0.25160128 -0.10480598 0.52034813
v 0.13372535 -0.10480598 0.53126407
v 0.23990826 -0.10480598 0.52034813
v 0.22326392 -0.10480598 0.5134538
v 0.22410245 -0.10480598 0.5440031
v 0.21136342 -0.10480598 0.53126407
v 0.14464134 -0.10480598 0.55980885
v 0.120986305 -0.10480598 0.55941916
v 0.15153567 -0.10480598 0.5431645
v 0.14464134 -0.10480598 0.5752249
v 0.2004474 -0.10480598 0.55980885
v 0.1935531 -0.10480598 0.5431645
v 0.22410245 -0.10480598 0.55941916
v 0.1725444 -0.10480598 0.5473434
v 0.2004474 -0.10480598 0.5752249
v 0.1725444 -0.10480598 0.5653591
v 0.1725444 -0.10480598 0.58077514
v 0.19357362 0.057314552 0.5427703
v 0.17254436 0.057314556 0.4920013
v 0.21140134 0.057314552 0.5308583
v 0.17254438 0.057314552 0.5469533
v 0.2233135 0.057314552 0.51303065
v 0.1515151 0.057314552 0.5427703
v 0.22749645 0.057314552 0.4920013
v 0.13368738 0.057314552 0.5308583
v 0.2233135 0.057314552 0.470972
v 0.12177526 0.057314552 0.51303065
v 0.21140134 0.057314552 0.45314428
v 0.117592275 0.057314552 0.4920013
v 0.19357362 0.057314552 0.44123217
v 0.12177526 0.057314552 0.470972
v 0.17254438 0.057314552 0.43704924
v 0.13368738 0.057314552 0.45314428
v 0.1515151 0.057314552 0.44123217
v 0.10494775 0.038893297 0.46400183
v 0.1208082 0.038893297 0.44026512
v 0.12177526 0.038893294 0.470972
v 0.09937835 0.038893297 0.4920013
v 0.13368738 0.038893294 0.45314428
v 0.117592275 0.038893294 0.4920013
v 0.1515151 0.038893294 0.44123217
v 0.12177526 0.038893294 0.51303065
v 0.10494775 0.038893297 0.5200009
v 0.1208082 0.038893297 0.54373753
v 0.14454493 0.038893297 0.42440462
v 0.1725444 0.038893297 0.4188353
v 0.14454493 0.038893297 0.41271162
v 0.17254438 0.038893294 0.43704924
v 0.1725444 0.038893297 0.4071423
v 0.20054378 0.038893297 0.41271162
v 0.13368738 0.038893294 0.5308583
v 0.20054378 0.038893297 0.42440462
v 0.19357362 0.038893294 0.44123217
v 0.22428054 0.038893297 0.44026512
v 0.21140134 0.038893294 0.45314428
v 0.2233135 0.038893294 0.470972
v 0.24014099 0.038893297 0.46400183
v 0.24571037 0.038893297 0.4920013
v 0.25183398 0.038893297 0.46400183
v 0.22749645 0.038893294 0.4920013
v 0.25740337 0.038893297 0.4920013
v 0.25183398 0.038893297 0.5200009
v 0.24014099 0.038893297 0.5200009
v 0.2233135 0.038893294 0.51303065
v 0.22428054 0.038893297 0.54373753
v 0.21140134 0.038893294 0.5308583
v 0.20054378 0.038893297 0.5595978
v 0.19357362 0.038893294 0.5427703
v 0.22428054 0.038893297 0.55915356
v 0.20054378 0.038893297 0.5750138
v 0.17254438 0.038893294 0.5469533
v 0.1725444 0.038893297 0.56516725
v 0.1725444 0.038893297 0.5805833
v 0.14454493 0.038893297 0.5750138
v 0.14454493 0.038893297 0.5595978
v 0.1515151 0.038893294 0.5427703
v 0.1208082 0.038893297 0.55915356
v 0.21623294 -0.109650336 0.51054144
v 0.22744282 -0.10480598 0.492445
v 0.21983252 -0.109650336 0.492445
v 0.21623294 -0.109650336 0.4743486
v 0.22326392 -0.10480598 0.5134538
v 0.22326392 -0.10480598 0.47143626
v 0.21136342 -0.10480598 0.53126407
v 0.20598215 -0.109650336 0.5258828
v 0.1935531 -0.10480598 0.5431645
v 0.19064076 -0.109650336 0.5361335
v 0.20598215 -0.109650336 0.45900717
v 0.21136342 -0.10480598 0.4536259
v 0.1935531 -0.10480598 0.4417254
v 0.19064076 -0.109650336 0.4487564
v 0.1725444 -0.10480598 0.5473434
v 0.1725444 -0.109650336 0.5397331
v 0.154448 -0.109650336 0.5361335
v 0.15153567 -0.10480598 0.5431645
v 0.13910663 -0.109650336 0.5258828
v 0.13372535 -0.10480598 0.53126407
v 0.1725444 -0.10480598 0.43754652
v 0.1725444 -0.109650336 0.44515684
v 0.154448 -0.109650336 0.4487564
v 0.15153567 -0.10480598 0.4417254
v 0.13910663 -0.109650336 0.45900717
v 0.13372535 -0.10480598 0.4536259
v 0.12885581 -0.109650336 0.51054144
v 0.12182483 -0.10480598 0.5134538
v 0.12885581 -0.109650336 0.4743486
v 0.12182483 -0.10480598 0.47143626
v 0.11764596 -0.10480598 0.492445
v 0.12525624 -0.109650336 0.492445
v 0.043475825 -0.27572188 0.5814184
v 0.037726454 -0.27572188 0.5952986
v 0.041913718 -0.27419806 0.5952986
v 0.043475825 -0.27572188 0.6091788
v 0.04643667 -0.27419806 0.5843792
v 0.04643667 -0.27419806 0.606218
v 0.057356033 -0.27572188 0.575669
v 0.057356033 -0.27419806 0.5798562
v 0.06827539 -0.27419806 0.5843792
v 0.07123624 -0.27572188 0.5814184
v 0.057356033 -0.27572188 0.6149281
v 0.057356033 -0.27419806 0.61074096
v 0.06827539 -0.27419806 0.606218
v 0.07123624 -0.27572188 0.6091788
v 0.07279835 -0.27419806 0.5952986
v 0.07698561 -0.27572188 0.5952986
v -0.032418422 -0.3166389 0.344013
v -0.037829403 -0.31216067 0.344013
v -0.03512392 -0.31216067 0.34869906
v -0.035123907 -0.31216067 0.33932698
v -0.029712921 -0.31216064 0.3486991
v -0.029712927 -0.31216067 0.33932698
v -0.02700744 -0.31216067 0.344013
v -0.05777766 -0.4129454 0.34400803
v -0.05777766 -0.41047424 0.33843374
v -0.063351944 -0.41047424 0.34400803
v -0.052203372 -0.41047424 0.34400803
v -0.05777766 -0.41047424 0.3495823
v -0.45057094 0.03396754 0.20788631
v -0.44869715 0.039255764 0.21313262
v -0.27232912 0.018373434 0.15994406
v -0.45149797 0.03950081 0.20263994
v -0.27045527 0.023661667 0.16519038
v -0.27325606 0.023906708 0.15469772
v -0.44962418 0.04478903 0.20788631
v -0.27138233 0.029194951 0.15994406
v 0.27045527 0.023661777 0.16519038
v 0.27138236 0.029195057 0.15994406
v 0.44962418 0.044789165 0.20788631
v 0.27325606 0.023906812 0.15469772
v 0.44869715 0.039255902 0.21313262
v 0.45149797 0.039500937 0.20263994
v 0.2723291 0.018373536 0.15994406
v 0.45057094 0.033967674 0.20788631
v -0.25905445 -0.3641716 0.20788631
v -0.25579736 -0.36873972 0.20263994
v -0.14078803 -0.23167695 0.15469772
v -0.25073305 -0.3711541 0.20788631
v -0.14404519 -0.22710888 0.15994406
v -0.13572374 -0.23409136 0.15994406
v -0.25399017 -0.366586 0.21313262
v -0.13898084 -0.22952321 0.16519038
v 0.25579736 -0.36873972 0.20263994
v 0.25905445 -0.3641716 0.20788631
v 0.14078803 -0.23167695 0.15469772
v 0.25073305 -0.3711541 0.20788631
v 0.14404519 -0.22710888 0.15994406
v 0.13572374 -0.23409136 0.15994406
v 0.25399017 -0.366586 0.21313262
v 0.13898084 -0.22952321 0.16519038
v 0.14273033 -0.2869147 0.52225906
v 0.15640911 -0.2869147 0.531399
v 0.15828466 -0.2869147 0.526871
v 0.17254438 -0.2869147 0.5346085
v 0.14619586 -0.2869147 0.5187935
v 0.17254438 -0.2869147 0.5297074
v 0.13359042 -0.2869147 0.5085802
v 0.13811837 -0.2869147 0.5067047
v 0.1303809 -0.2869147 0.492445
v 0.13528192 -0.2869147 0.49244493
v 0.13359042 -0.2869147 0.4763097
v 0.13811837 -0.2869147 0.47818524
v 0.14273033 -0.2869147 0.46263087
v 0.14619586 -0.2869147 0.4660964
v 0.15640911 -0.2869147 0.453491
v 0.15828466 -0.2869147 0.45801893
v 0.17254438 -0.2869147 0.45028147
v 0.17254438 -0.2869147 0.4551825
v 0.18867965 -0.2869147 0.453491
v 0.18680412 -0.2869147 0.45801893
v 0.1988929 -0.2869147 0.4660964
v 0.20235847 -0.2869147 0.46263087
v 0.2069704 -0.2869147 0.47818524
v 0.21149835 -0.2869147 0.4763097
v 0.20980686 -0.2869147 0.49244493
v 0.21470788 -0.2869147 0.492445
v 0.2069704 -0.2869147 0.5067047
v 0.21149835 -0.2869147 0.5085802
v 0.20235847 -0.2869147 0.52225906
v 0.1988929 -0.2869147 0.5187935
v 0.18680412 -0.2869147 0.526871
v 0.18867965 -0.2869147 0.531399
v 0.19357736 -0.12458509 0.44166693
v 0.21140824 -0.12458509 0.45358106
v 0.20598215 -0.12175691 0.45900717
v 0.22332248 -0.12458509 0.471412
v 0.19064076 -0.12175691 0.4487564
v 0.21623294 -0.12175691 0.4743486
v 0.22750619 -0.12458509 0.492445
v 0.21983252 -0.12175691 0.492445
v 0.22332248 -0.12458509 0.513478
v 0.21623294 -0.12175691 0.51054144
v 0.21140824 -0.12458509 0.5313088
v 0.20598215 -0.12175691 0.5258828
v 0.19357736 -0.12458509 0.5432231
v 0.19064076 -0.12175691 0.5361335
v 0.1725444 -0.12458509 0.5474068
v 0.1725444 -0.12175691 0.5397331
v 0.1725444 -0.12458509 0.43748316
v 0.1725444 -0.12175691 0.44515684
v 0.154448 -0.12175691 0.4487564
v 0.15151143 -0.12458509 0.44166693
v 0.15151143 -0.12458509 0.5432231
v 0.154448 -0.12175691 0.5361335
v 0.13910663 -0.12175691 0.5258828
v 0.13368055 -0.12458509 0.5313088
v 0.12885581 -0.12175691 0.51054144
v 0.121766314 -0.12458509 0.513478
v 0.12525624 -0.12175691 0.492445
v 0.1175826 -0.12458509 0.492445
v 0.12885581 -0.12175691 0.4743486
v 0.121766314 -0.12458509 0.471412
v 0.13910663 -0.12175691 0.45900717
v 0.13368055 -0.12458509 0.45358106
v -0.0860681 2.023764E-06 0.27721804
v -0.086068116 0.009106563 0.2491971
v -0.086068116 0.023838019 0.25990015
v -0.086068116 -0.009102516 0.2491971
v -0.086068116 0.02946493 0.277218
v -0.086068116 -0.023833968 0.25990015
v -0.086068094 0.023838019 0.29453585
v -0.086068116 -0.029460885 0.277218
v -0.086068094 0.009106563 0.3052389
v -0.086068116 -0.023833968 0.29453585
v -0.086068116 -0.009102516 0.3052389
v 0.0860681 2.023764E-06 0.27721804
v 0.086068116 0.023838019 0.25990015
v 0.086068116 0.009106563 0.2491971
v 0.086068116 -0.009102516 0.2491971
v 0.086068116 0.02946493 0.277218
v 0.086068116 -0.023833968 0.25990015
v 0.086068094 0.023838019 0.29453585
v 0.086068116 -0.029460885 0.277218
v 0.086068094 0.009106563 0.3052389
v 0.086068116 -0.023833968 0.29453585
v 0.086068116 -0.009102516 0.3052389
v -0.05777766 -0.28693426 0.3474745
v -0.06124411 -0.28693426 0.34400803
v -0.061244123 -0.2390274 0.34400803
v -0.057777677 -0.2390274 0.3474745
v -0.057777677 -0.2390274 0.34054157
v -0.054311212 -0.28693426 0.34400803
v -0.05777766 -0.28693426 0.34054157
v -0.054311227 -0.2390274 0.34400803
vt 0.43432617 0.35961914
vt 0.4501953 0.3857422
vt 0.45458984 0.35961914
vt 0.5029297 0.35961914
vt 0.5073242 0.3857422
vt 0.5234375 0.35961914
vt 0.45458984 0.35961914
vt 0.4501953 0.3857422
vt 0.43432617 0.35961914
vt 0.5073242 0.3857422
vt 0.5029297 0.35961914
vt 0.5234375 0.35961914
vt 0.53222656 0.39648438
vt 0.5283203 0.40673828
vt 0.53466797 0.4104004
vt 0.53466797 0.4104004
vt 0.5283203 0.40673828
vt 0.46777344 0.39648438
vt 0.46557617 0.4104004
vt 0.47192383 0.40673828
vt 0.47192383 0.40673828
vt 0.46557617 0.4104004
vt 0.77734375 0.0065345764
vt 0.7685547 0.021148682
vt 0.7944336 0.0065345764
vt 0.031280518 0.0065345764
vt 0.009384155 0.0065345764
vt 0.04360962 0.021148682
vt 0.22265625 0.0065345764
vt 0.2055664 0.0065345764
vt 0.23132324 0.021148682
vt 0.031280518 0.0065345764
vt 0.04360962 0.021148682
vt 0.009384155 0.0065345764
vt 0.9814453 0.0065345764
vt 0.9682617 0.021148682
vt 0.99853516 0.0065345764
vt 0.9790039 0.0065345764
vt 0.9975586 0.0065345764
vt 0.9658203 0.021148682
vt 0.96972656 0.0065345764
vt 0.9560547 0.021148682
vt 0.9926758 0.0065345764
vt 0.96972656 0.0065345764
vt 0.9926758 0.0065345764
vt 0.9560547 0.021148682
vt 0.27929688 0.061920166
vt 0.2788086 0.04486084
vt 0.29248047 0.09106445
vt 0.38720703 0.4375
vt 0.38598633 0.46191406
vt 0.37670898 0.40039062
vt 0.02079773 0.0065345764
vt 0.034210205 0.021148682
vt 0.0023403168 0.0065345764
vt 0.018478394 0.0065345764
vt 0.0012760162 0.0065345764
vt 0.03189087 0.021148682
vt 0.47607422 0.5073242
vt 0.5239258 0.5073242
vt 0.47607422 0.4501953
vt 0.5239258 0.4501953
vt 0.5073242 0.44018555
vt 0.5073242 0.3857422
vt 0.4501953 0.3857422
vt 0.4501953 0.44018555
vt 0.45483398 0.4729004
vt 0.5029297 0.4729004
vt 0.4880371 0.49560547
vt 0.46948242 0.49560547
vt 0.4501953 0.40356445
vt 0.5073242 0.40356445
vt 0.5073242 0.44018555
vt 0.4501953 0.44018555
vt 0.45483398 0.4729004
vt 0.5029297 0.4729004
vt 0.4880371 0.49560547
vt 0.46948242 0.49560547
vt 0.5371094 0.4729004
vt 0.5239258 0.44018555
vt 0.5239258 0.4729004
vt 0.5371094 0.44018555
vt 0.5239258 0.40356445
vt 0.5371094 0.3857422
vt 0.46289062 0.3857422
vt 0.47607422 0.40356445
vt 0.46289062 0.44018555
vt 0.47607422 0.44018555
vt 0.46289062 0.4729004
vt 0.47607422 0.4729004
vt 0.5371094 0.46948242
vt 0.5371094 0.45483398
vt 0.5239258 0.45483398
vt 0.5239258 0.46948242
vt 0.5371094 0.4880371
vt 0.5239258 0.4880371
vt 0.5371094 0.5029297
vt 0.5239258 0.5029297
vt 0.5371094 0.4729004
vt 0.5239258 0.4729004
vt 0.5239258 0.44018555
vt 0.5371094 0.44018555
vt 0.5239258 0.40356445
vt 0.5371094 0.3857422
vt 0.47607422 0.40356445
vt 0.46289062 0.3857422
vt 0.46289062 0.44018555
vt 0.47607422 0.44018555
vt 0.46289062 0.4729004
vt 0.47607422 0.4729004
vt 0.4501953 0.44018555
vt 0.4501953 0.3857422
vt 0.5073242 0.3857422
vt 0.5073242 0.44018555
vt 0.45483398 0.4729004
vt 0.5029297 0.4729004
vt 0.4880371 0.49560547
vt 0.46948242 0.49560547
vt 0.5073242 0.44018555
vt 0.5073242 0.40356445
vt 0.4501953 0.40356445
vt 0.4501953 0.44018555
vt 0.45483398 0.4729004
vt 0.5029297 0.4729004
vt 0.4880371 0.49560547
vt 0.46948242 0.49560547
vt 0.46289062 0.46948242
vt 0.47607422 0.45483398
vt 0.46289062 0.45483398
vt 0.47607422 0.46948242
vt 0.46289062 0.4880371
vt 0.47607422 0.4880371
vt 0.46289062 0.5029297
vt 0.47607422 0.5029297
vt 0.46289062 0.26757812
vt 0.46289062 0.35961914
vt 0.47998047 0.35961914
vt 0.47998047 0.26757812
vt 0.5 0.35961914
vt 0.5 0.26757812
vt 0.52001953 0.35961914
vt 0.52001953 0.26757812
vt 0.5371094 0.35961914
vt 0.5371094 0.26757812
vt 0.5371094 0.35961914
vt 0.52001953 0.35961914
vt 0.5371094 0.26757812
vt 0.52001953 0.26757812
vt 0.5 0.35961914
vt 0.5 0.26757812
vt 0.47998047 0.35961914
vt 0.47998047 0.26757812
vt 0.46289062 0.35961914
vt 0.46289062 0.26757812
vt 0.43432617 0.35961914
vt 0.43432617 0.26757812
vt 0.45458984 0.26757812
vt 0.45458984 0.35961914
vt 0.47875977 0.26757812
vt 0.47875977 0.35961914
vt 0.5029297 0.26757812
vt 0.5029297 0.35961914
vt 0.5234375 0.26757812
vt 0.5234375 0.35961914
vt 0.5234375 0.35961914
vt 0.5234375 0.26757812
vt 0.5029297 0.26757812
vt 0.5029297 0.35961914
vt 0.47875977 0.26757812
vt 0.47875977 0.35961914
vt 0.45458984 0.26757812
vt 0.45458984 0.35961914
vt 0.43432617 0.26757812
vt 0.43432617 0.35961914
vt 0.5488281 0.45458984
vt 0.5371094 0.4501953
vt 0.5527344 0.47875977
vt 0.5371094 0.5073242
vt 0.5488281 0.5029297
vt 0.45141602 0.5029297
vt 0.46289062 0.5073242
vt 0.44750977 0.47875977
vt 0.46289062 0.4501953
vt 0.45141602 0.45458984
vt 0.5371094 0.43432617
vt 0.52001953 0.4206543
vt 0.5371094 0.4501953
vt 0.5 0.41601562
vt 0.46289062 0.4501953
vt 0.47998047 0.4206543
vt 0.46289062 0.43432617
vt 0.46289062 0.5234375
vt 0.47998047 0.5366211
vt 0.46289062 0.5073242
vt 0.5 0.5415039
vt 0.5371094 0.5073242
vt 0.52001953 0.5366211
vt 0.5371094 0.5234375
vt 0.45141602 0.5029297
vt 0.44750977 0.47875977
vt 0.45141602 0.45458984
vt 0.47998047 0.4206543
vt 0.46289062 0.43432617
vt 0.52001953 0.5366211
vt 0.47998047 0.5366211
vt 0.46289062 0.5234375
vt 0.5 0.5415039
vt 0.5488281 0.45458984
vt 0.52001953 0.4206543
vt 0.5 0.41601562
vt 0.5371094 0.43432617
vt 0.5488281 0.5029297
vt 0.5527344 0.47875977
vt 0.5371094 0.5234375
vt 0.5 0.4375
vt 0.515625 0.4375
vt 0.515625 0.625
vt 0.5 0.625
vt 0.48461914 0.4375
vt 0.48461914 0.625
vt 0.47875977 0.625
vt 0.49731445 0.625
vt 0.49731445 0.4375
vt 0.47875977 0.4375
vt 0.46020508 0.625
vt 0.46020508 0.4375
vt 0.5 0.625
vt 0.515625 0.625
vt 0.515625 0.4375
vt 0.5 0.4375
vt 0.48461914 0.625
vt 0.48461914 0.4375
vt 0.47875977 0.625
vt 0.46020508 0.625
vt 0.46020508 0.4375
vt 0.47875977 0.4375
vt 0.49731445 0.625
vt 0.49731445 0.4375
vt 0.5 0.49902344
vt 0.51904297 0.49902344
vt 0.51904297 0.5209961
vt 0.5 0.5209961
vt 0.4807129 0.49902344
vt 0.4807129 0.5209961
vt 0.47875977 0.5209961
vt 0.5019531 0.5209961
vt 0.5019531 0.49902344
vt 0.47875977 0.49902344
vt 0.45581055 0.5209961
vt 0.45581055 0.49902344
vt 0.5 0.5209961
vt 0.51904297 0.5209961
vt 0.51904297 0.49902344
vt 0.5 0.49902344
vt 0.4807129 0.5209961
vt 0.4807129 0.49902344
vt 0.47875977 0.5209961
vt 0.45581055 0.5209961
vt 0.45581055 0.49902344
vt 0.47875977 0.49902344
vt 0.5019531 0.5209961
vt 0.5019531 0.49902344
vt 0.4807129 0.5019531
vt 0.5 0.51123047
vt 0.51904297 0.5019531
vt 0.5 0.44628906
vt 0.52734375 0.47875977
vt 0.51904297 0.45581055
vt 0.47265625 0.47875977
vt 0.4807129 0.45581055
vt 0.51904297 0.5019531
vt 0.5 0.51123047
vt 0.4807129 0.5019531
vt 0.5 0.44628906
vt 0.52734375 0.47875977
vt 0.51904297 0.45581055
vt 0.47265625 0.47875977
vt 0.4807129 0.45581055
vt 0.4711914 0.39868164
vt 0.5288086 0.39868164
vt 0.5288086 0.4375
vt 0.4711914 0.4375
vt 0.4711914 0.4765625
vt 0.5288086 0.4765625
vt 0.5288086 0.47875977
vt 0.5288086 0.49731445
vt 0.4711914 0.49731445
vt 0.4711914 0.47875977
vt 0.5288086 0.46020508
vt 0.4711914 0.46020508
vt 0.5288086 0.4375
vt 0.5288086 0.39868164
vt 0.4711914 0.39868164
vt 0.4711914 0.4375
vt 0.4711914 0.4765625
vt 0.5288086 0.4765625
vt 0.5288086 0.47875977
vt 0.5288086 0.46020508
vt 0.4711914 0.46020508
vt 0.4711914 0.47875977
vt 0.5288086 0.49731445
vt 0.4711914 0.49731445
vt 0.5371094 0.4609375
vt 0.5541992 0.4609375
vt 0.5541992 0.47192383
vt 0.5371094 0.47192383
vt 0.5541992 0.4855957
vt 0.5371094 0.4855957
vt 0.5541992 0.49658203
vt 0.5371094 0.49658203
vt 0.5541992 0.44018555
vt 0.5371094 0.41259766
vt 0.5541992 0.41259766
vt 0.5371094 0.44018555
vt 0.5541992 0.4675293
vt 0.5371094 0.4675293
vt 0.5541992 0.41259766
vt 0.5371094 0.41259766
vt 0.5371094 0.44018555
vt 0.5541992 0.44018555
vt 0.5371094 0.4675293
vt 0.5541992 0.4675293
vt 0.5371094 0.49658203
vt 0.5541992 0.49658203
vt 0.5541992 0.4855957
vt 0.5371094 0.4855957
vt 0.5371094 0.47192383
vt 0.5541992 0.47192383
vt 0.5541992 0.4609375
vt 0.5371094 0.4609375
vt 0.46289062 0.4609375
vt 0.44580078 0.47192383
vt 0.44580078 0.4609375
vt 0.46289062 0.47192383
vt 0.44580078 0.4855957
vt 0.46289062 0.4855957
vt 0.44580078 0.49658203
vt 0.46289062 0.49658203
vt 0.44580078 0.44018555
vt 0.44580078 0.41259766
vt 0.46289062 0.41259766
vt 0.46289062 0.44018555
vt 0.44580078 0.4675293
vt 0.46289062 0.4675293
vt 0.46289062 0.44018555
vt 0.46289062 0.41259766
vt 0.44580078 0.41259766
vt 0.44580078 0.44018555
vt 0.46289062 0.4675293
vt 0.44580078 0.4675293
vt 0.46289062 0.49658203
vt 0.44580078 0.4855957
vt 0.44580078 0.49658203
vt 0.46289062 0.4855957
vt 0.46289062 0.47192383
vt 0.44580078 0.47192383
vt 0.44580078 0.4609375
vt 0.46289062 0.4609375
vt 0.45458984 0.3330078
vt 0.4753418 0.3330078
vt 0.45458984 0.22290039
vt 0.4753418 0.22290039
vt 0.5 0.3330078
vt 0.5 0.22290039
vt 0.52441406 0.3330078
vt 0.52441406 0.22290039
vt 0.54541016 0.3330078
vt 0.54541016 0.22290039
vt 0.44921875 0.3330078
vt 0.4243164 0.3330078
vt 0.44921875 0.22290039
vt 0.4243164 0.22290039
vt 0.4243164 0.3330078
vt 0.44921875 0.3330078
vt 0.4243164 0.22290039
vt 0.44921875 0.22290039
vt 0.5415039 0.42895508
vt 0.5541992 0.4519043
vt 0.5595703 0.44921875
vt 0.54541016 0.4243164
vt 0.52441406 0.40771484
vt 0.52246094 0.41381836
vt 0.5 0.40844727
vt 0.5 0.40185547
vt 0.4753418 0.40771484
vt 0.47753906 0.41381836
vt 0.45458984 0.4243164
vt 0.4584961 0.42895508
vt 0.44555664 0.4519043
vt 0.44067383 0.44921875
vt 0.5595703 0.3330078
vt 0.5541992 0.3330078
vt 0.5541992 0.22290039
vt 0.5595703 0.22290039
vt 0.44555664 0.3330078
vt 0.44067383 0.3330078
vt 0.44067383 0.22290039
vt 0.44555664 0.22290039
vt 0.5595703 0.44921875
vt 0.5541992 0.4519043
vt 0.5415039 0.42895508
vt 0.54541016 0.4243164
vt 0.52441406 0.40771484
vt 0.52246094 0.41381836
vt 0.5 0.40844727
vt 0.5 0.40185547
vt 0.4753418 0.40771484
vt 0.47753906 0.41381836
vt 0.45458984 0.4243164
vt 0.4584961 0.42895508
vt 0.44555664 0.4519043
vt 0.44067383 0.44921875
vt 0.5415039 0.3330078
vt 0.52246094 0.3330078
vt 0.5415039 0.22290039
vt 0.52246094 0.22290039
vt 0.5 0.3330078
vt 0.5 0.22290039
vt 0.47753906 0.3330078
vt 0.47753906 0.22290039
vt 0.4584961 0.3330078
vt 0.4584961 0.22290039
vt 0.4519043 0.3330078
vt 0.42895508 0.3330078
vt 0.4519043 0.22290039
vt 0.42895508 0.22290039
vt 0.42895508 0.3330078
vt 0.4519043 0.3330078
vt 0.42895508 0.22290039
vt 0.4519043 0.22290039
vt 0.43774414 0.26757812
vt 0.44799805 0.23986816
vt 0.52001953 0.26757812
vt 0.50927734 0.23986816
vt 0.46557617 0.26757812
vt 0.47436523 0.23986816
vt 0.5341797 0.26757812
vt 0.5258789 0.23986816
vt 0.52001953 0.26757812
vt 0.50927734 0.23986816
vt 0.43774414 0.26757812
vt 0.44799805 0.23986816
vt 0.5341797 0.26757812
vt 0.5258789 0.23986816
vt 0.46557617 0.26757812
vt 0.47436523 0.23986816
vt 0.47436523 0.23986816
vt 0.5258789 0.18359375
vt 0.5258789 0.23986816
vt 0.47436523 0.18359375
vt 0.5258789 0.44799805
vt 0.47436523 0.50927734
vt 0.47436523 0.44799805
vt 0.5258789 0.50927734
vt 0.44799805 0.23986816
vt 0.50927734 0.18359375
vt 0.50927734 0.23986816
vt 0.44799805 0.18359375
vt 0.50927734 0.23986816
vt 0.44799805 0.18359375
vt 0.44799805 0.23986816
vt 0.50927734 0.18359375
vt 0.5258789 0.23986816
vt 0.47436523 0.18359375
vt 0.47436523 0.23986816
vt 0.5258789 0.18359375
vt 0.4008789 0.8808594
vt 0.4008789 0.6401367
vt 0.33691406 0.6401367
vt 0.33691406 0.9946289
vt 0.5048828 0.8808594
vt 0.33374023 0.9946289
vt 0.33374023 0.6401367
vt 0.33496094 1
vt 0.5756836 0.9946289
vt 0.5756836 0.8354492
vt 0.5175781 0.8354492
vt 0.578125 0.8354492
vt 0.578125 0.9946289
vt 0.55126953 0.9946289
vt 0.44848633 0.9946289
vt 0.44848633 0.8354492
vt 0.55126953 0.8354492
vt 0.33691406 0.6401367
vt 0.4008789 0.6401367
vt 0.4008789 0.8808594
vt 0.33691406 0.9946289
vt 0.33374023 0.6401367
vt 0.33374023 0.9946289
vt 0.33496094 1
vt 0.5048828 0.8808594
vt 0.5756836 0.9946289
vt 0.5756836 0.8354492
vt 0.5175781 0.8354492
vt 0.578125 0.9946289
vt 0.578125 0.8354492
vt 0.5131836 0.77246094
vt 0.49804688 0.77246094
vt 0.5131836 0.68310547
vt 0.49804688 0.68310547
vt 0.53564453 0.77246094
vt 0.5205078 0.77246094
vt 0.53564453 0.68310547
vt 0.5205078 0.68310547
vt 0.52490234 0.31567383
vt 0.5239258 0.31298828
vt 0.47583008 0.31298828
vt 0.47485352 0.31567383
vt 0.55126953 0.33496094
vt 0.44873047 0.33496094
vt 0.55126953 0.5756836
vt 0.55371094 0.33691406
vt 0.55371094 0.5756836
vt 0.55126953 0.578125
vt 0.44873047 0.5756836
vt 0.44628906 0.33691406
vt 0.44848633 0.578125
vt 0.44628906 0.5756836
vt 0.47485352 1
vt 0.4477539 0.9946289
vt 0.44873047 1
vt 0.47583008 0.9946289
vt 0.4477539 0.6401367
vt 0.47583008 0.6401367
vt 0.5239258 0.6401367
vt 0.5239258 0.9946289
vt 0.5522461 0.6401367
vt 0.5522461 0.9946289
vt 0.52490234 1
vt 0.55126953 1
vt 0.55371094 0.8808594
vt 0.44628906 0.8808594
vt 0.44628906 0.6401367
vt 0.55371094 0.6401367
vt 0.55371094 0.5756836
vt 0.55126953 0.578125
vt 0.44848633 0.578125
vt 0.44628906 0.5756836
vt 0.55371094 0.5175781
vt 0.44628906 0.5175781
vt 0.55371094 0.4008789
vt 0.55371094 0.5048828
vt 0.44628906 0.4008789
vt 0.44628906 0.5048828
vt 0.55371094 0.8808594
vt 0.44628906 0.8354492
vt 0.44628906 0.8808594
vt 0.55371094 0.8354492
vt 0.4477539 0.33374023
vt 0.47583008 0.31298828
vt 0.5239258 0.31298828
vt 0.5522461 0.33374023
vt 0.44628906 0.33691406
vt 0.55371094 0.33691406
vt 0.44628906 0.4008789
vt 0.55371094 0.4008789
vt 0.45507812 0.8808594
vt 0.5449219 0.61816406
vt 0.5449219 0.8808594
vt 0.45507812 0.61816406
vt 0.5605469 0.8808594
vt 0.4008789 0.61816406
vt 0.4008789 0.8808594
vt 0.5605469 0.61816406
vt 0.5371094 0.5649414
vt 0.375 0.5649414
vt 0.29003906 0.61816406
vt 0.4008789 0.62402344
vt 0.29003906 0.62402344
vt 0.29003906 0.5649414
vt 0.28735352 0.61816406
vt 0.28735352 0.5649414
vt 0.54296875 0.61816406
vt 0.54296875 0.5649414
vt 0.4572754 0.5649414
vt 0.4572754 0.61816406
vt 0.54296875 0.62402344
vt 0.4572754 0.62402344
vt 0.4008789 0.8808594
vt 0.5605469 0.61816406
vt 0.5605469 0.8808594
vt 0.4008789 0.61816406
vt 0.5371094 0.5649414
vt 0.375 0.5649414
vt 0.29003906 0.61816406
vt 0.29003906 0.5649414
vt 0.28735352 0.5649414
vt 0.28735352 0.61816406
vt 0.29003906 0.62402344
vt 0.4008789 0.62402344
vt 0.4572754 0.4008789
vt 0.54296875 0.4008789
vt 0.4572754 0.29003906
vt 0.54296875 0.29003906
vt 0.45507812 0.61816406
vt 0.5449219 0.5649414
vt 0.5449219 0.61816406
vt 0.45507812 0.5649414
vt 0.45507812 0.8808594
vt 0.4572754 0.62402344
vt 0.45507812 0.61816406
vt 0.54296875 0.62402344
vt 0.5449219 0.8808594
vt 0.5449219 0.61816406
vt 0.4572754 0.28735352
vt 0.54296875 0.28735352
vt 0.5449219 0.29003906
vt 0.45507812 0.29003906
vt 0.5449219 0.375
vt 0.45507812 0.375
vt 0.5449219 0.5371094
vt 0.45507812 0.5371094
vt 0.29736328 0.5649414
vt 0.42919922 0.5649414
vt 0.40942383 0.52441406
vt 0.29736328 0.52441406
vt 0.29467773 0.5649414
vt 0.29467773 0.52441406
vt 0.54296875 0.5649414
vt 0.4572754 0.52441406
vt 0.4572754 0.5649414
vt 0.54296875 0.52441406
vt 0.29736328 0.5649414
vt 0.40942383 0.52441406
vt 0.42919922 0.5649414
vt 0.29736328 0.52441406
vt 0.29467773 0.52441406
vt 0.29467773 0.5649414
vt 0.4572754 0.29467773
vt 0.54296875 0.29467773
vt 0.5449219 0.29736328
vt 0.45507812 0.29736328
vt 0.5449219 0.40942383
vt 0.45507812 0.40942383
vt 0.45507812 0.40942383
vt 0.5449219 0.40942383
vt 0.5449219 0.42919922
vt 0.45507812 0.42919922
vt 0.45654297 0.6933594
vt 0.46606445 0.6933594
vt 0.46606445 0.6660156
vt 0.45654297 0.6660156
vt 0.46606445 0.75683594
vt 0.46606445 0.7294922
vt 0.45654297 0.75683594
vt 0.45654297 0.7294922
vt 0.46362305 0.1697998
vt 0.46704102 0.1697998
vt 0.46704102 0.2668457
vt 0.46362305 0.2668457
vt 0.46020508 0.1697998
vt 0.46020508 0.2668457
vt 0.1697998 0.5551758
vt 0.1697998 0.5463867
vt 0.2668457 0.5463867
vt 0.2668457 0.5551758
vt 0.1697998 0.5463867
vt 0.2668457 0.5463867
vt 0.46362305 0.5371094
vt 0.46704102 0.5463867
vt 0.46362305 0.5551758
vt 0.46020508 0.5463867
vt 0.24377441 0.55371094
vt 0.2878418 0.55371094
vt 0.2878418 0.5463867
vt 0.24377441 0.5463867
vt 0.24377441 0.5385742
vt 0.2878418 0.5385742
vt 0.4777832 0.24377441
vt 0.48120117 0.24377441
vt 0.48120117 0.2878418
vt 0.4777832 0.2878418
vt 0.24377441 0.5385742
vt 0.2878418 0.5385742
vt 0.2878418 0.5463867
vt 0.24377441 0.5463867
vt 0.24377441 0.55371094
vt 0.2878418 0.55371094
vt 0.47631836 0.28735352
vt 0.48291016 0.28735352
vt 0.48291016 0.29882812
vt 0.47631836 0.29882812
vt 0.48120117 0.24377441
vt 0.4777832 0.2878418
vt 0.48120117 0.2878418
vt 0.4777832 0.24377441
vt 0.29882812 0.5463867
vt 0.29882812 0.53222656
vt 0.28735352 0.53222656
vt 0.28735352 0.5463867
vt 0.28735352 0.5605469
vt 0.29882812 0.5605469
vt 0.48291016 0.29882812
vt 0.48291016 0.28735352
vt 0.47631836 0.29882812
vt 0.47631836 0.28735352
vt 0.28735352 0.5463867
vt 0.28735352 0.53222656
vt 0.29882812 0.53222656
vt 0.29882812 0.5463867
vt 0.28735352 0.5605469
vt 0.29882812 0.5605469
vt 0.47631836 0.5605469
vt 0.48291016 0.5605469
vt 0.48608398 0.5463867
vt 0.47631836 0.53222656
vt 0.48291016 0.53222656
vt 0.47314453 0.5463867
vt 0.5449219 0.27563477
vt 0.5361328 0.3046875
vt 0.5449219 0.3046875
vt 0.5361328 0.27563477
vt 0.52734375 0.3046875
vt 0.52734375 0.27563477
vt 0.3046875 0.87402344
vt 0.27563477 0.8520508
vt 0.27563477 0.87402344
vt 0.3046875 0.8520508
vt 0.27563477 0.8300781
vt 0.3046875 0.8300781
vt 0.5361328 0.27563477
vt 0.5449219 0.27563477
vt 0.5449219 0.3046875
vt 0.5361328 0.3046875
vt 0.52734375 0.27563477
vt 0.52734375 0.3046875
vt 0.27563477 0.8520508
vt 0.27563477 0.8300781
vt 0.3046875 0.8300781
vt 0.3046875 0.8520508
vt 0.27563477 0.87402344
vt 0.3046875 0.87402344
vt 0.5361328 0.27563477
vt 0.5449219 0.27563477
vt 0.54296875 0.27978516
vt 0.5361328 0.27978516
vt 0.5292969 0.27978516
vt 0.52734375 0.27563477
vt 0.27563477 0.8520508
vt 0.27978516 0.8696289
vt 0.27563477 0.87402344
vt 0.27978516 0.8520508
vt 0.27978516 0.83496094
vt 0.27563477 0.8300781
vt 0.54296875 0.27978516
vt 0.5449219 0.27563477
vt 0.5361328 0.27563477
vt 0.5361328 0.27978516
vt 0.5292969 0.27978516
vt 0.52734375 0.27563477
vt 0.27563477 0.8520508
vt 0.27978516 0.83496094
vt 0.27563477 0.8300781
vt 0.27978516 0.8520508
vt 0.27978516 0.8696289
vt 0.27563477 0.87402344
vt 0.54248047 0.3046875
vt 0.5361328 0.34545898
vt 0.54248047 0.34545898
vt 0.5361328 0.3046875
vt 0.52978516 0.34545898
vt 0.52978516 0.3046875
vt 0.34545898 0.86865234
vt 0.3046875 0.8520508
vt 0.3046875 0.86865234
vt 0.34545898 0.8520508
vt 0.3046875 0.8359375
vt 0.34545898 0.8359375
vt 0.5361328 0.3046875
vt 0.54248047 0.3046875
vt 0.54248047 0.34545898
vt 0.5361328 0.34545898
vt 0.52978516 0.3046875
vt 0.52978516 0.34545898
vt 0.3046875 0.8520508
vt 0.3046875 0.8359375
vt 0.34545898 0.8359375
vt 0.34545898 0.8520508
vt 0.3046875 0.86865234
vt 0.34545898 0.86865234
vt 0.5361328 0.82128906
vt 0.5449219 0.8300781
vt 0.52734375 0.8300781
vt 0.5449219 0.87402344
vt 0.54833984 0.8520508
vt 0.52734375 0.87402344
vt 0.5239258 0.8520508
vt 0.5361328 0.8833008
vt 0.5449219 0.27124023
vt 0.5361328 0.34545898
vt 0.5449219 0.34545898
vt 0.5361328 0.27124023
vt 0.52734375 0.34545898
vt 0.52734375 0.27124023
vt 0.34545898 0.96728516
vt 0.27124023 0.9453125
vt 0.27124023 0.96728516
vt 0.34545898 0.9453125
vt 0.27124023 0.92333984
vt 0.34545898 0.92333984
vt 0.5361328 0.27124023
vt 0.5449219 0.27124023
vt 0.5449219 0.34545898
vt 0.5361328 0.34545898
vt 0.52734375 0.27124023
vt 0.52734375 0.34545898
vt 0.27124023 0.9453125
vt 0.27124023 0.92333984
vt 0.34545898 0.92333984
vt 0.34545898 0.9453125
vt 0.27124023 0.96728516
vt 0.34545898 0.96728516
vt 0.27783203 0.8984375
vt 0.35009766 0.8984375
vt 0.35009766 0.890625
vt 0.27783203 0.890625
vt 0.27783203 0.8833008
vt 0.35009766 0.8833008
vt 0.5136719 0.27783203
vt 0.51708984 0.27783203
vt 0.51708984 0.35009766
vt 0.5136719 0.35009766
vt 0.27783203 0.890625
vt 0.27783203 0.8833008
vt 0.35009766 0.8833008
vt 0.35009766 0.890625
vt 0.27783203 0.8984375
vt 0.35009766 0.8984375
vt 0.51708984 0.27783203
vt 0.5136719 0.35009766
vt 0.51708984 0.35009766
vt 0.5136719 0.27783203
vt 0.5136719 0.8833008
vt 0.51904297 0.890625
vt 0.51708984 0.8833008
vt 0.5136719 0.8984375
vt 0.51220703 0.890625
vt 0.51708984 0.8984375
vt 0.59228516 0.8647461
vt 0.5449219 0.8647461
vt 0.5449219 0.7001953
vt 0.59228516 0.7001953
vt 0.5449219 0.8647461
vt 0.59228516 0.8647461
vt 0.59228516 0.7001953
vt 0.5449219 0.7001953
vt 0.59228516 0.42089844
vt 0.5449219 0.4885254
vt 0.5449219 0.42089844
vt 0.59228516 0.4885254
vt 0.5449219 0.4885254
vt 0.59228516 0.4885254
vt 0.5449219 0.42089844
vt 0.59228516 0.42089844
vt 0.6152344 0.62353516
vt 0.6088867 0.5986328
vt 0.6152344 0.5986328
vt 0.6088867 0.62353516
vt 0.6020508 0.5986328
vt 0.6020508 0.62353516
vt 0.62353516 0.79052734
vt 0.5986328 0.77197266
vt 0.5986328 0.79052734
vt 0.62353516 0.77197266
vt 0.6088867 0.62353516
vt 0.6152344 0.62353516
vt 0.6152344 0.5986328
vt 0.6088867 0.5986328
vt 0.6020508 0.62353516
vt 0.6020508 0.5986328
vt 0.5986328 0.79052734
vt 0.62353516 0.77197266
vt 0.62353516 0.79052734
vt 0.5986328 0.77197266
vt 0.6152344 0.79052734
vt 0.6088867 0.76220703
vt 0.6152344 0.77197266
vt 0.6020508 0.79052734
vt 0.6020508 0.77197266
vt 0.6088867 0.80029297
vt 0.6040039 0.6279297
vt 0.6020508 0.63671875
vt 0.6113281 0.63916016
vt 0.61328125 0.62890625
vt 0.61376953 0.6147461
vt 0.6044922 0.6147461
vt 0.60498047 0.69873047
vt 0.6113281 0.7661133
vt 0.6020508 0.7685547
vt 0.5957031 0.7036133
vt 0.5864258 0.6147461
vt 0.59521484 0.6074219
vt 0.57470703 0.52978516
vt 0.5830078 0.51953125
vt 0.58154297 0.52734375
vt 0.5932617 0.61083984
vt 0.5708008 0.46826172
vt 0.56396484 0.47045898
vt 0.5703125 0.45263672
vt 0.5571289 0.45629883
vt 0.5605469 0.43530273
vt 0.5571289 0.4633789
vt 0.56396484 0.45410156
vt 0.5498047 0.4465332
vt 0.54296875 0.4897461
vt 0.5522461 0.4975586
vt 0.5361328 0.56152344
vt 0.54541016 0.5673828
vt 0.52978516 0.640625
vt 0.5395508 0.6455078
vt 0.5253906 0.70214844
vt 0.5341797 0.7109375
vt 0.5253906 0.72753906
vt 0.53222656 0.7426758
vt 0.5258789 0.7163086
vt 0.5332031 0.6489258
vt 0.56396484 0.61376953
vt 0.5571289 0.6064453
vt 0.55078125 0.61572266
vt 0.5571289 0.6225586
vt 0.56396484 0.62939453
vt 0.5708008 0.62109375
vt 0.5932617 0.5673828
vt 0.5864258 0.6455078
vt 0.5957031 0.6489258
vt 0.60253906 0.5678711
vt 0.6010742 0.4975586
vt 0.61083984 0.4987793
vt 0.6064453 0.4633789
vt 0.61572266 0.46533203
vt 0.5854492 0.640625
vt 0.59228516 0.56152344
vt 0.60058594 0.4897461
vt 0.60839844 0.4465332
vt 0.6225586 0.45629883
vt 0.6196289 0.43530273
vt 0.57373047 0.70214844
vt 0.58251953 0.7163086
vt 0.5698242 0.74365234
vt 0.5629883 0.72753906
vt 0.55078125 0.75878906
vt 0.55078125 0.73779297
vt 0.56689453 0.7426758
vt 0.55078125 0.75878906
vt 0.61376953 0.45410156
vt 0.62109375 0.46826172
vt 0.6303711 0.45263672
vt 0.64160156 0.51953125
vt 0.6303711 0.52734375
vt 0.6489258 0.6074219
vt 0.6376953 0.61083984
vt 0.6484375 0.69873047
vt 0.63720703 0.69628906
vt 0.6464844 0.6147461
vt 0.6455078 0.7036133
vt 0.6303711 0.7529297
vt 0.63916016 0.7661133
vt 0.6245117 0.7680664
vt 0.63671875 0.7685547
vt 0.62890625 0.78564453
vt 0.6279297 0.7866211
vt 0.6147461 0.7910156
vt 0.6147461 0.7910156
vt 0.6147461 0.76904297
vt 0.53222656 0.56689453
vt 0.53125 0.55078125
vt 0.5214844 0.55078125
vt 0.5229492 0.5698242
vt 0.5258789 0.58251953
vt 0.5341797 0.57666016
vt 0.5703125 0.7104492
vt 0.55078125 0.73095703
vt 0.55078125 0.7089844
vt 0.5629883 0.69384766
vt 0.5878906 0.6411133
vt 0.56933594 0.7109375
vt 0.55078125 0.73095703
vt 0.58691406 0.64160156
vt 0.578125 0.6303711
vt 0.5957031 0.5644531
vt 0.5966797 0.5625
vt 0.5864258 0.5605469
vt 0.5961914 0.5083008
vt 0.58691406 0.5102539
vt 0.59765625 0.5053711
vt 0.58447266 0.45776367
vt 0.5864258 0.45385742
vt 0.57666016 0.4650879
vt 0.5673828 0.41674805
vt 0.5678711 0.41259766
vt 0.56103516 0.43017578
vt 0.5371094 0.37280273
vt 0.53759766 0.3684082
vt 0.53222656 0.3894043
vt 0.51464844 0.34985352
vt 0.5107422 0.36694336
vt 0.5151367 0.34521484
vt 0.5102539 0.56933594
vt 0.5102539 0.55078125
vt 0.50097656 0.55078125
vt 0.5004883 0.5703125
vt 0.5024414 0.6411133
vt 0.5102539 0.7109375
vt 0.5004883 0.7104492
vt 0.51171875 0.64160156
vt 0.50439453 0.5625
vt 0.5136719 0.5644531
vt 0.515625 0.5083008
vt 0.5058594 0.5053711
vt 0.51708984 0.45776367
vt 0.5078125 0.45385742
vt 0.51904297 0.41674805
vt 0.50927734 0.41259766
vt 0.51904297 0.5673828
vt 0.50927734 0.5678711
vt 0.51171875 0.53759766
vt 0.5209961 0.5371094
vt 0.5126953 0.5151367
vt 0.52197266 0.51464844
vt 0.5053711 0.67089844
vt 0.5083008 0.7319336
vt 0.49902344 0.73291016
vt 0.49560547 0.6738281
vt 0.49121094 0.58984375
vt 0.5004883 0.5854492
vt 0.48706055 0.5102539
vt 0.4963379 0.5048828
vt 0.48291016 0.43652344
vt 0.4921875 0.43115234
vt 0.4814453 0.37963867
vt 0.49072266 0.37475586
vt 0.56884766 0.75
vt 0.55078125 0.75927734
vt 0.55078125 0.73779297
vt 0.56640625 0.7290039
vt 0.57958984 0.73291016
vt 0.56933594 0.75
vt 0.55078125 0.75927734
vt 0.5805664 0.7319336
vt 0.5727539 0.7167969
vt 0.5917969 0.6738281
vt 0.5932617 0.67089844
vt 0.58251953 0.66845703
vt 0.59033203 0.58984375
vt 0.5810547 0.5908203
vt 0.5917969 0.5854492
vt 0.57910156 0.5102539
vt 0.5708008 0.5151367
vt 0.5810547 0.5048828
vt 0.5595703 0.43652344
vt 0.5522461 0.44628906
vt 0.56103516 0.43115234
vt 0.53271484 0.37963867
vt 0.52783203 0.3942871
vt 0.53466797 0.37475586
vt 0.5097656 0.3544922
vt 0.51171875 0.34960938
vt 0.50683594 0.3713379
vt 0.4921875 0.51171875
vt 0.49072266 0.53466797
vt 0.4814453 0.53271484
vt 0.48291016 0.5097656
vt 0.5083008 0.5805664
vt 0.49975586 0.56884766
vt 0.49902344 0.57958984
vt 0.50927734 0.56933594
vt 0.5004883 0.55078125
vt 0.5102539 0.55078125
vt 0.30932617 0.90625
vt 0.2919922 0.88916016
vt 0.2919922 0.90625
vt 0.30932617 0.88916016
vt 0.6123047 0.2919922
vt 0.60498047 0.30932617
vt 0.6123047 0.30932617
vt 0.60498047 0.2919922
vt 0.62353516 0.89990234
vt 0.6123047 0.88916016
vt 0.6123047 0.90625
vt 0.62353516 0.83447266
vt 0.59375 0.83447266
vt 0.60498047 0.88916016
vt 0.59375 0.89990234
vt 0.60498047 0.90625
vt 0.60498047 0.30932617
vt 0.59375 0.2919922
vt 0.59375 0.30932617
vt 0.60498047 0.2919922
vt 0.62353516 0.30932617
vt 0.6123047 0.2919922
vt 0.6123047 0.30932617
vt 0.62353516 0.2919922
vt 0.2919922 0.89990234
vt 0.30932617 0.89990234
vt 0.2919922 0.83447266
vt 0.30932617 0.83447266
vt 0.59375 0.89990234
vt 0.60498047 0.88916016
vt 0.60498047 0.90625
vt 0.59375 0.83447266
vt 0.62353516 0.83447266
vt 0.6123047 0.88916016
vt 0.62353516 0.89990234
vt 0.6123047 0.90625
vt 0.2919922 0.90625
vt 0.30932617 0.88916016
vt 0.30932617 0.90625
vt 0.2919922 0.88916016
vt 0.30932617 0.89990234
vt 0.2919922 0.89990234
vt 0.30932617 0.83447266
vt 0.2919922 0.83447266
vt 0.6298828 0.39624023
vt 0.6298828 0.38720703
vt 0.6201172 0.38720703
vt 0.6201172 0.39624023
vt 0.6088867 0.38720703
vt 0.6088867 0.39624023
vt 0.59716797 0.38720703
vt 0.59716797 0.39624023
vt 0.58740234 0.38720703
vt 0.58740234 0.39624023
vt 0.39624023 0.83496094
vt 0.39624023 0.8105469
vt 0.38720703 0.83496094
vt 0.38720703 0.8105469
vt 0.39624023 0.7817383
vt 0.38720703 0.7817383
vt 0.39624023 0.7529297
vt 0.38720703 0.7529297
vt 0.39624023 0.7290039
vt 0.38720703 0.7290039
vt 0.38720703 0.7290039
vt 0.39624023 0.7290039
vt 0.39624023 0.7529297
vt 0.38720703 0.7529297
vt 0.39624023 0.7817383
vt 0.38720703 0.7817383
vt 0.39624023 0.8105469
vt 0.38720703 0.8105469
vt 0.39624023 0.83496094
vt 0.38720703 0.83496094
vt 0.6298828 0.38720703
vt 0.6298828 0.39624023
vt 0.6201172 0.39624023
vt 0.6201172 0.38720703
vt 0.6088867 0.39624023
vt 0.6088867 0.38720703
vt 0.59716797 0.39624023
vt 0.59716797 0.38720703
vt 0.58740234 0.39624023
vt 0.58740234 0.38720703
vt 0.41748047 0.73779297
vt 0.41748047 0.7001953
vt 0.39990234 0.73779297
vt 0.39990234 0.7001953
vt 0.5761719 0.39990234
vt 0.5913086 0.39990234
vt 0.5761719 0.41748047
vt 0.5913086 0.41748047
vt 0.6538086 0.4790039
vt 0.6513672 0.49047852
vt 0.6586914 0.49047852
vt 0.64746094 0.4790039
vt 0.41748047 0.86376953
vt 0.39990234 0.86376953
vt 0.39990234 0.8261719
vt 0.41748047 0.8261719
vt 0.39990234 0.7817383
vt 0.41748047 0.7817383
vt 0.39990234 0.73779297
vt 0.41748047 0.73779297
vt 0.39990234 0.7001953
vt 0.41748047 0.7001953
vt 0.42895508 0.8754883
vt 0.41748047 0.8881836
vt 0.41748047 0.86376953
vt 0.42895508 0.8564453
vt 0.6586914 0.5078125
vt 0.6513672 0.49047852
vt 0.6586914 0.49047852
vt 0.6513672 0.5078125
vt 0.41748047 0.86376953
vt 0.41748047 0.8261719
vt 0.39990234 0.86376953
vt 0.39990234 0.8261719
vt 0.62646484 0.39990234
vt 0.6411133 0.39990234
vt 0.62646484 0.41748047
vt 0.6411133 0.41748047
vt 0.39990234 0.8881836
vt 0.41748047 0.86376953
vt 0.41748047 0.8881836
vt 0.39990234 0.86376953
vt 0.5761719 0.41748047
vt 0.5913086 0.41748047
vt 0.5786133 0.42895508
vt 0.59228516 0.42895508
vt 0.42895508 0.8564453
vt 0.41748047 0.86376953
vt 0.41748047 0.8261719
vt 0.42895508 0.82177734
vt 0.41748047 0.7817383
vt 0.42895508 0.78125
vt 0.42895508 0.7402344
vt 0.41748047 0.73779297
vt 0.42895508 0.7060547
vt 0.41748047 0.7001953
vt 0.6513672 0.49047852
vt 0.64746094 0.4790039
vt 0.6538086 0.4790039
vt 0.6586914 0.49047852
vt 0.42895508 0.8564453
vt 0.42895508 0.82177734
vt 0.41748047 0.8261719
vt 0.41748047 0.86376953
vt 0.39990234 0.6748047
vt 0.41748047 0.65625
vt 0.41748047 0.6748047
vt 0.39990234 0.65625
vt 0.62646484 0.41748047
vt 0.6411133 0.41748047
vt 0.6386719 0.42895508
vt 0.625 0.42895508
vt 0.42895508 0.8754883
vt 0.4790039 0.8564453
vt 0.4790039 0.8754883
vt 0.42895508 0.8564453
vt 0.42895508 0.7402344
vt 0.42895508 0.7060547
vt 0.41748047 0.73779297
vt 0.41748047 0.7001953
vt 0.49047852 0.65527344
vt 0.4790039 0.66748047
vt 0.49047852 0.6738281
vt 0.4790039 0.68310547
vt 0.4790039 0.8754883
vt 0.49047852 0.8876953
vt 0.49047852 0.86328125
vt 0.4790039 0.8564453
vt 0.42895508 0.68310547
vt 0.4790039 0.66748047
vt 0.4790039 0.68310547
vt 0.42895508 0.66748047
vt 0.42895508 0.7060547
vt 0.42895508 0.7402344
vt 0.4790039 0.7060547
vt 0.4790039 0.7402344
vt 0.6508789 0.41748047
vt 0.64746094 0.42895508
vt 0.6538086 0.42895508
vt 0.6582031 0.41748047
vt 0.5786133 0.42895508
vt 0.59228516 0.42895508
vt 0.5786133 0.4790039
vt 0.59228516 0.4790039
vt 0.5078125 0.8876953
vt 0.49047852 0.86328125
vt 0.49047852 0.8876953
vt 0.5078125 0.86328125
vt 0.4790039 0.8564453
vt 0.42895508 0.8564453
vt 0.42895508 0.82177734
vt 0.4790039 0.82177734
vt 0.42895508 0.78125
vt 0.4790039 0.78125
vt 0.42895508 0.7402344
vt 0.4790039 0.7402344
vt 0.42895508 0.7060547
vt 0.4790039 0.7060547
vt 0.5078125 0.6738281
vt 0.49047852 0.65527344
vt 0.49047852 0.6738281
vt 0.5078125 0.65527344
vt 0.42895508 0.82177734
vt 0.42895508 0.8564453
vt 0.4790039 0.82177734
vt 0.4790039 0.8564453
vt 0.41748047 0.8881836
vt 0.39990234 0.86376953
vt 0.39990234 0.8881836
vt 0.41748047 0.86376953
vt 0.49047852 0.86328125
vt 0.49047852 0.8256836
vt 0.4790039 0.8564453
vt 0.4790039 0.82177734
vt 0.4790039 0.7060547
vt 0.49047852 0.69921875
vt 0.49047852 0.7368164
vt 0.4790039 0.7402344
vt 0.49047852 0.78125
vt 0.4790039 0.78125
vt 0.4790039 0.82177734
vt 0.49047852 0.8256836
vt 0.4790039 0.8564453
vt 0.49047852 0.86328125
vt 0.625 0.4790039
vt 0.6386719 0.4790039
vt 0.62646484 0.49047852
vt 0.6411133 0.49047852
vt 0.49047852 0.8876953
vt 0.5078125 0.86328125
vt 0.5078125 0.8876953
vt 0.49047852 0.86328125
vt 0.41748047 0.65625
vt 0.42895508 0.66748047
vt 0.41748047 0.6748047
vt 0.42895508 0.68310547
vt 0.625 0.42895508
vt 0.6386719 0.42895508
vt 0.625 0.4790039
vt 0.6386719 0.4790039
vt 0.49047852 0.7368164
vt 0.49047852 0.69921875
vt 0.4790039 0.7060547
vt 0.4790039 0.7402344
vt 0.5786133 0.4790039
vt 0.59228516 0.4790039
vt 0.5908203 0.49047852
vt 0.5761719 0.49047852
vt 0.6538086 0.42895508
vt 0.6508789 0.41748047
vt 0.6582031 0.41748047
vt 0.64746094 0.42895508
vt 0.6582031 0.41748047
vt 0.6508789 0.39990234
vt 0.6582031 0.39990234
vt 0.6508789 0.41748047
vt 0.4790039 0.8754883
vt 0.42895508 0.8564453
vt 0.42895508 0.8754883
vt 0.4790039 0.8564453
vt 0.5078125 0.86328125
vt 0.49047852 0.86328125
vt 0.49047852 0.8256836
vt 0.5078125 0.8256836
vt 0.49047852 0.78125
vt 0.5078125 0.78125
vt 0.49047852 0.7368164
vt 0.5078125 0.7368164
vt 0.49047852 0.69921875
vt 0.5078125 0.69921875
vt 0.42895508 0.8754883
vt 0.41748047 0.86376953
vt 0.41748047 0.8881836
vt 0.42895508 0.8564453
vt 0.5078125 0.86328125
vt 0.5078125 0.8256836
vt 0.49047852 0.86328125
vt 0.49047852 0.8256836
vt 0.39990234 0.65625
vt 0.39990234 0.6748047
vt 0.41748047 0.6748047
vt 0.41748047 0.65625
vt 0.62646484 0.49047852
vt 0.6411133 0.49047852
vt 0.62646484 0.5078125
vt 0.6411133 0.5078125
vt 0.6538086 0.4790039
vt 0.64746094 0.42895508
vt 0.6538086 0.42895508
vt 0.64746094 0.4790039
vt 0.4790039 0.8754883
vt 0.49047852 0.86328125
vt 0.49047852 0.8876953
vt 0.4790039 0.8564453
vt 0.5078125 0.7368164
vt 0.5078125 0.69921875
vt 0.49047852 0.7368164
vt 0.49047852 0.69921875
vt 0.5761719 0.5078125
vt 0.5761719 0.49047852
vt 0.5908203 0.49047852
vt 0.5908203 0.5078125
vt 0.59521484 0.52197266
vt 0.5839844 0.5078125
vt 0.5839844 0.52197266
vt 0.59521484 0.5078125
vt 0.6088867 0.52197266
vt 0.6088867 0.5078125
vt 0.6220703 0.52197266
vt 0.6220703 0.5078125
vt 0.6333008 0.52197266
vt 0.6333008 0.5078125
vt 0.5078125 0.7475586
vt 0.52197266 0.7192383
vt 0.5078125 0.7192383
vt 0.52197266 0.7475586
vt 0.5078125 0.78125
vt 0.52197266 0.78125
vt 0.5078125 0.8144531
vt 0.52197266 0.8144531
vt 0.5078125 0.84277344
vt 0.52197266 0.84277344
vt 0.5839844 0.5078125
vt 0.59521484 0.5078125
vt 0.5839844 0.52197266
vt 0.59521484 0.52197266
vt 0.6088867 0.5078125
vt 0.6088867 0.52197266
vt 0.6220703 0.5078125
vt 0.6220703 0.52197266
vt 0.6333008 0.5078125
vt 0.6333008 0.52197266
vt 0.52197266 0.84277344
vt 0.5078125 0.84277344
vt 0.5078125 0.8144531
vt 0.52197266 0.8144531
vt 0.5078125 0.78125
vt 0.52197266 0.78125
vt 0.5078125 0.7475586
vt 0.52197266 0.7475586
vt 0.5078125 0.7192383
vt 0.52197266 0.7192383
vt 0.41748047 0.8261719
vt 0.41748047 0.7817383
vt 0.39990234 0.8261719
vt 0.39990234 0.7817383
vt 0.41748047 0.73779297
vt 0.39990234 0.73779297
vt 0.41748047 0.7817383
vt 0.41748047 0.8261719
vt 0.42895508 0.82177734
vt 0.42895508 0.78125
vt 0.42895508 0.7402344
vt 0.41748047 0.73779297
vt 0.4790039 0.68310547
vt 0.42895508 0.66748047
vt 0.42895508 0.68310547
vt 0.4790039 0.66748047
vt 0.4790039 0.82177734
vt 0.4790039 0.78125
vt 0.42895508 0.82177734
vt 0.42895508 0.78125
vt 0.4790039 0.7402344
vt 0.42895508 0.7402344
vt 0.49047852 0.78125
vt 0.4790039 0.82177734
vt 0.49047852 0.8256836
vt 0.4790039 0.78125
vt 0.4790039 0.7402344
vt 0.49047852 0.7368164
vt 0.5078125 0.8256836
vt 0.5078125 0.78125
vt 0.49047852 0.8256836
vt 0.49047852 0.78125
vt 0.5078125 0.7368164
vt 0.49047852 0.7368164
vt 0.6586914 0.49047852
vt 0.6513672 0.5078125
vt 0.6586914 0.5078125
vt 0.6513672 0.49047852
vt 0.6582031 0.39990234
vt 0.6508789 0.41748047
vt 0.6582031 0.41748047
vt 0.6508789 0.39990234
vt 0.5913086 0.41748047
vt 0.5761719 0.39990234
vt 0.5761719 0.41748047
vt 0.5913086 0.39990234
vt 0.6088867 0.41748047
vt 0.6088867 0.39990234
vt 0.62646484 0.41748047
vt 0.62646484 0.39990234
vt 0.6411133 0.41748047
vt 0.6411133 0.39990234
vt 0.62646484 0.41748047
vt 0.6386719 0.42895508
vt 0.6411133 0.41748047
vt 0.625 0.42895508
vt 0.6088867 0.41748047
vt 0.6088867 0.42895508
vt 0.59228516 0.42895508
vt 0.5913086 0.41748047
vt 0.5786133 0.42895508
vt 0.5761719 0.41748047
vt 0.6538086 0.42895508
vt 0.64746094 0.4790039
vt 0.6538086 0.4790039
vt 0.64746094 0.42895508
vt 0.5786133 0.4790039
vt 0.59228516 0.4790039
vt 0.5786133 0.42895508
vt 0.59228516 0.42895508
vt 0.6088867 0.4790039
vt 0.6088867 0.42895508
vt 0.625 0.4790039
vt 0.625 0.42895508
vt 0.6386719 0.4790039
vt 0.6386719 0.42895508
vt 0.5908203 0.49047852
vt 0.5786133 0.4790039
vt 0.5761719 0.49047852
vt 0.59228516 0.4790039
vt 0.6088867 0.49047852
vt 0.6088867 0.4790039
vt 0.625 0.4790039
vt 0.62646484 0.49047852
vt 0.6386719 0.4790039
vt 0.6411133 0.49047852
vt 0.6411133 0.5078125
vt 0.6411133 0.49047852
vt 0.62646484 0.49047852
vt 0.62646484 0.5078125
vt 0.6088867 0.49047852
vt 0.6088867 0.5078125
vt 0.5908203 0.49047852
vt 0.5908203 0.5078125
vt 0.5761719 0.49047852
vt 0.5761719 0.5078125
vt 0.5913086 0.39990234
vt 0.6088867 0.39990234
vt 0.5913086 0.41748047
vt 0.6088867 0.41748047
vt 0.62646484 0.39990234
vt 0.62646484 0.41748047
vt 0.59228516 0.42895508
vt 0.5913086 0.41748047
vt 0.6088867 0.41748047
vt 0.6088867 0.42895508
vt 0.625 0.42895508
vt 0.62646484 0.41748047
vt 0.625 0.42895508
vt 0.625 0.4790039
vt 0.6088867 0.4790039
vt 0.6088867 0.42895508
vt 0.59228516 0.4790039
vt 0.59228516 0.42895508
vt 0.6088867 0.49047852
vt 0.5908203 0.49047852
vt 0.59228516 0.4790039
vt 0.6088867 0.4790039
vt 0.625 0.4790039
vt 0.62646484 0.49047852
vt 0.5908203 0.49047852
vt 0.6088867 0.49047852
vt 0.5908203 0.5078125
vt 0.6088867 0.5078125
vt 0.62646484 0.49047852
vt 0.62646484 0.5078125
vt 0.41748047 0.6748047
vt 0.42895508 0.68310547
vt 0.42895508 0.66748047
vt 0.41748047 0.65625
vt 0.49047852 0.6738281
vt 0.4790039 0.68310547
vt 0.4790039 0.66748047
vt 0.49047852 0.65527344
vt 0.49047852 0.6738281
vt 0.5078125 0.65527344
vt 0.5078125 0.6738281
vt 0.49047852 0.65527344
vt 0.5366211 0.8071289
vt 0.5366211 0.78125
vt 0.52197266 0.8071289
vt 0.52197266 0.78125
vt 0.5366211 0.7553711
vt 0.52197266 0.7553711
vt 0.52197266 0.7553711
vt 0.5366211 0.7553711
vt 0.5366211 0.78125
vt 0.52197266 0.78125
vt 0.52197266 0.8071289
vt 0.5366211 0.8071289
vt 0.6191406 0.52197266
vt 0.6191406 0.5366211
vt 0.6088867 0.5366211
vt 0.6088867 0.52197266
vt 0.5986328 0.5366211
vt 0.5986328 0.52197266
vt 0.6088867 0.5366211
vt 0.6191406 0.5366211
vt 0.6191406 0.52197266
vt 0.6088867 0.52197266
vt 0.5986328 0.52197266
vt 0.5986328 0.5366211
vt 0.5913086 0.58154297
vt 0.5991211 0.58154297
vt 0.5913086 0.5366211
vt 0.5991211 0.5366211
vt 0.6088867 0.58154297
vt 0.6088867 0.5366211
vt 0.61816406 0.58154297
vt 0.61816406 0.5366211
vt 0.62597656 0.58154297
vt 0.62597656 0.5366211
vt 0.5366211 0.7373047
vt 0.5366211 0.7573242
vt 0.58154297 0.7373047
vt 0.58154297 0.7573242
vt 0.5366211 0.78125
vt 0.58154297 0.78125
vt 0.5366211 0.8051758
vt 0.58154297 0.8051758
vt 0.5366211 0.8251953
vt 0.58154297 0.8251953
vt 0.5913086 0.5366211
vt 0.5991211 0.5366211
vt 0.5913086 0.58154297
vt 0.5991211 0.58154297
vt 0.6088867 0.5366211
vt 0.6088867 0.58154297
vt 0.61816406 0.5366211
vt 0.61816406 0.58154297
vt 0.62597656 0.5366211
vt 0.62597656 0.58154297
vt 0.58154297 0.8251953
vt 0.5366211 0.8251953
vt 0.5366211 0.8051758
vt 0.58154297 0.8051758
vt 0.5366211 0.78125
vt 0.58154297 0.78125
vt 0.5366211 0.7573242
vt 0.58154297 0.7573242
vt 0.5366211 0.7373047
vt 0.58154297 0.7373047
vt 0.61816406 0.58154297
vt 0.62597656 0.58154297
vt 0.6220703 0.5986328
vt 0.61621094 0.5986328
vt 0.6088867 0.58154297
vt 0.6088867 0.5986328
vt 0.6015625 0.5986328
vt 0.5991211 0.58154297
vt 0.59521484 0.5986328
vt 0.5913086 0.58154297
vt 0.58154297 0.7573242
vt 0.58154297 0.7373047
vt 0.5986328 0.7470703
vt 0.5986328 0.7626953
vt 0.58154297 0.78125
vt 0.5986328 0.78125
vt 0.5986328 0.7998047
vt 0.58154297 0.8051758
vt 0.5986328 0.8154297
vt 0.58154297 0.8251953
vt 0.58154297 0.8051758
vt 0.58154297 0.8251953
vt 0.5986328 0.8154297
vt 0.5986328 0.7998047
vt 0.58154297 0.78125
vt 0.5986328 0.78125
vt 0.5986328 0.7626953
vt 0.58154297 0.7573242
vt 0.5986328 0.7470703
vt 0.58154297 0.7373047
vt 0.61816406 0.58154297
vt 0.6220703 0.5986328
vt 0.62597656 0.58154297
vt 0.61621094 0.5986328
vt 0.6088867 0.58154297
vt 0.6088867 0.5986328
vt 0.6015625 0.5986328
vt 0.5991211 0.58154297
vt 0.59521484 0.5986328
vt 0.5913086 0.58154297
vt 0.59521484 0.7470703
vt 0.6015625 0.7363281
vt 0.6088867 0.73291016
vt 0.5908203 0.7626953
vt 0.6088867 0.82958984
vt 0.6220703 0.7470703
vt 0.61621094 0.7363281
vt 0.59521484 0.8154297
vt 0.6015625 0.8256836
vt 0.5908203 0.7998047
vt 0.58935547 0.78125
vt 0.6220703 0.8154297
vt 0.61621094 0.8256836
vt 0.6279297 0.78125
vt 0.62646484 0.7626953
vt 0.62646484 0.7998047
vt 0.28051758 0.7548828
vt 0.29248047 0.7319336
vt 0.28051758 0.7319336
vt 0.29248047 0.7548828
vt 0.28051758 0.7817383
vt 0.29248047 0.7817383
vt 0.28051758 0.80908203
vt 0.29248047 0.80908203
vt 0.28051758 0.83154297
vt 0.29248047 0.83154297
vt 0.5888672 0.29248047
vt 0.5888672 0.28051758
vt 0.59814453 0.28051758
vt 0.59814453 0.29248047
vt 0.6088867 0.28051758
vt 0.6088867 0.29248047
vt 0.6191406 0.28051758
vt 0.6191406 0.29248047
vt 0.62841797 0.28051758
vt 0.62841797 0.29248047
vt 0.29248047 0.83154297
vt 0.28051758 0.83154297
vt 0.28051758 0.80908203
vt 0.29248047 0.80908203
vt 0.28051758 0.7817383
vt 0.29248047 0.7817383
vt 0.28051758 0.7548828
vt 0.29248047 0.7548828
vt 0.28051758 0.7319336
vt 0.29248047 0.7319336
vt 0.62841797 0.29248047
vt 0.62841797 0.28051758
vt 0.6191406 0.28051758
vt 0.6191406 0.29248047
vt 0.6088867 0.28051758
vt 0.6088867 0.29248047
vt 0.59814453 0.28051758
vt 0.59814453 0.29248047
vt 0.5888672 0.28051758
vt 0.5888672 0.29248047
vt 0.6386719 0.29248047
vt 0.6386719 0.3088379
vt 0.625 0.3088379
vt 0.625 0.29248047
vt 0.6088867 0.3088379
vt 0.6088867 0.29248047
vt 0.59228516 0.3088379
vt 0.59228516 0.29248047
vt 0.5786133 0.3088379
vt 0.5786133 0.29248047
vt 0.59228516 0.3088379
vt 0.5786133 0.29248047
vt 0.5786133 0.3088379
vt 0.59228516 0.29248047
vt 0.6088867 0.3088379
vt 0.6088867 0.29248047
vt 0.625 0.3088379
vt 0.625 0.29248047
vt 0.6386719 0.3088379
vt 0.6386719 0.29248047
vt 0.29248047 0.74072266
vt 0.3088379 0.7060547
vt 0.29248047 0.7060547
vt 0.3088379 0.74072266
vt 0.29248047 0.7817383
vt 0.3088379 0.7817383
vt 0.29248047 0.8227539
vt 0.3088379 0.8227539
vt 0.29248047 0.8574219
vt 0.3088379 0.8574219
vt 0.3088379 0.8574219
vt 0.29248047 0.8574219
vt 0.29248047 0.8227539
vt 0.3088379 0.8227539
vt 0.29248047 0.7817383
vt 0.3088379 0.7817383
vt 0.29248047 0.74072266
vt 0.3088379 0.74072266
vt 0.29248047 0.7060547
vt 0.3088379 0.7060547
vt 0.6333008 0.3088379
vt 0.6333008 0.38500977
vt 0.6220703 0.38500977
vt 0.6220703 0.3088379
vt 0.6088867 0.38500977
vt 0.6088867 0.3088379
vt 0.59521484 0.38500977
vt 0.59521484 0.3088379
vt 0.5839844 0.38500977
vt 0.5839844 0.3088379
vt 0.5839844 0.38500977
vt 0.59521484 0.38500977
vt 0.5839844 0.3088379
vt 0.59521484 0.3088379
vt 0.6088867 0.38500977
vt 0.6088867 0.3088379
vt 0.6220703 0.38500977
vt 0.6220703 0.3088379
vt 0.6333008 0.38500977
vt 0.6333008 0.3088379
vt 0.38500977 0.84375
vt 0.3088379 0.84375
vt 0.3088379 0.8154297
vt 0.38500977 0.8154297
vt 0.3088379 0.7817383
vt 0.38500977 0.7817383
vt 0.3088379 0.74853516
vt 0.38500977 0.74853516
vt 0.3088379 0.72021484
vt 0.38500977 0.72021484
vt 0.6333008 0.84375
vt 0.640625 0.8154297
vt 0.6411133 0.84375
vt 0.6489258 0.8154297
vt 0.6430664 0.7817383
vt 0.6513672 0.7817383
vt 0.6489258 0.74853516
vt 0.640625 0.74853516
vt 0.6411133 0.72021484
vt 0.6333008 0.72021484
vt 0.640625 0.74853516
vt 0.6411133 0.72021484
vt 0.6333008 0.72021484
vt 0.6489258 0.74853516
vt 0.6430664 0.7817383
vt 0.6513672 0.7817383
vt 0.6489258 0.8154297
vt 0.640625 0.8154297
vt 0.6411133 0.84375
vt 0.6333008 0.84375
vt 0.31420898 0.72021484
vt 0.31420898 0.74853516
vt 0.38500977 0.72021484
vt 0.38500977 0.74853516
vt 0.31420898 0.7817383
vt 0.38500977 0.7817383
vt 0.31420898 0.8154297
vt 0.38500977 0.8154297
vt 0.31420898 0.84375
vt 0.38500977 0.84375
vt 0.6411133 0.31420898
vt 0.6411133 0.38500977
vt 0.6333008 0.38500977
vt 0.6333008 0.3088379
vt 0.6411133 0.31420898
vt 0.6333008 0.38500977
vt 0.6411133 0.38500977
vt 0.6333008 0.3088379
vt 0.2626953 0.7402344
vt 0.26904297 0.7402344
vt 0.26904297 0.75927734
vt 0.2626953 0.75927734
vt 0.26904297 0.7817383
vt 0.2626953 0.7817383
vt 0.26904297 0.8046875
vt 0.2626953 0.8046875
vt 0.26904297 0.82373047
vt 0.2626953 0.82373047
vt 0.5996094 0.26904297
vt 0.59228516 0.2626953
vt 0.59228516 0.26904297
vt 0.5996094 0.2626953
vt 0.6088867 0.26904297
vt 0.6088867 0.2626953
vt 0.6176758 0.26904297
vt 0.6176758 0.2626953
vt 0.6254883 0.26904297
vt 0.6254883 0.2626953
vt 0.26904297 0.82373047
vt 0.26904297 0.8046875
vt 0.2626953 0.82373047
vt 0.2626953 0.8046875
vt 0.26904297 0.7817383
vt 0.2626953 0.7817383
vt 0.26904297 0.75927734
vt 0.2626953 0.75927734
vt 0.26904297 0.7402344
vt 0.2626953 0.7402344
vt 0.6254883 0.2626953
vt 0.6254883 0.26904297
vt 0.6176758 0.26904297
vt 0.6176758 0.2626953
vt 0.6088867 0.26904297
vt 0.6088867 0.2626953
vt 0.5996094 0.26904297
vt 0.5996094 0.2626953
vt 0.59228516 0.26904297
vt 0.59228516 0.2626953
vt 0.25585938 0.75341797
vt 0.2626953 0.734375
vt 0.25585938 0.7290039
vt 0.2626953 0.75634766
vt 0.25585938 0.7817383
vt 0.2626953 0.7817383
vt 0.2626953 0.8076172
vt 0.25585938 0.8105469
vt 0.2626953 0.82910156
vt 0.25585938 0.83447266
vt 0.5878906 0.25585938
vt 0.59716797 0.25585938
vt 0.58984375 0.2626953
vt 0.5986328 0.2626953
vt 0.6088867 0.25585938
vt 0.6088867 0.2626953
vt 0.61865234 0.2626953
vt 0.6201172 0.25585938
vt 0.6274414 0.2626953
vt 0.62939453 0.25585938
vt 0.2626953 0.82910156
vt 0.25585938 0.83447266
vt 0.25585938 0.8105469
vt 0.2626953 0.8076172
vt 0.25585938 0.7817383
vt 0.2626953 0.7817383
vt 0.2626953 0.75634766
vt 0.25585938 0.75341797
vt 0.2626953 0.734375
vt 0.25585938 0.7290039
vt 0.6201172 0.25585938
vt 0.6274414 0.2626953
vt 0.62939453 0.25585938
vt 0.61865234 0.2626953
vt 0.6088867 0.25585938
vt 0.6088867 0.2626953
vt 0.5986328 0.2626953
vt 0.59716797 0.25585938
vt 0.58984375 0.2626953
vt 0.5878906 0.25585938
vt 0.63427734 0.71777344
vt 0.6357422 0.7114258
vt 0.62402344 0.69189453
vt 0.6225586 0.6982422
vt 0.62939453 0.7290039
vt 0.64208984 0.7470703
vt 0.6201172 0.7128906
vt 0.6088867 0.70751953
vt 0.6357422 0.75341797
vt 0.6088867 0.69140625
vt 0.64453125 0.7817383
vt 0.6381836 0.7817383
vt 0.64501953 0.74560547
vt 0.64746094 0.78027344
vt 0.6357422 0.8105469
vt 0.64208984 0.81640625
vt 0.63427734 0.8461914
vt 0.62939453 0.83447266
vt 0.64453125 0.8208008
vt 0.63671875 0.85009766
vt 0.6201172 0.85058594
vt 0.6225586 0.86572266
vt 0.6088867 0.8725586
vt 0.6230469 0.8730469
vt 0.609375 0.8798828
vt 0.6088867 0.8564453
vt 0.59472656 0.86572266
vt 0.59716797 0.85058594
vt 0.5830078 0.8461914
vt 0.5878906 0.83447266
vt 0.58154297 0.8105469
vt 0.58154297 0.85253906
vt 0.5932617 0.8720703
vt 0.5751953 0.81640625
vt 0.5727539 0.7817383
vt 0.57910156 0.7817383
vt 0.5722656 0.8178711
vt 0.5698242 0.7832031
vt 0.58154297 0.75341797
vt 0.5751953 0.7470703
vt 0.5878906 0.7290039
vt 0.5830078 0.71777344
vt 0.5805664 0.7133789
vt 0.5727539 0.74316406
vt 0.59472656 0.6982422
vt 0.59716797 0.7128906
vt 0.5942383 0.6904297
vt 0.60791016 0.68359375
vt 0.62402344 0.69189453
vt 0.6357422 0.7114258
vt 0.63427734 0.71777344
vt 0.6225586 0.6982422
vt 0.62841797 0.7319336
vt 0.6191406 0.7167969
vt 0.63427734 0.7548828
vt 0.6088867 0.7114258
vt 0.64208984 0.7470703
vt 0.6088867 0.69140625
vt 0.64453125 0.7817383
vt 0.63671875 0.7817383
vt 0.64501953 0.74560547
vt 0.64746094 0.78027344
vt 0.63427734 0.80908203
vt 0.64208984 0.81640625
vt 0.63427734 0.8461914
vt 0.62841797 0.83154297
vt 0.64453125 0.8208008
vt 0.63671875 0.85009766
vt 0.6191406 0.84716797
vt 0.6225586 0.86572266
vt 0.6088867 0.8725586
vt 0.6088867 0.85253906
vt 0.6230469 0.8730469
vt 0.609375 0.8798828
vt 0.59814453 0.84716797
vt 0.59472656 0.86572266
vt 0.5830078 0.8461914
vt 0.5888672 0.83154297
vt 0.5830078 0.80908203
vt 0.58154297 0.85253906
vt 0.5932617 0.8720703
vt 0.5751953 0.81640625
vt 0.5727539 0.7817383
vt 0.5805664 0.7817383
vt 0.5722656 0.8178711
vt 0.5698242 0.7832031
vt 0.5830078 0.7548828
vt 0.5751953 0.7470703
vt 0.5830078 0.71777344
vt 0.5888672 0.7319336
vt 0.5805664 0.7133789
vt 0.5727539 0.74316406
vt 0.59472656 0.6982422
vt 0.59814453 0.7167969
vt 0.5942383 0.6904297
vt 0.60791016 0.68359375
vt 0.64501953 0.27294922
vt 0.64208984 0.25585938
vt 0.64501953 0.25585938
vt 0.64208984 0.27514648
vt 0.27514648 0.7470703
vt 0.25585938 0.71777344
vt 0.25585938 0.7470703
vt 0.27514648 0.71777344
vt 0.27294922 0.85253906
vt 0.25585938 0.85253906
vt 0.25585938 0.8461914
vt 0.27514648 0.8461914
vt 0.63671875 0.27294922
vt 0.63671875 0.25585938
vt 0.63427734 0.25585938
vt 0.63427734 0.27514648
vt 0.27294922 0.78027344
vt 0.25585938 0.74560547
vt 0.25585938 0.78027344
vt 0.27294922 0.74560547
vt 0.27514648 0.8461914
vt 0.25585938 0.8461914
vt 0.27514648 0.81640625
vt 0.25585938 0.81640625
vt 0.27294922 0.8720703
vt 0.25585938 0.86572266
vt 0.25585938 0.8720703
vt 0.27514648 0.86572266
vt 0.27294922 0.7832031
vt 0.27294922 0.8178711
vt 0.25585938 0.8178711
vt 0.25585938 0.7832031
vt 0.25585938 0.6982422
vt 0.27294922 0.6904297
vt 0.27514648 0.6982422
vt 0.25585938 0.6904297
vt 0.27294922 0.7133789
vt 0.27294922 0.74316406
vt 0.25585938 0.74316406
vt 0.25585938 0.7133789
vt 0.5722656 0.27294922
vt 0.5751953 0.27514648
vt 0.5751953 0.25585938
vt 0.5722656 0.25585938
vt 0.27294922 0.85009766
vt 0.25585938 0.8208008
vt 0.25585938 0.85009766
vt 0.27294922 0.8208008
vt 0.5727539 0.27294922
vt 0.5751953 0.27514648
vt 0.5751953 0.25585938
vt 0.5727539 0.25585938
vt 0.60791016 0.25585938
vt 0.60791016 0.27294922
vt 0.5942383 0.25585938
vt 0.5942383 0.27294922
vt 0.6225586 0.25585938
vt 0.6225586 0.27514648
vt 0.6088867 0.25585938
vt 0.6088867 0.27514648
vt 0.27294922 0.8798828
vt 0.25585938 0.8798828
vt 0.25585938 0.8725586
vt 0.27514648 0.8725586
vt 0.609375 0.27294922
vt 0.6230469 0.27294922
vt 0.6230469 0.25585938
vt 0.609375 0.25585938
vt 0.5727539 0.25585938
vt 0.5727539 0.27514648
vt 0.5698242 0.27294922
vt 0.5698242 0.25585938
vt 0.59472656 0.25585938
vt 0.59472656 0.27514648
vt 0.5830078 0.25585938
vt 0.5830078 0.27514648
vt 0.6357422 0.25585938
vt 0.6357422 0.27294922
vt 0.62402344 0.25585938
vt 0.62402344 0.27294922
vt 0.27514648 0.7817383
vt 0.25585938 0.7817383
vt 0.27514648 0.7470703
vt 0.25585938 0.7470703
vt 0.27294922 0.8730469
vt 0.25585938 0.86572266
vt 0.25585938 0.8730469
vt 0.27514648 0.86572266
vt 0.58154297 0.27294922
vt 0.5932617 0.27294922
vt 0.5932617 0.25585938
vt 0.58154297 0.25585938
vt 0.64746094 0.27294922
vt 0.64746094 0.25585938
vt 0.64453125 0.25585938
vt 0.64453125 0.27514648
vt 0.25585938 0.69140625
vt 0.27514648 0.69140625
vt 0.27294922 0.68359375
vt 0.25585938 0.68359375
vt 0.27514648 0.81640625
vt 0.25585938 0.7817383
vt 0.25585938 0.81640625
vt 0.27514648 0.7817383
vt 0.5830078 0.25585938
vt 0.5830078 0.27514648
vt 0.5805664 0.27294922
vt 0.5805664 0.25585938
vt 0.6225586 0.27514648
vt 0.63427734 0.27514648
vt 0.63427734 0.25585938
vt 0.6225586 0.25585938
vt 0.25585938 0.6982422
vt 0.27294922 0.69189453
vt 0.27514648 0.6982422
vt 0.25585938 0.69189453
vt 0.59472656 0.27514648
vt 0.6088867 0.27514648
vt 0.6088867 0.25585938
vt 0.59472656 0.25585938
vt 0.64453125 0.27294922
vt 0.64208984 0.25585938
vt 0.64453125 0.25585938
vt 0.64208984 0.27514648
vt 0.25585938 0.71777344
vt 0.27514648 0.71777344
vt 0.27294922 0.7114258
vt 0.25585938 0.7114258
vt 0.34594727 0.74853516
vt 0.35375977 0.7373047
vt 0.34594727 0.7373047
vt 0.35375977 0.74853516
vt 0.34594727 0.7817383
vt 0.35375977 0.7817383
vt 0.34594727 0.8154297
vt 0.35375977 0.8154297
vt 0.34594727 0.82666016
vt 0.35375977 0.82666016
vt 0.37280273 0.82666016
vt 0.37280273 0.8154297
vt 0.3647461 0.82666016
vt 0.3647461 0.8154297
vt 0.37280273 0.7817383
vt 0.3647461 0.7817383
vt 0.37280273 0.74853516
vt 0.3647461 0.74853516
vt 0.37280273 0.7373047
vt 0.3647461 0.7373047
vt 0.3269043 0.74853516
vt 0.33496094 0.7373047
vt 0.3269043 0.7373047
vt 0.33496094 0.74853516
vt 0.3269043 0.7817383
vt 0.33496094 0.7817383
vt 0.3269043 0.8154297
vt 0.33496094 0.8154297
vt 0.3269043 0.82666016
vt 0.33496094 0.82666016
vt 0.62353516 0.38500977
vt 0.62353516 0.3088379
vt 0.6088867 0.3088379
vt 0.6088867 0.38500977
vt 0.59375 0.3088379
vt 0.59375 0.38500977
vt 0.34716797 0.8798828
vt 0.38500977 0.88964844
vt 0.38500977 0.91845703
vt 0.3088379 0.87939453
vt 0.34716797 0.83447266
vt 0.3088379 0.83447266
vt 0.3088379 0.83447266
vt 0.3088379 0.87939453
vt 0.34716797 0.83447266
vt 0.34716797 0.8798828
vt 0.38500977 0.91845703
vt 0.38500977 0.88964844
vt 0.6010742 0.8798828
vt 0.59375 0.8798828
vt 0.6010742 0.83447266
vt 0.59375 0.83447266
vt 0.59375 0.38500977
vt 0.59375 0.34716797
vt 0.6010742 0.34716797
vt 0.6010742 0.38500977
vt 0.59375 0.91845703
vt 0.59375 0.88964844
vt 0.6010742 0.88964844
vt 0.6088867 0.92333984
vt 0.61621094 0.88964844
vt 0.62353516 0.91845703
vt 0.62353516 0.88964844
vt 0.61621094 0.83447266
vt 0.6010742 0.83447266
vt 0.38500977 0.88964844
vt 0.34716797 0.8798828
vt 0.38500977 0.83447266
vt 0.34716797 0.83447266
vt 0.34716797 0.8798828
vt 0.38500977 0.88964844
vt 0.38500977 0.83447266
vt 0.34716797 0.83447266
vt 0.62353516 0.8798828
vt 0.61621094 0.8798828
vt 0.62353516 0.83447266
vt 0.61621094 0.83447266
vt 0.61621094 0.34716797
vt 0.62353516 0.34716797
vt 0.61621094 0.38500977
vt 0.62353516 0.38500977
vt 0.61279297 0.9067383
vt 0.60498047 0.90478516
vt 0.6044922 0.9067383
vt 0.6123047 0.90478516
vt 0.61279297 0.30810547
vt 0.6123047 0.3486328
vt 0.61279297 0.34936523
vt 0.6123047 0.3088379
vt 0.60498047 0.3486328
vt 0.60498047 0.3088379
vt 0.6044922 0.34936523
vt 0.6044922 0.30810547
vt 0.54589844 0.29589844
vt 0.54589844 0.26000977
vt 0.52490234 0.26000977
vt 0.52490234 0.29589844
vt 0.5 0.26000977
vt 0.5 0.29589844
vt 0.47509766 0.26000977
vt 0.47509766 0.29589844
vt 0.45410156 0.26000977
vt 0.45410156 0.29589844
vt 0.46264648 0.32910156
vt 0.46264648 0.29833984
vt 0.47973633 0.29833984
vt 0.47973633 0.32910156
vt 0.5 0.29833984
vt 0.5 0.32910156
vt 0.52001953 0.29833984
vt 0.52001953 0.32910156
vt 0.53759766 0.29833984
vt 0.53759766 0.32910156
vt 0.53759766 0.32910156
vt 0.53759766 0.29833984
vt 0.52001953 0.29833984
vt 0.52001953 0.32910156
vt 0.5 0.32910156
vt 0.5 0.29833984
vt 0.47973633 0.29833984
vt 0.47973633 0.32910156
vt 0.46264648 0.29833984
vt 0.46264648 0.32910156
vt 0.5234375 0.32910156
vt 0.5029297 0.32910156
vt 0.5234375 0.29833984
vt 0.5029297 0.29833984
vt 0.47875977 0.32910156
vt 0.47875977 0.29833984
vt 0.45458984 0.29833984
vt 0.45458984 0.32910156
vt 0.43408203 0.32910156
vt 0.43408203 0.29833984
vt 0.43408203 0.32910156
vt 0.45458984 0.32910156
vt 0.43408203 0.29833984
vt 0.45458984 0.29833984
vt 0.47875977 0.32910156
vt 0.47875977 0.29833984
vt 0.5029297 0.29833984
vt 0.5029297 0.32910156
vt 0.5234375 0.32910156
vt 0.5234375 0.29833984
vt 0.15942383 0.23730469
vt 0.14733887 0.14379883
vt 0.08929443 0.093688965
vt 0.08190918 0.09588623
vt 0.5629883 0.14379883
vt 0.5732422 0.23730469
vt 0.56152344 0.23730469
vt 0.57470703 0.14379883
vt 0.5810547 0.08929443
vt 0.57470703 0.14733887
vt 0.5629883 0.14489746
vt 0.57421875 0.08782959
vt 0.5751953 0.080444336
vt 0.58203125 0.08190918
vt 0.16503906 0.20385742
vt 0.15820312 0.22937012
vt 0.16040039 0.23913574
vt 0.18701172 0.17553711
vt 0.16027832 0.17248535
vt 0.16955566 0.13879395
vt 0.18078613 0.13928223
vt 0.19519043 0.10510254
vt 0.18493652 0.12585449
vt 0.19055176 0.1505127
vt 0.21350098 0.11431885
vt 0.21508789 0.13916016
vt 0.17529297 0.21264648
vt 0.17419434 0.20288086
vt 0.13122559 0.11004639
vt 0.13256836 0.13122559
vt 0.15563965 0.11517334
vt 0.15966797 0.07574463
vt 0.18078613 0.09729004
vt 0.17907715 0.1237793
vt 0.16601562 0.13964844
vt 0.21179199 0.13720703
vt 0.16833496 0.10870361
vt 0.16699219 0.1373291
vt 0.21789551 0.11853027
vt 0.578125 0.18078613
vt 0.5756836 0.18041992
vt 0.57714844 0.15942383
vt 0.5800781 0.15966797
vt 0.58203125 0.13122559
vt 0.57910156 0.13098145
vt 0.5756836 0.12365723
vt 0.5756836 0.097229004
vt 0.578125 0.09729004
vt 0.578125 0.1237793
vt 0.57910156 0.16601562
vt 0.57666016 0.16564941
vt 0.5756836 0.17883301
vt 0.578125 0.17907715
vt 0.57714844 0.11505127
vt 0.57666016 0.13952637
vt 0.57910156 0.13964844
vt 0.5800781 0.11517334
vt 0.58154297 0.13256836
vt 0.57910156 0.13220215
vt 0.57714844 0.15527344
vt 0.5800781 0.15563965
vt 0.58154297 0.13122559
vt 0.58203125 0.11004639
vt 0.57910156 0.10992432
vt 0.57910156 0.13110352
vt 0.15527344 0.11505127
vt 0.13220215 0.13110352
vt 0.13098145 0.10992432
vt 0.15942383 0.07562256
vt 0.18041992 0.097229004
vt 0.17883301 0.12365723
vt 0.16564941 0.13952637
vt 0.56591797 0.11437988
vt 0.56884766 0.13916016
vt 0.56591797 0.13928223
vt 0.56884766 0.11431885
vt 0.5751953 0.17443848
vt 0.56591797 0.2142334
vt 0.56884766 0.21508789
vt 0.578125 0.17529297
vt 0.5751953 0.20300293
vt 0.5751953 0.21276855
vt 0.578125 0.21264648
vt 0.578125 0.20288086
vt 0.57421875 0.1505127
vt 0.57128906 0.1505127
vt 0.5727539 0.12585449
vt 0.57128906 0.1505127
vt 0.57421875 0.1505127
vt 0.5751953 0.12585449
vt 0.5727539 0.18408203
vt 0.5751953 0.18493652
vt 0.5727539 0.19519043
vt 0.5703125 0.19433594
vt 0.56591797 0.21264648
vt 0.56884766 0.21350098
vt 0.18969727 0.1505127
vt 0.18408203 0.12585449
vt 0.19433594 0.105163574
vt 0.21264648 0.11437988
vt 0.2142334 0.13928223
vt 0.17443848 0.21276855
vt 0.17333984 0.20300293
vt 0.55810547 0.13549805
vt 0.55810547 0.10992432
vt 0.5732422 0.13549805
vt 0.5732422 0.10992432
vt 0.55810547 0.16748047
vt 0.5732422 0.1706543
vt 0.57470703 0.16027832
vt 0.5595703 0.15710449
vt 0.5756836 0.15478516
vt 0.57666016 0.1451416
vt 0.5620117 0.14208984
vt 0.5605469 0.15161133
vt 0.09472656 0.06524658
vt 0.089904785 0.084106445
vt 0.13879395 0.11785889
vt 0.14428711 0.09423828
vt 0.15478516 0.13024902
vt 0.1451416 0.13793945
vt 0.17053223 0.10992432
vt 0.1706543 0.13549805
vt 0.16027832 0.14892578
vt 0.57177734 0.16833496
vt 0.5644531 0.21789551
vt 0.5527344 0.2154541
vt 0.5600586 0.16589355
vt 0.5625 0.22937012
vt 0.5722656 0.22937012
vt 0.5727539 0.20385742
vt 0.5605469 0.20385742
vt 0.55908203 0.17248535
vt 0.5756836 0.17248535
vt 0.5722656 0.13879395
vt 0.55908203 0.13879395
vt 0.55908203 0.16687012
vt 0.5722656 0.16955566
vt 0.5708008 0.18078613
vt 0.5576172 0.17810059
vt 0.15698242 0.23730469
vt 0.080444336 0.09588623
vt 0.08782959 0.093688965
vt 0.14489746 0.14379883
vt 0.1583252 0.23913574
vt 0.15625 0.22937012
vt 0.16247559 0.20385742
vt 0.18359375 0.17553711
vt 0.15673828 0.17248535
vt 0.16687012 0.13879395
vt 0.17810059 0.13928223
vt 0.18579102 0.1505127
vt 0.18005371 0.12585449
vt 0.19067383 0.10510254
vt 0.20947266 0.11431885
vt 0.21105957 0.13916016
vt 0.16992188 0.21264648
vt 0.16882324 0.20288086
vt 0.1505127 0.11517334
vt 0.12817383 0.13122559
vt 0.12695312 0.11004639
vt 0.15441895 0.07574463
vt 0.17480469 0.09729004
vt 0.17333984 0.1237793
vt 0.16064453 0.13964844
vt 0.20935059 0.13720703
vt 0.16455078 0.1373291
vt 0.16589355 0.10870361
vt 0.2154541 0.11853027
vt 0.5576172 0.15527344
vt 0.55322266 0.17565918
vt 0.55029297 0.17480469
vt 0.5546875 0.15441895
vt 0.56103516 0.12695312
vt 0.56396484 0.12780762
vt 0.55322266 0.097229004
vt 0.55371094 0.12365723
vt 0.55078125 0.1237793
vt 0.55029297 0.09729004
vt 0.5566406 0.16149902
vt 0.55371094 0.16064453
vt 0.55371094 0.17419434
vt 0.55078125 0.17333984
vt 0.55371094 0.13964844
vt 0.5566406 0.13952637
vt 0.55615234 0.11517334
vt 0.55859375 0.11505127
vt 0.56396484 0.12902832
vt 0.56103516 0.12817383
vt 0.55859375 0.15136719
vt 0.55615234 0.1505127
vt 0.56103516 0.13122559
vt 0.56396484 0.13110352
vt 0.56103516 0.11004639
vt 0.56396484 0.10992432
vt 0.17419434 0.12365723
vt 0.15136719 0.11505127
vt 0.16149902 0.13952637
vt 0.17565918 0.097229004
vt 0.15527344 0.07562256
vt 0.12780762 0.10992432
vt 0.12902832 0.13110352
vt 0.5527344 0.13928223
vt 0.5498047 0.13916016
vt 0.5498047 0.11431885
vt 0.5527344 0.11437988
vt 0.5498047 0.21105957
vt 0.5527344 0.21142578
vt 0.5551758 0.17016602
vt 0.5522461 0.16992188
vt 0.5551758 0.21276855
vt 0.5522461 0.20288086
vt 0.5522461 0.21264648
vt 0.5551758 0.20300293
vt 0.5541992 0.1505127
vt 0.55126953 0.1505127
vt 0.55126953 0.1505127
vt 0.5541992 0.1505127
vt 0.5522461 0.12585449
vt 0.5546875 0.12585449
vt 0.5522461 0.18005371
vt 0.5546875 0.18041992
vt 0.55126953 0.19067383
vt 0.5541992 0.19104004
vt 0.5527344 0.20983887
vt 0.5498047 0.20947266
vt 0.17016602 0.21276855
vt 0.18615723 0.1505127
vt 0.16906738 0.20300293
vt 0.21142578 0.13928223
vt 0.20983887 0.11437988
vt 0.19104004 0.105163574
vt 0.18041992 0.12585449
vt 0.57470703 0.14892578
vt 0.5605469 0.13024902
vt 0.5595703 0.14892578
vt 0.5756836 0.13024902
vt 0.57666016 0.13793945
vt 0.5629883 0.11785889
vt 0.5620117 0.13793945
vt 0.5776367 0.11785889
vt 0.5629883 0.13562012
vt 0.5776367 0.13879395
vt 0.57421875 0.08862305
vt 0.5805664 0.089904785
vt 0.57421875 0.084106445
vt 0.5805664 0.084106445
vt 0.57958984 0.06524658
vt 0.57373047 0.06524658
vt 0.5732422 0.17053223
vt 0.55810547 0.16748047
vt 0.5620117 0.14111328
vt 0.57714844 0.14428711
vt 0.57373047 0.093444824
vt 0.57958984 0.09472656
vt 0.08862305 0.084106445
vt 0.093444824 0.06524658
vt 0.13562012 0.11785889
vt 0.14111328 0.09423828
vt 0.15161133 0.13024902
vt 0.14208984 0.13793945
vt 0.16748047 0.10992432
vt 0.16748047 0.13549805
vt 0.15710449 0.14892578
vt 0.5654297 0.13720703
vt 0.55371094 0.13720703
vt 0.5644531 0.11853027
vt 0.5527344 0.11853027
vt 0.55371094 0.20935059
vt 0.5654297 0.21179199
vt 0.5600586 0.16455078
vt 0.5722656 0.16699219
vt 0.57177734 0.17553711
vt 0.5551758 0.17553711
vt 0.5576172 0.13928223
vt 0.5708008 0.13928223
vt 0.57177734 0.23913574
vt 0.5620117 0.23913574
vt 0.57177734 0.17553711
vt 0.5551758 0.17553711
vt 0.5761719 0.1574707
vt 0.5859375 0.06591797
vt 0.5761719 0.063964844
vt 0.55908203 0.15393066
vt 0.5576172 0.16235352
vt 0.57470703 0.16601562
vt 0.5566406 0.16552734
vt 0.5751953 0.1694336
vt 0.5761719 0.07116699
vt 0.5859375 0.07116699
vt 0.5859375 0.06677246
vt 0.5756836 0.06677246
vt 0.15905762 0.23620605
vt 0.16601562 0.25708008
vt 0.1694336 0.25512695
vt 0.1574707 0.24072266
vt 0.06591797 0.07116699
vt 0.066711426 0.06677246
vt 0.13220215 0.16223145
vt 0.14465332 0.1607666
vt 0.16821289 0.20898438
vt 0.15527344 0.23620605
vt 0.16552734 0.25512695
vt 0.16235352 0.25708008
vt 0.15393066 0.24072266
vt 0.063964844 0.07116699
vt 0.06451416 0.06677246
vt 0.12817383 0.16223145
vt 0.13989258 0.1607666
vt 0.16333008 0.20898438
vt 0.57666016 0.15905762
vt 0.5751953 0.1694336
vt 0.5566406 0.16552734
vt 0.55810547 0.15527344
vt 0.55810547 0.23620605
vt 0.5776367 0.20898438
vt 0.57666016 0.23620605
vt 0.5546875 0.20898438
vt 0.5810547 0.14465332
vt 0.5776367 0.16821289
vt 0.5546875 0.16333008
vt 0.55810547 0.13989258
vt 0.5810547 0.13220215
vt 0.5620117 0.12817383
vt 0.5756836 0.06451416
vt 0.5859375 0.066711426
vt 0.41186523 0.27807617
vt 0.4104004 0.29589844
vt 0.41552734 0.29589844
vt 0.4169922 0.27807617
vt 0.41552734 0.26000977
vt 0.4104004 0.26000977
vt 0.53222656 0.41552734
vt 0.53466797 0.4104004
vt 0.5283203 0.40673828
vt 0.5258789 0.41210938
vt 0.51953125 0.40844727
vt 0.5214844 0.40307617
vt 0.40698242 0.27807617
vt 0.40844727 0.29589844
vt 0.40307617 0.29589844
vt 0.40161133 0.27807617
vt 0.40307617 0.26000977
vt 0.40844727 0.26000977
vt 0.51953125 0.40844727
vt 0.5214844 0.40307617
vt 0.5283203 0.40673828
vt 0.5258789 0.41210938
vt 0.53222656 0.41552734
vt 0.53466797 0.4104004
vt 0.55322266 0.18164062
vt 0.56152344 0.18164062
vt 0.55615234 0.14001465
vt 0.56347656 0.14001465
vt 0.56347656 0.1194458
vt 0.55566406 0.1194458
vt 0.5595703 0.16040039
vt 0.5517578 0.16040039
vt 0.5541992 0.11975098
vt 0.5620117 0.11975098
vt 0.22131348 0.11975098
vt 0.21166992 0.1194458
vt 0.20996094 0.14001465
vt 0.23718262 0.16040039
vt 0.22546387 0.18164062
vt 0.20825195 0.14001465
vt 0.20996094 0.1194458
vt 0.21972656 0.11975098
vt 0.23547363 0.16040039
vt 0.22375488 0.18164062
vt 0.53222656 0.27807617
vt 0.5214844 0.29589844
vt 0.5283203 0.30322266
vt 0.51904297 0.27807617
vt 0.5214844 0.26000977
vt 0.5283203 0.25268555
vt 0.39648438 0.27807617
vt 0.4104004 0.29589844
vt 0.41186523 0.27807617
vt 0.4104004 0.26000977
vt 0.5493164 0.33496094
vt 0.5336914 0.33154297
vt 0.53271484 0.33764648
vt 0.54833984 0.34106445
vt 0.5234375 0.39941406
vt 0.5395508 0.40283203
vt 0.5395508 0.30419922
vt 0.5234375 0.30419922
vt 0.5234375 0.2800293
vt 0.5395508 0.2800293
vt 0.33764648 0.33740234
vt 0.39941406 0.2800293
vt 0.39941406 0.30419922
vt 0.33154297 0.32617188
vt 0.5493164 0.33496094
vt 0.5395508 0.4025879
vt 0.5234375 0.39941406
vt 0.5336914 0.33154297
vt 0.33496094 0.32617188
vt 0.34106445 0.33740234
vt 0.4025879 0.2800293
vt 0.40283203 0.30419922
vt 0.52246094 0.2626953
vt 0.5415039 0.2626953
vt 0.5410156 0.2770996
vt 0.5214844 0.2770996
vt 0.5214844 0.29418945
vt 0.5410156 0.29418945
vt 0.55371094 0.27246094
vt 0.53515625 0.26342773
vt 0.53466797 0.27246094
vt 0.5541992 0.26342773
vt 0.5415039 0.3996582
vt 0.52246094 0.39575195
vt 0.53222656 0.32836914
vt 0.55126953 0.33251953
vt 0.5522461 0.32788086
vt 0.5332031 0.32373047
vt 0.5229492 0.390625
vt 0.5214844 0.40039062
vt 0.5410156 0.40454102
vt 0.54248047 0.39453125
vt 0.53515625 0.3100586
vt 0.5541992 0.31396484
vt 0.5522461 0.32788086
vt 0.5332031 0.32373047
vt 0.54345703 0.38793945
vt 0.55371094 0.3154297
vt 0.53466797 0.3112793
vt 0.5239258 0.38378906
vt 0.390625 0.29370117
vt 0.40063477 0.2770996
vt 0.40039062 0.29418945
vt 0.38378906 0.2763672
vt 0.39575195 0.2626953
vt 0.32836914 0.2524414
vt 0.3112793 0.27246094
vt 0.32373047 0.24389648
vt 0.3100586 0.26342773
vt 0.54248047 0.29370117
vt 0.5239258 0.2763672
vt 0.5229492 0.29370117
vt 0.54345703 0.2763672
vt 0.39453125 0.29370117
vt 0.40454102 0.29418945
vt 0.40478516 0.2770996
vt 0.38793945 0.2763672
vt 0.3996582 0.2626953
vt 0.33251953 0.2524414
vt 0.3154297 0.27246094
vt 0.32788086 0.24389648
vt 0.31396484 0.26342773
vt 0.53515625 0.39453125
vt 0.5463867 0.3178711
vt 0.5410156 0.3166504
vt 0.52978516 0.39331055
vt 0.3894043 0.27270508
vt 0.32104492 0.2692871
vt 0.3178711 0.28149414
vt 0.39453125 0.2854004
vt 0.38842773 0.27270508
vt 0.39331055 0.2854004
vt 0.3166504 0.28149414
vt 0.32006836 0.2692871
vt 0.55078125 0.34960938
vt 0.5419922 0.34960938
vt 0.546875 0.2668457
vt 0.53808594 0.2668457
vt 0.2998047 0.34960938
vt 0.29589844 0.33666992
vt 0.3178711 0.26635742
vt 0.3256836 0.2668457
vt 0.3017578 0.34960938
vt 0.32763672 0.2668457
vt 0.31982422 0.26635742
vt 0.29785156 0.33666992
vt 0.54785156 0.26635742
vt 0.54248047 0.33666992
vt 0.55126953 0.33666992
vt 0.5390625 0.26635742
vt 0.5498047 0.15368652
vt 0.55859375 0.15368652
vt 0.5488281 0.32080078
vt 0.53808594 0.32080078
vt 0.5385742 0.36938477
vt 0.5493164 0.36938477
vt 0.5517578 0.23278809
vt 0.5605469 0.23461914
vt 0.55859375 0.24743652
vt 0.5498047 0.24560547
vt 0.23278809 0.15637207
vt 0.24560547 0.15368652
vt 0.31762695 0.32080078
vt 0.31469727 0.36938477
vt 0.23461914 0.15637207
vt 0.31713867 0.36938477
vt 0.32006836 0.32080078
vt 0.24743652 0.15368652
vt 0.30371094 0.39746094
vt 0.3190918 0.38232422
vt 0.3100586 0.39868164
vt 0.22314453 0.13269043
vt 0.21276855 0.15148926
vt 0.53759766 0.39746094
vt 0.55371094 0.39746094
vt 0.5522461 0.15148926
vt 0.56591797 0.15148926
vt 0.5527344 0.31347656
vt 0.53759766 0.30371094
vt 0.5366211 0.3100586
vt 0.55371094 0.3071289
vt 0.53515625 0.3190918
vt 0.55126953 0.32250977
vt 0.5527344 0.31347656
vt 0.5366211 0.3100586
vt 0.3071289 0.39746094
vt 0.22607422 0.13269043
vt 0.21557617 0.15148926
vt 0.32250977 0.38232422
vt 0.31347656 0.39868164
vt 0.55078125 0.13269043
vt 0.55126953 0.38232422
vt 0.53515625 0.38232422
vt 0.5644531 0.13269043
vt 0.55566406 0.20996094
vt 0.56347656 0.21166992
vt 0.5620117 0.22131348
vt 0.5541992 0.21972656
vt 0.15942383 0.23730469
vt 0.08190918 0.09588623
vt 0.08929443 0.093688965
vt 0.14733887 0.14379883
vt 0.43847656 0.23730469
vt 0.4267578 0.23730469
vt 0.43676758 0.14379883
vt 0.42504883 0.14379883
vt 0.43676758 0.14489746
vt 0.42504883 0.14733887
vt 0.4189453 0.08929443
vt 0.4260254 0.08782959
vt 0.4248047 0.080444336
vt 0.41796875 0.08190918
vt 0.16040039 0.23913574
vt 0.15820312 0.22937012
vt 0.16503906 0.20385742
vt 0.18701172 0.17553711
vt 0.16027832 0.17248535
vt 0.16955566 0.13879395
vt 0.18078613 0.13928223
vt 0.19055176 0.1505127
vt 0.18493652 0.12585449
vt 0.19519043 0.10510254
vt 0.21350098 0.11431885
vt 0.21508789 0.13916016
vt 0.17529297 0.21264648
vt 0.17419434 0.20288086
vt 0.15563965 0.11517334
vt 0.13256836 0.13122559
vt 0.13122559 0.11004639
vt 0.15966797 0.07574463
vt 0.18078613 0.09729004
vt 0.17907715 0.1237793
vt 0.16601562 0.13964844
vt 0.21179199 0.13720703
vt 0.16699219 0.1373291
vt 0.16833496 0.10870361
vt 0.21789551 0.11853027
vt 0.42163086 0.18078613
vt 0.42285156 0.15942383
vt 0.4243164 0.18041992
vt 0.41992188 0.15966797
vt 0.41796875 0.13122559
vt 0.42089844 0.13098145
vt 0.42456055 0.12365723
vt 0.42163086 0.1237793
vt 0.42163086 0.09729004
vt 0.4243164 0.097229004
vt 0.42163086 0.17907715
vt 0.42456055 0.17883301
vt 0.42089844 0.16601562
vt 0.42358398 0.16564941
vt 0.42089844 0.13964844
vt 0.42358398 0.13952637
vt 0.42260742 0.11505127
vt 0.41992188 0.11517334
vt 0.41992188 0.15563965
vt 0.42260742 0.15527344
vt 0.4182129 0.13256836
vt 0.42114258 0.13220215
vt 0.4182129 0.13122559
vt 0.42114258 0.13110352
vt 0.42089844 0.10992432
vt 0.41796875 0.11004639
vt 0.13098145 0.10992432
vt 0.13220215 0.13110352
vt 0.15527344 0.11505127
vt 0.15942383 0.07562256
vt 0.18041992 0.097229004
vt 0.17883301 0.12365723
vt 0.16564941 0.13952637
vt 0.43408203 0.13928223
vt 0.43139648 0.13916016
vt 0.4338379 0.11437988
vt 0.43115234 0.11431885
vt 0.43139648 0.21508789
vt 0.43408203 0.2142334
vt 0.4248047 0.17443848
vt 0.421875 0.17529297
vt 0.421875 0.21264648
vt 0.4248047 0.21276855
vt 0.42456055 0.20300293
vt 0.421875 0.20288086
vt 0.42578125 0.1505127
vt 0.4284668 0.1505127
vt 0.42578125 0.1505127
vt 0.4284668 0.1505127
vt 0.42749023 0.12585449
vt 0.4248047 0.12585449
vt 0.4248047 0.18493652
vt 0.42749023 0.18408203
vt 0.42700195 0.19519043
vt 0.42993164 0.19433594
vt 0.4338379 0.21264648
vt 0.43115234 0.21350098
vt 0.19433594 0.105163574
vt 0.18408203 0.12585449
vt 0.18969727 0.1505127
vt 0.21264648 0.11437988
vt 0.2142334 0.13928223
vt 0.17443848 0.21276855
vt 0.17333984 0.20300293
vt 0.44189453 0.13549805
vt 0.4267578 0.13549805
vt 0.44189453 0.10992432
vt 0.4267578 0.10992432
vt 0.44189453 0.16748047
vt 0.42529297 0.16027832
vt 0.4267578 0.1706543
vt 0.44018555 0.15710449
vt 0.42456055 0.15478516
vt 0.43945312 0.15161133
vt 0.43798828 0.14208984
vt 0.4230957 0.1451416
vt 0.089904785 0.084106445
vt 0.09472656 0.06524658
vt 0.13879395 0.11785889
vt 0.14428711 0.09423828
vt 0.15478516 0.13024902
vt 0.1451416 0.13793945
vt 0.17053223 0.10992432
vt 0.1706543 0.13549805
vt 0.16027832 0.14892578
vt 0.42822266 0.16833496
vt 0.4399414 0.16589355
vt 0.44702148 0.2154541
vt 0.43554688 0.21789551
vt 0.4375 0.22937012
vt 0.42749023 0.20385742
vt 0.42773438 0.22937012
vt 0.43969727 0.20385742
vt 0.44091797 0.17248535
vt 0.42456055 0.17248535
vt 0.42773438 0.13879395
vt 0.44067383 0.13879395
vt 0.44067383 0.16687012
vt 0.42944336 0.18078613
vt 0.42773438 0.16955566
vt 0.4423828 0.17810059
vt 0.15698242 0.23730469
vt 0.14489746 0.14379883
vt 0.08782959 0.093688965
vt 0.080444336 0.09588623
vt 0.16247559 0.20385742
vt 0.15625 0.22937012
vt 0.1583252 0.23913574
vt 0.18359375 0.17553711
vt 0.15673828 0.17248535
vt 0.16687012 0.13879395
vt 0.17810059 0.13928223
vt 0.19067383 0.10510254
vt 0.18005371 0.12585449
vt 0.18579102 0.1505127
vt 0.20947266 0.11431885
vt 0.21105957 0.13916016
vt 0.16992188 0.21264648
vt 0.16882324 0.20288086
vt 0.12695312 0.11004639
vt 0.12817383 0.13122559
vt 0.1505127 0.11517334
vt 0.15441895 0.07574463
vt 0.17480469 0.09729004
vt 0.17333984 0.1237793
vt 0.16064453 0.13964844
vt 0.20935059 0.13720703
vt 0.16589355 0.10870361
vt 0.16455078 0.1373291
vt 0.2154541 0.11853027
vt 0.4494629 0.17480469
vt 0.44677734 0.17565918
vt 0.4423828 0.15527344
vt 0.44506836 0.15441895
vt 0.4387207 0.12695312
vt 0.43603516 0.12780762
vt 0.44677734 0.097229004
vt 0.4489746 0.1237793
vt 0.44628906 0.12365723
vt 0.4494629 0.09729004
vt 0.44628906 0.17419434
vt 0.4489746 0.17333984
vt 0.44604492 0.16064453
vt 0.44335938 0.16149902
vt 0.44335938 0.13952637
vt 0.44604492 0.13964844
vt 0.4440918 0.11517334
vt 0.44140625 0.11505127
vt 0.44140625 0.15136719
vt 0.4440918 0.1505127
vt 0.43896484 0.12817383
vt 0.4362793 0.12902832
vt 0.4362793 0.13110352
vt 0.43896484 0.13122559
vt 0.4387207 0.11004639
vt 0.43603516 0.10992432
vt 0.17419434 0.12365723
vt 0.16149902 0.13952637
vt 0.15136719 0.11505127
vt 0.17565918 0.097229004
vt 0.15527344 0.07562256
vt 0.12780762 0.10992432
vt 0.12902832 0.13110352
vt 0.44750977 0.13928223
vt 0.44726562 0.11437988
vt 0.44995117 0.11431885
vt 0.45043945 0.13916016
vt 0.45043945 0.21105957
vt 0.4477539 0.16992188
vt 0.44482422 0.17016602
vt 0.44750977 0.21142578
vt 0.44482422 0.21276855
vt 0.4477539 0.21264648
vt 0.44750977 0.20288086
vt 0.44458008 0.20300293
vt 0.44555664 0.1505127
vt 0.44848633 0.1505127
vt 0.44555664 0.1505127
vt 0.44848633 0.1505127
vt 0.44799805 0.12585449
vt 0.44506836 0.12585449
vt 0.44506836 0.18041992
vt 0.44799805 0.18005371
vt 0.44848633 0.19067383
vt 0.44580078 0.19104004
vt 0.44726562 0.20983887
vt 0.44995117 0.20947266
vt 0.17016602 0.21276855
vt 0.16906738 0.20300293
vt 0.18615723 0.1505127
vt 0.21142578 0.13928223
vt 0.20983887 0.11437988
vt 0.19104004 0.105163574
vt 0.18041992 0.12585449
vt 0.42529297 0.14892578
vt 0.44018555 0.14892578
vt 0.43945312 0.13024902
vt 0.42456055 0.13024902
vt 0.4230957 0.13793945
vt 0.43798828 0.13793945
vt 0.43701172 0.11785889
vt 0.42211914 0.11785889
vt 0.42211914 0.13879395
vt 0.43701172 0.13562012
vt 0.4255371 0.08862305
vt 0.4194336 0.089904785
vt 0.4255371 0.084106445
vt 0.42626953 0.06524658
vt 0.42016602 0.06524658
vt 0.4194336 0.084106445
vt 0.43798828 0.14111328
vt 0.44189453 0.16748047
vt 0.4267578 0.17053223
vt 0.4230957 0.14428711
vt 0.42626953 0.093444824
vt 0.42016602 0.09472656
vt 0.093444824 0.06524658
vt 0.08862305 0.084106445
vt 0.13562012 0.11785889
vt 0.14111328 0.09423828
vt 0.15161133 0.13024902
vt 0.14208984 0.13793945
vt 0.16748047 0.10992432
vt 0.16748047 0.13549805
vt 0.15710449 0.14892578
vt 0.43481445 0.13720703
vt 0.43554688 0.11853027
vt 0.44628906 0.13720703
vt 0.44702148 0.11853027
vt 0.43481445 0.21179199
vt 0.44628906 0.20935059
vt 0.43969727 0.16455078
vt 0.42797852 0.16699219
vt 0.4284668 0.17553711
vt 0.42944336 0.13928223
vt 0.4423828 0.13928223
vt 0.44506836 0.17553711
vt 0.4284668 0.17553711
vt 0.43774414 0.23913574
vt 0.42797852 0.23913574
vt 0.44506836 0.17553711
vt 0.42358398 0.063964844
vt 0.41430664 0.06591797
vt 0.42407227 0.1574707
vt 0.44067383 0.15393066
vt 0.44213867 0.16235352
vt 0.42504883 0.16601562
vt 0.44335938 0.16552734
vt 0.4248047 0.1694336
vt 0.42358398 0.07116699
vt 0.41381836 0.06677246
vt 0.41430664 0.07116699
vt 0.4243164 0.06677246
vt 0.15905762 0.23620605
vt 0.1694336 0.25512695
vt 0.16601562 0.25708008
vt 0.1574707 0.24072266
vt 0.06591797 0.07116699
vt 0.066711426 0.06677246
vt 0.13220215 0.16223145
vt 0.14465332 0.1607666
vt 0.16821289 0.20898438
vt 0.15527344 0.23620605
vt 0.16235352 0.25708008
vt 0.16552734 0.25512695
vt 0.15393066 0.24072266
vt 0.063964844 0.07116699
vt 0.06451416 0.06677246
vt 0.12817383 0.16223145
vt 0.13989258 0.1607666
vt 0.16333008 0.20898438
vt 0.42333984 0.15905762
vt 0.4416504 0.15527344
vt 0.44335938 0.16552734
vt 0.4248047 0.1694336
vt 0.44555664 0.20898438
vt 0.4416504 0.23620605
vt 0.42211914 0.20898438
vt 0.42333984 0.23620605
vt 0.44555664 0.16333008
vt 0.42211914 0.16821289
vt 0.4189453 0.14465332
vt 0.4416504 0.13989258
vt 0.41918945 0.13220215
vt 0.43798828 0.12817383
vt 0.4243164 0.06451416
vt 0.41381836 0.066711426
vt 0.41552734 0.29589844
vt 0.4104004 0.29589844
vt 0.41186523 0.27807617
vt 0.4169922 0.27807617
vt 0.41552734 0.26000977
vt 0.4104004 0.26000977
vt 0.47192383 0.40673828
vt 0.46557617 0.4104004
vt 0.4675293 0.41552734
vt 0.47387695 0.41210938
vt 0.48046875 0.40844727
vt 0.47827148 0.40307617
vt 0.40307617 0.29589844
vt 0.40844727 0.29589844
vt 0.40698242 0.27807617
vt 0.40161133 0.27807617
vt 0.40307617 0.26000977
vt 0.40844727 0.26000977
vt 0.47192383 0.40673828
vt 0.47827148 0.40307617
vt 0.48046875 0.40844727
vt 0.47387695 0.41210938
vt 0.4675293 0.41552734
vt 0.46557617 0.4104004
vt 0.4440918 0.14001465
vt 0.43847656 0.18164062
vt 0.4465332 0.18164062
vt 0.43652344 0.14001465
vt 0.43652344 0.1194458
vt 0.44433594 0.1194458
vt 0.44580078 0.11975098
vt 0.4482422 0.16040039
vt 0.44018555 0.16040039
vt 0.43798828 0.11975098
vt 0.23718262 0.16040039
vt 0.22546387 0.18164062
vt 0.20996094 0.14001465
vt 0.22131348 0.11975098
vt 0.21166992 0.1194458
vt 0.20825195 0.14001465
vt 0.22375488 0.18164062
vt 0.23547363 0.16040039
vt 0.21972656 0.11975098
vt 0.20996094 0.1194458
vt 0.46777344 0.27807617
vt 0.47192383 0.30322266
vt 0.47827148 0.29589844
vt 0.48095703 0.27807617
vt 0.47827148 0.26000977
vt 0.47192383 0.25268555
vt 0.39648438 0.27807617
vt 0.41186523 0.27807617
vt 0.4104004 0.29589844
vt 0.4104004 0.26000977
vt 0.4675293 0.33764648
vt 0.46655273 0.33154297
vt 0.4506836 0.33496094
vt 0.45141602 0.34106445
vt 0.4765625 0.39941406
vt 0.46069336 0.40283203
vt 0.46069336 0.30419922
vt 0.46069336 0.2800293
vt 0.4765625 0.2800293
vt 0.4765625 0.30419922
vt 0.33764648 0.33740234
vt 0.39941406 0.30419922
vt 0.39941406 0.2800293
vt 0.33154297 0.32617188
vt 0.4506836 0.33496094
vt 0.46655273 0.33154297
vt 0.4765625 0.39941406
vt 0.46069336 0.4025879
vt 0.4025879 0.2800293
vt 0.40283203 0.30419922
vt 0.34106445 0.33740234
vt 0.33496094 0.32617188
vt 0.45922852 0.2770996
vt 0.4584961 0.2626953
vt 0.47753906 0.2626953
vt 0.47827148 0.2770996
vt 0.47827148 0.29418945
vt 0.45922852 0.29418945
vt 0.44604492 0.27246094
vt 0.4650879 0.27246094
vt 0.4650879 0.26342773
vt 0.44580078 0.26342773
vt 0.46777344 0.32836914
vt 0.47753906 0.39575195
vt 0.4584961 0.3996582
vt 0.44848633 0.33251953
vt 0.44799805 0.32788086
vt 0.46704102 0.32373047
vt 0.47827148 0.40039062
vt 0.47680664 0.390625
vt 0.45922852 0.40454102
vt 0.45776367 0.39453125
vt 0.4650879 0.3100586
vt 0.44799805 0.32788086
vt 0.44580078 0.31396484
vt 0.46704102 0.32373047
vt 0.4567871 0.38793945
vt 0.47583008 0.38378906
vt 0.4650879 0.3112793
vt 0.44604492 0.3154297
vt 0.390625 0.29370117
vt 0.40039062 0.29418945
vt 0.40063477 0.2770996
vt 0.38378906 0.2763672
vt 0.39575195 0.2626953
vt 0.32836914 0.2524414
vt 0.3112793 0.27246094
vt 0.32373047 0.24389648
vt 0.3100586 0.26342773
vt 0.45776367 0.29370117
vt 0.47680664 0.29370117
vt 0.47583008 0.2763672
vt 0.4567871 0.2763672
vt 0.40478516 0.2770996
vt 0.40454102 0.29418945
vt 0.39453125 0.29370117
vt 0.38793945 0.2763672
vt 0.3996582 0.2626953
vt 0.33251953 0.2524414
vt 0.3154297 0.27246094
vt 0.32788086 0.24389648
vt 0.31396484 0.26342773
vt 0.46484375 0.39453125
vt 0.47021484 0.39331055
vt 0.45874023 0.3166504
vt 0.45361328 0.3178711
vt 0.3178711 0.28149414
vt 0.3894043 0.27270508
vt 0.39453125 0.2854004
vt 0.32104492 0.2692871
vt 0.3166504 0.28149414
vt 0.39331055 0.2854004
vt 0.38842773 0.27270508
vt 0.32006836 0.2692871
vt 0.453125 0.2668457
vt 0.45825195 0.34960938
vt 0.44921875 0.34960938
vt 0.46191406 0.2668457
vt 0.3178711 0.26635742
vt 0.29589844 0.33666992
vt 0.2998047 0.34960938
vt 0.3256836 0.2668457
vt 0.3017578 0.34960938
vt 0.31982422 0.26635742
vt 0.32763672 0.2668457
vt 0.29785156 0.33666992
vt 0.44873047 0.33666992
vt 0.45751953 0.33666992
vt 0.4519043 0.26635742
vt 0.4609375 0.26635742
vt 0.44140625 0.15368652
vt 0.4501953 0.15368652
vt 0.45092773 0.32080078
vt 0.46191406 0.32080078
vt 0.46142578 0.36938477
vt 0.45043945 0.36938477
vt 0.44140625 0.24743652
vt 0.43945312 0.23461914
vt 0.4482422 0.23278809
vt 0.4501953 0.24560547
vt 0.23278809 0.15637207
vt 0.31469727 0.36938477
vt 0.31762695 0.32080078
vt 0.24560547 0.15368652
vt 0.23461914 0.15637207
vt 0.24743652 0.15368652
vt 0.32006836 0.32080078
vt 0.31713867 0.36938477
vt 0.3190918 0.38232422
vt 0.30371094 0.39746094
vt 0.3100586 0.39868164
vt 0.22314453 0.13269043
vt 0.21276855 0.15148926
vt 0.4477539 0.15148926
vt 0.44628906 0.39746094
vt 0.46240234 0.39746094
vt 0.43408203 0.15148926
vt 0.44726562 0.31347656
vt 0.4633789 0.3100586
vt 0.46240234 0.30371094
vt 0.44628906 0.3071289
vt 0.46484375 0.3190918
vt 0.4633789 0.3100586
vt 0.44726562 0.31347656
vt 0.44873047 0.32250977
vt 0.22607422 0.13269043
vt 0.3071289 0.39746094
vt 0.21557617 0.15148926
vt 0.32250977 0.38232422
vt 0.31347656 0.39868164
vt 0.46484375 0.38232422
vt 0.44873047 0.38232422
vt 0.4494629 0.13269043
vt 0.43554688 0.13269043
vt 0.43798828 0.22131348
vt 0.43652344 0.21166992
vt 0.44433594 0.20996094
vt 0.44580078 0.21972656
vt 0.004322052 0.0065345764
vt 0.009384155 0.0065345764
vt 0.004322052 5.9604645E-08
vt 0.009384155 5.9604645E-08
vt 0.031280518 0.0065345764
vt 0.031280518 5.9604645E-08
vt 0.07647705 5.9604645E-08
vt 0.056732178 0.021148682
vt 0.07952881 0.021148682
vt 0.04360962 0.021148682
vt 0.056732178 0.031234741
vt 0.7597656 0.036621094
vt 0.74365234 0.059692383
vt 0.7524414 0.06842041
vt 0.7714844 0.04144287
vt 0.04360962 0.031234741
vt 0.056732178 0.021148682
vt 0.056732178 0.031234741
vt 0.04360962 0.021148682
vt 0.04360962 0.021148682
vt 0.04360962 0.031234741
vt 0.02142334 0.021148682
vt 0.004322052 0.0065345764
vt 0.004322052 5.9604645E-08
vt 0.06744385 5.9604645E-08
vt 0.070495605 0.021148682
vt 0.7988281 0.00198555
vt 0.77734375 0.010871887
vt 0.7944336 5.9604645E-08
vt 0.7548828 0.06536865
vt 0.74560547 0.056640625
vt 0.7988281 0.0065345764
vt 0.7988281 5.9604645E-08
vt 0.7944336 0.0065345764
vt 0.7944336 5.9604645E-08
vt 0.77734375 0.0065345764
vt 0.77734375 5.9604645E-08
vt 0.056640625 5.9604645E-08
vt 0.010871887 0.0065345764
vt 0.010871887 5.9604645E-08
vt 0.036621094 0.021148682
vt 0.059692383 0.021148682
vt 0.023208618 0.021148682
vt 0.036621094 0.031234741
vt 0.7631836 0.021148682
vt 0.7548828 0.021148682
vt 0.75683594 5.9604645E-08
vt 0.765625 5.9604645E-08
vt 0.7714844 0.031234741
vt 0.7597656 0.031234741
vt 0.7597656 0.021148682
vt 0.7714844 0.021148682
vt 0.04144287 0.021148682
vt 0.01914978 0.021148682
vt 0.04144287 0.031234741
vt 0.00198555 0.0065345764
vt 0.00198555 5.9604645E-08
vt 0.06536865 5.9604645E-08
vt 0.06842041 0.021148682
vt 0.74365234 0.021148682
vt 0.74560547 5.9604645E-08
vt 0.7524414 0.021148682
vt 0.7548828 5.9604645E-08
vt 0.80371094 0.009384155
vt 0.80126953 0.004322052
vt 0.7890625 0.02142334
vt 0.7890625 0.04360962
vt 0.7734375 0.04360962
vt 0.77978516 0.056732178
vt 0.7944336 0
vt 0.7871094 0.01914978
vt 0.7988281 0.00198555
vt 0.7685547 0.023208618
vt 0.7714844 0.04144287
vt 0.7597656 0.036621094
vt 0.77978516 0.056732178
vt 0.7734375 0.04360962
vt 0.7548828 0.070495605
vt 0.7631836 0.07952881
vt 0.79785156 0.031280518
vt 0.80126953 0.004322052
vt 0.80371094 0.009384155
vt 0.75683594 0.06744385
vt 0.765625 0.07647705
vt 0.7709961 0.06561279
vt 0.7661133 0.07232666
vt 0.74902344 0.05496216
vt 0.75390625 0.048309326
vt 0.74902344 0.023239136
vt 0.7661133 0.023239136
vt 0.76416016 0.039154053
vt 0.74658203 0.039154053
vt 0.74902344 0.05508423
vt 0.7661133 0.05508423
vt 0.75390625 0.048309326
vt 0.7661133 0.07232666
vt 0.7709961 0.06561279
vt 0.7558594 0.039154053
vt 0.75390625 0.05508423
vt 0.7709961 0.05508423
vt 0.7734375 0.039154053
vt 0.7709961 0.023239136
vt 0.75390625 0.023239136
vt 0.07232666 0.023239136
vt 0.06561279 0.023239136
vt 0.062286377 0.039154053
vt 0.07562256 0.039154053
vt 0.07232666 0.05508423
vt 0.06561279 0.05508423
vt 0.048309326 0.023239136
vt 0.05496216 0.023239136
vt 0.05831909 0.039154053
vt 0.044952393 0.039154053
vt 0.048309326 0.05508423
vt 0.05496216 0.05508423
vt 0.7734375 0.061920166
vt 0.7651367 0.04486084
vt 0.7636719 0.061920166
vt 0.77734375 0.04486084
vt 0.6503906 0.4375
vt 0.6459961 0.46191406
vt 0.6279297 0.4375
vt 0.6279297 0.46191406
vt 0.77734375 0.05065918
vt 0.7475586 0.062683105
vt 0.7651367 0.038085938
vt 0.7602539 0.075683594
vt 0.73779297 0.07476807
vt 0.7519531 0.08880615
vt 0.640625 0.20373535
vt 0.66259766 0.22595215
vt 0.7636719 0.061920166
vt 0.7651367 0.04486084
vt 0.7475586 0.09106445
vt 0.6411133 0.40039062
vt 0.6279297 0.46191406
vt 0.6279297 0.4375
vt 0.22546387 0.40039062
vt 0.24438477 0.46191406
vt 0.24401855 0.4375
vt 0.05331421 0.061920166
vt 0.075683594 0.09106445
vt 0.05065918 0.04486084
vt 0.08880615 0.09820557
vt 0.22595215 0.36279297
vt 0.6503906 0.24401855
vt 0.6279297 0.22155762
vt 0.6411133 0.20422363
vt 0.6621094 0.22546387
vt 0.09472656 0.101135254
vt 0.08929443 0.111206055
vt 0.080444336 0.095947266
vt 0.051239014 0.025863647
vt 0.06964111 0.10205078
vt 0.045684814 0.05529785
vt 0.045043945 0.0340271
vt 0.74072266 0.097229004
vt 0.73291016 0.08929443
vt 0.7290039 0.09472656
vt 0.7368164 0.10266113
vt 0.76123047 0.051239014
vt 0.765625 0.045043945
vt 0.7714844 0.050994873
vt 0.76708984 0.05718994
vt 0.7290039 0.09472656
vt 0.7368164 0.10266113
vt 0.7392578 0.080444336
vt 0.73291016 0.08929443
vt 0.74072266 0.097229004
vt 0.7470703 0.088134766
vt 0.7470703 0.06964111
vt 0.75439453 0.0769043
vt 0.10266113 0.101135254
vt 0.088134766 0.095947266
vt 0.097229004 0.111206055
vt 0.05718994 0.025863647
vt 0.0769043 0.10205078
vt 0.051635742 0.05529785
vt 0.050994873 0.0340271
vt 0.7709961 0.05529785
vt 0.7714844 0.0340271
vt 0.765625 0.0340271
vt 0.7651367 0.05529785
vt 0.64990234 0.23486328
vt 0.6352539 0.2199707
vt 0.65966797 0.18908691
vt 0.6713867 0.20080566
vt 0.6713867 0.1730957
vt 0.6826172 0.18444824
vt 0.20654297 0.3942871
vt 0.1730957 0.30859375
vt 0.18908691 0.3034668
vt 0.2199707 0.35717773
vt 0.22888184 0.3947754
vt 0.22265625 0.4152832
vt 0.6484375 0.23852539
vt 0.6323242 0.22265625
vt 0.62841797 0.22888184
vt 0.64404297 0.24438477
vt 0.20080566 0.3034668
vt 0.18444824 0.30859375
vt 0.22167969 0.3942871
vt 0.23486328 0.35717773
vt 0.24438477 0.3947754
vt 0.23852539 0.4152832
vt 0.20422363 0.40039062
vt 0.062683105 0.09106445
vt 0.07476807 0.09820557
vt 0.20373535 0.36279297
vt 0.64404297 0.3947754
vt 0.62841797 0.3947754
vt 0.6352539 0.35717773
vt 0.64990234 0.35717773
vt 0.64453125 0.20654297
vt 0.6484375 0.23852539
vt 0.65966797 0.22167969
vt 0.6323242 0.22265625
vt 0.7636719 0.043548584
vt 0.6279297 0.22631836
vt 0.6459961 0.24438477
vt 0.7734375 0.05331421
vt 0.6621094 0.40039062
vt 0.6411133 0.40039062
vt 0.640625 0.36279297
vt 0.66259766 0.36279297
vt 0.36987305 0.20751953
vt 0.37939453 0.17529297
vt 0.35986328 0.16113281
vt 0.33276367 0.24633789
vt 0.29711914 0.2368164
vt 0.2763672 0.29614258
vt 0.32958984 0.27807617
vt 0.24707031 0.3647461
vt 0.23925781 0.34179688
vt 0.22741699 0.3720703
vt 0.23522949 0.3947754
vt 0.6269531 0.23449707
vt 0.56884766 0.31469727
vt 0.5834961 0.32958984
vt 0.63964844 0.24707031
vt 0.35375977 0.20751953
vt 0.34399414 0.16113281
vt 0.3630371 0.17529297
vt 0.3178711 0.24633789
vt 0.28320312 0.2368164
vt 0.2631836 0.29614258
vt 0.31469727 0.27807617
vt 0.23449707 0.3647461
vt 0.22692871 0.34179688
vt 0.21508789 0.3720703
vt 0.22265625 0.3947754
vt 0.55615234 0.36987305
vt 0.58154297 0.33276367
vt 0.56640625 0.3178711
vt 0.54052734 0.35375977
vt 0.5336914 0.3630371
vt 0.5498047 0.37939453
vt 0.5629883 0.35986328
vt 0.5473633 0.34399414
vt 0.60546875 0.29711914
vt 0.5917969 0.28320312
vt 0.6064453 0.2631836
vt 0.6196289 0.2763672
vt 0.6328125 0.22692871
vt 0.64501953 0.23925781
vt 0.6533203 0.22741699
vt 0.6411133 0.21508789
vt 0.5834961 0.27807617
vt 0.56884766 0.27807617
vt 0.58154297 0.24633789
vt 0.56640625 0.24633789
vt 0.37182617 0.21191406
vt 0.3173828 0.27075195
vt 0.3244629 0.20080566
vt 0.36645508 0.14794922
vt 0.3815918 0.17492676
vt 0.37939453 0.1595459
vt 0.5366211 0.36645508
vt 0.5673828 0.3244629
vt 0.5761719 0.3330078
vt 0.5463867 0.37646484
vt 0.52685547 0.37939453
vt 0.53759766 0.38989258
vt 0.38208008 0.21191406
vt 0.3330078 0.20080566
vt 0.32592773 0.27075195
vt 0.37646484 0.14794922
vt 0.39208984 0.17492676
vt 0.38989258 0.1595459
vt 0.5805664 0.32592773
vt 0.5722656 0.3173828
vt 0.54296875 0.38208008
vt 0.53271484 0.37182617
vt 0.54296875 0.21191406
vt 0.53271484 0.21191406
vt 0.5361328 0.17492676
vt 0.5253906 0.17492676
vt 0.52685547 0.1595459
vt 0.53759766 0.1595459
vt 0.5449219 0.21643066
vt 0.5151367 0.17492676
vt 0.5151367 0.21643066
vt 0.5449219 0.17492676
vt 0.4260254 0.14501953
vt 0.37963867 0.21643066
vt 0.4260254 0.21643066
vt 0.37963867 0.17492676
vt 0.3876953 0.14501953
vt 0.5151367 0.4260254
vt 0.5449219 0.4260254
vt 0.5449219 0.37963867
vt 0.5151367 0.37963867
vt 0.4260254 0.21643066
vt 0.37963867 0.21643066
vt 0.4260254 0.14501953
vt 0.37963867 0.17492676
vt 0.3876953 0.14501953
vt 0.5449219 0.17492676
vt 0.5449219 0.14501953
vt 0.5151367 0.14501953
vt 0.5151367 0.17492676
vt 0.5449219 0.3876953
vt 0.5449219 0.4260254
vt 0.5151367 0.4260254
vt 0.5151367 0.3876953
vt 0.4580078 0.15563965
vt 0.4580078 0.23339844
vt 0.44189453 0.23339844
vt 0.44189453 0.15563965
vt 0.4260254 0.23339844
vt 0.4260254 0.15563965
vt 0.4580078 0.23339844
vt 0.4580078 0.15563965
vt 0.44189453 0.15563965
vt 0.44189453 0.23339844
vt 0.4260254 0.15563965
vt 0.4260254 0.23339844
vt 0.53808594 0.4260254
vt 0.54541016 0.44189453
vt 0.53808594 0.4580078
vt 0.52246094 0.4580078
vt 0.52246094 0.4260254
vt 0.51464844 0.44189453
vt 0.52246094 0.23339844
vt 0.53808594 0.23339844
vt 0.52246094 0.15563965
vt 0.53808594 0.15563965
vt 0.52246094 0.4260254
vt 0.51464844 0.44189453
vt 0.52246094 0.4580078
vt 0.53808594 0.4260254
vt 0.53808594 0.4580078
vt 0.54541016 0.44189453
vt 0.6665039 0.2142334
vt 0.6616211 0.22070312
vt 0.64941406 0.19726562
vt 0.64501953 0.20373535
vt 0.64160156 0.2084961
vt 0.6586914 0.22546387
vt 0.6425781 0.33691406
vt 0.64160156 0.3190918
vt 0.6586914 0.3190918
vt 0.65966797 0.33691406
vt 0.6425781 0.20678711
vt 0.65966797 0.22363281
vt 0.6640625 0.21728516
vt 0.64746094 0.20031738
vt 0.6508789 0.19555664
vt 0.66748047 0.21252441
vt 0.64941406 0.31079102
vt 0.6508789 0.32861328
vt 0.6665039 0.31079102
vt 0.66748047 0.32861328
vt 0.22546387 0.3190918
vt 0.22070312 0.30615234
vt 0.2142334 0.31079102
vt 0.21252441 0.32861328
vt 0.22363281 0.33691406
vt 0.21728516 0.34155273
vt 0.20678711 0.33691406
vt 0.20031738 0.34155273
vt 0.19555664 0.32861328
vt 0.2084961 0.3190918
vt 0.19726562 0.31079102
vt 0.20373535 0.30615234
vt 0.5151367 0.21643066
vt 0.5151367 0.14501953
vt 0.5449219 0.14501953
vt 0.5449219 0.21643066
vt 0.63964844 0.24707031
vt 0.6479492 0.23522949
vt 0.6352539 0.22265625
vt 0.6269531 0.23449707
vt 0.53808594 0.23339844
vt 0.52246094 0.23339844
vt 0.53808594 0.15563965
vt 0.52246094 0.15563965
vt 0.004322052 0.0065345764
vt 0.004322052 5.9604645E-08
vt 0.009384155 0.0065345764
vt 0.009384155 5.9604645E-08
vt 0.031280518 0.0065345764
vt 0.031280518 5.9604645E-08
vt 0.07647705 5.9604645E-08
vt 0.056732178 0.021148682
vt 0.07952881 0.021148682
vt 0.04360962 0.021148682
vt 0.056732178 0.031234741
vt 0.24743652 0.06842041
vt 0.25634766 0.059692383
vt 0.24047852 0.036621094
vt 0.22851562 0.04144287
vt 0.04360962 0.031234741
vt 0.056732178 0.031234741
vt 0.056732178 0.021148682
vt 0.04360962 0.021148682
vt 0.04360962 0.021148682
vt 0.02142334 0.021148682
vt 0.04360962 0.031234741
vt 0.004322052 0.0065345764
vt 0.004322052 5.9604645E-08
vt 0.06744385 5.9604645E-08
vt 0.070495605 0.021148682
vt 0.2010498 0.00198555
vt 0.2055664 5.9604645E-08
vt 0.22265625 0.010871887
vt 0.24523926 0.06536865
vt 0.2541504 0.056640625
vt 0.2055664 0.0065345764
vt 0.2010498 5.9604645E-08
vt 0.2010498 0.0065345764
vt 0.2055664 5.9604645E-08
vt 0.22265625 0.0065345764
vt 0.22265625 5.9604645E-08
vt 0.056640625 5.9604645E-08
vt 0.010871887 5.9604645E-08
vt 0.010871887 0.0065345764
vt 0.036621094 0.021148682
vt 0.059692383 0.021148682
vt 0.023208618 0.021148682
vt 0.036621094 0.031234741
vt 0.24316406 5.9604645E-08
vt 0.24536133 0.021148682
vt 0.23657227 0.021148682
vt 0.23449707 5.9604645E-08
vt 0.22851562 0.031234741
vt 0.24047852 0.021148682
vt 0.24047852 0.031234741
vt 0.22851562 0.021148682
vt 0.04144287 0.021148682
vt 0.04144287 0.031234741
vt 0.01914978 0.021148682
vt 0.00198555 0.0065345764
vt 0.00198555 5.9604645E-08
vt 0.06536865 5.9604645E-08
vt 0.06842041 0.021148682
vt 0.25634766 0.021148682
vt 0.24743652 0.021148682
vt 0.2541504 5.9604645E-08
vt 0.24523926 5.9604645E-08
vt 0.19628906 0.009384155
vt 0.21069336 0.02142334
vt 0.19873047 0.004322052
vt 0.2109375 0.04360962
vt 0.22644043 0.04360962
vt 0.22033691 0.056732178
vt 0.2055664 0
vt 0.2010498 0.00198555
vt 0.2130127 0.01914978
vt 0.23132324 0.023208618
vt 0.22851562 0.04144287
vt 0.24047852 0.036621094
vt 0.24536133 0.070495605
vt 0.22644043 0.04360962
vt 0.22033691 0.056732178
vt 0.23657227 0.07952881
vt 0.20227051 0.031280518
vt 0.19628906 0.009384155
vt 0.19873047 0.004322052
vt 0.24316406 0.06744385
vt 0.23449707 0.07647705
vt 0.25097656 0.05496216
vt 0.23364258 0.07232666
vt 0.2290039 0.06561279
vt 0.24621582 0.048309326
vt 0.25097656 0.023239136
vt 0.23596191 0.039154053
vt 0.23364258 0.023239136
vt 0.25341797 0.039154053
vt 0.25097656 0.05508423
vt 0.23364258 0.05508423
vt 0.23364258 0.07232666
vt 0.24621582 0.048309326
vt 0.2290039 0.06561279
vt 0.2290039 0.05508423
vt 0.24621582 0.05508423
vt 0.24389648 0.039154053
vt 0.22668457 0.039154053
vt 0.2290039 0.023239136
vt 0.24621582 0.023239136
vt 0.062286377 0.039154053
vt 0.06561279 0.023239136
vt 0.07232666 0.023239136
vt 0.07562256 0.039154053
vt 0.07232666 0.05508423
vt 0.06561279 0.05508423
vt 0.05831909 0.039154053
vt 0.05496216 0.023239136
vt 0.048309326 0.023239136
vt 0.044952393 0.039154053
vt 0.048309326 0.05508423
vt 0.05496216 0.05508423
vt 0.22680664 0.061920166
vt 0.2364502 0.061920166
vt 0.23510742 0.04486084
vt 0.22253418 0.04486084
vt 0.3540039 0.46191406
vt 0.37231445 0.4375
vt 0.37182617 0.46191406
vt 0.34985352 0.4375
vt 0.22253418 0.05065918
vt 0.23510742 0.038085938
vt 0.25268555 0.062683105
vt 0.2397461 0.075683594
vt 0.2619629 0.07476807
vt 0.24804688 0.08880615
vt 0.35961914 0.20373535
vt 0.33740234 0.22595215
vt 0.2364502 0.061920166
vt 0.25268555 0.09106445
vt 0.23510742 0.04486084
vt 0.35888672 0.40039062
vt 0.37182617 0.46191406
vt 0.37231445 0.4375
vt 0.22546387 0.40039062
vt 0.24401855 0.4375
vt 0.24438477 0.46191406
vt 0.05331421 0.061920166
vt 0.075683594 0.09106445
vt 0.05065918 0.04486084
vt 0.08880615 0.09820557
vt 0.22595215 0.36279297
vt 0.34985352 0.24401855
vt 0.33789062 0.22546387
vt 0.35888672 0.20422363
vt 0.37231445 0.22155762
vt 0.09472656 0.101135254
vt 0.080444336 0.095947266
vt 0.08929443 0.111206055
vt 0.051239014 0.025863647
vt 0.06964111 0.10205078
vt 0.045684814 0.05529785
vt 0.045043945 0.0340271
vt 0.27075195 0.09472656
vt 0.26708984 0.08929443
vt 0.25927734 0.097229004
vt 0.26293945 0.10266113
vt 0.23864746 0.051239014
vt 0.22839355 0.050994873
vt 0.23425293 0.045043945
vt 0.23266602 0.05718994
vt 0.27075195 0.09472656
vt 0.26293945 0.10266113
vt 0.25927734 0.097229004
vt 0.26708984 0.08929443
vt 0.2607422 0.080444336
vt 0.2529297 0.088134766
vt 0.25268555 0.06964111
vt 0.2454834 0.0769043
vt 0.10266113 0.101135254
vt 0.097229004 0.111206055
vt 0.088134766 0.095947266
vt 0.05718994 0.025863647
vt 0.0769043 0.10205078
vt 0.051635742 0.05529785
vt 0.050994873 0.0340271
vt 0.22875977 0.05529785
vt 0.23474121 0.05529785
vt 0.23425293 0.0340271
vt 0.22839355 0.0340271
vt 0.34033203 0.18908691
vt 0.3647461 0.2199707
vt 0.34985352 0.23486328
vt 0.32861328 0.20080566
vt 0.32885742 0.1730957
vt 0.3173828 0.18444824
vt 0.18908691 0.3034668
vt 0.1730957 0.30859375
vt 0.20654297 0.3942871
vt 0.2199707 0.35717773
vt 0.22888184 0.3947754
vt 0.22265625 0.4152832
vt 0.37158203 0.22888184
vt 0.36743164 0.22265625
vt 0.3515625 0.23852539
vt 0.35595703 0.24438477
vt 0.18444824 0.30859375
vt 0.20080566 0.3034668
vt 0.22167969 0.3942871
vt 0.23486328 0.35717773
vt 0.24438477 0.3947754
vt 0.23852539 0.4152832
vt 0.07476807 0.09820557
vt 0.062683105 0.09106445
vt 0.20422363 0.40039062
vt 0.20373535 0.36279297
vt 0.3647461 0.35717773
vt 0.37158203 0.3947754
vt 0.35595703 0.3947754
vt 0.34985352 0.35717773
vt 0.36743164 0.22265625
vt 0.35546875 0.20654297
vt 0.3515625 0.23852539
vt 0.34033203 0.22167969
vt 0.3540039 0.24438477
vt 0.37182617 0.22631836
vt 0.2364502 0.043548584
vt 0.22680664 0.05331421
vt 0.33789062 0.40039062
vt 0.33740234 0.36279297
vt 0.35961914 0.36279297
vt 0.35888672 0.40039062
vt 0.36987305 0.20751953
vt 0.35986328 0.16113281
vt 0.37939453 0.17529297
vt 0.33276367 0.24633789
vt 0.29711914 0.2368164
vt 0.2763672 0.29614258
vt 0.32958984 0.27807617
vt 0.24707031 0.3647461
vt 0.23925781 0.34179688
vt 0.22741699 0.3720703
vt 0.23522949 0.3947754
vt 0.37280273 0.23449707
vt 0.36035156 0.24707031
vt 0.4165039 0.32958984
vt 0.43115234 0.31469727
vt 0.35375977 0.20751953
vt 0.3630371 0.17529297
vt 0.34399414 0.16113281
vt 0.3178711 0.24633789
vt 0.28320312 0.2368164
vt 0.2631836 0.29614258
vt 0.31469727 0.27807617
vt 0.23449707 0.3647461
vt 0.22692871 0.34179688
vt 0.21508789 0.3720703
vt 0.22265625 0.3947754
vt 0.43359375 0.3178711
vt 0.41870117 0.33276367
vt 0.44360352 0.36987305
vt 0.4597168 0.35375977
vt 0.4663086 0.3630371
vt 0.4501953 0.37939453
vt 0.43701172 0.35986328
vt 0.45263672 0.34399414
vt 0.39453125 0.29711914
vt 0.40820312 0.28320312
vt 0.3935547 0.2631836
vt 0.3803711 0.2763672
vt 0.36743164 0.22692871
vt 0.3552246 0.23925781
vt 0.34692383 0.22741699
vt 0.35913086 0.21508789
vt 0.4165039 0.27807617
vt 0.41870117 0.24633789
vt 0.43115234 0.27807617
vt 0.43359375 0.24633789
vt 0.3244629 0.20080566
vt 0.3173828 0.27075195
vt 0.37182617 0.21191406
vt 0.36645508 0.14794922
vt 0.3815918 0.17492676
vt 0.37939453 0.1595459
vt 0.42407227 0.3330078
vt 0.43286133 0.3244629
vt 0.4633789 0.36645508
vt 0.45336914 0.37646484
vt 0.4729004 0.37939453
vt 0.46264648 0.38989258
vt 0.32592773 0.27075195
vt 0.3330078 0.20080566
vt 0.38208008 0.21191406
vt 0.37646484 0.14794922
vt 0.39208984 0.17492676
vt 0.38989258 0.1595459
vt 0.42773438 0.3173828
vt 0.4572754 0.38208008
vt 0.46728516 0.37182617
vt 0.41918945 0.32592773
vt 0.46411133 0.17492676
vt 0.46728516 0.21191406
vt 0.4572754 0.21191406
vt 0.47436523 0.17492676
vt 0.4729004 0.1595459
vt 0.46264648 0.1595459
vt 0.45483398 0.21643066
vt 0.48461914 0.21643066
vt 0.48461914 0.17492676
vt 0.45483398 0.17492676
vt 0.4260254 0.14501953
vt 0.4260254 0.21643066
vt 0.37963867 0.21643066
vt 0.37963867 0.17492676
vt 0.3876953 0.14501953
vt 0.48461914 0.4260254
vt 0.48461914 0.37963867
vt 0.45483398 0.37963867
vt 0.45483398 0.4260254
vt 0.4260254 0.21643066
vt 0.4260254 0.14501953
vt 0.37963867 0.21643066
vt 0.37963867 0.17492676
vt 0.3876953 0.14501953
vt 0.45483398 0.17492676
vt 0.48461914 0.17492676
vt 0.48461914 0.14501953
vt 0.45483398 0.14501953
vt 0.45483398 0.3876953
vt 0.48461914 0.3876953
vt 0.48461914 0.4260254
vt 0.45483398 0.4260254
vt 0.4580078 0.15563965
vt 0.44189453 0.23339844
vt 0.4580078 0.23339844
vt 0.44189453 0.15563965
vt 0.4260254 0.23339844
vt 0.4260254 0.15563965
vt 0.4580078 0.23339844
vt 0.44189453 0.15563965
vt 0.4580078 0.15563965
vt 0.44189453 0.23339844
vt 0.4260254 0.15563965
vt 0.4260254 0.23339844
vt 0.47753906 0.4260254
vt 0.48535156 0.44189453
vt 0.47753906 0.4580078
vt 0.4621582 0.4260254
vt 0.4621582 0.4580078
vt 0.4543457 0.44189453
vt 0.47753906 0.15563965
vt 0.4621582 0.23339844
vt 0.47753906 0.23339844
vt 0.4621582 0.15563965
vt 0.47753906 0.4260254
vt 0.47753906 0.4580078
vt 0.48535156 0.44189453
vt 0.4621582 0.4260254
vt 0.4621582 0.4580078
vt 0.4543457 0.44189453
vt 0.33813477 0.22070312
vt 0.33374023 0.2142334
vt 0.35058594 0.19726562
vt 0.35498047 0.20373535
vt 0.35839844 0.2084961
vt 0.34155273 0.22546387
vt 0.35717773 0.33691406
vt 0.34033203 0.33691406
vt 0.34155273 0.3190918
vt 0.35839844 0.3190918
vt 0.35717773 0.20678711
vt 0.33569336 0.21728516
vt 0.34033203 0.22363281
vt 0.35253906 0.20031738
vt 0.34936523 0.19555664
vt 0.33251953 0.21252441
vt 0.34936523 0.32861328
vt 0.33374023 0.31079102
vt 0.33251953 0.32861328
vt 0.35058594 0.31079102
vt 0.2142334 0.31079102
vt 0.22070312 0.30615234
vt 0.22546387 0.3190918
vt 0.21252441 0.32861328
vt 0.22363281 0.33691406
vt 0.21728516 0.34155273
vt 0.2084961 0.3190918
vt 0.20373535 0.30615234
vt 0.19726562 0.31079102
vt 0.19555664 0.32861328
vt 0.20678711 0.33691406
vt 0.20031738 0.34155273
vt 0.48461914 0.21643066
vt 0.45483398 0.21643066
vt 0.45483398 0.14501953
vt 0.48461914 0.14501953
vt 0.36035156 0.24707031
vt 0.37280273 0.23449707
vt 0.36450195 0.22265625
vt 0.35205078 0.23522949
vt 0.4621582 0.15563965
vt 0.47753906 0.23339844
vt 0.4621582 0.23339844
vt 0.47753906 0.15563965
vt 0.53271484 0.0065345764
vt 0.53808594 0.0065345764
vt 0.53808594 5.9604645E-08
vt 0.53271484 5.9604645E-08
vt 0.9790039 0.0065345764
vt 0.9975586 5.9604645E-08
vt 0.9975586 0.0065345764
vt 0.9790039 5.9604645E-08
vt 0.9296875 5.9604645E-08
vt 0.9511719 0.021148682
vt 0.92626953 0.021148682
vt 0.9658203 0.021148682
vt 0.9511719 0.031234741
vt 0.9277344 0.52197266
vt 0.95703125 0.52490234
vt 0.9536133 0.5102539
vt 0.92871094 0.5083008
vt 0.5283203 0.031234741
vt 0.5415039 0.021148682
vt 0.5415039 0.031234741
vt 0.5283203 0.021148682
vt 0.95703125 0.021148682
vt 0.95703125 0.031234741
vt 0.98095703 0.021148682
vt 0.9995117 0.0065345764
vt 0.9995117 5.9604645E-08
vt 0.93115234 5.9604645E-08
vt 0.9277344 0.021148682
vt 1 0.5292969
vt 0.9814453 0.5131836
vt 0.99853516 0.5234375
vt 0.93115234 0.52197266
vt 0.9321289 0.5083008
vt 0.5234375 5.9604645E-08
vt 0.5234375 0.0065345764
vt 0.5292969 0.0065345764
vt 0.5292969 5.9604645E-08
vt 0.99853516 0.0065345764
vt 0.99853516 5.9604645E-08
vt 0.9814453 0.0065345764
vt 0.9814453 5.9604645E-08
vt 0.9321289 5.9604645E-08
vt 0.9536133 0.021148682
vt 0.92871094 0.021148682
vt 0.9682617 0.021148682
vt 0.9536133 0.031234741
vt 0.5390625 0.021148682
vt 0.52490234 0.021148682
vt 0.5253906 5.9604645E-08
vt 0.5390625 5.9604645E-08
vt 0.52490234 0.031234741
vt 0.5102539 0.031234741
vt 0.5102539 0.021148682
vt 0.52490234 0.021148682
vt 0.95703125 0.021148682
vt 0.9814453 0.021148682
vt 0.95703125 0.031234741
vt 1 0.0065345764
vt 1 5.9604645E-08
vt 0.93115234 5.9604645E-08
vt 0.9277344 0.021148682
vt 0.5083008 0.021148682
vt 0.5083008 5.9604645E-08
vt 0.52197266 0.021148682
vt 0.52197266 5.9604645E-08
vt 0.9975586 0.53808594
vt 0.9995117 0.53271484
vt 0.98095703 0.5307617
vt 0.9658203 0.54345703
vt 0.95703125 0.5283203
vt 0.9511719 0.5415039
vt 0.99853516 0.5234375
vt 0.9814453 0.52734375
vt 1 0.5292969
vt 0.9682617 0.51171875
vt 0.95703125 0.52490234
vt 0.9536133 0.5102539
vt 0.9277344 0.52490234
vt 0.92626953 0.5390625
vt 0.9511719 0.5415039
vt 0.95703125 0.5283203
vt 0.9790039 0.5449219
vt 0.9995117 0.53271484
vt 0.9975586 0.53808594
vt 0.93115234 0.5253906
vt 0.9296875 0.5390625
vt 0.9350586 0.5107422
vt 0.9423828 0.51123047
vt 0.9404297 0.5385742
vt 0.93310547 0.53759766
vt 0.5107422 0.023239136
vt 0.53759766 0.023239136
vt 0.5371094 0.039154053
vt 0.5102539 0.039154053
vt 0.5107422 0.05508423
vt 0.53759766 0.05508423
vt 0.93310547 0.53759766
vt 0.9404297 0.5385742
vt 0.9423828 0.51123047
vt 0.9350586 0.5107422
vt 0.51171875 0.039154053
vt 0.51123047 0.05508423
vt 0.5385742 0.05508423
vt 0.5385742 0.039154053
vt 0.5385742 0.023239136
vt 0.51123047 0.023239136
vt 0.93310547 0.023239136
vt 0.9404297 0.023239136
vt 0.94384766 0.039154053
vt 0.9291992 0.039154053
vt 0.93310547 0.05508423
vt 0.9404297 0.05508423
vt 0.9350586 0.05508423
vt 0.9423828 0.05508423
vt 0.9458008 0.039154053
vt 0.9316406 0.039154053
vt 0.9350586 0.023239136
vt 0.9423828 0.023239136
vt 0.51660156 0.04486084
vt 0.5332031 0.061920166
vt 0.5361328 0.04486084
vt 0.5180664 0.061920166
vt 0.52246094 0.4375
vt 0.5185547 0.46191406
vt 0.48754883 0.4375
vt 0.49072266 0.46191406
vt 0.92871094 0.5136719
vt 0.9555664 0.51660156
vt 0.95410156 0.5361328
vt 0.9272461 0.5336914
vt 0.9135742 0.5332031
vt 0.91503906 0.51123047
vt 0.7680664 0.5239258
vt 0.7709961 0.4897461
vt 0.9511719 0.061920166
vt 0.9555664 0.04486084
vt 0.92871094 0.09106445
vt 0.7705078 0.40039062
vt 0.7480469 0.46191406
vt 0.75146484 0.4375
vt 0.91503906 0.09820557
vt 0.7709961 0.36279297
vt 0.7685547 0.40039062
vt 0.74609375 0.46191406
vt 0.74853516 0.4375
vt 0.9501953 0.061920166
vt 0.9272461 0.09106445
vt 0.95410156 0.04486084
vt 0.9135742 0.09820557
vt 0.7680664 0.36279297
vt 0.7705078 0.49047852
vt 0.7685547 0.5234375
vt 0.74853516 0.52246094
vt 0.75146484 0.48754883
vt 0.8964844 0.101135254
vt 0.90234375 0.111206055
vt 0.9121094 0.095947266
vt 0.9448242 0.025863647
vt 0.9238281 0.10205078
vt 0.9506836 0.05529785
vt 0.9511719 0.0340271
vt 0.9013672 0.52685547
vt 0.90234375 0.51464844
vt 0.8964844 0.51416016
vt 0.8955078 0.5263672
vt 0.9511719 0.5214844
vt 0.9506836 0.5307617
vt 0.9448242 0.5205078
vt 0.94384766 0.52978516
vt 0.8964844 0.51416016
vt 0.8955078 0.5263672
vt 0.9121094 0.515625
vt 0.90234375 0.51464844
vt 0.9013672 0.52685547
vt 0.9111328 0.52783203
vt 0.9238281 0.5175781
vt 0.92333984 0.5288086
vt 0.8955078 0.101135254
vt 0.9111328 0.095947266
vt 0.9013672 0.111206055
vt 0.94384766 0.025863647
vt 0.92333984 0.10205078
vt 0.9501953 0.05529785
vt 0.9506836 0.0340271
vt 0.53027344 0.05529785
vt 0.5307617 0.0340271
vt 0.5214844 0.0340271
vt 0.5209961 0.05529785
vt 0.79052734 0.5180664
vt 0.7548828 0.51708984
vt 0.75683594 0.49389648
vt 0.7919922 0.5
vt 0.80810547 0.52001953
vt 0.8095703 0.5024414
vt 0.7709961 0.3942871
vt 0.8095703 0.30859375
vt 0.7919922 0.3034668
vt 0.75683594 0.35717773
vt 0.75341797 0.4152832
vt 0.74658203 0.3947754
vt 0.49291992 0.4152832
vt 0.51660156 0.3947754
vt 0.5175781 0.4152832
vt 0.49243164 0.3947754
vt 0.49389648 0.35717773
vt 0.51708984 0.35717773
vt 0.76953125 0.3942871
vt 0.79052734 0.3034668
vt 0.80810547 0.30859375
vt 0.7548828 0.35717773
vt 0.75146484 0.4152832
vt 0.7451172 0.3947754
vt 0.75146484 0.5175781
vt 0.76953125 0.5185547
vt 0.7709961 0.49536133
vt 0.75341797 0.49291992
vt 0.9501953 0.5332031
vt 0.7480469 0.49072266
vt 0.74609375 0.5185547
vt 0.9511719 0.5180664
vt 0.5234375 0.40039062
vt 0.49047852 0.40039062
vt 0.4897461 0.36279297
vt 0.5239258 0.36279297
vt 0.6088867 0.20751953
vt 0.5986328 0.17529297
vt 0.6196289 0.16113281
vt 0.6484375 0.24633789
vt 0.68652344 0.2368164
vt 0.7089844 0.29614258
vt 0.65185547 0.27807617
vt 0.74072266 0.3647461
vt 0.74902344 0.34179688
vt 0.76171875 0.3720703
vt 0.75341797 0.3947754
vt 0.7504883 0.49536133
vt 0.7089844 0.5107422
vt 0.7104492 0.49047852
vt 0.74902344 0.51416016
vt 0.76171875 0.515625
vt 0.7631836 0.49658203
vt 0.49047852 0.29614258
vt 0.5107422 0.29614258
vt 0.50927734 0.2368164
vt 0.48754883 0.2368164
vt 0.62109375 0.47924805
vt 0.68847656 0.48754883
vt 0.68652344 0.50927734
vt 0.6196289 0.50341797
vt 0.60009766 0.4765625
vt 0.5986328 0.5019531
vt 0.65185547 0.50634766
vt 0.74072266 0.5136719
vt 0.7421875 0.49438477
vt 0.6538086 0.4831543
vt 0.61035156 0.20751953
vt 0.62109375 0.16113281
vt 0.60009766 0.17529297
vt 0.64990234 0.24633789
vt 0.68847656 0.2368164
vt 0.7104492 0.29614258
vt 0.6538086 0.27807617
vt 0.7421875 0.3647461
vt 0.7504883 0.34179688
vt 0.7631836 0.3720703
vt 0.7548828 0.3947754
vt 0.4777832 0.20751953
vt 0.5019531 0.17529297
vt 0.5024414 0.20751953
vt 0.4765625 0.17529297
vt 0.6088867 0.5024414
vt 0.6484375 0.5058594
vt 0.64990234 0.48291016
vt 0.61035156 0.4777832
vt 0.50634766 0.27807617
vt 0.4831543 0.27807617
vt 0.5058594 0.24633789
vt 0.48291016 0.24633789
vt 0.59375 0.21191406
vt 0.6538086 0.27075195
vt 0.6459961 0.20080566
vt 0.5996094 0.14794922
vt 0.5830078 0.17492676
vt 0.5854492 0.1595459
vt 0.5996094 0.4814453
vt 0.6459961 0.4873047
vt 0.64501953 0.50097656
vt 0.5986328 0.49682617
vt 0.5839844 0.49560547
vt 0.5854492 0.4794922
vt 0.59228516 0.21191406
vt 0.64501953 0.20080566
vt 0.65283203 0.27075195
vt 0.5986328 0.14794922
vt 0.58154297 0.17492676
vt 0.5839844 0.1595459
vt 0.59228516 0.4963379
vt 0.65283203 0.50146484
vt 0.6538086 0.4880371
vt 0.59375 0.4807129
vt 0.4963379 0.21191406
vt 0.4807129 0.21191406
vt 0.49536133 0.17492676
vt 0.47924805 0.17492676
vt 0.4794922 0.1595459
vt 0.49560547 0.1595459
vt 0.47021484 0.21643066
vt 0.5058594 0.21643066
vt 0.5058594 0.17492676
vt 0.47021484 0.17492676
vt 0.54833984 0.14501953
vt 0.58691406 0.21643066
vt 0.54833984 0.21643066
vt 0.58691406 0.17492676
vt 0.5800781 0.14501953
vt 0.58691406 0.5058594
vt 0.58935547 0.47021484
vt 0.55078125 0.4663086
vt 0.54833984 0.50146484
vt 0.55078125 0.21643066
vt 0.58935547 0.21643066
vt 0.55078125 0.14501953
vt 0.58935547 0.17492676
vt 0.58251953 0.14501953
vt 0.47021484 0.17492676
vt 0.5058594 0.17492676
vt 0.5048828 0.14501953
vt 0.46948242 0.14501953
vt 0.55078125 0.4663086
vt 0.58251953 0.46948242
vt 0.5800781 0.5048828
vt 0.54833984 0.50146484
vt 0.5234375 0.23339844
vt 0.53759766 0.23339844
vt 0.5234375 0.15563965
vt 0.53759766 0.15563965
vt 0.55029297 0.23339844
vt 0.55029297 0.15563965
vt 0.52197266 0.23339844
vt 0.52197266 0.15563965
vt 0.53466797 0.15563965
vt 0.53466797 0.23339844
vt 0.5488281 0.15563965
vt 0.5488281 0.23339844
vt 0.5488281 0.49316406
vt 0.53466797 0.50097656
vt 0.52197266 0.49023438
vt 0.5234375 0.47192383
vt 0.55029297 0.47485352
vt 0.53759766 0.46411133
vt 0.47485352 0.23339844
vt 0.49316406 0.23339844
vt 0.47485352 0.15563965
vt 0.49316406 0.15563965
vt 0.52197266 0.49023438
vt 0.53466797 0.50097656
vt 0.5488281 0.49316406
vt 0.5234375 0.47192383
vt 0.55029297 0.47485352
vt 0.53759766 0.46411133
vt 0.78027344 0.49487305
vt 0.7783203 0.5209961
vt 0.7714844 0.5205078
vt 0.7734375 0.49414062
vt 0.7680664 0.49365234
vt 0.7661133 0.52001953
vt 0.49365234 0.33691406
vt 0.49365234 0.3190918
vt 0.52001953 0.3190918
vt 0.52001953 0.33691406
vt 0.7680664 0.52001953
vt 0.7753906 0.5209961
vt 0.77001953 0.49365234
vt 0.77685547 0.49438477
vt 0.78222656 0.4951172
vt 0.78027344 0.5214844
vt 0.49487305 0.31079102
vt 0.4951172 0.32861328
vt 0.5209961 0.31079102
vt 0.5214844 0.32861328
vt 0.7661133 0.3190918
vt 0.7714844 0.30615234
vt 0.7783203 0.31079102
vt 0.78027344 0.32861328
vt 0.7680664 0.33691406
vt 0.7753906 0.34155273
vt 0.77001953 0.33691406
vt 0.77685547 0.34155273
vt 0.78222656 0.32861328
vt 0.7680664 0.3190918
vt 0.78027344 0.31079102
vt 0.7734375 0.30615234
vt 0.4663086 0.21643066
vt 0.4663086 0.14501953
vt 0.50146484 0.21643066
vt 0.50146484 0.14501953
vt 0.75341797 0.5151367
vt 0.7548828 0.49560547
vt 0.74072266 0.5136719
vt 0.7421875 0.49438477
vt 0.49023438 0.23339844
vt 0.47192383 0.23339844
vt 0.49023438 0.15563965
vt 0.47192383 0.15563965
vt 0.7446289 0.0065345764
vt 0.7495117 5.9604645E-08
vt 0.7495117 0.0065345764
vt 0.7446289 5.9604645E-08
vt 0.7294922 0.0065345764
vt 0.7294922 5.9604645E-08
vt 0.73828125 0.94091797
vt 0.72558594 0.91503906
vt 0.7158203 0.9223633
vt 0.73046875 0.9526367
vt 0.9716797 0.021148682
vt 0.95654297 0.031234741
vt 0.95654297 0.021148682
vt 0.98583984 0.0065345764
vt 0.93408203 5.9604645E-08
vt 0.93066406 0.021148682
vt 0.98583984 5.9604645E-08
vt 0.72802734 0.031234741
vt 0.7158203 0.021148682
vt 0.7158203 0.031234741
vt 0.72802734 0.021148682
vt 0.95458984 0.021148682
vt 0.95458984 0.031234741
vt 0.9794922 0.021148682
vt 0.99902344 0.0065345764
vt 0.99902344 5.9604645E-08
vt 0.9272461 5.9604645E-08
vt 0.9238281 0.021148682
vt 0.7524414 0.9970703
vt 0.7524414 0.96972656
vt 0.7553711 0.9926758
vt 0.71728516 0.92578125
vt 0.72753906 0.91845703
vt 0.9970703 0.0065345764
vt 0.9970703 5.9604645E-08
vt 0.9926758 0.0065345764
vt 0.9926758 5.9604645E-08
vt 0.96972656 0.0065345764
vt 0.96972656 5.9604645E-08
vt 0.91845703 5.9604645E-08
vt 0.94091797 0.021148682
vt 0.91503906 0.021148682
vt 0.9560547 0.021148682
vt 0.94091797 0.031234741
vt 0.7036133 0.021148682
vt 0.7133789 0.021148682
vt 0.7050781 5.9604645E-08
vt 0.71533203 5.9604645E-08
vt 0.9526367 0.031234741
vt 0.94091797 0.031234741
vt 0.94091797 0.021148682
vt 0.9526367 0.021148682
vt 0.9526367 0.021148682
vt 0.97802734 0.021148682
vt 0.9526367 0.031234741
vt 0.9970703 0.0065345764
vt 0.9970703 5.9604645E-08
vt 0.92578125 5.9604645E-08
vt 0.9223633 0.021148682
vt 0.71728516 5.9604645E-08
vt 0.7158203 0.021148682
vt 0.72558594 0.021148682
vt 0.72753906 5.9604645E-08
vt 0.7446289 1
vt 0.7495117 0.99902344
vt 0.7402344 0.9794922
vt 0.72265625 0.9716797
vt 0.7294922 0.98583984
vt 0.72802734 0.95458984
vt 0.7158203 0.95654297
vt 0.7553711 0.9926758
vt 0.7426758 0.97802734
vt 0.7524414 0.9970703
vt 0.74609375 0.9560547
vt 0.73046875 0.9526367
vt 0.73828125 0.94091797
vt 0.7133789 0.9238281
vt 0.7036133 0.93066406
vt 0.7158203 0.95654297
vt 0.72802734 0.95458984
vt 0.7294922 0.98583984
vt 0.7495117 0.99902344
vt 0.7446289 1
vt 0.71533203 0.9272461
vt 0.7050781 0.93408203
vt 0.71191406 0.94384766
vt 0.7080078 0.93652344
vt 0.72753906 0.92285156
vt 0.7314453 0.93066406
vt 0.72558594 0.039154053
vt 0.72753906 0.023239136
vt 0.7080078 0.023239136
vt 0.7060547 0.039154053
vt 0.7080078 0.05508423
vt 0.72753906 0.05508423
vt 0.7314453 0.93066406
vt 0.72753906 0.92285156
vt 0.7080078 0.93652344
vt 0.71191406 0.94384766
vt 0.71191406 0.05508423
vt 0.7133789 0.039154053
vt 0.7314453 0.05508423
vt 0.73291016 0.039154053
vt 0.7314453 0.023239136
vt 0.71191406 0.023239136
vt 0.94384766 0.05508423
vt 0.93652344 0.05508423
vt 0.9326172 0.039154053
vt 0.9477539 0.039154053
vt 0.93652344 0.023239136
vt 0.94384766 0.023239136
vt 0.92285156 0.05508423
vt 0.93066406 0.05508423
vt 0.93408203 0.039154053
vt 0.9194336 0.039154053
vt 0.92285156 0.023239136
vt 0.93066406 0.023239136
vt 0.7314453 0.061920166
vt 0.7207031 0.061920166
vt 0.7211914 0.04486084
vt 0.73535156 0.04486084
vt 0.61279297 0.4375
vt 0.61376953 0.46191406
vt 0.63427734 0.46191406
vt 0.6381836 0.4375
vt 0.7211914 0.95654297
vt 0.72216797 0.91845703
vt 0.73535156 0.94677734
vt 0.70751953 0.92871094
vt 0.7158203 0.9038086
vt 0.7001953 0.9145508
vt 0.6479492 0.75
vt 0.6225586 0.7675781
vt 0.9428711 0.061920166
vt 0.94677734 0.04486084
vt 0.91845703 0.09106445
vt 0.7504883 0.40039062
vt 0.7285156 0.46191406
vt 0.72998047 0.4375
vt 0.9038086 0.09820557
vt 0.75 0.36279297
vt 0.62353516 0.40039062
vt 0.61376953 0.46191406
vt 0.61279297 0.4375
vt 0.7207031 0.061920166
vt 0.70751953 0.09106445
vt 0.7211914 0.04486084
vt 0.61279297 0.7470703
vt 0.6381836 0.72998047
vt 0.64697266 0.7504883
vt 0.62353516 0.76708984
vt 0.88720703 0.101135254
vt 0.8930664 0.111206055
vt 0.9033203 0.095947266
vt 0.9379883 0.025863647
vt 0.9160156 0.10205078
vt 0.94433594 0.05529785
vt 0.9448242 0.0340271
vt 0.703125 0.88720703
vt 0.69433594 0.8930664
vt 0.6972656 0.89941406
vt 0.7060547 0.8930664
vt 0.7265625 0.9379883
vt 0.7294922 0.9448242
vt 0.72314453 0.94970703
vt 0.71972656 0.9428711
vt 0.703125 0.88720703
vt 0.69433594 0.8930664
vt 0.7109375 0.9033203
vt 0.7060547 0.8930664
vt 0.6972656 0.89941406
vt 0.70214844 0.9091797
vt 0.7167969 0.9160156
vt 0.7084961 0.921875
vt 0.8930664 0.101135254
vt 0.9091797 0.095947266
vt 0.89941406 0.111206055
vt 0.9428711 0.025863647
vt 0.921875 0.10205078
vt 0.94873047 0.05529785
vt 0.94970703 0.0340271
vt 0.7294922 0.05529785
vt 0.72265625 0.05529785
vt 0.72314453 0.0340271
vt 0.7294922 0.0340271
vt 0.6201172 0.7504883
vt 0.63671875 0.73876953
vt 0.63964844 0.78564453
vt 0.65283203 0.77685547
vt 0.6611328 0.79541016
vt 0.6484375 0.8041992
vt 0.75390625 0.3942871
vt 0.79541016 0.30859375
vt 0.77685547 0.3034668
vt 0.73876953 0.35717773
vt 0.72802734 0.3947754
vt 0.7348633 0.4152832
vt 0.6176758 0.4152832
vt 0.6357422 0.4152832
vt 0.6323242 0.3947754
vt 0.6147461 0.3947754
vt 0.6201172 0.35717773
vt 0.63671875 0.35717773
vt 0.78564453 0.3034668
vt 0.8041992 0.30859375
vt 0.765625 0.3942871
vt 0.7504883 0.35717773
vt 0.7402344 0.3947754
vt 0.7470703 0.4152832
vt 0.9145508 0.09820557
vt 0.92871094 0.09106445
vt 0.76708984 0.40039062
vt 0.7675781 0.36279297
vt 0.6357422 0.7348633
vt 0.6176758 0.7470703
vt 0.64404297 0.75390625
vt 0.6269531 0.765625
vt 0.7207031 0.9506836
vt 0.7314453 0.9428711
vt 0.63427734 0.7285156
vt 0.61376953 0.7426758
vt 0.64697266 0.40039062
vt 0.6225586 0.36279297
vt 0.62353516 0.40039062
vt 0.6479492 0.36279297
vt 0.5986328 0.20751953
vt 0.5883789 0.17529297
vt 0.6098633 0.16113281
vt 0.63964844 0.24633789
vt 0.6791992 0.2368164
vt 0.70166016 0.29614258
vt 0.6430664 0.27807617
vt 0.734375 0.3647461
vt 0.7426758 0.34179688
vt 0.75634766 0.3720703
vt 0.7475586 0.3947754
vt 0.6279297 0.7246094
vt 0.58496094 0.63183594
vt 0.5683594 0.6430664
vt 0.6142578 0.734375
vt 0.5864258 0.20751953
vt 0.59765625 0.16113281
vt 0.5756836 0.17529297
vt 0.6279297 0.24633789
vt 0.66796875 0.2368164
vt 0.69140625 0.29614258
vt 0.63183594 0.27807617
vt 0.7246094 0.3647461
vt 0.73339844 0.34179688
vt 0.74658203 0.3720703
vt 0.73779297 0.3947754
vt 0.5517578 0.6098633
vt 0.54052734 0.5883789
vt 0.55908203 0.5756836
vt 0.56933594 0.59765625
vt 0.6020508 0.66796875
vt 0.5864258 0.6791992
vt 0.61279297 0.69140625
vt 0.59765625 0.70166016
vt 0.6323242 0.73339844
vt 0.61816406 0.7426758
vt 0.625 0.75634766
vt 0.6386719 0.74658203
vt 0.54589844 0.20751953
vt 0.56396484 0.20751953
vt 0.55908203 0.17529297
vt 0.54052734 0.17529297
vt 0.56640625 0.63964844
vt 0.5834961 0.6279297
vt 0.56396484 0.5864258
vt 0.54589844 0.5986328
vt 0.5683594 0.27807617
vt 0.58496094 0.27807617
vt 0.5834961 0.24633789
vt 0.56640625 0.24633789
vt 0.57128906 0.21191406
vt 0.6347656 0.27075195
vt 0.62646484 0.20080566
vt 0.578125 0.14794922
vt 0.5600586 0.17492676
vt 0.5625 0.1595459
vt 0.55566406 0.578125
vt 0.578125 0.62646484
vt 0.5683594 0.6333008
vt 0.5439453 0.5859375
vt 0.54833984 0.5625
vt 0.5366211 0.5708008
vt 0.57958984 0.21191406
vt 0.6333008 0.20080566
vt 0.6411133 0.27075195
vt 0.5859375 0.14794922
vt 0.5683594 0.17492676
vt 0.5708008 0.1595459
vt 0.5722656 0.6411133
vt 0.58154297 0.6347656
vt 0.5410156 0.57958984
vt 0.5522461 0.57128906
vt 0.5410156 0.21191406
vt 0.5522461 0.21191406
vt 0.5473633 0.17492676
vt 0.53564453 0.17492676
vt 0.5366211 0.1595459
vt 0.54833984 0.1595459
vt 0.53125 0.21643066
vt 0.5571289 0.17492676
vt 0.5571289 0.21643066
vt 0.53125 0.17492676
vt 0.5390625 0.14501953
vt 0.57910156 0.21643066
vt 0.5390625 0.21643066
vt 0.57910156 0.17492676
vt 0.5722656 0.14501953
vt 0.53759766 0.5214844
vt 0.51171875 0.5390625
vt 0.53125 0.57910156
vt 0.5571289 0.56152344
vt 0.5214844 0.21643066
vt 0.56152344 0.21643066
vt 0.5214844 0.14501953
vt 0.56152344 0.17492676
vt 0.5546875 0.14501953
vt 0.55371094 0.14501953
vt 0.5571289 0.17492676
vt 0.53125 0.17492676
vt 0.52783203 0.14501953
vt 0.52783203 0.5722656
vt 0.51171875 0.5390625
vt 0.55371094 0.5546875
vt 0.53759766 0.5214844
vt 0.5317383 0.23339844
vt 0.5317383 0.15563965
vt 0.5180664 0.15563965
vt 0.5180664 0.23339844
vt 0.5048828 0.15563965
vt 0.5048828 0.23339844
vt 0.5253906 0.15563965
vt 0.5253906 0.23339844
vt 0.5073242 0.23339844
vt 0.5073242 0.15563965
vt 0.5048828 0.23339844
vt 0.5048828 0.15563965
vt 0.5180664 0.15563965
vt 0.5180664 0.23339844
vt 0.5317383 0.15563965
vt 0.5317383 0.23339844
vt 0.5180664 0.49780273
vt 0.5317383 0.5073242
vt 0.5317383 0.5253906
vt 0.5180664 0.53466797
vt 0.5048828 0.5073242
vt 0.5048828 0.5253906
vt 0.5073242 0.15563965
vt 0.5073242 0.23339844
vt 0.5253906 0.23339844
vt 0.5253906 0.15563965
vt 0.5048828 0.5073242
vt 0.5048828 0.5253906
vt 0.5180664 0.53466797
vt 0.5180664 0.49780273
vt 0.5317383 0.5253906
vt 0.5317383 0.5073242
vt 0.6308594 0.7753906
vt 0.6269531 0.7685547
vt 0.64990234 0.76220703
vt 0.6464844 0.7553711
vt 0.6435547 0.75
vt 0.6245117 0.7631836
vt 0.6254883 0.33691406
vt 0.64453125 0.33691406
vt 0.6435547 0.3190918
vt 0.6245117 0.3190918
vt 0.64453125 0.7519531
vt 0.6254883 0.7651367
vt 0.62890625 0.77246094
vt 0.6479492 0.75927734
vt 0.63183594 0.77734375
vt 0.6508789 0.76416016
vt 0.64990234 0.31079102
vt 0.6508789 0.32861328
vt 0.63183594 0.32861328
vt 0.6308594 0.31079102
vt 0.7631836 0.3190918
vt 0.7685547 0.30615234
vt 0.7753906 0.31079102
vt 0.77734375 0.32861328
vt 0.7651367 0.33691406
vt 0.77246094 0.34155273
vt 0.7519531 0.33691406
vt 0.75927734 0.34155273
vt 0.76416016 0.32861328
vt 0.75 0.3190918
vt 0.76220703 0.31079102
vt 0.7553711 0.30615234
vt 0.64160156 0.77246094
vt 0.64501953 0.7709961
vt 0.5888672 0.65478516
vt 0.5854492 0.6557617
vt 0.7753906 0.33007812
vt 0.77246094 0.3383789
vt 0.6586914 0.25390625
vt 0.6557617 0.26220703
vt 0.6425781 0.7739258
vt 0.63916016 0.7753906
vt 0.5864258 0.65771484
vt 0.5830078 0.6586914
vt 0.65771484 0.24560547
vt 0.65478516 0.25390625
vt 0.7709961 0.33007812
vt 0.7739258 0.32177734
vt 0.53759766 0.21643066
vt 0.53759766 0.14501953
vt 0.51171875 0.14501953
vt 0.51171875 0.21643066
vt 0.6347656 0.73779297
vt 0.6279297 0.7246094
vt 0.6142578 0.734375
vt 0.62060547 0.7475586
vt 0.9970703 5.9604645E-08
vt 0.9970703 0.0065345764
vt 0.9926758 0.0065345764
vt 0.9926758 5.9604645E-08
vt 0.96972656 0.0065345764
vt 0.96972656 5.9604645E-08
vt 0.91845703 5.9604645E-08
vt 0.94091797 0.021148682
vt 0.91503906 0.021148682
vt 0.9560547 0.021148682
vt 0.94091797 0.031234741
vt 0.2866211 0.9238281
vt 0.27172852 0.95458984
vt 0.2841797 0.95654297
vt 0.29663086 0.93066406
vt 0.9526367 0.031234741
vt 0.94091797 0.021148682
vt 0.94091797 0.031234741
vt 0.9526367 0.021148682
vt 0.9526367 0.021148682
vt 0.9526367 0.031234741
vt 0.97802734 0.021148682
vt 0.9970703 0.0065345764
vt 0.9970703 5.9604645E-08
vt 0.92578125 5.9604645E-08
vt 0.9223633 0.021148682
vt 0.25048828 0.99902344
vt 0.2705078 0.98583984
vt 0.25512695 1
vt 0.2849121 0.9272461
vt 0.29492188 0.93408203
vt 0.25048828 0.0065345764
vt 0.25048828 5.9604645E-08
vt 0.25512695 0.0065345764
vt 0.25512695 5.9604645E-08
vt 0.2705078 0.0065345764
vt 0.2705078 5.9604645E-08
vt 0.93408203 5.9604645E-08
vt 0.98583984 0.0065345764
vt 0.98583984 5.9604645E-08
vt 0.95654297 0.021148682
vt 0.93066406 0.021148682
vt 0.9716797 0.021148682
vt 0.95654297 0.031234741
vt 0.27416992 0.021148682
vt 0.2841797 0.021148682
vt 0.2824707 5.9604645E-08
vt 0.27246094 5.9604645E-08
vt 0.27172852 0.031234741
vt 0.2841797 0.031234741
vt 0.2841797 0.021148682
vt 0.27172852 0.021148682
vt 0.95458984 0.021148682
vt 0.9794922 0.021148682
vt 0.95458984 0.031234741
vt 0.99902344 0.0065345764
vt 0.99902344 5.9604645E-08
vt 0.9272461 5.9604645E-08
vt 0.9238281 0.021148682
vt 0.29663086 0.021148682
vt 0.29492188 5.9604645E-08
vt 0.2866211 0.021148682
vt 0.2849121 5.9604645E-08
vt 0.2446289 0.9926758
vt 0.24780273 0.9970703
vt 0.25708008 0.97802734
vt 0.2541504 0.9560547
vt 0.2692871 0.9526367
vt 0.2614746 0.94091797
vt 0.25512695 1
vt 0.25976562 0.9794922
vt 0.25048828 0.99902344
vt 0.2770996 0.9716797
vt 0.2705078 0.98583984
vt 0.27172852 0.95458984
vt 0.2841797 0.95654297
vt 0.2841797 0.9223633
vt 0.27416992 0.91503906
vt 0.2614746 0.94091797
vt 0.2692871 0.9526367
vt 0.24743652 0.96972656
vt 0.24780273 0.9970703
vt 0.2446289 0.9926758
vt 0.2824707 0.92578125
vt 0.27246094 0.91845703
vt 0.2919922 0.93652344
vt 0.28833008 0.94384766
vt 0.26879883 0.93066406
vt 0.27246094 0.92285156
vt 0.2919922 0.023239136
vt 0.27246094 0.023239136
vt 0.27416992 0.039154053
vt 0.29370117 0.039154053
vt 0.2919922 0.05508423
vt 0.27246094 0.05508423
vt 0.27246094 0.92285156
vt 0.26879883 0.93066406
vt 0.28833008 0.94384766
vt 0.2919922 0.93652344
vt 0.28637695 0.039154053
vt 0.28833008 0.05508423
vt 0.26879883 0.05508423
vt 0.2668457 0.039154053
vt 0.26879883 0.023239136
vt 0.28833008 0.023239136
vt 0.92285156 0.023239136
vt 0.93066406 0.023239136
vt 0.93408203 0.039154053
vt 0.9194336 0.039154053
vt 0.92285156 0.05508423
vt 0.93066406 0.05508423
vt 0.9477539 0.039154053
vt 0.94384766 0.023239136
vt 0.93652344 0.023239136
vt 0.9326172 0.039154053
vt 0.94384766 0.05508423
vt 0.93652344 0.05508423
vt 0.26831055 0.061920166
vt 0.2788086 0.04486084
vt 0.27929688 0.061920166
vt 0.26464844 0.04486084
vt 0.3618164 0.4375
vt 0.36572266 0.46191406
vt 0.38720703 0.4375
vt 0.38598633 0.46191406
vt 0.29248047 0.92871094
vt 0.2788086 0.95654297
vt 0.26464844 0.94677734
vt 0.27783203 0.91845703
vt 0.30004883 0.9145508
vt 0.2841797 0.9038086
vt 0.37719727 0.7675781
vt 0.35229492 0.75
vt 0.7504883 0.40039062
vt 0.7285156 0.46191406
vt 0.72998047 0.4375
vt 0.9428711 0.061920166
vt 0.91845703 0.09106445
vt 0.94677734 0.04486084
vt 0.9038086 0.09820557
vt 0.75 0.36279297
vt 0.37670898 0.76708984
vt 0.3527832 0.7504883
vt 0.3618164 0.72998047
vt 0.38720703 0.7470703
vt 0.8930664 0.101135254
vt 0.89941406 0.111206055
vt 0.9091797 0.095947266
vt 0.9428711 0.025863647
vt 0.921875 0.10205078
vt 0.94873047 0.05529785
vt 0.94970703 0.0340271
vt 0.2939453 0.8930664
vt 0.30273438 0.89941406
vt 0.30566406 0.8930664
vt 0.296875 0.88720703
vt 0.27685547 0.94970703
vt 0.27026367 0.9448242
vt 0.28027344 0.9428711
vt 0.27368164 0.9379883
vt 0.30566406 0.8930664
vt 0.296875 0.88720703
vt 0.29785156 0.9091797
vt 0.30273438 0.89941406
vt 0.2939453 0.8930664
vt 0.2890625 0.9033203
vt 0.2915039 0.921875
vt 0.28320312 0.9160156
vt 0.88720703 0.101135254
vt 0.9033203 0.095947266
vt 0.8930664 0.111206055
vt 0.9379883 0.025863647
vt 0.9160156 0.10205078
vt 0.94433594 0.05529785
vt 0.9448242 0.0340271
vt 0.2705078 0.05529785
vt 0.27026367 0.0340271
vt 0.27685547 0.0340271
vt 0.27734375 0.05529785
vt 0.36328125 0.73876953
vt 0.3798828 0.7504883
vt 0.36035156 0.78564453
vt 0.34716797 0.77685547
vt 0.35131836 0.8041992
vt 0.33862305 0.79541016
vt 0.765625 0.3942871
vt 0.8041992 0.30859375
vt 0.78564453 0.3034668
vt 0.7504883 0.35717773
vt 0.7402344 0.3947754
vt 0.7470703 0.4152832
vt 0.38232422 0.4152832
vt 0.36791992 0.3947754
vt 0.36450195 0.4152832
vt 0.38549805 0.3947754
vt 0.3798828 0.35717773
vt 0.36328125 0.35717773
vt 0.77685547 0.3034668
vt 0.79541016 0.30859375
vt 0.75390625 0.3942871
vt 0.73876953 0.35717773
vt 0.72802734 0.3947754
vt 0.7348633 0.4152832
vt 0.9145508 0.09820557
vt 0.7675781 0.36279297
vt 0.76708984 0.40039062
vt 0.92871094 0.09106445
vt 0.9506836 0.061920166
vt 0.7426758 0.46191406
vt 0.36450195 0.7348633
vt 0.3557129 0.75390625
vt 0.37280273 0.765625
vt 0.38232422 0.7470703
vt 0.36572266 0.7285156
vt 0.26831055 0.9428711
vt 0.27929688 0.9506836
vt 0.38598633 0.7426758
vt 0.3527832 0.40039062
vt 0.37670898 0.40039062
vt 0.37719727 0.36279297
vt 0.35229492 0.36279297
vt 0.5864258 0.20751953
vt 0.5756836 0.17529297
vt 0.59765625 0.16113281
vt 0.6279297 0.24633789
vt 0.66796875 0.2368164
vt 0.69140625 0.29614258
vt 0.63183594 0.27807617
vt 0.7246094 0.3647461
vt 0.73339844 0.34179688
vt 0.74658203 0.3720703
vt 0.73779297 0.3947754
vt 0.41503906 0.63183594
vt 0.37182617 0.7246094
vt 0.38598633 0.734375
vt 0.43164062 0.6430664
vt 0.5986328 0.20751953
vt 0.6098633 0.16113281
vt 0.5883789 0.17529297
vt 0.63964844 0.24633789
vt 0.6791992 0.2368164
vt 0.70166016 0.29614258
vt 0.6430664 0.27807617
vt 0.734375 0.3647461
vt 0.7426758 0.34179688
vt 0.75634766 0.3720703
vt 0.7475586 0.3947754
vt 0.45922852 0.5883789
vt 0.43066406 0.59765625
vt 0.44091797 0.5756836
vt 0.44848633 0.6098633
vt 0.39794922 0.66796875
vt 0.41357422 0.6791992
vt 0.4020996 0.70166016
vt 0.38720703 0.69140625
vt 0.3815918 0.7426758
vt 0.36767578 0.73339844
vt 0.36132812 0.74658203
vt 0.37524414 0.75634766
vt 0.45410156 0.20751953
vt 0.44091797 0.17529297
vt 0.43603516 0.20751953
vt 0.45922852 0.17529297
vt 0.43603516 0.5864258
vt 0.41674805 0.6279297
vt 0.4333496 0.63964844
vt 0.45410156 0.5986328
vt 0.41503906 0.27807617
vt 0.43164062 0.27807617
vt 0.41674805 0.24633789
vt 0.4333496 0.24633789
vt 0.57958984 0.21191406
vt 0.6411133 0.27075195
vt 0.6333008 0.20080566
vt 0.5859375 0.14794922
vt 0.5683594 0.17492676
vt 0.5708008 0.1595459
vt 0.45581055 0.5859375
vt 0.43188477 0.6333008
vt 0.421875 0.62646484
vt 0.44458008 0.578125
vt 0.4633789 0.5708008
vt 0.45166016 0.5625
vt 0.57128906 0.21191406
vt 0.62646484 0.20080566
vt 0.6347656 0.27075195
vt 0.578125 0.14794922
vt 0.5600586 0.17492676
vt 0.5625 0.1595459
vt 0.44750977 0.57128906
vt 0.4182129 0.6347656
vt 0.42797852 0.6411133
vt 0.45898438 0.57958984
vt 0.44750977 0.21191406
vt 0.45898438 0.21191406
vt 0.45288086 0.17492676
vt 0.4645996 0.17492676
vt 0.4633789 0.1595459
vt 0.45166016 0.1595459
vt 0.46850586 0.21643066
vt 0.4428711 0.21643066
vt 0.4428711 0.17492676
vt 0.46850586 0.17492676
vt 0.5214844 0.14501953
vt 0.56152344 0.21643066
vt 0.5214844 0.21643066
vt 0.56152344 0.17492676
vt 0.5546875 0.14501953
vt 0.4428711 0.56152344
vt 0.46850586 0.57910156
vt 0.4880371 0.5390625
vt 0.46240234 0.5214844
vt 0.5390625 0.21643066
vt 0.57910156 0.21643066
vt 0.5390625 0.14501953
vt 0.57910156 0.17492676
vt 0.5722656 0.14501953
vt 0.46850586 0.17492676
vt 0.4428711 0.17492676
vt 0.44628906 0.14501953
vt 0.47192383 0.14501953
vt 0.47192383 0.5722656
vt 0.46240234 0.5214844
vt 0.4880371 0.5390625
vt 0.44628906 0.5546875
vt 0.5073242 0.23339844
vt 0.5253906 0.23339844
vt 0.5073242 0.15563965
vt 0.5253906 0.15563965
vt 0.46850586 0.23339844
vt 0.4819336 0.23339844
vt 0.46850586 0.15563965
vt 0.4819336 0.15563965
vt 0.4951172 0.23339844
vt 0.4951172 0.15563965
vt 0.5253906 0.23339844
vt 0.5073242 0.23339844
vt 0.5253906 0.15563965
vt 0.5073242 0.15563965
vt 0.46850586 0.5253906
vt 0.46850586 0.5073242
vt 0.4819336 0.49780273
vt 0.4951172 0.5073242
vt 0.4819336 0.53466797
vt 0.4951172 0.5253906
vt 0.46850586 0.23339844
vt 0.46850586 0.15563965
vt 0.4819336 0.15563965
vt 0.4819336 0.23339844
vt 0.4951172 0.15563965
vt 0.4951172 0.23339844
vt 0.4819336 0.49780273
vt 0.46850586 0.5073242
vt 0.46850586 0.5253906
vt 0.4951172 0.5073242
vt 0.4819336 0.53466797
vt 0.4951172 0.5253906
vt 0.36938477 0.7753906
vt 0.35009766 0.76220703
vt 0.35375977 0.7553711
vt 0.37280273 0.7685547
vt 0.37548828 0.7631836
vt 0.35620117 0.75
vt 0.37451172 0.33691406
vt 0.37548828 0.3190918
vt 0.35620117 0.3190918
vt 0.35546875 0.33691406
vt 0.35546875 0.7519531
vt 0.35180664 0.75927734
vt 0.37451172 0.7651367
vt 0.3708496 0.77246094
vt 0.3684082 0.77734375
vt 0.34936523 0.76416016
vt 0.36938477 0.31079102
vt 0.3684082 0.32861328
vt 0.35009766 0.31079102
vt 0.34936523 0.32861328
vt 0.75 0.3190918
vt 0.7553711 0.30615234
vt 0.76220703 0.31079102
vt 0.76416016 0.32861328
vt 0.7519531 0.33691406
vt 0.75927734 0.34155273
vt 0.7651367 0.33691406
vt 0.77246094 0.34155273
vt 0.77734375 0.32861328
vt 0.7631836 0.3190918
vt 0.7753906 0.31079102
vt 0.7685547 0.30615234
vt 0.6586914 0.25390625
vt 0.6557617 0.26220703
vt 0.77246094 0.3383789
vt 0.7753906 0.33007812
vt 0.4111328 0.65478516
vt 0.35473633 0.7709961
vt 0.3581543 0.77246094
vt 0.41455078 0.6557617
vt 0.7739258 0.32177734
vt 0.7709961 0.33007812
vt 0.65771484 0.24560547
vt 0.65478516 0.25390625
vt 0.41357422 0.65771484
vt 0.4169922 0.6586914
vt 0.3605957 0.7753906
vt 0.35717773 0.7739258
vt 0.4880371 0.21643066
vt 0.4880371 0.14501953
vt 0.46240234 0.21643066
vt 0.46240234 0.14501953
vt 0.36547852 0.73779297
vt 0.37939453 0.7475586
vt 0.37182617 0.7246094
vt 0.38598633 0.734375
vt 0.5292969 0.0065345764
vt 0.5234375 0.0065345764
vt 0.5234375 5.9604645E-08
vt 0.5292969 5.9604645E-08
vt 0.018478394 0.0065345764
vt 0.0012760162 5.9604645E-08
vt 0.0012760162 0.0065345764
vt 0.018478394 5.9604645E-08
vt 0.067993164 5.9604645E-08
vt 0.0463562 0.021148682
vt 0.0713501 0.021148682
vt 0.03189087 0.021148682
vt 0.0463562 0.031234741
vt 0.04864502 0.5415039
vt 0.07354736 0.5390625
vt 0.072387695 0.52490234
vt 0.04309082 0.5283203
vt 0.52490234 0.031234741
vt 0.5102539 0.021148682
vt 0.5102539 0.031234741
vt 0.52490234 0.021148682
vt 0.04284668 0.021148682
vt 0.04284668 0.031234741
vt 0.01864624 0.021148682
vt 5.9604645E-08 0.0065345764
vt 5.9604645E-08 5.9604645E-08
vt 0.068847656 5.9604645E-08
vt 0.072143555 0.021148682
vt 0.00026535988 0.53271484
vt 0.02079773 0.5449219
vt 0.0023403168 0.53808594
vt 0.0690918 0.5253906
vt 0.070251465 0.5390625
vt 0.53271484 0.0065345764
vt 0.53271484 5.9604645E-08
vt 0.53808594 5.9604645E-08
vt 0.53808594 0.0065345764
vt 0.0023403168 0.0065345764
vt 0.0023403168 5.9604645E-08
vt 0.02079773 0.0065345764
vt 0.02079773 5.9604645E-08
vt 0.070251465 5.9604645E-08
vt 0.04864502 0.021148682
vt 0.07354736 0.021148682
vt 0.034210205 0.021148682
vt 0.04864502 0.031234741
vt 0.5083008 0.021148682
vt 0.52197266 0.021148682
vt 0.5083008 5.9604645E-08
vt 0.52197266 5.9604645E-08
vt 0.5283203 0.031234741
vt 0.5415039 0.031234741
vt 0.5415039 0.021148682
vt 0.5283203 0.021148682
vt 0.04309082 0.021148682
vt 0.01890564 0.021148682
vt 0.04309082 0.031234741
vt 0.00026535988 0.0065345764
vt 0.00026535988 5.9604645E-08
vt 0.0690918 5.9604645E-08
vt 0.072387695 0.021148682
vt 0.5390625 0.021148682
vt 0.5390625 5.9604645E-08
vt 0.5253906 5.9604645E-08
vt 0.52490234 0.021148682
vt 0.0012760162 0.5234375
vt 5.9604645E-08 0.5292969
vt 0.01864624 0.52734375
vt 0.03189087 0.51171875
vt 0.04284668 0.52490234
vt 0.0463562 0.5102539
vt 0.0023403168 0.53808594
vt 0.01890564 0.5307617
vt 0.00026535988 0.53271484
vt 0.034210205 0.54345703
vt 0.04309082 0.5283203
vt 0.04864502 0.5415039
vt 0.072143555 0.52197266
vt 0.0713501 0.5083008
vt 0.0463562 0.5102539
vt 0.04284668 0.52490234
vt 0.018478394 0.5131836
vt 5.9604645E-08 0.5292969
vt 0.0012760162 0.5234375
vt 0.068847656 0.52197266
vt 0.067993164 0.5083008
vt 0.05770874 0.51123047
vt 0.064941406 0.5107422
vt 0.06695557 0.53759766
vt 0.059661865 0.5385742
vt 0.5371094 0.039154053
vt 0.53759766 0.023239136
vt 0.5107422 0.023239136
vt 0.5102539 0.039154053
vt 0.5107422 0.05508423
vt 0.53759766 0.05508423
vt 0.059661865 0.5385742
vt 0.06695557 0.53759766
vt 0.064941406 0.5107422
vt 0.05770874 0.51123047
vt 0.51123047 0.05508423
vt 0.51171875 0.039154053
vt 0.5385742 0.05508423
vt 0.5385742 0.039154053
vt 0.5385742 0.023239136
vt 0.51123047 0.023239136
vt 0.064941406 0.023239136
vt 0.05770874 0.023239136
vt 0.05407715 0.039154053
vt 0.068603516 0.039154053
vt 0.064941406 0.05508423
vt 0.05770874 0.05508423
vt 0.06695557 0.05508423
vt 0.059661865 0.05508423
vt 0.056030273 0.039154053
vt 0.07055664 0.039154053
vt 0.06695557 0.023239136
vt 0.059661865 0.023239136
vt 0.51660156 0.04486084
vt 0.5361328 0.04486084
vt 0.5332031 0.061920166
vt 0.5180664 0.061920166
vt 0.48754883 0.4375
vt 0.49072266 0.46191406
vt 0.5185547 0.46191406
vt 0.52246094 0.4375
vt 0.045684814 0.5361328
vt 0.044281006 0.51660156
vt 0.07269287 0.5336914
vt 0.07122803 0.5136719
vt 0.08648682 0.5332031
vt 0.0848999 0.51123047
vt 0.23168945 0.5239258
vt 0.22912598 0.4897461
vt 0.049957275 0.061920166
vt 0.045684814 0.04486084
vt 0.07269287 0.09106445
vt 0.23168945 0.40039062
vt 0.25390625 0.46191406
vt 0.2512207 0.4375
vt 0.08648682 0.09820557
vt 0.23168945 0.36279297
vt 0.22924805 0.40039062
vt 0.25170898 0.46191406
vt 0.24865723 0.4375
vt 0.048858643 0.061920166
vt 0.07122803 0.09106445
vt 0.044281006 0.04486084
vt 0.0848999 0.09820557
vt 0.22912598 0.36279297
vt 0.24865723 0.48754883
vt 0.2512207 0.52246094
vt 0.23168945 0.5234375
vt 0.22924805 0.49047852
vt 0.10455322 0.101135254
vt 0.09863281 0.111206055
vt 0.08886719 0.095947266
vt 0.056030273 0.025863647
vt 0.07684326 0.10205078
vt 0.049987793 0.05529785
vt 0.04928589 0.0340271
vt 0.10455322 0.5263672
vt 0.103637695 0.51416016
vt 0.097717285 0.51464844
vt 0.09863281 0.52685547
vt 0.056030273 0.52978516
vt 0.04928589 0.5307617
vt 0.048614502 0.5214844
vt 0.055358887 0.5205078
vt 0.10455322 0.5263672
vt 0.103637695 0.51416016
vt 0.09863281 0.52685547
vt 0.097717285 0.51464844
vt 0.08795166 0.515625
vt 0.08886719 0.52783203
vt 0.07684326 0.5288086
vt 0.07598877 0.5175781
vt 0.103637695 0.101135254
vt 0.08795166 0.095947266
vt 0.097717285 0.111206055
vt 0.055358887 0.025863647
vt 0.07598877 0.10205078
vt 0.049316406 0.05529785
vt 0.048614502 0.0340271
vt 0.53027344 0.05529785
vt 0.5209961 0.05529785
vt 0.5214844 0.0340271
vt 0.5307617 0.0340271
vt 0.24328613 0.49389648
vt 0.24499512 0.51708984
vt 0.20947266 0.5180664
vt 0.20812988 0.5
vt 0.19189453 0.52001953
vt 0.19055176 0.5024414
vt 0.23059082 0.3942871
vt 0.19189453 0.30859375
vt 0.20947266 0.3034668
vt 0.24499512 0.35717773
vt 0.24853516 0.4152832
vt 0.25512695 0.3947754
vt 0.49291992 0.4152832
vt 0.5175781 0.4152832
vt 0.51660156 0.3947754
vt 0.49243164 0.3947754
vt 0.49389648 0.35717773
vt 0.51708984 0.35717773
vt 0.22888184 0.3942871
vt 0.20812988 0.3034668
vt 0.19055176 0.30859375
vt 0.24328613 0.35717773
vt 0.2467041 0.4152832
vt 0.25341797 0.3947754
vt 0.24853516 0.5175781
vt 0.2467041 0.49291992
vt 0.22888184 0.49536133
vt 0.23059082 0.5185547
vt 0.049957275 0.5332031
vt 0.25390625 0.5185547
vt 0.25170898 0.49072266
vt 0.048858643 0.5180664
vt 0.5234375 0.40039062
vt 0.4897461 0.36279297
vt 0.49047852 0.40039062
vt 0.5239258 0.36279297
vt 0.3894043 0.20751953
vt 0.3996582 0.17529297
vt 0.3786621 0.16113281
vt 0.34985352 0.24633789
vt 0.31176758 0.2368164
vt 0.28955078 0.29614258
vt 0.34643555 0.27807617
vt 0.25805664 0.3647461
vt 0.24963379 0.34179688
vt 0.2368164 0.3720703
vt 0.24511719 0.3947754
vt 0.28955078 0.49047852
vt 0.29101562 0.5107422
vt 0.25097656 0.51416016
vt 0.24963379 0.49536133
vt 0.2368164 0.49658203
vt 0.23815918 0.515625
vt 0.49047852 0.29614258
vt 0.48754883 0.2368164
vt 0.50927734 0.2368164
vt 0.5107422 0.29614258
vt 0.38061523 0.50341797
vt 0.31323242 0.50927734
vt 0.31176758 0.48754883
vt 0.3786621 0.47924805
vt 0.40161133 0.5019531
vt 0.3996582 0.4765625
vt 0.25952148 0.5136719
vt 0.34814453 0.50634766
vt 0.34643555 0.4831543
vt 0.25805664 0.49438477
vt 0.39135742 0.20751953
vt 0.38061523 0.16113281
vt 0.40161133 0.17529297
vt 0.3515625 0.24633789
vt 0.31323242 0.2368164
vt 0.29101562 0.29614258
vt 0.34814453 0.27807617
vt 0.25952148 0.3647461
vt 0.25097656 0.34179688
vt 0.23815918 0.3720703
vt 0.24645996 0.3947754
vt 0.4777832 0.20751953
vt 0.5024414 0.20751953
vt 0.5019531 0.17529297
vt 0.4765625 0.17529297
vt 0.39135742 0.5024414
vt 0.34985352 0.48291016
vt 0.3515625 0.5058594
vt 0.3894043 0.4777832
vt 0.4831543 0.27807617
vt 0.50634766 0.27807617
vt 0.5058594 0.24633789
vt 0.48291016 0.24633789
vt 0.4074707 0.21191406
vt 0.34716797 0.27075195
vt 0.35498047 0.20080566
vt 0.4013672 0.14794922
vt 0.4182129 0.17492676
vt 0.41601562 0.1595459
vt 0.4013672 0.49682617
vt 0.35498047 0.50097656
vt 0.3540039 0.4873047
vt 0.40014648 0.4814453
vt 0.41601562 0.49560547
vt 0.41479492 0.4794922
vt 0.40625 0.21191406
vt 0.3540039 0.20080566
vt 0.3461914 0.27075195
vt 0.40014648 0.14794922
vt 0.4169922 0.17492676
vt 0.41479492 0.1595459
vt 0.3461914 0.4880371
vt 0.34716797 0.50146484
vt 0.40625 0.4807129
vt 0.4074707 0.4963379
vt 0.4807129 0.21191406
vt 0.4963379 0.21191406
vt 0.49536133 0.17492676
vt 0.47924805 0.17492676
vt 0.4794922 0.1595459
vt 0.49560547 0.1595459
vt 0.47021484 0.21643066
vt 0.5058594 0.17492676
vt 0.5058594 0.21643066
vt 0.47021484 0.17492676
vt 0.44921875 0.14501953
vt 0.4104004 0.21643066
vt 0.44921875 0.21643066
vt 0.4104004 0.17492676
vt 0.41723633 0.14501953
vt 0.4519043 0.50146484
vt 0.44921875 0.4663086
vt 0.4104004 0.47021484
vt 0.41308594 0.5058594
vt 0.4519043 0.21643066
vt 0.41308594 0.21643066
vt 0.4519043 0.14501953
vt 0.41308594 0.17492676
vt 0.41992188 0.14501953
vt 0.47021484 0.17492676
vt 0.46948242 0.14501953
vt 0.5048828 0.14501953
vt 0.5058594 0.17492676
vt 0.41723633 0.46948242
vt 0.44921875 0.4663086
vt 0.4519043 0.50146484
vt 0.41992188 0.5048828
vt 0.4777832 0.23339844
vt 0.4650879 0.23339844
vt 0.4777832 0.15563965
vt 0.4650879 0.15563965
vt 0.45117188 0.23339844
vt 0.45117188 0.15563965
vt 0.4765625 0.23339844
vt 0.4765625 0.15563965
vt 0.46240234 0.15563965
vt 0.46240234 0.23339844
vt 0.44995117 0.15563965
vt 0.44995117 0.23339844
vt 0.4777832 0.49023438
vt 0.4650879 0.50097656
vt 0.45117188 0.49316406
vt 0.44995117 0.47485352
vt 0.4765625 0.47192383
vt 0.46240234 0.46411133
vt 0.49316406 0.23339844
vt 0.47485352 0.23339844
vt 0.49316406 0.15563965
vt 0.47485352 0.15563965
vt 0.45117188 0.49316406
vt 0.4650879 0.50097656
vt 0.4777832 0.49023438
vt 0.44995117 0.47485352
vt 0.4765625 0.47192383
vt 0.46240234 0.46411133
vt 0.21960449 0.49487305
vt 0.22668457 0.49414062
vt 0.22155762 0.5209961
vt 0.2286377 0.5205078
vt 0.23376465 0.52001953
vt 0.23181152 0.49365234
vt 0.49365234 0.33691406
vt 0.52001953 0.33691406
vt 0.52001953 0.3190918
vt 0.49365234 0.3190918
vt 0.23181152 0.52001953
vt 0.2298584 0.49365234
vt 0.22290039 0.49438477
vt 0.22485352 0.5209961
vt 0.21972656 0.5214844
vt 0.21777344 0.4951172
vt 0.5209961 0.31079102
vt 0.5214844 0.32861328
vt 0.4951172 0.32861328
vt 0.49487305 0.31079102
vt 0.23181152 0.3190918
vt 0.22668457 0.30615234
vt 0.21960449 0.31079102
vt 0.21777344 0.32861328
vt 0.2298584 0.33691406
vt 0.22290039 0.34155273
vt 0.23181152 0.33691406
vt 0.22485352 0.34155273
vt 0.21972656 0.32861328
vt 0.23376465 0.3190918
vt 0.22155762 0.31079102
vt 0.2286377 0.30615234
vt 0.50146484 0.21643066
vt 0.50146484 0.14501953
vt 0.4663086 0.14501953
vt 0.4663086 0.21643066
vt 0.24645996 0.5151367
vt 0.25952148 0.5136719
vt 0.25805664 0.49438477
vt 0.24511719 0.49560547
vt 0.47192383 0.23339844
vt 0.49023438 0.23339844
vt 0.47192383 0.15563965
vt 0.49023438 0.15563965
vt 0.5292969 0.83496094
vt 0.54296875 0.83496094
vt 0.5361328 0.8276367
vt 0.54589844 0.8520508
vt 0.54296875 0.8696289
vt 0.5263672 0.8520508
vt 0.5292969 0.8696289
vt 0.5361328 0.8769531
vt 0.5292969 0.9277344
vt 0.54296875 0.9277344
vt 0.5361328 0.92089844
vt 0.54589844 0.9453125
vt 0.54296875 0.96240234
vt 0.5263672 0.9453125
vt 0.5292969 0.96240234
vt 0.5361328 0.96972656
vt 0.6254883 0.82373047
vt 0.6088867 0.8408203
vt 0.6176758 0.8364258
vt 0.59228516 0.7402344
vt 0.59228516 0.82373047
vt 0.5996094 0.8364258
vt 0.58691406 0.8046875
vt 0.58496094 0.7817383
vt 0.58691406 0.75927734
vt 0.6254883 0.7402344
vt 0.5996094 0.7270508
vt 0.6303711 0.8046875
vt 0.6088867 0.72265625
vt 0.6176758 0.7270508
vt 0.6323242 0.7817383
vt 0.6303711 0.75927734
vt 0.30029297 0.35009766
vt 0.30151367 0.35766602
vt 0.3474121 0.32641602
vt 0.34643555 0.31884766
vt 0.34350586 0.31884766
vt 0.34448242 0.32641602
vt 0.29736328 0.35009766
vt 0.29858398 0.35766602
vt 0.3461914 0.31884766
vt 0.34716797 0.32641602
vt 0.30004883 0.35009766
vt 0.30126953 0.35766602
vt 0.29785156 0.35009766
vt 0.29882812 0.35766602
vt 0.34472656 0.32641602
vt 0.34399414 0.31884766
vt 0.5341797 0.34472656
vt 0.54052734 0.29882812
vt 0.5395508 0.29858398
vt 0.53271484 0.34448242
vt 0.5341797 0.34399414
vt 0.5395508 0.29736328
vt 0.5410156 0.29785156
vt 0.53271484 0.34350586
vt 0.54541016 0.34716797
vt 0.5463867 0.3474121
vt 0.55322266 0.30151367
vt 0.5517578 0.30126953
vt 0.5522461 0.30004883
vt 0.55371094 0.30029297
vt 0.546875 0.34643555
vt 0.54541016 0.3461914
vt 0.34643555 0.31884766
vt 0.3474121 0.32641602
vt 0.30029297 0.35009766
vt 0.30151367 0.35766602
vt 0.29736328 0.35009766
vt 0.29858398 0.35766602
vt 0.34448242 0.32641602
vt 0.34350586 0.31884766
vt 0.30004883 0.35009766
vt 0.30126953 0.35766602
vt 0.34716797 0.32641602
vt 0.3461914 0.31884766
vt 0.34399414 0.31884766
vt 0.34472656 0.32641602
vt 0.29785156 0.35009766
vt 0.29882812 0.35766602
vt 0.46606445 0.34472656
vt 0.46728516 0.34448242
vt 0.46069336 0.29858398
vt 0.45922852 0.29882812
vt 0.4658203 0.34399414
vt 0.45922852 0.29785156
vt 0.46044922 0.29736328
vt 0.46728516 0.34350586
vt 0.45483398 0.34716797
vt 0.44799805 0.30126953
vt 0.44677734 0.30151367
vt 0.45336914 0.3474121
vt 0.4477539 0.30004883
vt 0.45458984 0.3461914
vt 0.45336914 0.34643555
vt 0.4465332 0.30029297
vt 0.4885254 0.8647461
vt 0.4885254 0.7001953
vt 0.42089844 0.8647461
vt 0.42089844 0.7001953
vt 0.625 0.8808594
vt 0.6088867 0.8886719
vt 0.6088867 0.8691406
vt 0.59228516 0.8808594
vt 0.6220703 0.8623047
vt 0.59521484 0.8623047
vt 0.6386719 0.8574219
vt 0.6333008 0.84375
vt 0.5786133 0.8574219
vt 0.5839844 0.84375
vt 0.57666016 0.8154297
vt 0.56933594 0.8227539
vt 0.640625 0.8154297
vt 0.6479492 0.8227539
vt 0.57421875 0.7817383
vt 0.56640625 0.7817383
vt 0.6508789 0.7817383
vt 0.6430664 0.7817383
vt 0.640625 0.74853516
vt 0.6479492 0.74072266
vt 0.56933594 0.74072266
vt 0.57666016 0.74853516
vt 0.6333008 0.72021484
vt 0.6386719 0.7060547
vt 0.5839844 0.72021484
vt 0.5786133 0.7060547
vt 0.625 0.68310547
vt 0.6220703 0.7011719
vt 0.59228516 0.68310547
vt 0.59521484 0.7011719
vt 0.6088867 0.6948242
vt 0.6088867 0.6748047
vt 0.62841797 0.7319336
vt 0.63427734 0.7548828
vt 0.6479492 0.74072266
vt 0.63671875 0.7817383
vt 0.6386719 0.7060547
vt 0.6508789 0.7817383
vt 0.625 0.68310547
vt 0.6191406 0.7167969
vt 0.63427734 0.80908203
vt 0.6479492 0.8227539
vt 0.6088867 0.7114258
vt 0.6088867 0.6748047
vt 0.6386719 0.8574219
vt 0.62841797 0.83154297
vt 0.59228516 0.68310547
vt 0.59814453 0.7167969
vt 0.6191406 0.84716797
vt 0.625 0.8808594
vt 0.5888672 0.7319336
vt 0.5786133 0.7060547
vt 0.6088867 0.8886719
vt 0.6088867 0.85253906
vt 0.56933594 0.74072266
vt 0.5830078 0.7548828
vt 0.5805664 0.7817383
vt 0.56640625 0.7817383
vt 0.59814453 0.84716797
vt 0.59228516 0.8808594
vt 0.5830078 0.80908203
vt 0.56933594 0.8227539
vt 0.5786133 0.8574219
vt 0.5888672 0.83154297
vt 0.5859375 0.8051758
vt 0.6088867 0.78125
vt 0.5839844 0.78125
vt 0.5913086 0.8251953
vt 0.5859375 0.7573242
vt 0.5991211 0.8388672
vt 0.5913086 0.7373047
vt 0.6088867 0.8432617
vt 0.5991211 0.7236328
vt 0.61816406 0.8388672
vt 0.6088867 0.71875
vt 0.62597656 0.8251953
vt 0.61816406 0.7236328
vt 0.63134766 0.8051758
vt 0.62597656 0.7373047
vt 0.6333008 0.78125
vt 0.63134766 0.7573242
vt 0.6088867 0.6660156
vt 0.62646484 0.6748047
vt 0.62646484 0.65625
vt 0.6088867 0.64746094
vt 0.5913086 0.65625
vt 0.5913086 0.6748047
vt 0.6220703 0.7011719
vt 0.6333008 0.72021484
vt 0.6088867 0.6948242
vt 0.6411133 0.7001953
vt 0.59521484 0.7011719
vt 0.5839844 0.72021484
vt 0.5761719 0.7001953
vt 0.640625 0.74853516
vt 0.57666016 0.74853516
vt 0.56640625 0.73779297
vt 0.5625 0.7817383
vt 0.57421875 0.7817383
vt 0.57666016 0.8154297
vt 0.56640625 0.8261719
vt 0.5761719 0.86376953
vt 0.6508789 0.73779297
vt 0.65478516 0.7817383
vt 0.6430664 0.7817383
vt 0.6582031 0.73779297
vt 0.6621094 0.7817383
vt 0.6582031 0.8261719
vt 0.5839844 0.84375
vt 0.6508789 0.8261719
vt 0.640625 0.8154297
vt 0.6411133 0.86376953
vt 0.6333008 0.84375
vt 0.5913086 0.8886719
vt 0.5761719 0.8881836
vt 0.59521484 0.8623047
vt 0.5913086 0.91308594
vt 0.62646484 0.8886719
vt 0.6220703 0.8623047
vt 0.6411133 0.8881836
vt 0.6088867 0.8691406
vt 0.62646484 0.91308594
vt 0.6088867 0.89746094
vt 0.6088867 0.9223633
vt 0.6220703 0.8618164
vt 0.6088867 0.78125
vt 0.6333008 0.84277344
vt 0.6088867 0.86865234
vt 0.640625 0.8144531
vt 0.59521484 0.8618164
vt 0.6430664 0.78125
vt 0.5839844 0.84277344
vt 0.640625 0.7475586
vt 0.57666016 0.8144531
vt 0.6333008 0.7192383
vt 0.57421875 0.78125
vt 0.6220703 0.7006836
vt 0.57666016 0.7475586
vt 0.6088867 0.69384766
vt 0.5839844 0.7192383
vt 0.59521484 0.7006836
vt 0.56591797 0.7368164
vt 0.5761719 0.69921875
vt 0.57666016 0.7475586
vt 0.5625 0.78125
vt 0.5839844 0.7192383
vt 0.57421875 0.78125
vt 0.59521484 0.7006836
vt 0.57666016 0.8144531
vt 0.56591797 0.8256836
vt 0.5761719 0.86328125
vt 0.5908203 0.6738281
vt 0.6088867 0.66503906
vt 0.5908203 0.65527344
vt 0.6088867 0.69384766
vt 0.6088867 0.6464844
vt 0.62646484 0.65527344
vt 0.5839844 0.84277344
vt 0.62646484 0.6738281
vt 0.6220703 0.7006836
vt 0.6411133 0.69921875
vt 0.6333008 0.7192383
vt 0.640625 0.7475586
vt 0.6513672 0.7368164
vt 0.65478516 0.78125
vt 0.6586914 0.7368164
vt 0.6430664 0.78125
vt 0.6621094 0.78125
vt 0.6586914 0.8256836
vt 0.6513672 0.8256836
vt 0.640625 0.8144531
vt 0.6411133 0.86328125
vt 0.6333008 0.84277344
vt 0.62646484 0.8886719
vt 0.6220703 0.8618164
vt 0.6411133 0.8876953
vt 0.62646484 0.91308594
vt 0.6088867 0.86865234
vt 0.6088867 0.89746094
vt 0.6088867 0.921875
vt 0.5908203 0.91308594
vt 0.5908203 0.8886719
vt 0.59521484 0.8618164
vt 0.5761719 0.8876953
vt 0.63623047 0.8105469
vt 0.6430664 0.7817383
vt 0.6386719 0.7817383
vt 0.63623047 0.7529297
vt 0.640625 0.8154297
vt 0.640625 0.74853516
vt 0.6333008 0.84375
vt 0.6298828 0.83496094
vt 0.6220703 0.8623047
vt 0.6201172 0.8510742
vt 0.6298828 0.7290039
vt 0.6333008 0.72021484
vt 0.6220703 0.7011719
vt 0.6201172 0.71240234
vt 0.6088867 0.8691406
vt 0.6088867 0.8569336
vt 0.59716797 0.8510742
vt 0.59521484 0.8623047
vt 0.58740234 0.83496094
vt 0.5839844 0.84375
vt 0.6088867 0.6948242
vt 0.6088867 0.70703125
vt 0.59716797 0.71240234
vt 0.59521484 0.7011719
vt 0.58740234 0.7290039
vt 0.5839844 0.72021484
vt 0.5810547 0.8105469
vt 0.57666016 0.8154297
vt 0.5810547 0.7529297
vt 0.57666016 0.74853516
vt 0.57421875 0.7817383
vt 0.57910156 0.7817383
vt 0.52734375 0.92333984
vt 0.5239258 0.9453125
vt 0.5263672 0.9453125
vt 0.52734375 0.96728516
vt 0.5292969 0.9277344
vt 0.5292969 0.96240234
vt 0.5361328 0.9140625
vt 0.5361328 0.92089844
vt 0.54296875 0.9277344
vt 0.5449219 0.92333984
vt 0.5361328 0.9765625
vt 0.5361328 0.96972656
vt 0.54296875 0.96240234
vt 0.5449219 0.96728516
vt 0.54589844 0.9453125
vt 0.54833984 0.9453125
vt 0.4794922 0.5463867
vt 0.47607422 0.5463867
vt 0.4777832 0.55371094
vt 0.4777832 0.5385742
vt 0.48120117 0.55371094
vt 0.48120117 0.5385742
vt 0.48291016 0.5463867
vt 0.46362305 0.5463867
vt 0.46362305 0.5371094
vt 0.46020508 0.5463867
vt 0.46704102 0.5463867
vt 0.46362305 0.5551758
vt 0.2163086 0.33007812
vt 0.21740723 0.3383789
vt 0.32861328 0.25390625
vt 0.21569824 0.32177734
vt 0.32958984 0.26220703
vt 0.32788086 0.24560547
vt 0.21679688 0.33007812
vt 0.32910156 0.25390625
vt 0.67041016 0.26220703
vt 0.67089844 0.25390625
vt 0.7832031 0.33007812
vt 0.671875 0.24560547
vt 0.78271484 0.3383789
vt 0.7841797 0.32177734
vt 0.6713867 0.25390625
vt 0.7836914 0.33007812
vt 0.33691406 0.20471191
vt 0.3388672 0.20117188
vt 0.41137695 0.30444336
vt 0.34204102 0.19946289
vt 0.4091797 0.30786133
vt 0.41455078 0.30249023
vt 0.3400879 0.20288086
vt 0.41259766 0.3059082
vt 0.6611328 0.20117188
vt 0.66308594 0.20471191
vt 0.5888672 0.30444336
vt 0.65771484 0.19946289
vt 0.5908203 0.30786133
vt 0.5854492 0.30249023
vt 0.66015625 0.20288086
vt 0.58740234 0.3059082
vt 0.58984375 0.82910156
vt 0.5986328 0.84375
vt 0.5996094 0.8364258
vt 0.6088867 0.8486328
vt 0.59228516 0.82373047
vt 0.6088867 0.8408203
vt 0.5839844 0.8076172
vt 0.58691406 0.8046875
vt 0.58203125 0.7817383
vt 0.58496094 0.7817383
vt 0.5839844 0.75634766
vt 0.58691406 0.75927734
vt 0.58984375 0.734375
vt 0.59228516 0.7402344
vt 0.5986328 0.72021484
vt 0.5996094 0.7270508
vt 0.6088867 0.71484375
vt 0.6088867 0.72265625
vt 0.61865234 0.72021484
vt 0.6176758 0.7270508
vt 0.6254883 0.7402344
vt 0.6274414 0.734375
vt 0.6303711 0.75927734
vt 0.6333008 0.75634766
vt 0.6323242 0.7817383
vt 0.6352539 0.7817383
vt 0.6303711 0.8046875
vt 0.6333008 0.8076172
vt 0.6274414 0.82910156
vt 0.6254883 0.82373047
vt 0.6176758 0.8364258
vt 0.61865234 0.84375
vt 0.6220703 0.7011719
vt 0.6333008 0.72021484
vt 0.6298828 0.7290039
vt 0.640625 0.74853516
vt 0.6201172 0.71240234
vt 0.63623047 0.7529297
vt 0.6430664 0.7817383
vt 0.6386719 0.7817383
vt 0.640625 0.8154297
vt 0.63623047 0.8105469
vt 0.6333008 0.84375
vt 0.6298828 0.83496094
vt 0.6220703 0.8623047
vt 0.6201172 0.8510742
vt 0.6088867 0.8691406
vt 0.6088867 0.8569336
vt 0.6088867 0.6948242
vt 0.6088867 0.70703125
vt 0.59716797 0.71240234
vt 0.59521484 0.7011719
vt 0.59521484 0.8623047
vt 0.59716797 0.8510742
vt 0.58740234 0.83496094
vt 0.5839844 0.84375
vt 0.5810547 0.8105469
vt 0.57666016 0.8154297
vt 0.57910156 0.7817383
vt 0.57421875 0.7817383
vt 0.5810547 0.7529297
vt 0.57666016 0.74853516
vt 0.58740234 0.7290039
vt 0.5839844 0.72021484
vt 0.47875977 0.44018555
vt 0.4855957 0.39575195
vt 0.49658203 0.41259766
vt 0.47192383 0.39575195
vt 0.50097656 0.44018555
vt 0.4609375 0.41259766
vt 0.49658203 0.4675293
vt 0.45654297 0.44018555
vt 0.4855957 0.48461914
vt 0.4609375 0.4675293
vt 0.47192383 0.48461914
vt 0.47875977 0.44018555
vt 0.49658203 0.41259766
vt 0.4855957 0.39575195
vt 0.47192383 0.39575195
vt 0.50097656 0.44018555
vt 0.4609375 0.41259766
vt 0.49658203 0.4675293
vt 0.45654297 0.44018555
vt 0.4855957 0.48461914
vt 0.4609375 0.4675293
vt 0.47192383 0.48461914
vt 0.2626953 0.5517578
vt 0.2626953 0.5463867
vt 0.29882812 0.5463867
vt 0.29882812 0.5517578
vt 0.29882812 0.54052734
vt 0.2626953 0.5463867
vt 0.2626953 0.54052734
vt 0.29882812 0.5463867
vn 0.64941406 -0.00014305115 0.7602539
vn 0.64990234 -0.001001358 0.7597656
vn 0.6503906 -0.0009536743 0.7597656
vn 0.64990234 0.0010967255 0.7597656
vn 0.6503906 0.001001358 0.7597656
vn 0.64990234 9.536743E-05 0.7602539
vn -0.64990234 -0.0010490417 0.7597656
vn -0.64990234 -0.0009536743 0.7597656
vn -0.64990234 -9.536743E-05 0.7602539
vn -0.64990234 0.0009536743 0.7597656
vn -0.6503906 0.0009059906 0.7597656
vn -0.64941406 0.00014305115 0.7602539
vn 0.42260742 -0.90625 0
vn 0.3059082 -0.6557617 0.6904297
vn 0.7480469 -0.4494629 0.4880371
vn 0.7480469 -0.4494629 -0.4880371
vn 0.3059082 -0.6557617 -0.6904297
vn -0.42260742 -0.90625 0
vn -0.7480469 -0.4494629 0.4880371
vn -0.3059082 -0.6557617 0.6904297
vn -0.3059082 -0.6557617 -0.6904297
vn -0.7480469 -0.4494629 -0.4880371
vn -0.35668945 -0.6669922 0.6542969
vn -0.04196167 -0.31811523 0.9472656
vn 0.024795532 -0.35351562 0.9350586
vn 0.71875 0.23571777 0.6542969
vn 0.34399414 -0.08581543 0.9350586
vn 0.32055664 -0.01373291 0.9472656
vn 0.35668945 -0.6669922 0.6542969
vn -0.024795532 -0.35351562 0.9350586
vn 0.04196167 -0.31811523 0.9472656
vn -0.71875 0.23571777 0.6542969
vn -0.32055664 -0.01373291 0.9472656
vn -0.34399414 -0.08581543 0.9350586
vn 0.34179688 -0.6748047 0.6542969
vn 0.23657227 -0.21691895 0.9472656
vn 0.30371094 -0.18261719 0.9350586
vn 0.21899414 0.7241211 0.6542969
vn 0.26782227 0.23266602 0.9350586
vn 0.1953125 0.25463867 0.9472656
vn 0.74902344 -0.107543945 0.6538086
vn 0.31323242 0.06903076 0.9472656
vn 0.3239746 0.14416504 0.9350586
vn -0.74902344 -0.107543945 0.6538086
vn -0.3239746 0.14416504 0.9350586
vn -0.31323242 0.06903076 0.9472656
vn 0.5991211 0.6845703 0.41601562
vn 0.59277344 0.68408203 0.42504883
vn 0.6928711 0.6694336 0.26782227
vn 0.61328125 0.7055664 0.3544922
vn 0.62939453 0.69970703 0.33789062
vn 0.7109375 0.66015625 0.24182129
vn -0.21899414 0.7241211 0.6542969
vn -0.1953125 0.25463867 0.9472656
vn -0.26782227 0.23266602 0.9350586
vn -0.34179688 -0.6748047 0.6542969
vn -0.30371094 -0.18273926 0.9350586
vn -0.23657227 -0.21691895 0.9472656
vn -0 0 1
vn -0 0 1
vn -0 0 1
vn -0 0 1
vn 1 0 0
vn 1 0 0
vn 1 0 0
vn 1 0 0
vn 1 0 0
vn 1 0 0
vn 1 0 0
vn 1 0 0
vn -1 0 0
vn -1 0 0
vn -1 0 0
vn -1 0 0
vn -1 0 0
vn -1 0 0
vn -1 0 0
vn -1 0 0
vn -0 -0.8178711 0.5756836
vn -0 -0.9897461 0.14172363
vn -0 -0.8178711 0.5756836
vn -0 -0.9897461 0.14172363
vn -0 -1 0
vn -0 -1 0
vn -0 -1 0
vn -0 -1 0
vn -0 -0.9897461 0.14172363
vn -0 -0.9897461 0.14172363
vn -0 -0.8178711 0.5756836
vn -0 -0.8178711 0.5756836
vn -0 -0.30908203 0.9511719
vn -0 -0.8178711 0.5756836
vn -0 -0.8178711 0.5756836
vn -0 -0.30908203 0.9511719
vn -0 0.30908203 0.9511719
vn -0 0.30908203 0.9511719
vn -0 0.8178711 0.5756836
vn -0 0.8178711 0.5756836
vn -0 0.8178711 0.5756836
vn -0 0.8178711 0.5756836
vn -0 0.9897461 0.14172363
vn -0 0.9897461 0.14172363
vn -0 1 0
vn -0 1 0
vn -0 1 0
vn -0 1 0
vn -0 0.9897461 0.14172363
vn -0 0.9897461 0.14172363
vn -0 0.8178711 0.5756836
vn -0 0.8178711 0.5756836
vn -1 0 0
vn -1 0 0
vn -1 0 0
vn -1 0 0
vn -1 0 0
vn -1 0 0
vn -1 0 0
vn -1 0 0
vn 1 0 0
vn 1 0 0
vn 1 0 0
vn 1 0 0
vn 1 0 0
vn 1 0 0
vn 1 0 0
vn 1 0 0
vn -0 -0.30908203 0.9511719
vn -0 -0.8178711 0.5756836
vn -0 -0.8178711 0.5756836
vn -0 -0.30908203 0.9511719
vn -0 0.30908203 0.9511719
vn -0 0.30908203 0.9511719
vn -0 0.8178711 0.5756836
vn -0 0.8178711 0.5756836
vn -0.70703125 -0.70703125 0
vn -0.70703125 -0.70703125 0
vn -0.38256836 -0.9238281 0
vn -0.38256836 -0.9238281 0
vn -0 -1 0
vn -0 -1 0
vn 0.38256836 -0.9238281 0
vn 0.38256836 -0.9238281 0
vn 0.70703125 -0.70703125 0
vn 0.70703125 -0.70703125 0
vn 0.70703125 0.70703125 0
vn 0.38256836 0.9238281 0
vn 0.70703125 0.70703125 0
vn 0.38256836 0.9238281 0
vn -0 1 0
vn -0 1 0
vn -0.38256836 0.9238281 0
vn -0.38256836 0.9238281 0
vn -0.70703125 0.70703125 0
vn -0.70703125 0.70703125 0
vn -0.70703125 -0.70703125 0
vn -0.70703125 -0.70703125 0
vn -0.9238281 -0.38256836 0
vn -0.9238281 -0.38256836 0
vn -1 -1.1920929E-07 0
vn -1 -1.1920929E-07 0
vn -0.9238281 0.38256836 0
vn -0.9238281 0.38256836 0
vn -0.70703125 0.70703125 0
vn -0.70703125 0.70703125 0
vn 0.70703125 0.70703125 0
vn 0.70703125 0.70703125 0
vn 0.9238281 0.38256836 0
vn 0.9238281 0.38256836 0
vn 1 0 0
vn 1 0 0
vn 0.9238281 -0.38256836 0
vn 0.9238281 -0.38256836 0
vn 0.70703125 -0.70703125 0
vn 0.70703125 -0.70703125 0
vn 0.6503906 -0.0009536743 0.7597656
vn 0.64990234 -0.001001358 0.7597656
vn 0.64990234 4.053116E-06 0.7597656
vn 0.6503906 0.001001358 0.7597656
vn 0.64990234 0.0010967255 0.7597656
vn -0.6503906 0.0009059906 0.7597656
vn -0.64990234 0.0009536743 0.7597656
vn -0.64990234 -4.172325E-06 0.7597656
vn -0.64990234 -0.0009536743 0.7597656
vn -0.64990234 -0.0010490417 0.7597656
vn -0 -0.40673828 0.9135742
vn 0.0005722046 -0.40698242 0.9135742
vn 0.0006198883 -0.40698242 0.9135742
vn -1.2516975E-06 -0.40673828 0.9135742
vn -0.0006198883 -0.40698242 0.9135742
vn -0.0005722046 -0.40698242 0.9135742
vn -0 -0.40673828 0.9135742
vn -0 0.40673828 0.9135742
vn -0.0005245209 0.40698242 0.9135742
vn -0.0005722046 0.40698242 0.9135742
vn 1.2516975E-06 0.40673828 0.9135742
vn 0.0005722046 0.40698242 0.9135742
vn 0.0005245209 0.40698242 0.9135742
vn -0 0.40673828 0.9135742
vn -0 0 -1
vn -0 0 -1
vn -0 0 -1
vn -0 0 -1
vn -0 0 -1
vn -0 0 -1
vn -0 0 -1
vn -0 0 -1
vn -0 0 -1
vn -0 0 -1
vn -0 0 -1
vn -0 0 -1
vn -0 0 -1
vn -0 0 -1
vn -0 0 -1
vn -0 0 -1
vn -0 1 0
vn 0.70703125 0.70703125 0
vn 0.70703125 0.70703125 0
vn -0 1 0
vn -0.70703125 0.70703125 0
vn -0.70703125 0.70703125 0
vn 1 0 0
vn 0.70703125 0.70703125 0
vn 0.70703125 0.70703125 0
vn 1 0 0
vn 0.70703125 -0.70703125 0
vn 0.70703125 -0.70703125 0
vn -0 -1 0
vn 0.70703125 -0.70703125 0
vn 0.70703125 -0.70703125 0
vn -0 -1 0
vn -0.70703125 -0.70703125 0
vn -0.70703125 -0.70703125 0
vn -1 0 0
vn -0.70703125 -0.70703125 0
vn -0.70703125 -0.70703125 0
vn -1 0 0
vn -0.70703125 0.70703125 0
vn -0.70703125 0.70703125 0
vn -0 1 0
vn 0.70703125 0.70703125 0
vn 0.70703125 0.70703125 0
vn -0 1 0
vn -0.70703125 0.70703125 0
vn -0.70703125 0.70703125 0
vn 1 0 0
vn 0.70703125 0.70703125 0
vn 0.70703125 0.70703125 0
vn 1 0 0
vn 0.70703125 -0.70703125 0
vn 0.70703125 -0.70703125 0
vn -0 -1 0
vn 0.70703125 -0.70703125 0
vn 0.70703125 -0.70703125 0
vn -0 -1 0
vn -0.70703125 -0.70703125 0
vn -0.70703125 -0.70703125 0
vn -1 0 0
vn -0.70703125 -0.70703125 0
vn -0.70703125 -0.70703125 0
vn -1 0 0
vn -0.70703125 0.70703125 0
vn -0.70703125 0.70703125 0
vn -0 0 1
vn -0 0 1
vn -0 0 1
vn -0 0 1
vn -0 0 1
vn -0 0 1
vn -0 0 1
vn -0 0 1
vn -0 0 -1
vn -0 0 -1
vn -0 0 -1
vn -0 0 -1
vn -0 0 -1
vn -0 0 -1
vn -0 0 -1
vn -0 0 -1
vn -0 0.70703125 -0.70703125
vn -0 0.70703125 -0.70703125
vn -0 1 0
vn -0 1 0
vn -0 0.70703125 0.70703125
vn -0 0.70703125 0.70703125
vn -0 5.364418E-07 -1
vn -0 0.70703125 -0.70703125
vn -0 0.70703125 -0.70703125
vn -0 5.364418E-07 -1
vn -0 -0.70703125 -0.70703125
vn -0 -0.70703125 -0.70703125
vn -0 -1 0
vn -0 -0.70703125 -0.70703125
vn -0 -0.70703125 -0.70703125
vn -0 -1 0
vn -0 -0.70703125 0.70703125
vn -0 -0.70703125 0.70703125
vn -0 0 1
vn -0 -0.70703125 0.70703125
vn -0 -0.70703125 0.70703125
vn -0 0 1
vn -0 0.70703125 0.70703125
vn -0 0.70703125 0.70703125
vn -0 -0.80908203 -0.5878906
vn -0 -0.80908203 -0.5878906
vn -0 -0.30908203 -0.9511719
vn -0 -0.30908203 -0.9511719
vn -0 0.30908203 -0.9511719
vn -0 0.30908203 -0.9511719
vn -0 0.80908203 -0.5878906
vn -0 0.80908203 -0.5878906
vn -0 1 0
vn -0 0.80908203 -0.5878906
vn -0 0.80908203 -0.5878906
vn -0 1 0
vn -0 0.80908203 0.5878906
vn -0 0.80908203 0.5878906
vn -0 -0.80908203 -0.5878906
vn -0 -0.80908203 -0.5878906
vn -0 -1 0
vn -0 -1 0
vn -0 -0.80908203 0.5878906
vn -0 -0.80908203 0.5878906
vn -0 0.80908203 0.5878906
vn -0 0.80908203 0.5878906
vn -0 0.30908203 0.9511719
vn -0 0.30908203 0.9511719
vn -0 -0.30908203 0.9511719
vn -0 -0.30908203 0.9511719
vn -0 -0.80908203 0.5878906
vn -0 -0.80908203 0.5878906
vn -0 -0.80908203 -0.5878906
vn -0 -0.30908203 -0.9511719
vn -0 -0.80908203 -0.5878906
vn -0 -0.30908203 -0.9511719
vn -0 0.30908203 -0.9511719
vn -0 0.30908203 -0.9511719
vn -0 0.80908203 -0.5878906
vn -0 0.80908203 -0.5878906
vn -0 1 0
vn -0 0.80908203 -0.5878906
vn -0 0.80908203 -0.5878906
vn -0 1 0
vn -0 0.80908203 0.5878906
vn -0 0.80908203 0.5878906
vn -0 -1 0
vn -0 -0.80908203 -0.5878906
vn -0 -0.80908203 -0.5878906
vn -0 -1 0
vn -0 -0.80908203 0.5878906
vn -0 -0.80908203 0.5878906
vn -0 0.80908203 0.5878906
vn -0 0.30908203 0.9511719
vn -0 0.80908203 0.5878906
vn -0 0.30908203 0.9511719
vn -0 -0.30908203 0.9511719
vn -0 -0.30908203 0.9511719
vn -0 -0.80908203 0.5878906
vn -0 -0.80908203 0.5878906
vn -0.70703125 -0.70703125 -0.00038146973
vn -0.38256836 -0.9238281 -0.00038146973
vn -0.70703125 -0.70703125 0.00038146973
vn -0.38256836 -0.9238281 0.00038146973
vn -4.2259693E-05 -1 -0.00038146973
vn -0 -1 0.00038146973
vn 0.38256836 -0.9238281 -0.00038146973
vn 0.3828125 -0.9238281 0.00038146973
vn 0.70703125 -0.70703125 -0.00038146973
vn 0.70703125 -0.70703125 0.00038146973
vn -0.83154297 -0.55566406 0
vn -0.70703125 -0.70703125 -0.00038146973
vn -0.83154297 -0.55566406 0
vn -0.70703125 -0.70703125 0.00038146973
vn 0.70703125 -0.70703125 -0.00038146973
vn 0.83154297 -0.55566406 0
vn 0.70703125 -0.70703125 0.00038146973
vn 0.83154297 -0.55566406 0
vn -0 0 1
vn 0.2541504 0.61376953 0.7475586
vn 0.83154297 -0.55566406 0
vn 0.70703125 -0.70703125 -0.00038146973
vn 0.38256836 -0.9238281 -0.00038146973
vn -0 0 1
vn -0 0 1
vn -4.2259693E-05 -1 -0.00038146973
vn -0.38256836 -0.9238281 -0.00038146973
vn -0 0 1
vn -0.70703125 -0.70703125 -0.00038146973
vn -0 0 1
vn -0.2541504 0.61376953 0.7475586
vn -0.83154297 -0.55566406 0
vn 0.83154297 -0.55566406 0
vn 0.2541504 0.61376953 0.7475586
vn 0.2541504 0.61376953 -0.7475586
vn 0.83154297 -0.55566406 0
vn -0.2541504 0.61376953 0.7475586
vn -0.83154297 -0.55566406 0
vn -0.83154297 -0.55566406 0
vn -0.2541504 0.61376953 -0.7475586
vn 0.83154297 -0.55566406 0
vn 0.2541504 0.61376953 -0.7475586
vn -0 0 -1
vn 0.70703125 -0.70703125 0.00038146973
vn 0.3828125 -0.9238281 0.00038146973
vn -0 0 -1
vn -0 0 -1
vn -0 -1 0.00038146973
vn -0.38256836 -0.9238281 0.00038146973
vn -0 0 -1
vn -0.70703125 -0.70703125 0.00038146973
vn -0 0 -1
vn -0.2541504 0.61376953 -0.7475586
vn -0.83154297 -0.55566406 0
vn -0.70703125 0.70703125 0
vn -0.38256836 0.9238281 0
vn -0.70703125 0.70703125 0
vn -0.38256836 0.9238281 0
vn -0 1 0
vn -0 1 0
vn 0.38256836 0.9238281 0
vn 0.38256836 0.9238281 0
vn 0.70703125 0.70703125 0
vn 0.70703125 0.70703125 0
vn -0.83154297 0.55566406 0
vn -0.70703125 0.70703125 0
vn -0.83154297 0.55566406 0
vn -0.70703125 0.70703125 0
vn 0.70703125 0.70703125 0
vn 0.83154297 0.55566406 0
vn 0.70703125 0.70703125 0
vn 0.83154297 0.55566406 0
vn -0.4711914 -0.4711914 -0.74560547
vn -0.4711914 -0.4711914 -0.74560547
vn -0.4711914 0.4711914 -0.74560547
vn -0.4711914 0.4711914 -0.74560547
vn -0.4711914 0.4711914 -0.74560547
vn -0.4711914 0.4711914 -0.74560547
vn 0.4711914 0.4711914 -0.74560547
vn 0.4711914 0.4711914 -0.74560547
vn 0.4711914 0.4711914 -0.74560547
vn 0.4711914 0.4711914 -0.74560547
vn 0.4711914 -0.4711914 -0.74560547
vn 0.4711914 -0.4711914 -0.74560547
vn 0.4711914 -0.4711914 -0.74560547
vn 0.4711914 -0.4711914 -0.74560547
vn -0.4711914 -0.4711914 -0.74560547
vn -0.4711914 -0.4711914 -0.74560547
vn -0.70703125 0.70703125 0
vn 0.70703125 0.70703125 0
vn 0.70703125 0.70703125 0
vn -0.70703125 0.70703125 0
vn -0 0 -1
vn -0 0 -1
vn -0 0 -1
vn -0 0 -1
vn -0.70703125 -0.70703125 0
vn -0.70703125 0.70703125 0
vn -0.70703125 0.70703125 0
vn -0.70703125 -0.70703125 0
vn 0.70703125 0.70703125 0
vn 0.70703125 -0.70703125 0
vn 0.70703125 -0.70703125 0
vn 0.70703125 0.70703125 0
vn 0.70703125 -0.70703125 0
vn -0.70703125 -0.70703125 0
vn -0.70703125 -0.70703125 0
vn 0.70703125 -0.70703125 0
vn 1 0 0
vn 1 0 0
vn 1 -0.0005722046 0
vn 1 0 0
vn 1 0 0
vn 0.5253906 -0.85058594 0.00038146973
vn 0.5253906 -0.85058594 0
vn -0 0 1
vn 1 -9.536743E-05 0
vn 1 0.0005722046 0
vn 1 0 0
vn 0.0005722046 1 0
vn -0 1 0
vn -0 1 0
vn -0 1 0
vn -0.0005722046 1 0
vn 0.0005722046 1 0
vn -1 -0.0005722046 0
vn -1 0 0
vn -1 0 0
vn -1 0 0
vn -0.5253906 -0.85058594 0
vn -0.5253906 -0.8510742 0.00038146973
vn -0 0 1
vn -1 0 0
vn -1 0 0
vn -1 0.0005722046 0
vn -1 0 0
vn -0 1 0
vn -0.0005722046 1 0
vn -0 1 0
vn -0 1 0
vn -0 1 0
vn -0 1 0
vn -0 1 0
vn -0 1 0
vn -0 1 0
vn -0 1 0
vn -4.7683716E-05 0 1
vn 0.27294922 -0.96191406 0.00076293945
vn -0.27294922 -0.96191406 0.00076293945
vn 4.7683716E-05 0 1
vn -0 0 1
vn -0 0 1
vn -0 0 1
vn 1 0 0
vn 1 -9.536743E-05 0
vn -0 1 0
vn -0 0 1
vn -1 0 0
vn -0 1 0
vn -1 0 0
vn 4.7683716E-05 0 1
vn -0.5253906 -0.8510742 0.00038146973
vn -0 0 1
vn -0.27294922 -0.96191406 0.00076293945
vn -0.5253906 -0.85058594 0
vn -0.27294922 -0.96191406 0
vn 0.27294922 -0.96191406 0
vn 0.27294922 -0.96191406 0.00076293945
vn 0.5253906 -0.85058594 0
vn 0.5253906 -0.85058594 0.00038146973
vn -4.7683716E-05 0 1
vn -0 0 1
vn -0 -0.00038146973 -1
vn -0 -0.00038146973 -1
vn 0.000667572 -0.000667572 -1
vn -0 -0.000667572 -1
vn -0 0 -1
vn -0 0 -1
vn -0 0 -1
vn -0 0 -1
vn -0.00019073486 -4.7683716E-05 -1
vn -0 -4.7683716E-05 -1
vn -0 -0.00038146973 -1
vn -0.00019073486 0 -1
vn -0 -0.00038146973 -1
vn -0 0 -1
vn -0.00019073486 0 -1
vn -0 -4.7683716E-05 -1
vn -0 0 -1
vn -0.00019073486 -4.7683716E-05 -1
vn -0 0 -1
vn -0 0 -1
vn -0 0 -1
vn -0 0 -1
vn -0 0 -1
vn -0 0 -1
vn 0.000667572 -0.000667572 -1
vn -0 -0.000667572 -1
vn -0 1 0
vn -0 1 0
vn -0 1 0
vn -0 1 0
vn 1 0 0
vn 1 0 0.0015258789
vn 1 0 0
vn 1 0 0
vn 1 0 0
vn 1 0 0
vn 1 0 0
vn 0.0009059906 0 1
vn -4.7683716E-05 0 1
vn 1 -0.0005722046 0
vn 4.7683716E-05 -1 0
vn 0.0009059906 -1 0
vn 4.7683716E-05 -1 0
vn 0.0009059906 -1 0
vn -0.0009059906 -1 0
vn 4.7683716E-05 -1 0
vn -4.7683716E-05 0 1
vn -4.7683716E-05 0 1
vn -1 0 0
vn -1 0 0
vn -1 0 0
vn -1 -9.536743E-05 0.0015258789
vn -1 0 0
vn -1 0 0
vn -1 0 0
vn -1 -0.0005722046 0
vn -0.0009059906 -1 0
vn 4.7683716E-05 -1 0
vn -4.7683716E-05 0 1
vn -0.0009059906 0.0002861023 1
vn -0.0009059906 0.0002861023 1
vn 0.0009059906 0 1
vn -4.7683716E-05 0 1
vn -4.7683716E-05 0 1
vn -0 0.72998047 -0.68359375
vn -0 0.72998047 -0.68359375
vn -0 0.72998047 -0.68359375
vn -0 0.72998047 -0.68359375
vn -0 -1 0
vn -0 -1 0
vn -0 -1 0
vn -0 -1 0
vn -0 -1 0
vn -0 -1 0
vn -0 0 -1
vn -0 0 -1
vn -0 0 -1
vn -0 0 -1
vn -0 0 -1
vn -0 0 -1
vn -0 0 -1
vn -0 0 -1
vn 1 -0.00076293945 0
vn 1 0 0
vn 1 0 0
vn 1 -0.00076293945 0
vn 0.00071525574 -1 0
vn 0.00071525574 -1 0
vn 0.00071525574 -1 0
vn -0.00071525574 -1 0
vn -0.00071525574 -1 0
vn 0.00071525574 -1 0
vn -1 -0.00076293945 0
vn -1 0 0
vn -1 0 0
vn -1 -0.00076293945 0
vn -0.00071525574 -1 0
vn -0.00071525574 -1 0
vn -0 0 -1
vn -0 0 -1
vn -0 0 -1
vn -0 0 -1
vn -0 0 -1
vn -0 0 -1
vn -0 0.69921875 -0.71484375
vn -0 0.69921875 -0.71484375
vn -0 0.69921875 -0.71484375
vn -0 0.69921875 -0.71484375
vn -0.52490234 -0.8510742 0
vn -0.52490234 -0.8510742 0
vn -0.52490234 -0.8510742 0
vn -0.52490234 -0.8510742 0
vn -0.52490234 -0.8510742 0
vn -0.52490234 -0.8510742 0
vn -0.52490234 -0.8510742 0
vn -0.52490234 -0.8510742 0
vn -0 -0.45532227 -0.8901367
vn 0.8901367 -0.4555664 0
vn 1 0 0
vn -0 0 -1
vn -0.8901367 -0.4555664 0
vn -1 0 0
vn -0 -0.45532227 0.8901367
vn -0.8901367 -0.4555664 0
vn -1 0 0
vn -0 0 1
vn 0.8901367 -0.4555664 0
vn 1 0 0
vn -0 1 0
vn -0 1 0
vn -0 1 0
vn -0 1 0
vn 0.46240234 -0.38061523 0.80078125
vn 0.5 0 0.86621094
vn 1 0 0
vn 0.9248047 -0.38061523 0
vn 0.46240234 -0.38061523 -0.80078125
vn 0.5 0 -0.86572266
vn -0.46240234 -0.38061523 -0.80078125
vn 0.46240234 -0.38061523 -0.80078125
vn 0.5 0 -0.86572266
vn -0.5 0 -0.86572266
vn -0.46240234 -0.38061523 -0.80078125
vn -0.5 0 -0.86572266
vn -1 0 0
vn -0.9248047 -0.38061523 0
vn -0.46240234 -0.38061523 0.80078125
vn -0.5 0 0.86621094
vn -0.5 0 -0.86621094
vn 0.5 0 -0.86621094
vn 0.5 0 -0.86621094
vn -0.5 0 -0.86621094
vn 0.46240234 -0.38061523 0.80078125
vn -0.5 0 0.86621094
vn 0.5 0 0.86621094
vn -0.46240234 -0.38061523 0.80078125
vn 1 0 0
vn 0.5 0 -0.86621094
vn 0.5 0 -0.86621094
vn 1 0 0
vn 0.5 0 0.86621094
vn 0.5 0 0.86621094
vn 0.5 0 0.86621094
vn 0.5 0 0.86621094
vn -0.5 0 0.86572266
vn -0.5 0 0.86572266
vn -1 0 0
vn -0.5 0 -0.86621094
vn -0.5 0 -0.86621094
vn -1 0 0
vn -0.5 0 0.86572266
vn -0.5 0 0.86572266
vn -0 -1 0
vn -0 -1 0
vn -0 -1 0
vn -0 -1 0
vn -0 -1 0
vn -0 -1 0
vn 0.70703125 0 0.70703125
vn -0 0 1
vn 0.70703125 0 0.70703125
vn -0 0 1
vn -0.70703125 0 0.70703125
vn -0.70703125 0 0.70703125
vn 0.70703125 0 0.70703125
vn 1 0 0
vn 0.70703125 0 0.70703125
vn 1 0 0
vn 0.70703125 0 -0.70703125
vn 0.70703125 0 -0.70703125
vn -0 0 -1
vn 0.70703125 0 -0.70703125
vn 0.70703125 0 -0.70703125
vn -0 0 -1
vn -0.70703125 0 -0.70703125
vn -0.70703125 0 -0.70703125
vn -1 0 0
vn -0.70703125 0 -0.70703125
vn -0.70703125 0 -0.70703125
vn -1 0 0
vn -0.70703125 0 0.70703125
vn -0.70703125 0 0.70703125
vn -0 -0.6176758 -0.7866211
vn -0.55615234 -0.6176758 -0.55615234
vn -0.55615234 -0.6176758 -0.55615234
vn -0 -0.6176758 -0.7866211
vn 0.55615234 -0.6176758 -0.55615234
vn 0.55615234 -0.6176758 -0.55615234
vn -0.7861328 -0.6176758 0
vn -0.55615234 -0.6176758 -0.55615234
vn -0.55615234 -0.6176758 -0.55615234
vn -0.7861328 -0.6176758 0
vn -0.55615234 -0.6176758 0.55615234
vn -0.55615234 -0.6176758 0.55615234
vn -0.55615234 -0.6176758 0.55615234
vn -0.55615234 -0.6176758 0.55615234
vn -0 -0.6176758 0.7866211
vn -0 -0.6176758 0.7866211
vn 0.55615234 -0.6176758 0.55615234
vn 0.55615234 -0.6176758 0.55615234
vn 0.7861328 -0.6176758 0
vn 0.55615234 -0.6176758 0.55615234
vn 0.55615234 -0.6176758 0.55615234
vn 0.7861328 -0.6176758 0
vn 0.55615234 -0.6176758 -0.55615234
vn 0.55615234 -0.6176758 -0.55615234
vn 0.70703125 0 0.70703125
vn -0 0 1
vn 0.70703125 0 0.70703125
vn -0 0 1
vn -0.70703125 0 0.70703125
vn -0.70703125 0 0.70703125
vn 0.70703125 0 0.70703125
vn 1 0 0
vn 0.70703125 0 0.70703125
vn 1 0 0
vn 0.70703125 0 -0.70703125
vn 0.70703125 0 -0.70703125
vn -0 0 -1
vn 0.70703125 0 -0.70703125
vn 0.70703125 0 -0.70703125
vn -0 0 -1
vn -0.70703125 0 -0.70703125
vn -0.70703125 0 -0.70703125
vn -1 0 0
vn -0.70703125 0 -0.70703125
vn -0.70703125 0 -0.70703125
vn -1 0 0
vn -0.70703125 0 0.70703125
vn -0.70703125 0 0.70703125
vn -0 1 0
vn -0 1 0
vn -0 1 0
vn -0 1 0
vn -0 1 0
vn -0 1 0
vn -0 1 0
vn -0 1 0
vn 0.70703125 0 0.70703125
vn -0 0 1
vn 0.70703125 0 0.70703125
vn -0 0 1
vn -0.70703125 0 0.70703125
vn -0.70703125 0 0.70703125
vn 0.70703125 0 0.70703125
vn 1 0 0
vn 0.70703125 0 0.70703125
vn 1 0 0
vn 0.70703125 0 -0.70703125
vn 0.70703125 0 -0.70703125
vn -0 0 -1
vn 0.70703125 0 -0.70703125
vn 0.70703125 0 -0.70703125
vn -0 0 -1
vn -0.70703125 0 -0.70703125
vn -0.70703125 0 -0.70703125
vn -1 0 0
vn -0.70703125 0 -0.70703125
vn -0.70703125 0 -0.70703125
vn -1 0 0
vn -0.70703125 0 0.70703125
vn -0.70703125 0 0.70703125
vn 0.4621582 -0.38134766 0.80078125
vn 0.5 0 0.86621094
vn 1 0 0
vn 0.9243164 -0.38134766 0
vn 0.4621582 -0.38134766 -0.80078125
vn 0.5 0 -0.86621094
vn -0.4621582 -0.38134766 -0.80078125
vn 0.4621582 -0.38134766 -0.80078125
vn 0.5 0 -0.86621094
vn -0.5 0 -0.86621094
vn -0.9243164 -0.38134766 0
vn -0.4621582 -0.38134766 -0.80078125
vn -0.5 0 -0.86621094
vn -1 0 0
vn -0.4621582 -0.38134766 0.80078125
vn -0.5 0 0.86572266
vn 0.4621582 -0.38134766 0.80078125
vn -0.5 0 0.86572266
vn 0.5 0 0.86621094
vn -0.4621582 -0.38134766 0.80078125
vn -0.4621582 -0.38134766 -0.80078125
vn 0.9243164 -0.38134766 0
vn 0.4621582 -0.38134766 -0.80078125
vn -0.4621582 -0.38134766 0.80078125
vn -0.9243164 -0.38134766 0
vn 0.4621582 -0.38134766 0.80078125
vn -0 1 0
vn -0 1 0
vn -0 1 0
vn -0 1 0
vn -0 -1 0
vn -0 -1 0
vn -0 -1 0
vn -0 -1 0
vn -0 0 -1
vn -0 0 -1
vn -0 0 -1
vn -0 0 -1
vn -0 0 1
vn -0 0 1
vn -0 0 1
vn -0 0 1
vn 0.86572266 0 -0.5
vn -0 0 -1
vn 0.86572266 0 -0.5
vn -0 0 -1
vn -0.86572266 0 -0.5
vn -0.86572266 0 -0.5
vn 0.86572266 0 0.5
vn 0.86572266 0 -0.5
vn 0.86572266 0 0.5
vn 0.86572266 0 -0.5
vn -0 0 1
vn 0.86572266 0 0.5
vn 0.86572266 0 0.5
vn -0 0 1
vn -0.86572266 0 0.5
vn -0.86572266 0 0.5
vn -0.86572266 0 0.5
vn -0.86572266 0 -0.5
vn -0.86572266 0 0.5
vn -0.86572266 0 -0.5
vn -0 1 0
vn -0 1 0
vn -0 1 0
vn -0 1 0
vn -0 1 0
vn -0 1 0
vn -0.7836914 0.19091797 0.5908203
vn -0.8413086 0.33618164 0.42333984
vn 0.72753906 0.6489258 0.22314453
vn 0.7919922 0.34155273 0.5058594
vn 0.83154297 0.12976074 0.54003906
vn -0.82421875 0.094055176 0.55859375
vn 0.6870117 0.7236328 -0.06677246
vn 0.72753906 0.6489258 0.22314453
vn -0.8413086 0.33618164 0.42333984
vn -0.89941406 0.33276367 0.28393555
vn -0.91015625 0.328125 0.2529297
vn 0.6484375 0.71728516 -0.2548828
vn -0.9057617 0.32104492 0.27612305
vn 0.5966797 0.68310547 -0.42163086
vn 0.33544922 -0.93652344 0.1026001
vn 0.29418945 -0.9555664 -0.01449585
vn 0.4753418 -0.8647461 0.16174316
vn -0.8276367 0.4428711 0.34423828
vn 0.44091797 0.53564453 -0.72021484
vn -0.63916016 0.68066406 0.35839844
vn -0.004386902 0.13562012 -0.99072266
vn 0.7651367 -0.6279297 0.14318848
vn 0.6411133 -0.75341797 0.14550781
vn -0.53271484 -0.34570312 -0.77246094
vn -0.7519531 -0.5307617 -0.39086914
vn 0.8857422 -0.4494629 0.116760254
vn -0.77685547 -0.5600586 -0.28833008
vn 0.8984375 -0.42700195 0.103759766
vn -0.7675781 -0.5571289 -0.3173828
vn 0.93896484 -0.32470703 0.11328125
vn -0.64990234 -0.59716797 -0.4699707
vn 0.9824219 -0.10479736 0.15454102
vn -0.33203125 -0.53271484 -0.7783203
vn 0.91308594 0.14697266 0.38061523
vn -0.41064453 0.81347656 0.4116211
vn -0.18469238 0.9555664 0.22998047
vn 0.6411133 -0.75341797 0.14550781
vn 0.7651367 -0.6279297 0.14318848
vn -0.39941406 0.86621094 0.30029297
vn -0.63916016 0.68066406 0.35839844
vn -0.8276367 0.4428711 0.34423828
vn 0.4753418 -0.8647461 0.16174316
vn 0.8984375 -0.42700195 0.103759766
vn 0.93896484 -0.32470703 0.11328125
vn -0.18469238 0.9555664 0.22998047
vn -0.1508789 0.97265625 0.17541504
vn 0.8857422 -0.4494629 0.116760254
vn -0.17944336 0.9609375 0.20983887
vn 0.7651367 -0.6279297 0.14318848
vn -0.39941406 0.86621094 0.30029297
vn -0.7675781 -0.5571289 -0.3173828
vn -0.77685547 -0.5600586 -0.28833008
vn -0.7519531 -0.5307617 -0.39086914
vn -0.53271484 -0.34570312 -0.77246094
vn -0.63916016 0.68066406 0.35839844
vn -0.004386902 0.13562012 -0.99072266
vn -0.64990234 -0.59716797 -0.4699707
vn -0.41064453 0.81347656 0.4116211
vn -0.6538086 0.5048828 0.56347656
vn -0.33203125 -0.53271484 -0.7783203
vn -0.7089844 0.3034668 0.63671875
vn -0.121398926 -0.35302734 -0.9277344
vn 0.91308594 0.14697266 0.38061523
vn 0.7915039 0.21911621 0.5703125
vn 0.6411133 -0.75341797 0.14550781
vn 0.4753418 -0.8647461 0.16174316
vn 0.44091797 0.53564453 -0.72021484
vn 0.5966797 0.68310547 -0.42163086
vn 0.33544922 -0.93652344 0.1026001
vn 0.6484375 0.71728516 -0.2548828
vn 0.29418945 -0.9555664 -0.01449585
vn 0.6870117 0.7236328 -0.06677246
vn 0.22827148 -0.95410156 -0.19421387
vn -0.91015625 0.328125 0.2529297
vn -0.89941406 0.33276367 0.28393555
vn 0.16918945 -0.8544922 -0.4909668
vn 0.72753906 0.6489258 0.22314453
vn 0.10662842 -0.43481445 -0.89404297
vn -0.8413086 0.33618164 0.42333984
vn 0.7919922 0.34155273 0.5058594
vn -0.7836914 0.19091797 0.5908203
vn 0.83154297 0.12976074 0.54003906
vn -0.82421875 0.094055176 0.55859375
vn 0.017166138 -0.101867676 -0.9946289
vn 0.91308594 0.14697266 0.38061523
vn 0.7915039 0.21911621 0.5703125
vn -0.7089844 0.3034668 0.63671875
vn -0.6538086 0.5048828 0.56347656
vn -0.41064453 0.81347656 0.4116211
vn 0.9824219 -0.10479736 0.15454102
vn -0.77783203 0.4560547 0.4321289
vn -0.71191406 0.29760742 0.63623047
vn -0.0022716522 -0.46923828 -0.8828125
vn -0.064575195 -0.7167969 -0.69433594
vn -0.7973633 0.57910156 0.17053223
vn 0.8041992 0.39941406 0.4399414
vn 0.7246094 0.31054688 0.6152344
vn 0.86865234 0.44433594 0.21862793
vn -0.080444336 -0.9355469 -0.34375
vn 0.8833008 0.45288086 0.1217041
vn -0.78271484 0.6220703 0.026321411
vn -0.1071167 -0.984375 -0.13891602
vn 0.88183594 0.47070312 -0.031677246
vn -0.17895508 -0.9633789 0.20031738
vn -0.7163086 0.66796875 -0.20251465
vn 0.91748047 0.36328125 -0.1628418
vn -0.71191406 0.55078125 -0.43554688
vn -0.22033691 -0.81103516 0.5415039
vn 0.9213867 0.30419922 -0.24267578
vn -0.72265625 0.41333008 -0.5541992
vn -0.19909668 -0.6513672 0.7324219
vn 0.92578125 0.24047852 -0.29223633
vn -0.73535156 0.3017578 -0.6069336
vn -0.18615723 -0.5048828 0.84277344
vn 0.9291992 0.20861816 -0.30444336
vn -0.18688965 -0.44213867 0.8774414
vn -0.74072266 0.25585938 -0.62109375
vn 0.8041992 0.39941406 0.4399414
vn 0.7246094 0.31054688 0.6152344
vn -0.71191406 0.29760742 0.63623047
vn -0.77783203 0.4560547 0.4321289
vn -0.7973633 0.57910156 0.17053223
vn 0.8041992 0.39941406 0.4399414
vn -0.77783203 0.4560547 0.4321289
vn 0.86865234 0.44433594 0.21862793
vn -0.78271484 0.6220703 0.026321411
vn 0.8833008 0.45288086 0.1217041
vn 0.88183594 0.47070312 -0.031677246
vn -0.7163086 0.66796875 -0.20251465
vn 0.91748047 0.36328125 -0.1628418
vn -0.71191406 0.55078125 -0.43554688
vn 0.9213867 0.30419922 -0.24267578
vn -0.72265625 0.41333008 -0.5541992
vn 0.9213867 0.30419922 -0.24267578
vn -0.72265625 0.41333008 -0.5541992
vn -0.73535156 0.3017578 -0.6069336
vn 0.92578125 0.24047852 -0.29223633
vn -0.74072266 0.25585938 -0.62109375
vn 0.9291992 0.20861816 -0.30444336
vn 0.73339844 0.6791992 0.029754639
vn 0.7753906 0.5390625 0.328125
vn -0.8261719 0.38793945 0.40844727
vn -0.86279297 0.46044922 0.20825195
vn -0.9057617 0.41992188 0.05645752
vn 0.7246094 0.6586914 -0.20336914
vn -0.92041016 0.38891602 -0.036621094
vn 0.7006836 0.6176758 -0.35717773
vn -0.9355469 0.32202148 -0.14611816
vn 0.67041016 0.5551758 -0.4921875
vn -0.94091797 0.19372559 -0.2783203
vn 0.6508789 0.4555664 -0.6074219
vn -0.8232422 0.20153809 0.5307617
vn -0.7944336 0.09564209 0.60009766
vn 0.038757324 -0.23925781 -0.97021484
vn 0.037506104 -0.46533203 -0.88427734
vn -0.8261719 0.38793945 0.40844727
vn 0.80078125 0.29736328 0.52001953
vn 0.7998047 0.17651367 0.57373047
vn 0.7753906 0.5390625 0.328125
vn 0.09033203 -0.80029297 -0.59228516
vn -0.86279297 0.46044922 0.20825195
vn 0.73339844 0.6791992 0.029754639
vn 0.14294434 -0.9692383 -0.20141602
vn -0.9057617 0.41992188 0.05645752
vn 0.18493652 -0.9741211 0.1315918
vn 0.7246094 0.6586914 -0.20336914
vn -0.92041016 0.38891602 -0.036621094
vn 0.2175293 -0.90966797 0.35327148
vn 0.7006836 0.6176758 -0.35717773
vn -0.9355469 0.32202148 -0.14611816
vn 0.23474121 -0.78564453 0.5722656
vn 0.67041016 0.5551758 -0.4921875
vn -0.94091797 0.19372559 -0.2783203
vn 0.24353027 -0.5732422 0.78222656
vn 0.6508789 0.4555664 -0.6074219
vn -0.94970703 0.0859375 -0.30151367
vn 0.69091797 0.37475586 -0.61816406
vn 0.25268555 -0.43286133 0.8652344
vn 0.69091797 0.37475586 -0.61816406
vn 0.6508789 0.4555664 -0.6074219
vn -0.94091797 0.19372559 -0.2783203
vn -0.94970703 0.0859375 -0.30151367
vn 0.7753906 0.5390625 0.328125
vn -0.8232422 0.20153809 0.5307617
vn -0.8261719 0.38793945 0.40844727
vn 0.80078125 0.29736328 0.52001953
vn -0.7944336 0.09564209 0.60009766
vn 0.7998047 0.17651367 0.57373047
vn 1 0 0
vn 1 0 0
vn 1 0 0
vn 1 0 0
vn -0 0 1
vn -0 0 1
vn -0 0 1
vn -0 0 1
vn -0 -1 0
vn -0 -1 0
vn -0 -1 0
vn -0 -1 0
vn -0 -1 0
vn -0 -1 0
vn -0 -1 0
vn -0 -1 0
vn -0.20959473 0 0.97753906
vn -0.20959473 0 0.97753906
vn -0.20959473 0 0.97753906
vn -0.20959473 0 0.97753906
vn 0.20959473 0 0.97753906
vn 0.20959473 0 0.97753906
vn 0.20959473 0 0.97753906
vn 0.20959473 0 0.97753906
vn 1 0 0
vn 1 0 0
vn 1 0 0
vn 1 0 0
vn -0 1 0
vn -0 1 0
vn -0 1 0
vn -0 1 0
vn -0 1 0
vn -0 1 0
vn -0 1 0
vn -0 1 0
vn -1 0 0
vn -1 0 0
vn -1 0 0
vn -1 0 0
vn -1 0 0
vn -1 0 0
vn -1 0 0
vn -1 0 0
vn 0.70703125 0 0.70703125
vn 0.70703125 0 0.70703125
vn 0.38256836 0 0.9238281
vn 0.38256836 0 0.9238281
vn -0 0 1
vn -0 0 1
vn -0.3828125 0 0.9238281
vn -0.3828125 0 0.9238281
vn -0.70703125 0 0.70703125
vn -0.70703125 0 0.70703125
vn 0.70703125 0 0.70703125
vn 0.9238281 0 0.38256836
vn 0.70703125 0 0.70703125
vn 0.9238281 0 0.38256836
vn 1 0 0
vn 1 0 0
vn 0.9238281 0 -0.38256836
vn 0.9238281 0 -0.38256836
vn 0.70703125 0 -0.70703125
vn 0.70703125 0 -0.70703125
vn -0.70703125 0 -0.70703125
vn -0.70703125 0 -0.70703125
vn -0.9238281 0 -0.38256836
vn -0.9238281 0 -0.38256836
vn -1 0 0
vn -1 0 0
vn -0.9238281 0 0.38256836
vn -0.9238281 0 0.38256836
vn -0.70703125 0 0.70703125
vn -0.70703125 0 0.70703125
vn 0.70703125 0 -0.70703125
vn 0.70703125 0 -0.70703125
vn 0.38256836 0 -0.9238281
vn 0.38256836 0 -0.9238281
vn -0 0 -1
vn -0 0 -1
vn -0.3828125 0 -0.9238281
vn -0.3828125 0 -0.9238281
vn -0.70703125 0 -0.70703125
vn -0.70703125 0 -0.70703125
vn 0.83154297 0 -0.5551758
vn 0.70703125 0 -0.70703125
vn 0.83154297 0 -0.5551758
vn 0.70703125 0 -0.70703125
vn -0.70703125 0 -0.70703125
vn -0.55566406 0 -0.83154297
vn -0.70703125 0 -0.70703125
vn -0.55566406 0 -0.83154297
vn -0 -0.15441895 0.98779297
vn -0 -0.15441895 0.98779297
vn -0 -0.15441895 0.98779297
vn -0 -0.15441895 0.98779297
vn -0.83154297 0 0.55566406
vn -0.83154297 0 0.55566406
vn -0.9238281 0 0.38256836
vn -0.9238281 0 0.38256836
vn -1 0 0
vn -1 0 0
vn -0.9238281 0 -0.38256836
vn -0.9238281 0 -0.38256836
vn -0.70703125 0 -0.70703125
vn -0.70703125 0 -0.70703125
vn -0.9638672 0.26708984 0
vn -0.9638672 0.26708984 0
vn -0.9638672 0.26708984 0
vn -0.9638672 0.26708984 0
vn -0 0 -1
vn -0 0 -1
vn -0 0 -1
vn -0 0 -1
vn 0.83154297 0 0.5551758
vn 0.83154297 0 0.5551758
vn 0.83154297 0 0.5551758
vn 0.83154297 0 0.5551758
vn 0.55566406 0 -0.83154297
vn 0.70703125 0 -0.70703125
vn 0.55566406 0 -0.83154297
vn 0.70703125 0 -0.70703125
vn -1 0 0
vn -1 0 0
vn -1 0 0
vn -1 0 0
vn -0.6645508 0.3479004 -0.6616211
vn -0.5229492 0.33862305 -0.78222656
vn -0.6611328 0.3479004 -0.6645508
vn -0.5229492 0.33862305 -0.78222656
vn -0.77197266 0.37182617 0.515625
vn -0.77197266 0.37182617 0.515625
vn -0.85595703 0.37402344 0.35742188
vn -0.85791016 0.3737793 0.35205078
vn -0.93115234 0.36499023 0.0030517578
vn -0.93115234 0.3647461 -0.0034332275
vn -0.8623047 0.3557129 -0.3605957
vn -0.8642578 0.3557129 -0.3552246
vn -0.6611328 0.3479004 -0.6645508
vn -0.6645508 0.3479004 -0.6616211
vn -0 -0.15441895 -0.98779297
vn -0 -0.15441895 -0.98779297
vn -0 -0.15441895 -0.98779297
vn -0 -0.15441895 -0.98779297
vn 0.77197266 0.37182617 0.515625
vn 0.77197266 0.37182617 0.515625
vn 0.77197266 0.37182617 0.515625
vn 0.77197266 0.37182617 0.515625
vn -1 0 0
vn -1 0 0
vn -1 0 0
vn -1 0 0
vn 0.5229492 0.33862305 -0.78222656
vn 0.6645508 0.3479004 -0.6616211
vn 0.6611328 0.3479004 -0.6645508
vn 0.5229492 0.33862305 -0.78222656
vn -1 0 0
vn -1 0 0
vn -1 0 0
vn -1 0 0
vn 0.78027344 0.34521484 -0.5214844
vn 0.6611328 0.3479004 -0.6645508
vn 0.78027344 0.34521484 -0.5214844
vn 0.6645508 0.3479004 -0.6616211
vn 0.98779297 -0.15441895 0
vn 0.98779297 -0.15441895 0
vn 0.98779297 -0.15441895 0
vn 0.98779297 -0.15441895 0
vn 0.9609375 -0.2775879 0
vn 0.9609375 -0.2775879 0
vn 0.9609375 -0.2775879 0
vn 0.9609375 -0.2775879 0
vn -1 0 0
vn -1 0 0
vn -1 0 0
vn -1 0 0
vn 0.70703125 0 -0.70703125
vn 0.83154297 0 -0.5551758
vn 0.70703125 0 -0.70703125
vn 0.83154297 0 -0.5551758
vn -0 0.17651367 0.984375
vn -0 0.17651367 0.984375
vn -0 0.17651367 0.984375
vn -0 0.17651367 0.984375
vn -0.70703125 0 -0.70703125
vn -0.55566406 0 -0.83154297
vn -0.70703125 0 -0.70703125
vn -0.55566406 0 -0.83154297
vn 1 0 0
vn 1 0 0
vn 1 0 0
vn 1 0 0
vn -0.83154297 0 0.55566406
vn -0.83154297 0 0.55566406
vn -0.9238281 0 0.38256836
vn -0.9238281 0 0.38256836
vn -1 0 0
vn -1 0 0
vn -0.9238281 0 -0.38256836
vn -0.9238281 0 -0.38256836
vn -0.70703125 0 -0.70703125
vn -0.70703125 0 -0.70703125
vn 1 0 0
vn 1 0 0
vn 1 0 0
vn 1 0 0
vn 0.83154297 0 0.5551758
vn 0.83154297 0 0.5551758
vn 0.83154297 0 0.5551758
vn 0.83154297 0 0.5551758
vn 1 0 0
vn 1 0 0
vn 1 0 0
vn 1 0 0
vn 0.77197266 -0.37182617 0.515625
vn 0.77197266 -0.37182617 0.515625
vn 0.77197266 -0.37182617 0.515625
vn 0.77197266 -0.37182617 0.515625
vn -0.65478516 -0.37817383 -0.65478516
vn -0.65478516 -0.37817383 -0.65478516
vn -0.85546875 -0.37817383 -0.3544922
vn -0.85546875 -0.37817383 -0.3544922
vn -0.92578125 -0.37817383 0
vn -0.92578125 -0.37817383 0
vn -0.85546875 -0.37817383 0.3544922
vn -0.85546875 -0.37817383 0.3544922
vn -0.77197266 -0.37182617 0.515625
vn -0.77197266 -0.37182617 0.515625
vn 0.515625 -0.3720703 -0.77197266
vn 0.65478516 -0.37817383 -0.65478516
vn 0.515625 -0.3720703 -0.77197266
vn 0.65478516 -0.37817383 -0.65478516
vn -1 0 0
vn -1 0 0
vn -1 0 0
vn -1 0 0
vn -0.98876953 0.14831543 0
vn -0.98876953 0.14831543 0
vn -0.98876953 0.14831543 0
vn -0.98876953 0.14831543 0
vn 0.55566406 0 -0.83154297
vn 0.70703125 0 -0.70703125
vn 0.55566406 0 -0.83154297
vn 0.70703125 0 -0.70703125
vn 0.77197266 -0.37182617 -0.515625
vn 0.65478516 -0.37817383 -0.65478516
vn 0.65478516 -0.37817383 -0.65478516
vn 0.77197266 -0.37182617 -0.515625
vn -0.65478516 -0.37817383 -0.65478516
vn -0.515625 -0.3720703 -0.77197266
vn -0.515625 -0.3720703 -0.77197266
vn -0.65478516 -0.37817383 -0.65478516
vn -0 0.11968994 -0.9926758
vn -0 0.11968994 -0.9926758
vn -0 0.11968994 -0.9926758
vn -0 0.11968994 -0.9926758
vn -0 0 -1
vn -0 0 -1
vn -0 0 -1
vn -0 0 -1
vn 1 0 0
vn 1 0 0
vn 1 0 0
vn 1 0 0
vn -0.83154297 0 0.55566406
vn -0.83154297 0 0.55566406
vn -0.9238281 0 0.38256836
vn -0.9238281 0 0.38256836
vn -1 0 0
vn -1 0 0
vn -0.9238281 0 -0.38256836
vn -0.9238281 0 -0.38256836
vn -0.70703125 0 -0.70703125
vn -0.70703125 0 -0.70703125
vn 0.9638672 0.2668457 0
vn 0.9638672 0.26708984 0
vn 0.9638672 0.26708984 0
vn 0.9638672 0.2668457 0
vn 0.83154297 0 0.5551758
vn 0.83154297 0 0.5551758
vn 0.83154297 0 0.5551758
vn 0.83154297 0 0.5551758
vn 1 0 0
vn 1 0 0
vn 1 0 0
vn 1 0 0
vn 0.55566406 0 -0.83154297
vn 0.70703125 0 -0.70703125
vn 0.55566406 0 -0.83154297
vn 0.70703125 0 -0.70703125
vn -0 0 -1
vn -0 0 -1
vn -0 0 -1
vn -0 0 -1
vn -0.9609375 -0.2775879 0
vn -0.9609375 -0.2775879 0
vn -0.9609375 -0.2775879 0
vn -0.9609375 -0.2775879 0
vn 0.83154297 0 -0.5551758
vn 0.70703125 0 -0.70703125
vn 0.83154297 0 -0.5551758
vn 0.70703125 0 -0.70703125
vn -0.70703125 0 -0.70703125
vn -0.70703125 0 -0.70703125
vn -0.55566406 0 -0.83154297
vn -0.55566406 0 -0.83154297
vn -0.3828125 0 0.9238281
vn -0.70703125 0 0.70703125
vn -0.70703125 0 0.70703125
vn -0.3828125 0 0.9238281
vn -0 0 1
vn -0 0 1
vn 0.38256836 0 0.9238281
vn 0.38256836 0 0.9238281
vn 0.70703125 0 0.70703125
vn 0.70703125 0 0.70703125
vn 0.9238281 0 -0.38256836
vn 0.70703125 0 -0.70703125
vn 0.70703125 0 -0.70703125
vn 0.9238281 0 -0.38256836
vn 1 0 0
vn 1 0 0
vn 0.9238281 0 0.38256836
vn 0.9238281 0 0.38256836
vn 0.70703125 0 0.70703125
vn 0.70703125 0 0.70703125
vn -0.70703125 0 -0.70703125
vn -0.3828125 0 -0.9238281
vn -0.70703125 0 -0.70703125
vn -0.3828125 0 -0.9238281
vn -0 0 -1
vn -0 0 -1
vn 0.38256836 0 -0.9238281
vn 0.38256836 0 -0.9238281
vn 0.70703125 0 -0.70703125
vn 0.70703125 0 -0.70703125
vn -0.70703125 0 0.70703125
vn -0.70703125 0 0.70703125
vn -0.9238281 0 0.38256836
vn -0.9238281 0 0.38256836
vn -1 0 0
vn -1 0 0
vn -0.9238281 0 -0.38256836
vn -0.9238281 0 -0.38256836
vn -0.70703125 0 -0.70703125
vn -0.70703125 0 -0.70703125
vn 0.98095703 0 0.19494629
vn 1 0 0
vn 0.98095703 0 0.19494629
vn 1 0 0
vn 0.98095703 0 -0.19494629
vn 0.98095703 0 -0.19494629
vn 0.8833008 0.46899414 0.002670288
vn 0.8676758 0.4658203 0.17285156
vn 0.8676758 0.4658203 0.17285156
vn 0.8833008 0.46875 -0.0030517578
vn 0.8720703 0.45776367 -0.17358398
vn 0.8720703 0.45776367 -0.17358398
vn 1 0 0
vn 1 0 0
vn 1 0 0
vn 1 0 0
vn 0.98095703 0 0.19494629
vn 1 0 0
vn 0.98095703 0 0.19494629
vn 1 0 0
vn 0.98095703 0 -0.19494629
vn 0.98095703 0 -0.19494629
vn 0.8769531 -0.4802246 0
vn 0.8642578 -0.47314453 0.17199707
vn 0.8642578 -0.47314453 0.17199707
vn 0.8769531 -0.4802246 0
vn 0.8642578 -0.47314453 -0.17199707
vn 0.8642578 -0.47314453 -0.17199707
vn 0.98095703 0 0.19494629
vn 1 0 0
vn 0.98095703 0 0.19494629
vn 1 0 0
vn 0.98095703 0 -0.19494629
vn 0.98095703 0 -0.19494629
vn -0 0 1
vn -0 0 1
vn -0 0 1
vn -0 0 1
vn -0 0 1
vn -0 0 1
vn -0 0 1
vn -0 0 1
vn -0.3828125 0 0.9238281
vn -0.55566406 0 0.83154297
vn -0.55566406 0 0.83154297
vn -0.3828125 0 0.9238281
vn -0 0 1
vn -0 0 1
vn 0.38256836 0 0.9238281
vn 0.38256836 0 0.9238281
vn 0.55566406 0 0.83154297
vn 0.55566406 0 0.83154297
vn 0.3178711 0.52734375 0.78759766
vn 0.47851562 0.5078125 0.7163086
vn 0.47851562 0.5078125 0.7163086
vn 0.33398438 0.5263672 0.78222656
vn -0 0.5385742 0.84277344
vn -0 0.5385742 0.84277344
vn -0.33398438 0.5263672 0.78222656
vn -0.3178711 0.52734375 0.78759766
vn -0.47851562 0.5078125 0.7163086
vn -0.47851562 0.5078125 0.7163086
vn -0 0 1
vn -0 0 1
vn -0 0 1
vn -0 0 1
vn -0.55566406 0 0.83154297
vn -0.3828125 0 0.9238281
vn -0.55566406 0 0.83154297
vn -0.3828125 0 0.9238281
vn -0 0 1
vn -0 0 1
vn 0.38256836 0 0.9238281
vn 0.38256836 0 0.9238281
vn 0.55566406 0 0.83154297
vn 0.55566406 0 0.83154297
vn -0.3203125 -0.5209961 0.7910156
vn -0.4802246 -0.5029297 0.71875
vn -0.4802246 -0.5029297 0.71875
vn -0.3347168 -0.52001953 0.78564453
vn -0 -0.5307617 0.84765625
vn -0 -0.5307617 0.84765625
vn 0.33447266 -0.52001953 0.78564453
vn 0.3203125 -0.5209961 0.7910156
vn 0.4802246 -0.5029297 0.71875
vn 0.4802246 -0.5029297 0.71875
vn 0.55566406 0 0.83154297
vn 0.55566406 0 0.83154297
vn 0.38256836 0 0.9238281
vn 0.38256836 0 0.9238281
vn -0 0 1
vn -0 0 1
vn -0.3828125 0 0.9238281
vn -0.3828125 0 0.9238281
vn -0.55566406 0 0.83154297
vn -0.55566406 0 0.83154297
vn -0.19506836 0 -0.98095703
vn -0 0 -1
vn -0.19506836 0 -0.98095703
vn -0 0 -1
vn 0.19506836 0 -0.98095703
vn 0.19506836 0 -0.98095703
vn -0.17504883 0.44140625 -0.8798828
vn -0.17504883 0.44140625 -0.8798828
vn -0 0.4482422 -0.89404297
vn -0 0.4482422 -0.89404297
vn 0.17504883 0.44140625 -0.8798828
vn 0.17504883 0.44140625 -0.8798828
vn 0.19506836 0 -0.98095703
vn 0.19506836 0 -0.98095703
vn -0 0 -1
vn -0 0 -1
vn -0.19506836 0 -0.98095703
vn -0.19506836 0 -0.98095703
vn -0 -0.48046875 -0.8769531
vn -0.171875 -0.47314453 -0.8642578
vn -0.171875 -0.47314453 -0.8642578
vn -0 -0.48046875 -0.8769531
vn 0.171875 -0.47314453 -0.8642578
vn 0.171875 -0.47314453 -0.8642578
vn -0.19506836 0 -0.98095703
vn -0 0 -1
vn -0.19506836 0 -0.98095703
vn -0 0 -1
vn 0.19506836 0 -0.98095703
vn 0.19506836 0 -0.98095703
vn 0.98876953 0.14831543 0
vn 0.98876953 0.14831543 0
vn 0.98876953 0.14831543 0
vn 0.98876953 0.14831543 0
vn -0.98779297 -0.15441895 0
vn -0.98779297 -0.15441895 0
vn -0.98779297 -0.15441895 0
vn -0.98779297 -0.15441895 0
vn -1 0 0
vn -1 0 0
vn -1 0 0
vn -1 0 0
vn 0.70703125 0 0.70703125
vn 1 0 0
vn 0.70703125 0 0.70703125
vn 1 0 0
vn 0.70703125 0 -0.70703125
vn 0.70703125 0 -0.70703125
vn -0.70703125 0 -0.70703125
vn -0.70703125 0 -0.70703125
vn -1 0 0
vn -1 0 0
vn -0.70703125 0 0.70703125
vn -0.70703125 0 0.70703125
vn 0.70703125 0 -0.70703125
vn 0.70703125 0 -0.70703125
vn -0 0 -1
vn -0 0 -1
vn -0.70703125 0 -0.70703125
vn -0.70703125 0 -0.70703125
vn -0 0 1
vn 0.70703125 0 0.70703125
vn 0.70703125 0 0.70703125
vn -0 0 1
vn -0.70703125 0 0.70703125
vn -0.70703125 0 0.70703125
vn -0.70703125 0 0.70703125
vn -0.3828125 0 0.9238281
vn -0.70703125 0 0.70703125
vn -0.3828125 0 0.9238281
vn -0 0 1
vn -0 0 1
vn 0.38256836 0 0.9238281
vn 0.38256836 0 0.9238281
vn 0.70703125 0 0.70703125
vn 0.70703125 0 0.70703125
vn 0.70703125 0 -0.70703125
vn 0.9238281 0 -0.38256836
vn 0.70703125 0 -0.70703125
vn 0.9238281 0 -0.38256836
vn 1 0 0
vn 1 0 0
vn 0.9238281 0 0.38256836
vn 0.9238281 0 0.38256836
vn 0.70703125 0 0.70703125
vn 0.70703125 0 0.70703125
vn -0.70703125 0 -0.70703125
vn -0.3828125 0 -0.9238281
vn -0.70703125 0 -0.70703125
vn -0.3828125 0 -0.9238281
vn -0 0 -1
vn -0 0 -1
vn 0.38256836 0 -0.9238281
vn 0.38256836 0 -0.9238281
vn 0.70703125 0 -0.70703125
vn 0.70703125 0 -0.70703125
vn -0.70703125 0 0.70703125
vn -0.70703125 0 0.70703125
vn -0.9238281 0 0.38256836
vn -0.9238281 0 0.38256836
vn -1 0 0
vn -1 0 0
vn -0.9238281 0 -0.38256836
vn -0.9238281 0 -0.38256836
vn -0.70703125 0 -0.70703125
vn -0.70703125 0 -0.70703125
vn 0.35766602 0.3544922 -0.86376953
vn 0.6611328 0.3544922 -0.6611328
vn 0.6611328 0.3544922 -0.6611328
vn 0.35766602 0.3544922 -0.86376953
vn -0 0.3544922 -0.9350586
vn -0 0.3544922 -0.9350586
vn -0.35766602 0.3544922 -0.86376953
vn -0.35766602 0.3544922 -0.86376953
vn -0.6611328 0.3544922 -0.6611328
vn -0.6611328 0.3544922 -0.6611328
vn -0.86376953 0.3544922 -0.35791016
vn -0.6611328 0.3544922 -0.6611328
vn -0.6611328 0.3544922 -0.6611328
vn -0.86376953 0.3544922 -0.35791016
vn -0.9350586 0.3544922 0
vn -0.9350586 0.3544922 0
vn -0.86376953 0.3544922 0.35791016
vn -0.86376953 0.3544922 0.35791016
vn -0.6611328 0.3544922 0.6611328
vn -0.6611328 0.3544922 0.6611328
vn 0.86376953 0.3544922 0.35791016
vn 0.6611328 0.3544922 0.6611328
vn 0.6611328 0.3544922 0.6611328
vn 0.86376953 0.3544922 0.35791016
vn 0.9350586 0.3544922 0
vn 0.9350586 0.3544922 0
vn 0.86376953 0.3544922 -0.35791016
vn 0.86376953 0.3544922 -0.35791016
vn 0.6611328 0.3544922 -0.6611328
vn 0.6611328 0.3544922 -0.6611328
vn 0.35766602 0.3544922 0.86376953
vn 0.6611328 0.3544922 0.6611328
vn 0.6611328 0.3544922 0.6611328
vn 0.35766602 0.3544922 0.86376953
vn -0 0.3544922 0.9350586
vn -0 0.3544922 0.9350586
vn -0.35766602 0.3544922 0.86376953
vn -0.35766602 0.3544922 0.86376953
vn -0.6611328 0.3544922 0.6611328
vn -0.6611328 0.3544922 0.6611328
vn -0 1 0
vn -0 1 0
vn -0 1 0
vn -0 1 0
vn -0 1 0
vn -0 1 0
vn -0 1 0
vn -0 1 0
vn -0 1 0
vn -0 1 0
vn -0 1 0
vn -0 1 0
vn -0 1 0
vn -0 1 0
vn -0 1 0
vn -0 1 0
vn 0.9238281 0 -0.38256836
vn 0.70703125 0 -0.70703125
vn 0.70703125 0 -0.70703125
vn 0.9238281 0 -0.38256836
vn 1 0 0
vn 1 0 0
vn 0.9238281 0 0.38256836
vn 0.9238281 0 0.38256836
vn 0.70703125 0 0.70703125
vn 0.70703125 0 0.70703125
vn -0.70703125 0 -0.70703125
vn -0.70703125 0 -0.70703125
vn -0.3828125 0 -0.9238281
vn -0.3828125 0 -0.9238281
vn -0 0 -1
vn -0 0 -1
vn 0.38256836 0 -0.9238281
vn 0.38256836 0 -0.9238281
vn 0.70703125 0 -0.70703125
vn 0.70703125 0 -0.70703125
vn -0.70703125 0 0.70703125
vn -0.70703125 0 0.70703125
vn -0.9238281 0 0.38256836
vn -0.9238281 0 0.38256836
vn -1 0 0
vn -1 0 0
vn -0.9238281 0 -0.38256836
vn -0.9238281 0 -0.38256836
vn -0.70703125 0 -0.70703125
vn -0.70703125 0 -0.70703125
vn 0.70703125 0 0.70703125
vn 0.70703125 0 0.70703125
vn 0.38256836 0 0.9238281
vn 0.38256836 0 0.9238281
vn -0 0 1
vn -0 0 1
vn -0.3828125 0 0.9238281
vn -0.3828125 0 0.9238281
vn -0.70703125 0 0.70703125
vn -0.70703125 0 0.70703125
vn 0.70703125 0 -0.70703125
vn 0.70703125 0 -0.70703125
vn 0.38256836 0 -0.9238281
vn 0.38256836 0 -0.9238281
vn -0 0 -1
vn -0 0 -1
vn -0.3828125 0 -0.9238281
vn -0.3828125 0 -0.9238281
vn -0.70703125 0 -0.70703125
vn -0.70703125 0 -0.70703125
vn -0.3828125 0 0.9238281
vn -0.70703125 0 0.70703125
vn -0.70703125 0 0.70703125
vn -0.3828125 0 0.9238281
vn -0 0 1
vn -0 0 1
vn 0.38256836 0 0.9238281
vn 0.38256836 0 0.9238281
vn 0.70703125 0 0.70703125
vn 0.70703125 0 0.70703125
vn 0.9238281 0 -0.38256836
vn 0.70703125 0 -0.70703125
vn 0.70703125 0 -0.70703125
vn 0.9238281 0 -0.38256836
vn 1 0 0
vn 1 0 0
vn 0.9238281 0 0.38256836
vn 0.9238281 0 0.38256836
vn 0.70703125 0 0.70703125
vn 0.70703125 0 0.70703125
vn -0.70703125 0 0.70703125
vn -0.70703125 0 0.70703125
vn -0.9238281 0 0.38256836
vn -0.9238281 0 0.38256836
vn -1 0 0
vn -1 0 0
vn -0.9238281 0 -0.38256836
vn -0.9238281 0 -0.38256836
vn -0.70703125 0 -0.70703125
vn -0.70703125 0 -0.70703125
vn 0.55566406 0 -0.83154297
vn 0.55566406 0 -0.83154297
vn 0.38256836 0 -0.9238281
vn 0.38256836 0 -0.9238281
vn -0 0 -1
vn -0 0 -1
vn -0.3828125 0 -0.9238281
vn -0.3828125 0 -0.9238281
vn -0.70703125 0 -0.70703125
vn -0.70703125 0 -0.70703125
vn -0.70703125 0 0.70703125
vn -0.3828125 0 0.9238281
vn -0.70703125 0 0.70703125
vn -0.3828125 0 0.9238281
vn -0 0 1
vn -0 0 1
vn 0.38256836 0 0.9238281
vn 0.38256836 0 0.9238281
vn 0.55566406 0 0.83154297
vn 0.55566406 0 0.83154297
vn -0.70703125 0 0.70703125
vn -0.70703125 0 0.70703125
vn -0.9238281 0 0.38256836
vn -0.9238281 0 0.38256836
vn -1 0 0
vn -1 0 0
vn -0.9238281 0 -0.38256836
vn -0.9238281 0 -0.38256836
vn -0.70703125 0 -0.70703125
vn -0.70703125 0 -0.70703125
vn -0 1 0
vn -0 1 0
vn -0 1 0
vn -0 1 0
vn -0 1 0
vn -0 1 0
vn -0 1 0
vn -0 1 0
vn -0 1 0
vn -0 1 0
vn 0.4729004 -0.8520508 -0.22424316
vn 0.46166992 -0.83203125 -0.3083496
vn 0.46166992 -0.83203125 -0.3083496
vn 0.47753906 -0.86035156 -0.17736816
vn 0.48535156 -0.8745117 0
vn 0.48535156 -0.8745117 0
vn 0.47753906 -0.86035156 0.17736816
vn 0.4729004 -0.8520508 0.22424316
vn 0.46166992 -0.83203125 0.3083496
vn 0.46166992 -0.83203125 0.3083496
vn 0.83154297 0 -0.5551758
vn 0.9238281 0 -0.38256836
vn 0.83154297 0 -0.5551758
vn 0.9238281 0 -0.38256836
vn 1 0 0
vn 1 0 0
vn 0.9238281 0 0.38256836
vn 0.9238281 0 0.38256836
vn 0.83154297 0 0.5551758
vn 0.83154297 0 0.5551758
vn -0 0 -1
vn -0 0 -1
vn -0 0 -1
vn -0 0 -1
vn -0 0 1
vn -0 0 1
vn -0 0 1
vn -0 0 1
vn -0.70703125 0 0.70703125
vn -0.70703125 0 0.70703125
vn -0.9238281 0 0.38256836
vn -0.9238281 0 0.38256836
vn -1 0 0
vn -1 0 0
vn -0.9238281 0 -0.38256836
vn -0.9238281 0 -0.38256836
vn -0.70703125 0 -0.70703125
vn -0.70703125 0 -0.70703125
vn 0.3828125 0 0.9238281
vn 0.70703125 0 0.70703125
vn 0.70703125 0 0.70703125
vn 0.3828125 0 0.9238281
vn -0 0 1
vn -0 0 1
vn -0.38256836 0 0.9238281
vn -0.38256836 0 0.9238281
vn -0.70703125 0 0.70703125
vn -0.70703125 0 0.70703125
vn 0.70703125 0 -0.70703125
vn 0.9238281 0 -0.38256836
vn 0.70703125 0 -0.70703125
vn 0.9238281 0 -0.38256836
vn 1 0 0
vn 1 0 0
vn 0.9238281 0 0.38256836
vn 0.9238281 0 0.38256836
vn 0.70703125 0 0.70703125
vn 0.70703125 0 0.70703125
vn -0.70703125 0 -0.70703125
vn -0.70703125 0 -0.70703125
vn -0.38256836 0 -0.9238281
vn -0.38256836 0 -0.9238281
vn -0 0 -1
vn -0 0 -1
vn 0.3828125 0 -0.9238281
vn 0.3828125 0 -0.9238281
vn 0.70703125 0 -0.70703125
vn 0.70703125 0 -0.70703125
vn 0.82177734 -0.4567871 0.34033203
vn 0.62890625 -0.4567871 0.62890625
vn 0.62890625 -0.4567871 0.62890625
vn 0.82177734 -0.4567871 0.34033203
vn 0.88964844 -0.4567871 0
vn 0.88964844 -0.4567871 0
vn 0.82177734 -0.4567871 -0.34033203
vn 0.82177734 -0.4567871 -0.34033203
vn 0.62890625 -0.4567871 -0.62890625
vn 0.62890625 -0.4567871 -0.62890625
vn 0.62890625 -0.4567871 -0.62890625
vn 0.34057617 -0.4567871 -0.82177734
vn 0.62890625 -0.4567871 -0.62890625
vn 0.34057617 -0.4567871 -0.82177734
vn -0 -0.4567871 -0.88964844
vn -0 -0.4567871 -0.88964844
vn -0.34057617 -0.4567871 -0.82177734
vn -0.34057617 -0.4567871 -0.82177734
vn -0.62890625 -0.4567871 -0.62890625
vn -0.62890625 -0.4567871 -0.62890625
vn -0.62890625 -0.4567871 -0.62890625
vn -0.62890625 -0.4567871 -0.62890625
vn -0.82177734 -0.4567871 -0.34033203
vn -0.82177734 -0.4567871 -0.34033203
vn -0.88964844 -0.4567871 0
vn -0.88964844 -0.4567871 0
vn -0.82177734 -0.4567871 0.34033203
vn -0.82177734 -0.4567871 0.34033203
vn -0.62890625 -0.4567871 0.62890625
vn -0.62890625 -0.4567871 0.62890625
vn -0.34057617 -0.4567871 0.82177734
vn -0.62890625 -0.4567871 0.62890625
vn -0.62890625 -0.4567871 0.62890625
vn -0.34057617 -0.4567871 0.82177734
vn -0 -0.4567871 0.88964844
vn -0 -0.4567871 0.88964844
vn 0.34057617 -0.4567871 0.82177734
vn 0.34057617 -0.4567871 0.82177734
vn 0.62890625 -0.4567871 0.62890625
vn 0.62890625 -0.4567871 0.62890625
vn -0 -1 0
vn -0 -1 0
vn -0 -1 0
vn -0 -1 0
vn -0 -1 0
vn -0 -1 0
vn -0 -1 0
vn -0 -1 0
vn -0 -1 0
vn -0 -1 0
vn -0 -1 0
vn -0 -1 0
vn -0 -1 0
vn -0 -1 0
vn -0 -1 0
vn -0 -1 0
vn -0 -1 0
vn -0 -1 0
vn -0 -1 0
vn -0 -1 0
vn -0 -1 0
vn -0 -1 0
vn -0 -1 0
vn -0 -1 0
vn -0 -1 0
vn -0 -1 0
vn -0 -1 0
vn -0 -1 0
vn -0 -1 0
vn -0 -1 0
vn -0 -1 0
vn -0 -1 0
vn -0 -1 0
vn -0 -1 0
vn -0 -1 0
vn -0 -1 0
vn -0 -1 0
vn -0 -1 0
vn -0 -1 0
vn -0 -1 0
vn -0 -1 0
vn -0 -1 0
vn -0 -1 0
vn -0 -1 0
vn -0 -1 0
vn -0 -1 0
vn -0 -1 0
vn -0 -1 0
vn 0.27368164 0.8701172 -0.40966797
vn 0.27368164 0.8701172 -0.40966797
vn 0.3232422 0.8701172 -0.37231445
vn 0.22033691 0.8701172 -0.44091797
vn 0.35058594 0.86865234 -0.35058594
vn 0.18981934 0.86816406 -0.45825195
vn 0.45825195 0.86865234 -0.1895752
vn -0 0.86816406 -0.4958496
vn 0.46777344 0.8701172 -0.15600586
vn -0.034729004 0.8701172 -0.49169922
vn 0.49194336 0.8701172 -0.034729004
vn 0.4958496 0.86816406 0
vn 0.4831543 0.8701172 -0.09613037
vn 0.4831543 0.8701172 -0.09613037
vn 0.45825195 0.86865234 0.1895752
vn 0.4411621 0.8701172 0.22009277
vn 0.37231445 0.8701172 0.3232422
vn 0.35058594 0.86865234 0.35058594
vn 0.40966797 0.8701172 0.27392578
vn 0.40966797 0.8701172 0.27392578
vn 0.18981934 0.86816406 0.45825195
vn 0.15625 0.8701172 0.46777344
vn 0.034729004 0.8701172 0.49169922
vn -0 0.86816406 0.4958496
vn 0.09613037 0.8701172 0.48339844
vn 0.09613037 0.8701172 0.48339844
vn -0.18981934 0.86816406 0.45825195
vn -0.22033691 0.8701172 0.44091797
vn -0.3232422 0.8701172 0.37231445
vn -0.35058594 0.86865234 0.35058594
vn -0.45825195 0.86865234 0.1895752
vn -0.27368164 0.8701172 0.40966797
vn -0.27368164 0.8701172 0.40966797
vn -0.46777344 0.8701172 0.15600586
vn -0.49194336 0.8701172 0.034729004
vn -0.4958496 0.86816406 0
vn -0.4831543 0.8701172 0.09613037
vn -0.4831543 0.8701172 0.09613037
vn -0.45825195 0.86865234 -0.1895752
vn -0.4411621 0.8701172 -0.22009277
vn -0.37231445 0.8701172 -0.3232422
vn -0.35058594 0.86865234 -0.35058594
vn -0.40966797 0.8701172 -0.27392578
vn -0.40966797 0.8701172 -0.27392578
vn -0.15625 0.8701172 -0.46777344
vn -0.18981934 0.86816406 -0.45825195
vn -0.09613037 0.8701172 -0.48339844
vn -0.09613037 0.8701172 -0.48339844
vn -0.19506836 0 -0.98095703
vn -0.19506836 0 -0.98095703
vn -0.19506836 0 -0.98095703
vn -0.19506836 0 -0.98095703
vn 0.83154297 0 -0.5551758
vn 0.83154297 0 -0.5551758
vn 0.83154297 0 -0.5551758
vn 0.83154297 0 -0.5551758
vn -0.83154297 0 -0.55566406
vn -0.83154297 0 -0.55566406
vn -0.83154297 0 -0.55566406
vn -0.83154297 0 -0.55566406
vn -0.55566406 0 0.83154297
vn -0.55566406 0 0.83154297
vn -0.55566406 0 0.83154297
vn -0.55566406 0 0.83154297
vn 0.98095703 0 -0.19494629
vn 0.98095703 0 -0.19494629
vn 0.98095703 0 -0.19494629
vn 0.98095703 0 -0.19494629
vn -0.83154297 0 0.55566406
vn -0.83154297 0 0.55566406
vn -0.83154297 0 0.55566406
vn -0.83154297 0 0.55566406
vn 0.83154297 0 0.55566406
vn 0.83154297 0 0.55566406
vn 0.83154297 0 0.55566406
vn 0.83154297 0 0.55566406
vn -0.98095703 0 0.19494629
vn -0.98095703 0 0.19494629
vn -0.98095703 0 0.19494629
vn -0.98095703 0 0.19494629
vn -0.98095703 0 0.19494629
vn -0.98095703 0 0.19494629
vn -0.98095703 0 0.19494629
vn -0.98095703 0 0.19494629
vn -0.83154297 0 -0.55566406
vn -0.83154297 0 -0.55566406
vn -0.83154297 0 -0.55566406
vn -0.83154297 0 -0.55566406
vn 0.19506836 0 0.98095703
vn 0.19506836 0 0.98095703
vn 0.19506836 0 0.98095703
vn 0.19506836 0 0.98095703
vn 0.83154297 0 0.5551758
vn 0.83154297 0 0.5551758
vn 0.83154297 0 0.5551758
vn 0.83154297 0 0.5551758
vn -0.55566406 0 0.83154297
vn -0.55566406 0 0.83154297
vn -0.55566406 0 0.83154297
vn -0.55566406 0 0.83154297
vn -0.19506836 0 -0.98095703
vn -0.19506836 0 -0.98095703
vn -0.19506836 0 -0.98095703
vn -0.19506836 0 -0.98095703
vn 0.19506836 0 -0.98095703
vn 0.19506836 0 -0.98095703
vn 0.19506836 0 -0.98095703
vn 0.19506836 0 -0.98095703
vn -0.98095703 0 0.19494629
vn -0.98095703 0 0.19494629
vn -0.98095703 0 0.19494629
vn -0.98095703 0 0.19494629
vn 0.19506836 0 0.98095703
vn 0.19506836 0 0.98095703
vn 0.19506836 0 0.98095703
vn 0.19506836 0 0.98095703
vn -0.19506836 0 -0.98095703
vn -0.19506836 0 -0.98095703
vn -0.19506836 0 -0.98095703
vn -0.19506836 0 -0.98095703
vn -0.55566406 0 -0.83154297
vn -0.55566406 0 -0.83154297
vn -0.55566406 0 -0.83154297
vn -0.55566406 0 -0.83154297
vn 0.55566406 0 -0.83154297
vn 0.55566406 0 -0.83154297
vn 0.55566406 0 -0.83154297
vn 0.55566406 0 -0.83154297
vn -0.98095703 0 -0.19494629
vn -0.98095703 0 -0.19494629
vn -0.98095703 0 -0.19494629
vn -0.98095703 0 -0.19494629
vn 0.98095703 0 -0.19494629
vn 0.98095703 0 -0.19494629
vn 0.98095703 0 -0.19494629
vn 0.98095703 0 -0.19494629
vn -0.55566406 0 0.83154297
vn -0.55566406 0 0.83154297
vn -0.55566406 0 0.83154297
vn -0.55566406 0 0.83154297
vn 0.19506836 0 0.98095703
vn 0.19506836 0 0.98095703
vn 0.19506836 0 0.98095703
vn 0.19506836 0 0.98095703
vn 0.98095703 0 -0.19494629
vn 0.98095703 0 -0.19494629
vn 0.98095703 0 -0.19494629
vn 0.98095703 0 -0.19494629
vn 0.98095703 0 0.19494629
vn 0.98095703 0 0.19494629
vn 0.98095703 0 0.19494629
vn 0.98095703 0 0.19494629
vn 0.55566406 0 -0.83154297
vn 0.55566406 0 -0.83154297
vn 0.55566406 0 -0.83154297
vn 0.55566406 0 -0.83154297
vn 0.55566406 0 0.83154297
vn 0.55566406 0 0.83154297
vn 0.55566406 0 0.83154297
vn 0.55566406 0 0.83154297
vn -0.83154297 0 -0.5551758
vn -0.83154297 0 -0.5551758
vn -0.83154297 0 -0.5551758
vn -0.83154297 0 -0.5551758
vn -0.19506836 0 0.98095703
vn -0.19506836 0 0.98095703
vn -0.19506836 0 0.98095703
vn -0.19506836 0 0.98095703
vn 0.55566406 0 -0.83154297
vn 0.55566406 0 -0.83154297
vn 0.55566406 0 -0.83154297
vn 0.55566406 0 -0.83154297
vn 0.83154297 0 0.5551758
vn 0.83154297 0 0.5551758
vn 0.83154297 0 0.5551758
vn 0.83154297 0 0.5551758
vn 1 0.00038146973 -0.00038146973
vn 1 0 0
vn 1 0 0
vn 1 0 -0.00038146973
vn 1 0 0
vn 1 0 0
vn 1 0 0.00038146973
vn 1 -0.00019073486 0.00038146973
vn 1 0 0
vn 1 0 0
vn 1 0 0
vn 1 -0.00019073486 0.00038146973
vn 1 0 0
vn 1 0 0.00038146973
vn 1 0 0
vn 1 0 0
vn 1 0 -0.00038146973
vn 1 0.0002861023 -0.00038146973
vn 1 0 0
vn 1 0 0
vn 1 0.00038146973 -0.00038146973
vn 1 0 0
vn 1 0 0
vn 1 0 -0.00038146973
vn 1 0 0
vn 1 0 0
vn 1 0 0.00038146973
vn 1 -0.00019073486 0.00038146973
vn 1 0 0
vn 1 0 0
vn 0.10681152 -0.23999023 0.96484375
vn 0.10681152 -0.23999023 0.96484375
vn -0 -0.24133301 0.97021484
vn -0 -0.24133301 0.97021484
vn -0.10681152 -0.23999023 0.96484375
vn -0.10681152 -0.23999023 0.96484375
vn -1 0 0
vn -1 0 0
vn -1 0 0
vn -1 0 0
vn -1 0 0
vn -1 0 0
vn 1 0 0
vn 1 0 0
vn 1 0 0
vn 1 0 0
vn 1 0 0
vn 1 0 0
vn -0 1 0
vn -0 1 0
vn -0 1 0
vn -0 1 0
vn -0 0.11999512 -0.9926758
vn -0 0.11999512 -0.9926758
vn -0 0.11999512 -0.9926758
vn -0 0.11999512 -0.9926758
vn -0 1 0
vn -0 1 0
vn -0 1 0
vn -0 1 0
vn -0 1 0
vn -0 1 0
vn -0 1 0
vn -0 1 0
vn -0 1 0
vn -1 0 0
vn -1 0 0
vn -1 0 0
vn -1 0 0
vn 1 0 0
vn 1 0 0
vn 1 0 0
vn 1 0 0
vn -0 1 0
vn -0 1 0
vn -0 1 0
vn -0 1 0
vn -0 0.11999512 -0.9926758
vn -0 0.11999512 -0.9926758
vn -0 0.11999512 -0.9926758
vn -0 0.11999512 -0.9926758
vn -0.4038086 -0.5888672 0.7001953
vn 0.2861328 -0.51904297 0.8051758
vn 0.4038086 -0.5888672 0.7001953
vn -0.2861328 -0.51904297 0.8051758
vn -0.6845703 -0.18005371 0.70654297
vn -0.2861328 -0.51904297 0.8051758
vn -0.4038086 -0.5888672 0.7001953
vn -0.40185547 -0.22607422 0.88720703
vn 0.2861328 -0.51904297 0.8051758
vn 0.40185547 -0.22607422 0.88720703
vn 0.4038086 -0.5888672 0.7001953
vn 0.6845703 -0.18005371 0.70654297
vn 0.70703125 -0.70703125 0
vn 0.70703125 -0.70703125 0
vn 0.38256836 -0.9238281 0
vn 0.38256836 -0.9238281 0
vn -0 -1 0
vn -0 -1 0
vn -0.38256836 -0.9238281 0
vn -0.38256836 -0.9238281 0
vn -0.70703125 -0.70703125 0
vn -0.70703125 -0.70703125 0
vn -0.70703125 0.70703125 0
vn -0.70703125 0.70703125 0
vn -0.38256836 0.9238281 0
vn -0.38256836 0.9238281 0
vn -0 1 0
vn -0 1 0
vn 0.38256836 0.9238281 0
vn 0.38256836 0.9238281 0
vn 0.70703125 0.70703125 0
vn 0.70703125 0.70703125 0
vn 0.70703125 -0.70703125 0
vn 0.70703125 -0.70703125 0
vn 0.38256836 -0.9238281 0
vn 0.38256836 -0.9238281 0
vn -0 -1 0
vn -0 -1 0
vn -0.38256836 -0.9238281 0
vn -0.38256836 -0.9238281 0
vn -0.70703125 -0.70703125 0
vn -0.70703125 -0.70703125 0
vn -0.70703125 0.70703125 0
vn -0.9238281 0.38256836 0
vn -0.70703125 0.70703125 0
vn -0.9238281 0.38256836 0
vn -1 0 0
vn -1 0 0
vn -0.9238281 -0.38256836 0
vn -0.9238281 -0.38256836 0
vn -0.70703125 -0.70703125 0
vn -0.70703125 -0.70703125 0
vn 0.70703125 -0.70703125 0
vn 0.9238281 -0.38256836 0
vn 0.70703125 -0.70703125 0
vn 0.9238281 -0.38256836 0
vn 1 0 0
vn 1 0 0
vn 0.9238281 0.38256836 0
vn 0.9238281 0.38256836 0
vn 0.70703125 0.70703125 0
vn 0.70703125 0.70703125 0
vn 0.9916992 0.12890625 0.004673004
vn 0.9916992 0.12890625 0.004673004
vn 0.9916992 0.12890625 0.004722595
vn 0.9916992 0.12890625 0.004722595
vn -0.13061523 0.7402344 -0.6591797
vn -0.1673584 0.94921875 -0.26635742
vn -0.1673584 0.94921875 -0.26635742
vn -0.13061523 0.7402344 -0.6591797
vn -0.022033691 0.12475586 -0.9921875
vn -0.13061523 0.7402344 -0.6591797
vn -0.13061523 0.7402344 -0.6591797
vn -0.022033691 0.12475586 -0.9921875
vn 0.02432251 -0.13769531 -0.9902344
vn 0.02432251 -0.13769531 -0.9902344
vn 0.98828125 0.11291504 0.1026001
vn 0.9941406 0.08734131 0.06304932
vn 0.9941406 0.08734131 0.06304932
vn 0.9868164 0.16174316 -0.011444092
vn 0.9848633 0.17126465 0.033172607
vn 0.97558594 0.17773438 -0.12792969
vn 0.97558594 0.17773438 -0.12792969
vn 0.9663086 0.25756836 -0.015113831
vn 0.9663086 0.25756836 -0.015113831
vn 0.9663086 0.25756836 -0.015159607
vn 0.9663086 0.25756836 -0.015113831
vn 0.9663086 0.25756836 -0.015159607
vn 0.9663086 0.25756836 -0.015159607
vn 0.9663086 0.25756836 -0.015159607
vn 0.99609375 0.08850098 0.015113831
vn 0.99609375 0.08850098 0.015167236
vn 0.99609375 0.08850098 0.015113831
vn 0.99609375 0.08850098 0.015113831
vn 0.99609375 0.08850098 0.015113831
vn 0.99609375 0.08850098 0.015113831
vn 0.99609375 0.08850098 0.015167236
vn 0.9838867 0.17810059 0.0002861023
vn 0.9838867 0.17810059 0.00023841858
vn 0.9838867 0.17810059 0.0002861023
vn 0.9838867 0.17810059 0.00023841858
vn -0.024978638 0.43554688 -0.89990234
vn -0.024978638 0.43554688 -0.89990234
vn 0.01802063 -0.03164673 -0.9995117
vn 0.01802063 -0.03164673 -0.9995117
vn 0.0569458 -0.4921875 -0.86865234
vn 0.0569458 -0.4921875 -0.86865234
vn -0.081848145 0.8261719 0.5571289
vn -0.089660645 0.9873047 0.13098145
vn -0.089660645 0.9873047 0.13098145
vn -0.081848145 0.8261719 0.5571289
vn -0.057037354 0.49365234 0.8676758
vn -0.057037354 0.49365234 0.8676758
vn -0.081848145 0.8261719 0.5571289
vn -0.081848145 0.8261719 0.5571289
vn 0.05569458 -0.7416992 0.66845703
vn 0.05569458 -0.7416992 0.66845703
vn 0.05569458 -0.7416992 0.66845703
vn 0.05569458 -0.7416992 0.66845703
vn -0.041870117 0.30908203 0.9501953
vn -0.041870117 0.30908203 0.9501953
vn -0.041870117 0.30908203 0.9501953
vn -0.041870117 0.30908203 0.9501953
vn 0.0859375 -0.98828125 0.12438965
vn 0.0859375 -0.98828125 0.12445068
vn 0.0859375 -0.98828125 0.12445068
vn 0.0859375 -0.98828125 0.12438965
vn -0.99609375 -0.08850098 -0.015113831
vn -0.99609375 -0.08850098 -0.015167236
vn -0.99609375 -0.08850098 -0.015113831
vn -0.99609375 -0.08850098 -0.015113831
vn -0.99609375 -0.08850098 -0.015113831
vn -0.99609375 -0.08850098 -0.015113831
vn -0.99609375 -0.08850098 -0.015167236
vn -0.25708008 0.95751953 -0.13183594
vn -0.23486328 0.90234375 0.36083984
vn -0.23486328 0.90234375 0.36083984
vn -0.25708008 0.95751953 -0.13183594
vn -0.15478516 0.6254883 0.76464844
vn -0.23486328 0.90234375 0.36083984
vn -0.23486328 0.90234375 0.36083984
vn -0.15478516 0.6254883 0.76464844
vn 0.25024414 -0.9501953 -0.18603516
vn 0.25439453 -0.94091797 0.22399902
vn 0.25439453 -0.94091797 0.22399902
vn 0.25024414 -0.9501953 -0.18603516
vn 0.20422363 -0.7993164 -0.5649414
vn 0.20422363 -0.7993164 -0.5649414
vn 0.2376709 -0.86572266 0.44018555
vn 0.2376709 -0.86572266 0.44018555
vn 0.2376709 -0.86572266 0.44018555
vn 0.2376709 -0.86572266 0.44018555
vn 0.16418457 -0.6586914 -0.734375
vn 0.16418457 -0.6586914 -0.734375
vn 0.051971436 -0.25170898 -0.9663086
vn 0.051971436 -0.25170898 -0.9663086
vn -0.07208252 0.21325684 -0.9741211
vn -0.07208252 0.21325684 -0.9741211
vn -0.9663086 -0.25756836 0.015159607
vn -0.9663086 -0.25756836 0.015113831
vn -0.9663086 -0.25756836 0.015113831
vn -0.9663086 -0.25756836 0.015113831
vn -0.9663086 -0.25756836 0.015159607
vn -0.9663086 -0.25756836 0.015159607
vn -0.9663086 -0.25756836 0.015159607
vn -0.15148926 0.8588867 0.48901367
vn -0.17358398 0.9848633 -0.0029087067
vn -0.15148926 0.8588867 0.48901367
vn -0.17358398 0.9848633 -0.0029087067
vn -0.15148926 0.8588867 0.48901367
vn -0.15148926 0.8588867 0.48901367
vn -0.090148926 0.5107422 0.85498047
vn -0.090148926 0.5107422 0.85498047
vn -0.06112671 0.3466797 0.93603516
vn -0.06112671 0.3466797 0.93603516
vn -0.06112671 0.3466797 0.93603516
vn -0.06112671 0.3466797 0.93603516
vn 0.99560547 0.08087158 -0.048217773
vn 0.99560547 0.08087158 -0.048217773
vn 0.99121094 0.13195801 -0.021743774
vn 0.99072266 0.13269043 -0.021316528
vn 0.9848633 0.17358398 0
vn 0.9848633 0.17358398 0
vn 0.9848633 0.17358398 0
vn 0.9848633 0.17358398 0
vn 0.9848633 0.17358398 0
vn -0.016021729 0.09118652 -0.99560547
vn -0.016021729 0.09118652 -0.99560547
vn -0.016021729 0.09118652 -0.99560547
vn -0.016021729 0.09118652 -0.99560547
vn 0.15246582 -0.8642578 -0.47973633
vn 0.15246582 -0.8642578 -0.47973633
vn 0.17346191 -0.9838867 -0.040527344
vn 0.17346191 -0.9838867 -0.040527344
vn 0.17248535 -0.9785156 -0.11303711
vn 0.17248535 -0.9785156 -0.11303711
vn 0.08618164 -0.48901367 -0.86816406
vn 0.08618164 -0.48901367 -0.86816406
vn 0.08618164 -0.48901367 -0.86816406
vn 0.08618164 -0.48901367 -0.86816406
vn -0.0034332275 0.019454956 -1
vn -0.0034332275 0.019454956 -1
vn -0.9760742 -0.21777344 0.004673004
vn -0.9760742 -0.21777344 0.0047187805
vn -0.9760742 -0.21777344 0.0047187805
vn -0.9760742 -0.21777344 0.004673004
vn -0.96435547 -0.2578125 0.06304932
vn -0.96435547 -0.2578125 0.06304932
vn -0.96728516 -0.2319336 0.1026001
vn -0.9824219 -0.18579102 -0.011444092
vn -0.9838867 -0.17590332 0.033203125
vn -0.97753906 -0.16674805 -0.12792969
vn -0.97753906 -0.16674805 -0.12792969
vn -0.99609375 -0.08850098 -0.015167236
vn -0.99609375 -0.08850098 -0.015113831
vn -0.99609375 -0.08850098 -0.015113831
vn -0.99609375 -0.08850098 -0.015113831
vn -0.99609375 -0.08850098 -0.015159607
vn -0.99609375 -0.08850098 -0.015167236
vn -0.99609375 -0.08850098 -0.015167236
vn -0.9663086 -0.25756836 0.015113831
vn -0.9663086 -0.25756836 0.015159607
vn -0.9663086 -0.25756836 0.015113831
vn -0.9663086 -0.25756836 0.015113831
vn -0.9663086 -0.25756836 0.015113831
vn -0.9663086 -0.25756836 0.015113831
vn -0.9663086 -0.25756836 0.015159607
vn -0.98583984 -0.16894531 0.0002861023
vn -0.98583984 -0.16894531 0.0002861023
vn -0.98583984 -0.16894531 0.00023841858
vn -0.98583984 -0.16894531 0.00023841858
vn -0.006008148 -0.036254883 -0.9995117
vn -0.12548828 0.41796875 -0.89990234
vn -0.12548828 0.41796875 -0.89990234
vn -0.006008148 -0.036254883 -0.9995117
vn 0.11480713 -0.48168945 -0.86865234
vn 0.11480713 -0.48168945 -0.86865234
vn -0.25341797 0.9584961 0.13085938
vn -0.20568848 0.8046875 0.5571289
vn -0.20568848 0.8046875 0.5571289
vn -0.25341797 0.9584961 0.13085938
vn -0.11517334 0.48339844 0.8676758
vn -0.11517334 0.48339844 0.8676758
vn -0.20568848 0.8046875 0.5571289
vn -0.20568848 0.8046875 0.5571289
vn 0.20117188 -0.7158203 0.6689453
vn 0.20117188 -0.7158203 0.6689453
vn 0.20117188 -0.7158203 0.6689453
vn 0.20117188 -0.7158203 0.6689453
vn -0.06628418 0.3046875 0.9501953
vn -0.06628418 0.3046875 0.9501953
vn -0.06628418 0.3046875 0.9501953
vn -0.06628418 0.3046875 0.9501953
vn 0.25732422 -0.9584961 0.12438965
vn 0.25732422 -0.9584961 0.12438965
vn 0.25732422 -0.9584961 0.12438965
vn 0.25732422 -0.9584961 0.12438965
vn 0.9663086 0.25756836 -0.015113831
vn 0.9663086 0.25756836 -0.015113831
vn 0.9663086 0.25756836 -0.015159607
vn 0.9663086 0.25756836 -0.015113831
vn 0.9663086 0.25756836 -0.015113831
vn 0.9663086 0.25756836 -0.015113831
vn 0.9663086 0.25756836 -0.015159607
vn -0.08795166 0.92822266 0.36083984
vn -0.08795166 0.92822266 0.36083984
vn -0.085754395 0.98779297 -0.13183594
vn -0.085754395 0.98779297 -0.13183594
vn -0.08795166 0.92822266 0.36083984
vn -0.08795166 0.92822266 0.36083984
vn -0.06854248 0.640625 0.76464844
vn -0.06854248 0.640625 0.76464844
vn 0.08288574 -0.9711914 0.22399902
vn 0.08972168 -0.9785156 -0.18603516
vn 0.08288574 -0.9711914 0.22399902
vn 0.08972168 -0.9785156 -0.18603516
vn 0.08154297 -0.82128906 -0.5649414
vn 0.08154297 -0.82128906 -0.5649414
vn 0.072753906 -0.89501953 0.44018555
vn 0.072753906 -0.89501953 0.44018555
vn 0.072753906 -0.89501953 0.44018555
vn 0.072753906 -0.89501953 0.44018555
vn 0.07116699 -0.67529297 -0.734375
vn 0.07116699 -0.67529297 -0.734375
vn 0.03729248 -0.25439453 -0.9663086
vn 0.03729248 -0.25439453 -0.9663086
vn -0.0051498413 0.22509766 -0.9741211
vn -0.0051994324 0.22509766 -0.9741211
vn 0.99609375 0.08850098 0.015167236
vn 0.99609375 0.08850098 0.015167236
vn 0.99609375 0.08850098 0.015167236
vn 0.99609375 0.08850098 0.015167236
vn 0.99609375 0.08850098 0.015113831
vn 0.99609375 0.08850098 0.015113831
vn 0.99609375 0.08850098 0.015113831
vn 0.14672852 -0.83251953 0.5341797
vn 0.14672852 -0.83251953 0.5341797
vn 0.14672852 -0.83251953 0.5341797
vn 0.14672852 -0.83251953 0.5341797
vn 0.14379883 -0.8154297 0.5605469
vn 0.10626221 -0.60253906 0.7910156
vn 0.14379883 -0.8154297 0.5605469
vn 0.10626221 -0.60253906 0.7910156
vn 0.10626221 -0.60253906 0.7910156
vn 0.10626221 -0.60253906 0.7910156
vn 0.05407715 -0.30664062 0.9501953
vn 0.05407715 -0.30664062 0.9501953
vn 0.15234375 -0.8642578 -0.47973633
vn 0.15234375 -0.8642578 -0.47973633
vn 0.15234375 -0.8642578 -0.47973633
vn 0.15234375 -0.8642578 -0.47973633
vn -0.046539307 0.26391602 -0.9633789
vn -0.046539307 0.26391602 -0.9633789
vn -0.046539307 0.26391602 -0.9633789
vn -0.046539307 0.26391602 -0.9633789
vn -0.046539307 0.26391602 -0.9633789
vn -0.046539307 0.26391602 -0.9633789
vn -0.9628906 -0.26464844 -0.048217773
vn -0.9628906 -0.26464844 -0.048217773
vn -0.9765625 -0.21472168 -0.021743774
vn -0.9765625 -0.21398926 -0.021316528
vn -0.9848633 -0.17358398 0
vn -0.9848633 -0.17358398 0
vn -0.9848633 -0.17358398 0
vn -0.9848633 -0.17358398 0
vn -0.9848633 -0.17358398 0
vn -0.14233398 0.8076172 0.5722656
vn -0.14233398 0.8076172 0.5722656
vn -0.14233398 0.8076172 0.5722656
vn -0.14233398 0.8076172 0.5722656
vn -0.00038146973 0.0019073486 1
vn -0.00038146973 0.0019073486 1
vn -0.00038146973 0.0019073486 1
vn -0.00038146973 0.0019073486 1
vn -0.16418457 0.93066406 -0.32666016
vn -0.16418457 0.93066406 -0.32666016
vn -0.16418457 0.93066406 -0.32666016
vn -0.16418457 0.93066406 -0.32666016
vn -0.13085938 0.7416992 0.65771484
vn -0.13085938 0.7416992 0.65771484
vn -0.13085938 0.7416992 0.65771484
vn -0.13085938 0.7416992 0.65771484
vn 0.11517334 -0.6533203 0.7480469
vn 0.11279297 -0.6464844 0.75439453
vn 0.115112305 -0.6459961 0.75439453
vn 0.11517334 -0.6533203 0.7480469
vn 0.11755371 -0.65966797 0.7426758
vn 0.115112305 -0.65966797 0.7426758
vn -0.5366211 -0.025558472 0.84375
vn 0.5126953 0.15942383 0.84375
vn 0.115112305 -0.6459961 0.75439453
vn 0.11279297 -0.6464844 0.75439453
vn 0.9453125 -0.3178711 0.07104492
vn -0.77978516 -0.62158203 0.07098389
vn 0.9873047 -0.0049591064 0.15979004
vn 0.115112305 -0.65966797 0.7426758
vn 0.5126953 0.15942383 0.84375
vn 0.11517334 -0.6533203 0.7480469
vn 0.11279297 -0.6464844 0.75439453
vn 0.9453125 -0.3178711 0.07104492
vn 0.98828125 -0.0061035156 0.15112305
vn 0.99072266 0.017929077 0.1361084
vn 0.99072266 0.017929077 0.1361084
vn -0.92578125 -0.34228516 0.15979004
vn -0.5366211 -0.025558472 0.84375
vn 0.11755371 -0.65966797 0.7426758
vn 0.11517334 -0.6533203 0.7480469
vn 0.115112305 -0.6459961 0.75439453
vn -0.77978516 -0.62158203 0.07098389
vn -0.9267578 -0.34399414 0.15112305
vn -0.9370117 -0.32202148 0.1361084
vn -0.9370117 -0.32202148 0.1361084
vn -0.17297363 0.98095703 -0.08666992
vn -0.11273193 0.63964844 -0.7607422
vn -0.11273193 0.63964844 -0.7607422
vn -0.17297363 0.98095703 -0.08666992
vn -0.17297363 0.98095703 -0.08666992
vn -0.17150879 0.97265625 -0.15637207
vn -0.17297363 0.98095703 -0.08666992
vn -0.17150879 0.97265625 -0.15637207
vn -0.06488037 0.36767578 -0.9277344
vn -0.17150879 0.97265625 -0.15637207
vn -0.17150879 0.97265625 -0.15637207
vn -0.06488037 0.36767578 -0.9277344
vn -0.042907715 0.2434082 -0.96875
vn -0.042907715 0.2434082 -0.96875
vn -0.09863281 0.55908203 -0.8232422
vn -0.09863281 0.55908203 -0.8232422
vn 0.90625 0.42260742 0
vn 0.6411133 0.29882812 0.70703125
vn 0.6411133 0.29882812 0.70703125
vn 0.90625 0.42260742 0
vn 0.6411133 0.29882812 -0.70703125
vn 0.6411133 0.29882812 -0.70703125
vn 0.6411133 0.29882812 0.70703125
vn 0.6411133 0.29882812 0.70703125
vn -0 0 1
vn -0 0 1
vn -0.6411133 -0.29882812 0.70703125
vn -0.6411133 -0.29882812 0.70703125
vn -0.90625 -0.42260742 0
vn -0.6411133 -0.29882812 0.70703125
vn -0.6411133 -0.29882812 0.70703125
vn -0.90625 -0.42260742 0
vn -0.6411133 -0.29882812 -0.70703125
vn -0.6411133 -0.29882812 -0.70703125
vn -0.6411133 -0.29882812 -0.70703125
vn -0.6411133 -0.29882812 -0.70703125
vn -0 0 -1
vn -0 0 -1
vn 0.6411133 0.29882812 -0.70703125
vn 0.6411133 0.29882812 -0.70703125
vn 0.13562012 -0.76953125 0.62402344
vn 0.13562012 -0.76953125 0.62402344
vn 0.14440918 -0.8120117 0.56591797
vn 0.14208984 -0.8120117 0.56591797
vn 0.055603027 -0.31176758 -0.94873047
vn 0.16174316 -0.8642578 -0.47680664
vn -0.14941406 0.8330078 -0.53222656
vn -0.117004395 0.6557617 -0.74560547
vn -0.12390137 0.69140625 -0.7114258
vn -0.122558594 0.69189453 -0.7114258
vn 0.9868164 0.16247559 -0.0095825195
vn 0.9863281 0.16442871 -0.010398865
vn 0.9873047 0.15759277 -0.004386902
vn 0.9863281 0.16516113 -0.0022888184
vn 0.9863281 0.16516113 -0.0022888184
vn -0.9819336 -0.1895752 -0.004386902
vn -0.9819336 -0.1895752 -0.0018596649
vn -0.98291016 -0.18469238 -0.009536743
vn -0.98339844 -0.18200684 -0.0022888184
vn -0.98339844 -0.18200684 -0.0022888184
vn 0.42260742 -0.90625 0
vn -0.13659668 -0.8618164 0.4880371
vn 0.3059082 -0.6557617 0.6904297
vn -0.31982422 -0.9472656 0
vn -0.13659668 -0.8618164 -0.4880371
vn 0.3059082 -0.6557617 -0.6904297
vn 0.42260742 -0.90625 0
vn 0.7480469 -0.4494629 0.4880371
vn 0.93115234 -0.36401367 0
vn 0.7480469 -0.4494629 -0.4880371
vn 0.1116333 -0.6333008 0.7661133
vn 0.1116333 -0.6333008 0.7661133
vn 0.038848877 -0.22045898 0.9746094
vn 0.038848877 -0.22045898 0.9746094
vn -0.042388916 0.24035645 0.96972656
vn -0.042388916 0.24035645 0.96972656
vn -0.17370605 0.9848633 -0.008010864
vn -0.17358398 0.9848633 -0.008010864
vn -0.17358398 0.9848633 -0.008010864
vn -0.17370605 0.9848633 -0.008010864
vn -0.9848633 -0.17358398 0
vn -0.9848633 -0.17370605 0
vn -0.9848633 -0.17370605 0
vn -0.9848633 -0.17358398 0
vn 0.052459717 -0.29760742 -0.953125
vn 0.052459717 -0.29760742 -0.953125
vn 0.052459717 -0.29760742 -0.953125
vn 0.052459717 -0.29760742 -0.953125
vn 0.9848633 0.17358398 0
vn 0.9848633 0.17358398 0
vn 0.9848633 0.17370605 0
vn 0.9848633 0.17370605 0
vn -0.14025879 0.79541016 -0.58984375
vn -0.14025879 0.79541016 -0.58984375
vn -0.16577148 0.9399414 -0.29833984
vn -0.16577148 0.9399414 -0.29833984
vn -0.17358398 0.984375 0.024993896
vn -0.17358398 0.984375 0.024993896
vn 0.16589355 -0.94091797 0.29516602
vn 0.16589355 -0.94091797 0.29516602
vn 0.16589355 -0.94091797 0.29516602
vn 0.16589355 -0.94091797 0.29516602
vn -0.012161255 0.06896973 -0.9975586
vn -0.012161255 0.06896973 -0.9975586
vn -0.06616211 0.37524414 -0.9248047
vn -0.06616211 0.37524414 -0.9248047
vn -0.11340332 0.6430664 -0.7573242
vn -0.11340332 0.6430664 -0.7573242
vn 0.0043144226 -0.024414062 0.9995117
vn 0.0043144226 -0.024414062 0.9995117
vn 0.0042915344 -0.024414062 0.9995117
vn 0.0042915344 -0.024414062 0.9995117
vn 0.09588623 -0.5439453 -0.8334961
vn 0.095947266 -0.5439453 -0.8334961
vn 0.095947266 -0.5439453 -0.8334961
vn 0.09588623 -0.5439453 -0.8334961
vn 0.004196167 -0.023849487 0.9995117
vn 0.004196167 -0.023849487 0.9995117
vn 0.004196167 -0.023849487 0.9995117
vn 0.004196167 -0.023849487 0.9995117
vn -0.9848633 -0.17370605 0
vn -0.9848633 -0.17370605 0
vn -0.9848633 -0.17370605 0
vn -0.9848633 -0.17370605 0
vn -0.9848633 -0.17370605 0
vn -0.9848633 -0.17358398 0
vn -0.9848633 -0.17358398 0
vn -0.9848633 -0.17358398 0
vn -0.9848633 -0.17358398 0
vn 0.13305664 -0.7548828 0.64208984
vn 0.13305664 -0.7548828 0.64208984
vn 0.13305664 -0.7548828 0.64208984
vn 0.13305664 -0.7548828 0.64208984
vn 0.9848633 0.17370605 0
vn 0.9848633 0.17370605 0
vn 0.9848633 0.17370605 0
vn 0.9848633 0.17370605 0
vn 0.9848633 0.17370605 0
vn 0.9848633 0.17358398 0
vn 0.9848633 0.17358398 0
vn 0.9848633 0.17358398 0
vn 0.9848633 0.17358398 0
vn 0.004196167 -0.023849487 0.9995117
vn 0.004196167 -0.023849487 0.9995117
vn 0.004196167 -0.023849487 0.9995117
vn 0.004196167 -0.023849487 0.9995117
vn 0.9848633 0.17370605 0
vn 0.9848633 0.17358398 0
vn 0.9848633 0.17358398 0
vn 0.9848633 0.17370605 0
vn -0.9848633 -0.17370605 0
vn -0.9848633 -0.17370605 0
vn -0.9848633 -0.17358398 0
vn -0.9848633 -0.17358398 0
vn -0.14416504 0.8178711 0.5566406
vn -0.14428711 0.8178711 0.5566406
vn -0.14428711 0.8178711 0.5566406
vn -0.14428711 0.8178711 0.5566406
vn -0.9848633 -0.17358398 0
vn -0.9848633 -0.17358398 0
vn -0.9848633 -0.17358398 0
vn -0.9848633 -0.17358398 0
vn 0.9848633 0.17358398 0
vn 0.9848633 0.17358398 0
vn 0.9848633 0.17358398 0
vn 0.9848633 0.17358398 0
vn 0.14428711 -0.8178711 -0.5566406
vn 0.14428711 -0.8178711 -0.5566406
vn 0.14416504 -0.8178711 -0.5566406
vn 0.14428711 -0.8178711 -0.5566406
vn -0.062194824 0.3527832 -0.93359375
vn -0.062194824 0.35253906 -0.93359375
vn -0.16564941 0.93896484 -0.3010254
vn -0.16564941 0.93896484 -0.3010254
vn -0.16967773 0.9765625 0.13317871
vn -0.17041016 0.9765625 0.13049316
vn -0.010772705 0.05911255 -0.9980469
vn -0.11090088 -0.0049591064 -0.99365234
vn -0.062194824 0.35253906 -0.93359375
vn -0.062194824 0.3527832 -0.93359375
vn -0.98291016 -0.18347168 -0.0062942505
vn -0.98291016 -0.18371582 -0.0062942505
vn -0.98291016 -0.18371582 -0.0062942505
vn -0.98291016 -0.18371582 -0.0062942505
vn 0.9863281 0.16369629 -0.0062942505
vn 0.9863281 0.16369629 -0.0062942505
vn 0.9863281 0.16369629 -0.0062942505
vn 0.9863281 0.16369629 -0.0062942505
vn -0.9838867 -0.17834473 -0.00667572
vn -0.9838867 -0.17834473 -0.00667572
vn -0.9838867 -0.17810059 -0.006866455
vn -0.9824219 -0.18725586 -0.009246826
vn -0.98339844 -0.18041992 -0.011726379
vn 0.13586426 -0.7709961 0.6225586
vn 0.13586426 -0.7709961 0.6225586
vn 0.13586426 -0.7709961 0.6220703
vn 0.13586426 -0.7709961 0.6220703
vn 0.016586304 -0.094055176 0.99560547
vn 0.016586304 -0.094055176 0.99560547
vn 0.016586304 -0.094055176 0.99560547
vn 0.016586304 -0.094055176 0.99560547
vn -0.11193848 0.6347656 0.76464844
vn -0.11187744 0.6347656 0.76464844
vn -0.11187744 0.6347656 0.76464844
vn -0.11193848 0.6347656 0.76464844
vn 0.98535156 0.16894531 -0.006866455
vn 0.9868164 0.16015625 -0.009246826
vn 0.9873047 0.15979004 -0.009346008
vn 0.98535156 0.16894531 -0.006866455
vn 0.98535156 0.16894531 -0.006866455
vn -0.13391113 0.75927734 -0.63671875
vn -0.13391113 0.75927734 -0.63671875
vn -0.13391113 0.75927734 -0.63671875
vn -0.13391113 0.75927734 -0.63671875
vn 0.16174316 -0.8642578 -0.47680664
vn 0.055603027 -0.31176758 -0.94873047
vn -0.122558594 0.69189453 -0.7114258
vn -0.12390137 0.69140625 -0.7114258
vn -0.9916992 0.12890625 0.004673004
vn -0.9916992 0.12890625 0.004722595
vn -0.9916992 0.12890625 0.004722595
vn -0.9916992 0.12890625 0.004673004
vn 0.1673584 0.94921875 -0.26635742
vn 0.1673584 0.94921875 -0.26635742
vn 0.13061523 0.7402344 -0.6591797
vn 0.13061523 0.7402344 -0.6591797
vn 0.13061523 0.7402344 -0.6591797
vn 0.13061523 0.7402344 -0.6591797
vn 0.022033691 0.12475586 -0.9921875
vn 0.022033691 0.12475586 -0.9921875
vn -0.02432251 -0.13769531 -0.9902344
vn -0.02432251 -0.13769531 -0.9902344
vn -0.9941406 0.08734131 0.06304932
vn -0.9941406 0.08734131 0.06304932
vn -0.98828125 0.11291504 0.1026001
vn -0.9868164 0.16174316 -0.011444092
vn -0.9848633 0.17126465 0.033172607
vn -0.97558594 0.17773438 -0.12792969
vn -0.97558594 0.17773438 -0.12792969
vn -0.9663086 0.25756836 -0.015159607
vn -0.9663086 0.25756836 -0.015113831
vn -0.9663086 0.25756836 -0.015113831
vn -0.9663086 0.25756836 -0.015113831
vn -0.9663086 0.25756836 -0.015159607
vn -0.9663086 0.25756836 -0.015159607
vn -0.9663086 0.25756836 -0.015159607
vn -0.99609375 0.08850098 0.015113831
vn -0.99609375 0.08850098 0.015167236
vn -0.99609375 0.08850098 0.015113831
vn -0.99609375 0.08850098 0.015113831
vn -0.99609375 0.08850098 0.015113831
vn -0.99609375 0.08850098 0.015113831
vn -0.99609375 0.08850098 0.015167236
vn -0.9838867 0.17810059 0.0002861023
vn -0.9838867 0.17810059 0.0002861023
vn -0.9838867 0.17810059 0.00023841858
vn -0.9838867 0.17810059 0.00023841858
vn 0.024978638 0.43554688 -0.89990234
vn -0.01802063 -0.03164673 -0.9995117
vn 0.024978638 0.43554688 -0.89990234
vn -0.01802063 -0.03164673 -0.9995117
vn -0.0569458 -0.4921875 -0.86865234
vn -0.0569458 -0.4921875 -0.86865234
vn 0.081848145 0.8261719 0.5571289
vn 0.081848145 0.8261719 0.5571289
vn 0.089660645 0.9873047 0.13098145
vn 0.089660645 0.9873047 0.13098145
vn 0.081848145 0.8261719 0.5571289
vn 0.081848145 0.8261719 0.5571289
vn 0.057037354 0.49365234 0.8676758
vn 0.057037354 0.49365234 0.8676758
vn -0.05569458 -0.7416992 0.66845703
vn -0.05569458 -0.7416992 0.66845703
vn -0.05569458 -0.7416992 0.66845703
vn -0.05569458 -0.7416992 0.66845703
vn 0.041870117 0.30908203 0.9501953
vn 0.041870117 0.30908203 0.9501953
vn 0.041870117 0.30908203 0.9501953
vn 0.041870117 0.30908203 0.9501953
vn -0.0859375 -0.98828125 0.12438965
vn -0.0859375 -0.98828125 0.12438965
vn -0.0859375 -0.98828125 0.12445068
vn -0.0859375 -0.98828125 0.12445068
vn 0.99609375 -0.08850098 -0.015113831
vn 0.99609375 -0.08850098 -0.015167236
vn 0.99609375 -0.08850098 -0.015113831
vn 0.99609375 -0.08850098 -0.015113831
vn 0.99609375 -0.08850098 -0.015113831
vn 0.99609375 -0.08850098 -0.015113831
vn 0.99609375 -0.08850098 -0.015167236
vn 0.23486328 0.90234375 0.36083984
vn 0.23486328 0.90234375 0.36083984
vn 0.25708008 0.95751953 -0.13183594
vn 0.25708008 0.95751953 -0.13183594
vn 0.23486328 0.90234375 0.36083984
vn 0.23486328 0.90234375 0.36083984
vn 0.15478516 0.6254883 0.76464844
vn 0.15478516 0.6254883 0.76464844
vn -0.25439453 -0.94091797 0.22399902
vn -0.25439453 -0.94091797 0.22399902
vn -0.25024414 -0.9501953 -0.18603516
vn -0.25024414 -0.9501953 -0.18603516
vn -0.20422363 -0.7993164 -0.5649414
vn -0.20422363 -0.7993164 -0.5649414
vn -0.2376709 -0.86572266 0.44018555
vn -0.2376709 -0.86572266 0.44018555
vn -0.2376709 -0.86572266 0.44018555
vn -0.2376709 -0.86572266 0.44018555
vn -0.16418457 -0.6586914 -0.734375
vn -0.16418457 -0.6586914 -0.734375
vn -0.051971436 -0.25170898 -0.9663086
vn -0.051971436 -0.25170898 -0.9663086
vn 0.07208252 0.21325684 -0.9741211
vn 0.07208252 0.21325684 -0.9741211
vn 0.9663086 -0.25756836 0.015113831
vn 0.9663086 -0.25756836 0.015113831
vn 0.9663086 -0.25756836 0.015159607
vn 0.9663086 -0.25756836 0.015113831
vn 0.9663086 -0.25756836 0.015159607
vn 0.9663086 -0.25756836 0.015159607
vn 0.9663086 -0.25756836 0.015159607
vn 0.15148926 0.8588867 0.48901367
vn 0.15148926 0.8588867 0.48901367
vn 0.17358398 0.9848633 -0.0029087067
vn 0.17358398 0.9848633 -0.0029087067
vn 0.15148926 0.8588867 0.48901367
vn 0.090148926 0.5107422 0.85498047
vn 0.15148926 0.8588867 0.48901367
vn 0.090148926 0.5107422 0.85498047
vn 0.06112671 0.3466797 0.93603516
vn 0.06112671 0.3466797 0.93603516
vn 0.06112671 0.3466797 0.93603516
vn 0.06112671 0.3466797 0.93603516
vn -0.99560547 0.08087158 -0.048217773
vn -0.99560547 0.08087158 -0.048217773
vn -0.99121094 0.13195801 -0.021743774
vn -0.99072266 0.13269043 -0.021316528
vn -0.9848633 0.17358398 0
vn -0.9848633 0.17358398 0
vn -0.9848633 0.17358398 0
vn -0.9848633 0.17358398 0
vn -0.9848633 0.17358398 0
vn 0.016021729 0.09118652 -0.99560547
vn 0.016021729 0.09118652 -0.99560547
vn 0.016021729 0.09118652 -0.99560547
vn 0.016021729 0.09118652 -0.99560547
vn -0.15246582 -0.8642578 -0.47973633
vn -0.17346191 -0.9838867 -0.040527344
vn -0.15246582 -0.8642578 -0.47973633
vn -0.17346191 -0.9838867 -0.040527344
vn -0.17248535 -0.9785156 -0.11303711
vn -0.17248535 -0.9785156 -0.11303711
vn -0.08618164 -0.48901367 -0.86816406
vn -0.08618164 -0.48901367 -0.86816406
vn -0.08618164 -0.48901367 -0.86816406
vn 0.0034332275 0.019454956 -1
vn -0.08618164 -0.48901367 -0.86816406
vn 0.0034332275 0.019454956 -1
vn 0.9760742 -0.21777344 0.004673004
vn 0.9760742 -0.21777344 0.004673004
vn 0.9760742 -0.21777344 0.0047187805
vn 0.9760742 -0.21777344 0.0047187805
vn 0.96728516 -0.2319336 0.1026001
vn 0.96435547 -0.2578125 0.06304932
vn 0.96435547 -0.2578125 0.06304932
vn 0.9824219 -0.18579102 -0.011444092
vn 0.9838867 -0.17590332 0.033203125
vn 0.97753906 -0.16674805 -0.12792969
vn 0.97753906 -0.16674805 -0.12792969
vn 0.99609375 -0.08850098 -0.015113831
vn 0.99609375 -0.08850098 -0.015113831
vn 0.99609375 -0.08850098 -0.015167236
vn 0.99609375 -0.08850098 -0.015113831
vn 0.99609375 -0.08850098 -0.015159607
vn 0.99609375 -0.08850098 -0.015167236
vn 0.99609375 -0.08850098 -0.015167236
vn 0.9663086 -0.25756836 0.015113831
vn 0.9663086 -0.25756836 0.015159607
vn 0.9663086 -0.25756836 0.015113831
vn 0.9663086 -0.25756836 0.015113831
vn 0.9663086 -0.25756836 0.015113831
vn 0.9663086 -0.25756836 0.015113831
vn 0.9663086 -0.25756836 0.015159607
vn 0.98583984 -0.16894531 0.0002861023
vn 0.98583984 -0.16894531 0.00023841858
vn 0.98583984 -0.16894531 0.0002861023
vn 0.98583984 -0.16894531 0.00023841858
vn 0.12548828 0.41796875 -0.89990234
vn 0.12548828 0.41796875 -0.89990234
vn 0.006008148 -0.036254883 -0.9995117
vn 0.006008148 -0.036254883 -0.9995117
vn -0.11480713 -0.48168945 -0.86865234
vn -0.11480713 -0.48168945 -0.86865234
vn 0.25341797 0.9584961 0.13085938
vn 0.20568848 0.8046875 0.5571289
vn 0.20568848 0.8046875 0.5571289
vn 0.25341797 0.9584961 0.13085938
vn 0.20568848 0.8046875 0.5571289
vn 0.20568848 0.8046875 0.5571289
vn 0.11517334 0.48339844 0.8676758
vn 0.11517334 0.48339844 0.8676758
vn -0.20117188 -0.7158203 0.6689453
vn -0.20117188 -0.7158203 0.6689453
vn -0.20117188 -0.7158203 0.6689453
vn -0.20117188 -0.7158203 0.6689453
vn 0.06628418 0.3046875 0.9501953
vn 0.06628418 0.3046875 0.9501953
vn 0.06628418 0.3046875 0.9501953
vn 0.06628418 0.3046875 0.9501953
vn -0.25732422 -0.9584961 0.12438965
vn -0.25732422 -0.9584961 0.12438965
vn -0.25732422 -0.9584961 0.12438965
vn -0.25732422 -0.9584961 0.12438965
vn -0.9663086 0.25756836 -0.015113831
vn -0.9663086 0.25756836 -0.015159607
vn -0.9663086 0.25756836 -0.015113831
vn -0.9663086 0.25756836 -0.015113831
vn -0.9663086 0.25756836 -0.015113831
vn -0.9663086 0.25756836 -0.015113831
vn -0.9663086 0.25756836 -0.015159607
vn 0.08795166 0.92822266 0.36083984
vn 0.085754395 0.98779297 -0.13183594
vn 0.085754395 0.98779297 -0.13183594
vn 0.08795166 0.92822266 0.36083984
vn 0.08795166 0.92822266 0.36083984
vn 0.06854248 0.640625 0.76464844
vn 0.06854248 0.640625 0.76464844
vn 0.08795166 0.92822266 0.36083984
vn -0.08288574 -0.9711914 0.22399902
vn -0.08288574 -0.9711914 0.22399902
vn -0.08972168 -0.9785156 -0.18603516
vn -0.08972168 -0.9785156 -0.18603516
vn -0.08154297 -0.82128906 -0.5649414
vn -0.08154297 -0.82128906 -0.5649414
vn -0.072753906 -0.89501953 0.44018555
vn -0.072753906 -0.89501953 0.44018555
vn -0.072753906 -0.89501953 0.44018555
vn -0.072753906 -0.89501953 0.44018555
vn -0.07116699 -0.67529297 -0.734375
vn -0.07116699 -0.67529297 -0.734375
vn -0.03729248 -0.25439453 -0.9663086
vn -0.03729248 -0.25439453 -0.9663086
vn 0.0051498413 0.22509766 -0.9741211
vn 0.0051994324 0.22509766 -0.9741211
vn -0.99609375 0.08850098 0.015167236
vn -0.99609375 0.08850098 0.015167236
vn -0.99609375 0.08850098 0.015167236
vn -0.99609375 0.08850098 0.015167236
vn -0.99609375 0.08850098 0.015113831
vn -0.99609375 0.08850098 0.015113831
vn -0.99609375 0.08850098 0.015113831
vn -0.14672852 -0.83251953 0.5341797
vn -0.14672852 -0.83251953 0.5341797
vn -0.14672852 -0.83251953 0.5341797
vn -0.14672852 -0.83251953 0.5341797
vn -0.14379883 -0.8154297 0.5605469
vn -0.14379883 -0.8154297 0.5605469
vn -0.10626221 -0.60253906 0.7910156
vn -0.10626221 -0.60253906 0.7910156
vn -0.10626221 -0.60253906 0.7910156
vn -0.10626221 -0.60253906 0.7910156
vn -0.05407715 -0.30664062 0.9501953
vn -0.05407715 -0.30664062 0.9501953
vn -0.15234375 -0.8642578 -0.47973633
vn -0.15234375 -0.8642578 -0.47973633
vn -0.15234375 -0.8642578 -0.47973633
vn -0.15234375 -0.8642578 -0.47973633
vn 0.046539307 0.26391602 -0.9633789
vn 0.046539307 0.26391602 -0.9633789
vn 0.046539307 0.26391602 -0.9633789
vn 0.046539307 0.26391602 -0.9633789
vn 0.046539307 0.26391602 -0.9633789
vn 0.046539307 0.26391602 -0.9633789
vn 0.9628906 -0.26464844 -0.048217773
vn 0.9628906 -0.26464844 -0.048217773
vn 0.9765625 -0.21472168 -0.021743774
vn 0.9765625 -0.21398926 -0.021316528
vn 0.9848633 -0.17358398 0
vn 0.9848633 -0.17358398 0
vn 0.9848633 -0.17358398 0
vn 0.9848633 -0.17358398 0
vn 0.9848633 -0.17358398 0
vn 0.14233398 0.8076172 0.5722656
vn 0.14233398 0.8076172 0.5722656
vn 0.14233398 0.8076172 0.5722656
vn 0.14233398 0.8076172 0.5722656
vn 0.00038146973 0.0019073486 1
vn 0.00038146973 0.0019073486 1
vn 0.00038146973 0.0019073486 1
vn 0.00038146973 0.0019073486 1
vn 0.16418457 0.93066406 -0.32666016
vn 0.16418457 0.93066406 -0.32666016
vn 0.16418457 0.93066406 -0.32666016
vn 0.16418457 0.93066406 -0.32666016
vn 0.13085938 0.7416992 0.65771484
vn 0.13085938 0.7416992 0.65771484
vn 0.13085938 0.7416992 0.65771484
vn 0.13085938 0.7416992 0.65771484
vn -0.115234375 -0.6459961 0.75439453
vn -0.11279297 -0.6464844 0.75439453
vn -0.11517334 -0.6533203 0.7480469
vn -0.11517334 -0.6533203 0.7480469
vn -0.117614746 -0.65966797 0.7421875
vn -0.115112305 -0.66015625 0.7421875
vn 0.5366211 -0.025558472 0.84375
vn -0.5126953 0.15942383 0.84375
vn -0.115234375 -0.6459961 0.75439453
vn -0.9453125 -0.3178711 0.07098389
vn -0.11279297 -0.6464844 0.75439453
vn 0.77978516 -0.62158203 0.07104492
vn -0.9873047 -0.0049591064 0.15979004
vn -0.5126953 0.15942383 0.84375
vn -0.115112305 -0.66015625 0.7421875
vn -0.11517334 -0.6533203 0.7480469
vn -0.11279297 -0.6464844 0.75439453
vn -0.9453125 -0.3178711 0.07098389
vn -0.98828125 -0.0061035156 0.15112305
vn -0.99072266 0.017929077 0.1361084
vn -0.99072266 0.017929077 0.1361084
vn 0.92578125 -0.34228516 0.15979004
vn -0.117614746 -0.65966797 0.7421875
vn 0.5366211 -0.025558472 0.84375
vn -0.11517334 -0.6533203 0.7480469
vn -0.115234375 -0.6459961 0.75439453
vn 0.77978516 -0.62158203 0.07104492
vn 0.9267578 -0.34399414 0.15112305
vn 0.9370117 -0.32202148 0.1361084
vn 0.9370117 -0.32202148 0.1361084
vn 0.17297363 0.98095703 -0.08666992
vn 0.17297363 0.98095703 -0.08666992
vn 0.11273193 0.63964844 -0.7607422
vn 0.11273193 0.63964844 -0.7607422
vn 0.17150879 0.97265625 -0.15637207
vn 0.17297363 0.98095703 -0.08666992
vn 0.17150879 0.97265625 -0.15637207
vn 0.17297363 0.98095703 -0.08666992
vn 0.17150879 0.97265625 -0.15637207
vn 0.17150879 0.97265625 -0.15637207
vn 0.06488037 0.36767578 -0.9277344
vn 0.06488037 0.36767578 -0.9277344
vn 0.042907715 0.2434082 -0.96875
vn 0.042907715 0.2434082 -0.96875
vn 0.09863281 0.55908203 -0.8232422
vn 0.09863281 0.55908203 -0.8232422
vn -0.6411133 0.29882812 0.70703125
vn -0.6411133 0.29882812 0.70703125
vn -0.90625 0.42260742 0
vn -0.90625 0.42260742 0
vn -0.6411133 0.29882812 -0.70703125
vn -0.6411133 0.29882812 -0.70703125
vn -0 0 1
vn -0.6411133 0.29882812 0.70703125
vn -0.6411133 0.29882812 0.70703125
vn -0 0 1
vn 0.6411133 -0.29882812 0.70703125
vn 0.6411133 -0.29882812 0.70703125
vn 0.6411133 -0.29882812 0.70703125
vn 0.6411133 -0.29882812 0.70703125
vn 0.90625 -0.42260742 0
vn 0.90625 -0.42260742 0
vn 0.6411133 -0.29882812 -0.70703125
vn 0.6411133 -0.29882812 -0.70703125
vn -0 0 -1
vn 0.6411133 -0.29882812 -0.70703125
vn 0.6411133 -0.29882812 -0.70703125
vn -0 0 -1
vn -0.6411133 0.29882812 -0.70703125
vn -0.6411133 0.29882812 -0.70703125
vn -0.14440918 -0.8120117 0.56591797
vn -0.13562012 -0.76953125 0.62402344
vn -0.13562012 -0.76953125 0.62402344
vn -0.14208984 -0.8120117 0.56591797
vn -0.058258057 -0.3112793 -0.94873047
vn -0.16174316 -0.8642578 -0.47680664
vn 0.12390137 0.69140625 -0.7114258
vn 0.1149292 0.65625 -0.74560547
vn 0.14941406 0.8330078 -0.53222656
vn 0.12017822 0.6923828 -0.7114258
vn -0.9863281 0.16516113 -0.0022888184
vn -0.9863281 0.16516113 -0.0022888184
vn -0.9873047 0.15759277 -0.004386902
vn -0.9868164 0.16247559 -0.0095825195
vn -0.9863281 0.16442871 -0.010398865
vn 0.9819336 -0.1895752 -0.004386902
vn 0.98339844 -0.18200684 -0.0022888184
vn 0.98339844 -0.18200684 -0.0022888184
vn 0.98291016 -0.18469238 -0.009536743
vn 0.9819336 -0.1895752 -0.0018596649
vn -0.42260742 -0.90625 0
vn -0.3059082 -0.6557617 0.6904297
vn 0.13659668 -0.8618164 0.4880371
vn 0.31982422 -0.9472656 0
vn 0.13659668 -0.8618164 -0.4880371
vn -0.3059082 -0.6557617 -0.6904297
vn -0.42260742 -0.90625 0
vn -0.93115234 -0.36401367 0
vn -0.7480469 -0.4494629 0.4880371
vn -0.7480469 -0.4494629 -0.4880371
vn -0.038848877 -0.22045898 0.9746094
vn -0.1116333 -0.6333008 0.7661133
vn -0.1116333 -0.6333008 0.7661133
vn -0.038848877 -0.22045898 0.9746094
vn 0.042388916 0.24035645 0.96972656
vn 0.042388916 0.24035645 0.96972656
vn 0.17370605 0.9848633 -0.008010864
vn 0.17370605 0.9848633 -0.008010864
vn 0.17358398 0.9848633 -0.008010864
vn 0.17358398 0.9848633 -0.008010864
vn 0.9848633 -0.17358398 0
vn 0.9848633 -0.17370605 0
vn 0.9848633 -0.17370605 0
vn 0.9848633 -0.17358398 0
vn -0.052459717 -0.29760742 -0.953125
vn -0.052459717 -0.29760742 -0.953125
vn -0.052459717 -0.29760742 -0.953125
vn -0.052459717 -0.29760742 -0.953125
vn -0.9848633 0.17370605 0
vn -0.9848633 0.17370605 0
vn -0.9848633 0.17358398 0
vn -0.9848633 0.17358398 0
vn 0.16577148 0.9399414 -0.29833984
vn 0.14025879 0.79541016 -0.58984375
vn 0.14025879 0.79541016 -0.58984375
vn 0.16577148 0.9399414 -0.29833984
vn 0.17358398 0.984375 0.024993896
vn 0.17358398 0.984375 0.024993896
vn -0.16589355 -0.94091797 0.29516602
vn -0.16589355 -0.94091797 0.29516602
vn -0.16589355 -0.94091797 0.29516602
vn -0.16589355 -0.94091797 0.29516602
vn 0.06616211 0.37524414 -0.9248047
vn 0.012161255 0.06896973 -0.9975586
vn 0.012161255 0.06896973 -0.9975586
vn 0.06616211 0.37524414 -0.9248047
vn 0.11340332 0.6430664 -0.7573242
vn 0.11340332 0.6430664 -0.7573242
vn -0.0043144226 -0.024414062 0.9995117
vn -0.0043144226 -0.024414062 0.9995117
vn -0.0042915344 -0.024414062 0.9995117
vn -0.0042915344 -0.024414062 0.9995117
vn -0.09588623 -0.5439453 -0.8334961
vn -0.095947266 -0.5439453 -0.8334961
vn -0.095947266 -0.5439453 -0.8334961
vn -0.09588623 -0.5439453 -0.8334961
vn -0.004196167 -0.023849487 0.9995117
vn -0.004196167 -0.023849487 0.9995117
vn -0.004196167 -0.023849487 0.9995117
vn -0.004196167 -0.023849487 0.9995117
vn 0.9848633 -0.17370605 0
vn 0.9848633 -0.17370605 0
vn 0.9848633 -0.17370605 0
vn 0.9848633 -0.17370605 0
vn 0.9848633 -0.17370605 0
vn 0.9848633 -0.17358398 0
vn 0.9848633 -0.17358398 0
vn 0.9848633 -0.17358398 0
vn 0.9848633 -0.17358398 0
vn -0.13305664 -0.7548828 0.64208984
vn -0.13305664 -0.7548828 0.64208984
vn -0.13305664 -0.7548828 0.64208984
vn -0.13305664 -0.7548828 0.64208984
vn -0.9848633 0.17370605 0
vn -0.9848633 0.17370605 0
vn -0.9848633 0.17370605 0
vn -0.9848633 0.17370605 0
vn -0.9848633 0.17370605 0
vn -0.9848633 0.17358398 0
vn -0.9848633 0.17358398 0
vn -0.9848633 0.17358398 0
vn -0.9848633 0.17358398 0
vn -0.004196167 -0.023849487 0.9995117
vn -0.004196167 -0.023849487 0.9995117
vn -0.004196167 -0.023849487 0.9995117
vn -0.004196167 -0.023849487 0.9995117
vn -0.9848633 0.17358398 0
vn -0.9848633 0.17370605 0
vn -0.9848633 0.17370605 0
vn -0.9848633 0.17358398 0
vn 0.9848633 -0.17358398 0
vn 0.9848633 -0.17370605 0
vn 0.9848633 -0.17370605 0
vn 0.9848633 -0.17358398 0
vn 0.14428711 0.8178711 0.5566406
vn 0.14428711 0.8178711 0.5566406
vn 0.14416504 0.8178711 0.5566406
vn 0.14428711 0.8178711 0.5566406
vn 0.9848633 -0.17358398 0
vn 0.9848633 -0.17358398 0
vn 0.9848633 -0.17358398 0
vn 0.9848633 -0.17358398 0
vn -0.9848633 0.17358398 0
vn -0.9848633 0.17358398 0
vn -0.9848633 0.17358398 0
vn -0.9848633 0.17358398 0
vn -0.14416504 -0.8178711 -0.5566406
vn -0.14428711 -0.8178711 -0.5566406
vn -0.14428711 -0.8178711 -0.5566406
vn -0.14428711 -0.8178711 -0.5566406
vn 0.062194824 0.35253906 -0.93359375
vn 0.062194824 0.3527832 -0.93359375
vn 0.16564941 0.93896484 -0.3010254
vn 0.16564941 0.93896484 -0.3010254
vn 0.17004395 0.9765625 0.13317871
vn 0.17041016 0.9765625 0.13049316
vn 0.062194824 0.35253906 -0.93359375
vn 0.11090088 -0.0049591064 -0.99365234
vn 0.010772705 0.05911255 -0.9980469
vn 0.062194824 0.3527832 -0.93359375
vn 0.98291016 -0.18347168 -0.0062942505
vn 0.98291016 -0.18371582 -0.0062942505
vn 0.98291016 -0.18371582 -0.0062942505
vn 0.98291016 -0.18371582 -0.0062942505
vn -0.9863281 0.16369629 -0.0062942505
vn -0.9863281 0.16369629 -0.0062942505
vn -0.9863281 0.16369629 -0.0062942505
vn -0.9863281 0.16369629 -0.0062942505
vn 0.9838867 -0.17810059 -0.006866455
vn 0.9838867 -0.17810059 -0.00667572
vn 0.9838867 -0.17810059 -0.006866455
vn 0.9824219 -0.18725586 -0.009246826
vn 0.98339844 -0.18041992 -0.011634827
vn -0.13586426 -0.7709961 0.6220703
vn -0.13586426 -0.7709961 0.6225586
vn -0.13586426 -0.7709961 0.6225586
vn -0.13586426 -0.7709961 0.6220703
vn -0.016586304 -0.094055176 0.99560547
vn -0.016586304 -0.094055176 0.99560547
vn -0.016586304 -0.094055176 0.99560547
vn -0.016586304 -0.094055176 0.99560547
vn 0.11193848 0.6347656 0.76464844
vn 0.11193848 0.6347656 0.76464844
vn 0.11187744 0.6347656 0.76464844
vn 0.11187744 0.6347656 0.76464844
vn -0.9868164 0.16015625 -0.009246826
vn -0.98535156 0.16894531 -0.006866455
vn -0.9873047 0.15979004 -0.009346008
vn -0.98535156 0.16894531 -0.006866455
vn -0.98535156 0.16894531 -0.006866455
vn 0.13391113 0.75927734 -0.63671875
vn 0.13391113 0.75927734 -0.63671875
vn 0.13391113 0.75927734 -0.63671875
vn 0.13391113 0.75927734 -0.63671875
vn 0.12017822 0.6923828 -0.7114258
vn -0.058258057 -0.3112793 -0.94873047
vn -0.16174316 -0.8642578 -0.47680664
vn 0.12390137 0.69140625 -0.7114258
vn 0.8671875 -0.49780273 -1.4901161E-05
vn 0.9946289 -0.10223389 -8.940697E-06
vn 0.8671875 -0.49780273 -1.4603138E-05
vn 0.9946289 -0.10223389 -1.001358E-05
vn 0.86083984 0.50878906 -0.0019407272
vn 0.8720703 0.4892578 -1.9073486E-06
vn 0.76171875 0.6479492 -0.002494812
vn 0.7597656 0.64990234 -0.0024909973
vn 0.76171875 0.6479492 -0.0027427673
vn 0.75683594 0.65283203 -0.028442383
vn 0.7573242 0.6533203 0
vn -0 0 1
vn -0 0 1
vn -0 0 1
vn -0 0 1
vn -0.8769531 0.4807129 0
vn -0.8769531 0.4807129 0
vn -0.8769531 0.4807129 0
vn -0.8769531 0.4807129 0
vn -0.76464844 -0.64453125 -0.0007390976
vn -0.76464844 -0.64453125 0
vn -0.76464844 -0.64453125 0.00092983246
vn -0.76464844 -0.64453125 -0.001200676
vn -0.76464844 -0.64453125 -0.0014152527
vn -0.7651367 -0.64404297 0.0002696514
vn -0.7651367 -0.64404297 0.0005841255
vn -0 0 -1
vn -0 0 -1
vn -0 0 -1
vn -0.35253906 0.4338379 -0.82910156
vn -0.35620117 0.4387207 -0.8251953
vn 0.33984375 -0.9404297 -2.9802322E-05
vn 0.33984375 -0.9404297 -2.9146671E-05
vn -0.07208252 -0.9975586 -2.3841858E-05
vn -0.07208252 -0.9975586 -2.259016E-05
vn -0.6508789 -0.75927734 -0.0019435883
vn -0.6333008 -0.7739258 -6.198883E-06
vn -0.7705078 -0.63720703 -0.0024909973
vn -0.6508789 -0.75927734 -0.0019435883
vn -0.6333008 -0.7739258 -6.198883E-06
vn -0.77197266 -0.6357422 -0.0024909973
vn -0.7705078 -0.63720703 -0.002729416
vn -0.77441406 -0.6323242 -0.028442383
vn -0.77441406 -0.6323242 0
vn -0.609375 0.7026367 -0.36743164
vn -0.609375 0.7026367 -0.36743164
vn -0.36621094 0.42236328 -0.82910156
vn -0.3701172 0.4267578 -0.8251953
vn -0.32104492 0.9472656 0
vn -0.32104492 0.9472656 0
vn -0.32104492 0.9472656 0
vn -0.32104492 0.9472656 0
vn 0.7675781 0.6411133 -0.0007390976
vn 0.7675781 0.640625 0.0009417534
vn 0.7675781 0.640625 0
vn 0.7675781 0.6411133 -0.0012044907
vn 0.7675781 0.6411133 -0.0014181137
vn 0.76708984 0.64160156 0.00026893616
vn 0.76708984 0.64160156 0.0005841255
vn -0.5864258 0.72216797 -0.3671875
vn -0.35620117 0.4387207 -0.8251953
vn -0.5864258 0.72216797 -0.3671875
vn -0.35253906 0.4338379 -0.82910156
vn 0.34399414 -0.08581543 0.9350586
vn 0.27148438 -0.15600586 0.94970703
vn 0.33789062 -0.021362305 0.94091797
vn 0.32055664 -0.01373291 0.9472656
vn 0.24987793 -0.049591064 0.9667969
vn 0.24987793 -0.049591064 0.9667969
vn 0.024795532 -0.35351562 0.9350586
vn -0.037384033 -0.33642578 0.94091797
vn 0.10644531 -0.2944336 0.94970703
vn -0.04196167 -0.31811523 0.9472656
vn 0.005340576 -0.2548828 0.9667969
vn 0.005340576 -0.2548828 0.9667969
vn -0 0 1
vn -0 0 1
vn -0 0 1
vn -0 0 1
vn -0 0 -1
vn -0 0 -1
vn -0 0 -1
vn -0.36621094 0.42236328 -0.82910156
vn -0.3701172 0.4267578 -0.8251953
vn 0.3215332 -0.38305664 -0.86621094
vn -0.3215332 0.38305664 -0.86621094
vn -0.3215332 0.38305664 -0.86621094
vn 0.3215332 -0.38305664 -0.86621094
vn -0.3215332 0.38305664 -0.86621094
vn -0.3215332 0.38305664 -0.86621094
vn -0.6425781 0.7661133 0
vn -0.6425781 0.7661133 0
vn -0.3215332 0.38305664 0.86621094
vn -0.3215332 0.38305664 0.86621094
vn 0.3215332 -0.38305664 0.86621094
vn -0.3215332 0.38305664 0.86621094
vn 0.3215332 -0.38305664 0.86621094
vn 0.6425781 -0.7661133 0
vn 0.3215332 -0.38305664 0.86621094
vn 0.3215332 -0.38305664 0.86621094
vn 0.6425781 -0.7661133 0
vn 0.3215332 -0.38305664 -0.86621094
vn 0.3215332 -0.38305664 -0.86621094
vn 0.7661133 0.6425781 0
vn 0.7661133 0.6425781 0
vn 0.7661133 0.6425781 0
vn 0.7661133 0.6425781 0
vn 0.7661133 0.6425781 0
vn 0.7661133 0.6425781 0
vn -0.7661133 -0.6425781 1.1920929E-05
vn -0.7661133 -0.6425781 1.1920929E-05
vn -0.7661133 -0.6425781 2.3841858E-05
vn -0.7661133 -0.6425781 2.3841858E-05
vn -0.7661133 -0.6425781 2.3841858E-05
vn -0.7661133 -0.6425781 2.3841858E-05
vn 0.47680664 -0.5678711 0.67089844
vn 0.53759766 -0.640625 0.54833984
vn 0.47680664 -0.5678711 0.67089844
vn 0.53759766 -0.640625 0.54833984
vn -0.6171875 0.73535156 -0.28027344
vn -0.6171875 0.73535156 -0.28027344
vn -0.6171875 0.73535156 -0.28027344
vn -0.6171875 0.73535156 -0.28027344
vn -0.36010742 0.42919922 -0.828125
vn -0.2475586 0.29516602 -0.92285156
vn -0.36010742 0.42919922 -0.828125
vn -0.2475586 0.29516602 -0.92285156
vn -0.2619629 0.3125 -0.91308594
vn -0.2619629 0.3125 -0.91308594
vn -0.57128906 0.68066406 -0.4584961
vn -0.57128906 0.68066406 -0.4584961
vn -0.47070312 -0.77783203 0.41625977
vn -0.4650879 -0.77685547 0.42504883
vn -0.56640625 -0.7792969 0.2680664
vn -0.5854492 -0.7734375 0.24182129
vn -0.49829102 -0.79833984 0.33789062
vn -0.4814453 -0.8017578 0.3544922
vn 0.86376953 0.44213867 0.24182129
vn 0.8725586 0.35229492 0.33789062
vn 0.8730469 0.33496094 0.3544922
vn 0.84814453 0.32885742 0.41577148
vn 0.86572266 0.42236328 0.26782227
vn 0.84521484 0.3232422 0.42529297
vn 0.80566406 0.5908203 0.040527344
vn 0.80566406 0.5908203 0.04043579
vn -0.38549805 0.45947266 -0.80029297
vn -0.38549805 0.45922852 -0.80029297
vn -0.5751953 0.6855469 -0.44677734
vn -0.5751953 0.6855469 -0.44677734
vn -0.7607422 -0.6484375 -0.020355225
vn -0.7602539 -0.64941406 -0.013015747
vn -0.75927734 -0.6503906 -0.026229858
vn -0.7558594 -0.6542969 -0.010223389
vn -0.75097656 -0.66015625 -0.012924194
vn -0.75439453 -0.6567383 -0.009346008
vn -0.7661133 -0.6425781 0
vn -0.359375 0.4284668 0.82910156
vn -0.359375 0.4284668 0.82910156
vn -0.359375 0.4284668 0.82910156
vn -0.359375 0.4284668 0.82910156
vn -0.036224365 0.04309082 -0.99853516
vn 0.5571289 -0.6640625 -0.49829102
vn 0.5571289 -0.6640625 -0.49829102
vn -0.036224365 0.04309082 -0.99853516
vn -0.33691406 0.4013672 -0.8515625
vn -0.33691406 0.4013672 -0.8515625
vn 0.1159668 -0.13806152 0.98339844
vn 0.33691406 -0.40161133 0.8515625
vn 0.33691406 -0.40161133 0.8515625
vn 0.1159668 -0.13806152 0.98339844
vn -0.1262207 0.15063477 0.98046875
vn -0.1262207 0.15063477 0.98046875
vn 0.7709961 0.63671875 -0.020355225
vn 0.77246094 0.6347656 -0.0262146
vn 0.7714844 0.6357422 -0.013015747
vn 0.7758789 0.6308594 -0.010215759
vn 0.7807617 0.6245117 -0.012916565
vn 0.77734375 0.62890625 -0.009346008
vn 0.7661133 0.6425781 0
vn 0.640625 -0.7636719 0.08135986
vn 0.5571289 -0.6640625 -0.49829102
vn 0.5571289 -0.6640625 -0.49829102
vn 0.640625 -0.7636719 0.08135986
vn -0.44433594 0.52978516 -0.72216797
vn -0.44433594 0.52978516 -0.72216797
vn -0.14074707 0.16784668 -0.97558594
vn -0.14074707 0.16784668 -0.97558594
vn 0.07208252 -0.08581543 -0.99365234
vn 0.07208252 -0.08581543 -0.99365234
vn -0.7529297 -0.65722656 -0.037200928
vn -0.7475586 -0.66259766 -0.04559326
vn -0.7475586 -0.66259766 -0.04559326
vn -0.75390625 -0.65625 -0.03567505
vn -0.75927734 -0.64990234 -0.026138306
vn -0.75927734 -0.64990234 -0.026138306
vn -0.49829102 0.59375 0.63183594
vn -0.49829102 0.59375 0.63183594
vn -0.64160156 0.76464844 0.055511475
vn -0.64160156 0.76464844 0.055511475
vn 0.78222656 0.62158203 -0.04559326
vn 0.78222656 0.62158203 -0.04559326
vn 0.77783203 0.6269531 -0.037200928
vn 0.77734375 0.62841797 -0.03567505
vn 0.77197266 0.6347656 -0.026138306
vn 0.77197266 0.6347656 -0.026138306
vn -0.5854492 -0.7734375 0.24182129
vn -0.56640625 -0.7792969 0.2680664
vn -0.72216797 -0.69091797 0.040527344
vn -0.7216797 -0.69091797 0.04043579
vn -0.64160156 0.76464844 0.055511475
vn -0.64160156 0.76464844 0.055511475
vn -0.44433594 0.52978516 -0.72216797
vn -0.44433594 0.52978516 -0.72216797
vn 0.27075195 -0.3227539 0.9067383
vn 0.27075195 -0.3227539 0.9067383
vn 0.27075195 -0.3227539 0.9067383
vn 0.27075195 -0.3227539 0.9067383
vn 0.47680664 -0.5678711 0.67089844
vn 0.39453125 -0.4699707 0.7895508
vn 0.39453125 -0.4699707 0.7895508
vn 0.47680664 -0.5678711 0.67089844
vn -0.5751953 0.6855469 -0.44677734
vn -0.5751953 0.6855469 -0.44677734
vn -0.57128906 0.68066406 -0.4584961
vn -0.57128906 0.68066406 -0.4584961
vn 0.77734375 0.62939453 0
vn 0.77734375 0.62939453 0
vn 0.77734375 0.62939453 0
vn 0.77734375 0.62939453 0
vn 0.77734375 0.62939453 0
vn 0.77734375 0.62939453 -0.0020980835
vn 0.77734375 0.62939453 -0.00038146973
vn 0.7739258 0.6328125 -0.0045776367
vn 0.7734375 0.63378906 -0.005340576
vn 0.7709961 0.63671875 -0.008773804
vn 0.7709961 0.63671875 -0.008773804
vn -0.23181152 0.27612305 0.9326172
vn -0.23181152 0.27612305 0.9326172
vn -0.23181152 0.27612305 0.9326172
vn -0.23181152 0.27612305 0.9326172
vn -0.7548828 -0.65625 0
vn -0.7548828 -0.65625 0
vn -0.7548828 -0.65625 0
vn -0.7548828 -0.65625 0
vn -0.7548828 -0.65625 0
vn -0.75439453 -0.65625 -0.0020980835
vn -0.7548828 -0.65625 -0.00038146973
vn -0.7578125 -0.65234375 -0.0045776367
vn -0.75878906 -0.6513672 -0.005340576
vn -0.7607422 -0.6489258 -0.008773804
vn -0.7607422 -0.6489258 -0.008773804
vn -0.38085938 0.45385742 0.80566406
vn -0.23168945 0.27612305 0.9326172
vn -0.23168945 0.27612305 0.9326172
vn -0.38085938 0.45385742 0.80566406
vn -0.6113281 0.7285156 -0.30908203
vn -0.6113281 0.7285156 -0.30908203
vn 0.048553467 -0.057800293 -0.9970703
vn 0.04849243 -0.057800293 -0.9970703
vn 0.3701172 -0.4411621 -0.8173828
vn 0.3701172 -0.4411621 -0.8173828
vn 0.3737793 -0.44555664 -0.81347656
vn 0.3737793 -0.44555664 -0.81347656
vn 0.35473633 -0.42260742 -0.8339844
vn 0.35473633 -0.42260742 -0.8339844
vn 0.43579102 -0.51953125 -0.7348633
vn 0.43579102 -0.51953125 -0.7348633
vn -0.6191406 0.73779297 0.2685547
vn -0.6191406 0.73779297 0.2685547
vn -0.6191406 0.73779297 0.2685547
vn -0.6191406 0.73779297 0.2685547
vn -0.7548828 -0.65625 0
vn -0.7548828 -0.65625 0
vn -0.7548828 -0.65625 0
vn -0.7548828 -0.65625 0
vn -0.7548828 -0.65625 0
vn -0.7548828 -0.65625 0
vn 0.034942627 -0.04168701 -0.99853516
vn 0.26416016 -0.3149414 -0.9116211
vn 0.26416016 -0.3149414 -0.9116211
vn 0.034942627 -0.04168701 -0.99853516
vn -0.4428711 0.52783203 -0.72509766
vn -0.4428711 0.52783203 -0.72509766
vn 0.77734375 0.62939453 0
vn 0.77734375 0.62939453 0
vn 0.77734375 0.62939453 0
vn 0.77734375 0.62939453 0
vn 0.77734375 0.62939453 0
vn 0.77734375 0.62939453 0
vn -0.23144531 0.2758789 0.93310547
vn -0.23144531 0.2758789 0.93310547
vn -0.39160156 0.46679688 0.79296875
vn -0.39160156 0.46679688 0.79296875
vn -0.39160156 0.46679688 0.79296875
vn -0.39160156 0.46679688 0.79296875
vn -0.63720703 0.75927734 0.13330078
vn -0.63720703 0.75927734 0.13330078
vn -0.4428711 0.52783203 -0.72509766
vn -0.4428711 0.52783203 -0.72509766
vn -0 -1 0
vn -0 -1 0
vn -0 -1 0
vn -0 -1 0
vn 1 0 0
vn 1 0 0
vn 1 0 0
vn 1 0 0
vn 1 0 0
vn -0 0 1
vn -0 0 1
vn -0 0 1
vn -0 0 1
vn -1 0 0
vn -1 0 0
vn -1 0 0
vn -1 0 0
vn -1 0 0
vn -0 -0.8676758 -0.4970703
vn -0 -0.50146484 -0.8652344
vn -0 -0.50146484 -0.8652344
vn -0 -0.8676758 -0.4970703
vn -0 -0.50146484 -0.8652344
vn -0 0.70703125 -0.70703125
vn -0 0.70703125 -0.70703125
vn -0 -0.50146484 -0.8652344
vn -0.5 0.86621094 0
vn -0.5 0.86621094 0
vn -1 0 0
vn -1 0 0
vn -0.5 -0.86621094 0
vn -0.5 -0.86621094 0
vn 0.5 0.86621094 0
vn 0.5 0.86621094 0
vn 1 0 0
vn 1 0 0
vn 0.5 -0.86621094 0
vn 0.5 -0.86621094 0
vn -0 0 -1
vn -0 0 -1
vn -0 0 -1
vn -0 0 -1
vn -0 0 -1
vn -0 0 -1
vn -0.5 -0.86621094 0
vn 0.5 -0.86621094 0
vn -0.5 -0.86621094 0
vn 0.5 -0.86621094 0
vn -0 0 1
vn -0 0 1
vn -0 0 1
vn -0 0 1
vn -0 0 1
vn -0 0 1
vn 0.45458984 -0.5415039 -0.70703125
vn -0.16638184 0.19836426 -0.9658203
vn 0.45458984 -0.5415039 -0.70703125
vn -0.16638184 0.19836426 -0.9658203
vn -0.62060547 0.7402344 -0.25878906
vn -0.62060547 0.7402344 -0.25878906
vn -0.45458984 0.5415039 0.70703125
vn -0.62060547 0.7402344 -0.25878906
vn -0.62060547 0.7402344 -0.25878906
vn -0.45458984 0.5415039 0.70703125
vn -0.45458984 0.5415039 0.70703125
vn -0.45458984 0.5415039 0.70703125
vn 0.16638184 -0.19836426 0.9658203
vn 0.16638184 -0.19836426 0.9658203
vn 0.62060547 -0.7402344 0.25878906
vn 0.62060547 -0.7402344 0.25878906
vn 0.45458984 -0.5415039 -0.70703125
vn 0.62060547 -0.7402344 0.25878906
vn 0.45458984 -0.5415039 -0.70703125
vn 0.62060547 -0.7402344 0.25878906
vn 0.7661133 0.6425781 0
vn 0.7661133 0.6425781 0
vn 0.7661133 0.6425781 0
vn 0.7661133 0.6425781 0
vn 0.7661133 0.6425781 0
vn 0.7661133 0.6425781 0
vn -0.7661133 -0.6425781 0
vn -0.7661133 -0.6425781 0
vn -0.7661133 -0.6425781 0
vn -0.7661133 -0.6425781 0
vn -0.7661133 -0.6425781 0
vn -0.7661133 -0.6425781 0
vn -0 1 0
vn -0 0.70703125 -0.70703125
vn -0 0.70703125 -0.70703125
vn -0 1 0
vn -0.43579102 0.51953125 0.7348633
vn -0.43579102 0.51953125 0.7348633
vn -0.43579102 0.51953125 0.7348633
vn -0.43579102 0.51953125 0.7348633
vn 0.5 0.86621094 0
vn -0.5 0.86621094 0
vn 0.5 0.86621094 0
vn -0.5 0.86621094 0
vn -0.8671875 -0.49780273 -1.4901161E-05
vn -0.8671875 -0.49780273 -1.4603138E-05
vn -0.9946289 -0.10223389 -8.940697E-06
vn -0.9946289 -0.10223389 -9.655952E-06
vn -0.86083984 0.50878906 -0.0019378662
vn -0.8720703 0.4892578 -1.5497208E-06
vn -0.76171875 0.6479492 -0.002494812
vn -0.7597656 0.64990234 -0.0024909973
vn -0.76171875 0.6479492 -0.0027427673
vn -0.75683594 0.65283203 -0.028442383
vn -0.7573242 0.6533203 0
vn -0 0 1
vn -0 0 1
vn -0 0 1
vn -0 0 1
vn 0.8769531 0.4807129 0
vn 0.8769531 0.4807129 0
vn 0.8769531 0.4807129 0
vn 0.8769531 0.4807129 0
vn 0.76464844 -0.64453125 -0.0007390976
vn 0.76464844 -0.64453125 0.00092983246
vn 0.76464844 -0.64453125 0
vn 0.76464844 -0.64453125 -0.001200676
vn 0.76464844 -0.64453125 -0.0014152527
vn 0.7651367 -0.64404297 0.0002696514
vn 0.7651367 -0.64404297 0.0005841255
vn -0 0 -1
vn -0 0 -1
vn -0 0 -1
vn 0.35253906 0.4338379 -0.82910156
vn 0.35620117 0.4387207 -0.8251953
vn 0.07208252 -0.9975586 -2.3841858E-05
vn -0.33984375 -0.9404297 -2.9146671E-05
vn -0.33984375 -0.9404297 -2.9802322E-05
vn 0.07208252 -0.9975586 -2.4020672E-05
vn 0.6508789 -0.75927734 -0.0019464493
vn 0.6333008 -0.7739258 -7.5101852E-06
vn 0.7705078 -0.63720703 -0.0024909973
vn 0.6333008 -0.7739258 -7.5101852E-06
vn 0.6508789 -0.75927734 -0.0019464493
vn 0.77197266 -0.6357422 -0.0024909973
vn 0.7705078 -0.63720703 -0.002729416
vn 0.77441406 -0.6323242 -0.028442383
vn 0.77441406 -0.6323242 0
vn 0.36621094 0.42236328 -0.82910156
vn 0.609375 0.7026367 -0.36743164
vn 0.609375 0.7026367 -0.36743164
vn 0.3701172 0.4267578 -0.8251953
vn 0.32104492 0.9472656 0
vn 0.32104492 0.9472656 0
vn 0.32104492 0.9472656 0
vn 0.32104492 0.9472656 0
vn -0.7675781 0.6411133 -0.0007390976
vn -0.7675781 0.640625 0
vn -0.7675781 0.640625 0.0009417534
vn -0.7675781 0.6411133 -0.0012044907
vn -0.7675781 0.6411133 -0.0014181137
vn -0.76708984 0.64160156 0.00026893616
vn -0.76708984 0.64160156 0.0005841255
vn 0.5864258 0.72216797 -0.3671875
vn 0.5864258 0.72216797 -0.3671875
vn 0.35620117 0.4387207 -0.8251953
vn 0.35253906 0.4338379 -0.82910156
vn -0.34399414 -0.08581543 0.9350586
vn -0.33789062 -0.021362305 0.94091797
vn -0.27148438 -0.15600586 0.94970703
vn -0.32055664 -0.01373291 0.9472656
vn -0.24987793 -0.049591064 0.9667969
vn -0.24987793 -0.049591064 0.9667969
vn -0.024795532 -0.35351562 0.9350586
vn -0.10644531 -0.2944336 0.94970703
vn 0.037384033 -0.33642578 0.94091797
vn 0.04196167 -0.31811523 0.9472656
vn -0.005340576 -0.2548828 0.9667969
vn -0.005340576 -0.2548828 0.9667969
vn -0 0 1
vn -0 0 1
vn -0 0 1
vn -0 0 1
vn -0 0 -1
vn -0 0 -1
vn -0 0 -1
vn 0.36621094 0.42236328 -0.82910156
vn 0.3701172 0.4267578 -0.8251953
vn 0.3215332 0.38305664 -0.86621094
vn 0.3215332 0.38305664 -0.86621094
vn -0.3215332 -0.38305664 -0.86621094
vn -0.3215332 -0.38305664 -0.86621094
vn 0.3215332 0.38305664 -0.86621094
vn 0.6425781 0.7661133 0
vn 0.3215332 0.38305664 -0.86621094
vn 0.6425781 0.7661133 0
vn 0.3215332 0.38305664 0.86621094
vn 0.3215332 0.38305664 0.86621094
vn 0.3215332 0.38305664 0.86621094
vn -0.3215332 -0.38305664 0.86621094
vn -0.3215332 -0.38305664 0.86621094
vn -0.3215332 -0.38305664 0.86621094
vn -0.3215332 -0.38305664 0.86621094
vn -0.6425781 -0.7661133 0
vn -0.6425781 -0.7661133 0
vn -0.3215332 -0.38305664 -0.86621094
vn -0.3215332 -0.38305664 -0.86621094
vn -0.7661133 0.6425781 0
vn -0.7661133 0.6425781 0
vn -0.7661133 0.6425781 0
vn -0.7661133 0.6425781 0
vn -0.7661133 0.6425781 0
vn -0.7661133 0.6425781 0
vn 0.7661133 -0.6425781 0
vn 0.7661133 -0.6425781 1.1920929E-05
vn 0.7661133 -0.6425781 1.1920929E-05
vn 0.7661133 -0.6425781 0
vn 0.7661133 -0.6425781 0
vn 0.7661133 -0.6425781 0
vn -0.47680664 -0.5678711 0.67089844
vn -0.47680664 -0.5678711 0.67089844
vn -0.53759766 -0.640625 0.54833984
vn -0.53759766 -0.640625 0.54833984
vn 0.6171875 0.73535156 -0.28027344
vn 0.6171875 0.73535156 -0.28027344
vn 0.6171875 0.73535156 -0.28027344
vn 0.6171875 0.73535156 -0.28027344
vn 0.36010742 0.42919922 -0.828125
vn 0.36010742 0.42919922 -0.828125
vn 0.2475586 0.29516602 -0.92285156
vn 0.2475586 0.29516602 -0.92285156
vn 0.2619629 0.3125 -0.91308594
vn 0.2619629 0.3125 -0.91308594
vn 0.57128906 0.68066406 -0.4584961
vn 0.57128906 0.68066406 -0.4584961
vn 0.47070312 -0.77783203 0.41625977
vn 0.56640625 -0.7792969 0.2680664
vn 0.4650879 -0.77685547 0.42504883
vn 0.5854492 -0.7734375 0.24182129
vn 0.49829102 -0.79833984 0.33789062
vn 0.4814453 -0.8017578 0.3544922
vn -0.86376953 0.44213867 0.24182129
vn -0.8730469 0.33496094 0.3544922
vn -0.8725586 0.35229492 0.33789062
vn -0.84814453 0.32885742 0.41577148
vn -0.86572266 0.42236328 0.26782227
vn -0.84521484 0.3232422 0.42529297
vn -0.80566406 0.5908203 0.040527344
vn -0.80566406 0.5908203 0.04043579
vn 0.38549805 0.45947266 -0.80029297
vn 0.5751953 0.6855469 -0.44677734
vn 0.5751953 0.6855469 -0.44677734
vn 0.38549805 0.45922852 -0.80029297
vn 0.7607422 -0.6484375 -0.020355225
vn 0.75927734 -0.6503906 -0.026229858
vn 0.7602539 -0.64941406 -0.013015747
vn 0.7558594 -0.6542969 -0.010223389
vn 0.75097656 -0.66015625 -0.012924194
vn 0.75439453 -0.6567383 -0.009346008
vn 0.7661133 -0.6425781 0
vn 0.359375 0.4284668 0.82910156
vn 0.359375 0.4284668 0.82910156
vn 0.359375 0.4284668 0.82910156
vn 0.359375 0.4284668 0.82910156
vn 0.036224365 0.04309082 -0.99853516
vn -0.5571289 -0.6640625 -0.49829102
vn -0.5571289 -0.6640625 -0.49829102
vn 0.036224365 0.04309082 -0.99853516
vn 0.33691406 0.4013672 -0.8515625
vn 0.33691406 0.4013672 -0.8515625
vn -0.33691406 -0.40161133 0.8515625
vn -0.33691406 -0.40161133 0.8515625
vn -0.1159668 -0.13806152 0.98339844
vn -0.1159668 -0.13806152 0.98339844
vn 0.1262207 0.15063477 0.98046875
vn 0.1262207 0.15063477 0.98046875
vn -0.7709961 0.63671875 -0.020355225
vn -0.7714844 0.6357422 -0.013015747
vn -0.77246094 0.6347656 -0.0262146
vn -0.7758789 0.6308594 -0.010215759
vn -0.7807617 0.6245117 -0.012916565
vn -0.77734375 0.62890625 -0.009346008
vn -0.7661133 0.6425781 0
vn -0.640625 -0.7636719 0.08135986
vn -0.640625 -0.7636719 0.08135986
vn -0.5571289 -0.6640625 -0.49829102
vn -0.5571289 -0.6640625 -0.49829102
vn 0.14074707 0.16784668 -0.97558594
vn 0.44433594 0.52978516 -0.72216797
vn 0.44433594 0.52978516 -0.72216797
vn 0.14074707 0.16784668 -0.97558594
vn -0.07208252 -0.08581543 -0.99365234
vn -0.07208252 -0.08581543 -0.99365234
vn 0.7475586 -0.66259766 -0.04559326
vn 0.7475586 -0.66259766 -0.04559326
vn 0.7529297 -0.65722656 -0.037200928
vn 0.75390625 -0.65625 -0.03567505
vn 0.75927734 -0.64990234 -0.026138306
vn 0.75927734 -0.64990234 -0.026138306
vn 0.64160156 0.76464844 0.055511475
vn 0.49829102 0.59375 0.63183594
vn 0.49829102 0.59375 0.63183594
vn 0.64160156 0.76464844 0.055511475
vn -0.78222656 0.62158203 -0.04559326
vn -0.78222656 0.62158203 -0.04559326
vn -0.77783203 0.6269531 -0.037200928
vn -0.77734375 0.62841797 -0.03567505
vn -0.77197266 0.6347656 -0.026138306
vn -0.77197266 0.6347656 -0.026138306
vn 0.72216797 -0.69091797 0.040527344
vn 0.56640625 -0.7792969 0.2680664
vn 0.5854492 -0.7734375 0.24182129
vn 0.7216797 -0.69091797 0.04043579
vn 0.44433594 0.52978516 -0.72216797
vn 0.64160156 0.76464844 0.055511475
vn 0.64160156 0.76464844 0.055511475
vn 0.44433594 0.52978516 -0.72216797
vn -0.27075195 -0.3227539 0.9067383
vn -0.27075195 -0.3227539 0.9067383
vn -0.27075195 -0.3227539 0.9067383
vn -0.27075195 -0.3227539 0.9067383
vn -0.39453125 -0.4699707 0.7895508
vn -0.39453125 -0.4699707 0.7895508
vn -0.47680664 -0.5678711 0.67089844
vn -0.47680664 -0.5678711 0.67089844
vn 0.5751953 0.6855469 -0.44677734
vn 0.57128906 0.68066406 -0.4584961
vn 0.57128906 0.68066406 -0.4584961
vn 0.5751953 0.6855469 -0.44677734
vn -0.77734375 0.62939453 0
vn -0.77734375 0.62939453 0
vn -0.77734375 0.62939453 0
vn -0.77734375 0.62939453 0
vn -0.77734375 0.62939453 0
vn -0.77734375 0.62939453 -0.0020980835
vn -0.77734375 0.62939453 -0.00038146973
vn -0.7739258 0.6328125 -0.0045776367
vn -0.7734375 0.63378906 -0.005340576
vn -0.7709961 0.63671875 -0.008773804
vn -0.7709961 0.63671875 -0.008773804
vn 0.23181152 0.27612305 0.9326172
vn 0.23181152 0.27612305 0.9326172
vn 0.23181152 0.27612305 0.9326172
vn 0.23181152 0.27612305 0.9326172
vn 0.7548828 -0.65625 0
vn 0.7548828 -0.65625 0
vn 0.7548828 -0.65625 0
vn 0.7548828 -0.65625 0
vn 0.7548828 -0.65625 0
vn 0.75439453 -0.65625 -0.0020980835
vn 0.7548828 -0.65625 -0.00038146973
vn 0.7578125 -0.65234375 -0.0045776367
vn 0.75878906 -0.6513672 -0.005340576
vn 0.7607422 -0.6489258 -0.008773804
vn 0.7607422 -0.6489258 -0.008773804
vn 0.23168945 0.27612305 0.9326172
vn 0.23168945 0.27612305 0.9326172
vn 0.38085938 0.45385742 0.80566406
vn 0.38085938 0.45385742 0.80566406
vn 0.6113281 0.7285156 -0.30908203
vn 0.6113281 0.7285156 -0.30908203
vn -0.048553467 -0.057800293 -0.9970703
vn -0.04849243 -0.057800293 -0.9970703
vn -0.3701172 -0.4411621 -0.8173828
vn -0.3701172 -0.4411621 -0.8173828
vn -0.3737793 -0.44555664 -0.81347656
vn -0.3737793 -0.44555664 -0.81347656
vn -0.35473633 -0.42260742 -0.8339844
vn -0.35473633 -0.42260742 -0.8339844
vn -0.43579102 -0.51953125 -0.7348633
vn -0.43579102 -0.51953125 -0.7348633
vn 0.6191406 0.73779297 0.2685547
vn 0.6191406 0.73779297 0.2685547
vn 0.6191406 0.73779297 0.2685547
vn 0.6191406 0.73779297 0.2685547
vn 0.7548828 -0.65625 0
vn 0.7548828 -0.65625 0
vn 0.7548828 -0.65625 0
vn 0.7548828 -0.65625 0
vn 0.7548828 -0.65625 0
vn 0.7548828 -0.65625 0
vn -0.26416016 -0.3149414 -0.9116211
vn -0.26416016 -0.3149414 -0.9116211
vn -0.034942627 -0.04168701 -0.99853516
vn -0.034942627 -0.04168701 -0.99853516
vn 0.4428711 0.52783203 -0.72509766
vn 0.4428711 0.52783203 -0.72509766
vn -0.77734375 0.62939453 0
vn -0.77734375 0.62939453 0
vn -0.77734375 0.62939453 0
vn -0.77734375 0.62939453 0
vn -0.77734375 0.62939453 0
vn -0.77734375 0.62939453 0
vn 0.23144531 0.2758789 0.93310547
vn 0.39160156 0.46679688 0.79296875
vn 0.39160156 0.46679688 0.79296875
vn 0.23144531 0.2758789 0.93310547
vn 0.63720703 0.75927734 0.13330078
vn 0.39160156 0.46679688 0.79296875
vn 0.39160156 0.46679688 0.79296875
vn 0.63720703 0.75927734 0.13330078
vn 0.4428711 0.52783203 -0.72509766
vn 0.4428711 0.52783203 -0.72509766
vn -0 -1 0
vn -0 -1 0
vn -0 -1 0
vn -0 -1 0
vn -1 0 0
vn -1 0 0
vn -1 0 0
vn -1 0 0
vn -1 0 0
vn -0 0 1
vn -0 0 1
vn -0 0 1
vn -0 0 1
vn 1 0 0
vn 1 0 0
vn 1 0 0
vn 1 0 0
vn 1 0 0
vn -0 -0.8676758 -0.4970703
vn -0 -0.8676758 -0.4970703
vn -0 -0.50146484 -0.8652344
vn -0 -0.50146484 -0.8652344
vn -0 -0.50146484 -0.8652344
vn -0 -0.50146484 -0.8652344
vn -0 0.70703125 -0.70703125
vn -0 0.70703125 -0.70703125
vn 0.5 0.86621094 0
vn 1 0 0
vn 0.5 0.86621094 0
vn 1 0 0
vn 0.5 -0.86621094 0
vn 0.5 -0.86621094 0
vn -0.5 0.86621094 0
vn -1 0 0
vn -0.5 0.86621094 0
vn -1 0 0
vn -0.5 -0.86621094 0
vn -0.5 -0.86621094 0
vn -0 0 -1
vn -0 0 -1
vn -0 0 -1
vn -0 0 -1
vn -0 0 -1
vn -0 0 -1
vn 0.5 -0.86621094 0
vn -0.5 -0.86621094 0
vn 0.5 -0.86621094 0
vn -0.5 -0.86621094 0
vn -0 0 1
vn -0 0 1
vn -0 0 1
vn -0 0 1
vn -0 0 1
vn -0 0 1
vn 0.16638184 0.19836426 -0.9658203
vn -0.45458984 -0.5415039 -0.70703125
vn -0.45458984 -0.5415039 -0.70703125
vn 0.16638184 0.19836426 -0.9658203
vn 0.62060547 0.7402344 -0.25878906
vn 0.62060547 0.7402344 -0.25878906
vn 0.45458984 0.5415039 0.70703125
vn 0.45458984 0.5415039 0.70703125
vn 0.62060547 0.7402344 -0.25878906
vn 0.62060547 0.7402344 -0.25878906
vn 0.45458984 0.5415039 0.70703125
vn -0.16638184 -0.19836426 0.9658203
vn 0.45458984 0.5415039 0.70703125
vn -0.16638184 -0.19836426 0.9658203
vn -0.62060547 -0.7402344 0.25878906
vn -0.62060547 -0.7402344 0.25878906
vn -0.62060547 -0.7402344 0.25878906
vn -0.45458984 -0.5415039 -0.70703125
vn -0.62060547 -0.7402344 0.25878906
vn -0.45458984 -0.5415039 -0.70703125
vn -0.7661133 0.6425781 0
vn -0.7661133 0.6425781 0
vn -0.7661133 0.6425781 0
vn -0.7661133 0.6425781 0
vn -0.7661133 0.6425781 0
vn -0.7661133 0.6425781 0
vn 0.7661133 -0.6425781 0
vn 0.7661133 -0.6425781 0
vn 0.7661133 -0.6425781 0
vn 0.7661133 -0.6425781 0
vn 0.7661133 -0.6425781 0
vn 0.7661133 -0.6425781 0
vn -0 1 0
vn -0 1 0
vn -0 0.70703125 -0.70703125
vn -0 0.70703125 -0.70703125
vn 0.43579102 0.51953125 0.7348633
vn 0.43579102 0.51953125 0.7348633
vn 0.43579102 0.51953125 0.7348633
vn 0.43579102 0.51953125 0.7348633
vn -0.5 0.86621094 0
vn 0.5 0.86621094 0
vn -0.5 0.86621094 0
vn 0.5 0.86621094 0
vn 0.90527344 0.4243164 -8.940697E-06
vn 0.6538086 0.75683594 -8.940697E-06
vn 0.6538086 0.75683594 -7.5101852E-06
vn 0.90527344 0.4243164 -8.165836E-06
vn 0.07702637 0.9970703 -0.0019397736
vn 0.6538086 0.75683594 -7.5101852E-06
vn 0.6538086 0.75683594 -8.940697E-06
vn 0.09918213 0.9951172 -2.8014183E-06
vn -0.09387207 0.99560547 -0.0024929047
vn -0.09692383 0.9951172 -0.0024909973
vn -0.093811035 0.99560547 -0.002729416
vn -0.10070801 0.9946289 -0.028442383
vn -0.10070801 0.9951172 0
vn -0 0 1
vn -0 0 1
vn -0 0 1
vn -0 0 1
vn -0.8964844 -0.4428711 0
vn -0.8964844 -0.4428711 0
vn -0.8964844 -0.4428711 0
vn -0.8964844 -0.4428711 0
vn 0.0892334 -0.99609375 -0.0007390976
vn 0.090026855 -0.99609375 0
vn 0.090026855 -0.99609375 0.00092983246
vn 0.0892334 -0.99609375 -0.001203537
vn 0.0892334 -0.99609375 -0.00141716
vn 0.08850098 -0.99609375 0.00026917458
vn 0.08850098 -0.99609375 0.0005841255
vn -0 0 -1
vn -0 0 -1
vn -0 0 -1
vn -0.5576172 -0.039733887 -0.82910156
vn -0.56396484 -0.040161133 -0.82470703
vn 0.7758789 -0.6308594 -7.033348E-06
vn 0.7758789 -0.6308594 -5.9604645E-06
vn 0.96533203 -0.26123047 -8.940697E-06
vn 0.96533203 -0.26123047 -7.748604E-06
vn 0.7758789 -0.6308594 -5.9604645E-06
vn 0.7758789 -0.6308594 -7.033348E-06
vn 0.2487793 -0.96875 -0.0019397736
vn 0.27075195 -0.96240234 -2.5629997E-06
vn 0.08013916 -0.99658203 -0.0024909973
vn 0.077819824 -0.9970703 -0.0024909973
vn 0.08013916 -0.99658203 -0.002729416
vn 0.07397461 -0.9970703 -0.028442383
vn 0.074035645 -0.9970703 0
vn -0.92529297 -0.09588623 -0.36694336
vn -0.92529297 -0.09588623 -0.36694336
vn -0.55615234 -0.057647705 -0.82910156
vn -0.5625 -0.058258057 -0.82470703
vn -0.95996094 0.28027344 0
vn -0.95996094 0.28027344 0
vn -0.95996094 0.28027344 0
vn -0.95996094 0.28027344 0
vn -0.0847168 0.99658203 -0.0007390976
vn -0.0847168 0.99658203 0.0009417534
vn -0.0847168 0.99658203 0
vn -0.0847168 0.99658203 -0.0012044907
vn -0.0847168 0.99658203 -0.0014181137
vn -0.08544922 0.99658203 0.00026893616
vn -0.08544922 0.99658203 0.0005841255
vn -0.9277344 -0.06616211 -0.36743164
vn -0.56396484 -0.040161133 -0.82470703
vn -0.9277344 -0.06616211 -0.36743164
vn -0.5576172 -0.039733887 -0.82910156
vn 0.26782227 0.23266602 0.9350586
vn 0.28393555 0.13293457 0.94970703
vn 0.21130371 0.2644043 0.94091797
vn 0.1953125 0.25463867 0.9472656
vn 0.18383789 0.1763916 0.9667969
vn 0.18383789 0.1763916 0.9667969
vn 0.30371094 -0.18261719 0.9350586
vn 0.2541504 -0.22375488 0.94091797
vn 0.3022461 -0.081726074 0.94970703
vn 0.23657227 -0.21691895 0.9472656
vn 0.2121582 -0.14172363 0.9667969
vn 0.2121582 -0.14172363 0.9667969
vn -0 0 1
vn -0 0 1
vn -0 0 1
vn -0 0 1
vn -0 0 -1
vn -0 0 -1
vn -0 0 -1
vn -0.55615234 -0.057647705 -0.82910156
vn -0.5625 -0.058258057 -0.82470703
vn -0.49829102 -0.0435791 -0.86621094
vn 0.49829102 0.0435791 -0.86621094
vn 0.49829102 0.0435791 -0.86621094
vn -0.49829102 -0.0435791 -0.86621094
vn -0.49829102 -0.0435791 -0.86621094
vn -0.49829102 -0.0435791 -0.86621094
vn -0.99609375 -0.0871582 0
vn -0.99609375 -0.0871582 0
vn -0.49829102 -0.0435791 0.86572266
vn -0.49829102 -0.0435791 0.86572266
vn -0.49829102 -0.0435791 0.86572266
vn 0.49829102 0.0435791 0.86572266
vn 0.49829102 0.0435791 0.86572266
vn -0.49829102 -0.0435791 0.86572266
vn 0.99609375 0.0871582 0
vn 0.49829102 0.0435791 0.86572266
vn 0.49829102 0.0435791 0.86572266
vn 0.99609375 0.0871582 0
vn 0.49829102 0.0435791 -0.86621094
vn 0.49829102 0.0435791 -0.86621094
vn -0.0869751 0.99609375 0
vn -0.0869751 0.99609375 0
vn -0.0869751 0.99609375 0
vn -0.0869751 0.99609375 0
vn -0.0869751 0.99609375 0
vn -0.0869751 0.99609375 0
vn 0.0869751 -0.99609375 0
vn 0.0869751 -0.99609375 0
vn 0.0869751 -0.99609375 0
vn 0.0869751 -0.99609375 0
vn 0.0869751 -0.99609375 1.1920929E-05
vn 0.0869751 -0.99609375 1.1920929E-05
vn 0.8330078 0.07293701 0.54833984
vn 0.73876953 0.06463623 0.67089844
vn 0.8330078 0.07293701 0.54833984
vn 0.73876953 0.06463623 0.67089844
vn -0.9560547 -0.0836792 -0.28027344
vn -0.9560547 -0.0836792 -0.28027344
vn -0.9560547 -0.0836792 -0.28027344
vn -0.9560547 -0.0836792 -0.28027344
vn -0.38378906 -0.033569336 -0.92285156
vn -0.55859375 -0.048828125 -0.828125
vn -0.55859375 -0.048828125 -0.828125
vn -0.38378906 -0.033569336 -0.92285156
vn -0.40576172 -0.03552246 -0.91308594
vn -0.40576172 -0.03552246 -0.91308594
vn -0.8852539 -0.07745361 -0.4584961
vn -0.8852539 -0.07739258 -0.4584961
vn 0.36694336 -0.83203125 0.41601562
vn 0.36914062 -0.8261719 0.42529297
vn 0.31347656 -0.9111328 0.26782227
vn 0.29785156 -0.92333984 0.24182129
vn 0.36816406 -0.86621094 0.33789062
vn 0.38061523 -0.8540039 0.3544922
vn 0.15185547 -0.98779297 0.040527344
vn 0.15185547 -0.98779297 0.04043579
vn 0.13317871 0.9609375 0.24182129
vn 0.21203613 0.9169922 0.33789062
vn 0.2265625 0.90722656 0.3544922
vn 0.21740723 0.8828125 0.41601562
vn 0.15112305 0.95166016 0.26782227
vn 0.22045898 0.8779297 0.42504883
vn -0.022125244 0.99902344 0.040527344
vn -0.022125244 0.99902344 0.04043579
vn -0.8911133 -0.07800293 -0.44702148
vn -0.8911133 -0.077941895 -0.44702148
vn -0.59765625 -0.05227661 -0.80029297
vn -0.59765625 -0.05227661 -0.80029297
vn 0.0949707 -0.9951172 -0.020355225
vn 0.09576416 -0.9951172 -0.013015747
vn 0.09765625 -0.9951172 -0.026229858
vn 0.10223389 -0.9946289 -0.010215759
vn 0.11065674 -0.99365234 -0.012924194
vn 0.105285645 -0.9946289 -0.009346008
vn 0.0869751 -0.99609375 0
vn -0.5571289 -0.048736572 0.82910156
vn -0.5571289 -0.048736572 0.82910156
vn -0.5571289 -0.048736572 0.82910156
vn -0.5571289 -0.048736572 0.82910156
vn 0.86376953 0.07556152 -0.49829102
vn 0.86376953 0.07556152 -0.49829102
vn -0.05569458 -0.0049095154 -0.99853516
vn -0.05569458 -0.0049095154 -0.99853516
vn -0.52197266 -0.04562378 -0.8520508
vn -0.52197266 -0.04562378 -0.8520508
vn 0.17932129 0.015731812 0.9838867
vn 0.52246094 0.045684814 0.8515625
vn 0.52246094 0.045684814 0.8515625
vn 0.17932129 0.015731812 0.9838867
vn -0.19604492 -0.017120361 0.98046875
vn -0.19604492 -0.017120361 0.98046875
vn -0.0793457 0.99658203 -0.020355225
vn -0.07702637 0.99658203 -0.026229858
vn -0.078552246 0.99658203 -0.013015747
vn -0.07171631 0.9975586 -0.010215759
vn -0.064086914 0.9980469 -0.012924194
vn -0.06939697 0.9975586 -0.009346008
vn -0.0869751 0.99609375 0
vn 0.9926758 0.08703613 0.0814209
vn 0.86376953 0.07556152 -0.49829102
vn 0.86376953 0.07556152 -0.49829102
vn 0.9926758 0.08703613 0.0814209
vn -0.21813965 -0.019073486 -0.97558594
vn -0.68896484 -0.060272217 -0.72216797
vn -0.68896484 -0.060272217 -0.72216797
vn -0.21813965 -0.019073486 -0.97558594
vn 0.11175537 0.009773254 -0.99365234
vn 0.11175537 0.009773254 -0.99365234
vn 0.10644531 -0.99365234 -0.037200928
vn 0.113708496 -0.9926758 -0.04559326
vn 0.113708496 -0.9926758 -0.04559326
vn 0.105285645 -0.99365234 -0.03567505
vn 0.09686279 -0.9951172 -0.026123047
vn 0.09686279 -0.9951172 -0.026123047
vn -0.77197266 -0.06750488 0.63183594
vn -0.9946289 -0.08703613 0.055511475
vn -0.77197266 -0.06750488 0.63183594
vn -0.9946289 -0.08709717 0.055511475
vn -0.68896484 -0.060272217 -0.72216797
vn -0.68896484 -0.060272217 -0.72216797
vn -0.06750488 0.9970703 -0.037200928
vn -0.060272217 0.9970703 -0.04559326
vn -0.060272217 0.9970703 -0.04559326
vn -0.06866455 0.9970703 -0.03567505
vn -0.07702637 0.99658203 -0.026123047
vn -0.07702637 0.99658203 -0.026123047
vn 0.41967773 0.036712646 0.9067383
vn 0.41967773 0.036712646 0.9067383
vn 0.41967773 0.036712646 0.9067383
vn 0.41967773 0.036743164 0.9067383
vn 0.73876953 0.06463623 0.67089844
vn 0.6113281 0.053466797 0.7895508
vn 0.6113281 0.053466797 0.7895508
vn 0.73876953 0.06463623 0.67089844
vn -0.8911133 -0.077941895 -0.44702148
vn -0.8911133 -0.07800293 -0.44702148
vn -0.8852539 -0.07739258 -0.4584961
vn -0.8852539 -0.07745361 -0.4584961
vn -0.06982422 0.9975586 0
vn -0.06970215 0.9975586 0
vn -0.06982422 0.9975586 0
vn -0.06982422 0.9975586 0
vn -0.06982422 0.9975586 0
vn -0.06939697 0.9975586 -0.0020980835
vn -0.06982422 0.9975586 -0.00038146973
vn -0.074401855 0.9970703 -0.0045776367
vn -0.07556152 0.9970703 -0.005340576
vn -0.07897949 0.9970703 -0.008773804
vn -0.07897949 0.9970703 -0.008773804
vn 0.5498047 0.048095703 -0.8339844
vn 0.57958984 0.050689697 -0.81347656
vn 0.57958984 0.050689697 -0.81347656
vn 0.5498047 0.04812622 -0.8339844
vn 0.67578125 0.059143066 -0.7348633
vn 0.67578125 0.05911255 -0.7348633
vn 0.57958984 0.050689697 -0.81347656
vn 0.57958984 0.050689697 -0.81347656
vn 0.57373047 0.050201416 -0.8173828
vn 0.57373047 0.050201416 -0.8173828
vn 0.07513428 0.006576538 -0.9970703
vn 0.57373047 0.050201416 -0.8173828
vn 0.57373047 0.050201416 -0.8173828
vn 0.07513428 0.006580353 -0.9970703
vn -0.9472656 -0.08288574 -0.30908203
vn -0.9472656 -0.08288574 -0.30908203
vn -0.35913086 -0.031433105 0.9326172
vn -0.35888672 -0.031433105 0.9326172
vn -0.35888672 -0.031433105 0.9326172
vn -0.35913086 -0.031433105 0.9326172
vn 0.10449219 -0.9946289 0
vn 0.10449219 -0.9946289 0
vn 0.10455322 -0.9946289 0
vn 0.10455322 -0.9946289 0
vn 0.10449219 -0.9946289 0
vn 0.10455322 -0.9946289 -0.0020980835
vn 0.10455322 -0.9946289 -0.00038146973
vn 0.09991455 -0.9951172 -0.0045776367
vn 0.09881592 -0.9951172 -0.005340576
vn 0.0949707 -0.99560547 -0.008773804
vn 0.0949707 -0.99560547 -0.008773804
vn -0.59033203 -0.051635742 0.80566406
vn -0.9472656 -0.08288574 -0.30908203
vn -0.59033203 -0.051635742 0.80566406
vn -0.9472656 -0.08288574 -0.30908203
vn -0.59033203 -0.051635742 0.80566406
vn -0.35913086 -0.031433105 0.9326172
vn -0.35913086 -0.031402588 0.9326172
vn -0.59033203 -0.051635742 0.80566406
vn -0.95947266 -0.08392334 0.2685547
vn -0.95947266 -0.083984375 0.2685547
vn -0.95947266 -0.08392334 0.2685547
vn -0.95947266 -0.08392334 0.2685547
vn 0.10449219 -0.9946289 0
vn 0.10449219 -0.9946289 0
vn 0.10449219 -0.9946289 0
vn 0.10455322 -0.9946289 0
vn 0.10449219 -0.9946289 0
vn 0.10449219 -0.9946289 0
vn 0.0541687 0.0047416687 -0.99853516
vn 0.40942383 0.035827637 -0.9116211
vn 0.40942383 0.035827637 -0.9116211
vn 0.0541687 0.0047454834 -0.99853516
vn -0.68603516 -0.060028076 -0.72509766
vn -0.68603516 -0.060028076 -0.72509766
vn -0.06970215 0.9975586 0
vn -0.06982422 0.9975586 0
vn -0.06982422 0.9975586 0
vn -0.06970215 0.9975586 0
vn -0.06970215 0.9975586 0
vn -0.06970215 0.9975586 0
vn -0.6069336 -0.053131104 0.79296875
vn -0.35888672 -0.03137207 0.93310547
vn -0.35888672 -0.031402588 0.93310547
vn -0.6069336 -0.053100586 0.79296875
vn -0.6069336 -0.053131104 0.79296875
vn -0.6069336 -0.053100586 0.79296875
vn -0.9873047 -0.086364746 0.13330078
vn -0.9873047 -0.086364746 0.13330078
vn -0.68603516 -0.060028076 -0.72509766
vn -0.68603516 -0.060028076 -0.72509766
vn 0.99609375 0.0871582 0
vn 0.99609375 0.0871582 0
vn 0.99609375 0.0871582 0
vn 0.99609375 0.0871582 0
vn -0.0871582 0.99609375 0
vn -0.0871582 0.99609375 0
vn -0.0871582 0.99609375 0
vn -0.0871582 0.99609375 0
vn -0.0871582 0.99609375 0
vn -0 0 1
vn -0 0 1
vn -0 0 1
vn -0 0 1
vn 0.0871582 -0.99609375 0
vn 0.0871582 -0.99609375 0
vn 0.0871582 -0.99609375 0
vn 0.0871582 -0.99609375 0
vn 0.0871582 -0.99609375 0
vn 0.8642578 0.07562256 -0.4970703
vn 0.8642578 0.07562256 -0.4970703
vn 0.49951172 0.043701172 -0.8652344
vn 0.49951172 0.043701172 -0.8652344
vn -0.70458984 -0.061645508 -0.70703125
vn 0.49951172 0.043701172 -0.8652344
vn 0.49951172 0.043701172 -0.8652344
vn -0.70458984 -0.061645508 -0.70703125
vn -0.81933594 -0.57373047 0
vn 0.0871582 -0.99609375 0
vn -0.81933594 -0.57373047 0
vn 0.0871582 -0.99609375 0
vn 0.90625 -0.42260742 0
vn 0.90625 -0.42260742 0
vn -0.90625 0.42260742 0
vn -0.90625 0.42260742 0
vn -0.0871582 0.99609375 0
vn -0.0871582 0.99609375 0
vn 0.81933594 0.57373047 0
vn 0.81933594 0.57373047 0
vn -0 0 -1
vn -0 0 -1
vn -0 0 -1
vn -0 0 -1
vn -0 0 -1
vn -0 0 -1
vn 0.90625 -0.42260742 0
vn 0.81933594 0.57373047 0
vn 0.90625 -0.42260742 0
vn 0.81933594 0.57373047 0
vn -0 0 1
vn -0 0 1
vn -0 0 1
vn -0 0 1
vn -0 0 1
vn -0 0 1
vn 0.70458984 0.06161499 -0.70703125
vn 0.70458984 0.06161499 -0.70703125
vn -0.2578125 -0.02255249 -0.9658203
vn -0.2578125 -0.02255249 -0.9658203
vn -0.96240234 -0.084228516 -0.25878906
vn -0.96240234 -0.084228516 -0.25878906
vn -0.70458984 -0.06161499 0.70703125
vn -0.96240234 -0.084228516 -0.25878906
vn -0.96240234 -0.084228516 -0.25878906
vn -0.70458984 -0.06161499 0.70703125
vn -0.70458984 -0.06161499 0.70703125
vn 0.2578125 0.02255249 0.9658203
vn -0.70458984 -0.06161499 0.70703125
vn 0.2578125 0.02255249 0.9658203
vn 0.96240234 0.08428955 0.25878906
vn 0.96240234 0.084228516 0.25878906
vn 0.70458984 0.06161499 -0.70703125
vn 0.96240234 0.08428955 0.25878906
vn 0.70458984 0.06161499 -0.70703125
vn 0.96240234 0.084228516 0.25878906
vn -0.0869751 0.99609375 0
vn -0.0869751 0.99609375 0
vn -0.0869751 0.99609375 0
vn -0.0869751 0.99609375 0
vn -0.0869751 0.99609375 0
vn -0.0869751 0.99609375 0
vn 0.0869751 -0.99609375 0
vn 0.0869751 -0.99609375 0
vn 0.0869751 -0.99609375 0
vn 0.0869751 -0.99609375 0
vn 0.0869751 -0.99609375 0
vn 0.0869751 -0.99609375 0
vn -0.99609375 -0.0871582 0
vn -0.70458984 -0.061645508 -0.70703125
vn -0.99609375 -0.0871582 0
vn -0.70458984 -0.061645508 -0.70703125
vn -0.67578125 -0.05908203 0.7348633
vn -0.67578125 -0.05911255 0.7348633
vn -0.67578125 -0.05908203 0.7348633
vn -0.67578125 -0.05911255 0.7348633
vn -0.90625 0.42260742 0
vn -0.81933594 -0.57373047 0
vn -0.90625 0.42260742 0
vn -0.81933594 -0.57373047 0
vn -0.24414062 0.96972656 -2.3841858E-05
vn 0.17126465 0.98535156 -2.9206276E-05
vn 0.17126465 0.98535156 -2.9802322E-05
vn -0.24414062 0.96972656 -2.4080276E-05
vn -0.7729492 0.6347656 -0.0019454956
vn -0.7578125 0.65234375 -7.5101852E-06
vn -0 0 1
vn -0 0 1
vn -0 0 1
vn -0 0 1
vn -0.8720703 0.48828125 -0.028442383
vn -0.8725586 0.48828125 0
vn -0.87060547 0.49169922 -0.0024909973
vn -0.7729492 0.6347656 -0.0019454956
vn -0.8696289 0.49414062 -0.0024929047
vn -0.8696289 0.49414062 -0.002729416
vn -0.7578125 0.65234375 -7.5101852E-06
vn -0.15185547 -0.98828125 0
vn -0.15185547 -0.98828125 0
vn -0.15185547 -0.98828125 0
vn -0.15185547 -0.98828125 0
vn 0.8671875 -0.49780273 -0.0007510185
vn 0.8671875 -0.49780273 0
vn 0.8676758 -0.4975586 0.00092983246
vn 0.8671875 -0.49829102 -0.0012073517
vn 0.8671875 -0.49829102 -0.0014190674
vn 0.8666992 -0.49853516 0.00026631355
vn 0.8666992 -0.49853516 0.0005841255
vn -0 0 -1
vn -0 0 -1
vn -0 0 -1
vn -0.28735352 -0.4794922 -0.82910156
vn -0.2902832 -0.48486328 -0.8251953
vn 0.7675781 0.6411133 -1.4901161E-05
vn 0.7675781 0.6411133 -1.4603138E-05
vn 0.96191406 0.27319336 -1.1920929E-05
vn 0.96191406 0.27319336 -1.1861324E-05
vn 0.93603516 -0.35180664 -0.0019397736
vn 0.94384766 -0.33032227 -3.5762787E-06
vn 0.8623047 -0.50634766 -0.0024909973
vn 0.8613281 -0.5083008 -0.0024909973
vn 0.86279297 -0.5058594 -0.002729416
vn 0.8588867 -0.51171875 -0.028442383
vn 0.859375 -0.51171875 0
vn -0.4519043 -0.8129883 -0.36743164
vn -0.4519043 -0.8129883 -0.36743164
vn -0.2746582 -0.49365234 -0.8251953
vn -0.27172852 -0.48828125 -0.82910156
vn -0.78027344 -0.6254883 0
vn -0.78027344 -0.6254883 0
vn -0.78027344 -0.6254883 0
vn -0.78027344 -0.6254883 0
vn -0.8647461 0.5019531 -0.0007510185
vn -0.8647461 0.5019531 0.0009417534
vn -0.8647461 0.5024414 0
vn -0.8647461 0.5019531 -0.0012073517
vn -0.8647461 0.5019531 -0.0014219284
vn -0.8652344 0.50146484 0.00026845932
vn -0.8652344 0.50146484 0.0005841255
vn -0.28735352 -0.4794922 -0.82910156
vn -0.47802734 -0.79785156 -0.3671875
vn -0.47802734 -0.79785156 -0.3671875
vn -0.2902832 -0.48486328 -0.8251953
vn -0.037017822 0.35253906 0.9350586
vn 0.053771973 0.30810547 0.94970703
vn -0.095336914 0.32495117 0.94091797
vn -0.09692383 0.3059082 0.9472656
vn -0.46728516 0.59521484 0.6538086
vn -0.038909912 0.25170898 0.9667969
vn -0.038909912 0.25170898 0.9667969
vn 0.3239746 0.14416504 0.9350586
vn 0.32910156 0.080078125 0.94091797
vn 0.24035645 0.2006836 0.94970703
vn 0.31323242 0.06903076 0.9472656
vn 0.2376709 0.092285156 0.9667969
vn 0.2376709 0.092285156 0.9667969
vn -0 0 1
vn -0 0 1
vn -0 0 1
vn -0 0 1
vn -0 0 -1
vn -0 0 -1
vn -0 0 -1
vn -0.27172852 -0.48828125 -0.82910156
vn -0.2746582 -0.49365234 -0.8251953
vn 0.24987793 0.43286133 -0.86621094
vn -0.24987793 -0.43286133 -0.86621094
vn -0.24987793 -0.43286133 -0.86621094
vn 0.24987793 0.43286133 -0.86621094
vn -0.5 -0.86572266 0
vn -0.24987793 -0.43286133 -0.86621094
vn -0.24987793 -0.43286133 -0.86621094
vn -0.5 -0.86572266 0
vn -0.24987793 -0.43286133 0.86621094
vn -0.24987793 -0.43286133 0.86621094
vn 0.24987793 0.43286133 0.86621094
vn -0.24987793 -0.43286133 0.86621094
vn -0.24987793 -0.43286133 0.86621094
vn 0.24987793 0.43286133 0.86621094
vn 0.24987793 0.43286133 0.86621094
vn 0.5 0.86572266 0
vn 0.24987793 0.43286133 0.86621094
vn 0.5 0.86572266 0
vn 0.24987793 0.43286133 -0.86621094
vn 0.24987793 0.43286133 -0.86621094
vn -0.86572266 0.5 0
vn -0.86572266 0.5 0
vn -0.86572266 0.5 0
vn -0.86572266 0.5 0
vn -0.86572266 0.5 0
vn -0.86572266 0.5 0
vn 0.86572266 -0.5 0
vn 0.86572266 -0.5 0
vn 0.86572266 -0.5 0
vn 0.86572266 -0.5 0
vn 0.86572266 -0.5 1.1920929E-05
vn 0.86572266 -0.5 1.1920929E-05
vn 0.3708496 0.64208984 0.67089844
vn 0.3708496 0.64208984 0.67089844
vn 0.4182129 0.7241211 0.54833984
vn 0.4182129 0.7241211 0.54833984
vn -0.47998047 -0.83154297 -0.28027344
vn -0.47998047 -0.83154297 -0.28027344
vn -0.47998047 -0.83154297 -0.28027344
vn -0.47998047 -0.83154297 -0.28027344
vn -0.28027344 -0.48510742 -0.828125
vn -0.19262695 -0.33374023 -0.92285156
vn -0.28027344 -0.48510742 -0.828125
vn -0.19262695 -0.33374023 -0.92285156
vn -0.20373535 -0.3527832 -0.91308594
vn -0.20385742 -0.3527832 -0.91308594
vn -0.44433594 -0.76953125 -0.4584961
vn -0.44433594 -0.76953125 -0.4584961
vn 0.89208984 -0.17626953 0.41577148
vn 0.8886719 -0.17126465 0.42504883
vn 0.92626953 -0.26538086 0.26782227
vn 0.9272461 -0.28564453 0.24182129
vn 0.92089844 -0.1953125 0.33789062
vn 0.91796875 -0.17810059 0.3544922
vn 0.8959961 -0.44213867 0.040527344
vn 0.8959961 -0.44213867 0.04043579
vn -0.7109375 0.66015625 0.24182129
vn -0.62939453 0.69970703 0.33789062
vn -0.61328125 0.7055664 0.3544922
vn -0.5991211 0.6845703 0.41601562
vn -0.6928711 0.6694336 0.26782227
vn -0.59277344 0.68408203 0.42504883
vn -0.2998047 -0.51904297 -0.80029297
vn -0.2998047 -0.51904297 -0.80029297
vn -0.44726562 -0.77490234 -0.44677734
vn -0.44726562 -0.77490234 -0.44677734
vn 0.8696289 -0.49316406 -0.020355225
vn 0.8701172 -0.49243164 -0.013015747
vn 0.87060547 -0.4909668 -0.026229858
vn 0.87353516 -0.4868164 -0.010215759
vn 0.8774414 -0.47973633 -0.012924194
vn 0.8745117 -0.484375 -0.009346008
vn 0.86572266 -0.5 0
vn -0.27954102 -0.48413086 0.82910156
vn -0.27954102 -0.48413086 0.82910156
vn -0.27954102 -0.48413086 0.82910156
vn -0.27954102 -0.48413086 0.82910156
vn -0.02822876 -0.048461914 -0.99853516
vn 0.43359375 0.75097656 -0.49780273
vn 0.43359375 0.75097656 -0.49780273
vn -0.02822876 -0.048828125 -0.99853516
vn -0.2619629 -0.45361328 -0.8520508
vn -0.2619629 -0.45361328 -0.8520508
vn 0.090026855 0.15600586 0.98339844
vn 0.2619629 0.45385742 0.8515625
vn 0.2619629 0.45385742 0.8515625
vn 0.090026855 0.15600586 0.98339844
vn -0.09844971 -0.17016602 0.98046875
vn -0.09844971 -0.17016602 0.98046875
vn -0.8618164 0.50683594 -0.020355225
vn -0.86035156 0.50878906 -0.026229858
vn -0.8618164 0.5073242 -0.013015747
vn -0.85839844 0.5131836 -0.010215759
vn -0.8540039 0.52001953 -0.012924194
vn -0.8569336 0.515625 -0.009346008
vn -0.86572266 0.5 0
vn 0.49829102 0.86328125 0.08129883
vn 0.49829102 0.86328125 0.08129883
vn 0.43359375 0.75097656 -0.49780273
vn 0.43359375 0.75097656 -0.49780273
vn -0.34570312 -0.5991211 -0.72216797
vn -0.34570312 -0.5991211 -0.72216797
vn -0.10949707 -0.1895752 -0.97558594
vn -0.10949707 -0.1895752 -0.97558594
vn 0.05606079 0.09729004 -0.99365234
vn 0.05606079 0.09729004 -0.99365234
vn 0.875 -0.48266602 -0.037200928
vn 0.87841797 -0.47607422 -0.04559326
vn 0.87841797 -0.47607422 -0.04559326
vn 0.8745117 -0.48364258 -0.035858154
vn 0.87060547 -0.49121094 -0.026123047
vn 0.87060547 -0.49121094 -0.026123047
vn -0.38745117 -0.67089844 0.6323242
vn -0.38745117 -0.67089844 0.6323242
vn -0.49902344 -0.8647461 0.055511475
vn -0.49902344 -0.8647461 0.055511475
vn -0.34570312 -0.5991211 -0.72216797
vn -0.34570312 -0.5991211 -0.72216797
vn -0.8515625 0.52246094 -0.04559326
vn -0.8515625 0.52246094 -0.04559326
vn -0.85546875 0.51660156 -0.037200928
vn -0.8564453 0.5151367 -0.03567505
vn -0.86083984 0.5083008 -0.026138306
vn -0.86083984 0.5083008 -0.026138306
vn -0.8310547 0.5551758 0.040527344
vn -0.6928711 0.6694336 0.26782227
vn -0.7109375 0.66015625 0.24182129
vn -0.8310547 0.5551758 0.04043579
vn 0.21081543 0.36499023 0.9067383
vn 0.21081543 0.36499023 0.9067383
vn 0.21081543 0.36499023 0.9067383
vn 0.21081543 0.36499023 0.9067383
vn 0.3708496 0.64208984 0.67089844
vn 0.3708496 0.64208984 0.67089844
vn 0.30664062 0.53125 0.7895508
vn 0.30664062 0.53125 0.7895508
vn -0.44726562 -0.77490234 -0.44677734
vn -0.44433594 -0.76953125 -0.4584961
vn -0.44726562 -0.77490234 -0.44677734
vn -0.44433594 -0.76953125 -0.4584961
vn -0.8569336 0.5151367 0
vn -0.8569336 0.5151367 0
vn -0.8574219 0.5151367 0
vn -0.8574219 0.5151367 0
vn -0.8574219 0.5151367 0
vn -0.8569336 0.5151367 -0.0020980835
vn -0.8574219 0.5151367 -0.00038146973
vn -0.859375 0.51123047 -0.0045776367
vn -0.86035156 0.5102539 -0.005340576
vn -0.8618164 0.50683594 -0.008773804
vn -0.8618164 0.50683594 -0.008773804
vn -0.18017578 -0.31201172 0.9326172
vn -0.18029785 -0.31225586 0.9326172
vn -0.18029785 -0.31225586 0.9326172
vn -0.18017578 -0.31201172 0.9326172
vn 0.8745117 -0.48486328 0
vn 0.8745117 -0.48486328 0
vn 0.8745117 -0.48486328 0
vn 0.8745117 -0.48486328 0
vn 0.8745117 -0.48486328 0
vn 0.8745117 -0.48461914 -0.0020980835
vn 0.8745117 -0.48486328 -0.00038146973
vn 0.8720703 -0.48901367 -0.0045776367
vn 0.87158203 -0.4897461 -0.005340576
vn 0.8701172 -0.49291992 -0.008773804
vn 0.8701172 -0.49291992 -0.008773804
vn 0.037750244 0.06542969 -0.9970703
vn -0.47558594 -0.82373047 -0.30908203
vn -0.47558594 -0.82373047 -0.30908203
vn 0.037750244 0.06530762 -0.9970703
vn 0.28808594 0.4987793 -0.8173828
vn 0.28808594 0.4987793 -0.8173828
vn 0.29077148 0.50341797 -0.81347656
vn 0.29077148 0.50341797 -0.81347656
vn 0.2758789 0.47802734 -0.8339844
vn 0.2758789 0.47802734 -0.8339844
vn 0.33911133 0.58740234 -0.7348633
vn 0.33911133 0.58740234 -0.7348633
vn -0.29614258 -0.5131836 0.80566406
vn -0.29614258 -0.5131836 0.80566406
vn -0.47558594 -0.82373047 -0.30908203
vn -0.47558594 -0.82373047 -0.30908203
vn -0.18029785 -0.31225586 0.9326172
vn -0.18029785 -0.31225586 0.9326172
vn -0.29614258 -0.5131836 0.80566406
vn -0.29614258 -0.5131836 0.80566406
vn -0.48168945 -0.83447266 0.2685547
vn -0.48168945 -0.83447266 0.2685547
vn -0.48168945 -0.8339844 0.2685547
vn -0.48168945 -0.8339844 0.2685547
vn 0.8745117 -0.48486328 0
vn 0.8745117 -0.48486328 0
vn 0.8745117 -0.48486328 0
vn 0.8745117 -0.48486328 0
vn 0.8745117 -0.48486328 0
vn 0.8745117 -0.48486328 0
vn 0.027175903 0.04711914 -0.99853516
vn 0.2055664 0.35595703 -0.9116211
vn 0.2055664 0.35595703 -0.9116211
vn 0.027175903 0.04711914 -0.99853516
vn -0.34448242 -0.5966797 -0.72509766
vn -0.34448242 -0.5966797 -0.72509766
vn -0.8569336 0.5151367 0
vn -0.8574219 0.5151367 0
vn -0.8574219 0.5151367 0
vn -0.8569336 0.5151367 0
vn -0.8569336 0.5151367 0
vn -0.8569336 0.5151367 0
vn -0.18005371 -0.31176758 0.93310547
vn -0.18005371 -0.31176758 0.93310547
vn -0.3046875 -0.52783203 0.79296875
vn -0.3046875 -0.52783203 0.79296875
vn -0.3046875 -0.52783203 0.79296875
vn -0.3046875 -0.52783203 0.79296875
vn -0.49560547 -0.85839844 0.13330078
vn -0.49560547 -0.85839844 0.13330078
vn -0.34448242 -0.5966797 -0.72509766
vn -0.34448242 -0.5966797 -0.72509766
vn 0.5 0.86621094 0
vn 0.5 0.86621094 0
vn 0.5 0.86621094 0
vn 0.5 0.86621094 0
vn -0.86621094 0.5 0
vn -0.86621094 0.5 0
vn -0.86621094 0.5 0
vn -0.86621094 0.5 0
vn -0.86621094 0.5 0
vn -0 0 1
vn -0 0 1
vn -0 0 1
vn -0 0 1
vn 0.86621094 -0.5 0
vn 0.86621094 -0.5 0
vn 0.86621094 -0.5 0
vn 0.86621094 -0.5 0
vn 0.86621094 -0.5 0
vn 0.25073242 0.43432617 -0.8652344
vn 0.4338379 0.75146484 -0.4970703
vn 0.4338379 0.75146484 -0.4970703
vn 0.25073242 0.43432617 -0.8652344
vn 0.25073242 0.43432617 -0.8652344
vn -0.35351562 -0.6123047 -0.70703125
vn 0.25073242 0.43432617 -0.8652344
vn -0.35351562 -0.6123047 -0.70703125
vn 0.86621094 -0.5 0
vn 0.86621094 -0.5 0
vn -0 -1 0
vn -0 -1 0
vn -0.86621094 -0.5 0
vn -0.86621094 -0.5 0
vn -0.86621094 0.5 0
vn -0.86621094 0.5 0
vn -0.86621094 -0.5 0
vn -0.86621094 -0.5 0
vn -0.86621094 0.5 0
vn -0.86621094 0.5 0
vn -0 1 0
vn -0 1 0
vn 0.86621094 0.5 0
vn 0.86621094 0.5 0
vn -0 0 -1
vn -0 0 -1
vn -0 0 -1
vn -0 0 -1
vn -0 0 -1
vn -0 0 -1
vn 0.86621094 -0.5 0
vn 0.86621094 -0.5 0
vn 0.86621094 0.5 0
vn 0.86621094 0.5 0
vn -0 0 1
vn -0 0 1
vn -0 0 1
vn -0 0 1
vn -0 0 1
vn -0 0 1
vn 0.35375977 0.6123047 -0.70703125
vn -0.12927246 -0.22436523 -0.9658203
vn 0.35375977 0.6123047 -0.70703125
vn -0.12927246 -0.22436523 -0.9658203
vn -0.48291016 -0.8364258 -0.25878906
vn -0.48291016 -0.8364258 -0.25878906
vn -0.35375977 -0.6123047 0.70703125
vn -0.35375977 -0.6123047 0.70703125
vn -0.48291016 -0.8364258 -0.25878906
vn -0.48291016 -0.8364258 -0.25878906
vn -0.35375977 -0.6123047 0.70703125
vn -0.35375977 -0.6123047 0.70703125
vn 0.12927246 0.22436523 0.9658203
vn 0.12927246 0.22436523 0.9658203
vn 0.48291016 0.8364258 0.25878906
vn 0.48291016 0.8364258 0.25878906
vn 0.35375977 0.6123047 -0.70703125
vn 0.48291016 0.8364258 0.25878906
vn 0.48291016 0.8364258 0.25878906
vn 0.35375977 0.6123047 -0.70703125
vn -0.86572266 0.5 0
vn -0.86572266 0.5 0
vn -0.86572266 0.5 0
vn -0.86572266 0.5 0
vn -0.86572266 0.5 0
vn -0.86572266 0.5 0
vn 0.86572266 -0.5 0
vn 0.86572266 -0.5 0
vn 0.86572266 -0.5 0
vn 0.86572266 -0.5 0
vn 0.86572266 -0.5 0
vn 0.86572266 -0.5 0
vn -0.12927246 -0.22436523 0.9658203
vn 0.86572266 -0.5 0
vn 0.86621094 -0.5 0
vn -0.12939453 -0.2241211 0.9658203
vn -0.86572266 0.5 0
vn -0.12927246 -0.22436523 0.9658203
vn -0.86621094 0.5 0
vn -0.12939453 -0.2241211 0.9658203
vn 0.12927246 0.22436523 -0.9658203
vn -0.86572266 0.5 0
vn 0.12939453 0.2241211 -0.9658203
vn -0.86621094 0.5 0
vn 0.12939453 0.2241211 -0.9658203
vn 0.86621094 -0.5 0
vn 0.86572266 -0.5 0
vn 0.12927246 0.22436523 -0.9658203
vn -0.5 -0.86621094 0
vn -0.35351562 -0.6123047 -0.70703125
vn -0.35351562 -0.6123047 -0.70703125
vn -0.5 -0.86621094 0
vn -0.33911133 -0.58740234 0.7348633
vn -0.33911133 -0.58740234 0.7348633
vn -0.33911133 -0.58740234 0.7348633
vn -0.33911133 -0.58740234 0.7348633
vn -0.7675781 0.6411133 -7.2717667E-06
vn -0.7675781 0.6411133 -5.9604645E-06
vn -0.96191406 0.27319336 -5.9604645E-06
vn -0.96191406 0.27319336 -6.020069E-06
vn -0.93603516 -0.35180664 -0.0019369125
vn -0.94384766 -0.33032227 -1.9073486E-06
vn -0.8623047 -0.50634766 -0.0024909973
vn -0.8613281 -0.5083008 -0.0024909973
vn -0.86279297 -0.5058594 -0.002729416
vn -0.8588867 -0.51171875 -0.028427124
vn -0.859375 -0.51171875 0
vn -0 0 1
vn -0 0 1
vn -0 0 1
vn -0 0 1
vn 0.78027344 -0.6254883 0
vn 0.78027344 -0.6254883 0
vn 0.78027344 -0.6254883 0
vn 0.78027344 -0.6254883 0
vn 0.8647461 0.5019531 -0.0007510185
vn 0.8647461 0.5024414 0
vn 0.8647461 0.5019531 0.00092983246
vn 0.8647461 0.5019531 -0.0012073517
vn 0.8647461 0.5019531 -0.001420021
vn 0.8652344 0.50146484 0.00026893616
vn 0.8652344 0.50146484 0.0005841255
vn -0 0 -1
vn -0 0 -1
vn -0 0 -1
vn 0.27172852 -0.48828125 -0.82910156
vn 0.2746582 -0.49365234 -0.8251953
vn -0.17126465 0.98535156 -1.4901161E-05
vn -0.17126465 0.98535156 -1.4603138E-05
vn 0.24414062 0.96972656 -8.940697E-06
vn 0.24414062 0.96972656 -7.987022E-06
vn 0.7729492 0.6347656 -0.0019369125
vn 0.7578125 0.65234375 0
vn 0.8696289 0.49414062 -0.0024909973
vn 0.7729492 0.6347656 -0.0019369125
vn 0.7578125 0.65234375 0
vn 0.87060547 0.49169922 -0.0024909973
vn 0.8696289 0.49414062 -0.002729416
vn 0.8720703 0.48828125 -0.028442383
vn 0.8725586 0.48828125 0
vn 0.47802734 -0.79785156 -0.3671875
vn 0.47802734 -0.79785156 -0.3671875
vn 0.28735352 -0.4794922 -0.82910156
vn 0.2902832 -0.48486328 -0.8251953
vn 0.15185547 -0.98828125 0
vn 0.15185547 -0.98828125 0
vn 0.15185547 -0.98828125 0
vn 0.15185547 -0.98828125 0
vn -0.8671875 -0.49780273 -0.0007390976
vn -0.8676758 -0.4975586 0.0009417534
vn -0.8671875 -0.49780273 0
vn -0.8671875 -0.49829102 -0.001203537
vn -0.8671875 -0.49829102 -0.00141716
vn -0.8666992 -0.49853516 0.00026917458
vn -0.8666992 -0.49853516 0.0005841255
vn 0.4519043 -0.8129883 -0.36743164
vn 0.2746582 -0.49365234 -0.8251953
vn 0.4519043 -0.8129883 -0.36743164
vn 0.27172852 -0.48828125 -0.82910156
vn -0.3239746 0.14416504 0.9350586
vn -0.24035645 0.2006836 0.94970703
vn -0.32910156 0.080078125 0.94091797
vn -0.31323242 0.06903076 0.9472656
vn -0.2376709 0.092285156 0.9667969
vn -0.2376709 0.092285156 0.9667969
vn 0.037017822 0.35253906 0.9350586
vn 0.095336914 0.32495117 0.94091797
vn -0.053771973 0.30810547 0.94970703
vn 0.09692383 0.3059082 0.9472656
vn 0.46728516 0.59521484 0.6538086
vn 0.038909912 0.25170898 0.9667969
vn 0.038909912 0.25170898 0.9667969
vn -0 0 1
vn -0 0 1
vn -0 0 1
vn -0 0 1
vn -0 0 -1
vn -0 0 -1
vn -0 0 -1
vn 0.28735352 -0.4794922 -0.82910156
vn 0.2902832 -0.48486328 -0.8251953
vn 0.24987793 -0.43286133 -0.86621094
vn -0.24987793 0.43286133 -0.86621094
vn -0.24987793 0.43286133 -0.86621094
vn 0.24987793 -0.43286133 -0.86621094
vn 0.24987793 -0.43286133 -0.86621094
vn 0.24987793 -0.43286133 -0.86621094
vn 0.5 -0.86572266 0
vn 0.5 -0.86572266 0
vn 0.24987793 -0.43286133 0.86621094
vn 0.24987793 -0.43286133 0.86621094
vn 0.24987793 -0.43286133 0.86621094
vn -0.24987793 0.43286133 0.86621094
vn -0.24987793 0.43286133 0.86621094
vn 0.24987793 -0.43286133 0.86621094
vn -0.5 0.86572266 0
vn -0.24987793 0.43286133 0.86621094
vn -0.24987793 0.43286133 0.86621094
vn -0.5 0.86572266 0
vn -0.24987793 0.43286133 -0.86621094
vn -0.24987793 0.43286133 -0.86621094
vn -0.86572266 -0.5 0
vn -0.86572266 -0.5 0
vn -0.86572266 -0.5 0
vn -0.86572266 -0.5 0
vn -0.86572266 -0.5 0
vn -0.86572266 -0.5 0
vn 0.86572266 0.5 0
vn 0.86572266 0.5 1.1920929E-05
vn 0.86572266 0.5 1.1920929E-05
vn 0.86572266 0.5 0
vn 0.86572266 0.5 0
vn 0.86572266 0.5 0
vn -0.3708496 0.64208984 0.67089844
vn -0.4182129 0.7241211 0.54833984
vn -0.3708496 0.64208984 0.67089844
vn -0.4182129 0.7241211 0.54833984
vn 0.47998047 -0.83154297 -0.28027344
vn 0.47998047 -0.83154297 -0.28027344
vn 0.47998047 -0.83154297 -0.28027344
vn 0.47998047 -0.83154297 -0.28027344
vn 0.19262695 -0.33374023 -0.92285156
vn 0.28027344 -0.48510742 -0.828125
vn 0.28027344 -0.48510742 -0.828125
vn 0.19262695 -0.33374023 -0.92285156
vn 0.20385742 -0.3527832 -0.91308594
vn 0.20373535 -0.3527832 -0.91308594
vn 0.44433594 -0.76953125 -0.4584961
vn 0.44433594 -0.76953125 -0.4584961
vn -0.9272461 -0.28564453 0.24182129
vn -0.92089844 -0.1953125 0.33789062
vn -0.91796875 -0.17810059 0.3544922
vn -0.89208984 -0.17626953 0.41577148
vn -0.92626953 -0.26538086 0.26782227
vn -0.8886719 -0.17126465 0.42504883
vn -0.8959961 -0.44213867 0.040527344
vn -0.8959961 -0.44213867 0.04043579
vn 0.44726562 -0.77490234 -0.44677734
vn 0.44726562 -0.77490234 -0.44677734
vn 0.2998047 -0.51904297 -0.80029297
vn 0.2998047 -0.51904297 -0.80029297
vn 0.8618164 0.50683594 -0.020355225
vn 0.8618164 0.5073242 -0.013015747
vn 0.86035156 0.50878906 -0.026229858
vn 0.85839844 0.5131836 -0.010215759
vn 0.8540039 0.52001953 -0.012924194
vn 0.8569336 0.515625 -0.009346008
vn 0.86572266 0.5 0
vn 0.27954102 -0.48413086 0.82910156
vn 0.27954102 -0.48413086 0.82910156
vn 0.27954102 -0.48413086 0.82910156
vn 0.27954102 -0.48413086 0.82910156
vn -0.43359375 0.75097656 -0.49780273
vn -0.43359375 0.75097656 -0.49780273
vn 0.02822876 -0.048461914 -0.99853516
vn 0.02822876 -0.048828125 -0.99853516
vn 0.2619629 -0.45361328 -0.8520508
vn 0.2619629 -0.45361328 -0.8520508
vn -0.090026855 0.15600586 0.98339844
vn -0.2619629 0.45385742 0.8515625
vn -0.2619629 0.45385742 0.8515625
vn -0.090026855 0.15600586 0.98339844
vn 0.09844971 -0.17016602 0.98046875
vn 0.09844971 -0.17016602 0.98046875
vn -0.8696289 -0.49316406 -0.020355225
vn -0.87060547 -0.4909668 -0.026229858
vn -0.8701172 -0.49243164 -0.013015747
vn -0.87353516 -0.4868164 -0.010215759
vn -0.8774414 -0.47973633 -0.012924194
vn -0.8745117 -0.484375 -0.009346008
vn -0.86572266 -0.5 0
vn -0.49829102 0.86328125 0.08129883
vn -0.43359375 0.75097656 -0.49780273
vn -0.43359375 0.75097656 -0.49780273
vn -0.49829102 0.86328125 0.08129883
vn 0.34570312 -0.5991211 -0.72216797
vn 0.34570312 -0.5991211 -0.72216797
vn 0.10949707 -0.1895752 -0.97558594
vn 0.10949707 -0.1895752 -0.97558594
vn -0.05606079 0.09729004 -0.99365234
vn -0.05606079 0.09729004 -0.99365234
vn 0.85546875 0.51660156 -0.037200928
vn 0.8515625 0.52246094 -0.04559326
vn 0.8515625 0.52246094 -0.04559326
vn 0.8564453 0.5151367 -0.03567505
vn 0.86083984 0.5083008 -0.026138306
vn 0.86083984 0.5083008 -0.026138306
vn 0.38745117 -0.67089844 0.6323242
vn 0.49902344 -0.8647461 0.055511475
vn 0.38745117 -0.67089844 0.6323242
vn 0.49902344 -0.8647461 0.055511475
vn 0.34570312 -0.5991211 -0.72216797
vn 0.34570312 -0.5991211 -0.72216797
vn -0.87841797 -0.47607422 -0.04559326
vn -0.87841797 -0.47607422 -0.04559326
vn -0.875 -0.48266602 -0.037200928
vn -0.8745117 -0.48364258 -0.035858154
vn -0.87060547 -0.49121094 -0.026123047
vn -0.87060547 -0.49121094 -0.026123047
vn 0.8310547 0.5551758 0.040527344
vn 0.8310547 0.5551758 0.04043579
vn 0.7109375 0.66015625 0.24182129
vn 0.6928711 0.6694336 0.26782227
vn 0.5991211 0.6845703 0.41601562
vn 0.62939453 0.69970703 0.33789062
vn -0.21081543 0.36499023 0.9067383
vn -0.21081543 0.36499023 0.9067383
vn -0.21081543 0.36499023 0.9067383
vn -0.21081543 0.36499023 0.9067383
vn -0.30664062 0.53125 0.7895508
vn -0.3708496 0.64208984 0.67089844
vn -0.3708496 0.64208984 0.67089844
vn -0.30664062 0.53125 0.7895508
vn 0.44726562 -0.77490234 -0.44677734
vn 0.44726562 -0.77490234 -0.44677734
vn 0.44433594 -0.76953125 -0.4584961
vn 0.44433594 -0.76953125 -0.4584961
vn -0.8745117 -0.48486328 0
vn -0.8745117 -0.48486328 0
vn -0.8745117 -0.48486328 0
vn -0.8745117 -0.48486328 0
vn -0.8745117 -0.48486328 0
vn -0.8745117 -0.48461914 -0.0020980835
vn -0.8745117 -0.48486328 -0.00038146973
vn -0.8720703 -0.48901367 -0.0045776367
vn -0.87158203 -0.4897461 -0.005340576
vn -0.8701172 -0.49291992 -0.008773804
vn -0.8701172 -0.49291992 -0.008773804
vn 0.18029785 -0.31225586 0.9326172
vn 0.18017578 -0.31201172 0.9326172
vn 0.18017578 -0.31201172 0.9326172
vn 0.18029785 -0.31225586 0.9326172
vn 0.8569336 0.5151367 0
vn 0.8574219 0.5151367 0
vn 0.8569336 0.5151367 0
vn 0.8574219 0.5151367 0
vn 0.8574219 0.5151367 0
vn 0.8569336 0.5151367 -0.0020980835
vn 0.8574219 0.5151367 -0.00038146973
vn 0.859375 0.51123047 -0.0045776367
vn 0.86035156 0.5102539 -0.005340576
vn 0.8618164 0.50683594 -0.008773804
vn 0.8618164 0.50683594 -0.008773804
vn 0.47558594 -0.82373047 -0.30908203
vn -0.037750244 0.06530762 -0.9970703
vn 0.47558594 -0.82373047 -0.30908203
vn -0.037750244 0.06542969 -0.9970703
vn -0.28808594 0.4987793 -0.8173828
vn -0.28808594 0.4987793 -0.8173828
vn -0.29077148 0.50341797 -0.81347656
vn -0.29077148 0.50341797 -0.81347656
vn -0.2758789 0.47802734 -0.8339844
vn -0.2758789 0.47802734 -0.8339844
vn -0.33911133 0.58740234 -0.7348633
vn -0.33911133 0.58740234 -0.7348633
vn 0.29614258 -0.5131836 0.80566406
vn 0.47558594 -0.82373047 -0.30908203
vn 0.29614258 -0.5131836 0.80566406
vn 0.47558594 -0.82373047 -0.30908203
vn 0.29614258 -0.5131836 0.80566406
vn 0.18029785 -0.31225586 0.9326172
vn 0.18029785 -0.31225586 0.9326172
vn 0.29614258 -0.5131836 0.80566406
vn 0.48168945 -0.83447266 0.2685547
vn 0.48168945 -0.83447266 0.2685547
vn 0.48168945 -0.8339844 0.2685547
vn 0.48168945 -0.8339844 0.2685547
vn 0.8569336 0.5151367 0
vn 0.8574219 0.5151367 0
vn 0.8574219 0.5151367 0
vn 0.8569336 0.5151367 0
vn 0.8569336 0.5151367 0
vn 0.8569336 0.5151367 0
vn -0.02722168 0.04711914 -0.99853516
vn -0.2055664 0.35595703 -0.9116211
vn -0.2055664 0.35595703 -0.9116211
vn -0.027175903 0.04711914 -0.99853516
vn 0.34448242 -0.5966797 -0.72509766
vn 0.34448242 -0.5966797 -0.72509766
vn -0.8745117 -0.48486328 0
vn -0.8745117 -0.48486328 0
vn -0.8745117 -0.48486328 0
vn -0.8745117 -0.48486328 0
vn -0.8745117 -0.48486328 0
vn -0.8745117 -0.48486328 0
vn 0.3046875 -0.52783203 0.79296875
vn 0.18005371 -0.31176758 0.93310547
vn 0.18005371 -0.31176758 0.93310547
vn 0.3046875 -0.52783203 0.79296875
vn 0.3046875 -0.52783203 0.79296875
vn 0.3046875 -0.52783203 0.79296875
vn 0.49560547 -0.85839844 0.13330078
vn 0.49560547 -0.85839844 0.13330078
vn 0.34448242 -0.5966797 -0.72509766
vn 0.34448242 -0.5966797 -0.72509766
vn -0.5 0.86621094 0
vn -0.5 0.86621094 0
vn -0.5 0.86621094 0
vn -0.5 0.86621094 0
vn -0.86621094 -0.5 0
vn -0.86621094 -0.5 0
vn -0.86621094 -0.5 0
vn -0.86621094 -0.5 0
vn -0.86621094 -0.5 0
vn -0 0 1
vn -0 0 1
vn -0 0 1
vn -0 0 1
vn 0.86621094 0.5 0
vn 0.86621094 0.5 0
vn 0.86621094 0.5 0
vn 0.86621094 0.5 0
vn 0.86621094 0.5 0
vn -0.4338379 0.75146484 -0.4970703
vn -0.4338379 0.75146484 -0.4970703
vn -0.25073242 0.43432617 -0.8652344
vn -0.25073242 0.43432617 -0.8652344
vn -0.25073242 0.43432617 -0.8652344
vn 0.35351562 -0.6123047 -0.70703125
vn 0.35351562 -0.6123047 -0.70703125
vn -0.25073242 0.43432617 -0.8652344
vn 0.86621094 -0.5 0
vn 0.86621094 0.5 0
vn 0.86621094 -0.5 0
vn 0.86621094 0.5 0
vn -0.86621094 -0.5 0
vn -0 -1 0
vn -0.86621094 -0.5 0
vn -0 -1 0
vn 0.86621094 -0.5 0
vn 0.86621094 -0.5 0
vn -0.86621094 0.5 0
vn -0.86621094 -0.5 0
vn -0.86621094 0.5 0
vn -0.86621094 -0.5 0
vn -0 0 -1
vn -0 0 -1
vn -0 0 -1
vn -0 0 -1
vn -0 0 -1
vn -0 0 -1
vn -0.86621094 0.5 0
vn -0.86621094 0.5 0
vn -0 1 0
vn -0 1 0
vn 0.86621094 0.5 0
vn 0.86621094 0.5 0
vn -0 0 1
vn -0 0 1
vn -0 0 1
vn -0 0 1
vn -0 0 1
vn -0 0 1
vn -0.35375977 0.6123047 -0.70703125
vn -0.35375977 0.6123047 -0.70703125
vn 0.12927246 -0.22436523 -0.9658203
vn 0.12927246 -0.22436523 -0.9658203
vn 0.48291016 -0.8364258 -0.25878906
vn 0.48291016 -0.8364258 -0.25878906
vn 0.35375977 -0.6123047 0.70703125
vn 0.48291016 -0.8364258 -0.25878906
vn 0.48291016 -0.8364258 -0.25878906
vn 0.35375977 -0.6123047 0.70703125
vn 0.35375977 -0.6123047 0.70703125
vn -0.12927246 0.22436523 0.9658203
vn 0.35375977 -0.6123047 0.70703125
vn -0.12927246 0.22436523 0.9658203
vn -0.48291016 0.8364258 0.25878906
vn -0.48291016 0.8364258 0.25878906
vn -0.35375977 0.6123047 -0.70703125
vn -0.48291016 0.8364258 0.25878906
vn -0.35375977 0.6123047 -0.70703125
vn -0.48291016 0.8364258 0.25878906
vn -0.86572266 -0.5 0
vn -0.86572266 -0.5 0
vn -0.86572266 -0.5 0
vn -0.86572266 -0.5 0
vn -0.86572266 -0.5 0
vn -0.86572266 -0.5 0
vn 0.86572266 0.5 0
vn 0.86572266 0.5 0
vn 0.86572266 0.5 0
vn 0.86572266 0.5 0
vn 0.86572266 0.5 0
vn 0.86572266 0.5 0
vn 0.86621094 0.5 0
vn 0.12939453 -0.2241211 0.9658203
vn 0.12927246 -0.22436523 0.9658203
vn 0.86572266 0.5 0
vn -0.86621094 -0.5 0
vn -0.86572266 -0.5 0
vn 0.12927246 -0.22436523 0.9658203
vn 0.12939453 -0.2241211 0.9658203
vn -0.12927246 0.22436523 -0.9658203
vn -0.86572266 -0.5 0
vn -0.12939453 0.2241211 -0.9658203
vn -0.86621094 -0.5 0
vn -0.12939453 0.2241211 -0.9658203
vn 0.86621094 0.5 0
vn 0.86572266 0.5 0
vn -0.12927246 0.22436523 -0.9658203
vn 0.5 -0.86621094 0
vn 0.35351562 -0.6123047 -0.70703125
vn 0.5 -0.86621094 0
vn 0.35351562 -0.6123047 -0.70703125
vn 0.33911133 -0.58740234 0.7348633
vn 0.33911133 -0.58740234 0.7348633
vn 0.33911133 -0.58740234 0.7348633
vn 0.33911133 -0.58740234 0.7348633
vn -0.96533203 -0.26123047 -8.940697E-06
vn -0.7758789 -0.6308594 -5.9604645E-06
vn -0.7758789 -0.6308594 -6.735325E-06
vn -0.96533203 -0.26123047 -7.748604E-06
vn -0.2487793 -0.96875 -0.0019397736
vn -0.7758789 -0.6308594 -6.735325E-06
vn -0.7758789 -0.6308594 -5.9604645E-06
vn -0.27075195 -0.96240234 -2.3245811E-06
vn -0.08013916 -0.99658203 -0.0024929047
vn -0.077819824 -0.9970703 -0.0024909973
vn -0.08013916 -0.99658203 -0.002729416
vn -0.07397461 -0.9970703 -0.028442383
vn -0.074035645 -0.9970703 0
vn -0 0 1
vn -0 0 1
vn -0 0 1
vn -0 0 1
vn 0.95996094 0.28027344 0
vn 0.95996094 0.28027344 0
vn 0.95996094 0.28027344 0
vn 0.95996094 0.28027344 0
vn 0.0847168 0.99658203 -0.0007390976
vn 0.0847168 0.99658203 0
vn 0.0847168 0.99658203 0.00092983246
vn 0.0847168 0.99658203 -0.0012044907
vn 0.0847168 0.99658203 -0.00141716
vn 0.08544922 0.99658203 0.00026988983
vn 0.08544922 0.99658203 0.00059604645
vn -0 0 -1
vn -0 0 -1
vn -0 0 -1
vn 0.55615234 -0.057647705 -0.82910156
vn 0.5625 -0.058258057 -0.82470703
vn -0.90527344 0.4243164 -8.940697E-06
vn -0.90527344 0.4243164 -8.165836E-06
vn -0.6538086 0.75683594 -8.34465E-06
vn -0.6538086 0.75683594 -8.940697E-06
vn -0.6538086 0.75683594 -8.940697E-06
vn -0.6538086 0.75683594 -8.34465E-06
vn -0.07702637 0.9970703 -0.0019397736
vn -0.09918213 0.9951172 -3.5762787E-06
vn 0.09387207 0.99560547 -0.0024909973
vn 0.09692383 0.9951172 -0.0024909973
vn 0.093811035 0.99560547 -0.002729416
vn 0.10070801 0.9946289 -0.028442383
vn 0.10070801 0.9951172 0
vn 0.9277344 -0.06616211 -0.36743164
vn 0.9277344 -0.06616211 -0.36743164
vn 0.56396484 -0.040161133 -0.82470703
vn 0.5576172 -0.039733887 -0.82910156
vn 0.8964844 -0.4428711 0
vn 0.8964844 -0.4428711 0
vn 0.8964844 -0.4428711 0
vn 0.8964844 -0.4428711 0
vn -0.0892334 -0.99609375 -0.0007390976
vn -0.090026855 -0.99609375 0.00092983246
vn -0.090026855 -0.99609375 0
vn -0.0892334 -0.99609375 -0.001203537
vn -0.0892334 -0.99609375 -0.00141716
vn -0.08850098 -0.99609375 0.00026988983
vn -0.08850098 -0.99609375 0.00059604645
vn 0.92529297 -0.095825195 -0.36694336
vn 0.5625 -0.058258057 -0.82470703
vn 0.55615234 -0.057647705 -0.82910156
vn 0.92529297 -0.095825195 -0.36694336
vn -0.30371094 -0.18273926 0.9350586
vn -0.3022461 -0.081726074 0.94970703
vn -0.2541504 -0.22375488 0.94091797
vn -0.23657227 -0.21691895 0.9472656
vn -0.2121582 -0.14172363 0.9667969
vn -0.2121582 -0.14172363 0.9667969
vn -0.26782227 0.23266602 0.9350586
vn -0.21130371 0.2644043 0.94091797
vn -0.28393555 0.13293457 0.94970703
vn -0.1953125 0.25463867 0.9472656
vn -0.18383789 0.1763916 0.9667969
vn -0.18383789 0.1763916 0.9667969
vn -0 0 1
vn -0 0 1
vn -0 0 1
vn -0 0 1
vn -0 0 -1
vn -0 0 -1
vn -0 0 -1
vn 0.5576172 -0.039733887 -0.82910156
vn 0.56396484 -0.040161133 -0.82470703
vn -0.49829102 0.0435791 -0.86621094
vn 0.49829102 -0.0435791 -0.86621094
vn 0.49829102 -0.0435791 -0.86621094
vn -0.49829102 0.0435791 -0.86621094
vn 0.99609375 -0.0871582 0
vn 0.49829102 -0.0435791 -0.86621094
vn 0.49829102 -0.0435791 -0.86621094
vn 0.99609375 -0.0871582 0
vn 0.49829102 -0.0435791 0.86572266
vn 0.49829102 -0.0435791 0.86572266
vn -0.49829102 0.0435791 0.86572266
vn 0.49829102 -0.0435791 0.86572266
vn 0.49829102 -0.0435791 0.86572266
vn -0.49829102 0.0435791 0.86572266
vn -0.49829102 0.0435791 0.86572266
vn -0.99609375 0.0871582 0
vn -0.49829102 0.0435791 0.86572266
vn -0.99609375 0.0871582 0
vn -0.49829102 0.0435791 -0.86621094
vn -0.49829102 0.0435791 -0.86621094
vn -0.0869751 -0.99609375 0
vn -0.0869751 -0.99609375 0
vn -0.0869751 -0.99609375 0
vn -0.0869751 -0.99609375 0
vn -0.0869751 -0.99609375 0
vn -0.0869751 -0.99609375 0
vn 0.0869751 0.99609375 0
vn 0.0869751 0.99609375 0
vn 0.0869751 0.99609375 0
vn 0.0869751 0.99609375 0
vn 0.0869751 0.99609375 1.1920929E-05
vn 0.0869751 0.99609375 1.1920929E-05
vn -0.8330078 0.07287598 0.54833984
vn -0.8330078 0.07287598 0.54833984
vn -0.73876953 0.06463623 0.67089844
vn -0.73876953 0.06463623 0.67089844
vn 0.9560547 -0.0836792 -0.28027344
vn 0.9560547 -0.0836792 -0.28027344
vn 0.9560547 -0.0836792 -0.28027344
vn 0.9560547 -0.0836792 -0.28027344
vn 0.55859375 -0.048828125 -0.828125
vn 0.55859375 -0.048828125 -0.828125
vn 0.38378906 -0.033569336 -0.92285156
vn 0.38378906 -0.033569336 -0.92285156
vn 0.40576172 -0.03552246 -0.91308594
vn 0.40576172 -0.03552246 -0.91308594
vn 0.8852539 -0.07745361 -0.4584961
vn 0.8852539 -0.07739258 -0.4584961
vn -0.21740723 0.8828125 0.41601562
vn -0.22045898 0.8779297 0.42504883
vn -0.15112305 0.95166016 0.26782227
vn -0.13317871 0.9609375 0.24182129
vn -0.21203613 0.9169922 0.33789062
vn -0.2265625 0.90722656 0.3544922
vn 0.022125244 0.99902344 0.040527344
vn 0.022125244 0.99902344 0.04043579
vn -0.29785156 -0.92333984 0.24182129
vn -0.36816406 -0.86621094 0.33789062
vn -0.38061523 -0.8540039 0.3544922
vn -0.36694336 -0.83203125 0.41601562
vn -0.31347656 -0.9111328 0.26782227
vn -0.36914062 -0.8261719 0.42529297
vn -0.15185547 -0.98779297 0.040527344
vn -0.15185547 -0.98779297 0.04043579
vn 0.59716797 -0.05227661 -0.80029297
vn 0.59716797 -0.052246094 -0.80029297
vn 0.8911133 -0.077941895 -0.44702148
vn 0.8911133 -0.07800293 -0.44702148
vn 0.0793457 0.99658203 -0.020355225
vn 0.078552246 0.99658203 -0.013015747
vn 0.07702637 0.99658203 -0.026229858
vn 0.07171631 0.9975586 -0.010215759
vn 0.064086914 0.9980469 -0.012924194
vn 0.06939697 0.9975586 -0.009346008
vn 0.0869751 0.99609375 0
vn 0.5571289 -0.048736572 0.82910156
vn 0.5571289 -0.048736572 0.82910156
vn 0.5571289 -0.048736572 0.82910156
vn 0.5571289 -0.048736572 0.82910156
vn 0.05569458 -0.0049095154 -0.99853516
vn -0.86376953 0.07556152 -0.49829102
vn -0.86376953 0.07556152 -0.49829102
vn 0.05569458 -0.0049095154 -0.99853516
vn 0.52197266 -0.04562378 -0.8520508
vn 0.52197266 -0.04562378 -0.8520508
vn -0.52246094 0.045684814 0.8515625
vn -0.52246094 0.045684814 0.8515625
vn -0.17932129 0.015731812 0.9838867
vn -0.17932129 0.015731812 0.9838867
vn 0.19604492 -0.017120361 0.98046875
vn 0.19604492 -0.017120361 0.98046875
vn -0.0949707 -0.9951172 -0.020355225
vn -0.09765625 -0.9951172 -0.026229858
vn -0.09576416 -0.9951172 -0.013015747
vn -0.10223389 -0.9946289 -0.010215759
vn -0.11065674 -0.99365234 -0.012924194
vn -0.105285645 -0.9946289 -0.009346008
vn -0.0869751 -0.99609375 0
vn -0.9926758 0.08703613 0.0814209
vn -0.9926758 0.08703613 0.0814209
vn -0.86376953 0.07556152 -0.49829102
vn -0.86376953 0.07556152 -0.49829102
vn 0.68896484 -0.060272217 -0.72216797
vn 0.68896484 -0.060272217 -0.72216797
vn 0.21813965 -0.019073486 -0.97558594
vn 0.21813965 -0.019073486 -0.97558594
vn -0.11175537 0.009773254 -0.99365234
vn -0.11175537 0.009773254 -0.99365234
vn 0.06750488 0.9970703 -0.037200928
vn 0.060272217 0.9970703 -0.04559326
vn 0.060272217 0.9970703 -0.04559326
vn 0.06903076 0.9970703 -0.035858154
vn 0.07702637 0.99658203 -0.026123047
vn 0.07702637 0.99658203 -0.026123047
vn 0.77197266 -0.06750488 0.63183594
vn 0.77197266 -0.06750488 0.63183594
vn 0.9946289 -0.08703613 0.055511475
vn 0.9946289 -0.08709717 0.055511475
vn 0.68896484 -0.060272217 -0.72216797
vn 0.68896484 -0.060272217 -0.72216797
vn -0.10644531 -0.99365234 -0.037200928
vn -0.113708496 -0.9926758 -0.04559326
vn -0.113708496 -0.9926758 -0.04559326
vn -0.105285645 -0.99365234 -0.035858154
vn -0.09686279 -0.9951172 -0.026123047
vn -0.09686279 -0.9951172 -0.026123047
vn -0.41967773 0.036712646 0.9067383
vn -0.41967773 0.036743164 0.9067383
vn -0.41967773 0.036712646 0.9067383
vn -0.41967773 0.036712646 0.9067383
vn -0.73876953 0.06463623 0.67089844
vn -0.6113281 0.053466797 0.7895508
vn -0.6113281 0.053466797 0.7895508
vn -0.73876953 0.06463623 0.67089844
vn 0.8911133 -0.077941895 -0.44702148
vn 0.8852539 -0.07739258 -0.4584961
vn 0.8911133 -0.07800293 -0.44702148
vn 0.8852539 -0.07745361 -0.4584961
vn -0.10449219 -0.9946289 0
vn -0.10455322 -0.9946289 0
vn -0.10449219 -0.9946289 0
vn -0.10455322 -0.9946289 0
vn -0.10449219 -0.9946289 0
vn -0.10455322 -0.9946289 -0.0020980835
vn -0.10455322 -0.9946289 -0.00038146973
vn -0.09991455 -0.9951172 -0.0045776367
vn -0.09881592 -0.9951172 -0.005340576
vn -0.0949707 -0.99560547 -0.008773804
vn -0.0949707 -0.99560547 -0.008773804
vn -0.57958984 0.050689697 -0.81347656
vn -0.57958984 0.050689697 -0.81347656
vn -0.5498047 0.04812622 -0.8339844
vn -0.5498047 0.048095703 -0.8339844
vn -0.67578125 0.05911255 -0.7348633
vn -0.67578125 0.059143066 -0.7348633
vn -0.57958984 0.050689697 -0.81347656
vn -0.57373047 0.050201416 -0.8173828
vn -0.57373047 0.050201416 -0.8173828
vn -0.57958984 0.050689697 -0.81347656
vn -0.07513428 0.006580353 -0.9970703
vn -0.57373047 0.050201416 -0.8173828
vn -0.57373047 0.050201416 -0.8173828
vn -0.07513428 0.006576538 -0.9970703
vn 0.9472656 -0.08288574 -0.30908203
vn 0.9472656 -0.08288574 -0.30908203
vn 0.35888672 -0.031433105 0.9326172
vn 0.35913086 -0.031433105 0.9326172
vn 0.35913086 -0.031433105 0.9326172
vn 0.35888672 -0.031433105 0.9326172
vn 0.06982422 0.9975586 0
vn 0.06982422 0.9975586 0
vn 0.06970215 0.9975586 0
vn 0.06982422 0.9975586 0
vn 0.06982422 0.9975586 0
vn 0.06939697 0.9975586 -0.0020980835
vn 0.06982422 0.9975586 -0.00038146973
vn 0.074401855 0.9970703 -0.0045776367
vn 0.07556152 0.9970703 -0.005340576
vn 0.07897949 0.9970703 -0.008773804
vn 0.07897949 0.9970703 -0.008773804
vn 0.59033203 -0.051635742 0.80566406
vn 0.59033203 -0.051605225 0.80566406
vn 0.9472656 -0.08288574 -0.30908203
vn 0.9472656 -0.08288574 -0.30908203
vn 0.59033203 -0.051605225 0.80566406
vn 0.35913086 -0.031402588 0.9326172
vn 0.35913086 -0.031433105 0.9326172
vn 0.59033203 -0.051635742 0.80566406
vn 0.95947266 -0.083984375 0.2685547
vn 0.95947266 -0.08392334 0.2685547
vn 0.95947266 -0.08392334 0.2685547
vn 0.95947266 -0.08392334 0.2685547
vn 0.06970215 0.9975586 0
vn 0.06982422 0.9975586 0
vn 0.06982422 0.9975586 0
vn 0.06970215 0.9975586 0
vn 0.06970215 0.9975586 0
vn 0.06970215 0.9975586 0
vn -0.0541687 0.0047454834 -0.99853516
vn -0.40942383 0.035827637 -0.9116211
vn -0.40942383 0.035827637 -0.9116211
vn -0.0541687 0.0047416687 -0.99853516
vn 0.68603516 -0.060028076 -0.72509766
vn 0.68603516 -0.060028076 -0.72509766
vn -0.10449219 -0.9946289 0
vn -0.10449219 -0.9946289 0
vn -0.10449219 -0.9946289 0
vn -0.10455322 -0.9946289 0
vn -0.10449219 -0.9946289 0
vn -0.10449219 -0.9946289 0
vn 0.35888672 -0.031402588 0.93310547
vn 0.35888672 -0.03137207 0.93310547
vn 0.6069336 -0.053100586 0.79296875
vn 0.6069336 -0.053131104 0.79296875
vn 0.6069336 -0.053100586 0.79296875
vn 0.6069336 -0.053131104 0.79296875
vn 0.9873047 -0.086364746 0.13330078
vn 0.9873047 -0.086364746 0.13330078
vn 0.68603516 -0.060028076 -0.72509766
vn 0.68603516 -0.060028076 -0.72509766
vn -0.99609375 0.0871582 0
vn -0.99609375 0.0871582 0
vn -0.99609375 0.0871582 0
vn -0.99609375 0.0871582 0
vn -0.0871582 -0.99609375 0
vn -0.0871582 -0.99609375 0
vn -0.0871582 -0.99609375 0
vn -0.0871582 -0.99609375 0
vn -0.0871582 -0.99609375 0
vn -0 0 1
vn -0 0 1
vn -0 0 1
vn -0 0 1
vn 0.0871582 0.99609375 0
vn 0.0871582 0.99609375 0
vn 0.0871582 0.99609375 0
vn 0.0871582 0.99609375 0
vn 0.0871582 0.99609375 0
vn -0.8642578 0.07562256 -0.4970703
vn -0.49951172 0.043701172 -0.8652344
vn -0.49951172 0.043701172 -0.8652344
vn -0.8642578 0.07562256 -0.4970703
vn -0.49951172 0.043701172 -0.8652344
vn 0.70458984 -0.061645508 -0.70703125
vn 0.70458984 -0.061645508 -0.70703125
vn -0.49951172 0.043701172 -0.8652344
vn 0.90625 0.42260742 0
vn 0.0871582 0.99609375 0
vn 0.90625 0.42260742 0
vn 0.0871582 0.99609375 0
vn -0.81933594 0.57373047 0
vn -0.81933594 0.57373047 0
vn 0.81933594 -0.57373047 0
vn 0.81933594 -0.57373047 0
vn -0.0871582 -0.99609375 0
vn -0.0871582 -0.99609375 0
vn -0.90625 -0.42260742 0
vn -0.90625 -0.42260742 0
vn -0 0 -1
vn -0 0 -1
vn -0 0 -1
vn -0 0 -1
vn -0 0 -1
vn -0 0 -1
vn -0.81933594 0.57373047 0
vn -0.90625 -0.42260742 0
vn -0.81933594 0.57373047 0
vn -0.90625 -0.42260742 0
vn -0 0 1
vn -0 0 1
vn -0 0 1
vn -0 0 1
vn -0 0 1
vn -0 0 1
vn -0.70458984 0.06161499 -0.70703125
vn 0.2578125 -0.02255249 -0.9658203
vn -0.70458984 0.06161499 -0.70703125
vn 0.2578125 -0.02255249 -0.9658203
vn 0.96240234 -0.084228516 -0.25878906
vn 0.96240234 -0.084228516 -0.25878906
vn 0.70458984 -0.06161499 0.70703125
vn 0.70458984 -0.06161499 0.70703125
vn 0.96240234 -0.084228516 -0.25878906
vn 0.96240234 -0.084228516 -0.25878906
vn 0.70458984 -0.06161499 0.70703125
vn 0.70458984 -0.06161499 0.70703125
vn -0.2578125 0.02255249 0.9658203
vn -0.2578125 0.02255249 0.9658203
vn -0.96240234 0.084228516 0.25878906
vn -0.96240234 0.08428955 0.25878906
vn -0.70458984 0.06161499 -0.70703125
vn -0.96240234 0.084228516 0.25878906
vn -0.96240234 0.08428955 0.25878906
vn -0.70458984 0.06161499 -0.70703125
vn -0.0869751 -0.99609375 0
vn -0.0869751 -0.99609375 0
vn -0.0869751 -0.99609375 0
vn -0.0869751 -0.99609375 0
vn -0.0869751 -0.99609375 0
vn -0.0869751 -0.99609375 0
vn 0.0869751 0.99609375 0
vn 0.0869751 0.99609375 0
vn 0.0869751 0.99609375 0
vn 0.0869751 0.99609375 0
vn 0.0869751 0.99609375 0
vn 0.0869751 0.99609375 0
vn 0.99609375 -0.0871582 0
vn 0.70458984 -0.061645508 -0.70703125
vn 0.70458984 -0.061645508 -0.70703125
vn 0.99609375 -0.0871582 0
vn 0.67578125 -0.059143066 0.7348633
vn 0.67578125 -0.059143066 0.7348633
vn 0.67578125 -0.05911255 0.7348633
vn 0.67578125 -0.05911255 0.7348633
vn 0.81933594 -0.57373047 0
vn 0.90625 0.42260742 0
vn 0.81933594 -0.57373047 0
vn 0.90625 0.42260742 0
vn -0 -1 0
vn -0 -1 0
vn -0 -1 0
vn -0 -1 0
vn -0 -1 0
vn -0 -1 0
vn -0 -1 0
vn -0 -1 0
vn -0 -1 0
vn -0 -1 0
vn -0 -1 0
vn -0 -1 0
vn -0 -1 0
vn -0 -1 0
vn -0 -1 0
vn -0 -1 0
vn -0 -1 0
vn -0 -1 0
vn -0 -1 0
vn -0 -1 0
vn -0 -1 0
vn -0 -1 0
vn -0 -1 0
vn -0 -1 0
vn -0 -1 0
vn -0 -1 0
vn -0 -1 0
vn -0 -1 0
vn -0 -1 0
vn -0 -1 0
vn -0 -1 0
vn -0 -1 0
vn 0.9848633 0.17358398 0
vn 0.9848633 0.17358398 0
vn 0.9848633 0.17358398 0
vn 0.9848633 0.17358398 0
vn -0.9848633 -0.17358398 0
vn -0.9848633 -0.17358398 0
vn -0.9848633 -0.17358398 0
vn -0.9848633 -0.17358398 0
vn -0.9848633 -0.17358398 0
vn -0.9848633 -0.17358398 0
vn -0.9848633 -0.17358398 0
vn -0.9848633 -0.17358398 0
vn 0.9848633 0.17358398 0
vn 0.9848633 0.17358398 0
vn 0.9848633 0.17358398 0
vn 0.9848633 0.17358398 0
vn -0.052459717 0.29760742 0.953125
vn -0.052459717 0.29760742 0.953125
vn -0.052459717 0.29760742 0.953125
vn -0.052459717 0.29760742 0.953125
vn 0.052459717 -0.29760742 -0.953125
vn 0.052459717 -0.29760742 -0.953125
vn 0.052459717 -0.29760742 -0.953125
vn 0.052459717 -0.29760742 -0.953125
vn -0.052459717 0.29760742 0.953125
vn -0.052459717 0.29760742 0.953125
vn -0.052459717 0.29760742 0.953125
vn -0.052459717 0.29760742 0.953125
vn 0.052459717 -0.29760742 -0.953125
vn 0.052459717 -0.29760742 -0.953125
vn 0.052459717 -0.29760742 -0.953125
vn 0.052459717 -0.29760742 -0.953125
vn -0.9848633 0.17358398 0
vn -0.9848633 0.17358398 0
vn -0.9848633 0.17358398 0
vn -0.9848633 0.17358398 0
vn 0.9848633 -0.17358398 0
vn 0.9848633 -0.17358398 0
vn 0.9848633 -0.17358398 0
vn 0.9848633 -0.17358398 0
vn 0.9848633 -0.17358398 0
vn 0.9848633 -0.17358398 0
vn 0.9848633 -0.17358398 0
vn 0.9848633 -0.17358398 0
vn -0.9848633 0.17358398 0
vn -0.9848633 0.17358398 0
vn -0.9848633 0.17358398 0
vn -0.9848633 0.17358398 0
vn 0.052459717 0.29760742 0.953125
vn 0.052459717 0.29760742 0.953125
vn 0.052459717 0.29760742 0.953125
vn 0.052459717 0.29760742 0.953125
vn -0.052459717 -0.29760742 -0.953125
vn -0.052459717 -0.29760742 -0.953125
vn -0.052459717 -0.29760742 -0.953125
vn -0.052459717 -0.29760742 -0.953125
vn 0.052459717 0.29760742 0.953125
vn 0.052459717 0.29760742 0.953125
vn 0.052459717 0.29760742 0.953125
vn 0.052459717 0.29760742 0.953125
vn -0.052459717 -0.29760742 -0.953125
vn -0.052459717 -0.29760742 -0.953125
vn -0.052459717 -0.29760742 -0.953125
vn -0.052459717 -0.29760742 -0.953125
vn 1 0 0
vn 1 0 0
vn 1 0 0
vn 1 0 0
vn -0 1 0
vn -0 1 0
vn -0 1 0
vn -0 1 0
vn -0 1 0
vn -0 1 0
vn -0 1 0
vn -0 1 0
vn -0 1 0
vn -0 1 0
vn -0 1 0
vn -0 1 0
vn -0 1 0
vn -0 1 0
vn -0 1 0
vn -0 1 0
vn -0 1 0
vn -0 1 0
vn -0 1 0
vn -0 1 0
vn -0 1 0
vn -0 1 0
vn -0 1 0
vn -0 1 0
vn -0 1 0
vn -0 1 0
vn -0 1 0
vn -0 1 0
vn -0 1 0
vn -0 1 0
vn -0 1 0
vn -0 1 0
vn -0 -1 0
vn -0 -1 0
vn -0 -1 0
vn -0 -1 0
vn -0 -1 0
vn -0 -1 0
vn -0 -1 0
vn -0 -1 0
vn -0 -1 0
vn -0 -1 0
vn -0 -1 0
vn -0 -1 0
vn -0 -1 0
vn -0 -1 0
vn -0 -1 0
vn -0 -1 0
vn -0 -1 0
vn -0 -1 0
vn -0 -1 0
vn -0 -1 0
vn -0 -1 0
vn -0 -1 0
vn -0 -1 0
vn -0 -1 0
vn -0 -1 0
vn -0 -1 0
vn -0 -1 0
vn -0 -1 0
vn -0 -1 0
vn -0 -1 0
vn -0 -1 0
vn -0 -1 0
vn -0 -1 0
vn -0 -1 0
vn -0 -1 0
vn -0 -1 0
vn -0 -1 0
vn -0 -1 0
vn -0 -1 0
vn -0 -1 0
vn -0 -1 0
vn -0 -1 0
vn -0 -1 0
vn -0 -1 0
vn -0 -1 0
vn -0 -1 0
vn -0 -1 0
vn -0 -1 0
vn -0 -1 0
vn -0 -1 0
vn -0 -1 0
vn -0 -1 0
vn -0 -1 0
vn -0 -1 0
vn -0 -1 0
vn -0 -1 0
vn -0 -1 0
vn -0 -1 0
vn -0 -1 0
vn -0 -1 0
vn -0 -1 0
vn -0 -1 0
vn -0 -1 0
vn -0 -1 0
vn -0 -1 0
vn -0 -1 0
vn -0 -1 0
vn -0 -1 0
vn -0 -1 0
vn -0 -1 0
vn -0 -1 0
vn -0 -1 0
vn -0 -1 0
vn -0 -1 0
vn -0 -1 0
vn -0 -1 0
vn -0 -1 0
vn -0 -1 0
vn -0 -1 0
vn -0 -1 0
vn -0 -1 0
vn -0 -1 0
vn -0 -1 0
vn -0 -1 0
vn -0 -1 0
vn -0 -1 0
vn -0 -1 0
vn -0 -1 0
vn -0 -1 0
vn -0 -1 0
vn -0 -1 0
vn -0 -1 0
vn -0 1 0
vn -0 1 0
vn -0 1 0
vn -0 1 0
vn -0 1 0
vn -0 1 0
vn -0 1 0
vn -0 1 0
vn -0 1 0
vn -0 1 0
vn -0 1 0
vn -0 1 0
vn -0 1 0
vn -0 1 0
vn -0 1 0
vn -0 1 0
vn -0 1 0
vn -0 1 0
vn -0 1 0
vn -0 1 0
vn -0 1 0
vn -0 1 0
vn -0 1 0
vn -0 1 0
vn -0 1 0
vn -0 1 0
vn -0 1 0
vn -0 1 0
vn -0 1 0
vn -0 1 0
vn -0 1 0
vn -0 1 0
vn -0 1 0
vn -0 1 0
vn -0 1 0
vn -0 1 0
vn -0 1 0
vn -0 1 0
vn -0 1 0
vn -0 1 0
vn -0 1 0
vn -0 1 0
vn -0 1 0
vn -0 1 0
vn -0 1 0
vn -0 1 0
vn -0 1 0
vn -0 1 0
vn -0 1 0
vn -0 1 0
vn -0 1 0
vn -0 1 0
vn -0 1 0
vn -0 1 0
vn -0 1 0
vn -0 1 0
vn -0 1 0
vn -0 1 0
vn -0 1 0
vn -0 1 0
vn 0.49609375 -0.84375 0.2055664
vn 0.5371094 -0.84375 0
vn 0.5371094 -0.84375 0
vn 0.49609375 -0.84375 -0.2055664
vn 0.49609375 -0.84375 0.2055664
vn 0.49609375 -0.84375 -0.2055664
vn 0.37963867 -0.84375 0.37963867
vn 0.37963867 -0.84375 0.37963867
vn 0.20544434 -0.84375 0.4963379
vn 0.20544434 -0.84375 0.4963379
vn 0.37963867 -0.84375 -0.37963867
vn 0.37963867 -0.84375 -0.37963867
vn 0.20544434 -0.84375 -0.4963379
vn 0.20544434 -0.84375 -0.4963379
vn -0 -0.84375 0.5371094
vn -0 -0.84375 0.5371094
vn -0.2055664 -0.8432617 0.4963379
vn -0.2055664 -0.8432617 0.4963379
vn -0.37963867 -0.84375 0.37963867
vn -0.37963867 -0.84375 0.37963867
vn -0 -0.84375 -0.5371094
vn -0 -0.84375 -0.5371094
vn -0.2055664 -0.8432617 -0.4963379
vn -0.2055664 -0.8432617 -0.4963379
vn -0.37963867 -0.84375 -0.37963867
vn -0.37963867 -0.84375 -0.37963867
vn -0.49609375 -0.84375 0.2055664
vn -0.49609375 -0.84375 0.2055664
vn -0.49609375 -0.84375 -0.2055664
vn -0.49609375 -0.84375 -0.2055664
vn -0.5371094 -0.84375 0
vn -0.5371094 -0.84375 0
vn 0.24182129 -0.9399414 0.24182129
vn 0.34204102 -0.9399414 0
vn 0.34204102 -0.9399414 0
vn 0.24182129 -0.9399414 -0.24182129
vn 0.24182129 -0.9399414 0.24182129
vn 0.24182129 -0.9399414 -0.24182129
vn -0 -0.9399414 0.34179688
vn -0 -0.9399414 0.34179688
vn -0.24182129 -0.9399414 0.24182129
vn -0.24182129 -0.9399414 0.24182129
vn -0 -0.9399414 -0.34179688
vn -0 -0.9399414 -0.34179688
vn -0.24182129 -0.9399414 -0.24182129
vn -0.24182129 -0.9399414 -0.24182129
vn -0.34204102 -0.9399414 0
vn -0.34204102 -0.9399414 0
vn -0 -1 0
vn -0.9248047 -0.38061523 0
vn -0.46240234 -0.38061523 0.80078125
vn -0.46240234 -0.38061523 -0.80078125
vn 0.46240234 -0.38061523 0.80078125
vn 0.46240234 -0.38061523 -0.80078125
vn 0.9248047 -0.38061523 0
vn -0 -1 0
vn -0 -0.45532227 -0.8901367
vn -0.8901367 -0.4555664 0
vn 0.8901367 -0.4555664 0
vn -0 -0.45532227 0.8901367
vn -0.0869751 -0.99609375 0
vn 0.2578125 -0.02255249 0.9658203
vn -0.0871582 -0.99609375 0
vn -0.2578125 0.02255249 -0.9658203
vn 0.2578125 -0.02255249 0.9658203
vn -0.2578125 0.02255249 -0.9658203
vn 0.0869751 0.99609375 0
vn 0.0871582 0.99609375 0
vn -0.2578125 -0.02255249 0.9658203
vn -0.0871582 0.99609375 0
vn -0.0869751 0.99609375 0
vn 0.2578125 0.02255249 -0.9658203
vn -0.2578125 -0.02255249 0.9658203
vn 0.2578125 0.02255249 -0.9658203
vn 0.0871582 -0.99609375 0
vn 0.0869751 -0.99609375 0
vn -0.7661133 0.6425781 0
vn -0.16638184 -0.19836426 -0.9658203
vn -0.16625977 -0.19812012 -0.9658203
vn 0.7661133 -0.6425781 0
vn -0.7661133 0.6425781 0
vn 0.7661133 -0.6425781 0
vn 0.16638184 0.19836426 0.9658203
vn 0.16638184 0.19824219 0.9658203
vn 0.16638184 -0.19836426 -0.9658203
vn 0.7661133 0.6425781 0
vn 0.16625977 -0.19812012 -0.9658203
vn -0.7661133 -0.6425781 0
vn 0.7661133 0.6425781 0
vn -0.7661133 -0.6425781 0
vn -0.16638184 0.19836426 0.9658203
vn -0.16638184 0.19824219 0.9658203
vn -0 -1 0
vn -0 -1 0
vn -0 -1 0
vn -0 -1 0
vn -0 -1 0
vn -0 -1 0
vn -0 -1 0
vn -0 -1 0
vn -0 -1 0
vn -0 -1 0
vn -0 -1 0
vn -0 -1 0
vn -0 -1 0
vn -0 -1 0
vn -0 -1 0
vn -0 -1 0
vn -0 -1 0
vn -0 -1 0
vn -0 -1 0
vn -0 -1 0
vn -0 -1 0
vn -0 -1 0
vn -0 -1 0
vn -0 -1 0
vn -0 -1 0
vn -0 -1 0
vn -0 -1 0
vn -0 -1 0
vn -0 -1 0
vn -0 -1 0
vn -0 -1 0
vn -0 -1 0
vn 0.13232422 0.93847656 -0.31958008
vn 0.24450684 0.93847656 -0.24450684
vn 0.24450684 0.93847656 -0.24450684
vn 0.31958008 0.93847656 -0.13232422
vn 0.13232422 0.93847656 -0.31958008
vn 0.31958008 0.93847656 -0.13232422
vn 0.34570312 0.93847656 0
vn 0.34570312 0.93847656 0
vn 0.31958008 0.93847656 0.13232422
vn 0.31958008 0.93847656 0.13232422
vn 0.24450684 0.93847656 0.24450684
vn 0.24450684 0.93847656 0.24450684
vn 0.13232422 0.93847656 0.31958008
vn 0.13232422 0.93847656 0.31958008
vn -0 0.93847656 0.34594727
vn -0 0.93847656 0.34594727
vn -0 0.93847656 -0.34594727
vn -0 0.93847656 -0.34594727
vn -0.13232422 0.93847656 -0.31958008
vn -0.13232422 0.93847656 -0.31958008
vn -0.13232422 0.93847656 0.31958008
vn -0.13232422 0.93847656 0.31958008
vn -0.24450684 0.93847656 0.24450684
vn -0.24450684 0.93847656 0.24450684
vn -0.31958008 0.93847656 0.13232422
vn -0.31958008 0.93847656 0.13232422
vn -0.34570312 0.93847656 0
vn -0.34570312 0.93847656 0
vn -0.31958008 0.93847656 -0.13232422
vn -0.31958008 0.93847656 -0.13232422
vn -0.24450684 0.93847656 -0.24450684
vn -0.24450684 0.93847656 -0.24450684
vn -1 1.1920929E-07 0
vn -1 0 0
vn -1 0 0
vn -1 0 0
vn -1 0 0
vn -1 0 0
vn -1 0 0
vn -1 0 0
vn -1 0 0
vn -1 0 0
vn -1 0 0
vn 1 1.1920929E-07 0
vn 1 0 0
vn 1 0 0
vn 1 0 0
vn 1 0 0
vn 1 0 0
vn 1 0 0
vn 1 0 0
vn 1 0 0
vn 1 0 0
vn 1 0 0
vn -0 0 1
vn -1 0 0
vn -1 0 0
vn -0 0 1
vn -0 0 -1
vn 1 0 0
vn -0 0 -1
vn 1 0 0
g FX_0331_Labor_Decagram_Original_Mesh_0
f 3/3/3 2/2/2 1/1/1
f 6/6/6 5/5/5 4/4/4
f 9/9/9 8/8/8 7/7/7
f 12/12/12 11/11/11 10/10/10
f 15/15/15 14/14/14 13/13/13
f 17/17/17 16/16/16 13/13/13
f 20/20/20 19/19/19 18/18/18
f 22/22/22 21/21/21 18/18/18
f 25/25/25 24/24/24 23/23/23
f 28/28/28 27/27/27 26/26/26
f 31/31/31 30/30/30 29/29/29
f 34/34/34 33/33/33 32/32/32
f 37/37/37 36/36/36 35/35/35
f 40/40/40 39/39/39 38/38/38
f 43/43/43 42/42/42 41/41/41
f 46/46/46 45/45/45 44/44/44
f 49/49/49 48/48/48 47/47/47
f 52/52/52 51/51/51 50/50/50
f 55/55/55 54/54/54 53/53/53
f 58/58/58 57/57/57 56/56/56
f 61/61/61 60/60/60 59/59/59
f 61/61/61 62/62/62 60/60/60
f 65/65/65 64/64/64 63/63/63
f 66/66/66 65/65/65 63/63/63
f 67/67/67 66/66/66 63/63/63
f 63/63/63 68/68/68 67/67/67
f 67/67/67 68/68/68 69/69/69
f 70/70/70 67/67/67 69/69/69
f 73/73/73 72/72/72 71/71/71
f 71/71/71 74/74/74 73/73/73
f 73/73/73 74/74/74 75/75/75
f 75/75/75 76/76/76 73/73/73
f 75/75/75 77/77/77 76/76/76
f 75/75/75 78/78/78 77/77/77
f 81/81/81 80/80/80 79/79/79
f 80/80/80 82/82/82 79/79/79
f 80/80/80 83/83/83 82/82/82
f 83/83/83 84/84/84 82/82/82
f 84/84/84 83/83/83 85/85/85
f 83/83/83 86/86/86 85/85/85
f 85/85/85 86/86/86 87/87/87
f 86/86/86 88/88/88 87/87/87
f 89/89/89 87/87/87 88/88/88
f 88/88/88 90/90/90 89/89/89
f 93/93/93 92/92/92 91/91/91
f 93/93/93 91/91/91 94/94/94
f 94/94/94 91/91/91 95/95/95
f 94/94/94 95/95/95 96/96/96
f 96/96/96 95/95/95 97/97/97
f 96/96/96 97/97/97 98/98/98
f 101/101/101 100/100/100 99/99/99
f 99/99/99 102/102/102 101/101/101
f 103/103/103 101/101/101 102/102/102
f 102/102/102 104/104/104 103/103/103
f 105/105/105 103/103/103 104/104/104
f 104/104/104 106/106/106 105/105/105
f 105/105/105 106/106/106 107/107/107
f 107/107/107 108/108/108 105/105/105
f 108/108/108 107/107/107 109/109/109
f 109/109/109 110/110/110 108/108/108
f 113/113/113 112/112/112 111/111/111
f 111/111/111 114/114/114 113/113/113
f 114/114/114 111/111/111 115/115/115
f 115/115/115 116/116/116 114/114/114
f 115/115/115 117/117/117 116/116/116
f 115/115/115 118/118/118 117/117/117
f 121/121/121 120/120/120 119/119/119
f 122/122/122 121/121/121 119/119/119
f 123/123/123 122/122/122 119/119/119
f 119/119/119 124/124/124 123/123/123
f 123/123/123 124/124/124 125/125/125
f 126/126/126 123/123/123 125/125/125
f 129/129/129 128/128/128 127/127/127
f 127/127/127 128/128/128 130/130/130
f 127/127/127 130/130/130 131/131/131
f 131/131/131 130/130/130 132/132/132
f 131/131/131 132/132/132 133/133/133
f 133/133/133 132/132/132 134/134/134
f 137/137/137 136/136/136 135/135/135
f 135/135/135 138/138/138 137/137/137
f 138/138/138 139/139/139 137/137/137
f 138/138/138 140/140/140 139/139/139
f 140/140/140 141/141/141 139/139/139
f 140/140/140 142/142/142 141/141/141
f 142/142/142 143/143/143 141/141/141
f 142/142/142 144/144/144 143/143/143
f 147/147/147 146/146/146 145/145/145
f 147/147/147 148/148/148 146/146/146
f 148/148/148 149/149/149 146/146/146
f 148/148/148 150/150/150 149/149/149
f 150/150/150 151/151/151 149/149/149
f 150/150/150 152/152/152 151/151/151
f 152/152/152 153/153/153 151/151/151
f 152/152/152 154/154/154 153/153/153
f 157/157/157 156/156/156 155/155/155
f 155/155/155 158/158/158 157/157/157
f 159/159/159 157/157/157 158/158/158
f 159/159/159 158/158/158 160/160/160
f 161/161/161 159/159/159 160/160/160
f 161/161/161 160/160/160 162/162/162
f 163/163/163 161/161/161 162/162/162
f 162/162/162 164/164/164 163/163/163
f 167/167/167 166/166/166 165/165/165
f 167/167/167 165/165/165 168/168/168
f 169/169/169 167/167/167 168/168/168
f 168/168/168 170/170/170 169/169/169
f 171/171/171 169/169/169 170/170/170
f 171/171/171 170/170/170 172/172/172
f 173/173/173 171/171/171 172/172/172
f 172/172/172 174/174/174 173/173/173
f 177/177/177 176/176/176 175/175/175
f 176/176/176 177/177/177 178/178/178
f 179/179/179 178/178/178 177/177/177
f 182/182/182 181/181/181 180/180/180
f 181/181/181 182/182/182 183/183/183
f 184/184/184 183/183/183 182/182/182
f 187/187/187 186/186/186 185/185/185
f 187/187/187 188/188/188 186/186/186
f 189/189/189 188/188/188 187/187/187
f 188/188/188 189/189/189 190/190/190
f 191/191/191 190/190/190 189/189/189
f 194/194/194 193/193/193 192/192/192
f 194/194/194 195/195/195 193/193/193
f 196/196/196 195/195/195 194/194/194
f 195/195/195 196/196/196 197/197/197
f 198/198/198 197/197/197 196/196/196
f 201/201/201 200/200/200 199/199/199
f 202/202/202 201/201/201 199/199/199
f 202/202/202 203/203/203 201/201/201
f 202/202/202 199/199/199 204/204/204
f 205/205/205 204/204/204 199/199/199
f 199/199/199 206/206/206 205/205/205
f 205/205/205 207/207/207 204/204/204
f 204/204/204 208/208/208 202/202/202
f 208/208/208 209/209/209 202/202/202
f 209/209/209 210/210/210 202/202/202
f 208/208/208 211/211/211 209/209/209
f 204/204/204 212/212/212 208/208/208
f 212/212/212 213/213/213 208/208/208
f 204/204/204 214/214/214 212/212/212
f 217/217/217 216/216/216 215/215/215
f 215/215/215 218/218/218 217/217/217
f 218/218/218 215/215/215 219/219/219
f 219/219/219 220/220/220 218/218/218
f 223/223/223 222/222/222 221/221/221
f 221/221/221 224/224/224 223/223/223
f 224/224/224 221/221/221 225/225/225
f 225/225/225 226/226/226 224/224/224
f 229/229/229 228/228/228 227/227/227
f 227/227/227 230/230/230 229/229/229
f 230/230/230 227/227/227 231/231/231
f 231/231/231 232/232/232 230/230/230
f 235/235/235 234/234/234 233/233/233
f 233/233/233 236/236/236 235/235/235
f 236/236/236 233/233/233 237/237/237
f 237/237/237 238/238/238 236/236/236
f 241/241/241 240/240/240 239/239/239
f 239/239/239 242/242/242 241/241/241
f 242/242/242 239/239/239 243/243/243
f 243/243/243 244/244/244 242/242/242
f 247/247/247 246/246/246 245/245/245
f 245/245/245 248/248/248 247/247/247
f 248/248/248 245/245/245 249/249/249
f 249/249/249 250/250/250 248/248/248
f 253/253/253 252/252/252 251/251/251
f 251/251/251 254/254/254 253/253/253
f 254/254/254 251/251/251 255/255/255
f 255/255/255 256/256/256 254/254/254
f 259/259/259 258/258/258 257/257/257
f 257/257/257 260/260/260 259/259/259
f 260/260/260 257/257/257 261/261/261
f 261/261/261 262/262/262 260/260/260
f 265/265/265 264/264/264 263/263/263
f 263/263/263 266/266/266 265/265/265
f 267/267/267 265/265/265 266/266/266
f 266/266/266 268/268/268 267/267/267
f 263/263/263 269/269/269 266/266/266
f 269/269/269 270/270/270 266/266/266
f 273/273/273 272/272/272 271/271/271
f 273/273/273 271/271/271 274/274/274
f 274/274/274 271/271/271 275/275/275
f 275/275/275 276/276/276 274/274/274
f 274/274/274 277/277/277 273/273/273
f 274/274/274 278/278/278 277/277/277
f 281/281/281 280/280/280 279/279/279
f 279/279/279 282/282/282 281/281/281
f 281/281/281 282/282/282 283/283/283
f 284/284/284 281/281/281 283/283/283
f 287/287/287 286/286/286 285/285/285
f 288/288/288 287/287/287 285/285/285
f 288/288/288 285/285/285 289/289/289
f 290/290/290 288/288/288 289/289/289
f 293/293/293 292/292/292 291/291/291
f 294/294/294 293/293/293 291/291/291
f 295/295/295 294/294/294 291/291/291
f 291/291/291 296/296/296 295/295/295
f 299/299/299 298/298/298 297/297/297
f 300/300/300 299/299/299 297/297/297
f 300/300/300 297/297/297 301/301/301
f 302/302/302 300/300/300 301/301/301
f 305/305/305 304/304/304 303/303/303
f 303/303/303 306/306/306 305/305/305
f 307/307/307 305/305/305 306/306/306
f 306/306/306 308/308/308 307/307/307
f 309/309/309 307/307/307 308/308/308
f 308/308/308 310/310/310 309/309/309
f 313/313/313 312/312/312 311/311/311
f 311/311/311 312/312/312 314/314/314
f 311/311/311 314/314/314 315/315/315
f 315/315/315 314/314/314 316/316/316
f 319/319/319 318/318/318 317/317/317
f 317/317/317 320/320/320 319/319/319
f 321/321/321 319/319/319 320/320/320
f 320/320/320 322/322/322 321/321/321
f 325/325/325 324/324/324 323/323/323
f 323/323/323 326/326/326 325/325/325
f 325/325/325 326/326/326 327/327/327
f 327/327/327 328/328/328 325/325/325
f 329/329/329 328/328/328 327/327/327
f 327/327/327 330/330/330 329/329/329
f 333/333/333 332/332/332 331/331/331
f 332/332/332 334/334/334 331/331/331
f 332/332/332 335/335/335 334/334/334
f 335/335/335 336/336/336 334/334/334
f 335/335/335 337/337/337 336/336/336
f 337/337/337 338/338/338 336/336/336
f 341/341/341 340/340/340 339/339/339
f 339/339/339 342/342/342 341/341/341
f 342/342/342 339/339/339 343/343/343
f 342/342/342 343/343/343 344/344/344
f 347/347/347 346/346/346 345/345/345
f 348/348/348 347/347/347 345/345/345
f 348/348/348 345/345/345 349/349/349
f 350/350/350 348/348/348 349/349/349
f 353/353/353 352/352/352 351/351/351
f 352/352/352 354/354/354 351/351/351
f 355/355/355 354/354/354 352/352/352
f 352/352/352 356/356/356 355/355/355
f 356/356/356 357/357/357 355/355/355
f 357/357/357 358/358/358 355/355/355
f 361/361/361 360/360/360 359/359/359
f 361/361/361 362/362/362 360/360/360
f 362/362/362 363/363/363 360/360/360
f 362/362/362 364/364/364 363/363/363
f 364/364/364 365/365/365 363/363/363
f 364/364/364 366/366/366 365/365/365
f 367/367/367 365/365/365 366/366/366
f 366/366/366 368/368/368 367/367/367
f 371/371/371 370/370/370 369/369/369
f 371/371/371 372/372/372 370/370/370
f 375/375/375 374/374/374 373/373/373
f 375/375/375 376/376/376 374/374/374
f 379/379/379 378/378/378 377/377/377
f 377/377/377 380/380/380 379/379/379
f 381/381/381 380/380/380 377/377/377
f 377/377/377 382/382/382 381/381/381
f 381/381/381 382/382/382 383/383/383
f 383/383/383 384/384/384 381/381/381
f 385/385/385 384/384/384 383/383/383
f 386/386/386 385/385/385 383/383/383
f 385/385/385 386/386/386 387/387/387
f 388/388/388 387/387/387 386/386/386
f 387/387/387 388/388/388 389/389/389
f 389/389/389 390/390/390 387/387/387
f 393/393/393 392/392/392 391/391/391
f 391/391/391 394/394/394 393/393/393
f 397/397/397 396/396/396 395/395/395
f 395/395/395 398/398/398 397/397/397
f 401/401/401 400/400/400 399/399/399
f 399/399/399 402/402/402 401/401/401
f 401/401/401 402/402/402 403/403/403
f 403/403/403 404/404/404 401/401/401
f 405/405/405 404/404/404 403/403/403
f 406/406/406 405/405/405 403/403/403
f 405/405/405 406/406/406 407/407/407
f 407/407/407 408/408/408 405/405/405
f 408/408/408 407/407/407 409/409/409
f 409/409/409 410/410/410 408/408/408
f 410/410/410 409/409/409 411/411/411
f 409/409/409 412/412/412 411/411/411
f 415/415/415 414/414/414 413/413/413
f 415/415/415 416/416/416 414/414/414
f 416/416/416 417/417/417 414/414/414
f 416/416/416 418/418/418 417/417/417
f 418/418/418 419/419/419 417/417/417
f 418/418/418 420/420/420 419/419/419
f 420/420/420 421/421/421 419/419/419
f 420/420/420 422/422/422 421/421/421
f 425/425/425 424/424/424 423/423/423
f 425/425/425 426/426/426 424/424/424
f 429/429/429 428/428/428 427/427/427
f 429/429/429 430/430/430 428/428/428
f 433/433/433 432/432/432 431/431/431
f 433/433/433 434/434/434 432/432/432
f 437/437/437 436/436/436 435/435/435
f 437/437/437 438/438/438 436/436/436
f 441/441/441 440/440/440 439/439/439
f 441/441/441 442/442/442 440/440/440
f 445/445/445 444/444/444 443/443/443
f 445/445/445 446/446/446 444/444/444
f 449/449/449 448/448/448 447/447/447
f 448/448/448 450/450/450 447/447/447
f 453/453/453 452/452/452 451/451/451
f 452/452/452 454/454/454 451/451/451
f 457/457/457 456/456/456 455/455/455
f 456/456/456 458/458/458 455/455/455
f 461/461/461 460/460/460 459/459/459
f 460/460/460 462/462/462 459/459/459
f 465/465/465 464/464/464 463/463/463
f 464/464/464 466/466/466 463/463/463
f 469/469/469 468/468/468 467/467/467
f 469/469/469 467/467/467 470/470/470
f 470/470/470 467/467/467 471/471/471
f 470/470/470 472/472/472 469/469/469
f 473/473/473 469/469/469 472/472/472
f 474/474/474 472/472/472 470/470/470
f 471/471/471 475/475/475 470/470/470
f 475/475/475 471/471/471 476/476/476
f 471/471/471 477/477/477 476/476/476
f 476/476/476 478/478/478 475/475/475
f 479/479/479 475/475/475 478/478/478
f 482/482/482 481/481/481 480/480/480
f 480/480/480 483/483/483 482/482/482
f 486/486/486 485/485/485 484/484/484
f 487/487/487 486/486/486 484/484/484
f 487/487/487 484/484/484 488/488/488
f 488/488/488 489/489/489 487/487/487
f 490/490/490 487/487/487 489/489/489
f 491/491/491 486/486/486 487/487/487
f 487/487/487 492/492/492 491/491/491
f 491/491/491 492/492/492 493/493/493
f 493/493/493 494/494/494 491/491/491
f 492/492/492 495/495/495 493/493/493
f 496/496/496 493/493/493 495/495/495
f 499/499/499 498/498/498 497/497/497
f 499/499/499 500/500/500 498/498/498
f 503/503/503 502/502/502 501/501/501
f 503/503/503 504/504/504 502/502/502
f 507/507/507 506/506/506 505/505/505
f 505/505/505 508/508/508 507/507/507
f 508/508/508 505/505/505 509/509/509
f 509/509/509 510/510/510 508/508/508
f 510/510/510 509/509/509 511/511/511
f 509/509/509 512/512/512 511/511/511
f 513/513/513 511/511/511 512/512/512
f 511/511/511 513/513/513 514/514/514
f 510/510/510 511/511/511 515/515/515
f 515/515/515 511/511/511 514/514/514
f 516/516/516 510/510/510 515/515/515
f 517/517/517 515/515/515 514/514/514
f 515/515/515 518/518/518 516/516/516
f 517/517/517 518/518/518 515/515/515
f 521/521/521 520/520/520 519/519/519
f 520/520/520 522/522/522 519/519/519
f 523/523/523 522/522/522 520/520/520
f 523/523/523 524/524/524 522/522/522
f 522/522/522 524/524/524 525/525/525
f 525/525/525 526/526/526 522/522/522
f 526/526/526 525/525/525 527/527/527
f 527/527/527 528/528/528 526/526/526
f 529/529/529 526/526/526 528/528/528
f 528/528/528 530/530/530 529/529/529
f 533/533/533 532/532/532 531/531/531
f 531/531/531 534/534/534 533/533/533
f 537/537/537 536/536/536 535/535/535
f 538/538/538 537/537/537 535/535/535
f 538/538/538 535/535/535 539/539/539
f 540/540/540 538/538/538 539/539/539
f 543/543/543 542/542/542 541/541/541
f 544/544/544 542/542/542 543/543/543
f 547/547/547 546/546/546 545/545/545
f 546/546/546 548/548/548 545/545/545
f 551/551/551 550/550/550 549/549/549
f 552/552/552 551/551/551 549/549/549
f 552/552/552 549/549/549 553/553/553
f 554/554/554 552/552/552 553/553/553
f 553/553/553 555/555/555 554/554/554
f 555/555/555 556/556/556 554/554/554
f 559/559/559 558/558/558 557/557/557
f 558/558/558 560/560/560 557/557/557
f 563/563/563 562/562/562 561/561/561
f 562/562/562 564/564/564 561/561/561
f 565/565/565 564/564/564 562/562/562
f 562/562/562 566/566/566 565/565/565
f 566/566/566 562/562/562 567/567/567
f 567/567/567 562/562/562 568/568/568
f 569/569/569 567/567/567 568/568/568
f 567/567/567 570/570/570 566/566/566
f 571/571/571 567/567/567 569/569/569
f 570/570/570 567/567/567 571/571/571
f 571/571/571 572/572/572 570/570/570
f 575/575/575 574/574/574 573/573/573
f 576/576/576 575/575/575 573/573/573
f 576/576/576 573/573/573 577/577/577
f 578/578/578 576/576/576 577/577/577
f 581/581/581 580/580/580 579/579/579
f 580/580/580 582/582/582 579/579/579
f 582/582/582 580/580/580 583/583/583
f 583/583/583 584/584/584 582/582/582
f 582/582/582 584/584/584 585/585/585
f 584/584/584 586/586/586 585/585/585
f 586/586/586 587/587/587 585/585/585
f 588/588/588 585/585/585 587/587/587
f 585/585/585 588/588/588 589/589/589
f 582/582/582 585/585/585 589/589/589
f 590/590/590 582/582/582 589/589/589
f 593/593/593 592/592/592 591/591/591
f 593/593/593 594/594/594 592/592/592
f 597/597/597 596/596/596 595/595/595
f 596/596/596 598/598/598 595/595/595
f 601/601/601 600/600/600 599/599/599
f 599/599/599 600/600/600 602/602/602
f 602/602/602 603/603/603 599/599/599
f 604/604/604 603/603/603 602/602/602
f 607/607/607 606/606/606 605/605/605
f 605/605/605 608/608/608 607/607/607
f 609/609/609 607/607/607 608/608/608
f 608/608/608 610/610/610 609/609/609
f 611/611/611 609/609/609 610/610/610
f 610/610/610 612/612/612 611/611/611
f 615/615/615 614/614/614 613/613/613
f 613/613/613 616/616/616 615/615/615
f 616/616/616 613/613/613 617/617/617
f 617/617/617 618/618/618 616/616/616
f 621/621/621 620/620/620 619/619/619
f 620/620/620 622/622/622 619/619/619
f 625/625/625 624/624/624 623/623/623
f 624/624/624 626/626/626 623/623/623
f 626/626/626 627/627/627 623/623/623
f 628/628/628 623/623/623 627/627/627
f 631/631/631 630/630/630 629/629/629
f 629/629/629 632/632/632 631/631/631
f 633/633/633 631/631/631 632/632/632
f 632/632/632 634/634/634 633/633/633
f 637/637/637 636/636/636 635/635/635
f 635/635/635 638/638/638 637/637/637
f 641/641/641 640/640/640 639/639/639
f 639/639/639 642/642/642 641/641/641
f 645/645/645 644/644/644 643/643/643
f 646/646/646 644/644/644 645/645/645
f 649/649/649 648/648/648 647/647/647
f 647/647/647 650/650/650 649/649/649
f 647/647/647 651/651/651 650/650/650
f 652/652/652 650/650/650 651/651/651
f 655/655/655 654/654/654 653/653/653
f 656/656/656 655/655/655 653/653/653
f 653/653/653 657/657/657 656/656/656
f 657/657/657 658/658/658 656/656/656
f 661/661/661 660/660/660 659/659/659
f 659/659/659 662/662/662 661/661/661
f 665/665/665 664/664/664 663/663/663
f 663/663/663 666/666/666 665/665/665
f 666/666/666 667/667/667 665/665/665
f 667/667/667 668/668/668 665/665/665
f 671/671/671 670/670/670 669/669/669
f 669/669/669 672/672/672 671/671/671
f 675/675/675 674/674/674 673/673/673
f 673/673/673 676/676/676 675/675/675
f 675/675/675 676/676/676 677/677/677
f 678/678/678 675/675/675 677/677/677
f 681/681/681 680/680/680 679/679/679
f 679/679/679 682/682/682 681/681/681
f 685/685/685 684/684/684 683/683/683
f 686/686/686 683/683/683 684/684/684
f 689/689/689 688/688/688 687/687/687
f 687/687/687 690/690/690 689/689/689
f 691/691/691 690/690/690 687/687/687
f 687/687/687 692/692/692 691/691/691
f 695/695/695 694/694/694 693/693/693
f 696/696/696 694/694/694 695/695/695
f 699/699/699 698/698/698 697/697/697
f 700/700/700 699/699/699 697/697/697
f 700/700/700 697/697/697 701/701/701
f 702/702/702 700/700/700 701/701/701
f 705/705/705 704/704/704 703/703/703
f 703/703/703 706/706/706 705/705/705
f 706/706/706 707/707/707 705/705/705
f 703/703/703 708/708/708 706/706/706
f 711/711/711 710/710/710 709/709/709
f 712/712/712 709/709/709 710/710/710
f 710/710/710 713/713/713 712/712/712
f 714/714/714 712/712/712 713/713/713
f 717/717/717 716/716/716 715/715/715
f 716/716/716 718/718/718 715/715/715
f 716/716/716 719/719/719 718/718/718
f 719/719/719 720/720/720 718/718/718
f 723/723/723 722/722/722 721/721/721
f 721/721/721 724/724/724 723/723/723
f 724/724/724 721/721/721 725/725/725
f 725/725/725 726/726/726 724/724/724
f 729/729/729 728/728/728 727/727/727
f 730/730/730 729/729/729 727/727/727
f 730/730/730 727/727/727 731/731/731
f 732/732/732 730/730/730 731/731/731
f 735/735/735 734/734/734 733/733/733
f 733/733/733 736/736/736 735/735/735
f 737/737/737 736/736/736 733/733/733
f 738/738/738 737/737/737 733/733/733
f 741/741/741 740/740/740 739/739/739
f 742/742/742 739/739/739 740/740/740
f 739/739/739 742/742/742 743/743/743
f 743/743/743 744/744/744 739/739/739
f 747/747/747 746/746/746 745/745/745
f 748/748/748 747/747/747 745/745/745
f 747/747/747 748/748/748 749/749/749
f 749/749/749 750/750/750 747/747/747
f 753/753/753 752/752/752 751/751/751
f 752/752/752 754/754/754 751/751/751
f 751/751/751 754/754/754 755/755/755
f 755/755/755 756/756/756 751/751/751
f 759/759/759 758/758/758 757/757/757
f 760/760/760 757/757/757 758/758/758
f 758/758/758 761/761/761 760/760/760
f 762/762/762 760/760/760 761/761/761
f 765/765/765 764/764/764 763/763/763
f 764/764/764 766/766/766 763/763/763
f 764/764/764 767/767/767 766/766/766
f 767/767/767 768/768/768 766/766/766
f 771/771/771 770/770/770 769/769/769
f 769/769/769 772/772/772 771/771/771
f 772/772/772 769/769/769 773/773/773
f 773/773/773 774/774/774 772/772/772
f 777/777/777 776/776/776 775/775/775
f 778/778/778 777/777/777 775/775/775
f 778/778/778 775/775/775 779/779/779
f 780/780/780 778/778/778 779/779/779
f 783/783/783 782/782/782 781/781/781
f 782/782/782 783/783/783 784/784/784
f 784/784/784 785/785/785 782/782/782
f 786/786/786 784/784/784 783/783/783
f 783/783/783 787/787/787 786/786/786
f 786/786/786 788/788/788 784/784/784
f 791/791/791 790/790/790 789/789/789
f 792/792/792 789/789/789 790/790/790
f 790/790/790 793/793/793 792/792/792
f 794/794/794 792/792/792 793/793/793
f 797/797/797 796/796/796 795/795/795
f 796/796/796 798/798/798 795/795/795
f 796/796/796 799/799/799 798/798/798
f 799/799/799 800/800/800 798/798/798
f 803/803/803 802/802/802 801/801/801
f 801/801/801 804/804/804 803/803/803
f 804/804/804 801/801/801 805/805/805
f 805/805/805 806/806/806 804/804/804
f 809/809/809 808/808/808 807/807/807
f 810/810/810 809/809/809 807/807/807
f 810/810/810 807/807/807 811/811/811
f 812/812/812 810/810/810 811/811/811
f 815/815/815 814/814/814 813/813/813
f 813/813/813 816/816/816 815/815/815
f 816/816/816 817/817/817 815/815/815
f 817/817/817 818/818/818 815/815/815
f 821/821/821 820/820/820 819/819/819
f 819/819/819 822/822/822 821/821/821
f 825/825/825 824/824/824 823/823/823
f 826/826/826 825/825/825 823/823/823
f 826/826/826 823/823/823 827/827/827
f 828/828/828 826/826/826 827/827/827
f 831/831/831 830/830/830 829/829/829
f 832/832/832 829/829/829 830/830/830
f 835/835/835 834/834/834 833/833/833
f 833/833/833 834/834/834 836/836/836
f 837/837/837 833/833/833 836/836/836
f 838/838/838 836/836/836 834/834/834
f 841/841/841 840/840/840 839/839/839
f 839/839/839 842/842/842 841/841/841
f 845/845/845 844/844/844 843/843/843
f 843/843/843 846/846/846 845/845/845
f 849/849/849 848/848/848 847/847/847
f 848/848/848 850/850/850 847/847/847
f 853/853/853 852/852/852 851/851/851
f 853/853/853 854/854/854 852/852/852
f 857/857/857 856/856/856 855/855/855
f 858/858/858 855/855/855 856/856/856
f 856/856/856 859/859/859 858/858/858
f 860/860/860 858/858/858 859/859/859
f 863/863/863 862/862/862 861/861/861
f 862/862/862 864/864/864 861/861/861
f 867/867/867 866/866/866 865/865/865
f 865/865/865 868/868/868 867/867/867
f 868/868/868 865/865/865 869/869/869
f 869/869/869 870/870/870 868/868/868
f 873/873/873 872/872/872 871/871/871
f 872/872/872 874/874/874 871/871/871
f 877/877/877 876/876/876 875/875/875
f 878/878/878 875/875/875 876/876/876
f 879/879/879 878/878/878 876/876/876
f 880/880/880 875/875/875 878/878/878
f 883/883/883 882/882/882 881/881/881
f 881/881/881 884/884/884 883/883/883
f 885/885/885 884/884/884 881/881/881
f 881/881/881 886/886/886 885/885/885
f 889/889/889 888/888/888 887/887/887
f 887/887/887 890/890/890 889/889/889
f 890/890/890 887/887/887 891/891/891
f 892/892/892 891/891/891 887/887/887
f 893/893/893 891/891/891 892/892/892
f 894/894/894 893/893/893 892/892/892
f 893/893/893 895/895/895 891/891/891
f 896/896/896 891/891/891 895/895/895
f 895/895/895 893/893/893 897/897/897
f 898/898/898 897/897/897 893/893/893
f 898/898/898 893/893/893 894/894/894
f 899/899/899 898/898/898 894/894/894
f 900/900/900 898/898/898 899/899/899
f 899/899/899 901/901/901 900/900/900
f 901/901/901 903/903/903 902/902/902
f 902/902/902 904/904/904 901/901/901
f 904/904/904 902/902/902 905/905/905
f 902/902/902 906/906/906 905/905/905
f 905/905/905 906/906/906 907/907/907
f 906/906/906 908/908/908 907/907/907
f 909/909/909 907/907/907 908/908/908
f 908/908/908 910/910/910 909/909/909
f 911/911/911 909/909/909 910/910/910
f 910/910/910 912/912/912 911/911/911
f 911/911/911 912/912/912 913/913/913
f 914/914/914 913/913/913 912/912/912
f 915/915/915 912/912/912 910/910/910
f 910/910/910 916/916/916 915/915/915
f 919/919/919 918/918/918 917/917/917
f 917/917/917 920/920/920 919/919/919
f 921/921/921 920/920/920 917/917/917
f 917/917/917 922/922/922 921/921/921
f 925/925/925 924/924/924 923/923/923
f 923/923/923 926/926/926 925/925/925
f 926/926/926 923/923/923 927/927/927
f 927/927/927 928/928/928 926/926/926
f 928/928/928 927/927/927 929/929/929
f 929/929/929 930/930/930 928/928/928
f 931/931/931 925/925/925 926/926/926
f 926/926/926 932/932/932 931/931/931
f 932/932/932 926/926/926 928/928/928
f 928/928/928 933/933/933 932/932/932
f 933/933/933 928/928/928 930/930/930
f 930/930/930 934/934/934 933/933/933
f 934/934/934 930/930/930 935/935/935
f 935/935/935 936/936/936 934/934/934
f 925/925/925 931/931/931 937/937/937
f 937/937/937 938/938/938 925/925/925
f 939/939/939 938/938/938 937/937/937
f 940/940/940 939/939/939 937/937/937
f 939/939/939 940/940/940 941/941/941
f 940/940/940 942/942/942 941/941/941
f 942/942/942 940/940/940 943/943/943
f 944/944/944 942/942/942 943/943/943
f 946/946/946 945/945/945 936/936/936
f 936/936/936 947/947/947 946/946/946
f 946/946/946 947/947/947 948/948/948
f 948/948/948 949/949/949 946/946/946
f 949/949/949 948/948/948 950/950/950
f 950/950/950 951/951/951 949/949/949
f 951/951/951 950/950/950 952/952/952
f 952/952/952 953/953/953 951/951/951
f 954/954/954 951/951/951 953/953/953
f 953/953/953 955/955/955 954/954/954
f 953/953/953 952/952/952 956/956/956
f 955/955/955 953/953/953 956/956/956
f 952/952/952 957/957/957 956/956/956
f 958/958/958 956/956/956 957/957/957
f 956/956/956 959/959/959 955/955/955
f 959/959/959 956/956/956 958/958/958
f 957/957/957 960/960/960 958/958/958
f 958/958/958 961/961/961 959/959/959
f 958/958/958 960/960/960 962/962/962
f 963/963/963 961/961/961 958/958/958
f 962/962/962 964/964/964 958/958/958
f 958/958/958 964/964/964 963/963/963
f 967/967/967 966/966/966 965/965/965
f 965/965/965 968/968/968 967/967/967
f 969/969/969 968/968/968 965/965/965
f 965/965/965 970/970/970 969/969/969
f 973/973/973 972/972/972 971/971/971
f 971/971/971 974/974/974 973/973/973
f 974/974/974 971/971/971 975/975/975
f 973/973/973 974/974/974 976/976/976
f 977/977/977 973/973/973 976/976/976
f 978/978/978 976/976/976 974/974/974
f 975/975/975 979/979/979 974/974/974
f 979/979/979 978/978/978 974/974/974
f 978/978/978 979/979/979 980/980/980
f 979/979/979 975/975/975 981/981/981
f 982/982/982 980/980/980 979/979/979
f 981/981/981 982/982/982 979/979/979
f 980/980/980 982/982/982 983/983/983
f 982/982/982 981/981/981 984/984/984
f 984/984/984 983/983/983 982/982/982
f 985/985/985 984/984/984 981/981/981
f 983/983/983 984/984/984 986/986/986
f 984/984/984 985/985/985 987/987/987
f 984/984/984 988/988/988 986/986/986
f 987/987/987 988/988/988 984/984/984
f 986/986/986 988/988/988 989/989/989
f 988/988/988 987/987/987 990/990/990
f 988/988/988 991/991/991 989/989/989
f 990/990/990 991/991/991 988/988/988
f 992/992/992 989/989/989 991/991/991
f 991/991/991 990/990/990 993/993/993
f 991/991/991 994/994/994 992/992/992
f 993/993/993 994/994/994 991/991/991
f 995/995/995 992/992/992 994/994/994
f 994/994/994 996/996/996 995/995/995
f 996/996/996 994/994/994 993/993/993
f 993/993/993 997/997/997 996/996/996
f 1000/1000/1000 999/999/999 998/998/998
f 998/998/998 1001/1001/1001 1000/1000/1000
f 1004/1004/1004 1003/1003/1003 1002/1002/1002
f 1005/1005/1005 1002/1002/1002 1003/1003/1003
f 1002/1002/1002 1005/1005/1005 1006/1006/1006
f 1007/1007/1007 1006/1006/1006 1005/1005/1005
f 1006/1006/1006 1007/1007/1007 1008/1008/1008
f 1008/1008/1008 1009/1009/1009 1006/1006/1006
f 1009/1009/1009 1008/1008/1008 1010/1010/1010
f 1010/1010/1010 1011/1011/1011 1009/1009/1009
f 1011/1011/1011 1010/1010/1010 1012/1012/1012
f 1012/1012/1012 1013/1013/1013 1011/1011/1011
f 1016/1016/1016 1015/1015/1015 1014/1014/1014
f 1014/1014/1014 1017/1017/1017 1016/1016/1016
f 1018/1018/1018 1016/1016/1016 1017/1017/1017
f 1017/1017/1017 1019/1019/1019 1018/1018/1018
f 1022/1022/1022 1021/1021/1021 1020/1020/1020
f 1020/1020/1020 1023/1023/1023 1022/1022/1022
f 1023/1023/1023 1020/1020/1020 1024/1024/1024
f 1025/1025/1025 1024/1024/1024 1020/1020/1020
f 1024/1024/1024 1025/1025/1025 1026/1026/1026
f 1027/1027/1027 1026/1026/1026 1025/1025/1025
f 1026/1026/1026 1027/1027/1027 1028/1028/1028
f 1029/1029/1029 1028/1028/1028 1027/1027/1027
f 1028/1028/1028 1029/1029/1029 1030/1030/1030
f 1031/1031/1031 1030/1030/1030 1029/1029/1029
f 1034/1034/1034 1033/1033/1033 1032/1032/1032
f 1032/1032/1032 1035/1035/1035 1034/1034/1034
f 1035/1035/1035 1032/1032/1032 1036/1036/1036
f 1034/1034/1034 1035/1035/1035 1037/1037/1037
f 1038/1038/1038 1034/1034/1034 1037/1037/1037
f 1039/1039/1039 1037/1037/1037 1035/1035/1035
f 1036/1036/1036 1040/1040/1040 1035/1035/1035
f 1035/1035/1035 1040/1040/1040 1039/1039/1039
f 1040/1040/1040 1036/1036/1036 1041/1041/1041
f 1042/1042/1042 1039/1039/1039 1040/1040/1040
f 1041/1041/1041 1043/1043/1043 1040/1040/1040
f 1043/1043/1043 1042/1042/1042 1040/1040/1040
f 1043/1043/1043 1041/1041/1041 1044/1044/1044
f 1042/1042/1042 1043/1043/1043 1045/1045/1045
f 1044/1044/1044 1045/1045/1045 1043/1043/1043
f 1045/1045/1045 1046/1046/1046 1042/1042/1042
f 1045/1045/1045 1044/1044/1044 1047/1047/1047
f 1046/1046/1046 1045/1045/1045 1048/1048/1048
f 1047/1047/1047 1048/1048/1048 1045/1045/1045
f 1048/1048/1048 1049/1049/1049 1046/1046/1046
f 1048/1048/1048 1047/1047/1047 1050/1050/1050
f 1049/1049/1049 1048/1048/1048 1051/1051/1051
f 1050/1050/1050 1051/1051/1051 1048/1048/1048
f 1051/1051/1051 1052/1052/1052 1049/1049/1049
f 1051/1051/1051 1050/1050/1050 1053/1053/1053
f 1052/1052/1052 1051/1051/1051 1054/1054/1054
f 1053/1053/1053 1054/1054/1054 1051/1051/1051
f 1054/1054/1054 1055/1055/1055 1052/1052/1052
f 1054/1054/1054 1053/1053/1053 1056/1056/1056
f 1057/1057/1057 1055/1055/1055 1054/1054/1054
f 1056/1056/1056 1058/1058/1058 1054/1054/1054
f 1054/1054/1054 1058/1058/1058 1057/1057/1057
f 1061/1061/1061 1060/1060/1060 1059/1059/1059
f 1059/1059/1059 1062/1062/1062 1061/1061/1061
f 1065/1065/1065 1064/1064/1064 1063/1063/1063
f 1064/1064/1064 1066/1066/1066 1063/1063/1063
f 1066/1066/1066 1064/1064/1064 1067/1067/1067
f 1067/1067/1067 1068/1068/1068 1066/1066/1066
f 1071/1071/1071 1070/1070/1070 1069/1069/1069
f 1070/1070/1070 1072/1072/1072 1069/1069/1069
f 1075/1075/1075 1074/1074/1074 1073/1073/1073
f 1076/1076/1076 1073/1073/1073 1074/1074/1074
f 1079/1079/1079 1078/1078/1078 1077/1077/1077
f 1077/1077/1077 1078/1078/1078 1080/1080/1080
f 1081/1081/1081 1080/1080/1080 1078/1078/1078
f 1078/1078/1078 1082/1082/1082 1081/1081/1081
f 1083/1083/1083 1081/1081/1081 1082/1082/1082
f 1082/1082/1082 1084/1084/1084 1083/1083/1083
f 1087/1087/1087 1086/1086/1086 1085/1085/1085
f 1086/1086/1086 1088/1088/1088 1085/1085/1085
f 1091/1091/1091 1090/1090/1090 1089/1089/1089
f 1090/1090/1090 1092/1092/1092 1089/1089/1089
f 1095/1095/1095 1094/1094/1094 1093/1093/1093
f 1095/1095/1095 1096/1096/1096 1094/1094/1094
f 1099/1099/1099 1098/1098/1098 1097/1097/1097
f 1097/1097/1097 1098/1098/1098 1100/1100/1100
f 1101/1101/1101 1100/1100/1100 1098/1098/1098
f 1101/1101/1101 1098/1098/1098 1102/1102/1102
f 1103/1103/1103 1101/1101/1101 1102/1102/1102
f 1102/1102/1102 1104/1104/1104 1103/1103/1103
f 1107/1107/1107 1106/1106/1106 1105/1105/1105
f 1106/1106/1106 1108/1108/1108 1105/1105/1105
f 1111/1111/1111 1110/1110/1110 1109/1109/1109
f 1111/1111/1111 1112/1112/1112 1110/1110/1110
f 1115/1115/1115 1114/1114/1114 1113/1113/1113
f 1116/1116/1116 1115/1115/1115 1113/1113/1113
f 1117/1117/1117 1115/1115/1115 1116/1116/1116
f 1118/1118/1118 1117/1117/1117 1116/1116/1116
f 1119/1119/1119 1117/1117/1117 1118/1118/1118
f 1120/1120/1120 1119/1119/1119 1118/1118/1118
f 1121/1121/1121 1119/1119/1119 1120/1120/1120
f 1122/1122/1122 1121/1121/1121 1120/1120/1120
f 1125/1125/1125 1124/1124/1124 1123/1123/1123
f 1126/1126/1126 1124/1124/1124 1125/1125/1125
f 1126/1126/1126 1127/1127/1127 1124/1124/1124
f 1128/1128/1128 1127/1127/1127 1126/1126/1126
f 1128/1128/1128 1129/1129/1129 1127/1127/1127
f 1130/1130/1130 1129/1129/1129 1128/1128/1128
f 1130/1130/1130 1131/1131/1131 1129/1129/1129
f 1132/1132/1132 1131/1131/1131 1130/1130/1130
f 1135/1135/1135 1134/1134/1134 1133/1133/1133
f 1133/1133/1133 1136/1136/1136 1135/1135/1135
f 1137/1137/1137 1135/1135/1135 1136/1136/1136
f 1136/1136/1136 1138/1138/1138 1137/1137/1137
f 1139/1139/1139 1137/1137/1137 1138/1138/1138
f 1138/1138/1138 1140/1140/1140 1139/1139/1139
f 1141/1141/1141 1139/1139/1139 1140/1140/1140
f 1140/1140/1140 1142/1142/1142 1141/1141/1141
f 1145/1145/1145 1144/1144/1144 1143/1143/1143
f 1145/1145/1145 1143/1143/1143 1146/1146/1146
f 1147/1147/1147 1145/1145/1145 1146/1146/1146
f 1147/1147/1147 1146/1146/1146 1148/1148/1148
f 1149/1149/1149 1147/1147/1147 1148/1148/1148
f 1149/1149/1149 1148/1148/1148 1150/1150/1150
f 1151/1151/1151 1149/1149/1149 1150/1150/1150
f 1151/1151/1151 1150/1150/1150 1152/1152/1152
f 1155/1155/1155 1154/1154/1154 1153/1153/1153
f 1156/1156/1156 1154/1154/1154 1155/1155/1155
f 1159/1159/1159 1158/1158/1158 1157/1157/1157
f 1159/1159/1159 1160/1160/1160 1158/1158/1158
f 1163/1163/1163 1162/1162/1162 1161/1161/1161
f 1164/1164/1164 1161/1161/1161 1162/1162/1162
f 1167/1167/1167 1166/1166/1166 1165/1165/1165
f 1165/1165/1165 1168/1168/1168 1167/1167/1167
f 1169/1169/1169 1167/1167/1167 1168/1168/1168
f 1168/1168/1168 1170/1170/1170 1169/1169/1169
f 1171/1171/1171 1169/1169/1169 1170/1170/1170
f 1170/1170/1170 1172/1172/1172 1171/1171/1171
f 1173/1173/1173 1171/1171/1171 1172/1172/1172
f 1172/1172/1172 1174/1174/1174 1173/1173/1173
f 1177/1177/1177 1176/1176/1176 1175/1175/1175
f 1175/1175/1175 1178/1178/1178 1177/1177/1177
f 1181/1181/1181 1180/1180/1180 1179/1179/1179
f 1182/1182/1182 1179/1179/1179 1180/1180/1180
f 1185/1185/1185 1184/1184/1184 1183/1183/1183
f 1186/1186/1186 1184/1184/1184 1185/1185/1185
f 1189/1189/1189 1188/1188/1188 1187/1187/1187
f 1189/1189/1189 1190/1190/1190 1188/1188/1188
f 1193/1193/1193 1192/1192/1192 1191/1191/1191
f 1192/1192/1192 1194/1194/1194 1191/1191/1191
f 1197/1197/1197 1196/1196/1196 1195/1195/1195
f 1197/1197/1197 1198/1198/1198 1196/1196/1196
f 1201/1201/1201 1200/1200/1200 1199/1199/1199
f 1199/1199/1199 1202/1202/1202 1201/1201/1201
f 1203/1203/1203 1201/1201/1201 1202/1202/1202
f 1202/1202/1202 1204/1204/1204 1203/1203/1203
f 1203/1203/1203 1204/1204/1204 1205/1205/1205
f 1205/1205/1205 1206/1206/1206 1203/1203/1203
f 1206/1206/1206 1205/1205/1205 1207/1207/1207
f 1207/1207/1207 1208/1208/1208 1206/1206/1206
f 1211/1211/1211 1210/1210/1210 1209/1209/1209
f 1209/1209/1209 1212/1212/1212 1211/1211/1211
f 1215/1215/1215 1214/1214/1214 1213/1213/1213
f 1213/1213/1213 1216/1216/1216 1215/1215/1215
f 1219/1219/1219 1218/1218/1218 1217/1217/1217
f 1218/1218/1218 1220/1220/1220 1217/1217/1217
f 1223/1223/1223 1222/1222/1222 1221/1221/1221
f 1221/1221/1221 1224/1224/1224 1223/1223/1223
f 1227/1227/1227 1226/1226/1226 1225/1225/1225
f 1226/1226/1226 1228/1228/1228 1225/1225/1225
f 1231/1231/1231 1230/1230/1230 1229/1229/1229
f 1232/1232/1232 1230/1230/1230 1231/1231/1231
f 1235/1235/1235 1234/1234/1234 1233/1233/1233
f 1236/1236/1236 1234/1234/1234 1235/1235/1235
f 1239/1239/1239 1238/1238/1238 1237/1237/1237
f 1237/1237/1237 1240/1240/1240 1239/1239/1239
f 1243/1243/1243 1242/1242/1242 1241/1241/1241
f 1242/1242/1242 1244/1244/1244 1241/1241/1241
f 1247/1247/1247 1246/1246/1246 1245/1245/1245
f 1246/1246/1246 1247/1247/1247 1248/1248/1248
f 1251/1251/1251 1250/1250/1250 1249/1249/1249
f 1249/1249/1249 1252/1252/1252 1251/1251/1251
f 1255/1255/1255 1254/1254/1254 1253/1253/1253
f 1255/1255/1255 1256/1256/1256 1254/1254/1254
f 1259/1259/1259 1258/1258/1258 1257/1257/1257
f 1258/1258/1258 1260/1260/1260 1257/1257/1257
f 1263/1263/1263 1262/1262/1262 1261/1261/1261
f 1261/1261/1261 1264/1264/1264 1263/1263/1263
f 1265/1265/1265 1263/1263/1263 1264/1264/1264
f 1264/1264/1264 1266/1266/1266 1265/1265/1265
f 1267/1267/1267 1265/1265/1265 1266/1266/1266
f 1266/1266/1266 1268/1268/1268 1267/1267/1267
f 1269/1269/1269 1267/1267/1267 1268/1268/1268
f 1268/1268/1268 1270/1270/1270 1269/1269/1269
f 1273/1273/1273 1272/1272/1272 1271/1271/1271
f 1272/1272/1272 1274/1274/1274 1271/1271/1271
f 1277/1277/1277 1276/1276/1276 1275/1275/1275
f 1276/1276/1276 1277/1277/1277 1278/1278/1278
f 1281/1281/1281 1280/1280/1280 1279/1279/1279
f 1280/1280/1280 1282/1282/1282 1279/1279/1279
f 1285/1285/1285 1284/1284/1284 1283/1283/1283
f 1286/1286/1286 1284/1284/1284 1285/1285/1285
f 1289/1289/1289 1288/1288/1288 1287/1287/1287
f 1287/1287/1287 1290/1290/1290 1289/1289/1289
f 1291/1291/1291 1289/1289/1289 1290/1290/1290
f 1290/1290/1290 1292/1292/1292 1291/1291/1291
f 1291/1291/1291 1292/1292/1292 1293/1293/1293
f 1293/1293/1293 1294/1294/1294 1291/1291/1291
f 1294/1294/1294 1293/1293/1293 1295/1295/1295
f 1295/1295/1295 1296/1296/1296 1294/1294/1294
f 1299/1299/1299 1298/1298/1298 1297/1297/1297
f 1299/1299/1299 1300/1300/1300 1298/1298/1298
f 1303/1303/1303 1302/1302/1302 1301/1301/1301
f 1302/1302/1302 1304/1304/1304 1301/1301/1301
f 1307/1307/1307 1306/1306/1306 1305/1305/1305
f 1308/1308/1308 1306/1306/1306 1307/1307/1307
f 1311/1311/1311 1310/1310/1310 1309/1309/1309
f 1311/1311/1311 1312/1312/1312 1310/1310/1310
f 1315/1315/1315 1314/1314/1314 1313/1313/1313
f 1313/1313/1313 1316/1316/1316 1315/1315/1315
f 1319/1319/1319 1318/1318/1318 1317/1317/1317
f 1317/1317/1317 1320/1320/1320 1319/1319/1319
f 1323/1323/1323 1322/1322/1322 1321/1321/1321
f 1324/1324/1324 1321/1321/1321 1322/1322/1322
f 1327/1327/1327 1326/1326/1326 1325/1325/1325
f 1328/1328/1328 1325/1325/1325 1326/1326/1326
f 1331/1331/1331 1330/1330/1330 1329/1329/1329
f 1330/1330/1330 1332/1332/1332 1329/1329/1329
f 1335/1335/1335 1334/1334/1334 1333/1333/1333
f 1333/1333/1333 1336/1336/1336 1335/1335/1335
f 1337/1337/1337 1335/1335/1335 1336/1336/1336
f 1336/1336/1336 1338/1338/1338 1337/1337/1337
f 1339/1339/1339 1337/1337/1337 1338/1338/1338
f 1338/1338/1338 1340/1340/1340 1339/1339/1339
f 1341/1341/1341 1339/1339/1339 1340/1340/1340
f 1340/1340/1340 1342/1342/1342 1341/1341/1341
f 1345/1345/1345 1344/1344/1344 1343/1343/1343
f 1344/1344/1344 1346/1346/1346 1343/1343/1343
f 1349/1349/1349 1348/1348/1348 1347/1347/1347
f 1350/1350/1350 1348/1348/1348 1349/1349/1349
f 1353/1353/1353 1352/1352/1352 1351/1351/1351
f 1351/1351/1351 1354/1354/1354 1353/1353/1353
f 1357/1357/1357 1356/1356/1356 1355/1355/1355
f 1357/1357/1357 1358/1358/1358 1356/1356/1356
f 1361/1361/1361 1360/1360/1360 1359/1359/1359
f 1362/1362/1362 1359/1359/1359 1360/1360/1360
f 1365/1365/1365 1364/1364/1364 1363/1363/1363
f 1364/1364/1364 1366/1366/1366 1363/1363/1363
f 1369/1369/1369 1368/1368/1368 1367/1367/1367
f 1370/1370/1370 1368/1368/1368 1369/1369/1369
f 1373/1373/1373 1372/1372/1372 1371/1371/1371
f 1371/1371/1371 1374/1374/1374 1373/1373/1373
f 1377/1377/1377 1376/1376/1376 1375/1375/1375
f 1376/1376/1376 1378/1378/1378 1375/1375/1375
f 1375/1375/1375 1378/1378/1378 1379/1379/1379
f 1378/1378/1378 1380/1380/1380 1379/1379/1379
f 1379/1379/1379 1380/1380/1380 1381/1381/1381
f 1380/1380/1380 1382/1382/1382 1381/1381/1381
f 1381/1381/1381 1382/1382/1382 1383/1383/1383
f 1382/1382/1382 1384/1384/1384 1383/1383/1383
f 1387/1387/1387 1386/1386/1386 1385/1385/1385
f 1385/1385/1385 1386/1386/1386 1388/1388/1388
f 1385/1385/1385 1388/1388/1388 1389/1389/1389
f 1389/1389/1389 1388/1388/1388 1390/1390/1390
f 1389/1389/1389 1390/1390/1390 1391/1391/1391
f 1391/1391/1391 1390/1390/1390 1392/1392/1392
f 1391/1391/1391 1392/1392/1392 1393/1393/1393
f 1393/1393/1393 1392/1392/1392 1394/1394/1394
f 1397/1397/1397 1396/1396/1396 1395/1395/1395
f 1397/1397/1397 1398/1398/1398 1396/1396/1396
f 1398/1398/1398 1399/1399/1399 1396/1396/1396
f 1398/1398/1398 1400/1400/1400 1399/1399/1399
f 1400/1400/1400 1401/1401/1401 1399/1399/1399
f 1400/1400/1400 1402/1402/1402 1401/1401/1401
f 1403/1403/1403 1401/1401/1401 1402/1402/1402
f 1402/1402/1402 1404/1404/1404 1403/1403/1403
f 1407/1407/1407 1406/1406/1406 1405/1405/1405
f 1405/1405/1405 1408/1408/1408 1407/1407/1407
f 1409/1409/1409 1407/1407/1407 1408/1408/1408
f 1408/1408/1408 1410/1410/1410 1409/1409/1409
f 1411/1411/1411 1409/1409/1409 1410/1410/1410
f 1410/1410/1410 1412/1412/1412 1411/1411/1411
f 1413/1413/1413 1411/1411/1411 1412/1412/1412
f 1412/1412/1412 1414/1414/1414 1413/1413/1413
f 1417/1417/1417 1416/1416/1416 1415/1415/1415
f 1418/1418/1418 1416/1416/1416 1417/1417/1417
f 1418/1418/1418 1419/1419/1419 1416/1416/1416
f 1420/1420/1420 1419/1419/1419 1418/1418/1418
f 1423/1423/1423 1422/1422/1422 1421/1421/1421
f 1421/1421/1421 1424/1424/1424 1423/1423/1423
f 1421/1421/1421 1425/1425/1425 1424/1424/1424
f 1426/1426/1426 1425/1425/1425 1421/1421/1421
f 1429/1429/1429 1428/1428/1428 1427/1427/1427
f 1428/1428/1428 1430/1430/1430 1427/1427/1427
f 1433/1433/1433 1432/1432/1432 1431/1431/1431
f 1432/1432/1432 1433/1433/1433 1434/1434/1434
f 1434/1434/1434 1435/1435/1435 1432/1432/1432
f 1435/1435/1435 1434/1434/1434 1436/1436/1436
f 1439/1439/1439 1438/1438/1438 1437/1437/1437
f 1440/1440/1440 1437/1437/1437 1438/1438/1438
f 1437/1437/1437 1440/1440/1440 1441/1441/1441
f 1441/1441/1441 1442/1442/1442 1437/1437/1437
f 1445/1445/1445 1444/1444/1444 1443/1443/1443
f 1446/1446/1446 1444/1444/1444 1445/1445/1445
f 1446/1446/1446 1447/1447/1447 1444/1444/1444
f 1448/1448/1448 1447/1447/1447 1446/1446/1446
f 1451/1451/1451 1450/1450/1450 1449/1449/1449
f 1452/1452/1452 1449/1449/1449 1450/1450/1450
f 1455/1455/1455 1454/1454/1454 1453/1453/1453
f 1456/1456/1456 1453/1453/1453 1454/1454/1454
f 1459/1459/1459 1458/1458/1458 1457/1457/1457
f 1458/1458/1458 1460/1460/1460 1457/1457/1457
f 1457/1457/1457 1460/1460/1460 1461/1461/1461
f 1460/1460/1460 1462/1462/1462 1461/1461/1461
f 1461/1461/1461 1462/1462/1462 1463/1463/1463
f 1462/1462/1462 1464/1464/1464 1463/1463/1463
f 1463/1463/1463 1464/1464/1464 1465/1465/1465
f 1464/1464/1464 1466/1466/1466 1465/1465/1465
f 1469/1469/1469 1468/1468/1468 1467/1467/1467
f 1470/1470/1470 1467/1467/1467 1468/1468/1468
f 1471/1471/1471 1467/1467/1467 1470/1470/1470
f 1472/1472/1472 1471/1471/1471 1470/1470/1470
f 1471/1471/1471 1472/1472/1472 1473/1473/1473
f 1473/1473/1473 1474/1474/1474 1471/1471/1471
f 1474/1474/1474 1473/1473/1473 1475/1475/1475
f 1475/1475/1475 1476/1476/1476 1474/1474/1474
f 1479/1479/1479 1478/1478/1478 1477/1477/1477
f 1480/1480/1480 1477/1477/1477 1478/1478/1478
f 1483/1483/1483 1482/1482/1482 1481/1481/1481
f 1483/1483/1483 1484/1484/1484 1482/1482/1482
f 1484/1484/1484 1485/1485/1485 1482/1482/1482
f 1484/1484/1484 1486/1486/1486 1485/1485/1485
f 1486/1486/1486 1487/1487/1487 1485/1485/1485
f 1486/1486/1486 1488/1488/1488 1487/1487/1487
f 1488/1488/1488 1489/1489/1489 1487/1487/1487
f 1488/1488/1488 1490/1490/1490 1489/1489/1489
f 1493/1493/1493 1492/1492/1492 1491/1491/1491
f 1492/1492/1492 1494/1494/1494 1491/1491/1491
f 1491/1491/1491 1494/1494/1494 1495/1495/1495
f 1494/1494/1494 1496/1496/1496 1495/1495/1495
f 1495/1495/1495 1496/1496/1496 1497/1497/1497
f 1497/1497/1497 1498/1498/1498 1495/1495/1495
f 1498/1498/1498 1497/1497/1497 1499/1499/1499
f 1499/1499/1499 1500/1500/1500 1498/1498/1498
f 1503/1503/1503 1502/1502/1502 1501/1501/1501
f 1504/1504/1504 1503/1503/1503 1501/1501/1501
f 1505/1505/1505 1503/1503/1503 1504/1504/1504
f 1506/1506/1506 1505/1505/1505 1504/1504/1504
f 1507/1507/1507 1505/1505/1505 1506/1506/1506
f 1508/1508/1508 1507/1507/1507 1506/1506/1506
f 1509/1509/1509 1507/1507/1507 1508/1508/1508
f 1510/1510/1510 1509/1509/1509 1508/1508/1508
f 1513/1513/1513 1512/1512/1512 1511/1511/1511
f 1513/1513/1513 1514/1514/1514 1512/1512/1512
f 1514/1514/1514 1515/1515/1515 1512/1512/1512
f 1514/1514/1514 1516/1516/1516 1515/1515/1515
f 1519/1519/1519 1518/1518/1518 1517/1517/1517
f 1517/1517/1517 1520/1520/1520 1519/1519/1519
f 1519/1519/1519 1520/1520/1520 1521/1521/1521
f 1521/1521/1521 1522/1522/1522 1519/1519/1519
f 1525/1525/1525 1524/1524/1524 1523/1523/1523
f 1525/1525/1525 1523/1523/1523 1526/1526/1526
f 1527/1527/1527 1525/1525/1525 1526/1526/1526
f 1527/1527/1527 1526/1526/1526 1528/1528/1528
f 1531/1531/1531 1530/1530/1530 1529/1529/1529
f 1529/1529/1529 1532/1532/1532 1531/1531/1531
f 1532/1532/1532 1529/1529/1529 1533/1533/1533
f 1529/1529/1529 1534/1534/1534 1533/1533/1533
f 1537/1537/1537 1536/1536/1536 1535/1535/1535
f 1537/1537/1537 1538/1538/1538 1536/1536/1536
f 1538/1538/1538 1539/1539/1539 1536/1536/1536
f 1538/1538/1538 1540/1540/1540 1539/1539/1539
f 1543/1543/1543 1542/1542/1542 1541/1541/1541
f 1541/1541/1541 1544/1544/1544 1543/1543/1543
f 1547/1547/1547 1546/1546/1546 1545/1545/1545
f 1545/1545/1545 1548/1548/1548 1547/1547/1547
f 1551/1551/1551 1550/1550/1550 1549/1549/1549
f 1550/1550/1550 1552/1552/1552 1549/1549/1549
f 1555/1555/1555 1554/1554/1554 1553/1553/1553
f 1556/1556/1556 1554/1554/1554 1555/1555/1555
f 1556/1556/1556 1557/1557/1557 1554/1554/1554
f 1558/1558/1558 1557/1557/1557 1556/1556/1556
f 1561/1561/1561 1560/1560/1560 1559/1559/1559
f 1559/1559/1559 1562/1562/1562 1561/1561/1561
f 1561/1561/1561 1562/1562/1562 1563/1563/1563
f 1561/1561/1561 1563/1563/1563 1564/1564/1564
f 1567/1567/1567 1566/1566/1566 1565/1565/1565
f 1567/1567/1567 1565/1565/1565 1568/1568/1568
f 1569/1569/1569 1567/1567/1567 1568/1568/1568
f 1569/1569/1569 1568/1568/1568 1570/1570/1570
f 1573/1573/1573 1572/1572/1572 1571/1571/1571
f 1571/1571/1571 1574/1574/1574 1573/1573/1573
f 1575/1575/1575 1574/1574/1574 1571/1571/1571
f 1576/1576/1576 1575/1575/1575 1571/1571/1571
f 1579/1579/1579 1578/1578/1578 1577/1577/1577
f 1579/1579/1579 1580/1580/1580 1578/1578/1578
f 1580/1580/1580 1581/1581/1581 1578/1578/1578
f 1580/1580/1580 1582/1582/1582 1581/1581/1581
f 1582/1582/1582 1583/1583/1583 1581/1581/1581
f 1582/1582/1582 1584/1584/1584 1583/1583/1583
f 1584/1584/1584 1585/1585/1585 1583/1583/1583
f 1584/1584/1584 1586/1586/1586 1585/1585/1585
f 1589/1589/1589 1588/1588/1588 1587/1587/1587
f 1588/1588/1588 1589/1589/1589 1590/1590/1590
f 1590/1590/1590 1591/1591/1591 1588/1588/1588
f 1591/1591/1591 1590/1590/1590 1592/1592/1592
f 1592/1592/1592 1593/1593/1593 1591/1591/1591
f 1593/1593/1593 1592/1592/1592 1594/1594/1594
f 1594/1594/1594 1595/1595/1595 1593/1593/1593
f 1595/1595/1595 1594/1594/1594 1596/1596/1596
f 1599/1599/1599 1598/1598/1598 1597/1597/1597
f 1599/1599/1599 1600/1600/1600 1598/1598/1598
f 1600/1600/1600 1601/1601/1601 1598/1598/1598
f 1600/1600/1600 1602/1602/1602 1601/1601/1601
f 1602/1602/1602 1603/1603/1603 1601/1601/1601
f 1602/1602/1602 1604/1604/1604 1603/1603/1603
f 1604/1604/1604 1605/1605/1605 1603/1603/1603
f 1604/1604/1604 1606/1606/1606 1605/1605/1605
f 1609/1609/1609 1608/1608/1608 1607/1607/1607
f 1607/1607/1607 1610/1610/1610 1609/1609/1609
f 1611/1611/1611 1609/1609/1609 1610/1610/1610
f 1610/1610/1610 1612/1612/1612 1611/1611/1611
f 1613/1613/1613 1611/1611/1611 1612/1612/1612
f 1612/1612/1612 1614/1614/1614 1613/1613/1613
f 1615/1615/1615 1613/1613/1613 1614/1614/1614
f 1614/1614/1614 1616/1616/1616 1615/1615/1615
f 1619/1619/1619 1618/1618/1618 1617/1617/1617
f 1617/1617/1617 1620/1620/1620 1619/1619/1619
f 1620/1620/1620 1617/1617/1617 1621/1621/1621
f 1621/1621/1621 1622/1622/1622 1620/1620/1620
f 1623/1623/1623 1622/1622/1622 1621/1621/1621
f 1621/1621/1621 1624/1624/1624 1623/1623/1623
f 1625/1625/1625 1623/1623/1623 1624/1624/1624
f 1625/1625/1625 1624/1624/1624 1626/1626/1626
f 1629/1629/1629 1628/1628/1628 1627/1627/1627
f 1627/1627/1627 1630/1630/1630 1629/1629/1629
f 1630/1630/1630 1627/1627/1627 1631/1631/1631
f 1631/1631/1631 1632/1632/1632 1630/1630/1630
f 1633/1633/1633 1632/1632/1632 1631/1631/1631
f 1631/1631/1631 1634/1634/1634 1633/1633/1633
f 1635/1635/1635 1633/1633/1633 1634/1634/1634
f 1634/1634/1634 1636/1636/1636 1635/1635/1635
f 1639/1639/1639 1638/1638/1638 1637/1637/1637
f 1637/1637/1637 1640/1640/1640 1639/1639/1639
f 1640/1640/1640 1637/1637/1637 1641/1641/1641
f 1641/1641/1641 1642/1642/1642 1640/1640/1640
f 1641/1641/1641 1643/1643/1643 1642/1642/1642
f 1643/1643/1643 1641/1641/1641 1644/1644/1644
f 1644/1644/1644 1645/1645/1645 1643/1643/1643
f 1645/1645/1645 1644/1644/1644 1646/1646/1646
f 1649/1649/1649 1648/1648/1648 1647/1647/1647
f 1647/1647/1647 1648/1648/1648 1650/1650/1650
f 1647/1647/1647 1650/1650/1650 1651/1651/1651
f 1651/1651/1651 1650/1650/1650 1652/1652/1652
f 1651/1651/1651 1652/1652/1652 1653/1653/1653
f 1653/1653/1653 1654/1654/1654 1651/1651/1651
f 1654/1654/1654 1653/1653/1653 1655/1655/1655
f 1655/1655/1655 1656/1656/1656 1654/1654/1654
f 1659/1659/1659 1658/1658/1658 1657/1657/1657
f 1659/1659/1659 1657/1657/1657 1660/1660/1660
f 1661/1661/1661 1659/1659/1659 1660/1660/1660
f 1661/1661/1661 1662/1662/1662 1659/1659/1659
f 1662/1662/1662 1663/1663/1663 1659/1659/1659
f 1660/1660/1660 1664/1664/1664 1661/1661/1661
f 1664/1664/1664 1665/1665/1665 1661/1661/1661
f 1666/1666/1666 1664/1664/1664 1660/1660/1660
f 1660/1660/1660 1667/1667/1667 1666/1666/1666
f 1662/1662/1662 1661/1661/1661 1668/1668/1668
f 1661/1661/1661 1669/1669/1669 1668/1668/1668
f 1668/1668/1668 1670/1670/1670 1662/1662/1662
f 1670/1670/1670 1671/1671/1671 1662/1662/1662
f 1668/1668/1668 1672/1672/1672 1670/1670/1670
f 1675/1675/1675 1674/1674/1674 1673/1673/1673
f 1673/1673/1673 1674/1674/1674 1676/1676/1676
f 1673/1673/1673 1676/1676/1676 1677/1677/1677
f 1677/1677/1677 1676/1676/1676 1678/1678/1678
f 1677/1677/1677 1678/1678/1678 1679/1679/1679
f 1679/1679/1679 1678/1678/1678 1680/1680/1680
f 1679/1679/1679 1680/1680/1680 1681/1681/1681
f 1681/1681/1681 1680/1680/1680 1682/1682/1682
f 1685/1685/1685 1684/1684/1684 1683/1683/1683
f 1683/1683/1683 1686/1686/1686 1685/1685/1685
f 1686/1686/1686 1687/1687/1687 1685/1685/1685
f 1686/1686/1686 1688/1688/1688 1687/1687/1687
f 1688/1688/1688 1689/1689/1689 1687/1687/1687
f 1688/1688/1688 1690/1690/1690 1689/1689/1689
f 1691/1691/1691 1689/1689/1689 1690/1690/1690
f 1690/1690/1690 1692/1692/1692 1691/1691/1691
f 1695/1695/1695 1694/1694/1694 1693/1693/1693
f 1693/1693/1693 1696/1696/1696 1695/1695/1695
f 1697/1697/1697 1695/1695/1695 1696/1696/1696
f 1696/1696/1696 1698/1698/1698 1697/1697/1697
f 1699/1699/1699 1697/1697/1697 1698/1698/1698
f 1698/1698/1698 1700/1700/1700 1699/1699/1699
f 1701/1701/1701 1699/1699/1699 1700/1700/1700
f 1700/1700/1700 1702/1702/1702 1701/1701/1701
f 1705/1705/1705 1704/1704/1704 1703/1703/1703
f 1706/1706/1706 1705/1705/1705 1703/1703/1703
f 1707/1707/1707 1705/1705/1705 1706/1706/1706
f 1708/1708/1708 1707/1707/1707 1706/1706/1706
f 1709/1709/1709 1707/1707/1707 1708/1708/1708
f 1710/1710/1710 1709/1709/1709 1708/1708/1708
f 1711/1711/1711 1709/1709/1709 1710/1710/1710
f 1712/1712/1712 1711/1711/1711 1710/1710/1710
f 1715/1715/1715 1714/1714/1714 1713/1713/1713
f 1715/1715/1715 1713/1713/1713 1716/1716/1716
f 1717/1717/1717 1715/1715/1715 1716/1716/1716
f 1717/1717/1717 1716/1716/1716 1718/1718/1718
f 1719/1719/1719 1717/1717/1717 1718/1718/1718
f 1719/1719/1719 1718/1718/1718 1720/1720/1720
f 1721/1721/1721 1719/1719/1719 1720/1720/1720
f 1721/1721/1721 1720/1720/1720 1722/1722/1722
f 1725/1725/1725 1724/1724/1724 1723/1723/1723
f 1724/1724/1724 1726/1726/1726 1723/1723/1723
f 1723/1723/1723 1726/1726/1726 1727/1727/1727
f 1726/1726/1726 1728/1728/1728 1727/1727/1727
f 1727/1727/1727 1728/1728/1728 1729/1729/1729
f 1728/1728/1728 1730/1730/1730 1729/1729/1729
f 1729/1729/1729 1730/1730/1730 1731/1731/1731
f 1730/1730/1730 1732/1732/1732 1731/1731/1731
f 1735/1735/1735 1734/1734/1734 1733/1733/1733
f 1733/1733/1733 1734/1734/1734 1736/1736/1736
f 1733/1733/1733 1736/1736/1736 1737/1737/1737
f 1737/1737/1737 1736/1736/1736 1738/1738/1738
f 1737/1737/1737 1738/1738/1738 1739/1739/1739
f 1739/1739/1739 1738/1738/1738 1740/1740/1740
f 1739/1739/1739 1740/1740/1740 1741/1741/1741
f 1741/1741/1741 1740/1740/1740 1742/1742/1742
f 1745/1745/1745 1744/1744/1744 1743/1743/1743
f 1743/1743/1743 1746/1746/1746 1745/1745/1745
f 1747/1747/1747 1745/1745/1745 1746/1746/1746
f 1746/1746/1746 1748/1748/1748 1747/1747/1747
f 1749/1749/1749 1747/1747/1747 1748/1748/1748
f 1748/1748/1748 1750/1750/1750 1749/1749/1749
f 1751/1751/1751 1749/1749/1749 1750/1750/1750
f 1750/1750/1750 1752/1752/1752 1751/1751/1751
f 1755/1755/1755 1754/1754/1754 1753/1753/1753
f 1755/1755/1755 1753/1753/1753 1756/1756/1756
f 1757/1757/1757 1755/1755/1755 1756/1756/1756
f 1756/1756/1756 1758/1758/1758 1757/1757/1757
f 1759/1759/1759 1757/1757/1757 1758/1758/1758
f 1758/1758/1758 1760/1760/1760 1759/1759/1759
f 1761/1761/1761 1759/1759/1759 1760/1760/1760
f 1761/1761/1761 1760/1760/1760 1762/1762/1762
f 1765/1765/1765 1764/1764/1764 1763/1763/1763
f 1765/1765/1765 1766/1766/1766 1764/1764/1764
f 1766/1766/1766 1767/1767/1767 1764/1764/1764
f 1766/1766/1766 1768/1768/1768 1767/1767/1767
f 1768/1768/1768 1769/1769/1769 1767/1767/1767
f 1768/1768/1768 1770/1770/1770 1769/1769/1769
f 1770/1770/1770 1771/1771/1771 1769/1769/1769
f 1770/1770/1770 1772/1772/1772 1771/1771/1771
f 1775/1775/1775 1774/1774/1774 1773/1773/1773
f 1773/1773/1773 1776/1776/1776 1775/1775/1775
f 1777/1777/1777 1775/1775/1775 1776/1776/1776
f 1776/1776/1776 1778/1778/1778 1777/1777/1777
f 1779/1779/1779 1777/1777/1777 1778/1778/1778
f 1778/1778/1778 1780/1780/1780 1779/1779/1779
f 1781/1781/1781 1779/1779/1779 1780/1780/1780
f 1780/1780/1780 1782/1782/1782 1781/1781/1781
f 1785/1785/1785 1784/1784/1784 1783/1783/1783
f 1785/1785/1785 1786/1786/1786 1784/1784/1784
f 1787/1787/1787 1784/1784/1784 1786/1786/1786
f 1786/1786/1786 1788/1788/1788 1787/1787/1787
f 1787/1787/1787 1788/1788/1788 1789/1789/1789
f 1789/1789/1789 1790/1790/1790 1787/1787/1787
f 1790/1790/1790 1789/1789/1789 1791/1791/1791
f 1791/1791/1791 1792/1792/1792 1790/1790/1790
f 1795/1795/1795 1794/1794/1794 1793/1793/1793
f 1796/1796/1796 1793/1793/1793 1794/1794/1794
f 1793/1793/1793 1796/1796/1796 1797/1797/1797
f 1798/1798/1798 1797/1797/1797 1796/1796/1796
f 1797/1797/1797 1798/1798/1798 1799/1799/1799
f 1799/1799/1799 1800/1800/1800 1797/1797/1797
f 1800/1800/1800 1799/1799/1799 1801/1801/1801
f 1801/1801/1801 1802/1802/1802 1800/1800/1800
f 1805/1805/1805 1804/1804/1804 1803/1803/1803
f 1804/1804/1804 1805/1805/1805 1806/1806/1806
f 1806/1806/1806 1807/1807/1807 1804/1804/1804
f 1807/1807/1807 1806/1806/1806 1808/1808/1808
f 1808/1808/1808 1809/1809/1809 1807/1807/1807
f 1809/1809/1809 1808/1808/1808 1810/1810/1810
f 1810/1810/1810 1811/1811/1811 1809/1809/1809
f 1811/1811/1811 1810/1810/1810 1812/1812/1812
f 1815/1815/1815 1814/1814/1814 1813/1813/1813
f 1813/1813/1813 1816/1816/1816 1815/1815/1815
f 1819/1819/1819 1818/1818/1818 1817/1817/1817
f 1820/1820/1820 1817/1817/1817 1818/1818/1818
f 1823/1823/1823 1822/1822/1822 1821/1821/1821
f 1821/1821/1821 1824/1824/1824 1823/1823/1823
f 1825/1825/1825 1823/1823/1823 1824/1824/1824
f 1824/1824/1824 1826/1826/1826 1825/1825/1825
f 1827/1827/1827 1825/1825/1825 1826/1826/1826
f 1826/1826/1826 1828/1828/1828 1827/1827/1827
f 1829/1829/1829 1827/1827/1827 1828/1828/1828
f 1828/1828/1828 1830/1830/1830 1829/1829/1829
f 1833/1833/1833 1832/1832/1832 1831/1831/1831
f 1832/1832/1832 1834/1834/1834 1831/1831/1831
f 1831/1831/1831 1834/1834/1834 1835/1835/1835
f 1834/1834/1834 1836/1836/1836 1835/1835/1835
f 1835/1835/1835 1836/1836/1836 1837/1837/1837
f 1836/1836/1836 1838/1838/1838 1837/1837/1837
f 1837/1837/1837 1838/1838/1838 1839/1839/1839
f 1838/1838/1838 1840/1840/1840 1839/1839/1839
f 1843/1843/1843 1842/1842/1842 1841/1841/1841
f 1844/1844/1844 1842/1842/1842 1843/1843/1843
f 1844/1844/1844 1845/1845/1845 1842/1842/1842
f 1846/1846/1846 1845/1845/1845 1844/1844/1844
f 1846/1846/1846 1847/1847/1847 1845/1845/1845
f 1848/1848/1848 1847/1847/1847 1846/1846/1846
f 1848/1848/1848 1849/1849/1849 1847/1847/1847
f 1850/1850/1850 1849/1849/1849 1848/1848/1848
f 1853/1853/1853 1852/1852/1852 1851/1851/1851
f 1853/1853/1853 1851/1851/1851 1854/1854/1854
f 1855/1855/1855 1853/1853/1853 1854/1854/1854
f 1854/1854/1854 1856/1856/1856 1855/1855/1855
f 1857/1857/1857 1855/1855/1855 1856/1856/1856
f 1856/1856/1856 1858/1858/1858 1857/1857/1857
f 1859/1859/1859 1857/1857/1857 1858/1858/1858
f 1858/1858/1858 1860/1860/1860 1859/1859/1859
f 1863/1863/1863 1862/1862/1862 1861/1861/1861
f 1861/1861/1861 1862/1862/1862 1864/1864/1864
f 1861/1861/1861 1864/1864/1864 1865/1865/1865
f 1865/1865/1865 1864/1864/1864 1866/1866/1866
f 1865/1865/1865 1866/1866/1866 1867/1867/1867
f 1867/1867/1867 1868/1868/1868 1865/1865/1865
f 1868/1868/1868 1867/1867/1867 1869/1869/1869
f 1869/1869/1869 1870/1870/1870 1868/1868/1868
f 1873/1873/1873 1872/1872/1872 1871/1871/1871
f 1873/1873/1873 1874/1874/1874 1872/1872/1872
f 1874/1874/1874 1875/1875/1875 1872/1872/1872
f 1874/1874/1874 1876/1876/1876 1875/1875/1875
f 1875/1875/1875 1876/1876/1876 1877/1877/1877
f 1877/1877/1877 1878/1878/1878 1875/1875/1875
f 1878/1878/1878 1877/1877/1877 1879/1879/1879
f 1879/1879/1879 1880/1880/1880 1878/1878/1878
f 1883/1883/1883 1882/1882/1882 1881/1881/1881
f 1881/1881/1881 1884/1884/1884 1883/1883/1883
f 1885/1885/1885 1883/1883/1883 1884/1884/1884
f 1884/1884/1884 1886/1886/1886 1885/1885/1885
f 1885/1885/1885 1886/1886/1886 1887/1887/1887
f 1887/1887/1887 1888/1888/1888 1885/1885/1885
f 1888/1888/1888 1887/1887/1887 1889/1889/1889
f 1889/1889/1889 1890/1890/1890 1888/1888/1888
f 1893/1893/1893 1892/1892/1892 1891/1891/1891
f 1894/1894/1894 1891/1891/1891 1892/1892/1892
f 1895/1895/1895 1891/1891/1891 1894/1894/1894
f 1896/1896/1896 1895/1895/1895 1894/1894/1894
f 1895/1895/1895 1896/1896/1896 1897/1897/1897
f 1897/1897/1897 1898/1898/1898 1895/1895/1895
f 1898/1898/1898 1897/1897/1897 1899/1899/1899
f 1899/1899/1899 1900/1900/1900 1898/1898/1898
f 1903/1903/1903 1902/1902/1902 1901/1901/1901
f 1901/1901/1901 1904/1904/1904 1903/1903/1903
f 1904/1904/1904 1901/1901/1901 1905/1905/1905
f 1905/1905/1905 1901/1901/1901 1906/1906/1906
f 1905/1905/1905 1907/1907/1907 1904/1904/1904
f 1904/1904/1904 1907/1907/1907 1908/1908/1908
f 1906/1906/1906 1909/1909/1909 1905/1905/1905
f 1908/1908/1908 1910/1910/1910 1904/1904/1904
f 1909/1909/1909 1906/1906/1906 1911/1911/1911
f 1911/1911/1911 1912/1912/1912 1909/1909/1909
f 1906/1906/1906 1913/1913/1913 1911/1911/1911
f 1914/1914/1914 1911/1911/1911 1913/1913/1913
f 1912/1912/1912 1911/1911/1911 1915/1915/1915
f 1911/1911/1911 1916/1916/1916 1915/1915/1915
f 1915/1915/1915 1916/1916/1916 1917/1917/1917
f 1917/1917/1917 1918/1918/1918 1915/1915/1915
f 1917/1917/1917 1916/1916/1916 1919/1919/1919
f 1919/1919/1919 1920/1920/1920 1917/1917/1917
f 1921/1921/1921 1918/1918/1918 1917/1917/1917
f 1917/1917/1917 1922/1922/1922 1921/1921/1921
f 1921/1921/1921 1922/1922/1922 1923/1923/1923
f 1923/1923/1923 1922/1922/1922 1924/1924/1924
f 1925/1925/1925 1923/1923/1923 1924/1924/1924
f 1923/1923/1923 1926/1926/1926 1921/1921/1921
f 1926/1926/1926 1923/1923/1923 1927/1927/1927
f 1927/1927/1927 1928/1928/1928 1926/1926/1926
f 1928/1928/1928 1927/1927/1927 1929/1929/1929
f 1929/1929/1929 1930/1930/1930 1928/1928/1928
f 1930/1930/1930 1929/1929/1929 1931/1931/1931
f 1932/1932/1932 1929/1929/1929 1927/1927/1927
f 1927/1927/1927 1933/1933/1933 1932/1932/1932
f 1929/1929/1929 1934/1934/1934 1931/1931/1931
f 1931/1931/1931 1934/1934/1934 1935/1935/1935
f 1935/1935/1935 1936/1936/1936 1931/1931/1931
f 1935/1935/1935 1934/1934/1934 1937/1937/1937
f 1937/1937/1937 1938/1938/1938 1935/1935/1935
f 1939/1939/1939 1936/1936/1936 1935/1935/1935
f 1940/1940/1940 1939/1939/1939 1935/1935/1935
f 1941/1941/1941 1939/1939/1939 1940/1940/1940
f 1942/1942/1942 1941/1941/1941 1940/1940/1940
f 1943/1943/1943 1942/1942/1942 1940/1940/1940
f 1940/1940/1940 1944/1944/1944 1943/1943/1943
f 1941/1941/1941 1942/1942/1942 1945/1945/1945
f 1945/1945/1945 1946/1946/1946 1941/1941/1941
f 1946/1946/1946 1945/1945/1945 1908/1908/1908
f 1945/1945/1945 1910/1910/1910 1908/1908/1908
f 1945/1945/1945 1947/1947/1947 1910/1910/1910
f 1947/1947/1947 1948/1948/1948 1910/1910/1910
f 1951/1951/1951 1950/1950/1950 1949/1949/1949
f 1951/1951/1951 1949/1949/1949 1952/1952/1952
f 1953/1953/1953 1951/1951/1951 1952/1952/1952
f 1954/1954/1954 1953/1953/1953 1952/1952/1952
f 1951/1951/1951 1953/1953/1953 1955/1955/1955
f 1956/1956/1956 1954/1954/1954 1952/1952/1952
f 1955/1955/1955 1957/1957/1957 1951/1951/1951
f 1952/1952/1952 1958/1958/1958 1956/1956/1956
f 1959/1959/1959 1957/1957/1957 1955/1955/1955
f 1955/1955/1955 1960/1960/1960 1959/1959/1959
f 1961/1961/1961 1957/1957/1957 1959/1959/1959
f 1959/1959/1959 1962/1962/1962 1961/1961/1961
f 1959/1959/1959 1960/1960/1960 1963/1963/1963
f 1959/1959/1959 1963/1963/1963 1964/1964/1964
f 1965/1965/1965 1964/1964/1964 1963/1963/1963
f 1963/1963/1963 1966/1966/1966 1965/1965/1965
f 1965/1965/1965 1967/1967/1967 1964/1964/1964
f 1967/1967/1967 1965/1965/1965 1968/1968/1968
f 1969/1969/1969 1965/1965/1965 1966/1966/1966
f 1969/1969/1969 1970/1970/1970 1965/1965/1965
f 1971/1971/1971 1970/1970/1970 1969/1969/1969
f 1969/1969/1969 1972/1972/1972 1971/1971/1971
f 1973/1973/1973 1970/1970/1970 1971/1971/1971
f 1971/1971/1971 1974/1974/1974 1973/1973/1973
f 1971/1971/1971 1972/1972/1972 1975/1975/1975
f 1975/1975/1975 1976/1976/1976 1971/1971/1971
f 1977/1977/1977 1976/1976/1976 1975/1975/1975
f 1975/1975/1975 1978/1978/1978 1977/1977/1977
f 1977/1977/1977 1978/1978/1978 1979/1979/1979
f 1976/1976/1976 1977/1977/1977 1980/1980/1980
f 1980/1980/1980 1981/1981/1981 1976/1976/1976
f 1977/1977/1977 1979/1979/1979 1982/1982/1982
f 1983/1983/1983 1982/1982/1982 1979/1979/1979
f 1979/1979/1979 1984/1984/1984 1983/1983/1983
f 1983/1983/1983 1985/1985/1985 1982/1982/1982
f 1986/1986/1986 1985/1985/1985 1983/1983/1983
f 1983/1983/1983 1984/1984/1984 1987/1987/1987
f 1987/1987/1987 1988/1988/1988 1983/1983/1983
f 1989/1989/1989 1988/1988/1988 1987/1987/1987
f 1987/1987/1987 1990/1990/1990 1989/1989/1989
f 1988/1988/1988 1989/1989/1989 1991/1991/1991
f 1991/1991/1991 1992/1992/1992 1988/1988/1988
f 1993/1993/1993 1989/1989/1989 1990/1990/1990
f 1990/1990/1990 1994/1994/1994 1993/1993/1993
f 1993/1993/1993 1994/1994/1994 1956/1956/1956
f 1993/1993/1993 1956/1956/1956 1958/1958/1958
f 1958/1958/1958 1995/1995/1995 1993/1993/1993
f 1995/1995/1995 1958/1958/1958 1996/1996/1996
f 1999/1999/1999 1998/1998/1998 1997/1997/1997
f 2000/2000/2000 1997/1997/1997 1998/1998/1998
f 2003/2003/2003 2002/2002/2002 2001/2001/2001
f 2002/2002/2002 2004/2004/2004 2001/2001/2001
f 2007/2007/2007 2006/2006/2006 2005/2005/2005
f 2005/2005/2005 2008/2008/2008 2007/2007/2007
f 2011/2011/2011 2010/2010/2010 2009/2009/2009
f 2009/2009/2009 2012/2012/2012 2011/2011/2011
f 2015/2015/2015 2014/2014/2014 2013/2013/2013
f 2014/2014/2014 2016/2016/2016 2013/2013/2013
f 2019/2019/2019 2018/2018/2018 2017/2017/2017
f 2019/2019/2019 2020/2020/2020 2018/2018/2018
f 2023/2023/2023 2022/2022/2022 2021/2021/2021
f 2024/2024/2024 2021/2021/2021 2022/2022/2022
f 2027/2027/2027 2026/2026/2026 2025/2025/2025
f 2025/2025/2025 2028/2028/2028 2027/2027/2027
f 2031/2031/2031 2030/2030/2030 2029/2029/2029
f 2030/2030/2030 2032/2032/2032 2029/2029/2029
f 2035/2035/2035 2034/2034/2034 2033/2033/2033
f 2033/2033/2033 2036/2036/2036 2035/2035/2035
f 2039/2039/2039 2038/2038/2038 2037/2037/2037
f 2037/2037/2037 2040/2040/2040 2039/2039/2039
f 2043/2043/2043 2042/2042/2042 2041/2041/2041
f 2042/2042/2042 2044/2044/2044 2041/2041/2041
f 2047/2047/2047 2046/2046/2046 2045/2045/2045
f 2045/2045/2045 2048/2048/2048 2047/2047/2047
f 2051/2051/2051 2050/2050/2050 2049/2049/2049
f 2052/2052/2052 2050/2050/2050 2051/2051/2051
f 2055/2055/2055 2054/2054/2054 2053/2053/2053
f 2056/2056/2056 2054/2054/2054 2055/2055/2055
f 2059/2059/2059 2058/2058/2058 2057/2057/2057
f 2057/2057/2057 2060/2060/2060 2059/2059/2059
f 2063/2063/2063 2062/2062/2062 2061/2061/2061
f 2061/2061/2061 2064/2064/2064 2063/2063/2063
f 2067/2067/2067 2066/2066/2066 2065/2065/2065
f 2065/2065/2065 2068/2068/2068 2067/2067/2067
f 2071/2071/2071 2070/2070/2070 2069/2069/2069
f 2072/2072/2072 2070/2070/2070 2071/2071/2071
f 2075/2075/2075 2074/2074/2074 2073/2073/2073
f 2076/2076/2076 2074/2074/2074 2075/2075/2075
f 2079/2079/2079 2078/2078/2078 2077/2077/2077
f 2079/2079/2079 2080/2080/2080 2078/2078/2078
f 2083/2083/2083 2082/2082/2082 2081/2081/2081
f 2084/2084/2084 2081/2081/2081 2082/2082/2082
f 2087/2087/2087 2086/2086/2086 2085/2085/2085
f 2085/2085/2085 2088/2088/2088 2087/2087/2087
f 2091/2091/2091 2090/2090/2090 2089/2089/2089
f 2089/2089/2089 2092/2092/2092 2091/2091/2091
f 2095/2095/2095 2094/2094/2094 2093/2093/2093
f 2093/2093/2093 2096/2096/2096 2095/2095/2095
f 2099/2099/2099 2098/2098/2098 2097/2097/2097
f 2098/2098/2098 2100/2100/2100 2097/2097/2097
f 2103/2103/2103 2102/2102/2102 2101/2101/2101
f 2101/2101/2101 2104/2104/2104 2103/2103/2103
f 2107/2107/2107 2106/2106/2106 2105/2105/2105
f 2105/2105/2105 2108/2108/2108 2107/2107/2107
f 2111/2111/2111 2110/2110/2110 2109/2109/2109
f 2110/2110/2110 2112/2112/2112 2109/2109/2109
f 2115/2115/2115 2114/2114/2114 2113/2113/2113
f 2113/2113/2113 2116/2116/2116 2115/2115/2115
f 2119/2119/2119 2118/2118/2118 2117/2117/2117
f 2120/2120/2120 2117/2117/2117 2118/2118/2118
f 2123/2123/2123 2122/2122/2122 2121/2121/2121
f 2121/2121/2121 2124/2124/2124 2123/2123/2123
f 2127/2127/2127 2126/2126/2126 2125/2125/2125
f 2125/2125/2125 2126/2126/2126 2128/2128/2128
f 2125/2125/2125 2128/2128/2128 2129/2129/2129
f 2130/2130/2130 2129/2129/2129 2128/2128/2128
f 2129/2129/2129 2130/2130/2130 2131/2131/2131
f 2132/2132/2132 2131/2131/2131 2130/2130/2130
f 2131/2131/2131 2132/2132/2132 2133/2133/2133
f 2133/2133/2133 2132/2132/2132 2134/2134/2134
f 2137/2137/2137 2136/2136/2136 2135/2135/2135
f 2138/2138/2138 2136/2136/2136 2137/2137/2137
f 2136/2136/2136 2138/2138/2138 2139/2139/2139
f 2140/2140/2140 2139/2139/2139 2138/2138/2138
f 2139/2139/2139 2140/2140/2140 2141/2141/2141
f 2142/2142/2142 2141/2141/2141 2140/2140/2140
f 2142/2142/2142 2143/2143/2143 2141/2141/2141
f 2144/2144/2144 2143/2143/2143 2142/2142/2142
f 2147/2147/2147 2146/2146/2146 2145/2145/2145
f 2145/2145/2145 2146/2146/2146 2148/2148/2148
f 2145/2145/2145 2148/2148/2148 2149/2149/2149
f 2150/2150/2150 2149/2149/2149 2148/2148/2148
f 2149/2149/2149 2150/2150/2150 2151/2151/2151
f 2152/2152/2152 2151/2151/2151 2150/2150/2150
f 2151/2151/2151 2152/2152/2152 2153/2153/2153
f 2153/2153/2153 2152/2152/2152 2154/2154/2154
f 2157/2157/2157 2156/2156/2156 2155/2155/2155
f 2157/2157/2157 2155/2155/2155 2158/2158/2158
f 2159/2159/2159 2157/2157/2157 2158/2158/2158
f 2158/2158/2158 2160/2160/2160 2159/2159/2159
f 2163/2163/2163 2162/2162/2162 2161/2161/2161
f 2163/2163/2163 2161/2161/2161 2164/2164/2164
f 2164/2164/2164 2161/2161/2161 2165/2165/2165
f 2165/2165/2165 2166/2166/2166 2164/2164/2164
f 2169/2169/2169 2168/2168/2168 2167/2167/2167
f 2168/2168/2168 2169/2169/2169 2170/2170/2170
f 2168/2168/2168 2170/2170/2170 2171/2171/2171
f 2170/2170/2170 2172/2172/2172 2171/2171/2171
f 2175/2175/2175 2174/2174/2174 2173/2173/2173
f 2175/2175/2175 2176/2176/2176 2174/2174/2174
f 2179/2179/2179 2178/2178/2178 2177/2177/2177
f 2177/2177/2177 2180/2180/2180 2179/2179/2179
f 2183/2183/2183 2182/2182/2182 2181/2181/2181
f 2183/2183/2183 2181/2181/2181 2184/2184/2184
f 2185/2185/2185 2183/2183/2183 2184/2184/2184
f 2185/2185/2185 2184/2184/2184 2186/2186/2186
f 2186/2186/2186 2187/2187/2187 2185/2185/2185
f 2188/2188/2188 2183/2183/2183 2185/2185/2185
f 2188/2188/2188 2189/2189/2189 2183/2183/2183
f 2192/2192/2192 2191/2191/2191 2190/2190/2190
f 2192/2192/2192 2193/2193/2193 2191/2191/2191
f 2196/2196/2196 2195/2195/2195 2194/2194/2194
f 2194/2194/2194 2197/2197/2197 2196/2196/2196
f 2200/2200/2200 2199/2199/2199 2198/2198/2198
f 2200/2200/2200 2201/2201/2201 2199/2199/2199
f 2204/2204/2204 2203/2203/2203 2202/2202/2202
f 2204/2204/2204 2205/2205/2205 2203/2203/2203
f 2208/2208/2208 2207/2207/2207 2206/2206/2206
f 2207/2207/2207 2209/2209/2209 2206/2206/2206
f 2212/2212/2212 2211/2211/2211 2210/2210/2210
f 2211/2211/2211 2213/2213/2213 2210/2210/2210
f 2211/2211/2211 2214/2214/2214 2213/2213/2213
f 2215/2215/2215 2213/2213/2213 2214/2214/2214
f 2215/2215/2215 2214/2214/2214 2216/2216/2216
f 2217/2217/2217 2215/2215/2215 2216/2216/2216
f 2220/2220/2220 2219/2219/2219 2218/2218/2218
f 2220/2220/2220 2218/2218/2218 2221/2221/2221
f 2222/2222/2222 2220/2220/2220 2221/2221/2221
f 2223/2223/2223 2222/2222/2222 2221/2221/2221
f 2224/2224/2224 2222/2222/2222 2223/2223/2223
f 2225/2225/2225 2224/2224/2224 2223/2223/2223
f 2226/2226/2226 2224/2224/2224 2225/2225/2225
f 2226/2226/2226 2225/2225/2225 2227/2227/2227
f 2230/2230/2230 2229/2229/2229 2228/2228/2228
f 2230/2230/2230 2228/2228/2228 2231/2231/2231
f 2232/2232/2232 2230/2230/2230 2231/2231/2231
f 2232/2232/2232 2231/2231/2231 2233/2233/2233
f 2234/2234/2234 2232/2232/2232 2233/2233/2233
f 2233/2233/2233 2235/2235/2235 2234/2234/2234
f 2236/2236/2236 2234/2234/2234 2235/2235/2235
f 2235/2235/2235 2237/2237/2237 2236/2236/2236
f 2240/2240/2240 2239/2239/2239 2238/2238/2238
f 2238/2238/2238 2241/2241/2241 2240/2240/2240
f 2240/2240/2240 2241/2241/2241 2242/2242/2242
f 2242/2242/2242 2243/2243/2243 2240/2240/2240
f 2244/2244/2244 2243/2243/2243 2242/2242/2242
f 2244/2244/2244 2242/2242/2242 2245/2245/2245
f 2246/2246/2246 2244/2244/2244 2245/2245/2245
f 2246/2246/2246 2245/2245/2245 2247/2247/2247
f 2250/2250/2250 2249/2249/2249 2248/2248/2248
f 2250/2250/2250 2251/2251/2251 2249/2249/2249
f 2251/2251/2251 2252/2252/2252 2249/2249/2249
f 2251/2251/2251 2253/2253/2253 2252/2252/2252
f 2252/2252/2252 2253/2253/2253 2254/2254/2254
f 2254/2254/2254 2255/2255/2255 2252/2252/2252
f 2254/2254/2254 2256/2256/2256 2255/2255/2255
f 2254/2254/2254 2257/2257/2257 2256/2256/2256
f 2260/2260/2260 2259/2259/2259 2258/2258/2258
f 2260/2260/2260 2261/2261/2261 2259/2259/2259
f 2261/2261/2261 2262/2262/2262 2259/2259/2259
f 2261/2261/2261 2263/2263/2263 2262/2262/2262
f 2262/2262/2262 2263/2263/2263 2264/2264/2264
f 2264/2264/2264 2265/2265/2265 2262/2262/2262
f 2264/2264/2264 2266/2266/2266 2265/2265/2265
f 2264/2264/2264 2267/2267/2267 2266/2266/2266
f 2270/2270/2270 2269/2269/2269 2268/2268/2268
f 2268/2268/2268 2271/2271/2271 2270/2270/2270
f 2274/2274/2274 2273/2273/2273 2272/2272/2272
f 2275/2275/2275 2272/2272/2272 2273/2273/2273
f 2278/2278/2278 2277/2277/2277 2276/2276/2276
f 2276/2276/2276 2279/2279/2279 2278/2278/2278
f 2280/2280/2280 2279/2279/2279 2276/2276/2276
f 2276/2276/2276 2281/2281/2281 2280/2280/2280
f 2284/2284/2284 2283/2283/2283 2282/2282/2282
f 2282/2282/2282 2285/2285/2285 2284/2284/2284
f 2286/2286/2286 2285/2285/2285 2282/2282/2282
f 2285/2285/2285 2286/2286/2286 2287/2287/2287
f 2287/2287/2287 2288/2288/2288 2285/2285/2285
f 2291/2291/2291 2290/2290/2290 2289/2289/2289
f 2289/2289/2289 2292/2292/2292 2291/2291/2291
f 2292/2292/2292 2293/2293/2293 2291/2291/2291
f 2294/2294/2294 2291/2291/2291 2293/2293/2293
f 2295/2295/2295 2291/2291/2291 2294/2294/2294
f 2298/2298/2298 2297/2297/2297 2296/2296/2296
f 2296/2296/2296 2299/2299/2299 2298/2298/2298
f 2299/2299/2299 2300/2300/2300 2298/2298/2298
f 2300/2300/2300 2301/2301/2301 2298/2298/2298
f 2302/2302/2302 2298/2298/2298 2301/2301/2301
f 2305/2305/2305 2304/2304/2304 2303/2303/2303
f 2306/2306/2306 2303/2303/2303 2304/2304/2304
f 2309/2309/2309 2308/2308/2308 2307/2307/2307
f 2307/2307/2307 2310/2310/2310 2309/2309/2309
f 2309/2309/2309 2310/2310/2310 2311/2311/2311
f 2311/2311/2311 2312/2312/2312 2309/2309/2309
f 2315/2315/2315 2314/2314/2314 2313/2313/2313
f 2313/2313/2313 2316/2316/2316 2315/2315/2315
f 2319/2319/2319 2318/2318/2318 2317/2317/2317
f 2317/2317/2317 2320/2320/2320 2319/2319/2319
f 2323/2323/2323 2322/2322/2322 2321/2321/2321
f 2321/2321/2321 2324/2324/2324 2323/2323/2323
f 2327/2327/2327 2326/2326/2326 2325/2325/2325
f 2325/2325/2325 2328/2328/2328 2327/2327/2327
f 2331/2331/2331 2330/2330/2330 2329/2329/2329
f 2329/2329/2329 2332/2332/2332 2331/2331/2331
f 2335/2335/2335 2334/2334/2334 2333/2333/2333
f 2333/2333/2333 2336/2336/2336 2335/2335/2335
f 2333/2333/2333 2337/2337/2337 2336/2336/2336
f 2338/2338/2338 2337/2337/2337 2333/2333/2333
f 2339/2339/2339 2338/2338/2338 2333/2333/2333
f 2342/2342/2342 2341/2341/2341 2340/2340/2340
f 2343/2343/2343 2340/2340/2340 2341/2341/2341
f 2346/2346/2346 2345/2345/2345 2344/2344/2344
f 2344/2344/2344 2347/2347/2347 2346/2346/2346
f 2350/2350/2350 2349/2349/2349 2348/2348/2348
f 2348/2348/2348 2351/2351/2351 2350/2350/2350
f 2352/2352/2352 2351/2351/2351 2348/2348/2348
f 2348/2348/2348 2353/2353/2353 2352/2352/2352
f 2356/2356/2356 2355/2355/2355 2354/2354/2354
f 2354/2354/2354 2357/2357/2357 2356/2356/2356
f 2360/2360/2360 2359/2359/2359 2358/2358/2358
f 2358/2358/2358 2361/2361/2361 2360/2360/2360
f 2360/2360/2360 2361/2361/2361 2362/2362/2362
f 2362/2362/2362 2363/2363/2363 2360/2360/2360
f 2366/2366/2366 2365/2365/2365 2364/2364/2364
f 2364/2364/2364 2367/2367/2367 2366/2366/2366
f 2367/2367/2367 2364/2364/2364 2368/2368/2368
f 2369/2369/2369 2368/2368/2368 2364/2364/2364
f 2370/2370/2370 2369/2369/2369 2364/2364/2364
f 2373/2373/2373 2372/2372/2372 2371/2371/2371
f 2374/2374/2374 2372/2372/2372 2373/2373/2373
f 2377/2377/2377 2376/2376/2376 2375/2375/2375
f 2375/2375/2375 2378/2378/2378 2377/2377/2377
f 2381/2381/2381 2380/2380/2380 2379/2379/2379
f 2379/2379/2379 2382/2382/2382 2381/2381/2381
f 2385/2385/2385 2384/2384/2384 2383/2383/2383
f 2383/2383/2383 2386/2386/2386 2385/2385/2385
f 2385/2385/2385 2386/2386/2386 2387/2387/2387
f 2388/2388/2388 2385/2385/2385 2387/2387/2387
f 2387/2387/2387 2386/2386/2386 2389/2389/2389
f 2390/2390/2390 2387/2387/2387 2389/2389/2389
f 2391/2391/2391 2387/2387/2387 2390/2390/2390
f 2394/2394/2394 2393/2393/2393 2392/2392/2392
f 2392/2392/2392 2395/2395/2395 2394/2394/2394
f 2398/2398/2398 2397/2397/2397 2396/2396/2396
f 2396/2396/2396 2399/2399/2399 2398/2398/2398
f 2399/2399/2399 2400/2400/2400 2398/2398/2398
f 2401/2401/2401 2398/2398/2398 2400/2400/2400
f 2402/2402/2402 2401/2401/2401 2400/2400/2400
f 2400/2400/2400 2403/2403/2403 2402/2402/2402
f 2406/2406/2406 2405/2405/2405 2404/2404/2404
f 2404/2404/2404 2407/2407/2407 2406/2406/2406
f 2410/2410/2410 2409/2409/2409 2408/2408/2408
f 2408/2408/2408 2411/2411/2411 2410/2410/2410
f 2414/2414/2414 2413/2413/2413 2412/2412/2412
f 2412/2412/2412 2415/2415/2415 2414/2414/2414
f 2415/2415/2415 2416/2416/2416 2414/2414/2414
f 2417/2417/2417 2416/2416/2416 2415/2415/2415
f 2415/2415/2415 2418/2418/2418 2417/2417/2417
f 2421/2421/2421 2420/2420/2420 2419/2419/2419
f 2419/2419/2419 2422/2422/2422 2421/2421/2421
f 2422/2422/2422 2419/2419/2419 2423/2423/2423
f 2424/2424/2424 2423/2423/2423 2419/2419/2419
f 2425/2425/2425 2424/2424/2424 2419/2419/2419
f 2428/2428/2428 2427/2427/2427 2426/2426/2426
f 2426/2426/2426 2429/2429/2429 2428/2428/2428
f 2426/2426/2426 2430/2430/2430 2429/2429/2429
f 2431/2431/2431 2430/2430/2430 2426/2426/2426
f 2432/2432/2432 2431/2431/2431 2426/2426/2426
f 2435/2435/2435 2434/2434/2434 2433/2433/2433
f 2433/2433/2433 2436/2436/2436 2435/2435/2435
f 2439/2439/2439 2438/2438/2438 2437/2437/2437
f 2439/2439/2439 2437/2437/2437 2440/2440/2440
f 2441/2441/2441 2440/2440/2440 2437/2437/2437
f 2437/2437/2437 2442/2442/2442 2441/2441/2441
f 2445/2445/2445 2444/2444/2444 2443/2443/2443
f 2443/2443/2443 2446/2446/2446 2445/2445/2445
f 2449/2449/2449 2448/2448/2448 2447/2447/2447
f 2448/2448/2448 2449/2449/2449 2450/2450/2450
f 2453/2453/2453 2452/2452/2452 2451/2451/2451
f 2454/2454/2454 2452/2452/2452 2453/2453/2453
f 2457/2457/2457 2456/2456/2456 2455/2455/2455
f 2456/2456/2456 2457/2457/2457 2458/2458/2458
f 2461/2461/2461 2460/2460/2460 2459/2459/2459
f 2461/2461/2461 2462/2462/2462 2460/2460/2460
f 2465/2465/2465 2464/2464/2464 2463/2463/2463
f 2466/2466/2466 2463/2463/2463 2464/2464/2464
f 2467/2467/2467 2466/2466/2466 2464/2464/2464
f 2468/2468/2468 2467/2467/2467 2464/2464/2464
f 2464/2464/2464 2469/2469/2469 2468/2468/2468
f 2472/2472/2472 2471/2471/2471 2470/2470/2470
f 2470/2470/2470 2473/2473/2473 2472/2472/2472
f 2476/2476/2476 2475/2475/2475 2474/2474/2474
f 2474/2474/2474 2477/2477/2477 2476/2476/2476
f 2480/2480/2480 2479/2479/2479 2478/2478/2478
f 2479/2479/2479 2481/2481/2481 2478/2478/2478
f 2482/2482/2482 2481/2481/2481 2479/2479/2479
f 2479/2479/2479 2483/2483/2483 2482/2482/2482
f 2486/2486/2486 2485/2485/2485 2484/2484/2484
f 2486/2486/2486 2487/2487/2487 2485/2485/2485
f 2490/2490/2490 2489/2489/2489 2488/2488/2488
f 2490/2490/2490 2491/2491/2491 2489/2489/2489
f 2492/2492/2492 2491/2491/2491 2490/2490/2490
f 2490/2490/2490 2493/2493/2493 2492/2492/2492
f 2496/2496/2496 2495/2495/2495 2494/2494/2494
f 2494/2494/2494 2495/2495/2495 2497/2497/2497
f 2498/2498/2498 2497/2497/2497 2495/2495/2495
f 2499/2499/2499 2498/2498/2498 2495/2495/2495
f 2495/2495/2495 2500/2500/2500 2499/2499/2499
f 2503/2503/2503 2502/2502/2502 2501/2501/2501
f 2502/2502/2502 2504/2504/2504 2501/2501/2501
f 2507/2507/2507 2506/2506/2506 2505/2505/2505
f 2506/2506/2506 2508/2508/2508 2505/2505/2505
f 2511/2511/2511 2510/2510/2510 2509/2509/2509
f 2511/2511/2511 2512/2512/2512 2510/2510/2510
f 2515/2515/2515 2514/2514/2514 2513/2513/2513
f 2513/2513/2513 2516/2516/2516 2515/2515/2515
f 2519/2519/2519 2518/2518/2518 2517/2517/2517
f 2517/2517/2517 2520/2520/2520 2519/2519/2519
f 2521/2521/2521 2519/2519/2519 2520/2520/2520
f 2520/2520/2520 2522/2522/2522 2521/2521/2521
f 2525/2525/2525 2524/2524/2524 2523/2523/2523
f 2526/2526/2526 2524/2524/2524 2525/2525/2525
f 2526/2526/2526 2525/2525/2525 2527/2527/2527
f 2525/2525/2525 2528/2528/2528 2527/2527/2527
f 2526/2526/2526 2527/2527/2527 2529/2529/2529
f 2527/2527/2527 2530/2530/2530 2529/2529/2529
f 2527/2527/2527 2531/2531/2531 2530/2530/2530
f 2534/2534/2534 2533/2533/2533 2532/2532/2532
f 2534/2534/2534 2535/2535/2535 2533/2533/2533
f 2538/2538/2538 2537/2537/2537 2536/2536/2536
f 2539/2539/2539 2537/2537/2537 2538/2538/2538
f 2542/2542/2542 2541/2541/2541 2540/2540/2540
f 2540/2540/2540 2543/2543/2543 2542/2542/2542
f 2546/2546/2546 2545/2545/2545 2544/2544/2544
f 2546/2546/2546 2547/2547/2547 2545/2545/2545
f 2550/2550/2550 2549/2549/2549 2548/2548/2548
f 2548/2548/2548 2551/2551/2551 2550/2550/2550
f 2548/2548/2548 2552/2552/2552 2551/2551/2551
f 2552/2552/2552 2548/2548/2548 2553/2553/2553
f 2553/2553/2553 2554/2554/2554 2552/2552/2552
f 2553/2553/2553 2555/2555/2555 2554/2554/2554
f 2558/2558/2558 2557/2557/2557 2556/2556/2556
f 2556/2556/2556 2559/2559/2559 2558/2558/2558
f 2562/2562/2562 2561/2561/2561 2560/2560/2560
f 2561/2561/2561 2563/2563/2563 2560/2560/2560
f 2564/2564/2564 2560/2560/2560 2563/2563/2563
f 2560/2560/2560 2564/2564/2564 2565/2565/2565
f 2560/2560/2560 2565/2565/2565 2566/2566/2566
f 2560/2560/2560 2566/2566/2566 2567/2567/2567
f 2567/2567/2567 2568/2568/2568 2560/2560/2560
f 2571/2571/2571 2570/2570/2570 2569/2569/2569
f 2571/2571/2571 2569/2569/2569 2572/2572/2572
f 2573/2573/2573 2572/2572/2572 2569/2569/2569
f 2569/2569/2569 2574/2574/2574 2573/2573/2573
f 2574/2574/2574 2569/2569/2569 2575/2575/2575
f 2576/2576/2576 2575/2575/2575 2569/2569/2569
f 2569/2569/2569 2577/2577/2577 2576/2576/2576
f 2580/2580/2580 2579/2579/2579 2578/2578/2578
f 2578/2578/2578 2581/2581/2581 2580/2580/2580
f 2584/2584/2584 2583/2583/2583 2582/2582/2582
f 2583/2583/2583 2585/2585/2585 2582/2582/2582
f 2588/2588/2588 2587/2587/2587 2586/2586/2586
f 2586/2586/2586 2589/2589/2589 2588/2588/2588
f 2589/2589/2589 2586/2586/2586 2590/2590/2590
f 2590/2590/2590 2591/2591/2591 2589/2589/2589
f 2591/2591/2591 2590/2590/2590 2592/2592/2592
f 2593/2593/2593 2592/2592/2592 2590/2590/2590
f 2596/2596/2596 2595/2595/2595 2594/2594/2594
f 2594/2594/2594 2597/2597/2597 2596/2596/2596
f 2598/2598/2598 2597/2597/2597 2594/2594/2594
f 2594/2594/2594 2599/2599/2599 2598/2598/2598
f 2602/2602/2602 2601/2601/2601 2600/2600/2600
f 2600/2600/2600 2603/2603/2603 2602/2602/2602
f 2602/2602/2602 2603/2603/2603 2604/2604/2604
f 2604/2604/2604 2605/2605/2605 2602/2602/2602
f 2608/2608/2608 2607/2607/2607 2606/2606/2606
f 2606/2606/2606 2609/2609/2609 2608/2608/2608
f 2609/2609/2609 2606/2606/2606 2610/2610/2610
f 2611/2611/2611 2610/2610/2610 2606/2606/2606
f 2614/2614/2614 2613/2613/2613 2612/2612/2612
f 2612/2612/2612 2615/2615/2615 2614/2614/2614
f 2614/2614/2614 2615/2615/2615 2616/2616/2616
f 2616/2616/2616 2617/2617/2617 2614/2614/2614
f 2620/2620/2620 2619/2619/2619 2618/2618/2618
f 2620/2620/2620 2621/2621/2621 2619/2619/2619
f 2622/2622/2622 2621/2621/2621 2620/2620/2620
f 2620/2620/2620 2623/2623/2623 2622/2622/2622
f 2626/2626/2626 2625/2625/2625 2624/2624/2624
f 2624/2624/2624 2627/2627/2627 2626/2626/2626
f 2630/2630/2630 2629/2629/2629 2628/2628/2628
f 2628/2628/2628 2631/2631/2631 2630/2630/2630
f 2632/2632/2632 2630/2630/2630 2631/2631/2631
f 2635/2635/2635 2634/2634/2634 2633/2633/2633
f 2636/2636/2636 2635/2635/2635 2633/2633/2633
f 2633/2633/2633 2637/2637/2637 2636/2636/2636
f 2640/2640/2640 2639/2639/2639 2638/2638/2638
f 2639/2639/2639 2641/2641/2641 2638/2638/2638
f 2641/2641/2641 2642/2642/2642 2638/2638/2638
f 2642/2642/2642 2643/2643/2643 2638/2638/2638
f 2646/2646/2646 2645/2645/2645 2644/2644/2644
f 2647/2647/2647 2646/2646/2646 2644/2644/2644
f 2650/2650/2650 2649/2649/2649 2648/2648/2648
f 2648/2648/2648 2651/2651/2651 2650/2650/2650
f 2652/2652/2652 2650/2650/2650 2651/2651/2651
f 2651/2651/2651 2653/2653/2653 2652/2652/2652
f 2656/2656/2656 2655/2655/2655 2654/2654/2654
f 2654/2654/2654 2657/2657/2657 2656/2656/2656
f 2660/2660/2660 2659/2659/2659 2658/2658/2658
f 2661/2661/2661 2658/2658/2658 2659/2659/2659
f 2664/2664/2664 2663/2663/2663 2662/2662/2662
f 2662/2662/2662 2665/2665/2665 2664/2664/2664
f 2668/2668/2668 2667/2667/2667 2666/2666/2666
f 2667/2667/2667 2668/2668/2668 2669/2669/2669
f 2672/2672/2672 2671/2671/2671 2670/2670/2670
f 2670/2670/2670 2673/2673/2673 2672/2672/2672
f 2672/2672/2672 2673/2673/2673 2674/2674/2674
f 2675/2675/2675 2672/2672/2672 2674/2674/2674
f 2678/2678/2678 2677/2677/2677 2676/2676/2676
f 2677/2677/2677 2679/2679/2679 2676/2676/2676
f 2682/2682/2682 2681/2681/2681 2680/2680/2680
f 2680/2680/2680 2683/2683/2683 2682/2682/2682
f 2682/2682/2682 2683/2683/2683 2684/2684/2684
f 2684/2684/2684 2685/2685/2685 2682/2682/2682
f 2688/2688/2688 2687/2687/2687 2686/2686/2686
f 2686/2686/2686 2689/2689/2689 2688/2688/2688
f 2692/2692/2692 2691/2691/2691 2690/2690/2690
f 2690/2690/2690 2693/2693/2693 2692/2692/2692
f 2696/2696/2696 2695/2695/2695 2694/2694/2694
f 2694/2694/2694 2697/2697/2697 2696/2696/2696
f 2700/2700/2700 2699/2699/2699 2698/2698/2698
f 2701/2701/2701 2698/2698/2698 2699/2699/2699
f 2699/2699/2699 2702/2702/2702 2701/2701/2701
f 2702/2702/2702 2703/2703/2703 2701/2701/2701
f 2701/2701/2701 2703/2703/2703 2704/2704/2704
f 2705/2705/2705 2704/2704/2704 2703/2703/2703
f 2706/2706/2706 2704/2704/2704 2705/2705/2705
f 2709/2709/2709 2708/2708/2708 2707/2707/2707
f 2708/2708/2708 2710/2710/2710 2707/2707/2707
f 2713/2713/2713 2712/2712/2712 2711/2711/2711
f 2711/2711/2711 2714/2714/2714 2713/2713/2713
f 2713/2713/2713 2714/2714/2714 2715/2715/2715
f 2715/2715/2715 2714/2714/2714 2716/2716/2716
f 2717/2717/2717 2716/2716/2716 2714/2714/2714
f 2718/2718/2718 2716/2716/2716 2717/2717/2717
f 2719/2719/2719 2718/2718/2718 2717/2717/2717
f 2722/2722/2722 2721/2721/2721 2720/2720/2720
f 2720/2720/2720 2723/2723/2723 2722/2722/2722
f 2726/2726/2726 2725/2725/2725 2724/2724/2724
f 2726/2726/2726 2724/2724/2724 2727/2727/2727
f 2730/2730/2730 2729/2729/2729 2728/2728/2728
f 2728/2728/2728 2731/2731/2731 2730/2730/2730
f 2734/2734/2734 2733/2733/2733 2732/2732/2732
f 2734/2734/2734 2735/2735/2735 2733/2733/2733
f 2738/2738/2738 2737/2737/2737 2736/2736/2736
f 2736/2736/2736 2739/2739/2739 2738/2738/2738
f 2742/2742/2742 2741/2741/2741 2740/2740/2740
f 2740/2740/2740 2743/2743/2743 2742/2742/2742
f 2746/2746/2746 2745/2745/2745 2744/2744/2744
f 2747/2747/2747 2744/2744/2744 2745/2745/2745
f 2750/2750/2750 2749/2749/2749 2748/2748/2748
f 2748/2748/2748 2751/2751/2751 2750/2750/2750
f 2750/2750/2750 2751/2751/2751 2752/2752/2752
f 2750/2750/2750 2752/2752/2752 2753/2753/2753
f 2756/2756/2756 2755/2755/2755 2754/2754/2754
f 2754/2754/2754 2757/2757/2757 2756/2756/2756
f 2760/2760/2760 2759/2759/2759 2758/2758/2758
f 2758/2758/2758 2761/2761/2761 2760/2760/2760
f 2764/2764/2764 2763/2763/2763 2762/2762/2762
f 2762/2762/2762 2765/2765/2765 2764/2764/2764
f 2768/2768/2768 2767/2767/2767 2766/2766/2766
f 2769/2769/2769 2766/2766/2766 2767/2767/2767
f 2770/2770/2770 2766/2766/2766 2769/2769/2769
f 2773/2773/2773 2772/2772/2772 2771/2771/2771
f 2773/2773/2773 2774/2774/2774 2772/2772/2772
f 2777/2777/2777 2776/2776/2776 2775/2775/2775
f 2776/2776/2776 2778/2778/2778 2775/2775/2775
f 2781/2781/2781 2780/2780/2780 2779/2779/2779
f 2779/2779/2779 2782/2782/2782 2781/2781/2781
f 2785/2785/2785 2784/2784/2784 2783/2783/2783
f 2786/2786/2786 2783/2783/2783 2784/2784/2784
f 2787/2787/2787 2783/2783/2783 2786/2786/2786
f 2790/2790/2790 2789/2789/2789 2788/2788/2788
f 2791/2791/2791 2788/2788/2788 2789/2789/2789
f 2794/2794/2794 2793/2793/2793 2792/2792/2792
f 2792/2792/2792 2795/2795/2795 2794/2794/2794
f 2798/2798/2798 2797/2797/2797 2796/2796/2796
f 2796/2796/2796 2799/2799/2799 2798/2798/2798
f 2802/2802/2802 2801/2801/2801 2800/2800/2800
f 2802/2802/2802 2803/2803/2803 2801/2801/2801
f 2806/2806/2806 2805/2805/2805 2804/2804/2804
f 2804/2804/2804 2807/2807/2807 2806/2806/2806
f 2806/2806/2806 2807/2807/2807 2808/2808/2808
f 2808/2808/2808 2809/2809/2809 2806/2806/2806
f 2812/2812/2812 2811/2811/2811 2810/2810/2810
f 2810/2810/2810 2813/2813/2813 2812/2812/2812
f 2813/2813/2813 2814/2814/2814 2812/2812/2812
f 2815/2815/2815 2814/2814/2814 2813/2813/2813
f 2813/2813/2813 2816/2816/2816 2815/2815/2815
f 2819/2819/2819 2818/2818/2818 2817/2817/2817
f 2817/2817/2817 2820/2820/2820 2819/2819/2819
f 2821/2821/2821 2820/2820/2820 2817/2817/2817
f 2817/2817/2817 2822/2822/2822 2821/2821/2821
f 2817/2817/2817 2823/2823/2823 2822/2822/2822
f 2826/2826/2826 2825/2825/2825 2824/2824/2824
f 2824/2824/2824 2827/2827/2827 2826/2826/2826
f 2828/2828/2828 2827/2827/2827 2824/2824/2824
f 2829/2829/2829 2828/2828/2828 2824/2824/2824
f 2824/2824/2824 2830/2830/2830 2829/2829/2829
f 2833/2833/2833 2832/2832/2832 2831/2831/2831
f 2831/2831/2831 2834/2834/2834 2833/2833/2833
f 2837/2837/2837 2836/2836/2836 2835/2835/2835
f 2835/2835/2835 2836/2836/2836 2838/2838/2838
f 2839/2839/2839 2838/2838/2838 2836/2836/2836
f 2836/2836/2836 2840/2840/2840 2839/2839/2839
f 2843/2843/2843 2842/2842/2842 2841/2841/2841
f 2841/2841/2841 2844/2844/2844 2843/2843/2843
f 2847/2847/2847 2846/2846/2846 2845/2845/2845
f 2847/2847/2847 2848/2848/2848 2846/2846/2846
f 2851/2851/2851 2850/2850/2850 2849/2849/2849
f 2849/2849/2849 2852/2852/2852 2851/2851/2851
f 2855/2855/2855 2854/2854/2854 2853/2853/2853
f 2855/2855/2855 2856/2856/2856 2854/2854/2854
f 2859/2859/2859 2858/2858/2858 2857/2857/2857
f 2857/2857/2857 2860/2860/2860 2859/2859/2859
f 2863/2863/2863 2862/2862/2862 2861/2861/2861
f 2861/2861/2861 2864/2864/2864 2863/2863/2863
f 2865/2865/2865 2863/2863/2863 2864/2864/2864
f 2863/2863/2863 2865/2865/2865 2866/2866/2866
f 2866/2866/2866 2867/2867/2867 2863/2863/2863
f 2870/2870/2870 2869/2869/2869 2868/2868/2868
f 2870/2870/2870 2871/2871/2871 2869/2869/2869
f 2874/2874/2874 2873/2873/2873 2872/2872/2872
f 2872/2872/2872 2875/2875/2875 2874/2874/2874
f 2878/2878/2878 2877/2877/2877 2876/2876/2876
f 2876/2876/2876 2879/2879/2879 2878/2878/2878
f 2880/2880/2880 2878/2878/2878 2879/2879/2879
f 2878/2878/2878 2880/2880/2880 2881/2881/2881
f 2884/2884/2884 2883/2883/2883 2882/2882/2882
f 2882/2882/2882 2885/2885/2885 2884/2884/2884
f 2888/2888/2888 2887/2887/2887 2886/2886/2886
f 2889/2889/2889 2887/2887/2887 2888/2888/2888
f 2890/2890/2890 2889/2889/2889 2888/2888/2888
f 2888/2888/2888 2891/2891/2891 2890/2890/2890
f 2894/2894/2894 2893/2893/2893 2892/2892/2892
f 2892/2892/2892 2895/2895/2895 2894/2894/2894
f 2894/2894/2894 2895/2895/2895 2896/2896/2896
f 2896/2896/2896 2897/2897/2897 2894/2894/2894
f 2897/2897/2897 2898/2898/2898 2894/2894/2894
f 2901/2901/2901 2900/2900/2900 2899/2899/2899
f 2901/2901/2901 2902/2902/2902 2900/2900/2900
f 2905/2905/2905 2904/2904/2904 2903/2903/2903
f 2904/2904/2904 2906/2906/2906 2903/2903/2903
f 2909/2909/2909 2908/2908/2908 2907/2907/2907
f 2907/2907/2907 2910/2910/2910 2909/2909/2909
f 2913/2913/2913 2912/2912/2912 2911/2911/2911
f 2912/2912/2912 2913/2913/2913 2914/2914/2914
f 2914/2914/2914 2913/2913/2913 2915/2915/2915
f 2913/2913/2913 2916/2916/2916 2915/2915/2915
f 2914/2914/2914 2915/2915/2915 2917/2917/2917
f 2915/2915/2915 2918/2918/2918 2917/2917/2917
f 2915/2915/2915 2919/2919/2919 2918/2918/2918
f 2922/2922/2922 2921/2921/2921 2920/2920/2920
f 2920/2920/2920 2923/2923/2923 2922/2922/2922
f 2926/2926/2926 2925/2925/2925 2924/2924/2924
f 2927/2927/2927 2924/2924/2924 2925/2925/2925
f 2928/2928/2928 2927/2927/2927 2925/2925/2925
f 2925/2925/2925 2929/2929/2929 2928/2928/2928
f 2929/2929/2929 2930/2930/2930 2928/2928/2928
f 2930/2930/2930 2931/2931/2931 2928/2928/2928
f 2934/2934/2934 2933/2933/2933 2932/2932/2932
f 2933/2933/2933 2935/2935/2935 2932/2932/2932
f 2938/2938/2938 2937/2937/2937 2936/2936/2936
f 2936/2936/2936 2939/2939/2939 2938/2938/2938
f 2942/2942/2942 2941/2941/2941 2940/2940/2940
f 2940/2940/2940 2943/2943/2943 2942/2942/2942
f 2944/2944/2944 2943/2943/2943 2940/2940/2940
f 2943/2943/2943 2944/2944/2944 2945/2945/2945
f 2945/2945/2945 2946/2946/2946 2943/2943/2943
f 2949/2949/2949 2948/2948/2948 2947/2947/2947
f 2947/2947/2947 2950/2950/2950 2949/2949/2949
f 2949/2949/2949 2950/2950/2950 2951/2951/2951
f 2951/2951/2951 2952/2952/2952 2949/2949/2949
f 2952/2952/2952 2953/2953/2953 2949/2949/2949
f 2956/2956/2956 2955/2955/2955 2954/2954/2954
f 2954/2954/2954 2957/2957/2957 2956/2956/2956
f 2958/2958/2958 2956/2956/2956 2957/2957/2957
f 2956/2956/2956 2958/2958/2958 2959/2959/2959
f 2959/2959/2959 2960/2960/2960 2956/2956/2956
f 2963/2963/2963 2962/2962/2962 2961/2961/2961
f 2964/2964/2964 2961/2961/2961 2962/2962/2962
f 2967/2967/2967 2966/2966/2966 2965/2965/2965
f 2965/2965/2965 2968/2968/2968 2967/2967/2967
f 2967/2967/2967 2968/2968/2968 2969/2969/2969
f 2969/2969/2969 2970/2970/2970 2967/2967/2967
f 2973/2973/2973 2972/2972/2972 2971/2971/2971
f 2974/2974/2974 2971/2971/2971 2972/2972/2972
f 2977/2977/2977 2976/2976/2976 2975/2975/2975
f 2975/2975/2975 2978/2978/2978 2977/2977/2977
f 2981/2981/2981 2980/2980/2980 2979/2979/2979
f 2979/2979/2979 2982/2982/2982 2981/2981/2981
f 2985/2985/2985 2984/2984/2984 2983/2983/2983
f 2983/2983/2983 2986/2986/2986 2985/2985/2985
f 2989/2989/2989 2988/2988/2988 2987/2987/2987
f 2987/2987/2987 2990/2990/2990 2989/2989/2989
f 2993/2993/2993 2992/2992/2992 2991/2991/2991
f 2991/2991/2991 2994/2994/2994 2993/2993/2993
f 2994/2994/2994 2995/2995/2995 2993/2993/2993
f 2993/2993/2993 2995/2995/2995 2996/2996/2996
f 2996/2996/2996 2997/2997/2997 2993/2993/2993
f 3000/3000/3000 2999/2999/2999 2998/2998/2998
f 2998/2998/2998 3001/3001/3001 3000/3000/3000
f 3004/3004/3004 3003/3003/3003 3002/3002/3002
f 3002/3002/3002 3005/3005/3005 3004/3004/3004
f 3008/3008/3008 3007/3007/3007 3006/3006/3006
f 3006/3006/3006 3009/3009/3009 3008/3008/3008
f 3008/3008/3008 3009/3009/3009 3010/3010/3010
f 3010/3010/3010 3011/3011/3011 3008/3008/3008
f 3014/3014/3014 3013/3013/3013 3012/3012/3012
f 3012/3012/3012 3015/3015/3015 3014/3014/3014
f 3018/3018/3018 3017/3017/3017 3016/3016/3016
f 3016/3016/3016 3019/3019/3019 3018/3018/3018
f 3018/3018/3018 3019/3019/3019 3020/3020/3020
f 3020/3020/3020 3021/3021/3021 3018/3018/3018
f 3024/3024/3024 3023/3023/3023 3022/3022/3022
f 3024/3024/3024 3022/3022/3022 3025/3025/3025
f 3025/3025/3025 3026/3026/3026 3024/3024/3024
f 3024/3024/3024 3026/3026/3026 3027/3027/3027
f 3027/3027/3027 3028/3028/3028 3024/3024/3024
f 3031/3031/3031 3030/3030/3030 3029/3029/3029
f 3029/3029/3029 3032/3032/3032 3031/3031/3031
f 3035/3035/3035 3034/3034/3034 3033/3033/3033
f 3033/3033/3033 3036/3036/3036 3035/3035/3035
f 3039/3039/3039 3038/3038/3038 3037/3037/3037
f 3037/3037/3037 3040/3040/3040 3039/3039/3039
f 3043/3043/3043 3042/3042/3042 3041/3041/3041
f 3041/3041/3041 3044/3044/3044 3043/3043/3043
f 3047/3047/3047 3046/3046/3046 3045/3045/3045
f 3045/3045/3045 3048/3048/3048 3047/3047/3047
f 3048/3048/3048 3045/3045/3045 3049/3049/3049
f 3049/3049/3049 3050/3050/3050 3048/3048/3048
f 3053/3053/3053 3052/3052/3052 3051/3051/3051
f 3051/3051/3051 3054/3054/3054 3053/3053/3053
f 3053/3053/3053 3054/3054/3054 3055/3055/3055
f 3056/3056/3056 3053/3053/3053 3055/3055/3055
f 3055/3055/3055 3054/3054/3054 3057/3057/3057
f 3058/3058/3058 3055/3055/3055 3057/3057/3057
f 3059/3059/3059 3055/3055/3055 3058/3058/3058
f 3062/3062/3062 3061/3061/3061 3060/3060/3060
f 3063/3063/3063 3061/3061/3061 3062/3062/3062
f 3066/3066/3066 3065/3065/3065 3064/3064/3064
f 3064/3064/3064 3067/3067/3067 3066/3066/3066
f 3070/3070/3070 3069/3069/3069 3068/3068/3068
f 3068/3068/3068 3071/3071/3071 3070/3070/3070
f 3074/3074/3074 3073/3073/3073 3072/3072/3072
f 3075/3075/3075 3072/3072/3072 3073/3073/3073
f 3078/3078/3078 3077/3077/3077 3076/3076/3076
f 3076/3076/3076 3079/3079/3079 3078/3078/3078
f 3078/3078/3078 3079/3079/3079 3080/3080/3080
f 3081/3081/3081 3078/3078/3078 3080/3080/3080
f 3081/3081/3081 3080/3080/3080 3082/3082/3082
f 3083/3083/3083 3081/3081/3081 3082/3082/3082
f 3086/3086/3086 3085/3085/3085 3084/3084/3084
f 3087/3087/3087 3084/3084/3084 3085/3085/3085
f 3090/3090/3090 3089/3089/3089 3088/3088/3088
f 3090/3090/3090 3088/3088/3088 3091/3091/3091
f 3092/3092/3092 3091/3091/3091 3088/3088/3088
f 3088/3088/3088 3093/3093/3093 3092/3092/3092
f 3093/3093/3093 3088/3088/3088 3094/3094/3094
f 3095/3095/3095 3094/3094/3094 3088/3088/3088
f 3088/3088/3088 3096/3096/3096 3095/3095/3095
f 3099/3099/3099 3098/3098/3098 3097/3097/3097
f 3098/3098/3098 3100/3100/3100 3097/3097/3097
f 3097/3097/3097 3100/3100/3100 3101/3101/3101
f 3101/3101/3101 3102/3102/3102 3097/3097/3097
f 3097/3097/3097 3102/3102/3102 3103/3103/3103
f 3097/3097/3097 3103/3103/3103 3104/3104/3104
f 3104/3104/3104 3105/3105/3105 3097/3097/3097
f 3108/3108/3108 3107/3107/3107 3106/3106/3106
f 3106/3106/3106 3109/3109/3109 3108/3108/3108
f 3112/3112/3112 3111/3111/3111 3110/3110/3110
f 3111/3111/3111 3112/3112/3112 3113/3113/3113
f 3116/3116/3116 3115/3115/3115 3114/3114/3114
f 3114/3114/3114 3117/3117/3117 3116/3116/3116
f 3118/3118/3118 3116/3116/3116 3117/3117/3117
f 3117/3117/3117 3119/3119/3119 3118/3118/3118
f 3118/3118/3118 3119/3119/3119 3120/3120/3120
f 3120/3120/3120 3121/3121/3121 3118/3118/3118
f 3124/3124/3124 3123/3123/3123 3122/3122/3122
f 3122/3122/3122 3125/3125/3125 3124/3124/3124
f 3126/3126/3126 3124/3124/3124 3125/3125/3125
f 3127/3127/3127 3124/3124/3124 3126/3126/3126
f 3130/3130/3130 3129/3129/3129 3128/3128/3128
f 3130/3130/3130 3128/3128/3128 3131/3131/3131
f 3132/3132/3132 3131/3131/3131 3128/3128/3128
f 3128/3128/3128 3133/3133/3133 3132/3132/3132
f 3136/3136/3136 3135/3135/3135 3134/3134/3134
f 3134/3134/3134 3137/3137/3137 3136/3136/3136
f 3138/3138/3138 3136/3136/3136 3137/3137/3137
f 3138/3138/3138 3139/3139/3139 3136/3136/3136
f 3142/3142/3142 3141/3141/3141 3140/3140/3140
f 3143/3143/3143 3142/3142/3142 3140/3140/3140
f 3144/3144/3144 3143/3143/3143 3140/3140/3140
f 3140/3140/3140 3145/3145/3145 3144/3144/3144
f 3148/3148/3148 3147/3147/3147 3146/3146/3146
f 3149/3149/3149 3146/3146/3146 3147/3147/3147
f 3146/3146/3146 3149/3149/3149 3150/3150/3150
f 3150/3150/3150 3151/3151/3151 3146/3146/3146
f 3154/3154/3154 3153/3153/3153 3152/3152/3152
f 3152/3152/3152 3155/3155/3155 3154/3154/3154
f 3158/3158/3158 3157/3157/3157 3156/3156/3156
f 3158/3158/3158 3156/3156/3156 3159/3159/3159
f 3159/3159/3159 3160/3160/3160 3158/3158/3158
f 3163/3163/3163 3162/3162/3162 3161/3161/3161
f 3161/3161/3161 3164/3164/3164 3163/3163/3163
f 3161/3161/3161 3165/3165/3165 3164/3164/3164
f 3168/3168/3168 3167/3167/3167 3166/3166/3166
f 3169/3169/3169 3168/3168/3168 3166/3166/3166
f 3170/3170/3170 3169/3169/3169 3166/3166/3166
f 3171/3171/3171 3170/3170/3170 3166/3166/3166
f 3174/3174/3174 3173/3173/3173 3172/3172/3172
f 3173/3173/3173 3175/3175/3175 3172/3172/3172
f 3178/3178/3178 3177/3177/3177 3176/3176/3176
f 3176/3176/3176 3179/3179/3179 3178/3178/3178
f 3179/3179/3179 3176/3176/3176 3180/3180/3180
f 3180/3180/3180 3181/3181/3181 3179/3179/3179
f 3184/3184/3184 3183/3183/3183 3182/3182/3182
f 3182/3182/3182 3185/3185/3185 3184/3184/3184
f 3188/3188/3188 3187/3187/3187 3186/3186/3186
f 3188/3188/3188 3186/3186/3186 3189/3189/3189
f 3192/3192/3192 3191/3191/3191 3190/3190/3190
f 3190/3190/3190 3193/3193/3193 3192/3192/3192
f 3196/3196/3196 3195/3195/3195 3194/3194/3194
f 3197/3197/3197 3196/3196/3196 3194/3194/3194
f 3200/3200/3200 3199/3199/3199 3198/3198/3198
f 3201/3201/3201 3200/3200/3200 3198/3198/3198
f 3202/3202/3202 3201/3201/3201 3198/3198/3198
f 3198/3198/3198 3203/3203/3203 3202/3202/3202
f 3206/3206/3206 3205/3205/3205 3204/3204/3204
f 3204/3204/3204 3207/3207/3207 3206/3206/3206
f 3210/3210/3210 3209/3209/3209 3208/3208/3208
f 3208/3208/3208 3211/3211/3211 3210/3210/3210
f 3212/3212/3212 3211/3211/3211 3208/3208/3208
f 3208/3208/3208 3213/3213/3213 3212/3212/3212
f 3216/3216/3216 3215/3215/3215 3214/3214/3214
f 3217/3217/3217 3215/3215/3215 3216/3216/3216
f 3220/3220/3220 3219/3219/3219 3218/3218/3218
f 3219/3219/3219 3221/3221/3221 3218/3218/3218
f 3224/3224/3224 3223/3223/3223 3222/3222/3222
f 3222/3222/3222 3225/3225/3225 3224/3224/3224
f 3228/3228/3228 3227/3227/3227 3226/3226/3226
f 3226/3226/3226 3229/3229/3229 3228/3228/3228
f 3228/3228/3228 3229/3229/3229 3230/3230/3230
f 3230/3230/3230 3229/3229/3229 3231/3231/3231
f 3232/3232/3232 3231/3231/3231 3229/3229/3229
f 3232/3232/3232 3233/3233/3233 3231/3231/3231
f 3234/3234/3234 3233/3233/3233 3232/3232/3232
f 3237/3237/3237 3236/3236/3236 3235/3235/3235
f 3235/3235/3235 3238/3238/3238 3237/3237/3237
f 3241/3241/3241 3240/3240/3240 3239/3239/3239
f 3239/3239/3239 3242/3242/3242 3241/3241/3241
f 3243/3243/3243 3242/3242/3242 3239/3239/3239
f 3244/3244/3244 3242/3242/3242 3243/3243/3243
f 3242/3242/3242 3244/3244/3244 3245/3245/3245
f 3246/3246/3246 3245/3245/3245 3244/3244/3244
f 3247/3247/3247 3245/3245/3245 3246/3246/3246
f 3250/3250/3250 3249/3249/3249 3248/3248/3248
f 3248/3248/3248 3251/3251/3251 3250/3250/3250
f 3254/3254/3254 3253/3253/3253 3252/3252/3252
f 3253/3253/3253 3255/3255/3255 3252/3252/3252
f 3258/3258/3258 3257/3257/3257 3256/3256/3256
f 3256/3256/3256 3259/3259/3259 3258/3258/3258
f 3262/3262/3262 3261/3261/3261 3260/3260/3260
f 3263/3263/3263 3260/3260/3260 3261/3261/3261
f 3266/3266/3266 3265/3265/3265 3264/3264/3264
f 3264/3264/3264 3267/3267/3267 3266/3266/3266
f 3270/3270/3270 3269/3269/3269 3268/3268/3268
f 3269/3269/3269 3271/3271/3271 3268/3268/3268
f 3274/3274/3274 3273/3273/3273 3272/3272/3272
f 3274/3274/3274 3275/3275/3275 3273/3273/3273
f 3278/3278/3278 3277/3277/3277 3276/3276/3276
f 3277/3277/3277 3278/3278/3278 3279/3279/3279
f 3279/3279/3279 3278/3278/3278 3280/3280/3280
f 3281/3281/3281 3280/3280/3280 3278/3278/3278
f 3284/3284/3284 3283/3283/3283 3282/3282/3282
f 3282/3282/3282 3285/3285/3285 3284/3284/3284
f 3288/3288/3288 3287/3287/3287 3286/3286/3286
f 3286/3286/3286 3289/3289/3289 3288/3288/3288
f 3292/3292/3292 3291/3291/3291 3290/3290/3290
f 3290/3290/3290 3293/3293/3293 3292/3292/3292
f 3296/3296/3296 3295/3295/3295 3294/3294/3294
f 3294/3294/3294 3295/3295/3295 3297/3297/3297
f 3297/3297/3297 3295/3295/3295 3298/3298/3298
f 3301/3301/3301 3300/3300/3300 3299/3299/3299
f 3302/3302/3302 3299/3299/3299 3300/3300/3300
f 3305/3305/3305 3304/3304/3304 3303/3303/3303
f 3303/3303/3303 3306/3306/3306 3305/3305/3305
f 3309/3309/3309 3308/3308/3308 3307/3307/3307
f 3307/3307/3307 3310/3310/3310 3309/3309/3309
f 3313/3313/3313 3312/3312/3312 3311/3311/3311
f 3311/3311/3311 3312/3312/3312 3314/3314/3314
f 3314/3314/3314 3312/3312/3312 3315/3315/3315
f 3318/3318/3318 3317/3317/3317 3316/3316/3316
f 3318/3318/3318 3319/3319/3319 3317/3317/3317
f 3322/3322/3322 3321/3321/3321 3320/3320/3320
f 3320/3320/3320 3323/3323/3323 3322/3322/3322
f 3326/3326/3326 3325/3325/3325 3324/3324/3324
f 3326/3326/3326 3327/3327/3327 3325/3325/3325
f 3325/3325/3325 3327/3327/3327 3328/3328/3328
f 3327/3327/3327 3329/3329/3329 3328/3328/3328
f 3328/3328/3328 3329/3329/3329 3330/3330/3330
f 3328/3328/3328 3330/3330/3330 3331/3331/3331
f 3331/3331/3331 3330/3330/3330 3332/3332/3332
f 3333/3333/3333 3328/3328/3328 3331/3331/3331
f 3331/3331/3331 3334/3334/3334 3333/3333/3333
f 3337/3337/3337 3336/3336/3336 3335/3335/3335
f 3335/3335/3335 3338/3338/3338 3337/3337/3337
f 3341/3341/3341 3340/3340/3340 3339/3339/3339
f 3340/3340/3340 3342/3342/3342 3339/3339/3339
f 3345/3345/3345 3344/3344/3344 3343/3343/3343
f 3343/3343/3343 3346/3346/3346 3345/3345/3345
f 3343/3343/3343 3347/3347/3347 3346/3346/3346
f 3347/3347/3347 3343/3343/3343 3348/3348/3348
f 3348/3348/3348 3343/3343/3343 3349/3349/3349
f 3352/3352/3352 3351/3351/3351 3350/3350/3350
f 3350/3350/3350 3351/3351/3351 3353/3353/3353
f 3353/3353/3353 3351/3351/3351 3354/3354/3354
f 3357/3357/3357 3356/3356/3356 3355/3355/3355
f 3356/3356/3356 3357/3357/3357 3358/3358/3358
f 3359/3359/3359 3358/3358/3358 3357/3357/3357
f 3358/3358/3358 3359/3359/3359 3360/3360/3360
f 3363/3363/3363 3362/3362/3362 3361/3361/3361
f 3362/3362/3362 3364/3364/3364 3361/3361/3361
f 3361/3361/3361 3364/3364/3364 3365/3365/3365
f 3362/3362/3362 3366/3366/3366 3364/3364/3364
f 3367/3367/3367 3364/3364/3364 3366/3366/3366
f 3370/3370/3370 3369/3369/3369 3368/3368/3368
f 3368/3368/3368 3371/3371/3371 3370/3370/3370
f 3374/3374/3374 3373/3373/3373 3372/3372/3372
f 3372/3372/3372 3375/3375/3375 3374/3374/3374
f 3378/3378/3378 3377/3377/3377 3376/3376/3376
f 3377/3377/3377 3379/3379/3379 3376/3376/3376
f 3376/3376/3376 3379/3379/3379 3380/3380/3380
f 3380/3380/3380 3381/3381/3381 3376/3376/3376
f 3376/3376/3376 3381/3381/3381 3382/3382/3382
f 3385/3385/3385 3384/3384/3384 3383/3383/3383
f 3386/3386/3386 3384/3384/3384 3385/3385/3385
f 3389/3389/3389 3388/3388/3388 3387/3387/3387
f 3389/3389/3389 3387/3387/3387 3390/3390/3390
f 3389/3389/3389 3390/3390/3390 3391/3391/3391
f 3392/3392/3392 3391/3391/3391 3390/3390/3390
f 3395/3395/3395 3394/3394/3394 3393/3393/3393
f 3394/3394/3394 3396/3396/3396 3393/3393/3393
f 3394/3394/3394 3397/3397/3397 3396/3396/3396
f 3396/3396/3396 3397/3397/3397 3398/3398/3398
f 3401/3401/3401 3400/3400/3400 3399/3399/3399
f 3399/3399/3399 3402/3402/3402 3401/3401/3401
f 3405/3405/3405 3404/3404/3404 3403/3403/3403
f 3404/3404/3404 3406/3406/3406 3403/3403/3403
f 3403/3403/3403 3406/3406/3406 3407/3407/3407
f 3410/3410/3410 3409/3409/3409 3408/3408/3408
f 3408/3408/3408 3411/3411/3411 3410/3410/3410
f 3414/3414/3414 3413/3413/3413 3412/3412/3412
f 3412/3412/3412 3415/3415/3415 3414/3414/3414
f 3414/3414/3414 3415/3415/3415 3416/3416/3416
f 3416/3416/3416 3417/3417/3417 3414/3414/3414
f 3419/3419/3419 3416/3416/3416 3418/3418/3418
f 3418/3418/3418 3420/3420/3420 3419/3419/3419
f 3423/3423/3423 3422/3422/3422 3421/3421/3421
f 3421/3421/3421 3424/3424/3424 3423/3423/3423
f 3421/3421/3421 3425/3425/3425 3424/3424/3424
f 3425/3425/3425 3421/3421/3421 3426/3426/3426
f 3429/3429/3429 3428/3428/3428 3427/3427/3427
f 3427/3427/3427 3430/3430/3430 3429/3429/3429
f 3429/3429/3429 3430/3430/3430 3431/3431/3431
f 3431/3431/3431 3432/3432/3432 3429/3429/3429
f 3435/3435/3435 3434/3434/3434 3433/3433/3433
f 3433/3433/3433 3436/3436/3436 3435/3435/3435
f 3435/3435/3435 3436/3436/3436 3437/3437/3437
f 3437/3437/3437 3438/3438/3438 3435/3435/3435
f 3441/3441/3441 3440/3440/3440 3439/3439/3439
f 3442/3442/3442 3439/3439/3439 3440/3440/3440
f 3445/3445/3445 3444/3444/3444 3443/3443/3443
f 3444/3444/3444 3445/3445/3445 3446/3446/3446
f 3449/3449/3449 3448/3448/3448 3447/3447/3447
f 3447/3447/3447 3448/3448/3448 3450/3450/3450
f 3450/3450/3450 3448/3448/3448 3451/3451/3451
f 3451/3451/3451 3452/3452/3452 3450/3450/3450
f 3452/3452/3452 3451/3451/3451 3453/3453/3453
f 3453/3453/3453 3454/3454/3454 3452/3452/3452
f 3457/3457/3457 3456/3456/3456 3455/3455/3455
f 3458/3458/3458 3457/3457/3457 3455/3455/3455
f 3455/3455/3455 3459/3459/3459 3458/3458/3458
f 3458/3458/3458 3459/3459/3459 3460/3460/3460
f 3463/3463/3463 3462/3462/3462 3461/3461/3461
f 3461/3461/3461 3462/3462/3462 3464/3464/3464
f 3464/3464/3464 3465/3465/3465 3461/3461/3461
f 3465/3465/3465 3464/3464/3464 3466/3466/3466
f 3461/3461/3461 3465/3465/3465 3467/3467/3467
f 3467/3467/3467 3468/3468/3468 3461/3461/3461
f 3471/3471/3471 3470/3470/3470 3469/3469/3469
f 3469/3469/3469 3472/3472/3472 3471/3471/3471
f 3475/3475/3475 3474/3474/3474 3473/3473/3473
f 3476/3476/3476 3475/3475/3475 3473/3473/3473
f 3477/3477/3477 3475/3475/3475 3476/3476/3476
f 3478/3478/3478 3477/3477/3477 3476/3476/3476
f 3479/3479/3479 3478/3478/3478 3476/3476/3476
f 3482/3482/3482 3481/3481/3481 3480/3480/3480
f 3480/3480/3480 3483/3483/3483 3482/3482/3482
f 3486/3486/3486 3485/3485/3485 3484/3484/3484
f 3484/3484/3484 3487/3487/3487 3486/3486/3486
f 3487/3487/3487 3484/3484/3484 3488/3488/3488
f 3488/3488/3488 3489/3489/3489 3487/3487/3487
f 3492/3492/3492 3491/3491/3491 3490/3490/3490
f 3490/3490/3490 3493/3493/3493 3492/3492/3492
f 3494/3494/3494 3493/3493/3493 3490/3490/3490
f 3495/3495/3495 3493/3493/3493 3494/3494/3494
f 3498/3498/3498 3497/3497/3497 3496/3496/3496
f 3496/3496/3496 3497/3497/3497 3499/3499/3499
f 3497/3497/3497 3500/3500/3500 3499/3499/3499
f 3500/3500/3500 3501/3501/3501 3499/3499/3499
f 3501/3501/3501 3502/3502/3502 3499/3499/3499
f 3505/3505/3505 3504/3504/3504 3503/3503/3503
f 3503/3503/3503 3506/3506/3506 3505/3505/3505
f 3509/3509/3509 3508/3508/3508 3507/3507/3507
f 3507/3507/3507 3510/3510/3510 3509/3509/3509
f 3511/3511/3511 3509/3509/3509 3510/3510/3510
f 3510/3510/3510 3512/3512/3512 3511/3511/3511
f 3515/3515/3515 3514/3514/3514 3513/3513/3513
f 3513/3513/3513 3516/3516/3516 3515/3515/3515
f 3517/3517/3517 3516/3516/3516 3513/3513/3513
f 3513/3513/3513 3518/3518/3518 3517/3517/3517
f 3521/3521/3521 3520/3520/3520 3519/3519/3519
f 3519/3519/3519 3522/3522/3522 3521/3521/3521
f 3525/3525/3525 3524/3524/3524 3523/3523/3523
f 3526/3526/3526 3525/3525/3525 3523/3523/3523
f 3525/3525/3525 3526/3526/3526 3527/3527/3527
f 3527/3527/3527 3528/3528/3528 3525/3525/3525
f 3531/3531/3531 3530/3530/3530 3529/3529/3529
f 3529/3529/3529 3532/3532/3532 3531/3531/3531
f 3535/3535/3535 3534/3534/3534 3533/3533/3533
f 3533/3533/3533 3536/3536/3536 3535/3535/3535
f 3539/3539/3539 3538/3538/3538 3537/3537/3537
f 3538/3538/3538 3540/3540/3540 3537/3537/3537
f 3543/3543/3543 3542/3542/3542 3541/3541/3541
f 3541/3541/3541 3544/3544/3544 3543/3543/3543
f 3547/3547/3547 3546/3546/3546 3545/3545/3545
f 3545/3545/3545 3548/3548/3548 3547/3547/3547
f 3551/3551/3551 3550/3550/3550 3549/3549/3549
f 3551/3551/3551 3549/3549/3549 3552/3552/3552
f 3552/3552/3552 3553/3553/3553 3551/3551/3551
f 3552/3552/3552 3554/3554/3554 3553/3553/3553
f 3555/3555/3555 3554/3554/3554 3552/3552/3552
f 3554/3554/3554 3555/3555/3555 3556/3556/3556
f 3557/3557/3557 3554/3554/3554 3556/3556/3556
f 3558/3558/3558 3557/3557/3557 3556/3556/3556
f 3556/3556/3556 3559/3559/3559 3558/3558/3558
f 3562/3562/3562 3561/3561/3561 3560/3560/3560
f 3560/3560/3560 3563/3563/3563 3562/3562/3562
f 3566/3566/3566 3565/3565/3565 3564/3564/3564
f 3567/3567/3567 3564/3564/3564 3565/3565/3565
f 3565/3565/3565 3568/3568/3568 3567/3567/3567
f 3568/3568/3568 3569/3569/3569 3567/3567/3567
f 3567/3567/3567 3569/3569/3569 3570/3570/3570
f 3570/3570/3570 3569/3569/3569 3571/3571/3571
f 3569/3569/3569 3572/3572/3572 3571/3571/3571
f 3571/3571/3571 3572/3572/3572 3573/3573/3573
f 3573/3573/3573 3574/3574/3574 3571/3571/3571
f 3577/3577/3577 3576/3576/3576 3575/3575/3575
f 3575/3575/3575 3578/3578/3578 3577/3577/3577
f 3579/3579/3579 3578/3578/3578 3575/3575/3575
f 3575/3575/3575 3580/3580/3580 3579/3579/3579
f 3579/3579/3579 3580/3580/3580 3581/3581/3581
f 3581/3581/3581 3582/3582/3582 3579/3579/3579
f 3582/3582/3582 3581/3581/3581 3583/3583/3583
f 3583/3583/3583 3584/3584/3584 3582/3582/3582
f 3585/3585/3585 3584/3584/3584 3583/3583/3583
f 3586/3586/3586 3585/3585/3585 3583/3583/3583
f 3587/3587/3587 3585/3585/3585 3586/3586/3586
f 3588/3588/3588 3587/3587/3587 3586/3586/3586
f 3587/3587/3587 3588/3588/3588 3589/3589/3589
f 3589/3589/3589 3590/3590/3590 3587/3587/3587
f 3593/3593/3593 3592/3592/3592 3591/3591/3591
f 3593/3593/3593 3594/3594/3594 3592/3592/3592
f 3597/3597/3597 3596/3596/3596 3595/3595/3595
f 3595/3595/3595 3598/3598/3598 3597/3597/3597
f 3598/3598/3598 3595/3595/3595 3599/3599/3599
f 3599/3599/3599 3600/3600/3600 3598/3598/3598
f 3603/3603/3603 3602/3602/3602 3601/3601/3601
f 3601/3601/3601 3604/3604/3604 3603/3603/3603
f 3604/3604/3604 3601/3601/3601 3605/3605/3605
f 3605/3605/3605 3606/3606/3606 3604/3604/3604
f 3609/3609/3609 3608/3608/3608 3607/3607/3607
f 3607/3607/3607 3608/3608/3608 3610/3610/3610
f 3611/3611/3611 3607/3607/3607 3610/3610/3610
f 3610/3610/3610 3612/3612/3612 3611/3611/3611
f 3615/3615/3615 3614/3614/3614 3613/3613/3613
f 3614/3614/3614 3615/3615/3615 3616/3616/3616
f 3619/3619/3619 3618/3618/3618 3617/3617/3617
f 3619/3619/3619 3620/3620/3620 3618/3618/3618
f 3621/3621/3621 3620/3620/3620 3619/3619/3619
f 3619/3619/3619 3622/3622/3622 3621/3621/3621
f 3625/3625/3625 3624/3624/3624 3623/3623/3623
f 3624/3624/3624 3626/3626/3626 3623/3623/3623
f 3629/3629/3629 3628/3628/3628 3627/3627/3627
f 3627/3627/3627 3628/3628/3628 3630/3630/3630
f 3630/3630/3630 3631/3631/3631 3627/3627/3627
f 3634/3634/3634 3633/3633/3633 3632/3632/3632
f 3632/3632/3632 3635/3635/3635 3634/3634/3634
f 3638/3638/3638 3637/3637/3637 3636/3636/3636
f 3638/3638/3638 3639/3639/3639 3637/3637/3637
f 3638/3638/3638 3640/3640/3640 3639/3639/3639
f 3643/3643/3643 3642/3642/3642 3641/3641/3641
f 3641/3641/3641 3644/3644/3644 3643/3643/3643
f 3647/3647/3647 3646/3646/3646 3645/3645/3645
f 3645/3645/3645 3648/3648/3648 3647/3647/3647
f 3651/3651/3651 3650/3650/3650 3649/3649/3649
f 3649/3649/3649 3652/3652/3652 3651/3651/3651
f 3652/3652/3652 3653/3653/3653 3651/3651/3651
f 3652/3652/3652 3654/3654/3654 3653/3653/3653
f 3657/3657/3657 3656/3656/3656 3655/3655/3655
f 3655/3655/3655 3658/3658/3658 3657/3657/3657
f 3659/3659/3659 3657/3657/3657 3658/3658/3658
f 3659/3659/3659 3658/3658/3658 3660/3660/3660
f 3663/3663/3663 3662/3662/3662 3661/3661/3661
f 3661/3661/3661 3664/3664/3664 3663/3663/3663
f 3664/3664/3664 3661/3661/3661 3665/3665/3665
f 3665/3665/3665 3666/3666/3666 3664/3664/3664
f 3669/3669/3669 3668/3668/3668 3667/3667/3667
f 3669/3669/3669 3670/3670/3670 3668/3668/3668
f 3673/3673/3673 3672/3672/3672 3671/3671/3671
f 3671/3671/3671 3674/3674/3674 3673/3673/3673
f 3675/3675/3675 3673/3673/3673 3674/3674/3674
f 3674/3674/3674 3676/3676/3676 3675/3675/3675
f 3679/3679/3679 3678/3678/3678 3677/3677/3677
f 3679/3679/3679 3680/3680/3680 3678/3678/3678
f 3678/3678/3678 3680/3680/3680 3681/3681/3681
f 3681/3681/3681 3682/3682/3682 3678/3678/3678
f 3685/3685/3685 3684/3684/3684 3683/3683/3683
f 3683/3683/3683 3686/3686/3686 3685/3685/3685
f 3689/3689/3689 3688/3688/3688 3687/3687/3687
f 3687/3687/3687 3690/3690/3690 3689/3689/3689
f 3689/3689/3689 3690/3690/3690 3691/3691/3691
f 3691/3691/3691 3692/3692/3692 3689/3689/3689
f 3695/3695/3695 3694/3694/3694 3693/3693/3693
f 3694/3694/3694 3695/3695/3695 3696/3696/3696
f 3699/3699/3699 3698/3698/3698 3697/3697/3697
f 3700/3700/3700 3699/3699/3699 3697/3697/3697
f 3700/3700/3700 3697/3697/3697 3701/3701/3701
f 3701/3701/3701 3702/3702/3702 3700/3700/3700
f 3705/3705/3705 3704/3704/3704 3703/3703/3703
f 3705/3705/3705 3703/3703/3703 3706/3706/3706
f 3707/3707/3707 3705/3705/3705 3706/3706/3706
f 3706/3706/3706 3708/3708/3708 3707/3707/3707
f 3711/3711/3711 3710/3710/3710 3709/3709/3709
f 3709/3709/3709 3712/3712/3712 3711/3711/3711
f 3715/3715/3715 3714/3714/3714 3713/3713/3713
f 3713/3713/3713 3716/3716/3716 3715/3715/3715
f 3719/3719/3719 3718/3718/3718 3717/3717/3717
f 3719/3719/3719 3720/3720/3720 3718/3718/3718
f 3723/3723/3723 3722/3722/3722 3721/3721/3721
f 3724/3724/3724 3722/3722/3722 3723/3723/3723
f 3725/3725/3725 3724/3724/3724 3723/3723/3723
f 3724/3724/3724 3725/3725/3725 3726/3726/3726
f 3726/3726/3726 3725/3725/3725 3727/3727/3727
f 3727/3727/3727 3725/3725/3725 3728/3728/3728
f 3727/3727/3727 3728/3728/3728 3729/3729/3729
f 3725/3725/3725 3730/3730/3730 3728/3728/3728
f 3731/3731/3731 3728/3728/3728 3730/3730/3730
f 3734/3734/3734 3733/3733/3733 3732/3732/3732
f 3732/3732/3732 3735/3735/3735 3734/3734/3734
f 3738/3738/3738 3737/3737/3737 3736/3736/3736
f 3736/3736/3736 3739/3739/3739 3738/3738/3738
f 3742/3742/3742 3741/3741/3741 3740/3740/3740
f 3743/3743/3743 3740/3740/3740 3741/3741/3741
f 3740/3740/3740 3743/3743/3743 3744/3744/3744
f 3745/3745/3745 3740/3740/3740 3744/3744/3744
f 3740/3740/3740 3745/3745/3745 3746/3746/3746
f 3749/3749/3749 3748/3748/3748 3747/3747/3747
f 3749/3749/3749 3747/3747/3747 3750/3750/3750
f 3749/3749/3749 3750/3750/3750 3751/3751/3751
f 3754/3754/3754 3753/3753/3753 3752/3752/3752
f 3753/3753/3753 3755/3755/3755 3752/3752/3752
f 3752/3752/3752 3755/3755/3755 3756/3756/3756
f 3755/3755/3755 3757/3757/3757 3756/3756/3756
f 3760/3760/3760 3759/3759/3759 3758/3758/3758
f 3761/3761/3761 3760/3760/3760 3758/3758/3758
f 3761/3761/3761 3758/3758/3758 3762/3762/3762
f 3763/3763/3763 3760/3760/3760 3761/3761/3761
f 3761/3761/3761 3764/3764/3764 3763/3763/3763
f 3767/3767/3767 3766/3766/3766 3765/3765/3765
f 3765/3765/3765 3768/3768/3768 3767/3767/3767
f 3771/3771/3771 3770/3770/3770 3769/3769/3769
f 3770/3770/3770 3772/3772/3772 3769/3769/3769
f 3775/3775/3775 3774/3774/3774 3773/3773/3773
f 3776/3776/3776 3775/3775/3775 3773/3773/3773
f 3777/3777/3777 3776/3776/3776 3773/3773/3773
f 3773/3773/3773 3778/3778/3778 3777/3777/3777
f 3778/3778/3778 3773/3773/3773 3779/3779/3779
f 3782/3782/3782 3781/3781/3781 3780/3780/3780
f 3782/3782/3782 3783/3783/3783 3781/3781/3781
f 3786/3786/3786 3785/3785/3785 3784/3784/3784
f 3784/3784/3784 3785/3785/3785 3787/3787/3787
f 3788/3788/3788 3787/3787/3787 3785/3785/3785
f 3788/3788/3788 3789/3789/3789 3787/3787/3787
f 3792/3792/3792 3791/3791/3791 3790/3790/3790
f 3793/3793/3793 3792/3792/3792 3790/3790/3790
f 3794/3794/3794 3792/3792/3792 3793/3793/3793
f 3794/3794/3794 3793/3793/3793 3795/3795/3795
f 3798/3798/3798 3797/3797/3797 3796/3796/3796
f 3796/3796/3796 3799/3799/3799 3798/3798/3798
f 3802/3802/3802 3801/3801/3801 3800/3800/3800
f 3803/3803/3803 3802/3802/3802 3800/3800/3800
f 3803/3803/3803 3800/3800/3800 3804/3804/3804
f 3807/3807/3807 3806/3806/3806 3805/3805/3805
f 3805/3805/3805 3808/3808/3808 3807/3807/3807
f 3811/3811/3811 3810/3810/3810 3809/3809/3809
f 3812/3812/3812 3809/3809/3809 3810/3810/3810
f 3813/3813/3813 3812/3812/3812 3810/3810/3810
f 3810/3810/3810 3814/3814/3814 3813/3813/3813
f 3816/3816/3816 3813/3813/3813 3815/3815/3815
f 3815/3815/3815 3817/3817/3817 3816/3816/3816
f 3820/3820/3820 3819/3819/3819 3818/3818/3818
f 3818/3818/3818 3821/3821/3821 3820/3820/3820
f 3821/3821/3821 3822/3822/3822 3820/3820/3820
f 3822/3822/3822 3823/3823/3823 3820/3820/3820
f 3826/3826/3826 3825/3825/3825 3824/3824/3824
f 3824/3824/3824 3827/3827/3827 3826/3826/3826
f 3828/3828/3828 3827/3827/3827 3824/3824/3824
f 3824/3824/3824 3829/3829/3829 3828/3828/3828
f 3832/3832/3832 3831/3831/3831 3830/3830/3830
f 3830/3830/3830 3833/3833/3833 3832/3832/3832
f 3834/3834/3834 3833/3833/3833 3830/3830/3830
f 3830/3830/3830 3835/3835/3835 3834/3834/3834
f 3838/3838/3838 3837/3837/3837 3836/3836/3836
f 3836/3836/3836 3839/3839/3839 3838/3838/3838
f 3842/3842/3842 3841/3841/3841 3840/3840/3840
f 3841/3841/3841 3843/3843/3843 3840/3840/3840
f 3846/3846/3846 3845/3845/3845 3844/3844/3844
f 3844/3844/3844 3847/3847/3847 3846/3846/3846
f 3848/3848/3848 3846/3846/3846 3847/3847/3847
f 3847/3847/3847 3849/3849/3849 3848/3848/3848
f 3850/3850/3850 3848/3848/3848 3849/3849/3849
f 3849/3849/3849 3851/3851/3851 3850/3850/3850
f 3854/3854/3854 3853/3853/3853 3852/3852/3852
f 3852/3852/3852 3853/3853/3853 3855/3855/3855
f 3855/3855/3855 3856/3856/3856 3852/3852/3852
f 3856/3856/3856 3855/3855/3855 3857/3857/3857
f 3860/3860/3860 3859/3859/3859 3858/3858/3858
f 3861/3861/3861 3860/3860/3860 3858/3858/3858
f 3858/3858/3858 3862/3862/3862 3861/3861/3861
f 3861/3861/3861 3862/3862/3862 3863/3863/3863
f 3864/3864/3864 3862/3862/3862 3858/3858/3858
f 3858/3858/3858 3865/3865/3865 3864/3864/3864
f 3868/3868/3868 3867/3867/3867 3866/3866/3866
f 3866/3866/3866 3869/3869/3869 3868/3868/3868
f 3872/3872/3872 3871/3871/3871 3870/3870/3870
f 3871/3871/3871 3873/3873/3873 3870/3870/3870
f 3871/3871/3871 3874/3874/3874 3873/3873/3873
f 3874/3874/3874 3875/3875/3875 3873/3873/3873
f 3875/3875/3875 3876/3876/3876 3873/3873/3873
f 3879/3879/3879 3878/3878/3878 3877/3877/3877
f 3877/3877/3877 3880/3880/3880 3879/3879/3879
f 3883/3883/3883 3882/3882/3882 3881/3881/3881
f 3884/3884/3884 3881/3881/3881 3882/3882/3882
f 3885/3885/3885 3881/3881/3881 3884/3884/3884
f 3884/3884/3884 3886/3886/3886 3885/3885/3885
f 3889/3889/3889 3888/3888/3888 3887/3887/3887
f 3887/3887/3887 3890/3890/3890 3889/3889/3889
f 3890/3890/3890 3891/3891/3891 3889/3889/3889
f 3890/3890/3890 3892/3892/3892 3891/3891/3891
f 3895/3895/3895 3894/3894/3894 3893/3893/3893
f 3895/3895/3895 3893/3893/3893 3896/3896/3896
f 3897/3897/3897 3895/3895/3895 3896/3896/3896
f 3898/3898/3898 3897/3897/3897 3896/3896/3896
f 3899/3899/3899 3898/3898/3898 3896/3896/3896
f 3902/3902/3902 3901/3901/3901 3900/3900/3900
f 3900/3900/3900 3903/3903/3903 3902/3902/3902
f 3906/3906/3906 3905/3905/3905 3904/3904/3904
f 3904/3904/3904 3907/3907/3907 3906/3906/3906
f 3907/3907/3907 3904/3904/3904 3908/3908/3908
f 3908/3908/3908 3909/3909/3909 3907/3907/3907
f 3912/3912/3912 3911/3911/3911 3910/3910/3910
f 3910/3910/3910 3913/3913/3913 3912/3912/3912
f 3912/3912/3912 3913/3913/3913 3914/3914/3914
f 3914/3914/3914 3915/3915/3915 3912/3912/3912
f 3918/3918/3918 3917/3917/3917 3916/3916/3916
f 3916/3916/3916 3919/3919/3919 3918/3918/3918
f 3922/3922/3922 3921/3921/3921 3920/3920/3920
f 3922/3922/3922 3923/3923/3923 3921/3921/3921
f 3923/3923/3923 3922/3922/3922 3924/3924/3924
f 3925/3925/3925 3924/3924/3924 3922/3922/3922
f 3928/3928/3928 3927/3927/3927 3926/3926/3926
f 3926/3926/3926 3929/3929/3929 3928/3928/3928
f 3932/3932/3932 3931/3931/3931 3930/3930/3930
f 3930/3930/3930 3933/3933/3933 3932/3932/3932
f 3936/3936/3936 3935/3935/3935 3934/3934/3934
f 3936/3936/3936 3937/3937/3937 3935/3935/3935
f 3940/3940/3940 3939/3939/3939 3938/3938/3938
f 3938/3938/3938 3941/3941/3941 3940/3940/3940
f 3944/3944/3944 3943/3943/3943 3942/3942/3942
f 3942/3942/3942 3945/3945/3945 3944/3944/3944
f 3948/3948/3948 3947/3947/3947 3946/3946/3946
f 3949/3949/3949 3946/3946/3946 3947/3947/3947
f 3947/3947/3947 3950/3950/3950 3949/3949/3949
f 3951/3951/3951 3949/3949/3949 3950/3950/3950
f 3951/3951/3951 3952/3952/3952 3949/3949/3949
f 3952/3952/3952 3951/3951/3951 3953/3953/3953
f 3951/3951/3951 3954/3954/3954 3953/3953/3953
f 3953/3953/3953 3954/3954/3954 3955/3955/3955
f 3955/3955/3955 3956/3956/3956 3953/3953/3953
f 3959/3959/3959 3958/3958/3958 3957/3957/3957
f 3957/3957/3957 3960/3960/3960 3959/3959/3959
f 3963/3963/3963 3962/3962/3962 3961/3961/3961
f 3963/3963/3963 3961/3961/3961 3964/3964/3964
f 3964/3964/3964 3965/3965/3965 3963/3963/3963
f 3966/3966/3966 3965/3965/3965 3964/3964/3964
f 3966/3966/3966 3964/3964/3964 3967/3967/3967
f 3966/3966/3966 3967/3967/3967 3968/3968/3968
f 3969/3969/3969 3966/3966/3966 3968/3968/3968
f 3969/3969/3969 3968/3968/3968 3970/3970/3970
f 3971/3971/3971 3970/3970/3970 3968/3968/3968
f 3974/3974/3974 3973/3973/3973 3972/3972/3972
f 3972/3972/3972 3975/3975/3975 3974/3974/3974
f 3974/3974/3974 3975/3975/3975 3976/3976/3976
f 3976/3976/3976 3977/3977/3977 3974/3974/3974
f 3977/3977/3977 3976/3976/3976 3978/3978/3978
f 3979/3979/3979 3978/3978/3978 3976/3976/3976
f 3980/3980/3980 3978/3978/3978 3979/3979/3979
f 3979/3979/3979 3981/3981/3981 3980/3980/3980
f 3982/3982/3982 3980/3980/3980 3981/3981/3981
f 3982/3982/3982 3983/3983/3983 3980/3980/3980
f 3984/3984/3984 3983/3983/3983 3982/3982/3982
f 3983/3983/3983 3984/3984/3984 3985/3985/3985
f 3984/3984/3984 3986/3986/3986 3985/3985/3985
f 3987/3987/3987 3986/3986/3986 3984/3984/3984
f 3990/3990/3990 3989/3989/3989 3988/3988/3988
f 3991/3991/3991 3989/3989/3989 3990/3990/3990
f 3994/3994/3994 3993/3993/3993 3992/3992/3992
f 3992/3992/3992 3995/3995/3995 3994/3994/3994
f 3996/3996/3996 3994/3994/3994 3995/3995/3995
f 3995/3995/3995 3997/3997/3997 3996/3996/3996
f 4000/4000/4000 3999/3999/3999 3998/3998/3998
f 3998/3998/3998 4001/4001/4001 4000/4000/4000
f 4000/4000/4000 4001/4001/4001 4002/4002/4002
f 4003/4003/4003 4002/4002/4002 4001/4001/4001
f 4006/4006/4006 4005/4005/4005 4004/4004/4004
f 4005/4005/4005 4006/4006/4006 4007/4007/4007
f 4007/4007/4007 4006/4006/4006 4008/4008/4008
f 4008/4008/4008 4009/4009/4009 4007/4007/4007
f 4012/4012/4012 4011/4011/4011 4010/4010/4010
f 4011/4011/4011 4013/4013/4013 4010/4010/4010
f 4016/4016/4016 4015/4015/4015 4014/4014/4014
f 4017/4017/4017 4014/4014/4014 4015/4015/4015
f 4014/4014/4014 4017/4017/4017 4018/4018/4018
f 4018/4018/4018 4019/4019/4019 4014/4014/4014
f 4022/4022/4022 4021/4021/4021 4020/4020/4020
f 4020/4020/4020 4023/4023/4023 4022/4022/4022
f 4026/4026/4026 4025/4025/4025 4024/4024/4024
f 4027/4027/4027 4026/4026/4026 4024/4024/4024
f 4024/4024/4024 4028/4028/4028 4027/4027/4027
f 4031/4031/4031 4030/4030/4030 4029/4029/4029
f 4029/4029/4029 4032/4032/4032 4031/4031/4031
f 4035/4035/4035 4034/4034/4034 4033/4033/4033
f 4035/4035/4035 4036/4036/4036 4034/4034/4034
f 4036/4036/4036 4037/4037/4037 4034/4034/4034
f 4040/4040/4040 4039/4039/4039 4038/4038/4038
f 4038/4038/4038 4041/4041/4041 4040/4040/4040
f 4044/4044/4044 4043/4043/4043 4042/4042/4042
f 4042/4042/4042 4045/4045/4045 4044/4044/4044
f 4048/4048/4048 4047/4047/4047 4046/4046/4046
f 4049/4049/4049 4046/4046/4046 4047/4047/4047
f 4047/4047/4047 4050/4050/4050 4049/4049/4049
f 4051/4051/4051 4049/4049/4049 4050/4050/4050
f 4054/4054/4054 4053/4053/4053 4052/4052/4052
f 4055/4055/4055 4052/4052/4052 4053/4053/4053
f 4053/4053/4053 4056/4056/4056 4055/4055/4055
f 4057/4057/4057 4055/4055/4055 4056/4056/4056
f 4060/4060/4060 4059/4059/4059 4058/4058/4058
f 4060/4060/4060 4058/4058/4058 4061/4061/4061
f 4061/4061/4061 4062/4062/4062 4060/4060/4060
f 4061/4061/4061 4063/4063/4063 4062/4062/4062
f 4066/4066/4066 4065/4065/4065 4064/4064/4064
f 4067/4067/4067 4064/4064/4064 4065/4065/4065
f 4070/4070/4070 4069/4069/4069 4068/4068/4068
f 4071/4071/4071 4068/4068/4068 4069/4069/4069
f 4069/4069/4069 4072/4072/4072 4071/4071/4071
f 4072/4072/4072 4073/4073/4073 4071/4071/4071
f 4076/4076/4076 4075/4075/4075 4074/4074/4074
f 4074/4074/4074 4077/4077/4077 4076/4076/4076
f 4078/4078/4078 4077/4077/4077 4074/4074/4074
f 4074/4074/4074 4079/4079/4079 4078/4078/4078
f 4082/4082/4082 4081/4081/4081 4080/4080/4080
f 4080/4080/4080 4083/4083/4083 4082/4082/4082
f 4086/4086/4086 4085/4085/4085 4084/4084/4084
f 4087/4087/4087 4084/4084/4084 4085/4085/4085
f 4088/4088/4088 4087/4087/4087 4085/4085/4085
f 4085/4085/4085 4089/4089/4089 4088/4088/4088
f 4092/4092/4092 4091/4091/4091 4090/4090/4090
f 4091/4091/4091 4093/4093/4093 4090/4090/4090
f 4096/4096/4096 4095/4095/4095 4094/4094/4094
f 4096/4096/4096 4094/4094/4094 4097/4097/4097
f 4098/4098/4098 4096/4096/4096 4097/4097/4097
f 4097/4097/4097 4099/4099/4099 4098/4098/4098
f 4102/4102/4102 4101/4101/4101 4100/4100/4100
f 4100/4100/4100 4103/4103/4103 4102/4102/4102
f 4100/4100/4100 4104/4104/4104 4103/4103/4103
f 4104/4104/4104 4105/4105/4105 4103/4103/4103
f 4108/4108/4108 4107/4107/4107 4106/4106/4106
f 4106/4106/4106 4109/4109/4109 4108/4108/4108
f 4112/4112/4112 4111/4111/4111 4110/4110/4110
f 4110/4110/4110 4113/4113/4113 4112/4112/4112
f 4116/4116/4116 4115/4115/4115 4114/4114/4114
f 4117/4117/4117 4114/4114/4114 4115/4115/4115
f 4120/4120/4120 4119/4119/4119 4118/4118/4118
f 4118/4118/4118 4121/4121/4121 4120/4120/4120
f 4124/4124/4124 4123/4123/4123 4122/4122/4122
f 4123/4123/4123 4125/4125/4125 4122/4122/4122
f 4122/4122/4122 4125/4125/4125 4126/4126/4126
f 4122/4122/4122 4126/4126/4126 4127/4127/4127
f 4127/4127/4127 4126/4126/4126 4128/4128/4128
f 4129/4129/4129 4122/4122/4122 4127/4127/4127
f 4127/4127/4127 4130/4130/4130 4129/4129/4129
f 4133/4133/4133 4132/4132/4132 4131/4131/4131
f 4131/4131/4131 4134/4134/4134 4133/4133/4133
f 4137/4137/4137 4136/4136/4136 4135/4135/4135
f 4136/4136/4136 4138/4138/4138 4135/4135/4135
f 4141/4141/4141 4140/4140/4140 4139/4139/4139
f 4139/4139/4139 4142/4142/4142 4141/4141/4141
f 4139/4139/4139 4143/4143/4143 4142/4142/4142
f 4143/4143/4143 4139/4139/4139 4144/4144/4144
f 4144/4144/4144 4139/4139/4139 4145/4145/4145
f 4148/4148/4148 4147/4147/4147 4146/4146/4146
f 4146/4146/4146 4147/4147/4147 4149/4149/4149
f 4149/4149/4149 4147/4147/4147 4150/4150/4150
f 4153/4153/4153 4152/4152/4152 4151/4151/4151
f 4151/4151/4151 4154/4154/4154 4153/4153/4153
f 4157/4157/4157 4156/4156/4156 4155/4155/4155
f 4156/4156/4156 4157/4157/4157 4158/4158/4158
f 4158/4158/4158 4157/4157/4157 4159/4159/4159
f 4157/4157/4157 4160/4160/4160 4159/4159/4159
f 4159/4159/4159 4160/4160/4160 4161/4161/4161
f 4157/4157/4157 4162/4162/4162 4160/4160/4160
f 4163/4163/4163 4160/4160/4160 4162/4162/4162
f 4166/4166/4166 4165/4165/4165 4164/4164/4164
f 4164/4164/4164 4167/4167/4167 4166/4166/4166
f 4170/4170/4170 4169/4169/4169 4168/4168/4168
f 4168/4168/4168 4171/4171/4171 4170/4170/4170
f 4174/4174/4174 4173/4173/4173 4172/4172/4172
f 4173/4173/4173 4175/4175/4175 4172/4172/4172
f 4172/4172/4172 4175/4175/4175 4176/4176/4176
f 4176/4176/4176 4177/4177/4177 4172/4172/4172
f 4172/4172/4172 4177/4177/4177 4178/4178/4178
f 4181/4181/4181 4180/4180/4180 4179/4179/4179
f 4182/4182/4182 4180/4180/4180 4181/4181/4181
f 4185/4185/4185 4184/4184/4184 4183/4183/4183
f 4185/4185/4185 4183/4183/4183 4186/4186/4186
f 4187/4187/4187 4185/4185/4185 4186/4186/4186
f 4187/4187/4187 4186/4186/4186 4188/4188/4188
f 4191/4191/4191 4190/4190/4190 4189/4189/4189
f 4190/4190/4190 4192/4192/4192 4189/4189/4189
f 4193/4193/4193 4192/4192/4192 4190/4190/4190
f 4193/4193/4193 4194/4194/4194 4192/4192/4192
f 4197/4197/4197 4196/4196/4196 4195/4195/4195
f 4195/4195/4195 4198/4198/4198 4197/4197/4197
f 4201/4201/4201 4200/4200/4200 4199/4199/4199
f 4200/4200/4200 4202/4202/4202 4199/4199/4199
f 4199/4199/4199 4202/4202/4202 4203/4203/4203
f 4206/4206/4206 4205/4205/4205 4204/4204/4204
f 4204/4204/4204 4207/4207/4207 4206/4206/4206
f 4210/4210/4210 4209/4209/4209 4208/4208/4208
f 4208/4208/4208 4211/4211/4211 4210/4210/4210
f 4210/4210/4210 4211/4211/4211 4212/4212/4212
f 4212/4212/4212 4213/4213/4213 4210/4210/4210
f 4216/4216/4216 4215/4215/4215 4214/4214/4214
f 4214/4214/4214 4217/4217/4217 4216/4216/4216
f 4220/4220/4220 4219/4219/4219 4218/4218/4218
f 4218/4218/4218 4221/4221/4221 4220/4220/4220
f 4218/4218/4218 4222/4222/4222 4221/4221/4221
f 4222/4222/4222 4218/4218/4218 4223/4223/4223
f 4226/4226/4226 4225/4225/4225 4224/4224/4224
f 4224/4224/4224 4227/4227/4227 4226/4226/4226
f 4226/4226/4226 4227/4227/4227 4228/4228/4228
f 4228/4228/4228 4229/4229/4229 4226/4226/4226
f 4232/4232/4232 4231/4231/4231 4230/4230/4230
f 4232/4232/4232 4230/4230/4230 4233/4233/4233
f 4233/4233/4233 4234/4234/4234 4232/4232/4232
f 4234/4234/4234 4235/4235/4235 4232/4232/4232
f 4238/4238/4238 4237/4237/4237 4236/4236/4236
f 4237/4237/4237 4239/4239/4239 4236/4236/4236
f 4242/4242/4242 4241/4241/4241 4240/4240/4240
f 4242/4242/4242 4243/4243/4243 4241/4241/4241
f 4246/4246/4246 4245/4245/4245 4244/4244/4244
f 4244/4244/4244 4247/4247/4247 4246/4246/4246
f 4248/4248/4248 4247/4247/4247 4244/4244/4244
f 4249/4249/4249 4248/4248/4248 4244/4244/4244
f 4250/4250/4250 4248/4248/4248 4249/4249/4249
f 4251/4251/4251 4250/4250/4250 4249/4249/4249
f 4254/4254/4254 4253/4253/4253 4252/4252/4252
f 4255/4255/4255 4254/4254/4254 4252/4252/4252
f 4252/4252/4252 4256/4256/4256 4255/4255/4255
f 4255/4255/4255 4256/4256/4256 4257/4257/4257
f 4258/4258/4258 4254/4254/4254 4255/4255/4255
f 4255/4255/4255 4259/4259/4259 4258/4258/4258
f 4262/4262/4262 4261/4261/4261 4260/4260/4260
f 4260/4260/4260 4261/4261/4261 4263/4263/4263
f 4263/4263/4263 4264/4264/4264 4260/4260/4260
f 4264/4264/4264 4263/4263/4263 4265/4265/4265
f 4260/4260/4260 4264/4264/4264 4266/4266/4266
f 4266/4266/4266 4267/4267/4267 4260/4260/4260
f 4270/4270/4270 4269/4269/4269 4268/4268/4268
f 4268/4268/4268 4271/4271/4271 4270/4270/4270
f 4274/4274/4274 4273/4273/4273 4272/4272/4272
f 4275/4275/4275 4274/4274/4274 4272/4272/4272
f 4276/4276/4276 4274/4274/4274 4275/4275/4275
f 4277/4277/4277 4276/4276/4276 4275/4275/4275
f 4278/4278/4278 4277/4277/4277 4275/4275/4275
f 4281/4281/4281 4280/4280/4280 4279/4279/4279
f 4279/4279/4279 4282/4282/4282 4281/4281/4281
f 4285/4285/4285 4284/4284/4284 4283/4283/4283
f 4286/4286/4286 4284/4284/4284 4285/4285/4285
f 4286/4286/4286 4285/4285/4285 4287/4287/4287
f 4287/4287/4287 4288/4288/4288 4286/4286/4286
f 4291/4291/4291 4290/4290/4290 4289/4289/4289
f 4289/4289/4289 4292/4292/4292 4291/4291/4291
f 4293/4293/4293 4292/4292/4292 4289/4289/4289
f 4294/4294/4294 4292/4292/4292 4293/4293/4293
f 4297/4297/4297 4296/4296/4296 4295/4295/4295
f 4295/4295/4295 4296/4296/4296 4298/4298/4298
f 4296/4296/4296 4299/4299/4299 4298/4298/4298
f 4299/4299/4299 4300/4300/4300 4298/4298/4298
f 4300/4300/4300 4301/4301/4301 4298/4298/4298
f 4304/4304/4304 4303/4303/4303 4302/4302/4302
f 4302/4302/4302 4305/4305/4305 4304/4304/4304
f 4308/4308/4308 4307/4307/4307 4306/4306/4306
f 4306/4306/4306 4309/4309/4309 4308/4308/4308
f 4306/4306/4306 4310/4310/4310 4309/4309/4309
f 4309/4309/4309 4310/4310/4310 4311/4311/4311
f 4314/4314/4314 4313/4313/4313 4312/4312/4312
f 4312/4312/4312 4315/4315/4315 4314/4314/4314
f 4316/4316/4316 4315/4315/4315 4312/4312/4312
f 4316/4316/4316 4317/4317/4317 4315/4315/4315
f 4320/4320/4320 4319/4319/4319 4318/4318/4318
f 4319/4319/4319 4321/4321/4321 4318/4318/4318
f 4322/4322/4322 4321/4321/4321 4319/4319/4319
f 4319/4319/4319 4323/4323/4323 4322/4322/4322
f 4326/4326/4326 4325/4325/4325 4324/4324/4324
f 4327/4327/4327 4324/4324/4324 4325/4325/4325
f 4328/4328/4328 4324/4324/4324 4327/4327/4327
f 4327/4327/4327 4329/4329/4329 4328/4328/4328
f 4332/4332/4332 4331/4331/4331 4330/4330/4330
f 4330/4330/4330 4333/4333/4333 4332/4332/4332
f 4336/4336/4336 4335/4335/4335 4334/4334/4334
f 4335/4335/4335 4337/4337/4337 4334/4334/4334
f 4340/4340/4340 4339/4339/4339 4338/4338/4338
f 4338/4338/4338 4341/4341/4341 4340/4340/4340
f 4344/4344/4344 4343/4343/4343 4342/4342/4342
f 4344/4344/4344 4342/4342/4342 4345/4345/4345
f 4345/4345/4345 4346/4346/4346 4344/4344/4344
f 4345/4345/4345 4347/4347/4347 4346/4346/4346
f 4348/4348/4348 4347/4347/4347 4345/4345/4345
f 4347/4347/4347 4348/4348/4348 4349/4349/4349
f 4350/4350/4350 4347/4347/4347 4349/4349/4349
f 4351/4351/4351 4350/4350/4350 4349/4349/4349
f 4349/4349/4349 4352/4352/4352 4351/4351/4351
f 4355/4355/4355 4354/4354/4354 4353/4353/4353
f 4354/4354/4354 4356/4356/4356 4353/4353/4353
f 4356/4356/4356 4357/4357/4357 4353/4353/4353
f 4353/4353/4353 4357/4357/4357 4358/4358/4358
f 4361/4361/4361 4360/4360/4360 4359/4359/4359
f 4359/4359/4359 4362/4362/4362 4361/4361/4361
f 4365/4365/4365 4364/4364/4364 4363/4363/4363
f 4363/4363/4363 4366/4366/4366 4365/4365/4365
f 4367/4367/4367 4366/4366/4366 4363/4363/4363
f 4368/4368/4368 4366/4366/4366 4367/4367/4367
f 4371/4371/4371 4370/4370/4370 4369/4369/4369
f 4369/4369/4369 4372/4372/4372 4371/4371/4371
f 4375/4375/4375 4374/4374/4374 4373/4373/4373
f 4376/4376/4376 4373/4373/4373 4374/4374/4374
f 4374/4374/4374 4377/4377/4377 4376/4376/4376
f 4377/4377/4377 4378/4378/4378 4376/4376/4376
f 4376/4376/4376 4378/4378/4378 4379/4379/4379
f 4379/4379/4379 4378/4378/4378 4380/4380/4380
f 4378/4378/4378 4381/4381/4381 4380/4380/4380
f 4380/4380/4380 4381/4381/4381 4382/4382/4382
f 4382/4382/4382 4383/4383/4383 4380/4380/4380
f 4386/4386/4386 4385/4385/4385 4384/4384/4384
f 4385/4385/4385 4387/4387/4387 4384/4384/4384
f 4390/4390/4390 4389/4389/4389 4388/4388/4388
f 4388/4388/4388 4391/4391/4391 4390/4390/4390
f 4394/4394/4394 4393/4393/4393 4392/4392/4392
f 4394/4394/4394 4395/4395/4395 4393/4393/4393
f 4398/4398/4398 4397/4397/4397 4396/4396/4396
f 4396/4396/4396 4399/4399/4399 4398/4398/4398
f 4399/4399/4399 4396/4396/4396 4400/4400/4400
f 4400/4400/4400 4401/4401/4401 4399/4399/4399
f 4404/4404/4404 4403/4403/4403 4402/4402/4402
f 4402/4402/4402 4405/4405/4405 4404/4404/4404
f 4406/4406/4406 4405/4405/4405 4402/4402/4402
f 4402/4402/4402 4407/4407/4407 4406/4406/4406
f 4410/4410/4410 4409/4409/4409 4408/4408/4408
f 4409/4409/4409 4411/4411/4411 4408/4408/4408
f 4412/4412/4412 4408/4408/4408 4411/4411/4411
f 4411/4411/4411 4413/4413/4413 4412/4412/4412
f 4416/4416/4416 4415/4415/4415 4414/4414/4414
f 4414/4414/4414 4417/4417/4417 4416/4416/4416
f 4420/4420/4420 4419/4419/4419 4418/4418/4418
f 4420/4420/4420 4421/4421/4421 4419/4419/4419
f 4422/4422/4422 4421/4421/4421 4420/4420/4420
f 4420/4420/4420 4423/4423/4423 4422/4422/4422
f 4426/4426/4426 4425/4425/4425 4424/4424/4424
f 4424/4424/4424 4427/4427/4427 4426/4426/4426
f 4430/4430/4430 4429/4429/4429 4428/4428/4428
f 4428/4428/4428 4429/4429/4429 4431/4431/4431
f 4431/4431/4431 4432/4432/4432 4428/4428/4428
f 4435/4435/4435 4434/4434/4434 4433/4433/4433
f 4433/4433/4433 4436/4436/4436 4435/4435/4435
f 4439/4439/4439 4438/4438/4438 4437/4437/4437
f 4439/4439/4439 4440/4440/4440 4438/4438/4438
f 4439/4439/4439 4441/4441/4441 4440/4440/4440
f 4444/4444/4444 4443/4443/4443 4442/4442/4442
f 4442/4442/4442 4445/4445/4445 4444/4444/4444
f 4448/4448/4448 4447/4447/4447 4446/4446/4446
f 4446/4446/4446 4449/4449/4449 4448/4448/4448
f 4452/4452/4452 4451/4451/4451 4450/4450/4450
f 4452/4452/4452 4453/4453/4453 4451/4451/4451
f 4453/4453/4453 4454/4454/4454 4451/4451/4451
f 4453/4453/4453 4455/4455/4455 4454/4454/4454
f 4458/4458/4458 4457/4457/4457 4456/4456/4456
f 4458/4458/4458 4456/4456/4456 4459/4459/4459
f 4460/4460/4460 4458/4458/4458 4459/4459/4459
f 4460/4460/4460 4459/4459/4459 4461/4461/4461
f 4464/4464/4464 4463/4463/4463 4462/4462/4462
f 4462/4462/4462 4465/4465/4465 4464/4464/4464
f 4465/4465/4465 4462/4462/4462 4466/4466/4466
f 4466/4466/4466 4467/4467/4467 4465/4465/4465
f 4470/4470/4470 4469/4469/4469 4468/4468/4468
f 4470/4470/4470 4471/4471/4471 4469/4469/4469
f 4474/4474/4474 4473/4473/4473 4472/4472/4472
f 4472/4472/4472 4475/4475/4475 4474/4474/4474
f 4475/4475/4475 4476/4476/4476 4474/4474/4474
f 4475/4475/4475 4477/4477/4477 4476/4476/4476
f 4480/4480/4480 4479/4479/4479 4478/4478/4478
f 4480/4480/4480 4478/4478/4478 4481/4481/4481
f 4480/4480/4480 4481/4481/4481 4482/4482/4482
f 4482/4482/4482 4483/4483/4483 4480/4480/4480
f 4486/4486/4486 4485/4485/4485 4484/4484/4484
f 4484/4484/4484 4487/4487/4487 4486/4486/4486
f 4490/4490/4490 4489/4489/4489 4488/4488/4488
f 4491/4491/4491 4489/4489/4489 4490/4490/4490
f 4489/4489/4489 4491/4491/4491 4492/4492/4492
f 4492/4492/4492 4493/4493/4493 4489/4489/4489
f 4496/4496/4496 4495/4495/4495 4494/4494/4494
f 4495/4495/4495 4496/4496/4496 4497/4497/4497
f 4500/4500/4500 4499/4499/4499 4498/4498/4498
f 4501/4501/4501 4500/4500/4500 4498/4498/4498
f 4501/4501/4501 4498/4498/4498 4502/4502/4502
f 4502/4502/4502 4503/4503/4503 4501/4501/4501
f 4506/4506/4506 4505/4505/4505 4504/4504/4504
f 4506/4506/4506 4504/4504/4504 4507/4507/4507
f 4508/4508/4508 4506/4506/4506 4507/4507/4507
f 4507/4507/4507 4509/4509/4509 4508/4508/4508
f 4512/4512/4512 4511/4511/4511 4510/4510/4510
f 4513/4513/4513 4511/4511/4511 4512/4512/4512
f 4516/4516/4516 4515/4515/4515 4514/4514/4514
f 4517/4517/4517 4515/4515/4515 4516/4516/4516
f 4520/4520/4520 4519/4519/4519 4518/4518/4518
f 4520/4520/4520 4521/4521/4521 4519/4519/4519
f 4524/4524/4524 4523/4523/4523 4522/4522/4522
f 4523/4523/4523 4525/4525/4525 4522/4522/4522
f 4522/4522/4522 4525/4525/4525 4526/4526/4526
f 4525/4525/4525 4527/4527/4527 4526/4526/4526
f 4530/4530/4530 4529/4529/4529 4528/4528/4528
f 4528/4528/4528 4531/4531/4531 4530/4530/4530
f 4534/4534/4534 4533/4533/4533 4532/4532/4532
f 4532/4532/4532 4535/4535/4535 4534/4534/4534
f 4535/4535/4535 4536/4536/4536 4534/4534/4534
f 4534/4534/4534 4536/4536/4536 4537/4537/4537
f 4535/4535/4535 4538/4538/4538 4536/4536/4536
f 4541/4541/4541 4540/4540/4540 4539/4539/4539
f 4540/4540/4540 4542/4542/4542 4539/4539/4539
f 4545/4545/4545 4544/4544/4544 4543/4543/4543
f 4543/4543/4543 4546/4546/4546 4545/4545/4545
f 4543/4543/4543 4547/4547/4547 4546/4546/4546
f 4547/4547/4547 4543/4543/4543 4548/4548/4548
f 4548/4548/4548 4543/4543/4543 4549/4549/4549
f 4552/4552/4552 4551/4551/4551 4550/4550/4550
f 4550/4550/4550 4551/4551/4551 4553/4553/4553
f 4553/4553/4553 4551/4551/4551 4554/4554/4554
f 4557/4557/4557 4556/4556/4556 4555/4555/4555
f 4558/4558/4558 4556/4556/4556 4557/4557/4557
f 4559/4559/4559 4558/4558/4558 4557/4557/4557
f 4558/4558/4558 4559/4559/4559 4560/4560/4560
f 4560/4560/4560 4559/4559/4559 4561/4561/4561
f 4559/4559/4559 4562/4562/4562 4561/4561/4561
f 4561/4561/4561 4562/4562/4562 4563/4563/4563
f 4559/4559/4559 4564/4564/4564 4562/4562/4562
f 4565/4565/4565 4562/4562/4562 4564/4564/4564
f 4568/4568/4568 4567/4567/4567 4566/4566/4566
f 4568/4568/4568 4569/4569/4569 4567/4567/4567
f 4572/4572/4572 4571/4571/4571 4570/4570/4570
f 4570/4570/4570 4573/4573/4573 4572/4572/4572
f 4576/4576/4576 4575/4575/4575 4574/4574/4574
f 4575/4575/4575 4577/4577/4577 4574/4574/4574
f 4574/4574/4574 4577/4577/4577 4578/4578/4578
f 4578/4578/4578 4579/4579/4579 4574/4574/4574
f 4574/4574/4574 4579/4579/4579 4580/4580/4580
f 4583/4583/4583 4582/4582/4582 4581/4581/4581
f 4581/4581/4581 4584/4584/4584 4583/4583/4583
f 4587/4587/4587 4586/4586/4586 4585/4585/4585
f 4587/4587/4587 4585/4585/4585 4588/4588/4588
f 4588/4588/4588 4585/4585/4585 4589/4589/4589
f 4587/4587/4587 4588/4588/4588 4590/4590/4590
f 4591/4591/4591 4590/4590/4590 4588/4588/4588
f 4594/4594/4594 4593/4593/4593 4592/4592/4592
f 4593/4593/4593 4595/4595/4595 4592/4592/4592
f 4593/4593/4593 4596/4596/4596 4595/4595/4595
f 4595/4595/4595 4596/4596/4596 4597/4597/4597
f 4600/4600/4600 4599/4599/4599 4598/4598/4598
f 4598/4598/4598 4601/4601/4601 4600/4600/4600
f 4604/4604/4604 4603/4603/4603 4602/4602/4602
f 4603/4603/4603 4605/4605/4605 4602/4602/4602
f 4602/4602/4602 4605/4605/4605 4606/4606/4606
f 4609/4609/4609 4608/4608/4608 4607/4607/4607
f 4607/4607/4607 4610/4610/4610 4609/4609/4609
f 4613/4613/4613 4612/4612/4612 4611/4611/4611
f 4611/4611/4611 4614/4614/4614 4613/4613/4613
f 4615/4615/4615 4614/4614/4614 4611/4611/4611
f 4611/4611/4611 4616/4616/4616 4615/4615/4615
f 4619/4619/4619 4618/4618/4618 4617/4617/4617
f 4617/4617/4617 4620/4620/4620 4619/4619/4619
f 4623/4623/4623 4622/4622/4622 4621/4621/4621
f 4622/4622/4622 4623/4623/4623 4624/4624/4624
f 4622/4622/4622 4624/4624/4624 4625/4625/4625
f 4625/4625/4625 4626/4626/4626 4622/4622/4622
f 4629/4629/4629 4628/4628/4628 4627/4627/4627
f 4629/4629/4629 4627/4627/4627 4630/4630/4630
f 4631/4631/4631 4629/4629/4629 4630/4630/4630
f 4630/4630/4630 4632/4632/4632 4631/4631/4631
f 4635/4635/4635 4634/4634/4634 4633/4633/4633
f 4635/4635/4635 4633/4633/4633 4636/4636/4636
f 4636/4636/4636 4637/4637/4637 4635/4635/4635
f 4637/4637/4637 4638/4638/4638 4635/4635/4635
f 4641/4641/4641 4640/4640/4640 4639/4639/4639
f 4639/4639/4639 4642/4642/4642 4641/4641/4641
f 4645/4645/4645 4644/4644/4644 4643/4643/4643
f 4643/4643/4643 4646/4646/4646 4645/4645/4645
f 4649/4649/4649 4648/4648/4648 4647/4647/4647
f 4647/4647/4647 4648/4648/4648 4650/4650/4650
f 4650/4650/4650 4648/4648/4648 4651/4651/4651
f 4651/4651/4651 4652/4652/4652 4650/4650/4650
f 4652/4652/4652 4651/4651/4651 4653/4653/4653
f 4653/4653/4653 4654/4654/4654 4652/4652/4652
f 4657/4657/4657 4656/4656/4656 4655/4655/4655
f 4658/4658/4658 4657/4657/4657 4655/4655/4655
f 4655/4655/4655 4659/4659/4659 4658/4658/4658
f 4658/4658/4658 4659/4659/4659 4660/4660/4660
f 4661/4661/4661 4657/4657/4657 4658/4658/4658
f 4658/4658/4658 4662/4662/4662 4661/4661/4661
f 4665/4665/4665 4664/4664/4664 4663/4663/4663
f 4663/4663/4663 4664/4664/4664 4666/4666/4666
f 4666/4666/4666 4667/4667/4667 4663/4663/4663
f 4667/4667/4667 4666/4666/4666 4668/4668/4668
f 4671/4671/4671 4670/4670/4670 4669/4669/4669
f 4669/4669/4669 4672/4672/4672 4671/4671/4671
f 4675/4675/4675 4674/4674/4674 4673/4673/4673
f 4676/4676/4676 4675/4675/4675 4673/4673/4673
f 4677/4677/4677 4675/4675/4675 4676/4676/4676
f 4678/4678/4678 4677/4677/4677 4676/4676/4676
f 4679/4679/4679 4678/4678/4678 4676/4676/4676
f 4682/4682/4682 4681/4681/4681 4680/4680/4680
f 4680/4680/4680 4683/4683/4683 4682/4682/4682
f 4686/4686/4686 4685/4685/4685 4684/4684/4684
f 4684/4684/4684 4687/4687/4687 4686/4686/4686
f 4687/4687/4687 4684/4684/4684 4688/4688/4688
f 4688/4688/4688 4689/4689/4689 4687/4687/4687
f 4692/4692/4692 4691/4691/4691 4690/4690/4690
f 4690/4690/4690 4693/4693/4693 4692/4692/4692
f 4694/4694/4694 4693/4693/4693 4690/4690/4690
f 4695/4695/4695 4693/4693/4693 4694/4694/4694
f 4698/4698/4698 4697/4697/4697 4696/4696/4696
f 4696/4696/4696 4697/4697/4697 4699/4699/4699
f 4697/4697/4697 4700/4700/4700 4699/4699/4699
f 4700/4700/4700 4701/4701/4701 4699/4699/4699
f 4701/4701/4701 4702/4702/4702 4699/4699/4699
f 4705/4705/4705 4704/4704/4704 4703/4703/4703
f 4703/4703/4703 4706/4706/4706 4705/4705/4705
f 4709/4709/4709 4708/4708/4708 4707/4707/4707
f 4708/4708/4708 4709/4709/4709 4710/4710/4710
f 4711/4711/4711 4710/4710/4710 4709/4709/4709
f 4709/4709/4709 4712/4712/4712 4711/4711/4711
f 4715/4715/4715 4714/4714/4714 4713/4713/4713
f 4713/4713/4713 4716/4716/4716 4715/4715/4715
f 4717/4717/4717 4716/4716/4716 4713/4713/4713
f 4713/4713/4713 4718/4718/4718 4717/4717/4717
f 4721/4721/4721 4720/4720/4720 4719/4719/4719
f 4719/4719/4719 4722/4722/4722 4721/4721/4721
f 4722/4722/4722 4723/4723/4723 4721/4721/4721
f 4724/4724/4724 4721/4721/4721 4723/4723/4723
f 4727/4727/4727 4726/4726/4726 4725/4725/4725
f 4728/4728/4728 4727/4727/4727 4725/4725/4725
f 4727/4727/4727 4728/4728/4728 4729/4729/4729
f 4729/4729/4729 4730/4730/4730 4727/4727/4727
f 4733/4733/4733 4732/4732/4732 4731/4731/4731
f 4731/4731/4731 4734/4734/4734 4733/4733/4733
f 4737/4737/4737 4736/4736/4736 4735/4735/4735
f 4738/4738/4738 4736/4736/4736 4737/4737/4737
f 4741/4741/4741 4740/4740/4740 4739/4739/4739
f 4739/4739/4739 4742/4742/4742 4741/4741/4741
f 4745/4745/4745 4744/4744/4744 4743/4743/4743
f 4744/4744/4744 4746/4746/4746 4743/4743/4743
f 4749/4749/4749 4748/4748/4748 4747/4747/4747
f 4749/4749/4749 4747/4747/4747 4750/4750/4750
f 4750/4750/4750 4751/4751/4751 4749/4749/4749
f 4750/4750/4750 4752/4752/4752 4751/4751/4751
f 4753/4753/4753 4752/4752/4752 4750/4750/4750
f 4752/4752/4752 4753/4753/4753 4754/4754/4754
f 4755/4755/4755 4752/4752/4752 4754/4754/4754
f 4756/4756/4756 4755/4755/4755 4754/4754/4754
f 4754/4754/4754 4757/4757/4757 4756/4756/4756
f 4760/4760/4760 4759/4759/4759 4758/4758/4758
f 4758/4758/4758 4761/4761/4761 4760/4760/4760
f 4764/4764/4764 4763/4763/4763 4762/4762/4762
f 4765/4765/4765 4762/4762/4762 4763/4763/4763
f 4763/4763/4763 4766/4766/4766 4765/4765/4765
f 4766/4766/4766 4767/4767/4767 4765/4765/4765
f 4765/4765/4765 4767/4767/4767 4768/4768/4768
f 4768/4768/4768 4767/4767/4767 4769/4769/4769
f 4767/4767/4767 4770/4770/4770 4769/4769/4769
f 4769/4769/4769 4770/4770/4770 4771/4771/4771
f 4771/4771/4771 4772/4772/4772 4769/4769/4769
f 4775/4775/4775 4774/4774/4774 4773/4773/4773
f 4773/4773/4773 4776/4776/4776 4775/4775/4775
f 4777/4777/4777 4776/4776/4776 4773/4773/4773
f 4773/4773/4773 4778/4778/4778 4777/4777/4777
f 4779/4779/4779 4777/4777/4777 4778/4778/4778
f 4778/4778/4778 4780/4780/4780 4779/4779/4779
f 4781/4781/4781 4779/4779/4779 4780/4780/4780
f 4780/4780/4780 4782/4782/4782 4781/4781/4781
f 4781/4781/4781 4782/4782/4782 4783/4783/4783
f 4783/4783/4783 4784/4784/4784 4781/4781/4781
f 4787/4787/4787 4786/4786/4786 4785/4785/4785
f 4785/4785/4785 4788/4788/4788 4787/4787/4787
f 4791/4791/4791 4790/4790/4790 4789/4789/4789
f 4789/4789/4789 4792/4792/4792 4791/4791/4791
f 4795/4795/4795 4794/4794/4794 4793/4793/4793
f 4793/4793/4793 4796/4796/4796 4795/4795/4795
f 4799/4799/4799 4798/4798/4798 4797/4797/4797
f 4797/4797/4797 4800/4800/4800 4799/4799/4799
f 4800/4800/4800 4797/4797/4797 4801/4801/4801
f 4801/4801/4801 4802/4802/4802 4800/4800/4800
f 4805/4805/4805 4804/4804/4804 4803/4803/4803
f 4803/4803/4803 4806/4806/4806 4805/4805/4805
f 4806/4806/4806 4803/4803/4803 4807/4807/4807
f 4807/4807/4807 4808/4808/4808 4806/4806/4806
f 4811/4811/4811 4810/4810/4810 4809/4809/4809
f 4809/4809/4809 4810/4810/4810 4812/4812/4812
f 4813/4813/4813 4809/4809/4809 4812/4812/4812
f 4812/4812/4812 4814/4814/4814 4813/4813/4813
f 4817/4817/4817 4816/4816/4816 4815/4815/4815
f 4816/4816/4816 4817/4817/4817 4818/4818/4818
f 4821/4821/4821 4820/4820/4820 4819/4819/4819
f 4819/4819/4819 4822/4822/4822 4821/4821/4821
f 4822/4822/4822 4823/4823/4823 4821/4821/4821
f 4823/4823/4823 4824/4824/4824 4821/4821/4821
f 4827/4827/4827 4826/4826/4826 4825/4825/4825
f 4826/4826/4826 4828/4828/4828 4825/4825/4825
f 4831/4831/4831 4830/4830/4830 4829/4829/4829
f 4829/4829/4829 4830/4830/4830 4832/4832/4832
f 4832/4832/4832 4833/4833/4833 4829/4829/4829
f 4836/4836/4836 4835/4835/4835 4834/4834/4834
f 4834/4834/4834 4837/4837/4837 4836/4836/4836
f 4840/4840/4840 4839/4839/4839 4838/4838/4838
f 4840/4840/4840 4841/4841/4841 4839/4839/4839
f 4840/4840/4840 4842/4842/4842 4841/4841/4841
f 4845/4845/4845 4844/4844/4844 4843/4843/4843
f 4843/4843/4843 4846/4846/4846 4845/4845/4845
f 4849/4849/4849 4848/4848/4848 4847/4847/4847
f 4849/4849/4849 4850/4850/4850 4848/4848/4848
f 4853/4853/4853 4852/4852/4852 4851/4851/4851
f 4853/4853/4853 4851/4851/4851 4854/4854/4854
f 4855/4855/4855 4853/4853/4853 4854/4854/4854
f 4854/4854/4854 4856/4856/4856 4855/4855/4855
f 4859/4859/4859 4858/4858/4858 4857/4857/4857
f 4857/4857/4857 4860/4860/4860 4859/4859/4859
f 4863/4863/4863 4862/4862/4862 4861/4861/4861
f 4861/4861/4861 4864/4864/4864 4863/4863/4863
f 4865/4865/4865 4863/4863/4863 4864/4864/4864
f 4865/4865/4865 4864/4864/4864 4866/4866/4866
f 4869/4869/4869 4868/4868/4868 4867/4867/4867
f 4867/4867/4867 4870/4870/4870 4869/4869/4869
f 4870/4870/4870 4867/4867/4867 4871/4871/4871
f 4871/4871/4871 4872/4872/4872 4870/4870/4870
f 4875/4875/4875 4874/4874/4874 4873/4873/4873
f 4873/4873/4873 4876/4876/4876 4875/4875/4875
f 4879/4879/4879 4878/4878/4878 4877/4877/4877
f 4877/4877/4877 4880/4880/4880 4879/4879/4879
f 4880/4880/4880 4881/4881/4881 4879/4879/4879
f 4880/4880/4880 4882/4882/4882 4881/4881/4881
f 4885/4885/4885 4884/4884/4884 4883/4883/4883
f 4885/4885/4885 4886/4886/4886 4884/4884/4884
f 4884/4884/4884 4886/4886/4886 4887/4887/4887
f 4887/4887/4887 4888/4888/4888 4884/4884/4884
f 4891/4891/4891 4890/4890/4890 4889/4889/4889
f 4889/4889/4889 4892/4892/4892 4891/4891/4891
f 4895/4895/4895 4894/4894/4894 4893/4893/4893
f 4893/4893/4893 4896/4896/4896 4895/4895/4895
f 4897/4897/4897 4895/4895/4895 4896/4896/4896
f 4897/4897/4897 4896/4896/4896 4898/4898/4898
f 4901/4901/4901 4900/4900/4900 4899/4899/4899
f 4899/4899/4899 4902/4902/4902 4901/4901/4901
f 4905/4905/4905 4904/4904/4904 4903/4903/4903
f 4906/4906/4906 4905/4905/4905 4903/4903/4903
f 4903/4903/4903 4907/4907/4907 4906/4906/4906
f 4907/4907/4907 4908/4908/4908 4906/4906/4906
f 4911/4911/4911 4910/4910/4910 4909/4909/4909
f 4911/4911/4911 4909/4909/4909 4912/4912/4912
f 4913/4913/4913 4911/4911/4911 4912/4912/4912
f 4912/4912/4912 4914/4914/4914 4913/4913/4913
f 4917/4917/4917 4916/4916/4916 4915/4915/4915
f 4915/4915/4915 4918/4918/4918 4917/4917/4917
f 4921/4921/4921 4920/4920/4920 4919/4919/4919
f 4920/4920/4920 4921/4921/4921 4922/4922/4922
f 4925/4925/4925 4924/4924/4924 4923/4923/4923
f 4924/4924/4924 4925/4925/4925 4926/4926/4926
f 4929/4929/4929 4928/4928/4928 4927/4927/4927
f 4927/4927/4927 4930/4930/4930 4929/4929/4929
f 4933/4933/4933 4932/4932/4932 4931/4931/4931
f 4931/4931/4931 4934/4934/4934 4933/4933/4933
f 4937/4937/4937 4936/4936/4936 4935/4935/4935
f 4935/4935/4935 4938/4938/4938 4937/4937/4937
f 4941/4941/4941 4940/4940/4940 4939/4939/4939
f 4939/4939/4939 4942/4942/4942 4941/4941/4941
f 4943/4943/4943 4941/4941/4941 4942/4942/4942
f 4942/4942/4942 4944/4944/4944 4943/4943/4943
f 4943/4943/4943 4944/4944/4944 4945/4945/4945
f 4943/4943/4943 4945/4945/4945 4946/4946/4946
f 4946/4946/4946 4945/4945/4945 4947/4947/4947
f 4948/4948/4948 4943/4943/4943 4946/4946/4946
f 4946/4946/4946 4949/4949/4949 4948/4948/4948
f 4952/4952/4952 4951/4951/4951 4950/4950/4950
f 4950/4950/4950 4953/4953/4953 4952/4952/4952
f 4956/4956/4956 4955/4955/4955 4954/4954/4954
f 4955/4955/4955 4957/4957/4957 4954/4954/4954
f 4960/4960/4960 4959/4959/4959 4958/4958/4958
f 4958/4958/4958 4961/4961/4961 4960/4960/4960
f 4958/4958/4958 4962/4962/4962 4961/4961/4961
f 4962/4962/4962 4958/4958/4958 4963/4963/4963
f 4963/4963/4963 4958/4958/4958 4964/4964/4964
f 4967/4967/4967 4966/4966/4966 4965/4965/4965
f 4965/4965/4965 4966/4966/4966 4968/4968/4968
f 4968/4968/4968 4966/4966/4966 4969/4969/4969
f 4972/4972/4972 4971/4971/4971 4970/4970/4970
f 4971/4971/4971 4972/4972/4972 4973/4973/4973
f 4974/4974/4974 4973/4973/4973 4972/4972/4972
f 4973/4973/4973 4974/4974/4974 4975/4975/4975
f 4978/4978/4978 4977/4977/4977 4976/4976/4976
f 4977/4977/4977 4979/4979/4979 4976/4976/4976
f 4976/4976/4976 4979/4979/4979 4980/4980/4980
f 4977/4977/4977 4981/4981/4981 4979/4979/4979
f 4982/4982/4982 4979/4979/4979 4981/4981/4981
f 4985/4985/4985 4984/4984/4984 4983/4983/4983
f 4983/4983/4983 4986/4986/4986 4985/4985/4985
f 4989/4989/4989 4988/4988/4988 4987/4987/4987
f 4987/4987/4987 4990/4990/4990 4989/4989/4989
f 4993/4993/4993 4992/4992/4992 4991/4991/4991
f 4992/4992/4992 4994/4994/4994 4991/4991/4991
f 4991/4991/4991 4994/4994/4994 4995/4995/4995
f 4995/4995/4995 4996/4996/4996 4991/4991/4991
f 4991/4991/4991 4996/4996/4996 4997/4997/4997
f 5000/5000/5000 4999/4999/4999 4998/4998/4998
f 5001/5001/5001 4999/4999/4999 5000/5000/5000
f 5004/5004/5004 5003/5003/5003 5002/5002/5002
f 5004/5004/5004 5002/5002/5002 5005/5005/5005
f 5006/5006/5006 5004/5004/5004 5005/5005/5005
f 5006/5006/5006 5005/5005/5005 5007/5007/5007
f 5010/5010/5010 5009/5009/5009 5008/5008/5008
f 5009/5009/5009 5011/5011/5011 5008/5008/5008
f 5008/5008/5008 5011/5011/5011 5012/5012/5012
f 5013/5013/5013 5011/5011/5011 5009/5009/5009
f 5013/5013/5013 5014/5014/5014 5011/5011/5011
f 5017/5017/5017 5016/5016/5016 5015/5015/5015
f 5015/5015/5015 5018/5018/5018 5017/5017/5017
f 5021/5021/5021 5020/5020/5020 5019/5019/5019
f 5020/5020/5020 5022/5022/5022 5019/5019/5019
f 5019/5019/5019 5022/5022/5022 5023/5023/5023
f 5026/5026/5026 5025/5025/5025 5024/5024/5024
f 5024/5024/5024 5027/5027/5027 5026/5026/5026
f 5030/5030/5030 5029/5029/5029 5028/5028/5028
f 5028/5028/5028 5031/5031/5031 5030/5030/5030
f 5030/5030/5030 5031/5031/5031 5032/5032/5032
f 5032/5032/5032 5033/5033/5033 5030/5030/5030
f 5036/5036/5036 5035/5035/5035 5034/5034/5034
f 5034/5034/5034 5037/5037/5037 5036/5036/5036
f 5040/5040/5040 5039/5039/5039 5038/5038/5038
f 5038/5038/5038 5041/5041/5041 5040/5040/5040
f 5038/5038/5038 5042/5042/5042 5041/5041/5041
f 5042/5042/5042 5038/5038/5038 5043/5043/5043
f 5046/5046/5046 5045/5045/5045 5044/5044/5044
f 5044/5044/5044 5047/5047/5047 5046/5046/5046
f 5046/5046/5046 5047/5047/5047 5048/5048/5048
f 5048/5048/5048 5049/5049/5049 5046/5046/5046
f 5052/5052/5052 5051/5051/5051 5050/5050/5050
f 5053/5053/5053 5052/5052/5052 5050/5050/5050
f 5053/5053/5053 5050/5050/5050 5054/5054/5054
f 5054/5054/5054 5055/5055/5055 5053/5053/5053
f 5058/5058/5058 5057/5057/5057 5056/5056/5056
f 5059/5059/5059 5056/5056/5056 5057/5057/5057
f 5062/5062/5062 5061/5061/5061 5060/5060/5060
f 5061/5061/5061 5062/5062/5062 5063/5063/5063
f 5066/5066/5066 5065/5065/5065 5064/5064/5064
f 5064/5064/5064 5067/5067/5067 5066/5066/5066
f 5067/5067/5067 5064/5064/5064 5068/5068/5068
f 5068/5068/5068 5069/5069/5069 5067/5067/5067
f 5069/5069/5069 5068/5068/5068 5070/5070/5070
f 5070/5070/5070 5071/5071/5071 5069/5069/5069
f 5074/5074/5074 5073/5073/5073 5072/5072/5072
f 5072/5072/5072 5073/5073/5073 5075/5075/5075
f 5075/5075/5075 5076/5076/5076 5072/5072/5072
f 5076/5076/5076 5075/5075/5075 5077/5077/5077
f 5072/5072/5072 5076/5076/5076 5078/5078/5078
f 5078/5078/5078 5079/5079/5079 5072/5072/5072
f 5082/5082/5082 5081/5081/5081 5080/5080/5080
f 5080/5080/5080 5083/5083/5083 5082/5082/5082
f 5086/5086/5086 5085/5085/5085 5084/5084/5084
f 5087/5087/5087 5086/5086/5086 5084/5084/5084
f 5088/5088/5088 5086/5086/5086 5087/5087/5087
f 5089/5089/5089 5088/5088/5088 5087/5087/5087
f 5090/5090/5090 5089/5089/5089 5087/5087/5087
f 5093/5093/5093 5092/5092/5092 5091/5091/5091
f 5091/5091/5091 5094/5094/5094 5093/5093/5093
f 5097/5097/5097 5096/5096/5096 5095/5095/5095
f 5098/5098/5098 5096/5096/5096 5097/5097/5097
f 5098/5098/5098 5097/5097/5097 5099/5099/5099
f 5099/5099/5099 5100/5100/5100 5098/5098/5098
f 5103/5103/5103 5102/5102/5102 5101/5101/5101
f 5101/5101/5101 5104/5104/5104 5103/5103/5103
f 5105/5105/5105 5104/5104/5104 5101/5101/5101
f 5106/5106/5106 5104/5104/5104 5105/5105/5105
f 5109/5109/5109 5108/5108/5108 5107/5107/5107
f 5107/5107/5107 5108/5108/5108 5110/5110/5110
f 5108/5108/5108 5111/5111/5111 5110/5110/5110
f 5111/5111/5111 5112/5112/5112 5110/5110/5110
f 5112/5112/5112 5113/5113/5113 5110/5110/5110
f 5116/5116/5116 5115/5115/5115 5114/5114/5114
f 5114/5114/5114 5117/5117/5117 5116/5116/5116
f 5120/5120/5120 5119/5119/5119 5118/5118/5118
f 5118/5118/5118 5121/5121/5121 5120/5120/5120
f 5122/5122/5122 5120/5120/5120 5121/5121/5121
f 5121/5121/5121 5123/5123/5123 5122/5122/5122
f 5126/5126/5126 5125/5125/5125 5124/5124/5124
f 5124/5124/5124 5127/5127/5127 5126/5126/5126
f 5128/5128/5128 5127/5127/5127 5124/5124/5124
f 5124/5124/5124 5129/5129/5129 5128/5128/5128
f 5132/5132/5132 5131/5131/5131 5130/5130/5130
f 5133/5133/5133 5130/5130/5130 5131/5131/5131
f 5134/5134/5134 5133/5133/5133 5131/5131/5131
f 5131/5131/5131 5135/5135/5135 5134/5134/5134
f 5138/5138/5138 5137/5137/5137 5136/5136/5136
f 5139/5139/5139 5138/5138/5138 5136/5136/5136
f 5138/5138/5138 5139/5139/5139 5140/5140/5140
f 5140/5140/5140 5141/5141/5141 5138/5138/5138
f 5144/5144/5144 5143/5143/5143 5142/5142/5142
f 5142/5142/5142 5145/5145/5145 5144/5144/5144
f 5144/5144/5144 5145/5145/5145 5146/5146/5146
f 5146/5146/5146 5147/5147/5147 5144/5144/5144
f 5150/5150/5150 5149/5149/5149 5148/5148/5148
f 5148/5148/5148 5151/5151/5151 5150/5150/5150
f 5154/5154/5154 5153/5153/5153 5152/5152/5152
f 5152/5152/5152 5155/5155/5155 5154/5154/5154
f 5158/5158/5158 5157/5157/5157 5156/5156/5156
f 5156/5156/5156 5159/5159/5159 5158/5158/5158
f 5162/5162/5162 5161/5161/5161 5160/5160/5160
f 5162/5162/5162 5160/5160/5160 5163/5163/5163
f 5163/5163/5163 5164/5164/5164 5162/5162/5162
f 5163/5163/5163 5165/5165/5165 5164/5164/5164
f 5166/5166/5166 5165/5165/5165 5163/5163/5163
f 5165/5165/5165 5166/5166/5166 5167/5167/5167
f 5168/5168/5168 5165/5165/5165 5167/5167/5167
f 5169/5169/5169 5168/5168/5168 5167/5167/5167
f 5167/5167/5167 5170/5170/5170 5169/5169/5169
f 5173/5173/5173 5172/5172/5172 5171/5171/5171
f 5171/5171/5171 5174/5174/5174 5173/5173/5173
f 5177/5177/5177 5176/5176/5176 5175/5175/5175
f 5178/5178/5178 5175/5175/5175 5176/5176/5176
f 5176/5176/5176 5179/5179/5179 5178/5178/5178
f 5179/5179/5179 5180/5180/5180 5178/5178/5178
f 5178/5178/5178 5180/5180/5180 5181/5181/5181
f 5181/5181/5181 5180/5180/5180 5182/5182/5182
f 5180/5180/5180 5183/5183/5183 5182/5182/5182
f 5182/5182/5182 5183/5183/5183 5184/5184/5184
f 5184/5184/5184 5185/5185/5185 5182/5182/5182
f 5188/5188/5188 5187/5187/5187 5186/5186/5186
f 5186/5186/5186 5187/5187/5187 5189/5189/5189
f 5189/5189/5189 5187/5187/5187 5190/5190/5190
f 5190/5190/5190 5191/5191/5191 5189/5189/5189
f 5191/5191/5191 5190/5190/5190 5192/5192/5192
f 5190/5190/5190 5193/5193/5193 5192/5192/5192
f 5192/5192/5192 5193/5193/5193 5194/5194/5194
f 5193/5193/5193 5195/5195/5195 5194/5194/5194
f 5195/5195/5195 5196/5196/5196 5194/5194/5194
f 5194/5194/5194 5196/5196/5196 5197/5197/5197
f 5200/5200/5200 5199/5199/5199 5198/5198/5198
f 5201/5201/5201 5198/5198/5198 5199/5199/5199
f 5204/5204/5204 5203/5203/5203 5202/5202/5202
f 5202/5202/5202 5205/5205/5205 5204/5204/5204
f 5208/5208/5208 5207/5207/5207 5206/5206/5206
f 5208/5208/5208 5209/5209/5209 5207/5207/5207
f 5212/5212/5212 5211/5211/5211 5210/5210/5210
f 5210/5210/5210 5213/5213/5213 5212/5212/5212
f 5213/5213/5213 5210/5210/5210 5214/5214/5214
f 5214/5214/5214 5215/5215/5215 5213/5213/5213
f 5218/5218/5218 5217/5217/5217 5216/5216/5216
f 5216/5216/5216 5219/5219/5219 5218/5218/5218
f 5220/5220/5220 5219/5219/5219 5216/5216/5216
f 5221/5221/5221 5219/5219/5219 5220/5220/5220
f 5224/5224/5224 5223/5223/5223 5222/5222/5222
f 5222/5222/5222 5223/5223/5223 5225/5225/5225
f 5226/5226/5226 5222/5222/5222 5225/5225/5225
f 5225/5225/5225 5227/5227/5227 5226/5226/5226
f 5230/5230/5230 5229/5229/5229 5228/5228/5228
f 5228/5228/5228 5231/5231/5231 5230/5230/5230
f 5234/5234/5234 5233/5233/5233 5232/5232/5232
f 5234/5234/5234 5235/5235/5235 5233/5233/5233
f 5236/5236/5236 5235/5235/5235 5234/5234/5234
f 5234/5234/5234 5237/5237/5237 5236/5236/5236
f 5240/5240/5240 5239/5239/5239 5238/5238/5238
f 5238/5238/5238 5241/5241/5241 5240/5240/5240
f 5244/5244/5244 5243/5243/5243 5242/5242/5242
f 5242/5242/5242 5243/5243/5243 5245/5245/5245
f 5245/5245/5245 5246/5246/5246 5242/5242/5242
f 5249/5249/5249 5248/5248/5248 5247/5247/5247
f 5247/5247/5247 5250/5250/5250 5249/5249/5249
f 5253/5253/5253 5252/5252/5252 5251/5251/5251
f 5253/5253/5253 5254/5254/5254 5252/5252/5252
f 5253/5253/5253 5255/5255/5255 5254/5254/5254
f 5258/5258/5258 5257/5257/5257 5256/5256/5256
f 5256/5256/5256 5259/5259/5259 5258/5258/5258
f 5262/5262/5262 5261/5261/5261 5260/5260/5260
f 5261/5261/5261 5263/5263/5263 5260/5260/5260
f 5266/5266/5266 5265/5265/5265 5264/5264/5264
f 5266/5266/5266 5267/5267/5267 5265/5265/5265
f 5270/5270/5270 5269/5269/5269 5268/5268/5268
f 5270/5270/5270 5271/5271/5271 5269/5269/5269
f 5271/5271/5271 5272/5272/5272 5269/5269/5269
f 5271/5271/5271 5273/5273/5273 5272/5272/5272
f 5276/5276/5276 5275/5275/5275 5274/5274/5274
f 5276/5276/5276 5277/5277/5277 5275/5275/5275
f 5280/5280/5280 5279/5279/5279 5278/5278/5278
f 5278/5278/5278 5281/5281/5281 5280/5280/5280
f 5281/5281/5281 5278/5278/5278 5282/5282/5282
f 5282/5282/5282 5283/5283/5283 5281/5281/5281
f 5286/5286/5286 5285/5285/5285 5284/5284/5284
f 5284/5284/5284 5287/5287/5287 5286/5286/5286
f 5288/5288/5288 5286/5286/5286 5287/5287/5287
f 5288/5288/5288 5287/5287/5287 5289/5289/5289
f 5292/5292/5292 5291/5291/5291 5290/5290/5290
f 5290/5290/5290 5293/5293/5293 5292/5292/5292
f 5293/5293/5293 5294/5294/5294 5292/5292/5292
f 5293/5293/5293 5295/5295/5295 5294/5294/5294
f 5298/5298/5298 5297/5297/5297 5296/5296/5296
f 5298/5298/5298 5296/5296/5296 5299/5299/5299
f 5298/5298/5298 5299/5299/5299 5300/5300/5300
f 5300/5300/5300 5301/5301/5301 5298/5298/5298
f 5304/5304/5304 5303/5303/5303 5302/5302/5302
f 5302/5302/5302 5305/5305/5305 5304/5304/5304
f 5308/5308/5308 5307/5307/5307 5306/5306/5306
f 5308/5308/5308 5309/5309/5309 5307/5307/5307
f 5307/5307/5307 5309/5309/5309 5310/5310/5310
f 5310/5310/5310 5311/5311/5311 5307/5307/5307
f 5314/5314/5314 5313/5313/5313 5312/5312/5312
f 5313/5313/5313 5314/5314/5314 5315/5315/5315
f 5318/5318/5318 5317/5317/5317 5316/5316/5316
f 5319/5319/5319 5318/5318/5318 5316/5316/5316
f 5319/5319/5319 5316/5316/5316 5320/5320/5320
f 5320/5320/5320 5321/5321/5321 5319/5319/5319
f 5324/5324/5324 5323/5323/5323 5322/5322/5322
f 5324/5324/5324 5322/5322/5322 5325/5325/5325
f 5326/5326/5326 5324/5324/5324 5325/5325/5325
f 5325/5325/5325 5327/5327/5327 5326/5326/5326
f 5330/5330/5330 5329/5329/5329 5328/5328/5328
f 5328/5328/5328 5331/5331/5331 5330/5330/5330
f 5334/5334/5334 5333/5333/5333 5332/5332/5332
f 5332/5332/5332 5335/5335/5335 5334/5334/5334
f 5338/5338/5338 5337/5337/5337 5336/5336/5336
f 5337/5337/5337 5338/5338/5338 5339/5339/5339
f 5342/5342/5342 5341/5341/5341 5340/5340/5340
f 5340/5340/5340 5343/5343/5343 5342/5342/5342
f 5346/5346/5346 5345/5345/5345 5344/5344/5344
f 5347/5347/5347 5345/5345/5345 5346/5346/5346
f 5350/5350/5350 5349/5349/5349 5348/5348/5348
f 5351/5351/5351 5349/5349/5349 5350/5350/5350
f 5354/5354/5354 5353/5353/5353 5352/5352/5352
f 5352/5352/5352 5355/5355/5355 5354/5354/5354
f 5358/5358/5358 5357/5357/5357 5356/5356/5356
f 5357/5357/5357 5359/5359/5359 5356/5356/5356
f 5356/5356/5356 5359/5359/5359 5360/5360/5360
f 5356/5356/5356 5360/5360/5360 5361/5361/5361
f 5361/5361/5361 5360/5360/5360 5362/5362/5362
f 5363/5363/5363 5356/5356/5356 5361/5361/5361
f 5361/5361/5361 5364/5364/5364 5363/5363/5363
f 5367/5367/5367 5366/5366/5366 5365/5365/5365
f 5365/5365/5365 5368/5368/5368 5367/5367/5367
f 5371/5371/5371 5370/5370/5370 5369/5369/5369
f 5370/5370/5370 5372/5372/5372 5369/5369/5369
f 5375/5375/5375 5374/5374/5374 5373/5373/5373
f 5373/5373/5373 5376/5376/5376 5375/5375/5375
f 5373/5373/5373 5377/5377/5377 5376/5376/5376
f 5377/5377/5377 5373/5373/5373 5378/5378/5378
f 5378/5378/5378 5373/5373/5373 5379/5379/5379
f 5382/5382/5382 5381/5381/5381 5380/5380/5380
f 5380/5380/5380 5381/5381/5381 5383/5383/5383
f 5383/5383/5383 5381/5381/5381 5384/5384/5384
f 5387/5387/5387 5386/5386/5386 5385/5385/5385
f 5385/5385/5385 5388/5388/5388 5387/5387/5387
f 5391/5391/5391 5390/5390/5390 5389/5389/5389
f 5390/5390/5390 5391/5391/5391 5392/5392/5392
f 5392/5392/5392 5391/5391/5391 5393/5393/5393
f 5391/5391/5391 5394/5394/5394 5393/5393/5393
f 5393/5393/5393 5394/5394/5394 5395/5395/5395
f 5391/5391/5391 5396/5396/5396 5394/5394/5394
f 5397/5397/5397 5394/5394/5394 5396/5396/5396
f 5400/5400/5400 5399/5399/5399 5398/5398/5398
f 5400/5400/5400 5401/5401/5401 5399/5399/5399
f 5404/5404/5404 5403/5403/5403 5402/5402/5402
f 5402/5402/5402 5405/5405/5405 5404/5404/5404
f 5408/5408/5408 5407/5407/5407 5406/5406/5406
f 5407/5407/5407 5409/5409/5409 5406/5406/5406
f 5406/5406/5406 5409/5409/5409 5410/5410/5410
f 5410/5410/5410 5411/5411/5411 5406/5406/5406
f 5406/5406/5406 5411/5411/5411 5412/5412/5412
f 5415/5415/5415 5414/5414/5414 5413/5413/5413
f 5413/5413/5413 5416/5416/5416 5415/5415/5415
f 5419/5419/5419 5418/5418/5418 5417/5417/5417
f 5419/5419/5419 5417/5417/5417 5420/5420/5420
f 5419/5419/5419 5420/5420/5420 5421/5421/5421
f 5422/5422/5422 5421/5421/5421 5420/5420/5420
f 5425/5425/5425 5424/5424/5424 5423/5423/5423
f 5424/5424/5424 5426/5426/5426 5423/5423/5423
f 5424/5424/5424 5427/5427/5427 5426/5426/5426
f 5426/5426/5426 5427/5427/5427 5428/5428/5428
f 5431/5431/5431 5430/5430/5430 5429/5429/5429
f 5429/5429/5429 5432/5432/5432 5431/5431/5431
f 5435/5435/5435 5434/5434/5434 5433/5433/5433
f 5434/5434/5434 5436/5436/5436 5433/5433/5433
f 5433/5433/5433 5436/5436/5436 5437/5437/5437
f 5440/5440/5440 5439/5439/5439 5438/5438/5438
f 5438/5438/5438 5441/5441/5441 5440/5440/5440
f 5444/5444/5444 5443/5443/5443 5442/5442/5442
f 5442/5442/5442 5445/5445/5445 5444/5444/5444
f 5446/5446/5446 5445/5445/5445 5442/5442/5442
f 5442/5442/5442 5447/5447/5447 5446/5446/5446
f 5450/5450/5450 5449/5449/5449 5448/5448/5448
f 5448/5448/5448 5451/5451/5451 5450/5450/5450
f 5454/5454/5454 5453/5453/5453 5452/5452/5452
f 5453/5453/5453 5454/5454/5454 5455/5455/5455
f 5453/5453/5453 5455/5455/5455 5456/5456/5456
f 5456/5456/5456 5457/5457/5457 5453/5453/5453
f 5460/5460/5460 5459/5459/5459 5458/5458/5458
f 5458/5458/5458 5461/5461/5461 5460/5460/5460
f 5460/5460/5460 5461/5461/5461 5462/5462/5462
f 5462/5462/5462 5463/5463/5463 5460/5460/5460
f 5466/5466/5466 5465/5465/5465 5464/5464/5464
f 5466/5466/5466 5464/5464/5464 5467/5467/5467
f 5467/5467/5467 5468/5468/5468 5466/5466/5466
f 5468/5468/5468 5469/5469/5469 5466/5466/5466
f 5472/5472/5472 5471/5471/5471 5470/5470/5470
f 5470/5470/5470 5473/5473/5473 5472/5472/5472
f 5476/5476/5476 5475/5475/5475 5474/5474/5474
f 5474/5474/5474 5477/5477/5477 5476/5476/5476
f 5480/5480/5480 5479/5479/5479 5478/5478/5478
f 5479/5479/5479 5480/5480/5480 5481/5481/5481
f 5481/5481/5481 5480/5480/5480 5482/5482/5482
f 5482/5482/5482 5483/5483/5483 5481/5481/5481
f 5483/5483/5483 5482/5482/5482 5484/5484/5484
f 5484/5484/5484 5485/5485/5485 5483/5483/5483
f 5488/5488/5488 5487/5487/5487 5486/5486/5486
f 5489/5489/5489 5488/5488/5488 5486/5486/5486
f 5486/5486/5486 5490/5490/5490 5489/5489/5489
f 5489/5489/5489 5490/5490/5490 5491/5491/5491
f 5492/5492/5492 5488/5488/5488 5489/5489/5489
f 5489/5489/5489 5493/5493/5493 5492/5492/5492
f 5496/5496/5496 5495/5495/5495 5494/5494/5494
f 5494/5494/5494 5495/5495/5495 5497/5497/5497
f 5497/5497/5497 5498/5498/5498 5494/5494/5494
f 5498/5498/5498 5497/5497/5497 5499/5499/5499
f 5494/5494/5494 5498/5498/5498 5500/5500/5500
f 5500/5500/5500 5501/5501/5501 5494/5494/5494
f 5504/5504/5504 5503/5503/5503 5502/5502/5502
f 5502/5502/5502 5505/5505/5505 5504/5504/5504
f 5508/5508/5508 5507/5507/5507 5506/5506/5506
f 5509/5509/5509 5508/5508/5508 5506/5506/5506
f 5510/5510/5510 5508/5508/5508 5509/5509/5509
f 5511/5511/5511 5510/5510/5510 5509/5509/5509
f 5512/5512/5512 5511/5511/5511 5509/5509/5509
f 5515/5515/5515 5514/5514/5514 5513/5513/5513
f 5513/5513/5513 5516/5516/5516 5515/5515/5515
f 5519/5519/5519 5518/5518/5518 5517/5517/5517
f 5517/5517/5517 5520/5520/5520 5519/5519/5519
f 5520/5520/5520 5517/5517/5517 5521/5521/5521
f 5521/5521/5521 5522/5522/5522 5520/5520/5520
f 5525/5525/5525 5524/5524/5524 5523/5523/5523
f 5525/5525/5525 5523/5523/5523 5526/5526/5526
f 5527/5527/5527 5525/5525/5525 5526/5526/5526
f 5528/5528/5528 5525/5525/5525 5527/5527/5527
f 5531/5531/5531 5530/5530/5530 5529/5529/5529
f 5529/5529/5529 5530/5530/5530 5532/5532/5532
f 5530/5530/5530 5533/5533/5533 5532/5532/5532
f 5533/5533/5533 5534/5534/5534 5532/5532/5532
f 5534/5534/5534 5535/5535/5535 5532/5532/5532
f 5538/5538/5538 5537/5537/5537 5536/5536/5536
f 5536/5536/5536 5539/5539/5539 5538/5538/5538
f 5542/5542/5542 5541/5541/5541 5540/5540/5540
f 5540/5540/5540 5543/5543/5543 5542/5542/5542
f 5544/5544/5544 5542/5542/5542 5543/5543/5543
f 5543/5543/5543 5545/5545/5545 5544/5544/5544
f 5548/5548/5548 5547/5547/5547 5546/5546/5546
f 5546/5546/5546 5549/5549/5549 5548/5548/5548
f 5550/5550/5550 5549/5549/5549 5546/5546/5546
f 5550/5550/5550 5551/5551/5551 5549/5549/5549
f 5554/5554/5554 5553/5553/5553 5552/5552/5552
f 5552/5552/5552 5555/5555/5555 5554/5554/5554
f 5555/5555/5555 5556/5556/5556 5554/5554/5554
f 5556/5556/5556 5557/5557/5557 5554/5554/5554
f 5560/5560/5560 5559/5559/5559 5558/5558/5558
f 5561/5561/5561 5558/5558/5558 5559/5559/5559
f 5562/5562/5562 5558/5558/5558 5561/5561/5561
f 5561/5561/5561 5563/5563/5563 5562/5562/5562
f 5566/5566/5566 5565/5565/5565 5564/5564/5564
f 5564/5564/5564 5567/5567/5567 5566/5566/5566
f 5570/5570/5570 5569/5569/5569 5568/5568/5568
f 5568/5568/5568 5571/5571/5571 5570/5570/5570
f 5574/5574/5574 5573/5573/5573 5572/5572/5572
f 5573/5573/5573 5575/5575/5575 5572/5572/5572
f 5578/5578/5578 5577/5577/5577 5576/5576/5576
f 5578/5578/5578 5576/5576/5576 5579/5579/5579
f 5579/5579/5579 5580/5580/5580 5578/5578/5578
f 5579/5579/5579 5581/5581/5581 5580/5580/5580
f 5582/5582/5582 5581/5581/5581 5579/5579/5579
f 5581/5581/5581 5582/5582/5582 5583/5583/5583
f 5584/5584/5584 5581/5581/5581 5583/5583/5583
f 5585/5585/5585 5584/5584/5584 5583/5583/5583
f 5583/5583/5583 5586/5586/5586 5585/5585/5585
f 5589/5589/5589 5588/5588/5588 5587/5587/5587
f 5587/5587/5587 5590/5590/5590 5589/5589/5589
f 5589/5589/5589 5590/5590/5590 5591/5591/5591
f 5591/5591/5591 5592/5592/5592 5589/5589/5589
f 5595/5595/5595 5594/5594/5594 5593/5593/5593
f 5593/5593/5593 5596/5596/5596 5595/5595/5595
f 5599/5599/5599 5598/5598/5598 5597/5597/5597
f 5597/5597/5597 5600/5600/5600 5599/5599/5599
f 5600/5600/5600 5597/5597/5597 5601/5601/5601
f 5601/5601/5601 5602/5602/5602 5600/5600/5600
f 5605/5605/5605 5604/5604/5604 5603/5603/5603
f 5603/5603/5603 5606/5606/5606 5605/5605/5605
f 5609/5609/5609 5608/5608/5608 5607/5607/5607
f 5610/5610/5610 5607/5607/5607 5608/5608/5608
f 5608/5608/5608 5611/5611/5611 5610/5610/5610
f 5611/5611/5611 5612/5612/5612 5610/5610/5610
f 5610/5610/5610 5612/5612/5612 5613/5613/5613
f 5613/5613/5613 5612/5612/5612 5614/5614/5614
f 5612/5612/5612 5615/5615/5615 5614/5614/5614
f 5614/5614/5614 5615/5615/5615 5616/5616/5616
f 5616/5616/5616 5617/5617/5617 5614/5614/5614
f 5620/5620/5620 5619/5619/5619 5618/5618/5618
f 5618/5618/5618 5621/5621/5621 5620/5620/5620
f 5624/5624/5624 5623/5623/5623 5622/5622/5622
f 5623/5623/5623 5625/5625/5625 5622/5622/5622
f 5628/5628/5628 5627/5627/5627 5626/5626/5626
f 5626/5626/5626 5629/5629/5629 5628/5628/5628
f 5632/5632/5632 5631/5631/5631 5630/5630/5630
f 5630/5630/5630 5633/5633/5633 5632/5632/5632
f 5633/5633/5633 5630/5630/5630 5634/5634/5634
f 5634/5634/5634 5635/5635/5635 5633/5633/5633
f 5638/5638/5638 5637/5637/5637 5636/5636/5636
f 5636/5636/5636 5639/5639/5639 5638/5638/5638
f 5639/5639/5639 5636/5636/5636 5640/5640/5640
f 5640/5640/5640 5641/5641/5641 5639/5639/5639
f 5644/5644/5644 5643/5643/5643 5642/5642/5642
f 5643/5643/5643 5645/5645/5645 5642/5642/5642
f 5646/5646/5646 5642/5642/5642 5645/5645/5645
f 5645/5645/5645 5647/5647/5647 5646/5646/5646
f 5650/5650/5650 5649/5649/5649 5648/5648/5648
f 5649/5649/5649 5650/5650/5650 5651/5651/5651
f 5654/5654/5654 5653/5653/5653 5652/5652/5652
f 5652/5652/5652 5655/5655/5655 5654/5654/5654
f 5655/5655/5655 5656/5656/5656 5654/5654/5654
f 5656/5656/5656 5657/5657/5657 5654/5654/5654
f 5660/5660/5660 5659/5659/5659 5658/5658/5658
f 5659/5659/5659 5661/5661/5661 5658/5658/5658
f 5664/5664/5664 5663/5663/5663 5662/5662/5662
f 5662/5662/5662 5663/5663/5663 5665/5665/5665
f 5665/5665/5665 5666/5666/5666 5662/5662/5662
f 5669/5669/5669 5668/5668/5668 5667/5667/5667
f 5667/5667/5667 5670/5670/5670 5669/5669/5669
f 5673/5673/5673 5672/5672/5672 5671/5671/5671
f 5673/5673/5673 5674/5674/5674 5672/5672/5672
f 5673/5673/5673 5675/5675/5675 5674/5674/5674
f 5678/5678/5678 5677/5677/5677 5676/5676/5676
f 5676/5676/5676 5679/5679/5679 5678/5678/5678
f 5682/5682/5682 5681/5681/5681 5680/5680/5680
f 5680/5680/5680 5683/5683/5683 5682/5682/5682
f 5686/5686/5686 5685/5685/5685 5684/5684/5684
f 5686/5686/5686 5687/5687/5687 5685/5685/5685
f 5687/5687/5687 5688/5688/5688 5685/5685/5685
f 5687/5687/5687 5689/5689/5689 5688/5688/5688
f 5692/5692/5692 5691/5691/5691 5690/5690/5690
f 5692/5692/5692 5690/5690/5690 5693/5693/5693
f 5694/5694/5694 5692/5692/5692 5693/5693/5693
f 5694/5694/5694 5693/5693/5693 5695/5695/5695
f 5698/5698/5698 5697/5697/5697 5696/5696/5696
f 5696/5696/5696 5699/5699/5699 5698/5698/5698
f 5699/5699/5699 5696/5696/5696 5700/5700/5700
f 5700/5700/5700 5701/5701/5701 5699/5699/5699
f 5704/5704/5704 5703/5703/5703 5702/5702/5702
f 5704/5704/5704 5705/5705/5705 5703/5703/5703
f 5708/5708/5708 5707/5707/5707 5706/5706/5706
f 5706/5706/5706 5709/5709/5709 5708/5708/5708
f 5710/5710/5710 5708/5708/5708 5709/5709/5709
f 5709/5709/5709 5711/5711/5711 5710/5710/5710
f 5714/5714/5714 5713/5713/5713 5712/5712/5712
f 5715/5715/5715 5713/5713/5713 5714/5714/5714
f 5713/5713/5713 5715/5715/5715 5716/5716/5716
f 5716/5716/5716 5717/5717/5717 5713/5713/5713
f 5720/5720/5720 5719/5719/5719 5718/5718/5718
f 5718/5718/5718 5721/5721/5721 5720/5720/5720
f 5724/5724/5724 5723/5723/5723 5722/5722/5722
f 5724/5724/5724 5722/5722/5722 5725/5725/5725
f 5724/5724/5724 5725/5725/5725 5726/5726/5726
f 5726/5726/5726 5727/5727/5727 5724/5724/5724
f 5730/5730/5730 5729/5729/5729 5728/5728/5728
f 5728/5728/5728 5731/5731/5731 5730/5730/5730
f 5734/5734/5734 5733/5733/5733 5732/5732/5732
f 5735/5735/5735 5734/5734/5734 5732/5732/5732
f 5735/5735/5735 5732/5732/5732 5736/5736/5736
f 5736/5736/5736 5737/5737/5737 5735/5735/5735
f 5740/5740/5740 5739/5739/5739 5738/5738/5738
f 5740/5740/5740 5738/5738/5738 5741/5741/5741
f 5742/5742/5742 5740/5740/5740 5741/5741/5741
f 5741/5741/5741 5743/5743/5743 5742/5742/5742
f 5746/5746/5746 5745/5745/5745 5744/5744/5744
f 5744/5744/5744 5747/5747/5747 5746/5746/5746
f 5750/5750/5750 5749/5749/5749 5748/5748/5748
f 5748/5748/5748 5751/5751/5751 5750/5750/5750
f 5754/5754/5754 5753/5753/5753 5752/5752/5752
f 5754/5754/5754 5755/5755/5755 5753/5753/5753
f 5758/5758/5758 5757/5757/5757 5756/5756/5756
f 5759/5759/5759 5756/5756/5756 5757/5757/5757
f 5760/5760/5760 5756/5756/5756 5759/5759/5759
f 5756/5756/5756 5760/5760/5760 5761/5761/5761
f 5761/5761/5761 5760/5760/5760 5762/5762/5762
f 5763/5763/5763 5762/5762/5762 5760/5760/5760
f 5766/5766/5766 5765/5765/5765 5764/5764/5764
f 5767/5767/5767 5764/5764/5764 5765/5765/5765
f 5768/5768/5768 5764/5764/5764 5767/5767/5767
f 5764/5764/5764 5768/5768/5768 5769/5769/5769
f 5769/5769/5769 5768/5768/5768 5770/5770/5770
f 5771/5771/5771 5770/5770/5770 5768/5768/5768
f 5774/5774/5774 5773/5773/5773 5772/5772/5772
f 5773/5773/5773 5775/5775/5775 5772/5772/5772
f 5776/5776/5776 5775/5775/5775 5773/5773/5773
f 5777/5777/5777 5776/5776/5776 5773/5773/5773
f 5778/5778/5778 5775/5775/5775 5776/5776/5776
f 5779/5779/5779 5775/5775/5775 5778/5778/5778
f 5780/5780/5780 5775/5775/5775 5779/5779/5779
f 5781/5781/5781 5772/5772/5772 5775/5775/5775
f 5782/5782/5782 5781/5781/5781 5775/5775/5775
f 5772/5772/5772 5781/5781/5781 5783/5783/5783
f 5784/5784/5784 5781/5781/5781 5782/5782/5782
f 5785/5785/5785 5781/5781/5781 5784/5784/5784
f 5783/5783/5783 5781/5781/5781 5786/5786/5786
f 5787/5787/5787 5786/5786/5786 5781/5781/5781
f 5790/5790/5790 5789/5789/5789 5788/5788/5788
f 5788/5788/5788 5791/5791/5791 5790/5790/5790
f 5794/5794/5794 5793/5793/5793 5792/5792/5792
f 5794/5794/5794 5795/5795/5795 5793/5793/5793
f 5798/5798/5798 5797/5797/5797 5796/5796/5796
f 5798/5798/5798 5799/5799/5799 5797/5797/5797
f 5802/5802/5802 5801/5801/5801 5800/5800/5800
f 5800/5800/5800 5803/5803/5803 5802/5802/5802
f 5806/5806/5806 5805/5805/5805 5804/5804/5804
f 5804/5804/5804 5807/5807/5807 5806/5806/5806
f 5810/5810/5810 5809/5809/5809 5808/5808/5808
f 5811/5811/5811 5808/5808/5808 5809/5809/5809
f 5814/5814/5814 5813/5813/5813 5812/5812/5812
f 5812/5812/5812 5815/5815/5815 5814/5814/5814
f 5818/5818/5818 5817/5817/5817 5816/5816/5816
f 5816/5816/5816 5819/5819/5819 5818/5818/5818
f 5822/5822/5822 5821/5821/5821 5820/5820/5820
f 5822/5822/5822 5823/5823/5823 5821/5821/5821
f 5826/5826/5826 5825/5825/5825 5824/5824/5824
f 5824/5824/5824 5827/5827/5827 5826/5826/5826
f 5830/5830/5830 5829/5829/5829 5828/5828/5828
f 5828/5828/5828 5831/5831/5831 5830/5830/5830
f 5834/5834/5834 5833/5833/5833 5832/5832/5832
f 5834/5834/5834 5835/5835/5835 5833/5833/5833
f 5838/5838/5838 5837/5837/5837 5836/5836/5836
f 5836/5836/5836 5839/5839/5839 5838/5838/5838
f 5842/5842/5842 5841/5841/5841 5840/5840/5840
f 5840/5840/5840 5843/5843/5843 5842/5842/5842
f 5846/5846/5846 5845/5845/5845 5844/5844/5844
f 5844/5844/5844 5847/5847/5847 5846/5846/5846
f 5850/5850/5850 5849/5849/5849 5848/5848/5848
f 5848/5848/5848 5851/5851/5851 5850/5850/5850
f 5854/5854/5854 5853/5853/5853 5852/5852/5852
f 5855/5855/5855 5853/5853/5853 5854/5854/5854
f 5858/5858/5858 5857/5857/5857 5856/5856/5856
f 5857/5857/5857 5858/5858/5858 5859/5859/5859
f 5856/5856/5856 5860/5860/5860 5858/5858/5858
f 5858/5858/5858 5861/5861/5861 5859/5859/5859
f 5860/5860/5860 5856/5856/5856 5862/5862/5862
f 5862/5862/5862 5863/5863/5863 5860/5860/5860
f 5859/5859/5859 5861/5861/5861 5864/5864/5864
f 5865/5865/5865 5864/5864/5864 5861/5861/5861
f 5864/5864/5864 5865/5865/5865 5866/5866/5866
f 5866/5866/5866 5867/5867/5867 5864/5864/5864
f 5868/5868/5868 5863/5863/5863 5862/5862/5862
f 5862/5862/5862 5869/5869/5869 5868/5868/5868
f 5867/5867/5867 5866/5866/5866 5870/5870/5870
f 5870/5870/5870 5871/5871/5871 5867/5867/5867
f 5868/5868/5868 5869/5869/5869 5872/5872/5872
f 5872/5872/5872 5873/5873/5873 5868/5868/5868
f 5874/5874/5874 5873/5873/5873 5872/5872/5872
f 5875/5875/5875 5874/5874/5874 5872/5872/5872
f 5876/5876/5876 5871/5871/5871 5870/5870/5870
f 5870/5870/5870 5877/5877/5877 5876/5876/5876
f 5878/5878/5878 5874/5874/5874 5875/5875/5875
f 5875/5875/5875 5879/5879/5879 5878/5878/5878
f 5876/5876/5876 5877/5877/5877 5880/5880/5880
f 5880/5880/5880 5881/5881/5881 5876/5876/5876
f 5878/5878/5878 5879/5879/5879 5882/5882/5882
f 5882/5882/5882 5883/5883/5883 5878/5878/5878
f 5881/5881/5881 5880/5880/5880 5884/5884/5884
f 5884/5884/5884 5880/5880/5880 5885/5885/5885
f 5886/5886/5886 5883/5883/5883 5882/5882/5882
f 5884/5884/5884 5885/5885/5885 5886/5886/5886
f 5882/5882/5882 5887/5887/5887 5886/5886/5886
f 5886/5886/5886 5887/5887/5887 5884/5884/5884
f 5890/5890/5890 5889/5889/5889 5888/5888/5888
f 5889/5889/5889 5890/5890/5890 5891/5891/5891
f 5888/5888/5888 5892/5892/5892 5890/5890/5890
f 5891/5891/5891 5890/5890/5890 5893/5893/5893
f 5894/5894/5894 5892/5892/5892 5888/5888/5888
f 5888/5888/5888 5895/5895/5895 5894/5894/5894
f 5891/5891/5891 5893/5893/5893 5896/5896/5896
f 5893/5893/5893 5897/5897/5897 5896/5896/5896
f 5894/5894/5894 5895/5895/5895 5898/5898/5898
f 5898/5898/5898 5899/5899/5899 5894/5894/5894
f 5896/5896/5896 5897/5897/5897 5900/5900/5900
f 5900/5900/5900 5901/5901/5901 5896/5896/5896
f 5902/5902/5902 5899/5899/5899 5898/5898/5898
f 5902/5902/5902 5898/5898/5898 5903/5903/5903
f 5904/5904/5904 5901/5901/5901 5900/5900/5900
f 5900/5900/5900 5905/5905/5905 5904/5904/5904
f 5902/5902/5902 5903/5903/5903 5906/5906/5906
f 5906/5906/5906 5907/5907/5907 5902/5902/5902
f 5904/5904/5904 5905/5905/5905 5908/5908/5908
f 5908/5908/5908 5909/5909/5909 5904/5904/5904
f 5907/5907/5907 5906/5906/5906 5910/5910/5910
f 5906/5906/5906 5911/5911/5911 5910/5910/5910
f 5910/5910/5910 5911/5911/5911 5912/5912/5912
f 5912/5912/5912 5913/5913/5913 5910/5910/5910
f 5914/5914/5914 5909/5909/5909 5908/5908/5908
f 5915/5915/5915 5914/5914/5914 5908/5908/5908
f 5913/5913/5913 5912/5912/5912 5916/5916/5916
f 5916/5916/5916 5917/5917/5917 5913/5913/5913
f 5914/5914/5914 5915/5915/5915 5918/5918/5918
f 5918/5918/5918 5917/5917/5917 5916/5916/5916
f 5918/5918/5918 5919/5919/5919 5914/5914/5914
f 5918/5918/5918 5916/5916/5916 5919/5919/5919
f 5922/5922/5922 5921/5921/5921 5920/5920/5920
f 5920/5920/5920 5921/5921/5921 5923/5923/5923
f 5924/5924/5924 5921/5921/5921 5922/5922/5922
f 5923/5923/5923 5921/5921/5921 5925/5925/5925
f 5926/5926/5926 5921/5921/5921 5924/5924/5924
f 5925/5925/5925 5921/5921/5921 5927/5927/5927
f 5928/5928/5928 5921/5921/5921 5926/5926/5926
f 5927/5927/5927 5921/5921/5921 5929/5929/5929
f 5930/5930/5930 5921/5921/5921 5928/5928/5928
f 5929/5929/5929 5921/5921/5921 5931/5931/5931
f 5932/5932/5932 5921/5921/5921 5930/5930/5930
f 5931/5931/5931 5921/5921/5921 5933/5933/5933
f 5934/5934/5934 5921/5921/5921 5932/5932/5932
f 5933/5933/5933 5921/5921/5921 5935/5935/5935
f 5936/5936/5936 5921/5921/5921 5934/5934/5934
f 5935/5935/5935 5921/5921/5921 5936/5936/5936
f 5939/5939/5939 5938/5938/5938 5937/5937/5937
f 5937/5937/5937 5940/5940/5940 5939/5939/5939
f 5941/5941/5941 5940/5940/5940 5937/5937/5937
f 5942/5942/5942 5941/5941/5941 5937/5937/5937
f 5937/5937/5937 5938/5938/5938 5943/5943/5943
f 5944/5944/5944 5943/5943/5943 5938/5938/5938
f 5943/5943/5943 5945/5945/5945 5937/5937/5937
f 5938/5938/5938 5946/5946/5946 5944/5944/5944
f 5937/5937/5937 5945/5945/5945 5947/5947/5947
f 5947/5947/5947 5942/5942/5942 5937/5937/5937
f 5942/5942/5942 5947/5947/5947 5948/5948/5948
f 5948/5948/5948 5949/5949/5949 5942/5942/5942
f 5950/5950/5950 5944/5944/5944 5946/5946/5946
f 5949/5949/5949 5948/5948/5948 5951/5951/5951
f 5951/5951/5951 5952/5952/5952 5949/5949/5949
f 5952/5952/5952 5951/5951/5951 5953/5953/5953
f 5951/5951/5951 5954/5954/5954 5953/5953/5953
f 5953/5953/5953 5954/5954/5954 5955/5955/5955
f 5955/5955/5955 5956/5956/5956 5953/5953/5953
f 5957/5957/5957 5956/5956/5956 5955/5955/5955
f 5958/5958/5958 5950/5950/5950 5946/5946/5946
f 5950/5950/5950 5958/5958/5958 5959/5959/5959
f 5959/5959/5959 5960/5960/5960 5950/5950/5950
f 5958/5958/5958 5961/5961/5961 5959/5959/5959
f 5962/5962/5962 5959/5959/5959 5961/5961/5961
f 5959/5959/5959 5962/5962/5962 5963/5963/5963
f 5957/5957/5957 5955/5955/5955 5964/5964/5964
f 5963/5963/5963 5965/5965/5965 5959/5959/5959
f 5960/5960/5960 5959/5959/5959 5966/5966/5966
f 5959/5959/5959 5965/5965/5965 5966/5966/5966
f 5966/5966/5966 5965/5965/5965 5967/5967/5967
f 5967/5967/5967 5968/5968/5968 5966/5966/5966
f 5964/5964/5964 5969/5969/5969 5957/5957/5957
f 5970/5970/5970 5957/5957/5957 5969/5969/5969
f 5971/5971/5971 5969/5969/5969 5964/5964/5964
f 5969/5969/5969 5972/5972/5972 5970/5970/5970
f 5968/5968/5968 5967/5967/5967 5973/5973/5973
f 5973/5973/5973 5974/5974/5974 5968/5968/5968
f 5973/5973/5973 5967/5967/5967 5975/5975/5975
f 5976/5976/5976 5974/5974/5974 5973/5973/5973
f 5977/5977/5977 5973/5973/5973 5975/5975/5975
f 5969/5969/5969 5971/5971/5971 5978/5978/5978
f 5972/5972/5972 5969/5969/5969 5978/5978/5978
f 5971/5971/5971 5976/5976/5976 5978/5978/5978
f 5978/5978/5978 5976/5976/5976 5973/5973/5973
f 5978/5978/5978 5973/5973/5973 5977/5977/5977
f 5978/5978/5978 5979/5979/5979 5972/5972/5972
f 5979/5979/5979 5978/5978/5978 5977/5977/5977
f 5982/5982/5982 5981/5981/5981 5980/5980/5980
f 5980/5980/5980 5981/5981/5981 5983/5983/5983
f 5984/5984/5984 5981/5981/5981 5982/5982/5982
f 5983/5983/5983 5981/5981/5981 5985/5985/5985
f 5986/5986/5986 5981/5981/5981 5984/5984/5984
f 5985/5985/5985 5981/5981/5981 5987/5987/5987
f 5988/5988/5988 5981/5981/5981 5986/5986/5986
f 5987/5987/5987 5981/5981/5981 5989/5989/5989
f 5990/5990/5990 5981/5981/5981 5988/5988/5988
f 5989/5989/5989 5981/5981/5981 5991/5991/5991
f 5992/5992/5992 5981/5981/5981 5990/5990/5990
f 5991/5991/5991 5981/5981/5981 5993/5993/5993
f 5994/5994/5994 5981/5981/5981 5992/5992/5992
f 5993/5993/5993 5981/5981/5981 5995/5995/5995
f 5996/5996/5996 5981/5981/5981 5994/5994/5994
f 5995/5995/5995 5981/5981/5981 5996/5996/5996
f 5999/5999/5999 5998/5998/5998 5997/5997/5997
f 5999/5999/5999 5997/5997/5997 6000/6000/6000
f 5999/5999/5999 6001/6001/6001 5998/5998/5998
f 6000/6000/6000 6002/6002/6002 5999/5999/5999
f 5998/5998/5998 6001/6001/6001 6003/6003/6003
f 6004/6004/6004 6002/6002/6002 6000/6000/6000
f 6000/6000/6000 6005/6005/6005 6004/6004/6004
f 6004/6004/6004 6005/6005/6005 6006/6006/6006
f 6003/6003/6003 6007/6007/6007 5998/5998/5998
f 6007/6007/6007 6003/6003/6003 6008/6008/6008
f 6009/6009/6009 6007/6007/6007 6008/6008/6008
f 6010/6010/6010 6008/6008/6008 6003/6003/6003
f 6008/6008/6008 6011/6011/6011 6009/6009/6009
f 6012/6012/6012 6011/6011/6011 6008/6008/6008
f 6006/6006/6006 6013/6013/6013 6004/6004/6004
f 6014/6014/6014 6012/6012/6012 6008/6008/6008
f 6008/6008/6008 6010/6010/6010 6015/6015/6015
f 6015/6015/6015 6014/6014/6014 6008/6008/6008
f 6016/6016/6016 6014/6014/6014 6015/6015/6015
f 6015/6015/6015 6017/6017/6017 6016/6016/6016
f 6016/6016/6016 6017/6017/6017 6018/6018/6018
f 6018/6018/6018 6019/6019/6019 6016/6016/6016
f 6019/6019/6019 6018/6018/6018 6020/6020/6020
f 6021/6021/6021 6019/6019/6019 6020/6020/6020
f 6018/6018/6018 6022/6022/6022 6020/6020/6020
f 6020/6020/6020 6023/6023/6023 6021/6021/6021
f 6024/6024/6024 6023/6023/6023 6020/6020/6020
f 6020/6020/6020 6025/6025/6025 6024/6024/6024
f 6020/6020/6020 6022/6022/6022 6026/6026/6026
f 6026/6026/6026 6025/6025/6025 6020/6020/6020
f 6027/6027/6027 6025/6025/6025 6026/6026/6026
f 6026/6026/6026 6028/6028/6028 6027/6027/6027
f 6029/6029/6029 6027/6027/6027 6028/6028/6028
f 6028/6028/6028 6030/6030/6030 6029/6029/6029
f 6031/6031/6031 6027/6027/6027 6029/6029/6029
f 6029/6029/6029 6032/6032/6032 6031/6031/6031
f 6029/6029/6029 6030/6030/6030 6033/6033/6033
f 6032/6032/6032 6029/6029/6029 6034/6034/6034
f 6033/6033/6033 6034/6034/6034 6029/6029/6029
f 6034/6034/6034 6035/6035/6035 6032/6032/6032
f 6035/6035/6035 6034/6034/6034 6036/6036/6036
f 6034/6034/6034 6033/6033/6033 6037/6037/6037
f 6034/6034/6034 6037/6037/6037 6036/6036/6036
f 6033/6033/6033 6038/6038/6038 6037/6037/6037
f 6036/6036/6036 6037/6037/6037 6039/6039/6039
f 6037/6037/6037 6038/6038/6038 6013/6013/6013
f 6037/6037/6037 6006/6006/6006 6039/6039/6039
f 6013/6013/6013 6006/6006/6006 6037/6037/6037
f 6042/6042/6042 6041/6041/6041 6040/6040/6040
f 6041/6041/6041 6042/6042/6042 6043/6043/6043
f 6041/6041/6041 6044/6044/6044 6040/6040/6040
f 6043/6043/6043 6045/6045/6045 6041/6041/6041
f 6040/6040/6040 6044/6044/6044 6046/6046/6046
f 6046/6046/6046 6047/6047/6047 6040/6040/6040
f 6047/6047/6047 6046/6046/6046 6048/6048/6048
f 6048/6048/6048 6049/6049/6049 6047/6047/6047
f 6045/6045/6045 6043/6043/6043 6050/6050/6050
f 6050/6050/6050 6051/6051/6051 6045/6045/6045
f 6052/6052/6052 6051/6051/6051 6050/6050/6050
f 6050/6050/6050 6053/6053/6053 6052/6052/6052
f 6049/6049/6049 6048/6048/6048 6054/6054/6054
f 6054/6054/6054 6055/6055/6055 6049/6049/6049
f 6056/6056/6056 6055/6055/6055 6054/6054/6054
f 6057/6057/6057 6056/6056/6056 6054/6054/6054
f 6056/6056/6056 6057/6057/6057 6058/6058/6058
f 6059/6059/6059 6058/6058/6058 6057/6057/6057
f 6060/6060/6060 6052/6052/6052 6053/6053/6053
f 6053/6053/6053 6061/6061/6061 6060/6060/6060
f 6060/6060/6060 6061/6061/6061 6062/6062/6062
f 6062/6062/6062 6063/6063/6063 6060/6060/6060
f 6063/6063/6063 6062/6062/6062 6064/6064/6064
f 6064/6064/6064 6065/6065/6065 6063/6063/6063
f 6058/6058/6058 6059/6059/6059 6066/6066/6066
f 6059/6059/6059 6067/6067/6067 6066/6066/6066
f 6065/6065/6065 6064/6064/6064 6068/6068/6068
f 6068/6068/6068 6069/6069/6069 6065/6065/6065
f 6066/6066/6066 6067/6067/6067 6070/6070/6070
f 6069/6069/6069 6068/6068/6068 6070/6070/6070
f 6070/6070/6070 6071/6071/6071 6066/6066/6066
f 6068/6068/6068 6071/6071/6071 6070/6070/6070
f 6074/6074/6074 6073/6073/6073 6072/6072/6072
f 6075/6075/6075 6073/6073/6073 6074/6074/6074
f 6072/6072/6072 6076/6076/6076 6074/6074/6074
f 6074/6074/6074 6077/6077/6077 6075/6075/6075
f 6076/6076/6076 6072/6072/6072 6078/6078/6078
f 6078/6078/6078 6079/6079/6079 6076/6076/6076
f 6080/6080/6080 6079/6079/6079 6078/6078/6078
f 6078/6078/6078 6081/6081/6081 6080/6080/6080
f 6075/6075/6075 6077/6077/6077 6082/6082/6082
f 6077/6077/6077 6083/6083/6083 6082/6082/6082
f 6082/6082/6082 6083/6083/6083 6084/6084/6084
f 6084/6084/6084 6085/6085/6085 6082/6082/6082
f 6086/6086/6086 6080/6080/6080 6081/6081/6081
f 6085/6085/6085 6084/6084/6084 6086/6086/6086
f 6087/6087/6087 6086/6086/6086 6081/6081/6081
f 6086/6086/6086 6087/6087/6087 6085/6085/6085
f 6090/6090/6090 6089/6089/6089 6088/6088/6088
f 6089/6089/6089 6091/6091/6091 6088/6088/6088
f 6092/6092/6092 6090/6090/6090 6088/6088/6088
f 6091/6091/6091 6093/6093/6093 6088/6088/6088
f 6094/6094/6094 6092/6092/6092 6088/6088/6088
f 6093/6093/6093 6094/6094/6094 6088/6088/6088
f 6097/6097/6097 6096/6096/6096 6095/6095/6095
f 6096/6096/6096 6098/6098/6098 6095/6095/6095
f 6099/6099/6099 6097/6097/6097 6095/6095/6095
f 6098/6098/6098 6099/6099/6099 6095/6095/6095
f 6102/6102/6102 6101/6101/6101 6100/6100/6100
f 6102/6102/6102 6100/6100/6100 6103/6103/6103
f 6101/6101/6101 6102/6102/6102 6104/6104/6104
f 6103/6103/6103 6105/6105/6105 6102/6102/6102
f 6106/6106/6106 6101/6101/6101 6104/6104/6104
f 6105/6105/6105 6103/6103/6103 6106/6106/6106
f 6106/6106/6106 6104/6104/6104 6107/6107/6107
f 6106/6106/6106 6107/6107/6107 6105/6105/6105
f 6110/6110/6110 6109/6109/6109 6108/6108/6108
f 6110/6110/6110 6111/6111/6111 6109/6109/6109
f 6108/6108/6108 6112/6112/6112 6110/6110/6110
f 6111/6111/6111 6110/6110/6110 6113/6113/6113
f 6112/6112/6112 6108/6108/6108 6114/6114/6114
f 6113/6113/6113 6114/6114/6114 6111/6111/6111
f 6114/6114/6114 6115/6115/6115 6112/6112/6112
f 6113/6113/6113 6115/6115/6115 6114/6114/6114
f 6118/6118/6118 6117/6117/6117 6116/6116/6116
f 6119/6119/6119 6117/6117/6117 6118/6118/6118
f 6116/6116/6116 6120/6120/6120 6118/6118/6118
f 6118/6118/6118 6121/6121/6121 6119/6119/6119
f 6116/6116/6116 6122/6122/6122 6120/6120/6120
f 6122/6122/6122 6119/6119/6119 6121/6121/6121
f 6123/6123/6123 6120/6120/6120 6122/6122/6122
f 6121/6121/6121 6123/6123/6123 6122/6122/6122
f 6126/6126/6126 6125/6125/6125 6124/6124/6124
f 6126/6126/6126 6124/6124/6124 6127/6127/6127
f 6125/6125/6125 6126/6126/6126 6128/6128/6128
f 6127/6127/6127 6129/6129/6129 6126/6126/6126
f 6128/6128/6128 6130/6130/6130 6125/6125/6125
f 6129/6129/6129 6127/6127/6127 6130/6130/6130
f 6130/6130/6130 6128/6128/6128 6131/6131/6131
f 6130/6130/6130 6131/6131/6131 6129/6129/6129
f 6134/6134/6134 6133/6133/6133 6132/6132/6132
f 6135/6135/6135 6133/6133/6133 6134/6134/6134
f 6132/6132/6132 6136/6136/6136 6134/6134/6134
f 6134/6134/6134 6137/6137/6137 6135/6135/6135
f 6136/6136/6136 6132/6132/6132 6138/6138/6138
f 6138/6138/6138 6139/6139/6139 6136/6136/6136
f 6139/6139/6139 6138/6138/6138 6140/6140/6140
f 6140/6140/6140 6141/6141/6141 6139/6139/6139
f 6141/6141/6141 6140/6140/6140 6142/6142/6142
f 6142/6142/6142 6143/6143/6143 6141/6141/6141
f 6143/6143/6143 6142/6142/6142 6144/6144/6144
f 6144/6144/6144 6145/6145/6145 6143/6143/6143
f 6145/6145/6145 6144/6144/6144 6146/6146/6146
f 6146/6146/6146 6147/6147/6147 6145/6145/6145
f 6147/6147/6147 6146/6146/6146 6148/6148/6148
f 6148/6148/6148 6149/6149/6149 6147/6147/6147
f 6149/6149/6149 6148/6148/6148 6150/6150/6150
f 6150/6150/6150 6151/6151/6151 6149/6149/6149
f 6151/6151/6151 6150/6150/6150 6152/6152/6152
f 6153/6153/6153 6152/6152/6152 6150/6150/6150
f 6154/6154/6154 6152/6152/6152 6153/6153/6153
f 6155/6155/6155 6154/6154/6154 6153/6153/6153
f 6156/6156/6156 6154/6154/6154 6155/6155/6155
f 6155/6155/6155 6157/6157/6157 6156/6156/6156
f 6158/6158/6158 6156/6156/6156 6157/6157/6157
f 6157/6157/6157 6159/6159/6159 6158/6158/6158
f 6158/6158/6158 6159/6159/6159 6160/6160/6160
f 6160/6160/6160 6161/6161/6161 6158/6158/6158
f 6161/6161/6161 6160/6160/6160 6162/6162/6162
f 6163/6163/6163 6162/6162/6162 6160/6160/6160
f 6162/6162/6162 6163/6163/6163 6135/6135/6135
f 6135/6135/6135 6137/6137/6137 6162/6162/6162
f 6166/6166/6166 6165/6165/6165 6164/6164/6164
f 6167/6167/6167 6165/6165/6165 6166/6166/6166
f 6164/6164/6164 6168/6168/6168 6166/6166/6166
f 6166/6166/6166 6169/6169/6169 6167/6167/6167
f 6167/6167/6167 6169/6169/6169 6170/6170/6170
f 6169/6169/6169 6171/6171/6171 6170/6170/6170
f 6170/6170/6170 6171/6171/6171 6172/6172/6172
f 6173/6173/6173 6172/6172/6172 6171/6171/6171
f 6174/6174/6174 6172/6172/6172 6173/6173/6173
f 6173/6173/6173 6175/6175/6175 6174/6174/6174
f 6176/6176/6176 6174/6174/6174 6175/6175/6175
f 6175/6175/6175 6177/6177/6177 6176/6176/6176
f 6178/6178/6178 6176/6176/6176 6177/6177/6177
f 6177/6177/6177 6179/6179/6179 6178/6178/6178
f 6168/6168/6168 6164/6164/6164 6180/6180/6180
f 6180/6180/6180 6181/6181/6181 6168/6168/6168
f 6181/6181/6181 6180/6180/6180 6182/6182/6182
f 6183/6183/6183 6182/6182/6182 6180/6180/6180
f 6178/6178/6178 6179/6179/6179 6184/6184/6184
f 6179/6179/6179 6185/6185/6185 6184/6184/6184
f 6184/6184/6184 6185/6185/6185 6186/6186/6186
f 6186/6186/6186 6187/6187/6187 6184/6184/6184
f 6187/6187/6187 6186/6186/6186 6188/6188/6188
f 6188/6188/6188 6189/6189/6189 6187/6187/6187
f 6189/6189/6189 6188/6188/6188 6190/6190/6190
f 6190/6190/6190 6191/6191/6191 6189/6189/6189
f 6191/6191/6191 6190/6190/6190 6192/6192/6192
f 6192/6192/6192 6193/6193/6193 6191/6191/6191
f 6182/6182/6182 6183/6183/6183 6194/6194/6194
f 6193/6193/6193 6192/6192/6192 6194/6194/6194
f 6195/6195/6195 6194/6194/6194 6183/6183/6183
f 6194/6194/6194 6195/6195/6195 6193/6193/6193
f 6198/6198/6198 6197/6197/6197 6196/6196/6196
f 6197/6197/6197 6199/6199/6199 6196/6196/6196
f 6200/6200/6200 6198/6198/6198 6196/6196/6196
f 6199/6199/6199 6201/6201/6201 6196/6196/6196
f 6202/6202/6202 6200/6200/6200 6196/6196/6196
f 6201/6201/6201 6203/6203/6203 6196/6196/6196
f 6204/6204/6204 6202/6202/6202 6196/6196/6196
f 6203/6203/6203 6205/6205/6205 6196/6196/6196
f 6206/6206/6206 6204/6204/6204 6196/6196/6196
f 6205/6205/6205 6206/6206/6206 6196/6196/6196
f 6209/6209/6209 6208/6208/6208 6207/6207/6207
f 6210/6210/6210 6209/6209/6209 6207/6207/6207
f 6208/6208/6208 6211/6211/6211 6207/6207/6207
f 6212/6212/6212 6210/6210/6210 6207/6207/6207
f 6211/6211/6211 6213/6213/6213 6207/6207/6207
f 6214/6214/6214 6212/6212/6212 6207/6207/6207
f 6213/6213/6213 6215/6215/6215 6207/6207/6207
f 6216/6216/6216 6214/6214/6214 6207/6207/6207
f 6215/6215/6215 6217/6217/6217 6207/6207/6207
f 6217/6217/6217 6216/6216/6216 6207/6207/6207
f 6220/6220/6220 6219/6219/6219 6218/6218/6218
f 6218/6218/6218 6221/6221/6221 6220/6220/6220
f 6219/6219/6219 6220/6220/6220 6222/6222/6222
f 6218/6218/6218 6223/6223/6223 6221/6221/6221
f 6222/6222/6222 6224/6224/6224 6219/6219/6219
f 6223/6223/6223 6225/6225/6225 6221/6221/6221
f 6225/6225/6225 6223/6223/6223 6224/6224/6224
f 6224/6224/6224 6222/6222/6222 6225/6225/6225
