g FX_0331_Labor_Decagram_Original_Mesh
v 0.059054818 -0.059054807 0.22655784
v 0.058962267 -0.0378786 0.24296962
v 0.07715882 -0.03196023 0.22655784
v 0.07715882 0.03196024 0.22655784
v 0.058962252 0.037878606 0.24296962
v 0.059054807 0.059054818 0.22655784
v -0.077158816 -0.031960245 0.22655784
v -0.058962252 -0.0378786 0.24296962
v -0.059054807 -0.059054807 0.22655784
v -0.058962263 0.037878595 0.24296962
v -0.07715882 0.03196023 0.22655784
v -0.059054818 0.059054807 0.22655784
v 0.05101647 -0.10940516 0.17506976
v 0.0445968 -0.09563812 0.1909935
v 0.05480162 -0.09087958 0.18632953
v 0.054801606 -0.09087955 0.16381
v 0.0445968 -0.09563812 0.15914604
v -0.05101647 -0.10940516 0.17506976
v -0.05480162 -0.09087958 0.18632953
v -0.0445968 -0.09563812 0.1909935
v -0.0445968 -0.09563812 0.15914604
v -0.054801606 -0.09087955 0.16381
v 0.44048205 -0.6216646 0.00411579
v 0.4267317 -0.60527766 0.013322115
v 0.46748343 -0.6361111 0.00411579
v 0.47280967 -0.5945385 0.00411579
v 0.4823478 -0.6236383 0.00411579
v 0.45905936 -0.5781515 0.013322115
v -0.44048205 -0.6216646 0.00411579
v -0.46748343 -0.6361111 0.00411579
v -0.4267317 -0.60527766 0.013322115
v -0.47280967 -0.5945385 0.00411579
v -0.45905936 -0.5781515 0.013322115
v -0.4823478 -0.6236383 0.00411579
v 0.7646128 0.04571401 0.00411579
v 0.7433025 0.043849573 0.013322115
v 0.79193395 0.0595461 0.00411579
v 0.76093465 0.08775409 0.00411579
v 0.7902426 0.07887636 0.00411579
v 0.7396244 0.08588972 0.013322115
v 0.4011171 0.65255463 0.00411579
v 0.39042124 0.63402885 0.013322115
v 0.4054573 0.68286854 0.00411579
v -0.4011172 0.6525545 0.00411579
v -0.4054573 0.6828684 0.00411579
v -0.39042136 0.6340288 0.013322115
v -0.35037944 0.62706417 0.038997676
v -0.35138905 0.63461787 0.02825217
v -0.32951117 0.5975654 0.057367906
v -0.1791611 0.35677624 0.27547583
v -0.18091865 0.35056952 0.2908803
v -0.1958841 0.38299617 0.25219283
v -0.7609347 0.08775382 0.00411579
v -0.73962444 0.08588945 0.013322115
v -0.79024273 0.07887614 0.00411579
v -0.76461273 0.04571374 0.00411579
v -0.79193383 0.059545863 0.00411579
v -0.74330246 0.043849304 0.013322115
v -0.037940018 0.037878606 0.25422746
v 0.037940018 0.037878606 0.25422746
v -0.03794 -0.0378786 0.25422746
v 0.03794 -0.0378786 0.25422746
v 0.05896223 0.037878603 0.27721798
v 0.058962252 0.037878606 0.24296962
v 0.058962267 -0.0378786 0.24296962
v 0.058962233 -0.037878606 0.27721798
v 0.05896222 -0.031865917 0.29778606
v 0.058962215 0.03186997 0.29778606
v 0.058962215 0.012174496 0.31209567
v 0.05896222 -0.012170447 0.31209567
v 0.03794 -0.0378786 0.25422746
v 0.037940018 0.037878606 0.25422746
v 0.037940018 0.037878606 0.27721798
v 0.03794 -0.0378786 0.27721798
v 0.037939984 -0.031865917 0.29778606
v 0.03793998 0.03186997 0.29778606
v 0.03793998 0.012174496 0.31209567
v 0.037939984 -0.012170447 0.31209567
v 0.05896222 -0.031865917 0.29778606
v 0.03794 -0.0378786 0.27721798
v 0.037939984 -0.031865917 0.29778606
v 0.058962233 -0.037878606 0.27721798
v 0.03794 -0.0378786 0.25422746
v 0.058962267 -0.0378786 0.24296962
v -0.058962252 -0.0378786 0.24296962
v -0.03794 -0.0378786 0.25422746
v -0.058962233 -0.037878606 0.27721798
v -0.03794 -0.0378786 0.27721798
v -0.05896223 -0.031865917 0.29778606
v -0.03793999 -0.031865917 0.29778606
v 0.05896222 -0.012170447 0.31209567
v 0.05896222 -0.031865917 0.29778606
v 0.037939984 -0.031865917 0.29778606
v 0.037939984 -0.012170447 0.31209567
v 0.058962215 0.012174496 0.31209567
v 0.03793998 0.012174496 0.31209567
v 0.058962215 0.03186997 0.29778606
v 0.03793998 0.03186997 0.29778606
v 0.058962215 0.03186997 0.29778606
v 0.03793998 0.03186997 0.29778606
v 0.037940018 0.037878606 0.27721798
v 0.05896223 0.037878603 0.27721798
v 0.037940018 0.037878606 0.25422746
v 0.058962252 0.037878606 0.24296962
v -0.037940018 0.037878606 0.25422746
v -0.058962263 0.037878595 0.24296962
v -0.05896223 0.037878603 0.27721798
v -0.037940018 0.037878606 0.27721798
v -0.05896222 0.03186997 0.29778606
v -0.037939988 0.03186997 0.29778606
v -0.058962233 -0.037878606 0.27721798
v -0.058962252 -0.0378786 0.24296962
v -0.058962263 0.037878595 0.24296962
v -0.05896223 0.037878603 0.27721798
v -0.05896223 -0.031865917 0.29778606
v -0.05896222 0.03186997 0.29778606
v -0.05896222 0.012174496 0.31209567
v -0.05896223 -0.012170447 0.31209567
v -0.037940018 0.037878606 0.27721798
v -0.037940018 0.037878606 0.25422746
v -0.03794 -0.0378786 0.25422746
v -0.03794 -0.0378786 0.27721798
v -0.03793999 -0.031865917 0.29778606
v -0.037939988 0.03186997 0.29778606
v -0.037939988 0.012174496 0.31209567
v -0.03793999 -0.012170447 0.31209567
v -0.05896223 -0.012170447 0.31209567
v -0.03793999 -0.031865917 0.29778606
v -0.05896223 -0.031865917 0.29778606
v -0.03793999 -0.012170447 0.31209567
v -0.05896222 0.012174496 0.31209567
v -0.037939988 0.012174496 0.31209567
v -0.05896222 0.03186997 0.29778606
v -0.037939988 0.03186997 0.29778606
v -0.059054807 -0.059054807 0.16852961
v -0.059054807 -0.059054807 0.22655784
v -0.03196023 -0.07715882 0.22655784
v -0.03196023 -0.07715882 0.16852961
v 6.071796E-09 -0.08351612 0.22655784
v 6.071796E-09 -0.08351612 0.16852961
v 0.031960238 -0.07715882 0.22655784
v 0.031960238 -0.07715882 0.16852961
v 0.059054818 -0.059054807 0.22655784
v 0.059054818 -0.059054807 0.16852961
v 0.059054807 0.059054818 0.22655784
v 0.031960227 0.07715882 0.22655784
v 0.059054807 0.059054818 0.16852961
v 0.031960227 0.07715882 0.16852961
v -6.538787E-09 0.08351612 0.22655784
v -6.538787E-09 0.08351612 0.16852961
v -0.031960245 0.07715882 0.22655784
v -0.031960245 0.07715882 0.16852961
v -0.059054818 0.059054807 0.22655784
v -0.059054818 0.059054807 0.16852961
v -0.059054807 -0.059054807 0.22655784
v -0.059054807 -0.059054807 0.16852961
v -0.077158816 -0.031960245 0.16852961
v -0.077158816 -0.031960245 0.22655784
v -0.08351613 -3.7252903E-09 0.16852961
v -0.08351613 -3.7252903E-09 0.22655784
v -0.07715882 0.03196023 0.16852961
v -0.07715882 0.03196023 0.22655784
v -0.059054818 0.059054807 0.16852961
v -0.059054818 0.059054807 0.22655784
v 0.059054807 0.059054818 0.22655784
v 0.059054807 0.059054818 0.16852961
v 0.07715882 0.03196024 0.16852961
v 0.07715882 0.03196024 0.22655784
v 0.08351613 3.7252903E-09 0.16852961
v 0.08351613 3.7252903E-09 0.22655784
v 0.07715882 -0.03196023 0.16852961
v 0.07715882 -0.03196023 0.22655784
v 0.059054818 -0.059054807 0.16852961
v 0.059054818 -0.059054807 0.22655784
v 0.07715882 -0.03196023 0.22655784
v 0.058962267 -0.0378786 0.24296962
v 0.08351613 3.7252903E-09 0.22655784
v 0.058962252 0.037878606 0.24296962
v 0.07715882 0.03196024 0.22655784
v -0.07715882 0.03196023 0.22655784
v -0.058962263 0.037878595 0.24296962
v -0.08351613 -3.7252903E-09 0.22655784
v -0.058962252 -0.0378786 0.24296962
v -0.077158816 -0.031960245 0.22655784
v 0.059054818 -0.059054807 0.22655784
v 0.031960238 -0.07715882 0.22655784
v 0.058962267 -0.0378786 0.24296962
v 6.071796E-09 -0.08351612 0.22655784
v -0.058962252 -0.0378786 0.24296962
v -0.03196023 -0.07715882 0.22655784
v -0.059054807 -0.059054807 0.22655784
v -0.059054818 0.059054807 0.22655784
v -0.031960245 0.07715882 0.22655784
v -0.058962263 0.037878595 0.24296962
v -6.538787E-09 0.08351612 0.22655784
v 0.058962252 0.037878606 0.24296962
v 0.031960227 0.07715882 0.22655784
v 0.059054807 0.059054818 0.22655784
v -0.07715882 0.03196023 0.16852961
v -0.08351613 -3.7252903E-09 0.16852961
v -0.077158816 -0.031960245 0.16852961
v -0.03196023 -0.07715882 0.16852961
v -0.059054807 -0.059054807 0.16852961
v 0.031960227 0.07715882 0.16852961
v -0.031960245 0.07715882 0.16852961
v -0.059054818 0.059054807 0.16852961
v -6.538787E-09 0.08351612 0.16852961
v 0.07715882 -0.03196023 0.16852961
v 0.031960238 -0.07715882 0.16852961
v 6.071796E-09 -0.08351612 0.16852961
v 0.059054818 -0.059054807 0.16852961
v 0.07715882 0.03196024 0.16852961
v 0.08351613 3.7252903E-09 0.16852961
v 0.059054807 0.059054818 0.16852961
v -2.541214E-09 0.034665484 0.27558634
v 0.024510762 0.024512788 0.27558634
v 0.024510762 0.024512788 0.39356047
v -2.541214E-09 0.034665484 0.39356047
v -0.024510767 0.024512788 0.27558634
v -0.024510767 0.024512788 0.39356047
v 0.034663454 2.0246953E-06 0.39356047
v 0.024510762 0.024512788 0.39356047
v 0.024510762 0.024512788 0.27558634
v 0.034663454 2.0246953E-06 0.27558634
v 0.024510762 -0.024508743 0.39356047
v 0.024510762 -0.024508743 0.27558634
v -2.541214E-09 -0.03466143 0.39356047
v 0.024510762 -0.024508743 0.39356047
v 0.024510762 -0.024508743 0.27558634
v -2.541214E-09 -0.03466143 0.27558634
v -0.024510767 -0.024508743 0.39356047
v -0.024510767 -0.024508743 0.27558634
v -0.03466346 2.0246953E-06 0.39356047
v -0.024510767 -0.024508743 0.39356047
v -0.024510767 -0.024508743 0.27558634
v -0.03466346 2.0246953E-06 0.27558634
v -0.024510767 0.024512788 0.39356047
v -0.024510767 0.024512788 0.27558634
v -0 0.043231018 0.31433412
v 0.030567514 0.030569538 0.31433412
v 0.030567514 0.030569538 0.32812804
v -0 0.043231018 0.32812804
v -0.030567514 0.030569538 0.31433412
v -0.030567514 0.030569538 0.32812804
v 0.04322899 2.0246953E-06 0.32812804
v 0.030567514 0.030569538 0.32812804
v 0.030567514 0.030569538 0.31433412
v 0.04322899 2.0246953E-06 0.31433412
v 0.030567514 -0.030565487 0.32812804
v 0.030567514 -0.030565487 0.31433412
v -0 -0.043226965 0.32812804
v 0.030567514 -0.030565487 0.32812804
v 0.030567514 -0.030565487 0.31433412
v -0 -0.043226965 0.31433412
v -0.030567514 -0.030565487 0.32812804
v -0.030567514 -0.030565487 0.31433412
v -0.04322899 2.0246953E-06 0.32812804
v -0.030567514 -0.030565487 0.32812804
v -0.030567514 -0.030565487 0.31433412
v -0.04322899 2.0246953E-06 0.31433412
v -0.030567514 0.030569538 0.32812804
v -0.030567514 0.030569538 0.31433412
v -0.030567514 0.030569538 0.32812804
v -0 0.043231018 0.32812804
v 0.030567514 0.030569538 0.32812804
v -0 -0.043226965 0.32812804
v 0.04322899 2.0246953E-06 0.32812804
v 0.030567514 -0.030565487 0.32812804
v -0.04322899 2.0246953E-06 0.32812804
v -0.030567514 -0.030565487 0.32812804
v 0.030567514 0.030569538 0.31433412
v -0 0.043231018 0.31433412
v -0.030567514 0.030569538 0.31433412
v -0 -0.043226965 0.31433412
v 0.04322899 2.0246953E-06 0.31433412
v 0.030567514 -0.030565487 0.31433412
v -0.04322899 2.0246953E-06 0.31433412
v -0.030567514 -0.030565487 0.31433412
v -0.045769207 0.024512798 0.25107566
v 0.045769203 0.024512798 0.25107566
v 0.045769196 0.034665484 0.2755864
v -0.045769203 0.034665484 0.2755864
v -0.045769203 0.024512794 0.30009717
v 0.045769196 0.024512794 0.30009717
v 0.045769203 2.0354055E-06 0.24092294
v 0.045769203 0.024512798 0.25107566
v -0.045769207 0.024512798 0.25107566
v -0.045769207 2.0354055E-06 0.24092294
v 0.045769203 -0.024508731 0.25107563
v -0.045769215 -0.024508731 0.25107563
v 0.045769203 -0.034661427 0.2755864
v 0.045769203 -0.024508731 0.25107563
v -0.045769215 -0.024508731 0.25107563
v -0.045769215 -0.034661427 0.2755864
v -0.045769207 -0.024508739 0.30009717
v 0.045769203 -0.024508739 0.30009717
v 0.045769203 2.0260923E-06 0.31024984
v 0.045769203 -0.024508739 0.30009717
v -0.045769207 -0.024508739 0.30009717
v -0.045769207 2.0260923E-06 0.31024984
v 0.045769196 0.024512794 0.30009717
v -0.045769203 0.024512794 0.30009717
v 0.05896222 -0.023833968 0.25990015
v 0.086068116 -0.023833968 0.25990015
v 0.086068116 -0.009102516 0.2491971
v 0.05896222 -0.009102516 0.2491971
v 0.086068116 0.009106563 0.2491971
v 0.05896222 0.009106563 0.2491971
v 0.086068116 0.023838019 0.25990015
v 0.05896222 0.023838019 0.25990015
v 0.086068116 0.02946493 0.277218
v 0.05896222 0.023838019 0.25990015
v 0.086068116 0.023838019 0.25990015
v 0.05896222 0.02946493 0.277218
v 0.086068094 0.023838019 0.29453585
v 0.05896221 0.023838019 0.29453585
v 0.086068116 -0.023833968 0.25990015
v 0.05896222 -0.023833968 0.25990015
v 0.05896222 -0.029460885 0.277218
v 0.086068116 -0.029460885 0.277218
v 0.05896222 -0.023833968 0.29453585
v 0.086068116 -0.023833968 0.29453585
v 0.05896221 0.023838019 0.29453585
v 0.086068094 0.023838019 0.29453585
v 0.086068094 0.009106563 0.3052389
v 0.05896221 0.009106563 0.3052389
v 0.05896222 -0.009102516 0.3052389
v 0.086068116 -0.009102516 0.3052389
v 0.086068116 -0.023833968 0.29453585
v 0.05896222 -0.023833968 0.29453585
v -0.05896223 -0.023833968 0.25990015
v -0.086068116 -0.009102516 0.2491971
v -0.086068116 -0.023833968 0.25990015
v -0.05896223 -0.009102516 0.2491971
v -0.086068116 0.009106563 0.2491971
v -0.05896223 0.009106563 0.2491971
v -0.086068116 0.023838019 0.25990015
v -0.05896223 0.023838019 0.25990015
v -0.086068116 0.02946493 0.277218
v -0.086068116 0.023838019 0.25990015
v -0.05896223 0.023838019 0.25990015
v -0.05896223 0.02946493 0.277218
v -0.086068094 0.023838019 0.29453585
v -0.058962215 0.023838019 0.29453585
v -0.05896223 -0.029460885 0.277218
v -0.05896223 -0.023833968 0.25990015
v -0.086068116 -0.023833968 0.25990015
v -0.086068116 -0.029460885 0.277218
v -0.05896223 -0.023833968 0.29453585
v -0.086068116 -0.023833968 0.29453585
v -0.058962215 0.023838019 0.29453585
v -0.086068094 0.009106563 0.3052389
v -0.086068094 0.023838019 0.29453585
v -0.058962215 0.009106563 0.3052389
v -0.05896223 -0.009102516 0.3052389
v -0.086068116 -0.009102516 0.3052389
v -0.086068116 -0.023833968 0.29453585
v -0.05896223 -0.023833968 0.29453585
v -0.07224777 -0.07224779 0.20971812
v -0.039100215 -0.09439626 0.20971812
v -0.07224777 -0.07224779 0.14042139
v -0.039100215 -0.09439626 0.14042139
v 7.1056374E-09 -0.10217378 0.20971812
v 7.1056374E-09 -0.10217378 0.14042139
v 0.039100222 -0.09439626 0.20971812
v 0.039100222 -0.09439626 0.14042139
v 0.07224779 -0.07224779 0.20971812
v 0.07224779 -0.07224779 0.14042139
v -0.09439626 -0.03910023 0.20971812
v -0.07224777 -0.07224779 0.20971812
v -0.09439626 -0.03910023 0.14042139
v -0.07224777 -0.07224779 0.14042139
v 0.07224779 -0.07224779 0.20971812
v 0.09439626 -0.039100215 0.20971812
v 0.07224779 -0.07224779 0.14042139
v 0.09439626 -0.039100215 0.14042139
v 0.0660958 -0.0660958 0.20971812
v 0.08635831 -0.035770785 0.20971812
v 0.09439626 -0.039100215 0.20971812
v 0.07224779 -0.07224779 0.20971812
v 0.039100222 -0.09439626 0.20971812
v 0.035770796 -0.08635831 0.20971812
v 6.9034676E-09 -0.09347358 0.20971812
v 7.1056374E-09 -0.10217378 0.20971812
v -0.039100215 -0.09439626 0.20971812
v -0.03577079 -0.08635831 0.20971812
v -0.07224777 -0.07224779 0.20971812
v -0.06609579 -0.0660958 0.20971812
v -0.086358294 -0.0357708 0.20971812
v -0.09439626 -0.03910023 0.20971812
v 0.09439626 -0.039100215 0.20971812
v 0.08635831 -0.035770785 0.20971812
v 0.08635831 -0.035770785 0.14042139
v 0.09439626 -0.039100215 0.14042139
v -0.086358294 -0.0357708 0.20971812
v -0.09439626 -0.03910023 0.20971812
v -0.09439626 -0.03910023 0.14042139
v -0.086358294 -0.0357708 0.14042139
v 0.09439626 -0.039100215 0.14042139
v 0.08635831 -0.035770785 0.14042139
v 0.0660958 -0.0660958 0.14042139
v 0.07224779 -0.07224779 0.14042139
v 0.039100222 -0.09439626 0.14042139
v 0.035770796 -0.08635831 0.14042139
v 6.9034676E-09 -0.09347358 0.14042139
v 7.1056374E-09 -0.10217378 0.14042139
v -0.039100215 -0.09439626 0.14042139
v -0.03577079 -0.08635831 0.14042139
v -0.07224777 -0.07224779 0.14042139
v -0.06609579 -0.0660958 0.14042139
v -0.086358294 -0.0357708 0.14042139
v -0.09439626 -0.03910023 0.14042139
v 0.0660958 -0.0660958 0.20971812
v 0.035770796 -0.08635831 0.20971812
v 0.0660958 -0.0660958 0.14042139
v 0.035770796 -0.08635831 0.14042139
v 6.9034676E-09 -0.09347358 0.20971812
v 6.9034676E-09 -0.09347358 0.14042139
v -0.03577079 -0.08635831 0.20971812
v -0.03577079 -0.08635831 0.14042139
v -0.06609579 -0.0660958 0.20971812
v -0.06609579 -0.0660958 0.14042139
v 0.08635831 -0.035770785 0.20971812
v 0.0660958 -0.0660958 0.20971812
v 0.08635831 -0.035770785 0.14042139
v 0.0660958 -0.0660958 0.14042139
v -0.06609579 -0.0660958 0.20971812
v -0.086358294 -0.0357708 0.20971812
v -0.06609579 -0.0660958 0.14042139
v -0.086358294 -0.0357708 0.14042139
v -0.05455527 -0.05455527 0.16852961
v -0.040723912 -0.040723912 0.15104112
v -0.05455527 0.05455527 0.16852961
v -0.040723912 0.040723912 0.15104112
v -0.05455527 0.05455527 0.16852961
v -0.040723912 0.040723912 0.15104112
v 0.05455527 0.05455527 0.16852961
v 0.040723912 0.040723912 0.15104112
v 0.05455527 0.05455527 0.16852961
v 0.040723912 0.040723912 0.15104112
v 0.05455527 -0.05455527 0.16852961
v 0.040723912 -0.040723912 0.15104112
v 0.05455527 -0.05455527 0.16852961
v 0.040723912 -0.040723912 0.15104112
v -0.05455527 -0.05455527 0.16852961
v -0.040723912 -0.040723912 0.15104112
v -0.040723912 0.040723912 0.15104112
v 0.040723912 0.040723912 0.11561961
v 0.040723912 0.040723912 0.15104112
v -0.040723912 0.040723912 0.11561961
v 0.040723912 -0.040723912 0.11561961
v -0.040723912 0.040723912 0.11561961
v -0.040723912 -0.040723912 0.11561961
v 0.040723912 0.040723912 0.11561961
v -0.040723912 -0.040723912 0.15104112
v -0.040723912 0.040723912 0.11561961
v -0.040723912 0.040723912 0.15104112
v -0.040723912 -0.040723912 0.11561961
v 0.040723912 0.040723912 0.15104112
v 0.040723912 -0.040723912 0.11561961
v 0.040723912 -0.040723912 0.15104112
v 0.040723912 0.040723912 0.11561961
v 0.040723912 -0.040723912 0.15104112
v -0.040723912 -0.040723912 0.11561961
v -0.040723912 -0.040723912 0.15104112
v 0.040723912 -0.040723912 0.11561961
v 0.08529 -0.10339476 0.5548915
v 0.08529 -0.10339475 0.40319613
v 0.08529 -0.18834858 0.40319613
v 0.08529 -0.18834858 0.6262867
v 0.08529 0.03503833 0.5548915
v 0.0828535 -0.19271475 0.6262867
v 0.0828535 -0.19271475 0.40319613
v 0.08134159 -0.19121149 0.6298222
v 0.08529 0.12849922 0.6262867
v 0.08529 0.12849922 0.5263343
v 0.08529 0.05183726 0.5263343
v 0.081754476 0.13203476 0.5263343
v 0.081754476 0.13203476 0.6262867
v 0.081754476 0.13203476 0.6262867
v -0.081754476 0.13203476 0.6262867
v -0.081754476 0.13203476 0.5263343
v 0.081754476 0.13203476 0.5263343
v -0.08529 -0.18834858 0.40319613
v -0.08529 -0.10339476 0.40319613
v -0.08529 -0.10339476 0.5548915
v -0.08529 -0.18834858 0.6262867
v -0.0828535 -0.19271475 0.40319613
v -0.0828535 -0.19271475 0.6262867
v -0.08134159 -0.19121149 0.6298222
v -0.08529 0.03503833 0.5548915
v -0.08529 0.12849922 0.6262867
v -0.08529 0.12849922 0.5263343
v -0.08529 0.05183726 0.5263343
v -0.081754476 0.13203476 0.6262867
v -0.081754476 0.13203476 0.5263343
v 0.020941855 0.10982855 0.4863783
v -0.0032107355 0.10982855 0.4863783
v 0.020941855 0.10982855 0.4301051
v -0.0032107355 0.10982855 0.4301051
v 0.05640392 0.109828524 0.4863783
v 0.032251347 0.10982855 0.4863783
v 0.05640392 0.109828524 0.4301051
v 0.032251347 0.10982855 0.4301051
v 0.039913736 -0.21670525 0.6298222
v 0.0382388 -0.22024077 0.6262867
v -0.0382388 -0.22024077 0.6262867
v -0.039913736 -0.21670525 0.6298222
v 0.08134159 -0.19121149 0.6298222
v -0.08134159 -0.19121149 0.6298222
v 0.08139952 0.12849922 0.6298222
v 0.08529 -0.18834858 0.6262867
v 0.08529 0.12849922 0.6262867
v 0.081754476 0.13203476 0.6262867
v -0.08139952 0.12849922 0.6298222
v -0.08529 -0.18834858 0.6262867
v -0.081754476 0.13203476 0.6262867
v -0.08529 0.12849922 0.6262867
v -0.039913736 -0.21670525 0.6298222
v -0.0828535 -0.19271475 0.6262867
v -0.08134159 -0.19121149 0.6298222
v -0.0382388 -0.22024077 0.6262867
v -0.0828535 -0.19271475 0.40319613
v -0.0382388 -0.22024077 0.40319613
v 0.0382388 -0.22024077 0.40319613
v 0.0382388 -0.22024077 0.6262867
v 0.0828535 -0.19271475 0.40319613
v 0.0828535 -0.19271475 0.6262867
v 0.039913736 -0.21670525 0.6298222
v 0.08134159 -0.19121149 0.6298222
v 0.08529 -0.10339476 0.5548915
v -0.08529 -0.10339476 0.5548915
v -0.08529 -0.10339476 0.40319613
v 0.08529 -0.10339475 0.40319613
v 0.08529 0.12849922 0.5263343
v 0.081754476 0.13203476 0.5263343
v -0.081754476 0.13203476 0.5263343
v -0.08529 0.12849922 0.5263343
v 0.08529 0.05183726 0.5263343
v -0.08529 0.05183726 0.5263343
v 0.08529 -0.10339476 0.5548915
v 0.08529 0.03503833 0.5548915
v -0.08529 -0.10339476 0.5548915
v -0.08529 0.03503833 0.5548915
v 0.08529 0.03503833 0.5548915
v -0.08529 0.05183726 0.5263343
v -0.08529 0.03503833 0.5548915
v 0.08529 0.05183726 0.5263343
v -0.0828535 -0.19271475 0.40319613
v -0.0382388 -0.22024077 0.40319613
v 0.0382388 -0.22024077 0.40319613
v 0.0828535 -0.19271475 0.40319613
v -0.08529 -0.18834858 0.40319613
v 0.08529 -0.18834858 0.40319613
v -0.08529 -0.10339476 0.40319613
v 0.08529 -0.10339475 0.40319613
v -0.07147026 0.10882853 0.5548915
v 0.07147026 0.10882853 0.38933513
v 0.07147026 0.10882853 0.5548915
v -0.07147026 0.10882853 0.38933513
v 0.07147026 0.10882853 0.5548915
v 0.07147026 -0.10339476 0.38933513
v 0.07147026 -0.10339476 0.5548915
v 0.07147026 0.10882853 0.38933513
v 0.07147026 0.077515736 0.35589647
v 0.07147026 -0.13779949 0.35589647
v 0.07147026 -0.25087282 0.38933513
v 0.06793473 -0.10339476 0.39287066
v 0.06793473 -0.25087282 0.39287066
v 0.07147026 -0.25087282 0.35589647
v 0.06793473 -0.25440836 0.38933513
v 0.06793473 -0.25440836 0.35589647
v 0.06793473 -0.25440836 0.38933513
v 0.06793473 -0.25440836 0.35589647
v -0.06793473 -0.25440836 0.35589647
v -0.06793473 -0.25440836 0.38933513
v 0.06793473 -0.25087282 0.39287066
v -0.06793473 -0.25087282 0.39287066
v -0.07147026 -0.10339476 0.5548915
v -0.07147026 0.10882853 0.38933513
v -0.07147026 0.10882853 0.5548915
v -0.07147026 -0.10339476 0.38933513
v -0.07147026 0.077515736 0.35589647
v -0.07147026 -0.13779947 0.35589647
v -0.07147026 -0.25087282 0.38933513
v -0.07147026 -0.25087282 0.35589647
v -0.06793473 -0.25440836 0.35589647
v -0.06793473 -0.25440836 0.38933513
v -0.06793473 -0.25087282 0.39287066
v -0.06793473 -0.10339476 0.39287066
v -0.06793473 -0.10339476 0.39287066
v 0.06793473 -0.10339476 0.39287066
v -0.06793473 -0.25087282 0.39287066
v 0.06793473 -0.25087282 0.39287066
v -0.07147026 0.10882853 0.38933513
v 0.07147026 0.077515736 0.35589647
v 0.07147026 0.10882853 0.38933513
v -0.07147026 0.077515736 0.35589647
v -0.07147026 -0.10339476 0.5548915
v -0.06793473 -0.10339476 0.39287066
v -0.07147026 -0.10339476 0.38933513
v 0.06793473 -0.10339476 0.39287066
v 0.07147026 -0.10339476 0.5548915
v 0.07147026 -0.10339476 0.38933513
v -0.06793473 -0.25440836 0.35589647
v 0.06793473 -0.25440836 0.35589647
v 0.07147026 -0.25087282 0.35589647
v -0.07147026 -0.25087282 0.35589647
v 0.07147026 -0.13779949 0.35589647
v -0.07147026 -0.13779947 0.35589647
v 0.07147026 0.077515736 0.35589647
v -0.07147026 0.077515736 0.35589647
v 0.07147026 -0.24104995 0.35589647
v 0.07147026 -0.06591047 0.35589647
v 0.07147026 -0.09218875 0.33019984
v 0.07147026 -0.24104995 0.33019984
v 0.06793473 -0.24458548 0.35589647
v 0.06793473 -0.24458548 0.33019984
v 0.06793473 -0.24458548 0.35589647
v -0.06793473 -0.24458548 0.33019984
v -0.06793473 -0.24458548 0.35589647
v 0.06793473 -0.24458548 0.33019984
v -0.07147026 -0.24104995 0.35589647
v -0.07147026 -0.09218875 0.33019984
v -0.07147026 -0.06591047 0.35589647
v -0.07147026 -0.24104995 0.33019984
v -0.06793473 -0.24458548 0.33019984
v -0.06793473 -0.24458548 0.35589647
v -0.06793473 -0.24458548 0.33019984
v 0.06793473 -0.24458548 0.33019984
v 0.07147026 -0.24104995 0.33019984
v -0.07147026 -0.24104995 0.33019984
v 0.07147026 -0.09218875 0.33019984
v -0.07147026 -0.09218875 0.33019984
v -0.07147026 -0.09218875 0.33019984
v 0.07147026 -0.09218875 0.33019984
v 0.07147026 -0.06591047 0.35589647
v -0.07147026 -0.06591047 0.35589647
v -0.069198176 -0.20172723 0.436712
v -0.05378496 -0.21123675 0.436712
v -0.05378496 -0.21123675 0.41937384
v -0.069198176 -0.20172723 0.41937384
v -0.05378496 -0.21123675 0.4768108
v -0.05378496 -0.21123675 0.45947272
v -0.069198176 -0.20172723 0.4768108
v -0.069198176 -0.20172723 0.45947272
v -0.05777766 -0.41047424 0.33843374
v -0.052203372 -0.41047424 0.34400803
v -0.05220339 -0.28165117 0.34400803
v -0.057777677 -0.28165117 0.33843374
v -0.063351944 -0.41047424 0.34400803
v -0.06335196 -0.28165117 0.34400803
v -0.05777766 -0.41047424 0.3495823
v -0.063351944 -0.41047424 0.34400803
v -0.06335196 -0.28165117 0.34400803
v -0.057777677 -0.28165117 0.3495823
v -0.052203372 -0.41047424 0.34400803
v -0.05220339 -0.28165117 0.34400803
v -0.057777677 -0.28165117 0.33843374
v -0.05220339 -0.28165117 0.34400803
v -0.057777677 -0.28165117 0.3495823
v -0.06335196 -0.28165117 0.34400803
v -0.029712921 -0.31216064 0.3486991
v -0.029712941 -0.2537901 0.34869906
v -0.027007446 -0.2537901 0.344013
v -0.02700744 -0.31216067 0.344013
v -0.029712927 -0.31216067 0.33932698
v -0.029712928 -0.2537901 0.33932698
v -0.035123907 -0.31216067 0.33932698
v -0.029712927 -0.31216067 0.33932698
v -0.029712928 -0.2537901 0.33932698
v -0.035123926 -0.2537901 0.33932692
v -0.035123907 -0.31216067 0.33932698
v -0.035123926 -0.2537901 0.33932692
v -0.037829407 -0.2537901 0.344013
v -0.037829403 -0.31216067 0.344013
v -0.03512392 -0.31216067 0.34869906
v -0.035123922 -0.2537901 0.34869906
v -0.03755968 -0.25420472 0.3351081
v -0.027277157 -0.25420472 0.3351081
v -0.027277157 -0.2390274 0.3351081
v -0.03755968 -0.2390274 0.3351081
v -0.029712921 -0.31216064 0.3486991
v -0.035123922 -0.2537901 0.34869906
v -0.029712941 -0.2537901 0.34869906
v -0.03512392 -0.31216067 0.34869906
v -0.022135898 -0.2390274 0.344013
v -0.027277157 -0.2390274 0.3351081
v -0.027277157 -0.25420472 0.3351081
v -0.022135898 -0.25420472 0.344013
v -0.027277166 -0.25420472 0.35291794
v -0.027277151 -0.2390274 0.35291797
v -0.027277151 -0.2390274 0.35291797
v -0.027277166 -0.25420472 0.35291794
v -0.037559696 -0.2390274 0.35291794
v -0.037559696 -0.25420472 0.35291794
v -0.042700954 -0.25420472 0.344013
v -0.03755968 -0.25420472 0.3351081
v -0.03755968 -0.2390274 0.3351081
v -0.042700954 -0.2390274 0.344013
v -0.037559696 -0.25420472 0.35291794
v -0.037559696 -0.2390274 0.35291794
v -0.037559696 -0.25420472 0.35291794
v -0.027277166 -0.25420472 0.35291794
v -0.022135898 -0.25420472 0.344013
v -0.03755968 -0.25420472 0.3351081
v -0.027277157 -0.25420472 0.3351081
v -0.042700954 -0.25420472 0.344013
v 0.07123624 -0.2697361 0.5506286
v 0.057356033 -0.2312847 0.556378
v 0.07123624 -0.2312847 0.5506286
v 0.057356033 -0.2697361 0.556378
v 0.043475825 -0.2312847 0.5506286
v 0.043475825 -0.2697361 0.5506286
v 0.07123624 -0.2312847 0.5506286
v 0.07698561 -0.2697361 0.5367484
v 0.07123624 -0.2697361 0.5506286
v 0.07698561 -0.2312847 0.5367484
v 0.07123624 -0.2697361 0.5228682
v 0.07123624 -0.2312847 0.5228682
v 0.057356033 -0.2697361 0.5171188
v 0.07123624 -0.2697361 0.5228682
v 0.07123624 -0.2312847 0.5228682
v 0.057356033 -0.2312847 0.5171188
v 0.043475825 -0.2697361 0.5228682
v 0.043475825 -0.2312847 0.5228682
v 0.037726454 -0.2697361 0.5367484
v 0.043475825 -0.2697361 0.5228682
v 0.043475825 -0.2312847 0.5228682
v 0.037726454 -0.2312847 0.5367484
v 0.043475825 -0.2697361 0.5506286
v 0.043475825 -0.2312847 0.5506286
v 0.057356033 -0.2697361 0.556378
v 0.07123624 -0.2697361 0.5506286
v 0.06827539 -0.26440537 0.5476678
v 0.057356033 -0.26440537 0.5521908
v 0.04643667 -0.26440537 0.5476678
v 0.043475825 -0.2697361 0.5506286
v 0.07698561 -0.2697361 0.5367484
v 0.06827539 -0.26440537 0.5476678
v 0.07123624 -0.2697361 0.5506286
v 0.07279835 -0.26440537 0.5367484
v 0.06827539 -0.26440537 0.525829
v 0.07123624 -0.2697361 0.5228682
v 0.06827539 -0.26440537 0.525829
v 0.07123624 -0.2697361 0.5228682
v 0.057356033 -0.2697361 0.5171188
v 0.057356033 -0.26440537 0.52130604
v 0.04643667 -0.26440537 0.525829
v 0.043475825 -0.2697361 0.5228682
v 0.037726454 -0.2697361 0.5367484
v 0.04643667 -0.26440537 0.525829
v 0.043475825 -0.2697361 0.5228682
v 0.041913718 -0.26440537 0.5367484
v 0.04643667 -0.26440537 0.5476678
v 0.043475825 -0.2697361 0.5506286
v 0.06761627 -0.2312847 0.54700863
v 0.057356033 -0.17707123 0.5512585
v 0.06761627 -0.17707123 0.54700863
v 0.057356033 -0.2312847 0.5512585
v 0.04709579 -0.17707123 0.54700863
v 0.04709579 -0.2312847 0.54700863
v 0.06761627 -0.17707123 0.54700863
v 0.07186622 -0.2312847 0.5367484
v 0.06761627 -0.2312847 0.54700863
v 0.07186622 -0.17707123 0.5367484
v 0.06761627 -0.2312847 0.5264882
v 0.06761627 -0.17707123 0.5264882
v 0.057356033 -0.2312847 0.5222382
v 0.06761627 -0.2312847 0.5264882
v 0.06761627 -0.17707123 0.5264882
v 0.057356033 -0.17707123 0.5222382
v 0.04709579 -0.2312847 0.5264882
v 0.04709579 -0.17707123 0.5264882
v 0.042845853 -0.2312847 0.5367484
v 0.04709579 -0.2312847 0.5264882
v 0.04709579 -0.17707123 0.5264882
v 0.042845853 -0.17707123 0.5367484
v 0.04709579 -0.2312847 0.54700863
v 0.04709579 -0.17707123 0.54700863
v 0.057356033 -0.2312847 0.5171188
v 0.07123624 -0.2312847 0.5228682
v 0.043475825 -0.2312847 0.5228682
v 0.07123624 -0.2312847 0.5506286
v 0.07698561 -0.2312847 0.5367484
v 0.043475825 -0.2312847 0.5506286
v 0.037726454 -0.2312847 0.5367484
v 0.057356033 -0.2312847 0.556378
v 0.07123624 -0.27572188 0.6091788
v 0.057356033 -0.17707123 0.6149281
v 0.07123624 -0.17707123 0.6091788
v 0.057356033 -0.27572188 0.6149281
v 0.043475825 -0.17707123 0.6091788
v 0.043475825 -0.27572188 0.6091788
v 0.07123624 -0.17707123 0.6091788
v 0.07698561 -0.27572188 0.5952986
v 0.07123624 -0.27572188 0.6091788
v 0.07698561 -0.17707123 0.5952986
v 0.07123624 -0.27572188 0.5814184
v 0.07123624 -0.17707123 0.5814184
v 0.057356033 -0.27572188 0.575669
v 0.07123624 -0.27572188 0.5814184
v 0.07123624 -0.17707123 0.5814184
v 0.057356033 -0.17707123 0.575669
v 0.043475825 -0.27572188 0.5814184
v 0.043475825 -0.17707123 0.5814184
v 0.037726454 -0.27572188 0.5952986
v 0.043475825 -0.27572188 0.5814184
v 0.043475825 -0.17707123 0.5814184
v 0.037726454 -0.17707123 0.5952986
v 0.043475825 -0.27572188 0.6091788
v 0.043475825 -0.17707123 0.6091788
v 0.027461005 -0.26695684 0.5657463
v 0.027460987 -0.17078896 0.5657463
v 0.030166484 -0.17078896 0.5610602
v 0.030166486 -0.26695687 0.5610602
v 0.027461004 -0.26695687 0.5563742
v 0.027461 -0.17078896 0.5563742
v 0.022050023 -0.26695687 0.5563742
v 0.027461004 -0.26695687 0.5563742
v 0.027461 -0.17078896 0.5563742
v 0.022050003 -0.17078896 0.5563742
v 0.019344527 -0.26695687 0.56106025
v 0.022050023 -0.26695687 0.5563742
v 0.022050003 -0.17078896 0.5563742
v 0.019344522 -0.17078896 0.56106025
v 0.02205001 -0.26695687 0.5657463
v 0.022050008 -0.17078896 0.5657463
v 0.027461005 -0.26695684 0.5657463
v 0.022050008 -0.17078896 0.5657463
v 0.027460987 -0.17078896 0.5657463
v 0.02205001 -0.26695687 0.5657463
v 0.022050023 -0.26695687 0.5563742
v 0.030166486 -0.26695687 0.5610602
v 0.027461004 -0.26695687 0.5563742
v 0.02205001 -0.26695687 0.5657463
v 0.019344527 -0.26695687 0.56106025
v 0.027461005 -0.26695684 0.5657463
v 0.14690325 0.013066519 0.5445663
v 0.07147026 0.013066519 0.5445663
v 0.07147026 0.013066519 0.44085428
v 0.14690325 0.013066519 0.44085428
v 0.07147026 -0.076924175 0.5445663
v 0.14690325 -0.076924175 0.5445663
v 0.14690325 -0.076924175 0.44085428
v 0.07147026 -0.076924175 0.44085428
v 0.14690325 -0.076924175 0.44085428
v 0.07147026 0.013066519 0.44085428
v 0.07147026 -0.076924175 0.44085428
v 0.14690325 0.013066519 0.44085428
v 0.07147026 0.013066519 0.5445663
v 0.14690325 0.013066519 0.5445663
v 0.07147026 -0.076924175 0.5445663
v 0.14690325 -0.076924175 0.5445663
v 0.18284771 0.19221361 0.48605266
v 0.17254436 0.159498 0.48010403
v 0.18284771 0.159498 0.48605266
v 0.17254436 0.19221361 0.48010403
v 0.16224101 0.159498 0.48605266
v 0.16224101 0.19221361 0.48605266
v 0.18284771 0.19221361 0.49794993
v 0.18284771 0.159498 0.48605266
v 0.18284771 0.159498 0.49794993
v 0.18284771 0.19221361 0.48605266
v 0.17254436 0.19221361 0.50389856
v 0.18284771 0.19221361 0.49794993
v 0.18284771 0.159498 0.49794993
v 0.17254436 0.159498 0.50389856
v 0.16224101 0.19221361 0.49794993
v 0.16224101 0.159498 0.49794993
v 0.16224101 0.159498 0.49794993
v 0.16224101 0.19221361 0.48605266
v 0.16224101 0.19221361 0.49794993
v 0.16224101 0.159498 0.48605266
v 0.18284771 0.19221361 0.49794993
v 0.17254436 0.19221361 0.48010403
v 0.18284771 0.19221361 0.48605266
v 0.16224101 0.19221361 0.49794993
v 0.16224101 0.19221361 0.48605266
v 0.17254436 0.19221361 0.50389856
v 0.16491257 0.19810112 0.4955574
v 0.1620404 0.21007329 0.48395514
v 0.17700008 0.21294703 0.48263946
v 0.18003733 0.19953798 0.49489954
v 0.18087533 0.18045108 0.49808615
v 0.16558541 0.18045108 0.49808615
v 0.1663339 0.22524856 0.4399961
v 0.17700008 0.21294703 0.48263946
v 0.1620404 0.21007329 0.48395514
v 0.15185224 0.2215071 0.4431685
v 0.137165 0.22261374 0.38709387
v 0.15122943 0.22642398 0.38246197
v 0.11832973 0.21292049 0.3335236
v 0.13177943 0.21643448 0.3271566
v 0.12929691 0.20174772 0.3321656
v 0.14775176 0.2112576 0.38466215
v 0.11256584 0.18911195 0.29496732
v 0.10154712 0.2002435 0.29624432
v 0.11195562 0.20132452 0.28509644
v 0.09069724 0.19127603 0.28745311
v 0.095885895 0.1874543 0.27419117
v 0.090503424 0.16985936 0.291809
v 0.10151234 0.179494 0.2860694
v 0.0791117 0.17236683 0.28127828
v 0.06806204 0.16200538 0.30847126
v 0.08296164 0.16275783 0.31340984
v 0.05717598 0.15111607 0.3536253
v 0.07243895 0.15221667 0.35720083
v 0.04754207 0.14174034 0.40341222
v 0.06285351 0.14303128 0.4067058
v 0.040013928 0.12595657 0.4421534
v 0.054156836 0.12979943 0.44767073
v 0.04044622 0.11187482 0.45835483
v 0.0508443 0.116826914 0.46774122
v 0.041396912 0.13812512 0.45107576
v 0.05293126 0.15506516 0.40862632
v 0.10151234 0.179494 0.2860694
v 0.090503424 0.16985936 0.291809
v 0.080495544 0.18190071 0.2931514
v 0.09069724 0.19127603 0.28745311
v 0.10154712 0.2002435 0.29624432
v 0.11256584 0.18911195 0.29496732
v 0.07243895 0.15221667 0.35720083
v 0.06285351 0.14303128 0.4067058
v 0.05293126 0.15506516 0.40862632
v 0.06289353 0.16468889 0.35773245
v 0.08296164 0.16275783 0.31340984
v 0.07336484 0.17518084 0.3141342
v 0.090503424 0.16985936 0.291809
v 0.080495544 0.18190071 0.2931514
v 0.04754207 0.14174034 0.40341222
v 0.05717598 0.15111607 0.3536253
v 0.06806204 0.16200538 0.30847126
v 0.0791117 0.17236683 0.28127828
v 0.09069724 0.19127603 0.28745311
v 0.095885895 0.1874543 0.27419117
v 0.040013928 0.12595657 0.4421534
v 0.041396912 0.13812512 0.45107576
v 0.0364881 0.12098026 0.46851084
v 0.04044622 0.11187482 0.45835483
v 0.03408967 0.09555678 0.4779715
v 0.041300237 0.09555678 0.464549
v 0.0508443 0.116826914 0.46774122
v 0.049751893 0.09555678 0.47779757
v 0.10151234 0.179494 0.2860694
v 0.11256584 0.18911195 0.29496732
v 0.11195562 0.20132452 0.28509644
v 0.13177943 0.21643448 0.3271566
v 0.12929691 0.20174772 0.3321656
v 0.15122943 0.22642398 0.38246197
v 0.14775176 0.2112576 0.38466215
v 0.1663339 0.22524856 0.4399961
v 0.1618431 0.21024922 0.4386522
v 0.137165 0.22261374 0.38709387
v 0.15185224 0.2215071 0.4431685
v 0.1707017 0.20122899 0.4742745
v 0.17700008 0.21294703 0.48263946
v 0.17306569 0.19367896 0.48385212
v 0.1620404 0.21007329 0.48395514
v 0.18003733 0.19953798 0.49489954
v 0.16491257 0.19810112 0.4955574
v 0.18087533 0.18045108 0.49808615
v 0.16558541 0.18045108 0.49808615
v 0.17323038 0.18045108 0.48435634
v 0.0508443 0.116826914 0.46774122
v 0.049751893 0.09555678 0.47779757
v 0.03408967 0.09555678 0.4779715
v 0.0364881 0.12098026 0.46851084
v 0.041396912 0.13812512 0.45107576
v 0.054156836 0.12979943 0.44767073
v 0.001098583 0.12162653 0.4473471
v 0.0012663044 0.09555678 0.46031737
v 0.008861452 0.09555678 0.44666037
v 0.008244593 0.112098224 0.43709528
v 0.0035086502 0.14477412 0.40363902
v 0.016344335 0.12049819 0.44762093
v 0.01654817 0.09555678 0.46031737
v 0.018724538 0.1433897 0.40422305
v 0.0103045255 0.13224319 0.39702496
v 0.021908889 0.15541926 0.35544294
v 0.0067434977 0.15696914 0.35429278
v 0.0130519075 0.14284103 0.3531436
v 0.024618272 0.15589137 0.32016212
v 0.015037626 0.1437771 0.32128638
v 0.009577772 0.15788674 0.31839135
v 0.027313586 0.1405877 0.28826526
v 0.0123716425 0.14275548 0.28592402
v 0.017138148 0.12987402 0.29285148
v 0.030017786 0.117436044 0.26250017
v 0.015010425 0.11865771 0.25993192
v 0.02002041 0.10932126 0.27090076
v 0.033329967 0.077401996 0.23486589
v 0.018307034 0.078073785 0.2321063
v 0.02336092 0.071033746 0.24518988
v 0.035251137 0.047710985 0.22032449
v 0.025215076 0.042442612 0.23114656
v 0.020250017 0.04802577 0.2174065
v 0.016344335 0.12049819 0.44762093
v 0.01654817 0.09555678 0.46031737
v 0.0012663044 0.09555678 0.46031737
v 0.001098583 0.12162653 0.4473471
v 0.0035086502 0.14477412 0.40363902
v 0.016344335 0.12049819 0.44762093
v 0.001098583 0.12162653 0.4473471
v 0.018724538 0.1433897 0.40422305
v 0.0067434977 0.15696914 0.35429278
v 0.021908889 0.15541926 0.35544294
v 0.024618272 0.15589137 0.32016212
v 0.009577772 0.15788674 0.31839135
v 0.027313586 0.1405877 0.28826526
v 0.0123716425 0.14275548 0.28592402
v 0.030017786 0.117436044 0.26250017
v 0.015010425 0.11865771 0.25993192
v 0.030017786 0.117436044 0.26250017
v 0.015010425 0.11865771 0.25993192
v 0.018307034 0.078073785 0.2321063
v 0.033329967 0.077401996 0.23486589
v 0.020250017 0.04802577 0.2174065
v 0.035251137 0.047710985 0.22032449
v 0.008191954 0.15222043 0.42268685
v 0.013563532 0.13527694 0.46109763
v -0.0016319163 0.13370116 0.4617359
v -0.006819509 0.15001489 0.42451057
v -0.013843998 0.14804502 0.37149298
v 0.0010500074 0.15026073 0.36886886
v -0.020740593 0.13361311 0.32122946
v -0.0059316144 0.13567008 0.3180507
v -0.027118906 0.10727979 0.27491283
v -0.012326956 0.109243035 0.2715719
v -0.029364834 0.07187357 0.23915796
v -0.014549162 0.07406116 0.23603831
v -0.00053292856 0.11985648 0.4723127
v 0.0007873662 0.09555678 0.47825873
v 0.008444135 0.09555678 0.46457344
v 0.007364086 0.11633681 0.45918158
v -0.0016319163 0.13370116 0.4617359
v 0.014748166 0.12035663 0.47246954
v 0.01607632 0.09555678 0.47825873
v 0.013563532 0.13527694 0.46109763
v 0.0065418724 0.12490219 0.45157957
v -0.006819509 0.15001489 0.42451057
v 0.008191954 0.15222043 0.42268685
v 0.0024089 0.13776198 0.42086363
v -0.013843998 0.14804502 0.37149298
v -0.0040147677 0.13573948 0.37198204
v 0.0010500074 0.15026073 0.36886886
v -0.020740593 0.13361311 0.32122946
v -0.010485612 0.12209907 0.32448366
v -0.0059316144 0.13567008 0.3180507
v -0.027118906 0.10727979 0.27491283
v -0.016443886 0.097433716 0.28105384
v -0.012326956 0.109243035 0.2715719
v -0.029364834 0.07187357 0.23915796
v -0.018456684 0.06505301 0.24828331
v -0.014549162 0.07406116 0.23603831
v -0.02706294 0.041302614 0.223198
v -0.012268575 0.043773368 0.22022624
v -0.016375035 0.03740949 0.23385231
v -0.012268575 0.043773368 0.22022624
v -0.014549162 0.07406116 0.23603831
v -0.029364834 0.07187357 0.23915796
v -0.02706294 0.041302614 0.223198
v 0.013563532 0.13527694 0.46109763
v -0.00053292856 0.11985648 0.4723127
v -0.0016319163 0.13370116 0.4617359
v 0.014748166 0.12035663 0.47246954
v 0.0007873662 0.09555678 0.47825873
v 0.01607632 0.09555678 0.47825873
v 0.16706102 -0.2251628 0.5706901
v 0.16706102 -0.24824746 0.5599314
v 0.16706102 -0.24824746 0.5706901
v 0.16706102 -0.2251628 0.5599314
v 0.17802778 -0.24824746 0.5599314
v 0.16706102 -0.2251628 0.5599314
v 0.17802778 -0.2251628 0.5599314
v 0.16706102 -0.24824746 0.5599314
v 0.19614808 -0.24824746 0.56680584
v 0.17802778 -0.24824746 0.5599314
v 0.17802778 -0.24824746 0.5706901
v 0.19614808 -0.24824746 0.52549344
v 0.14894071 -0.24824746 0.52549344
v 0.16706102 -0.24824746 0.5599314
v 0.14894071 -0.24824746 0.56680584
v 0.16706102 -0.24824746 0.5706901
v 0.16706102 -0.2251628 0.5706901
v 0.14894071 -0.24824746 0.56680584
v 0.14894071 -0.2251628 0.56680584
v 0.16706102 -0.24824746 0.5706901
v 0.19614808 -0.2251628 0.56680584
v 0.17802778 -0.24824746 0.5706901
v 0.17802778 -0.2251628 0.5706901
v 0.19614808 -0.24824746 0.56680584
v 0.19614808 -0.24824746 0.56680584
v 0.19614808 -0.2251628 0.56680584
v 0.19614808 -0.24824746 0.52549344
v 0.19614808 -0.2251628 0.52549344
v 0.14894071 -0.2251628 0.56680584
v 0.16706102 -0.2251628 0.5599314
v 0.16706102 -0.2251628 0.5706901
v 0.14894071 -0.2251628 0.52549344
v 0.19614808 -0.2251628 0.52549344
v 0.17802778 -0.2251628 0.5599314
v 0.19614808 -0.2251628 0.56680584
v 0.17802778 -0.2251628 0.5706901
v 0.17802778 -0.24824746 0.5706901
v 0.17802778 -0.2251628 0.5599314
v 0.17802778 -0.2251628 0.5706901
v 0.17802778 -0.24824746 0.5599314
v 0.14894071 -0.2251628 0.56680584
v 0.14894071 -0.24824746 0.56680584
v 0.14894071 -0.2251628 0.52549344
v 0.14894071 -0.24824746 0.52549344
v 0.20598215 -0.109650336 0.5258828
v 0.20598215 -0.12175691 0.5258828
v 0.19064076 -0.12175691 0.5361335
v 0.19064076 -0.109650336 0.5361335
v 0.1725444 -0.12175691 0.5397331
v 0.1725444 -0.109650336 0.5397331
v 0.154448 -0.12175691 0.5361335
v 0.154448 -0.109650336 0.5361335
v 0.13910663 -0.12175691 0.5258828
v 0.13910663 -0.109650336 0.5258828
v 0.20598215 -0.109650336 0.5258828
v 0.21623294 -0.109650336 0.51054144
v 0.20598215 -0.12175691 0.5258828
v 0.21623294 -0.12175691 0.51054144
v 0.21983252 -0.109650336 0.492445
v 0.21983252 -0.12175691 0.492445
v 0.21623294 -0.109650336 0.4743486
v 0.21623294 -0.12175691 0.4743486
v 0.20598215 -0.109650336 0.45900717
v 0.20598215 -0.12175691 0.45900717
v 0.13910663 -0.12175691 0.45900717
v 0.13910663 -0.109650336 0.45900717
v 0.12885581 -0.109650336 0.4743486
v 0.12885581 -0.12175691 0.4743486
v 0.12525624 -0.109650336 0.492445
v 0.12525624 -0.12175691 0.492445
v 0.12885581 -0.109650336 0.51054144
v 0.12885581 -0.12175691 0.51054144
v 0.13910663 -0.109650336 0.5258828
v 0.13910663 -0.12175691 0.5258828
v 0.20598215 -0.12175691 0.45900717
v 0.20598215 -0.109650336 0.45900717
v 0.19064076 -0.109650336 0.4487564
v 0.19064076 -0.12175691 0.4487564
v 0.1725444 -0.109650336 0.44515684
v 0.1725444 -0.12175691 0.44515684
v 0.154448 -0.109650336 0.4487564
v 0.154448 -0.12175691 0.4487564
v 0.13910663 -0.109650336 0.45900717
v 0.13910663 -0.12175691 0.45900717
v 0.23990826 -0.081409894 0.4645419
v 0.22410245 -0.081409894 0.4408869
v 0.23990826 -0.10480598 0.4645419
v 0.22410245 -0.10480598 0.4408869
v 0.120986305 -0.10480598 0.4408869
v 0.14464134 -0.10480598 0.4250811
v 0.120986305 -0.081409894 0.4408869
v 0.14464134 -0.081409894 0.4250811
v 0.24404453 0.00041218288 0.51764256
v 0.24014099 0.015497243 0.5200009
v 0.25183398 0.015497243 0.5200009
v 0.23444752 0.00041218288 0.51764256
v 0.120986305 -0.081409894 0.5440031
v 0.120986305 -0.10480598 0.5440031
v 0.10518048 -0.10480598 0.52034813
v 0.10518048 -0.081409894 0.52034813
v 0.09963024 -0.10480598 0.492445
v 0.09963024 -0.081409894 0.492445
v 0.10518048 -0.10480598 0.4645419
v 0.10518048 -0.081409894 0.4645419
v 0.120986305 -0.10480598 0.4408869
v 0.120986305 -0.081409894 0.4408869
v 0.12516578 -0.066324845 0.5515159
v 0.120986305 -0.081409894 0.55941916
v 0.120986305 -0.081409894 0.5440031
v 0.12516578 -0.066324845 0.53937995
v 0.25183398 0.038893297 0.46400183
v 0.24014099 0.015497243 0.46400183
v 0.25183398 0.015497243 0.46400183
v 0.24014099 0.038893297 0.46400183
v 0.22410245 -0.081409894 0.5440031
v 0.23990826 -0.081409894 0.52034813
v 0.22410245 -0.10480598 0.5440031
v 0.23990826 -0.10480598 0.52034813
v 0.2004474 -0.10480598 0.4250811
v 0.22410245 -0.10480598 0.4408869
v 0.2004474 -0.081409894 0.4250811
v 0.22410245 -0.081409894 0.4408869
v 0.120986305 -0.10480598 0.55941916
v 0.120986305 -0.081409894 0.5440031
v 0.120986305 -0.081409894 0.55941916
v 0.120986305 -0.10480598 0.5440031
v 0.120986305 -0.081409894 0.4408869
v 0.14464134 -0.081409894 0.4250811
v 0.12516578 -0.066324845 0.44462267
v 0.14690323 -0.066324845 0.43009812
v 0.12516578 -0.066324845 0.53937995
v 0.120986305 -0.081409894 0.5440031
v 0.10518048 -0.081409894 0.52034813
v 0.11064121 -0.066324845 0.51764256
v 0.09963024 -0.081409894 0.492445
v 0.105540894 -0.066324845 0.4920013
v 0.11064121 -0.066324845 0.46636015
v 0.10518048 -0.081409894 0.4645419
v 0.12516578 -0.066324845 0.44462267
v 0.120986305 -0.081409894 0.4408869
v 0.24014099 0.015497243 0.46400183
v 0.23444752 0.00041218288 0.46636015
v 0.24404453 0.00041218288 0.46636015
v 0.25183398 0.015497243 0.46400183
v 0.21992297 -0.066324845 0.53937995
v 0.23444752 -0.066324845 0.51764256
v 0.23990826 -0.081409894 0.52034813
v 0.22410245 -0.081409894 0.5440031
v 0.14464134 -0.10480598 0.4250811
v 0.14464134 -0.081409894 0.4133881
v 0.14464134 -0.081409894 0.4250811
v 0.14464134 -0.10480598 0.4133881
v 0.2004474 -0.081409894 0.4250811
v 0.22410245 -0.081409894 0.4408869
v 0.21992297 -0.066324845 0.44462267
v 0.19818547 -0.066324845 0.43009812
v 0.12516578 -0.066324845 0.5515159
v 0.12516578 0.00041218288 0.53937995
v 0.12516578 0.00041218288 0.5515159
v 0.12516578 -0.066324845 0.53937995
v 0.23444752 -0.066324845 0.46636015
v 0.21992297 -0.066324845 0.44462267
v 0.23990826 -0.081409894 0.4645419
v 0.22410245 -0.081409894 0.4408869
v 0.20054378 0.015497243 0.41271162
v 0.19818547 0.00041218288 0.42050108
v 0.20054378 0.015497243 0.42440462
v 0.19818547 0.00041218288 0.43009812
v 0.21992297 0.00041218288 0.5515159
v 0.22428054 0.015497243 0.55915356
v 0.22428054 0.015497243 0.54373753
v 0.21992297 0.00041218288 0.53937995
v 0.14690323 -0.066324845 0.43009812
v 0.14690323 0.00041218288 0.42050108
v 0.14690323 0.00041218288 0.43009812
v 0.14690323 -0.066324845 0.42050108
v 0.21992297 -0.066324845 0.44462267
v 0.23444752 -0.066324845 0.46636015
v 0.21992297 0.00041218288 0.44462267
v 0.23444752 0.00041218288 0.46636015
v 0.23990826 -0.081409894 0.52034813
v 0.23444752 -0.066324845 0.51764256
v 0.24404453 -0.066324845 0.51764256
v 0.25160128 -0.081409894 0.52034813
v 0.12516578 -0.066324845 0.44462267
v 0.14690323 -0.066324845 0.43009812
v 0.12516578 0.00041218288 0.44462267
v 0.14690323 0.00041218288 0.43009812
v 0.22428054 0.038893297 0.55915356
v 0.22428054 0.015497243 0.54373753
v 0.22428054 0.015497243 0.55915356
v 0.22428054 0.038893297 0.54373753
v 0.12516578 0.00041218288 0.53937995
v 0.12516578 -0.066324845 0.53937995
v 0.11064121 -0.066324845 0.51764256
v 0.11064121 0.00041218288 0.51764256
v 0.105540894 -0.066324845 0.4920013
v 0.105540894 0.00041218288 0.4920013
v 0.11064121 -0.066324845 0.46636015
v 0.11064121 0.00041218288 0.46636015
v 0.12516578 -0.066324845 0.44462267
v 0.12516578 0.00041218288 0.44462267
v 0.20054378 0.038893297 0.42440462
v 0.20054378 0.015497243 0.41271162
v 0.20054378 0.015497243 0.42440462
v 0.20054378 0.038893297 0.41271162
v 0.23444752 -0.066324845 0.51764256
v 0.21992297 -0.066324845 0.53937995
v 0.23444752 0.00041218288 0.51764256
v 0.21992297 0.00041218288 0.53937995
v 0.22410245 -0.081409894 0.55941916
v 0.22410245 -0.10480598 0.5440031
v 0.22410245 -0.10480598 0.55941916
v 0.22410245 -0.081409894 0.5440031
v 0.22428054 0.015497243 0.54373753
v 0.24014099 0.015497243 0.5200009
v 0.21992297 0.00041218288 0.53937995
v 0.23444752 0.00041218288 0.51764256
v 0.12516578 0.00041218288 0.44462267
v 0.1208082 0.015497243 0.44026512
v 0.10494775 0.015497243 0.46400183
v 0.11064121 0.00041218288 0.46636015
v 0.09937835 0.015497243 0.4920013
v 0.105540894 0.00041218288 0.4920013
v 0.11064121 0.00041218288 0.51764256
v 0.10494775 0.015497243 0.5200009
v 0.12516578 0.00041218288 0.53937995
v 0.1208082 0.015497243 0.54373753
v 0.19818547 0.00041218288 0.43009812
v 0.21992297 0.00041218288 0.44462267
v 0.20054378 0.015497243 0.42440462
v 0.22428054 0.015497243 0.44026512
v 0.1208082 0.015497243 0.55915356
v 0.1208082 0.038893297 0.54373753
v 0.1208082 0.038893297 0.55915356
v 0.1208082 0.015497243 0.54373753
v 0.14464134 -0.081409894 0.4133881
v 0.14690323 -0.066324845 0.42050108
v 0.14464134 -0.081409894 0.4250811
v 0.14690323 -0.066324845 0.43009812
v 0.19818547 -0.066324845 0.43009812
v 0.21992297 -0.066324845 0.44462267
v 0.19818547 0.00041218288 0.43009812
v 0.21992297 0.00041218288 0.44462267
v 0.24014099 0.015497243 0.46400183
v 0.22428054 0.015497243 0.44026512
v 0.21992297 0.00041218288 0.44462267
v 0.23444752 0.00041218288 0.46636015
v 0.12516578 0.00041218288 0.44462267
v 0.14690323 0.00041218288 0.43009812
v 0.14454493 0.015497243 0.42440462
v 0.1208082 0.015497243 0.44026512
v 0.24404453 -0.066324845 0.46636015
v 0.23990826 -0.081409894 0.4645419
v 0.25160128 -0.081409894 0.4645419
v 0.23444752 -0.066324845 0.46636015
v 0.25160128 -0.081409894 0.4645419
v 0.23990826 -0.10480598 0.4645419
v 0.25160128 -0.10480598 0.4645419
v 0.23990826 -0.081409894 0.4645419
v 0.21992297 0.00041218288 0.5515159
v 0.21992297 -0.066324845 0.53937995
v 0.21992297 -0.066324845 0.5515159
v 0.21992297 0.00041218288 0.53937995
v 0.1208082 0.038893297 0.54373753
v 0.1208082 0.015497243 0.54373753
v 0.10494775 0.015497243 0.5200009
v 0.10494775 0.038893297 0.5200009
v 0.09937835 0.015497243 0.4920013
v 0.09937835 0.038893297 0.4920013
v 0.10494775 0.015497243 0.46400183
v 0.10494775 0.038893297 0.46400183
v 0.1208082 0.015497243 0.44026512
v 0.1208082 0.038893297 0.44026512
v 0.21992297 -0.066324845 0.5515159
v 0.22410245 -0.081409894 0.5440031
v 0.22410245 -0.081409894 0.55941916
v 0.21992297 -0.066324845 0.53937995
v 0.22428054 0.038893297 0.54373753
v 0.24014099 0.038893297 0.5200009
v 0.22428054 0.015497243 0.54373753
v 0.24014099 0.015497243 0.5200009
v 0.2004474 -0.10480598 0.4133881
v 0.2004474 -0.10480598 0.4250811
v 0.2004474 -0.081409894 0.4250811
v 0.2004474 -0.081409894 0.4133881
v 0.20054378 0.015497243 0.42440462
v 0.22428054 0.015497243 0.44026512
v 0.20054378 0.038893297 0.42440462
v 0.22428054 0.038893297 0.44026512
v 0.24404453 0.00041218288 0.46636015
v 0.23444752 -0.066324845 0.46636015
v 0.24404453 -0.066324845 0.46636015
v 0.23444752 0.00041218288 0.46636015
v 0.12516578 0.00041218288 0.5515159
v 0.1208082 0.015497243 0.54373753
v 0.1208082 0.015497243 0.55915356
v 0.12516578 0.00041218288 0.53937995
v 0.24014099 0.038893297 0.46400183
v 0.22428054 0.038893297 0.44026512
v 0.24014099 0.015497243 0.46400183
v 0.22428054 0.015497243 0.44026512
v 0.1208082 0.038893297 0.44026512
v 0.1208082 0.015497243 0.44026512
v 0.14454493 0.015497243 0.42440462
v 0.14454493 0.038893297 0.42440462
v 0.1515151 0.057314552 0.5427703
v 0.13368738 0.038893294 0.5308583
v 0.13368738 0.057314552 0.5308583
v 0.1515151 0.038893294 0.5427703
v 0.17254438 0.057314552 0.5469533
v 0.17254438 0.038893294 0.5469533
v 0.19357362 0.057314552 0.5427703
v 0.19357362 0.038893294 0.5427703
v 0.21140134 0.057314552 0.5308583
v 0.21140134 0.038893294 0.5308583
v 0.2233135 0.038893294 0.470972
v 0.21140134 0.057314552 0.45314428
v 0.21140134 0.038893294 0.45314428
v 0.2233135 0.057314552 0.470972
v 0.22749645 0.038893294 0.4920013
v 0.22749645 0.057314552 0.4920013
v 0.2233135 0.038893294 0.51303065
v 0.2233135 0.057314552 0.51303065
v 0.21140134 0.038893294 0.5308583
v 0.21140134 0.057314552 0.5308583
v 0.13368738 0.038893294 0.45314428
v 0.1515151 0.038893294 0.44123217
v 0.13368738 0.057314552 0.45314428
v 0.1515151 0.057314552 0.44123217
v 0.17254438 0.038893294 0.43704924
v 0.17254438 0.057314552 0.43704924
v 0.19357362 0.038893294 0.44123217
v 0.19357362 0.057314552 0.44123217
v 0.21140134 0.038893294 0.45314428
v 0.21140134 0.057314552 0.45314428
v 0.13368738 0.057314552 0.5308583
v 0.13368738 0.038893294 0.5308583
v 0.12177526 0.038893294 0.51303065
v 0.12177526 0.057314552 0.51303065
v 0.117592275 0.038893294 0.4920013
v 0.117592275 0.057314552 0.4920013
v 0.12177526 0.038893294 0.470972
v 0.12177526 0.057314552 0.470972
v 0.13368738 0.038893294 0.45314428
v 0.13368738 0.057314552 0.45314428
v 0.25160128 -0.081409894 0.52034813
v 0.2571515 -0.081409894 0.492445
v 0.25160128 -0.10480598 0.52034813
v 0.2571515 -0.10480598 0.492445
v 0.25160128 -0.081409894 0.4645419
v 0.25160128 -0.10480598 0.4645419
v 0.2571515 -0.081409894 0.492445
v 0.25160128 -0.081409894 0.52034813
v 0.24404453 -0.066324845 0.51764256
v 0.24914482 -0.066324845 0.4920013
v 0.24404453 -0.066324845 0.46636015
v 0.25160128 -0.081409894 0.4645419
v 0.19818547 0.00041218288 0.43009812
v 0.19818547 -0.066324845 0.42050108
v 0.19818547 -0.066324845 0.43009812
v 0.19818547 0.00041218288 0.42050108
v 0.24404453 0.00041218288 0.51764256
v 0.24914482 0.00041218288 0.4920013
v 0.24404453 -0.066324845 0.51764256
v 0.24914482 -0.066324845 0.4920013
v 0.24404453 0.00041218288 0.46636015
v 0.24404453 -0.066324845 0.46636015
v 0.25740337 0.015497243 0.4920013
v 0.24404453 0.00041218288 0.51764256
v 0.25183398 0.015497243 0.5200009
v 0.24914482 0.00041218288 0.4920013
v 0.24404453 0.00041218288 0.46636015
v 0.25183398 0.015497243 0.46400183
v 0.25183398 0.038893297 0.5200009
v 0.25740337 0.038893297 0.4920013
v 0.25183398 0.015497243 0.5200009
v 0.25740337 0.015497243 0.4920013
v 0.25183398 0.038893297 0.46400183
v 0.25183398 0.015497243 0.46400183
v 0.25183398 0.015497243 0.5200009
v 0.24014099 0.038893297 0.5200009
v 0.25183398 0.038893297 0.5200009
v 0.24014099 0.015497243 0.5200009
v 0.25160128 -0.10480598 0.52034813
v 0.23990826 -0.081409894 0.52034813
v 0.25160128 -0.081409894 0.52034813
v 0.23990826 -0.10480598 0.52034813
v 0.14464134 -0.081409894 0.5752249
v 0.120986305 -0.10480598 0.55941916
v 0.120986305 -0.081409894 0.55941916
v 0.14464134 -0.10480598 0.5752249
v 0.1725444 -0.081409894 0.58077514
v 0.1725444 -0.10480598 0.58077514
v 0.2004474 -0.081409894 0.5752249
v 0.2004474 -0.10480598 0.5752249
v 0.22410245 -0.081409894 0.55941916
v 0.22410245 -0.10480598 0.55941916
v 0.2004474 -0.081409894 0.5752249
v 0.21992297 -0.066324845 0.5515159
v 0.22410245 -0.081409894 0.55941916
v 0.19818547 -0.066324845 0.5660403
v 0.1725444 -0.081409894 0.58077514
v 0.1725444 -0.066324845 0.57114065
v 0.14690323 -0.066324845 0.5660403
v 0.14464134 -0.081409894 0.5752249
v 0.12516578 -0.066324845 0.5515159
v 0.120986305 -0.081409894 0.55941916
v 0.24404453 -0.066324845 0.51764256
v 0.23444752 0.00041218288 0.51764256
v 0.24404453 0.00041218288 0.51764256
v 0.23444752 -0.066324845 0.51764256
v 0.12516578 0.00041218288 0.5515159
v 0.14690323 0.00041218288 0.5660403
v 0.12516578 -0.066324845 0.5515159
v 0.14690323 -0.066324845 0.5660403
v 0.1725444 0.00041218288 0.57114065
v 0.1725444 -0.066324845 0.57114065
v 0.19818547 0.00041218288 0.5660403
v 0.19818547 -0.066324845 0.5660403
v 0.21992297 0.00041218288 0.5515159
v 0.21992297 -0.066324845 0.5515159
v 0.14454493 0.015497243 0.5750138
v 0.12516578 0.00041218288 0.5515159
v 0.1208082 0.015497243 0.55915356
v 0.14690323 0.00041218288 0.5660403
v 0.1725444 0.015497243 0.5805833
v 0.1725444 0.00041218288 0.57114065
v 0.19818547 0.00041218288 0.5660403
v 0.20054378 0.015497243 0.5750138
v 0.21992297 0.00041218288 0.5515159
v 0.22428054 0.015497243 0.55915356
v 0.22428054 0.038893297 0.55915356
v 0.22428054 0.015497243 0.55915356
v 0.20054378 0.015497243 0.5750138
v 0.20054378 0.038893297 0.5750138
v 0.1725444 0.015497243 0.5805833
v 0.1725444 0.038893297 0.5805833
v 0.14454493 0.015497243 0.5750138
v 0.14454493 0.038893297 0.5750138
v 0.1208082 0.015497243 0.55915356
v 0.1208082 0.038893297 0.55915356
v 0.14464134 -0.10480598 0.4133881
v 0.1725444 -0.10480598 0.40783787
v 0.14464134 -0.081409894 0.4133881
v 0.1725444 -0.081409894 0.40783787
v 0.2004474 -0.10480598 0.4133881
v 0.2004474 -0.081409894 0.4133881
v 0.14690323 -0.066324845 0.42050108
v 0.14464134 -0.081409894 0.4133881
v 0.1725444 -0.081409894 0.40783787
v 0.1725444 -0.066324845 0.41540083
v 0.19818547 -0.066324845 0.42050108
v 0.2004474 -0.081409894 0.4133881
v 0.19818547 -0.066324845 0.42050108
v 0.19818547 0.00041218288 0.42050108
v 0.1725444 0.00041218288 0.41540083
v 0.1725444 -0.066324845 0.41540083
v 0.14690323 0.00041218288 0.42050108
v 0.14690323 -0.066324845 0.42050108
v 0.1725444 0.015497243 0.4071423
v 0.14454493 0.015497243 0.41271162
v 0.14690323 0.00041218288 0.42050108
v 0.1725444 0.00041218288 0.41540083
v 0.19818547 0.00041218288 0.42050108
v 0.20054378 0.015497243 0.41271162
v 0.14454493 0.015497243 0.41271162
v 0.1725444 0.015497243 0.4071423
v 0.14454493 0.038893297 0.41271162
v 0.1725444 0.038893297 0.4071423
v 0.20054378 0.015497243 0.41271162
v 0.20054378 0.038893297 0.41271162
v 0.2004474 -0.081409894 0.4250811
v 0.19818547 -0.066324845 0.43009812
v 0.19818547 -0.066324845 0.42050108
v 0.2004474 -0.081409894 0.4133881
v 0.14454493 0.015497243 0.42440462
v 0.14690323 0.00041218288 0.43009812
v 0.14690323 0.00041218288 0.42050108
v 0.14454493 0.015497243 0.41271162
v 0.14454493 0.015497243 0.42440462
v 0.14454493 0.038893297 0.41271162
v 0.14454493 0.038893297 0.42440462
v 0.14454493 0.015497243 0.41271162
v 0.18880084 0.07676053 0.50825775
v 0.19553451 0.07676053 0.49200127
v 0.18880084 0.057314556 0.50825775
v 0.19553451 0.057314556 0.49200127
v 0.18880084 0.07676053 0.4757448
v 0.18880084 0.057314556 0.4757448
v 0.15628788 0.057314556 0.4757448
v 0.15628788 0.07676053 0.4757448
v 0.14955422 0.07676053 0.49200127
v 0.14955422 0.057314556 0.49200127
v 0.15628788 0.057314556 0.50825775
v 0.15628788 0.07676053 0.50825775
v 0.18880084 0.057314556 0.4757448
v 0.18880084 0.07676053 0.4757448
v 0.17254438 0.07676053 0.46901116
v 0.17254438 0.057314556 0.46901116
v 0.15628788 0.07676053 0.4757448
v 0.15628788 0.057314556 0.4757448
v 0.17254438 0.07676053 0.5149914
v 0.18880084 0.07676053 0.50825775
v 0.18880084 0.057314556 0.50825775
v 0.17254438 0.057314556 0.5149914
v 0.15628788 0.057314556 0.50825775
v 0.15628788 0.07676053 0.50825775
v 0.14483185 0.13636075 0.51971376
v 0.15754645 0.13636075 0.5282094
v 0.14483185 0.07676053 0.51971376
v 0.15754645 0.07676053 0.5282094
v 0.17254438 0.13636075 0.53119266
v 0.17254438 0.07676053 0.53119266
v 0.18754226 0.13636075 0.5282094
v 0.18754226 0.07676053 0.5282094
v 0.20025685 0.13636075 0.51971376
v 0.20025685 0.07676053 0.51971376
v 0.20025685 0.07676053 0.46428877
v 0.20875253 0.07676053 0.4770034
v 0.20025685 0.13636075 0.46428877
v 0.20875253 0.13636075 0.4770034
v 0.21173576 0.07676053 0.4920013
v 0.21173576 0.13636075 0.4920013
v 0.20875253 0.07676053 0.50699925
v 0.20875253 0.13636075 0.50699925
v 0.20025685 0.07676053 0.51971376
v 0.20025685 0.13636075 0.51971376
v 0.14483185 0.07676053 0.46428877
v 0.15754645 0.07676053 0.45579314
v 0.14483185 0.13636075 0.46428877
v 0.15754645 0.13636075 0.45579314
v 0.17254438 0.07676053 0.45280993
v 0.17254438 0.13636075 0.45280993
v 0.18754226 0.07676053 0.45579314
v 0.18754226 0.13636075 0.45579314
v 0.20025685 0.07676053 0.46428877
v 0.20025685 0.13636075 0.46428877
v 0.14483185 0.13636075 0.51971376
v 0.14483185 0.07676053 0.51971376
v 0.13633624 0.07676053 0.50699925
v 0.13633624 0.13636075 0.50699925
v 0.13335295 0.07676053 0.4920013
v 0.13335295 0.13636075 0.4920013
v 0.13633624 0.07676053 0.4770034
v 0.13633624 0.13636075 0.4770034
v 0.14483185 0.07676053 0.46428877
v 0.14483185 0.13636075 0.46428877
v 0.18754226 0.13636075 0.45579314
v 0.20025685 0.13636075 0.46428877
v 0.19405246 0.159498 0.47049323
v 0.18418445 0.159498 0.4638996
v 0.17254438 0.13636075 0.45280993
v 0.17254438 0.159498 0.46158427
v 0.16090423 0.159498 0.4638996
v 0.15754645 0.13636075 0.45579314
v 0.15103623 0.159498 0.47049323
v 0.14483185 0.13636075 0.46428877
v 0.13633624 0.13636075 0.4770034
v 0.14483185 0.13636075 0.46428877
v 0.15103623 0.159498 0.47049323
v 0.14444266 0.159498 0.4803612
v 0.13335295 0.13636075 0.4920013
v 0.14212728 0.159498 0.4920013
v 0.14444266 0.159498 0.5036415
v 0.13633624 0.13636075 0.50699925
v 0.15103623 0.159498 0.5135094
v 0.14483185 0.13636075 0.51971376
v 0.20875253 0.13636075 0.50699925
v 0.20025685 0.13636075 0.51971376
v 0.19405246 0.159498 0.5135094
v 0.20064607 0.159498 0.5036415
v 0.21173576 0.13636075 0.4920013
v 0.2029614 0.159498 0.4920013
v 0.20064607 0.159498 0.4803612
v 0.20875253 0.13636075 0.4770034
v 0.19405246 0.159498 0.47049323
v 0.20025685 0.13636075 0.46428877
v 0.18754226 0.13636075 0.5282094
v 0.19405246 0.159498 0.5135094
v 0.20025685 0.13636075 0.51971376
v 0.18418445 0.159498 0.52010304
v 0.17254438 0.13636075 0.53119266
v 0.17254438 0.159498 0.5224184
v 0.16090423 0.159498 0.52010304
v 0.15754645 0.13636075 0.5282094
v 0.15103623 0.159498 0.5135094
v 0.14483185 0.13636075 0.51971376
v 0.15103623 0.159498 0.47049323
v 0.16090423 0.159498 0.4638996
v 0.17254438 0.159498 0.46158427
v 0.14444266 0.159498 0.4803612
v 0.17254438 0.159498 0.5224184
v 0.19405246 0.159498 0.47049323
v 0.18418445 0.159498 0.4638996
v 0.15103623 0.159498 0.5135094
v 0.16090423 0.159498 0.52010304
v 0.14444266 0.159498 0.5036415
v 0.14212728 0.159498 0.4920013
v 0.19405246 0.159498 0.5135094
v 0.18418445 0.159498 0.52010304
v 0.2029614 0.159498 0.4920013
v 0.20064607 0.159498 0.4803612
v 0.20064607 0.159498 0.5036415
v 0.21360567 -0.26341033 0.4754368
v 0.20397133 -0.24755195 0.46101803
v 0.20397133 -0.26341033 0.46101803
v 0.21360567 -0.24755195 0.4754368
v 0.21698879 -0.26341033 0.492445
v 0.21698879 -0.24755195 0.492445
v 0.21360567 -0.26341033 0.5094531
v 0.21360567 -0.24755195 0.5094531
v 0.20397133 -0.26341033 0.5238719
v 0.20397133 -0.24755195 0.5238719
v 0.14111745 -0.24755195 0.46101803
v 0.14111745 -0.26341033 0.46101803
v 0.15553625 -0.26341033 0.4513837
v 0.15553625 -0.24755195 0.4513837
v 0.17254438 -0.26341033 0.44800055
v 0.17254438 -0.24755195 0.44800055
v 0.18955253 -0.26341033 0.4513837
v 0.18955253 -0.24755195 0.4513837
v 0.20397133 -0.26341033 0.46101803
v 0.20397133 -0.24755195 0.46101803
v 0.14111745 -0.24755195 0.5238719
v 0.14111745 -0.26341033 0.5238719
v 0.13148311 -0.26341033 0.5094531
v 0.13148311 -0.24755195 0.5094531
v 0.12809998 -0.26341033 0.492445
v 0.12809998 -0.24755195 0.492445
v 0.13148311 -0.26341033 0.4754368
v 0.13148311 -0.24755195 0.4754368
v 0.14111745 -0.26341033 0.46101803
v 0.14111745 -0.24755195 0.46101803
v 0.20397133 -0.24755195 0.5238719
v 0.20397133 -0.26341033 0.5238719
v 0.18955253 -0.26341033 0.5335063
v 0.18955253 -0.24755195 0.5335063
v 0.17254438 -0.26341033 0.5368894
v 0.17254438 -0.24755195 0.5368894
v 0.15553625 -0.26341033 0.5335063
v 0.15553625 -0.24755195 0.5335063
v 0.14111745 -0.26341033 0.5238719
v 0.14111745 -0.24755195 0.5238719
v 0.22018422 -0.24755196 0.44480506
v 0.22018422 -0.2258583 0.44480506
v 0.19832689 -0.2258583 0.43020052
v 0.19832689 -0.24755196 0.43020052
v 0.1725444 -0.2258583 0.42507204
v 0.1725444 -0.24755196 0.42507204
v 0.1467619 -0.2258583 0.43020052
v 0.1467619 -0.24755196 0.43020052
v 0.12490455 -0.2258583 0.44480506
v 0.12490455 -0.24755196 0.44480506
v 0.1467619 -0.2258583 0.55468947
v 0.12490455 -0.24755196 0.5400848
v 0.12490455 -0.2258583 0.5400848
v 0.1467619 -0.24755196 0.55468947
v 0.1725444 -0.2258583 0.5598179
v 0.1725444 -0.24755196 0.5598179
v 0.19832689 -0.2258583 0.55468947
v 0.19832689 -0.24755196 0.55468947
v 0.22018422 -0.2258583 0.5400848
v 0.22018422 -0.24755196 0.5400848
v 0.23478885 -0.24755196 0.46666247
v 0.22018422 -0.2258583 0.44480506
v 0.22018422 -0.24755196 0.44480506
v 0.23478885 -0.2258583 0.46666247
v 0.23991731 -0.24755196 0.492445
v 0.23991731 -0.2258583 0.492445
v 0.23478885 -0.24755196 0.5182275
v 0.23478885 -0.2258583 0.5182275
v 0.22018422 -0.24755196 0.5400848
v 0.22018422 -0.2258583 0.5400848
v 0.12490455 -0.2258583 0.5400848
v 0.12490455 -0.24755196 0.5400848
v 0.11029993 -0.24755196 0.5182275
v 0.11029993 -0.2258583 0.5182275
v 0.10517147 -0.24755196 0.492445
v 0.10517147 -0.2258583 0.492445
v 0.11029993 -0.24755196 0.46666247
v 0.11029993 -0.2258583 0.46666247
v 0.12490455 -0.24755196 0.44480506
v 0.12490455 -0.2258583 0.44480506
v 0.21140824 -0.2258583 0.45358106
v 0.21140824 -0.12458509 0.45358106
v 0.19357736 -0.12458509 0.44166693
v 0.19357736 -0.2258583 0.44166693
v 0.1725444 -0.12458509 0.43748316
v 0.1725444 -0.2258583 0.43748316
v 0.15151143 -0.12458509 0.44166693
v 0.15151143 -0.2258583 0.44166693
v 0.13368055 -0.12458509 0.45358106
v 0.13368055 -0.2258583 0.45358106
v 0.13368055 -0.12458509 0.5313088
v 0.15151143 -0.12458509 0.5432231
v 0.13368055 -0.2258583 0.5313088
v 0.15151143 -0.2258583 0.5432231
v 0.1725444 -0.12458509 0.5474068
v 0.1725444 -0.2258583 0.5474068
v 0.19357736 -0.12458509 0.5432231
v 0.19357736 -0.2258583 0.5432231
v 0.21140824 -0.12458509 0.5313088
v 0.21140824 -0.2258583 0.5313088
v 0.13368055 -0.12458509 0.5313088
v 0.13368055 -0.2258583 0.5313088
v 0.121766314 -0.2258583 0.513478
v 0.121766314 -0.12458509 0.513478
v 0.1175826 -0.2258583 0.492445
v 0.1175826 -0.12458509 0.492445
v 0.121766314 -0.2258583 0.471412
v 0.121766314 -0.12458509 0.471412
v 0.13368055 -0.2258583 0.45358106
v 0.13368055 -0.12458509 0.45358106
v 0.21140824 -0.12458509 0.5313088
v 0.22332248 -0.12458509 0.513478
v 0.22423045 -0.12458509 0.5313088
v 0.23614469 -0.12458509 0.513478
v 0.22750619 -0.12458509 0.492445
v 0.2403284 -0.12458509 0.492445
v 0.23614469 -0.12458509 0.471412
v 0.22332248 -0.12458509 0.471412
v 0.22423045 -0.12458509 0.45358106
v 0.21140824 -0.12458509 0.45358106
v 0.22332248 -0.2258583 0.471412
v 0.22423045 -0.2187428 0.45358106
v 0.21140824 -0.2258583 0.45358106
v 0.23614469 -0.2187428 0.471412
v 0.22750619 -0.2258583 0.492445
v 0.2403284 -0.2187428 0.492445
v 0.23614469 -0.2187428 0.513478
v 0.22332248 -0.2258583 0.513478
v 0.22423045 -0.2187428 0.5313088
v 0.21140824 -0.2258583 0.5313088
v 0.22423045 -0.2187428 0.45358106
v 0.23614469 -0.2187428 0.471412
v 0.22423045 -0.12458509 0.45358106
v 0.23614469 -0.12458509 0.471412
v 0.2403284 -0.2187428 0.492445
v 0.2403284 -0.12458509 0.492445
v 0.23614469 -0.2187428 0.513478
v 0.23614469 -0.12458509 0.513478
v 0.22423045 -0.2187428 0.5313088
v 0.22423045 -0.12458509 0.5313088
v 0.22423045 -0.2187428 0.45358106
v 0.22423045 -0.12458509 0.45358106
v 0.21140824 -0.12458509 0.45358106
v 0.21140824 -0.2258583 0.45358106
v 0.22423045 -0.2187428 0.5313088
v 0.21140824 -0.12458509 0.5313088
v 0.22423045 -0.12458509 0.5313088
v 0.21140824 -0.2258583 0.5313088
v 0.1988929 -0.2869147 0.4660964
v 0.1988929 -0.27850825 0.4660964
v 0.2069704 -0.27850825 0.47818524
v 0.2069704 -0.2869147 0.47818524
v 0.20980686 -0.27850825 0.49244493
v 0.20980686 -0.2869147 0.49244493
v 0.2069704 -0.27850825 0.5067047
v 0.2069704 -0.2869147 0.5067047
v 0.1988929 -0.27850825 0.5187935
v 0.1988929 -0.2869147 0.5187935
v 0.15828466 -0.27850825 0.45801893
v 0.14619586 -0.2869147 0.4660964
v 0.14619586 -0.27850825 0.4660964
v 0.15828466 -0.2869147 0.45801893
v 0.17254438 -0.27850825 0.4551825
v 0.17254438 -0.2869147 0.4551825
v 0.18680412 -0.27850825 0.45801893
v 0.18680412 -0.2869147 0.45801893
v 0.1988929 -0.27850825 0.4660964
v 0.1988929 -0.2869147 0.4660964
v 0.14619586 -0.27850825 0.5187935
v 0.13811837 -0.27850825 0.5067047
v 0.14619586 -0.2869147 0.5187935
v 0.13811837 -0.2869147 0.5067047
v 0.13528192 -0.27850825 0.49244493
v 0.13528192 -0.2869147 0.49244493
v 0.13811837 -0.27850825 0.47818524
v 0.13811837 -0.2869147 0.47818524
v 0.14619586 -0.27850825 0.4660964
v 0.14619586 -0.2869147 0.4660964
v 0.1988929 -0.2869147 0.5187935
v 0.1988929 -0.27850825 0.5187935
v 0.18680412 -0.27850825 0.526871
v 0.18680412 -0.2869147 0.526871
v 0.17254438 -0.27850825 0.5297074
v 0.17254438 -0.2869147 0.5297074
v 0.15828466 -0.27850825 0.526871
v 0.15828466 -0.2869147 0.526871
v 0.14619586 -0.27850825 0.5187935
v 0.14619586 -0.2869147 0.5187935
v 0.12916721 -0.29623607 0.47447756
v 0.14273033 -0.2869147 0.46263087
v 0.13934495 -0.29623607 0.45924547
v 0.13359042 -0.2869147 0.4763097
v 0.12559327 -0.29623607 0.492445
v 0.1303809 -0.2869147 0.492445
v 0.13359042 -0.2869147 0.5085802
v 0.12916721 -0.29623607 0.5104124
v 0.14273033 -0.2869147 0.52225906
v 0.13934495 -0.29623607 0.5256444
v 0.13934495 -0.29623607 0.5256444
v 0.15457697 -0.29623607 0.53582215
v 0.14273033 -0.2869147 0.52225906
v 0.15640911 -0.2869147 0.531399
v 0.17254438 -0.29623607 0.5393961
v 0.17254438 -0.2869147 0.5346085
v 0.18867965 -0.2869147 0.531399
v 0.1905118 -0.29623607 0.53582215
v 0.20235847 -0.2869147 0.52225906
v 0.20574385 -0.29623607 0.5256444
v 0.20235847 -0.2869147 0.52225906
v 0.20574385 -0.29623607 0.5256444
v 0.21592157 -0.29623607 0.5104124
v 0.21149835 -0.2869147 0.5085802
v 0.2194955 -0.29623607 0.492445
v 0.21470788 -0.2869147 0.492445
v 0.21149835 -0.2869147 0.4763097
v 0.21592157 -0.29623607 0.47447756
v 0.20235847 -0.2869147 0.46263087
v 0.20574385 -0.29623607 0.45924547
v 0.1905118 -0.29623607 0.44906783
v 0.20235847 -0.2869147 0.46263087
v 0.20574385 -0.29623607 0.45924547
v 0.18867965 -0.2869147 0.453491
v 0.17254438 -0.29623607 0.44549388
v 0.17254438 -0.2869147 0.45028147
v 0.15640911 -0.2869147 0.453491
v 0.15457697 -0.29623607 0.44906783
v 0.14273033 -0.2869147 0.46263087
v 0.13934495 -0.29623607 0.45924547
v 0.21293658 -0.29623607 0.45205274
v 0.21561034 -0.29623607 0.4480512
v 0.19707824 -0.29623607 0.43566847
v 0.1944045 -0.29623607 0.43967003
v 0.20574385 -0.29623607 0.45924547
v 0.22531934 -0.29623607 0.47058487
v 0.1905118 -0.29623607 0.44906783
v 0.17254438 -0.29623607 0.44549388
v 0.21592157 -0.29623607 0.47447756
v 0.17254438 -0.29623607 0.43532172
v 0.22966759 -0.29623607 0.492445
v 0.2194955 -0.29623607 0.492445
v 0.23003949 -0.29623607 0.46964598
v 0.23438776 -0.29623607 0.4915061
v 0.21592157 -0.29623607 0.5104124
v 0.22531934 -0.29623607 0.5143051
v 0.21293658 -0.29623607 0.53283715
v 0.20574385 -0.29623607 0.5256444
v 0.2293209 -0.29623607 0.51697886
v 0.21693817 -0.29623607 0.53551096
v 0.1905118 -0.29623607 0.53582215
v 0.1944045 -0.29623607 0.54521996
v 0.17254438 -0.29623607 0.5495682
v 0.19534339 -0.29623607 0.5499401
v 0.17348327 -0.29623607 0.5542884
v 0.17254438 -0.29623607 0.5393961
v 0.15068428 -0.29623607 0.54521996
v 0.15457697 -0.29623607 0.53582215
v 0.13215218 -0.29623607 0.53283715
v 0.13934495 -0.29623607 0.5256444
v 0.12916721 -0.29623607 0.5104124
v 0.12947842 -0.29623607 0.53683877
v 0.14801054 -0.29623607 0.54922146
v 0.11976944 -0.29623607 0.5143051
v 0.1154212 -0.29623607 0.492445
v 0.12559327 -0.29623607 0.492445
v 0.11504927 -0.29623607 0.51524395
v 0.11070103 -0.29623607 0.49338385
v 0.12916721 -0.29623607 0.47447756
v 0.11976944 -0.29623607 0.47058487
v 0.13934495 -0.29623607 0.45924547
v 0.13215218 -0.29623607 0.45205274
v 0.12815061 -0.29623607 0.44937903
v 0.11576787 -0.29623607 0.4679111
v 0.15068428 -0.29623607 0.43967003
v 0.15457697 -0.29623607 0.44906783
v 0.14974539 -0.29623607 0.43494987
v 0.17160548 -0.29623607 0.43060157
v 0.19707824 -0.27337533 0.43566847
v 0.21561034 -0.27337533 0.4480512
v 0.21293658 -0.2706505 0.45205274
v 0.1944045 -0.2706505 0.43967003
v 0.20397133 -0.26341033 0.46101803
v 0.18955253 -0.26341033 0.4513837
v 0.21360567 -0.26341033 0.4754368
v 0.17254438 -0.26341033 0.44800055
v 0.22531934 -0.2706505 0.47058487
v 0.17254438 -0.2706505 0.43532172
v 0.22966759 -0.2706505 0.492445
v 0.21698879 -0.26341033 0.492445
v 0.23003949 -0.27337533 0.46964598
v 0.23438776 -0.27337533 0.4915061
v 0.21360567 -0.26341033 0.5094531
v 0.22531934 -0.2706505 0.5143051
v 0.21293658 -0.2706505 0.53283715
v 0.20397133 -0.26341033 0.5238719
v 0.2293209 -0.27337533 0.51697886
v 0.21693817 -0.27337533 0.53551096
v 0.18955253 -0.26341033 0.5335063
v 0.1944045 -0.2706505 0.54521996
v 0.17254438 -0.2706505 0.5495682
v 0.17254438 -0.26341033 0.5368894
v 0.19534339 -0.27337533 0.5499401
v 0.17348327 -0.27337533 0.5542884
v 0.15553625 -0.26341033 0.5335063
v 0.15068428 -0.2706505 0.54521996
v 0.13215218 -0.2706505 0.53283715
v 0.14111745 -0.26341033 0.5238719
v 0.13148311 -0.26341033 0.5094531
v 0.12947842 -0.27337533 0.53683877
v 0.14801054 -0.27337533 0.54922146
v 0.11976944 -0.2706505 0.5143051
v 0.1154212 -0.2706505 0.492445
v 0.12809998 -0.26341033 0.492445
v 0.11504927 -0.27337533 0.51524395
v 0.11070103 -0.27337533 0.49338385
v 0.13148311 -0.26341033 0.4754368
v 0.11976944 -0.2706505 0.47058487
v 0.13215218 -0.2706505 0.45205274
v 0.14111745 -0.26341033 0.46101803
v 0.12815061 -0.27337533 0.44937903
v 0.11576787 -0.27337533 0.4679111
v 0.15068428 -0.2706505 0.43967003
v 0.15553625 -0.26341033 0.4513837
v 0.14974539 -0.27337533 0.43494987
v 0.17160548 -0.27337533 0.43060157
v 0.23003949 -0.27337533 0.46964598
v 0.22531934 -0.29623607 0.47058487
v 0.23003949 -0.29623607 0.46964598
v 0.22531934 -0.2706505 0.47058487
v 0.22531934 -0.2706505 0.47058487
v 0.21293658 -0.29623607 0.45205274
v 0.22531934 -0.29623607 0.47058487
v 0.21293658 -0.2706505 0.45205274
v 0.12947842 -0.27337533 0.53683877
v 0.12947842 -0.29623607 0.53683877
v 0.13215218 -0.29623607 0.53283715
v 0.13215218 -0.2706505 0.53283715
v 0.21693817 -0.27337533 0.53551096
v 0.21693817 -0.29623607 0.53551096
v 0.21293658 -0.29623607 0.53283715
v 0.21293658 -0.2706505 0.53283715
v 0.23438776 -0.27337533 0.4915061
v 0.23003949 -0.29623607 0.46964598
v 0.23438776 -0.29623607 0.4915061
v 0.23003949 -0.27337533 0.46964598
v 0.13215218 -0.2706505 0.53283715
v 0.13215218 -0.29623607 0.53283715
v 0.11976944 -0.2706505 0.5143051
v 0.11976944 -0.29623607 0.5143051
v 0.14801054 -0.27337533 0.54922146
v 0.15068428 -0.29623607 0.54521996
v 0.14801054 -0.29623607 0.54922146
v 0.15068428 -0.2706505 0.54521996
v 0.11070103 -0.27337533 0.49338385
v 0.11504927 -0.27337533 0.51524395
v 0.11504927 -0.29623607 0.51524395
v 0.11070103 -0.29623607 0.49338385
v 0.15068428 -0.29623607 0.43967003
v 0.14974539 -0.27337533 0.43494987
v 0.15068428 -0.2706505 0.43967003
v 0.14974539 -0.29623607 0.43494987
v 0.12815061 -0.27337533 0.44937903
v 0.11576787 -0.27337533 0.4679111
v 0.11576787 -0.29623607 0.4679111
v 0.12815061 -0.29623607 0.44937903
v 0.11504927 -0.27337533 0.51524395
v 0.11976944 -0.2706505 0.5143051
v 0.11976944 -0.29623607 0.5143051
v 0.11504927 -0.29623607 0.51524395
v 0.21693817 -0.27337533 0.53551096
v 0.2293209 -0.29623607 0.51697886
v 0.21693817 -0.29623607 0.53551096
v 0.2293209 -0.27337533 0.51697886
v 0.11576787 -0.27337533 0.4679111
v 0.11976944 -0.2706505 0.47058487
v 0.11976944 -0.29623607 0.47058487
v 0.11576787 -0.29623607 0.4679111
v 0.17160548 -0.29623607 0.43060157
v 0.17160548 -0.27337533 0.43060157
v 0.14974539 -0.29623607 0.43494987
v 0.14974539 -0.27337533 0.43494987
v 0.1944045 -0.29623607 0.43967003
v 0.1944045 -0.2706505 0.43967003
v 0.17254438 -0.29623607 0.43532172
v 0.17254438 -0.2706505 0.43532172
v 0.17348327 -0.27337533 0.5542884
v 0.17348327 -0.29623607 0.5542884
v 0.17254438 -0.29623607 0.5495682
v 0.17254438 -0.2706505 0.5495682
v 0.17348327 -0.27337533 0.5542884
v 0.19534339 -0.27337533 0.5499401
v 0.19534339 -0.29623607 0.5499401
v 0.17348327 -0.29623607 0.5542884
v 0.1154212 -0.29623607 0.492445
v 0.1154212 -0.2706505 0.492445
v 0.11070103 -0.27337533 0.49338385
v 0.11070103 -0.29623607 0.49338385
v 0.15068428 -0.29623607 0.43967003
v 0.15068428 -0.2706505 0.43967003
v 0.13215218 -0.29623607 0.45205274
v 0.13215218 -0.2706505 0.45205274
v 0.21561034 -0.29623607 0.4480512
v 0.21561034 -0.27337533 0.4480512
v 0.19707824 -0.29623607 0.43566847
v 0.19707824 -0.27337533 0.43566847
v 0.1154212 -0.2706505 0.492445
v 0.1154212 -0.29623607 0.492445
v 0.11976944 -0.2706505 0.47058487
v 0.11976944 -0.29623607 0.47058487
v 0.19534339 -0.27337533 0.5499401
v 0.1944045 -0.29623607 0.54521996
v 0.19534339 -0.29623607 0.5499401
v 0.1944045 -0.2706505 0.54521996
v 0.12947842 -0.27337533 0.53683877
v 0.14801054 -0.27337533 0.54922146
v 0.14801054 -0.29623607 0.54922146
v 0.12947842 -0.29623607 0.53683877
v 0.23438776 -0.27337533 0.4915061
v 0.23438776 -0.29623607 0.4915061
v 0.22966759 -0.29623607 0.492445
v 0.22966759 -0.2706505 0.492445
v 0.17254438 -0.29623607 0.43532172
v 0.17254438 -0.2706505 0.43532172
v 0.17160548 -0.27337533 0.43060157
v 0.17160548 -0.29623607 0.43060157
v 0.22531934 -0.2706505 0.5143051
v 0.22966759 -0.29623607 0.492445
v 0.22531934 -0.29623607 0.5143051
v 0.22966759 -0.2706505 0.492445
v 0.13215218 -0.29623607 0.45205274
v 0.13215218 -0.2706505 0.45205274
v 0.12815061 -0.27337533 0.44937903
v 0.12815061 -0.29623607 0.44937903
v 0.1944045 -0.2706505 0.54521996
v 0.21293658 -0.2706505 0.53283715
v 0.21293658 -0.29623607 0.53283715
v 0.1944045 -0.29623607 0.54521996
v 0.1944045 -0.29623607 0.43967003
v 0.19707824 -0.27337533 0.43566847
v 0.1944045 -0.2706505 0.43967003
v 0.19707824 -0.29623607 0.43566847
v 0.15068428 -0.2706505 0.54521996
v 0.17254438 -0.2706505 0.5495682
v 0.17254438 -0.29623607 0.5495682
v 0.15068428 -0.29623607 0.54521996
v 0.2293209 -0.27337533 0.51697886
v 0.22531934 -0.29623607 0.5143051
v 0.2293209 -0.29623607 0.51697886
v 0.22531934 -0.2706505 0.5143051
v 0.21293658 -0.29623607 0.45205274
v 0.21293658 -0.2706505 0.45205274
v 0.21561034 -0.27337533 0.4480512
v 0.21561034 -0.29623607 0.4480512
v 0.23619013 -0.17650232 0.4713931
v 0.23139672 -0.1659524 0.46421868
v 0.23139672 -0.17650232 0.46421868
v 0.23619013 -0.1659524 0.4713931
v 0.24037759 -0.17650232 0.492445
v 0.24037759 -0.1659524 0.492445
v 0.23619013 -0.17650232 0.5134968
v 0.23619013 -0.1659524 0.5134968
v 0.23139675 -0.17650232 0.52067125
v 0.23139675 -0.1659524 0.52067125
v 0.23139675 -0.14078899 0.52067125
v 0.23619013 -0.14078899 0.5134968
v 0.23139675 -0.1513389 0.52067125
v 0.23619013 -0.1513389 0.5134968
v 0.24037759 -0.14078899 0.492445
v 0.24037759 -0.1513389 0.492445
v 0.23619013 -0.14078899 0.4713931
v 0.23619013 -0.1513389 0.4713931
v 0.23139672 -0.14078899 0.46421868
v 0.23139672 -0.1513389 0.46421868
v 0.23619013 -0.20166571 0.4713931
v 0.23139672 -0.19111581 0.46421868
v 0.23139672 -0.20166571 0.46421868
v 0.23619013 -0.19111581 0.4713931
v 0.24037759 -0.20166571 0.492445
v 0.24037759 -0.19111581 0.492445
v 0.23619013 -0.20166571 0.5134968
v 0.23619013 -0.19111581 0.5134968
v 0.23139675 -0.20166571 0.52067125
v 0.23139675 -0.19111581 0.52067125
v 0.1959939 -0.12458509 0.5784989
v 0.1959939 -0.2258583 0.5538772
v 0.1725444 -0.2258583 0.5559071
v 0.1725444 -0.12458509 0.58166295
v 0.1490949 -0.2258583 0.5538772
v 0.1490949 -0.12458509 0.5784989
v 0.1490949 -0.17481153 0.5542008
v 0.1490949 -0.12458509 0.5602726
v 0.1490949 -0.12458509 0.5784989
v 0.1490949 -0.2258583 0.5538772
v 0.1490949 -0.17481153 0.52549344
v 0.1490949 -0.2258583 0.52549344
v 0.1959939 -0.2258583 0.52549344
v 0.1959939 -0.2258583 0.5538772
v 0.1959939 -0.17481153 0.52549344
v 0.1959939 -0.17481153 0.5542008
v 0.1959939 -0.12458509 0.5784989
v 0.1959939 -0.12458509 0.5602726
v 0.16020744 -0.17481153 0.5542008
v 0.1490949 -0.17481153 0.5542008
v 0.16020744 -0.17481153 0.52549344
v 0.1490949 -0.17481153 0.52549344
v 0.1490949 -0.12458509 0.5602726
v 0.1490949 -0.17481153 0.5542008
v 0.16020744 -0.17481153 0.5542008
v 0.16020744 -0.12458509 0.5602726
v 0.1490949 -0.12458509 0.5784989
v 0.1490949 -0.12458509 0.5602726
v 0.16020744 -0.12458509 0.5602726
v 0.1725444 -0.12458509 0.58166295
v 0.18488134 -0.12458509 0.5602726
v 0.1959939 -0.12458509 0.5784989
v 0.1959939 -0.12458509 0.5602726
v 0.18488134 -0.12458509 0.52549344
v 0.16020744 -0.12458509 0.52549344
v 0.16020744 -0.12458509 0.5602726
v 0.16020744 -0.17481153 0.5542008
v 0.16020744 -0.12458509 0.52549344
v 0.16020744 -0.17481153 0.52549344
v 0.18488134 -0.17481153 0.5542008
v 0.18488134 -0.12458509 0.5602726
v 0.18488134 -0.12458509 0.52549344
v 0.18488134 -0.17481153 0.52549344
v 0.1959939 -0.17481153 0.5542008
v 0.18488134 -0.17481153 0.5542008
v 0.1959939 -0.17481153 0.52549344
v 0.18488134 -0.17481153 0.52549344
v 0.18488134 -0.17481153 0.5542008
v 0.1959939 -0.17481153 0.5542008
v 0.18488134 -0.12458509 0.5602726
v 0.1959939 -0.12458509 0.5602726
v 0.17927764 -0.17203411 0.57122576
v 0.16706102 -0.17287241 0.5697964
v 0.16581115 -0.17203411 0.57122576
v 0.17802778 -0.17287241 0.5697964
v 0.17927764 -0.2266966 0.55729014
v 0.17802778 -0.17287241 0.5697964
v 0.17927764 -0.17203411 0.57122576
v 0.17802778 -0.2258583 0.5562979
v 0.16706102 -0.17287241 0.5697964
v 0.16706102 -0.2258583 0.5562979
v 0.16581115 -0.17203411 0.57122576
v 0.16581115 -0.2266966 0.55729014
v 0.07275996 -0.07275995 0.18632953
v 0.07275996 -0.07275995 0.16381
v 0.039377406 -0.09506544 0.16381
v 0.039377406 -0.09506544 0.18632953
v -0 -0.102898106 0.16381
v -0 -0.102898106 0.18632953
v -0.039377406 -0.09506544 0.16381
v -0.039377406 -0.09506544 0.18632953
v -0.07275996 -0.07275995 0.16381
v -0.07275996 -0.07275995 0.18632953
v -0.059358887 0.05935889 0.20721512
v -0.059358887 0.05935889 0.18787237
v -0.032124784 0.07755612 0.18787237
v -0.032124784 0.07755612 0.20721512
v -0 0.08394614 0.18787237
v -0 0.08394614 0.20721512
v 0.032124784 0.07755612 0.18787237
v 0.032124784 0.07755612 0.20721512
v 0.059358887 0.05935889 0.18787237
v 0.059358887 0.05935889 0.20721512
v 0.05935889 -0.05935888 0.20721512
v 0.05935889 -0.05935888 0.18787237
v 0.032124802 -0.07755612 0.18787237
v 0.032124802 -0.07755612 0.20721512
v -0 -0.08394614 0.2072151
v -0 -0.08394614 0.18787237
v -0.032124802 -0.07755612 0.18787237
v -0.032124802 -0.07755612 0.20721512
v -0.05935889 -0.05935888 0.18787237
v -0.05935889 -0.05935888 0.20721512
v -0.059358887 0.05935889 0.20721512
v -0.07755612 0.032124806 0.20721512
v -0.059358887 0.05935889 0.18787237
v -0.07755612 0.032124806 0.18787237
v -0.08394615 3.742074E-09 0.2072151
v -0.08394615 3.742074E-09 0.18787237
v -0.07755612 -0.032124795 0.18787237
v -0.07755612 -0.032124795 0.20721512
v -0.05935889 -0.05935888 0.20721512
v -0.05935889 -0.05935888 0.18787237
v 0.05935889 -0.05935888 0.20721512
v 0.07755612 -0.032124795 0.20721512
v 0.05935889 -0.05935888 0.18787237
v 0.07755612 -0.032124795 0.18787237
v 0.08394615 3.742074E-09 0.2072151
v 0.08394615 3.742074E-09 0.18787237
v 0.07755612 0.032124806 0.18787237
v 0.07755612 0.032124806 0.20721512
v 0.059358887 0.05935889 0.20721512
v 0.059358887 0.05935889 0.18787237
v 0.116119824 -0.4243317 0.1494825
v 0.11894459 -0.44035193 0.090592116
v 0.12867343 -0.5174638 0.05899322
v 0.13040146 -0.52726215 0.060399234
v 0.10037539 -0.44362625 0.090592116
v 0.116119824 -0.4243317 0.1494825
v 0.09755054 -0.42760596 0.1494825
v 0.11894459 -0.44035193 0.090592116
v 0.12867343 -0.5174638 0.05899322
v 0.11894459 -0.44035193 0.090592116
v 0.10037539 -0.44362625 0.090592116
v 0.117607 -0.51941514 0.05899322
v 0.11933453 -0.52921355 0.060399234
v 0.13040146 -0.52726215 0.060399234
v 0.11517497 -0.41686553 0.12839481
v 0.11480534 -0.4258371 0.14444219
v 0.114305936 -0.4230053 0.15062787
v 0.113592096 -0.38760608 0.11054942
v 0.119867526 -0.4231948 0.10866718
v 0.1147792 -0.41079524 0.08740115
v 0.1121485 -0.39587572 0.08770253
v 0.11575196 -0.37672648 0.06618258
v 0.119577244 -0.39031163 0.079227835
v 0.1178422 -0.382889 0.09476479
v 0.10936088 -0.35240752 0.071982056
v 0.10905276 -0.35032925 0.087674156
v 0.12386942 -0.40320048 0.13392873
v 0.12414433 -0.40459394 0.12776534
v 0.13008565 -0.4616828 0.06930435
v 0.12973723 -0.46003768 0.08261648
v 0.12716502 -0.42935064 0.07252407
v 0.1270567 -0.42388475 0.04770109
v 0.12437123 -0.39597353 0.061288502
v 0.12431473 -0.39818946 0.07795709
v 0.12570648 -0.4155654 0.08793277
v 0.10365852 -0.35472625 0.0864048
v 0.11409931 -0.4123808 0.068464786
v 0.11441794 -0.41418803 0.08652396
v 0.102199055 -0.34667018 0.07466781
v 0.12437123 -0.39597353 0.061288502
v 0.12001378 -0.39636058 0.061222285
v 0.1226993 -0.42427176 0.047634855
v 0.1270567 -0.42388475 0.04770109
v 0.13008565 -0.4616828 0.06930435
v 0.12572819 -0.4620697 0.06923813
v 0.11995731 -0.3985765 0.0778909
v 0.12001378 -0.39636058 0.061222285
v 0.12437123 -0.39597353 0.061288502
v 0.12431473 -0.39818946 0.07795709
v 0.12570648 -0.4155654 0.08793277
v 0.121349014 -0.4159524 0.08786656
v 0.11995731 -0.3985765 0.0778909
v 0.12431473 -0.39818946 0.07795709
v 0.122807585 -0.42973757 0.072457865
v 0.121349014 -0.4159524 0.08786656
v 0.12570648 -0.4155654 0.08793277
v 0.12716502 -0.42935064 0.07252407
v 0.12973723 -0.46003768 0.08261648
v 0.1253798 -0.4604247 0.08255026
v 0.122807585 -0.42973757 0.072457865
v 0.12716502 -0.42935064 0.07252407
v 0.12973723 -0.46003768 0.08261648
v 0.13008565 -0.4616828 0.06930435
v 0.12572819 -0.4620697 0.06923813
v 0.1253798 -0.4604247 0.08255026
v 0.122807585 -0.42973757 0.072457865
v 0.1253798 -0.4604247 0.08255026
v 0.12572819 -0.4620697 0.06923813
v 0.1226993 -0.42427176 0.047634855
v 0.12001378 -0.39636058 0.061222285
v 0.11995731 -0.3985765 0.0778909
v 0.121349014 -0.4159524 0.08786656
v 0.10494086 -0.35358566 0.07205132
v 0.10905276 -0.35032925 0.087674156
v 0.10463269 -0.3515073 0.087743364
v 0.10936088 -0.35240752 0.071982056
v 0.11944942 -0.40437853 0.13399798
v 0.10463269 -0.3515073 0.087743364
v 0.10905276 -0.35032925 0.087674156
v 0.12386942 -0.40320048 0.13392873
v 0.11972427 -0.405772 0.12783456
v 0.11944942 -0.40437853 0.13399798
v 0.12386942 -0.40320048 0.13392873
v 0.12414433 -0.40459394 0.12776534
v 0.1178422 -0.382889 0.09476479
v 0.113422155 -0.38406715 0.09483404
v 0.1151572 -0.39148974 0.079297096
v 0.113422155 -0.38406715 0.09483404
v 0.1178422 -0.382889 0.09476479
v 0.119577244 -0.39031163 0.079227835
v 0.1151572 -0.39148974 0.079297096
v 0.119577244 -0.39031163 0.079227835
v 0.11575196 -0.37672648 0.06618258
v 0.11133189 -0.37790453 0.06625181
v 0.10494086 -0.35358566 0.07205132
v 0.10936088 -0.35240752 0.071982056
v 0.113422155 -0.38406715 0.09483404
v 0.1151572 -0.39148974 0.079297096
v 0.11133189 -0.37790453 0.06625181
v 0.10494086 -0.35358566 0.07205132
v 0.10463269 -0.3515073 0.087743364
v 0.11944942 -0.40437853 0.13399798
v 0.11972427 -0.405772 0.12783456
v 0.09244438 -0.41360855 0.08534944
v 0.092452474 -0.41365463 0.06924823
v 0.116130665 -0.409432 0.08534944
v 0.116138816 -0.4094781 0.06924823
v 0.09244438 -0.41360855 0.08534944
v 0.116130665 -0.409432 0.08534944
v 0.11855655 -0.42319003 0.09382696
v 0.09487025 -0.42736658 0.09382696
v 0.11984999 -0.4305254 0.082038
v 0.12208859 -0.44322088 0.0868886
v 0.09840224 -0.4473974 0.0868886
v 0.09616366 -0.43470192 0.082038
v 0.12672387 -0.5102529 0.04110606
v 0.12785193 -0.51665026 0.052991137
v 0.12357671 -0.45166034 0.074223354
v 0.12230565 -0.44445196 0.059360966
v 0.11984999 -0.4305254 0.082038
v 0.12208859 -0.44322088 0.0868886
v 0.116138816 -0.4094781 0.06924823
v 0.116130665 -0.409432 0.08534944
v 0.11855655 -0.42319003 0.09382696
v 0.11409931 -0.4123808 0.068464786
v 0.102199055 -0.34667018 0.07466781
v 0.084070005 -0.3498668 0.07466781
v 0.095361784 -0.41568476 0.068464786
v 0.09930062 -0.42857093 0.14444219
v 0.11480534 -0.4258371 0.14444219
v 0.11517497 -0.41686553 0.12839481
v 0.09588485 -0.42026696 0.12839481
v 0.09364007 -0.42781946 0.10866718
v 0.119867526 -0.4231948 0.10866718
v 0.1147792 -0.41079524 0.08740115
v 0.09418059 -0.41442725 0.08740115
v 0.09418059 -0.41442725 0.08740115
v 0.1147792 -0.41079524 0.08740115
v 0.1121485 -0.39587572 0.08770253
v 0.09154989 -0.39950785 0.08770253
v 0.09755054 -0.42760596 0.1494825
v 0.11933453 -0.52921355 0.060399234
v 0.117607 -0.51941514 0.05899322
v 0.10037539 -0.44362625 0.090592116
v 0.09880143 -0.4257392 0.15062787
v 0.09930062 -0.42857093 0.14444219
v 0.09588485 -0.42026696 0.12839481
v 0.08736493 -0.3922306 0.11054942
v 0.09364007 -0.42781946 0.10866718
v 0.09418059 -0.41442725 0.08740115
v 0.09154989 -0.39950785 0.08770253
v 0.08175783 -0.38925174 0.09476479
v 0.08266613 -0.39682013 0.079227835
v 0.0816143 -0.3827458 0.06618258
v 0.079302385 -0.3577077 0.071982056
v 0.078881115 -0.35564932 0.087674156
v 0.08304099 -0.4103996 0.13392873
v 0.08325932 -0.4118031 0.12776534
v 0.08888805 -0.4360999 0.07252407
v 0.096966535 -0.46581602 0.08261648
v 0.097201794 -0.46748096 0.06930435
v 0.08712037 -0.43092665 0.04770109
v 0.08009773 -0.40378016 0.061288502
v 0.080908686 -0.40584314 0.07795709
v 0.08554382 -0.42264712 0.08793277
v 0.08545392 -0.3579362 0.0864048
v 0.09568045 -0.41749194 0.08652396
v 0.095361784 -0.41568476 0.068464786
v 0.084070005 -0.3498668 0.07466781
v 0.091347404 -0.42979997 0.047634855
v 0.08432475 -0.40265355 0.061222285
v 0.08009773 -0.40378016 0.061288502
v 0.08712037 -0.43092665 0.04770109
v 0.097201794 -0.46748096 0.06930435
v 0.101428814 -0.4663544 0.06923813
v 0.08432475 -0.40265355 0.061222285
v 0.08513568 -0.4047164 0.0778909
v 0.080908686 -0.40584314 0.07795709
v 0.08009773 -0.40378016 0.061288502
v 0.08977081 -0.42152053 0.08786656
v 0.08554382 -0.42264712 0.08793277
v 0.08513568 -0.4047164 0.0778909
v 0.080908686 -0.40584314 0.07795709
v 0.08554382 -0.42264712 0.08793277
v 0.08977081 -0.42152053 0.08786656
v 0.08888805 -0.4360999 0.07252407
v 0.093115054 -0.43497318 0.072457865
v 0.10119356 -0.4646894 0.08255026
v 0.096966535 -0.46581602 0.08261648
v 0.093115054 -0.43497318 0.072457865
v 0.08888805 -0.4360999 0.07252407
v 0.096966535 -0.46581602 0.08261648
v 0.10119356 -0.4646894 0.08255026
v 0.097201794 -0.46748096 0.06930435
v 0.101428814 -0.4663544 0.06923813
v 0.08513568 -0.4047164 0.0778909
v 0.093115054 -0.43497318 0.072457865
v 0.08977081 -0.42152053 0.08786656
v 0.08432475 -0.40265355 0.061222285
v 0.091347404 -0.42979997 0.047634855
v 0.101428814 -0.4663544 0.06923813
v 0.10119356 -0.4646894 0.08255026
v 0.083437525 -0.35524464 0.087743364
v 0.078881115 -0.35564932 0.087674156
v 0.079302385 -0.3577077 0.071982056
v 0.08385878 -0.357303 0.07205132
v 0.078881115 -0.35564932 0.087674156
v 0.083437525 -0.35524464 0.087743364
v 0.08759741 -0.40999487 0.13399798
v 0.08304099 -0.4103996 0.13392873
v 0.08759741 -0.40999487 0.13399798
v 0.08325932 -0.4118031 0.12776534
v 0.08304099 -0.4103996 0.13392873
v 0.08781571 -0.41139838 0.12783456
v 0.086314246 -0.38884702 0.09483404
v 0.08175783 -0.38925174 0.09476479
v 0.08175783 -0.38925174 0.09476479
v 0.086314246 -0.38884702 0.09483404
v 0.08266613 -0.39682013 0.079227835
v 0.087222524 -0.39641544 0.079297096
v 0.08266613 -0.39682013 0.079227835
v 0.087222524 -0.39641544 0.079297096
v 0.0816143 -0.3827458 0.06618258
v 0.08617072 -0.38234112 0.06625181
v 0.08385878 -0.357303 0.07205132
v 0.079302385 -0.3577077 0.071982056
v 0.08759741 -0.40999487 0.13399798
v 0.086314246 -0.38884702 0.09483404
v 0.08781571 -0.41139838 0.12783456
v 0.083437525 -0.35524464 0.087743364
v 0.08385878 -0.357303 0.07205132
v 0.08617072 -0.38234112 0.06625181
v 0.087222524 -0.39641544 0.079297096
v 0.11855655 -0.42319003 0.09382696
v 0.09616366 -0.43470192 0.082038
v 0.09487025 -0.42736658 0.09382696
v 0.11984999 -0.4305254 0.082038
v 0.12208859 -0.44322088 0.0868886
v 0.09989034 -0.45583683 0.074223354
v 0.09840224 -0.4473974 0.0868886
v 0.12357671 -0.45166034 0.074223354
v 0.09989034 -0.45583683 0.074223354
v 0.12357671 -0.45166034 0.074223354
v 0.118100815 -0.5183696 0.052991137
v 0.12785193 -0.51665026 0.052991137
v 0.118100815 -0.5183696 0.052991137
v 0.12785193 -0.51665026 0.052991137
v 0.12672387 -0.5102529 0.04110606
v 0.116972774 -0.51197225 0.04110606
v 0.116138816 -0.4094781 0.06924823
v 0.092452474 -0.41365463 0.06924823
v 0.098619305 -0.4486285 0.059360966
v 0.12230565 -0.44445196 0.059360966
v 0.116972774 -0.51197225 0.04110606
v 0.12672387 -0.5102529 0.04110606
v 0.118100815 -0.5183696 0.052991137
v 0.116972774 -0.51197225 0.04110606
v 0.09989034 -0.45583683 0.074223354
v 0.098619305 -0.4486285 0.059360966
v 0.09616366 -0.43470192 0.082038
v 0.09840224 -0.4473974 0.0868886
v 0.092452474 -0.41365463 0.06924823
v 0.09244438 -0.41360855 0.08534944
v 0.09487025 -0.42736658 0.09382696
v 0.10365852 -0.35472625 0.0864048
v 0.08545392 -0.3579362 0.0864048
v 0.102199055 -0.34667018 0.07466781
v 0.084070005 -0.3498668 0.07466781
v 0.08545392 -0.3579362 0.0864048
v 0.10365852 -0.35472625 0.0864048
v 0.09568045 -0.41749194 0.08652396
v 0.11441794 -0.41418803 0.08652396
v 0.113592096 -0.38760608 0.11054942
v 0.08736493 -0.3922306 0.11054942
v 0.09154989 -0.39950785 0.08770253
v 0.1121485 -0.39587572 0.08770253
v 0.114305936 -0.4230053 0.15062787
v 0.09880143 -0.4257392 0.15062787
v 0.113592096 -0.38760608 0.11054942
v 0.08736493 -0.3922306 0.11054942
v 0.120626464 -0.42686266 0.15163657
v 0.1360869 -0.5484984 0.044804543
v 0.1212551 -0.55111355 0.044804543
v 0.094181314 -0.4315257 0.15163657
v 0.091864936 -0.4203156 0.16193938
v 0.11896907 -0.4155364 0.16193938
v 0.08982843 -0.41615868 0.16066915
v 0.11946107 -0.41093355 0.16066915
v 0.1212551 -0.55111355 0.044804543
v 0.1360869 -0.5484984 0.044804543
v 0.13672134 -0.547474 0.04206973
v 0.120308615 -0.5503679 0.04206973
v 0.12166478 -0.4247042 0.14876331
v 0.11896907 -0.4155364 0.16193938
v 0.11946107 -0.41093355 0.16066915
v 0.120626464 -0.42686266 0.15163657
v 0.1360869 -0.5484984 0.044804543
v 0.13672134 -0.547474 0.04206973
v 0.12850718 -0.4605043 0.1021519
v 0.12854132 -0.44388393 0.10127559
v 0.12358197 -0.4125815 0.13162255
v 0.09246735 -0.4298525 0.14876331
v 0.08982843 -0.41615868 0.16066915
v 0.091864936 -0.4203156 0.16193938
v 0.094181314 -0.4315257 0.15163657
v 0.1212551 -0.55111355 0.044804543
v 0.120308615 -0.5503679 0.04206973
v 0.09828198 -0.46583384 0.1021519
v 0.09256541 -0.45022747 0.10127559
v 0.0865196 -0.41911662 0.13162255
v 0.12166478 -0.4247042 0.14876331
v 0.11946107 -0.41093355 0.16066915
v 0.08982843 -0.41615868 0.16066915
v 0.09246735 -0.4298525 0.14876331
v 0.09246735 -0.4298525 0.14876331
v 0.12358197 -0.4125815 0.13162255
v 0.12166478 -0.4247042 0.14876331
v 0.0865196 -0.41911662 0.13162255
v 0.12854132 -0.44388393 0.10127559
v 0.12358197 -0.4125815 0.13162255
v 0.0865196 -0.41911662 0.13162255
v 0.09256541 -0.45022747 0.10127559
v 0.12850718 -0.4605043 0.1021519
v 0.09828198 -0.46583384 0.1021519
v 0.120308615 -0.5503679 0.04206973
v 0.13672134 -0.547474 0.04206973
v 0.059028577 -0.08890848 0.17506976
v 0.05480162 -0.09087958 0.18632953
v 0.051556997 -0.08392146 0.18632953
v 0.055783976 -0.081950404 0.17506976
v 0.051556997 -0.08392146 0.16381
v 0.054801606 -0.09087955 0.16381
v 0.051556997 -0.08392146 0.18632953
v 0.05480162 -0.09087958 0.18632953
v 0.0445968 -0.09563812 0.1909935
v 0.041352186 -0.088680066 0.1909935
v 0.031147387 -0.09343864 0.18632953
v 0.034392 -0.10039674 0.18632953
v 0.026920417 -0.09540971 0.17506976
v 0.031147387 -0.09343864 0.18632953
v 0.034392 -0.10039674 0.18632953
v 0.03016502 -0.10236781 0.17506976
v 0.034391988 -0.10039671 0.16381
v 0.031147378 -0.0934386 0.16381
v 0.031147378 -0.0934386 0.16381
v 0.034391988 -0.10039671 0.16381
v 0.0445968 -0.09563812 0.15914604
v 0.041352175 -0.088680014 0.15914604
v 0.051556997 -0.08392146 0.16381
v 0.054801606 -0.09087955 0.16381
v 0.084877744 -0.33881298 0.11440418
v 0.097660854 -0.33655894 0.11440418
v 0.08886393 -0.35933453 0.08817323
v 0.10093239 -0.35720652 0.08817323
v 0.100625955 -0.35493022 0.07523932
v 0.08837333 -0.35709062 0.07523932
v 0.09490841 -0.32097134 0.10103305
v 0.0821329 -0.323224 0.10103305
v 0.08600049 -0.34417197 0.07543316
v 0.09843725 -0.34197906 0.07543316
v 0.09843725 -0.34197906 0.07543316
v 0.100625955 -0.35493022 0.07523932
v 0.10093239 -0.35720652 0.08817323
v 0.09490841 -0.32097134 0.10103305
v 0.097660854 -0.33655894 0.11440418
v 0.08886393 -0.35933453 0.08817323
v 0.08837333 -0.35709062 0.07523932
v 0.08600049 -0.34417197 0.07543316
v 0.0821329 -0.323224 0.10103305
v 0.084877744 -0.33881298 0.11440418
v 0.05101647 -0.10940516 0.17506976
v 0.034392 -0.10039674 0.18632953
v 0.0445968 -0.09563812 0.1909935
v 0.03016502 -0.10236781 0.17506976
v 0.034391988 -0.10039671 0.16381
v 0.0445968 -0.09563812 0.15914604
v 0.05101647 -0.10940516 0.17506976
v 0.05480162 -0.09087958 0.18632953
v 0.059028577 -0.08890848 0.17506976
v 0.054801606 -0.09087955 0.16381
v 0.07844915 -0.19120522 0.20541778
v 0.05321545 -0.19565463 0.20541778
v 0.05175017 -0.18734457 0.21249759
v 0.07698387 -0.18289515 0.21249759
v 0.037295684 -0.105369106 0.1915466
v 0.06252938 -0.10091972 0.1915466
v 0.06252938 -0.10091972 0.1915466
v 0.037295684 -0.105369106 0.1915466
v 0.037316825 -0.10548905 0.17639947
v 0.06255054 -0.10103966 0.17639947
v 0.05175017 -0.18734457 0.21249759
v 0.037316825 -0.10548905 0.17639947
v 0.037295684 -0.105369106 0.1915466
v 0.05321545 -0.19565463 0.20541778
v 0.07844915 -0.19120522 0.20541778
v 0.06255054 -0.10103966 0.17639947
v 0.037316825 -0.10548905 0.17639947
v 0.05321545 -0.19565463 0.20541778
v 0.07844915 -0.19120522 0.20541778
v 0.07698387 -0.18289515 0.21249759
v 0.06255054 -0.10103966 0.17639947
v 0.06252938 -0.10091972 0.1915466
v 0.035519656 -0.11037293 0.16538756
v 0.06590971 -0.105014354 0.16538756
v 0.06474513 -0.098409615 0.17457046
v 0.034355063 -0.1037682 0.17457046
v 0.034401435 -0.1040312 0.18527885
v 0.06479149 -0.09867261 0.18527885
v 0.085674874 -0.21710809 0.17164914
v 0.055589404 -0.22419415 0.16597319
v 0.0552848 -0.22246669 0.17164914
v 0.08597947 -0.21883559 0.16597319
v 0.06590971 -0.105014354 0.16538756
v 0.035519656 -0.11037293 0.16538756
v 0.051278237 -0.19974428 0.15901706
v 0.0816683 -0.19438569 0.15901706
v 0.08274942 -0.20051706 0.15364857
v 0.05235936 -0.20587564 0.15364857
v 0.036716256 -0.11715921 0.18494806
v 0.034401435 -0.1040312 0.18527885
v 0.06479149 -0.09867261 0.18527885
v 0.06710632 -0.11180062 0.18494806
v 0.055589404 -0.22419415 0.16597319
v 0.08597947 -0.21883559 0.16597319
v 0.08274942 -0.20051706 0.15364857
v 0.05235936 -0.20587564 0.15364857
v 0.0686964 -0.12081842 0.17401895
v 0.085674874 -0.21710809 0.17164914
v 0.0552848 -0.22246669 0.17164914
v 0.038306333 -0.126177 0.17401895
v 0.036716256 -0.11715921 0.18494806
v 0.034355063 -0.1037682 0.17457046
v 0.034401435 -0.1040312 0.18527885
v 0.038306333 -0.126177 0.17401895
v 0.035519656 -0.11037293 0.16538756
v 0.051278237 -0.19974428 0.15901706
v 0.0552848 -0.22246669 0.17164914
v 0.05235936 -0.20587564 0.15364857
v 0.055589404 -0.22419415 0.16597319
v 0.06710632 -0.11180062 0.18494806
v 0.038306333 -0.126177 0.17401895
v 0.036716256 -0.11715921 0.18494806
v 0.0686964 -0.12081842 0.17401895
v 0.06710632 -0.11180062 0.18494806
v 0.06479149 -0.09867261 0.18527885
v 0.06474513 -0.098409615 0.17457046
v 0.0686964 -0.12081842 0.17401895
v 0.06590971 -0.105014354 0.16538756
v 0.0816683 -0.19438569 0.15901706
v 0.085674874 -0.21710809 0.17164914
v 0.08274942 -0.20051706 0.15364857
v 0.08597947 -0.21883559 0.16597319
v 0.055714715 -0.11192885 0.17972912
v 0.07368988 -0.21387108 0.17722017
v 0.06543988 -0.21532576 0.17722017
v 0.04746472 -0.11338355 0.17972912
v 0.056893002 -0.11861127 0.17180921
v 0.072918676 -0.20949735 0.16957238
v 0.07368988 -0.21387108 0.17722017
v 0.055714715 -0.11192885 0.17972912
v 0.048643015 -0.120065965 0.17180921
v 0.04746472 -0.11338355 0.17972912
v 0.06543988 -0.21532576 0.17722017
v 0.064668685 -0.21095207 0.16957238
v 0.08045287 -0.23532331 0.22023332
v 0.06642185 -0.23779735 0.22023332
v 0.07437355 -0.20084572 0.16800761
v 0.060342524 -0.20331977 0.16800761
v 0.06642185 -0.23779735 0.22023332
v 0.06732671 -0.24292916 0.21201947
v 0.062173765 -0.21370529 0.16775201
v 0.060342524 -0.20331977 0.16800761
v 0.08045287 -0.23532331 0.22023332
v 0.07437355 -0.20084572 0.16800761
v 0.07620481 -0.21123125 0.16775201
v 0.081357755 -0.2404551 0.21201947
v 0.07620481 -0.21123125 0.16775201
v 0.06732671 -0.24292916 0.21201947
v 0.081357755 -0.2404551 0.21201947
v 0.062173765 -0.21370529 0.16775201
v 0.0791847 -0.30980837 0.09681813
v 0.09308904 -0.30735672 0.09681813
v 0.07788098 -0.21085668 0.20210189
v 0.06047066 -0.21392658 0.20210189
v 0.06115982 -0.2179379 0.23265664
v 0.07860599 -0.21486169 0.23265664
v 0.082203776 -0.32674462 0.09845808
v 0.09604608 -0.3243039 0.09845807
v 0.09308904 -0.30735672 0.09681813
v 0.0791847 -0.30980837 0.09681813
v 0.082203776 -0.32674462 0.09845808
v 0.0791847 -0.30980837 0.09681813
v 0.06047066 -0.21392658 0.20210189
v 0.06115982 -0.2179379 0.23265664
v 0.09604608 -0.3243039 0.09845807
v 0.07860599 -0.21486169 0.23265664
v 0.07788098 -0.21085668 0.20210189
v 0.09308904 -0.30735672 0.09681813
v 0.059551228 -0.23255621 0.25026459
v 0.05600601 -0.21198744 0.2408376
v 0.058072194 -0.2239867 0.2510988
v 0.08034088 -0.33957678 0.08354504
v 0.082792796 -0.353475 0.09542962
v 0.059551228 -0.23255621 0.25026459
v 0.08511668 -0.22804832 0.25026459
v 0.082792796 -0.353475 0.09542962
v 0.10463338 -0.3496239 0.09542962
v 0.08357557 -0.21948975 0.2510988
v 0.059551228 -0.23255621 0.25026459
v 0.058072194 -0.2239867 0.2510988
v 0.08511668 -0.22804832 0.25026459
v 0.05600601 -0.21198744 0.2408376
v 0.08141315 -0.20750745 0.2408376
v 0.08357557 -0.21948975 0.2510988
v 0.058072194 -0.2239867 0.2510988
v 0.08511668 -0.22804832 0.25026459
v 0.10218395 -0.33572525 0.08354504
v 0.10463338 -0.3496239 0.09542962
v 0.08141315 -0.20750745 0.2408376
v 0.08357557 -0.21948975 0.2510988
v 0.08034088 -0.33957678 0.08354504
v 0.08141315 -0.20750745 0.2408376
v 0.05600601 -0.21198744 0.2408376
v 0.10218395 -0.33572525 0.08354504
v 0.08837333 -0.35709062 0.07523932
v 0.100625955 -0.35493022 0.07523932
v 0.09843725 -0.34197906 0.07543316
v 0.08600049 -0.34417197 0.07543316
v -0.116119824 -0.4243317 0.1494825
v -0.13040146 -0.52726215 0.060399234
v -0.12867343 -0.5174638 0.05899322
v -0.11894459 -0.44035193 0.090592116
v -0.09755054 -0.42760596 0.1494825
v -0.116119824 -0.4243317 0.1494825
v -0.10037539 -0.44362625 0.090592116
v -0.11894459 -0.44035193 0.090592116
v -0.10037539 -0.44362625 0.090592116
v -0.11894459 -0.44035193 0.090592116
v -0.12867343 -0.5174638 0.05899322
v -0.117607 -0.51941514 0.05899322
v -0.11933453 -0.52921355 0.060399234
v -0.13040146 -0.52726215 0.060399234
v -0.114305936 -0.4230053 0.15062787
v -0.11480534 -0.4258371 0.14444219
v -0.11517497 -0.41686553 0.12839481
v -0.113592096 -0.38760608 0.11054942
v -0.119867526 -0.4231948 0.10866718
v -0.1147792 -0.41079524 0.08740115
v -0.1121485 -0.39587572 0.08770253
v -0.1178422 -0.382889 0.09476479
v -0.119577244 -0.39031163 0.079227835
v -0.11575196 -0.37672648 0.06618258
v -0.10936088 -0.35240752 0.071982056
v -0.10905276 -0.35032925 0.087674156
v -0.12386942 -0.40320048 0.13392873
v -0.12414433 -0.40459394 0.12776534
v -0.12716502 -0.42935064 0.07252407
v -0.12973723 -0.46003768 0.08261648
v -0.13008565 -0.4616828 0.06930435
v -0.1270567 -0.42388475 0.04770109
v -0.12437123 -0.39597353 0.061288502
v -0.12431473 -0.39818946 0.07795709
v -0.12570648 -0.4155654 0.08793277
v -0.10365852 -0.35472625 0.0864048
v -0.11441794 -0.41418803 0.08652396
v -0.11409931 -0.4123808 0.068464786
v -0.102199055 -0.34667018 0.07466781
v -0.12437123 -0.39597353 0.061288502
v -0.1226993 -0.42427176 0.047634855
v -0.12001378 -0.39636058 0.061222285
v -0.1270567 -0.42388475 0.04770109
v -0.13008565 -0.4616828 0.06930435
v -0.12572819 -0.4620697 0.06923813
v -0.11995731 -0.3985765 0.0778909
v -0.12431473 -0.39818946 0.07795709
v -0.12437123 -0.39597353 0.061288502
v -0.12001378 -0.39636058 0.061222285
v -0.12431473 -0.39818946 0.07795709
v -0.11995731 -0.3985765 0.0778909
v -0.12570648 -0.4155654 0.08793277
v -0.121349014 -0.4159524 0.08786656
v -0.12570648 -0.4155654 0.08793277
v -0.121349014 -0.4159524 0.08786656
v -0.122807585 -0.42973757 0.072457865
v -0.12716502 -0.42935064 0.07252407
v -0.12716502 -0.42935064 0.07252407
v -0.122807585 -0.42973757 0.072457865
v -0.12973723 -0.46003768 0.08261648
v -0.1253798 -0.4604247 0.08255026
v -0.12973723 -0.46003768 0.08261648
v -0.1253798 -0.4604247 0.08255026
v -0.12572819 -0.4620697 0.06923813
v -0.13008565 -0.4616828 0.06930435
v -0.12572819 -0.4620697 0.06923813
v -0.1253798 -0.4604247 0.08255026
v -0.122807585 -0.42973757 0.072457865
v -0.1226993 -0.42427176 0.047634855
v -0.12001378 -0.39636058 0.061222285
v -0.11995731 -0.3985765 0.0778909
v -0.121349014 -0.4159524 0.08786656
v -0.10463269 -0.3515073 0.087743364
v -0.10905276 -0.35032925 0.087674156
v -0.10494086 -0.35358566 0.07205132
v -0.10936088 -0.35240752 0.071982056
v -0.10905276 -0.35032925 0.087674156
v -0.10463269 -0.3515073 0.087743364
v -0.11944942 -0.40437853 0.13399798
v -0.12386942 -0.40320048 0.13392873
v -0.12386942 -0.40320048 0.13392873
v -0.11944942 -0.40437853 0.13399798
v -0.11972427 -0.405772 0.12783456
v -0.12414433 -0.40459394 0.12776534
v -0.1178422 -0.382889 0.09476479
v -0.113422155 -0.38406715 0.09483404
v -0.1178422 -0.382889 0.09476479
v -0.113422155 -0.38406715 0.09483404
v -0.1151572 -0.39148974 0.079297096
v -0.119577244 -0.39031163 0.079227835
v -0.119577244 -0.39031163 0.079227835
v -0.1151572 -0.39148974 0.079297096
v -0.11575196 -0.37672648 0.06618258
v -0.11133189 -0.37790453 0.06625181
v -0.10494086 -0.35358566 0.07205132
v -0.10936088 -0.35240752 0.071982056
v -0.11133189 -0.37790453 0.06625181
v -0.1151572 -0.39148974 0.079297096
v -0.113422155 -0.38406715 0.09483404
v -0.10494086 -0.35358566 0.07205132
v -0.10463269 -0.3515073 0.087743364
v -0.11944942 -0.40437853 0.13399798
v -0.11972427 -0.405772 0.12783456
v -0.09244438 -0.41360855 0.08534944
v -0.116130665 -0.409432 0.08534944
v -0.092452474 -0.41365463 0.06924823
v -0.116138816 -0.4094781 0.06924823
v -0.09244438 -0.41360855 0.08534944
v -0.11855655 -0.42319003 0.09382696
v -0.116130665 -0.409432 0.08534944
v -0.09487025 -0.42736658 0.09382696
v -0.11984999 -0.4305254 0.082038
v -0.09616366 -0.43470192 0.082038
v -0.09840224 -0.4473974 0.0868886
v -0.12208859 -0.44322088 0.0868886
v -0.12785193 -0.51665026 0.052991137
v -0.12672387 -0.5102529 0.04110606
v -0.12357671 -0.45166034 0.074223354
v -0.12230565 -0.44445196 0.059360966
v -0.11984999 -0.4305254 0.082038
v -0.12208859 -0.44322088 0.0868886
v -0.116138816 -0.4094781 0.06924823
v -0.116130665 -0.409432 0.08534944
v -0.11855655 -0.42319003 0.09382696
v -0.11409931 -0.4123808 0.068464786
v -0.095361784 -0.41568476 0.068464786
v -0.084070005 -0.3498668 0.07466781
v -0.102199055 -0.34667018 0.07466781
v -0.09930062 -0.42857093 0.14444219
v -0.11517497 -0.41686553 0.12839481
v -0.11480534 -0.4258371 0.14444219
v -0.09588485 -0.42026696 0.12839481
v -0.09364007 -0.42781946 0.10866718
v -0.119867526 -0.4231948 0.10866718
v -0.1147792 -0.41079524 0.08740115
v -0.09418059 -0.41442725 0.08740115
v -0.09418059 -0.41442725 0.08740115
v -0.1121485 -0.39587572 0.08770253
v -0.1147792 -0.41079524 0.08740115
v -0.09154989 -0.39950785 0.08770253
v -0.09755054 -0.42760596 0.1494825
v -0.10037539 -0.44362625 0.090592116
v -0.117607 -0.51941514 0.05899322
v -0.11933453 -0.52921355 0.060399234
v -0.09588485 -0.42026696 0.12839481
v -0.09930062 -0.42857093 0.14444219
v -0.09880143 -0.4257392 0.15062787
v -0.08736493 -0.3922306 0.11054942
v -0.09364007 -0.42781946 0.10866718
v -0.09418059 -0.41442725 0.08740115
v -0.09154989 -0.39950785 0.08770253
v -0.0816143 -0.3827458 0.06618258
v -0.08266613 -0.39682013 0.079227835
v -0.08175783 -0.38925174 0.09476479
v -0.079302385 -0.3577077 0.071982056
v -0.078881115 -0.35564932 0.087674156
v -0.08304099 -0.4103996 0.13392873
v -0.08325932 -0.4118031 0.12776534
v -0.097201794 -0.46748096 0.06930435
v -0.096966535 -0.46581602 0.08261648
v -0.08888805 -0.4360999 0.07252407
v -0.08712037 -0.43092665 0.04770109
v -0.08009773 -0.40378016 0.061288502
v -0.080908686 -0.40584314 0.07795709
v -0.08554382 -0.42264712 0.08793277
v -0.08545392 -0.3579362 0.0864048
v -0.095361784 -0.41568476 0.068464786
v -0.09568045 -0.41749194 0.08652396
v -0.084070005 -0.3498668 0.07466781
v -0.08009773 -0.40378016 0.061288502
v -0.08432475 -0.40265355 0.061222285
v -0.091347404 -0.42979997 0.047634855
v -0.08712037 -0.43092665 0.04770109
v -0.097201794 -0.46748096 0.06930435
v -0.101428814 -0.4663544 0.06923813
v -0.08432475 -0.40265355 0.061222285
v -0.080908686 -0.40584314 0.07795709
v -0.08513568 -0.4047164 0.0778909
v -0.08009773 -0.40378016 0.061288502
v -0.08513568 -0.4047164 0.0778909
v -0.080908686 -0.40584314 0.07795709
v -0.08554382 -0.42264712 0.08793277
v -0.08977081 -0.42152053 0.08786656
v -0.08977081 -0.42152053 0.08786656
v -0.08554382 -0.42264712 0.08793277
v -0.08888805 -0.4360999 0.07252407
v -0.093115054 -0.43497318 0.072457865
v -0.093115054 -0.43497318 0.072457865
v -0.08888805 -0.4360999 0.07252407
v -0.096966535 -0.46581602 0.08261648
v -0.10119356 -0.4646894 0.08255026
v -0.10119356 -0.4646894 0.08255026
v -0.096966535 -0.46581602 0.08261648
v -0.097201794 -0.46748096 0.06930435
v -0.101428814 -0.4663544 0.06923813
v -0.08513568 -0.4047164 0.0778909
v -0.08977081 -0.42152053 0.08786656
v -0.093115054 -0.43497318 0.072457865
v -0.08432475 -0.40265355 0.061222285
v -0.091347404 -0.42979997 0.047634855
v -0.101428814 -0.4663544 0.06923813
v -0.10119356 -0.4646894 0.08255026
v -0.083437525 -0.35524464 0.087743364
v -0.08385878 -0.357303 0.07205132
v -0.079302385 -0.3577077 0.071982056
v -0.078881115 -0.35564932 0.087674156
v -0.078881115 -0.35564932 0.087674156
v -0.08304099 -0.4103996 0.13392873
v -0.08759741 -0.40999487 0.13399798
v -0.083437525 -0.35524464 0.087743364
v -0.08759741 -0.40999487 0.13399798
v -0.08304099 -0.4103996 0.13392873
v -0.08325932 -0.4118031 0.12776534
v -0.08781571 -0.41139838 0.12783456
v -0.086314246 -0.38884702 0.09483404
v -0.08175783 -0.38925174 0.09476479
v -0.086314246 -0.38884702 0.09483404
v -0.08175783 -0.38925174 0.09476479
v -0.08266613 -0.39682013 0.079227835
v -0.087222524 -0.39641544 0.079297096
v -0.087222524 -0.39641544 0.079297096
v -0.08266613 -0.39682013 0.079227835
v -0.0816143 -0.3827458 0.06618258
v -0.08617072 -0.38234112 0.06625181
v -0.08385878 -0.357303 0.07205132
v -0.079302385 -0.3577077 0.071982056
v -0.08759741 -0.40999487 0.13399798
v -0.08781571 -0.41139838 0.12783456
v -0.086314246 -0.38884702 0.09483404
v -0.083437525 -0.35524464 0.087743364
v -0.08385878 -0.357303 0.07205132
v -0.08617072 -0.38234112 0.06625181
v -0.087222524 -0.39641544 0.079297096
v -0.11855655 -0.42319003 0.09382696
v -0.09487025 -0.42736658 0.09382696
v -0.09616366 -0.43470192 0.082038
v -0.11984999 -0.4305254 0.082038
v -0.12208859 -0.44322088 0.0868886
v -0.09840224 -0.4473974 0.0868886
v -0.09989034 -0.45583683 0.074223354
v -0.12357671 -0.45166034 0.074223354
v -0.12357671 -0.45166034 0.074223354
v -0.09989034 -0.45583683 0.074223354
v -0.118100815 -0.5183696 0.052991137
v -0.12785193 -0.51665026 0.052991137
v -0.118100815 -0.5183696 0.052991137
v -0.116972774 -0.51197225 0.04110606
v -0.12672387 -0.5102529 0.04110606
v -0.12785193 -0.51665026 0.052991137
v -0.098619305 -0.4486285 0.059360966
v -0.092452474 -0.41365463 0.06924823
v -0.116138816 -0.4094781 0.06924823
v -0.12230565 -0.44445196 0.059360966
v -0.116972774 -0.51197225 0.04110606
v -0.12672387 -0.5102529 0.04110606
v -0.116972774 -0.51197225 0.04110606
v -0.118100815 -0.5183696 0.052991137
v -0.09989034 -0.45583683 0.074223354
v -0.098619305 -0.4486285 0.059360966
v -0.09616366 -0.43470192 0.082038
v -0.09840224 -0.4473974 0.0868886
v -0.092452474 -0.41365463 0.06924823
v -0.09244438 -0.41360855 0.08534944
v -0.09487025 -0.42736658 0.09382696
v -0.10365852 -0.35472625 0.0864048
v -0.102199055 -0.34667018 0.07466781
v -0.08545392 -0.3579362 0.0864048
v -0.084070005 -0.3498668 0.07466781
v -0.10365852 -0.35472625 0.0864048
v -0.08545392 -0.3579362 0.0864048
v -0.09568045 -0.41749194 0.08652396
v -0.11441794 -0.41418803 0.08652396
v -0.113592096 -0.38760608 0.11054942
v -0.1121485 -0.39587572 0.08770253
v -0.09154989 -0.39950785 0.08770253
v -0.08736493 -0.3922306 0.11054942
v -0.113592096 -0.38760608 0.11054942
v -0.09880143 -0.4257392 0.15062787
v -0.114305936 -0.4230053 0.15062787
v -0.08736493 -0.3922306 0.11054942
v -0.1212551 -0.55111355 0.044804543
v -0.1360869 -0.5484984 0.044804543
v -0.120626464 -0.42686266 0.15163657
v -0.094181314 -0.4315257 0.15163657
v -0.091864936 -0.4203156 0.16193938
v -0.11896907 -0.4155364 0.16193938
v -0.08982843 -0.41615868 0.16066915
v -0.11946107 -0.41093355 0.16066915
v -0.1212551 -0.55111355 0.044804543
v -0.13672134 -0.547474 0.04206973
v -0.1360869 -0.5484984 0.044804543
v -0.120308615 -0.5503679 0.04206973
v -0.12166478 -0.4247042 0.14876331
v -0.11946107 -0.41093355 0.16066915
v -0.11896907 -0.4155364 0.16193938
v -0.120626464 -0.42686266 0.15163657
v -0.1360869 -0.5484984 0.044804543
v -0.13672134 -0.547474 0.04206973
v -0.12850718 -0.4605043 0.1021519
v -0.12854132 -0.44388393 0.10127559
v -0.12358197 -0.4125815 0.13162255
v -0.09246735 -0.4298525 0.14876331
v -0.091864936 -0.4203156 0.16193938
v -0.08982843 -0.41615868 0.16066915
v -0.094181314 -0.4315257 0.15163657
v -0.1212551 -0.55111355 0.044804543
v -0.120308615 -0.5503679 0.04206973
v -0.09828198 -0.46583384 0.1021519
v -0.09256541 -0.45022747 0.10127559
v -0.0865196 -0.41911662 0.13162255
v -0.12166478 -0.4247042 0.14876331
v -0.09246735 -0.4298525 0.14876331
v -0.08982843 -0.41615868 0.16066915
v -0.11946107 -0.41093355 0.16066915
v -0.0865196 -0.41911662 0.13162255
v -0.09246735 -0.4298525 0.14876331
v -0.12358197 -0.4125815 0.13162255
v -0.12166478 -0.4247042 0.14876331
v -0.0865196 -0.41911662 0.13162255
v -0.12358197 -0.4125815 0.13162255
v -0.12854132 -0.44388393 0.10127559
v -0.09256541 -0.45022747 0.10127559
v -0.12850718 -0.4605043 0.1021519
v -0.09828198 -0.46583384 0.1021519
v -0.120308615 -0.5503679 0.04206973
v -0.13672134 -0.547474 0.04206973
v -0.051556997 -0.08392146 0.18632953
v -0.05480162 -0.09087958 0.18632953
v -0.059028577 -0.08890848 0.17506976
v -0.055783976 -0.081950404 0.17506976
v -0.051556997 -0.08392146 0.16381
v -0.054801606 -0.09087955 0.16381
v -0.0445968 -0.09563812 0.1909935
v -0.05480162 -0.09087958 0.18632953
v -0.051556997 -0.08392146 0.18632953
v -0.041352186 -0.088680066 0.1909935
v -0.031147387 -0.09343864 0.18632953
v -0.034392 -0.10039674 0.18632953
v -0.034392 -0.10039674 0.18632953
v -0.031147387 -0.09343864 0.18632953
v -0.026920417 -0.09540971 0.17506976
v -0.03016502 -0.10236781 0.17506976
v -0.034391988 -0.10039671 0.16381
v -0.031147378 -0.0934386 0.16381
v -0.0445968 -0.09563812 0.15914604
v -0.034391988 -0.10039671 0.16381
v -0.031147378 -0.0934386 0.16381
v -0.041352175 -0.088680014 0.15914604
v -0.051556997 -0.08392146 0.16381
v -0.054801606 -0.09087955 0.16381
v -0.08886393 -0.35933453 0.08817323
v -0.097660854 -0.33655894 0.11440418
v -0.084877744 -0.33881298 0.11440418
v -0.10093239 -0.35720652 0.08817323
v -0.100625955 -0.35493022 0.07523932
v -0.08837333 -0.35709062 0.07523932
v -0.08600049 -0.34417197 0.07543316
v -0.0821329 -0.323224 0.10103305
v -0.09490841 -0.32097134 0.10103305
v -0.09843725 -0.34197906 0.07543316
v -0.09490841 -0.32097134 0.10103305
v -0.097660854 -0.33655894 0.11440418
v -0.10093239 -0.35720652 0.08817323
v -0.09843725 -0.34197906 0.07543316
v -0.100625955 -0.35493022 0.07523932
v -0.08886393 -0.35933453 0.08817323
v -0.084877744 -0.33881298 0.11440418
v -0.0821329 -0.323224 0.10103305
v -0.08600049 -0.34417197 0.07543316
v -0.08837333 -0.35709062 0.07523932
v -0.05101647 -0.10940516 0.17506976
v -0.0445968 -0.09563812 0.1909935
v -0.034392 -0.10039674 0.18632953
v -0.03016502 -0.10236781 0.17506976
v -0.034391988 -0.10039671 0.16381
v -0.0445968 -0.09563812 0.15914604
v -0.05101647 -0.10940516 0.17506976
v -0.059028577 -0.08890848 0.17506976
v -0.05480162 -0.09087958 0.18632953
v -0.054801606 -0.09087955 0.16381
v -0.05175017 -0.18734457 0.21249759
v -0.05321545 -0.19565463 0.20541778
v -0.07844915 -0.19120522 0.20541778
v -0.07698387 -0.18289515 0.21249759
v -0.037295684 -0.105369106 0.1915466
v -0.06252938 -0.10091972 0.1915466
v -0.06252938 -0.10091972 0.1915466
v -0.06255054 -0.10103966 0.17639947
v -0.037316825 -0.10548905 0.17639947
v -0.037295684 -0.105369106 0.1915466
v -0.05175017 -0.18734457 0.21249759
v -0.037295684 -0.105369106 0.1915466
v -0.037316825 -0.10548905 0.17639947
v -0.05321545 -0.19565463 0.20541778
v -0.07844915 -0.19120522 0.20541778
v -0.05321545 -0.19565463 0.20541778
v -0.037316825 -0.10548905 0.17639947
v -0.06255054 -0.10103966 0.17639947
v -0.06255054 -0.10103966 0.17639947
v -0.06252938 -0.10091972 0.1915466
v -0.07698387 -0.18289515 0.21249759
v -0.07844915 -0.19120522 0.20541778
v -0.06474513 -0.098409615 0.17457046
v -0.06590971 -0.105014354 0.16538756
v -0.035519656 -0.11037293 0.16538756
v -0.034355063 -0.1037682 0.17457046
v -0.034401435 -0.1040312 0.18527885
v -0.06479149 -0.09867261 0.18527885
v -0.085674874 -0.21710809 0.17164914
v -0.0552848 -0.22246669 0.17164914
v -0.055589404 -0.22419415 0.16597319
v -0.08597947 -0.21883559 0.16597319
v -0.051278237 -0.19974428 0.15901706
v -0.035519656 -0.11037293 0.16538756
v -0.06590971 -0.105014354 0.16538756
v -0.0816683 -0.19438569 0.15901706
v -0.08274942 -0.20051706 0.15364857
v -0.05235936 -0.20587564 0.15364857
v -0.034401435 -0.1040312 0.18527885
v -0.036716256 -0.11715921 0.18494806
v -0.06479149 -0.09867261 0.18527885
v -0.06710632 -0.11180062 0.18494806
v -0.055589404 -0.22419415 0.16597319
v -0.08274942 -0.20051706 0.15364857
v -0.08597947 -0.21883559 0.16597319
v -0.05235936 -0.20587564 0.15364857
v -0.0686964 -0.12081842 0.17401895
v -0.038306333 -0.126177 0.17401895
v -0.0552848 -0.22246669 0.17164914
v -0.085674874 -0.21710809 0.17164914
v -0.036716256 -0.11715921 0.18494806
v -0.034401435 -0.1040312 0.18527885
v -0.034355063 -0.1037682 0.17457046
v -0.038306333 -0.126177 0.17401895
v -0.035519656 -0.11037293 0.16538756
v -0.051278237 -0.19974428 0.15901706
v -0.0552848 -0.22246669 0.17164914
v -0.05235936 -0.20587564 0.15364857
v -0.055589404 -0.22419415 0.16597319
v -0.06710632 -0.11180062 0.18494806
v -0.036716256 -0.11715921 0.18494806
v -0.038306333 -0.126177 0.17401895
v -0.0686964 -0.12081842 0.17401895
v -0.06474513 -0.098409615 0.17457046
v -0.06479149 -0.09867261 0.18527885
v -0.06710632 -0.11180062 0.18494806
v -0.0686964 -0.12081842 0.17401895
v -0.06590971 -0.105014354 0.16538756
v -0.0816683 -0.19438569 0.15901706
v -0.085674874 -0.21710809 0.17164914
v -0.08274942 -0.20051706 0.15364857
v -0.08597947 -0.21883559 0.16597319
v -0.055714715 -0.11192885 0.17972912
v -0.04746472 -0.11338355 0.17972912
v -0.06543988 -0.21532576 0.17722017
v -0.07368988 -0.21387108 0.17722017
v -0.07368988 -0.21387108 0.17722017
v -0.056893002 -0.11861127 0.17180921
v -0.055714715 -0.11192885 0.17972912
v -0.072918676 -0.20949735 0.16957238
v -0.06543988 -0.21532576 0.17722017
v -0.04746472 -0.11338355 0.17972912
v -0.048643015 -0.120065965 0.17180921
v -0.064668685 -0.21095207 0.16957238
v -0.07437355 -0.20084572 0.16800761
v -0.06642185 -0.23779735 0.22023332
v -0.08045287 -0.23532331 0.22023332
v -0.060342524 -0.20331977 0.16800761
v -0.062173765 -0.21370529 0.16775201
v -0.06732671 -0.24292916 0.21201947
v -0.06642185 -0.23779735 0.22023332
v -0.060342524 -0.20331977 0.16800761
v -0.08045287 -0.23532331 0.22023332
v -0.07620481 -0.21123125 0.16775201
v -0.07437355 -0.20084572 0.16800761
v -0.081357755 -0.2404551 0.21201947
v -0.081357755 -0.2404551 0.21201947
v -0.06732671 -0.24292916 0.21201947
v -0.07620481 -0.21123125 0.16775201
v -0.062173765 -0.21370529 0.16775201
v -0.09308904 -0.30735672 0.09681813
v -0.0791847 -0.30980837 0.09681813
v -0.07788098 -0.21085668 0.20210189
v -0.06047066 -0.21392658 0.20210189
v -0.06115982 -0.2179379 0.23265664
v -0.07860599 -0.21486169 0.23265664
v -0.09308904 -0.30735672 0.09681813
v -0.09604608 -0.3243039 0.09845807
v -0.082203776 -0.32674462 0.09845808
v -0.0791847 -0.30980837 0.09681813
v -0.082203776 -0.32674462 0.09845808
v -0.06115982 -0.2179379 0.23265664
v -0.06047066 -0.21392658 0.20210189
v -0.0791847 -0.30980837 0.09681813
v -0.09604608 -0.3243039 0.09845807
v -0.09308904 -0.30735672 0.09681813
v -0.07788098 -0.21085668 0.20210189
v -0.07860599 -0.21486169 0.23265664
v -0.05600601 -0.21198744 0.2408376
v -0.059551228 -0.23255621 0.25026459
v -0.058072194 -0.2239867 0.2510988
v -0.08034088 -0.33957678 0.08354504
v -0.082792796 -0.353475 0.09542962
v -0.082792796 -0.353475 0.09542962
v -0.08511668 -0.22804832 0.25026459
v -0.059551228 -0.23255621 0.25026459
v -0.10463338 -0.3496239 0.09542962
v -0.08357557 -0.21948975 0.2510988
v -0.058072194 -0.2239867 0.2510988
v -0.059551228 -0.23255621 0.25026459
v -0.08511668 -0.22804832 0.25026459
v -0.05600601 -0.21198744 0.2408376
v -0.058072194 -0.2239867 0.2510988
v -0.08357557 -0.21948975 0.2510988
v -0.08141315 -0.20750745 0.2408376
v -0.10218395 -0.33572525 0.08354504
v -0.08511668 -0.22804832 0.25026459
v -0.10463338 -0.3496239 0.09542962
v -0.08141315 -0.20750745 0.2408376
v -0.08357557 -0.21948975 0.2510988
v -0.05600601 -0.21198744 0.2408376
v -0.08141315 -0.20750745 0.2408376
v -0.08034088 -0.33957678 0.08354504
v -0.10218395 -0.33572525 0.08354504
v -0.09843725 -0.34197906 0.07543316
v -0.100625955 -0.35493022 0.07523932
v -0.08837333 -0.35709062 0.07523932
v -0.08600049 -0.34417197 0.07543316
v 0.4784832 -0.6303683 0.00411579
v 0.4823478 -0.6236383 0.00411579
v 0.4784832 -0.6303683 0
v 0.4823477 -0.6236382 0
v 0.47280967 -0.5945385 0.00411579
v 0.47280967 -0.5945385 0
v 0.42163473 -0.53446037 0
v 0.4440365 -0.5607294 0.013322129
v 0.41825107 -0.5304279 0.01332216
v 0.45905936 -0.5781515 0.013322115
v 0.4440365 -0.5607294 0.019677103
v 0.41218287 -0.5874577 0.013322129
v 0.38681936 -0.55680233 0.01332216
v 0.4010615 -0.54523724 0.01332216
v 0.431033 -0.5810642 0.013322129
v 0.43446696 -0.578183 0.019677103
v 0.4440365 -0.5607294 0.013322129
v 0.4440365 -0.5607294 0.019677103
v 0.43446696 -0.578183 0.013322129
v 0.43446696 -0.578183 0.013322129
v 0.43446696 -0.578183 0.019677103
v 0.45932934 -0.6076516 0.013322129
v 0.4784832 -0.6303683 0.00411579
v 0.4784832 -0.6303683 0
v 0.40777236 -0.546478 0
v 0.4043886 -0.54244536 0.01332216
v 0.4747822 -0.63347375 0
v 0.44048205 -0.6216646 0
v 0.46748343 -0.636111 0
v 0.4044451 -0.5492697 0
v 0.390203 -0.5608348 0
v 0.4747822 -0.63347375 0.00411579
v 0.4747822 -0.63347375 0
v 0.46748343 -0.6361111 0.00411579
v 0.46748343 -0.636111 0
v 0.44048205 -0.6216646 0.00411579
v 0.44048205 -0.6216646 0
v 0.390203 -0.5608348 0
v 0.44048205 -0.6216646 0.00411579
v 0.44048205 -0.6216646 0
v 0.41218287 -0.5874577 0.013322129
v 0.38681936 -0.55680233 0.01332216
v 0.4267317 -0.60527766 0.013322115
v 0.41218287 -0.5874577 0.019677103
v 0.41825107 -0.5304279 0.01332216
v 0.4043886 -0.54244536 0.01332216
v 0.40777236 -0.546478 0
v 0.42163473 -0.53446037 0
v 0.431033 -0.5810642 0.019677103
v 0.41218287 -0.5874577 0.019677103
v 0.41218287 -0.5874577 0.013322129
v 0.431033 -0.5810642 0.013322129
v 0.431033 -0.5810642 0.013322129
v 0.45573685 -0.61066633 0.013322129
v 0.431033 -0.5810642 0.019677103
v 0.4747822 -0.63347375 0.00411579
v 0.4747822 -0.63347375 0
v 0.4044451 -0.5492697 0
v 0.4010615 -0.54523724 0.01332216
v 0.38681936 -0.55680233 0.01332216
v 0.390203 -0.5608348 0
v 0.4010615 -0.54523724 0.01332216
v 0.4044451 -0.5492697 0
v 0.4823478 -0.6236383 0.00411579
v 0.4784832 -0.6303683 0.00411579
v 0.45932934 -0.6076516 0.013322129
v 0.45905936 -0.5781515 0.013322115
v 0.43446696 -0.578183 0.019677103
v 0.4440365 -0.5607294 0.019677103
v 0.46748343 -0.6361111 0.00411579
v 0.45573685 -0.61066633 0.013322129
v 0.4747822 -0.63347375 0.00411579
v 0.4267317 -0.60527766 0.013322115
v 0.431033 -0.5810642 0.019677103
v 0.41218287 -0.5874577 0.019677103
v 0.4440365 -0.5607294 0.013322129
v 0.43446696 -0.578183 0.013322129
v 0.4043886 -0.54244536 0.01332216
v 0.41825107 -0.5304279 0.01332216
v 0.47280967 -0.5945385 0
v 0.4784832 -0.6303683 0
v 0.4823477 -0.6236382 0
v 0.40777236 -0.546478 0
v 0.42163473 -0.53446037 0
v 0.4303645 -0.548902 0.014634609
v 0.42292204 -0.5400322 0.014634623
v 0.39546657 -0.56307 0.014634623
v 0.40290916 -0.5719397 0.014634609
v 0.39546657 -0.56307 0.014634623
v 0.42292204 -0.5400322 0.014634623
v 0.4192007 -0.53559726 0.024661988
v 0.39174524 -0.55863523 0.024661988
v 0.39546657 -0.56307 0.034689322
v 0.42292204 -0.5400322 0.034689307
v 0.4029095 -0.5719394 0.034689307
v 0.42292204 -0.5400322 0.034689307
v 0.4303645 -0.548902 0.034689307
v 0.40663037 -0.5763745 0.024661958
v 0.4029095 -0.5719394 0.034689307
v 0.4303645 -0.548902 0.034689307
v 0.43408588 -0.5533367 0.024661958
v 0.4303645 -0.548902 0.014634609
v 0.40290916 -0.5719397 0.014634609
v 0.42292204 -0.5400322 0.014634623
v 0.4303645 -0.548902 0.014634609
v 0.43408588 -0.5533367 0.024661958
v 0.4192007 -0.53559726 0.024661988
v 0.42292204 -0.5400322 0.034689307
v 0.4303645 -0.548902 0.034689307
v 0.40290916 -0.5719397 0.014634609
v 0.39546657 -0.56307 0.014634623
v 0.39174524 -0.55863523 0.024661988
v 0.40663037 -0.5763745 0.024661958
v 0.4029095 -0.5719394 0.034689307
v 0.39546657 -0.56307 0.034689322
v 0.4338822 -0.5652686 0.038997676
v 0.42072234 -0.58550954 0.02825217
v 0.41841635 -0.57824594 0.038997676
v 0.440635 -0.56880075 0.02825217
v 0.23845483 -0.31193212 0.27547583
v 0.23202129 -0.31146076 0.2908803
v 0.20286424 -0.34179607 0.27547583
v 0.20351732 -0.3353785 0.2908803
v 0.440635 -0.56880075 0.02825217
v 0.39274272 -0.55281913 0.057367906
v 0.42072234 -0.58550954 0.02825217
v 0.41329977 -0.5355696 0.057367906
v 0.3778399 -0.5368008 0.061871022
v 0.40011275 -0.51811165 0.061871022
v 0.2230878 -0.36544245 0.22854686
v 0.25823015 -0.33595452 0.22854686
v 0.41841635 -0.57824594 0.038997676
v 0.42072234 -0.58550954 0.02825217
v 0.39274272 -0.55281913 0.057367906
v 0.22388622 -0.36471373 0.25219283
v 0.20351732 -0.3353785 0.2908803
v 0.20286424 -0.34179607 0.27547583
v 0.25737396 -0.33661434 0.25219283
v 0.23202129 -0.31146076 0.2908803
v 0.23845483 -0.31193212 0.27547583
v 0.4338822 -0.5652686 0.038997676
v 0.41329977 -0.5355696 0.057367906
v 0.440635 -0.56880075 0.02825217
v 0.40011275 -0.51811165 0.061871022
v 0.25823015 -0.33595452 0.22854686
v 0.23845483 -0.31193212 0.27547583
v 0.20286424 -0.34179607 0.27547583
v 0.22388622 -0.36471373 0.25219283
v 0.25737396 -0.33661434 0.25219283
v 0.36386156 -0.5102652 0.06371176
v 0.36989012 -0.51744986 0.070036896
v 0.38010848 -0.5292206 0.060440857
v 0.4149966 -0.5680298 0.016294122
v 0.39270148 -0.5436183 0.06427583
v 0.4211925 -0.57541376 0.034827277
v 0.42189503 -0.5762511 0.021434039
v 0.38243622 -0.5069225 0.070036896
v 0.36989012 -0.51744986 0.070036896
v 0.36386156 -0.5102652 0.06371176
v 0.37640753 -0.4997378 0.06371176
v 0.4149966 -0.5680298 0.016294122
v 0.42189503 -0.5762511 0.021434039
v 0.43131363 -0.5683479 0.021434039
v 0.4244151 -0.5601266 0.016294122
v 0.36386156 -0.5102652 0.06371176
v 0.37640753 -0.4997378 0.06371176
v 0.38010848 -0.5292206 0.060440857
v 0.36989012 -0.51744986 0.070036896
v 0.38243622 -0.5069225 0.070036896
v 0.39225367 -0.5190296 0.060440857
v 0.39270148 -0.5436183 0.06427583
v 0.40424597 -0.5339313 0.06427583
v 0.37640753 -0.4997378 0.06371176
v 0.39225367 -0.5190296 0.060440857
v 0.38243622 -0.5069225 0.070036896
v 0.4244151 -0.5601266 0.016294122
v 0.40424597 -0.5339313 0.06427583
v 0.430611 -0.56751066 0.034827277
v 0.43131363 -0.5683479 0.021434039
v 0.430611 -0.56751066 0.034827277
v 0.43131363 -0.5683479 0.021434039
v 0.42189503 -0.5762511 0.021434039
v 0.4211925 -0.57541376 0.034827277
v 0.23837548 -0.32408103 0.22489432
v 0.21484241 -0.34382764 0.22489432
v 0.2535511 -0.38489723 0.19111887
v 0.2720995 -0.3693333 0.19111887
v 0.2719 -0.40611908 0.1942837
v 0.28981265 -0.39108855 0.1942837
v 0.22947796 -0.36166382 0.2482651
v 0.2719 -0.40611908 0.1942837
v 0.2535511 -0.38489723 0.19111887
v 0.21484241 -0.34382764 0.22489432
v 0.20400622 -0.3319344 0.24869998
v 0.21048072 -0.34020975 0.2615755
v 0.23556997 -0.31915736 0.2615755
v 0.21048072 -0.34020975 0.2615755
v 0.20400622 -0.3319344 0.24869998
v 0.22854465 -0.31134424 0.24869998
v 0.2720995 -0.3693333 0.19111887
v 0.28981265 -0.39108855 0.1942837
v 0.2533993 -0.34159145 0.2482651
v 0.23837548 -0.32408103 0.22489432
v 0.22854465 -0.31134424 0.24869998
v 0.23556997 -0.31915736 0.2615755
v 0.22388622 -0.36471373 0.25219283
v 0.39274272 -0.55281913 0.057367906
v 0.3778399 -0.5368008 0.061871022
v 0.2230878 -0.36544245 0.22854686
v 0.22854465 -0.31134424 0.24869998
v 0.20400622 -0.3319344 0.24869998
v 0.21484241 -0.34382764 0.22489432
v 0.23837548 -0.32408103 0.22489432
v 0.22947796 -0.36166382 0.2482651
v 0.23556997 -0.31915736 0.2615755
v 0.2533993 -0.34159145 0.2482651
v 0.21048072 -0.34020975 0.2615755
v 0.41841635 -0.57824594 0.038997676
v 0.20351732 -0.3353785 0.2908803
v 0.23202129 -0.31146076 0.2908803
v 0.4338822 -0.5652686 0.038997676
v 0.25737396 -0.33661434 0.25219283
v 0.22388622 -0.36471373 0.25219283
v 0.2230878 -0.36544245 0.22854686
v 0.25823015 -0.33595452 0.22854686
v 0.089392304 -0.1447744 0.13067934
v 0.07915156 -0.13212809 0.110401
v 0.10020107 -0.15812203 0.10149876
v 0.12919582 -0.19392757 0.15511557
v 0.16758312 -0.24133195 0.14912266
v 0.18985584 -0.2688365 0.18649207
v 0.13271035 -0.19826768 0.1751391
v 0.22160968 -0.3078846 0.22967163
v 0.22996156 -0.3181983 0.21529186
v 0.24318628 -0.33395892 0.23427707
v 0.23483442 -0.3236452 0.24865684
v 0.20180337 -0.32450396 0.22967163
v 0.10928898 -0.21792053 0.1751391
v 0.13271035 -0.19826768 0.1751391
v 0.22160968 -0.3078846 0.22967163
v 0.06413047 -0.16597158 0.13067934
v 0.07539846 -0.17893393 0.10149876
v 0.053454593 -0.15369043 0.110401
v 0.10562513 -0.21370575 0.15511557
v 0.14564343 -0.25974157 0.14912266
v 0.16886248 -0.286452 0.18649207
v 0.10928898 -0.21792053 0.1751391
v 0.20180337 -0.32450396 0.22967163
v 0.21051013 -0.33451998 0.21529186
v 0.22373486 -0.35028064 0.23427707
v 0.21502808 -0.34026465 0.24865684
v 0.089392304 -0.1447744 0.13067934
v 0.12919582 -0.19392757 0.15511557
v 0.10562513 -0.21370575 0.15511557
v 0.06413047 -0.16597158 0.13067934
v 0.053454593 -0.15369043 0.110401
v 0.07915156 -0.13212809 0.110401
v 0.10020107 -0.15812203 0.10149876
v 0.07539846 -0.17893393 0.10149876
v 0.16758312 -0.24133195 0.14912266
v 0.14564343 -0.25974157 0.14912266
v 0.16886248 -0.286452 0.18649207
v 0.18985584 -0.2688365 0.18649207
v 0.21051013 -0.33451998 0.21529186
v 0.22996156 -0.3181983 0.21529186
v 0.24318628 -0.33395892 0.23427707
v 0.22373486 -0.35028064 0.23427707
v 0.13271035 -0.19826768 0.1751391
v 0.10928898 -0.21792053 0.1751391
v 0.12919582 -0.19392757 0.15511557
v 0.10562513 -0.21370575 0.15511557
v 0.05179806 -0.14199144 0.13349685
v 0.11467632 -0.21432461 0.17048803
v 0.10670163 -0.20515074 0.12649235
v 0.058180504 -0.14933358 0.093149066
v 0.04056589 -0.1290703 0.11019772
v 0.04300162 -0.13187228 0.10047839
v 0.058180504 -0.14933358 0.093149066
v 0.10670163 -0.20515074 0.12649235
v 0.12058385 -0.19350214 0.12649235
v 0.07404028 -0.13602565 0.093149066
v 0.04300162 -0.13187228 0.10047839
v 0.05948004 -0.11804524 0.10047839
v 0.06791797 -0.12846524 0.13349685
v 0.12058385 -0.19350214 0.12649235
v 0.12823357 -0.20294875 0.17048803
v 0.07404028 -0.13602565 0.093149066
v 0.057143595 -0.115159996 0.11019772
v 0.05948004 -0.11804524 0.10047839
v 0.12823357 -0.20294875 0.17048803
v 0.11467632 -0.21432461 0.17048803
v 0.06791797 -0.12846524 0.13349685
v 0.05179806 -0.14199144 0.13349685
v 0.06791797 -0.12846524 0.13349685
v 0.05179806 -0.14199144 0.13349685
v 0.057143595 -0.115159996 0.11019772
v 0.04056589 -0.1290703 0.11019772
v 0.04300162 -0.13187228 0.10047839
v 0.05948004 -0.11804524 0.10047839
v 0.07154041 -0.13180867 0.13633123
v 0.02430644 -0.13180864 0.11019316
v 0.024306437 -0.13180868 0.13633123
v 0.07154041 -0.13180862 0.11019316
v 0.07154041 -0.07003132 0.091331005
v 0.07154041 -0.13180867 0.13633123
v 0.07154041 -0.07003126 0.13633123
v 0.07154041 -0.13180862 0.11019316
v 0.07154041 -0.12100523 0.091331005
v 0.024306435 -0.070031285 0.13633123
v 0.07154041 -0.07003126 0.13633123
v 0.07154041 -0.13180867 0.13633123
v 0.024306437 -0.13180868 0.13633123
v 0.024306435 -0.070031285 0.13633123
v 0.024306437 -0.13180868 0.13633123
v 0.024306433 -0.07003133 0.091331005
v 0.02430644 -0.13180864 0.11019316
v 0.024306446 -0.121005245 0.091331005
v 0.07154041 -0.13180862 0.11019316
v 0.07154041 -0.12100523 0.091331005
v 0.024306446 -0.121005245 0.091331005
v 0.02430644 -0.13180864 0.11019316
v 0.07154041 -0.12100523 0.091331005
v 0.07154041 -0.07003132 0.091331005
v 0.024306433 -0.07003133 0.091331005
v 0.024306446 -0.121005245 0.091331005
v 0.035677087 -0.027608873 0.09806192
v 0.035677087 -0.027608873 0.14698282
v 0.023430757 -0.048820127 0.14698282
v 0.023430757 -0.048820127 0.09806192
v 0.035677094 -0.070031375 0.14698282
v 0.035677094 -0.070031375 0.09806192
v 0.06016975 -0.027608864 0.14698282
v 0.06016975 -0.027608864 0.09806192
v 0.07241608 -0.04882011 0.09806192
v 0.07241608 -0.04882011 0.14698282
v 0.06016974 -0.07003135 0.09806192
v 0.06016974 -0.07003135 0.14698282
v 0.06016974 -0.07003135 0.09806192
v 0.07241608 -0.04882011 0.09806192
v 0.06016975 -0.027608864 0.09806192
v 0.035677087 -0.027608873 0.09806192
v 0.035677094 -0.070031375 0.09806192
v 0.023430757 -0.048820127 0.09806192
v 0.035677094 -0.070031375 0.14698282
v 0.06016974 -0.07003135 0.14698282
v 0.035677094 -0.070031375 0.09806192
v 0.06016974 -0.07003135 0.09806192
v 0.035677094 -0.070031375 0.14698282
v 0.023430757 -0.048820127 0.14698282
v 0.035677087 -0.027608873 0.14698282
v 0.06016974 -0.07003135 0.14698282
v 0.06016975 -0.027608864 0.14698282
v 0.07241608 -0.04882011 0.14698282
v 0.26415777 -0.35144252 0.19577137
v 0.25696886 -0.34287512 0.19277465
v 0.23731118 -0.37396947 0.19577137
v 0.2301223 -0.36540207 0.19277465
v 0.22485955 -0.35913017 0.20096195
v 0.25170612 -0.33660322 0.20096195
v 0.22678584 -0.36142585 0.21214597
v 0.22485955 -0.35913017 0.20096195
v 0.25170612 -0.33660322 0.20096195
v 0.25363243 -0.33889887 0.21214597
v 0.22678584 -0.36142585 0.21214597
v 0.25363243 -0.33889887 0.21214597
v 0.2608213 -0.34746638 0.21514273
v 0.23397481 -0.36999327 0.21514273
v 0.23923747 -0.3762651 0.20695539
v 0.26608402 -0.35373822 0.20695539
v 0.23731118 -0.37396947 0.19577137
v 0.23923747 -0.3762651 0.20695539
v 0.26415777 -0.35144252 0.19577137
v 0.26608402 -0.35373822 0.20695539
v 0.25170612 -0.33660322 0.20096195
v 0.25696886 -0.34287512 0.19277465
v 0.26415777 -0.35144252 0.19577137
v 0.26608402 -0.35373822 0.20695539
v 0.25363243 -0.33889887 0.21214597
v 0.2608213 -0.34746638 0.21514273
v 0.22678584 -0.36142585 0.21214597
v 0.23397481 -0.36999327 0.21514273
v 0.23923747 -0.3762651 0.20695539
v 0.22485955 -0.35913017 0.20096195
v 0.23731118 -0.37396947 0.19577137
v 0.2301223 -0.36540207 0.19277465
v 0.024306435 -0.070031285 0.13633123
v 0.024306433 -0.07003133 0.091331005
v 0.07154041 -0.07003132 0.091331005
v 0.07154041 -0.07003126 0.13633123
v 0.22160968 -0.3078846 0.22967163
v 0.23483442 -0.3236452 0.24865684
v 0.21502808 -0.34026465 0.24865684
v 0.20180337 -0.32450396 0.22967163
v 0.06016975 -0.027608864 0.14698282
v 0.035677087 -0.027608873 0.14698282
v 0.06016975 -0.027608864 0.09806192
v 0.035677087 -0.027608873 0.09806192
v -0.4784832 -0.6303683 0.00411579
v -0.4784832 -0.6303683 0
v -0.4823478 -0.6236383 0.00411579
v -0.4823477 -0.6236382 0
v -0.47280967 -0.5945385 0.00411579
v -0.47280967 -0.5945385 0
v -0.42163473 -0.53446037 0
v -0.4440365 -0.5607294 0.013322129
v -0.41825107 -0.5304279 0.01332216
v -0.45905936 -0.5781515 0.013322115
v -0.4440365 -0.5607294 0.019677103
v -0.4010615 -0.54523724 0.01332216
v -0.38681936 -0.55680233 0.01332216
v -0.41218287 -0.5874577 0.013322129
v -0.431033 -0.5810642 0.013322129
v -0.43446696 -0.578183 0.019677103
v -0.4440365 -0.5607294 0.019677103
v -0.4440365 -0.5607294 0.013322129
v -0.43446696 -0.578183 0.013322129
v -0.43446696 -0.578183 0.013322129
v -0.45932934 -0.6076516 0.013322129
v -0.43446696 -0.578183 0.019677103
v -0.4784832 -0.6303683 0.00411579
v -0.4784832 -0.6303683 0
v -0.40777236 -0.546478 0
v -0.4043886 -0.54244536 0.01332216
v -0.4747822 -0.63347375 0
v -0.46748343 -0.636111 0
v -0.44048205 -0.6216646 0
v -0.4044451 -0.5492697 0
v -0.390203 -0.5608348 0
v -0.46748343 -0.6361111 0.00411579
v -0.4747822 -0.63347375 0
v -0.4747822 -0.63347375 0.00411579
v -0.46748343 -0.636111 0
v -0.44048205 -0.6216646 0.00411579
v -0.44048205 -0.6216646 0
v -0.390203 -0.5608348 0
v -0.44048205 -0.6216646 0
v -0.44048205 -0.6216646 0.00411579
v -0.41218287 -0.5874577 0.013322129
v -0.38681936 -0.55680233 0.01332216
v -0.4267317 -0.60527766 0.013322115
v -0.41218287 -0.5874577 0.019677103
v -0.40777236 -0.546478 0
v -0.4043886 -0.54244536 0.01332216
v -0.41825107 -0.5304279 0.01332216
v -0.42163473 -0.53446037 0
v -0.431033 -0.5810642 0.019677103
v -0.41218287 -0.5874577 0.013322129
v -0.41218287 -0.5874577 0.019677103
v -0.431033 -0.5810642 0.013322129
v -0.431033 -0.5810642 0.013322129
v -0.431033 -0.5810642 0.019677103
v -0.45573685 -0.61066633 0.013322129
v -0.4747822 -0.63347375 0.00411579
v -0.4747822 -0.63347375 0
v -0.4044451 -0.5492697 0
v -0.4010615 -0.54523724 0.01332216
v -0.38681936 -0.55680233 0.01332216
v -0.4010615 -0.54523724 0.01332216
v -0.390203 -0.5608348 0
v -0.4044451 -0.5492697 0
v -0.4823478 -0.6236383 0.00411579
v -0.45932934 -0.6076516 0.013322129
v -0.4784832 -0.6303683 0.00411579
v -0.45905936 -0.5781515 0.013322115
v -0.43446696 -0.578183 0.019677103
v -0.4440365 -0.5607294 0.019677103
v -0.46748343 -0.6361111 0.00411579
v -0.4747822 -0.63347375 0.00411579
v -0.45573685 -0.61066633 0.013322129
v -0.4267317 -0.60527766 0.013322115
v -0.431033 -0.5810642 0.019677103
v -0.41218287 -0.5874577 0.019677103
v -0.4043886 -0.54244536 0.01332216
v -0.43446696 -0.578183 0.013322129
v -0.4440365 -0.5607294 0.013322129
v -0.41825107 -0.5304279 0.01332216
v -0.47280967 -0.5945385 0
v -0.4823477 -0.6236382 0
v -0.4784832 -0.6303683 0
v -0.40777236 -0.546478 0
v -0.42163473 -0.53446037 0
v -0.39546657 -0.56307 0.014634623
v -0.42292204 -0.5400322 0.014634623
v -0.4303645 -0.548902 0.014634609
v -0.40290916 -0.5719397 0.014634609
v -0.39546657 -0.56307 0.014634623
v -0.4192007 -0.53559726 0.024661988
v -0.42292204 -0.5400322 0.014634623
v -0.39174524 -0.55863523 0.024661988
v -0.39546657 -0.56307 0.034689322
v -0.42292204 -0.5400322 0.034689307
v -0.42292204 -0.5400322 0.034689307
v -0.4029095 -0.5719394 0.034689307
v -0.4303645 -0.548902 0.034689307
v -0.4303645 -0.548902 0.034689307
v -0.4029095 -0.5719394 0.034689307
v -0.40663037 -0.5763745 0.024661958
v -0.43408588 -0.5533367 0.024661958
v -0.4303645 -0.548902 0.014634609
v -0.40290916 -0.5719397 0.014634609
v -0.43408588 -0.5533367 0.024661958
v -0.4303645 -0.548902 0.014634609
v -0.42292204 -0.5400322 0.014634623
v -0.4192007 -0.53559726 0.024661988
v -0.42292204 -0.5400322 0.034689307
v -0.4303645 -0.548902 0.034689307
v -0.39174524 -0.55863523 0.024661988
v -0.39546657 -0.56307 0.014634623
v -0.40290916 -0.5719397 0.014634609
v -0.40663037 -0.5763745 0.024661958
v -0.4029095 -0.5719394 0.034689307
v -0.39546657 -0.56307 0.034689322
v -0.4338822 -0.5652686 0.038997676
v -0.41841635 -0.57824594 0.038997676
v -0.42072234 -0.58550954 0.02825217
v -0.440635 -0.56880075 0.02825217
v -0.23202129 -0.31146076 0.2908803
v -0.20286424 -0.34179607 0.27547583
v -0.20351732 -0.3353785 0.2908803
v -0.23845483 -0.31193212 0.27547583
v -0.440635 -0.56880075 0.02825217
v -0.42072234 -0.58550954 0.02825217
v -0.39274272 -0.55281913 0.057367906
v -0.41329977 -0.5355696 0.057367906
v -0.3778399 -0.5368008 0.061871022
v -0.40011275 -0.51811165 0.061871022
v -0.2230878 -0.36544245 0.22854686
v -0.25823015 -0.33595452 0.22854686
v -0.41841635 -0.57824594 0.038997676
v -0.39274272 -0.55281913 0.057367906
v -0.42072234 -0.58550954 0.02825217
v -0.22388622 -0.36471373 0.25219283
v -0.20351732 -0.3353785 0.2908803
v -0.20286424 -0.34179607 0.27547583
v -0.25737396 -0.33661434 0.25219283
v -0.23845483 -0.31193212 0.27547583
v -0.23202129 -0.31146076 0.2908803
v -0.4338822 -0.5652686 0.038997676
v -0.41329977 -0.5355696 0.057367906
v -0.440635 -0.56880075 0.02825217
v -0.40011275 -0.51811165 0.061871022
v -0.25823015 -0.33595452 0.22854686
v -0.23845483 -0.31193212 0.27547583
v -0.25737396 -0.33661434 0.25219283
v -0.22388622 -0.36471373 0.25219283
v -0.20286424 -0.34179607 0.27547583
v -0.36386156 -0.5102652 0.06371176
v -0.38010848 -0.5292206 0.060440857
v -0.36989012 -0.51744986 0.070036896
v -0.4149966 -0.5680298 0.016294122
v -0.39270148 -0.5436183 0.06427583
v -0.4211925 -0.57541376 0.034827277
v -0.42189503 -0.5762511 0.021434039
v -0.36386156 -0.5102652 0.06371176
v -0.36989012 -0.51744986 0.070036896
v -0.38243622 -0.5069225 0.070036896
v -0.37640753 -0.4997378 0.06371176
v -0.4149966 -0.5680298 0.016294122
v -0.43131363 -0.5683479 0.021434039
v -0.42189503 -0.5762511 0.021434039
v -0.4244151 -0.5601266 0.016294122
v -0.36386156 -0.5102652 0.06371176
v -0.37640753 -0.4997378 0.06371176
v -0.38243622 -0.5069225 0.070036896
v -0.36989012 -0.51744986 0.070036896
v -0.38010848 -0.5292206 0.060440857
v -0.39225367 -0.5190296 0.060440857
v -0.39270148 -0.5436183 0.06427583
v -0.40424597 -0.5339313 0.06427583
v -0.37640753 -0.4997378 0.06371176
v -0.38243622 -0.5069225 0.070036896
v -0.39225367 -0.5190296 0.060440857
v -0.4244151 -0.5601266 0.016294122
v -0.40424597 -0.5339313 0.06427583
v -0.430611 -0.56751066 0.034827277
v -0.43131363 -0.5683479 0.021434039
v -0.430611 -0.56751066 0.034827277
v -0.4211925 -0.57541376 0.034827277
v -0.42189503 -0.5762511 0.021434039
v -0.43131363 -0.5683479 0.021434039
v -0.2535511 -0.38489723 0.19111887
v -0.21484241 -0.34382764 0.22489432
v -0.23837548 -0.32408103 0.22489432
v -0.2720995 -0.3693333 0.19111887
v -0.2719 -0.40611908 0.1942837
v -0.28981265 -0.39108855 0.1942837
v -0.2535511 -0.38489723 0.19111887
v -0.2719 -0.40611908 0.1942837
v -0.22947796 -0.36166382 0.2482651
v -0.21484241 -0.34382764 0.22489432
v -0.20400622 -0.3319344 0.24869998
v -0.21048072 -0.34020975 0.2615755
v -0.20400622 -0.3319344 0.24869998
v -0.21048072 -0.34020975 0.2615755
v -0.23556997 -0.31915736 0.2615755
v -0.22854465 -0.31134424 0.24869998
v -0.28981265 -0.39108855 0.1942837
v -0.2720995 -0.3693333 0.19111887
v -0.2533993 -0.34159145 0.2482651
v -0.23837548 -0.32408103 0.22489432
v -0.22854465 -0.31134424 0.24869998
v -0.23556997 -0.31915736 0.2615755
v -0.3778399 -0.5368008 0.061871022
v -0.39274272 -0.55281913 0.057367906
v -0.22388622 -0.36471373 0.25219283
v -0.2230878 -0.36544245 0.22854686
v -0.21484241 -0.34382764 0.22489432
v -0.20400622 -0.3319344 0.24869998
v -0.22854465 -0.31134424 0.24869998
v -0.23837548 -0.32408103 0.22489432
v -0.21048072 -0.34020975 0.2615755
v -0.22947796 -0.36166382 0.2482651
v -0.23556997 -0.31915736 0.2615755
v -0.2533993 -0.34159145 0.2482651
v -0.23202129 -0.31146076 0.2908803
v -0.20351732 -0.3353785 0.2908803
v -0.41841635 -0.57824594 0.038997676
v -0.4338822 -0.5652686 0.038997676
v -0.25737396 -0.33661434 0.25219283
v -0.25823015 -0.33595452 0.22854686
v -0.2230878 -0.36544245 0.22854686
v -0.22388622 -0.36471373 0.25219283
v -0.089392304 -0.1447744 0.13067934
v -0.10020107 -0.15812203 0.10149876
v -0.07915156 -0.13212809 0.110401
v -0.12919582 -0.19392757 0.15511557
v -0.16758312 -0.24133195 0.14912266
v -0.18985584 -0.2688365 0.18649207
v -0.13271035 -0.19826768 0.1751391
v -0.22160968 -0.3078846 0.22967163
v -0.22996156 -0.3181983 0.21529186
v -0.24318628 -0.33395892 0.23427707
v -0.23483442 -0.3236452 0.24865684
v -0.20180337 -0.32450396 0.22967163
v -0.22160968 -0.3078846 0.22967163
v -0.13271035 -0.19826768 0.1751391
v -0.10928898 -0.21792053 0.1751391
v -0.06413047 -0.16597158 0.13067934
v -0.053454593 -0.15369043 0.110401
v -0.07539846 -0.17893393 0.10149876
v -0.10562513 -0.21370575 0.15511557
v -0.14564343 -0.25974157 0.14912266
v -0.16886248 -0.286452 0.18649207
v -0.10928898 -0.21792053 0.1751391
v -0.20180337 -0.32450396 0.22967163
v -0.21051013 -0.33451998 0.21529186
v -0.22373486 -0.35028064 0.23427707
v -0.21502808 -0.34026465 0.24865684
v -0.10562513 -0.21370575 0.15511557
v -0.12919582 -0.19392757 0.15511557
v -0.089392304 -0.1447744 0.13067934
v -0.06413047 -0.16597158 0.13067934
v -0.053454593 -0.15369043 0.110401
v -0.07915156 -0.13212809 0.110401
v -0.10020107 -0.15812203 0.10149876
v -0.07539846 -0.17893393 0.10149876
v -0.16758312 -0.24133195 0.14912266
v -0.14564343 -0.25974157 0.14912266
v -0.16886248 -0.286452 0.18649207
v -0.18985584 -0.2688365 0.18649207
v -0.21051013 -0.33451998 0.21529186
v -0.22996156 -0.3181983 0.21529186
v -0.24318628 -0.33395892 0.23427707
v -0.22373486 -0.35028064 0.23427707
v -0.13271035 -0.19826768 0.1751391
v -0.12919582 -0.19392757 0.15511557
v -0.10928898 -0.21792053 0.1751391
v -0.10562513 -0.21370575 0.15511557
v -0.10670163 -0.20515074 0.12649235
v -0.11467632 -0.21432461 0.17048803
v -0.05179806 -0.14199144 0.13349685
v -0.058180504 -0.14933358 0.093149066
v -0.04056589 -0.1290703 0.11019772
v -0.04300162 -0.13187228 0.10047839
v -0.12058385 -0.19350214 0.12649235
v -0.10670163 -0.20515074 0.12649235
v -0.058180504 -0.14933358 0.093149066
v -0.07404028 -0.13602565 0.093149066
v -0.04300162 -0.13187228 0.10047839
v -0.05948004 -0.11804524 0.10047839
v -0.12823357 -0.20294875 0.17048803
v -0.12058385 -0.19350214 0.12649235
v -0.06791797 -0.12846524 0.13349685
v -0.07404028 -0.13602565 0.093149066
v -0.057143595 -0.115159996 0.11019772
v -0.05948004 -0.11804524 0.10047839
v -0.11467632 -0.21432461 0.17048803
v -0.06791797 -0.12846524 0.13349685
v -0.05179806 -0.14199144 0.13349685
v -0.12823357 -0.20294875 0.17048803
v -0.057143595 -0.115159996 0.11019772
v -0.05179806 -0.14199144 0.13349685
v -0.06791797 -0.12846524 0.13349685
v -0.04056589 -0.1290703 0.11019772
v -0.04300162 -0.13187228 0.10047839
v -0.05948004 -0.11804524 0.10047839
v -0.07154041 -0.13180867 0.13633123
v -0.024306437 -0.13180868 0.13633123
v -0.02430644 -0.13180864 0.11019316
v -0.07154041 -0.13180862 0.11019316
v -0.07154041 -0.07003132 0.091331005
v -0.07154041 -0.07003126 0.13633123
v -0.07154041 -0.13180867 0.13633123
v -0.07154041 -0.13180862 0.11019316
v -0.07154041 -0.12100523 0.091331005
v -0.024306435 -0.070031285 0.13633123
v -0.024306437 -0.13180868 0.13633123
v -0.07154041 -0.13180867 0.13633123
v -0.07154041 -0.07003126 0.13633123
v -0.024306435 -0.070031285 0.13633123
v -0.024306433 -0.07003133 0.091331005
v -0.024306437 -0.13180868 0.13633123
v -0.02430644 -0.13180864 0.11019316
v -0.024306446 -0.121005245 0.091331005
v -0.07154041 -0.13180862 0.11019316
v -0.02430644 -0.13180864 0.11019316
v -0.024306446 -0.121005245 0.091331005
v -0.07154041 -0.12100523 0.091331005
v -0.07154041 -0.12100523 0.091331005
v -0.024306446 -0.121005245 0.091331005
v -0.024306433 -0.07003133 0.091331005
v -0.07154041 -0.07003132 0.091331005
v -0.035677087 -0.027608873 0.09806192
v -0.023430757 -0.048820127 0.14698282
v -0.035677087 -0.027608873 0.14698282
v -0.023430757 -0.048820127 0.09806192
v -0.035677094 -0.070031375 0.14698282
v -0.035677094 -0.070031375 0.09806192
v -0.06016975 -0.027608864 0.14698282
v -0.07241608 -0.04882011 0.09806192
v -0.06016975 -0.027608864 0.09806192
v -0.07241608 -0.04882011 0.14698282
v -0.06016974 -0.07003135 0.09806192
v -0.06016974 -0.07003135 0.14698282
v -0.035677094 -0.070031375 0.09806192
v -0.023430757 -0.048820127 0.09806192
v -0.035677087 -0.027608873 0.09806192
v -0.06016974 -0.07003135 0.09806192
v -0.06016975 -0.027608864 0.09806192
v -0.07241608 -0.04882011 0.09806192
v -0.035677094 -0.070031375 0.09806192
v -0.06016974 -0.07003135 0.14698282
v -0.035677094 -0.070031375 0.14698282
v -0.06016974 -0.07003135 0.09806192
v -0.035677094 -0.070031375 0.14698282
v -0.035677087 -0.027608873 0.14698282
v -0.023430757 -0.048820127 0.14698282
v -0.06016974 -0.07003135 0.14698282
v -0.06016975 -0.027608864 0.14698282
v -0.07241608 -0.04882011 0.14698282
v -0.25696886 -0.34287512 0.19277465
v -0.26415777 -0.35144252 0.19577137
v -0.23731118 -0.37396947 0.19577137
v -0.2301223 -0.36540207 0.19277465
v -0.22485955 -0.35913017 0.20096195
v -0.25170612 -0.33660322 0.20096195
v -0.22678584 -0.36142585 0.21214597
v -0.25363243 -0.33889887 0.21214597
v -0.25170612 -0.33660322 0.20096195
v -0.22485955 -0.35913017 0.20096195
v -0.22678584 -0.36142585 0.21214597
v -0.2608213 -0.34746638 0.21514273
v -0.25363243 -0.33889887 0.21214597
v -0.23397481 -0.36999327 0.21514273
v -0.23923747 -0.3762651 0.20695539
v -0.26608402 -0.35373822 0.20695539
v -0.23923747 -0.3762651 0.20695539
v -0.26415777 -0.35144252 0.19577137
v -0.26608402 -0.35373822 0.20695539
v -0.23731118 -0.37396947 0.19577137
v -0.26415777 -0.35144252 0.19577137
v -0.25696886 -0.34287512 0.19277465
v -0.25170612 -0.33660322 0.20096195
v -0.26608402 -0.35373822 0.20695539
v -0.25363243 -0.33889887 0.21214597
v -0.2608213 -0.34746638 0.21514273
v -0.22485955 -0.35913017 0.20096195
v -0.2301223 -0.36540207 0.19277465
v -0.23731118 -0.37396947 0.19577137
v -0.23923747 -0.3762651 0.20695539
v -0.22678584 -0.36142585 0.21214597
v -0.23397481 -0.36999327 0.21514273
v -0.024306435 -0.070031285 0.13633123
v -0.07154041 -0.07003126 0.13633123
v -0.07154041 -0.07003132 0.091331005
v -0.024306433 -0.07003133 0.091331005
v -0.22160968 -0.3078846 0.22967163
v -0.20180337 -0.32450396 0.22967163
v -0.21502808 -0.34026465 0.24865684
v -0.23483442 -0.3236452 0.24865684
v -0.06016975 -0.027608864 0.09806192
v -0.035677087 -0.027608873 0.14698282
v -0.06016975 -0.027608864 0.14698282
v -0.035677087 -0.027608873 0.09806192
v 0.7935389 0.07185049 0.00411579
v 0.7902426 0.07887636 0.00411579
v 0.7902425 0.078876324 0
v 0.7935389 0.07185049 0
v 0.76093465 0.08775409 0.00411579
v 0.7902425 0.078876324 0
v 0.7902426 0.07887636 0.00411579
v 0.76093465 0.08775409 0
v 0.6823688 0.0802935 0
v 0.71673626 0.08357666 0.013322129
v 0.6771248 0.079834685 0.01332216
v 0.7396244 0.08588972 0.013322115
v 0.71673626 0.08357666 0.019677103
v 0.67939633 0.057259515 0.01332216
v 0.7259351 0.06126123 0.013322129
v 0.7203604 0.042152986 0.013322129
v 0.68070096 0.038959637 0.01332216
v 0.72554463 0.06572678 0.019677103
v 0.71673626 0.08357666 0.013322129
v 0.71673626 0.08357666 0.019677103
v 0.72554463 0.06572678 0.013322129
v 0.72554463 0.06572678 0.013322129
v 0.72554463 0.06572678 0.019677103
v 0.7639444 0.06919028 0.013322129
v 0.7935389 0.07185049 0.00411579
v 0.7935389 0.07185049 0
v 0.684262 0.062045086 0
v 0.67901784 0.0615863 0.01332216
v 0.7939599 0.06703763 0
v 0.7646128 0.04571401 0
v 0.7919339 0.05954612 0
v 0.68464035 0.057718314 0
v 0.68594503 0.039418414 0
v 0.7919339 0.05954612 0
v 0.79193395 0.0595461 0.00411579
v 0.7939599 0.06703763 0.00411579
v 0.7939599 0.06703763 0
v 0.79193395 0.0595461 0.00411579
v 0.7919339 0.05954612 0
v 0.7646128 0.04571401 0.00411579
v 0.7646128 0.04571401 0
v 0.68594503 0.039418414 0
v 0.7203604 0.042152986 0.013322129
v 0.68070096 0.038959637 0.01332216
v 0.7433025 0.043849573 0.013322115
v 0.7203604 0.042152986 0.019677103
v 0.6771248 0.079834685 0.01332216
v 0.67901784 0.0615863 0.01332216
v 0.684262 0.062045086 0
v 0.6823688 0.0802935 0
v 0.7259351 0.06126123 0.019677103
v 0.7203604 0.042152986 0.019677103
v 0.7203604 0.042152986 0.013322129
v 0.7259351 0.06126123 0.013322129
v 0.7259351 0.06126123 0.013322129
v 0.7643532 0.06451837 0.013322129
v 0.7259351 0.06126123 0.019677103
v 0.7939599 0.06703763 0.00411579
v 0.7939599 0.06703763 0
v 0.68464035 0.057718314 0
v 0.67939633 0.057259515 0.01332216
v 0.68070096 0.038959637 0.01332216
v 0.68594503 0.039418414 0
v 0.67939633 0.057259515 0.01332216
v 0.68464035 0.057718314 0
v 0.7902426 0.07887636 0.00411579
v 0.7935389 0.07185049 0.00411579
v 0.7639444 0.06919028 0.013322129
v 0.7396244 0.08588972 0.013322115
v 0.72554463 0.06572678 0.019677103
v 0.71673626 0.08357666 0.019677103
v 0.79193395 0.0595461 0.00411579
v 0.7643532 0.06451837 0.013322129
v 0.7939599 0.06703763 0.00411579
v 0.7433025 0.043849573 0.013322115
v 0.7259351 0.06126123 0.019677103
v 0.7203604 0.042152986 0.019677103
v 0.67901784 0.0615863 0.01332216
v 0.6771248 0.079834685 0.01332216
v 0.71673626 0.08357666 0.013322129
v 0.72554463 0.06572678 0.013322129
v 0.76093465 0.08775409 0
v 0.7935389 0.07185049 0
v 0.7902425 0.078876324 0
v 0.684262 0.062045086 0
v 0.6823688 0.0802935 0
v 0.69079506 0.042448 0.014634623
v 0.70232964 0.04345714 0.014634609
v 0.69920594 0.07916118 0.014634609
v 0.68767136 0.07815212 0.014634623
v 0.69079506 0.042448 0.014634623
v 0.68767136 0.07815212 0.014634623
v 0.68190396 0.07764755 0.024661988
v 0.6850278 0.041943386 0.024661988
v 0.69079506 0.042448 0.034689322
v 0.68767136 0.07815212 0.034689307
v 0.68767136 0.07815212 0.034689307
v 0.69920594 0.07916118 0.034689307
v 0.7023295 0.043457612 0.034689307
v 0.69079506 0.042448 0.034689322
v 0.70809674 0.043961696 0.024661958
v 0.7023295 0.043457612 0.034689307
v 0.69920594 0.07916118 0.034689307
v 0.7049731 0.079665825 0.024661958
v 0.69920594 0.07916118 0.014634609
v 0.70232964 0.04345714 0.014634609
v 0.68767136 0.07815212 0.014634623
v 0.69920594 0.07916118 0.014634609
v 0.7049731 0.079665825 0.024661958
v 0.68190396 0.07764755 0.024661988
v 0.68767136 0.07815212 0.034689307
v 0.69920594 0.07916118 0.034689307
v 0.69079506 0.042448 0.034689322
v 0.7023295 0.043457612 0.034689307
v 0.70809674 0.043961696 0.024661958
v 0.6850278 0.041943386 0.024661988
v 0.69079506 0.042448 0.014634623
v 0.70232964 0.04345714 0.014634609
v 0.72366256 0.050265506 0.02825217
v 0.71463025 0.072655216 0.038997676
v 0.7213969 0.07616077 0.02825217
v 0.7163899 0.05254278 0.038997676
v 0.39501667 0.057878293 0.27547583
v 0.39094043 0.052878592 0.2908803
v 0.39906585 0.011594925 0.27547583
v 0.3941835 0.015810847 0.2908803
v 0.6808356 0.046096463 0.057367906
v 0.72366256 0.050265506 0.02825217
v 0.7213969 0.07616077 0.02825217
v 0.6784968 0.07282971 0.057367906
v 0.6566323 0.07204102 0.061871022
v 0.65916634 0.04307645 0.061871022
v 0.42603728 0.060298588 0.22854686
v 0.4300356 0.014598074 0.22854686
v 0.7163899 0.05254278 0.038997676
v 0.72366256 0.050265506 0.02825217
v 0.6808356 0.046096463 0.057367906
v 0.42989662 0.015670065 0.25219283
v 0.3941835 0.015810847 0.2908803
v 0.39906585 0.011594925 0.27547583
v 0.65916634 0.04307645 0.061871022
v 0.4300356 0.014598074 0.22854686
v 0.42608672 0.059218768 0.25219283
v 0.39094043 0.052878592 0.2908803
v 0.39501667 0.057878293 0.27547583
v 0.71463025 0.072655216 0.038997676
v 0.6784968 0.07282971 0.057367906
v 0.7213969 0.07616077 0.02825217
v 0.6566323 0.07204102 0.061871022
v 0.42603728 0.060298588 0.22854686
v 0.42989662 0.015670065 0.25219283
v 0.42608672 0.059218768 0.25219283
v 0.39501667 0.057878293 0.27547583
v 0.39906585 0.011594925 0.27547583
v 0.62941194 0.046846345 0.06371176
v 0.6387552 0.047663674 0.070036896
v 0.65425813 0.049282685 0.060440857
v 0.7060599 0.055601195 0.016294122
v 0.6732751 0.051340003 0.06427583
v 0.7156623 0.056441322 0.034827277
v 0.7167511 0.05653654 0.021434039
v 0.6373278 0.06397905 0.070036896
v 0.6387552 0.047663674 0.070036896
v 0.62941194 0.046846345 0.06371176
v 0.6279845 0.06316163 0.06371176
v 0.7167511 0.05653654 0.021434039
v 0.7156795 0.068784885 0.021434039
v 0.7060599 0.055601195 0.016294122
v 0.70498824 0.06784954 0.016294122
v 0.62941194 0.046846345 0.06371176
v 0.6279845 0.06316163 0.06371176
v 0.65425813 0.049282685 0.060440857
v 0.6387552 0.047663674 0.070036896
v 0.6373278 0.06397905 0.070036896
v 0.65287644 0.065076664 0.060440857
v 0.6732751 0.051340003 0.06427583
v 0.6719617 0.06635295 0.06427583
v 0.6279845 0.06316163 0.06371176
v 0.65287644 0.065076664 0.060440857
v 0.6373278 0.06397905 0.070036896
v 0.70498824 0.06784954 0.016294122
v 0.6719617 0.06635295 0.06427583
v 0.7145907 0.06868957 0.034827277
v 0.7156795 0.068784885 0.021434039
v 0.7145907 0.06868957 0.034827277
v 0.7156795 0.068784885 0.021434039
v 0.7167511 0.05653654 0.021434039
v 0.7156623 0.056441322 0.034827277
v 0.4613347 0.05251439 0.19111887
v 0.40492293 0.05084498 0.22489432
v 0.4076004 0.020241592 0.22489432
v 0.46344504 0.02839333 0.19111887
v 0.48931548 0.054545864 0.1942837
v 0.49135348 0.031251535 0.1942837
v 0.43060553 0.02199993 0.2482651
v 0.49135348 0.031251535 0.1942837
v 0.46344504 0.02839333 0.19111887
v 0.4076004 0.020241592 0.22489432
v 0.40213504 0.018743845 0.2615755
v 0.39164263 0.018186793 0.24869998
v 0.40213504 0.018743845 0.2615755
v 0.3888508 0.050097533 0.24869998
v 0.3992805 0.051370915 0.2615755
v 0.39164263 0.018186793 0.24869998
v 0.4076004 0.020241592 0.22489432
v 0.40492293 0.05084498 0.22489432
v 0.42788395 0.05310817 0.2482651
v 0.4613347 0.05251439 0.19111887
v 0.48931548 0.054545864 0.1942837
v 0.40492293 0.05084498 0.22489432
v 0.3992805 0.051370915 0.2615755
v 0.3888508 0.050097533 0.24869998
v 0.3992805 0.051370915 0.2615755
v 0.42788395 0.05310817 0.2482651
v 0.43060553 0.02199993 0.2482651
v 0.40213504 0.018743845 0.2615755
v 0.71463025 0.072655216 0.038997676
v 0.3941835 0.015810847 0.2908803
v 0.39094043 0.052878592 0.2908803
v 0.7163899 0.05254278 0.038997676
v 0.42608672 0.059218768 0.25219283
v 0.42989662 0.015670065 0.25219283
v 0.4300356 0.014598074 0.22854686
v 0.42603728 0.060298588 0.22854686
v 0.17259029 0.031651177 0.13067934
v 0.15635718 0.030516066 0.110401
v 0.1897237 0.032849275 0.10149876
v 0.23568456 0.036063172 0.15511557
v 0.296534 0.040318187 0.14912266
v 0.3318395 0.04278699 0.18649207
v 0.24125563 0.03645274 0.1751391
v 0.38203913 0.0464011 0.22967163
v 0.3952781 0.047326863 0.21529186
v 0.4157738 0.049120005 0.23427707
v 0.40253484 0.04819426 0.24865684
v 0.39749113 0.02203143 0.21529186
v 0.3318395 0.04278699 0.18649207
v 0.33422798 0.015486377 0.18649207
v 0.3952781 0.047326863 0.21529186
v 0.4157738 0.049120005 0.23427707
v 0.4179869 0.023824576 0.23427707
v 0.33422798 0.015486377 0.18649207
v 0.3318395 0.04278699 0.18649207
v 0.296534 0.040318187 0.14912266
v 0.2990302 0.011786923 0.14912266
v 0.19254561 0.0005949568 0.10149876
v 0.2990302 0.011786923 0.14912266
v 0.296534 0.040318187 0.14912266
v 0.1897237 0.032849275 0.10149876
v 0.15928084 -0.0029013082 0.110401
v 0.15635718 0.030516066 0.110401
v 0.24125563 0.03645274 0.1751391
v 0.38203913 0.0464011 0.22967163
v 0.3842925 0.020644216 0.22967163
v 0.24392036 0.0059946645 0.1751391
v 0.17546439 -0.001200336 0.13067934
v 0.19254561 0.0005949568 0.10149876
v 0.15928084 -0.0029013082 0.110401
v 0.2383663 0.0054109097 0.15511557
v 0.2990302 0.011786923 0.14912266
v 0.33422798 0.015486377 0.18649207
v 0.24392036 0.0059946645 0.1751391
v 0.3842925 0.020644216 0.22967163
v 0.39749113 0.02203143 0.21529186
v 0.4179869 0.023824576 0.23427707
v 0.40478823 0.022437334 0.24865684
v 0.17546439 -0.001200336 0.13067934
v 0.15635718 0.030516066 0.110401
v 0.17259029 0.031651177 0.13067934
v 0.15928084 -0.0029013082 0.110401
v 0.17259029 0.031651177 0.13067934
v 0.23568456 0.036063172 0.15511557
v 0.2383663 0.0054109097 0.15511557
v 0.17546439 -0.001200336 0.13067934
v 0.24125563 0.03645274 0.1751391
v 0.24392036 0.0059946645 0.1751391
v 0.23568456 0.036063172 0.15511557
v 0.2383663 0.0054109097 0.15511557
v 0.14874746 0.0024520026 0.13349685
v 0.24406481 0.012470254 0.17048803
v 0.23197593 0.01119967 0.12649235
v 0.1584226 0.0034689019 0.093149066
v 0.13172054 0.00066241063 0.11019772
v 0.13541287 0.001050488 0.10047839
v 0.1584226 0.0034689019 0.093149066
v 0.23197593 0.01119967 0.12649235
v 0.23039645 0.02925267 0.12649235
v 0.15661816 0.024093606 0.093149066
v 0.13353808 0.022479681 0.10047839
v 0.13541287 0.001050488 0.10047839
v 0.14691342 0.023414973 0.13349685
v 0.23039645 0.02925267 0.12649235
v 0.24252237 0.03010061 0.17048803
v 0.15661816 0.024093606 0.093149066
v 0.12983449 0.022220692 0.11019772
v 0.13353808 0.022479681 0.10047839
v 0.14691342 0.023414973 0.13349685
v 0.24252237 0.03010061 0.17048803
v 0.24406481 0.012470254 0.17048803
v 0.14874746 0.0024520026 0.13349685
v 0.14691342 0.023414973 0.13349685
v 0.14874746 0.0024520026 0.13349685
v 0.12983449 0.022220692 0.11019772
v 0.13172054 0.00066241063 0.11019772
v 0.13541287 0.001050488 0.10047839
v 0.13353808 0.022479681 0.10047839
v 0.14215484 -0.0112702595 0.13633123
v 0.13803811 0.035783976 0.13633123
v 0.13803807 0.035783973 0.11019316
v 0.1421548 -0.0112702595 0.11019316
v 0.07649586 0.030399727 0.091331005
v 0.13803811 0.035783976 0.13633123
v 0.0764958 0.030399716 0.13633123
v 0.13803807 0.035783973 0.11019316
v 0.1272758 0.034842398 0.091331005
v 0.13803811 0.035783976 0.13633123
v 0.14215484 -0.0112702595 0.13633123
v 0.080612525 -0.016654512 0.13633123
v 0.0764958 0.030399716 0.13633123
v 0.080612525 -0.016654512 0.13633123
v 0.14215484 -0.0112702595 0.13633123
v 0.08061257 -0.01665451 0.091331005
v 0.1421548 -0.0112702595 0.11019316
v 0.13139252 -0.012211829 0.091331005
v 0.1421548 -0.0112702595 0.11019316
v 0.13803807 0.035783973 0.11019316
v 0.1272758 0.034842398 0.091331005
v 0.13139252 -0.012211829 0.091331005
v 0.08061257 -0.01665451 0.091331005
v 0.13139252 -0.012211829 0.091331005
v 0.1272758 0.034842398 0.091331005
v 0.07649586 0.030399727 0.091331005
v 0.037360527 -0.009024483 0.14698282
v 0.0595584 -0.01937553 0.14698282
v 0.037360527 -0.009024483 0.09806192
v 0.0595584 -0.01937553 0.09806192
v 0.0796216 -0.0053271116 0.14698282
v 0.0796216 -0.0053271116 0.09806192
v 0.035225846 0.015374977 0.14698282
v 0.035225846 0.015374977 0.09806192
v 0.055289034 0.029423391 0.09806192
v 0.055289034 0.029423391 0.14698282
v 0.07748691 0.019072339 0.09806192
v 0.07748691 0.019072339 0.14698282
v 0.07748691 0.019072339 0.09806192
v 0.055289034 0.029423391 0.09806192
v 0.035225846 0.015374977 0.09806192
v 0.037360527 -0.009024483 0.09806192
v 0.0796216 -0.0053271116 0.09806192
v 0.0595584 -0.01937553 0.09806192
v 0.0796216 -0.0053271116 0.14698282
v 0.07748691 0.019072339 0.14698282
v 0.0796216 -0.0053271116 0.09806192
v 0.07748691 0.019072339 0.09806192
v 0.035225846 0.015374977 0.14698282
v 0.055289034 0.029423391 0.14698282
v 0.07748691 0.019072339 0.14698282
v 0.037360527 -0.009024483 0.14698282
v 0.0796216 -0.0053271116 0.14698282
v 0.0595584 -0.01937553 0.14698282
v 0.44517866 0.021358311 0.19577137
v 0.44212428 0.056270625 0.19577137
v 0.4309829 0.055295885 0.19277465
v 0.43403733 0.020383555 0.19277465
v 0.42588112 0.019669998 0.20096195
v 0.42282668 0.05458231 0.20096195
v 0.4288665 0.019931156 0.21214597
v 0.42588112 0.019669998 0.20096195
v 0.42282668 0.05458231 0.20096195
v 0.42581204 0.05484352 0.21214597
v 0.42581204 0.05484352 0.21214597
v 0.43695346 0.055818215 0.21514273
v 0.4288665 0.019931156 0.21214597
v 0.44000795 0.020905925 0.21514273
v 0.44816405 0.021619502 0.20695539
v 0.44510967 0.056531787 0.20695539
v 0.44517866 0.021358311 0.19577137
v 0.44816405 0.021619502 0.20695539
v 0.44212428 0.056270625 0.19577137
v 0.44510967 0.056531787 0.20695539
v 0.42282668 0.05458231 0.20096195
v 0.4309829 0.055295885 0.19277465
v 0.44212428 0.056270625 0.19577137
v 0.44510967 0.056531787 0.20695539
v 0.42581204 0.05484352 0.21214597
v 0.43695346 0.055818215 0.21514273
v 0.4288665 0.019931156 0.21214597
v 0.44000795 0.020905925 0.21514273
v 0.44816405 0.021619502 0.20695539
v 0.42588112 0.019669998 0.20096195
v 0.44517866 0.021358311 0.19577137
v 0.43403733 0.020383555 0.19277465
v 0.080612525 -0.016654512 0.13633123
v 0.08061257 -0.01665451 0.091331005
v 0.0764958 0.030399716 0.13633123
v 0.07649586 0.030399727 0.091331005
v 0.40253484 0.04819426 0.24865684
v 0.40478823 0.022437334 0.24865684
v 0.38203913 0.0464011 0.22967163
v 0.3842925 0.020644216 0.22967163
v 0.035225846 0.015374977 0.14698282
v 0.037360527 -0.009024483 0.14698282
v 0.035225846 0.015374977 0.09806192
v 0.037360527 -0.009024483 0.09806192
v 0.3886528 0.69257057 0.00411579
v 0.39629874 0.69124085 0
v 0.39629874 0.69124085 0.00411579
v 0.38865274 0.6925704 0
v 0.36457023 0.6736549 0.00411579
v 0.36457023 0.6736549 0
v 0.378652 0.6142627 0.013322129
v 0.35852015 0.579944 0.01332216
v 0.34278148 0.58937174 0.01332216
v 0.36619696 0.62978923 0.013322129
v 0.35387436 0.65512925 0.013322115
v 0.34264103 0.63505363 0.019677103
v 0.34264103 0.63505363 0.013322129
v 0.36457023 0.6736549 0.00411579
v 0.32561806 0.6050183 0
v 0.32298607 0.6004595 0.01332216
v 0.36457023 0.6736549 0
v 0.36231503 0.6320307 0.019677103
v 0.34264103 0.63505363 0.013322129
v 0.34264103 0.63505363 0.019677103
v 0.36231503 0.6320307 0.013322129
v 0.36231503 0.6320307 0.013322129
v 0.36231503 0.6320307 0.019677103
v 0.3815031 0.66547257 0.013322129
v 0.39629874 0.69124085 0.00411579
v 0.39629874 0.69124085 0
v 0.3416521 0.5961022 0
v 0.33902004 0.5915433 0.01332216
v 0.40048265 0.68882513 0
v 0.4011171 0.65255463 0
v 0.40545723 0.68286854 0
v 0.34541348 0.5939305 0
v 0.36115217 0.5845028 0
v 0.40048265 0.68882513 0.00411579
v 0.40048265 0.68882513 0
v 0.4054573 0.68286854 0.00411579
v 0.40545723 0.68286854 0
v 0.4011171 0.65255463 0.00411579
v 0.4011171 0.65255463 0
v 0.36115217 0.5845028 0
v 0.378652 0.6142627 0.013322129
v 0.35852015 0.579944 0.01332216
v 0.39042124 0.63402885 0.013322115
v 0.378652 0.6142627 0.019677103
v 0.32298607 0.6004595 0.01332216
v 0.33902004 0.5915433 0.01332216
v 0.32561806 0.6050183 0
v 0.3416521 0.5961022 0
v 0.36619696 0.62978923 0.019677103
v 0.378652 0.6142627 0.019677103
v 0.378652 0.6142627 0.013322129
v 0.36619696 0.62978923 0.013322129
v 0.36619696 0.62978923 0.013322129
v 0.3855646 0.6631277 0.013322129
v 0.36619696 0.62978923 0.019677103
v 0.40048265 0.68882513 0.00411579
v 0.40048265 0.68882513 0
v 0.34541348 0.5939305 0
v 0.34278148 0.58937174 0.01332216
v 0.34541348 0.5939305 0
v 0.34278148 0.58937174 0.01332216
v 0.35852015 0.579944 0.01332216
v 0.36115217 0.5845028 0
v 0.3886528 0.69257057 0.00411579
v 0.39629874 0.69124085 0.00411579
v 0.3815031 0.66547257 0.013322129
v 0.35387436 0.65512925 0.013322115
v 0.36457023 0.6736549 0.00411579
v 0.36231503 0.6320307 0.019677103
v 0.34264103 0.63505363 0.019677103
v 0.4054573 0.68286854 0.00411579
v 0.3855646 0.6631277 0.013322129
v 0.40048265 0.68882513 0.00411579
v 0.39042124 0.63402885 0.013322115
v 0.36619696 0.62978923 0.019677103
v 0.378652 0.6142627 0.019677103
v 0.33902004 0.5915433 0.01332216
v 0.32298607 0.6004595 0.01332216
v 0.34264103 0.63505363 0.013322129
v 0.36231503 0.6320307 0.013322129
v 0.36457023 0.6736549 0
v 0.39629874 0.69124085 0
v 0.38865274 0.6925704 0
v 0.3416521 0.5961022 0
v 0.32561806 0.6050183 0
v 0.33620295 0.61816096 0.014634609
v 0.33041358 0.6081337 0.014634623
v 0.3614523 0.59021336 0.014634623
v 0.36724165 0.60024077 0.014634609
v 0.35855773 0.5851997 0.024661988
v 0.3614523 0.59021336 0.014634623
v 0.33041358 0.6081337 0.014634623
v 0.3275189 0.60311997 0.024661988
v 0.33041358 0.6081337 0.034689307
v 0.3614523 0.59021336 0.034689322
v 0.36724123 0.600241 0.034689307
v 0.3614523 0.59021336 0.034689322
v 0.33041358 0.6081337 0.034689307
v 0.33620295 0.61816096 0.034689307
v 0.33620295 0.61816096 0.034689307
v 0.3390975 0.62317467 0.024661958
v 0.36724123 0.600241 0.034689307
v 0.3701362 0.6052543 0.024661958
v 0.36724165 0.60024077 0.014634609
v 0.33620295 0.61816096 0.014634609
v 0.33620295 0.61816096 0.034689307
v 0.33041358 0.6081337 0.034689307
v 0.3275189 0.60311997 0.024661988
v 0.3390975 0.62317467 0.024661958
v 0.33041358 0.6081337 0.014634623
v 0.33620295 0.61816096 0.014634609
v 0.3614523 0.59021336 0.034689322
v 0.36724123 0.600241 0.034689307
v 0.3701362 0.6052543 0.024661958
v 0.35855773 0.5851997 0.024661988
v 0.3614523 0.59021336 0.014634623
v 0.36724165 0.60024077 0.014634609
v 0.3678638 0.6169696 0.038997676
v 0.3503794 0.62706417 0.038997676
v 0.351389 0.6346178 0.02825217
v 0.37390062 0.6216208 0.02825217
v 0.17916109 0.3567763 0.27547583
v 0.18091859 0.35056958 0.2908803
v 0.21314283 0.33196494 0.2908803
v 0.21939674 0.33354616 0.27547583
v 0.351389 0.6346178 0.02825217
v 0.35275123 0.58414775 0.057367906
v 0.37390062 0.6216208 0.02825217
v 0.32951114 0.5975655 0.057367906
v 0.3427961 0.56466514 0.061871022
v 0.31761622 0.5792027 0.061871022
v 0.23470022 0.36063766 0.22854686
v 0.19497119 0.38357517 0.22854686
v 0.3678638 0.6169696 0.038997676
v 0.37390062 0.6216208 0.02825217
v 0.35275123 0.58414775 0.057367906
v 0.23374239 0.36113867 0.25219283
v 0.21314283 0.33196494 0.2908803
v 0.21939674 0.33354616 0.27547583
v 0.3427961 0.56466514 0.061871022
v 0.23470022 0.36063766 0.22854686
v 0.1958841 0.3829963 0.25219283
v 0.18091859 0.35056958 0.2908803
v 0.17916109 0.3567763 0.27547583
v 0.3503794 0.62706417 0.038997676
v 0.32951114 0.5975655 0.057367906
v 0.351389 0.6346178 0.02825217
v 0.17916109 0.3567763 0.27547583
v 0.21939674 0.33354616 0.27547583
v 0.23374239 0.36113867 0.25219283
v 0.1958841 0.3829963 0.25219283
v 0.32264155 0.54245406 0.06371176
v 0.32733107 0.5505764 0.070036896
v 0.33489695 0.5642043 0.060440857
v 0.35943338 0.610262 0.016294122
v 0.34411946 0.5809622 0.06427583
v 0.36425295 0.61860967 0.034827277
v 0.36479944 0.6195562 0.021434039
v 0.32264155 0.54245406 0.06371176
v 0.30845812 0.55064285 0.06371176
v 0.31314757 0.55876523 0.070036896
v 0.32733107 0.5505764 0.070036896
v 0.35943338 0.610262 0.016294122
v 0.36479944 0.6195562 0.021434039
v 0.35415158 0.6257037 0.021434039
v 0.34878546 0.6164095 0.016294122
v 0.32264155 0.54245406 0.06371176
v 0.30845812 0.55064285 0.06371176
v 0.33489695 0.5642043 0.060440857
v 0.32733107 0.5505764 0.070036896
v 0.31314757 0.55876523 0.070036896
v 0.32116678 0.57213145 0.060440857
v 0.34411946 0.5809622 0.06427583
v 0.3310682 0.5884973 0.06427583
v 0.30845812 0.55064285 0.06371176
v 0.32116678 0.57213145 0.060440857
v 0.31314757 0.55876523 0.070036896
v 0.34878546 0.6164095 0.016294122
v 0.3310682 0.5884973 0.06427583
v 0.35360512 0.6247572 0.034827277
v 0.35415158 0.6257037 0.021434039
v 0.36425295 0.61860967 0.034827277
v 0.35360512 0.6247572 0.034827277
v 0.35415158 0.6257037 0.021434039
v 0.36479944 0.6195562 0.021434039
v 0.19060445 0.36085692 0.22489432
v 0.21720903 0.34549683 0.22489432
v 0.22159341 0.40802428 0.19111887
v 0.24256267 0.39591768 0.19111887
v 0.25622898 0.42041838 0.1942837
v 0.23597844 0.43211 0.1942837
v 0.22896388 0.36535007 0.2482651
v 0.25622898 0.42041838 0.1942837
v 0.24256267 0.39591768 0.19111887
v 0.21720903 0.34549683 0.22489432
v 0.20973922 0.3312464 0.24869998
v 0.21530107 0.34016076 0.2615755
v 0.18693729 0.3565366 0.2615755
v 0.21530107 0.34016076 0.2615755
v 0.20973922 0.3312464 0.24869998
v 0.18199815 0.3472627 0.24869998
v 0.19060445 0.36085692 0.22489432
v 0.21720903 0.34549683 0.22489432
v 0.22159341 0.40802428 0.19111887
v 0.23597844 0.43211 0.1942837
v 0.20192045 0.38096362 0.2482651
v 0.19060445 0.36085692 0.22489432
v 0.18199815 0.3472627 0.24869998
v 0.18693729 0.3565366 0.2615755
v 0.31761622 0.5792027 0.061871022
v 0.32951114 0.5975655 0.057367906
v 0.1958841 0.3829963 0.25219283
v 0.19497119 0.38357517 0.22854686
v 0.21530107 0.34016076 0.2615755
v 0.18693729 0.3565366 0.2615755
v 0.22896388 0.36535007 0.2482651
v 0.20192045 0.38096362 0.2482651
v 0.3503794 0.62706417 0.038997676
v 0.3678638 0.6169696 0.038997676
v 0.21314283 0.33196494 0.2908803
v 0.18091859 0.35056958 0.2908803
v 0.23374239 0.36113867 0.25219283
v 0.19497119 0.38357517 0.22854686
v 0.1958841 0.3829963 0.25219283
v 0.23470022 0.36063766 0.22854686
v 0.073066585 0.15953204 0.13067934
v 0.064685486 0.1455836 0.110401
v 0.08191248 0.17425413 0.10149876
v 0.10564189 0.21374649 0.15511557
v 0.13705818 0.26603204 0.14912266
v 0.15528627 0.29636866 0.18649207
v 0.1085182 0.21853347 0.1751391
v 0.18111905 0.33956274 0.22967163
v 0.18795426 0.35093844 0.21529186
v 0.19824126 0.36875606 0.23427707
v 0.19140606 0.35738036 0.24865684
v 0.20351036 0.326635 0.22967163
v 0.13499641 0.20324627 0.1751391
v 0.1085182 0.21853347 0.1751391
v 0.18111905 0.33956274 0.22967163
v 0.10162549 0.14304355 0.13067934
v 0.10995225 0.15806538 0.10149876
v 0.09373633 0.1288111 0.110401
v 0.13228893 0.19836183 0.15511557
v 0.16186137 0.2517119 0.14912266
v 0.17901959 0.28266618 0.18649207
v 0.13499641 0.20324627 0.1751391
v 0.20351036 0.326635 0.22967163
v 0.20994443 0.3382424 0.21529186
v 0.22023146 0.35606006 0.23427707
v 0.21379739 0.34445265 0.24865684
v 0.08191248 0.17425413 0.10149876
v 0.064685486 0.1455836 0.110401
v 0.09373633 0.1288111 0.110401
v 0.10995225 0.15806538 0.10149876
v 0.16186137 0.2517119 0.14912266
v 0.13705818 0.26603204 0.14912266
v 0.17901959 0.28266618 0.18649207
v 0.15528627 0.29636866 0.18649207
v 0.20994443 0.3382424 0.21529186
v 0.18795426 0.35093844 0.21529186
v 0.19824126 0.36875606 0.23427707
v 0.22023146 0.35606006 0.23427707
v 0.073066585 0.15953204 0.13067934
v 0.10162549 0.14304355 0.13067934
v 0.09373633 0.1288111 0.110401
v 0.064685486 0.1455836 0.110401
v 0.10564189 0.21374649 0.15511557
v 0.13228893 0.19836183 0.15511557
v 0.10162549 0.14304355 0.13067934
v 0.073066585 0.15953204 0.13067934
v 0.1085182 0.21853347 0.1751391
v 0.13499641 0.20324627 0.1751391
v 0.13228893 0.19836183 0.15511557
v 0.10564189 0.21374649 0.15511557
v 0.08330946 0.12325319 0.13349685
v 0.12977478 0.20707883 0.17048803
v 0.12388168 0.19644743 0.12649235
v 0.088025905 0.13176188 0.093149066
v 0.075009175 0.1082791 0.11019772
v 0.076809116 0.11152628 0.10047839
v 0.088025905 0.13176188 0.093149066
v 0.12388168 0.19644743 0.12649235
v 0.108187586 0.20550838 0.12649235
v 0.07009615 0.14211361 0.093149066
v 0.076809116 0.11152628 0.10047839
v 0.058180008 0.122281805 0.10047839
v 0.06508564 0.13377471 0.13349685
v 0.108187586 0.20550838 0.12649235
v 0.11444812 0.21592769 0.17048803
v 0.07009615 0.14211361 0.093149066
v 0.056267865 0.11909945 0.11019772
v 0.058180008 0.122281805 0.10047839
v 0.11444812 0.21592769 0.17048803
v 0.12977478 0.20707883 0.17048803
v 0.06508564 0.13377471 0.13349685
v 0.08330946 0.12325319 0.13349685
v 0.06508564 0.13377471 0.13349685
v 0.08330946 0.12325319 0.13349685
v 0.075009175 0.1082791 0.11019772
v 0.056267865 0.11909945 0.11019772
v 0.058180008 0.122281805 0.10047839
v 0.076809116 0.11152628 0.10047839
v 0.049862884 0.13359906 0.13633123
v 0.09076869 0.10998205 0.11019316
v 0.09076871 0.10998208 0.13633123
v 0.04986286 0.13359901 0.11019316
v 0.01897422 0.080098316 0.091331005
v 0.049862884 0.13359906 0.13633123
v 0.018974192 0.08009825 0.13633123
v 0.04986286 0.13359901 0.11019316
v 0.04446117 0.124243006 0.091331005
v 0.05988002 0.056481283 0.13633123
v 0.018974192 0.08009825 0.13633123
v 0.049862884 0.13359906 0.13633123
v 0.09076871 0.10998208 0.13633123
v 0.05988002 0.056481283 0.13633123
v 0.09076871 0.10998208 0.13633123
v 0.05988004 0.056481328 0.091331005
v 0.09076869 0.10998205 0.11019316
v 0.08536698 0.10062604 0.091331005
v 0.08536698 0.10062604 0.091331005
v 0.09076869 0.10998205 0.11019316
v 0.04986286 0.13359901 0.11019316
v 0.04446117 0.124243006 0.091331005
v 0.04446117 0.124243006 0.091331005
v 0.01897422 0.080098316 0.091331005
v 0.08536698 0.10062604 0.091331005
v 0.05988004 0.056481328 0.091331005
v 0.050032794 0.037674043 0.14698282
v 0.050032794 0.037674043 0.09806192
v 0.02882154 0.02542772 0.09806192
v 0.02882154 0.02542772 0.14698282
v 0.0076102666 0.037674047 0.09806192
v 0.0076102666 0.037674047 0.14698282
v 0.0076102517 0.06216669 0.09806192
v 0.0076102517 0.06216669 0.14698282
v 0.0076102666 0.037674047 0.14698282
v 0.0076102666 0.037674047 0.09806192
v 0.0076102517 0.06216669 0.14698282
v 0.0076102517 0.06216669 0.09806192
v 0.028821515 0.07441301 0.09806192
v 0.028821515 0.07441301 0.14698282
v 0.050032776 0.062166683 0.09806192
v 0.050032776 0.062166683 0.14698282
v 0.02882154 0.02542772 0.09806192
v 0.050032794 0.037674043 0.09806192
v 0.050032776 0.062166683 0.09806192
v 0.028821515 0.07441301 0.09806192
v 0.0076102666 0.037674047 0.09806192
v 0.0076102517 0.06216669 0.09806192
v 0.050032794 0.037674043 0.09806192
v 0.050032794 0.037674043 0.14698282
v 0.050032776 0.062166683 0.14698282
v 0.050032776 0.062166683 0.09806192
v 0.0076102666 0.037674047 0.14698282
v 0.0076102517 0.06216669 0.14698282
v 0.028821515 0.07441301 0.14698282
v 0.02882154 0.02542772 0.14698282
v 0.050032776 0.062166683 0.14698282
v 0.050032794 0.037674043 0.14698282
v 0.20749784 0.3944425 0.19577137
v 0.20190588 0.38475695 0.19277465
v 0.23784828 0.37691966 0.19577137
v 0.23225634 0.3672341 0.19277465
v 0.22816263 0.36014366 0.20096195
v 0.19781217 0.37766647 0.20096195
v 0.19931053 0.38026175 0.21214597
v 0.22966103 0.36273894 0.21214597
v 0.22816263 0.36014366 0.20096195
v 0.19781217 0.37766647 0.20096195
v 0.22966103 0.36273894 0.21214597
v 0.19931053 0.38026175 0.21214597
v 0.2049026 0.38994738 0.21514273
v 0.23525302 0.3724246 0.21514273
v 0.20899625 0.3970378 0.20695539
v 0.23934667 0.37951496 0.20695539
v 0.23784828 0.37691966 0.19577137
v 0.23934667 0.37951496 0.20695539
v 0.20899625 0.3970378 0.20695539
v 0.20749784 0.3944425 0.19577137
v 0.19781217 0.37766647 0.20096195
v 0.20190588 0.38475695 0.19277465
v 0.20749784 0.3944425 0.19577137
v 0.20899625 0.3970378 0.20695539
v 0.19931053 0.38026175 0.21214597
v 0.2049026 0.38994738 0.21514273
v 0.22966103 0.36273894 0.21214597
v 0.23525302 0.3724246 0.21514273
v 0.23934667 0.37951496 0.20695539
v 0.22816263 0.36014366 0.20096195
v 0.23784828 0.37691966 0.19577137
v 0.23225634 0.3672341 0.19277465
v 0.22520553 0.3900675 0.21313262
v 0.23061216 0.38856918 0.20788631
v 0.1411508 0.23361754 0.15994406
v 0.13574415 0.23511583 0.16519038
v 0.22120468 0.3940006 0.20788631
v 0.22520553 0.3900675 0.21313262
v 0.13174331 0.239049 0.15994406
v 0.13574415 0.23511583 0.16519038
v 0.2266113 0.3925023 0.20263994
v 0.22120468 0.3940006 0.20788631
v 0.13714992 0.23755066 0.15469772
v 0.13174331 0.239049 0.15994406
v 0.13714992 0.23755066 0.15469772
v 0.1411508 0.23361754 0.15994406
v 0.23061216 0.38856918 0.20788631
v 0.2266113 0.3925023 0.20263994
v 0.05988002 0.056481283 0.13633123
v 0.05988004 0.056481328 0.091331005
v 0.01897422 0.080098316 0.091331005
v 0.018974192 0.08009825 0.13633123
v 0.21379739 0.34445265 0.24865684
v 0.20351036 0.326635 0.22967163
v 0.18111905 0.33956274 0.22967163
v 0.19140606 0.35738036 0.24865684
v -0.40048277 0.6888252 0
v -0.40048277 0.6888252 0.00411579
v -0.4054573 0.6828684 0.00411579
v -0.40545726 0.6828684 0
v -0.4011172 0.6525545 0.00411579
v -0.4011172 0.6525545 0
v -0.36115217 0.5845027 0
v -0.37865207 0.61426264 0.013322129
v -0.35852015 0.5799439 0.01332216
v -0.39042136 0.6340288 0.013322115
v -0.37865207 0.61426264 0.019677103
v -0.3390201 0.5915433 0.01332216
v -0.36231497 0.6320305 0.013322129
v -0.34264106 0.6350535 0.013322129
v -0.32298613 0.6004595 0.01332216
v -0.3661971 0.6297894 0.019677103
v -0.37865207 0.61426264 0.013322129
v -0.37865207 0.61426264 0.019677103
v -0.3661971 0.6297894 0.013322129
v -0.3661971 0.6297894 0.013322129
v -0.3661971 0.6297894 0.019677103
v -0.3855646 0.66312766 0.013322129
v -0.40048277 0.6888252 0.00411579
v -0.40048277 0.6888252 0
v -0.3454136 0.59393054 0
v -0.3427815 0.58937156 0.01332216
v -0.39629874 0.6912407 0
v -0.36457035 0.67365485 0
v -0.38865292 0.69257057 0
v -0.3416521 0.59610206 0
v -0.32561812 0.6050184 0
v -0.39629874 0.6912407 0.00411579
v -0.39629874 0.6912407 0
v -0.38865292 0.6925706 0.00411579
v -0.38865292 0.69257057 0
v -0.36457035 0.67365485 0.00411579
v -0.36457035 0.67365485 0
v -0.32561812 0.6050184 0
v -0.36457035 0.67365485 0.00411579
v -0.36457035 0.67365485 0
v -0.34264106 0.6350535 0.013322129
v -0.32298613 0.6004595 0.01332216
v -0.35387442 0.65512913 0.013322115
v -0.34264106 0.6350535 0.019677103
v -0.35852015 0.5799439 0.01332216
v -0.3427815 0.58937156 0.01332216
v -0.3454136 0.59393054 0
v -0.36115217 0.5845027 0
v -0.36231497 0.6320305 0.019677103
v -0.34264106 0.6350535 0.019677103
v -0.34264106 0.6350535 0.013322129
v -0.36231497 0.6320305 0.013322129
v -0.36231497 0.6320305 0.013322129
v -0.38150316 0.6654726 0.013322129
v -0.36231497 0.6320305 0.019677103
v -0.39629874 0.6912407 0.00411579
v -0.39629874 0.6912407 0
v -0.3416521 0.59610206 0
v -0.3390201 0.5915433 0.01332216
v -0.32298613 0.6004595 0.01332216
v -0.32561812 0.6050184 0
v -0.3390201 0.5915433 0.01332216
v -0.3416521 0.59610206 0
v -0.4054573 0.6828684 0.00411579
v -0.40048277 0.6888252 0.00411579
v -0.3855646 0.66312766 0.013322129
v -0.39042136 0.6340288 0.013322115
v -0.3661971 0.6297894 0.019677103
v -0.37865207 0.61426264 0.019677103
v -0.38865292 0.6925706 0.00411579
v -0.38150316 0.6654726 0.013322129
v -0.39629874 0.6912407 0.00411579
v -0.35387442 0.65512913 0.013322115
v -0.36457035 0.67365485 0.00411579
v -0.36231497 0.6320305 0.019677103
v -0.34264106 0.6350535 0.019677103
v -0.3427815 0.58937156 0.01332216
v -0.35852015 0.5799439 0.01332216
v -0.37865207 0.61426264 0.013322129
v -0.3661971 0.6297894 0.013322129
v -0.4011172 0.6525545 0
v -0.40048277 0.6888252 0
v -0.40545726 0.6828684 0
v -0.3454136 0.59393054 0
v -0.36115217 0.5845027 0
v -0.33041358 0.60813355 0.014634623
v -0.3362029 0.61816096 0.014634609
v -0.3672416 0.60024077 0.014634609
v -0.3614524 0.59021336 0.014634623
v -0.33041358 0.60813355 0.014634623
v -0.3614524 0.59021336 0.014634623
v -0.35855773 0.58519965 0.024661988
v -0.3275189 0.60311997 0.024661988
v -0.33041358 0.60813355 0.034689322
v -0.3614524 0.59021336 0.034689307
v -0.3614524 0.59021336 0.034689307
v -0.3672416 0.60024077 0.034689307
v -0.3362033 0.61816067 0.034689307
v -0.33041358 0.60813355 0.034689322
v -0.33909747 0.62317455 0.024661958
v -0.3362033 0.61816067 0.034689307
v -0.3672416 0.60024077 0.034689307
v -0.37013632 0.60525435 0.024661958
v -0.3672416 0.60024077 0.014634609
v -0.3362029 0.61816096 0.014634609
v -0.3614524 0.59021336 0.014634623
v -0.3672416 0.60024077 0.014634609
v -0.37013632 0.60525435 0.024661958
v -0.35855773 0.58519965 0.024661988
v -0.3614524 0.59021336 0.034689307
v -0.3672416 0.60024077 0.034689307
v -0.33909747 0.62317455 0.024661958
v -0.3362029 0.61816096 0.014634609
v -0.33041358 0.60813355 0.014634623
v -0.3275189 0.60311997 0.024661988
v -0.3362033 0.61816067 0.034689307
v -0.33041358 0.60813355 0.034689322
v -0.36786383 0.6169696 0.038997676
v -0.35138905 0.63461787 0.02825217
v -0.35037944 0.62706417 0.038997676
v -0.37390062 0.6216207 0.02825217
v -0.21939681 0.33354622 0.27547583
v -0.21314287 0.33196488 0.2908803
v -0.1791611 0.35677624 0.27547583
v -0.18091865 0.35056952 0.2908803
v -0.32951117 0.5975654 0.057367906
v -0.35138905 0.63461787 0.02825217
v -0.37390062 0.6216207 0.02825217
v -0.35275126 0.5841477 0.057367906
v -0.31761628 0.57920265 0.061871022
v -0.34279612 0.5646651 0.061871022
v -0.19497125 0.38357517 0.22854686
v -0.23470023 0.36063758 0.22854686
v -0.23374248 0.36113876 0.25219283
v -0.21314287 0.33196488 0.2908803
v -0.21939681 0.33354622 0.27547583
v -0.36786383 0.6169696 0.038997676
v -0.35275126 0.5841477 0.057367906
v -0.37390062 0.6216207 0.02825217
v -0.34279612 0.5646651 0.061871022
v -0.23470023 0.36063758 0.22854686
v -0.1958841 0.38299617 0.25219283
v -0.23374248 0.36113876 0.25219283
v -0.21939681 0.33354622 0.27547583
v -0.1791611 0.35677624 0.27547583
v -0.3084582 0.5506428 0.06371176
v -0.3131476 0.55876523 0.070036896
v -0.32116675 0.57213145 0.060440857
v -0.3487856 0.6164094 0.016294122
v -0.33106822 0.5884972 0.06427583
v -0.35360518 0.6247571 0.034827277
v -0.35415164 0.6257037 0.021434039
v -0.32733107 0.5505764 0.070036896
v -0.3131476 0.55876523 0.070036896
v -0.3084582 0.5506428 0.06371176
v -0.32264164 0.542454 0.06371176
v -0.35415164 0.6257037 0.021434039
v -0.36479953 0.6195561 0.021434039
v -0.3487856 0.6164094 0.016294122
v -0.3594335 0.6102618 0.016294122
v -0.3084582 0.5506428 0.06371176
v -0.32264164 0.542454 0.06371176
v -0.32116675 0.57213145 0.060440857
v -0.3131476 0.55876523 0.070036896
v -0.32733107 0.5505764 0.070036896
v -0.33489698 0.5642044 0.060440857
v -0.33106822 0.5884972 0.06427583
v -0.34411952 0.5809621 0.06427583
v -0.32264164 0.542454 0.06371176
v -0.33489698 0.5642044 0.060440857
v -0.32733107 0.5505764 0.070036896
v -0.3594335 0.6102618 0.016294122
v -0.34411952 0.5809621 0.06427583
v -0.36425298 0.6186096 0.034827277
v -0.36479953 0.6195561 0.021434039
v -0.36425298 0.6186096 0.034827277
v -0.36479953 0.6195561 0.021434039
v -0.35415164 0.6257037 0.021434039
v -0.35360518 0.6247571 0.034827277
v -0.21720907 0.34549677 0.22489432
v -0.19060451 0.36085692 0.22489432
v -0.22159347 0.40802428 0.19111887
v -0.24256271 0.39591768 0.19111887
v -0.2359785 0.43210998 0.1942837
v -0.25622904 0.42041835 0.1942837
v -0.20192051 0.3809636 0.2482651
v -0.2359785 0.43210998 0.1942837
v -0.22159347 0.40802428 0.19111887
v -0.19060451 0.36085692 0.22489432
v -0.1819982 0.34726268 0.24869998
v -0.18693733 0.3565366 0.2615755
v -0.18693733 0.3565366 0.2615755
v -0.20973928 0.3312464 0.24869998
v -0.21530113 0.34016076 0.2615755
v -0.1819982 0.34726268 0.24869998
v -0.19060451 0.36085692 0.22489432
v -0.21720907 0.34549677 0.22489432
v -0.24256271 0.39591768 0.19111887
v -0.25622904 0.42041835 0.1942837
v -0.22896394 0.36535004 0.2482651
v -0.21720907 0.34549677 0.22489432
v -0.20973928 0.3312464 0.24869998
v -0.21530113 0.34016076 0.2615755
v -0.31761628 0.57920265 0.061871022
v -0.19497125 0.38357517 0.22854686
v -0.1958841 0.38299617 0.25219283
v -0.32951117 0.5975654 0.057367906
v -0.35037944 0.62706417 0.038997676
v -0.18091865 0.35056952 0.2908803
v -0.21530113 0.34016076 0.2615755
v -0.22896394 0.36535004 0.2482651
v -0.20192051 0.3809636 0.2482651
v -0.18693733 0.3565366 0.2615755
v -0.21314287 0.33196488 0.2908803
v -0.36786383 0.6169696 0.038997676
v -0.35037944 0.62706417 0.038997676
v -0.18091865 0.35056952 0.2908803
v -0.23374248 0.36113876 0.25219283
v -0.1958841 0.38299617 0.25219283
v -0.19497125 0.38357517 0.22854686
v -0.23470023 0.36063758 0.22854686
v -0.101625524 0.14304356 0.13067934
v -0.09373636 0.12881109 0.110401
v -0.10995226 0.15806535 0.10149876
v -0.13228895 0.1983618 0.15511557
v -0.16186139 0.25171188 0.14912266
v -0.17901964 0.28266618 0.18649207
v -0.13499646 0.20324625 0.1751391
v -0.20351043 0.32663506 0.22967163
v -0.20994447 0.33824238 0.21529186
v -0.22023147 0.35605997 0.23427707
v -0.21379745 0.34445265 0.24865684
v -0.13499646 0.20324625 0.1751391
v -0.20351043 0.32663506 0.22967163
v -0.18111907 0.33956268 0.22967163
v -0.10851821 0.21853344 0.1751391
v -0.0730666 0.15953204 0.13067934
v -0.08191252 0.17425413 0.10149876
v -0.06468552 0.1455836 0.110401
v -0.105641924 0.21374649 0.15511557
v -0.13705821 0.266032 0.14912266
v -0.15528628 0.2963686 0.18649207
v -0.10851821 0.21853344 0.1751391
v -0.18111907 0.33956268 0.22967163
v -0.1879543 0.3509384 0.21529186
v -0.19824132 0.36875606 0.23427707
v -0.19140607 0.3573803 0.24865684
v -0.06468552 0.1455836 0.110401
v -0.10995226 0.15806535 0.10149876
v -0.09373636 0.12881109 0.110401
v -0.08191252 0.17425413 0.10149876
v -0.16186139 0.25171188 0.14912266
v -0.13705821 0.266032 0.14912266
v -0.15528628 0.2963686 0.18649207
v -0.17901964 0.28266618 0.18649207
v -0.1879543 0.3509384 0.21529186
v -0.20994447 0.33824238 0.21529186
v -0.22023147 0.35605997 0.23427707
v -0.19824132 0.36875606 0.23427707
v -0.0730666 0.15953204 0.13067934
v -0.09373636 0.12881109 0.110401
v -0.101625524 0.14304356 0.13067934
v -0.06468552 0.1455836 0.110401
v -0.101625524 0.14304356 0.13067934
v -0.13228895 0.1983618 0.15511557
v -0.105641924 0.21374649 0.15511557
v -0.0730666 0.15953204 0.13067934
v -0.13499646 0.20324625 0.1751391
v -0.10851821 0.21853344 0.1751391
v -0.13228895 0.1983618 0.15511557
v -0.105641924 0.21374649 0.15511557
v -0.065085664 0.13377471 0.13349685
v -0.11444815 0.21592768 0.17048803
v -0.10818762 0.2055084 0.12649235
v -0.07009619 0.14211363 0.093149066
v -0.056267865 0.1190994 0.11019772
v -0.058180027 0.12228179 0.10047839
v -0.07009619 0.14211363 0.093149066
v -0.10818762 0.2055084 0.12649235
v -0.1238817 0.19644739 0.12649235
v -0.08802593 0.13176186 0.093149066
v -0.058180027 0.12228179 0.10047839
v -0.07680915 0.111526266 0.10047839
v -0.08330948 0.12325318 0.13349685
v -0.1238817 0.19644739 0.12649235
v -0.12977481 0.20707883 0.17048803
v -0.08802593 0.13176186 0.093149066
v -0.07500921 0.10827913 0.11019772
v -0.07680915 0.111526266 0.10047839
v -0.08330948 0.12325318 0.13349685
v -0.12977481 0.20707883 0.17048803
v -0.11444815 0.21592768 0.17048803
v -0.065085664 0.13377471 0.13349685
v -0.08330948 0.12325318 0.13349685
v -0.065085664 0.13377471 0.13349685
v -0.07500921 0.10827913 0.11019772
v -0.056267865 0.1190994 0.11019772
v -0.058180027 0.12228179 0.10047839
v -0.07680915 0.111526266 0.10047839
v -0.049862918 0.13359906 0.13633123
v -0.090768725 0.10998205 0.13633123
v -0.09076871 0.10998201 0.11019316
v -0.0498629 0.13359901 0.11019316
v -0.05988006 0.056481317 0.091331005
v -0.090768725 0.10998205 0.13633123
v -0.059880026 0.05648126 0.13633123
v -0.09076871 0.10998201 0.11019316
v -0.08536701 0.10062601 0.091331005
v -0.090768725 0.10998205 0.13633123
v -0.049862918 0.13359906 0.13633123
v -0.018974217 0.08009826 0.13633123
v -0.059880026 0.05648126 0.13633123
v -0.018974217 0.08009826 0.13633123
v -0.049862918 0.13359906 0.13633123
v -0.01897424 0.0800983 0.091331005
v -0.0498629 0.13359901 0.11019316
v -0.04446121 0.124243 0.091331005
v -0.0498629 0.13359901 0.11019316
v -0.09076871 0.10998201 0.11019316
v -0.08536701 0.10062601 0.091331005
v -0.04446121 0.124243 0.091331005
v -0.04446121 0.124243 0.091331005
v -0.05988006 0.056481317 0.091331005
v -0.01897424 0.0800983 0.091331005
v -0.08536701 0.10062601 0.091331005
v -0.0076102847 0.037674047 0.14698282
v -0.0076102796 0.062166695 0.14698282
v -0.0076102847 0.037674047 0.09806192
v -0.0076102796 0.062166695 0.09806192
v -0.05003281 0.037674017 0.14698282
v -0.028821548 0.025427707 0.14698282
v -0.05003281 0.037674017 0.09806192
v -0.028821548 0.025427707 0.09806192
v -0.0076102847 0.037674047 0.14698282
v -0.0076102847 0.037674047 0.09806192
v -0.050032794 0.062166672 0.14698282
v -0.05003281 0.037674017 0.14698282
v -0.050032794 0.062166672 0.09806192
v -0.05003281 0.037674017 0.09806192
v -0.050032794 0.062166672 0.09806192
v -0.05003281 0.037674017 0.09806192
v -0.028821548 0.025427707 0.09806192
v -0.0076102847 0.037674047 0.09806192
v -0.028821541 0.07441301 0.09806192
v -0.0076102796 0.062166695 0.09806192
v -0.050032794 0.062166672 0.14698282
v -0.050032794 0.062166672 0.09806192
v -0.028821541 0.07441301 0.09806192
v -0.028821541 0.07441301 0.14698282
v -0.0076102796 0.062166695 0.09806192
v -0.0076102796 0.062166695 0.14698282
v -0.028821548 0.025427707 0.14698282
v -0.05003281 0.037674017 0.14698282
v -0.050032794 0.062166672 0.14698282
v -0.0076102847 0.037674047 0.14698282
v -0.028821541 0.07441301 0.14698282
v -0.0076102796 0.062166695 0.14698282
v -0.20749788 0.39444247 0.19577137
v -0.23784833 0.37691966 0.19577137
v -0.23225637 0.3672341 0.19277465
v -0.20190589 0.38475695 0.19277465
v -0.19781223 0.3776664 0.20096195
v -0.22816266 0.3601436 0.20096195
v -0.1993106 0.38026175 0.21214597
v -0.19781223 0.3776664 0.20096195
v -0.22816266 0.3601436 0.20096195
v -0.22966108 0.36273888 0.21214597
v -0.22966108 0.36273888 0.21214597
v -0.23525302 0.37242454 0.21514273
v -0.1993106 0.38026175 0.21214597
v -0.20490262 0.38994738 0.21514273
v -0.20899625 0.3970377 0.20695539
v -0.23934668 0.37951496 0.20695539
v -0.20749788 0.39444247 0.19577137
v -0.20899625 0.3970377 0.20695539
v -0.23784833 0.37691966 0.19577137
v -0.23934668 0.37951496 0.20695539
v -0.22816266 0.3601436 0.20096195
v -0.23225637 0.3672341 0.19277465
v -0.23784833 0.37691966 0.19577137
v -0.23934668 0.37951496 0.20695539
v -0.22966108 0.36273888 0.21214597
v -0.23525302 0.37242454 0.21514273
v -0.1993106 0.38026175 0.21214597
v -0.20490262 0.38994738 0.21514273
v -0.20899625 0.3970377 0.20695539
v -0.19781223 0.3776664 0.20096195
v -0.20749788 0.39444247 0.19577137
v -0.20190589 0.38475695 0.19277465
v -0.13174334 0.23904896 0.15994406
v -0.1357442 0.23511583 0.16519038
v -0.22520559 0.39006743 0.21313262
v -0.22120471 0.3940006 0.20788631
v -0.14115086 0.23361754 0.15994406
v -0.23061217 0.38856918 0.20788631
v -0.22520559 0.39006743 0.21313262
v -0.1357442 0.23511583 0.16519038
v -0.22661132 0.39250228 0.20263994
v -0.23061217 0.38856918 0.20788631
v -0.13714994 0.23755063 0.15469772
v -0.14115086 0.23361754 0.15994406
v -0.13714994 0.23755063 0.15469772
v -0.13174334 0.23904896 0.15994406
v -0.22120471 0.3940006 0.20788631
v -0.22661132 0.39250228 0.20263994
v -0.018974217 0.08009826 0.13633123
v -0.01897424 0.0800983 0.091331005
v -0.059880026 0.05648126 0.13633123
v -0.05988006 0.056481317 0.091331005
v -0.21379745 0.34445265 0.24865684
v -0.19140607 0.3573803 0.24865684
v -0.20351043 0.32663506 0.22967163
v -0.18111907 0.33956268 0.22967163
v -0.79396003 0.06703738 0.00411579
v -0.79193383 0.059545863 0.00411579
v -0.7919337 0.059545882 0
v -0.79396003 0.06703738 0
v -0.76461273 0.04571374 0.00411579
v -0.7919337 0.059545882 0
v -0.79193383 0.059545863 0.00411579
v -0.76461273 0.04571374 0
v -0.6859449 0.039418202 0
v -0.7203604 0.042152748 0.013322129
v -0.6807009 0.03895943 0.01332216
v -0.74330246 0.043849304 0.013322115
v -0.7203604 0.042152748 0.019677103
v -0.71673626 0.08357642 0.013322129
v -0.6771249 0.07983449 0.01332216
v -0.67901784 0.061586097 0.01332216
v -0.7255444 0.065726526 0.013322129
v -0.7259353 0.06126101 0.019677103
v -0.7203604 0.042152748 0.013322129
v -0.7203604 0.042152748 0.019677103
v -0.7259353 0.06126101 0.013322129
v -0.7259353 0.06126101 0.013322129
v -0.7259353 0.06126101 0.019677103
v -0.76435316 0.06451815 0.013322129
v -0.79396003 0.06703738 0.00411579
v -0.79396003 0.06703738 0
v -0.68464047 0.057718113 0
v -0.67939633 0.057259295 0.01332216
v -0.79353887 0.07185025 0
v -0.7609347 0.08775382 0
v -0.7902427 0.0788761 0
v -0.68426186 0.062044866 0
v -0.68236893 0.08029329 0
v -0.79353887 0.07185025 0.00411579
v -0.79353887 0.07185025 0
v -0.7902427 0.0788761 0
v -0.79024273 0.07887614 0.00411579
v -0.79024273 0.07887614 0.00411579
v -0.7902427 0.0788761 0
v -0.7609347 0.08775382 0.00411579
v -0.7609347 0.08775382 0
v -0.68236893 0.08029329 0
v -0.71673626 0.08357642 0.013322129
v -0.6771249 0.07983449 0.01332216
v -0.73962444 0.08588945 0.013322115
v -0.71673626 0.08357642 0.019677103
v -0.6807009 0.03895943 0.01332216
v -0.67939633 0.057259295 0.01332216
v -0.6859449 0.039418202 0
v -0.68464047 0.057718113 0
v -0.7255444 0.065726526 0.019677103
v -0.71673626 0.08357642 0.019677103
v -0.71673626 0.08357642 0.013322129
v -0.7255444 0.065726526 0.013322129
v -0.7255444 0.065726526 0.013322129
v -0.76394445 0.06919008 0.013322129
v -0.7255444 0.065726526 0.019677103
v -0.79353887 0.07185025 0.00411579
v -0.79353887 0.07185025 0
v -0.68426186 0.062044866 0
v -0.67901784 0.061586097 0.01332216
v -0.6771249 0.07983449 0.01332216
v -0.68236893 0.08029329 0
v -0.68426186 0.062044866 0
v -0.67901784 0.061586097 0.01332216
v -0.79193383 0.059545863 0.00411579
v -0.79396003 0.06703738 0.00411579
v -0.76435316 0.06451815 0.013322129
v -0.74330246 0.043849304 0.013322115
v -0.7259353 0.06126101 0.019677103
v -0.7203604 0.042152748 0.019677103
v -0.79024273 0.07887614 0.00411579
v -0.76394445 0.06919008 0.013322129
v -0.79353887 0.07185025 0.00411579
v -0.73962444 0.08588945 0.013322115
v -0.7255444 0.065726526 0.019677103
v -0.71673626 0.08357642 0.019677103
v -0.67939633 0.057259295 0.01332216
v -0.6807009 0.03895943 0.01332216
v -0.7203604 0.042152748 0.013322129
v -0.7259353 0.06126101 0.013322129
v -0.76461273 0.04571374 0
v -0.79396003 0.06703738 0
v -0.7919337 0.059545882 0
v -0.68464047 0.057718113 0
v -0.6859449 0.039418202 0
v -0.7023295 0.043457035 0.014634609
v -0.69079506 0.04244782 0.014634623
v -0.68767136 0.07815193 0.014634623
v -0.69920594 0.07916107 0.014634609
v -0.68190396 0.07764741 0.024661988
v -0.68767136 0.07815193 0.014634623
v -0.69079506 0.04244782 0.014634623
v -0.68502766 0.04194325 0.024661988
v -0.69079506 0.04244782 0.034689307
v -0.68767136 0.07815193 0.034689322
v -0.69920594 0.0791606 0.034689307
v -0.68767136 0.07815193 0.034689322
v -0.69079506 0.04244782 0.034689307
v -0.7023295 0.043457035 0.034689307
v -0.7023295 0.043457035 0.034689307
v -0.70809674 0.04396153 0.024661958
v -0.69920594 0.0791606 0.034689307
v -0.70497304 0.07966563 0.024661958
v -0.69920594 0.07916107 0.014634609
v -0.7023295 0.043457035 0.014634609
v -0.69079506 0.04244782 0.014634623
v -0.7023295 0.043457035 0.014634609
v -0.70809674 0.04396153 0.024661958
v -0.68502766 0.04194325 0.024661988
v -0.69079506 0.04244782 0.034689307
v -0.7023295 0.043457035 0.034689307
v -0.68767136 0.07815193 0.034689322
v -0.69920594 0.0791606 0.034689307
v -0.70497304 0.07966563 0.024661958
v -0.68190396 0.07764741 0.024661988
v -0.68767136 0.07815193 0.014634623
v -0.69920594 0.07916107 0.014634609
v -0.7236625 0.05026528 0.02825217
v -0.721397 0.07616056 0.02825217
v -0.71463025 0.07265501 0.038997676
v -0.7163899 0.052542575 0.038997676
v -0.39906588 0.011594783 0.27547583
v -0.39418343 0.015810702 0.2908803
v -0.39094046 0.052878454 0.2908803
v -0.39501658 0.057878144 0.27547583
v -0.721397 0.07616056 0.02825217
v -0.7236625 0.05026528 0.02825217
v -0.6784968 0.07282948 0.057367906
v -0.6808356 0.046096228 0.057367906
v -0.6566323 0.07204078 0.061871022
v -0.65916634 0.043076213 0.061871022
v -0.42603728 0.060298447 0.22854686
v -0.43003553 0.014597923 0.22854686
v -0.71463025 0.07265501 0.038997676
v -0.721397 0.07616056 0.02825217
v -0.6784968 0.07282948 0.057367906
v -0.4260866 0.05921861 0.25219283
v -0.39094046 0.052878454 0.2908803
v -0.39501658 0.057878144 0.27547583
v -0.6566323 0.07204078 0.061871022
v -0.42603728 0.060298447 0.22854686
v -0.42989668 0.015669923 0.25219283
v -0.39418343 0.015810702 0.2908803
v -0.39906588 0.011594783 0.27547583
v -0.7163899 0.052542575 0.038997676
v -0.6808356 0.046096228 0.057367906
v -0.7236625 0.05026528 0.02825217
v -0.65916634 0.043076213 0.061871022
v -0.43003553 0.014597923 0.22854686
v -0.39906588 0.011594783 0.27547583
v -0.39501658 0.057878144 0.27547583
v -0.4260866 0.05921861 0.25219283
v -0.42989668 0.015669923 0.25219283
v -0.6279845 0.06316137 0.06371176
v -0.6373278 0.06397889 0.070036896
v -0.6528763 0.06507652 0.060440857
v -0.7049883 0.06784927 0.016294122
v -0.6719617 0.06635273 0.06427583
v -0.7145907 0.06868934 0.034827277
v -0.7156795 0.06878464 0.021434039
v -0.6279845 0.06316137 0.06371176
v -0.62941194 0.046846088 0.06371176
v -0.6387552 0.04766351 0.070036896
v -0.6373278 0.06397889 0.070036896
v -0.7049883 0.06784927 0.016294122
v -0.7156795 0.06878464 0.021434039
v -0.7167511 0.0565363 0.021434039
v -0.70605975 0.05560092 0.016294122
v -0.6279845 0.06316137 0.06371176
v -0.62941194 0.046846088 0.06371176
v -0.6373278 0.06397889 0.070036896
v -0.6387552 0.04766351 0.070036896
v -0.6542582 0.04928256 0.060440857
v -0.6528763 0.06507652 0.060440857
v -0.6719617 0.06635273 0.06427583
v -0.6732751 0.051339786 0.06427583
v -0.62941194 0.046846088 0.06371176
v -0.6542582 0.04928256 0.060440857
v -0.6387552 0.04766351 0.070036896
v -0.70605975 0.05560092 0.016294122
v -0.6732751 0.051339786 0.06427583
v -0.7156623 0.05644109 0.034827277
v -0.7167511 0.0565363 0.021434039
v -0.7145907 0.06868934 0.034827277
v -0.7156623 0.05644109 0.034827277
v -0.7167511 0.0565363 0.021434039
v -0.7156795 0.06878464 0.021434039
v -0.4076004 0.020241458 0.22489432
v -0.40492293 0.050844844 0.22489432
v -0.4613347 0.052514248 0.19111887
v -0.46344504 0.028393187 0.19111887
v -0.48931548 0.0545457 0.1942837
v -0.49135348 0.031251375 0.1942837
v -0.42788395 0.053108018 0.2482651
v -0.48931548 0.0545457 0.1942837
v -0.4613347 0.052514248 0.19111887
v -0.40492293 0.050844844 0.22489432
v -0.39928055 0.05137078 0.2615755
v -0.3888508 0.0500974 0.24869998
v -0.402135 0.018743714 0.2615755
v -0.39928055 0.05137078 0.2615755
v -0.3888508 0.0500974 0.24869998
v -0.39164263 0.018186662 0.24869998
v -0.4076004 0.020241458 0.22489432
v -0.40492293 0.050844844 0.22489432
v -0.43060553 0.02199977 0.2482651
v -0.46344504 0.028393187 0.19111887
v -0.49135348 0.031251375 0.1942837
v -0.4076004 0.020241458 0.22489432
v -0.402135 0.018743714 0.2615755
v -0.39164263 0.018186662 0.24869998
v -0.39928055 0.05137078 0.2615755
v -0.402135 0.018743714 0.2615755
v -0.43060553 0.02199977 0.2482651
v -0.42788395 0.053108018 0.2482651
v -0.71463025 0.07265501 0.038997676
v -0.39094046 0.052878454 0.2908803
v -0.39418343 0.015810702 0.2908803
v -0.7163899 0.052542575 0.038997676
v -0.4260866 0.05921861 0.25219283
v -0.43003553 0.014597923 0.22854686
v -0.42989668 0.015669923 0.25219283
v -0.42603728 0.060298447 0.22854686
v -0.17546442 -0.0012003994 0.13067934
v -0.15928082 -0.002901377 0.110401
v -0.19254558 0.000594886 0.10149876
v -0.23836629 0.005410822 0.15511557
v -0.29903018 0.011786824 0.14912266
v -0.334228 0.015486252 0.18649207
v -0.24392036 0.0059945714 0.1751391
v -0.38429254 0.020644097 0.22967163
v -0.39749113 0.022031315 0.21529186
v -0.41798687 0.023824448 0.23427707
v -0.4047883 0.022437219 0.24865684
v -0.334228 0.015486252 0.18649207
v -0.33183947 0.04278686 0.18649207
v -0.3952781 0.04732675 0.21529186
v -0.39749113 0.022031315 0.21529186
v -0.41798687 0.023824448 0.23427707
v -0.41577384 0.049119882 0.23427707
v -0.334228 0.015486252 0.18649207
v -0.29903018 0.011786824 0.14912266
v -0.29653406 0.040318087 0.14912266
v -0.33183947 0.04278686 0.18649207
v -0.18972373 0.032849208 0.10149876
v -0.29653406 0.040318087 0.14912266
v -0.29903018 0.011786824 0.14912266
v -0.19254558 0.000594886 0.10149876
v -0.1563572 0.030516002 0.110401
v -0.15928082 -0.002901377 0.110401
v -0.3820391 0.04640097 0.22967163
v -0.24125563 0.036452644 0.1751391
v -0.24392036 0.0059945714 0.1751391
v -0.38429254 0.020644097 0.22967163
v -0.17259027 0.031651113 0.13067934
v -0.18972373 0.032849208 0.10149876
v -0.1563572 0.030516002 0.110401
v -0.2356846 0.036063086 0.15511557
v -0.29653406 0.040318087 0.14912266
v -0.33183947 0.04278686 0.18649207
v -0.24125563 0.036452644 0.1751391
v -0.3820391 0.04640097 0.22967163
v -0.3952781 0.04732675 0.21529186
v -0.41577384 0.049119882 0.23427707
v -0.4025348 0.04819414 0.24865684
v -0.17546442 -0.0012003994 0.13067934
v -0.17259027 0.031651113 0.13067934
v -0.1563572 0.030516002 0.110401
v -0.15928082 -0.002901377 0.110401
v -0.17259027 0.031651113 0.13067934
v -0.23836629 0.005410822 0.15511557
v -0.2356846 0.036063086 0.15511557
v -0.17546442 -0.0012003994 0.13067934
v -0.24392036 0.0059945714 0.1751391
v -0.24125563 0.036452644 0.1751391
v -0.2356846 0.036063086 0.15511557
v -0.23836629 0.005410822 0.15511557
v -0.14691344 0.02341492 0.13349685
v -0.24252234 0.030100519 0.17048803
v -0.2303965 0.029252592 0.12649235
v -0.1566182 0.024093537 0.093149066
v -0.12983444 0.022220638 0.11019772
v -0.13353807 0.022479622 0.10047839
v -0.1566182 0.024093537 0.093149066
v -0.2303965 0.029252592 0.12649235
v -0.2319759 0.011199583 0.12649235
v -0.15842257 0.0034688339 0.093149066
v -0.13353807 0.022479622 0.10047839
v -0.13541289 0.0010504304 0.10047839
v -0.14874744 0.002451947 0.13349685
v -0.2319759 0.011199583 0.12649235
v -0.24406482 0.012470166 0.17048803
v -0.15842257 0.0034688339 0.093149066
v -0.13172059 0.00066236407 0.11019772
v -0.13541289 0.0010504304 0.10047839
v -0.24406482 0.012470166 0.17048803
v -0.24252234 0.030100519 0.17048803
v -0.14874744 0.002451947 0.13349685
v -0.14691344 0.02341492 0.13349685
v -0.14874744 0.002451947 0.13349685
v -0.14691344 0.02341492 0.13349685
v -0.12983444 0.022220638 0.11019772
v -0.13172059 0.00066236407 0.11019772
v -0.13541289 0.0010504304 0.10047839
v -0.13353807 0.022479622 0.10047839
v -0.1421548 -0.011270321 0.13633123
v -0.1380381 0.03578391 0.11019316
v -0.13803814 0.035783913 0.13633123
v -0.14215477 -0.011270325 0.11019316
v -0.08061257 -0.01665455 0.091331005
v -0.1421548 -0.011270321 0.13633123
v -0.0806125 -0.016654547 0.13633123
v -0.14215477 -0.011270325 0.11019316
v -0.1313925 -0.012211899 0.091331005
v -0.07649582 0.030399682 0.13633123
v -0.0806125 -0.016654547 0.13633123
v -0.1421548 -0.011270321 0.13633123
v -0.13803814 0.035783913 0.13633123
v -0.07649582 0.030399682 0.13633123
v -0.13803814 0.035783913 0.13633123
v -0.07649587 0.03039969 0.091331005
v -0.1380381 0.03578391 0.11019316
v -0.12727582 0.03484233 0.091331005
v -0.14215477 -0.011270325 0.11019316
v -0.1313925 -0.012211899 0.091331005
v -0.12727582 0.03484233 0.091331005
v -0.1380381 0.03578391 0.11019316
v -0.1313925 -0.012211899 0.091331005
v -0.08061257 -0.01665455 0.091331005
v -0.07649587 0.03039969 0.091331005
v -0.12727582 0.03484233 0.091331005
v -0.035225857 0.015374955 0.14698282
v -0.055289056 0.02942336 0.14698282
v -0.035225857 0.015374955 0.09806192
v -0.055289056 0.02942336 0.09806192
v -0.077486925 0.019072298 0.14698282
v -0.077486925 0.019072298 0.09806192
v -0.037360515 -0.009024506 0.14698282
v -0.037360515 -0.009024506 0.09806192
v -0.05955838 -0.019375565 0.09806192
v -0.05955838 -0.019375565 0.14698282
v -0.07962158 -0.005327153 0.09806192
v -0.07962158 -0.005327153 0.14698282
v -0.035225857 0.015374955 0.09806192
v -0.055289056 0.02942336 0.09806192
v -0.077486925 0.019072298 0.09806192
v -0.07962158 -0.005327153 0.09806192
v -0.037360515 -0.009024506 0.09806192
v -0.05955838 -0.019375565 0.09806192
v -0.077486925 0.019072298 0.14698282
v -0.07962158 -0.005327153 0.14698282
v -0.077486925 0.019072298 0.09806192
v -0.07962158 -0.005327153 0.09806192
v -0.077486925 0.019072298 0.14698282
v -0.055289056 0.02942336 0.14698282
v -0.035225857 0.015374955 0.14698282
v -0.07962158 -0.005327153 0.14698282
v -0.037360515 -0.009024506 0.14698282
v -0.05955838 -0.019375565 0.14698282
v -0.44517872 0.021358166 0.19577137
v -0.43403733 0.020383425 0.19277465
v -0.44212425 0.05627048 0.19577137
v -0.4309829 0.05529575 0.19277465
v -0.42282668 0.05458216 0.20096195
v -0.42588112 0.01966985 0.20096195
v -0.42886645 0.019931003 0.21214597
v -0.42581207 0.054843377 0.21214597
v -0.42282668 0.05458216 0.20096195
v -0.42588112 0.01966985 0.20096195
v -0.42581207 0.054843377 0.21214597
v -0.42886645 0.019931003 0.21214597
v -0.44000793 0.020905811 0.21514273
v -0.43695349 0.055818103 0.21514273
v -0.44510964 0.056531657 0.20695539
v -0.4481641 0.02161938 0.20695539
v -0.44212425 0.05627048 0.19577137
v -0.44510964 0.056531657 0.20695539
v -0.4481641 0.02161938 0.20695539
v -0.44517872 0.021358166 0.19577137
v -0.42588112 0.01966985 0.20096195
v -0.43403733 0.020383425 0.19277465
v -0.44517872 0.021358166 0.19577137
v -0.4481641 0.02161938 0.20695539
v -0.42886645 0.019931003 0.21214597
v -0.44000793 0.020905811 0.21514273
v -0.42581207 0.054843377 0.21214597
v -0.43695349 0.055818103 0.21514273
v -0.44510964 0.056531657 0.20695539
v -0.42282668 0.05458216 0.20096195
v -0.44212425 0.05627048 0.19577137
v -0.4309829 0.05529575 0.19277465
v -0.07649582 0.030399682 0.13633123
v -0.07649587 0.03039969 0.091331005
v -0.08061257 -0.01665455 0.091331005
v -0.0806125 -0.016654547 0.13633123
v -0.4025348 0.04819414 0.24865684
v -0.3820391 0.04640097 0.22967163
v -0.38429254 0.020644097 0.22967163
v -0.4047883 0.022437219 0.24865684
v -0.037360515 -0.009024506 0.14698282
v -0.035225857 0.015374955 0.14698282
v -0.037360515 -0.009024506 0.09806192
v -0.035225857 0.015374955 0.09806192
v 0.04643667 -0.26440537 0.525829
v 0.06827539 -0.26440537 0.525829
v 0.057356033 -0.26440537 0.52130604
v 0.07279835 -0.26440537 0.5367484
v 0.06827539 -0.26440537 0.5476678
v 0.041913718 -0.26440537 0.5367484
v 0.04643667 -0.26440537 0.5476678
v 0.057356033 -0.26440537 0.5521908
v 0.04643667 -0.27419806 0.5843792
v 0.06827539 -0.27419806 0.5843792
v 0.057356033 -0.27419806 0.5798562
v 0.07279835 -0.27419806 0.5952986
v 0.06827539 -0.27419806 0.606218
v 0.041913718 -0.27419806 0.5952986
v 0.04643667 -0.27419806 0.606218
v 0.057356033 -0.27419806 0.61074096
v 0.1988929 -0.27850825 0.5187935
v 0.17254438 -0.27850825 0.5297074
v 0.18680412 -0.27850825 0.526871
v 0.14619586 -0.27850825 0.4660964
v 0.14619586 -0.27850825 0.5187935
v 0.15828466 -0.27850825 0.526871
v 0.13811837 -0.27850825 0.5067047
v 0.13528192 -0.27850825 0.49244493
v 0.13811837 -0.27850825 0.47818524
v 0.1988929 -0.27850825 0.4660964
v 0.15828466 -0.27850825 0.45801893
v 0.2069704 -0.27850825 0.5067047
v 0.17254438 -0.27850825 0.4551825
v 0.18680412 -0.27850825 0.45801893
v 0.20980686 -0.27850825 0.49244493
v 0.2069704 -0.27850825 0.47818524
v 0.08493246 -0.23698343 0.22049682
v 0.08467375 -0.2355162 0.22519761
v 0.073913194 -0.17449003 0.20555799
v 0.07411751 -0.17564876 0.2007579
v 0.051965237 -0.17955478 0.2007579
v 0.051760927 -0.17839605 0.20555799
v 0.06278019 -0.24088947 0.22049682
v 0.06252149 -0.23942225 0.22519761
v 0.07197204 -0.17602706 0.2007579
v 0.07176773 -0.17486833 0.20555799
v 0.082787 -0.23736173 0.22049682
v 0.082528286 -0.2358945 0.22519761
v 0.064925656 -0.24051118 0.22049682
v 0.06466695 -0.23904394 0.22519761
v 0.053906392 -0.17801777 0.20555799
v 0.054110706 -0.1791765 0.2007579
v 0.053906392 -0.17801777 0.20555799
v 0.06466695 -0.23904394 0.22519761
v 0.06252149 -0.23942225 0.22519761
v 0.051760927 -0.17839605 0.20555799
v 0.054110706 -0.1791765 0.2007579
v 0.06278019 -0.24088947 0.22049682
v 0.064925656 -0.24051118 0.22049682
v 0.051965237 -0.17955478 0.2007579
v 0.07176773 -0.17486833 0.20555799
v 0.073913194 -0.17449003 0.20555799
v 0.08467375 -0.2355162 0.22519761
v 0.082528286 -0.2358945 0.22519761
v 0.082787 -0.23736173 0.22049682
v 0.08493246 -0.23698343 0.22049682
v 0.07411751 -0.17564876 0.2007579
v 0.07197204 -0.17602706 0.2007579
v -0.07411751 -0.17564876 0.2007579
v -0.073913194 -0.17449003 0.20555799
v -0.08493246 -0.23698343 0.22049682
v -0.08467375 -0.2355162 0.22519761
v -0.06278019 -0.24088947 0.22049682
v -0.06252149 -0.23942225 0.22519761
v -0.051760927 -0.17839605 0.20555799
v -0.051965237 -0.17955478 0.2007579
v -0.082787 -0.23736173 0.22049682
v -0.082528286 -0.2358945 0.22519761
v -0.07176773 -0.17486833 0.20555799
v -0.07197204 -0.17602706 0.2007579
v -0.054110706 -0.1791765 0.2007579
v -0.053906392 -0.17801777 0.20555799
v -0.064925656 -0.24051118 0.22049682
v -0.06466695 -0.23904394 0.22519761
v -0.053906392 -0.17801777 0.20555799
v -0.051760927 -0.17839605 0.20555799
v -0.06252149 -0.23942225 0.22519761
v -0.06466695 -0.23904394 0.22519761
v -0.054110706 -0.1791765 0.2007579
v -0.064925656 -0.24051118 0.22049682
v -0.06278019 -0.24088947 0.22049682
v -0.051965237 -0.17955478 0.2007579
v -0.07176773 -0.17486833 0.20555799
v -0.082528286 -0.2358945 0.22519761
v -0.08467375 -0.2355162 0.22519761
v -0.073913194 -0.17449003 0.20555799
v -0.082787 -0.23736173 0.22049682
v -0.07197204 -0.17602706 0.2007579
v -0.07411751 -0.17564876 0.2007579
v -0.08493246 -0.23698343 0.22049682
v 0.14690325 0.013066519 0.5445663
v 0.14690325 0.013066519 0.44085428
v 0.14690325 -0.076924175 0.5445663
v 0.14690325 -0.076924175 0.44085428
v 0.19832689 -0.2258583 0.55468947
v 0.1725444 -0.2258583 0.5598179
v 0.1725444 -0.2258583 0.5474068
v 0.1467619 -0.2258583 0.55468947
v 0.19357736 -0.2258583 0.5432231
v 0.15151143 -0.2258583 0.5432231
v 0.22018422 -0.2258583 0.5400848
v 0.21140824 -0.2258583 0.5313088
v 0.12490455 -0.2258583 0.5400848
v 0.13368055 -0.2258583 0.5313088
v 0.121766314 -0.2258583 0.513478
v 0.11029993 -0.2258583 0.5182275
v 0.22332248 -0.2258583 0.513478
v 0.23478885 -0.2258583 0.5182275
v 0.1175826 -0.2258583 0.492445
v 0.10517147 -0.2258583 0.492445
v 0.23991731 -0.2258583 0.492445
v 0.22750619 -0.2258583 0.492445
v 0.22332248 -0.2258583 0.471412
v 0.23478885 -0.2258583 0.46666247
v 0.11029993 -0.2258583 0.46666247
v 0.121766314 -0.2258583 0.471412
v 0.21140824 -0.2258583 0.45358106
v 0.22018422 -0.2258583 0.44480506
v 0.13368055 -0.2258583 0.45358106
v 0.12490455 -0.2258583 0.44480506
v 0.19832689 -0.2258583 0.43020052
v 0.19357736 -0.2258583 0.44166693
v 0.1467619 -0.2258583 0.43020052
v 0.15151143 -0.2258583 0.44166693
v 0.1725444 -0.2258583 0.43748316
v 0.1725444 -0.2258583 0.42507204
v 0.20397133 -0.24755195 0.46101803
v 0.21360567 -0.24755195 0.4754368
v 0.23478885 -0.24755196 0.46666247
v 0.21698879 -0.24755195 0.492445
v 0.22018422 -0.24755196 0.44480506
v 0.23991731 -0.24755196 0.492445
v 0.19832689 -0.24755196 0.43020052
v 0.18955253 -0.24755195 0.4513837
v 0.21360567 -0.24755195 0.5094531
v 0.23478885 -0.24755196 0.5182275
v 0.17254438 -0.24755195 0.44800055
v 0.1725444 -0.24755196 0.42507204
v 0.22018422 -0.24755196 0.5400848
v 0.20397133 -0.24755195 0.5238719
v 0.1467619 -0.24755196 0.43020052
v 0.15553625 -0.24755195 0.4513837
v 0.18955253 -0.24755195 0.5335063
v 0.19832689 -0.24755196 0.55468947
v 0.14111745 -0.24755195 0.46101803
v 0.12490455 -0.24755196 0.44480506
v 0.1725444 -0.24755196 0.5598179
v 0.17254438 -0.24755195 0.5368894
v 0.11029993 -0.24755196 0.46666247
v 0.13148311 -0.24755195 0.4754368
v 0.12809998 -0.24755195 0.492445
v 0.10517147 -0.24755196 0.492445
v 0.15553625 -0.24755195 0.5335063
v 0.1467619 -0.24755196 0.55468947
v 0.13148311 -0.24755195 0.5094531
v 0.11029993 -0.24755196 0.5182275
v 0.12490455 -0.24755196 0.5400848
v 0.14111745 -0.24755195 0.5238719
v 0.13633624 0.07676053 0.50699925
v 0.17254438 0.07676053 0.4920013
v 0.13335295 0.07676053 0.4920013
v 0.14483185 0.07676053 0.51971376
v 0.13633624 0.07676053 0.4770034
v 0.15754645 0.07676053 0.5282094
v 0.14483185 0.07676053 0.46428877
v 0.17254438 0.07676053 0.53119266
v 0.15754645 0.07676053 0.45579314
v 0.18754226 0.07676053 0.5282094
v 0.17254438 0.07676053 0.45280993
v 0.20025685 0.07676053 0.51971376
v 0.18754226 0.07676053 0.45579314
v 0.20875253 0.07676053 0.50699925
v 0.20025685 0.07676053 0.46428877
v 0.21173576 0.07676053 0.4920013
v 0.20875253 0.07676053 0.4770034
v 0.1725444 -0.10480598 0.41953087
v 0.2004474 -0.10480598 0.4250811
v 0.2004474 -0.10480598 0.4133881
v 0.1725444 -0.10480598 0.40783787
v 0.14464134 -0.10480598 0.4133881
v 0.14464134 -0.10480598 0.4250811
v 0.1935531 -0.10480598 0.4417254
v 0.21136342 -0.10480598 0.4536259
v 0.1725444 -0.10480598 0.43754652
v 0.22410245 -0.10480598 0.4408869
v 0.15153567 -0.10480598 0.4417254
v 0.13372535 -0.10480598 0.4536259
v 0.120986305 -0.10480598 0.4408869
v 0.22326392 -0.10480598 0.47143626
v 0.12182483 -0.10480598 0.47143626
v 0.10518048 -0.10480598 0.4645419
v 0.09963024 -0.10480598 0.492445
v 0.11764596 -0.10480598 0.492445
v 0.12182483 -0.10480598 0.5134538
v 0.10518048 -0.10480598 0.52034813
v 0.120986305 -0.10480598 0.5440031
v 0.23990826 -0.10480598 0.4645419
v 0.2454585 -0.10480598 0.492445
v 0.22744282 -0.10480598 0.492445
v 0.25160128 -0.10480598 0.4645419
v 0.2571515 -0.10480598 0.492445
v 0.25160128 -0.10480598 0.52034813
v 0.13372535 -0.10480598 0.53126407
v 0.23990826 -0.10480598 0.52034813
v 0.22326392 -0.10480598 0.5134538
v 0.22410245 -0.10480598 0.5440031
v 0.21136342 -0.10480598 0.53126407
v 0.14464134 -0.10480598 0.55980885
v 0.120986305 -0.10480598 0.55941916
v 0.15153567 -0.10480598 0.5431645
v 0.14464134 -0.10480598 0.5752249
v 0.2004474 -0.10480598 0.55980885
v 0.1935531 -0.10480598 0.5431645
v 0.22410245 -0.10480598 0.55941916
v 0.1725444 -0.10480598 0.5473434
v 0.2004474 -0.10480598 0.5752249
v 0.1725444 -0.10480598 0.5653591
v 0.1725444 -0.10480598 0.58077514
v 0.19357362 0.057314552 0.5427703
v 0.17254436 0.057314556 0.4920013
v 0.21140134 0.057314552 0.5308583
v 0.17254438 0.057314552 0.5469533
v 0.2233135 0.057314552 0.51303065
v 0.1515151 0.057314552 0.5427703
v 0.22749645 0.057314552 0.4920013
v 0.13368738 0.057314552 0.5308583
v 0.2233135 0.057314552 0.470972
v 0.12177526 0.057314552 0.51303065
v 0.21140134 0.057314552 0.45314428
v 0.117592275 0.057314552 0.4920013
v 0.19357362 0.057314552 0.44123217
v 0.12177526 0.057314552 0.470972
v 0.17254438 0.057314552 0.43704924
v 0.13368738 0.057314552 0.45314428
v 0.1515151 0.057314552 0.44123217
v 0.10494775 0.038893297 0.46400183
v 0.1208082 0.038893297 0.44026512
v 0.12177526 0.038893294 0.470972
v 0.09937835 0.038893297 0.4920013
v 0.13368738 0.038893294 0.45314428
v 0.117592275 0.038893294 0.4920013
v 0.1515151 0.038893294 0.44123217
v 0.12177526 0.038893294 0.51303065
v 0.10494775 0.038893297 0.5200009
v 0.1208082 0.038893297 0.54373753
v 0.14454493 0.038893297 0.42440462
v 0.1725444 0.038893297 0.4188353
v 0.14454493 0.038893297 0.41271162
v 0.17254438 0.038893294 0.43704924
v 0.1725444 0.038893297 0.4071423
v 0.20054378 0.038893297 0.41271162
v 0.13368738 0.038893294 0.5308583
v 0.20054378 0.038893297 0.42440462
v 0.19357362 0.038893294 0.44123217
v 0.22428054 0.038893297 0.44026512
v 0.21140134 0.038893294 0.45314428
v 0.2233135 0.038893294 0.470972
v 0.24014099 0.038893297 0.46400183
v 0.24571037 0.038893297 0.4920013
v 0.25183398 0.038893297 0.46400183
v 0.22749645 0.038893294 0.4920013
v 0.25740337 0.038893297 0.4920013
v 0.25183398 0.038893297 0.5200009
v 0.24014099 0.038893297 0.5200009
v 0.2233135 0.038893294 0.51303065
v 0.22428054 0.038893297 0.54373753
v 0.21140134 0.038893294 0.5308583
v 0.20054378 0.038893297 0.5595978
v 0.19357362 0.038893294 0.5427703
v 0.22428054 0.038893297 0.55915356
v 0.20054378 0.038893297 0.5750138
v 0.17254438 0.038893294 0.5469533
v 0.1725444 0.038893297 0.56516725
v 0.1725444 0.038893297 0.5805833
v 0.14454493 0.038893297 0.5750138
v 0.14454493 0.038893297 0.5595978
v 0.1515151 0.038893294 0.5427703
v 0.1208082 0.038893297 0.55915356
v 0.21623294 -0.109650336 0.51054144
v 0.22744282 -0.10480598 0.492445
v 0.21983252 -0.109650336 0.492445
v 0.21623294 -0.109650336 0.4743486
v 0.22326392 -0.10480598 0.5134538
v 0.22326392 -0.10480598 0.47143626
v 0.21136342 -0.10480598 0.53126407
v 0.20598215 -0.109650336 0.5258828
v 0.1935531 -0.10480598 0.5431645
v 0.19064076 -0.109650336 0.5361335
v 0.20598215 -0.109650336 0.45900717
v 0.21136342 -0.10480598 0.4536259
v 0.1935531 -0.10480598 0.4417254
v 0.19064076 -0.109650336 0.4487564
v 0.1725444 -0.10480598 0.5473434
v 0.1725444 -0.109650336 0.5397331
v 0.154448 -0.109650336 0.5361335
v 0.15153567 -0.10480598 0.5431645
v 0.13910663 -0.109650336 0.5258828
v 0.13372535 -0.10480598 0.53126407
v 0.1725444 -0.10480598 0.43754652
v 0.1725444 -0.109650336 0.44515684
v 0.154448 -0.109650336 0.4487564
v 0.15153567 -0.10480598 0.4417254
v 0.13910663 -0.109650336 0.45900717
v 0.13372535 -0.10480598 0.4536259
v 0.12885581 -0.109650336 0.51054144
v 0.12182483 -0.10480598 0.5134538
v 0.12885581 -0.109650336 0.4743486
v 0.12182483 -0.10480598 0.47143626
v 0.11764596 -0.10480598 0.492445
v 0.12525624 -0.109650336 0.492445
v 0.043475825 -0.27572188 0.5814184
v 0.037726454 -0.27572188 0.5952986
v 0.041913718 -0.27419806 0.5952986
v 0.043475825 -0.27572188 0.6091788
v 0.04643667 -0.27419806 0.5843792
v 0.04643667 -0.27419806 0.606218
v 0.057356033 -0.27572188 0.575669
v 0.057356033 -0.27419806 0.5798562
v 0.06827539 -0.27419806 0.5843792
v 0.07123624 -0.27572188 0.5814184
v 0.057356033 -0.27572188 0.6149281
v 0.057356033 -0.27419806 0.61074096
v 0.06827539 -0.27419806 0.606218
v 0.07123624 -0.27572188 0.6091788
v 0.07279835 -0.27419806 0.5952986
v 0.07698561 -0.27572188 0.5952986
v -0.032418422 -0.3166389 0.344013
v -0.037829403 -0.31216067 0.344013
v -0.03512392 -0.31216067 0.34869906
v -0.035123907 -0.31216067 0.33932698
v -0.029712921 -0.31216064 0.3486991
v -0.029712927 -0.31216067 0.33932698
v -0.02700744 -0.31216067 0.344013
v -0.05777766 -0.4129454 0.34400803
v -0.05777766 -0.41047424 0.33843374
v -0.063351944 -0.41047424 0.34400803
v -0.052203372 -0.41047424 0.34400803
v -0.05777766 -0.41047424 0.3495823
v -0.45057094 0.03396754 0.20788631
v -0.44869715 0.039255764 0.21313262
v -0.27232912 0.018373434 0.15994406
v -0.45149797 0.03950081 0.20263994
v -0.27045527 0.023661667 0.16519038
v -0.27325606 0.023906708 0.15469772
v -0.44962418 0.04478903 0.20788631
v -0.27138233 0.029194951 0.15994406
v 0.27045527 0.023661777 0.16519038
v 0.27138236 0.029195057 0.15994406
v 0.44962418 0.044789165 0.20788631
v 0.27325606 0.023906812 0.15469772
v 0.44869715 0.039255902 0.21313262
v 0.45149797 0.039500937 0.20263994
v 0.2723291 0.018373536 0.15994406
v 0.45057094 0.033967674 0.20788631
v -0.25905445 -0.3641716 0.20788631
v -0.25579736 -0.36873972 0.20263994
v -0.14078803 -0.23167695 0.15469772
v -0.25073305 -0.3711541 0.20788631
v -0.14404519 -0.22710888 0.15994406
v -0.13572374 -0.23409136 0.15994406
v -0.25399017 -0.366586 0.21313262
v -0.13898084 -0.22952321 0.16519038
v 0.25579736 -0.36873972 0.20263994
v 0.25905445 -0.3641716 0.20788631
v 0.14078803 -0.23167695 0.15469772
v 0.25073305 -0.3711541 0.20788631
v 0.14404519 -0.22710888 0.15994406
v 0.13572374 -0.23409136 0.15994406
v 0.25399017 -0.366586 0.21313262
v 0.13898084 -0.22952321 0.16519038
v 0.14273033 -0.2869147 0.52225906
v 0.15640911 -0.2869147 0.531399
v 0.15828466 -0.2869147 0.526871
v 0.17254438 -0.2869147 0.5346085
v 0.14619586 -0.2869147 0.5187935
v 0.17254438 -0.2869147 0.5297074
v 0.13359042 -0.2869147 0.5085802
v 0.13811837 -0.2869147 0.5067047
v 0.1303809 -0.2869147 0.492445
v 0.13528192 -0.2869147 0.49244493
v 0.13359042 -0.2869147 0.4763097
v 0.13811837 -0.2869147 0.47818524
v 0.14273033 -0.2869147 0.46263087
v 0.14619586 -0.2869147 0.4660964
v 0.15640911 -0.2869147 0.453491
v 0.15828466 -0.2869147 0.45801893
v 0.17254438 -0.2869147 0.45028147
v 0.17254438 -0.2869147 0.4551825
v 0.18867965 -0.2869147 0.453491
v 0.18680412 -0.2869147 0.45801893
v 0.1988929 -0.2869147 0.4660964
v 0.20235847 -0.2869147 0.46263087
v 0.2069704 -0.2869147 0.47818524
v 0.21149835 -0.2869147 0.4763097
v 0.20980686 -0.2869147 0.49244493
v 0.21470788 -0.2869147 0.492445
v 0.2069704 -0.2869147 0.5067047
v 0.21149835 -0.2869147 0.5085802
v 0.20235847 -0.2869147 0.52225906
v 0.1988929 -0.2869147 0.5187935
v 0.18680412 -0.2869147 0.526871
v 0.18867965 -0.2869147 0.531399
v 0.19357736 -0.12458509 0.44166693
v 0.21140824 -0.12458509 0.45358106
v 0.20598215 -0.12175691 0.45900717
v 0.22332248 -0.12458509 0.471412
v 0.19064076 -0.12175691 0.4487564
v 0.21623294 -0.12175691 0.4743486
v 0.22750619 -0.12458509 0.492445
v 0.21983252 -0.12175691 0.492445
v 0.22332248 -0.12458509 0.513478
v 0.21623294 -0.12175691 0.51054144
v 0.21140824 -0.12458509 0.5313088
v 0.20598215 -0.12175691 0.5258828
v 0.19357736 -0.12458509 0.5432231
v 0.19064076 -0.12175691 0.5361335
v 0.1725444 -0.12458509 0.5474068
v 0.1725444 -0.12175691 0.5397331
v 0.1725444 -0.12458509 0.43748316
v 0.1725444 -0.12175691 0.44515684
v 0.154448 -0.12175691 0.4487564
v 0.15151143 -0.12458509 0.44166693
v 0.15151143 -0.12458509 0.5432231
v 0.154448 -0.12175691 0.5361335
v 0.13910663 -0.12175691 0.5258828
v 0.13368055 -0.12458509 0.5313088
v 0.12885581 -0.12175691 0.51054144
v 0.121766314 -0.12458509 0.513478
v 0.12525624 -0.12175691 0.492445
v 0.1175826 -0.12458509 0.492445
v 0.12885581 -0.12175691 0.4743486
v 0.121766314 -0.12458509 0.471412
v 0.13910663 -0.12175691 0.45900717
v 0.13368055 -0.12458509 0.45358106
v -0.0860681 2.023764E-06 0.27721804
v -0.086068116 0.009106563 0.2491971
v -0.086068116 0.023838019 0.25990015
v -0.086068116 -0.009102516 0.2491971
v -0.086068116 0.02946493 0.277218
v -0.086068116 -0.023833968 0.25990015
v -0.086068094 0.023838019 0.29453585
v -0.086068116 -0.029460885 0.277218
v -0.086068094 0.009106563 0.3052389
v -0.086068116 -0.023833968 0.29453585
v -0.086068116 -0.009102516 0.3052389
v 0.0860681 2.023764E-06 0.27721804
v 0.086068116 0.023838019 0.25990015
v 0.086068116 0.009106563 0.2491971
v 0.086068116 -0.009102516 0.2491971
v 0.086068116 0.02946493 0.277218
v 0.086068116 -0.023833968 0.25990015
v 0.086068094 0.023838019 0.29453585
v 0.086068116 -0.029460885 0.277218
v 0.086068094 0.009106563 0.3052389
v 0.086068116 -0.023833968 0.29453585
v 0.086068116 -0.009102516 0.3052389
v -0.05777766 -0.28693426 0.3474745
v -0.06124411 -0.28693426 0.34400803
v -0.061244123 -0.2390274 0.34400803
v -0.057777677 -0.2390274 0.3474745
v -0.057777677 -0.2390274 0.34054157
v -0.054311212 -0.28693426 0.34400803
v -0.05777766 -0.28693426 0.34054157
v -0.054311227 -0.2390274 0.34400803
vt 0.43430737 0.35971716
vt 0.45024514 0.38577497
vt 0.45469946 0.35971716
vt 0.5028076 0.35971716
vt 0.50726193 0.38577497
vt 0.52319974 0.35971716
vt 0.45469943 0.35971716
vt 0.45024514 0.38577497
vt 0.43430737 0.35971716
vt 0.50726193 0.38577497
vt 0.5028076 0.35971716
vt 0.5231997 0.35971716
vt 0.53212786 0.3964124
vt 0.52808505 0.40677384
vt 0.5345116 0.4103552
vt 0.53451157 0.41035524
vt 0.52808505 0.40677384
vt 0.46787217 0.3964124
vt 0.46548843 0.4103552
vt 0.47191498 0.40677384
vt 0.47191498 0.40677384
vt 0.46548846 0.41035524
vt 0.77739567 0.0065348744
vt 0.7687363 0.021152198
vt 0.79439986 0.0065348744
vt 0.031288594 0.0065348744
vt 0.009387344 0.0065348744
vt 0.043621838 0.021152198
vt 0.2226044 0.0065348744
vt 0.20560017 0.0065348744
vt 0.23126376 0.021152198
vt 0.031288594 0.0065348744
vt 0.043621838 0.021152198
vt 0.009387344 0.0065348744
vt 0.9815185 0.0065348744
vt 0.9680983 0.021152198
vt 0.9987241 0.0065348744
vt 0.97920215 0.0065348744
vt 0.99765897 0.0065348744
vt 0.9657819 0.021152198
vt 0.96988297 0.0065348744
vt 0.95593995 0.021152198
vt 0.99269795 0.0065348744
vt 0.96988285 0.0065348744
vt 0.99269783 0.0065348744
vt 0.9559399 0.021152198
vt 0.27934694 0.061918586
vt 0.27871114 0.044857413
vt 0.2924888 0.09108591
vt 0.3871725 0.43738666
vt 0.38606566 0.46184513
vt 0.3766411 0.4004191
vt 0.020797849 0.0065348744
vt 0.034218073 0.021152198
vt 0.0023409724 0.0065348744
vt 0.018481612 0.0065348744
vt 0.0012760162 0.0065348744
vt 0.031901866 0.021152198
vt 0.47610712 0.50726193
vt 0.52389294 0.50726193
vt 0.47610712 0.45024514
vt 0.52389294 0.45024514
vt 0.50726193 0.44015276
vt 0.50726193 0.38577497
vt 0.45024514 0.38577497
vt 0.4502451 0.44015276
vt 0.45477042 0.47280976
vt 0.50273967 0.47280976
vt 0.48791638 0.49552983
vt 0.46959373 0.49552983
vt 0.45024514 0.4036496
vt 0.50726193 0.4036496
vt 0.50726193 0.44015276
vt 0.45024514 0.44015276
vt 0.45477042 0.47280976
vt 0.50273967 0.47280976
vt 0.48791638 0.49552983
vt 0.46959373 0.49552983
vt 0.5371318 0.47280976
vt 0.52389294 0.44015276
vt 0.5238929 0.47280976
vt 0.5371318 0.44015276
vt 0.52389294 0.4036496
vt 0.5371318 0.38577497
vt 0.46286827 0.38577497
vt 0.47610712 0.4036496
vt 0.46286827 0.44015276
vt 0.47610712 0.44015276
vt 0.46286827 0.47280976
vt 0.47610715 0.47280976
vt 0.5371318 0.46959373
vt 0.5371318 0.45477042
vt 0.5238929 0.45477042
vt 0.5238929 0.46959373
vt 0.5371317 0.48791638
vt 0.5238929 0.48791638
vt 0.5371317 0.50273967
vt 0.5238929 0.50273967
vt 0.5371317 0.47280976
vt 0.5238929 0.47280976
vt 0.52389294 0.44015276
vt 0.5371318 0.44015276
vt 0.52389294 0.4036496
vt 0.5371318 0.38577497
vt 0.47610712 0.4036496
vt 0.46286827 0.38577497
vt 0.46286827 0.44015276
vt 0.47610712 0.44015276
vt 0.46286827 0.47280976
vt 0.47610715 0.47280976
vt 0.4502451 0.44015276
vt 0.45024514 0.38577497
vt 0.50726193 0.38577497
vt 0.50726193 0.44015276
vt 0.45477042 0.47280976
vt 0.50273967 0.47280976
vt 0.48791638 0.49552983
vt 0.46959373 0.49552983
vt 0.50726193 0.44015276
vt 0.50726193 0.4036496
vt 0.45024514 0.4036496
vt 0.45024514 0.44015276
vt 0.45477042 0.47280976
vt 0.50273967 0.47280976
vt 0.48791638 0.49552983
vt 0.46959373 0.49552983
vt 0.46286827 0.46959373
vt 0.47610715 0.45477042
vt 0.46286827 0.45477042
vt 0.47610715 0.46959373
vt 0.46286827 0.48791638
vt 0.47610715 0.48791638
vt 0.46286827 0.50273967
vt 0.47610715 0.50273967
vt 0.46280998 0.2675829
vt 0.46280998 0.35971716
vt 0.4798729 0.35971716
vt 0.4798729 0.2675829
vt 0.5 0.35971716
vt 0.5 0.2675829
vt 0.5201271 0.35971716
vt 0.5201271 0.2675829
vt 0.5371901 0.35971716
vt 0.5371901 0.2675829
vt 0.5371901 0.35971716
vt 0.5201271 0.35971716
vt 0.5371901 0.2675829
vt 0.5201271 0.2675829
vt 0.5 0.35971716
vt 0.5 0.2675829
vt 0.4798729 0.35971716
vt 0.4798729 0.2675829
vt 0.46280998 0.35971716
vt 0.46280998 0.2675829
vt 0.43430737 0.35971716
vt 0.43430737 0.2675829
vt 0.45469943 0.2675829
vt 0.45469943 0.35971716
vt 0.47875354 0.2675829
vt 0.47875354 0.35971716
vt 0.5028076 0.2675829
vt 0.5028076 0.35971716
vt 0.5231997 0.2675829
vt 0.5231997 0.35971716
vt 0.52319974 0.35971716
vt 0.52319974 0.2675829
vt 0.5028076 0.2675829
vt 0.5028076 0.35971716
vt 0.47875354 0.2675829
vt 0.47875354 0.35971716
vt 0.45469946 0.2675829
vt 0.45469946 0.35971716
vt 0.43430737 0.2675829
vt 0.43430737 0.35971716
vt 0.54859114 0.45469946
vt 0.5371318 0.45024514
vt 0.55259466 0.47875354
vt 0.5371318 0.50726193
vt 0.54859114 0.5028076
vt 0.4514089 0.5028076
vt 0.46286827 0.50726193
vt 0.44740534 0.47875354
vt 0.46286827 0.45024514
vt 0.4514089 0.45469943
vt 0.5371901 0.43430737
vt 0.5201271 0.42068183
vt 0.5371318 0.45024514
vt 0.5 0.41589716
vt 0.46286827 0.45024514
vt 0.4798729 0.42068183
vt 0.46280998 0.43430737
vt 0.46280998 0.5231997
vt 0.4798729 0.53682524
vt 0.46286827 0.50726193
vt 0.5 0.5416099
vt 0.5371318 0.50726193
vt 0.5201271 0.53682524
vt 0.5371901 0.52319974
vt 0.4514089 0.5028076
vt 0.44740534 0.47875354
vt 0.4514089 0.45469943
vt 0.4798729 0.42068183
vt 0.46280998 0.43430737
vt 0.5201271 0.53682524
vt 0.4798729 0.53682524
vt 0.46280998 0.5231997
vt 0.5 0.5416099
vt 0.54859114 0.45469946
vt 0.5201271 0.42068183
vt 0.5 0.41589716
vt 0.5371901 0.43430737
vt 0.54859114 0.5028076
vt 0.55259466 0.47875354
vt 0.5371901 0.52319974
vt 0.5 0.43756217
vt 0.5154358 0.43756217
vt 0.5154358 0.62487555
vt 0.5 0.62487555
vt 0.48456424 0.43756217
vt 0.48456424 0.62487555
vt 0.47875506 0.62487555
vt 0.4972025 0.62487555
vt 0.4972025 0.43756217
vt 0.47875506 0.43756217
vt 0.46030763 0.62487555
vt 0.46030763 0.43756217
vt 0.5 0.62487555
vt 0.5154358 0.62487555
vt 0.5154358 0.43756217
vt 0.5 0.43756217
vt 0.48456424 0.62487555
vt 0.48456424 0.43756217
vt 0.47875506 0.62487555
vt 0.46030763 0.62487555
vt 0.46030763 0.43756217
vt 0.47875506 0.43756217
vt 0.4972025 0.62487555
vt 0.4972025 0.43756217
vt 0.5 0.49908394
vt 0.51925004 0.49908394
vt 0.51925004 0.52098525
vt 0.5 0.52098525
vt 0.48075 0.49908394
vt 0.48075 0.52098525
vt 0.47875506 0.52098525
vt 0.50176096 0.52098525
vt 0.50176096 0.49908394
vt 0.47875506 0.49908394
vt 0.45574915 0.52098525
vt 0.45574915 0.49908394
vt 0.5 0.52098525
vt 0.51925004 0.52098525
vt 0.51925004 0.49908394
vt 0.5 0.49908394
vt 0.48075 0.52098525
vt 0.48075 0.49908394
vt 0.47875506 0.52098525
vt 0.45574915 0.52098525
vt 0.45574915 0.49908394
vt 0.47875506 0.49908394
vt 0.50176096 0.52098525
vt 0.50176096 0.49908394
vt 0.48075 0.50176096
vt 0.5 0.5112903
vt 0.51925004 0.50176096
vt 0.5 0.4462198
vt 0.5272237 0.47875506
vt 0.51925004 0.45574915
vt 0.47277635 0.47875506
vt 0.48075 0.45574915
vt 0.51925004 0.50176096
vt 0.5 0.5112903
vt 0.48075 0.50176096
vt 0.5 0.4462198
vt 0.5272237 0.47875506
vt 0.51925004 0.45574915
vt 0.47277635 0.47875506
vt 0.48075 0.45574915
vt 0.47117665 0.3986453
vt 0.5288234 0.3986453
vt 0.5288234 0.43756223
vt 0.47117665 0.43756223
vt 0.47117665 0.4764792
vt 0.5288234 0.4764792
vt 0.5288234 0.47875506
vt 0.5288234 0.4972025
vt 0.47117665 0.4972025
vt 0.47117665 0.47875506
vt 0.5288234 0.46030763
vt 0.47117665 0.46030763
vt 0.5288234 0.43756223
vt 0.5288234 0.39864528
vt 0.47117665 0.39864528
vt 0.47117665 0.43756223
vt 0.47117665 0.4764792
vt 0.5288234 0.4764792
vt 0.5288234 0.47875506
vt 0.5288234 0.46030763
vt 0.47117665 0.46030763
vt 0.47117665 0.47875506
vt 0.5288234 0.4972025
vt 0.47117665 0.4972025
vt 0.5371318 0.4608155
vt 0.55420184 0.4608155
vt 0.55420184 0.47190276
vt 0.5371318 0.47190276
vt 0.55420184 0.48560736
vt 0.5371318 0.48560736
vt 0.55420184 0.49669465
vt 0.5371318 0.49669465
vt 0.55420184 0.44015285
vt 0.5371318 0.4126564
vt 0.55420184 0.4126564
vt 0.5371318 0.44015285
vt 0.5542018 0.46764922
vt 0.5371317 0.46764922
vt 0.55420184 0.4126564
vt 0.5371318 0.4126564
vt 0.5371318 0.44015285
vt 0.55420184 0.44015285
vt 0.5371318 0.46764922
vt 0.55420184 0.46764922
vt 0.5371317 0.49669465
vt 0.5542018 0.49669465
vt 0.5542018 0.48560736
vt 0.5371317 0.48560736
vt 0.5371318 0.47190276
vt 0.55420184 0.47190276
vt 0.55420184 0.4608155
vt 0.5371318 0.4608155
vt 0.46286827 0.4608155
vt 0.44579822 0.47190276
vt 0.44579822 0.4608155
vt 0.46286827 0.47190276
vt 0.44579822 0.48560736
vt 0.46286827 0.48560736
vt 0.44579822 0.49669465
vt 0.46286827 0.49669465
vt 0.44579822 0.44015285
vt 0.44579822 0.4126564
vt 0.46286827 0.4126564
vt 0.46286827 0.44015285
vt 0.44579825 0.46764922
vt 0.4628683 0.46764922
vt 0.46286827 0.44015285
vt 0.46286827 0.4126564
vt 0.44579822 0.4126564
vt 0.44579822 0.44015285
vt 0.46286827 0.46764922
vt 0.44579822 0.46764922
vt 0.4628683 0.49669465
vt 0.44579825 0.48560736
vt 0.44579825 0.49669465
vt 0.4628683 0.48560736
vt 0.46286827 0.47190276
vt 0.44579822 0.47190276
vt 0.44579822 0.4608155
vt 0.46286827 0.4608155
vt 0.45450166 0.33297992
vt 0.4753765 0.33297992
vt 0.45450166 0.22295403
vt 0.4753765 0.22295403
vt 0.5 0.33297992
vt 0.5 0.22295403
vt 0.5246236 0.33297992
vt 0.5246236 0.22295403
vt 0.5454984 0.33297992
vt 0.5454984 0.22295403
vt 0.44932568 0.33297992
vt 0.42437798 0.33297992
vt 0.44932568 0.22295403
vt 0.42437798 0.22295403
vt 0.42437798 0.33297992
vt 0.4493257 0.33297992
vt 0.42437798 0.22295403
vt 0.4493257 0.22295403
vt 0.5416242 0.42900813
vt 0.5543846 0.45183152
vt 0.5594465 0.4493257
vt 0.5454984 0.42437798
vt 0.5246236 0.40770847
vt 0.52252686 0.41375804
vt 0.5 0.40840292
vt 0.5 0.40185493
vt 0.4753765 0.40770847
vt 0.4774732 0.41375804
vt 0.45450166 0.42437798
vt 0.4583759 0.42900813
vt 0.44561547 0.45183152
vt 0.44055355 0.44932568
vt 0.5594465 0.33297992
vt 0.5543846 0.33297992
vt 0.5543846 0.22295403
vt 0.5594465 0.22295403
vt 0.44561547 0.33297992
vt 0.44055355 0.33297992
vt 0.44055355 0.22295403
vt 0.44561547 0.22295403
vt 0.5594465 0.4493257
vt 0.5543846 0.45183152
vt 0.5416242 0.42900813
vt 0.5454984 0.42437798
vt 0.5246236 0.40770847
vt 0.52252686 0.41375804
vt 0.5 0.40840292
vt 0.5 0.40185493
vt 0.4753765 0.40770847
vt 0.4774732 0.41375804
vt 0.45450166 0.42437798
vt 0.4583759 0.42900813
vt 0.44561547 0.45183152
vt 0.44055355 0.44932568
vt 0.5416242 0.33297992
vt 0.52252686 0.33297992
vt 0.5416242 0.22295403
vt 0.52252686 0.22295403
vt 0.5 0.33297992
vt 0.5 0.22295403
vt 0.4774732 0.33297992
vt 0.4774732 0.22295403
vt 0.4583759 0.33297992
vt 0.4583759 0.22295403
vt 0.45183152 0.33297992
vt 0.42900813 0.33297992
vt 0.45183152 0.22295403
vt 0.42900813 0.22295403
vt 0.42900813 0.33297992
vt 0.45183152 0.33297992
vt 0.42900813 0.22295403
vt 0.45183152 0.22295403
vt 0.43769383 0.2675829
vt 0.44810367 0.2398155
vt 0.51981324 0.2675829
vt 0.5094034 0.2398155
vt 0.46564358 0.2675829
vt 0.47435394 0.2398155
vt 0.5343565 0.2675829
vt 0.5256461 0.2398155
vt 0.51981324 0.2675829
vt 0.5094034 0.2398155
vt 0.43769383 0.2675829
vt 0.44810367 0.2398155
vt 0.5343565 0.2675829
vt 0.5256461 0.2398155
vt 0.46564358 0.2675829
vt 0.47435394 0.2398155
vt 0.47435394 0.2398155
vt 0.5256461 0.18357503
vt 0.5256461 0.2398155
vt 0.47435394 0.18357503
vt 0.5256461 0.44810367
vt 0.47435394 0.5094034
vt 0.47435394 0.44810367
vt 0.5256461 0.5094034
vt 0.44810367 0.2398155
vt 0.5094034 0.18357503
vt 0.5094034 0.2398155
vt 0.44810367 0.18357503
vt 0.5094034 0.2398155
vt 0.44810367 0.18357503
vt 0.44810367 0.2398155
vt 0.5094034 0.18357503
vt 0.5256461 0.2398155
vt 0.47435394 0.18357503
vt 0.47435394 0.2398155
vt 0.5256461 0.18357503
vt 0.40093598 0.8810288
vt 0.400936 0.6401745
vt 0.33699757 0.6401745
vt 0.33699757 0.99438655
vt 0.5051243 0.8810288
vt 0.33371145 0.99438655
vt 0.33371145 0.6401745
vt 0.33484286 1
vt 0.5754653 0.99438655
vt 0.5754653 0.83568716
vt 0.5177676 0.83568716
vt 0.5781263 0.83568716
vt 0.5781263 0.99438655
vt 0.5514853 0.99438655
vt 0.44851476 0.99438655
vt 0.44851476 0.83568716
vt 0.5514853 0.83568716
vt 0.33699757 0.6401745
vt 0.40093598 0.6401745
vt 0.40093598 0.8810288
vt 0.33699757 0.99438655
vt 0.33371145 0.6401745
vt 0.33371145 0.99438655
vt 0.33484286 1
vt 0.5051243 0.8810288
vt 0.5754653 0.99438655
vt 0.5754653 0.83568716
vt 0.5177676 0.83568716
vt 0.5781263 0.99438655
vt 0.5781263 0.83568716
vt 0.51318824 0.7722471
vt 0.49797806 0.7722471
vt 0.51318824 0.68289924
vt 0.49797806 0.68289924
vt 0.5355207 0.7722471
vt 0.52031046 0.7722471
vt 0.5355207 0.68289924
vt 0.52031046 0.68289924
vt 0.5251359 0.3156556
vt 0.5240811 0.31299466
vt 0.47591895 0.31299466
vt 0.47486416 0.3156556
vt 0.55122524 0.33484286
vt 0.44877478 0.33484286
vt 0.5512618 0.5754653
vt 0.5537118 0.33699757
vt 0.5537118 0.5754653
vt 0.5514853 0.5781263
vt 0.44873828 0.5754653
vt 0.44628826 0.33699757
vt 0.44851476 0.5781263
vt 0.44628826 0.5754653
vt 0.47486416 1
vt 0.44782263 0.99438655
vt 0.44877478 1
vt 0.47591895 0.99438655
vt 0.44782263 0.6401745
vt 0.47591895 0.6401745
vt 0.5240811 0.6401745
vt 0.5240811 0.99438655
vt 0.5521774 0.6401745
vt 0.5521774 0.99438655
vt 0.5251359 1
vt 0.55122524 1
vt 0.5537118 0.8810288
vt 0.44628826 0.8810288
vt 0.44628826 0.6401745
vt 0.5537118 0.6401745
vt 0.5537118 0.5754653
vt 0.5514853 0.5781263
vt 0.44851476 0.5781263
vt 0.44628826 0.5754653
vt 0.5537118 0.5177676
vt 0.44628826 0.5177676
vt 0.5537118 0.40093598
vt 0.5537118 0.5051243
vt 0.44628826 0.40093598
vt 0.44628826 0.5051243
vt 0.5537118 0.8810288
vt 0.44628826 0.83568716
vt 0.44628826 0.8810288
vt 0.5537118 0.83568716
vt 0.44782263 0.33371145
vt 0.47591895 0.31299466
vt 0.5240811 0.31299466
vt 0.5521774 0.33371145
vt 0.44628826 0.33699757
vt 0.5537118 0.33699757
vt 0.44628826 0.40093598
vt 0.5537118 0.400936
vt 0.45499128 0.8810288
vt 0.5450088 0.6181668
vt 0.5450088 0.8810288
vt 0.45499128 0.6181668
vt 0.5606607 0.8810288
vt 0.40093598 0.6181668
vt 0.40093598 0.8810288
vt 0.5606607 0.6181668
vt 0.5370939 0.56507456
vt 0.3750421 0.56507456
vt 0.2899402 0.6181668
vt 0.40093598 0.62378025
vt 0.2899402 0.62378025
vt 0.2899402 0.56507456
vt 0.28727925 0.6181668
vt 0.28727925 0.56507456
vt 0.54278225 0.6181668
vt 0.54278225 0.56507456
vt 0.4572178 0.56507456
vt 0.4572178 0.6181668
vt 0.54278225 0.62378025
vt 0.4572178 0.62378025
vt 0.40093598 0.8810288
vt 0.5606607 0.6181668
vt 0.5606607 0.8810288
vt 0.40093598 0.6181668
vt 0.5370939 0.56507456
vt 0.3750421 0.56507456
vt 0.2899402 0.6181668
vt 0.2899402 0.56507456
vt 0.28727925 0.56507456
vt 0.28727925 0.6181668
vt 0.2899402 0.62378025
vt 0.40093598 0.62378025
vt 0.4572178 0.40093598
vt 0.54278225 0.40093598
vt 0.4572178 0.2899402
vt 0.54278225 0.2899402
vt 0.45499128 0.6181668
vt 0.5450088 0.56507456
vt 0.5450088 0.6181668
vt 0.45499128 0.56507456
vt 0.45499128 0.8810288
vt 0.4572178 0.62378025
vt 0.45499128 0.6181668
vt 0.54278225 0.62378025
vt 0.5450088 0.8810288
vt 0.5450088 0.6181668
vt 0.4572178 0.28727925
vt 0.54278225 0.28727925
vt 0.5450088 0.2899402
vt 0.45499128 0.2899402
vt 0.5450088 0.3750421
vt 0.45499128 0.3750421
vt 0.5450088 0.5370939
vt 0.45499128 0.5370939
vt 0.29733312 0.56507456
vt 0.4291476 0.56507456
vt 0.40936992 0.5242747
vt 0.29733312 0.5242747
vt 0.2946722 0.56507456
vt 0.2946722 0.5242747
vt 0.54278225 0.56507456
vt 0.4572178 0.5242747
vt 0.4572178 0.56507456
vt 0.54278225 0.5242747
vt 0.29733312 0.56507456
vt 0.40936992 0.5242747
vt 0.4291476 0.56507456
vt 0.29733312 0.5242747
vt 0.2946722 0.5242747
vt 0.2946722 0.56507456
vt 0.4572178 0.2946722
vt 0.54278225 0.2946722
vt 0.5450088 0.29733312
vt 0.45499128 0.29733312
vt 0.5450088 0.40936992
vt 0.45499128 0.40936992
vt 0.45499128 0.40936992
vt 0.5450088 0.40936992
vt 0.5450088 0.4291476
vt 0.45499128 0.4291476
vt 0.45642215 0.6933893
vt 0.4661287 0.6933893
vt 0.4661287 0.6658608
vt 0.45642215 0.6658608
vt 0.4661287 0.75705624
vt 0.4661287 0.7295277
vt 0.45642215 0.75705624
vt 0.45642215 0.7295277
vt 0.46361428 0.16982007
vt 0.4671247 0.16982007
vt 0.4671247 0.2667756
vt 0.46361426 0.2667756
vt 0.46010384 0.16982007
vt 0.46010384 0.2667756
vt 0.16982007 0.5550493
vt 0.16982007 0.5461986
vt 0.2667756 0.5461986
vt 0.2667756 0.5550493
vt 0.16982007 0.5461986
vt 0.2667756 0.5461986
vt 0.46361426 0.53734815
vt 0.4671247 0.5461986
vt 0.46361426 0.5550493
vt 0.46010384 0.5461986
vt 0.2438134 0.5536469
vt 0.28774458 0.5536468
vt 0.28774458 0.5462066
vt 0.2438134 0.5462066
vt 0.2438134 0.53876626
vt 0.28774458 0.53876626
vt 0.47788057 0.2438134
vt 0.48128816 0.2438134
vt 0.48128816 0.28774458
vt 0.47788057 0.28774458
vt 0.2438134 0.53876626
vt 0.28774458 0.53876626
vt 0.28774458 0.5462066
vt 0.2438134 0.5462066
vt 0.2438134 0.5536468
vt 0.28774458 0.5536468
vt 0.47634664 0.28743255
vt 0.48282212 0.28743255
vt 0.48282212 0.29885536
vt 0.47634664 0.29885536
vt 0.48128816 0.2438134
vt 0.47788057 0.28774458
vt 0.48128816 0.28774458
vt 0.47788057 0.2438134
vt 0.29885536 0.5462066
vt 0.29885536 0.5320678
vt 0.28743255 0.5320678
vt 0.28743255 0.5462066
vt 0.28743255 0.5603454
vt 0.29885536 0.5603454
vt 0.48282212 0.29885536
vt 0.4828221 0.28743255
vt 0.47634664 0.29885536
vt 0.47634664 0.28743255
vt 0.28743255 0.5462066
vt 0.28743255 0.5320678
vt 0.29885536 0.5320678
vt 0.29885536 0.5462066
vt 0.28743255 0.5603454
vt 0.29885536 0.5603454
vt 0.47634664 0.5603454
vt 0.4828221 0.5603454
vt 0.48605984 0.5462066
vt 0.47634664 0.5320678
vt 0.48282212 0.5320678
vt 0.4731089 0.5462066
vt 0.5448614 0.2757432
vt 0.53612024 0.30468273
vt 0.5448614 0.30468273
vt 0.53612024 0.2757432
vt 0.52737916 0.30468273
vt 0.52737916 0.2757432
vt 0.30468273 0.8742604
vt 0.2757432 0.8522222
vt 0.2757432 0.8742604
vt 0.30468273 0.8522222
vt 0.2757432 0.83018386
vt 0.30468273 0.83018386
vt 0.53612024 0.2757432
vt 0.5448614 0.2757432
vt 0.5448614 0.30468273
vt 0.53612024 0.30468273
vt 0.52737916 0.2757432
vt 0.52737916 0.30468273
vt 0.2757432 0.8522222
vt 0.2757432 0.83018386
vt 0.30468273 0.83018386
vt 0.30468273 0.8522222
vt 0.2757432 0.8742604
vt 0.30468273 0.8742604
vt 0.53612024 0.2757432
vt 0.5448614 0.2757432
vt 0.54299676 0.27975526
vt 0.53612024 0.27975526
vt 0.5292437 0.27975526
vt 0.52737916 0.2757432
vt 0.2757432 0.8522222
vt 0.27975526 0.8695594
vt 0.2757432 0.8742604
vt 0.27975526 0.8522222
vt 0.27975526 0.8348849
vt 0.2757432 0.83018386
vt 0.54299676 0.27975526
vt 0.5448614 0.2757432
vt 0.53612024 0.2757432
vt 0.53612024 0.27975526
vt 0.5292437 0.27975526
vt 0.52737916 0.2757432
vt 0.2757432 0.8522222
vt 0.27975526 0.8348849
vt 0.2757432 0.83018386
vt 0.27975526 0.8522222
vt 0.27975526 0.8695594
vt 0.2757432 0.8742604
vt 0.5425817 0.30468273
vt 0.53612024 0.34548518
vt 0.5425817 0.34548518
vt 0.53612024 0.30468273
vt 0.5296588 0.34548518
vt 0.5296588 0.30468273
vt 0.34548518 0.86851275
vt 0.30468273 0.8522222
vt 0.30468273 0.86851275
vt 0.34548518 0.8522222
vt 0.30468273 0.8359314
vt 0.34548518 0.8359314
vt 0.53612024 0.30468273
vt 0.5425817 0.30468273
vt 0.5425817 0.34548518
vt 0.53612024 0.34548518
vt 0.5296588 0.30468273
vt 0.5296588 0.34548518
vt 0.30468273 0.8522222
vt 0.30468273 0.8359314
vt 0.34548518 0.8359314
vt 0.34548518 0.8522222
vt 0.30468273 0.86851275
vt 0.34548518 0.86851275
vt 0.53612024 0.8210552
vt 0.5448614 0.83018386
vt 0.52737916 0.83018386
vt 0.5448614 0.8742604
vt 0.54848206 0.8522222
vt 0.52737916 0.8742604
vt 0.5237584 0.8522222
vt 0.53612024 0.883389
vt 0.5448614 0.27123815
vt 0.53612024 0.34548518
vt 0.5448614 0.34548518
vt 0.53612024 0.27123815
vt 0.52737916 0.34548518
vt 0.52737916 0.27123815
vt 0.34548518 0.9672234
vt 0.27123815 0.9451852
vt 0.27123815 0.9672234
vt 0.34548518 0.9451852
vt 0.27123815 0.92314684
vt 0.34548518 0.92314684
vt 0.53612024 0.27123815
vt 0.5448614 0.27123815
vt 0.5448614 0.34548518
vt 0.53612024 0.34548518
vt 0.52737916 0.27123815
vt 0.52737916 0.34548518
vt 0.27123815 0.9451852
vt 0.27123815 0.92314684
vt 0.34548518 0.92314684
vt 0.34548518 0.9451852
vt 0.27123815 0.9672234
vt 0.34548518 0.9672234
vt 0.27783495 0.8982636
vt 0.35021338 0.8982636
vt 0.35021338 0.8908231
vt 0.27783495 0.8908231
vt 0.27783495 0.88338304
vt 0.35021338 0.88338304
vt 0.51388615 0.27783495
vt 0.5172937 0.27783495
vt 0.5172937 0.35021338
vt 0.5138861 0.35021338
vt 0.27783495 0.89082325
vt 0.27783495 0.88338304
vt 0.35021338 0.88338304
vt 0.35021338 0.89082325
vt 0.27783495 0.8982636
vt 0.35021338 0.8982636
vt 0.5172937 0.27783495
vt 0.5138861 0.35021338
vt 0.5172937 0.35021338
vt 0.5138861 0.27783495
vt 0.51388615 0.88338304
vt 0.5189975 0.8908231
vt 0.5172937 0.88338304
vt 0.5138861 0.8982636
vt 0.51218235 0.89082325
vt 0.5172937 0.8982636
vt 0.592513 0.8646349
vt 0.5450088 0.8646349
vt 0.5450088 0.6999663
vt 0.592513 0.6999663
vt 0.5450088 0.8646349
vt 0.592513 0.8646349
vt 0.592513 0.6999663
vt 0.5450088 0.6999663
vt 0.592513 0.4208584
vt 0.5450088 0.48858774
vt 0.5450088 0.4208584
vt 0.592513 0.48858774
vt 0.5450088 0.48858774
vt 0.592513 0.48858774
vt 0.5450088 0.4208584
vt 0.592513 0.4208584
vt 0.6151492 0.62341845
vt 0.60866064 0.59879583
vt 0.6151492 0.59879583
vt 0.60866064 0.62341845
vt 0.6021721 0.59879583
vt 0.6021721 0.62341845
vt 0.62341845 0.79061985
vt 0.59879583 0.77172995
vt 0.59879583 0.79061985
vt 0.62341845 0.77172995
vt 0.60866064 0.62341845
vt 0.6151492 0.62341845
vt 0.6151492 0.59879583
vt 0.60866064 0.59879583
vt 0.6021721 0.62341845
vt 0.6021721 0.59879583
vt 0.59879583 0.79061985
vt 0.62341845 0.77172995
vt 0.62341845 0.79061985
vt 0.59879583 0.77172995
vt 0.6151492 0.79061985
vt 0.60866064 0.762285
vt 0.6151492 0.77172995
vt 0.6021721 0.79061985
vt 0.6021721 0.77172995
vt 0.60866064 0.8000648
vt 0.6038545 0.6278495
vt 0.6020457 0.63686013
vt 0.61146665 0.63902295
vt 0.61337936 0.6289309
vt 0.6139071 0.6145657
vt 0.6042782 0.6145657
vt 0.60474956 0.69860375
vt 0.61146665 0.7663107
vt 0.6020457 0.7683996
vt 0.5956297 0.7036406
vt 0.5863803 0.61460817
vt 0.59523743 0.6072539
vt 0.57451874 0.529552
vt 0.58298874 0.5194428
vt 0.58142537 0.52739584
vt 0.5930474 0.6107472
vt 0.5708889 0.4683343
vt 0.5639498 0.47036183
vt 0.5705046 0.45266178
vt 0.55711704 0.4564036
vt 0.56038463 0.43534696
vt 0.556995 0.46331966
vt 0.5639279 0.45420662
vt 0.54982096 0.44659954
vt 0.5428624 0.48977515
vt 0.5522455 0.4976164
vt 0.53600687 0.5614685
vt 0.5456188 0.5671456
vt 0.5299399 0.6405177
vt 0.5395823 0.64574707
vt 0.525199 0.7020289
vt 0.53410554 0.7107891
vt 0.5254712 0.7277528
vt 0.53201944 0.742656
vt 0.52606994 0.71619546
vt 0.5333337 0.6487963
vt 0.5639279 0.61384535
vt 0.556995 0.6065941
vt 0.55069244 0.6156567
vt 0.55711704 0.6227128
vt 0.5639498 0.62946194
vt 0.5708889 0.6210841
vt 0.5933157 0.5671456
vt 0.58640254 0.64574707
vt 0.5954596 0.6487963
vt 0.6027026 0.5679896
vt 0.6012493 0.4976164
vt 0.61059916 0.4987665
vt 0.6065941 0.46331966
vt 0.6156567 0.4654511
vt 0.585431 0.6405177
vt 0.5924874 0.5614685
vt 0.600683 0.48977515
vt 0.6084812 0.44659954
vt 0.6227128 0.4564036
vt 0.61983645 0.43534696
vt 0.57355165 0.7020289
vt 0.58271 0.71619546
vt 0.5698064 0.743878
vt 0.5629534 0.7277528
vt 0.55067205 0.7588991
vt 0.55067205 0.7375876
vt 0.5666805 0.742656
vt 0.55067205 0.758623
vt 0.61384535 0.45420662
vt 0.6210841 0.4683343
vt 0.63027555 0.45266178
vt 0.6416477 0.5194428
vt 0.6305941 0.52739584
vt 0.64916605 0.6072539
vt 0.63775146 0.6107472
vt 0.6482814 0.69860375
vt 0.6369925 0.6964699
vt 0.64629835 0.61460817
vt 0.6454655 0.7036406
vt 0.63020366 0.7530292
vt 0.63902295 0.7663107
vt 0.6245213 0.76823604
vt 0.63686013 0.7683996
vt 0.6289309 0.7857766
vt 0.6278495 0.7868211
vt 0.6145657 0.7908362
vt 0.6145657 0.7908362
vt 0.6145657 0.76903665
vt 0.53201944 0.5666805
vt 0.5313315 0.55067205
vt 0.52146816 0.55067205
vt 0.5229786 0.5698064
vt 0.52606994 0.58271
vt 0.53410554 0.5764439
vt 0.57029283 0.7102753
vt 0.55067205 0.7308688
vt 0.55067205 0.7091849
vt 0.56312156 0.693998
vt 0.58771425 0.6408777
vt 0.5694436 0.71071005
vt 0.55067205 0.7308688
vt 0.5866723 0.64180505
vt 0.5782832 0.6303762
vt 0.5957261 0.5643544
vt 0.59689254 0.56252825
vt 0.58625937 0.56070364
vt 0.5960814 0.5083374
vt 0.5869639 0.5101224
vt 0.5975832 0.5055258
vt 0.58456343 0.4576931
vt 0.586195 0.4539758
vt 0.57650006 0.46497488
vt 0.5671389 0.41678458
vt 0.5680584 0.41270685
vt 0.5610315 0.4301226
vt 0.5370083 0.37290826
vt 0.53751385 0.36852673
vt 0.53221536 0.38930017
vt 0.514662 0.34982017
vt 0.51069695 0.3670029
vt 0.51489896 0.34518713
vt 0.51029295 0.5694436
vt 0.51042134 0.55067205
vt 0.5007975 0.55067205
vt 0.5006919 0.57029283
vt 0.5022096 0.6408777
vt 0.51029295 0.71071005
vt 0.5006919 0.7102753
vt 0.5117919 0.64180505
vt 0.5042468 0.56252825
vt 0.5137972 0.5643544
vt 0.5155035 0.5083374
vt 0.5060317 0.5055258
vt 0.5172009 0.4576931
vt 0.5077911 0.4539758
vt 0.51890385 0.41678458
vt 0.50945294 0.41270685
vt 0.51890385 0.5671389
vt 0.50945294 0.5680584
vt 0.51152897 0.53751385
vt 0.5209897 0.5370083
vt 0.5127526 0.51489896
vt 0.5221996 0.514662
vt 0.50515896 0.6711209
vt 0.5085417 0.73210764
vt 0.49897233 0.73312104
vt 0.4957054 0.6740166
vt 0.4912817 0.5898379
vt 0.50066125 0.5856714
vt 0.48693854 0.51003206
vt 0.49626458 0.504985
vt 0.48292178 0.43649277
vt 0.49223706 0.43118823
vt 0.4815074 0.379723
vt 0.49083763 0.3747698
vt 0.5689606 0.7499144
vt 0.55067205 0.7593552
vt 0.55067205 0.7376263
vt 0.5663116 0.7290654
vt 0.57938045 0.73312104
vt 0.569337 0.75016344
vt 0.55067205 0.7593552
vt 0.58056647 0.73210764
vt 0.57275814 0.71699536
vt 0.5916586 0.6740166
vt 0.5933185 0.6711209
vt 0.58243674 0.6682261
vt 0.59017605 0.5898379
vt 0.58091456 0.59061444
vt 0.5918436 0.5856714
vt 0.5793142 0.51003206
vt 0.57064843 0.5151988
vt 0.58086234 0.504985
vt 0.5594951 0.43649277
vt 0.5520847 0.44624317
vt 0.5609727 0.43118823
vt 0.5328474 0.379723
vt 0.5277141 0.39421177
vt 0.53449386 0.3747698
vt 0.50983894 0.35438257
vt 0.5116985 0.34966418
vt 0.5069089 0.37129894
vt 0.49227384 0.5116985
vt 0.49083763 0.53449386
vt 0.4815074 0.5328474
vt 0.482957 0.50983894
vt 0.5085417 0.58056647
vt 0.4996644 0.5689606
vt 0.49897233 0.57938045
vt 0.5092878 0.569337
vt 0.50049585 0.55067205
vt 0.51012415 0.55067205
vt 0.30929023 0.906113
vt 0.2919161 0.88903093
vt 0.2919161 0.906113
vt 0.30929023 0.88903093
vt 0.61211383 0.2919161
vt 0.6052075 0.30929023
vt 0.61211383 0.30929023
vt 0.6052075 0.2919161
vt 0.6235252 0.89994586
vt 0.61211383 0.88903093
vt 0.61211383 0.906113
vt 0.6235252 0.834352
vt 0.59379613 0.834352
vt 0.6052075 0.88903093
vt 0.59379613 0.89994586
vt 0.6052075 0.906113
vt 0.6052075 0.30929023
vt 0.59379613 0.2919161
vt 0.59379613 0.30929023
vt 0.6052075 0.2919161
vt 0.6235252 0.30929023
vt 0.61211383 0.2919161
vt 0.61211383 0.30929023
vt 0.6235252 0.2919161
vt 0.2919161 0.89994586
vt 0.30929023 0.89994586
vt 0.2919161 0.834352
vt 0.30929023 0.834352
vt 0.59379613 0.89994586
vt 0.6052075 0.88903093
vt 0.6052075 0.906113
vt 0.59379613 0.834352
vt 0.6235252 0.834352
vt 0.61211383 0.88903093
vt 0.6235252 0.89994586
vt 0.61211383 0.906113
vt 0.2919161 0.906113
vt 0.30929023 0.88903093
vt 0.30929023 0.906113
vt 0.2919161 0.88903093
vt 0.30929023 0.89994586
vt 0.2919161 0.89994586
vt 0.30929023 0.834352
vt 0.2919161 0.834352
vt 0.62971824 0.39622787
vt 0.62971824 0.38711613
vt 0.6200569 0.38711613
vt 0.6200569 0.39622787
vt 0.60866064 0.38711613
vt 0.60866064 0.39622787
vt 0.59726435 0.38711613
vt 0.59726435 0.39622787
vt 0.5876031 0.38711613
vt 0.5876031 0.39622787
vt 0.39622787 0.83497024
vt 0.39622787 0.8106121
vt 0.38711613 0.83497024
vt 0.38711613 0.8106121
vt 0.39622787 0.7818794
vt 0.38711613 0.7818794
vt 0.39622787 0.7531469
vt 0.38711613 0.7531469
vt 0.39622787 0.7287885
vt 0.38711613 0.7287885
vt 0.38711613 0.7287885
vt 0.39622787 0.7287885
vt 0.39622787 0.7531469
vt 0.38711613 0.7531469
vt 0.39622787 0.7818794
vt 0.38711613 0.7818794
vt 0.39622787 0.8106121
vt 0.38711613 0.8106121
vt 0.39622787 0.83497024
vt 0.38711613 0.83497024
vt 0.62971824 0.38711613
vt 0.62971824 0.39622787
vt 0.6200569 0.39622787
vt 0.6200569 0.38711613
vt 0.60866064 0.39622787
vt 0.60866064 0.38711613
vt 0.59726435 0.39622787
vt 0.59726435 0.38711613
vt 0.5876031 0.39622787
vt 0.5876031 0.38711613
vt 0.41748235 0.73757637
vt 0.41748235 0.70001805
vt 0.39987385 0.73757637
vt 0.39987385 0.70001805
vt 0.5761917 0.39987385
vt 0.5910886 0.39987385
vt 0.5761917 0.41748235
vt 0.5910886 0.41748235
vt 0.6536882 0.47906375
vt 0.6512299 0.49041715
vt 0.65859365 0.49041715
vt 0.64764446 0.47906375
vt 0.41748235 0.8637408
vt 0.39987385 0.8637408
vt 0.39987385 0.8261826
vt 0.41748235 0.8261826
vt 0.39987385 0.7818794
vt 0.41748235 0.7818794
vt 0.39987385 0.73757637
vt 0.41748235 0.73757637
vt 0.39987385 0.70001805
vt 0.41748235 0.70001805
vt 0.42883575 0.8756691
vt 0.41748235 0.88821757
vt 0.41748235 0.8637408
vt 0.42883575 0.8564004
vt 0.65859365 0.50802565
vt 0.6512299 0.49041715
vt 0.65859365 0.49041715
vt 0.6512299 0.50802565
vt 0.41748235 0.8637408
vt 0.41748235 0.8261826
vt 0.39987385 0.8637408
vt 0.39987385 0.8261826
vt 0.62623274 0.39987385
vt 0.6411296 0.39987385
vt 0.62623274 0.41748235
vt 0.6411296 0.41748235
vt 0.39987385 0.88821757
vt 0.41748235 0.8637408
vt 0.41748235 0.88821757
vt 0.39987385 0.8637408
vt 0.5761917 0.41748235
vt 0.5910886 0.41748235
vt 0.57882375 0.42883575
vt 0.592513 0.42883575
vt 0.42883575 0.8564004
vt 0.41748235 0.8637408
vt 0.41748235 0.8261826
vt 0.42883575 0.8218868
vt 0.41748235 0.7818794
vt 0.42883575 0.7811749
vt 0.42883575 0.74046326
vt 0.41748235 0.73757637
vt 0.42883575 0.70594954
vt 0.41748235 0.70001805
vt 0.6512299 0.49041715
vt 0.64764446 0.47906375
vt 0.6536882 0.47906375
vt 0.65859365 0.49041715
vt 0.42883575 0.8564004
vt 0.42883575 0.8218868
vt 0.41748235 0.8261826
vt 0.41748235 0.8637408
vt 0.39987385 0.67492235
vt 0.41748235 0.6563568
vt 0.41748235 0.67492235
vt 0.39987385 0.6563568
vt 0.62623274 0.41748235
vt 0.6411296 0.41748235
vt 0.63849753 0.42883575
vt 0.62480825 0.42883575
vt 0.42883575 0.8756691
vt 0.47906375 0.8564004
vt 0.47906375 0.8756691
vt 0.42883575 0.8564004
vt 0.42883575 0.74046326
vt 0.42883575 0.70594954
vt 0.41748235 0.73757637
vt 0.41748235 0.70001805
vt 0.49041715 0.65528274
vt 0.47906375 0.66765046
vt 0.49041715 0.6738484
vt 0.47906375 0.68288815
vt 0.47906375 0.8756691
vt 0.49041715 0.8877959
vt 0.49041715 0.86331904
vt 0.47906375 0.8564004
vt 0.42883575 0.68288815
vt 0.47906375 0.66765046
vt 0.47906375 0.68288815
vt 0.42883575 0.66765046
vt 0.42883575 0.70594954
vt 0.42883575 0.74046326
vt 0.47906375 0.70594954
vt 0.47906375 0.74046326
vt 0.65108335 0.41748235
vt 0.64764446 0.42883575
vt 0.6536882 0.42883575
vt 0.6584471 0.41748235
vt 0.57882375 0.42883575
vt 0.592513 0.42883575
vt 0.57882375 0.47906375
vt 0.592513 0.47906375
vt 0.50802565 0.8877959
vt 0.49041715 0.86331904
vt 0.49041715 0.8877959
vt 0.50802565 0.86331904
vt 0.47906375 0.8564004
vt 0.42883575 0.8564004
vt 0.42883575 0.8218868
vt 0.47906375 0.8218868
vt 0.42883575 0.7811749
vt 0.47906375 0.7811749
vt 0.42883575 0.74046326
vt 0.47906375 0.74046326
vt 0.42883575 0.70594954
vt 0.47906375 0.70594954
vt 0.50802565 0.6738484
vt 0.49041715 0.65528274
vt 0.49041715 0.6738484
vt 0.50802565 0.65528274
vt 0.42883575 0.8218868
vt 0.42883575 0.8564004
vt 0.47906375 0.8218868
vt 0.47906375 0.8564004
vt 0.41748235 0.88821757
vt 0.39987385 0.8637408
vt 0.39987385 0.88821757
vt 0.41748235 0.8637408
vt 0.49041715 0.86331904
vt 0.49041715 0.82563126
vt 0.47906375 0.8564004
vt 0.47906375 0.8218868
vt 0.47906375 0.70594954
vt 0.49041715 0.6990309
vt 0.49041715 0.7367188
vt 0.47906375 0.74046326
vt 0.49041715 0.7811749
vt 0.47906375 0.7811749
vt 0.47906375 0.8218868
vt 0.49041715 0.82563126
vt 0.47906375 0.8564004
vt 0.49041715 0.86331904
vt 0.62480825 0.47906375
vt 0.63849753 0.47906375
vt 0.6262934 0.49041715
vt 0.6412417 0.49041715
vt 0.49041715 0.8877959
vt 0.50802565 0.86331904
vt 0.50802565 0.8877959
vt 0.49041715 0.86331904
vt 0.41748235 0.6563568
vt 0.42883575 0.66765046
vt 0.41748235 0.67492235
vt 0.42883575 0.68288815
vt 0.62480825 0.42883575
vt 0.63849753 0.42883575
vt 0.62480825 0.47906375
vt 0.63849753 0.47906375
vt 0.49041715 0.7367188
vt 0.49041715 0.6990309
vt 0.47906375 0.70594954
vt 0.47906375 0.74046326
vt 0.57882375 0.47906375
vt 0.592513 0.47906375
vt 0.59102786 0.49041715
vt 0.57607955 0.49041715
vt 0.6536882 0.42883575
vt 0.65108335 0.41748235
vt 0.6584471 0.41748235
vt 0.64764446 0.42883575
vt 0.6584471 0.41748235
vt 0.65108335 0.39987385
vt 0.6584471 0.39987385
vt 0.65108335 0.41748235
vt 0.47906375 0.8756691
vt 0.42883575 0.8564004
vt 0.42883575 0.8756691
vt 0.47906375 0.8564004
vt 0.50802565 0.86331904
vt 0.49041715 0.86331904
vt 0.49041715 0.82563126
vt 0.50802565 0.82563126
vt 0.49041715 0.7811749
vt 0.50802565 0.7811749
vt 0.49041715 0.7367188
vt 0.50802565 0.7367188
vt 0.49041715 0.6990309
vt 0.50802565 0.6990309
vt 0.42883575 0.8756691
vt 0.41748235 0.8637408
vt 0.41748235 0.88821757
vt 0.42883575 0.8564004
vt 0.50802565 0.86331904
vt 0.50802565 0.82563126
vt 0.49041715 0.86331904
vt 0.49041715 0.82563126
vt 0.39987385 0.6563568
vt 0.39987385 0.67492235
vt 0.41748235 0.67492235
vt 0.41748235 0.6563568
vt 0.6262934 0.49041715
vt 0.6412417 0.49041715
vt 0.6262934 0.50802565
vt 0.6412417 0.50802565
vt 0.6536882 0.47906375
vt 0.64764446 0.42883575
vt 0.6536882 0.42883575
vt 0.64764446 0.47906375
vt 0.47906375 0.8756691
vt 0.49041715 0.86331904
vt 0.49041715 0.8877959
vt 0.47906375 0.8564004
vt 0.50802565 0.7367188
vt 0.50802565 0.6990309
vt 0.49041715 0.7367188
vt 0.49041715 0.6990309
vt 0.57607955 0.50802565
vt 0.57607955 0.49041715
vt 0.59102786 0.49041715
vt 0.59102786 0.50802565
vt 0.5954174 0.5218899
vt 0.58419025 0.50802565
vt 0.58419025 0.5218899
vt 0.5954174 0.50802565
vt 0.60866064 0.5218899
vt 0.60866064 0.50802565
vt 0.6219039 0.5218899
vt 0.6219039 0.50802565
vt 0.633131 0.5218899
vt 0.633131 0.50802565
vt 0.50802565 0.7477857
vt 0.5218899 0.7194797
vt 0.50802565 0.7194797
vt 0.5218899 0.7477857
vt 0.50802565 0.7811749
vt 0.5218899 0.7811749
vt 0.50802565 0.8145642
vt 0.5218899 0.8145642
vt 0.50802565 0.8428701
vt 0.5218899 0.8428701
vt 0.58419025 0.50802565
vt 0.5954174 0.50802565
vt 0.58419025 0.5218899
vt 0.5954174 0.5218899
vt 0.60866064 0.50802565
vt 0.60866064 0.5218899
vt 0.6219039 0.50802565
vt 0.6219039 0.5218899
vt 0.633131 0.50802565
vt 0.633131 0.5218899
vt 0.5218899 0.8428701
vt 0.50802565 0.8428701
vt 0.50802565 0.8145642
vt 0.5218899 0.8145642
vt 0.50802565 0.7811749
vt 0.5218899 0.7811749
vt 0.50802565 0.7477857
vt 0.5218899 0.7477857
vt 0.50802565 0.7194797
vt 0.5218899 0.7194797
vt 0.41748235 0.8261826
vt 0.41748235 0.7818794
vt 0.39987385 0.8261826
vt 0.39987385 0.7818794
vt 0.41748235 0.73757637
vt 0.39987385 0.73757637
vt 0.41748235 0.7818794
vt 0.41748235 0.8261826
vt 0.42883575 0.8218868
vt 0.42883575 0.7811749
vt 0.42883575 0.74046326
vt 0.41748235 0.73757637
vt 0.47906375 0.68288815
vt 0.42883575 0.66765046
vt 0.42883575 0.68288815
vt 0.47906375 0.66765046
vt 0.47906375 0.8218868
vt 0.47906375 0.7811749
vt 0.42883575 0.8218868
vt 0.42883575 0.7811749
vt 0.47906375 0.74046326
vt 0.42883575 0.74046326
vt 0.49041715 0.7811749
vt 0.47906375 0.8218868
vt 0.49041715 0.82563126
vt 0.47906375 0.7811749
vt 0.47906375 0.74046326
vt 0.49041715 0.7367188
vt 0.50802565 0.82563126
vt 0.50802565 0.7811749
vt 0.49041715 0.82563126
vt 0.49041715 0.7811749
vt 0.50802565 0.7367188
vt 0.49041715 0.7367188
vt 0.65859365 0.49041715
vt 0.6512299 0.50802565
vt 0.65859365 0.50802565
vt 0.6512299 0.49041715
vt 0.6584471 0.39987385
vt 0.65108335 0.41748235
vt 0.6584471 0.41748235
vt 0.65108335 0.39987385
vt 0.5910886 0.41748235
vt 0.5761917 0.39987385
vt 0.5761917 0.41748235
vt 0.5910886 0.39987385
vt 0.60866064 0.41748235
vt 0.60866064 0.39987385
vt 0.62623274 0.41748235
vt 0.62623274 0.39987385
vt 0.6411296 0.41748235
vt 0.6411296 0.39987385
vt 0.62623274 0.41748235
vt 0.63849753 0.42883575
vt 0.6411296 0.41748235
vt 0.62480825 0.42883575
vt 0.60866064 0.41748235
vt 0.60866064 0.42883575
vt 0.592513 0.42883575
vt 0.5910886 0.41748235
vt 0.57882375 0.42883575
vt 0.5761917 0.41748235
vt 0.6536882 0.42883575
vt 0.64764446 0.47906375
vt 0.6536882 0.47906375
vt 0.64764446 0.42883575
vt 0.57882375 0.47906375
vt 0.592513 0.47906375
vt 0.57882375 0.42883575
vt 0.592513 0.42883575
vt 0.60866064 0.47906375
vt 0.60866064 0.42883575
vt 0.62480825 0.47906375
vt 0.62480825 0.42883575
vt 0.63849753 0.47906375
vt 0.63849753 0.42883575
vt 0.59102786 0.49041715
vt 0.57882375 0.47906375
vt 0.57607955 0.49041715
vt 0.592513 0.47906375
vt 0.60866064 0.49041715
vt 0.60866064 0.47906375
vt 0.62480825 0.47906375
vt 0.6262934 0.49041715
vt 0.63849753 0.47906375
vt 0.6412417 0.49041715
vt 0.6412417 0.50802565
vt 0.6412417 0.49041715
vt 0.6262934 0.49041715
vt 0.6262934 0.50802565
vt 0.60866064 0.49041715
vt 0.60866064 0.50802565
vt 0.59102786 0.49041715
vt 0.59102786 0.50802565
vt 0.57607955 0.49041715
vt 0.57607955 0.50802565
vt 0.5910886 0.39987385
vt 0.60866064 0.39987385
vt 0.5910886 0.41748235
vt 0.60866064 0.41748235
vt 0.62623274 0.39987385
vt 0.62623274 0.41748235
vt 0.592513 0.42883575
vt 0.5910886 0.41748235
vt 0.60866064 0.41748235
vt 0.60866064 0.42883575
vt 0.62480825 0.42883575
vt 0.62623274 0.41748235
vt 0.62480825 0.42883575
vt 0.62480825 0.47906375
vt 0.60866064 0.47906375
vt 0.60866064 0.42883575
vt 0.592513 0.47906375
vt 0.592513 0.42883575
vt 0.60866064 0.49041715
vt 0.59102786 0.49041715
vt 0.592513 0.47906375
vt 0.60866064 0.47906375
vt 0.62480825 0.47906375
vt 0.6262934 0.49041715
vt 0.59102786 0.49041715
vt 0.60866064 0.49041715
vt 0.59102786 0.50802565
vt 0.60866064 0.50802565
vt 0.6262934 0.49041715
vt 0.6262934 0.50802565
vt 0.41748235 0.67492235
vt 0.42883575 0.68288815
vt 0.42883575 0.66765046
vt 0.41748235 0.6563568
vt 0.49041715 0.6738484
vt 0.47906375 0.68288815
vt 0.47906375 0.66765046
vt 0.49041715 0.65528274
vt 0.49041715 0.6738484
vt 0.50802565 0.65528274
vt 0.50802565 0.6738484
vt 0.49041715 0.65528274
vt 0.5365255 0.8069861
vt 0.5365255 0.7811749
vt 0.5218899 0.8069861
vt 0.5218899 0.7811749
vt 0.5365255 0.7553637
vt 0.5218899 0.7553637
vt 0.5218899 0.7553637
vt 0.5365255 0.7553637
vt 0.5365255 0.7811749
vt 0.5218899 0.7811749
vt 0.5218899 0.8069861
vt 0.5365255 0.8069861
vt 0.6188982 0.5218899
vt 0.6188982 0.5365255
vt 0.60866064 0.5365255
vt 0.60866064 0.5218899
vt 0.59842306 0.5365255
vt 0.59842306 0.5218899
vt 0.60866064 0.5365255
vt 0.6188982 0.5365255
vt 0.6188982 0.5218899
vt 0.60866064 0.5218899
vt 0.59842306 0.5218899
vt 0.59842306 0.5365255
vt 0.5912086 0.58138216
vt 0.5992156 0.58138216
vt 0.5912086 0.5365255
vt 0.5992156 0.5365255
vt 0.60866064 0.58138216
vt 0.60866064 0.5365255
vt 0.61810565 0.58138216
vt 0.61810565 0.5365255
vt 0.6261127 0.58138216
vt 0.6261127 0.5365255
vt 0.5365255 0.7371744
vt 0.5365255 0.757362
vt 0.58138216 0.7371744
vt 0.58138216 0.757362
vt 0.5365255 0.7811749
vt 0.58138216 0.7811749
vt 0.5365255 0.8049879
vt 0.58138216 0.8049879
vt 0.5365255 0.8251753
vt 0.58138216 0.8251753
vt 0.5912086 0.5365255
vt 0.5992156 0.5365255
vt 0.5912086 0.58138216
vt 0.5992156 0.58138216
vt 0.60866064 0.5365255
vt 0.60866064 0.58138216
vt 0.61810565 0.5365255
vt 0.61810565 0.58138216
vt 0.6261127 0.5365255
vt 0.6261127 0.58138216
vt 0.58138216 0.8251753
vt 0.5365255 0.8251753
vt 0.5365255 0.8049879
vt 0.58138216 0.8049879
vt 0.5365255 0.7811749
vt 0.58138216 0.7811749
vt 0.5365255 0.757362
vt 0.58138216 0.757362
vt 0.5365255 0.7371744
vt 0.58138216 0.7371744
vt 0.61810565 0.58138216
vt 0.6261127 0.58138216
vt 0.6222055 0.59879583
vt 0.61599106 0.59879583
vt 0.60866064 0.58138216
vt 0.60866064 0.59879583
vt 0.6013302 0.59879583
vt 0.5992156 0.58138216
vt 0.5951158 0.59879583
vt 0.5912086 0.58138216
vt 0.58138216 0.757362
vt 0.58138216 0.7371744
vt 0.59879583 0.7470255
vt 0.59879583 0.7626934
vt 0.58138216 0.7811749
vt 0.59879583 0.7811749
vt 0.59879583 0.7996566
vt 0.58138216 0.8049879
vt 0.59879583 0.8153244
vt 0.58138216 0.8251753
vt 0.58138216 0.8049879
vt 0.58138216 0.8251753
vt 0.59879583 0.8153244
vt 0.59879583 0.7996566
vt 0.58138216 0.7811749
vt 0.59879583 0.7811749
vt 0.59879583 0.7626934
vt 0.58138216 0.757362
vt 0.59879583 0.7470255
vt 0.58138216 0.7371744
vt 0.61810565 0.58138216
vt 0.6222055 0.59879583
vt 0.6261127 0.58138216
vt 0.61599106 0.59879583
vt 0.60866064 0.58138216
vt 0.60866064 0.59879583
vt 0.6013302 0.59879583
vt 0.5992156 0.58138216
vt 0.5951158 0.59879583
vt 0.5912086 0.58138216
vt 0.5951158 0.7470255
vt 0.6013302 0.73655653
vt 0.60866064 0.73288035
vt 0.5909635 0.7626934
vt 0.60866064 0.82946956
vt 0.6222055 0.7470255
vt 0.61599106 0.73655653
vt 0.5951158 0.8153244
vt 0.6013302 0.8257934
vt 0.5909635 0.7996566
vt 0.5895053 0.7811749
vt 0.6222055 0.8153244
vt 0.61599106 0.8257934
vt 0.6278159 0.7811749
vt 0.6263578 0.7626934
vt 0.6263578 0.7996566
vt 0.28050414 0.7548747
vt 0.29243958 0.7319813
vt 0.28050414 0.7319813
vt 0.29243958 0.7548747
vt 0.28050414 0.7818794
vt 0.29243958 0.7818794
vt 0.28050414 0.808884
vt 0.29243958 0.808884
vt 0.28050414 0.83177745
vt 0.29243958 0.83177745
vt 0.5888694 0.29243958
vt 0.5888694 0.28050414
vt 0.5979497 0.28050414
vt 0.5979497 0.29243958
vt 0.60866064 0.28050414
vt 0.60866064 0.29243958
vt 0.6193716 0.28050414
vt 0.6193716 0.29243958
vt 0.62845194 0.28050414
vt 0.62845194 0.29243958
vt 0.29243958 0.83177745
vt 0.28050414 0.83177745
vt 0.28050414 0.808884
vt 0.29243958 0.808884
vt 0.28050414 0.7818794
vt 0.29243958 0.7818794
vt 0.28050414 0.7548747
vt 0.29243958 0.7548747
vt 0.28050414 0.7319813
vt 0.29243958 0.7319813
vt 0.62845194 0.29243958
vt 0.62845194 0.28050414
vt 0.6193716 0.28050414
vt 0.6193716 0.29243958
vt 0.60866064 0.28050414
vt 0.60866064 0.29243958
vt 0.5979497 0.28050414
vt 0.5979497 0.29243958
vt 0.5888694 0.28050414
vt 0.5888694 0.29243958
vt 0.6386621 0.29243955
vt 0.6386621 0.30876678
vt 0.6248973 0.30876678
vt 0.6248973 0.29243955
vt 0.60866064 0.30876678
vt 0.60866064 0.29243955
vt 0.59242404 0.30876678
vt 0.59242404 0.29243955
vt 0.57865924 0.30876678
vt 0.57865924 0.29243955
vt 0.59242404 0.30876678
vt 0.57865924 0.29243955
vt 0.57865924 0.30876678
vt 0.59242404 0.29243955
vt 0.60866064 0.30876678
vt 0.60866064 0.29243955
vt 0.6248973 0.30876678
vt 0.6248973 0.29243955
vt 0.6386621 0.30876678
vt 0.6386621 0.29243955
vt 0.29243955 0.7409432
vt 0.30876678 0.7062391
vt 0.29243955 0.7062391
vt 0.30876678 0.7409432
vt 0.29243955 0.7818794
vt 0.30876678 0.7818794
vt 0.29243955 0.82281554
vt 0.30876678 0.82281554
vt 0.29243955 0.8575194
vt 0.30876678 0.8575194
vt 0.30876678 0.8575194
vt 0.29243955 0.8575194
vt 0.29243955 0.82281554
vt 0.30876678 0.82281554
vt 0.29243955 0.7818794
vt 0.30876678 0.7818794
vt 0.29243955 0.7409432
vt 0.30876678 0.7409432
vt 0.29243955 0.7062391
vt 0.30876678 0.7062391
vt 0.6331354 0.30876678
vt 0.6331354 0.3849876
vt 0.6219063 0.3849876
vt 0.6219063 0.30876678
vt 0.60866064 0.3849876
vt 0.60866064 0.30876678
vt 0.59541506 0.3849876
vt 0.59541506 0.30876678
vt 0.58418596 0.3849876
vt 0.58418596 0.30876678
vt 0.58418596 0.3849876
vt 0.59541506 0.3849876
vt 0.58418596 0.30876678
vt 0.59541506 0.30876678
vt 0.60866064 0.3849876
vt 0.60866064 0.30876678
vt 0.6219063 0.3849876
vt 0.6219063 0.30876678
vt 0.6331354 0.3849876
vt 0.6331354 0.30876678
vt 0.3849876 0.8435854
vt 0.30876678 0.8435854
vt 0.30876678 0.8152745
vt 0.3849876 0.8152745
vt 0.30876678 0.7818794
vt 0.3849876 0.7818794
vt 0.30876678 0.74848425
vt 0.3849876 0.74848425
vt 0.30876678 0.72017324
vt 0.3849876 0.72017324
vt 0.6331354 0.8435854
vt 0.6406384 0.8152745
vt 0.6412102 0.8435854
vt 0.64871323 0.8152745
vt 0.6432731 0.7818794
vt 0.651348 0.7818794
vt 0.64871323 0.74848425
vt 0.6406384 0.74848425
vt 0.6412102 0.72017324
vt 0.6331354 0.72017324
vt 0.6406384 0.74848425
vt 0.6412102 0.72017324
vt 0.6331354 0.72017324
vt 0.64871323 0.74848425
vt 0.6432731 0.7818794
vt 0.651348 0.7818794
vt 0.64871323 0.8152745
vt 0.6406384 0.8152745
vt 0.6412102 0.8435854
vt 0.6331354 0.8435854
vt 0.31412208 0.72017324
vt 0.31412208 0.74848425
vt 0.3849876 0.72017324
vt 0.3849876 0.74848425
vt 0.31412208 0.7818794
vt 0.3849876 0.7818794
vt 0.31412208 0.8152745
vt 0.3849876 0.8152745
vt 0.31412208 0.8435854
vt 0.3849876 0.8435854
vt 0.6412102 0.31412208
vt 0.6412102 0.3849876
vt 0.6331354 0.3849876
vt 0.6331354 0.30876678
vt 0.6412102 0.31412208
vt 0.6331354 0.3849876
vt 0.6412102 0.3849876
vt 0.6331354 0.30876678
vt 0.26281416 0.7400445
vt 0.26914108 0.7400445
vt 0.26914108 0.7592385
vt 0.26281416 0.7592385
vt 0.26914108 0.7818793
vt 0.26281416 0.7818793
vt 0.26914108 0.80452025
vt 0.26281416 0.80452025
vt 0.26914108 0.82371426
vt 0.26281416 0.82371426
vt 0.59968054 0.26914108
vt 0.59206754 0.26281416
vt 0.59206754 0.26914108
vt 0.59968054 0.26281416
vt 0.60866064 0.26914108
vt 0.60866064 0.26281416
vt 0.6176408 0.26914108
vt 0.6176408 0.26281416
vt 0.6252538 0.26914108
vt 0.6252538 0.26281416
vt 0.26914108 0.82371426
vt 0.26914108 0.80452025
vt 0.26281416 0.82371426
vt 0.26281416 0.80452025
vt 0.26914108 0.7818793
vt 0.26281416 0.7818793
vt 0.26914108 0.7592385
vt 0.26281416 0.7592385
vt 0.26914108 0.7400445
vt 0.26281416 0.7400445
vt 0.6252538 0.26281416
vt 0.6252538 0.26914108
vt 0.6176408 0.26914108
vt 0.6176408 0.26281416
vt 0.60866064 0.26914108
vt 0.60866064 0.26281416
vt 0.59968054 0.26914108
vt 0.59968054 0.26281416
vt 0.59206754 0.26914108
vt 0.59206754 0.26281416
vt 0.25579864 0.7533517
vt 0.26281416 0.734542
vt 0.25579864 0.72916687
vt 0.26281416 0.75626063
vt 0.25579864 0.7818794
vt 0.26281416 0.7818794
vt 0.26281416 0.8074981
vt 0.25579864 0.81040716
vt 0.26281416 0.8292167
vt 0.25579864 0.83459175
vt 0.5877532 0.25579864
vt 0.5973456 0.25579864
vt 0.5898851 0.26281416
vt 0.5984994 0.26281416
vt 0.60866064 0.25579864
vt 0.60866064 0.26281416
vt 0.6188219 0.26281416
vt 0.6199757 0.25579864
vt 0.6274362 0.26281416
vt 0.62956816 0.25579864
vt 0.26281416 0.8292167
vt 0.25579864 0.83459175
vt 0.25579864 0.81040716
vt 0.26281416 0.8074981
vt 0.25579864 0.7818794
vt 0.26281416 0.7818794
vt 0.26281416 0.75626063
vt 0.25579864 0.7533517
vt 0.26281416 0.734542
vt 0.25579864 0.72916687
vt 0.6199757 0.25579864
vt 0.6274362 0.26281416
vt 0.62956816 0.25579864
vt 0.6188219 0.26281416
vt 0.60866064 0.25579864
vt 0.60866064 0.26281416
vt 0.5984994 0.26281416
vt 0.5973456 0.25579864
vt 0.5898851 0.26281416
vt 0.5877532 0.25579864
vt 0.6340978 0.7177466
vt 0.63578165 0.71139324
vt 0.62411094 0.6917325
vt 0.62242717 0.6980859
vt 0.62956816 0.72916687
vt 0.64189595 0.74717104
vt 0.6199757 0.71300733
vt 0.60866064 0.70733285
vt 0.6359776 0.7533517
vt 0.60866064 0.6911819
vt 0.64463425 0.7818794
vt 0.63822836 0.7818794
vt 0.6448685 0.74568033
vt 0.6476068 0.7803887
vt 0.6359776 0.81040716
vt 0.64189595 0.8165878
vt 0.6340978 0.846012
vt 0.62956816 0.83459175
vt 0.6444159 0.8208331
vt 0.63661784 0.8502573
vt 0.6199757 0.8507514
vt 0.62242717 0.8656728
vt 0.60866064 0.8725767
vt 0.62301844 0.8731673
vt 0.6092519 0.8800713
vt 0.60866064 0.856426
vt 0.5948942 0.8656728
vt 0.5973456 0.8507514
vt 0.58322346 0.846012
vt 0.5877532 0.83459175
vt 0.58134365 0.81040716
vt 0.58153963 0.8523656
vt 0.59321034 0.8720263
vt 0.5754254 0.8165878
vt 0.57268703 0.7818794
vt 0.579093 0.7818794
vt 0.57245284 0.8180785
vt 0.56971455 0.78337014
vt 0.58134365 0.7533517
vt 0.5754254 0.74717104
vt 0.5877532 0.72916687
vt 0.58322346 0.7177466
vt 0.5807035 0.71350145
vt 0.57290536 0.74292576
vt 0.5948942 0.6980859
vt 0.5973456 0.71300733
vt 0.5943029 0.6905916
vt 0.60806936 0.68368757
vt 0.62411094 0.6917325
vt 0.63578165 0.71139324
vt 0.6340978 0.7177466
vt 0.62242717 0.6980859
vt 0.62845194 0.7319813
vt 0.6193716 0.71668434
vt 0.6345192 0.7548747
vt 0.60866064 0.7113128
vt 0.64189595 0.74717104
vt 0.60866064 0.6911819
vt 0.64463425 0.7818794
vt 0.6366497 0.7818794
vt 0.6448685 0.74568033
vt 0.6476068 0.7803887
vt 0.6345192 0.808884
vt 0.64189595 0.8165878
vt 0.6340978 0.846012
vt 0.62845194 0.83177745
vt 0.6444159 0.8208331
vt 0.63661784 0.8502573
vt 0.6193716 0.8470744
vt 0.62242717 0.8656728
vt 0.60866064 0.8725767
vt 0.60866064 0.85244596
vt 0.62301844 0.8731673
vt 0.6092519 0.8800713
vt 0.5979497 0.8470744
vt 0.5948942 0.8656728
vt 0.58322346 0.846012
vt 0.5888694 0.83177745
vt 0.5828021 0.808884
vt 0.58153963 0.8523656
vt 0.59321034 0.8720263
vt 0.5754254 0.8165878
vt 0.57268703 0.7818794
vt 0.58067155 0.7818794
vt 0.57245284 0.8180785
vt 0.56971455 0.78337014
vt 0.5828021 0.7548747
vt 0.5754254 0.74717104
vt 0.58322346 0.7177466
vt 0.5888694 0.7319813
vt 0.5807035 0.71350145
vt 0.57290536 0.74292576
vt 0.5948942 0.6980859
vt 0.5979497 0.71668434
vt 0.5943029 0.6905916
vt 0.60806936 0.68368757
vt 0.6448685 0.27300423
vt 0.64189595 0.25579864
vt 0.6448685 0.25579864
vt 0.64189595 0.275055
vt 0.275055 0.74717104
vt 0.25579864 0.7177466
vt 0.25579864 0.74717104
vt 0.275055 0.7177466
vt 0.27300423 0.8523656
vt 0.25579864 0.8523656
vt 0.25579864 0.846012
vt 0.275055 0.846012
vt 0.63661784 0.27300423
vt 0.63661784 0.25579864
vt 0.6340978 0.25579864
vt 0.6340978 0.275055
vt 0.27300423 0.7803887
vt 0.25579864 0.74568033
vt 0.25579864 0.7803887
vt 0.27300423 0.74568033
vt 0.275055 0.846012
vt 0.25579864 0.846012
vt 0.275055 0.8165878
vt 0.25579864 0.8165878
vt 0.27300423 0.8720263
vt 0.25579864 0.8656728
vt 0.25579864 0.8720263
vt 0.275055 0.8656728
vt 0.27300423 0.78337014
vt 0.27300423 0.8180785
vt 0.25579864 0.8180785
vt 0.25579864 0.78337014
vt 0.25579864 0.6980859
vt 0.27300423 0.6905916
vt 0.275055 0.6980859
vt 0.25579864 0.6905916
vt 0.27300423 0.71350145
vt 0.27300423 0.74292576
vt 0.25579864 0.74292576
vt 0.25579864 0.71350145
vt 0.57245284 0.27300423
vt 0.5754254 0.275055
vt 0.5754254 0.25579864
vt 0.57245284 0.25579864
vt 0.27300423 0.8502573
vt 0.25579864 0.8208331
vt 0.25579864 0.8502573
vt 0.27300423 0.8208331
vt 0.57290536 0.27300423
vt 0.5754254 0.275055
vt 0.5754254 0.25579864
vt 0.57290536 0.25579864
vt 0.60806936 0.25579864
vt 0.60806936 0.27300423
vt 0.5943029 0.25579864
vt 0.5943029 0.27300423
vt 0.62242717 0.25579864
vt 0.62242717 0.275055
vt 0.60866064 0.25579864
vt 0.60866064 0.275055
vt 0.27300423 0.8800713
vt 0.25579864 0.8800713
vt 0.25579864 0.8725767
vt 0.275055 0.8725767
vt 0.6092519 0.27300423
vt 0.62301844 0.27300423
vt 0.62301844 0.25579864
vt 0.6092519 0.25579864
vt 0.57268703 0.25579864
vt 0.57268703 0.275055
vt 0.56971455 0.27300423
vt 0.56971455 0.25579864
vt 0.5948942 0.25579864
vt 0.5948942 0.275055
vt 0.58322346 0.25579864
vt 0.58322346 0.275055
vt 0.63578165 0.25579864
vt 0.63578165 0.27300423
vt 0.62411094 0.25579864
vt 0.62411094 0.27300423
vt 0.275055 0.7818794
vt 0.25579864 0.7818794
vt 0.275055 0.74717104
vt 0.25579864 0.74717104
vt 0.27300423 0.8731673
vt 0.25579864 0.8656728
vt 0.25579864 0.8731673
vt 0.275055 0.8656728
vt 0.58153963 0.27300423
vt 0.59321034 0.27300423
vt 0.59321034 0.25579864
vt 0.58153963 0.25579864
vt 0.6476068 0.27300423
vt 0.6476068 0.25579864
vt 0.64463425 0.25579864
vt 0.64463425 0.275055
vt 0.25579864 0.6911819
vt 0.275055 0.6911819
vt 0.27300423 0.68368757
vt 0.25579864 0.68368757
vt 0.275055 0.8165878
vt 0.25579864 0.7818794
vt 0.25579864 0.8165878
vt 0.275055 0.7818794
vt 0.58322346 0.25579864
vt 0.58322346 0.275055
vt 0.5807035 0.27300423
vt 0.5807035 0.25579864
vt 0.62242717 0.275055
vt 0.6340978 0.275055
vt 0.6340978 0.25579864
vt 0.62242717 0.25579864
vt 0.25579864 0.6980859
vt 0.27300423 0.6917325
vt 0.275055 0.6980859
vt 0.25579864 0.6917325
vt 0.5948942 0.275055
vt 0.60866064 0.275055
vt 0.60866064 0.25579864
vt 0.5948942 0.25579864
vt 0.6444159 0.27300423
vt 0.64189595 0.25579864
vt 0.6444159 0.25579864
vt 0.64189595 0.275055
vt 0.25579864 0.7177466
vt 0.275055 0.7177466
vt 0.27300423 0.71139324
vt 0.25579864 0.71139324
vt 0.34591335 0.74845433
vt 0.3538535 0.73706305
vt 0.34591335 0.73706305
vt 0.3538535 0.74845433
vt 0.34591335 0.7818794
vt 0.3538535 0.7818794
vt 0.34591335 0.8153044
vt 0.3538535 0.8153044
vt 0.34591335 0.82669556
vt 0.3538535 0.82669556
vt 0.37279212 0.82669556
vt 0.37279212 0.8153044
vt 0.36485198 0.82669556
vt 0.36485198 0.8153044
vt 0.37279212 0.7818794
vt 0.36485198 0.7818794
vt 0.37279212 0.74845433
vt 0.36485198 0.74845433
vt 0.37279212 0.73706305
vt 0.36485198 0.73706305
vt 0.32697475 0.74845433
vt 0.33491486 0.73706305
vt 0.32697475 0.73706305
vt 0.33491486 0.74845433
vt 0.32697475 0.7818794
vt 0.33491486 0.7818794
vt 0.32697475 0.8153044
vt 0.33491486 0.8153044
vt 0.32697475 0.82669556
vt 0.33491486 0.82669556
vt 0.6234281 0.3849876
vt 0.6234281 0.30876678
vt 0.60866064 0.30876678
vt 0.60866064 0.3849876
vt 0.59389323 0.30876678
vt 0.59389323 0.3849876
vt 0.34718588 0.87993217
vt 0.3849876 0.8895726
vt 0.3849876 0.9185115
vt 0.30876678 0.8794184
vt 0.34718588 0.834352
vt 0.30876678 0.834352
vt 0.30876678 0.834352
vt 0.30876678 0.8794184
vt 0.34718588 0.834352
vt 0.34718588 0.87993217
vt 0.3849876 0.9185115
vt 0.3849876 0.8895726
vt 0.6008914 0.87993217
vt 0.59389323 0.87993217
vt 0.6008914 0.834352
vt 0.59389323 0.834352
vt 0.59389323 0.3849876
vt 0.59389323 0.34718588
vt 0.6008914 0.34718588
vt 0.6008914 0.3849876
vt 0.59389323 0.9185115
vt 0.59389323 0.8895726
vt 0.6008914 0.8895726
vt 0.60866064 0.9235351
vt 0.6164299 0.8895726
vt 0.6234281 0.9185115
vt 0.6234281 0.8895726
vt 0.6164299 0.834352
vt 0.6008914 0.834352
vt 0.3849876 0.8895726
vt 0.34718588 0.87993217
vt 0.3849876 0.834352
vt 0.34718588 0.834352
vt 0.34718588 0.87993217
vt 0.3849876 0.8895726
vt 0.3849876 0.834352
vt 0.34718588 0.834352
vt 0.6234281 0.87993217
vt 0.6164299 0.87993217
vt 0.6234281 0.834352
vt 0.6164299 0.834352
vt 0.6164299 0.34718588
vt 0.6234281 0.34718588
vt 0.6164299 0.3849876
vt 0.6234281 0.3849876
vt 0.612901 0.9069636
vt 0.6052075 0.90469396
vt 0.60442036 0.9069636
vt 0.61211383 0.90469396
vt 0.612901 0.30813584
vt 0.61211383 0.34864533
vt 0.612901 0.34927624
vt 0.61211383 0.30876678
vt 0.6052075 0.34864533
vt 0.6052075 0.30876678
vt 0.60442036 0.34927624
vt 0.60442036 0.30813584
vt 0.54582095 0.29584467
vt 0.54582095 0.2600893
vt 0.52479815 0.2600893
vt 0.52479815 0.29584467
vt 0.5 0.2600893
vt 0.5 0.29584467
vt 0.4752019 0.2600893
vt 0.4752019 0.29584467
vt 0.4541791 0.2600893
vt 0.4541791 0.29584467
vt 0.4626185 0.32900575
vt 0.4626185 0.29829434
vt 0.4797693 0.29829434
vt 0.4797693 0.32900575
vt 0.5 0.29829434
vt 0.5 0.32900575
vt 0.52023077 0.29829434
vt 0.52023077 0.32900575
vt 0.53738153 0.29829434
vt 0.53738153 0.32900575
vt 0.53738153 0.32900575
vt 0.53738153 0.29829434
vt 0.52023077 0.29829434
vt 0.52023077 0.32900575
vt 0.5 0.32900572
vt 0.5 0.29829434
vt 0.4797693 0.29829434
vt 0.4797693 0.32900575
vt 0.46261847 0.29829434
vt 0.46261847 0.32900575
vt 0.52342856 0.32900575
vt 0.5029315 0.32900575
vt 0.52342856 0.29829434
vt 0.5029315 0.29829434
vt 0.47875354 0.32900572
vt 0.47875354 0.29829434
vt 0.4545756 0.29829434
vt 0.4545756 0.32900575
vt 0.4340785 0.32900575
vt 0.4340785 0.29829434
vt 0.4340785 0.32900575
vt 0.4545756 0.32900575
vt 0.4340785 0.29829434
vt 0.4545756 0.29829434
vt 0.47875354 0.32900572
vt 0.47875354 0.29829434
vt 0.5029315 0.29829434
vt 0.5029315 0.32900575
vt 0.52342856 0.32900575
vt 0.52342856 0.29829434
vt 0.1593906 0.23734081
vt 0.14733335 0.14383763
vt 0.08929697 0.093666494
vt 0.08192247 0.0958989
vt 0.5632119 0.14383763
vt 0.57312703 0.23734081
vt 0.56143296 0.23734081
vt 0.57490593 0.14383763
vt 0.5810327 0.08929697
vt 0.57490593 0.14733335
vt 0.5632119 0.14486903
vt 0.5740636 0.08782837
vt 0.5751515 0.08045381
vt 0.58212095 0.08192247
vt 0.16500983 0.20385885
vt 0.1582576 0.22933808
vt 0.16038886 0.23915938
vt 0.18703124 0.17552483
vt 0.16024625 0.17253631
vt 0.16957846 0.13877118
vt 0.18080729 0.13924968
vt 0.19521949 0.10508141
vt 0.18499497 0.125794
vt 0.19058141 0.1504628
vt 0.21352258 0.11428952
vt 0.21508673 0.13920465
vt 0.17529449 0.21264532
vt 0.17424572 0.2028594
vt 0.13127917 0.11003798
vt 0.13251734 0.13117433
vt 0.15561318 0.115150094
vt 0.15972695 0.07573742
vt 0.18073365 0.09731084
vt 0.17906591 0.123776376
vt 0.16598833 0.13961527
vt 0.21177745 0.13718921
vt 0.16838512 0.108704984
vt 0.16702497 0.13737842
vt 0.21784064 0.11855382
vt 0.57832336 0.18073365
vt 0.5755793 0.18044236
vt 0.5772705 0.15943569
vt 0.5800146 0.15972695
vt 0.58192205 0.13127917
vt 0.5791779 0.130988
vt 0.5755437 0.12367129
vt 0.5755793 0.0972057
vt 0.57832336 0.09731084
vt 0.5782878 0.123776376
vt 0.57916427 0.16598833
vt 0.5764201 0.16569707
vt 0.5755437 0.17877463
vt 0.5782878 0.17906591
vt 0.5773387 0.11504498
vt 0.5764201 0.13951015
vt 0.57916427 0.13961527
vt 0.5800828 0.115150094
vt 0.58170265 0.13251734
vt 0.5789585 0.13222608
vt 0.5773387 0.15532199
vt 0.5800828 0.15561318
vt 0.58170265 0.13117433
vt 0.58192205 0.11003798
vt 0.5791779 0.10993284
vt 0.5789585 0.13106918
vt 0.15532199 0.11504498
vt 0.13222608 0.13106918
vt 0.130988 0.10993284
vt 0.15943569 0.075632244
vt 0.18044236 0.0972057
vt 0.17877463 0.12367129
vt 0.16569707 0.13951015
vt 0.566087 0.11439949
vt 0.56867653 0.13920465
vt 0.56589293 0.13931453
vt 0.56887054 0.11428952
vt 0.57522386 0.17440784
vt 0.56589293 0.21420011
vt 0.56867653 0.21508673
vt 0.57800734 0.17529449
vt 0.57539696 0.20296931
vt 0.57522386 0.21275526
vt 0.57800734 0.21264532
vt 0.5781805 0.2028594
vt 0.5742117 0.1504628
vt 0.5714282 0.15057275
vt 0.5725208 0.12590396
vt 0.5714282 0.15057275
vt 0.5742117 0.1504628
vt 0.5753043 0.125794
vt 0.5725208 0.18410829
vt 0.5753043 0.18499497
vt 0.57289535 0.19521949
vt 0.5701118 0.19433287
vt 0.566087 0.21263587
vt 0.56887054 0.21352258
vt 0.18969473 0.15057275
vt 0.18410829 0.12590396
vt 0.19433287 0.10519132
vt 0.21263587 0.11439949
vt 0.21420011 0.13931453
vt 0.17440784 0.21275526
vt 0.1733591 0.20296931
vt 0.5582173 0.1355136
vt 0.5582224 0.10994887
vt 0.5731338 0.1355136
vt 0.57313895 0.10994887
vt 0.5582173 0.1674611
vt 0.5731338 0.1706045
vt 0.57466155 0.16024983
vt 0.559745 0.15710646
vt 0.5754761 0.15472907
vt 0.5768859 0.14517409
vt 0.5619693 0.14203075
vt 0.5605595 0.1515857
vt 0.09472412 0.06526616
vt 0.089909256 0.084136695
vt 0.13882235 0.11784813
vt 0.14424756 0.09425038
vt 0.15472907 0.13025582
vt 0.14517409 0.1379574
vt 0.17056978 0.10994887
vt 0.1706045 0.1355136
vt 0.16024983 0.14897376
vt 0.5718546 0.16838512
vt 0.5643604 0.21784064
vt 0.55294347 0.21543476
vt 0.56005454 0.1658985
vt 0.56253505 0.22933808
vt 0.57229924 0.22933808
vt 0.572532 0.20385885
vt 0.560384 0.20385885
vt 0.5589703 0.17253631
vt 0.57548714 0.17253631
vt 0.57228273 0.13877118
vt 0.5593107 0.13877118
vt 0.5593107 0.16684493
vt 0.57228273 0.16957846
vt 0.5706261 0.18080729
vt 0.557654 0.17807364
vt 0.1569263 0.23734081
vt 0.08045381 0.0958989
vt 0.08782837 0.093666494
vt 0.14486903 0.14383763
vt 0.15833127 0.23915938
vt 0.15620002 0.22933808
vt 0.16244984 0.20385885
vt 0.18355069 0.17552483
vt 0.15676561 0.17253631
vt 0.16684493 0.13877118
vt 0.17807364 0.13924968
vt 0.18579265 0.1504628
vt 0.1800965 0.125794
vt 0.1906892 0.10508141
vt 0.20953351 0.11428952
vt 0.2110827 0.13920465
vt 0.16987625 0.21264532
vt 0.16881993 0.2028594
vt 0.15053356 0.115150094
vt 0.1281684 0.13117433
vt 0.12691534 0.11003798
vt 0.15442705 0.07573742
vt 0.17485821 0.09731084
vt 0.17330554 0.123776376
vt 0.16065845 0.13961527
vt 0.20936155 0.13718921
vt 0.16453835 0.13737842
vt 0.1658985 0.108704984
vt 0.21543476 0.11855382
vt 0.55752647 0.15527502
vt 0.5531039 0.17570612
vt 0.5504419 0.17485821
vt 0.55486447 0.15442705
vt 0.5612133 0.12691534
vt 0.5638753 0.12776321
vt 0.5531039 0.0972057
vt 0.5536146 0.12367129
vt 0.5509527 0.123776376
vt 0.5504419 0.09731084
vt 0.55653363 0.16150635
vt 0.55387163 0.16065845
vt 0.5536146 0.17415357
vt 0.5509527 0.17330554
vt 0.55387163 0.13961527
vt 0.55653363 0.13951015
vt 0.5559777 0.115150094
vt 0.55863965 0.11504498
vt 0.56372714 0.12901634
vt 0.56106514 0.1281684
vt 0.55863965 0.15138155
vt 0.5559777 0.15053356
vt 0.56106514 0.13117433
vt 0.56372714 0.13106918
vt 0.5612133 0.11003798
vt 0.5638753 0.10993284
vt 0.17415357 0.12367129
vt 0.15138155 0.11504498
vt 0.16150635 0.13951015
vt 0.17570612 0.0972057
vt 0.15527502 0.075632244
vt 0.12776321 0.10993284
vt 0.12901634 0.13106918
vt 0.5525452 0.13931453
vt 0.54967576 0.13920465
vt 0.54994106 0.11428952
vt 0.5528105 0.11439949
vt 0.54967576 0.2110827
vt 0.5525452 0.21138728
vt 0.5551649 0.17018086
vt 0.55229545 0.16987625
vt 0.5551649 0.21275526
vt 0.55243295 0.2028594
vt 0.55229545 0.21264532
vt 0.5553024 0.20296931
vt 0.5543568 0.15057275
vt 0.5514874 0.1504628
vt 0.5514874 0.1504628
vt 0.5543568 0.15057275
vt 0.5520594 0.125794
vt 0.55492884 0.12590396
vt 0.5520594 0.1800965
vt 0.55492884 0.18040109
vt 0.551397 0.1906892
vt 0.55426645 0.19099379
vt 0.5528105 0.20983809
vt 0.54994106 0.20953351
vt 0.17018086 0.21275526
vt 0.18609726 0.15057275
vt 0.16912454 0.20296931
vt 0.21138728 0.13931453
vt 0.20983809 0.11439949
vt 0.19099379 0.10519132
vt 0.18040109 0.12590396
vt 0.57466155 0.14897376
vt 0.5605595 0.13025582
vt 0.559745 0.14897376
vt 0.5754761 0.13025582
vt 0.5768859 0.1379574
vt 0.56290644 0.11784813
vt 0.5619693 0.1379574
vt 0.57782304 0.11784813
vt 0.56290644 0.135679
vt 0.57782304 0.13882235
vt 0.57437456 0.08861524
vt 0.5805154 0.089909256
vt 0.57437456 0.084136695
vt 0.5805154 0.084136695
vt 0.57980496 0.06526616
vt 0.5736642 0.06526616
vt 0.57313895 0.17056978
vt 0.5582224 0.16742644
vt 0.562106 0.14110419
vt 0.57702255 0.14424756
vt 0.5736642 0.09343007
vt 0.57980496 0.09472412
vt 0.08861524 0.084136695
vt 0.09343007 0.06526616
vt 0.135679 0.11784813
vt 0.14110419 0.09425038
vt 0.1515857 0.13025582
vt 0.14203075 0.1379574
vt 0.16742644 0.10994887
vt 0.1674611 0.1355136
vt 0.15710646 0.14897376
vt 0.5652795 0.13718921
vt 0.553815 0.13718921
vt 0.5643604 0.11855382
vt 0.55294347 0.11855382
vt 0.553815 0.20936155
vt 0.5652795 0.21177745
vt 0.5602552 0.16453835
vt 0.5720552 0.16702497
vt 0.57153517 0.17552483
vt 0.5550185 0.17552483
vt 0.557654 0.13924968
vt 0.5706261 0.13924968
vt 0.5719847 0.23915938
vt 0.5622207 0.23915938
vt 0.57153517 0.17552483
vt 0.5550185 0.17552483
vt 0.5759651 0.15748572
vt 0.58570135 0.065939546
vt 0.576361 0.06397128
vt 0.55931115 0.15397617
vt 0.5578524 0.16241321
vt 0.57492137 0.16601014
vt 0.5565699 0.16554183
vt 0.5752312 0.16947436
vt 0.576361 0.07113844
vt 0.58570135 0.07113844
vt 0.58610094 0.06679624
vt 0.57576495 0.06679624
vt 0.15911022 0.23619893
vt 0.16601014 0.25711924
vt 0.16947436 0.25510243
vt 0.15748572 0.24076092
vt 0.065939546 0.07113844
vt 0.0667105 0.06679624
vt 0.13216615 0.16219169
vt 0.14467508 0.16080034
vt 0.16823408 0.20898369
vt 0.1552355 0.23619893
vt 0.16554183 0.25510243
vt 0.16241321 0.25711924
vt 0.15397617 0.24076092
vt 0.06397128 0.07113844
vt 0.06453252 0.06679624
vt 0.128155 0.16219169
vt 0.13990077 0.16080034
vt 0.1633156 0.20898369
vt 0.57661897 0.15911022
vt 0.5752312 0.16947436
vt 0.5565699 0.16554183
vt 0.5582318 0.1552355
vt 0.5582318 0.23619893
vt 0.5778263 0.20898369
vt 0.57661897 0.23619893
vt 0.55448616 0.20898369
vt 0.58094954 0.14467508
vt 0.5778263 0.16823408
vt 0.55448616 0.1633156
vt 0.5582935 0.13990077
vt 0.580928 0.13216615
vt 0.5618936 0.128155
vt 0.57576495 0.06453252
vt 0.58610094 0.0667105
vt 0.4118387 0.277967
vt 0.4103552 0.29584467
vt 0.41559207 0.29584467
vt 0.41707554 0.277967
vt 0.41559207 0.2600893
vt 0.41035524 0.2600893
vt 0.53246826 0.41559207
vt 0.5345116 0.4103552
vt 0.52808505 0.40677384
vt 0.52604175 0.41201064
vt 0.51961523 0.4084292
vt 0.52165854 0.40319237
vt 0.40694574 0.277967
vt 0.4084292 0.29584467
vt 0.40319237 0.29584467
vt 0.4017089 0.277967
vt 0.4031924 0.2600893
vt 0.40842924 0.2600893
vt 0.51961523 0.40842924
vt 0.52165854 0.4031924
vt 0.52808505 0.40677384
vt 0.52604175 0.41201067
vt 0.53246826 0.41559207
vt 0.53451157 0.41035524
vt 0.5534522 0.18164521
vt 0.5615024 0.18164521
vt 0.5559625 0.13999707
vt 0.56356263 0.13999707
vt 0.5633697 0.11946124
vt 0.5556536 0.11946124
vt 0.55976903 0.16041523
vt 0.5517236 0.16041523
vt 0.5541592 0.11976901
vt 0.56199133 0.11976901
vt 0.2213713 0.11976901
vt 0.21162394 0.11946124
vt 0.20991072 0.13999707
vt 0.23718226 0.16041523
vt 0.2254506 0.18164521
vt 0.20830914 0.13999707
vt 0.20999795 0.11946124
vt 0.21972087 0.11976901
vt 0.2354868 0.16041523
vt 0.22375417 0.18164521
vt 0.53212786 0.277967
vt 0.52165854 0.29584467
vt 0.52808505 0.3032499
vt 0.5189966 0.277967
vt 0.52165854 0.2600893
vt 0.52808505 0.25268412
vt 0.3964124 0.277967
vt 0.4103552 0.29584467
vt 0.4118387 0.277967
vt 0.41035524 0.2600893
vt 0.5494037 0.33484757
vt 0.5335127 0.33149883
vt 0.5325899 0.33775318
vt 0.548481 0.34110194
vt 0.52348715 0.39945003
vt 0.53937817 0.40279877
vt 0.53937817 0.30412808
vt 0.52348715 0.30412808
vt 0.52350044 0.28007823
vt 0.5393915 0.28007823
vt 0.33775318 0.33739302
vt 0.39935976 0.28007823
vt 0.39945003 0.30412808
vt 0.33149883 0.32615206
vt 0.5494037 0.33484757
vt 0.5393915 0.40270847
vt 0.52350044 0.39935976
vt 0.5335127 0.33149883
vt 0.33484757 0.32615206
vt 0.34110194 0.33739302
vt 0.40270847 0.28007823
vt 0.40279877 0.30412808
vt 0.52236867 0.26259407
vt 0.54150695 0.26259407
vt 0.5407736 0.27717423
vt 0.5216353 0.27717423
vt 0.5216645 0.29417646
vt 0.5408028 0.29417646
vt 0.5539542 0.27253592
vt 0.5350077 0.2635239
vt 0.5348159 0.27253592
vt 0.554146 0.2635239
vt 0.54150695 0.39971703
vt 0.52236867 0.39568403
vt 0.5322927 0.32842088
vt 0.551431 0.33245385
vt 0.55211186 0.32783926
vt 0.5329736 0.32380623
vt 0.52312225 0.3905765
vt 0.5216645 0.40045696
vt 0.5408028 0.40449
vt 0.5422605 0.3946095
vt 0.5350077 0.31001925
vt 0.554146 0.31405222
vt 0.55211186 0.32783926
vt 0.5329736 0.32380623
vt 0.5432619 0.38782248
vt 0.5539542 0.31535238
vt 0.5348159 0.31131938
vt 0.5241236 0.38378948
vt 0.3905765 0.29365125
vt 0.4006549 0.27717423
vt 0.40045696 0.29417646
vt 0.38378948 0.27629855
vt 0.39568403 0.26259407
vt 0.32842088 0.2524793
vt 0.31131938 0.27253592
vt 0.32380623 0.2439555
vt 0.31001925 0.2635239
vt 0.5422605 0.29365125
vt 0.5241236 0.27629855
vt 0.52312225 0.29365125
vt 0.5432619 0.27629855
vt 0.3946095 0.29365125
vt 0.40449 0.29417646
vt 0.40468794 0.27717423
vt 0.38782248 0.27629855
vt 0.39971703 0.26259407
vt 0.33245385 0.2524793
vt 0.31535238 0.27253592
vt 0.32783926 0.2439555
vt 0.31405222 0.2635239
vt 0.53508663 0.394513
vt 0.54640657 0.31778866
vt 0.54121107 0.31669384
vt 0.52989113 0.39341816
vt 0.38948363 0.27279004
vt 0.32108045 0.26923853
vt 0.31778866 0.2813813
vt 0.394513 0.28536487
vt 0.3883888 0.27279004
vt 0.39341816 0.28536487
vt 0.31669384 0.2813813
vt 0.31998557 0.26923853
vt 0.5506656 0.34967542
vt 0.54182947 0.34967542
vt 0.5468371 0.26675406
vt 0.538001 0.26675406
vt 0.29978114 0.34967542
vt 0.2959188 0.3366339
vt 0.31791344 0.26634824
vt 0.32572985 0.26675406
vt 0.30164316 0.34967542
vt 0.3275919 0.26675406
vt 0.31977546 0.26634824
vt 0.29778084 0.3366339
vt 0.5479903 0.26634824
vt 0.54239935 0.3366339
vt 0.55123544 0.3366339
vt 0.53915423 0.26634824
vt 0.549867 0.153723
vt 0.55862325 0.153723
vt 0.5490459 0.32088724
vt 0.5380817 0.32088724
vt 0.5385157 0.36940053
vt 0.5495025 0.36940053
vt 0.55176824 0.23283714
vt 0.5604855 0.2346741
vt 0.55862325 0.24742895
vt 0.549867 0.24558377
vt 0.23283714 0.15632683
vt 0.24558377 0.153723
vt 0.31774688 0.32088724
vt 0.31472784 0.36940053
vt 0.2346741 0.1563268
vt 0.3170431 0.36940053
vt 0.3200574 0.32088724
vt 0.24742895 0.153723
vt 0.30372575 0.39735755
vt 0.31920636 0.38238987
vt 0.3101754 0.39868206
vt 0.22317931 0.13264865
vt 0.21271917 0.15151837
vt 0.5375027 0.39735755
vt 0.55360264 0.39735755
vt 0.55213916 0.15151837
vt 0.5658934 0.15151837
vt 0.55263215 0.3135599
vt 0.5375027 0.30372575
vt 0.53657126 0.3101754
vt 0.55360264 0.3071185
vt 0.5352701 0.31920636
vt 0.55127037 0.32257807
vt 0.55263215 0.3135599
vt 0.53657126 0.3101754
vt 0.3071185 0.39735755
vt 0.2260781 0.13264865
vt 0.2156176 0.15151837
vt 0.32257807 0.38238987
vt 0.3135599 0.39868206
vt 0.55059505 0.13264865
vt 0.55127037 0.38238987
vt 0.5352701 0.38238987
vt 0.56435084 0.13264865
vt 0.5556536 0.20999795
vt 0.5633697 0.21162394
vt 0.56199133 0.2213713
vt 0.5541592 0.21972087
vt 0.1593906 0.23734081
vt 0.08192247 0.0958989
vt 0.08929697 0.093666494
vt 0.14733335 0.14383763
vt 0.4385671 0.23734081
vt 0.42687303 0.23734081
vt 0.43678814 0.14383763
vt 0.42509413 0.14383763
vt 0.43678814 0.14486903
vt 0.42509413 0.14733335
vt 0.41896734 0.08929697
vt 0.42593646 0.08782837
vt 0.42484856 0.08045381
vt 0.4178791 0.08192247
vt 0.16038886 0.23915938
vt 0.1582576 0.22933808
vt 0.16500983 0.20385885
vt 0.18703124 0.17552483
vt 0.16024625 0.17253631
vt 0.16957846 0.13877118
vt 0.18080729 0.13924968
vt 0.19058141 0.1504628
vt 0.18499497 0.125794
vt 0.19521949 0.10508141
vt 0.21352258 0.11428952
vt 0.21508673 0.13920465
vt 0.17529449 0.21264532
vt 0.17424572 0.2028594
vt 0.15561318 0.115150094
vt 0.13251734 0.13117433
vt 0.13127917 0.11003798
vt 0.15972695 0.07573742
vt 0.18073365 0.09731084
vt 0.17906591 0.123776376
vt 0.16598833 0.13961527
vt 0.21177745 0.13718921
vt 0.16702497 0.13737842
vt 0.16838512 0.108704984
vt 0.21784064 0.11855382
vt 0.42167667 0.18073365
vt 0.42272955 0.15943569
vt 0.42442077 0.18044236
vt 0.41998547 0.15972695
vt 0.41807798 0.13127917
vt 0.4208221 0.130988
vt 0.42445636 0.12367129
vt 0.42171225 0.123776376
vt 0.42167667 0.09731084
vt 0.42442077 0.0972057
vt 0.42171225 0.17906591
vt 0.42445636 0.17877463
vt 0.4208358 0.16598833
vt 0.42357993 0.16569707
vt 0.4208358 0.13961527
vt 0.42357993 0.13951015
vt 0.42266136 0.11504498
vt 0.41991726 0.115150094
vt 0.41991726 0.15561318
vt 0.42266136 0.15532199
vt 0.4182974 0.13251734
vt 0.42104152 0.13222608
vt 0.4182974 0.13117433
vt 0.42104152 0.13106918
vt 0.4208221 0.10993284
vt 0.41807798 0.11003798
vt 0.130988 0.10993284
vt 0.13222608 0.13106918
vt 0.15532199 0.11504498
vt 0.15943569 0.075632244
vt 0.18044236 0.0972057
vt 0.17877463 0.12367129
vt 0.16569707 0.13951015
vt 0.4341071 0.13931453
vt 0.43132353 0.13920465
vt 0.43391302 0.11439949
vt 0.43112952 0.11428952
vt 0.43132353 0.21508673
vt 0.4341071 0.21420011
vt 0.4247762 0.17440784
vt 0.4219927 0.17529449
vt 0.4219927 0.21264532
vt 0.4247762 0.21275526
vt 0.4246031 0.20296931
vt 0.42181957 0.2028594
vt 0.42578834 0.1504628
vt 0.42857188 0.15057275
vt 0.42578834 0.1504628
vt 0.42857188 0.15057275
vt 0.42747924 0.12590396
vt 0.4246957 0.125794
vt 0.4246957 0.18499497
vt 0.42747924 0.18410829
vt 0.42710468 0.19521949
vt 0.42988825 0.19433287
vt 0.43391302 0.21263587
vt 0.43112952 0.21352258
vt 0.19433287 0.10519132
vt 0.18410829 0.12590396
vt 0.18969473 0.15057275
vt 0.21263587 0.11439949
vt 0.21420011 0.13931453
vt 0.17440784 0.21275526
vt 0.1733591 0.20296931
vt 0.44178274 0.1355136
vt 0.4268662 0.1355136
vt 0.44177765 0.10994887
vt 0.42686105 0.10994887
vt 0.44178274 0.1674611
vt 0.42533848 0.16024983
vt 0.4268662 0.1706045
vt 0.44025505 0.15710646
vt 0.42452395 0.15472907
vt 0.43944052 0.1515857
vt 0.43803075 0.14203075
vt 0.42311418 0.14517409
vt 0.089909256 0.084136695
vt 0.09472412 0.06526616
vt 0.13882235 0.11784813
vt 0.14424756 0.09425038
vt 0.15472907 0.13025582
vt 0.14517409 0.1379574
vt 0.17056978 0.10994887
vt 0.1706045 0.1355136
vt 0.16024983 0.14897376
vt 0.42814547 0.16838512
vt 0.4399455 0.1658985
vt 0.44705653 0.21543476
vt 0.43563968 0.21784064
vt 0.437465 0.22933808
vt 0.42746806 0.20385885
vt 0.42770082 0.22933808
vt 0.43961608 0.20385885
vt 0.44102976 0.17253631
vt 0.4245129 0.17253631
vt 0.4277173 0.13877118
vt 0.44068936 0.13877118
vt 0.44068936 0.16684493
vt 0.42937398 0.18080729
vt 0.4277173 0.16957846
vt 0.44234604 0.17807364
vt 0.1569263 0.23734081
vt 0.14486903 0.14383763
vt 0.08782837 0.093666494
vt 0.08045381 0.0958989
vt 0.16244984 0.20385885
vt 0.15620002 0.22933808
vt 0.15833127 0.23915938
vt 0.18355069 0.17552483
vt 0.15676561 0.17253631
vt 0.16684493 0.13877118
vt 0.17807364 0.13924968
vt 0.1906892 0.10508141
vt 0.1800965 0.125794
vt 0.18579265 0.1504628
vt 0.20953351 0.11428952
vt 0.2110827 0.13920465
vt 0.16987625 0.21264532
vt 0.16881993 0.2028594
vt 0.12691534 0.11003798
vt 0.1281684 0.13117433
vt 0.15053356 0.115150094
vt 0.15442705 0.07573742
vt 0.17485821 0.09731084
vt 0.17330554 0.123776376
vt 0.16065845 0.13961527
vt 0.20936155 0.13718921
vt 0.1658985 0.108704984
vt 0.16453835 0.13737842
vt 0.21543476 0.11855382
vt 0.4495581 0.17485821
vt 0.4468961 0.17570612
vt 0.44247356 0.15527502
vt 0.44513556 0.15442705
vt 0.43878675 0.12691534
vt 0.43612474 0.12776321
vt 0.4468961 0.0972057
vt 0.4490474 0.123776376
vt 0.44638544 0.12367129
vt 0.4495581 0.09731084
vt 0.44638544 0.17415357
vt 0.4490474 0.17330554
vt 0.4461284 0.16065845
vt 0.44346642 0.16150635
vt 0.44346642 0.13951015
vt 0.4461284 0.13961527
vt 0.44402236 0.115150094
vt 0.44136038 0.11504498
vt 0.44136038 0.15138155
vt 0.44402236 0.15053356
vt 0.4389349 0.1281684
vt 0.43627292 0.12901634
vt 0.43627292 0.13106918
vt 0.4389349 0.13117433
vt 0.43878675 0.11003798
vt 0.43612474 0.10993284
vt 0.17415357 0.12367129
vt 0.16150635 0.13951015
vt 0.15138155 0.11504498
vt 0.17570612 0.0972057
vt 0.15527502 0.075632244
vt 0.12776321 0.10993284
vt 0.12901634 0.13106918
vt 0.44745484 0.13931453
vt 0.44718957 0.11439949
vt 0.45005897 0.11428952
vt 0.45032427 0.13920465
vt 0.45032427 0.2110827
vt 0.44770458 0.16987625
vt 0.44483516 0.17018086
vt 0.44745484 0.21138728
vt 0.44483516 0.21275526
vt 0.44770458 0.21264532
vt 0.44756708 0.2028594
vt 0.44469768 0.20296931
vt 0.44564322 0.15057275
vt 0.44851264 0.1504628
vt 0.44564322 0.15057275
vt 0.44851264 0.1504628
vt 0.44794065 0.125794
vt 0.44507122 0.12590396
vt 0.44507122 0.18040109
vt 0.44794065 0.1800965
vt 0.44860303 0.1906892
vt 0.4457336 0.19099379
vt 0.44718957 0.20983809
vt 0.45005897 0.20953351
vt 0.17018086 0.21275526
vt 0.16912454 0.20296931
vt 0.18609726 0.15057275
vt 0.21138728 0.13931453
vt 0.20983809 0.11439949
vt 0.19099379 0.10519132
vt 0.18040109 0.12590396
vt 0.42533848 0.14897376
vt 0.44025505 0.14897376
vt 0.43944052 0.13025582
vt 0.42452395 0.13025582
vt 0.42311418 0.1379574
vt 0.43803075 0.1379574
vt 0.43709362 0.11784813
vt 0.42217702 0.11784813
vt 0.42217702 0.13882235
vt 0.43709362 0.135679
vt 0.4256255 0.08861524
vt 0.41948467 0.089909256
vt 0.4256255 0.084136695
vt 0.42633587 0.06526616
vt 0.42019507 0.06526616
vt 0.41948467 0.084136695
vt 0.43789405 0.14110419
vt 0.44177765 0.16742644
vt 0.42686105 0.17056978
vt 0.42297748 0.14424756
vt 0.42633587 0.09343007
vt 0.42019507 0.09472412
vt 0.09343007 0.06526616
vt 0.08861524 0.084136695
vt 0.135679 0.11784813
vt 0.14110419 0.09425038
vt 0.1515857 0.13025582
vt 0.14203075 0.1379574
vt 0.16742644 0.10994887
vt 0.1674611 0.1355136
vt 0.15710646 0.14897376
vt 0.43472058 0.13718921
vt 0.43563968 0.11855382
vt 0.44618502 0.13718921
vt 0.44705653 0.11855382
vt 0.43472058 0.21177745
vt 0.44618502 0.20936155
vt 0.4397448 0.16453835
vt 0.42794478 0.16702497
vt 0.42846486 0.17552483
vt 0.42937398 0.13924968
vt 0.44234604 0.13924968
vt 0.44498155 0.17552483
vt 0.42846486 0.17552483
vt 0.43777937 0.23915938
vt 0.42801532 0.23915938
vt 0.44498155 0.17552483
vt 0.42363906 0.06397128
vt 0.41429865 0.065939546
vt 0.42403495 0.15748572
vt 0.4406889 0.15397617
vt 0.44214764 0.16241321
vt 0.4250787 0.16601014
vt 0.44343016 0.16554183
vt 0.42476887 0.16947436
vt 0.42363906 0.07113844
vt 0.41389912 0.06679624
vt 0.41429865 0.07113844
vt 0.4242351 0.06679624
vt 0.15911022 0.23619893
vt 0.16947436 0.25510243
vt 0.16601014 0.25711924
vt 0.15748572 0.24076092
vt 0.065939546 0.07113844
vt 0.0667105 0.06679624
vt 0.13216615 0.16219169
vt 0.14467508 0.16080034
vt 0.16823408 0.20898369
vt 0.1552355 0.23619893
vt 0.16241321 0.25711924
vt 0.16554183 0.25510243
vt 0.15397617 0.24076092
vt 0.06397128 0.07113844
vt 0.06453252 0.06679624
vt 0.128155 0.16219169
vt 0.13990077 0.16080034
vt 0.1633156 0.20898369
vt 0.42338106 0.15911022
vt 0.4417683 0.1552355
vt 0.44343016 0.16554183
vt 0.42476887 0.16947436
vt 0.4455139 0.20898369
vt 0.4417683 0.23619893
vt 0.4221737 0.20898369
vt 0.42338106 0.23619893
vt 0.4455139 0.1633156
vt 0.4221737 0.16823408
vt 0.4190505 0.14467508
vt 0.44170654 0.13990077
vt 0.41907203 0.13216615
vt 0.43810648 0.128155
vt 0.4242351 0.06453252
vt 0.41389912 0.0667105
vt 0.41559207 0.29584467
vt 0.4103552 0.29584467
vt 0.4118387 0.277967
vt 0.41707554 0.277967
vt 0.41559207 0.2600893
vt 0.41035524 0.2600893
vt 0.47191498 0.40677384
vt 0.46548843 0.4103552
vt 0.46753177 0.41559207
vt 0.47395828 0.41201064
vt 0.48038483 0.4084292
vt 0.4783415 0.40319237
vt 0.40319237 0.29584467
vt 0.4084292 0.29584467
vt 0.40694574 0.277967
vt 0.4017089 0.277967
vt 0.4031924 0.2600893
vt 0.40842924 0.2600893
vt 0.47191498 0.40677384
vt 0.47834152 0.4031924
vt 0.48038483 0.40842924
vt 0.4739583 0.41201067
vt 0.46753177 0.41559207
vt 0.46548846 0.41035524
vt 0.44403756 0.13999707
vt 0.43849763 0.18164521
vt 0.44654787 0.18164521
vt 0.43643737 0.13999707
vt 0.43663037 0.11946124
vt 0.4443465 0.11946124
vt 0.4458408 0.11976901
vt 0.44827646 0.16041523
vt 0.44023103 0.16041523
vt 0.4380087 0.11976901
vt 0.23718226 0.16041523
vt 0.2254506 0.18164521
vt 0.20991072 0.13999707
vt 0.2213713 0.11976901
vt 0.21162394 0.11946124
vt 0.20830914 0.13999707
vt 0.22375417 0.18164521
vt 0.2354868 0.16041523
vt 0.21972087 0.11976901
vt 0.20999795 0.11946124
vt 0.46787217 0.277967
vt 0.47191498 0.3032499
vt 0.4783415 0.29584467
vt 0.48100346 0.277967
vt 0.47834152 0.2600893
vt 0.47191498 0.25268412
vt 0.3964124 0.277967
vt 0.4118387 0.277967
vt 0.4103552 0.29584467
vt 0.41035524 0.2600893
vt 0.46741012 0.33775318
vt 0.46648735 0.33149883
vt 0.4505963 0.33484757
vt 0.45151907 0.34110194
vt 0.4765129 0.39945003
vt 0.46062186 0.40279877
vt 0.46062186 0.30412808
vt 0.46060854 0.28007823
vt 0.4764996 0.28007823
vt 0.4765129 0.30412808
vt 0.33775318 0.33739302
vt 0.39945003 0.30412808
vt 0.39935976 0.28007823
vt 0.33149883 0.32615206
vt 0.4505963 0.33484757
vt 0.46648735 0.33149883
vt 0.4764996 0.39935976
vt 0.46060854 0.40270847
vt 0.40270847 0.28007823
vt 0.40279877 0.30412808
vt 0.34110194 0.33739302
vt 0.33484757 0.32615206
vt 0.4592265 0.27717423
vt 0.45849308 0.26259407
vt 0.47763136 0.26259407
vt 0.47836477 0.27717423
vt 0.47833556 0.29417646
vt 0.45919728 0.29417646
vt 0.44604588 0.27253592
vt 0.46518415 0.27253592
vt 0.46499234 0.2635239
vt 0.44585407 0.2635239
vt 0.4677073 0.32842088
vt 0.47763136 0.39568403
vt 0.45849308 0.39971703
vt 0.44856903 0.33245385
vt 0.4478882 0.32783926
vt 0.46702647 0.32380623
vt 0.47833556 0.40045696
vt 0.47687778 0.3905765
vt 0.45919728 0.40449
vt 0.4577395 0.3946095
vt 0.46499234 0.31001925
vt 0.4478882 0.32783926
vt 0.44585407 0.31405222
vt 0.46702647 0.32380623
vt 0.45673814 0.38782248
vt 0.47587642 0.38378948
vt 0.46518415 0.31131938
vt 0.44604588 0.31535238
vt 0.3905765 0.29365125
vt 0.40045696 0.29417646
vt 0.4006549 0.27717423
vt 0.38378948 0.27629855
vt 0.39568403 0.26259407
vt 0.32842088 0.2524793
vt 0.31131938 0.27253592
vt 0.32380623 0.2439555
vt 0.31001925 0.2635239
vt 0.4577395 0.29365125
vt 0.47687778 0.29365125
vt 0.47587642 0.27629855
vt 0.45673814 0.27629855
vt 0.40468794 0.27717423
vt 0.40449 0.29417646
vt 0.3946095 0.29365125
vt 0.38782248 0.27629855
vt 0.39971703 0.26259407
vt 0.33245385 0.2524793
vt 0.31535238 0.27253592
vt 0.32783926 0.2439555
vt 0.31405222 0.2635239
vt 0.46491343 0.394513
vt 0.4701089 0.39341816
vt 0.45878896 0.31669384
vt 0.4535935 0.31778866
vt 0.31778866 0.2813813
vt 0.38948363 0.27279004
vt 0.394513 0.28536487
vt 0.32108045 0.26923853
vt 0.31669384 0.2813813
vt 0.39341816 0.28536487
vt 0.3883888 0.27279004
vt 0.31998557 0.26923853
vt 0.45316294 0.26675406
vt 0.45817056 0.34967542
vt 0.44933444 0.34967542
vt 0.46199903 0.26675406
vt 0.31791344 0.26634824
vt 0.2959188 0.3366339
vt 0.29978114 0.34967542
vt 0.32572985 0.26675406
vt 0.30164316 0.34967542
vt 0.31977546 0.26634824
vt 0.3275919 0.26675406
vt 0.29778084 0.3366339
vt 0.4487646 0.3366339
vt 0.4576007 0.3366339
vt 0.45200968 0.26634824
vt 0.4608458 0.26634824
vt 0.44137678 0.153723
vt 0.4501331 0.153723
vt 0.4509541 0.32088724
vt 0.46191835 0.32088724
vt 0.46148434 0.36940053
vt 0.45049754 0.36940053
vt 0.44137678 0.24742895
vt 0.43951455 0.2346741
vt 0.44823182 0.23283714
vt 0.4501331 0.24558377
vt 0.23283714 0.15632683
vt 0.31472784 0.36940053
vt 0.31774688 0.32088724
vt 0.24558377 0.153723
vt 0.2346741 0.1563268
vt 0.24742895 0.153723
vt 0.3200574 0.32088724
vt 0.3170431 0.36940053
vt 0.31920636 0.38238987
vt 0.30372575 0.39735755
vt 0.3101754 0.39868206
vt 0.22317931 0.13264865
vt 0.21271917 0.15151837
vt 0.44786087 0.15151837
vt 0.4463974 0.39735755
vt 0.46249735 0.39735755
vt 0.43410665 0.15151837
vt 0.4473679 0.3135599
vt 0.4634288 0.3101754
vt 0.46249735 0.30372575
vt 0.4463974 0.3071185
vt 0.46472996 0.31920636
vt 0.4634288 0.3101754
vt 0.4473679 0.3135599
vt 0.4487297 0.32257807
vt 0.2260781 0.13264865
vt 0.3071185 0.39735755
vt 0.2156176 0.15151837
vt 0.32257807 0.38238987
vt 0.3135599 0.39868206
vt 0.46472996 0.38238987
vt 0.4487297 0.38238987
vt 0.44940498 0.13264865
vt 0.43564922 0.13264865
vt 0.4380087 0.2213713
vt 0.43663037 0.21162394
vt 0.4443465 0.20999795
vt 0.4458408 0.21972087
vt 0.0043221414 0.0065348744
vt 0.009387344 0.0065348744
vt 0.0043221414 2.9802322E-08
vt 0.009387374 2.9802322E-08
vt 0.031288594 0.0065348744
vt 0.031288594 2.9802322E-08
vt 0.076504916 2.9802322E-08
vt 0.056734204 0.021152228
vt 0.079539895 0.021152288
vt 0.043621838 0.021152198
vt 0.056734204 0.03124234
vt 0.7595741 0.036617756
vt 0.7436013 0.05968979
vt 0.7525704 0.068393975
vt 0.77144504 0.04142967
vt 0.043598145 0.03124234
vt 0.056734204 0.021152228
vt 0.056734204 0.03124234
vt 0.043598145 0.021152228
vt 0.043598145 0.021152228
vt 0.043598145 0.03124234
vt 0.021419287 0.021152228
vt 0.0043221414 0.0065348744
vt 0.0043221414 2.9802322E-08
vt 0.06746018 2.9802322E-08
vt 0.07049522 0.021152288
vt 0.7989963 0.001984924
vt 0.77739567 0.010872781
vt 0.79439986 2.9802322E-08
vt 0.75470126 0.065359056
vt 0.7457322 0.05665484
vt 0.7989963 0.0065348744
vt 0.7989963 2.9802322E-08
vt 0.79439986 0.0065348744
vt 0.79439986 2.9802322E-08
vt 0.77739567 0.0065348744
vt 0.77739567 2.9802322E-08
vt 0.05665484 2.9802322E-08
vt 0.010872781 0.0065348744
vt 0.010872781 2.9802322E-08
vt 0.036617756 0.021152228
vt 0.05968979 0.021152288
vt 0.023205996 0.021152198
vt 0.036617756 0.03124234
vt 0.76339555 0.021152288
vt 0.7546656 0.021152288
vt 0.7567966 2.9802322E-08
vt 0.7655265 2.9802322E-08
vt 0.77144504 0.03124234
vt 0.7595741 0.03124234
vt 0.7595741 0.021152228
vt 0.77144504 0.021152228
vt 0.04142967 0.021152228
vt 0.019150347 0.021152228
vt 0.04142967 0.03124234
vt 0.001984924 0.0065348744
vt 0.001984924 2.9802322E-08
vt 0.065359056 2.9802322E-08
vt 0.068393975 0.021152288
vt 0.7436013 0.021152288
vt 0.7457322 2.9802322E-08
vt 0.7525704 0.021152288
vt 0.75470126 2.9802322E-08
vt 0.80376077 0.009387344
vt 0.80132705 0.0043221414
vt 0.7892648 0.021419287
vt 0.7890948 0.043621838
vt 0.7736076 0.043598145
vt 0.7796341 0.056734204
vt 0.79439986 0
vt 0.78700244 0.019150347
vt 0.7989963 0.001984924
vt 0.7687363 0.023205996
vt 0.77144504 0.04142967
vt 0.7595741 0.036617756
vt 0.7796341 0.056734204
vt 0.7736076 0.043598145
vt 0.7546656 0.07049522
vt 0.76339555 0.079539895
vt 0.7977541 0.031288594
vt 0.80132705 0.0043221414
vt 0.80376077 0.009387374
vt 0.7567966 0.06746018
vt 0.7655265 0.076504916
vt 0.7710241 0.0656358
vt 0.76633716 0.07231143
vt 0.7490469 0.05497259
vt 0.75373393 0.048297018
vt 0.7490469 0.023236156
vt 0.76633716 0.023236156
vt 0.7639936 0.039157093
vt 0.74670345 0.039157093
vt 0.7490469 0.055078
vt 0.76633716 0.05507797
vt 0.7537342 0.048297256
vt 0.76633716 0.07231143
vt 0.7710241 0.0656358
vt 0.7560774 0.039157033
vt 0.7537342 0.05507797
vt 0.7710241 0.05507797
vt 0.77336764 0.039157033
vt 0.7710241 0.023236126
vt 0.75373393 0.023236126
vt 0.07231143 0.023236156
vt 0.0656358 0.023236126
vt 0.06229812 0.039157033
vt 0.07564926 0.039157093
vt 0.07231143 0.05507797
vt 0.0656358 0.05507797
vt 0.048297018 0.023236126
vt 0.05497259 0.023236156
vt 0.05831027 0.039157093
vt 0.044959277 0.039157033
vt 0.048297256 0.05507797
vt 0.05497259 0.055078
vt 0.7732394 0.061918586
vt 0.7649519 0.044857413
vt 0.7634997 0.061918586
vt 0.7774919 0.044857413
vt 0.65016806 0.43738666
vt 0.6461165 0.46184513
vt 0.62775475 0.43738666
vt 0.628166 0.46184513
vt 0.7774919 0.050659478
vt 0.7473316 0.062687635
vt 0.7649519 0.038084
vt 0.7602775 0.07567009
vt 0.73794645 0.07474342
vt 0.7519729 0.0888094
vt 0.6404906 0.20371214
vt 0.6626217 0.22590554
vt 0.7634997 0.061918586
vt 0.7649519 0.044857413
vt 0.7473316 0.09108591
vt 0.6409934 0.4004191
vt 0.628166 0.46184513
vt 0.62775475 0.43738666
vt 0.22540894 0.4004191
vt 0.24434015 0.46184513
vt 0.24398538 0.43738666
vt 0.053317875 0.061918586
vt 0.07567009 0.09108591
vt 0.050659478 0.044857413
vt 0.0888094 0.09823573
vt 0.22590554 0.36287522
vt 0.65016806 0.24398538
vt 0.62775475 0.22150904
vt 0.6409934 0.20426059
vt 0.6620825 0.22540894
vt 0.09471485 0.10115835
vt 0.08930746 0.11120111
vt 0.08044851 0.09596497
vt 0.0512397 0.025871009
vt 0.06961241 0.10205397
vt 0.04568234 0.055297017
vt 0.04505214 0.034031928
vt 0.74084103 0.09723064
vt 0.7329401 0.08930746
vt 0.72914356 0.09471485
vt 0.73704445 0.102638006
vt 0.7613461 0.0512397
vt 0.7656904 0.04505214
vt 0.7716218 0.051000327
vt 0.7672774 0.057187855
vt 0.72914356 0.09471485
vt 0.73704445 0.102638006
vt 0.7393751 0.08044851
vt 0.7329401 0.08930746
vt 0.74084103 0.09723064
vt 0.7470236 0.08811849
vt 0.74730563 0.06961241
vt 0.75457585 0.076903105
vt 0.102638006 0.10115835
vt 0.08811849 0.09596497
vt 0.09723064 0.11120111
vt 0.057187855 0.025871009
vt 0.076903105 0.10205397
vt 0.051630408 0.055297017
vt 0.051000327 0.034031928
vt 0.7711793 0.055297017
vt 0.7716218 0.034031928
vt 0.7656904 0.034031928
vt 0.76524794 0.055297017
vt 0.6501181 0.2348418
vt 0.635298 0.21998003
vt 0.659675 0.18906999
vt 0.67135596 0.20078379
vt 0.6712303 0.17309788
vt 0.6825109 0.18441024
vt 0.20655605 0.3941829
vt 0.17309788 0.30847389
vt 0.18906999 0.30344895
vt 0.21998003 0.3570759
vt 0.22893116 0.39487335
vt 0.22270292 0.41531643
vt 0.6483513 0.23854747
vt 0.63255125 0.22270292
vt 0.6284739 0.22893116
vt 0.6439271 0.24442786
vt 0.20078379 0.30344895
vt 0.18441024 0.30847389
vt 0.22166303 0.3941829
vt 0.2348418 0.3570759
vt 0.24442786 0.39487335
vt 0.23854747 0.41531643
vt 0.20426059 0.4004191
vt 0.062687635 0.09108591
vt 0.07474342 0.09823573
vt 0.20371214 0.36287522
vt 0.6439271 0.39487335
vt 0.6284739 0.39487335
vt 0.635298 0.3570759
vt 0.6501181 0.3570759
vt 0.64451486 0.20655605
vt 0.6483513 0.23854747
vt 0.6595794 0.22166303
vt 0.63255125 0.22270292
vt 0.7634997 0.04355079
vt 0.628166 0.22633907
vt 0.6461165 0.24434015
vt 0.7732394 0.053317875
vt 0.6620825 0.4004191
vt 0.6409934 0.4004191
vt 0.6404906 0.36287522
vt 0.6626217 0.36287522
vt 0.36979258 0.2074861
vt 0.37931055 0.17528918
vt 0.3597468 0.16115466
vt 0.33279866 0.24628472
vt 0.2971209 0.2367695
vt 0.2764203 0.29610276
vt 0.32953218 0.27807707
vt 0.24703166 0.36466107
vt 0.23926932 0.3418296
vt 0.22740746 0.37197337
vt 0.23516983 0.39480484
vt 0.62708664 0.2345235
vt 0.56882524 0.31474096
vt 0.583575 0.32953218
vt 0.63955975 0.24703166
vt 0.35383904 0.2074861
vt 0.34408325 0.16115466
vt 0.36308217 0.17528918
vt 0.31791312 0.24628472
vt 0.28326535 0.2367695
vt 0.2631624 0.29610276
vt 0.31474096 0.27807707
vt 0.2345235 0.36466107
vt 0.22698519 0.3418296
vt 0.21512333 0.37197337
vt 0.22266161 0.39480484
vt 0.5562953 0.36979258
vt 0.5813617 0.33279866
vt 0.56651795 0.31791312
vt 0.5403865 0.35383904
vt 0.5336633 0.36308217
vt 0.5498461 0.37931055
vt 0.5631021 0.3597468
vt 0.54748255 0.34408325
vt 0.6055363 0.2971209
vt 0.5917196 0.28326535
vt 0.60634196 0.2631624
vt 0.6195626 0.2764203
vt 0.6325698 0.22698519
vt 0.6448194 0.23926932
vt 0.6531477 0.22740746
vt 0.6408981 0.21512333
vt 0.583575 0.27807707
vt 0.56882524 0.27807707
vt 0.5813617 0.24628472
vt 0.56651795 0.24628472
vt 0.37188715 0.2119596
vt 0.31744733 0.27069235
vt 0.32435182 0.20083821
vt 0.36636123 0.14789742
vt 0.3816119 0.17496642
vt 0.37950307 0.15953457
vt 0.53663945 0.36636123
vt 0.5671959 0.32435182
vt 0.5759383 0.33311886
vt 0.5466272 0.37637714
vt 0.5270805 0.37950307
vt 0.5374578 0.38990965
vt 0.3820673 0.2119596
vt 0.33311886 0.20083821
vt 0.3260091 0.27069235
vt 0.37637714 0.14789742
vt 0.39208117 0.17496642
vt 0.38990965 0.15953457
vt 0.5807557 0.3260091
vt 0.57221794 0.31744733
vt 0.5427717 0.3820673
vt 0.5326201 0.37188715
vt 0.5427717 0.2119596
vt 0.5326201 0.2119596
vt 0.5359865 0.17496642
vt 0.5255466 0.17496642
vt 0.5270805 0.15953457
vt 0.5374578 0.15953457
vt 0.54505295 0.2164599
vt 0.5153071 0.17495918
vt 0.5153071 0.2164599
vt 0.54505295 0.17495918
vt 0.42604616 0.1450108
vt 0.37955093 0.2164599
vt 0.4260462 0.2164599
vt 0.379551 0.17495918
vt 0.3876819 0.1450108
vt 0.5153071 0.4260462
vt 0.54505295 0.4260462
vt 0.54505295 0.37955093
vt 0.5153071 0.37955093
vt 0.4260462 0.2164599
vt 0.37955093 0.2164599
vt 0.42604616 0.1450108
vt 0.37955096 0.17495918
vt 0.38768187 0.1450108
vt 0.54505295 0.17495918
vt 0.54505295 0.1450108
vt 0.5153071 0.1450108
vt 0.5153071 0.17495918
vt 0.54505295 0.3876819
vt 0.54505295 0.42604616
vt 0.5153071 0.42604616
vt 0.5153071 0.38768187
vt 0.45797437 0.15569782
vt 0.45797437 0.23337197
vt 0.44201025 0.23337197
vt 0.44201025 0.15569782
vt 0.42604613 0.23337197
vt 0.42604613 0.15569782
vt 0.4579744 0.23337197
vt 0.4579744 0.15569782
vt 0.44201028 0.15569782
vt 0.44201028 0.23337197
vt 0.42604613 0.15569782
vt 0.42604613 0.23337197
vt 0.5378922 0.42604613
vt 0.5456044 0.44201028
vt 0.5378922 0.4579744
vt 0.52246785 0.45797437
vt 0.52246785 0.42604613
vt 0.51475567 0.44201025
vt 0.52246785 0.23337197
vt 0.5378922 0.23337197
vt 0.52246785 0.15569782
vt 0.5378922 0.15569782
vt 0.52246785 0.42604613
vt 0.51475567 0.44201025
vt 0.52246785 0.45797437
vt 0.5378922 0.42604613
vt 0.5378922 0.4579744
vt 0.5456044 0.44201028
vt 0.6663546 0.21424887
vt 0.6618274 0.2206969
vt 0.64944786 0.1972945
vt 0.6449206 0.20374253
vt 0.6416064 0.20846292
vt 0.6585131 0.22541729
vt 0.64281946 0.33683473
vt 0.6416064 0.3190773
vt 0.6585131 0.3190773
vt 0.65972626 0.33683473
vt 0.64281946 0.20673513
vt 0.65972626 0.22368953
vt 0.6642535 0.2172414
vt 0.64734674 0.20028707
vt 0.65066093 0.19556674
vt 0.6675677 0.21252108
vt 0.64944786 0.31083596
vt 0.65066093 0.32859337
vt 0.6663546 0.31083596
vt 0.6675677 0.32859337
vt 0.22541729 0.3190773
vt 0.2206969 0.30607793
vt 0.21424887 0.31083596
vt 0.21252108 0.32859337
vt 0.22368953 0.33683473
vt 0.2172414 0.34159282
vt 0.20673513 0.33683473
vt 0.20028707 0.34159282
vt 0.19556674 0.32859337
vt 0.20846292 0.3190773
vt 0.1972945 0.31083596
vt 0.20374253 0.30607793
vt 0.5153071 0.2164599
vt 0.5153071 0.1450108
vt 0.54505295 0.1450108
vt 0.54505295 0.2164599
vt 0.63955975 0.24703166
vt 0.64788806 0.23516983
vt 0.63541496 0.22266161
vt 0.62708664 0.2345235
vt 0.5378922 0.23337197
vt 0.52246785 0.23337197
vt 0.5378922 0.15569782
vt 0.52246785 0.15569782
vt 0.0043221414 0.0065348744
vt 0.0043221414 2.9802322E-08
vt 0.009387344 0.0065348744
vt 0.009387374 2.9802322E-08
vt 0.031288594 0.0065348744
vt 0.031288594 2.9802322E-08
vt 0.076504916 2.9802322E-08
vt 0.056734204 0.021152228
vt 0.079539895 0.021152288
vt 0.043621838 0.021152198
vt 0.056734204 0.03124234
vt 0.24742967 0.068393975
vt 0.25639874 0.05968979
vt 0.24042594 0.036617756
vt 0.228555 0.04142967
vt 0.043598145 0.03124234
vt 0.056734204 0.03124234
vt 0.056734204 0.021152228
vt 0.043598145 0.021152228
vt 0.043598145 0.021152228
vt 0.021419287 0.021152228
vt 0.043598145 0.03124234
vt 0.0043221414 0.0065348744
vt 0.0043221414 2.9802322E-08
vt 0.06746018 2.9802322E-08
vt 0.07049522 0.021152288
vt 0.20100373 0.001984924
vt 0.20560017 2.9802322E-08
vt 0.2226044 0.010872781
vt 0.24529883 0.065359056
vt 0.25426787 0.05665484
vt 0.20560017 0.0065348744
vt 0.20100373 2.9802322E-08
vt 0.20100373 0.0065348744
vt 0.20560017 2.9802322E-08
vt 0.2226044 0.0065348744
vt 0.2226044 2.9802322E-08
vt 0.05665484 2.9802322E-08
vt 0.010872781 2.9802322E-08
vt 0.010872781 0.0065348744
vt 0.036617756 0.021152228
vt 0.05968979 0.021152288
vt 0.023205996 0.021152198
vt 0.036617756 0.03124234
vt 0.24320349 2.9802322E-08
vt 0.24533442 0.021152288
vt 0.23660448 0.021152288
vt 0.23447359 2.9802322E-08
vt 0.228555 0.03124234
vt 0.24042594 0.021152228
vt 0.24042594 0.03124234
vt 0.228555 0.021152228
vt 0.04142967 0.021152228
vt 0.04142967 0.03124234
vt 0.019150347 0.021152228
vt 0.001984924 0.0065348744
vt 0.001984924 2.9802322E-08
vt 0.065359056 2.9802322E-08
vt 0.068393975 0.021152288
vt 0.25639874 0.021152288
vt 0.24742967 0.021152288
vt 0.25426787 2.9802322E-08
vt 0.24529883 2.9802322E-08
vt 0.19623926 0.009387344
vt 0.21073523 0.021419287
vt 0.19867301 0.0043221414
vt 0.21090525 0.043621838
vt 0.22639245 0.043598145
vt 0.22036597 0.056734204
vt 0.20560017 0
vt 0.20100373 0.001984924
vt 0.21299765 0.019150347
vt 0.23126376 0.023205996
vt 0.228555 0.04142967
vt 0.24042594 0.036617756
vt 0.24533442 0.07049522
vt 0.22639245 0.043598145
vt 0.22036597 0.056734204
vt 0.23660448 0.079539895
vt 0.20224595 0.031288594
vt 0.19623932 0.009387374
vt 0.19867301 0.0043221414
vt 0.24320349 0.06746018
vt 0.23447359 0.076504916
vt 0.25095314 0.05497259
vt 0.2336629 0.07231143
vt 0.22897598 0.0656358
vt 0.24626613 0.048297018
vt 0.25095314 0.023236156
vt 0.23600644 0.039157093
vt 0.2336629 0.023236156
vt 0.2532966 0.039157093
vt 0.25095314 0.055078
vt 0.2336629 0.05507797
vt 0.2336629 0.07231143
vt 0.24626589 0.048297256
vt 0.22897598 0.0656358
vt 0.22897598 0.05507797
vt 0.24626589 0.05507797
vt 0.24392268 0.039157033
vt 0.22663242 0.039157033
vt 0.22897598 0.023236126
vt 0.24626613 0.023236126
vt 0.06229812 0.039157033
vt 0.0656358 0.023236126
vt 0.07231143 0.023236156
vt 0.07564926 0.039157093
vt 0.07231143 0.05507797
vt 0.0656358 0.05507797
vt 0.05831027 0.039157093
vt 0.05497259 0.023236156
vt 0.048297018 0.023236126
vt 0.044959277 0.039157033
vt 0.048297256 0.05507797
vt 0.05497259 0.055078
vt 0.22676069 0.061918586
vt 0.23650038 0.061918586
vt 0.23504817 0.044857413
vt 0.2225081 0.044857413
vt 0.35388356 0.46184513
vt 0.3722453 0.43738666
vt 0.37183404 0.46184513
vt 0.349832 0.43738666
vt 0.2225081 0.050659478
vt 0.23504817 0.038084
vt 0.25266847 0.062687635
vt 0.23972258 0.07567009
vt 0.2620536 0.07474342
vt 0.24802715 0.0888094
vt 0.35950947 0.20371214
vt 0.33737838 0.22590554
vt 0.23650038 0.061918586
vt 0.25266847 0.09108591
vt 0.23504817 0.044857413
vt 0.35900664 0.4004191
vt 0.37183404 0.46184513
vt 0.3722453 0.43738666
vt 0.22540894 0.4004191
vt 0.24398538 0.43738666
vt 0.24434015 0.46184513
vt 0.053317875 0.061918586
vt 0.07567009 0.09108591
vt 0.050659478 0.044857413
vt 0.0888094 0.09823573
vt 0.22590554 0.36287522
vt 0.349832 0.24398538
vt 0.33791757 0.22540894
vt 0.35900664 0.20426059
vt 0.3722453 0.22150904
vt 0.09471485 0.10115835
vt 0.08044851 0.09596497
vt 0.08930746 0.11120111
vt 0.0512397 0.025871009
vt 0.06961241 0.10205397
vt 0.04568234 0.055297017
vt 0.04505214 0.034031928
vt 0.2708565 0.09471485
vt 0.26705998 0.08930746
vt 0.25915903 0.09723064
vt 0.26295564 0.102638006
vt 0.23865399 0.0512397
vt 0.22837827 0.051000327
vt 0.23430967 0.04505214
vt 0.23272264 0.057187855
vt 0.2708565 0.09471485
vt 0.26295564 0.102638006
vt 0.25915903 0.09723064
vt 0.26705998 0.08930746
vt 0.26062495 0.08044851
vt 0.25297645 0.08811849
vt 0.25269443 0.06961241
vt 0.24542424 0.076903105
vt 0.102638006 0.10115835
vt 0.09723064 0.11120111
vt 0.08811849 0.09596497
vt 0.057187855 0.025871009
vt 0.076903105 0.10205397
vt 0.051630408 0.055297017
vt 0.051000327 0.034031928
vt 0.22882074 0.055297017
vt 0.23475209 0.055297017
vt 0.23430967 0.034031928
vt 0.22837827 0.034031928
vt 0.34032506 0.18906999
vt 0.36470202 0.21998003
vt 0.34988195 0.2348418
vt 0.3286441 0.20078379
vt 0.32876974 0.17309788
vt 0.31748915 0.18441024
vt 0.18906999 0.30344895
vt 0.17309788 0.30847389
vt 0.20655605 0.3941829
vt 0.21998003 0.3570759
vt 0.22893116 0.39487335
vt 0.22270292 0.41531643
vt 0.37152615 0.22893116
vt 0.3674488 0.22270292
vt 0.35164875 0.23854747
vt 0.35607296 0.24442786
vt 0.18441024 0.30847389
vt 0.20078379 0.30344895
vt 0.22166303 0.3941829
vt 0.2348418 0.3570759
vt 0.24442786 0.39487335
vt 0.23854747 0.41531643
vt 0.07474342 0.09823573
vt 0.062687635 0.09108591
vt 0.20426059 0.4004191
vt 0.20371214 0.36287522
vt 0.36470202 0.3570759
vt 0.37152615 0.39487335
vt 0.35607296 0.39487335
vt 0.34988195 0.3570759
vt 0.3674488 0.22270292
vt 0.3554852 0.20655605
vt 0.35164875 0.23854747
vt 0.34042063 0.22166303
vt 0.35388356 0.24434015
vt 0.37183404 0.22633907
vt 0.23650038 0.04355079
vt 0.22676069 0.053317875
vt 0.33791757 0.4004191
vt 0.33737838 0.36287522
vt 0.35950947 0.36287522
vt 0.35900664 0.4004191
vt 0.36979258 0.2074861
vt 0.3597468 0.16115466
vt 0.37931055 0.17528918
vt 0.33279866 0.24628472
vt 0.2971209 0.2367695
vt 0.2764203 0.29610276
vt 0.32953218 0.27807707
vt 0.24703166 0.36466107
vt 0.23926932 0.3418296
vt 0.22740746 0.37197337
vt 0.23516983 0.39480484
vt 0.37291342 0.2345235
vt 0.3604403 0.24703166
vt 0.41642505 0.32953218
vt 0.43117478 0.31474096
vt 0.35383904 0.2074861
vt 0.36308217 0.17528918
vt 0.34408325 0.16115466
vt 0.31791312 0.24628472
vt 0.28326535 0.2367695
vt 0.2631624 0.29610276
vt 0.31474096 0.27807707
vt 0.2345235 0.36466107
vt 0.22698519 0.3418296
vt 0.21512333 0.37197337
vt 0.22266161 0.39480484
vt 0.4334821 0.31791312
vt 0.41863835 0.33279866
vt 0.44370478 0.36979258
vt 0.45961356 0.35383904
vt 0.46633673 0.36308217
vt 0.45015395 0.37931055
vt 0.43689793 0.3597468
vt 0.45251748 0.34408325
vt 0.39446378 0.2971209
vt 0.4082804 0.28326535
vt 0.3936581 0.2631624
vt 0.38043743 0.2764203
vt 0.36743027 0.22698519
vt 0.35518068 0.23926932
vt 0.34685233 0.22740746
vt 0.35910195 0.21512333
vt 0.41642505 0.27807707
vt 0.41863835 0.24628472
vt 0.43117478 0.27807707
vt 0.4334821 0.24628472
vt 0.32435182 0.20083821
vt 0.31744733 0.27069235
vt 0.37188715 0.2119596
vt 0.36636123 0.14789742
vt 0.3816119 0.17496642
vt 0.37950307 0.15953457
vt 0.42406178 0.33311886
vt 0.43280417 0.32435182
vt 0.46336058 0.36636123
vt 0.4533728 0.37637714
vt 0.47291955 0.37950307
vt 0.46254218 0.38990965
vt 0.3260091 0.27069235
vt 0.33311886 0.20083821
vt 0.3820673 0.2119596
vt 0.37637714 0.14789742
vt 0.39208117 0.17496642
vt 0.38990965 0.15953457
vt 0.42778206 0.31744733
vt 0.45722836 0.3820673
vt 0.46737996 0.37188715
vt 0.41924435 0.3260091
vt 0.46401358 0.17496642
vt 0.46737996 0.2119596
vt 0.45722836 0.2119596
vt 0.47445348 0.17496642
vt 0.47291955 0.15953457
vt 0.46254218 0.15953457
vt 0.4549471 0.2164599
vt 0.48469293 0.2164599
vt 0.48469293 0.17495918
vt 0.4549471 0.17495918
vt 0.42604616 0.1450108
vt 0.4260462 0.2164599
vt 0.37955093 0.2164599
vt 0.379551 0.17495918
vt 0.3876819 0.1450108
vt 0.48469293 0.4260462
vt 0.48469293 0.37955093
vt 0.4549471 0.37955093
vt 0.4549471 0.4260462
vt 0.4260462 0.2164599
vt 0.42604616 0.1450108
vt 0.37955093 0.2164599
vt 0.37955096 0.17495918
vt 0.38768187 0.1450108
vt 0.4549471 0.17495918
vt 0.48469293 0.17495918
vt 0.48469293 0.1450108
vt 0.4549471 0.1450108
vt 0.4549471 0.3876819
vt 0.48469293 0.38768187
vt 0.48469293 0.42604616
vt 0.4549471 0.42604616
vt 0.45797437 0.15569782
vt 0.44201025 0.23337197
vt 0.45797437 0.23337197
vt 0.44201025 0.15569782
vt 0.42604613 0.23337197
vt 0.42604613 0.15569782
vt 0.4579744 0.23337197
vt 0.44201028 0.15569782
vt 0.4579744 0.15569782
vt 0.44201028 0.23337197
vt 0.42604613 0.15569782
vt 0.42604613 0.23337197
vt 0.4775322 0.42604613
vt 0.4852444 0.44201025
vt 0.4775322 0.45797437
vt 0.46210784 0.42604613
vt 0.46210784 0.4579744
vt 0.45439565 0.44201028
vt 0.4775322 0.15569782
vt 0.46210784 0.23337197
vt 0.4775322 0.23337197
vt 0.46210784 0.15569782
vt 0.4775322 0.42604613
vt 0.4775322 0.45797437
vt 0.4852444 0.44201025
vt 0.46210784 0.42604613
vt 0.46210784 0.4579744
vt 0.45439565 0.44201028
vt 0.33817267 0.2206969
vt 0.33364546 0.21424887
vt 0.3505522 0.1972945
vt 0.35507944 0.20374253
vt 0.35839367 0.20846292
vt 0.34148693 0.22541729
vt 0.3571806 0.33683473
vt 0.34027383 0.33683473
vt 0.34148693 0.3190773
vt 0.35839367 0.3190773
vt 0.3571806 0.20673513
vt 0.3357466 0.2172414
vt 0.34027383 0.22368953
vt 0.3526533 0.20028707
vt 0.34933913 0.19556674
vt 0.3324324 0.21252108
vt 0.34933913 0.32859337
vt 0.33364546 0.31083596
vt 0.3324324 0.32859337
vt 0.3505522 0.31083596
vt 0.21424887 0.31083596
vt 0.2206969 0.30607793
vt 0.22541729 0.3190773
vt 0.21252108 0.32859337
vt 0.22368953 0.33683473
vt 0.2172414 0.34159282
vt 0.20846292 0.3190773
vt 0.20374253 0.30607793
vt 0.1972945 0.31083596
vt 0.19556674 0.32859337
vt 0.20673513 0.33683473
vt 0.20028707 0.34159282
vt 0.48469293 0.2164599
vt 0.4549471 0.2164599
vt 0.4549471 0.1450108
vt 0.48469293 0.1450108
vt 0.3604403 0.24703166
vt 0.37291342 0.2345235
vt 0.3645851 0.22266161
vt 0.35211197 0.23516983
vt 0.46210784 0.15569782
vt 0.4775322 0.23337197
vt 0.46210784 0.23337197
vt 0.4775322 0.15569782
vt 0.53283006 0.0065348744
vt 0.5381179 0.0065348744
vt 0.5381179 2.9802322E-08
vt 0.53283006 2.9802322E-08
vt 0.97920215 0.0065348744
vt 0.99765897 2.9802322E-08
vt 0.99765897 0.0065348744
vt 0.97920215 2.9802322E-08
vt 0.929725 2.9802322E-08
vt 0.95136803 0.021152228
vt 0.9264225 0.021152288
vt 0.9657819 0.021152198
vt 0.95136803 0.03124234
vt 0.92785305 0.5218485
vt 0.95716107 0.5248603
vt 0.95365036 0.510479
vt 0.92867464 0.50807554
vt 0.5282212 0.03124234
vt 0.5416555 0.021152228
vt 0.5416555 0.03124234
vt 0.5282212 0.021152228
vt 0.95691514 0.021152228
vt 0.95691514 0.03124234
vt 0.9810976 0.021152228
vt 0.9997349 0.0065348744
vt 0.9997349 2.9802322E-08
vt 0.9309172 2.9802322E-08
vt 0.9276147 0.021152288
vt 1 0.52920777
vt 0.9815185 0.5131591
vt 0.9987241 0.52356946
vt 0.93115544 0.52219385
vt 0.93197715 0.5084208
vt 0.52356946 2.9802322E-08
vt 0.52356946 0.0065348744
vt 0.52920777 0.0065348744
vt 0.52920777 2.9802322E-08
vt 0.9987241 0.0065348744
vt 0.9987241 2.9802322E-08
vt 0.9815185 0.0065348744
vt 0.9815185 2.9802322E-08
vt 0.93197715 2.9802322E-08
vt 0.95365036 0.021152228
vt 0.92867464 0.021152288
vt 0.9680983 0.021152198
vt 0.95365036 0.03124234
vt 0.53883916 0.021152288
vt 0.525105 0.021152288
vt 0.5254503 2.9802322E-08
vt 0.5391845 2.9802322E-08
vt 0.5248603 0.03124234
vt 0.510479 0.03124234
vt 0.510479 0.021152228
vt 0.5248603 0.021152228
vt 0.95716107 0.021152228
vt 0.9813551 0.021152228
vt 0.95716107 0.03124234
vt 1 0.0065348744
vt 1 2.9802322E-08
vt 0.93115544 2.9802322E-08
vt 0.92785305 0.021152288
vt 0.50807554 0.021152288
vt 0.5084208 2.9802322E-08
vt 0.5218485 0.021152288
vt 0.52219385 2.9802322E-08
vt 0.99765897 0.5381179
vt 0.9997349 0.53283006
vt 0.9810976 0.53082794
vt 0.9657819 0.54339635
vt 0.95691514 0.5282212
vt 0.95136803 0.5416555
vt 0.9987241 0.52356946
vt 0.9813551 0.52731174
vt 1 0.52920777
vt 0.9680983 0.5117558
vt 0.95716107 0.5248603
vt 0.95365036 0.510479
vt 0.9276147 0.525105
vt 0.9264225 0.53883916
vt 0.95136803 0.5416555
vt 0.95691514 0.5282212
vt 0.97920215 0.5447995
vt 0.9997349 0.53283006
vt 0.99765897 0.5381179
vt 0.9309172 0.5254503
vt 0.929725 0.5391845
vt 0.9350314 0.510701
vt 0.9422954 0.5114605
vt 0.94032824 0.5383323
vt 0.9330642 0.53757286
vt 0.510701 0.023236156
vt 0.53757286 0.023236156
vt 0.53719306 0.039157093
vt 0.5103212 0.039157093
vt 0.510701 0.055078
vt 0.53757286 0.05507797
vt 0.9330642 0.53757286
vt 0.94032824 0.5383323
vt 0.9422953 0.51146084
vt 0.9350314 0.510701
vt 0.5118402 0.039157033
vt 0.51146084 0.05507797
vt 0.5383323 0.05507797
vt 0.5387121 0.039157033
vt 0.5383323 0.023236126
vt 0.5114605 0.023236126
vt 0.9330642 0.023236156
vt 0.94032824 0.023236126
vt 0.94396013 0.039157033
vt 0.9294323 0.039157093
vt 0.9330642 0.05507797
vt 0.94032824 0.05507797
vt 0.9350314 0.055078
vt 0.9422953 0.05507797
vt 0.94592726 0.039157033
vt 0.93139946 0.039157093
vt 0.9350314 0.023236156
vt 0.9422954 0.023236126
vt 0.51658463 0.044857413
vt 0.5334357 0.061918586
vt 0.5360741 0.044857413
vt 0.51829857 0.061918586
vt 0.52231425 0.43738666
vt 0.51855135 0.46184513
vt 0.48748016 0.43738666
vt 0.4906532 0.46184513
vt 0.92875946 0.5134469
vt 0.9557299 0.51658463
vt 0.95430315 0.5360741
vt 0.9272865 0.5335671
vt 0.91351724 0.53297347
vt 0.9151131 0.51117396
vt 0.768299 0.5241358
vt 0.7708169 0.48974043
vt 0.95114994 0.061918586
vt 0.9557299 0.044857413
vt 0.92875946 0.09108591
vt 0.7707294 0.4004191
vt 0.7482389 0.46184513
vt 0.75131357 0.43738666
vt 0.9151131 0.09823573
vt 0.7708169 0.36287522
vt 0.7683301 0.4004191
vt 0.74619657 0.46184513
vt 0.7487636 0.43738666
vt 0.9500418 0.061918586
vt 0.9272865 0.09108591
vt 0.95430315 0.044857413
vt 0.91351724 0.09823573
vt 0.768299 0.36287522
vt 0.7707294 0.49054724
vt 0.7683301 0.5233231
vt 0.7487636 0.52231425
vt 0.75131357 0.48748016
vt 0.8963751 0.10115835
vt 0.9022591 0.11120111
vt 0.9120221 0.09596497
vt 0.9446445 0.025871009
vt 0.9239982 0.10205397
vt 0.9506917 0.055297017
vt 0.9513774 0.034031928
vt 0.90136015 0.52690583
vt 0.9022591 0.51462644
vt 0.8963751 0.5140113
vt 0.8954762 0.5262906
vt 0.9513774 0.52130437
vt 0.95070255 0.5305228
vt 0.9446445 0.52060044
vt 0.94396967 0.52981883
vt 0.8963751 0.5140113
vt 0.8954762 0.5262906
vt 0.9120221 0.51584494
vt 0.9022591 0.51462644
vt 0.90136015 0.52690583
vt 0.911152 0.5277319
vt 0.9239982 0.51739335
vt 0.92317104 0.5286925
vt 0.8954762 0.10115835
vt 0.911152 0.09596497
vt 0.90136015 0.11120111
vt 0.94396967 0.025871009
vt 0.92317104 0.10205397
vt 0.95001686 0.055297017
vt 0.95070255 0.034031928
vt 0.53045106 0.055297017
vt 0.5305228 0.034031928
vt 0.52130437 0.034031928
vt 0.5212327 0.055297017
vt 0.7905277 0.5182772
vt 0.75500214 0.51702076
vt 0.75668824 0.4939879
vt 0.7918567 0.5001231
vt 0.80814874 0.51980615
vt 0.80943215 0.5022742
vt 0.77117586 0.3941829
vt 0.80943215 0.30847389
vt 0.7918567 0.30344895
vt 0.75668824 0.3570759
vt 0.7532464 0.41531643
vt 0.7466388 0.39487335
vt 0.49286065 0.41531643
vt 0.5164582 0.39487335
vt 0.5174166 0.41531643
vt 0.4924414 0.39487335
vt 0.4939879 0.3570759
vt 0.51702076 0.3570759
vt 0.7694619 0.3941829
vt 0.7905277 0.30344895
vt 0.80814874 0.30847389
vt 0.75500214 0.3570759
vt 0.75144875 0.41531643
vt 0.7448807 0.39487335
vt 0.75144875 0.5174166
vt 0.7694619 0.5187241
vt 0.77117586 0.49531126
vt 0.7532464 0.49286065
vt 0.9500418 0.5334357
vt 0.7482389 0.4906532
vt 0.74619657 0.51855135
vt 0.95114994 0.51829857
vt 0.5233231 0.4004191
vt 0.49054724 0.4004191
vt 0.48974043 0.36287522
vt 0.5241358 0.36287522
vt 0.60868955 0.2074861
vt 0.5984667 0.17528918
vt 0.6194794 0.16115466
vt 0.6484235 0.24628472
vt 0.68674374 0.2367695
vt 0.7089775 0.29610276
vt 0.6519319 0.27807707
vt 0.74059093 0.36466107
vt 0.74892825 0.3418296
vt 0.7618355 0.37197337
vt 0.7534982 0.39480484
vt 0.7503219 0.49533495
vt 0.7089775 0.5109561
vt 0.71048164 0.490409
vt 0.74892825 0.51437294
vt 0.7618355 0.5157225
vt 0.76322925 0.49668452
vt 0.490409 0.29610276
vt 0.5109561 0.29610276
vt 0.50909805 0.2367695
vt 0.48762468 0.2367695
vt 0.62125653 0.47920132
vt 0.6883157 0.48762468
vt 0.68674374 0.50909805
vt 0.6194794 0.50347674
vt 0.6003079 0.47656995
vt 0.5984667 0.5017207
vt 0.6519319 0.5061888
vt 0.74059093 0.51367617
vt 0.74201 0.4942909
vt 0.65361 0.48326528
vt 0.61049956 0.2074861
vt 0.62125653 0.16115466
vt 0.6003079 0.17528918
vt 0.65011233 0.24628472
vt 0.6883157 0.2367695
vt 0.71048164 0.29610276
vt 0.65361 0.27807707
vt 0.74201 0.36466107
vt 0.7503219 0.3418296
vt 0.76322925 0.37197337
vt 0.75491726 0.39480484
vt 0.47785014 0.2074861
vt 0.5017207 0.17528918
vt 0.50257504 0.2074861
vt 0.47656995 0.17528918
vt 0.60868955 0.50257504
vt 0.6484235 0.5058956
vt 0.65011233 0.48282593
vt 0.61049956 0.47785014
vt 0.5061888 0.27807707
vt 0.48326528 0.27807707
vt 0.5058956 0.24628472
vt 0.48282593 0.24628472
vt 0.5936744 0.2119596
vt 0.65370095 0.27069235
vt 0.64608794 0.20083821
vt 0.5997674 0.14789742
vt 0.58295166 0.17496642
vt 0.5852769 0.15953457
vt 0.5997674 0.4813643
vt 0.64608794 0.4871827
vt 0.64509326 0.50076985
vt 0.598631 0.496887
vt 0.58409625 0.49567232
vt 0.5852769 0.47954416
vt 0.5925194 0.2119596
vt 0.64509326 0.20083821
vt 0.65272963 0.27069235
vt 0.598631 0.14789742
vt 0.58176386 0.17496642
vt 0.58409625 0.15953457
vt 0.5925194 0.49637625
vt 0.65272963 0.50140804
vt 0.65370095 0.48813897
vt 0.5936744 0.480599
vt 0.49637625 0.2119596
vt 0.480599 0.2119596
vt 0.4954774 0.17496642
vt 0.47925207 0.17496642
vt 0.47954416 0.15953457
vt 0.49567232 0.15953457
vt 0.47027126 0.2164599
vt 0.50568545 0.2164599
vt 0.50568545 0.17495918
vt 0.47027126 0.17495918
vt 0.54817367 0.1450108
vt 0.58693016 0.2164599
vt 0.5481736 0.2164599
vt 0.58693016 0.17495918
vt 0.5801525 0.1450108
vt 0.58693016 0.50568545
vt 0.5895227 0.47027126
vt 0.5507661 0.46621892
vt 0.5481736 0.50163317
vt 0.5507661 0.2164599
vt 0.5895227 0.2164599
vt 0.55076617 0.1450108
vt 0.58952266 0.17495918
vt 0.5827451 0.1450108
vt 0.47027126 0.17495918
vt 0.50568545 0.17495918
vt 0.5049768 0.1450108
vt 0.4695626 0.1450108
vt 0.55076617 0.46621892
vt 0.5827451 0.4695626
vt 0.5801525 0.5049768
vt 0.54817367 0.50163317
vt 0.523528 0.23337197
vt 0.5375072 0.23337197
vt 0.523528 0.15569782
vt 0.5375072 0.15569782
vt 0.5501421 0.23337197
vt 0.5501421 0.15569782
vt 0.52218366 0.23337197
vt 0.52218366 0.15569782
vt 0.53481853 0.15569782
vt 0.53481853 0.23337197
vt 0.5487978 0.15569782
vt 0.5487978 0.23337197
vt 0.5487978 0.49310786
vt 0.53481853 0.50089836
vt 0.52218366 0.49032515
vt 0.523528 0.47196147
vt 0.5501421 0.4747442
vt 0.5375072 0.46417102
vt 0.4747442 0.23337197
vt 0.49310786 0.23337197
vt 0.4747442 0.15569782
vt 0.49310786 0.15569782
vt 0.52218366 0.49032515
vt 0.53481853 0.50089836
vt 0.5487978 0.49310786
vt 0.523528 0.47196147
vt 0.5501421 0.4747442
vt 0.5375072 0.46417102
vt 0.78035337 0.49482834
vt 0.77842987 0.5211043
vt 0.7714135 0.52037066
vt 0.773337 0.49409473
vt 0.76820064 0.4935577
vt 0.7662771 0.51983356
vt 0.49375424 0.33683473
vt 0.4935577 0.3190773
vt 0.51983356 0.3190773
vt 0.5200302 0.33683473
vt 0.7681571 0.5200302
vt 0.77517354 0.52076375
vt 0.7700807 0.49375424
vt 0.7770971 0.49448788
vt 0.7822334 0.49502492
vt 0.7803099 0.5213008
vt 0.49482834 0.31083596
vt 0.49502492 0.32859337
vt 0.5211043 0.31083596
vt 0.5213008 0.32859337
vt 0.7662771 0.3190773
vt 0.7714135 0.30607793
vt 0.77842987 0.31083596
vt 0.7803099 0.32859337
vt 0.7681571 0.33683473
vt 0.77517354 0.34159282
vt 0.7700807 0.33683473
vt 0.7770971 0.34159282
vt 0.7822334 0.32859337
vt 0.76820064 0.3190773
vt 0.78035337 0.31083596
vt 0.773337 0.30607793
vt 0.46621892 0.2164599
vt 0.46621892 0.1450108
vt 0.50163317 0.2164599
vt 0.50163317 0.1450108
vt 0.7534982 0.5150258
vt 0.75491726 0.49564046
vt 0.74059093 0.51367617
vt 0.74201 0.4942909
vt 0.49032515 0.23337197
vt 0.47196147 0.23337197
vt 0.49032515 0.15569782
vt 0.47196147 0.15569782
vt 0.7447559 0.0065348744
vt 0.749571 2.9802322E-08
vt 0.749571 0.0065348744
vt 0.7447559 2.9802322E-08
vt 0.7295898 0.0065348744
vt 0.7295898 2.9802322E-08
vt 0.7384579 0.9410634
vt 0.7257798 0.9152343
vt 0.71586823 0.9223299
vt 0.7306143 0.95274913
vt 0.97182065 0.021152198
vt 0.95671123 0.03124234
vt 0.95671123 0.021152228
vt 0.98576355 0.0065348744
vt 0.9341059 2.9802322E-08
vt 0.9306748 0.021152288
vt 0.98576355 2.9802322E-08
vt 0.7281696 0.03124234
vt 0.7157798 0.021152228
vt 0.7157798 0.03124234
vt 0.7281696 0.021152228
vt 0.95443606 0.021152228
vt 0.95443606 0.03124234
vt 0.9796053 0.021152228
vt 0.9989991 0.0065348744
vt 0.9989991 2.9802322E-08
vt 0.9273954 2.9802322E-08
vt 0.92396426 0.021152288
vt 0.75220585 0.99718106
vt 0.7526054 0.96988297
vt 0.7553386 0.99269795
vt 0.7175258 0.92576087
vt 0.7274373 0.9186654
vt 0.99718106 0.0065348744
vt 0.99718106 2.9802322E-08
vt 0.99269795 0.0065348744
vt 0.99269795 2.9802322E-08
vt 0.96988297 0.0065348744
vt 0.96988297 2.9802322E-08
vt 0.9186654 2.9802322E-08
vt 0.9410634 0.021152228
vt 0.9152343 0.021152288
vt 0.95593995 0.021152198
vt 0.9410634 0.03124234
vt 0.70340204 0.021152288
vt 0.7134995 0.021152288
vt 0.7050595 2.9802322E-08
vt 0.71515703 2.9802322E-08
vt 0.95274913 0.03124234
vt 0.9410634 0.03124234
vt 0.9410634 0.021152228
vt 0.95274913 0.021152228
vt 0.95274913 0.021152228
vt 0.97784054 0.021152228
vt 0.95274913 0.03124234
vt 0.99718106 0.0065348744
vt 0.99718106 2.9802322E-08
vt 0.92576087 2.9802322E-08
vt 0.9223299 0.021152288
vt 0.7175258 2.9802322E-08
vt 0.71586823 0.021152288
vt 0.7257798 0.021152288
vt 0.7274373 2.9802322E-08
vt 0.7447559 1
vt 0.749571 0.9989991
vt 0.7402534 0.9796053
vt 0.722854 0.97182065
vt 0.7295898 0.98576355
vt 0.7281696 0.95443606
vt 0.7157798 0.95671123
vt 0.75533867 0.99269795
vt 0.74281114 0.97784054
vt 0.75220585 0.99718106
vt 0.74586964 0.95593995
vt 0.7306143 0.95274913
vt 0.7384579 0.9410634
vt 0.7134995 0.92396426
vt 0.70340204 0.9306748
vt 0.7157798 0.95671123
vt 0.7281696 0.95443606
vt 0.7295898 0.98576355
vt 0.749571 0.9989991
vt 0.7447559 0.9999999
vt 0.71515703 0.9273954
vt 0.7050595 0.9341059
vt 0.7117254 0.9439974
vt 0.7080795 0.9364506
vt 0.7276263 0.92296326
vt 0.73127216 0.93051016
vt 0.72580343 0.039157093
vt 0.7276263 0.023236156
vt 0.7080795 0.023236156
vt 0.7062566 0.039157093
vt 0.7080795 0.05507797
vt 0.7276263 0.055078
vt 0.7312719 0.93051034
vt 0.7276263 0.92296326
vt 0.7080795 0.9364506
vt 0.7117254 0.9439974
vt 0.7117254 0.05507797
vt 0.7135483 0.039157033
vt 0.7312719 0.05507797
vt 0.73309505 0.039157033
vt 0.73127216 0.023236126
vt 0.7117254 0.023236126
vt 0.9439974 0.05507797
vt 0.9364506 0.05507797
vt 0.93267715 0.039157093
vt 0.94777083 0.039157033
vt 0.9364506 0.023236156
vt 0.9439974 0.023236126
vt 0.92296326 0.055078
vt 0.93051034 0.05507797
vt 0.9342835 0.039157033
vt 0.9191899 0.039157093
vt 0.92296326 0.023236156
vt 0.93051016 0.023236126
vt 0.73166394 0.061918586
vt 0.72065306 0.061918586
vt 0.7212889 0.044857413
vt 0.7354657 0.044857413
vt 0.61282754 0.43738666
vt 0.61393434 0.46184513
vt 0.63422775 0.46184513
vt 0.6381661 0.43738666
vt 0.7212889 0.9563832
vt 0.72214675 0.91839814
vt 0.7354657 0.94660133
vt 0.7075112 0.92849666
vt 0.7158775 0.90373504
vt 0.7000203 0.9146764
vt 0.6478036 0.7501787
vt 0.622784 0.7674421
vt 0.9431007 0.061918586
vt 0.94660133 0.044857413
vt 0.91839814 0.09108591
vt 0.75055575 0.4004191
vt 0.7285989 0.46184513
vt 0.72978896 0.43738666
vt 0.90373504 0.09823573
vt 0.7501787 0.36287522
vt 0.62335896 0.4004191
vt 0.61393434 0.46184513
vt 0.61282754 0.43738666
vt 0.72065306 0.061918586
vt 0.7075112 0.09108591
vt 0.7212889 0.044857413
vt 0.61282754 0.74727255
vt 0.6381661 0.72978896
vt 0.6472004 0.75055575
vt 0.62335896 0.7670064
vt 0.88701844 0.10115835
vt 0.8931315 0.11120111
vt 0.9033882 0.09596497
vt 0.9380524 0.025871009
vt 0.9160006 0.10205397
vt 0.9443351 0.055297017
vt 0.9450475 0.034031928
vt 0.7031851 0.88701844
vt 0.69425297 0.8931815
vt 0.69720614 0.8992946
vt 0.7061383 0.8931315
vt 0.7263549 0.9380524
vt 0.7297342 0.9450475
vt 0.72302866 0.94967425
vt 0.7196493 0.94267917
vt 0.7031851 0.88701844
vt 0.69425297 0.8931815
vt 0.7109029 0.9033882
vt 0.7061383 0.8931315
vt 0.69720614 0.8992946
vt 0.7022563 0.9093544
vt 0.71671087 0.9160006
vt 0.70849174 0.92167175
vt 0.8931815 0.10115835
vt 0.9093544 0.09596497
vt 0.8992946 0.11120111
vt 0.94267917 0.025871009
vt 0.92167175 0.10205397
vt 0.94896185 0.055297017
vt 0.94967425 0.034031928
vt 0.72939 0.055297017
vt 0.7226845 0.055297017
vt 0.72302866 0.034031928
vt 0.7297342 0.034031928
vt 0.62003404 0.75034374
vt 0.6367884 0.73878336
vt 0.6395495 0.78584313
vt 0.652755 0.7767314
vt 0.66136146 0.79517126
vt 0.64860857 0.80397063
vt 0.7537254 0.3941829
vt 0.79517126 0.30847389
vt 0.7767314 0.30344895
vt 0.73878336 0.3570759
vt 0.7280581 0.39487335
vt 0.73476726 0.41531643
vt 0.61772466 0.41531643
vt 0.63558686 0.41531643
vt 0.63208425 0.39487335
vt 0.6146142 0.39487335
vt 0.62003404 0.3570759
vt 0.6367884 0.3570759
vt 0.78584313 0.30344895
vt 0.80397063 0.30847389
vt 0.7654766 0.3941829
vt 0.75034374 0.3570759
vt 0.7401124 0.39487335
vt 0.7470921 0.41531643
vt 0.9146764 0.09823573
vt 0.92849666 0.09108591
vt 0.7670064 0.4004191
vt 0.7674421 0.36287522
vt 0.63558686 0.73476726
vt 0.61772466 0.7470921
vt 0.6441911 0.7537254
vt 0.6271604 0.7654766
vt 0.72065306 0.95069814
vt 0.73166394 0.9431007
vt 0.63422775 0.7285989
vt 0.61393434 0.7426012
vt 0.6472004 0.4004191
vt 0.622784 0.36287522
vt 0.62335896 0.4004191
vt 0.6478036 0.36287522
vt 0.59882146 0.2074861
vt 0.5883235 0.17528918
vt 0.60990167 0.16115466
vt 0.63962466 0.24628472
vt 0.67897606 0.2367695
vt 0.7018082 0.29610276
vt 0.64322746 0.27807707
vt 0.7343172 0.36466107
vt 0.7428788 0.3418296
vt 0.7562888 0.37197337
vt 0.74772716 0.39480484
vt 0.6281616 0.72458744
vt 0.58501464 0.6317219
vt 0.5683399 0.64322746
vt 0.6140606 0.7343172
vt 0.5864118 0.2074861
vt 0.5977176 0.16115466
vt 0.5757001 0.17528918
vt 0.62804574 0.24628472
vt 0.6681984 0.2367695
vt 0.69149536 0.29610276
vt 0.6317219 0.27807707
vt 0.72458744 0.36466107
vt 0.73332345 0.3418296
vt 0.7467335 0.37197337
vt 0.7379975 0.39480484
vt 0.5515848 0.60990167
vt 0.540736 0.5883235
vt 0.5590309 0.5757001
vt 0.56924295 0.5977176
vt 0.601933 0.6681984
vt 0.58631307 0.67897606
vt 0.61273843 0.69149536
vt 0.59779227 0.7018082
vt 0.63221353 0.73332345
vt 0.6183651 0.7428788
vt 0.62484336 0.7562888
vt 0.6386918 0.7467335
vt 0.5460141 0.2074861
vt 0.5639992 0.2074861
vt 0.5590309 0.17528918
vt 0.540736 0.17528918
vt 0.5665285 0.63962466
vt 0.5833096 0.62804574
vt 0.5639992 0.5864118
vt 0.5460141 0.59882146
vt 0.5683399 0.27807707
vt 0.58501464 0.27807707
vt 0.5833096 0.24628472
vt 0.5665285 0.24628472
vt 0.57151705 0.2119596
vt 0.63460636 0.27069235
vt 0.6266049 0.20083821
vt 0.5779209 0.14789742
vt 0.5602472 0.17496642
vt 0.5626911 0.15953457
vt 0.55543476 0.5779209
vt 0.5780151 0.6266049
vt 0.5681317 0.6334244
vt 0.5441434 0.5857119
vt 0.5483709 0.5626911
vt 0.53663915 0.570786
vt 0.5794358 0.2119596
vt 0.6334244 0.20083821
vt 0.6412663 0.27069235
vt 0.5857119 0.14789742
vt 0.56839085 0.17496642
vt 0.570786 0.15953457
vt 0.5720743 0.6412663
vt 0.5817263 0.63460636
vt 0.540988 0.5794358
vt 0.55246454 0.57151705
vt 0.540988 0.2119596
vt 0.55246454 0.2119596
vt 0.5472374 0.17496642
vt 0.53543496 0.17496642
vt 0.53663915 0.15953457
vt 0.5483709 0.15953457
vt 0.5314014 0.2164599
vt 0.55716205 0.17495918
vt 0.55716205 0.2164599
vt 0.5314014 0.17495918
vt 0.5390376 0.1450108
vt 0.5793036 0.2164599
vt 0.5390375 0.2164599
vt 0.5793036 0.17495918
vt 0.57226205 0.1450108
vt 0.5377097 0.5212628
vt 0.5119491 0.5390375
vt 0.5314014 0.5793036
vt 0.55716205 0.56152886
vt 0.5212628 0.2164599
vt 0.56152886 0.2164599
vt 0.5212628 0.1450108
vt 0.56152886 0.17495918
vt 0.5544873 0.1450108
vt 0.5537603 0.1450108
vt 0.55716205 0.17495918
vt 0.5314014 0.17495918
vt 0.52799964 0.1450108
vt 0.52799964 0.57226205
vt 0.5119491 0.5390376
vt 0.5537603 0.5544873
vt 0.5377098 0.5212628
vt 0.5315084 0.23337197
vt 0.5315084 0.15569782
vt 0.5181505 0.15569782
vt 0.5181505 0.23337197
vt 0.50479263 0.15569782
vt 0.50479263 0.23337197
vt 0.5255418 0.15569782
vt 0.5255418 0.23337197
vt 0.507108 0.23337197
vt 0.507108 0.15569782
vt 0.50479263 0.23337197
vt 0.50479263 0.15569782
vt 0.5181505 0.15569782
vt 0.5181505 0.23337197
vt 0.5315084 0.15569782
vt 0.5315084 0.23337197
vt 0.5181505 0.4978911
vt 0.5315084 0.507108
vt 0.5315084 0.5255418
vt 0.5181505 0.5347587
vt 0.50479263 0.507108
vt 0.50479263 0.5255418
vt 0.507108 0.15569782
vt 0.507108 0.23337197
vt 0.5255418 0.23337197
vt 0.5255418 0.15569782
vt 0.50479263 0.507108
vt 0.50479263 0.5255418
vt 0.5181505 0.5347587
vt 0.5181505 0.4978911
vt 0.5315084 0.5255418
vt 0.5315084 0.507108
vt 0.63067275 0.7756211
vt 0.6271512 0.7683315
vt 0.6497861 0.76243293
vt 0.64626455 0.7551434
vt 0.64368653 0.7498069
vt 0.6245732 0.762995
vt 0.6255168 0.33683473
vt 0.64463013 0.33683473
vt 0.64368653 0.3190773
vt 0.6245732 0.3190773
vt 0.64463013 0.7517602
vt 0.6255168 0.7649483
vt 0.6290384 0.77223796
vt 0.6481517 0.7590499
vt 0.6316164 0.7775744
vt 0.6507297 0.7643863
vt 0.6497861 0.31083596
vt 0.6507297 0.32859337
vt 0.6316164 0.32859337
vt 0.63067275 0.31083596
vt 0.762995 0.3190773
vt 0.7683315 0.30607793
vt 0.7756211 0.31083596
vt 0.7775744 0.32859337
vt 0.7649483 0.33683473
vt 0.77223796 0.34159282
vt 0.7517602 0.33683473
vt 0.7590499 0.34159282
vt 0.7643863 0.32859337
vt 0.7498069 0.3190773
vt 0.76243293 0.31083596
vt 0.7551434 0.30607793
vt 0.64182425 0.7723284
vt 0.6452291 0.77120066
vt 0.5888904 0.6545801
vt 0.5854855 0.6557078
vt 0.7752885 0.33007145
vt 0.7723284 0.3384013
vt 0.658668 0.25395116
vt 0.6557078 0.262281
vt 0.64270955 0.77416086
vt 0.6393047 0.7752885
vt 0.5863708 0.65754026
vt 0.58296597 0.658668
vt 0.65754026 0.24562126
vt 0.6545801 0.25395116
vt 0.77120066 0.33007145
vt 0.77416086 0.32174152
vt 0.5377097 0.2164599
vt 0.5377098 0.1450108
vt 0.5119491 0.1450108
vt 0.5119491 0.2164599
vt 0.6346399 0.7379975
vt 0.6281616 0.72458744
vt 0.6140606 0.7343172
vt 0.6205389 0.74772716
vt 0.99718106 2.9802322E-08
vt 0.99718106 0.0065348744
vt 0.99269783 0.0065348744
vt 0.99269783 2.9802322E-08
vt 0.96988285 0.0065348744
vt 0.96988285 2.9802322E-08
vt 0.9186653 2.9802322E-08
vt 0.9410634 0.021152228
vt 0.9152342 0.021152288
vt 0.9559399 0.021152198
vt 0.9410634 0.03124234
vt 0.2865005 0.92396426
vt 0.2718305 0.95443594
vt 0.28422022 0.9567112
vt 0.29659802 0.9306748
vt 0.95274925 0.03124234
vt 0.9410634 0.021152228
vt 0.9410634 0.03124234
vt 0.95274925 0.021152228
vt 0.95274925 0.021152228
vt 0.95274925 0.03124234
vt 0.9778405 0.021152228
vt 0.99718106 0.0065348744
vt 0.99718106 2.9802322E-08
vt 0.9257609 2.9802322E-08
vt 0.9223298 0.021152288
vt 0.25042903 0.9989991
vt 0.27041018 0.98576355
vt 0.25524405 1
vt 0.28484303 0.9273953
vt 0.2949405 0.93410593
vt 0.25042903 0.0065348744
vt 0.25042903 2.9802322E-08
vt 0.25524405 0.0065348744
vt 0.25524405 2.9802322E-08
vt 0.27041018 0.0065348744
vt 0.27041018 2.9802322E-08
vt 0.93410593 2.9802322E-08
vt 0.98576355 0.0065348744
vt 0.98576355 2.9802322E-08
vt 0.9567112 0.021152228
vt 0.9306748 0.021152288
vt 0.9718206 0.021152198
vt 0.9567112 0.03124234
vt 0.2742203 0.021152288
vt 0.28413177 0.021152288
vt 0.28247422 2.9802322E-08
vt 0.27256274 2.9802322E-08
vt 0.2718305 0.03124234
vt 0.28422022 0.03124234
vt 0.28422022 0.021152228
vt 0.2718305 0.021152228
vt 0.95443594 0.021152228
vt 0.9796053 0.021152228
vt 0.95443594 0.03124234
vt 0.9989991 0.0065348744
vt 0.9989991 2.9802322E-08
vt 0.9273953 2.9802322E-08
vt 0.92396426 0.021152288
vt 0.29659802 0.021152288
vt 0.2949405 2.9802322E-08
vt 0.2865005 0.021152288
vt 0.28484303 2.9802322E-08
vt 0.24466142 0.99269783
vt 0.24779412 0.99718106
vt 0.25718892 0.9778405
vt 0.25413036 0.9559399
vt 0.2693857 0.95274925
vt 0.26154214 0.9410634
vt 0.25524405 1
vt 0.2597466 0.9796053
vt 0.25042903 0.9989991
vt 0.27714598 0.9718206
vt 0.27041018 0.98576355
vt 0.2718305 0.95443594
vt 0.28422022 0.9567112
vt 0.28413177 0.9223298
vt 0.2742203 0.9152342
vt 0.26154214 0.9410634
vt 0.2693857 0.95274925
vt 0.24739459 0.96988285
vt 0.24779412 0.99718106
vt 0.24466142 0.99269783
vt 0.28247422 0.9257609
vt 0.27256274 0.9186653
vt 0.29192054 0.9364505
vt 0.2882747 0.9439974
vt 0.26872793 0.93051016
vt 0.27237368 0.92296326
vt 0.29192054 0.023236156
vt 0.27237368 0.023236156
vt 0.27419662 0.039157093
vt 0.29374346 0.039157093
vt 0.29192054 0.055078
vt 0.27237368 0.05507797
vt 0.27237368 0.92296326
vt 0.26872793 0.93051016
vt 0.28827444 0.94399714
vt 0.29192054 0.9364505
vt 0.28645182 0.039157033
vt 0.28827444 0.05507797
vt 0.26872793 0.05507797
vt 0.26690495 0.039157033
vt 0.26872793 0.023236126
vt 0.2882747 0.023236126
vt 0.92296326 0.023236156
vt 0.93051016 0.023236126
vt 0.9342835 0.039157033
vt 0.9191898 0.039157093
vt 0.92296326 0.05507797
vt 0.93051016 0.05507797
vt 0.9477707 0.039157033
vt 0.9439974 0.023236126
vt 0.9364505 0.023236156
vt 0.93267715 0.039157093
vt 0.94399714 0.05507797
vt 0.9364505 0.055078
vt 0.26833606 0.061918586
vt 0.27871114 0.044857413
vt 0.27934694 0.061918586
vt 0.26453435 0.044857413
vt 0.36183387 0.43738666
vt 0.3657723 0.46184513
vt 0.3871725 0.43738666
vt 0.38606566 0.46184513
vt 0.2924888 0.9284966
vt 0.27871114 0.9563832
vt 0.26453435 0.9466013
vt 0.27785328 0.91839814
vt 0.2999797 0.9146763
vt 0.2841226 0.903735
vt 0.37721598 0.7674421
vt 0.35219646 0.7501787
vt 0.7505559 0.4004191
vt 0.72859883 0.46184513
vt 0.729789 0.43738666
vt 0.9431007 0.061918586
vt 0.91839814 0.09108591
vt 0.9466013 0.044857413
vt 0.903735 0.09823573
vt 0.7501787 0.36287522
vt 0.3766411 0.7670063
vt 0.3527996 0.7505559
vt 0.36183387 0.729789
vt 0.3871725 0.7472725
vt 0.89318144 0.10115835
vt 0.8992946 0.11120111
vt 0.9093544 0.09596497
vt 0.9426791 0.025871009
vt 0.9216717 0.10205397
vt 0.9489618 0.055297017
vt 0.94967425 0.034031928
vt 0.29386175 0.8931315
vt 0.30279386 0.8992946
vt 0.30574703 0.89318144
vt 0.29681498 0.8870183
vt 0.2769714 0.94967425
vt 0.27026582 0.9450474
vt 0.28035066 0.9426791
vt 0.2736451 0.9380523
vt 0.30574703 0.89318144
vt 0.29681498 0.8870183
vt 0.29774377 0.9093544
vt 0.30279386 0.8992946
vt 0.29386175 0.8931315
vt 0.28909707 0.90338826
vt 0.29150826 0.9216717
vt 0.28328916 0.91600055
vt 0.8870183 0.10115835
vt 0.90338826 0.09596497
vt 0.8931315 0.11120111
vt 0.9380523 0.025871009
vt 0.91600055 0.10205397
vt 0.94433504 0.055297017
vt 0.9450474 0.034031928
vt 0.27061 0.055297017
vt 0.27026582 0.034031928
vt 0.2769714 0.034031928
vt 0.2773155 0.055297017
vt 0.3632116 0.7387833
vt 0.37996596 0.75034374
vt 0.3604505 0.78584313
vt 0.34724504 0.7767314
vt 0.35139146 0.80397063
vt 0.3386386 0.7951712
vt 0.7654765 0.3941829
vt 0.80397063 0.30847389
vt 0.78584313 0.30344895
vt 0.75034374 0.3570759
vt 0.74011236 0.39487335
vt 0.7470921 0.41531643
vt 0.38227537 0.41531643
vt 0.36791575 0.39487335
vt 0.36441314 0.41531643
vt 0.3853858 0.39487335
vt 0.37996596 0.3570759
vt 0.3632116 0.3570759
vt 0.7767314 0.30344895
vt 0.7951712 0.30847389
vt 0.7537254 0.3941829
vt 0.7387833 0.3570759
vt 0.7280581 0.39487335
vt 0.73476726 0.41531643
vt 0.9146763 0.09823573
vt 0.7674421 0.36287522
vt 0.7670063 0.4004191
vt 0.9284966 0.09108591
vt 0.95069814 0.061918586
vt 0.74260116 0.46184513
vt 0.36441314 0.73476726
vt 0.3558089 0.7537254
vt 0.37283963 0.7654765
vt 0.38227537 0.7470921
vt 0.3657723 0.72859883
vt 0.26833606 0.9431007
vt 0.27934694 0.95069814
vt 0.38606566 0.74260116
vt 0.3527996 0.4004191
vt 0.3766411 0.4004191
vt 0.37721598 0.36287522
vt 0.35219646 0.36287522
vt 0.58641183 0.2074861
vt 0.57570004 0.17528918
vt 0.5977176 0.16115466
vt 0.62804574 0.24628472
vt 0.66819835 0.2367695
vt 0.69149536 0.29610276
vt 0.63172185 0.27807707
vt 0.72458744 0.36466107
vt 0.73332345 0.3418296
vt 0.7467334 0.37197337
vt 0.7379975 0.39480484
vt 0.41498536 0.63172185
vt 0.3718384 0.72458744
vt 0.38593945 0.7343172
vt 0.43166018 0.64322746
vt 0.59882146 0.2074861
vt 0.60990167 0.16115466
vt 0.5883235 0.17528918
vt 0.63962466 0.24628472
vt 0.67897606 0.2367695
vt 0.70180815 0.29610276
vt 0.64322746 0.27807707
vt 0.7343172 0.36466107
vt 0.7428788 0.3418296
vt 0.7562888 0.37197337
vt 0.74772716 0.39480484
vt 0.459264 0.5883235
vt 0.43075708 0.5977176
vt 0.4409691 0.57570004
vt 0.44841522 0.60990167
vt 0.39806706 0.66819835
vt 0.413687 0.67897606
vt 0.40220776 0.70180815
vt 0.38726157 0.69149536
vt 0.38163492 0.7428788
vt 0.36778653 0.73332345
vt 0.36130822 0.7467334
vt 0.37515664 0.7562888
vt 0.453986 0.2074861
vt 0.4409691 0.17528918
vt 0.43600088 0.2074861
vt 0.459264 0.17528918
vt 0.43600088 0.58641183
vt 0.41669044 0.62804574
vt 0.43347153 0.63962466
vt 0.453986 0.59882146
vt 0.41498536 0.27807707
vt 0.43166018 0.27807707
vt 0.41669044 0.24628472
vt 0.43347153 0.24628472
vt 0.5794358 0.2119596
vt 0.6412662 0.27069235
vt 0.63342446 0.20083821
vt 0.5857119 0.14789742
vt 0.5683908 0.17496642
vt 0.57078594 0.15953457
vt 0.45585662 0.5857119
vt 0.43186837 0.63342446
vt 0.42198494 0.6266049
vt 0.4445653 0.5779209
vt 0.46336088 0.57078594
vt 0.4516291 0.5626911
vt 0.57151705 0.2119596
vt 0.6266049 0.20083821
vt 0.63460636 0.27069235
vt 0.5779209 0.14789742
vt 0.5602472 0.17496642
vt 0.5626911 0.15953457
vt 0.44753549 0.57151705
vt 0.41827375 0.63460636
vt 0.42792577 0.6412662
vt 0.45901203 0.5794358
vt 0.44753549 0.2119596
vt 0.45901203 0.2119596
vt 0.4527626 0.17496642
vt 0.46456507 0.17496642
vt 0.46336088 0.15953457
vt 0.4516291 0.15953457
vt 0.4685986 0.2164599
vt 0.44283798 0.2164599
vt 0.442838 0.17495918
vt 0.46859863 0.17495918
vt 0.5212628 0.1450108
vt 0.56152886 0.2164599
vt 0.52126276 0.2164599
vt 0.5615288 0.17495918
vt 0.5544872 0.1450108
vt 0.44283798 0.56152886
vt 0.4685986 0.5793036
vt 0.48805094 0.5390375
vt 0.4622903 0.52126276
vt 0.5390375 0.2164599
vt 0.5793036 0.2164599
vt 0.5390376 0.1450108
vt 0.5793036 0.17495918
vt 0.572262 0.1450108
vt 0.46859863 0.17495918
vt 0.442838 0.17495918
vt 0.44623974 0.1450108
vt 0.47200036 0.1450108
vt 0.47200036 0.572262
vt 0.4622903 0.5212628
vt 0.4880509 0.5390376
vt 0.44623974 0.5544872
vt 0.507108 0.23337197
vt 0.5255418 0.23337197
vt 0.507108 0.15569782
vt 0.5255418 0.15569782
vt 0.4684916 0.23337197
vt 0.48184952 0.23337197
vt 0.4684916 0.15569782
vt 0.48184952 0.15569782
vt 0.4952074 0.23337197
vt 0.4952074 0.15569782
vt 0.5255418 0.23337197
vt 0.507108 0.23337197
vt 0.5255418 0.15569782
vt 0.507108 0.15569782
vt 0.46849164 0.5255418
vt 0.4684916 0.507108
vt 0.48184952 0.49789107
vt 0.4952074 0.507108
vt 0.48184952 0.5347587
vt 0.49520743 0.5255418
vt 0.46849164 0.23337197
vt 0.46849164 0.15569782
vt 0.48184952 0.15569782
vt 0.48184952 0.23337197
vt 0.49520743 0.15569782
vt 0.49520743 0.23337197
vt 0.48184952 0.49789107
vt 0.4684916 0.507108
vt 0.46849164 0.5255418
vt 0.4952074 0.507108
vt 0.48184952 0.5347587
vt 0.49520743 0.5255418
vt 0.36932728 0.77562106
vt 0.35021394 0.76243293
vt 0.3537355 0.7551434
vt 0.37284887 0.7683315
vt 0.37542686 0.762995
vt 0.35631353 0.7498069
vt 0.37448323 0.33683473
vt 0.37542686 0.3190773
vt 0.35631353 0.3190773
vt 0.3553699 0.33683473
vt 0.3553699 0.7517601
vt 0.35184836 0.75904983
vt 0.37448323 0.7649483
vt 0.37096167 0.77223796
vt 0.36838365 0.7775743
vt 0.34927034 0.7643863
vt 0.36932728 0.31083596
vt 0.36838365 0.32859337
vt 0.35021394 0.31083596
vt 0.34927034 0.32859337
vt 0.7498069 0.3190773
vt 0.7551434 0.30607793
vt 0.76243293 0.31083596
vt 0.7643863 0.32859337
vt 0.7517601 0.33683473
vt 0.75904983 0.34159282
vt 0.7649483 0.33683473
vt 0.77223796 0.34159282
vt 0.7775743 0.32859337
vt 0.762995 0.3190773
vt 0.77562106 0.31083596
vt 0.7683315 0.30607793
vt 0.6586679 0.25395116
vt 0.6557078 0.262281
vt 0.7723283 0.3384013
vt 0.7752885 0.33007145
vt 0.41110963 0.6545801
vt 0.35477096 0.77120066
vt 0.35817575 0.7723283
vt 0.41451448 0.6557078
vt 0.77416086 0.32174152
vt 0.77120066 0.33007145
vt 0.65754026 0.24562126
vt 0.6545801 0.25395116
vt 0.4136292 0.65754026
vt 0.41703403 0.6586679
vt 0.36069533 0.7752885
vt 0.3572905 0.77416086
vt 0.48805094 0.2164599
vt 0.4880509 0.1450108
vt 0.4622903 0.2164599
vt 0.4622903 0.1450108
vt 0.36536008 0.7379975
vt 0.37946117 0.74772716
vt 0.3718384 0.72458744
vt 0.38593945 0.7343172
vt 0.5292076 0.0065348744
vt 0.5235693 0.0065348744
vt 0.5235693 2.9802322E-08
vt 0.5292076 2.9802322E-08
vt 0.018481612 0.0065348744
vt 0.0012760758 2.9802322E-08
vt 0.0012760162 0.0065348744
vt 0.018481612 2.9802322E-08
vt 0.068023056 2.9802322E-08
vt 0.046349704 0.021152228
vt 0.07132548 0.021152288
vt 0.031901866 0.021152198
vt 0.046349704 0.03124234
vt 0.048632026 0.5416553
vt 0.07357746 0.53883904
vt 0.07238537 0.5251048
vt 0.04308504 0.528221
vt 0.52486014 0.03124234
vt 0.5104788 0.021152228
vt 0.5104788 0.03124234
vt 0.52486014 0.021152228
vt 0.0428389 0.021152228
vt 0.0428389 0.03124234
vt 0.018645078 0.021152228
vt 2.9802322E-08 0.0065348744
vt 2.9802322E-08 2.9802322E-08
vt 0.0688445 2.9802322E-08
vt 0.07214701 0.021152288
vt 0.00026524067 0.5328299
vt 0.020797849 0.5447993
vt 0.002341032 0.5381177
vt 0.069082946 0.5254501
vt 0.07027504 0.53918433
vt 0.5328299 0.0065348744
vt 0.5328299 2.9802322E-08
vt 0.5381177 2.9802322E-08
vt 0.53811777 0.0065348744
vt 0.0023409724 0.0065348744
vt 0.002341032 2.9802322E-08
vt 0.020797849 0.0065348744
vt 0.020797849 2.9802322E-08
vt 0.07027504 2.9802322E-08
vt 0.048632026 0.021152228
vt 0.07357746 0.021152288
vt 0.034218073 0.021152198
vt 0.048632026 0.03124234
vt 0.5080754 0.021152288
vt 0.5218484 0.021152288
vt 0.5084207 2.9802322E-08
vt 0.5221937 2.9802322E-08
vt 0.528221 0.03124234
vt 0.5416553 0.03124234
vt 0.5416553 0.021152228
vt 0.528221 0.021152228
vt 0.04308504 0.021152228
vt 0.01890245 0.021152228
vt 0.04308504 0.03124234
vt 0.00026524067 0.0065348744
vt 0.00026524067 2.9802322E-08
vt 0.069082946 2.9802322E-08
vt 0.07238537 0.021152288
vt 0.53883904 0.021152288
vt 0.53918433 2.9802322E-08
vt 0.5254501 2.9802322E-08
vt 0.5251048 0.021152288
vt 0.0012760162 0.5235693
vt 2.9802322E-08 0.5292076
vt 0.018645078 0.52731156
vt 0.031901866 0.51175565
vt 0.0428389 0.52486014
vt 0.046349704 0.5104788
vt 0.0023409724 0.53811777
vt 0.01890245 0.53082776
vt 0.00026524067 0.5328299
vt 0.034218073 0.5433961
vt 0.04308504 0.528221
vt 0.048632026 0.5416553
vt 0.07214701 0.5218484
vt 0.07132548 0.5080754
vt 0.046349704 0.5104788
vt 0.0428389 0.52486014
vt 0.018481612 0.51315886
vt 2.9802322E-08 0.5292076
vt 0.0012760758 0.5235693
vt 0.0688445 0.5221937
vt 0.068023056 0.5084207
vt 0.057704717 0.5114604
vt 0.064968646 0.5107009
vt 0.06693581 0.5375727
vt 0.05967185 0.5383322
vt 0.53719294 0.039157093
vt 0.5375727 0.023236156
vt 0.5107009 0.023236156
vt 0.5103211 0.039157093
vt 0.5107009 0.05507797
vt 0.5375727 0.055078
vt 0.05967185 0.53833187
vt 0.06693581 0.5375727
vt 0.064968646 0.5107009
vt 0.057704717 0.5114604
vt 0.5114604 0.05507797
vt 0.5118401 0.039157033
vt 0.53833187 0.05507797
vt 0.5387119 0.039157033
vt 0.5383322 0.023236126
vt 0.5114604 0.023236126
vt 0.064968646 0.023236156
vt 0.057704717 0.023236126
vt 0.054072797 0.039157033
vt 0.068600655 0.039157093
vt 0.064968646 0.05507797
vt 0.057704717 0.05507797
vt 0.06693581 0.055078
vt 0.05967185 0.05507797
vt 0.05603996 0.039157033
vt 0.07056782 0.039157093
vt 0.06693581 0.023236156
vt 0.05967185 0.023236126
vt 0.51658446 0.044857413
vt 0.5360739 0.044857413
vt 0.5334356 0.061918586
vt 0.51829845 0.061918586
vt 0.48748007 0.43738666
vt 0.49065307 0.46184513
vt 0.51855123 0.46184513
vt 0.52231413 0.43738666
vt 0.045696914 0.5360739
vt 0.044270217 0.51658446
vt 0.072713524 0.5335669
vt 0.071240634 0.51344675
vt 0.08648279 0.5329733
vt 0.08488697 0.5111738
vt 0.23170108 0.5241357
vt 0.22918314 0.4897403
vt 0.04995829 0.061918586
vt 0.045696914 0.044857413
vt 0.072713524 0.09108591
vt 0.23166999 0.4004191
vt 0.25380343 0.46184513
vt 0.2512365 0.43738666
vt 0.08648279 0.09823573
vt 0.23170108 0.36287522
vt 0.22927058 0.4004191
vt 0.2517612 0.46184513
vt 0.24868643 0.43738666
vt 0.04885015 0.061918586
vt 0.071240634 0.09108591
vt 0.044270217 0.044857413
vt 0.08488697 0.09823573
vt 0.22918314 0.36287522
vt 0.24868643 0.48748007
vt 0.2512365 0.52231413
vt 0.23166999 0.523323
vt 0.22927058 0.49054712
vt 0.10452384 0.10115835
vt 0.098639876 0.11120111
vt 0.088848114 0.09596497
vt 0.056030363 0.025871009
vt 0.07682899 0.10205397
vt 0.049983174 0.055297017
vt 0.04929751 0.034031928
vt 0.10452384 0.5262904
vt 0.10362494 0.5140111
vt 0.09774098 0.5146263
vt 0.098639876 0.5269057
vt 0.056030363 0.52981865
vt 0.04929751 0.53052264
vt 0.048622698 0.5213042
vt 0.05535558 0.5206002
vt 0.10452384 0.5262904
vt 0.10362494 0.5140111
vt 0.098639876 0.5269057
vt 0.09774098 0.5146263
vt 0.087977886 0.5158449
vt 0.088848114 0.5277318
vt 0.07682899 0.5286923
vt 0.07600188 0.5173932
vt 0.10362494 0.10115835
vt 0.087977886 0.09596497
vt 0.09774098 0.11120111
vt 0.05535558 0.025871009
vt 0.07600188 0.10205397
vt 0.04930836 0.055297017
vt 0.048622698 0.034031928
vt 0.5304509 0.055297017
vt 0.52123255 0.055297017
vt 0.5213042 0.034031928
vt 0.53052264 0.034031928
vt 0.2433118 0.49398777
vt 0.24499792 0.5170207
vt 0.20947236 0.5182771
vt 0.20814335 0.50012296
vt 0.19185132 0.519806
vt 0.19056788 0.5022741
vt 0.23053813 0.3941829
vt 0.19185132 0.30847389
vt 0.20947236 0.30344895
vt 0.24499792 0.3570759
vt 0.24855125 0.41531643
vt 0.2551194 0.39487335
vt 0.49286053 0.41531643
vt 0.5174165 0.41531643
vt 0.51645815 0.39487335
vt 0.4924413 0.39487335
vt 0.49398777 0.3570759
vt 0.5170207 0.3570759
vt 0.2288242 0.3941829
vt 0.20814335 0.30344895
vt 0.19056788 0.30847389
vt 0.2433118 0.3570759
vt 0.24675363 0.41531643
vt 0.25336125 0.39487335
vt 0.24855125 0.5174165
vt 0.24675363 0.49286053
vt 0.2288242 0.49531114
vt 0.23053813 0.518724
vt 0.04995829 0.5334356
vt 0.25380343 0.51855123
vt 0.2517612 0.49065307
vt 0.04885015 0.51829845
vt 0.523323 0.4004191
vt 0.4897403 0.36287522
vt 0.49054712 0.4004191
vt 0.5241357 0.36287522
vt 0.3895005 0.2074861
vt 0.39969218 0.17528918
vt 0.37874353 0.16115466
vt 0.34988773 0.24628472
vt 0.31168437 0.2367695
vt 0.2895184 0.29610276
vt 0.34639007 0.27807707
vt 0.25799 0.36466107
vt 0.24967813 0.3418296
vt 0.23677087 0.37197337
vt 0.24508274 0.39480484
vt 0.2895184 0.4904089
vt 0.29102257 0.51095605
vt 0.2510718 0.5143729
vt 0.24967813 0.49533486
vt 0.23677087 0.49668443
vt 0.23816451 0.5157224
vt 0.4904089 0.29610276
vt 0.48762462 0.2367695
vt 0.509098 0.2367695
vt 0.51095605 0.29610276
vt 0.3805206 0.5034767
vt 0.31325632 0.509098
vt 0.31168437 0.48762462
vt 0.37874353 0.47920126
vt 0.40153337 0.50172067
vt 0.39969218 0.4765699
vt 0.25940913 0.5136761
vt 0.34806818 0.50618875
vt 0.34639007 0.4832652
vt 0.25799 0.49429083
vt 0.3913105 0.2074861
vt 0.3805206 0.16115466
vt 0.40153337 0.17528918
vt 0.35157657 0.24628472
vt 0.31325632 0.2367695
vt 0.29102257 0.29610276
vt 0.34806818 0.27807707
vt 0.25940913 0.36466107
vt 0.2510718 0.3418296
vt 0.23816451 0.37197337
vt 0.24650186 0.39480484
vt 0.47785008 0.2074861
vt 0.502575 0.2074861
vt 0.50172067 0.17528918
vt 0.4765699 0.17528918
vt 0.3913105 0.502575
vt 0.34988773 0.48282585
vt 0.35157657 0.50589556
vt 0.3895005 0.47785008
vt 0.4832652 0.27807707
vt 0.50618875 0.27807707
vt 0.50589556 0.24628472
vt 0.48282585 0.24628472
vt 0.4074806 0.2119596
vt 0.34727043 0.27069235
vt 0.35490677 0.20083821
vt 0.40136898 0.14789742
vt 0.4182362 0.17496642
vt 0.4159038 0.15953457
vt 0.40136898 0.49688694
vt 0.35490677 0.5007698
vt 0.35391212 0.48718262
vt 0.40023267 0.48136428
vt 0.4159038 0.4956723
vt 0.41472313 0.4795441
vt 0.40632564 0.2119596
vt 0.35391212 0.20083821
vt 0.34629905 0.27069235
vt 0.40023267 0.14789742
vt 0.41704836 0.17496642
vt 0.41472313 0.15953457
vt 0.34629905 0.4881389
vt 0.34727043 0.501408
vt 0.40632564 0.48059893
vt 0.4074806 0.49637622
vt 0.48059893 0.2119596
vt 0.49637622 0.2119596
vt 0.49547735 0.17496642
vt 0.47925204 0.17496642
vt 0.4795441 0.15953457
vt 0.4956723 0.15953457
vt 0.4702712 0.2164599
vt 0.50568545 0.17495918
vt 0.50568545 0.2164599
vt 0.4702712 0.17495918
vt 0.4492339 0.1450108
vt 0.41047737 0.2164599
vt 0.44923392 0.2164599
vt 0.4104774 0.17495918
vt 0.41725498 0.1450108
vt 0.45182642 0.5016331
vt 0.44923392 0.4662189
vt 0.41047737 0.4702712
vt 0.41306987 0.50568545
vt 0.45182642 0.2164599
vt 0.41306987 0.2164599
vt 0.4518264 0.1450108
vt 0.4130699 0.17495918
vt 0.4198475 0.1450108
vt 0.4702712 0.17495918
vt 0.46956253 0.1450108
vt 0.50497675 0.1450108
vt 0.50568545 0.17495918
vt 0.41725498 0.46956253
vt 0.4492339 0.4662189
vt 0.4518264 0.5016331
vt 0.4198475 0.50497675
vt 0.47781637 0.23337197
vt 0.46518147 0.23337197
vt 0.47781637 0.15569782
vt 0.46518147 0.15569782
vt 0.45120227 0.23337197
vt 0.45120227 0.15569782
vt 0.47647208 0.23337197
vt 0.47647208 0.15569782
vt 0.46249285 0.15569782
vt 0.46249285 0.23337197
vt 0.44985795 0.15569782
vt 0.44985795 0.23337197
vt 0.47781637 0.49032512
vt 0.46518147 0.5008983
vt 0.45120227 0.49310783
vt 0.44985795 0.47474417
vt 0.47647208 0.47196147
vt 0.46249285 0.464171
vt 0.49310783 0.23337197
vt 0.47474417 0.23337197
vt 0.49310783 0.15569782
vt 0.47474417 0.15569782
vt 0.45120227 0.49310783
vt 0.46518147 0.5008983
vt 0.47781637 0.49032512
vt 0.44985795 0.47474417
vt 0.47647208 0.47196147
vt 0.46249285 0.464171
vt 0.21964666 0.49482822
vt 0.22666302 0.4940946
vt 0.22157022 0.52110416
vt 0.22858655 0.52037054
vt 0.23372295 0.51983345
vt 0.23179942 0.49355757
vt 0.49375412 0.33683473
vt 0.5200301 0.33683473
vt 0.51983345 0.3190773
vt 0.49355757 0.3190773
vt 0.2318429 0.5200301
vt 0.22991937 0.49375412
vt 0.22290298 0.4944878
vt 0.22482654 0.5207637
vt 0.21969017 0.52130073
vt 0.21776661 0.49502483
vt 0.52110416 0.31083596
vt 0.52130073 0.32859337
vt 0.49502483 0.32859337
vt 0.49482822 0.31083596
vt 0.23179942 0.3190773
vt 0.22666302 0.30607793
vt 0.21964666 0.31083596
vt 0.21776661 0.32859337
vt 0.22991937 0.33683473
vt 0.22290298 0.34159282
vt 0.2318429 0.33683473
vt 0.22482654 0.34159282
vt 0.21969017 0.32859337
vt 0.23372295 0.3190773
vt 0.22157022 0.31083596
vt 0.22858655 0.30607793
vt 0.5016331 0.2164599
vt 0.5016331 0.1450108
vt 0.4662189 0.1450108
vt 0.4662189 0.2164599
vt 0.24650186 0.5150257
vt 0.25940913 0.5136761
vt 0.25799 0.49429083
vt 0.24508274 0.49564037
vt 0.47196147 0.23337197
vt 0.49032512 0.23337197
vt 0.47196147 0.15569782
vt 0.49032512 0.15569782
vt 0.5292437 0.8348849
vt 0.54299676 0.8348849
vt 0.53612024 0.8277035
vt 0.54584515 0.8522222
vt 0.54299676 0.8695594
vt 0.5263954 0.8522222
vt 0.5292437 0.8695594
vt 0.53612024 0.8767407
vt 0.5292437 0.92784786
vt 0.54299676 0.92784786
vt 0.53612024 0.9206666
vt 0.54584515 0.9451852
vt 0.54299676 0.9625224
vt 0.5263954 0.9451852
vt 0.5292437 0.9625224
vt 0.53612024 0.9697038
vt 0.6252538 0.82371426
vt 0.60866064 0.84104276
vt 0.6176408 0.83653927
vt 0.59206754 0.7400445
vt 0.59206754 0.82371426
vt 0.59968054 0.83653927
vt 0.5869807 0.80452025
vt 0.58519447 0.7818793
vt 0.5869807 0.7592385
vt 0.6252538 0.7400445
vt 0.59968054 0.72721946
vt 0.6303406 0.80452025
vt 0.60866064 0.72271585
vt 0.6176408 0.72721946
vt 0.63212687 0.7818793
vt 0.6303406 0.7592385
vt 0.3003937 0.35009378
vt 0.301498 0.35755748
vt 0.34742785 0.32637465
vt 0.34655577 0.31875333
vt 0.343616 0.31875333
vt 0.34448808 0.32637465
vt 0.29745394 0.35009378
vt 0.2985582 0.35755748
vt 0.34627104 0.31875333
vt 0.3471431 0.32637465
vt 0.300109 0.35009378
vt 0.30121326 0.35755748
vt 0.2977386 0.35009378
vt 0.2988429 0.35755748
vt 0.3447728 0.32637465
vt 0.34390068 0.31875333
vt 0.5339478 0.3447728
vt 0.54072434 0.2988429
vt 0.5393732 0.2985582
vt 0.5325967 0.34448808
vt 0.5340765 0.34390068
vt 0.5395361 0.29745394
vt 0.54088724 0.2977386
vt 0.5327254 0.343616
vt 0.54519606 0.3471431
vt 0.5465472 0.34742785
vt 0.5533237 0.301498
vt 0.55197257 0.30121326
vt 0.5521355 0.300109
vt 0.55348665 0.3003937
vt 0.54667586 0.34655577
vt 0.54532474 0.34627104
vt 0.34655577 0.31875333
vt 0.34742785 0.32637465
vt 0.3003937 0.35009378
vt 0.301498 0.35755748
vt 0.29745394 0.35009378
vt 0.2985582 0.35755748
vt 0.34448808 0.32637465
vt 0.343616 0.31875333
vt 0.300109 0.35009378
vt 0.30121326 0.35755748
vt 0.3471431 0.32637465
vt 0.34627104 0.31875333
vt 0.34390068 0.31875333
vt 0.3447728 0.32637465
vt 0.2977386 0.35009378
vt 0.2988429 0.35755748
vt 0.46605223 0.3447728
vt 0.46740335 0.34448808
vt 0.46062684 0.2985582
vt 0.45927572 0.2988429
vt 0.46592355 0.34390068
vt 0.4591128 0.2977386
vt 0.4604639 0.29745394
vt 0.46727467 0.343616
vt 0.45480397 0.3471431
vt 0.44802746 0.30121326
vt 0.44667634 0.301498
vt 0.45345286 0.34742785
vt 0.44786453 0.300109
vt 0.4546753 0.34627104
vt 0.45332417 0.34655577
vt 0.4465134 0.3003937
vt 0.48858774 0.8646349
vt 0.48858774 0.6999663
vt 0.4208584 0.8646349
vt 0.4208584 0.6999663
vt 0.6248973 0.8807081
vt 0.60866064 0.8888507
vt 0.60866064 0.86914504
vt 0.59242404 0.8807081
vt 0.6219063 0.8625022
vt 0.59541506 0.8625022
vt 0.6386621 0.8575194
vt 0.6331354 0.8435854
vt 0.57865924 0.8575194
vt 0.58418596 0.8435854
vt 0.5766829 0.8152745
vt 0.56946194 0.82281554
vt 0.6406384 0.8152745
vt 0.6478594 0.82281554
vt 0.5740482 0.7818794
vt 0.56623226 0.7818794
vt 0.6510891 0.7818794
vt 0.6432731 0.7818794
vt 0.6406384 0.74848425
vt 0.6478594 0.7409432
vt 0.56946194 0.7409432
vt 0.5766829 0.74848425
vt 0.6331354 0.72017324
vt 0.6386621 0.7062391
vt 0.58418596 0.72017324
vt 0.57865924 0.7062391
vt 0.6248973 0.68305075
vt 0.6219063 0.7012565
vt 0.59242404 0.68305075
vt 0.59541506 0.7012565
vt 0.60866064 0.6946138
vt 0.60866064 0.67490804
vt 0.62845194 0.7319813
vt 0.6345192 0.7548747
vt 0.6478594 0.7409432
vt 0.6366497 0.7818794
vt 0.6386621 0.7062391
vt 0.6510891 0.7818794
vt 0.6248973 0.68305075
vt 0.6193716 0.71668434
vt 0.6345192 0.808884
vt 0.6478594 0.82281554
vt 0.60866064 0.7113128
vt 0.60866064 0.67490804
vt 0.6386621 0.8575194
vt 0.62845194 0.83177745
vt 0.59242404 0.68305075
vt 0.5979497 0.71668434
vt 0.6193716 0.8470744
vt 0.6248973 0.8807081
vt 0.5888694 0.7319813
vt 0.57865924 0.7062391
vt 0.60866064 0.8888507
vt 0.60866064 0.85244596
vt 0.56946194 0.7409432
vt 0.5828021 0.7548747
vt 0.58067155 0.7818794
vt 0.56623226 0.7818794
vt 0.5979497 0.8470744
vt 0.59242404 0.8807081
vt 0.5828021 0.808884
vt 0.56946194 0.82281554
vt 0.57865924 0.8575194
vt 0.5888694 0.83177745
vt 0.5858584 0.8049879
vt 0.60866064 0.7811749
vt 0.58397967 0.7811749
vt 0.5912086 0.8251753
vt 0.5858584 0.757362
vt 0.5992156 0.8386643
vt 0.5912086 0.7371744
vt 0.60866064 0.84340096
vt 0.5992156 0.7236855
vt 0.61810565 0.8386643
vt 0.60866064 0.71894884
vt 0.6261127 0.8251753
vt 0.61810565 0.7236855
vt 0.63146293 0.8049879
vt 0.6261127 0.7371744
vt 0.6333416 0.7811749
vt 0.63146293 0.757362
vt 0.60866064 0.66611004
vt 0.62623274 0.67492235
vt 0.62623274 0.6563568
vt 0.60866064 0.6475445
vt 0.5910886 0.6563568
vt 0.5910886 0.67492235
vt 0.621891 0.7013494
vt 0.6331071 0.7202444
vt 0.60866064 0.6947144
vt 0.6411296 0.70001805
vt 0.5954303 0.7013494
vt 0.5842142 0.7202444
vt 0.5761917 0.70001805
vt 0.6406015 0.74852276
vt 0.57671976 0.74852276
vt 0.5662379 0.73757637
vt 0.56274265 0.7818794
vt 0.5740881 0.7818794
vt 0.57671976 0.8152361
vt 0.5662379 0.8261826
vt 0.5761917 0.8637408
vt 0.65108335 0.73757637
vt 0.6545787 0.7818794
vt 0.6432332 0.7818794
vt 0.6584471 0.73757637
vt 0.66194236 0.7818794
vt 0.6584471 0.8261826
vt 0.5842142 0.8435143
vt 0.65108335 0.8261826
vt 0.6406015 0.8152361
vt 0.6411296 0.8637408
vt 0.6331071 0.8435143
vt 0.5910886 0.8888364
vt 0.5761917 0.88821757
vt 0.5954303 0.86240923
vt 0.5910886 0.91331315
vt 0.62623274 0.8888364
vt 0.621891 0.86240923
vt 0.6411296 0.88821757
vt 0.60866064 0.8690443
vt 0.62623274 0.91331315
vt 0.60866064 0.8976488
vt 0.60866064 0.9221256
vt 0.6219039 0.8617834
vt 0.60866064 0.7811749
vt 0.633131 0.8428701
vt 0.60866064 0.868425
vt 0.64063275 0.8145642
vt 0.5954174 0.8617834
vt 0.643267 0.7811749
vt 0.58419025 0.8428701
vt 0.64063275 0.7477857
vt 0.5766885 0.8145642
vt 0.633131 0.7194797
vt 0.5740543 0.7811749
vt 0.6219039 0.7005663
vt 0.5766885 0.7477857
vt 0.60866064 0.6939248
vt 0.58419025 0.7194797
vt 0.5954174 0.7005663
vt 0.56609136 0.7367188
vt 0.57607955 0.6990309
vt 0.5766885 0.7477857
vt 0.562584 0.7811749
vt 0.58419025 0.7194797
vt 0.5740543 0.7811749
vt 0.5954174 0.7005663
vt 0.5766885 0.8145642
vt 0.56609136 0.82563126
vt 0.57607955 0.86331904
vt 0.59102786 0.6738484
vt 0.60866064 0.6650057
vt 0.59102786 0.65528274
vt 0.60866064 0.6939248
vt 0.60866064 0.64644015
vt 0.6262934 0.65528274
vt 0.58419025 0.8428701
vt 0.6262934 0.6738484
vt 0.6219039 0.7005663
vt 0.6412417 0.6990309
vt 0.633131 0.7194797
vt 0.64063275 0.7477857
vt 0.6512299 0.7367188
vt 0.6547373 0.7811749
vt 0.65859365 0.7367188
vt 0.643267 0.7811749
vt 0.66210103 0.7811749
vt 0.65859365 0.82563126
vt 0.6512299 0.82563126
vt 0.64063275 0.8145642
vt 0.6412417 0.86331904
vt 0.633131 0.8428701
vt 0.6262934 0.88850117
vt 0.6219039 0.8617834
vt 0.6412417 0.8877959
vt 0.6262934 0.91297805
vt 0.60866064 0.868425
vt 0.60866064 0.8973441
vt 0.60866064 0.9218209
vt 0.59102786 0.91297805
vt 0.59102786 0.88850117
vt 0.5954174 0.8617834
vt 0.57607955 0.8877959
vt 0.6361737 0.8106121
vt 0.6432332 0.7818794
vt 0.6384406 0.7818794
vt 0.6361737 0.7531469
vt 0.6406015 0.8152361
vt 0.6406015 0.74852276
vt 0.6331071 0.8435143
vt 0.62971824 0.83497024
vt 0.621891 0.86240923
vt 0.6200569 0.8512459
vt 0.62971824 0.7287885
vt 0.6331071 0.7202444
vt 0.621891 0.7013494
vt 0.6200569 0.71251285
vt 0.60866064 0.8690443
vt 0.60866064 0.85696113
vt 0.59726435 0.8512459
vt 0.5954303 0.86240923
vt 0.5876031 0.83497024
vt 0.5842142 0.8435143
vt 0.60866064 0.6947144
vt 0.60866064 0.7067977
vt 0.59726435 0.71251285
vt 0.5954303 0.7013494
vt 0.5876031 0.7287885
vt 0.5842142 0.7202444
vt 0.58114755 0.8106121
vt 0.57671976 0.8152361
vt 0.58114755 0.7531469
vt 0.57671976 0.74852276
vt 0.5740881 0.7818794
vt 0.5788807 0.7818794
vt 0.52737916 0.92314684
vt 0.5237584 0.9451852
vt 0.5263954 0.9451852
vt 0.52737916 0.9672234
vt 0.5292437 0.92784786
vt 0.5292437 0.9625224
vt 0.53612024 0.9140183
vt 0.53612024 0.9206666
vt 0.54299676 0.92784786
vt 0.5448614 0.92314684
vt 0.53612024 0.976352
vt 0.53612024 0.9697038
vt 0.54299676 0.9625224
vt 0.5448614 0.9672234
vt 0.54584515 0.9451852
vt 0.54848206 0.9451852
vt 0.47958437 0.5462066
vt 0.47617677 0.5462066
vt 0.47788057 0.5536468
vt 0.47788057 0.53876626
vt 0.48128816 0.5536469
vt 0.48128816 0.53876626
vt 0.48299196 0.5462066
vt 0.46361428 0.5461986
vt 0.46361428 0.53734815
vt 0.46010384 0.5461986
vt 0.4671247 0.5461986
vt 0.46361428 0.5550493
vt 0.2162509 0.33007145
vt 0.21743092 0.3384013
vt 0.3284995 0.25395116
vt 0.21566707 0.32174152
vt 0.32967955 0.262281
vt 0.32791573 0.24562126
vt 0.21684712 0.33007145
vt 0.32909575 0.25395116
vt 0.6703205 0.262281
vt 0.67090434 0.25395116
vt 0.78315294 0.33007145
vt 0.67208433 0.24562126
vt 0.78256917 0.3384013
vt 0.784333 0.32174152
vt 0.67150056 0.25395116
vt 0.78374916 0.33007145
vt 0.3368593 0.20466864
vt 0.33891046 0.20123053
vt 0.4113381 0.3043875
vt 0.34209973 0.19941342
vt 0.4092869 0.30782557
vt 0.41452736 0.30257034
vt 0.34004855 0.2028515
vt 0.41247618 0.30600846
vt 0.6610896 0.20123053
vt 0.6631408 0.20466864
vt 0.5886619 0.3043875
vt 0.65790033 0.19941342
vt 0.59071314 0.30782557
vt 0.5854727 0.30257034
vt 0.6599515 0.2028515
vt 0.5875238 0.30600846
vt 0.5898851 0.8292167
vt 0.5984994 0.84372866
vt 0.59968054 0.83653927
vt 0.60866064 0.8488245
vt 0.59206754 0.82371426
vt 0.60866064 0.84104276
vt 0.5841292 0.8074981
vt 0.5869807 0.80452025
vt 0.582108 0.7818794
vt 0.58519447 0.7818793
vt 0.5841292 0.75626063
vt 0.5869807 0.7592385
vt 0.5898851 0.734542
vt 0.59206754 0.7400445
vt 0.5984994 0.7200302
vt 0.59968054 0.72721946
vt 0.60866064 0.71493435
vt 0.60866064 0.72271585
vt 0.6188219 0.7200302
vt 0.6176408 0.72721946
vt 0.6252538 0.7400445
vt 0.6274362 0.734542
vt 0.6303406 0.7592385
vt 0.6331921 0.75626063
vt 0.63212687 0.7818793
vt 0.6352133 0.7818794
vt 0.6303406 0.80452025
vt 0.6331921 0.8074981
vt 0.6274362 0.8292167
vt 0.6252538 0.82371426
vt 0.6176408 0.83653927
vt 0.6188219 0.84372866
vt 0.6219063 0.7012565
vt 0.6331354 0.72017324
vt 0.62971824 0.7287885
vt 0.6406384 0.74848425
vt 0.6200569 0.71251285
vt 0.6361737 0.7531469
vt 0.6432731 0.7818794
vt 0.6384406 0.7818794
vt 0.6406384 0.8152745
vt 0.6361737 0.8106121
vt 0.6331354 0.8435854
vt 0.62971824 0.83497024
vt 0.6219063 0.8625022
vt 0.6200569 0.8512459
vt 0.60866064 0.86914504
vt 0.60866064 0.85696113
vt 0.60866064 0.6946138
vt 0.60866064 0.7067977
vt 0.59726435 0.71251285
vt 0.59541506 0.7012565
vt 0.59541506 0.8625022
vt 0.59726435 0.8512459
vt 0.5876031 0.83497024
vt 0.58418596 0.8435854
vt 0.58114755 0.8106121
vt 0.5766829 0.8152745
vt 0.5788807 0.7818794
vt 0.5740482 0.7818794
vt 0.58114755 0.7531469
vt 0.5766829 0.74848425
vt 0.5876031 0.7287885
vt 0.58418596 0.72017324
vt 0.47875506 0.44015288
vt 0.48560736 0.39566264
vt 0.49669465 0.4126564
vt 0.47190276 0.39566264
vt 0.5009296 0.44015285
vt 0.4608155 0.4126564
vt 0.49669465 0.46764922
vt 0.45658052 0.44015285
vt 0.48560736 0.48464298
vt 0.4608155 0.46764922
vt 0.47190276 0.48464298
vt 0.47875506 0.44015288
vt 0.49669465 0.4126564
vt 0.48560736 0.39566264
vt 0.47190276 0.39566264
vt 0.5009296 0.44015285
vt 0.4608155 0.4126564
vt 0.49669465 0.46764922
vt 0.45658052 0.44015285
vt 0.48560736 0.48464298
vt 0.4608155 0.46764922
vt 0.47190276 0.48464298
vt 0.26279944 0.5517025
vt 0.26279944 0.5461986
vt 0.29885536 0.5461986
vt 0.29885536 0.5517025
vt 0.29885536 0.54069483
vt 0.26279944 0.5461986
vt 0.26279944 0.54069483
vt 0.29885536 0.5461986
vn 0.6496283 -0.0001430479 0.76025194
vn 0.65006435 -0.001001346 0.7598786
vn 0.6502687 -0.0009536828 0.75970376
vn 0.65003675 0.0010967462 0.75990206
vn 0.6502687 0.001001367 0.7597037
vn 0.6498327 9.5367286E-05 0.7600773
vn -0.65003675 -0.0010490617 0.75990206
vn -0.65006435 -0.0009536629 0.7598786
vn -0.6498327 -9.5367286E-05 0.7600773
vn -0.65006435 0.0009536629 0.7598786
vn -0.6502687 0.00090599875 0.75970376
vn -0.6496283 0.0001430479 0.76025194
vn 0.42263225 -0.9063013 0
vn 0.30579773 -0.65575093 0.6902741
vn 0.7481604 -0.44946846 0.4880924
vn 0.7481604 -0.44946846 -0.4880924
vn 0.30579773 -0.65575093 -0.6902741
vn -0.42263225 -0.9063013 0
vn -0.7481604 -0.44946846 0.4880924
vn -0.30579773 -0.65575093 0.6902741
vn -0.30579773 -0.65575093 -0.6902741
vn -0.7481604 -0.44946846 -0.4880924
vn -0.3566819 -0.6668235 0.6543123
vn -0.04196147 -0.31814423 0.9471133
vn 0.024795529 -0.35362238 0.93505955
vn 0.71868825 0.23574804 0.6541484
vn 0.34408596 -0.08583076 0.9350069
vn 0.32043627 -0.013732983 0.9471705
vn 0.3566819 -0.6668235 0.6543123
vn -0.024795529 -0.35362238 0.93505955
vn 0.04196147 -0.31814423 0.9471133
vn -0.71868825 0.23574804 0.6541484
vn -0.32043627 -0.013732983 0.9471705
vn -0.34408596 -0.08583076 0.9350069
vn 0.34179637 -0.67477125 0.6541093
vn 0.23651141 -0.2169134 0.94710666
vn 0.3036499 -0.18267632 0.93510747
vn 0.2189629 0.72393167 0.65420043
vn 0.26779148 0.23269631 0.9349546
vn 0.19531313 0.25463188 0.9471089
vn 0.74880904 -0.10757215 0.6539979
vn 0.31318688 0.06904607 0.9471782
vn 0.32386827 0.14419577 0.93504924
vn -0.74880904 -0.10757215 0.6539979
vn -0.32386827 0.14419577 0.93504924
vn -0.31318688 0.06904607 0.9471782
vn 0.5988942 0.6843415 0.4159358
vn 0.59280103 0.6839719 0.42516974
vn 0.69301987 0.6693725 0.26770133
vn 0.61343646 0.70575714 0.35440454
vn 0.6294661 0.6996611 0.33800423
vn 0.7110148 0.6602825 0.2418366
vn -0.2189629 0.72393167 0.65420043
vn -0.19531313 0.25463188 0.9471089
vn -0.26779148 0.23269631 0.9349546
vn -0.34179637 -0.67477125 0.6541093
vn -0.30364984 -0.18272395 0.93509823
vn -0.23651141 -0.2169134 0.94710666
vn -0 0 1
vn -0 0 1
vn -0 0 1
vn -0 0 1
vn 1 0 0
vn 1 0 0
vn 1 0 0
vn 1 0 0
vn 1 0 0
vn 1 0 0
vn 1 0 0
vn 1 0 0
vn -1 0 0
vn -1 0 0
vn -1 0 0
vn -1 0 0
vn -1 0 0
vn -1 0 0
vn -1 0 0
vn -1 0 0
vn -0 -0.81770456 0.57563806
vn -0 -0.9899074 0.14171505
vn -0 -0.81770456 0.57563806
vn -0 -0.9899074 0.14171505
vn -0 -1 0
vn -0 -1 0
vn -0 -1 0
vn -0 -1 0
vn -0 -0.9899074 0.14171505
vn -0 -0.9899074 0.14171505
vn -0 -0.81770456 0.57563806
vn -0 -0.81770456 0.57563806
vn -0 -0.30906233 0.9510418
vn -0 -0.81770456 0.57563806
vn -0 -0.81770456 0.57563806
vn -0 -0.30906233 0.9510418
vn -0 0.30906233 0.9510418
vn -0 0.30906233 0.9510418
vn -0 0.81770456 0.57563806
vn -0 0.81770456 0.57563806
vn -0 0.81770456 0.57563806
vn -0 0.81770456 0.57563806
vn -0 0.9899074 0.14171505
vn -0 0.9899074 0.14171505
vn -0 1 0
vn -0 1 0
vn -0 1 0
vn -0 1 0
vn -0 0.9899074 0.14171505
vn -0 0.9899074 0.14171505
vn -0 0.81770456 0.57563806
vn -0 0.81770456 0.57563806
vn -1 0 0
vn -1 0 0
vn -1 0 0
vn -1 0 0
vn -1 0 0
vn -1 0 0
vn -1 0 0
vn -1 0 0
vn 1 0 0
vn 1 0 0
vn 1 0 0
vn 1 0 0
vn 1 0 0
vn 1 0 0
vn 1 0 0
vn 1 0 0
vn -0 -0.30906233 0.9510418
vn -0 -0.81770456 0.57563806
vn -0 -0.81770456 0.57563806
vn -0 -0.30906233 0.9510418
vn -0 0.30906233 0.9510418
vn -0 0.30906233 0.9510418
vn -0 0.81770456 0.57563806
vn -0 0.81770456 0.57563806
vn -0.70710677 -0.70710677 0
vn -0.70710677 -0.70710677 0
vn -0.382688 -0.9238776 0
vn -0.382688 -0.9238776 0
vn -0 -1 0
vn -0 -1 0
vn 0.382688 -0.9238776 0
vn 0.382688 -0.9238776 0
vn 0.70710677 -0.70710677 0
vn 0.70710677 -0.70710677 0
vn 0.70710677 0.70710677 0
vn 0.382688 0.9238776 0
vn 0.70710677 0.70710677 0
vn 0.382688 0.9238776 0
vn -0 1 0
vn -0 1 0
vn -0.382688 0.9238776 0
vn -0.382688 0.9238776 0
vn -0.70710677 0.70710677 0
vn -0.70710677 0.70710677 0
vn -0.70710677 -0.70710677 0
vn -0.70710677 -0.70710677 0
vn -0.9238776 -0.382688 0
vn -0.9238776 -0.382688 0
vn -1 -1.2572623E-07 0
vn -1 -1.2572623E-07 0
vn -0.9238776 0.382688 0
vn -0.9238776 0.382688 0
vn -0.70710677 0.70710677 0
vn -0.70710677 0.70710677 0
vn 0.70710677 0.70710677 0
vn 0.70710677 0.70710677 0
vn 0.9238776 0.382688 0
vn 0.9238776 0.382688 0
vn 1 0 0
vn 1 0 0
vn 0.9238776 -0.382688 0
vn 0.9238776 -0.382688 0
vn 0.70710677 -0.70710677 0
vn 0.70710677 -0.70710677 0
vn 0.6502687 -0.0009536828 0.75970376
vn 0.65006435 -0.001001346 0.7598786
vn 0.6500371 4.0813743E-06 0.75990254
vn 0.6502687 0.001001367 0.7597037
vn 0.65003675 0.0010967462 0.75990206
vn -0.6502687 0.00090599875 0.75970376
vn -0.65006435 0.0009536629 0.7598786
vn -0.6500371 -4.145637E-06 0.75990254
vn -0.65006435 -0.0009536629 0.7598786
vn -0.65003675 -0.0010490617 0.75990206
vn -0 -0.40667373 0.9135735
vn 0.0005722085 -0.4069833 0.9134354
vn 0.00061989855 -0.40696338 0.9134443
vn -1.2415719E-06 -0.4067135 0.91355574
vn -0.00061989855 -0.40696338 0.9134443
vn -0.0005722085 -0.4069833 0.9134354
vn -0 -0.40667373 0.9135735
vn -0 0.40667373 0.9135735
vn -0.0005245245 0.40698335 0.9134355
vn -0.000572214 0.40696338 0.91344434
vn 1.2490235E-06 0.4067135 0.91355574
vn 0.0005722196 0.4069435 0.9134532
vn 0.0005245245 0.40698335 0.9134355
vn -0 0.40667373 0.9135735
vn -0 0 -1
vn -0 0 -1
vn -0 0 -1
vn -0 0 -1
vn -0 0 -1
vn -0 0 -1
vn -0 0 -1
vn -0 0 -1
vn -0 0 -1
vn -0 0 -1
vn -0 0 -1
vn -0 0 -1
vn -0 0 -1
vn -0 0 -1
vn -0 0 -1
vn -0 0 -1
vn -0 1 0
vn 0.70710677 0.70710677 0
vn 0.70710677 0.70710677 0
vn -0 1 0
vn -0.70710677 0.70710677 0
vn -0.70710677 0.70710677 0
vn 1 0 0
vn 0.70710677 0.70710677 0
vn 0.70710677 0.70710677 0
vn 1 0 0
vn 0.70710677 -0.70710677 0
vn 0.70710677 -0.70710677 0
vn -0 -1 0
vn 0.70710677 -0.70710677 0
vn 0.70710677 -0.70710677 0
vn -0 -1 0
vn -0.70710677 -0.70710677 0
vn -0.70710677 -0.70710677 0
vn -1 0 0
vn -0.70710677 -0.70710677 0
vn -0.70710677 -0.70710677 0
vn -1 0 0
vn -0.70710677 0.70710677 0
vn -0.70710677 0.70710677 0
vn -0 1 0
vn 0.70710677 0.70710677 0
vn 0.70710677 0.70710677 0
vn -0 1 0
vn -0.70710677 0.70710677 0
vn -0.70710677 0.70710677 0
vn 1 0 0
vn 0.70710677 0.70710677 0
vn 0.70710677 0.70710677 0
vn 1 0 0
vn 0.70710677 -0.70710677 0
vn 0.70710677 -0.70710677 0
vn -0 -1 0
vn 0.70710677 -0.70710677 0
vn 0.70710677 -0.70710677 0
vn -0 -1 0
vn -0.70710677 -0.70710677 0
vn -0.70710677 -0.70710677 0
vn -1 0 0
vn -0.70710677 -0.70710677 0
vn -0.70710677 -0.70710677 0
vn -1 0 0
vn -0.70710677 0.70710677 0
vn -0.70710677 0.70710677 0
vn -0 0 1
vn -0 0 1
vn -0 0 1
vn -0 0 1
vn -0 0 1
vn -0 0 1
vn -0 0 1
vn -0 0 1
vn -0 0 -1
vn -0 0 -1
vn -0 0 -1
vn -0 0 -1
vn -0 0 -1
vn -0 0 -1
vn -0 0 -1
vn -0 0 -1
vn -0 0.70715445 -0.7070591
vn -0 0.70715445 -0.7070591
vn -0 1 0
vn -0 1 0
vn -0 0.70715445 0.7070591
vn -0 0.70715445 0.7070591
vn -0 5.1367084E-07 -1
vn -0 0.70715445 -0.7070591
vn -0 0.70715445 -0.7070591
vn -0 5.1367084E-07 -1
vn -0 -0.70715445 -0.7070591
vn -0 -0.70715445 -0.7070591
vn -0 -1 0
vn -0 -0.70715445 -0.7070591
vn -0 -0.70715445 -0.7070591
vn -0 -1 0
vn -0 -0.70715445 0.7070591
vn -0 -0.70715445 0.7070591
vn -0 0 1
vn -0 -0.70715445 0.7070591
vn -0 -0.70715445 0.7070591
vn -0 0 1
vn -0 0.70715445 0.7070591
vn -0 0.70715445 0.7070591
vn -0 -0.8089752 -0.58784276
vn -0 -0.8089752 -0.58784276
vn -0 -0.3090731 -0.95103824
vn -0 -0.3090731 -0.95103824
vn -0 0.3090731 -0.95103824
vn -0 0.3090731 -0.95103824
vn -0 0.8089752 -0.58784276
vn -0 0.8089752 -0.58784276
vn -0 1 0
vn -0 0.8089752 -0.58784276
vn -0 0.8089752 -0.58784276
vn -0 1 0
vn -0 0.8089752 0.58784276
vn -0 0.8089752 0.58784276
vn -0 -0.8089752 -0.58784276
vn -0 -0.8089752 -0.58784276
vn -0 -1 0
vn -0 -1 0
vn -0 -0.8089752 0.58784276
vn -0 -0.8089752 0.58784276
vn -0 0.8089752 0.58784276
vn -0 0.8089752 0.58784276
vn -0 0.30906776 0.9510401
vn -0 0.30906776 0.9510401
vn -0 -0.30906776 0.9510401
vn -0 -0.30906776 0.9510401
vn -0 -0.8089752 0.58784276
vn -0 -0.8089752 0.58784276
vn -0 -0.8089752 -0.58784276
vn -0 -0.3090731 -0.95103824
vn -0 -0.8089752 -0.58784276
vn -0 -0.3090731 -0.95103824
vn -0 0.3090731 -0.95103824
vn -0 0.3090731 -0.95103824
vn -0 0.8089752 -0.58784276
vn -0 0.8089752 -0.58784276
vn -0 1 0
vn -0 0.8089752 -0.58784276
vn -0 0.8089752 -0.58784276
vn -0 1 0
vn -0 0.8089752 0.58784276
vn -0 0.8089752 0.58784276
vn -0 -1 0
vn -0 -0.8089752 -0.58784276
vn -0 -0.8089752 -0.58784276
vn -0 -1 0
vn -0 -0.8089752 0.58784276
vn -0 -0.8089752 0.58784276
vn -0 0.8089752 0.58784276
vn -0 0.30906776 0.9510401
vn -0 0.8089752 0.58784276
vn -0 0.30906776 0.9510401
vn -0 -0.30906776 0.9510401
vn -0 -0.30906776 0.9510401
vn -0 -0.8089752 0.58784276
vn -0 -0.8089752 0.58784276
vn -0.7071067 -0.7071067 -0.00038147238
vn -0.3826508 -0.92389303 -0.00038145873
vn -0.707059 -0.7071544 0.00038147238
vn -0.3826304 -0.9239014 0.0003814622
vn -4.223346E-05 -1 -0.000381461
vn -0 -1 0.000381461
vn 0.3826508 -0.92389303 -0.00038145873
vn 0.38276592 -0.92384535 0.00038147843
vn 0.7071067 -0.7071067 -0.00038147238
vn 0.7071544 -0.707059 0.00038147238
vn -0.831496 -0.5555307 0
vn -0.7071067 -0.7071067 -0.00038147238
vn -0.831496 -0.5555307 0
vn -0.707059 -0.7071544 0.00038147238
vn 0.7071067 -0.7071067 -0.00038147238
vn 0.831496 -0.5555307 0
vn 0.7071544 -0.707059 0.00038147238
vn 0.831496 -0.5555307 0
vn -0 0 1
vn 0.25424603 0.61370474 0.7474795
vn 0.831496 -0.5555307 0
vn 0.7071067 -0.7071067 -0.00038147238
vn 0.3826508 -0.92389303 -0.00038145873
vn -0 0 1
vn -0 0 1
vn -4.223346E-05 -1 -0.000381461
vn -0.3826508 -0.92389303 -0.00038145873
vn -0 0 1
vn -0.7071067 -0.7071067 -0.00038147238
vn -0 0 1
vn -0.25424603 0.61370474 0.7474795
vn -0.831496 -0.5555307 0
vn 0.831496 -0.5555307 0
vn 0.25424603 0.61370474 0.7474795
vn 0.254253 0.613793 -0.7474046
vn 0.831496 -0.5555307 0
vn -0.25424603 0.61370474 0.7474795
vn -0.831496 -0.5555307 0
vn -0.831496 -0.5555307 0
vn -0.254253 0.613793 -0.7474046
vn 0.831496 -0.5555307 0
vn 0.254253 0.613793 -0.7474046
vn -0 0 -1
vn 0.7071544 -0.707059 0.00038147238
vn 0.38276592 -0.92384535 0.00038147843
vn -0 0 -1
vn -0 0 -1
vn -0 -1 0.000381461
vn -0.3826304 -0.9239014 0.0003814622
vn -0 0 -1
vn -0.707059 -0.7071544 0.00038147238
vn -0 0 -1
vn -0.254253 0.613793 -0.7474046
vn -0.831496 -0.5555307 0
vn -0.70710677 0.70710677 0
vn -0.3826508 0.92389303 0
vn -0.70710677 0.70710677 0
vn -0.3826508 0.92389303 0
vn -0 1 0
vn -0 1 0
vn 0.3826508 0.92389303 0
vn 0.3826508 0.92389303 0
vn 0.70710677 0.70710677 0
vn 0.70710677 0.70710677 0
vn -0.831496 0.5555307 0
vn -0.70710677 0.70710677 0
vn -0.831496 0.5555307 0
vn -0.70710677 0.70710677 0
vn 0.70710677 0.70710677 0
vn 0.831496 0.5555307 0
vn 0.70710677 0.70710677 0
vn 0.831496 0.5555307 0
vn -0.47124353 -0.47124353 -0.7455595
vn -0.4713036 -0.4713036 -0.74548364
vn -0.47124353 0.47124353 -0.7455595
vn -0.4713036 0.4713036 -0.74548364
vn -0.47124353 0.47124353 -0.7455595
vn -0.4713036 0.4713036 -0.74548364
vn 0.47124353 0.47124353 -0.7455595
vn 0.4713036 0.4713036 -0.74548364
vn 0.47124353 0.47124353 -0.7455595
vn 0.4713036 0.4713036 -0.74548364
vn 0.47124353 -0.47124353 -0.7455595
vn 0.4713036 -0.4713036 -0.74548364
vn 0.47124353 -0.47124353 -0.7455595
vn 0.4713036 -0.4713036 -0.74548364
vn -0.47124353 -0.47124353 -0.7455595
vn -0.4713036 -0.4713036 -0.74548364
vn -0.70710677 0.70710677 0
vn 0.70710677 0.70710677 0
vn 0.70710677 0.70710677 0
vn -0.70710677 0.70710677 0
vn -0 0 -1
vn -0 0 -1
vn -0 0 -1
vn -0 0 -1
vn -0.70710677 -0.70710677 0
vn -0.70710677 0.70710677 0
vn -0.70710677 0.70710677 0
vn -0.70710677 -0.70710677 0
vn 0.70710677 0.70710677 0
vn 0.70710677 -0.70710677 0
vn 0.70710677 -0.70710677 0
vn 0.70710677 0.70710677 0
vn 0.70710677 -0.70710677 0
vn -0.70710677 -0.70710677 0
vn -0.70710677 -0.70710677 0
vn 0.70710677 -0.70710677 0
vn 1 0 0
vn 1 0 0
vn 0.9999999 -0.00057219143 0
vn 1 0 0
vn 1 0 0
vn 0.5254482 -0.85082555 0.0003814506
vn 0.5256026 -0.8507303 0
vn -0 0 1
vn 1 -9.536525E-05 0
vn 0.9999999 0.00057219143 0
vn 1 0 0
vn 0.00057219143 0.9999999 0
vn -0 1 0
vn -0 1 0
vn -0 1 0
vn -0.00057219143 0.9999999 0
vn 0.00057219143 0.9999999 0
vn -0.9999999 -0.00057219143 0
vn -1 0 0
vn -1 0 0
vn -1 0 0
vn -0.5256026 -0.8507303 0
vn -0.5253791 -0.85086817 0.0003814697
vn -0 0 1
vn -1 0 0
vn -1 0 0
vn -0.9999999 0.00057219143 0
vn -1 0 0
vn -0 1 0
vn -0.00057219143 0.9999999 0
vn -0 1 0
vn -0 1 0
vn -0 1 0
vn -0 1 0
vn -0 1 0
vn -0 1 0
vn -0 1 0
vn -0 1 0
vn -4.769172E-05 0 1
vn 0.27284375 -0.962058 0.0007629326
vn -0.27284375 -0.962058 0.0007629326
vn 4.769172E-05 0 1
vn -0 0 1
vn -0 0 1
vn -0 0 1
vn 1 0 0
vn 1 -9.536525E-05 0
vn -0 1 0
vn -0 0 1
vn -1 0 0
vn -0 1 0
vn -1 0 0
vn 4.769172E-05 0 1
vn -0.5253791 -0.85086817 0.0003814697
vn -0 0 1
vn -0.27284375 -0.962058 0.0007629326
vn -0.5256026 -0.8507303 0
vn -0.272888 -0.96204585 0
vn 0.272888 -0.96204585 0
vn 0.27284375 -0.962058 0.0007629326
vn 0.5256026 -0.8507303 0
vn 0.5254482 -0.85082555 0.0003814506
vn -4.769172E-05 0 1
vn -0 0 1
vn -0 -0.00038153378 -1
vn -0 -0.00038153378 -1
vn 0.00066768384 -0.00066768384 -0.99999964
vn -0 -0.00066768384 -0.99999976
vn -0 0 -1
vn -0 0 -1
vn -0 0 -1
vn -0 0 -1
vn -0.00019076688 -4.769172E-05 -1
vn -0 -4.769172E-05 -1
vn -0 -0.00038153378 -1
vn -0.00019076688 0 -1
vn -0 -0.00038153378 -1
vn -0 0 -1
vn -0.00019076688 0 -1
vn -0 -4.769172E-05 -1
vn -0 0 -1
vn -0.00019076688 -4.769172E-05 -1
vn -0 0 -1
vn -0 0 -1
vn -0 0 -1
vn -0 0 -1
vn -0 0 -1
vn -0 0 -1
vn 0.00066768384 -0.00066768384 -0.99999964
vn -0 -0.00066768384 -0.99999976
vn -0 1 0
vn -0 1 0
vn -0 1 0
vn -0 1 0
vn 1 0 0
vn 0.9999988 0 0.0015259148
vn 1 0 0
vn 1 0 0
vn 1 0 0
vn 1 0 0
vn 1 0 0
vn 0.00090614235 0 0.99999964
vn -4.769172E-05 0 1
vn 0.9999999 -0.00057219143 0
vn 4.7682624E-05 -1 0
vn 0.00090596953 -0.99999964 0
vn 4.7682624E-05 -1 0
vn 0.00090596953 -0.99999964 0
vn -0.00090596953 -0.99999964 0
vn 4.7682624E-05 -1 0
vn -4.769172E-05 0 1
vn -4.769172E-05 0 1
vn -1 0 0
vn -1 0 0
vn -1 0 0
vn -0.9999988 -9.536967E-05 0.0015259148
vn -1 0 0
vn -1 0 0
vn -1 0 0
vn -0.9999999 -0.00057219143 0
vn -0.00090596953 -0.99999964 0
vn 4.7682624E-05 -1 0
vn -4.769172E-05 0 1
vn -0.00090614223 0.0002861502 0.9999995
vn -0.00090614223 0.0002861502 0.9999995
vn 0.00090614235 0 0.99999964
vn -4.769172E-05 0 1
vn -4.769172E-05 0 1
vn -0 0.72989994 -0.68355405
vn -0 0.7298776 -0.6835778
vn -0 0.72989994 -0.68355405
vn -0 0.7298776 -0.6835778
vn -0 -1 0
vn -0 -1 0
vn -0 -1 0
vn -0 -1 0
vn -0 -1 0
vn -0 -1 0
vn -0 0 -1
vn -0 0 -1
vn -0 0 -1
vn -0 0 -1
vn -0 0 -1
vn -0 0 -1
vn -0 0 -1
vn -0 0 -1
vn 0.99999976 -0.00076292176 0
vn 1 0 0
vn 1 0 0
vn 0.99999976 -0.00076292176 0
vn 0.00071523915 -0.99999976 0
vn 0.00071523915 -0.99999976 0
vn 0.00071523915 -0.99999976 0
vn -0.00071523915 -0.99999976 0
vn -0.00071523915 -0.99999976 0
vn 0.00071523915 -0.99999976 0
vn -0.99999976 -0.00076292176 0
vn -1 0 0
vn -1 0 0
vn -0.99999976 -0.00076292176 0
vn -0.00071523915 -0.99999976 0
vn -0.00071523915 -0.99999976 0
vn -0 0 -1
vn -0 0 -1
vn -0 0 -1
vn -0 0 -1
vn -0 0 -1
vn -0 0 -1
vn -0 0.69924337 -0.71488374
vn -0 0.69924337 -0.71488374
vn -0 0.69924337 -0.71488374
vn -0 0.69924337 -0.71488374
vn -0.52508676 -0.85104877 0
vn -0.52508676 -0.85104877 0
vn -0.52508676 -0.85104877 0
vn -0.52508676 -0.85104877 0
vn -0.52508676 -0.85104877 0
vn -0.52508676 -0.85104877 0
vn -0.52508676 -0.85104877 0
vn -0.52508676 -0.85104877 0
vn -0 -0.45543364 -0.89026976
vn 0.89024997 -0.45547232 0
vn 1 0 0
vn -0 0 -1
vn -0.89024997 -0.45547232 0
vn -1 0 0
vn -0 -0.45543364 0.89026976
vn -0.89024997 -0.45547232 0
vn -1 0 0
vn -0 0 1
vn 0.89024997 -0.45547232 0
vn 1 0 0
vn -0 1 0
vn -0 1 0
vn -0 1 0
vn -0 1 0
vn 0.4624566 -0.38072324 0.8007395
vn 0.50010085 0 0.86596715
vn 1 0 0
vn 0.9246938 -0.3807114 0
vn 0.4624566 -0.38072324 -0.8007395
vn 0.50011873 0 -0.86595684
vn -0.4624566 -0.38072324 -0.8007395
vn 0.4624566 -0.38072324 -0.8007395
vn 0.50011873 0 -0.86595684
vn -0.50011873 0 -0.86595684
vn -0.4624566 -0.38072324 -0.8007395
vn -0.50011873 0 -0.86595684
vn -1 0 0
vn -0.9246938 -0.3807114 0
vn -0.4624566 -0.38072324 0.8007395
vn -0.50010085 0 0.86596715
vn -0.50010085 0 -0.86596715
vn 0.50010085 0 -0.86596715
vn 0.50010085 0 -0.86596715
vn -0.50010085 0 -0.86596715
vn 0.4624566 -0.38072324 0.8007395
vn -0.50010085 0 0.86596715
vn 0.50010085 0 0.86596715
vn -0.4624566 -0.38072324 0.8007395
vn 1 0 0
vn 0.50010085 0 -0.86596715
vn 0.50010085 0 -0.86596715
vn 1 0 0
vn 0.50010085 0 0.86596715
vn 0.50010085 0 0.86596715
vn 0.50010085 0 0.86596715
vn 0.50010085 0 0.86596715
vn -0.50011873 0 0.86595684
vn -0.50011873 0 0.86595684
vn -1 0 0
vn -0.50010085 0 -0.86596715
vn -0.50010085 0 -0.86596715
vn -1 0 0
vn -0.50011873 0 0.86595684
vn -0.50011873 0 0.86595684
vn -0 -1 0
vn -0 -1 0
vn -0 -1 0
vn -0 -1 0
vn -0 -1 0
vn -0 -1 0
vn 0.70698756 0 0.707226
vn -0 0 1
vn 0.70698756 0 0.707226
vn -0 0 1
vn -0.70698756 0 0.707226
vn -0.70698756 0 0.707226
vn 0.70698756 0 0.707226
vn 1 0 0
vn 0.70698756 0 0.707226
vn 1 0 0
vn 0.70698756 0 -0.707226
vn 0.70698756 0 -0.707226
vn -0 0 -1
vn 0.70698756 0 -0.707226
vn 0.70698756 0 -0.707226
vn -0 0 -1
vn -0.70698756 0 -0.707226
vn -0.70698756 0 -0.707226
vn -1 0 0
vn -0.70698756 0 -0.707226
vn -0.70698756 0 -0.707226
vn -1 0 0
vn -0.70698756 0 0.707226
vn -0.70698756 0 0.707226
vn -0 -0.617552 -0.78653
vn -0.5559226 -0.617766 -0.55616105
vn -0.5559226 -0.617766 -0.55616105
vn -0 -0.617552 -0.78653
vn 0.5559226 -0.617766 -0.55616105
vn 0.5559226 -0.617766 -0.55616105
vn -0.78634644 -0.61778575 0
vn -0.5559226 -0.617766 -0.55616105
vn -0.5559226 -0.617766 -0.55616105
vn -0.78634644 -0.61778575 0
vn -0.5559226 -0.617766 0.55616105
vn -0.5559226 -0.617766 0.55616105
vn -0.5559226 -0.617766 0.55616105
vn -0.5559226 -0.617766 0.55616105
vn -0 -0.617552 0.78653
vn -0 -0.617552 0.78653
vn 0.5559226 -0.617766 0.55616105
vn 0.5559226 -0.617766 0.55616105
vn 0.78634644 -0.61778575 0
vn 0.5559226 -0.617766 0.55616105
vn 0.5559226 -0.617766 0.55616105
vn 0.78634644 -0.61778575 0
vn 0.5559226 -0.617766 -0.55616105
vn 0.5559226 -0.617766 -0.55616105
vn 0.70698756 0 0.707226
vn -0 0 1
vn 0.70698756 0 0.707226
vn -0 0 1
vn -0.70698756 0 0.707226
vn -0.70698756 0 0.707226
vn 0.70698756 0 0.707226
vn 1 0 0
vn 0.70698756 0 0.707226
vn 1 0 0
vn 0.70698756 0 -0.707226
vn 0.70698756 0 -0.707226
vn -0 0 -1
vn 0.70698756 0 -0.707226
vn 0.70698756 0 -0.707226
vn -0 0 -1
vn -0.70698756 0 -0.707226
vn -0.70698756 0 -0.707226
vn -1 0 0
vn -0.70698756 0 -0.707226
vn -0.70698756 0 -0.707226
vn -1 0 0
vn -0.70698756 0 0.707226
vn -0.70698756 0 0.707226
vn -0 1 0
vn -0 1 0
vn -0 1 0
vn -0 1 0
vn -0 1 0
vn -0 1 0
vn -0 1 0
vn -0 1 0
vn 0.70698756 0 0.707226
vn -0 0 1
vn 0.70698756 0 0.707226
vn -0 0 1
vn -0.70698756 0 0.707226
vn -0.70698756 0 0.707226
vn 0.70698756 0 0.707226
vn 1 0 0
vn 0.70698756 0 0.707226
vn 1 0 0
vn 0.70698756 0 -0.707226
vn 0.70698756 0 -0.707226
vn -0 0 -1
vn 0.70698756 0 -0.707226
vn 0.70698756 0 -0.707226
vn -0 0 -1
vn -0.70698756 0 -0.707226
vn -0.70698756 0 -0.707226
vn -1 0 0
vn -0.70698756 0 -0.707226
vn -0.70698756 0 -0.707226
vn -1 0 0
vn -0.70698756 0 0.707226
vn -0.70698756 0 0.707226
vn 0.4621309 -0.38126272 0.8006708
vn 0.50010085 0 0.86596715
vn 1 0 0
vn 0.9244612 -0.38127616 0
vn 0.4621309 -0.38126272 -0.8006708
vn 0.50010085 0 -0.86596715
vn -0.4621309 -0.38126272 -0.8006708
vn 0.4621309 -0.38126272 -0.8006708
vn 0.50010085 0 -0.86596715
vn -0.50010085 0 -0.86596715
vn -0.92445946 -0.38128036 0
vn -0.4621309 -0.38126272 -0.8006708
vn -0.50010085 0 -0.86596715
vn -1 0 0
vn -0.4621309 -0.38126272 0.8006708
vn -0.50011873 0 0.86595684
vn 0.4621309 -0.38126272 0.8006708
vn -0.50011873 0 0.86595684
vn 0.50010085 0 0.86596715
vn -0.4621309 -0.38126272 0.8006708
vn -0.4621309 -0.38126272 -0.8006708
vn 0.9244612 -0.38127616 0
vn 0.4621309 -0.38126272 -0.8006708
vn -0.4621309 -0.38126272 0.8006708
vn -0.92445946 -0.38128036 0
vn 0.4621309 -0.38126272 0.8006708
vn -0 1 0
vn -0 1 0
vn -0 1 0
vn -0 1 0
vn -0 -1 0
vn -0 -1 0
vn -0 -1 0
vn -0 -1 0
vn -0 0 -1
vn -0 0 -1
vn -0 0 -1
vn -0 0 -1
vn -0 0 1
vn -0 0 1
vn -0 0 1
vn -0 0 1
vn 0.86595684 0 -0.50011873
vn -0 0 -1
vn 0.86595684 0 -0.50011873
vn -0 0 -1
vn -0.86595684 0 -0.50011873
vn -0.86595684 0 -0.50011873
vn 0.86595684 0 0.50011873
vn 0.86595684 0 -0.50011873
vn 0.86595684 0 0.50011873
vn 0.86595684 0 -0.50011873
vn -0 0 1
vn 0.86595684 0 0.50011873
vn 0.86595684 0 0.50011873
vn -0 0 1
vn -0.86595684 0 0.50011873
vn -0.86595684 0 0.50011873
vn -0.86595684 0 0.50011873
vn -0.86595684 0 -0.50011873
vn -0.86595684 0 0.50011873
vn -0.86595684 0 -0.50011873
vn -0 1 0
vn -0 1 0
vn -0 1 0
vn -0 1 0
vn -0 1 0
vn -0 1 0
vn -0.7838645 0.19091201 0.5908545
vn -0.8412443 0.33623073 0.42338747
vn 0.7274455 0.6488646 0.2231545
vn 0.79216766 0.34143513 0.50585806
vn 0.831478 0.1297098 0.5402032
vn -0.82417303 0.09403317 0.5584769
vn 0.6870774 0.72351044 -0.0667621
vn 0.7274455 0.6488646 0.2231545
vn -0.8412443 0.33623073 0.42338747
vn -0.89932936 0.33264697 0.28381804
vn -0.91017234 0.32805875 0.25291044
vn 0.6486715 0.7171434 -0.2548148
vn -0.90590924 0.32101175 0.27618834
vn 0.5964497 0.68304646 -0.4215394
vn 0.33547923 -0.93644285 0.102608204
vn 0.2941354 -0.95565385 -0.014496945
vn 0.47532395 -0.86481494 0.16174747
vn -0.8278267 0.44290635 0.34429199
vn 0.44091293 0.5358098 -0.720072
vn -0.63906497 0.6805503 0.35839522
vn -0.0043872297 0.1356226 -0.99075085
vn 0.7651465 -0.6277196 0.14324443
vn 0.6412515 -0.7534038 0.14553091
vn -0.5329131 -0.34580222 -0.7722853
vn -0.75212413 -0.53063065 -0.39082032
vn 0.8856841 -0.4493748 0.11673064
vn -0.7767568 -0.5598943 -0.28838706
vn 0.8982551 -0.42705026 0.10375853
vn -0.7675159 -0.55694497 -0.31738237
vn 0.9389966 -0.32472917 0.11329758
vn -0.6499835 -0.5971971 -0.46997562
vn 0.98241895 -0.10480788 0.15449387
vn -0.33209276 -0.53295076 -0.7782531
vn 0.9129445 0.14695993 0.38070348
vn -0.41061944 0.81360924 0.4116209
vn -0.18472762 0.955491 0.23002738
vn 0.6412515 -0.7534038 0.14553091
vn 0.7651465 -0.6277196 0.14324443
vn -0.39949098 0.86612004 0.300405
vn -0.63906497 0.6805503 0.35839522
vn -0.8278267 0.44290635 0.34429199
vn 0.47532395 -0.86481494 0.16174747
vn 0.8982551 -0.42705026 0.10375853
vn 0.9389966 -0.32472917 0.11329758
vn -0.18472762 0.955491 0.23002738
vn -0.15085892 0.97285897 0.17546171
vn 0.8856841 -0.4493748 0.11673064
vn -0.17939177 0.9611432 0.20981495
vn 0.7651465 -0.6277196 0.14324443
vn -0.39949098 0.86612004 0.300405
vn -0.7675159 -0.55694497 -0.31738237
vn -0.7767568 -0.5598943 -0.28838706
vn -0.75212413 -0.53063065 -0.39082032
vn -0.5329131 -0.34580222 -0.7722853
vn -0.63906497 0.6805503 0.35839522
vn -0.0043872297 0.1356226 -0.99075085
vn -0.6499835 -0.5971971 -0.46997562
vn -0.41061944 0.81360924 0.4116209
vn -0.653795 0.5050687 0.5634339
vn -0.33209276 -0.53295076 -0.7782531
vn -0.70888186 0.30355105 0.6366657
vn -0.121402316 -0.35295364 -0.9277312
vn 0.9129445 0.14695993 0.38070348
vn 0.79165715 0.2191577 0.57030594
vn 0.6412515 -0.7534038 0.14553091
vn 0.47532395 -0.86481494 0.16174747
vn 0.44091293 0.5358098 -0.720072
vn 0.5964497 0.68304646 -0.4215394
vn 0.33547923 -0.93644285 0.102608204
vn 0.6486715 0.7171434 -0.2548148
vn 0.2941354 -0.95565385 -0.014496945
vn 0.6870774 0.72351044 -0.0667621
vn 0.22830404 -0.9540325 -0.19416335
vn -0.91017234 0.32805875 0.25291044
vn -0.89932936 0.33264697 0.28381804
vn 0.16919766 -0.8545722 -0.49099752
vn 0.7274455 0.6488646 0.2231545
vn 0.10661994 -0.434872 -0.89415795
vn -0.8412443 0.33623073 0.42338747
vn 0.79216766 0.34143513 0.50585806
vn -0.7838645 0.19091201 0.5908545
vn 0.831478 0.1297098 0.5402032
vn -0.82417303 0.09403317 0.5584769
vn 0.017168866 -0.10186861 -0.9946497
vn 0.9129445 0.14695993 0.38070348
vn 0.79165715 0.2191577 0.57030594
vn -0.70888186 0.30355105 0.6366657
vn -0.653795 0.5050687 0.5634339
vn -0.41061944 0.81360924 0.4116209
vn 0.98241895 -0.10480788 0.15449387
vn -0.77790356 0.45614177 0.43220454
vn -0.7117111 0.2976447 0.6362978
vn -0.0022708003 -0.46927485 -0.8830492
vn -0.06457685 -0.71679467 -0.69428754
vn -0.7972465 0.57907 0.17051665
vn 0.80442584 0.3993042 0.43983546
vn 0.724502 0.31061497 0.6153171
vn 0.8688439 0.44422096 0.21858189
vn -0.080464326 -0.9356273 -0.34369594
vn 0.8832185 0.45289838 0.12168841
vn -0.7825089 0.62208277 0.026321452
vn -0.10708865 -0.98450506 -0.13885878
vn 0.88170457 0.47073835 -0.031662308
vn -0.17892554 -0.9632655 0.2002631
vn -0.71619314 0.66785955 -0.20256086
vn 0.91730106 0.3633536 -0.16288926
vn -0.71182096 0.55093646 -0.43563747
vn -0.22034475 -0.8111892 0.5416829
vn 0.9211863 0.30422488 -0.24261697
vn -0.7226009 0.41332355 -0.55408627
vn -0.19911891 -0.65133244 0.7322006
vn 0.92564136 0.2404226 -0.2922074
vn -0.7352359 0.30179054 -0.60691893
vn -0.18616527 -0.50484926 0.8428937
vn 0.92942584 0.20856827 -0.3044124
vn -0.18683204 -0.44223592 0.87722355
vn -0.7408804 0.2557736 -0.62102824
vn 0.80442584 0.3993042 0.43983546
vn 0.724502 0.31061497 0.6153171
vn -0.7117111 0.2976447 0.6362978
vn -0.77790356 0.45614177 0.43220454
vn -0.7972465 0.57907 0.17051665
vn 0.80442584 0.3993042 0.43983546
vn -0.77790356 0.45614177 0.43220454
vn 0.8688439 0.44422096 0.21858189
vn -0.7825089 0.62208277 0.026321452
vn 0.8832185 0.45289838 0.12168841
vn 0.88170457 0.47073835 -0.031662308
vn -0.71619314 0.66785955 -0.20256086
vn 0.91730106 0.3633536 -0.16288926
vn -0.71182096 0.55093646 -0.43563747
vn 0.9211863 0.30422488 -0.24261697
vn -0.7226009 0.41332355 -0.55408627
vn 0.9211863 0.30422488 -0.24261697
vn -0.7226009 0.41332355 -0.55408627
vn -0.7352359 0.30179054 -0.60691893
vn 0.92564136 0.2404226 -0.2922074
vn -0.7408804 0.2557736 -0.62102824
vn 0.92942584 0.20856827 -0.3044124
vn 0.7333419 0.6792087 0.029754722
vn 0.77558386 0.53930026 0.3280624
vn -0.82622623 0.3878587 0.40855336
vn -0.86296344 0.46033937 0.20828281
vn -0.9058563 0.41980594 0.056457322
vn 0.7245834 0.6585123 -0.20332342
vn -0.92054975 0.3889049 -0.036620762
vn 0.7007566 0.6175065 -0.35724777
vn -0.9354119 0.3219606 -0.14610296
vn 0.6704264 0.5551383 -0.4922906
vn -0.94074804 0.19378579 -0.27828097
vn 0.6509436 0.4554757 -0.60730094
vn -0.82305956 0.20151109 0.531005
vn -0.7942233 0.09565322 0.60004985
vn 0.038752757 -0.23930019 -0.97017205
vn 0.03749936 -0.46541888 -0.8842958
vn -0.82622623 0.3878587 0.40855336
vn 0.80077046 0.29735786 0.5199471
vn 0.7997965 0.17652458 0.57372874
vn 0.77558386 0.53930026 0.3280624
vn 0.09031549 -0.8005367 -0.5924391
vn -0.86296344 0.46033937 0.20828281
vn 0.7333419 0.6792087 0.029754722
vn 0.14295866 -0.9690177 -0.20141375
vn -0.9058563 0.41980594 0.056457322
vn 0.18492785 -0.9738999 0.13160808
vn 0.7245834 0.6585123 -0.20332342
vn -0.92054975 0.3889049 -0.036620762
vn 0.21753104 -0.9098921 0.35323757
vn 0.7007566 0.6175065 -0.35724777
vn -0.9354119 0.3219606 -0.14610296
vn 0.23474117 -0.78580827 0.57219046
vn 0.6704264 0.5551383 -0.4922906
vn -0.94074804 0.19378579 -0.27828097
vn 0.24354972 -0.57347614 0.7821819
vn 0.6509436 0.4554757 -0.60730094
vn -0.94957036 0.085925765 -0.30155078
vn 0.6911551 0.37470046 -0.617984
vn 0.25264558 -0.43276274 0.8653824
vn 0.6911551 0.37470046 -0.617984
vn 0.6509436 0.4554757 -0.60730094
vn -0.94074804 0.19378579 -0.27828097
vn -0.94957036 0.085925765 -0.30155078
vn 0.77558386 0.53930026 0.3280624
vn -0.82305956 0.20151109 0.531005
vn -0.82622623 0.3878587 0.40855336
vn 0.80077046 0.29735786 0.5199471
vn -0.7942233 0.09565322 0.60004985
vn 0.7997965 0.17652458 0.57372874
vn 1 0 0
vn 1 0 0
vn 1 0 0
vn 1 0 0
vn -0 0 1
vn -0 0 1
vn -0 0 1
vn -0 0 1
vn -0 -1 0
vn -0 -1 0
vn -0 -1 0
vn -0 -1 0
vn -0 -1 0
vn -0 -1 0
vn -0 -1 0
vn -0 -1 0
vn -0.20963332 0 0.9777801
vn -0.20963332 0 0.9777801
vn -0.20963332 0 0.9777801
vn -0.20963332 0 0.9777801
vn 0.20963332 0 0.9777801
vn 0.20963332 0 0.9777801
vn 0.20963332 0 0.9777801
vn 0.20963332 0 0.9777801
vn 1 0 0
vn 1 0 0
vn 1 0 0
vn 1 0 0
vn -0 1 0
vn -0 1 0
vn -0 1 0
vn -0 1 0
vn -0 1 0
vn -0 1 0
vn -0 1 0
vn -0 1 0
vn -1 0 0
vn -1 0 0
vn -1 0 0
vn -1 0 0
vn -1 0 0
vn -1 0 0
vn -1 0 0
vn -1 0 0
vn 0.7070114 0 0.70720214
vn 0.7070114 0 0.70720214
vn 0.3826101 0 0.92390996
vn 0.3826101 0 0.92390996
vn -0 0 1
vn -0 0 1
vn -0.38269147 0 0.92387617
vn -0.38269147 0 0.92387617
vn -0.7070114 0 0.70720214
vn -0.7070114 0 0.70720214
vn 0.7070114 0 0.70720214
vn 0.92390996 0 0.3826101
vn 0.7070114 0 0.70720214
vn 0.92390996 0 0.3826101
vn 1 0 0
vn 1 0 0
vn 0.92390996 0 -0.3826101
vn 0.92390996 0 -0.3826101
vn 0.7070114 0 -0.70720214
vn 0.7070114 0 -0.70720214
vn -0.7070114 0 -0.70720214
vn -0.7070114 0 -0.70720214
vn -0.92390996 0 -0.3826101
vn -0.92390996 0 -0.3826101
vn -1 0 0
vn -1 0 0
vn -0.92390996 0 0.3826101
vn -0.92390996 0 0.3826101
vn -0.7070114 0 0.70720214
vn -0.7070114 0 0.70720214
vn 0.7070114 0 -0.70720214
vn 0.7070114 0 -0.70720214
vn 0.3826101 0 -0.92390996
vn 0.3826101 0 -0.92390996
vn -0 0 -1
vn -0 0 -1
vn -0.38269147 0 -0.92387617
vn -0.38269147 0 -0.92387617
vn -0.7070114 0 -0.70720214
vn -0.7070114 0 -0.70720214
vn 0.83158046 0 -0.55540425
vn 0.7070114 0 -0.70720214
vn 0.83158046 0 -0.55540425
vn 0.7070114 0 -0.70720214
vn -0.7070114 0 -0.70720214
vn -0.55547017 0 -0.8315365
vn -0.7070114 0 -0.70720214
vn -0.55547017 0 -0.8315365
vn -0 -0.15445434 0.98799986
vn -0 -0.15445834 0.9879993
vn -0 -0.15445834 0.9879993
vn -0 -0.15445434 0.98799986
vn -0.8315511 0 0.5554483
vn -0.8315511 0 0.5554483
vn -0.92390996 0 0.3826101
vn -0.92390996 0 0.3826101
vn -1 0 0
vn -1 0 0
vn -0.92390996 0 -0.3826101
vn -0.92390996 0 -0.3826101
vn -0.7070114 0 -0.70720214
vn -0.7070114 0 -0.70720214
vn -0.96370083 0.26698473 0
vn -0.96368855 0.26702896 0
vn -0.96368855 0.26702896 0
vn -0.96370083 0.26698473 0
vn -0 0 -1
vn -0 0 -1
vn -0 0 -1
vn -0 0 -1
vn 0.83158046 0 0.55540425
vn 0.83158046 0 0.55540425
vn 0.83158046 0 0.55540425
vn 0.83158046 0 0.55540425
vn 0.55553603 0 -0.8314924
vn 0.7070114 0 -0.70720214
vn 0.55553603 0 -0.8314924
vn 0.7070114 0 -0.70720214
vn -1 0 0
vn -1 0 0
vn -1 0 0
vn -1 0 0
vn -0.66441303 0.3478942 -0.66145664
vn -0.52278227 0.3385401 -0.7823614
vn -0.6613721 0.34785217 -0.66451925
vn -0.5227737 0.3385823 -0.78234875
vn -0.7718155 0.37188858 0.51575166
vn -0.7718017 0.37192968 0.5157425
vn -0.85581464 0.37393016 0.3574318
vn -0.858092 0.37378216 0.35208666
vn -0.93105406 0.36486864 0.003051698
vn -0.9311015 0.36474422 -0.0034333353
vn -0.8623106 0.3556244 -0.36048815
vn -0.86448956 0.35571384 -0.3551416
vn -0.6613721 0.34785217 -0.66451925
vn -0.66441303 0.3478942 -0.66145664
vn -0 -0.15445834 -0.9879993
vn -0 -0.15445396 -0.988
vn -0 -0.15445396 -0.988
vn -0 -0.15445834 -0.9879993
vn 0.7718677 0.37182015 0.5157228
vn 0.7718677 0.37182015 0.5157228
vn 0.77184033 0.3719023 0.51570445
vn 0.77184033 0.3719023 0.51570445
vn -1 0 0
vn -1 0 0
vn -1 0 0
vn -1 0 0
vn 0.52278227 0.3385401 -0.7823614
vn 0.6644663 0.34787214 -0.6614148
vn 0.6613184 0.3478741 -0.66456115
vn 0.5227737 0.3385823 -0.78234875
vn -1 0 0
vn -1 0 0
vn -1 0 0
vn -1 0 0
vn 0.7802799 0.3453182 -0.52145815
vn 0.6613184 0.3478741 -0.66456115
vn 0.7802799 0.3453182 -0.52145815
vn 0.6644663 0.34787214 -0.6614148
vn 0.9879993 -0.15445834 0
vn 0.988 -0.1544536 0
vn 0.9879993 -0.15445834 0
vn 0.988 -0.1544536 0
vn 0.9607226 -0.27751032 0
vn 0.96072096 -0.2775162 0
vn 0.96072096 -0.2775162 0
vn 0.9607226 -0.27751032 0
vn -1 0 0
vn -1 0 0
vn -1 0 0
vn -1 0 0
vn 0.7070114 0 -0.70720214
vn 0.83158046 0 -0.55540425
vn 0.7070114 0 -0.70720214
vn 0.83158046 0 -0.55540425
vn -0 0.17654325 0.9842929
vn -0 0.17654325 0.9842929
vn -0 0.17654325 0.9842929
vn -0 0.17654325 0.9842929
vn -0.7070114 0 -0.70720214
vn -0.55547017 0 -0.8315365
vn -0.7070114 0 -0.70720214
vn -0.55547017 0 -0.8315365
vn 1 0 0
vn 1 0 0
vn 1 0 0
vn 1 0 0
vn -0.8315511 0 0.5554483
vn -0.8315511 0 0.5554483
vn -0.92390996 0 0.3826101
vn -0.92390996 0 0.3826101
vn -1 0 0
vn -1 0 0
vn -0.92390996 0 -0.3826101
vn -0.92390996 0 -0.3826101
vn -0.7070114 0 -0.70720214
vn -0.7070114 0 -0.70720214
vn 1 0 0
vn 1 0 0
vn 1 0 0
vn 1 0 0
vn 0.83158046 0 0.55540425
vn 0.83158046 0 0.55540425
vn 0.83158046 0 0.55540425
vn 0.83158046 0 0.55540425
vn 1 0 0
vn 1 0 0
vn 1 0 0
vn 1 0 0
vn 0.7718643 -0.3718304 0.51572055
vn 0.7718643 -0.3718304 0.51572055
vn 0.7718643 -0.3718304 0.51572055
vn 0.7718643 -0.3718304 0.51572055
vn -0.6545963 -0.3781632 -0.6545963
vn -0.65459305 -0.37817436 -0.65459305
vn -0.8552367 -0.37813562 -0.35437775
vn -0.8552363 -0.37813693 -0.35437757
vn -0.92573214 -0.37817976 0
vn -0.9257321 -0.37818006 0
vn -0.855236 -0.37813756 0.35437745
vn -0.8552367 -0.37813562 0.35437775
vn -0.77180535 -0.3719191 0.51574486
vn -0.7718017 -0.37192968 0.5157425
vn 0.5157691 -0.3720081 -0.77174616
vn 0.6545962 -0.37816355 -0.6545962
vn 0.51576906 -0.37200844 -0.77174616
vn 0.65459305 -0.37817436 -0.65459305
vn -1 0 0
vn -1 0 0
vn -1 0 0
vn -1 0 0
vn -0.98894334 0.14829382 0
vn -0.98894334 0.14829382 0
vn -0.98894334 0.14829382 0
vn -0.98894334 0.14829382 0
vn 0.55553603 0 -0.8314924
vn 0.7070114 0 -0.70720214
vn 0.55553603 0 -0.8314924
vn 0.7070114 0 -0.70720214
vn 0.7718643 -0.3718304 -0.51572055
vn 0.65459305 -0.37817436 -0.65459305
vn 0.6545962 -0.37816355 -0.6545962
vn 0.7718643 -0.3718304 -0.51572055
vn -0.6545963 -0.3781632 -0.6545963
vn -0.5157691 -0.3720081 -0.77174616
vn -0.51576906 -0.37200844 -0.77174616
vn -0.65459305 -0.37817436 -0.65459305
vn -0 0.119667836 -0.992814
vn -0 0.119667836 -0.992814
vn -0 0.119667836 -0.992814
vn -0 0.119667836 -0.992814
vn -0 0 -1
vn -0 0 -1
vn -0 0 -1
vn -0 0 -1
vn 1 0 0
vn 1 0 0
vn 1 0 0
vn 1 0 0
vn -0.8315511 0 0.5554483
vn -0.8315511 0 0.5554483
vn -0.92390996 0 0.3826101
vn -0.92390996 0 0.3826101
vn -1 0 0
vn -1 0 0
vn -0.92390996 0 -0.3826101
vn -0.92390996 0 -0.3826101
vn -0.7070114 0 -0.70720214
vn -0.7070114 0 -0.70720214
vn 0.96370757 0.26696017 0
vn 0.9636953 0.2670044 0
vn 0.9636953 0.2670044 0
vn 0.96370757 0.26696017 0
vn 0.83158046 0 0.55540425
vn 0.83158046 0 0.55540425
vn 0.83158046 0 0.55540425
vn 0.83158046 0 0.55540425
vn 1 0 0
vn 1 0 0
vn 1 0 0
vn 1 0 0
vn 0.55553603 0 -0.8314924
vn 0.7070114 0 -0.70720214
vn 0.55553603 0 -0.8314924
vn 0.7070114 0 -0.70720214
vn -0 0 -1
vn -0 0 -1
vn -0 0 -1
vn -0 0 -1
vn -0.9607228 -0.27750963 0
vn -0.96072096 -0.2775162 0
vn -0.96072096 -0.2775162 0
vn -0.9607228 -0.27750963 0
vn 0.83158046 0 -0.55540425
vn 0.7070114 0 -0.70720214
vn 0.83158046 0 -0.55540425
vn 0.7070114 0 -0.70720214
vn -0.7070114 0 -0.70720214
vn -0.7070114 0 -0.70720214
vn -0.55547017 0 -0.8315365
vn -0.55547017 0 -0.8315365
vn -0.38269147 0 0.92387617
vn -0.7070114 0 0.70720214
vn -0.7070114 0 0.70720214
vn -0.38269147 0 0.92387617
vn -0 0 1
vn -0 0 1
vn 0.3826101 0 0.92390996
vn 0.3826101 0 0.92390996
vn 0.7070114 0 0.70720214
vn 0.7070114 0 0.70720214
vn 0.92390996 0 -0.3826101
vn 0.7070114 0 -0.70720214
vn 0.7070114 0 -0.70720214
vn 0.92390996 0 -0.3826101
vn 1 0 0
vn 1 0 0
vn 0.92390996 0 0.3826101
vn 0.92390996 0 0.3826101
vn 0.7070114 0 0.70720214
vn 0.7070114 0 0.70720214
vn -0.7070114 0 -0.70720214
vn -0.38269147 0 -0.92387617
vn -0.7070114 0 -0.70720214
vn -0.38269147 0 -0.92387617
vn -0 0 -1
vn -0 0 -1
vn 0.3826101 0 -0.92390996
vn 0.3826101 0 -0.92390996
vn 0.7070114 0 -0.70720214
vn 0.7070114 0 -0.70720214
vn -0.7070114 0 0.70720214
vn -0.7070114 0 0.70720214
vn -0.92390996 0 0.3826101
vn -0.92390996 0 0.3826101
vn -1 0 0
vn -1 0 0
vn -0.92390996 0 -0.3826101
vn -0.92390996 0 -0.3826101
vn -0.7070114 0 -0.70720214
vn -0.7070114 0 -0.70720214
vn 0.9808147 0 0.19494216
vn 1 0 0
vn 0.9808147 0 0.19494216
vn 1 0 0
vn 0.9808147 0 -0.19494216
vn 0.9808147 0 -0.19494216
vn 0.8832483 0.4688979 0.0026701526
vn 0.8678609 0.4657838 0.17280923
vn 0.8678801 0.4657464 0.17281304
vn 0.8833264 0.4687486 -0.0030518728
vn 0.8720035 0.4576969 -0.1735615
vn 0.87198436 0.45773458 -0.17355771
vn 1 0 0
vn 1 0 0
vn 1 0 0
vn 1 0 0
vn 0.9808147 0 0.19494216
vn 1 0 0
vn 0.9808147 0 0.19494216
vn 1 0 0
vn 0.9808147 0 -0.19494216
vn 0.9808147 0 -0.19494216
vn 0.8771766 -0.48016787 0
vn 0.86404234 -0.473108 0.17204551
vn 0.864045 -0.47310278 0.17204605
vn 0.87717694 -0.48016727 0
vn 0.86404246 -0.47310776 -0.17204554
vn 0.864045 -0.47310278 -0.17204605
vn 0.9808147 0 0.19494216
vn 1 0 0
vn 0.9808147 0 0.19494216
vn 1 0 0
vn 0.9808147 0 -0.19494216
vn 0.9808147 0 -0.19494216
vn -0 0 1
vn -0 0 1
vn -0 0 1
vn -0 0 1
vn -0 0 1
vn -0 0 1
vn -0 0 1
vn -0 0 1
vn -0.38269147 0 0.92387617
vn -0.55547017 0 0.8315365
vn -0.55547017 0 0.8315365
vn -0.38269147 0 0.92387617
vn -0 0 1
vn -0 0 1
vn 0.3826101 0 0.92390996
vn 0.3826101 0 0.92390996
vn 0.55553603 0 0.8314924
vn 0.55553603 0 0.8314924
vn 0.3179782 0.5275157 0.78779244
vn 0.47853288 0.5077617 0.7163689
vn 0.4785213 0.50779706 0.7163515
vn 0.33398336 0.52620023 0.78202844
vn -0 0.53837425 0.8427059
vn -0 0.53840804 0.8426842
vn -0.3340681 0.5261834 0.7820035
vn -0.3179782 0.5275157 0.78779244
vn -0.47853288 0.5077617 0.7163689
vn -0.4785213 0.50779706 0.7163515
vn -0 0 1
vn -0 0 1
vn -0 0 1
vn -0 0 1
vn -0.55547017 0 0.8315365
vn -0.38269147 0 0.92387617
vn -0.55547017 0 0.8315365
vn -0.38269147 0 0.92387617
vn -0 0 1
vn -0 0 1
vn 0.3826101 0 0.92390996
vn 0.3826101 0 0.92390996
vn 0.55553603 0 0.8314924
vn 0.55553603 0 0.8314924
vn -0.32035157 -0.52094084 0.79119873
vn -0.48028597 -0.5027703 0.7187122
vn -0.4802862 -0.50276977 0.71871257
vn -0.33465752 -0.5200293 0.78585863
vn -0 -0.5305903 0.8476284
vn -0 -0.53059167 0.8476276
vn 0.33456776 -0.5200671 0.7858718
vn 0.32026204 -0.52097416 0.7912131
vn 0.48028576 -0.50277084 0.71871203
vn 0.4802862 -0.50276977 0.71871257
vn 0.55553603 0 0.8314924
vn 0.55553603 0 0.8314924
vn 0.3826101 0 0.92390996
vn 0.3826101 0 0.92390996
vn -0 0 1
vn -0 0 1
vn -0.38269147 0 0.92387617
vn -0.38269147 0 0.92387617
vn -0.55547017 0 0.8315365
vn -0.55547017 0 0.8315365
vn -0.19512565 0 -0.9807782
vn -0 0 -1
vn -0.19512565 0 -0.9807782
vn -0 0 -1
vn 0.19512565 0 -0.9807782
vn 0.19512565 0 -0.9807782
vn -0.17510301 0.44133392 -0.8800928
vn -0.17510667 0.44129556 -0.8801113
vn -0 0.44835773 -0.8938542
vn -0 0.44835773 -0.8938542
vn 0.17510301 0.44133392 -0.8800928
vn 0.17510667 0.44129556 -0.8801113
vn 0.19512565 0 -0.9807782
vn 0.19512565 0 -0.9807782
vn -0 0 -1
vn -0 0 -1
vn -0.19512565 0 -0.9807782
vn -0.19512565 0 -0.9807782
vn -0 -0.48038578 -0.87705725
vn -0.17185706 -0.47315535 -0.86405385
vn -0.17185731 -0.47315305 -0.8640551
vn -0 -0.48039377 -0.87705284
vn 0.17185739 -0.47315246 -0.86405545
vn 0.17185706 -0.47315535 -0.86405385
vn -0.19512565 0 -0.9807782
vn -0 0 -1
vn -0.19512565 0 -0.9807782
vn -0 0 -1
vn 0.19512565 0 -0.9807782
vn 0.19512565 0 -0.9807782
vn 0.98894334 0.14829382 0
vn 0.98894334 0.14829382 0
vn 0.98894334 0.14829382 0
vn 0.98894334 0.14829382 0
vn -0.9879993 -0.15445834 0
vn -0.9880001 -0.15445286 0
vn -0.9880001 -0.15445286 0
vn -0.9879993 -0.15445834 0
vn -1 0 0
vn -1 0 0
vn -1 0 0
vn -1 0 0
vn 0.7070114 0 0.70720214
vn 1 0 0
vn 0.7070114 0 0.70720214
vn 1 0 0
vn 0.7070114 0 -0.70720214
vn 0.7070114 0 -0.70720214
vn -0.7070114 0 -0.70720214
vn -0.7070114 0 -0.70720214
vn -1 0 0
vn -1 0 0
vn -0.7070114 0 0.70720214
vn -0.7070114 0 0.70720214
vn 0.7070114 0 -0.70720214
vn 0.7070114 0 -0.70720214
vn -0 0 -1
vn -0 0 -1
vn -0.7070114 0 -0.70720214
vn -0.7070114 0 -0.70720214
vn -0 0 1
vn 0.7070114 0 0.70720214
vn 0.7070114 0 0.70720214
vn -0 0 1
vn -0.7070114 0 0.70720214
vn -0.7070114 0 0.70720214
vn -0.7070114 0 0.70720214
vn -0.38269147 0 0.92387617
vn -0.7070114 0 0.70720214
vn -0.38269147 0 0.92387617
vn -0 0 1
vn -0 0 1
vn 0.3826101 0 0.92390996
vn 0.3826101 0 0.92390996
vn 0.7070114 0 0.70720214
vn 0.7070114 0 0.70720214
vn 0.7070114 0 -0.70720214
vn 0.92390996 0 -0.3826101
vn 0.7070114 0 -0.70720214
vn 0.92390996 0 -0.3826101
vn 1 0 0
vn 1 0 0
vn 0.92390996 0 0.3826101
vn 0.92390996 0 0.3826101
vn 0.7070114 0 0.70720214
vn 0.7070114 0 0.70720214
vn -0.7070114 0 -0.70720214
vn -0.38269147 0 -0.92387617
vn -0.7070114 0 -0.70720214
vn -0.38269147 0 -0.92387617
vn -0 0 -1
vn -0 0 -1
vn 0.3826101 0 -0.92390996
vn 0.3826101 0 -0.92390996
vn 0.7070114 0 -0.70720214
vn 0.7070114 0 -0.70720214
vn -0.7070114 0 0.70720214
vn -0.7070114 0 0.70720214
vn -0.92390996 0 0.3826101
vn -0.92390996 0 0.3826101
vn -1 0 0
vn -1 0 0
vn -0.92390996 0 -0.3826101
vn -0.92390996 0 -0.3826101
vn -0.7070114 0 -0.70720214
vn -0.7070114 0 -0.70720214
vn 0.35777628 0.3544388 -0.8639267
vn 0.6611543 0.35461217 -0.6611543
vn 0.6611543 0.35461217 -0.6611543
vn 0.35777628 0.3544388 -0.8639267
vn -0 0.35459098 -0.9350215
vn -0 0.35459098 -0.9350215
vn -0.35777628 0.3544388 -0.8639267
vn -0.3576931 0.35445088 -0.86395615
vn -0.66120803 0.35458982 -0.66111267
vn -0.66120803 0.35458982 -0.66111267
vn -0.8638491 0.3545806 -0.35782313
vn -0.66120803 0.35458982 -0.66111267
vn -0.66120803 0.35458982 -0.66111267
vn -0.8638491 0.3545806 -0.35782313
vn -0.9350215 0.35459098 0
vn -0.9350215 0.35459098 0
vn -0.8638491 0.3545806 0.35782313
vn -0.8638491 0.3545806 0.35782313
vn -0.66120803 0.35458982 0.66111267
vn -0.66120803 0.35458982 0.66111267
vn 0.8638491 0.3545806 0.35782313
vn 0.6611543 0.35461217 0.6611543
vn 0.6611543 0.35461217 0.6611543
vn 0.8638491 0.3545806 0.35782313
vn 0.9350215 0.35459098 0
vn 0.9350215 0.35459098 0
vn 0.8638491 0.3545806 -0.35782313
vn 0.8638491 0.3545806 -0.35782313
vn 0.6611543 0.35461217 -0.6611543
vn 0.6611543 0.35461217 -0.6611543
vn 0.35777628 0.3544388 0.8639267
vn 0.6611543 0.35461217 0.6611543
vn 0.6611543 0.35461217 0.6611543
vn 0.35777628 0.3544388 0.8639267
vn -0 0.35459098 0.9350215
vn -0 0.35459098 0.9350215
vn -0.35777628 0.3544388 0.8639267
vn -0.3576931 0.35445088 0.86395615
vn -0.66120803 0.35458982 0.66111267
vn -0.66120803 0.35458982 0.66111267
vn -0 1 0
vn -0 1 0
vn -0 1 0
vn -0 1 0
vn -0 1 0
vn -0 1 0
vn -0 1 0
vn -0 1 0
vn -0 1 0
vn -0 1 0
vn -0 1 0
vn -0 1 0
vn -0 1 0
vn -0 1 0
vn -0 1 0
vn -0 1 0
vn 0.92390996 0 -0.3826101
vn 0.7070114 0 -0.70720214
vn 0.7070114 0 -0.70720214
vn 0.92390996 0 -0.3826101
vn 1 0 0
vn 1 0 0
vn 0.92390996 0 0.3826101
vn 0.92390996 0 0.3826101
vn 0.7070114 0 0.70720214
vn 0.7070114 0 0.70720214
vn -0.7070114 0 -0.70720214
vn -0.7070114 0 -0.70720214
vn -0.38269147 0 -0.92387617
vn -0.38269147 0 -0.92387617
vn -0 0 -1
vn -0 0 -1
vn 0.3826101 0 -0.92390996
vn 0.3826101 0 -0.92390996
vn 0.7070114 0 -0.70720214
vn 0.7070114 0 -0.70720214
vn -0.7070114 0 0.70720214
vn -0.7070114 0 0.70720214
vn -0.92390996 0 0.3826101
vn -0.92390996 0 0.3826101
vn -1 0 0
vn -1 0 0
vn -0.92390996 0 -0.3826101
vn -0.92390996 0 -0.3826101
vn -0.7070114 0 -0.70720214
vn -0.7070114 0 -0.70720214
vn 0.7070114 0 0.70720214
vn 0.7070114 0 0.70720214
vn 0.3826101 0 0.92390996
vn 0.3826101 0 0.92390996
vn -0 0 1
vn -0 0 1
vn -0.38269147 0 0.92387617
vn -0.38269147 0 0.92387617
vn -0.7070114 0 0.70720214
vn -0.7070114 0 0.70720214
vn 0.7070114 0 -0.70720214
vn 0.7070114 0 -0.70720214
vn 0.3826101 0 -0.92390996
vn 0.3826101 0 -0.92390996
vn -0 0 -1
vn -0 0 -1
vn -0.38269147 0 -0.92387617
vn -0.38269147 0 -0.92387617
vn -0.7070114 0 -0.70720214
vn -0.7070114 0 -0.70720214
vn -0.38269147 0 0.92387617
vn -0.7070114 0 0.70720214
vn -0.7070114 0 0.70720214
vn -0.38269147 0 0.92387617
vn -0 0 1
vn -0 0 1
vn 0.3826101 0 0.92390996
vn 0.3826101 0 0.92390996
vn 0.7070114 0 0.70720214
vn 0.7070114 0 0.70720214
vn 0.92390996 0 -0.3826101
vn 0.7070114 0 -0.70720214
vn 0.7070114 0 -0.70720214
vn 0.92390996 0 -0.3826101
vn 1 0 0
vn 1 0 0
vn 0.92390996 0 0.3826101
vn 0.92390996 0 0.3826101
vn 0.7070114 0 0.70720214
vn 0.7070114 0 0.70720214
vn -0.7070114 0 0.70720214
vn -0.7070114 0 0.70720214
vn -0.92390996 0 0.3826101
vn -0.92390996 0 0.3826101
vn -1 0 0
vn -1 0 0
vn -0.92390996 0 -0.3826101
vn -0.92390996 0 -0.3826101
vn -0.7070114 0 -0.70720214
vn -0.7070114 0 -0.70720214
vn 0.55553603 0 -0.8314924
vn 0.55553603 0 -0.8314924
vn 0.3826101 0 -0.92390996
vn 0.3826101 0 -0.92390996
vn -0 0 -1
vn -0 0 -1
vn -0.38269147 0 -0.92387617
vn -0.38269147 0 -0.92387617
vn -0.7070114 0 -0.70720214
vn -0.7070114 0 -0.70720214
vn -0.7070114 0 0.70720214
vn -0.38269147 0 0.92387617
vn -0.7070114 0 0.70720214
vn -0.38269147 0 0.92387617
vn -0 0 1
vn -0 0 1
vn 0.3826101 0 0.92390996
vn 0.3826101 0 0.92390996
vn 0.55553603 0 0.8314924
vn 0.55553603 0 0.8314924
vn -0.7070114 0 0.70720214
vn -0.7070114 0 0.70720214
vn -0.92390996 0 0.3826101
vn -0.92390996 0 0.3826101
vn -1 0 0
vn -1 0 0
vn -0.92390996 0 -0.3826101
vn -0.92390996 0 -0.3826101
vn -0.7070114 0 -0.70720214
vn -0.7070114 0 -0.70720214
vn -0 1 0
vn -0 1 0
vn -0 1 0
vn -0 1 0
vn -0 1 0
vn -0 1 0
vn -0 1 0
vn -0 1 0
vn -0 1 0
vn -0 1 0
vn 0.47280034 -0.8521468 -0.22428931
vn 0.4615919 -0.8318191 -0.30823657
vn 0.4615919 -0.8318191 -0.30823657
vn 0.4776327 -0.8604637 -0.17739554
vn 0.48525423 -0.87437314 0
vn 0.48525423 -0.87437314 0
vn 0.4776327 -0.8604637 0.17739554
vn 0.47280034 -0.8521468 0.22428931
vn 0.4615919 -0.8318191 0.30823657
vn 0.4615919 -0.8318191 0.30823657
vn 0.83158046 0 -0.55540425
vn 0.92390996 0 -0.3826101
vn 0.83158046 0 -0.55540425
vn 0.92390996 0 -0.3826101
vn 1 0 0
vn 1 0 0
vn 0.92390996 0 0.3826101
vn 0.92390996 0 0.3826101
vn 0.83158046 0 0.55540425
vn 0.83158046 0 0.55540425
vn -0 0 -1
vn -0 0 -1
vn -0 0 -1
vn -0 0 -1
vn -0 0 1
vn -0 0 1
vn -0 0 1
vn -0 0 1
vn -0.7070114 0 0.70720214
vn -0.7070114 0 0.70720214
vn -0.92390996 0 0.3826101
vn -0.92390996 0 0.3826101
vn -1 0 0
vn -1 0 0
vn -0.92390996 0 -0.3826101
vn -0.92390996 0 -0.3826101
vn -0.7070114 0 -0.70720214
vn -0.7070114 0 -0.70720214
vn 0.38269147 0 0.92387617
vn 0.7070114 0 0.70720214
vn 0.7070114 0 0.70720214
vn 0.38269147 0 0.92387617
vn -0 0 1
vn -0 0 1
vn -0.3826101 0 0.92390996
vn -0.3826101 0 0.92390996
vn -0.7070114 0 0.70720214
vn -0.7070114 0 0.70720214
vn 0.7070114 0 -0.70720214
vn 0.92390996 0 -0.3826101
vn 0.7070114 0 -0.70720214
vn 0.92390996 0 -0.3826101
vn 1 0 0
vn 1 0 0
vn 0.92390996 0 0.3826101
vn 0.92390996 0 0.3826101
vn 0.7070114 0 0.70720214
vn 0.7070114 0 0.70720214
vn -0.7070114 0 -0.70720214
vn -0.7070114 0 -0.70720214
vn -0.3826101 0 -0.92390996
vn -0.3826101 0 -0.92390996
vn -0 0 -1
vn -0 0 -1
vn 0.38269147 0 -0.92387617
vn 0.38269147 0 -0.92387617
vn 0.7070114 0 -0.70720214
vn 0.7070114 0 -0.70720214
vn 0.8219009 -0.45682356 0.3402811
vn 0.62896484 -0.4568221 0.6290602
vn 0.62896484 -0.4568221 0.6290602
vn 0.8219009 -0.45682356 0.3402811
vn 0.8895691 -0.4568006 0
vn 0.8895691 -0.4568006 0
vn 0.8219009 -0.45682356 -0.3402811
vn 0.8219009 -0.45682356 -0.3402811
vn 0.62896484 -0.4568221 -0.6290602
vn 0.62896484 -0.4568221 -0.6290602
vn 0.62896484 -0.4568221 -0.6290602
vn 0.34050307 -0.4568655 -0.82178557
vn 0.62896484 -0.4568221 -0.6290602
vn 0.34050307 -0.4568655 -0.82178557
vn -0 -0.4568006 -0.8895691
vn -0 -0.4568006 -0.8895691
vn -0.34050307 -0.4568655 -0.82178557
vn -0.34050307 -0.4568655 -0.82178557
vn -0.6290225 -0.45679465 -0.6290225
vn -0.6290225 -0.45679465 -0.6290225
vn -0.6290225 -0.45679465 -0.6290225
vn -0.6290225 -0.45679465 -0.6290225
vn -0.8219009 -0.45682356 -0.3402811
vn -0.8219009 -0.45682356 -0.3402811
vn -0.8895691 -0.4568006 0
vn -0.8895691 -0.4568006 0
vn -0.8219009 -0.45682356 0.3402811
vn -0.8219009 -0.45682356 0.3402811
vn -0.6290225 -0.45679465 0.6290225
vn -0.6290225 -0.45679465 0.6290225
vn -0.34050307 -0.4568655 0.82178557
vn -0.6290225 -0.45679465 0.6290225
vn -0.6290225 -0.45679465 0.6290225
vn -0.34050307 -0.4568655 0.82178557
vn -0 -0.4568006 0.8895691
vn -0 -0.4568006 0.8895691
vn 0.34050307 -0.4568655 0.82178557
vn 0.34050307 -0.4568655 0.82178557
vn 0.62896484 -0.4568221 0.6290602
vn 0.62896484 -0.4568221 0.6290602
vn -0 -1 0
vn -0 -1 0
vn -0 -1 0
vn -0 -1 0
vn -0 -1 0
vn -0 -1 0
vn -0 -1 0
vn -0 -1 0
vn -0 -1 0
vn -0 -1 0
vn -0 -1 0
vn -0 -1 0
vn -0 -1 0
vn -0 -1 0
vn -0 -1 0
vn -0 -1 0
vn -0 -1 0
vn -0 -1 0
vn -0 -1 0
vn -0 -1 0
vn -0 -1 0
vn -0 -1 0
vn -0 -1 0
vn -0 -1 0
vn -0 -1 0
vn -0 -1 0
vn -0 -1 0
vn -0 -1 0
vn -0 -1 0
vn -0 -1 0
vn -0 -1 0
vn -0 -1 0
vn -0 -1 0
vn -0 -1 0
vn -0 -1 0
vn -0 -1 0
vn -0 -1 0
vn -0 -1 0
vn -0 -1 0
vn -0 -1 0
vn -0 -1 0
vn -0 -1 0
vn -0 -1 0
vn -0 -1 0
vn -0 -1 0
vn -0 -1 0
vn -0 -1 0
vn -0 -1 0
vn 0.27371857 0.870177 -0.4097195
vn 0.27371857 0.870177 -0.4097195
vn 0.32330582 0.86996925 -0.37232623
vn 0.22032163 0.87003195 -0.44102475
vn 0.3505802 0.86843944 -0.3505802
vn 0.18977553 0.8683899 -0.45813146
vn 0.458148 0.86842126 -0.18959165
vn -0 0.86838394 -0.49589247
vn 0.4677129 0.8699994 -0.15603147
vn -0.034717444 0.87003446 -0.4917669
vn 0.49191153 0.8699529 -0.034714192
vn 0.49589247 0.86838394 0
vn 0.4831828 0.87022495 -0.096140586
vn 0.4831828 0.87022495 -0.096140586
vn 0.458148 0.86842126 0.18959165
vn 0.44119686 0.86999524 0.22012156
vn 0.37234923 0.87002295 0.32313502
vn 0.3505802 0.86843944 0.3505802
vn 0.40969807 0.8701316 0.273895
vn 0.40969807 0.8701316 0.273895
vn 0.18977553 0.8683899 0.45813146
vn 0.15621756 0.8699735 0.46769896
vn 0.034717444 0.87003446 0.4917669
vn -0 0.86838394 0.49589247
vn 0.096131735 0.8701448 0.483329
vn 0.096131735 0.8701448 0.483329
vn -0.18977553 0.8683899 0.45813146
vn -0.22032163 0.87003195 0.44102475
vn -0.32330582 0.86996925 0.37232623
vn -0.3506638 0.86841035 0.35056844
vn -0.458148 0.86842126 0.18959165
vn -0.27371857 0.870177 0.4097195
vn -0.27371857 0.870177 0.4097195
vn -0.4677129 0.8699994 0.15603147
vn -0.49191153 0.8699529 0.034714192
vn -0.49589247 0.86838394 0
vn -0.4832558 0.87018484 0.09613615
vn -0.4832558 0.87018484 0.09613615
vn -0.458148 0.86842126 -0.18959165
vn -0.44119686 0.86999524 -0.22012156
vn -0.37234923 0.87002295 -0.32313502
vn -0.3506638 0.86841035 -0.35056844
vn -0.40969807 0.8701316 -0.273895
vn -0.40969807 0.8701316 -0.273895
vn -0.15621756 0.8699735 -0.46769896
vn -0.18977553 0.8683899 -0.45813146
vn -0.096131735 0.8701448 -0.483329
vn -0.096131735 0.8701448 -0.483329
vn -0.19512565 0 -0.9807782
vn -0.19512565 0 -0.9807782
vn -0.19512565 0 -0.9807782
vn -0.19512565 0 -0.9807782
vn 0.83158046 0 -0.55540425
vn 0.83158046 0 -0.55540425
vn 0.83158046 0 -0.55540425
vn 0.83158046 0 -0.55540425
vn -0.8315511 0 -0.5554483
vn -0.8315511 0 -0.5554483
vn -0.8315511 0 -0.5554483
vn -0.8315511 0 -0.5554483
vn -0.55553603 0 0.8314924
vn -0.55553603 0 0.8314924
vn -0.55553603 0 0.8314924
vn -0.55553603 0 0.8314924
vn 0.9808147 0 -0.19494216
vn 0.9808147 0 -0.19494216
vn 0.9808147 0 -0.19494216
vn 0.9808147 0 -0.19494216
vn -0.8315511 0 0.5554483
vn -0.8315511 0 0.5554483
vn -0.8315511 0 0.5554483
vn -0.8315511 0 0.5554483
vn 0.8315511 0 0.5554483
vn 0.8315511 0 0.5554483
vn 0.8315511 0 0.5554483
vn 0.8315511 0 0.5554483
vn -0.9808184 0 0.19492395
vn -0.9808184 0 0.19492395
vn -0.9808184 0 0.19492395
vn -0.9808184 0 0.19492395
vn -0.9808184 0 0.19492395
vn -0.9808184 0 0.19492395
vn -0.9808184 0 0.19492395
vn -0.9808184 0 0.19492395
vn -0.8315511 0 -0.5554483
vn -0.8315511 0 -0.5554483
vn -0.8315511 0 -0.5554483
vn -0.8315511 0 -0.5554483
vn 0.19512565 0 0.9807782
vn 0.19512565 0 0.9807782
vn 0.19512565 0 0.9807782
vn 0.19512565 0 0.9807782
vn 0.83158046 0 0.55540425
vn 0.83158046 0 0.55540425
vn 0.83158046 0 0.55540425
vn 0.83158046 0 0.55540425
vn -0.55547017 0 0.8315365
vn -0.55547017 0 0.8315365
vn -0.55547017 0 0.8315365
vn -0.55547017 0 0.8315365
vn -0.19512565 0 -0.9807782
vn -0.19512565 0 -0.9807782
vn -0.19512565 0 -0.9807782
vn -0.19512565 0 -0.9807782
vn 0.19512565 0 -0.9807782
vn 0.19512565 0 -0.9807782
vn 0.19512565 0 -0.9807782
vn 0.19512565 0 -0.9807782
vn -0.9808147 0 0.19494216
vn -0.9808147 0 0.19494216
vn -0.9808147 0 0.19494216
vn -0.9808147 0 0.19494216
vn 0.19512565 0 0.9807782
vn 0.19512565 0 0.9807782
vn 0.19512565 0 0.9807782
vn 0.19512565 0 0.9807782
vn -0.19512565 0 -0.9807782
vn -0.19512565 0 -0.9807782
vn -0.19512565 0 -0.9807782
vn -0.19512565 0 -0.9807782
vn -0.55547017 0 -0.8315365
vn -0.55547017 0 -0.8315365
vn -0.55547017 0 -0.8315365
vn -0.55547017 0 -0.8315365
vn 0.55553603 0 -0.8314924
vn 0.55553603 0 -0.8314924
vn 0.55553603 0 -0.8314924
vn 0.55553603 0 -0.8314924
vn -0.9808184 0 -0.19492395
vn -0.9808184 0 -0.19492395
vn -0.9808184 0 -0.19492395
vn -0.9808184 0 -0.19492395
vn 0.9808147 0 -0.19494216
vn 0.9808147 0 -0.19494216
vn 0.9808147 0 -0.19494216
vn 0.9808147 0 -0.19494216
vn -0.55547017 0 0.8315365
vn -0.55547017 0 0.8315365
vn -0.55547017 0 0.8315365
vn -0.55547017 0 0.8315365
vn 0.19512565 0 0.9807782
vn 0.19512565 0 0.9807782
vn 0.19512565 0 0.9807782
vn 0.19512565 0 0.9807782
vn 0.9808147 0 -0.19494216
vn 0.9808147 0 -0.19494216
vn 0.9808147 0 -0.19494216
vn 0.9808147 0 -0.19494216
vn 0.9808147 0 0.19494216
vn 0.9808147 0 0.19494216
vn 0.9808147 0 0.19494216
vn 0.9808147 0 0.19494216
vn 0.55547017 0 -0.8315365
vn 0.55547017 0 -0.8315365
vn 0.55547017 0 -0.8315365
vn 0.55547017 0 -0.8315365
vn 0.55553603 0 0.8314924
vn 0.55553603 0 0.8314924
vn 0.55553603 0 0.8314924
vn 0.55553603 0 0.8314924
vn -0.83158046 0 -0.55540425
vn -0.83158046 0 -0.55540425
vn -0.83158046 0 -0.55540425
vn -0.83158046 0 -0.55540425
vn -0.19512565 0 0.9807782
vn -0.19512565 0 0.9807782
vn -0.19512565 0 0.9807782
vn -0.19512565 0 0.9807782
vn 0.55553603 0 -0.8314924
vn 0.55553603 0 -0.8314924
vn 0.55553603 0 -0.8314924
vn 0.55553603 0 -0.8314924
vn 0.83158046 0 0.55540425
vn 0.83158046 0 0.55540425
vn 0.83158046 0 0.55540425
vn 0.83158046 0 0.55540425
vn 0.9999999 0.00038146094 -0.00038146094
vn 1 0 0
vn 1 0 0
vn 1 0 -0.000381461
vn 1 0 0
vn 1 0 0
vn 1 0 0.000381461
vn 0.9999999 -0.00019073047 0.00038146094
vn 1 0 0
vn 1 0 0
vn 1 0 0
vn 0.9999999 -0.00019073047 0.00038146094
vn 1 0 0
vn 1 0 0.000381461
vn 1 0 0
vn 1 0 0
vn 1 0 -0.000381461
vn 0.9999999 0.00028609572 -0.00038146094
vn 1 0 0
vn 1 0 0
vn 0.9999999 0.00038146094 -0.00038146094
vn 1 0 0
vn 1 0 0
vn 1 0 -0.000381461
vn 1 0 0
vn 1 0 0
vn 1 0 0.000381461
vn 0.9999999 -0.00019073047 0.00038146094
vn 1 0 0
vn 1 0 0
vn 0.10682758 -0.23998052 0.964882
vn 0.10682758 -0.23998052 0.964882
vn -0 -0.24127883 0.9704559
vn -0 -0.24136865 0.97043353
vn -0.10682758 -0.23998052 0.964882
vn -0.10682758 -0.23998052 0.964882
vn -1 0 0
vn -1 0 0
vn -1 0 0
vn -1 0 0
vn -1 0 0
vn -1 0 0
vn 1 0 0
vn 1 0 0
vn 1 0 0
vn 1 0 0
vn 1 0 0
vn 1 0 0
vn -0 1 0
vn -0 1 0
vn -0 1 0
vn -0 1 0
vn -0 0.11999522 -0.9927745
vn -0 0.11999522 -0.9927745
vn -0 0.11999522 -0.9927745
vn -0 0.11999522 -0.9927745
vn -0 1 0
vn -0 1 0
vn -0 1 0
vn -0 1 0
vn -0 1 0
vn -0 1 0
vn -0 1 0
vn -0 1 0
vn -0 1 0
vn -1 0 0
vn -1 0 0
vn -1 0 0
vn -1 0 0
vn 1 0 0
vn 1 0 0
vn 1 0 0
vn 1 0 0
vn -0 1 0
vn -0 1 0
vn -0 1 0
vn -0 1 0
vn -0 0.11999522 -0.9927745
vn -0 0.11999522 -0.9927745
vn -0 0.11999522 -0.9927745
vn -0 0.11999522 -0.9927745
vn -0.4037964 -0.5890048 0.70001554
vn 0.28614742 -0.51907134 0.80540955
vn 0.4037964 -0.5890048 0.70001554
vn -0.28614742 -0.51907134 0.80540955
vn -0.6843977 -0.18006451 0.70652425
vn -0.28614742 -0.51907134 0.80540955
vn -0.4037964 -0.5890048 0.70001554
vn -0.40190038 -0.22603321 0.8873472
vn 0.28614742 -0.51907134 0.80540955
vn 0.40190038 -0.22603321 0.8873472
vn 0.4037964 -0.5890048 0.70001554
vn 0.6843977 -0.18006451 0.70652425
vn 0.7069399 -0.70727366 0
vn 0.7069399 -0.70727366 0
vn 0.3826508 -0.92389303 0
vn 0.3826508 -0.92389303 0
vn -0 -1 0
vn -0 -1 0
vn -0.3826508 -0.92389303 0
vn -0.3826508 -0.92389303 0
vn -0.7069399 -0.70727366 0
vn -0.7069399 -0.70727366 0
vn -0.70710677 0.70710677 0
vn -0.70710677 0.70710677 0
vn -0.382688 0.9238776 0
vn -0.382688 0.9238776 0
vn -0 1 0
vn -0 1 0
vn 0.382688 0.9238776 0
vn 0.382688 0.9238776 0
vn 0.70710677 0.70710677 0
vn 0.70710677 0.70710677 0
vn 0.70710677 -0.70710677 0
vn 0.70710677 -0.70710677 0
vn 0.382688 -0.9238776 0
vn 0.382688 -0.9238776 0
vn -0 -1 0
vn -0 -1 0
vn -0.382688 -0.9238776 0
vn -0.382688 -0.9238776 0
vn -0.70710677 -0.70710677 0
vn -0.70710677 -0.70710677 0
vn -0.70710677 0.70710677 0
vn -0.9238776 0.382688 0
vn -0.70710677 0.70710677 0
vn -0.9238776 0.382688 0
vn -1 0 0
vn -1 0 0
vn -0.9238776 -0.382688 0
vn -0.9238776 -0.382688 0
vn -0.70710677 -0.70710677 0
vn -0.70710677 -0.70710677 0
vn 0.70710677 -0.70710677 0
vn 0.9238776 -0.382688 0
vn 0.70710677 -0.70710677 0
vn 0.9238776 -0.382688 0
vn 1 0 0
vn 1 0 0
vn 0.9238776 0.382688 0
vn 0.9238776 0.382688 0
vn 0.70710677 0.70710677 0
vn 0.70710677 0.70710677 0
vn 0.99164164 0.1289382 0.0046730563
vn 0.99164164 0.1289382 0.0046730563
vn 0.9916414 0.12893817 0.0047207396
vn 0.9916414 0.12893817 0.0047207396
vn -0.13056262 0.7404588 -0.6592983
vn -0.1673954 0.9492416 -0.26630652
vn -0.1673954 0.9492416 -0.26630652
vn -0.13056262 0.7404588 -0.6592983
vn -0.022029448 0.12473818 -0.9919451
vn -0.13056262 0.7404588 -0.6592983
vn -0.13056262 0.7404588 -0.6592983
vn -0.022029448 0.12473818 -0.9919451
vn 0.024319215 -0.1377135 -0.99017346
vn 0.024319215 -0.1377135 -0.99017346
vn 0.9882917 0.11291493 0.102615245
vn 0.99418086 0.0873544 0.06303631
vn 0.99418086 0.0873544 0.06303631
vn 0.9867666 0.16174313 -0.011444089
vn 0.9846635 0.171279 0.03318769
vn 0.9757264 0.17776893 -0.12789065
vn 0.9757264 0.17776893 -0.12789065
vn 0.96616256 0.25749075 -0.015115662
vn 0.96616256 0.25749075 -0.015115662
vn 0.9661618 0.25749055 -0.015163331
vn 0.96616256 0.25749075 -0.015115662
vn 0.9661618 0.25749055 -0.015163331
vn 0.9661618 0.25749055 -0.015163331
vn 0.9661618 0.25749055 -0.015163331
vn 0.995961 0.08850443 0.015116328
vn 0.9959604 0.08850438 0.015164006
vn 0.995961 0.08850443 0.015116328
vn 0.995961 0.08850443 0.015116328
vn 0.995961 0.08850443 0.015116328
vn 0.995961 0.08850443 0.015116328
vn 0.9959604 0.08850438 0.015164006
vn 0.98400384 0.17814684 0.00028610308
vn 0.98400384 0.17814684 0.00023841922
vn 0.98400384 0.17814684 0.00028610308
vn 0.98400384 0.17814684 0.00023841922
vn -0.024985889 0.43563187 -0.8997781
vn -0.024985889 0.43563187 -0.8997781
vn 0.018024098 -0.031661373 -0.99933606
vn 0.018024098 -0.031661373 -0.99933606
vn 0.05693313 -0.4920854 -0.8686832
vn 0.05693313 -0.4920854 -0.8686832
vn -0.08182661 0.826277 0.55728877
vn -0.08965294 0.9873269 0.13095053
vn -0.08965294 0.9873269 0.13095053
vn -0.08182661 0.826277 0.55728877
vn -0.05703252 0.49364603 0.86779076
vn -0.05703252 0.49364603 0.86779076
vn -0.08182661 0.826277 0.55728877
vn -0.08182661 0.826277 0.55728877
vn 0.055693775 -0.7415664 0.6685637
vn 0.055692 -0.74154276 0.6685901
vn 0.055692 -0.74154276 0.6685901
vn 0.055693775 -0.7415664 0.6685637
vn -0.041866206 0.30898976 0.9501435
vn -0.041866206 0.30898976 0.9501435
vn -0.041866206 0.30898976 0.9501435
vn -0.041866206 0.30898976 0.9501435
vn 0.08593639 -0.9885069 0.124374084
vn 0.085935876 -0.9885011 0.124421045
vn 0.085935876 -0.9885011 0.124421045
vn 0.08593639 -0.9885069 0.124374084
vn -0.995961 -0.08850443 -0.015116328
vn -0.9959604 -0.08850438 -0.015164006
vn -0.995961 -0.08850443 -0.015116328
vn -0.995961 -0.08850443 -0.015116328
vn -0.995961 -0.08850443 -0.015116328
vn -0.995961 -0.08850443 -0.015116328
vn -0.9959604 -0.08850438 -0.015164006
vn -0.2571644 0.9573343 -0.13182418
vn -0.23488873 0.9025526 0.36086842
vn -0.23488873 0.9025526 0.36086842
vn -0.2571644 0.9573343 -0.13182418
vn -0.1547779 0.6255964 0.764639
vn -0.23488873 0.9025526 0.36086842
vn -0.23488873 0.9025526 0.36086842
vn -0.1547779 0.6255964 0.764639
vn 0.2503086 -0.9501237 -0.1860389
vn 0.25428113 -0.9408212 0.2240459
vn 0.25428113 -0.9408212 0.2240459
vn 0.2503086 -0.9501237 -0.1860389
vn 0.2042674 -0.79952276 -0.56483454
vn 0.2042674 -0.79952276 -0.56483454
vn 0.23764685 -0.8659042 0.44015208
vn 0.23764183 -0.86588603 0.44019052
vn 0.23764183 -0.86588603 0.44019052
vn 0.23764685 -0.8659042 0.44015208
vn 0.1641288 -0.65880406 -0.73419267
vn 0.1641288 -0.65880406 -0.73419267
vn 0.05197447 -0.25176626 -0.96639144
vn 0.05197447 -0.25176626 -0.96639144
vn -0.072098784 0.21324454 -0.97433496
vn -0.072098784 0.21324454 -0.97433496
vn -0.9661618 -0.25749055 0.015163331
vn -0.96616256 -0.25749075 0.015115662
vn -0.96616256 -0.25749075 0.015115662
vn -0.96616256 -0.25749075 0.015115662
vn -0.9661618 -0.25749055 0.015163331
vn -0.9661618 -0.25749055 0.015163331
vn -0.9661618 -0.25749055 0.015163331
vn -0.15142882 0.8589867 0.48909223
vn -0.17363772 0.9848053 -0.002908265
vn -0.15142882 0.8589867 0.48909223
vn -0.17363772 0.9848053 -0.002908265
vn -0.15142882 0.8589867 0.48909223
vn -0.15142882 0.8589867 0.48909223
vn -0.09012229 0.5107884 0.85496974
vn -0.09012229 0.5107884 0.85496974
vn -0.061131973 0.34676418 0.93595815
vn -0.061131973 0.34676418 0.93595815
vn -0.061131973 0.34676418 0.93595815
vn -0.061131973 0.34676418 0.93595815
vn 0.99555796 0.08087299 -0.048209075
vn 0.99555796 0.08087299 -0.048209075
vn 0.99101347 0.13198255 -0.021742791
vn 0.990921 0.13274585 -0.02131372
vn 0.98482287 0.17356229 0
vn 0.98482287 0.17356229 0
vn 0.98482287 0.17356229 0
vn 0.98482287 0.17356229 0
vn 0.98482287 0.17356229 0
vn -0.01602209 0.09117332 -0.99570614
vn -0.01602209 0.09117332 -0.99570614
vn -0.01602209 0.09117332 -0.99570614
vn -0.01602209 0.09117332 -0.99570614
vn 0.15240622 -0.86408025 -0.47972667
vn 0.15240622 -0.86408025 -0.47972667
vn 0.17350644 -0.98399806 -0.04053889
vn 0.17350644 -0.98399806 -0.04053889
vn 0.17252505 -0.9785003 -0.11301393
vn 0.17252505 -0.9785003 -0.11301393
vn 0.08620869 -0.4890245 -0.86799943
vn 0.08620869 -0.4890245 -0.86799943
vn 0.08620869 -0.4890245 -0.86799943
vn 0.08620869 -0.4890245 -0.86799943
vn -0.003433134 0.019454427 -0.9998049
vn -0.003433134 0.019454427 -0.9998049
vn -0.97597855 -0.21781659 0.004672948
vn -0.9759783 -0.21781652 0.0047206297
vn -0.9759783 -0.21781652 0.0047206297
vn -0.97597855 -0.21781659 0.004672948
vn -0.9641165 -0.25788614 0.06304096
vn -0.9641165 -0.25788614 0.06304096
vn -0.9673044 -0.2319318 0.10261457
vn -0.9825271 -0.18576752 -0.011443583
vn -0.9838546 -0.17586543 0.033189353
vn -0.97767967 -0.1666976 -0.12788416
vn -0.97767967 -0.1666976 -0.12788416
vn -0.9959604 -0.08850438 -0.015164006
vn -0.995961 -0.08850443 -0.015116328
vn -0.995961 -0.08850443 -0.015116328
vn -0.9959615 -0.08850024 -0.015115612
vn -0.9959608 -0.08850018 -0.015163285
vn -0.9959604 -0.08850438 -0.015164006
vn -0.9959604 -0.08850438 -0.015164006
vn -0.96616256 -0.25749075 0.015115662
vn -0.9661618 -0.25749055 0.015163331
vn -0.96616256 -0.25749075 0.015115662
vn -0.96616256 -0.25749075 0.015115662
vn -0.96616256 -0.25749075 0.015115662
vn -0.96616256 -0.25749075 0.015115662
vn -0.9661618 -0.25749055 0.015163331
vn -0.9856177 -0.16899027 0.00028610096
vn -0.9856177 -0.16899027 0.00028610096
vn -0.9856177 -0.16899027 0.00023841743
vn -0.9856177 -0.16899027 0.00023841743
vn -0.0060082525 -0.036240254 -0.99932504
vn -0.12550326 0.41808987 -0.89969426
vn -0.12550326 0.41808987 -0.89969426
vn -0.0060082525 -0.036240254 -0.99932504
vn 0.11482023 -0.48178717 -0.8687332
vn 0.11482023 -0.48178717 -0.8687332
vn -0.2533494 0.9584752 0.13091786
vn -0.20569985 0.8044895 0.5572111
vn -0.20569985 0.8044895 0.5572111
vn -0.2533494 0.9584752 0.13091786
vn -0.11520244 0.48331624 0.8678329
vn -0.11520244 0.48331624 0.8678329
vn -0.20569985 0.8044895 0.5572111
vn -0.20569985 0.8044895 0.5572111
vn 0.20123158 -0.7156596 0.6688327
vn 0.20123158 -0.7156596 0.6688327
vn 0.20123158 -0.7156596 0.6688327
vn 0.20123158 -0.7156596 0.6688327
vn -0.06627806 0.30478373 0.9501127
vn -0.06627806 0.30478373 0.9501127
vn -0.066281065 0.3047975 0.950108
vn -0.066281065 0.3047975 0.950108
vn 0.25740117 -0.95826864 0.124361284
vn 0.25740117 -0.95826864 0.124361284
vn 0.25739968 -0.95826304 0.12440827
vn 0.25739968 -0.95826304 0.12440827
vn 0.96616256 0.25749075 -0.015115662
vn 0.96616256 0.25749075 -0.015115662
vn 0.9661618 0.25749055 -0.015163331
vn 0.96616256 0.25749075 -0.015115662
vn 0.96616256 0.25749075 -0.015115662
vn 0.96616256 0.25749075 -0.015115662
vn 0.9661618 0.25749055 -0.015163331
vn -0.08792585 0.92846656 0.36085844
vn -0.08792585 0.92846656 0.36085844
vn -0.08572944 0.9875574 -0.13183644
vn -0.08572944 0.9875574 -0.13183644
vn -0.08792585 0.92846656 0.36085844
vn -0.08792585 0.92846656 0.36085844
vn -0.06856528 0.64083266 0.76461256
vn -0.06856528 0.64083266 0.76461256
vn 0.082860865 -0.9710645 0.2239818
vn 0.089737356 -0.9784328 -0.18605478
vn 0.082860865 -0.9710645 0.2239818
vn 0.089737356 -0.9784328 -0.18605478
vn 0.08153304 -0.82124275 -0.5647236
vn 0.08153304 -0.82124275 -0.5647236
vn 0.072766036 -0.89493644 0.4402202
vn 0.072766036 -0.89493644 0.4402202
vn 0.072766036 -0.89493644 0.4402202
vn 0.072766036 -0.89493644 0.4402202
vn 0.07114454 -0.6752056 -0.7341907
vn 0.07114454 -0.6752056 -0.7341907
vn 0.037289064 -0.25444302 -0.9663686
vn 0.037289064 -0.25444302 -0.9663686
vn -0.005149883 0.22506896 -0.9743292
vn -0.005197566 0.22506891 -0.974329
vn 0.9959604 0.08850438 0.015164006
vn 0.9959604 0.08850438 0.015164006
vn 0.9959604 0.08850438 0.015164006
vn 0.9959604 0.08850438 0.015164006
vn 0.995961 0.08850443 0.015116328
vn 0.995961 0.08850443 0.015116328
vn 0.995961 0.08850443 0.015116328
vn 0.14677785 -0.8324088 0.53437054
vn 0.14677785 -0.8324088 0.53437054
vn 0.14677785 -0.8324088 0.53437054
vn 0.14677785 -0.8324088 0.53437054
vn 0.14382261 -0.81563056 0.5604122
vn 0.106236756 -0.60232615 0.79114914
vn 0.14382261 -0.81563056 0.5604122
vn 0.106236756 -0.60232615 0.79114914
vn 0.106236756 -0.60232615 0.79114914
vn 0.106236756 -0.60232615 0.79114914
vn 0.054072287 -0.30669573 0.9502704
vn 0.054072287 -0.30669573 0.9502704
vn 0.15240273 -0.8640605 -0.47976336
vn 0.15240273 -0.8640605 -0.47976336
vn 0.15240273 -0.8640605 -0.47976336
vn 0.15240273 -0.8640605 -0.47976336
vn -0.04653948 0.263978 -0.9634053
vn -0.04653948 0.263978 -0.9634053
vn -0.04653948 0.263978 -0.9634053
vn -0.04653948 0.263978 -0.9634053
vn -0.04653948 0.263978 -0.9634053
vn -0.04653948 0.263978 -0.9634053
vn -0.9631142 -0.2647396 -0.048208162
vn -0.9631142 -0.2647396 -0.048208162
vn -0.9764251 -0.21475819 -0.021742838
vn -0.9765984 -0.21401237 -0.021315403
vn -0.98482287 -0.17356229 0
vn -0.98482287 -0.17356229 0
vn -0.98482287 -0.17356229 0
vn -0.98482287 -0.17356229 0
vn -0.98482287 -0.17356229 0
vn -0.14239335 0.8076269 0.57224387
vn -0.14239335 0.8076269 0.57224387
vn -0.14238945 0.8076048 0.57227594
vn -0.14238945 0.8076048 0.57227594
vn -0.00038146027 0.0019073015 0.9999981
vn -0.00038146027 0.0019073015 0.9999981
vn -0.00038146027 0.0019073015 0.9999981
vn -0.00038146027 0.0019073015 0.9999981
vn -0.16413328 0.93081975 -0.32654986
vn -0.16413328 0.93081975 -0.32654986
vn -0.16413328 0.93081975 -0.32654986
vn -0.16413328 0.93081975 -0.32654986
vn -0.13083552 0.7419099 0.6576106
vn -0.13083552 0.7419099 0.6576106
vn -0.13083552 0.7419099 0.6576106
vn -0.13083552 0.7419099 0.6576106
vn 0.11520279 -0.6534516 0.7481506
vn 0.112819344 -0.64658934 0.75444955
vn 0.11511065 -0.6462219 0.75441825
vn 0.11520279 -0.6534516 0.7481506
vn 0.11757629 -0.6594953 0.7424566
vn 0.11510122 -0.6599009 0.7424839
vn -0.53641015 -0.025556961 0.8435705
vn 0.51284176 0.15944055 0.8435473
vn 0.11511065 -0.6462219 0.75441825
vn 0.112819344 -0.64658934 0.75444955
vn 0.94550073 -0.3177737 0.071050845
vn -0.779939 -0.62181497 0.07100325
vn 0.9871466 -0.0049590985 0.15974018
vn 0.11510122 -0.6599009 0.7424839
vn 0.51284176 0.15944055 0.8435473
vn 0.11520279 -0.6534516 0.7481506
vn 0.112819344 -0.64658934 0.75444955
vn 0.94550073 -0.3177737 0.071050845
vn 0.98850495 -0.006103649 0.15106529
vn 0.9905335 0.017929934 0.13609582
vn 0.9905335 0.017929934 0.13609582
vn -0.9259524 -0.3421894 0.15974562
vn -0.53641015 -0.025556961 0.8435705
vn 0.11757629 -0.6594953 0.7424566
vn 0.11520279 -0.6534516 0.7481506
vn 0.11511065 -0.6462219 0.75441825
vn -0.779939 -0.62181497 0.07100325
vn -0.9267037 -0.3440925 0.15106499
vn -0.93691725 -0.3219699 0.13609332
vn -0.93691725 -0.3219699 0.13609332
vn -0.1729897 0.98110145 -0.086685576
vn -0.11273751 0.6394181 -0.76054895
vn -0.11273751 0.6394181 -0.76054895
vn -0.1729897 0.98110145 -0.086685576
vn -0.1729897 0.98110145 -0.086685576
vn -0.17146188 0.97269803 -0.15639457
vn -0.1729897 0.98110145 -0.086685576
vn -0.17146188 0.97269803 -0.15639457
vn -0.06485147 0.36774603 -0.9276622
vn -0.17146188 0.97269803 -0.15639457
vn -0.17146188 0.97269803 -0.15639457
vn -0.06485147 0.36774603 -0.9276622
vn -0.042917367 0.24338917 -0.96897876
vn -0.042917367 0.24338917 -0.96897876
vn -0.09861053 0.5592381 -0.8231213
vn -0.09861053 0.5592381 -0.8231213
vn 0.906328 0.4225748 0
vn 0.64087903 0.29888615 0.7070651
vn 0.64087903 0.29888615 0.7070651
vn 0.906328 0.4225748 0
vn 0.64087903 0.29888615 -0.7070651
vn 0.64087903 0.29888615 -0.7070651
vn 0.64087903 0.29888615 0.7070651
vn 0.64087903 0.29888615 0.7070651
vn -0 0 1
vn -0 0 1
vn -0.64087903 -0.29888615 0.7070651
vn -0.64087903 -0.29888615 0.7070651
vn -0.906328 -0.4225748 0
vn -0.64087903 -0.29888615 0.7070651
vn -0.64087903 -0.29888615 0.7070651
vn -0.906328 -0.4225748 0
vn -0.64087903 -0.29888615 -0.7070651
vn -0.64087903 -0.29888615 -0.7070651
vn -0.64087903 -0.29888615 -0.7070651
vn -0.64087903 -0.29888615 -0.7070651
vn -0 0 -1
vn -0 0 -1
vn 0.64087903 0.29888615 -0.7070651
vn 0.64087903 0.29888615 -0.7070651
vn 0.13560407 -0.76937664 0.62423646
vn 0.13560407 -0.76937664 0.62423646
vn 0.14439693 -0.81182736 0.5657613
vn 0.14210285 -0.8121798 0.56583637
vn 0.05559886 -0.31165877 -0.9485661
vn 0.1617477 -0.8640531 -0.47670746
vn -0.14935303 0.8331724 -0.53246355
vn -0.11702322 0.6557878 -0.7458204
vn -0.12388553 0.69162273 -0.71155494
vn -0.12255064 0.6920058 -0.7114136
vn 0.98666126 0.16250442 -0.009584327
vn 0.9863355 0.16442105 -0.010395529
vn 0.98750246 0.15754265 -0.004386781
vn 0.9862621 0.16517171 -0.0022887536
vn 0.9862621 0.16517171 -0.0022887536
vn -0.9818518 -0.18959899 -0.0043870993
vn -0.98186296 -0.18958274 -0.0018595891
vn -0.98276156 -0.18463138 -0.009536744
vn -0.983304 -0.1819556 -0.0022887494
vn -0.983304 -0.1819556 -0.0022887494
vn 0.42263225 -0.9063013 0
vn -0.13654469 -0.86204106 0.48809898
vn 0.30579773 -0.65575093 0.6902741
vn -0.3197733 -0.94749415 0
vn -0.13654469 -0.86204106 -0.48809898
vn 0.30579773 -0.65575093 -0.6902741
vn 0.42263225 -0.9063013 0
vn 0.7481604 -0.44946846 0.4880924
vn 0.9313553 -0.3641117 0
vn 0.7481604 -0.44946846 -0.4880924
vn 0.11163013 -0.63306344 0.7660087
vn 0.11163013 -0.63306344 0.7660087
vn 0.0388607 -0.22048083 0.9746168
vn 0.0388607 -0.22048083 0.9746168
vn -0.042393707 0.24034226 0.96976197
vn -0.042393707 0.24034226 0.96976197
vn -0.1736655 0.98477215 -0.00801093
vn -0.17364238 0.98477614 -0.008010962
vn -0.17364238 0.98477614 -0.008010962
vn -0.1736655 0.98477215 -0.00801093
vn -0.9848215 -0.17357044 0
vn -0.98480517 -0.17366293 0
vn -0.98480517 -0.17366293 0
vn -0.9848215 -0.17357044 0
vn 0.052450716 -0.2975386 -0.95326793
vn 0.052450716 -0.2975386 -0.95326793
vn 0.052474495 -0.29753825 -0.95326674
vn 0.052450716 -0.2975386 -0.95326793
vn 0.9848215 0.17357044 0
vn 0.9848215 0.17357044 0
vn 0.98480517 0.17366293 0
vn 0.98480517 0.17366293 0
vn -0.14024292 0.79529804 -0.5897738
vn -0.14024292 0.79529804 -0.5897738
vn -0.16575268 0.93996453 -0.29831666
vn -0.16575268 0.93996453 -0.29831666
vn -0.17359641 0.9844998 0.02498682
vn -0.17361955 0.98449576 0.02498672
vn 0.16593963 -0.94089675 0.29525807
vn 0.16589324 -0.9409042 0.29526043
vn 0.16589324 -0.9409042 0.29526043
vn 0.16593963 -0.94089675 0.29525807
vn -0.012159379 0.06895083 -0.9975459
vn -0.012159379 0.06895083 -0.9975459
vn -0.066137575 0.37517697 -0.9245908
vn -0.066185035 0.3751757 -0.92458785
vn -0.11339003 0.64314747 -0.75730044
vn -0.11339003 0.64314747 -0.75730044
vn 0.004315597 -0.02441531 0.99969256
vn 0.004315597 -0.02441531 0.99969256
vn 0.004291754 -0.024415314 0.9996927
vn 0.004291754 -0.024415314 0.9996927
vn 0.095884085 -0.5439312 -0.8336337
vn 0.09593132 -0.5439287 -0.83362985
vn 0.09593895 -0.5439719 -0.83360076
vn 0.09589171 -0.54397434 -0.8336046
vn 0.0041964413 -0.023843417 0.9997068
vn 0.0041964413 -0.023843417 0.9997068
vn 0.0041964413 -0.023843417 0.9997068
vn 0.0041964413 -0.023843417 0.9997068
vn -0.98480517 -0.17366293 0
vn -0.98480517 -0.17366293 0
vn -0.98480517 -0.17366293 0
vn -0.98480517 -0.17366293 0
vn -0.98480517 -0.17366293 0
vn -0.9848215 -0.17357044 0
vn -0.9848215 -0.17357044 0
vn -0.9848215 -0.17357044 0
vn -0.9848215 -0.17357044 0
vn 0.13309117 -0.7548667 0.6422328
vn 0.13311458 -0.75486434 0.64223075
vn 0.13311458 -0.75486434 0.64223075
vn 0.13309117 -0.7548667 0.6422328
vn 0.98480517 0.17366293 0
vn 0.98480517 0.17366293 0
vn 0.98480517 0.17366293 0
vn 0.98480517 0.17366293 0
vn 0.98480517 0.17366293 0
vn 0.98482287 0.17356229 0
vn 0.98482287 0.17356229 0
vn 0.98482287 0.17356229 0
vn 0.98482287 0.17356229 0
vn 0.0041964413 -0.023843417 0.9997068
vn 0.0041964413 -0.023843417 0.9997068
vn 0.0041964413 -0.023843417 0.9997068
vn 0.0041964413 -0.023843417 0.9997068
vn 0.98480517 0.17366293 0
vn 0.9848215 0.17357044 0
vn 0.9848215 0.17357044 0
vn 0.98480517 0.17366293 0
vn -0.98480517 -0.17366293 0
vn -0.98480517 -0.17366293 0
vn -0.9848215 -0.17357044 0
vn -0.9848215 -0.17357044 0
vn -0.14419602 0.8180644 0.5567568
vn -0.1442427 0.8180588 0.556753
vn -0.1442427 0.8180588 0.556753
vn -0.1442427 0.8180588 0.556753
vn -0.9848215 -0.17357044 0
vn -0.9848215 -0.17357044 0
vn -0.9848215 -0.17357044 0
vn -0.9848215 -0.17357044 0
vn 0.98482287 0.17356229 0
vn 0.9848215 0.17357044 0
vn 0.9848215 0.17357044 0
vn 0.98482287 0.17356229 0
vn 0.1442427 -0.8180588 -0.556753
vn 0.1442427 -0.8180588 -0.556753
vn 0.14419602 -0.8180644 -0.5567568
vn 0.1442427 -0.8180588 -0.556753
vn -0.062181473 0.35267958 -0.9336759
vn -0.062180117 0.3524812 -0.9337508
vn -0.16559973 0.93914557 -0.30096906
vn -0.16559973 0.93914557 -0.30096906
vn -0.16972108 0.9764565 0.1331445
vn -0.17041215 0.9766991 0.13045542
vn -0.0107763205 0.059126716 -0.99819237
vn -0.11091164 -0.004959076 -0.99381787
vn -0.062180117 0.3524812 -0.9337508
vn -0.062181473 0.35267958 -0.9336759
vn -0.9830035 -0.18347873 -0.0062939688
vn -0.98296595 -0.18368025 -0.0062943394
vn -0.98296595 -0.18368025 -0.0062943394
vn -0.98296595 -0.18368025 -0.0062943394
vn 0.9864978 0.16365333 -0.00629436
vn 0.9864978 0.16365333 -0.00629436
vn 0.9864978 0.16365333 -0.00629436
vn 0.9864978 0.16365333 -0.00629436
vn -0.98394704 -0.1783359 -0.0066756764
vn -0.98394704 -0.1783359 -0.0066756764
vn -0.9839807 -0.17814265 -0.0068663126
vn -0.9822598 -0.18729691 -0.009250407
vn -0.98351717 -0.18043387 -0.01173011
vn 0.13590673 -0.7708056 0.62240505
vn 0.13590673 -0.7708056 0.62240505
vn 0.13589479 -0.7709288 0.6222551
vn 0.13589479 -0.7709288 0.6222551
vn 0.016593695 -0.09403095 0.99543095
vn 0.016593695 -0.09403095 0.99543095
vn 0.016593695 -0.09403095 0.99543095
vn 0.016593695 -0.09403095 0.99543095
vn -0.11191878 0.6346038 0.7646909
vn -0.11187168 0.6346072 0.7646949
vn -0.11187168 0.6346072 0.7646949
vn -0.11191878 0.6346038 0.7646909
vn 0.9855945 0.1689863 -0.006866261
vn 0.9870388 0.160215 -0.009250509
vn 0.98709816 0.15984315 -0.009346437
vn 0.9855945 0.1689863 -0.006866261
vn 0.9855945 0.1689863 -0.006866261
vn -0.13388714 0.75945675 -0.6366314
vn -0.13390653 0.759376 -0.6367237
vn -0.13390653 0.759376 -0.6367237
vn -0.13388714 0.75945675 -0.6366314
vn 0.1617477 -0.8640531 -0.47670746
vn 0.05559886 -0.31165877 -0.9485661
vn -0.12255064 0.6920058 -0.7114136
vn -0.12388553 0.69162273 -0.71155494
vn -0.99164164 0.1289382 0.0046730563
vn -0.9916414 0.12893817 0.0047207396
vn -0.9916414 0.12893817 0.0047207396
vn -0.99164164 0.1289382 0.0046730563
vn 0.1673954 0.9492416 -0.26630652
vn 0.1673954 0.9492416 -0.26630652
vn 0.13056262 0.7404588 -0.6592983
vn 0.13056262 0.7404588 -0.6592983
vn 0.13056262 0.7404588 -0.6592983
vn 0.13056262 0.7404588 -0.6592983
vn 0.022029448 0.12473818 -0.9919451
vn 0.022029448 0.12473818 -0.9919451
vn -0.024319215 -0.1377135 -0.99017346
vn -0.024319215 -0.1377135 -0.99017346
vn -0.99418086 0.0873544 0.06303631
vn -0.99418086 0.0873544 0.06303631
vn -0.9882917 0.11291493 0.102615245
vn -0.9867666 0.16174313 -0.011444089
vn -0.9846635 0.171279 0.03318769
vn -0.9757264 0.17776893 -0.12789065
vn -0.9757264 0.17776893 -0.12789065
vn -0.9661618 0.25749055 -0.015163331
vn -0.96616256 0.25749075 -0.015115662
vn -0.96616256 0.25749075 -0.015115662
vn -0.96616256 0.25749075 -0.015115662
vn -0.9661618 0.25749055 -0.015163331
vn -0.9661618 0.25749055 -0.015163331
vn -0.9661618 0.25749055 -0.015163331
vn -0.995961 0.08850443 0.015116328
vn -0.9959604 0.08850438 0.015164006
vn -0.995961 0.08850443 0.015116328
vn -0.995961 0.08850443 0.015116328
vn -0.995961 0.08850443 0.015116328
vn -0.995961 0.08850443 0.015116328
vn -0.9959604 0.08850438 0.015164006
vn -0.98400384 0.17814684 0.00028610308
vn -0.98400384 0.17814684 0.00028610308
vn -0.98400384 0.17814684 0.00023841922
vn -0.98400384 0.17814684 0.00023841922
vn 0.024985889 0.43563187 -0.8997781
vn -0.018024098 -0.031661373 -0.99933606
vn 0.024985889 0.43563187 -0.8997781
vn -0.018024098 -0.031661373 -0.99933606
vn -0.05693313 -0.4920854 -0.8686832
vn -0.05693313 -0.4920854 -0.8686832
vn 0.08182661 0.826277 0.55728877
vn 0.08182661 0.826277 0.55728877
vn 0.08965294 0.9873269 0.13095053
vn 0.08965294 0.9873269 0.13095053
vn 0.08182661 0.826277 0.55728877
vn 0.08182661 0.826277 0.55728877
vn 0.05703252 0.49364603 0.86779076
vn 0.05703252 0.49364603 0.86779076
vn -0.055692 -0.74154276 0.6685901
vn -0.055692 -0.74154276 0.6685901
vn -0.055693775 -0.7415664 0.6685637
vn -0.055693775 -0.7415664 0.6685637
vn 0.041866206 0.30898976 0.9501435
vn 0.041866206 0.30898976 0.9501435
vn 0.041866206 0.30898976 0.9501435
vn 0.041866206 0.30898976 0.9501435
vn -0.08593639 -0.9885069 0.124374084
vn -0.08593639 -0.9885069 0.124374084
vn -0.085935876 -0.9885011 0.124421045
vn -0.085935876 -0.9885011 0.124421045
vn 0.995961 -0.08850443 -0.015116328
vn 0.9959604 -0.08850438 -0.015164006
vn 0.995961 -0.08850443 -0.015116328
vn 0.995961 -0.08850443 -0.015116328
vn 0.995961 -0.08850443 -0.015116328
vn 0.995961 -0.08850443 -0.015116328
vn 0.9959604 -0.08850438 -0.015164006
vn 0.23488873 0.9025526 0.36086842
vn 0.23488873 0.9025526 0.36086842
vn 0.2571644 0.9573343 -0.13182418
vn 0.2571644 0.9573343 -0.13182418
vn 0.23488873 0.9025526 0.36086842
vn 0.23488873 0.9025526 0.36086842
vn 0.1547779 0.6255964 0.764639
vn 0.1547779 0.6255964 0.764639
vn -0.25428113 -0.9408212 0.2240459
vn -0.25428113 -0.9408212 0.2240459
vn -0.2503086 -0.9501237 -0.1860389
vn -0.2503086 -0.9501237 -0.1860389
vn -0.2042674 -0.79952276 -0.56483454
vn -0.2042674 -0.79952276 -0.56483454
vn -0.23764183 -0.86588603 0.44019052
vn -0.23764183 -0.86588603 0.44019052
vn -0.23764685 -0.8659042 0.44015208
vn -0.23764685 -0.8659042 0.44015208
vn -0.1641288 -0.65880406 -0.73419267
vn -0.1641288 -0.65880406 -0.73419267
vn -0.05197447 -0.25176626 -0.96639144
vn -0.05197447 -0.25176626 -0.96639144
vn 0.072098784 0.21324454 -0.97433496
vn 0.072098784 0.21324454 -0.97433496
vn 0.96616256 -0.25749075 0.015115662
vn 0.96616256 -0.25749075 0.015115662
vn 0.9661618 -0.25749055 0.015163331
vn 0.96616256 -0.25749075 0.015115662
vn 0.9661618 -0.25749055 0.015163331
vn 0.9661618 -0.25749055 0.015163331
vn 0.9661618 -0.25749055 0.015163331
vn 0.15142882 0.8589867 0.48909223
vn 0.15142882 0.8589867 0.48909223
vn 0.17363772 0.9848053 -0.002908265
vn 0.17363772 0.9848053 -0.002908265
vn 0.15142882 0.8589867 0.48909223
vn 0.09012229 0.5107884 0.85496974
vn 0.15142882 0.8589867 0.48909223
vn 0.09012229 0.5107884 0.85496974
vn 0.061131973 0.34676418 0.93595815
vn 0.061131973 0.34676418 0.93595815
vn 0.061131973 0.34676418 0.93595815
vn 0.061131973 0.34676418 0.93595815
vn -0.99555796 0.08087299 -0.048209075
vn -0.99555796 0.08087299 -0.048209075
vn -0.99101347 0.13198255 -0.021742791
vn -0.990921 0.13274585 -0.02131372
vn -0.98482287 0.17356229 0
vn -0.98482287 0.17356229 0
vn -0.98482287 0.17356229 0
vn -0.98482287 0.17356229 0
vn -0.98482287 0.17356229 0
vn 0.01602209 0.09117332 -0.99570614
vn 0.01602209 0.09117332 -0.99570614
vn 0.01602209 0.09117332 -0.99570614
vn 0.01602209 0.09117332 -0.99570614
vn -0.15240622 -0.86408025 -0.47972667
vn -0.17350644 -0.98399806 -0.04053889
vn -0.15240622 -0.86408025 -0.47972667
vn -0.17350644 -0.98399806 -0.04053889
vn -0.17252505 -0.9785003 -0.11301393
vn -0.17252505 -0.9785003 -0.11301393
vn -0.08620869 -0.4890245 -0.86799943
vn -0.08620869 -0.4890245 -0.86799943
vn -0.08620869 -0.4890245 -0.86799943
vn 0.003433134 0.019454427 -0.9998049
vn -0.08620869 -0.4890245 -0.86799943
vn 0.003433134 0.019454427 -0.9998049
vn 0.97597855 -0.21781659 0.004672948
vn 0.97597855 -0.21781659 0.004672948
vn 0.9759783 -0.21781652 0.0047206297
vn 0.9759783 -0.21781652 0.0047206297
vn 0.9673044 -0.2319318 0.10261457
vn 0.9641165 -0.25788614 0.06304096
vn 0.9641165 -0.25788614 0.06304096
vn 0.9825271 -0.18576752 -0.011443583
vn 0.9838546 -0.17586543 0.033189353
vn 0.97767967 -0.1666976 -0.12788416
vn 0.97767967 -0.1666976 -0.12788416
vn 0.995961 -0.08850443 -0.015116328
vn 0.995961 -0.08850443 -0.015116328
vn 0.9959604 -0.08850438 -0.015164006
vn 0.9959615 -0.08850024 -0.015115612
vn 0.9959608 -0.08850018 -0.015163285
vn 0.9959604 -0.08850438 -0.015164006
vn 0.9959604 -0.08850438 -0.015164006
vn 0.96616256 -0.25749075 0.015115662
vn 0.9661618 -0.25749055 0.015163331
vn 0.96616256 -0.25749075 0.015115662
vn 0.96616256 -0.25749075 0.015115662
vn 0.96616256 -0.25749075 0.015115662
vn 0.96616256 -0.25749075 0.015115662
vn 0.9661618 -0.25749055 0.015163331
vn 0.9856177 -0.16899027 0.00028610096
vn 0.9856177 -0.16899027 0.00023841743
vn 0.9856177 -0.16899027 0.00028610096
vn 0.9856177 -0.16899027 0.00023841743
vn 0.12550326 0.41808987 -0.89969426
vn 0.12550326 0.41808987 -0.89969426
vn 0.0060082525 -0.036240254 -0.99932504
vn 0.0060082525 -0.036240254 -0.99932504
vn -0.11482023 -0.48178717 -0.8687332
vn -0.11482023 -0.48178717 -0.8687332
vn 0.2533494 0.9584752 0.13091786
vn 0.20569985 0.8044895 0.5572111
vn 0.20569985 0.8044895 0.5572111
vn 0.2533494 0.9584752 0.13091786
vn 0.20569985 0.8044895 0.5572111
vn 0.20569985 0.8044895 0.5572111
vn 0.11520244 0.48331624 0.8678329
vn 0.11520244 0.48331624 0.8678329
vn -0.20123158 -0.7156596 0.6688327
vn -0.20123158 -0.7156596 0.6688327
vn -0.20123158 -0.7156596 0.6688327
vn -0.20123158 -0.7156596 0.6688327
vn 0.066281065 0.3047975 0.950108
vn 0.066281065 0.3047975 0.950108
vn 0.06627806 0.30478373 0.9501127
vn 0.06627806 0.30478373 0.9501127
vn -0.25740117 -0.95826864 0.124361284
vn -0.25740117 -0.95826864 0.124361284
vn -0.25739968 -0.95826304 0.12440827
vn -0.25739968 -0.95826304 0.12440827
vn -0.96616256 0.25749075 -0.015115662
vn -0.9661618 0.25749055 -0.015163331
vn -0.96616256 0.25749075 -0.015115662
vn -0.96616256 0.25749075 -0.015115662
vn -0.96616256 0.25749075 -0.015115662
vn -0.96616256 0.25749075 -0.015115662
vn -0.9661618 0.25749055 -0.015163331
vn 0.08792585 0.92846656 0.36085844
vn 0.08572944 0.9875574 -0.13183644
vn 0.08572944 0.9875574 -0.13183644
vn 0.08792585 0.92846656 0.36085844
vn 0.08792585 0.92846656 0.36085844
vn 0.06856528 0.64083266 0.76461256
vn 0.06856528 0.64083266 0.76461256
vn 0.08792585 0.92846656 0.36085844
vn -0.082860865 -0.9710645 0.2239818
vn -0.082860865 -0.9710645 0.2239818
vn -0.089737356 -0.9784328 -0.18605478
vn -0.089737356 -0.9784328 -0.18605478
vn -0.08153304 -0.82124275 -0.5647236
vn -0.08153304 -0.82124275 -0.5647236
vn -0.072766036 -0.89493644 0.4402202
vn -0.072766036 -0.89493644 0.4402202
vn -0.072766036 -0.89493644 0.4402202
vn -0.072766036 -0.89493644 0.4402202
vn -0.07114454 -0.6752056 -0.7341907
vn -0.07114454 -0.6752056 -0.7341907
vn -0.037289064 -0.25444302 -0.9663686
vn -0.037289064 -0.25444302 -0.9663686
vn 0.005149883 0.22506896 -0.9743292
vn 0.005197566 0.22506891 -0.974329
vn -0.9959604 0.08850438 0.015164006
vn -0.9959604 0.08850438 0.015164006
vn -0.9959604 0.08850438 0.015164006
vn -0.9959604 0.08850438 0.015164006
vn -0.995961 0.08850443 0.015116328
vn -0.995961 0.08850443 0.015116328
vn -0.995961 0.08850443 0.015116328
vn -0.14677785 -0.8324088 0.53437054
vn -0.14677785 -0.8324088 0.53437054
vn -0.14677785 -0.8324088 0.53437054
vn -0.14677785 -0.8324088 0.53437054
vn -0.14382261 -0.81563056 0.5604122
vn -0.14382261 -0.81563056 0.5604122
vn -0.106236756 -0.60232615 0.79114914
vn -0.106236756 -0.60232615 0.79114914
vn -0.106236756 -0.60232615 0.79114914
vn -0.106236756 -0.60232615 0.79114914
vn -0.054072287 -0.30669573 0.9502704
vn -0.054072287 -0.30669573 0.9502704
vn -0.15240273 -0.8640605 -0.47976336
vn -0.15240273 -0.8640605 -0.47976336
vn -0.15240273 -0.8640605 -0.47976336
vn -0.15240273 -0.8640605 -0.47976336
vn 0.04653948 0.263978 -0.9634053
vn 0.04653948 0.263978 -0.9634053
vn 0.04653948 0.263978 -0.9634053
vn 0.04653948 0.263978 -0.9634053
vn 0.04653948 0.263978 -0.9634053
vn 0.04653948 0.263978 -0.9634053
vn 0.9631142 -0.2647396 -0.048208162
vn 0.9631142 -0.2647396 -0.048208162
vn 0.9764251 -0.21475819 -0.021742838
vn 0.9765984 -0.21401237 -0.021315403
vn 0.98482287 -0.17356229 0
vn 0.98482287 -0.17356229 0
vn 0.98482287 -0.17356229 0
vn 0.98482287 -0.17356229 0
vn 0.98482287 -0.17356229 0
vn 0.14239335 0.8076269 0.57224387
vn 0.14238945 0.8076048 0.57227594
vn 0.14239335 0.8076269 0.57224387
vn 0.14238945 0.8076048 0.57227594
vn 0.00038146027 0.0019073015 0.9999981
vn 0.00038146027 0.0019073015 0.9999981
vn 0.00038146027 0.0019073015 0.9999981
vn 0.00038146027 0.0019073015 0.9999981
vn 0.16413328 0.93081975 -0.32654986
vn 0.16413328 0.93081975 -0.32654986
vn 0.16413328 0.93081975 -0.32654986
vn 0.16413328 0.93081975 -0.32654986
vn 0.13083552 0.7419099 0.6576106
vn 0.13083552 0.7419099 0.6576106
vn 0.13083552 0.7419099 0.6576106
vn 0.13083552 0.7419099 0.6576106
vn -0.11520476 -0.6462148 0.75440997
vn -0.112819344 -0.64658934 0.75444955
vn -0.11520279 -0.6534516 0.7481506
vn -0.11520279 -0.6534516 0.7481506
vn -0.11759293 -0.65958863 0.74237096
vn -0.11511753 -0.6599944 0.7423984
vn 0.53641015 -0.025556961 0.8435705
vn -0.51284176 0.15944055 0.8435473
vn -0.11520476 -0.6462148 0.75440997
vn -0.945504 -0.3177748 0.07100341
vn -0.112819344 -0.64658934 0.75444955
vn 0.7799363 -0.62181276 0.071050696
vn -0.9871466 -0.0049590985 0.15974018
vn -0.51284176 0.15944055 0.8435473
vn -0.11511753 -0.6599944 0.7423984
vn -0.11520279 -0.6534516 0.7481506
vn -0.112819344 -0.64658934 0.75444955
vn -0.945504 -0.3177748 0.07100341
vn -0.98850495 -0.006103649 0.15106529
vn -0.9905335 0.017929934 0.13609582
vn -0.9905335 0.017929934 0.13609582
vn 0.9259524 -0.3421894 0.15974562
vn -0.11759293 -0.65958863 0.74237096
vn 0.53641015 -0.025556961 0.8435705
vn -0.11520279 -0.6534516 0.7481506
vn -0.11520476 -0.6462148 0.75440997
vn 0.7799363 -0.62181276 0.071050696
vn 0.9267037 -0.3440925 0.15106499
vn 0.93691725 -0.3219699 0.13609332
vn 0.93691725 -0.3219699 0.13609332
vn 0.1729897 0.98110145 -0.086685576
vn 0.1729897 0.98110145 -0.086685576
vn 0.11273751 0.6394181 -0.76054895
vn 0.11273751 0.6394181 -0.76054895
vn 0.17146188 0.97269803 -0.15639457
vn 0.1729897 0.98110145 -0.086685576
vn 0.17146188 0.97269803 -0.15639457
vn 0.1729897 0.98110145 -0.086685576
vn 0.17146188 0.97269803 -0.15639457
vn 0.17146188 0.97269803 -0.15639457
vn 0.06485147 0.36774603 -0.9276622
vn 0.06485147 0.36774603 -0.9276622
vn 0.042917367 0.24338917 -0.96897876
vn 0.042917367 0.24338917 -0.96897876
vn 0.09861053 0.5592381 -0.8231213
vn 0.09861053 0.5592381 -0.8231213
vn -0.64087903 0.29888615 0.7070651
vn -0.64087903 0.29888615 0.7070651
vn -0.906328 0.4225748 0
vn -0.906328 0.4225748 0
vn -0.64087903 0.29888615 -0.7070651
vn -0.64087903 0.29888615 -0.7070651
vn -0 0 1
vn -0.64087903 0.29888615 0.7070651
vn -0.64087903 0.29888615 0.7070651
vn -0 0 1
vn 0.64087903 -0.29888615 0.7070651
vn 0.64087903 -0.29888615 0.7070651
vn 0.64087903 -0.29888615 0.7070651
vn 0.64087903 -0.29888615 0.7070651
vn 0.906328 -0.4225748 0
vn 0.906328 -0.4225748 0
vn 0.64087903 -0.29888615 -0.7070651
vn 0.64087903 -0.29888615 -0.7070651
vn -0 0 -1
vn 0.64087903 -0.29888615 -0.7070651
vn 0.64087903 -0.29888615 -0.7070651
vn -0 0 -1
vn -0.64087903 0.29888615 -0.7070651
vn -0.64087903 0.29888615 -0.7070651
vn -0.14439693 -0.81182736 0.5657613
vn -0.13560407 -0.76937664 0.62423646
vn -0.13560407 -0.76937664 0.62423646
vn -0.14210285 -0.8121798 0.56583637
vn -0.058269832 -0.31128106 -0.94852984
vn -0.1617477 -0.8640531 -0.47670746
vn 0.12388553 0.69162273 -0.71155494
vn 0.11492421 0.6561647 -0.74581516
vn 0.14935303 0.8331724 -0.53246355
vn 0.12016534 0.69238126 -0.7114551
vn -0.9862621 0.16517171 -0.0022887536
vn -0.9862621 0.16517171 -0.0022887536
vn -0.98750246 0.15754265 -0.004386781
vn -0.98666126 0.16250442 -0.009584327
vn -0.9863355 0.16442105 -0.010395529
vn 0.9818518 -0.18959899 -0.0043870993
vn 0.983304 -0.1819556 -0.0022887494
vn 0.983304 -0.1819556 -0.0022887494
vn 0.98276156 -0.18463138 -0.009536744
vn 0.98186296 -0.18958274 -0.0018595891
vn -0.42263225 -0.9063013 0
vn -0.30579773 -0.65575093 0.6902741
vn 0.13654469 -0.86204106 0.48809898
vn 0.3197733 -0.94749415 0
vn 0.13654469 -0.86204106 -0.48809898
vn -0.30579773 -0.65575093 -0.6902741
vn -0.42263225 -0.9063013 0
vn -0.9313553 -0.3641117 0
vn -0.7481604 -0.44946846 0.4880924
vn -0.7481604 -0.44946846 -0.4880924
vn -0.0388607 -0.22048083 0.9746168
vn -0.11163013 -0.63306344 0.7660087
vn -0.11163013 -0.63306344 0.7660087
vn -0.0388607 -0.22048083 0.9746168
vn 0.042393707 0.24034226 0.96976197
vn 0.042393707 0.24034226 0.96976197
vn 0.1736655 0.98477215 -0.00801093
vn 0.1736655 0.98477215 -0.00801093
vn 0.17364238 0.98477614 -0.008010962
vn 0.17364238 0.98477614 -0.008010962
vn 0.9848215 -0.17357044 0
vn 0.98480517 -0.17366293 0
vn 0.98480517 -0.17366293 0
vn 0.9848215 -0.17357044 0
vn -0.052450716 -0.2975386 -0.95326793
vn -0.052450716 -0.2975386 -0.95326793
vn -0.052474495 -0.29753825 -0.95326674
vn -0.052450716 -0.2975386 -0.95326793
vn -0.98480517 0.17366293 0
vn -0.98480517 0.17366293 0
vn -0.9848215 0.17357044 0
vn -0.9848215 0.17357044 0
vn 0.16575268 0.93996453 -0.29831666
vn 0.14024292 0.79529804 -0.5897738
vn 0.14024292 0.79529804 -0.5897738
vn 0.16575268 0.93996453 -0.29831666
vn 0.17359641 0.9844998 0.02498682
vn 0.17361955 0.98449576 0.02498672
vn -0.16593963 -0.94089675 0.29525807
vn -0.16589324 -0.9409042 0.29526043
vn -0.16589324 -0.9409042 0.29526043
vn -0.16593963 -0.94089675 0.29525807
vn 0.066137575 0.37517697 -0.9245908
vn 0.012159379 0.06895083 -0.9975459
vn 0.012159379 0.06895083 -0.9975459
vn 0.066185035 0.3751757 -0.92458785
vn 0.11339003 0.64314747 -0.75730044
vn 0.11339003 0.64314747 -0.75730044
vn -0.004315597 -0.02441531 0.99969256
vn -0.004315597 -0.02441531 0.99969256
vn -0.004291754 -0.024415314 0.9996927
vn -0.004291754 -0.024415314 0.9996927
vn -0.095884085 -0.5439312 -0.8336337
vn -0.09593895 -0.5439719 -0.83360076
vn -0.09593132 -0.5439287 -0.83362985
vn -0.09589171 -0.54397434 -0.8336046
vn -0.0041964413 -0.023843417 0.9997068
vn -0.0041964413 -0.023843417 0.9997068
vn -0.0041964413 -0.023843417 0.9997068
vn -0.0041964413 -0.023843417 0.9997068
vn 0.98480517 -0.17366293 0
vn 0.98480517 -0.17366293 0
vn 0.98480517 -0.17366293 0
vn 0.98480517 -0.17366293 0
vn 0.98480517 -0.17366293 0
vn 0.9848215 -0.17357044 0
vn 0.9848215 -0.17357044 0
vn 0.9848215 -0.17357044 0
vn 0.9848215 -0.17357044 0
vn -0.13309117 -0.7548667 0.6422328
vn -0.13311458 -0.75486434 0.64223075
vn -0.13311458 -0.75486434 0.64223075
vn -0.13309117 -0.7548667 0.6422328
vn -0.98480517 0.17366293 0
vn -0.98480517 0.17366293 0
vn -0.98480517 0.17366293 0
vn -0.98480517 0.17366293 0
vn -0.98480517 0.17366293 0
vn -0.98482287 0.17356229 0
vn -0.98482287 0.17356229 0
vn -0.98482287 0.17356229 0
vn -0.98482287 0.17356229 0
vn -0.0041964413 -0.023843417 0.9997068
vn -0.0041964413 -0.023843417 0.9997068
vn -0.0041964413 -0.023843417 0.9997068
vn -0.0041964413 -0.023843417 0.9997068
vn -0.9848215 0.17357044 0
vn -0.98480517 0.17366293 0
vn -0.98480517 0.17366293 0
vn -0.9848215 0.17357044 0
vn 0.9848215 -0.17357044 0
vn 0.98480517 -0.17366293 0
vn 0.98480517 -0.17366293 0
vn 0.9848215 -0.17357044 0
vn 0.1442427 0.8180588 0.556753
vn 0.1442427 0.8180588 0.556753
vn 0.14419602 0.8180644 0.5567568
vn 0.1442427 0.8180588 0.556753
vn 0.9848215 -0.17357044 0
vn 0.9848215 -0.17357044 0
vn 0.9848215 -0.17357044 0
vn 0.9848215 -0.17357044 0
vn -0.98482287 0.17356229 0
vn -0.9848215 0.17357044 0
vn -0.9848215 0.17357044 0
vn -0.98482287 0.17356229 0
vn -0.14419602 -0.8180644 -0.5567568
vn -0.1442427 -0.8180588 -0.556753
vn -0.1442427 -0.8180588 -0.556753
vn -0.1442427 -0.8180588 -0.556753
vn 0.062180117 0.3524812 -0.9337508
vn 0.062181473 0.35267958 -0.9336759
vn 0.16559973 0.93914557 -0.30096906
vn 0.16559973 0.93914557 -0.30096906
vn 0.16999894 0.976409 0.13313802
vn 0.17041215 0.9766991 0.13045542
vn 0.062180117 0.3524812 -0.9337508
vn 0.11091164 -0.004959076 -0.99381787
vn 0.0107763205 0.059126716 -0.99819237
vn 0.062181473 0.35267958 -0.9336759
vn 0.9830035 -0.18347873 -0.0062939688
vn 0.98296595 -0.18368025 -0.0062943394
vn 0.98296595 -0.18368025 -0.0062943394
vn 0.98296595 -0.18368025 -0.0062943394
vn -0.9864978 0.16365333 -0.00629436
vn -0.9864978 0.16365333 -0.00629436
vn -0.9864978 0.16365333 -0.00629436
vn -0.9864978 0.16365333 -0.00629436
vn 0.9839807 -0.17814265 -0.0068663126
vn 0.983982 -0.17814289 -0.0066755903
vn 0.9839807 -0.17814265 -0.0068663126
vn 0.9822598 -0.18729691 -0.009250407
vn 0.98351824 -0.18043406 -0.011634755
vn -0.13589479 -0.7709288 0.6222551
vn -0.13590673 -0.7708056 0.62240505
vn -0.13590673 -0.7708056 0.62240505
vn -0.13589479 -0.7709288 0.6222551
vn -0.016593695 -0.09403095 0.99543095
vn -0.016593695 -0.09403095 0.99543095
vn -0.016593695 -0.09403095 0.99543095
vn -0.016593695 -0.09403095 0.99543095
vn 0.11191878 0.6346038 0.7646909
vn 0.11191878 0.6346038 0.7646909
vn 0.11187168 0.6346072 0.7646949
vn 0.11187168 0.6346072 0.7646949
vn -0.9870388 0.160215 -0.009250509
vn -0.9855945 0.1689863 -0.006866261
vn -0.98709816 0.15984315 -0.009346437
vn -0.9855945 0.1689863 -0.006866261
vn -0.9855945 0.1689863 -0.006866261
vn 0.13390653 0.759376 -0.6367237
vn 0.13390653 0.759376 -0.6367237
vn 0.13388714 0.75945675 -0.6366314
vn 0.13388714 0.75945675 -0.6366314
vn 0.12016534 0.69238126 -0.7114551
vn -0.058269832 -0.31128106 -0.94852984
vn -0.1617477 -0.8640531 -0.47670746
vn 0.12388553 0.69162273 -0.71155494
vn 0.8672318 -0.49790472 -1.4903758E-05
vn 0.9947615 -0.10222242 -8.939694E-06
vn 0.8672318 -0.49790472 -1.4588823E-05
vn 0.9947615 -0.10222242 -9.997258E-06
vn 0.8607729 0.50898546 -0.0019405308
vn 0.87220657 0.4891377 -1.8842154E-06
vn 0.7614849 0.6481778 -0.0024953936
vn 0.7599001 0.650035 -0.002491515
vn 0.7614844 0.6481774 -0.0027420686
vn 0.75697976 0.65281874 -0.028448742
vn 0.7572603 0.6531132 0
vn -0 0 1
vn -0 0 1
vn -0 0 1
vn -0 0 1
vn -0.8769317 0.48061502 0
vn -0.8769317 0.48061502 0
vn -0.8769317 0.48061502 0
vn -0.8769317 0.48061502 0
vn -0.7644558 -0.6446758 -0.00073908834
vn -0.764456 -0.6446759 0
vn -0.7644556 -0.6446757 0.0009298207
vn -0.76445544 -0.6446755 -0.001201018
vn -0.7644552 -0.6446753 -0.0014151037
vn -0.76499027 -0.6440418 0.00026967563
vn -0.7651484 -0.64385366 0.0005840646
vn -0 0 -1
vn -0 0 -1
vn -0 0 -1
vn -0.35247782 0.43373084 -0.8292387
vn -0.3562917 0.4386889 -0.82498986
vn 0.33993512 -0.94044894 -2.9806317E-05
vn 0.33993512 -0.94044894 -2.9162165E-05
vn -0.0720873 -0.9973984 -2.3838393E-05
vn -0.0720873 -0.9973984 -2.2597078E-05
vn -0.6508529 -0.7592013 -0.0019433072
vn -0.63321704 -0.7739743 -6.191342E-06
vn -0.77052754 -0.63740176 -0.002491734
vn -0.6508529 -0.7592013 -0.0019433072
vn -0.63321704 -0.7739743 -6.191342E-06
vn -0.772082 -0.635518 -0.002491433
vn -0.77052706 -0.63740134 -0.0027297447
vn -0.7743745 -0.632088 -0.028443007
vn -0.77465355 -0.6323858 0
vn -0.60922855 0.702692 -0.36751133
vn -0.60922855 0.702692 -0.36751133
vn -0.36621028 0.42228624 -0.829195
vn -0.37002623 0.42686528 -0.82514644
vn -0.3211437 0.94703054 0
vn -0.3211437 0.94703054 0
vn -0.3211437 0.94703054 0
vn -0.3211437 0.94703054 0
vn 0.76759535 0.6409344 -0.0007391729
vn 0.7677519 0.6407467 0.0009415734
vn 0.7677521 0.6407469 0
vn 0.767595 0.64093417 -0.001204136
vn 0.7675947 0.64093393 -0.001417887
vn 0.7670632 0.6415715 0.00026903203
vn 0.767063 0.64157146 0.0005840703
vn -0.58627385 0.7220666 -0.3672913
vn -0.3562917 0.4386889 -0.82498986
vn -0.58627385 0.7220666 -0.3672913
vn -0.35247782 0.43373084 -0.8292387
vn 0.34408596 -0.08583076 0.9350069
vn 0.27160636 -0.15602107 0.9496775
vn 0.33798313 -0.021362366 0.9409097
vn 0.32043627 -0.013732983 0.9471705
vn 0.24986187 -0.0495909 0.9670107
vn 0.24986187 -0.0495909 0.9670107
vn 0.024795529 -0.35362238 0.93505955
vn -0.037384108 -0.33645692 0.9409565
vn 0.106430106 -0.29449478 0.94970804
vn -0.04196147 -0.31814423 0.9471133
vn 0.005340552 -0.25482062 0.9669736
vn 0.005340552 -0.25482062 0.9669736
vn -0 0 1
vn -0 0 1
vn -0 0 1
vn -0 0 1
vn -0 0 -1
vn -0 0 -1
vn -0 0 -1
vn -0.36621028 0.42228624 -0.829195
vn -0.37002623 0.42686528 -0.82514644
vn 0.32157794 -0.3829944 -0.86596936
vn -0.32157794 0.3829944 -0.86596936
vn -0.32157794 0.3829944 -0.86596936
vn 0.32157794 -0.3829944 -0.86596936
vn -0.32157794 0.3829944 -0.86596936
vn -0.32157794 0.3829944 -0.86596936
vn -0.6428073 0.7660279 0
vn -0.6428073 0.7660279 0
vn -0.32157463 0.38299045 0.86597234
vn -0.32157463 0.38299045 0.86597234
vn 0.32157463 -0.38299045 0.86597234
vn -0.32157463 0.38299045 0.86597234
vn 0.32157463 -0.38299045 0.86597234
vn 0.6428073 -0.7660279 0
vn 0.32157463 -0.38299045 0.86597234
vn 0.32157463 -0.38299045 0.86597234
vn 0.6428073 -0.7660279 0
vn 0.32157794 -0.3829944 -0.86596936
vn 0.32157794 -0.3829944 -0.86596936
vn 0.7660279 0.6428073 0
vn 0.7660279 0.6428073 0
vn 0.7660279 0.6428073 0
vn 0.7660279 0.6428073 0
vn 0.7660279 0.6428073 0
vn 0.7660279 0.6428073 0
vn -0.7660279 -0.6428073 1.1921501E-05
vn -0.7660279 -0.6428073 1.1921501E-05
vn -0.7660279 -0.6428073 2.3843002E-05
vn -0.7660279 -0.6428073 2.3843002E-05
vn -0.7660279 -0.6428073 2.3843002E-05
vn -0.7660279 -0.6428073 2.3843002E-05
vn 0.4768297 -0.56799954 0.67082787
vn 0.5375104 -0.640511 0.5484781
vn 0.4768297 -0.56799954 0.67082787
vn 0.5375104 -0.640511 0.5484781
vn -0.6170674 0.73533076 -0.28020778
vn -0.6170674 0.73533076 -0.28020778
vn -0.6169809 0.7354184 -0.28016844
vn -0.6169809 0.7354184 -0.28016844
vn -0.36010864 0.42915493 -0.8283405
vn -0.24757583 0.29525992 -0.9227826
vn -0.36010864 0.42915493 -0.8283405
vn -0.24757583 0.29525992 -0.9227826
vn -0.26206547 0.3124186 -0.91308063
vn -0.26206547 0.3124186 -0.91308063
vn -0.571185 0.68084484 -0.45847365
vn -0.571185 0.68084484 -0.45847365
vn -0.47078592 -0.77790314 0.41620582
vn -0.4649824 -0.77662367 0.42502597
vn -0.5661901 -0.77946526 0.26807234
vn -0.5855979 -0.773676 0.24186914
vn -0.498367 -0.798379 0.33796647
vn -0.48148704 -0.8015882 0.35443857
vn 0.86371124 0.44215608 0.24186967
vn 0.87274915 0.35226566 0.33796138
vn 0.8730437 0.33494967 0.35440573
vn 0.84794176 0.32880148 0.41579378
vn 0.8659643 0.42230067 0.2678958
vn 0.8453945 0.32312685 0.42532003
vn 0.8057059 0.59092724 0.040533263
vn 0.805709 0.59092957 0.040438045
vn -0.3854307 0.45942724 -0.8002311
vn -0.38546443 0.45927677 -0.8003012
vn -0.57497233 0.68538994 -0.4468193
vn -0.57497233 0.68538994 -0.4468193
vn -0.7609808 -0.6484548 -0.020359574
vn -0.760376 -0.6493526 -0.013019484
vn -0.75913006 -0.6504104 -0.026226226
vn -0.7559767 -0.6545187 -0.010226855
vn -0.75080967 -0.6603921 -0.012923618
vn -0.7542193 -0.65655607 -0.009346672
vn -0.7660279 -0.6428073 0
vn -0.35934174 0.42838725 0.82907045
vn -0.35934174 0.42838725 0.82907045
vn -0.35934174 0.42838725 0.82907045
vn -0.35934174 0.42838725 0.82907045
vn -0.036239605 0.043106053 -0.99841297
vn 0.55735606 -0.6641731 -0.49822518
vn 0.55735606 -0.6641731 -0.49822518
vn -0.036239605 0.043106053 -0.99841297
vn -0.33683345 0.401301 -0.8517633
vn -0.33683345 0.401301 -0.8517633
vn 0.11596532 -0.1380903 0.9836072
vn 0.33683658 -0.4016862 0.85158044
vn 0.33683658 -0.4016862 0.85158044
vn 0.11596532 -0.1380903 0.9836072
vn -0.1262681 0.15068246 0.9804852
vn -0.1262681 0.15068246 0.9804852
vn 0.77089965 0.63663113 -0.02035961
vn 0.772347 0.63465947 -0.026221655
vn 0.77167755 0.63588065 -0.013017053
vn 0.77581674 0.6308755 -0.010215014
vn 0.7807292 0.6247359 -0.012919981
vn 0.7773619 0.6289842 -0.009345126
vn 0.7660279 0.6428073 0
vn 0.640461 -0.76367056 0.08134503
vn 0.55735606 -0.6641731 -0.49822518
vn 0.55735606 -0.6641731 -0.49822518
vn 0.640461 -0.76367056 0.08134503
vn -0.44441414 0.52986366 -0.722316
vn -0.44441414 0.52986366 -0.722316
vn -0.14075027 0.1678323 -0.975716
vn -0.14075027 0.1678323 -0.975716
vn 0.072095565 -0.08582805 -0.99369806
vn 0.072095565 -0.08582805 -0.99369806
vn -0.7527763 -0.657225 -0.037190624
vn -0.7476207 -0.6625598 -0.04558198
vn -0.7476207 -0.6625598 -0.04558198
vn -0.7537967 -0.65613884 -0.03566801
vn -0.759401 -0.6500977 -0.02613362
vn -0.759401 -0.6500977 -0.02613362
vn -0.49818233 0.59354645 0.6320736
vn -0.49818233 0.59354645 0.6320736
vn -0.6418203 0.7648438 0.05550363
vn -0.6418203 0.7648438 0.05550363
vn 0.7821739 0.6213906 -0.045583896
vn 0.7821739 0.6213906 -0.045583896
vn 0.7780157 0.62714285 -0.037193693
vn 0.7771988 0.6282436 -0.03566532
vn 0.77210146 0.6349619 -0.026130902
vn 0.77210146 0.6349619 -0.026130902
vn -0.5855979 -0.773676 0.24186914
vn -0.5661901 -0.77946526 0.26807234
vn -0.7219903 -0.6907155 0.040523756
vn -0.72190183 -0.69081324 0.040434133
vn -0.6418203 0.7648438 0.05550363
vn -0.6418203 0.7648438 0.05550363
vn -0.44441414 0.52986366 -0.722316
vn -0.44441414 0.52986366 -0.722316
vn 0.2708361 -0.3227146 0.9069196
vn 0.2708361 -0.3227146 0.9069196
vn 0.2708361 -0.3227146 0.9069196
vn 0.2708361 -0.3227146 0.9069196
vn 0.4768297 -0.56799954 0.67082787
vn 0.39444166 -0.46997303 0.78964627
vn 0.39444166 -0.46997303 0.78964627
vn 0.4768297 -0.56799954 0.67082787
vn -0.57497233 0.68538994 -0.4468193
vn -0.57497233 0.68538994 -0.4468193
vn -0.571185 0.68084484 -0.45847365
vn -0.571185 0.68084484 -0.45847365
vn 0.77714276 0.6293244 0
vn 0.77714276 0.6293244 0
vn 0.77714276 0.6293244 0
vn 0.7771894 0.62926686 0
vn 0.77722716 0.6292202 0
vn 0.77722543 0.6292188 -0.0020980318
vn 0.77718925 0.6292668 -0.00038148943
vn 0.7741361 0.63300264 -0.0045773014
vn 0.7734531 0.633831 -0.005340737
vn 0.7711071 0.636645 -0.008773417
vn 0.7711071 0.636645 -0.008773417
vn -0.23175451 0.27619797 0.9327404
vn -0.23175451 0.27619797 0.9327404
vn -0.23175451 0.27619797 0.9327404
vn -0.23175451 0.27619797 0.9327404
vn -0.7546671 -0.65610784 0
vn -0.7546671 -0.65610784 0
vn -0.7547349 -0.65603 0
vn -0.75464654 -0.65613145 0
vn -0.75464654 -0.65613145 0
vn -0.75460386 -0.6561772 -0.0020982414
vn -0.75464654 -0.65613145 -0.00038147176
vn -0.75787354 -0.6523855 -0.004578144
vn -0.75857216 -0.65156716 -0.0053407145
vn -0.7608407 -0.6488794 -0.008773795
vn -0.7608407 -0.6488794 -0.008773795
vn -0.3808019 0.45375794 0.8056635
vn -0.23164363 0.27617946 0.93277335
vn -0.23164363 0.27617946 0.93277335
vn -0.38076112 0.45376617 0.8056781
vn -0.6113002 0.7285058 -0.30917868
vn -0.6113002 0.7285058 -0.30917868
vn 0.048541345 -0.057791855 -0.99714786
vn 0.04849377 -0.057791986 -0.9971501
vn 0.37022004 -0.44117412 -0.81749773
vn 0.37022004 -0.44117412 -0.81749773
vn 0.37383398 -0.4455491 -0.8134704
vn 0.37383398 -0.4455491 -0.8134704
vn 0.35478717 -0.42269266 -0.8339406
vn 0.35478717 -0.42269266 -0.8339406
vn 0.43583533 -0.51956916 -0.73491186
vn 0.43583533 -0.51956916 -0.73491186
vn -0.6191214 0.7379485 0.268553
vn -0.6191214 0.7379485 0.268553
vn -0.6191056 0.7379295 0.26864147
vn -0.6191056 0.7379295 0.26864147
vn -0.7547349 -0.65603 0
vn -0.75464654 -0.65613145 0
vn -0.75464654 -0.65613145 0
vn -0.7547349 -0.65603 0
vn -0.7547349 -0.65603 0
vn -0.7547349 -0.65603 0
vn 0.034952953 -0.04167651 -0.9985196
vn 0.2642572 -0.31489614 -0.91159666
vn 0.2642572 -0.31489614 -0.91159666
vn 0.034952953 -0.04167651 -0.9985196
vn -0.44279996 0.5276786 -0.72490245
vn -0.44279996 0.5276786 -0.72490245
vn 0.77714276 0.6293244 0
vn 0.7771894 0.62926686 0
vn 0.7771894 0.62926686 0
vn 0.77714276 0.6293244 0
vn 0.77714276 0.6293244 0
vn 0.77714276 0.6293244 0
vn -0.23146687 0.27581468 0.9329251
vn -0.23146687 0.27581468 0.9329251
vn -0.39167422 0.4668238 0.7928852
vn -0.39167422 0.4668238 0.7928852
vn -0.39167422 0.4668238 0.7928852
vn -0.39167422 0.4668238 0.7928852
vn -0.6370453 0.7592092 0.13332176
vn -0.6370453 0.7592092 0.13332176
vn -0.44279996 0.5276786 -0.72490245
vn -0.44279996 0.5276786 -0.72490245
vn -0 -1 0
vn -0 -1 0
vn -0 -1 0
vn -0 -1 0
vn 1 0 0
vn 1 0 0
vn 1 0 0
vn 1 0 0
vn 1 0 0
vn -0 0 1
vn -0 0 1
vn -0 0 1
vn -0 0 1
vn -1 0 0
vn -1 0 0
vn -1 0 0
vn -1 0 0
vn -1 0 0
vn -0 -0.86776745 -0.49697065
vn -0 -0.5015211 -0.8651454
vn -0 -0.5015211 -0.8651454
vn -0 -0.86776745 -0.49697065
vn -0 -0.5015211 -0.8651454
vn -0 0.7070829 -0.7071306
vn -0 0.7070829 -0.7071306
vn -0 -0.5015211 -0.8651454
vn -0.50000596 0.86602205 0
vn -0.50000596 0.86602205 0
vn -1 0 0
vn -1 0 0
vn -0.49998796 -0.8660323 0
vn -0.49998796 -0.8660323 0
vn 0.50000596 0.86602205 0
vn 0.50000596 0.86602205 0
vn 1 0 0
vn 1 0 0
vn 0.50000596 -0.86602205 0
vn 0.50000596 -0.86602205 0
vn -0 0 -1
vn -0 0 -1
vn -0 0 -1
vn -0 0 -1
vn -0 0 -1
vn -0 0 -1
vn -0.49998796 -0.8660323 0
vn 0.50000596 -0.86602205 0
vn -0.49998796 -0.8660323 0
vn 0.50000596 -0.86602205 0
vn -0 0 1
vn -0 0 1
vn -0 0 1
vn -0 0 1
vn -0 0 1
vn -0 0 1
vn 0.45453483 -0.5417033 -0.70707536
vn -0.16632596 0.19837041 -0.9659114
vn 0.45453483 -0.5417033 -0.70707536
vn -0.16632596 0.19837041 -0.9659114
vn -0.6208072 0.7400098 -0.2588127
vn -0.6208072 0.7400098 -0.2588127
vn -0.45453483 0.5417033 0.70707536
vn -0.6208072 0.7400098 -0.2588127
vn -0.6208072 0.7400098 -0.2588127
vn -0.45453483 0.5417033 0.70707536
vn -0.45453483 0.5417033 0.70707536
vn -0.45453483 0.5417033 0.70707536
vn 0.16632596 -0.19837041 0.9659114
vn 0.16632596 -0.19837041 0.9659114
vn 0.6208072 -0.7400098 0.2588127
vn 0.6208072 -0.7400098 0.2588127
vn 0.45453483 -0.5417033 -0.70707536
vn 0.6208072 -0.7400098 0.2588127
vn 0.45453483 -0.5417033 -0.70707536
vn 0.6208072 -0.7400098 0.2588127
vn 0.7660279 0.6428073 0
vn 0.7660279 0.6428073 0
vn 0.7660279 0.6428073 0
vn 0.7660279 0.6428073 0
vn 0.7660279 0.6428073 0
vn 0.7660279 0.6428073 0
vn -0.7660279 -0.6428073 0
vn -0.7660279 -0.6428073 0
vn -0.7660279 -0.6428073 0
vn -0.7660279 -0.6428073 0
vn -0.7660279 -0.6428073 0
vn -0.7660279 -0.6428073 0
vn -0 1 0
vn -0 0.7070829 -0.7071306
vn -0 0.7070829 -0.7071306
vn -0 1 0
vn -0.43583533 0.51956916 0.73491186
vn -0.43583533 0.51956916 0.73491186
vn -0.43583533 0.51956916 0.73491186
vn -0.43583533 0.51956916 0.73491186
vn 0.50000596 0.86602205 0
vn -0.50000596 0.86602205 0
vn 0.50000596 0.86602205 0
vn -0.50000596 0.86602205 0
vn -0.8672318 -0.49790472 -1.4903758E-05
vn -0.8672318 -0.49790472 -1.458351E-05
vn -0.9947615 -0.10222242 -8.939694E-06
vn -0.9947615 -0.10222242 -9.644936E-06
vn -0.8607729 0.50898546 -0.00193755
vn -0.87220657 0.4891377 -1.555794E-06
vn -0.7614849 0.6481778 -0.0024953936
vn -0.7599001 0.650035 -0.002491515
vn -0.7614844 0.6481774 -0.0027420686
vn -0.75697976 0.65281874 -0.028448742
vn -0.7572603 0.6531132 0
vn -0 0 1
vn -0 0 1
vn -0 0 1
vn -0 0 1
vn 0.8769317 0.48061502 0
vn 0.8769317 0.48061502 0
vn 0.8769317 0.48061502 0
vn 0.8769317 0.48061502 0
vn 0.7644558 -0.6446758 -0.00073908834
vn 0.7644556 -0.6446757 0.0009298207
vn 0.764456 -0.6446759 0
vn 0.76445544 -0.6446755 -0.001201018
vn 0.7644552 -0.6446753 -0.0014151037
vn 0.76499027 -0.6440418 0.00026967563
vn 0.7651484 -0.64385366 0.0005840646
vn -0 0 -1
vn -0 0 -1
vn -0 0 -1
vn 0.35247782 0.43373084 -0.8292387
vn 0.3562917 0.4386889 -0.82498986
vn 0.0720873 -0.9973984 -2.3838393E-05
vn -0.33993512 -0.94044894 -2.917292E-05
vn -0.33993512 -0.94044894 -2.9806317E-05
vn 0.0720873 -0.9973984 -2.4034274E-05
vn 0.6508529 -0.7592013 -0.0019462878
vn 0.63321704 -0.7739743 -7.5299954E-06
vn 0.77052754 -0.63740176 -0.002491734
vn 0.63321704 -0.7739743 -7.5299954E-06
vn 0.6508529 -0.7592013 -0.0019462878
vn 0.772082 -0.635518 -0.002491433
vn 0.77052706 -0.63740134 -0.0027297447
vn 0.7743745 -0.632088 -0.028443007
vn 0.77465355 -0.6323858 0
vn 0.36621028 0.42228624 -0.829195
vn 0.60922855 0.702692 -0.36751133
vn 0.60922855 0.702692 -0.36751133
vn 0.37002623 0.42686528 -0.82514644
vn 0.3211437 0.94703054 0
vn 0.3211437 0.94703054 0
vn 0.3211437 0.94703054 0
vn 0.3211437 0.94703054 0
vn -0.76759535 0.6409344 -0.0007391729
vn -0.7677521 0.6407469 0
vn -0.7677519 0.6407467 0.0009415734
vn -0.767595 0.64093417 -0.001204136
vn -0.7675947 0.64093393 -0.001417887
vn -0.7670632 0.6415715 0.00026903203
vn -0.767063 0.64157146 0.0005840703
vn 0.58627385 0.7220666 -0.3672913
vn 0.58627385 0.7220666 -0.3672913
vn 0.3562917 0.4386889 -0.82498986
vn 0.35247782 0.43373084 -0.8292387
vn -0.34408596 -0.08583076 0.9350069
vn -0.33798313 -0.021362366 0.9409097
vn -0.27160636 -0.15602107 0.9496775
vn -0.32043627 -0.013732983 0.9471705
vn -0.24986187 -0.0495909 0.9670107
vn -0.24986187 -0.0495909 0.9670107
vn -0.024795529 -0.35362238 0.93505955
vn -0.106430106 -0.29449478 0.94970804
vn 0.037384108 -0.33645692 0.9409565
vn 0.04196147 -0.31814423 0.9471133
vn -0.005340552 -0.25482062 0.9669736
vn -0.005340552 -0.25482062 0.9669736
vn -0 0 1
vn -0 0 1
vn -0 0 1
vn -0 0 1
vn -0 0 -1
vn -0 0 -1
vn -0 0 -1
vn 0.36621028 0.42228624 -0.829195
vn 0.37002623 0.42686528 -0.82514644
vn 0.32157794 0.3829944 -0.86596936
vn 0.32157794 0.3829944 -0.86596936
vn -0.32157794 -0.3829944 -0.86596936
vn -0.32157794 -0.3829944 -0.86596936
vn 0.32157794 0.3829944 -0.86596936
vn 0.6428073 0.7660279 0
vn 0.32157794 0.3829944 -0.86596936
vn 0.6428073 0.7660279 0
vn 0.32157463 0.38299045 0.86597234
vn 0.32157463 0.38299045 0.86597234
vn 0.32157463 0.38299045 0.86597234
vn -0.32157463 -0.38299045 0.86597234
vn -0.32157463 -0.38299045 0.86597234
vn -0.32157463 -0.38299045 0.86597234
vn -0.32157463 -0.38299045 0.86597234
vn -0.6428073 -0.7660279 0
vn -0.6428073 -0.7660279 0
vn -0.32157794 -0.3829944 -0.86596936
vn -0.32157794 -0.3829944 -0.86596936
vn -0.7660279 0.6428073 0
vn -0.7660279 0.6428073 0
vn -0.7660279 0.6428073 0
vn -0.7660279 0.6428073 0
vn -0.7660279 0.6428073 0
vn -0.7660279 0.6428073 0
vn 0.7660279 -0.6428073 0
vn 0.7660279 -0.6428073 1.1921501E-05
vn 0.7660279 -0.6428073 1.1921501E-05
vn 0.7660279 -0.6428073 0
vn 0.7660279 -0.6428073 0
vn 0.7660279 -0.6428073 0
vn -0.4768297 -0.56799954 0.67082787
vn -0.4768297 -0.56799954 0.67082787
vn -0.5375104 -0.640511 0.5484781
vn -0.5375104 -0.640511 0.5484781
vn 0.6170674 0.73533076 -0.28020778
vn 0.6169809 0.7354184 -0.28016844
vn 0.6169809 0.7354184 -0.28016844
vn 0.6170674 0.73533076 -0.28020778
vn 0.36010864 0.42915493 -0.8283405
vn 0.36010864 0.42915493 -0.8283405
vn 0.24757583 0.29525992 -0.9227826
vn 0.24757583 0.29525992 -0.9227826
vn 0.26206547 0.3124186 -0.91308063
vn 0.26206547 0.3124186 -0.91308063
vn 0.571185 0.68084484 -0.45847365
vn 0.571185 0.68084484 -0.45847365
vn 0.47078592 -0.77790314 0.41620582
vn 0.5661901 -0.77946526 0.26807234
vn 0.4649824 -0.77662367 0.42502597
vn 0.5855979 -0.773676 0.24186914
vn 0.498367 -0.798379 0.33796647
vn 0.48148704 -0.8015882 0.35443857
vn -0.86371124 0.44215608 0.24186967
vn -0.8730437 0.33494967 0.35440573
vn -0.87274915 0.35226566 0.33796138
vn -0.84794176 0.32880148 0.41579378
vn -0.8659643 0.42230067 0.2678958
vn -0.8453945 0.32312685 0.42532003
vn -0.8057059 0.59092724 0.040533263
vn -0.805709 0.59092957 0.040438045
vn 0.3854307 0.45942724 -0.8002311
vn 0.57497233 0.68538994 -0.4468193
vn 0.57497233 0.68538994 -0.4468193
vn 0.38546443 0.45927677 -0.8003012
vn 0.7609808 -0.6484548 -0.020359574
vn 0.75913006 -0.6504104 -0.026226226
vn 0.760376 -0.6493526 -0.013019484
vn 0.7559767 -0.6545187 -0.010226855
vn 0.75080967 -0.6603921 -0.012923618
vn 0.7542193 -0.65655607 -0.009346672
vn 0.7660279 -0.6428073 0
vn 0.35934174 0.42838725 0.82907045
vn 0.35934174 0.42838725 0.82907045
vn 0.35934174 0.42838725 0.82907045
vn 0.35934174 0.42838725 0.82907045
vn 0.036239605 0.043106053 -0.99841297
vn -0.55735606 -0.6641731 -0.49822518
vn -0.55735606 -0.6641731 -0.49822518
vn 0.036239605 0.043106053 -0.99841297
vn 0.33683345 0.401301 -0.8517633
vn 0.33683345 0.401301 -0.8517633
vn -0.33683658 -0.4016862 0.85158044
vn -0.33683658 -0.4016862 0.85158044
vn -0.11596532 -0.1380903 0.9836072
vn -0.11596532 -0.1380903 0.9836072
vn 0.1262681 0.15068246 0.9804852
vn 0.1262681 0.15068246 0.9804852
vn -0.77089965 0.63663113 -0.02035961
vn -0.77167755 0.63588065 -0.013017053
vn -0.772347 0.63465947 -0.026221655
vn -0.77581674 0.6308755 -0.010215014
vn -0.7807292 0.6247359 -0.012919981
vn -0.7773619 0.6289842 -0.009345126
vn -0.7660279 0.6428073 0
vn -0.640461 -0.76367056 0.08134503
vn -0.640461 -0.76367056 0.08134503
vn -0.55735606 -0.6641731 -0.49822518
vn -0.55735606 -0.6641731 -0.49822518
vn 0.14075027 0.1678323 -0.975716
vn 0.44441414 0.52986366 -0.722316
vn 0.44441414 0.52986366 -0.722316
vn 0.14075027 0.1678323 -0.975716
vn -0.072095565 -0.08582805 -0.99369806
vn -0.072095565 -0.08582805 -0.99369806
vn 0.7476207 -0.6625598 -0.04558198
vn 0.7476207 -0.6625598 -0.04558198
vn 0.7527763 -0.657225 -0.037190624
vn 0.7537967 -0.65613884 -0.03566801
vn 0.759401 -0.6500977 -0.02613362
vn 0.759401 -0.6500977 -0.02613362
vn 0.6418203 0.7648438 0.05550363
vn 0.49818233 0.59354645 0.6320736
vn 0.49818233 0.59354645 0.6320736
vn 0.6418203 0.7648438 0.05550363
vn -0.7821739 0.6213906 -0.045583896
vn -0.7821739 0.6213906 -0.045583896
vn -0.7780157 0.62714285 -0.037193693
vn -0.7771988 0.6282436 -0.03566532
vn -0.77210146 0.6349619 -0.026130902
vn -0.77210146 0.6349619 -0.026130902
vn 0.7219903 -0.6907155 0.040523756
vn 0.5661901 -0.77946526 0.26807234
vn 0.5855979 -0.773676 0.24186914
vn 0.72190183 -0.69081324 0.040434133
vn 0.44441414 0.52986366 -0.722316
vn 0.6418203 0.7648438 0.05550363
vn 0.6418203 0.7648438 0.05550363
vn 0.44441414 0.52986366 -0.722316
vn -0.2708361 -0.3227146 0.9069196
vn -0.2708361 -0.3227146 0.9069196
vn -0.2708361 -0.3227146 0.9069196
vn -0.2708361 -0.3227146 0.9069196
vn -0.39444166 -0.46997303 0.78964627
vn -0.39444166 -0.46997303 0.78964627
vn -0.4768297 -0.56799954 0.67082787
vn -0.4768297 -0.56799954 0.67082787
vn 0.57497233 0.68538994 -0.4468193
vn 0.571185 0.68084484 -0.45847365
vn 0.571185 0.68084484 -0.45847365
vn 0.57497233 0.68538994 -0.4468193
vn -0.77714276 0.6293244 0
vn -0.77714276 0.6293244 0
vn -0.77714276 0.6293244 0
vn -0.7771894 0.62926686 0
vn -0.77722716 0.6292202 0
vn -0.77722543 0.6292188 -0.0020980318
vn -0.77718925 0.6292668 -0.00038148943
vn -0.7741361 0.63300264 -0.0045773014
vn -0.7734531 0.633831 -0.005340737
vn -0.7711071 0.636645 -0.008773417
vn -0.7711071 0.636645 -0.008773417
vn 0.23175451 0.27619797 0.9327404
vn 0.23175451 0.27619797 0.9327404
vn 0.23175451 0.27619797 0.9327404
vn 0.23175451 0.27619797 0.9327404
vn 0.7546671 -0.65610784 0
vn 0.7547349 -0.65603 0
vn 0.7546671 -0.65610784 0
vn 0.75464654 -0.65613145 0
vn 0.75464654 -0.65613145 0
vn 0.75460386 -0.6561772 -0.0020982414
vn 0.75464654 -0.65613145 -0.00038147176
vn 0.75787354 -0.6523855 -0.004578144
vn 0.75857216 -0.65156716 -0.0053407145
vn 0.7608407 -0.6488794 -0.008773795
vn 0.7608407 -0.6488794 -0.008773795
vn 0.23164363 0.27617946 0.93277335
vn 0.23164363 0.27617946 0.93277335
vn 0.3808019 0.45375794 0.8056635
vn 0.38076112 0.45376617 0.8056781
vn 0.6113002 0.7285058 -0.30917868
vn 0.6113002 0.7285058 -0.30917868
vn -0.048541345 -0.057791855 -0.99714786
vn -0.04849377 -0.057791986 -0.9971501
vn -0.37022004 -0.44117412 -0.81749773
vn -0.37022004 -0.44117412 -0.81749773
vn -0.37383398 -0.4455491 -0.8134704
vn -0.37383398 -0.4455491 -0.8134704
vn -0.35478717 -0.42269266 -0.8339406
vn -0.35478717 -0.42269266 -0.8339406
vn -0.43583533 -0.51956916 -0.73491186
vn -0.43583533 -0.51956916 -0.73491186
vn 0.6191214 0.7379485 0.268553
vn 0.6191056 0.7379295 0.26864147
vn 0.6191214 0.7379485 0.268553
vn 0.6191056 0.7379295 0.26864147
vn 0.75464654 -0.65613145 0
vn 0.75464654 -0.65613145 0
vn 0.7547349 -0.65603 0
vn 0.7547349 -0.65603 0
vn 0.7547349 -0.65603 0
vn 0.7547349 -0.65603 0
vn -0.2642572 -0.31489614 -0.91159666
vn -0.2642572 -0.31489614 -0.91159666
vn -0.034952953 -0.04167651 -0.9985196
vn -0.034952953 -0.04167651 -0.9985196
vn 0.44279996 0.5276786 -0.72490245
vn 0.44279996 0.5276786 -0.72490245
vn -0.7771894 0.62926686 0
vn -0.7771894 0.62926686 0
vn -0.77714276 0.6293244 0
vn -0.77714276 0.6293244 0
vn -0.77714276 0.6293244 0
vn -0.77714276 0.6293244 0
vn 0.23146687 0.27581468 0.9329251
vn 0.39167422 0.4668238 0.7928852
vn 0.39167422 0.4668238 0.7928852
vn 0.23146687 0.27581468 0.9329251
vn 0.6370453 0.7592092 0.13332176
vn 0.39167422 0.4668238 0.7928852
vn 0.39167422 0.4668238 0.7928852
vn 0.6370453 0.7592092 0.13332176
vn 0.44279996 0.5276786 -0.72490245
vn 0.44279996 0.5276786 -0.72490245
vn -0 -1 0
vn -0 -1 0
vn -0 -1 0
vn -0 -1 0
vn -1 0 0
vn -1 0 0
vn -1 0 0
vn -1 0 0
vn -1 0 0
vn -0 0 1
vn -0 0 1
vn -0 0 1
vn -0 0 1
vn 1 0 0
vn 1 0 0
vn 1 0 0
vn 1 0 0
vn 1 0 0
vn -0 -0.86776745 -0.49697065
vn -0 -0.86776745 -0.49697065
vn -0 -0.5015211 -0.8651454
vn -0 -0.5015211 -0.8651454
vn -0 -0.5015211 -0.8651454
vn -0 -0.5015211 -0.8651454
vn -0 0.7070829 -0.7071306
vn -0 0.7070829 -0.7071306
vn 0.50000596 0.86602205 0
vn 1 0 0
vn 0.50000596 0.86602205 0
vn 1 0 0
vn 0.49998796 -0.8660323 0
vn 0.49998796 -0.8660323 0
vn -0.50000596 0.86602205 0
vn -1 0 0
vn -0.50000596 0.86602205 0
vn -1 0 0
vn -0.50000596 -0.86602205 0
vn -0.50000596 -0.86602205 0
vn -0 0 -1
vn -0 0 -1
vn -0 0 -1
vn -0 0 -1
vn -0 0 -1
vn -0 0 -1
vn 0.49998796 -0.8660323 0
vn -0.50000596 -0.86602205 0
vn 0.49998796 -0.8660323 0
vn -0.50000596 -0.86602205 0
vn -0 0 1
vn -0 0 1
vn -0 0 1
vn -0 0 1
vn -0 0 1
vn -0 0 1
vn 0.16632596 0.19837041 -0.9659114
vn -0.45453483 -0.5417033 -0.70707536
vn -0.45453483 -0.5417033 -0.70707536
vn 0.16632596 0.19837041 -0.9659114
vn 0.6208072 0.7400098 -0.2588127
vn 0.6208072 0.7400098 -0.2588127
vn 0.45453483 0.5417033 0.70707536
vn 0.45453483 0.5417033 0.70707536
vn 0.6208072 0.7400098 -0.2588127
vn 0.6208072 0.7400098 -0.2588127
vn 0.45453483 0.5417033 0.70707536
vn -0.16632596 -0.19837041 0.9659114
vn 0.45453483 0.5417033 0.70707536
vn -0.16632596 -0.19837041 0.9659114
vn -0.6208072 -0.7400098 0.2588127
vn -0.6208072 -0.7400098 0.2588127
vn -0.6208072 -0.7400098 0.2588127
vn -0.45453483 -0.5417033 -0.70707536
vn -0.6208072 -0.7400098 0.2588127
vn -0.45453483 -0.5417033 -0.70707536
vn -0.7660279 0.6428073 0
vn -0.7660279 0.6428073 0
vn -0.7660279 0.6428073 0
vn -0.7660279 0.6428073 0
vn -0.7660279 0.6428073 0
vn -0.7660279 0.6428073 0
vn 0.7660279 -0.6428073 0
vn 0.7660279 -0.6428073 0
vn 0.7660279 -0.6428073 0
vn 0.7660279 -0.6428073 0
vn 0.7660279 -0.6428073 0
vn 0.7660279 -0.6428073 0
vn -0 1 0
vn -0 1 0
vn -0 0.7070829 -0.7071306
vn -0 0.7070829 -0.7071306
vn 0.43583533 0.51956916 0.73491186
vn 0.43583533 0.51956916 0.73491186
vn 0.43583533 0.51956916 0.73491186
vn 0.43583533 0.51956916 0.73491186
vn -0.50000596 0.86602205 0
vn 0.50000596 0.86602205 0
vn -0.50000596 0.86602205 0
vn 0.50000596 0.86602205 0
vn 0.9054681 0.4244143 -8.939303E-06
vn 0.65385693 0.7566182 -8.9409405E-06
vn 0.65385693 0.7566182 -7.5247904E-06
vn 0.9054681 0.4244143 -8.193335E-06
vn 0.07705369 0.9970251 -0.0019400507
vn 0.65385693 0.7566182 -7.5247904E-06
vn 0.65385693 0.7566182 -8.9409405E-06
vn 0.099182665 0.99506927 -2.8242268E-06
vn -0.09384561 0.9955837 -0.0024925298
vn -0.096896894 0.99529135 -0.0024915664
vn -0.09384109 0.9955835 -0.0027298797
vn -0.100709796 0.99450916 -0.02844384
vn -0.100712314 0.9949156 0
vn -0 0 1
vn -0 0 1
vn -0 0 1
vn -0 0 1
vn -0.89657235 -0.4428972 0
vn -0.8965913 -0.44285884 0
vn -0.8965913 -0.44285884 0
vn -0.89657235 -0.4428972 0
vn 0.08926305 -0.9960078 -0.0007390905
vn 0.090028405 -0.99593925 0
vn 0.090028375 -0.9959388 0.000929848
vn 0.089263014 -0.9960074 -0.0012040017
vn 0.08926299 -0.99600714 -0.0014167897
vn 0.08850194 -0.9960759 0.0002692308
vn 0.08850192 -0.9960758 0.00058413175
vn -0 0 -1
vn -0 0 -1
vn -0 0 -1
vn -0.5577063 -0.03972036 -0.82908744
vn -0.56380975 -0.04017335 -0.8249271
vn 0.7758572 -0.6309085 -7.0094757E-06
vn 0.7758572 -0.6309085 -5.9600634E-06
vn 0.9652705 -0.26125255 -8.9421055E-06
vn 0.9652705 -0.26125255 -7.724202E-06
vn 0.7758572 -0.6309085 -5.9600634E-06
vn 0.7758572 -0.6309085 -7.0094757E-06
vn 0.24872364 -0.9685725 -0.0019401731
vn 0.27083945 -0.9626245 -2.582828E-06
vn 0.08010885 -0.996783 -0.0024916676
vn 0.077819295 -0.9969644 -0.0024914574
vn 0.0801088 -0.9967824 -0.0027298983
vn 0.07400339 -0.99685234 -0.028442668
vn 0.07400517 -0.9972579 0
vn -0.9252514 -0.095871836 -0.3670399
vn -0.9252514 -0.095871836 -0.3670399
vn -0.55618 -0.057649314 -0.82905996
vn -0.56228334 -0.058269184 -0.82488924
vn -0.9599316 0.2802344 0
vn -0.9599316 0.2802344 0
vn -0.9599316 0.2802344 0
vn -0.9599316 0.2802344 0
vn -0.084686995 0.99640733 -0.00073910394
vn -0.08468698 0.9964072 0.0009417611
vn -0.08468701 0.99640757 0
vn -0.08468694 0.99640685 -0.0012040234
vn -0.084686935 0.9964066 -0.0014184279
vn -0.08544847 0.9963426 0.00026895452
vn -0.085448466 0.9963425 0.0005841204
vn -0.9277111 -0.06613566 -0.36739385
vn -0.56380975 -0.04017335 -0.8249271
vn -0.9277111 -0.06613566 -0.36739385
vn -0.5577063 -0.03972036 -0.82908744
vn 0.26779148 0.23269631 0.9349546
vn 0.28381354 0.13298991 0.9496124
vn 0.21133462 0.26450205 0.94094443
vn 0.19531313 0.25463188 0.9471089
vn 0.18386896 0.1763349 0.9670048
vn 0.18386896 0.1763349 0.9670048
vn 0.3036499 -0.18267632 0.93510747
vn 0.25405928 -0.22378008 0.94094443
vn 0.3021241 -0.08172991 0.9497586
vn 0.23651141 -0.2169134 0.94710666
vn 0.21209718 -0.14171602 0.9669185
vn 0.21209718 -0.14171602 0.9669185
vn -0 0 1
vn -0 0 1
vn -0 0 1
vn -0 0 1
vn -0 0 -1
vn -0 0 -1
vn -0 0 -1
vn -0.55618 -0.057649314 -0.82905996
vn -0.56228334 -0.058269184 -0.82488924
vn -0.49819708 -0.043582708 -0.86596787
vn 0.49819708 0.043582708 -0.86596787
vn 0.49819708 0.043582708 -0.86596787
vn -0.49819708 -0.043582708 -0.86596787
vn -0.49819708 -0.043582708 -0.86596787
vn -0.49819708 -0.043582708 -0.86596787
vn -0.99619544 -0.08714804 0
vn -0.99619544 -0.08714804 0
vn -0.4982022 -0.04358315 0.86596483
vn -0.4982022 -0.04358315 0.86596483
vn -0.4982022 -0.04358315 0.86596483
vn 0.4982022 0.04358315 0.86596483
vn 0.4982022 0.04358315 0.86596483
vn -0.4982022 -0.04358315 0.86596483
vn 0.99619544 0.08714804 0
vn 0.4982022 0.04358315 0.86596483
vn 0.4982022 0.04358315 0.86596483
vn 0.99619544 0.08714804 0
vn 0.49819708 0.043582708 -0.86596787
vn 0.49819708 0.043582708 -0.86596787
vn -0.0869753 0.99621046 0
vn -0.0869753 0.99621046 0
vn -0.0869753 0.99621046 0
vn -0.0869753 0.99621046 0
vn -0.0869753 0.99621046 0
vn -0.0869753 0.99621046 0
vn 0.0869753 -0.99621046 0
vn 0.0869753 -0.99621046 0
vn 0.0869753 -0.99621046 0
vn 0.0869753 -0.99621046 0
vn 0.0869753 -0.99621046 1.1920956E-05
vn 0.0869753 -0.99621046 1.1920956E-05
vn 0.8331115 0.072906785 0.54827905
vn 0.73854816 0.064613424 0.67109746
vn 0.8331115 0.072906785 0.54827905
vn 0.73854816 0.064613424 0.67109746
vn -0.9562948 -0.083680555 -0.2801749
vn -0.9562948 -0.083680555 -0.2801749
vn -0.9562966 -0.08365687 -0.28017542
vn -0.9562966 -0.08365687 -0.28017542
vn -0.38375863 -0.033569343 -0.92282313
vn -0.5584652 -0.048827555 -0.82808965
vn -0.5584652 -0.048827555 -0.82808965
vn -0.38375863 -0.033569343 -0.92282313
vn -0.40588212 -0.035524223 -0.91323483
vn -0.40588212 -0.035524223 -0.91323483
vn -0.88532 -0.077432126 -0.45848972
vn -0.88532084 -0.07742028 -0.45849013
vn 0.3669704 -0.83202535 0.41601267
vn 0.36925617 -0.8263442 0.42521197
vn 0.31356737 -0.91099524 0.26788646
vn 0.29792783 -0.9234428 0.24185179
vn 0.368118 -0.86617404 0.33798188
vn 0.38070464 -0.8540939 0.35438338
vn 0.15182473 -0.987576 0.0405311
vn 0.15182534 -0.9875799 0.040435888
vn 0.13312982 0.96113825 0.24184616
vn 0.2120941 0.91694456 0.33797726
vn 0.22659297 0.9072302 0.3543853
vn 0.21743874 0.8830111 0.41594696
vn 0.15106277 0.9515334 0.2678885
vn 0.22048731 0.87784845 0.4251676
vn -0.0221254 0.99893326 0.04053144
vn -0.022125488 0.9989371 0.04043623
vn -0.89116895 -0.07797967 -0.4469197
vn -0.8911697 -0.077967815 -0.4469201
vn -0.5974389 -0.052266356 -0.8002094
vn -0.5974389 -0.052266356 -0.8002094
vn 0.09498745 -0.9952702 -0.020361267
vn 0.09575064 -0.99532026 -0.013017891
vn 0.0976564 -0.99487454 -0.026226081
vn 0.102231644 -0.9947082 -0.010216013
vn 0.11062642 -0.9937781 -0.012922309
vn 0.10528584 -0.99439806 -0.009346026
vn 0.0869753 -0.99621046 0
vn -0.55694276 -0.048732497 0.82912
vn -0.55694276 -0.048732497 0.82912
vn -0.55694276 -0.048732497 0.82912
vn -0.55694276 -0.048732497 0.82912
vn 0.86370224 0.07558348 -0.49830258
vn 0.86370224 0.07558348 -0.49830258
vn -0.055694487 -0.0049114143 -0.9984358
vn -0.055694487 -0.0049114143 -0.9984358
vn -0.5218478 -0.04563307 -0.8518172
vn -0.5218478 -0.04563307 -0.8518172
vn 0.17929126 0.01573567 0.9836701
vn 0.5222301 0.04568083 0.8515803
vn 0.5222301 0.04568083 0.8515803
vn 0.17929126 0.01573567 0.9836701
vn -0.19607823 -0.017118698 0.9804388
vn -0.19607823 -0.017118698 0.9804388
vn -0.079345845 0.99663913 -0.020360984
vn -0.07705662 0.99668163 -0.026225954
vn -0.07858233 0.9968226 -0.013017583
vn -0.071717754 0.9973726 -0.010216442
vn -0.06408586 0.9978607 -0.012922075
vn -0.069427475 0.9975432 -0.009346006
vn -0.0869753 0.99621046 0
vn 0.99287134 0.08704795 0.081419654
vn 0.86370224 0.07558348 -0.49830258
vn 0.86370224 0.07558348 -0.49830258
vn 0.99287134 0.08704795 0.081419654
vn -0.21818319 -0.019071959 -0.9757214
vn -0.68893456 -0.060272243 -0.7223132
vn -0.68893456 -0.060272243 -0.7223132
vn -0.21818319 -0.019071959 -0.9757214
vn 0.11176589 0.009774747 -0.9936865
vn 0.11176589 0.009774747 -0.9936865
vn 0.1064291 -0.99362445 -0.03719297
vn 0.11367869 -0.9924712 -0.045585915
vn 0.11367869 -0.9924712 -0.045585915
vn 0.10528586 -0.9938022 -0.03566749
vn 0.09689284 -0.9949517 -0.026130551
vn 0.09689284 -0.9949517 -0.026130551
vn -0.7720051 -0.06750038 0.63202196
vn -0.9946571 -0.087037265 0.055513084
vn -0.7720045 -0.06751225 0.6320214
vn -0.99465406 -0.087072775 0.055512916
vn -0.68893456 -0.060272243 -0.7223132
vn -0.68893456 -0.060272243 -0.7223132
vn -0.06752052 0.99702436 -0.037193507
vn -0.06027093 0.99714065 -0.045584664
vn -0.06027093 0.99714065 -0.045584664
vn -0.06866339 0.99700207 -0.03566682
vn -0.077056825 0.99668425 -0.026130656
vn -0.077056825 0.99668425 -0.026130656
vn 0.41962212 0.036716934 0.90695596
vn 0.41962212 0.036716934 0.90695596
vn 0.41962212 0.036716934 0.90695596
vn 0.41962194 0.036728837 0.90695554
vn 0.73854816 0.064613424 0.67109746
vn 0.6111586 0.053481143 0.78969926
vn 0.6111594 0.05345737 0.7897002
vn 0.73854816 0.064613424 0.67109746
vn -0.8911697 -0.077967815 -0.4469201
vn -0.89116895 -0.07797967 -0.4469197
vn -0.88532084 -0.07742028 -0.45849013
vn -0.88532 -0.077432126 -0.45848972
vn -0.06980848 0.9975604 0
vn -0.069713585 0.99756706 0
vn -0.06980848 0.9975604 0
vn -0.06980848 0.9975604 0
vn -0.069810145 0.99756026 0
vn -0.06942705 0.9975848 -0.0020980702
vn -0.06980848 0.9975604 -0.0003814671
vn -0.0743873 0.99721897 -0.00457768
vn -0.07553214 0.997129 -0.005340656
vn -0.07896508 0.9968388 -0.008773898
vn -0.07896508 0.9968388 -0.008773898
vn 0.54973704 0.048092455 -0.83395225
vn 0.57942617 0.050685488 -0.8134472
vn 0.57942617 0.050685488 -0.8134472
vn 0.54973644 0.048116244 -0.83395135
vn 0.6755868 0.059128147 -0.7349056
vn 0.6755877 0.059104394 -0.73490673
vn 0.57942617 0.050685488 -0.8134472
vn 0.57942617 0.050685488 -0.8134472
vn 0.573737 0.050211523 -0.817499
vn 0.5737374 0.05019964 -0.81749946
vn 0.075148694 0.0065761823 -0.9971507
vn 0.5737374 0.05019964 -0.81749946
vn 0.573737 0.050211523 -0.817499
vn 0.07514869 0.006580279 -0.9971506
vn -0.9473838 -0.08288655 -0.30918244
vn -0.9473848 -0.08287471 -0.30918273
vn -0.3591724 -0.0314252 0.93274194
vn -0.3589424 -0.031421766 0.93283063
vn -0.3589424 -0.031421766 0.93283063
vn -0.35917246 -0.031419247 0.9327421
vn 0.10452266 -0.99452245 0
vn 0.1045227 -0.99452245 0
vn 0.10452282 -0.99452245 0
vn 0.10452282 -0.99452245 0
vn 0.104522206 -0.9945226 0
vn 0.10452321 -0.99452025 -0.0020980937
vn 0.10452282 -0.99452245 -0.00038147013
vn 0.09994409 -0.9949825 -0.004577592
vn 0.09880118 -0.99509287 -0.005340604
vn 0.09498547 -0.99544 -0.008773758
vn 0.09498547 -0.99544 -0.008773758
vn -0.5901284 -0.05162685 0.8056569
vn -0.9473848 -0.08287471 -0.30918273
vn -0.59012806 -0.051640972 0.8056563
vn -0.9473838 -0.08288655 -0.30918244
vn -0.59012806 -0.051640972 0.8056563
vn -0.3591405 -0.031422414 0.9327544
vn -0.35914063 -0.031410504 0.9327548
vn -0.5901284 -0.05162685 0.8056569
vn -0.95959854 -0.08394818 0.2685579
vn -0.9595981 -0.08395411 0.2685578
vn -0.959574 -0.083946034 0.2686464
vn -0.9595735 -0.08395195 0.26864627
vn 0.10452266 -0.99452245 0
vn 0.104522206 -0.9945226 0
vn 0.104522206 -0.9945226 0
vn 0.10452282 -0.99452245 0
vn 0.1045227 -0.99452245 0
vn 0.10452266 -0.99452245 0
vn 0.05416997 0.0047416603 -0.99852043
vn 0.40950248 0.035821926 -0.9116055
vn 0.40950227 0.035833832 -0.91160506
vn 0.05416997 0.0047446406 -0.99852043
vn -0.6862556 -0.06003306 -0.7248789
vn -0.6862555 -0.06003454 -0.72487885
vn -0.069713585 0.99756706 0
vn -0.06980848 0.9975604 0
vn -0.06980848 0.9975604 0
vn -0.069713585 0.99756706 0
vn -0.069713585 0.99756706 0
vn -0.069713585 0.99756706 0
vn -0.60702777 -0.053120892 0.7929032
vn -0.35877678 -0.031376276 0.93289584
vn -0.35877666 -0.031388186 0.93289554
vn -0.60702795 -0.053113457 0.7929035
vn -0.60702777 -0.053120892 0.7929032
vn -0.60702795 -0.053113457 0.7929035
vn -0.98730206 -0.086375825 0.13331869
vn -0.987303 -0.08636473 0.13331883
vn -0.6862555 -0.06003454 -0.72487885
vn -0.6862556 -0.06003306 -0.7248789
vn 0.99619496 0.08715276 0
vn 0.9961939 0.08716459 0
vn 0.9961939 0.08716459 0
vn 0.99619496 0.08715276 0
vn -0.08716667 0.99619377 0
vn -0.08716667 0.99619377 0
vn -0.08716667 0.99619377 0
vn -0.08716667 0.99619377 0
vn -0.08716667 0.99619377 0
vn -0 0 1
vn -0 0 1
vn -0 0 1
vn -0 0 1
vn 0.087165624 -0.9961939 0
vn 0.087165624 -0.9961939 0
vn 0.087165624 -0.9961939 0
vn 0.087165624 -0.9961939 0
vn 0.087165624 -0.9961939 0
vn 0.8644563 0.07563039 -0.4969861
vn 0.8644563 0.07563039 -0.4969861
vn 0.4996138 0.04370071 -0.8651453
vn 0.49961346 0.043712605 -0.86514485
vn -0.70437837 -0.061630726 -0.707144
vn 0.49961346 0.043712605 -0.86514485
vn 0.4996138 0.04370071 -0.8651453
vn -0.70437837 -0.061630726 -0.707144
vn -0.81915456 -0.57357275 0
vn 0.087165624 -0.9961939 0
vn -0.81915456 -0.57357275 0
vn 0.087165624 -0.9961939 0
vn 0.9063167 -0.42259935 0
vn 0.9063167 -0.42259935 0
vn -0.9063055 0.4226231 0
vn -0.9063055 0.4226231 0
vn -0.08716667 0.99619377 0
vn -0.08716667 0.99619377 0
vn 0.81915456 0.57357275 0
vn 0.81915456 0.57357275 0
vn -0 0 -1
vn -0 0 -1
vn -0 0 -1
vn -0 0 -1
vn -0 0 -1
vn -0 0 -1
vn 0.9063167 -0.42259935 0
vn 0.81915456 0.57357275 0
vn 0.9063167 -0.42259935 0
vn 0.81915456 0.57357275 0
vn -0 0 1
vn -0 0 1
vn -0 0 1
vn -0 0 1
vn -0 0 1
vn -0 0 1
vn 0.704522 0.061626602 -0.7070014
vn 0.704523 0.061602853 -0.7070024
vn -0.25788203 -0.022555139 -0.96591306
vn -0.25788203 -0.022555139 -0.96591306
vn -0.9622317 -0.08423582 -0.25887164
vn -0.9622326 -0.08422397 -0.25887185
vn -0.704522 -0.061626602 0.7070014
vn -0.9622317 -0.08423582 -0.25887164
vn -0.9622326 -0.08422397 -0.25887185
vn -0.704523 -0.061602853 0.7070024
vn -0.704523 -0.061602853 0.7070024
vn 0.25788203 0.022555139 0.96591306
vn -0.704522 -0.061626602 0.7070014
vn 0.25788203 0.022555139 0.96591306
vn 0.9622287 0.08427132 0.25887084
vn 0.9622326 0.08422397 0.25887185
vn 0.704522 0.061626602 -0.7070014
vn 0.9622287 0.08427132 0.25887084
vn 0.704523 0.061602853 -0.7070024
vn 0.9622326 0.08422397 0.25887185
vn -0.0869753 0.99621046 0
vn -0.0869753 0.99621046 0
vn -0.0869753 0.99621046 0
vn -0.0869753 0.99621046 0
vn -0.0869753 0.99621046 0
vn -0.0869753 0.99621046 0
vn 0.0869753 -0.99621046 0
vn 0.0869753 -0.99621046 0
vn 0.0869753 -0.99621046 0
vn 0.0869753 -0.99621046 0
vn 0.0869753 -0.99621046 0
vn 0.0869753 -0.99621046 0
vn -0.99619496 -0.08715276 0
vn -0.70437837 -0.061630726 -0.707144
vn -0.9961939 -0.08716459 0
vn -0.70437837 -0.061630726 -0.707144
vn -0.6755887 -0.059080634 0.73490775
vn -0.6755877 -0.059104394 0.73490673
vn -0.6755887 -0.059080634 0.73490775
vn -0.6755877 -0.059104394 0.73490673
vn -0.9063055 0.4226231 0
vn -0.81915456 -0.57357275 0
vn -0.9063055 0.4226231 0
vn -0.81915456 -0.57357275 0
vn -0.244151 0.96973723 -2.3842871E-05
vn 0.17132507 0.98521453 -2.9187999E-05
vn 0.17132507 0.98521453 -2.981018E-05
vn -0.244151 0.96973723 -2.405205E-05
vn -0.7727649 0.63468945 -0.0019458584
vn -0.75796264 0.65229803 -7.530373E-06
vn -0 0 1
vn -0 0 1
vn -0 0 1
vn -0 0 1
vn -0.87227017 0.48819667 -0.02843841
vn -0.8727141 0.48823166 0
vn -0.8707873 0.49165347 -0.002491165
vn -0.7727649 0.63468945 -0.0019458584
vn -0.8694352 0.49404064 -0.0024936826
vn -0.8694347 0.4940403 -0.0027300974
vn -0.75796264 0.65229803 -7.530373E-06
vn -0.15182786 -0.98840696 0
vn -0.15182786 -0.98840696 0
vn -0.15182786 -0.98840696 0
vn -0.15182786 -0.98840696 0
vn 0.8672315 -0.49790454 -0.0007511491
vn 0.86732626 -0.49774003 0
vn 0.86749053 -0.4974528 0.0009298629
vn 0.86706626 -0.4981912 -0.0012069739
vn 0.8670661 -0.49819103 -0.0014193604
vn 0.86680734 -0.49864313 0.00026640887
vn 0.8668073 -0.49864307 0.0005841983
vn -0 0 -1
vn -0 0 -1
vn -0 0 -1
vn -0.28724617 -0.4795066 -0.82919425
vn -0.2902979 -0.48484704 -0.8250155
vn 0.76759547 0.6409346 -1.4902682E-05
vn 0.76759547 0.6409346 -1.4579238E-05
vn 0.9619832 0.27310863 -1.1919896E-05
vn 0.9619832 0.27310863 -1.1832335E-05
vn 0.9361078 -0.35170797 -0.001940092
vn 0.94384646 -0.33038443 -3.5921523E-06
vn 0.8624312 -0.5061682 -0.0024917657
vn 0.8613033 -0.508085 -0.0024913142
vn 0.86259717 -0.50588405 -0.0027301905
vn 0.85875744 -0.5115921 -0.028445626
vn 0.85920507 -0.5116314 0
vn -0.45201313 -0.81286067 -0.36734408
vn -0.45201313 -0.81286067 -0.36734408
vn -0.2746588 -0.4936229 -0.8251661
vn -0.27160698 -0.4882822 -0.8293432
vn -0.78012395 -0.625625 0
vn -0.78012395 -0.625625 0
vn -0.78012395 -0.625625 0
vn -0.78012395 -0.625625 0
vn -0.8648421 0.50204337 -0.0007510621
vn -0.86484206 0.50204325 0.0009418081
vn -0.8646768 0.5023288 0
vn -0.86484176 0.5020431 -0.0012070636
vn -0.8648415 0.502043 -0.0014219194
vn -0.86526954 0.50130695 0.00026856925
vn -0.8652694 0.5013069 0.0005841904
vn -0.28724617 -0.4795066 -0.82919425
vn -0.47793034 -0.79794914 -0.3672325
vn -0.47793034 -0.79794914 -0.3672325
vn -0.2902979 -0.48484704 -0.8250155
vn -0.03700262 0.3524786 0.9350881
vn 0.05378722 0.30822748 0.94979095
vn -0.09536689 0.32501036 0.94088966
vn -0.09689349 0.3059393 0.9471076
vn -0.4672824 0.5950698 0.65386456
vn -0.038910013 0.25177068 0.96700436
vn -0.038910013 0.25177068 0.96700436
vn 0.32386827 0.14419577 0.93504924
vn 0.3292064 0.08010817 0.9408538
vn 0.2403256 0.20065284 0.9497273
vn 0.31318688 0.06904607 0.9471782
vn 0.2376553 0.09231554 0.96695286
vn 0.2376553 0.09231554 0.96695286
vn -0 0 1
vn -0 0 1
vn -0 0 1
vn -0 0 1
vn -0 0 -1
vn -0 0 -1
vn -0 0 -1
vn -0.27160698 -0.4882822 -0.8293432
vn -0.2746588 -0.4936229 -0.8251661
vn 0.2498644 0.43297115 -0.86608535
vn -0.2498644 -0.43297115 -0.86608535
vn -0.2498644 -0.43297115 -0.86608535
vn 0.2498644 0.43297115 -0.86608535
vn -0.50011873 -0.86595684 0
vn -0.2498644 -0.43297115 -0.86608535
vn -0.2498644 -0.43297115 -0.86608535
vn -0.50011873 -0.86595684 0
vn -0.2498644 -0.43297115 0.86608535
vn -0.2498644 -0.43297115 0.86608535
vn 0.2498644 0.43297115 0.86608535
vn -0.2498644 -0.43297115 0.86608535
vn -0.2498644 -0.43297115 0.86608535
vn 0.2498644 0.43297115 0.86608535
vn 0.2498644 0.43297115 0.86608535
vn 0.50011873 0.86595684 0
vn 0.2498644 0.43297115 0.86608535
vn 0.50011873 0.86595684 0
vn 0.2498644 0.43297115 -0.86608535
vn 0.2498644 0.43297115 -0.86608535
vn -0.86595684 0.50011873 0
vn -0.86595684 0.50011873 0
vn -0.86595684 0.50011873 0
vn -0.86595684 0.50011873 0
vn -0.86595684 0.50011873 0
vn -0.86595684 0.50011873 0
vn 0.86595684 -0.50011873 0
vn 0.86595684 -0.50011873 0
vn 0.86595684 -0.50011873 0
vn 0.86595684 -0.50011873 0
vn 0.86595684 -0.50011873 1.1921213E-05
vn 0.86595684 -0.50011873 1.1921213E-05
vn 0.37079272 0.64202076 0.6710604
vn 0.37079272 0.64202076 0.6710604
vn 0.418111 0.7240645 0.5485561
vn 0.418111 0.7240645 0.5485561
vn -0.4799536 -0.8313346 -0.28022727
vn -0.4799536 -0.8313346 -0.28022727
vn -0.4799536 -0.8313346 -0.28022727
vn -0.4799536 -0.8313346 -0.28022727
vn -0.28037933 -0.4852279 -0.8282157
vn -0.19263849 -0.3337796 -0.92275757
vn -0.28037933 -0.4852279 -0.8282157
vn -0.19263849 -0.3337796 -0.92275757
vn -0.20370379 -0.3528577 -0.91323394
vn -0.2038955 -0.35285935 -0.9131905
vn -0.44433445 -0.7696712 -0.45844635
vn -0.44433445 -0.7696712 -0.45844635
vn 0.89220643 -0.17622891 0.41582578
vn 0.8887996 -0.17127511 0.42508847
vn 0.9261541 -0.26548734 0.26787138
vn 0.92730093 -0.28570476 0.24183823
vn 0.92066544 -0.19531 0.3379779
vn 0.9179785 -0.17814088 0.35437444
vn 0.8960448 -0.44210982 0.04052991
vn 0.8960483 -0.44211152 0.040434703
vn -0.7110148 0.6602825 0.2418366
vn -0.6294661 0.6996611 0.33800423
vn -0.61343646 0.70575714 0.35440454
vn -0.5988942 0.6843415 0.4159358
vn -0.69301987 0.6693725 0.26770133
vn -0.59280103 0.6839719 0.42516974
vn -0.29984015 -0.5191889 -0.80033666
vn -0.29984015 -0.5191889 -0.80033666
vn -0.44726735 -0.7747548 -0.44688588
vn -0.44726735 -0.7747548 -0.44688588
vn 0.8696782 -0.4931991 -0.020359242
vn 0.8702047 -0.4925183 -0.013018734
vn 0.870817 -0.49090734 -0.026223684
vn 0.8734992 -0.48671836 -0.010215458
vn 0.8772678 -0.47982734 -0.012920629
vn 0.8747481 -0.48448762 -0.009346414
vn 0.86595684 -0.50011873 0
vn -0.27962127 -0.48409197 0.82913625
vn -0.27962127 -0.48409197 0.82913625
vn -0.27962127 -0.48409197 0.82913625
vn -0.27962127 -0.48409197 0.82913625
vn -0.028228797 -0.04844672 -0.9984268
vn 0.4337005 0.7510609 -0.49780673
vn 0.4337005 0.7510609 -0.49780673
vn -0.02822861 -0.04882787 -0.99840826
vn -0.26206914 -0.4535665 -0.85182
vn -0.26188084 -0.45357072 -0.8518756
vn 0.090028875 0.15602462 0.98364174
vn 0.26207697 0.45396158 0.8516071
vn 0.26207697 0.45396158 0.8516071
vn 0.090028875 0.15602462 0.98364174
vn -0.0984212 -0.17013898 0.98049265
vn -0.0984212 -0.17013898 0.98049265
vn -0.8619418 0.5065983 -0.020361206
vn -0.8604786 0.50881135 -0.026222475
vn -0.8616159 0.5073939 -0.013018659
vn -0.8582885 0.5130658 -0.010216018
vn -0.8541051 0.51993984 -0.012922203
vn -0.8568827 0.51542675 -0.0093471175
vn -0.86595684 0.50011873 0
vn 0.49818838 0.86324674 0.08132277
vn 0.49818838 0.86324674 0.08132277
vn 0.4337005 0.7510609 -0.49780673
vn 0.4337005 0.7510609 -0.49780673
vn -0.3458014 -0.59890586 -0.722311
vn -0.3458014 -0.59890586 -0.722311
vn -0.10947549 -0.1895795 -0.97574323
vn -0.10947549 -0.1895795 -0.97574323
vn 0.05607314 0.09726975 -0.9936772
vn 0.05607314 0.09726975 -0.9936772
vn 0.87507755 -0.48255152 -0.037192702
vn 0.87820464 -0.47610748 -0.04558881
vn 0.87820464 -0.47610748 -0.04558881
vn 0.8745023 -0.4836942 -0.035857454
vn 0.87060994 -0.49127957 -0.026127836
vn 0.87060994 -0.49127957 -0.026127836
vn -0.38741 -0.67105293 0.6321403
vn -0.38741 -0.67105293 0.6321403
vn -0.49912825 -0.8647488 0.055501077
vn -0.49912825 -0.8647488 0.055501077
vn -0.3458014 -0.59890586 -0.722311
vn -0.3458014 -0.59890586 -0.722311
vn -0.851375 0.5225733 -0.04558213
vn -0.851375 0.5225733 -0.04558213
vn -0.8554657 0.51652205 -0.03719416
vn -0.85622275 0.51537395 -0.035667997
vn -0.86064774 0.50852984 -0.026132256
vn -0.86064774 0.50852984 -0.026132256
vn -0.83083797 0.55503637 0.040531006
vn -0.69301987 0.6693725 0.26770133
vn -0.7110148 0.6602825 0.2418366
vn -0.8308412 0.5550386 0.040435802
vn 0.21077296 0.36508548 0.90680057
vn 0.21077296 0.36508548 0.90680057
vn 0.21077296 0.36508548 0.90680057
vn 0.21077296 0.36508548 0.90680057
vn 0.37079272 0.64202076 0.6710604
vn 0.37079272 0.64202076 0.6710604
vn 0.30670577 0.53139436 0.7896529
vn 0.30670577 0.53139436 0.7896529
vn -0.44726735 -0.7747548 -0.44688588
vn -0.44433445 -0.7696712 -0.45844635
vn -0.44726735 -0.7747548 -0.44688588
vn -0.44433445 -0.7696712 -0.45844635
vn -0.8571477 0.5150706 0
vn -0.8571477 0.5150706 0
vn -0.85718983 0.5150006 0
vn -0.85718983 0.5150006 0
vn -0.85718983 0.5150006 0
vn -0.85707843 0.5151817 -0.0020981114
vn -0.8571898 0.5150005 -0.00038148186
vn -0.85946345 0.5111767 -0.004577702
vn -0.86011195 0.5100774 -0.005341125
vn -0.8619206 0.50696725 -0.0087737
vn -0.8619206 0.50696725 -0.0087737
vn -0.1802326 -0.31202176 0.93282294
vn -0.18025394 -0.3122494 0.93274266
vn -0.18025394 -0.3122494 0.93274266
vn -0.1802326 -0.31202176 0.93282294
vn 0.8746023 -0.48484114 0
vn 0.8746023 -0.48484114 0
vn 0.8746023 -0.48484114 0
vn 0.8746023 -0.48484114 0
vn 0.8746246 -0.48480067 0
vn 0.87470365 -0.4846537 -0.0020980681
vn 0.8746022 -0.48484105 -0.00038146426
vn 0.87224305 -0.48905122 -0.0045777024
vn 0.8718228 -0.48979238 -0.0053404155
vn 0.87003505 -0.4929118 -0.008774745
vn 0.87003505 -0.4929118 -0.008774745
vn 0.03776478 0.065420814 -0.99714285
vn -0.4755018 -0.8235928 -0.3091811
vn -0.4755018 -0.8235928 -0.3091811
vn 0.03776502 0.06532586 -0.99714917
vn 0.28800792 0.49876872 -0.81748474
vn 0.28800792 0.49876872 -0.81748474
vn 0.29070842 0.5035894 -0.81356394
vn 0.29079574 0.50357544 -0.81354135
vn 0.27581492 0.4780029 -0.8339301
vn 0.27581492 0.4780029 -0.8339301
vn 0.33909267 0.5874046 -0.73482794
vn 0.33909267 0.5874046 -0.73482794
vn -0.29621336 -0.5129851 0.80566984
vn -0.29621336 -0.5129851 0.80566984
vn -0.4755018 -0.8235928 -0.3091811
vn -0.4755018 -0.8235928 -0.3091811
vn -0.1802379 -0.31222165 0.932755
vn -0.1802379 -0.31222165 0.932755
vn -0.29621336 -0.5129851 0.80566984
vn -0.29621336 -0.5129851 0.80566984
vn -0.48158646 -0.8342413 0.26854408
vn -0.48158646 -0.8342413 0.26854408
vn -0.4815741 -0.83421993 0.26863256
vn -0.4815741 -0.83421993 0.26863256
vn 0.8746023 -0.48484114 0
vn 0.8746023 -0.48484114 0
vn 0.8746023 -0.48484114 0
vn 0.8746023 -0.48484114 0
vn 0.8746023 -0.48484114 0
vn 0.8746023 -0.48484114 0
vn 0.027180335 0.047112584 -0.9985197
vn 0.20552133 0.35591906 -0.91163725
vn 0.20552133 0.35591906 -0.91163725
vn 0.027180335 0.047112584 -0.9985197
vn -0.34443197 -0.5965449 -0.7249142
vn -0.34443197 -0.5965449 -0.7249142
vn -0.8571477 0.5150706 0
vn -0.85718983 0.5150006 0
vn -0.85718983 0.5150006 0
vn -0.8571477 0.5150706 0
vn -0.8571477 0.5150706 0
vn -0.8571477 0.5150706 0
vn -0.18005878 -0.3118603 0.9329105
vn -0.18005878 -0.3118603 0.9329105
vn -0.30469257 -0.5277523 0.7928682
vn -0.30469257 -0.5277523 0.7928682
vn -0.30469257 -0.5277523 0.7928682
vn -0.30469257 -0.5277523 0.7928682
vn -0.49552545 -0.85830045 0.13332266
vn -0.49552545 -0.85830045 0.13332266
vn -0.34443197 -0.5965449 -0.7249142
vn -0.34443197 -0.5965449 -0.7249142
vn 0.50000596 0.86602205 0
vn 0.50000596 0.86602205 0
vn 0.50000596 0.86602205 0
vn 0.50000596 0.86602205 0
vn -0.866019 0.5000111 0
vn -0.86602205 0.50000596 0
vn -0.866019 0.5000111 0
vn -0.86602205 0.50000596 0
vn -0.86602205 0.50000596 0
vn -0 0 1
vn -0 0 1
vn -0 0 1
vn -0 0 1
vn 0.86602205 -0.50000596 0
vn 0.86602205 -0.50000596 0
vn 0.86602205 -0.50000596 0
vn 0.86602205 -0.50000596 0
vn 0.86602205 -0.50000596 0
vn 0.25072032 0.43430215 -0.8651711
vn 0.43384385 0.7515256 -0.49697965
vn 0.43388262 0.75151 -0.4969694
vn 0.25076497 0.43429697 -0.86516064
vn 0.25076497 0.43429697 -0.86516064
vn -0.35353404 -0.61234576 -0.70713955
vn 0.25072032 0.43430215 -0.8651711
vn -0.35356534 -0.61233795 -0.7071307
vn 0.86602205 -0.50000596 0
vn 0.86602205 -0.50000596 0
vn -0 -1 0
vn -0 -1 0
vn -0.866019 -0.5000111 0
vn -0.866019 -0.5000111 0
vn -0.866019 0.5000111 0
vn -0.866019 0.5000111 0
vn -0.866019 -0.5000111 0
vn -0.866019 -0.5000111 0
vn -0.866019 0.5000111 0
vn -0.866019 0.5000111 0
vn -0 1 0
vn -0 1 0
vn 0.86602205 0.50000596 0
vn 0.86602205 0.50000596 0
vn -0 0 -1
vn -0 0 -1
vn -0 0 -1
vn -0 0 -1
vn -0 0 -1
vn -0 0 -1
vn 0.86602205 -0.50000596 0
vn 0.86602205 -0.50000596 0
vn 0.86602205 0.50000596 0
vn 0.86602205 0.50000596 0
vn -0 0 1
vn -0 0 1
vn -0 0 1
vn -0 0 1
vn -0 0 1
vn -0 0 1
vn 0.35365152 0.61230934 -0.7071123
vn -0.12932067 -0.22430842 -0.96589947
vn 0.35365152 0.61230934 -0.7071123
vn -0.12932067 -0.22430842 -0.96589947
vn -0.48292586 -0.83653754 -0.25881928
vn -0.48292586 -0.83653754 -0.25881928
vn -0.35365152 -0.61230934 0.7071123
vn -0.35365152 -0.61230934 0.7071123
vn -0.48292586 -0.83653754 -0.25881928
vn -0.48292586 -0.83653754 -0.25881928
vn -0.35365152 -0.61230934 0.7071123
vn -0.35365152 -0.61230934 0.7071123
vn 0.12932067 0.22430842 0.96589947
vn 0.12932067 0.22430842 0.96589947
vn 0.48292586 0.83653754 0.25881928
vn 0.48292586 0.83653754 0.25881928
vn 0.35365152 0.61230934 -0.7071123
vn 0.48292586 0.83653754 0.25881928
vn 0.48292586 0.83653754 0.25881928
vn 0.35365152 0.61230934 -0.7071123
vn -0.86595684 0.50011873 0
vn -0.86595684 0.50011873 0
vn -0.86595684 0.50011873 0
vn -0.86595684 0.50011873 0
vn -0.86595684 0.50011873 0
vn -0.86595684 0.50011873 0
vn 0.86595684 -0.50011873 0
vn 0.86595684 -0.50011873 0
vn 0.86595684 -0.50011873 0
vn 0.86595684 -0.50011873 0
vn 0.86595684 -0.50011873 0
vn 0.86595684 -0.50011873 0
vn -0.12932067 -0.22430842 0.96589947
vn 0.86595684 -0.50011873 0
vn 0.86606336 -0.49993435 0
vn -0.12941998 -0.2241245 0.965929
vn -0.86595684 0.50011873 0
vn -0.12932067 -0.22430842 0.96589947
vn -0.86606336 0.49993435 0
vn -0.12941998 -0.2241245 0.965929
vn 0.12932067 0.22430842 -0.96589947
vn -0.86595684 0.50011873 0
vn 0.12941998 0.2241245 -0.965929
vn -0.86606336 0.49993435 0
vn 0.12941998 0.2241245 -0.965929
vn 0.86606336 -0.49993435 0
vn 0.86595684 -0.50011873 0
vn 0.12932067 0.22430842 -0.96589947
vn -0.50000596 -0.86602205 0
vn -0.35356534 -0.61233795 -0.7071307
vn -0.35353404 -0.61234576 -0.70713955
vn -0.49999696 -0.8660271 0
vn -0.33909267 -0.5874046 0.73482794
vn -0.33909267 -0.5874046 0.73482794
vn -0.33909267 -0.5874046 0.73482794
vn -0.33909267 -0.5874046 0.73482794
vn -0.76759547 0.6409346 -7.292321E-06
vn -0.76759547 0.6409346 -5.961073E-06
vn -0.9619832 0.27310863 -5.959948E-06
vn -0.9619832 0.27310863 -6.0099155E-06
vn -0.9361078 -0.35170797 -0.001937112
vn -0.94384646 -0.33038443 -1.8834957E-06
vn -0.8624312 -0.5061682 -0.0024907615
vn -0.8613033 -0.508085 -0.0024913142
vn -0.86259717 -0.50588405 -0.0027301905
vn -0.8587578 -0.51159227 -0.028433714
vn -0.85920507 -0.5116314 0
vn -0 0 1
vn -0 0 1
vn -0 0 1
vn -0 0 1
vn 0.78012395 -0.625625 0
vn 0.78012395 -0.625625 0
vn 0.78012395 -0.625625 0
vn 0.78012395 -0.625625 0
vn 0.8648421 0.50204337 -0.0007510621
vn 0.8646768 0.5023288 0
vn 0.86484206 0.50204325 0.00092988636
vn 0.86484176 0.5020431 -0.0012070636
vn 0.8648415 0.502043 -0.0014197776
vn 0.86526954 0.50130695 0.0002689105
vn 0.8652694 0.5013069 0.0005841904
vn -0 0 -1
vn -0 0 -1
vn -0 0 -1
vn 0.27160698 -0.4882822 -0.8293432
vn 0.27465874 -0.49362278 -0.8251661
vn -0.17132507 0.98521453 -1.490509E-05
vn -0.17132507 0.98521453 -1.4588638E-05
vn 0.244151 0.96973723 -8.941077E-06
vn 0.244151 0.96973723 -7.98102E-06
vn 0.7727649 0.63468945 -0.0019369186
vn 0.75796264 0.65229803 0
vn 0.8694352 0.49404064 -0.0024908476
vn 0.7727649 0.63468945 -0.0019369186
vn 0.75796264 0.65229803 0
vn 0.8707873 0.49165347 -0.002491165
vn 0.8694347 0.4940403 -0.0027300974
vn 0.87227017 0.48819667 -0.02843841
vn 0.8727141 0.48823166 0
vn 0.47792822 -0.7979457 -0.36724284
vn 0.47792822 -0.7979457 -0.36724284
vn 0.28724617 -0.47950658 -0.82919425
vn 0.2902979 -0.48484704 -0.8250155
vn 0.15182786 -0.98840696 0
vn 0.15182786 -0.98840696 0
vn 0.15182786 -0.98840696 0
vn 0.15182786 -0.98840696 0
vn -0.8672315 -0.49790454 -0.0007392262
vn -0.86749053 -0.4974528 0.0009417842
vn -0.86732626 -0.49774003 0
vn -0.86706626 -0.4981912 -0.0012039939
vn -0.8670661 -0.49819103 -0.0014172208
vn -0.86680734 -0.49864313 0.00026926745
vn -0.8668073 -0.49864307 0.0005841983
vn 0.45201507 -0.81286424 -0.36733377
vn 0.27465874 -0.49362278 -0.8251661
vn 0.45201507 -0.81286424 -0.36733377
vn 0.27160698 -0.4882822 -0.8293432
vn -0.32386827 0.14419577 0.93504924
vn -0.2403256 0.20065284 0.9497273
vn -0.3292064 0.08010817 0.9408538
vn -0.31318688 0.06904607 0.9471782
vn -0.2376553 0.09231554 0.96695286
vn -0.2376553 0.09231554 0.96695286
vn 0.03700262 0.3524786 0.9350881
vn 0.09536689 0.32501036 0.94088966
vn -0.05378722 0.30822748 0.94979095
vn 0.09689349 0.3059393 0.9471076
vn 0.4672824 0.5950698 0.65386456
vn 0.038910013 0.25177068 0.96700436
vn 0.038910013 0.25177068 0.96700436
vn -0 0 1
vn -0 0 1
vn -0 0 1
vn -0 0 1
vn -0 0 -1
vn -0 0 -1
vn -0 0 -1
vn 0.28724617 -0.47950658 -0.82919425
vn 0.2902979 -0.48484704 -0.8250155
vn 0.2498644 -0.43297115 -0.86608535
vn -0.2498644 0.43297115 -0.86608535
vn -0.2498644 0.43297115 -0.86608535
vn 0.2498644 -0.43297115 -0.86608535
vn 0.2498644 -0.43297115 -0.86608535
vn 0.2498644 -0.43297115 -0.86608535
vn 0.50011873 -0.86595684 0
vn 0.50011873 -0.86595684 0
vn 0.2498644 -0.43297115 0.86608535
vn 0.2498644 -0.43297115 0.86608535
vn 0.2498644 -0.43297115 0.86608535
vn -0.2498644 0.43297115 0.86608535
vn -0.2498644 0.43297115 0.86608535
vn 0.2498644 -0.43297115 0.86608535
vn -0.50011873 0.86595684 0
vn -0.2498644 0.43297115 0.86608535
vn -0.2498644 0.43297115 0.86608535
vn -0.50011873 0.86595684 0
vn -0.2498644 0.43297115 -0.86608535
vn -0.2498644 0.43297115 -0.86608535
vn -0.86595684 -0.50011873 0
vn -0.86595684 -0.50011873 0
vn -0.86595684 -0.50011873 0
vn -0.86595684 -0.50011873 0
vn -0.86595684 -0.50011873 0
vn -0.86595684 -0.50011873 0
vn 0.86595684 0.50011873 0
vn 0.86595684 0.50011873 1.1921213E-05
vn 0.86595684 0.50011873 1.1921213E-05
vn 0.86595684 0.50011873 0
vn 0.86595684 0.50011873 0
vn 0.86595684 0.50011873 0
vn -0.37079272 0.64202076 0.6710604
vn -0.418111 0.7240645 0.5485561
vn -0.37079272 0.64202076 0.6710604
vn -0.418111 0.7240645 0.5485561
vn 0.4799536 -0.8313346 -0.28022727
vn 0.4799536 -0.8313346 -0.28022727
vn 0.4799536 -0.8313346 -0.28022727
vn 0.4799536 -0.8313346 -0.28022727
vn 0.19263849 -0.3337796 -0.92275757
vn 0.28037933 -0.4852279 -0.8282157
vn 0.28037933 -0.4852279 -0.8282157
vn 0.19263849 -0.3337796 -0.92275757
vn 0.2038955 -0.35285935 -0.9131905
vn 0.20370379 -0.3528577 -0.91323394
vn 0.44433445 -0.7696712 -0.45844635
vn 0.44433445 -0.7696712 -0.45844635
vn -0.92730093 -0.28570476 0.24183823
vn -0.92066544 -0.19531 0.3379779
vn -0.9179785 -0.17814088 0.35437444
vn -0.89220643 -0.17622891 0.41582578
vn -0.9261541 -0.26548734 0.26787138
vn -0.8887996 -0.17127511 0.42508847
vn -0.8960448 -0.44210982 0.04052991
vn -0.8960483 -0.44211152 0.040434703
vn 0.44726735 -0.7747548 -0.44688588
vn 0.44726735 -0.7747548 -0.44688588
vn 0.29984015 -0.5191889 -0.80033666
vn 0.29984015 -0.5191889 -0.80033666
vn 0.8619418 0.5065983 -0.020361206
vn 0.8616159 0.5073939 -0.013018659
vn 0.8604786 0.50881135 -0.026222475
vn 0.8582885 0.5130658 -0.010216018
vn 0.8541051 0.51993984 -0.012922203
vn 0.8568827 0.51542675 -0.0093471175
vn 0.86595684 0.50011873 0
vn 0.27962127 -0.48409197 0.82913625
vn 0.27962127 -0.48409197 0.82913625
vn 0.27962127 -0.48409197 0.82913625
vn 0.27962127 -0.48409197 0.82913625
vn -0.4337005 0.7510609 -0.49780673
vn -0.4337005 0.7510609 -0.49780673
vn 0.028228797 -0.04844672 -0.9984268
vn 0.02822861 -0.04882787 -0.99840826
vn 0.26188084 -0.45357072 -0.8518756
vn 0.26206914 -0.4535665 -0.85182
vn -0.090028875 0.15602462 0.98364174
vn -0.26207697 0.45396158 0.8516071
vn -0.26207697 0.45396158 0.8516071
vn -0.090028875 0.15602462 0.98364174
vn 0.0984212 -0.17013898 0.98049265
vn 0.0984212 -0.17013898 0.98049265
vn -0.8696782 -0.4931991 -0.020359242
vn -0.870817 -0.49090734 -0.026223684
vn -0.8702047 -0.4925183 -0.013018734
vn -0.8734992 -0.48671836 -0.010215458
vn -0.8772678 -0.47982734 -0.012920629
vn -0.8747481 -0.48448762 -0.009346414
vn -0.86595684 -0.50011873 0
vn -0.49818838 0.86324674 0.08132277
vn -0.4337005 0.7510609 -0.49780673
vn -0.4337005 0.7510609 -0.49780673
vn -0.49818838 0.86324674 0.08132277
vn 0.3458014 -0.59890586 -0.722311
vn 0.3458014 -0.59890586 -0.722311
vn 0.10947549 -0.1895795 -0.97574323
vn 0.10947549 -0.1895795 -0.97574323
vn -0.05607314 0.09726975 -0.9936772
vn -0.05607314 0.09726975 -0.9936772
vn 0.8554657 0.51652205 -0.03719416
vn 0.851375 0.5225733 -0.04558213
vn 0.851375 0.5225733 -0.04558213
vn 0.85622275 0.51537395 -0.035667997
vn 0.86064774 0.50852984 -0.026132256
vn 0.86064774 0.50852984 -0.026132256
vn 0.38741 -0.67105293 0.6321403
vn 0.49912825 -0.8647488 0.055501077
vn 0.38741 -0.67105293 0.6321403
vn 0.49912825 -0.8647488 0.055501077
vn 0.3458014 -0.59890586 -0.722311
vn 0.3458014 -0.59890586 -0.722311
vn -0.87820464 -0.47610748 -0.04558881
vn -0.87820464 -0.47610748 -0.04558881
vn -0.87507755 -0.48255152 -0.037192702
vn -0.8745023 -0.4836942 -0.035857454
vn -0.87060994 -0.49127957 -0.026127836
vn -0.87060994 -0.49127957 -0.026127836
vn 0.83083797 0.55503637 0.040531006
vn 0.8308412 0.5550386 0.040435802
vn 0.7110148 0.6602825 0.2418366
vn 0.69301987 0.6693725 0.26770133
vn 0.5988942 0.6843415 0.4159358
vn 0.6294661 0.6996611 0.33800423
vn -0.21077296 0.36508548 0.90680057
vn -0.21077296 0.36508548 0.90680057
vn -0.21077296 0.36508548 0.90680057
vn -0.21077296 0.36508548 0.90680057
vn -0.30670577 0.53139436 0.7896529
vn -0.37079272 0.64202076 0.6710604
vn -0.37079272 0.64202076 0.6710604
vn -0.30670577 0.53139436 0.7896529
vn 0.44726735 -0.7747548 -0.44688588
vn 0.44726735 -0.7747548 -0.44688588
vn 0.44433445 -0.7696712 -0.45844635
vn 0.44433445 -0.7696712 -0.45844635
vn -0.8746023 -0.48484114 0
vn -0.8746023 -0.48484114 0
vn -0.8746023 -0.48484114 0
vn -0.8746023 -0.48484114 0
vn -0.8746246 -0.48480067 0
vn -0.87470365 -0.4846537 -0.0020980681
vn -0.8746022 -0.48484105 -0.00038146426
vn -0.87224305 -0.48905122 -0.0045777024
vn -0.8718228 -0.48979238 -0.0053404155
vn -0.87003505 -0.4929118 -0.008774745
vn -0.87003505 -0.4929118 -0.008774745
vn 0.18025394 -0.3122494 0.93274266
vn 0.1802326 -0.31202176 0.93282294
vn 0.1802326 -0.31202176 0.93282294
vn 0.18025394 -0.3122494 0.93274266
vn 0.8571477 0.5150706 0
vn 0.85718983 0.5150006 0
vn 0.8571477 0.5150706 0
vn 0.85718983 0.5150006 0
vn 0.85718983 0.5150006 0
vn 0.85707843 0.5151817 -0.0020981114
vn 0.8571898 0.5150005 -0.00038148186
vn 0.85946345 0.5111767 -0.004577702
vn 0.86011195 0.5100774 -0.005341125
vn 0.8619206 0.50696725 -0.0087737
vn 0.8619206 0.50696725 -0.0087737
vn 0.4755018 -0.8235928 -0.3091811
vn -0.03776502 0.06532586 -0.99714917
vn 0.4755018 -0.8235928 -0.3091811
vn -0.03776478 0.065420814 -0.99714285
vn -0.28800792 0.49876872 -0.81748474
vn -0.28800792 0.49876872 -0.81748474
vn -0.29079574 0.50357544 -0.81354135
vn -0.29070842 0.5035894 -0.81356394
vn -0.27581492 0.4780029 -0.8339301
vn -0.27581492 0.4780029 -0.8339301
vn -0.33909267 0.5874046 -0.73482794
vn -0.33909267 0.5874046 -0.73482794
vn 0.29621336 -0.5129851 0.80566984
vn 0.4755018 -0.8235928 -0.3091811
vn 0.29621336 -0.5129851 0.80566984
vn 0.4755018 -0.8235928 -0.3091811
vn 0.29621336 -0.5129851 0.80566984
vn 0.1802379 -0.31222165 0.932755
vn 0.1802379 -0.31222165 0.932755
vn 0.29621336 -0.5129851 0.80566984
vn 0.48158646 -0.8342413 0.26854408
vn 0.48158646 -0.8342413 0.26854408
vn 0.4815741 -0.83421993 0.26863256
vn 0.4815741 -0.83421993 0.26863256
vn 0.8571477 0.5150706 0
vn 0.85718983 0.5150006 0
vn 0.85718983 0.5150006 0
vn 0.8571477 0.5150706 0
vn 0.8571477 0.5150706 0
vn 0.8571477 0.5150706 0
vn -0.027227987 0.047112525 -0.9985184
vn -0.20552133 0.35591906 -0.91163725
vn -0.20552133 0.35591906 -0.91163725
vn -0.027180335 0.047112584 -0.9985197
vn 0.34441245 -0.59660643 -0.72487295
vn 0.34441245 -0.59660643 -0.72487295
vn -0.8746023 -0.48484114 0
vn -0.8746023 -0.48484114 0
vn -0.8746023 -0.48484114 0
vn -0.8746023 -0.48484114 0
vn -0.8746023 -0.48484114 0
vn -0.8746023 -0.48484114 0
vn 0.30469257 -0.5277523 0.7928682
vn 0.18005878 -0.3118603 0.9329105
vn 0.18005878 -0.3118603 0.9329105
vn 0.30469257 -0.5277523 0.7928682
vn 0.30469257 -0.5277523 0.7928682
vn 0.30469257 -0.5277523 0.7928682
vn 0.49552545 -0.85830045 0.13332266
vn 0.49552545 -0.85830045 0.13332266
vn 0.34441245 -0.59660643 -0.72487295
vn 0.34441245 -0.59660643 -0.72487295
vn -0.50000596 0.86602205 0
vn -0.50000596 0.86602205 0
vn -0.50000596 0.86602205 0
vn -0.50000596 0.86602205 0
vn -0.86602205 -0.50000596 0
vn -0.86602205 -0.50000596 0
vn -0.86602205 -0.50000596 0
vn -0.86602205 -0.50000596 0
vn -0.86602205 -0.50000596 0
vn -0 0 1
vn -0 0 1
vn -0 0 1
vn -0 0 1
vn 0.866019 0.5000111 0
vn 0.86602205 0.50000596 0
vn 0.866019 0.5000111 0
vn 0.86602205 0.50000596 0
vn 0.86602205 0.50000596 0
vn -0.43388262 0.75151 -0.4969694
vn -0.43384385 0.7515256 -0.49697965
vn -0.25072032 0.43430215 -0.8651711
vn -0.25076497 0.43429697 -0.86516064
vn -0.25076497 0.43429697 -0.86516064
vn 0.35356534 -0.61233795 -0.7071307
vn 0.35353404 -0.61234576 -0.70713955
vn -0.25072032 0.43430215 -0.8651711
vn 0.866019 -0.5000111 0
vn 0.866019 0.5000111 0
vn 0.866019 -0.5000111 0
vn 0.866019 0.5000111 0
vn -0.86602205 -0.50000596 0
vn -0 -1 0
vn -0.86602205 -0.50000596 0
vn -0 -1 0
vn 0.866019 -0.5000111 0
vn 0.866019 -0.5000111 0
vn -0.86602205 0.50000596 0
vn -0.86602205 -0.50000596 0
vn -0.86602205 0.50000596 0
vn -0.86602205 -0.50000596 0
vn -0 0 -1
vn -0 0 -1
vn -0 0 -1
vn -0 0 -1
vn -0 0 -1
vn -0 0 -1
vn -0.86602205 0.50000596 0
vn -0.86602205 0.50000596 0
vn -0 1 0
vn -0 1 0
vn 0.866019 0.5000111 0
vn 0.866019 0.5000111 0
vn -0 0 1
vn -0 0 1
vn -0 0 1
vn -0 0 1
vn -0 0 1
vn -0 0 1
vn -0.35365152 0.61230934 -0.7071123
vn -0.35365152 0.61230934 -0.7071123
vn 0.12932067 -0.22430842 -0.96589947
vn 0.12932067 -0.22430842 -0.96589947
vn 0.48292586 -0.83653754 -0.25881928
vn 0.48292586 -0.83653754 -0.25881928
vn 0.35365152 -0.61230934 0.7071123
vn 0.48292586 -0.83653754 -0.25881928
vn 0.48292586 -0.83653754 -0.25881928
vn 0.35365152 -0.61230934 0.7071123
vn 0.35365152 -0.61230934 0.7071123
vn -0.12932067 0.22430842 0.96589947
vn 0.35365152 -0.61230934 0.7071123
vn -0.12932067 0.22430842 0.96589947
vn -0.48292586 0.83653754 0.25881928
vn -0.48292586 0.83653754 0.25881928
vn -0.35365152 0.61230934 -0.7071123
vn -0.48292586 0.83653754 0.25881928
vn -0.35365152 0.61230934 -0.7071123
vn -0.48292586 0.83653754 0.25881928
vn -0.86595684 -0.50011873 0
vn -0.86595684 -0.50011873 0
vn -0.86595684 -0.50011873 0
vn -0.86595684 -0.50011873 0
vn -0.86595684 -0.50011873 0
vn -0.86595684 -0.50011873 0
vn 0.86595684 0.50011873 0
vn 0.86595684 0.50011873 0
vn 0.86595684 0.50011873 0
vn 0.86595684 0.50011873 0
vn 0.86595684 0.50011873 0
vn 0.86595684 0.50011873 0
vn 0.86606336 0.49993435 0
vn 0.12941998 -0.2241245 0.965929
vn 0.12932067 -0.22430842 0.96589947
vn 0.86595684 0.50011873 0
vn -0.86606336 -0.49993435 0
vn -0.86595684 -0.50011873 0
vn 0.12932067 -0.22430842 0.96589947
vn 0.12941998 -0.2241245 0.965929
vn -0.12932067 0.22430842 -0.96589947
vn -0.86595684 -0.50011873 0
vn -0.12941998 0.2241245 -0.965929
vn -0.86606336 -0.49993435 0
vn -0.12941998 0.2241245 -0.965929
vn 0.86606336 0.49993435 0
vn 0.86595684 0.50011873 0
vn -0.12932067 0.22430842 -0.96589947
vn 0.49999696 -0.8660271 0
vn 0.35353404 -0.61234576 -0.70713955
vn 0.50000596 -0.86602205 0
vn 0.35356534 -0.61233795 -0.7071307
vn 0.33909267 -0.5874046 0.73482794
vn 0.33909267 -0.5874046 0.73482794
vn 0.33909267 -0.5874046 0.73482794
vn 0.33909267 -0.5874046 0.73482794
vn -0.9652584 -0.261297 -8.941995E-06
vn -0.7758572 -0.6309085 -5.9600634E-06
vn -0.7758572 -0.6309085 -6.7630576E-06
vn -0.9652584 -0.261297 -7.749929E-06
vn -0.24872364 -0.9685725 -0.0019401731
vn -0.7758572 -0.6309085 -6.7630576E-06
vn -0.7758572 -0.6309085 -5.9600634E-06
vn -0.27083945 -0.9626245 -2.3533307E-06
vn -0.08010885 -0.996783 -0.0024924623
vn -0.077819295 -0.9969644 -0.0024914574
vn -0.0801088 -0.9967824 -0.0027298983
vn -0.07400339 -0.99685234 -0.028442668
vn -0.07400517 -0.9972579 0
vn -0 0 1
vn -0 0 1
vn -0 0 1
vn -0 0 1
vn 0.95991874 0.28027833 0
vn 0.95991874 0.28027833 0
vn 0.95991874 0.28027833 0
vn 0.95991874 0.28027833 0
vn 0.084686995 0.99640733 -0.00073910394
vn 0.08468701 0.99640757 0
vn 0.08468698 0.9964072 0.0009298402
vn 0.08468694 0.99640685 -0.0012040234
vn 0.084686935 0.9964066 -0.0014168241
vn 0.08544847 0.9963426 0.00026983843
vn 0.085448466 0.9963425 0.0005960412
vn -0 0 -1
vn -0 0 -1
vn -0 0 -1
vn 0.55618 -0.057649314 -0.82905996
vn 0.5622833 -0.058269184 -0.82488924
vn -0.9054864 0.42437524 -8.939486E-06
vn -0.9054864 0.42437524 -8.189179E-06
vn -0.65385693 0.7566182 -8.3418745E-06
vn -0.65385693 0.7566182 -8.9409405E-06
vn -0.65385693 0.7566182 -8.9409405E-06
vn -0.65385693 0.7566182 -8.3418745E-06
vn -0.07705369 0.9970251 -0.0019400507
vn -0.099182665 0.99506927 -3.584608E-06
vn 0.09384561 0.9955837 -0.002491902
vn 0.096896894 0.99529135 -0.0024915664
vn 0.09384109 0.9955835 -0.0027298797
vn 0.100709796 0.99450916 -0.02844384
vn 0.100712314 0.9949156 0
vn 0.927707 -0.06613536 -0.3674041
vn 0.927707 -0.06613536 -0.3674041
vn 0.56380975 -0.04017335 -0.8249271
vn 0.5577061 -0.03972035 -0.8290875
vn 0.89657235 -0.4428972 0
vn 0.8965913 -0.44285884 0
vn 0.8965913 -0.44285884 0
vn 0.89657235 -0.4428972 0
vn -0.08926305 -0.9960078 -0.0007390905
vn -0.090028375 -0.9959388 0.000929848
vn -0.090028405 -0.99593925 0
vn -0.089263014 -0.9960074 -0.0012040017
vn -0.08926299 -0.99600714 -0.001417321
vn -0.08850194 -0.9960759 0.00026977673
vn -0.08850192 -0.9960758 0.00059605285
vn 0.92525166 -0.09582419 -0.3670519
vn 0.5622833 -0.058269184 -0.82488924
vn 0.55618 -0.057649314 -0.82905996
vn 0.92525166 -0.09582419 -0.3670519
vn -0.30364984 -0.18272395 0.93509823
vn -0.3021241 -0.08172991 0.9497586
vn -0.25405928 -0.22378008 0.94094443
vn -0.23651141 -0.2169134 0.94710666
vn -0.21209718 -0.14171602 0.9669185
vn -0.21209718 -0.14171602 0.9669185
vn -0.26779148 0.23269631 0.9349546
vn -0.21133462 0.26450205 0.94094443
vn -0.28381354 0.13298991 0.9496124
vn -0.19531313 0.25463188 0.9471089
vn -0.18386896 0.1763349 0.9670048
vn -0.18386896 0.1763349 0.9670048
vn -0 0 1
vn -0 0 1
vn -0 0 1
vn -0 0 1
vn -0 0 -1
vn -0 0 -1
vn -0 0 -1
vn 0.5577061 -0.03972035 -0.8290875
vn 0.56380975 -0.04017335 -0.8249271
vn -0.49819708 0.043582708 -0.86596787
vn 0.49819708 -0.043582708 -0.86596787
vn 0.49819708 -0.043582708 -0.86596787
vn -0.49819708 0.043582708 -0.86596787
vn 0.99619544 -0.08714804 0
vn 0.49819708 -0.043582708 -0.86596787
vn 0.49819708 -0.043582708 -0.86596787
vn 0.99619544 -0.08714804 0
vn 0.4982022 -0.04358315 0.86596483
vn 0.4982022 -0.04358315 0.86596483
vn -0.4982022 0.04358315 0.86596483
vn 0.4982022 -0.04358315 0.86596483
vn 0.4982022 -0.04358315 0.86596483
vn -0.4982022 0.04358315 0.86596483
vn -0.4982022 0.04358315 0.86596483
vn -0.99619544 0.08714804 0
vn -0.4982022 0.04358315 0.86596483
vn -0.99619544 0.08714804 0
vn -0.49819708 0.043582708 -0.86596787
vn -0.49819708 0.043582708 -0.86596787
vn -0.0869753 -0.99621046 0
vn -0.0869753 -0.99621046 0
vn -0.0869753 -0.99621046 0
vn -0.0869753 -0.99621046 0
vn -0.0869753 -0.99621046 0
vn -0.0869753 -0.99621046 0
vn 0.0869753 0.99621046 0
vn 0.0869753 0.99621046 0
vn 0.0869753 0.99621046 0
vn 0.0869753 0.99621046 0
vn 0.0869753 0.99621046 1.1920956E-05
vn 0.0869753 0.99621046 1.1920956E-05
vn -0.8331143 0.07285936 0.548281
vn -0.8331143 0.07285936 0.548281
vn -0.73854816 0.064613424 0.67109746
vn -0.73854816 0.064613424 0.67109746
vn 0.9562966 -0.08365687 -0.28017542
vn 0.9562966 -0.08365687 -0.28017542
vn 0.9562948 -0.083680555 -0.2801749
vn 0.9562948 -0.083680555 -0.2801749
vn 0.5584652 -0.048827555 -0.82808965
vn 0.5584652 -0.048827555 -0.82808965
vn 0.38375863 -0.033569343 -0.92282313
vn 0.38375863 -0.033569343 -0.92282313
vn 0.40588212 -0.035524223 -0.91323483
vn 0.40588212 -0.035524223 -0.91323483
vn 0.88532 -0.077432126 -0.45848972
vn 0.88532084 -0.07742028 -0.45849013
vn -0.21743874 0.8830111 0.41594696
vn -0.22048731 0.87784845 0.4251676
vn -0.15106277 0.9515334 0.2678885
vn -0.13312982 0.96113825 0.24184616
vn -0.2120941 0.91694456 0.33797726
vn -0.22659297 0.9072302 0.3543853
vn 0.0221254 0.99893326 0.04053144
vn 0.022125488 0.9989371 0.04043623
vn -0.29792783 -0.9234428 0.24185179
vn -0.368118 -0.86617404 0.33798188
vn -0.38070464 -0.8540939 0.35438338
vn -0.3669704 -0.83202535 0.41601267
vn -0.31356737 -0.91099524 0.26788646
vn -0.36925617 -0.8263442 0.42521197
vn -0.15182473 -0.987576 0.0405311
vn -0.15182534 -0.9875799 0.040435888
vn 0.5973472 -0.052270267 -0.8002775
vn 0.5973476 -0.052258387 -0.800278
vn 0.8911697 -0.077967815 -0.4469201
vn 0.89116895 -0.07797967 -0.4469197
vn 0.079345845 0.99663913 -0.020360984
vn 0.07858233 0.9968226 -0.013017583
vn 0.07705662 0.99668163 -0.026225954
vn 0.071717754 0.9973726 -0.010216442
vn 0.06408586 0.9978607 -0.012922075
vn 0.069427475 0.9975432 -0.009346006
vn 0.0869753 0.99621046 0
vn 0.55694276 -0.048732497 0.82912
vn 0.55694276 -0.048732497 0.82912
vn 0.55694276 -0.048732497 0.82912
vn 0.55694276 -0.048732497 0.82912
vn 0.055694487 -0.0049114143 -0.9984358
vn -0.86370224 0.07558348 -0.49830258
vn -0.86370224 0.07558348 -0.49830258
vn 0.055694487 -0.0049114143 -0.9984358
vn 0.5218478 -0.04563307 -0.8518172
vn 0.5218478 -0.04563307 -0.8518172
vn -0.5222301 0.04568083 0.8515803
vn -0.5222301 0.04568083 0.8515803
vn -0.17929126 0.01573567 0.9836701
vn -0.17929126 0.01573567 0.9836701
vn 0.19607823 -0.017118698 0.9804388
vn 0.19607823 -0.017118698 0.9804388
vn -0.09498745 -0.9952702 -0.020361267
vn -0.0976564 -0.99487454 -0.026226081
vn -0.09575064 -0.99532026 -0.013017891
vn -0.102231644 -0.9947082 -0.010216013
vn -0.11062642 -0.9937781 -0.012922309
vn -0.10528584 -0.99439806 -0.009346026
vn -0.0869753 -0.99621046 0
vn -0.99287134 0.08704795 0.081419654
vn -0.99287134 0.08704795 0.081419654
vn -0.86370224 0.07558348 -0.49830258
vn -0.86370224 0.07558348 -0.49830258
vn 0.68893456 -0.060272243 -0.7223132
vn 0.68893456 -0.060272243 -0.7223132
vn 0.21818319 -0.019071959 -0.9757214
vn 0.21818319 -0.019071959 -0.9757214
vn -0.11176589 0.009774747 -0.9936865
vn -0.11176589 0.009774747 -0.9936865
vn 0.06752052 0.99702436 -0.037193507
vn 0.06027093 0.99714065 -0.045584664
vn 0.06027093 0.99714065 -0.045584664
vn 0.069045864 0.9969688 -0.035858072
vn 0.077056825 0.99668425 -0.026130656
vn 0.077056825 0.99668425 -0.026130656
vn 0.7720051 -0.06750038 0.63202196
vn 0.7720045 -0.06751225 0.6320214
vn 0.9946571 -0.087037265 0.055513084
vn 0.99465406 -0.087072775 0.055512916
vn 0.68893456 -0.060272243 -0.7223132
vn 0.68893456 -0.060272243 -0.7223132
vn -0.1064291 -0.99362445 -0.03719297
vn -0.11367869 -0.9924712 -0.045585915
vn -0.11367869 -0.9924712 -0.045585915
vn -0.10528514 -0.9937954 -0.035857983
vn -0.09689284 -0.9949517 -0.026130551
vn -0.09689284 -0.9949517 -0.026130551
vn -0.41962212 0.036716934 0.90695596
vn -0.41962194 0.036728837 0.90695554
vn -0.41962212 0.036716934 0.90695596
vn -0.41962212 0.036716934 0.90695596
vn -0.73854816 0.064613424 0.67109746
vn -0.6111594 0.05345737 0.7897002
vn -0.6111586 0.053481143 0.78969926
vn -0.73854816 0.064613424 0.67109746
vn 0.8911697 -0.077967815 -0.4469201
vn 0.88532084 -0.07742028 -0.45849013
vn 0.89116895 -0.07797967 -0.4469197
vn 0.88532 -0.077432126 -0.45848972
vn -0.10452266 -0.99452245 0
vn -0.10452282 -0.99452245 0
vn -0.1045227 -0.99452245 0
vn -0.10452282 -0.99452245 0
vn -0.104522206 -0.9945226 0
vn -0.10452321 -0.99452025 -0.0020980937
vn -0.10452282 -0.99452245 -0.00038147013
vn -0.09994409 -0.9949825 -0.004577592
vn -0.09880118 -0.99509287 -0.005340604
vn -0.09498547 -0.99544 -0.008773758
vn -0.09498547 -0.99544 -0.008773758
vn -0.57942617 0.050685488 -0.8134472
vn -0.57942617 0.050685488 -0.8134472
vn -0.54973644 0.048116244 -0.83395135
vn -0.54973704 0.048092455 -0.83395225
vn -0.6755877 0.059104394 -0.73490673
vn -0.6755868 0.059128147 -0.7349056
vn -0.57942617 0.050685488 -0.8134472
vn -0.5737374 0.05019964 -0.81749946
vn -0.573737 0.050211523 -0.817499
vn -0.57942617 0.050685488 -0.8134472
vn -0.07514869 0.006580279 -0.9971506
vn -0.573737 0.050211523 -0.817499
vn -0.5737374 0.05019964 -0.81749946
vn -0.075148694 0.0065758093 -0.9971507
vn 0.9473848 -0.08287471 -0.30918273
vn 0.9473838 -0.08288655 -0.30918244
vn 0.3589424 -0.031421766 0.93283063
vn 0.3591724 -0.0314252 0.93274194
vn 0.35917246 -0.031419247 0.9327421
vn 0.3589424 -0.031421766 0.93283063
vn 0.06980848 0.9975604 0
vn 0.06980848 0.9975604 0
vn 0.069713585 0.99756706 0
vn 0.06980848 0.9975604 0
vn 0.069810145 0.99756026 0
vn 0.06942705 0.9975848 -0.0020980702
vn 0.06980848 0.9975604 -0.0003814671
vn 0.0743873 0.99721897 -0.00457768
vn 0.07553214 0.997129 -0.005340656
vn 0.07896508 0.9968388 -0.008773898
vn 0.07896508 0.9968388 -0.008773898
vn 0.5901284 -0.05162685 0.8056569
vn 0.59012866 -0.051617187 0.8056573
vn 0.9473848 -0.08287471 -0.30918273
vn 0.9473838 -0.08288655 -0.30918244
vn 0.59012866 -0.051617187 0.8056573
vn 0.35914063 -0.031410504 0.9327548
vn 0.3591405 -0.031422414 0.9327544
vn 0.5901284 -0.05162685 0.8056569
vn 0.9595981 -0.08395411 0.2685578
vn 0.95959854 -0.08394818 0.2685579
vn 0.959574 -0.083946034 0.2686464
vn 0.9595735 -0.08395195 0.26864627
vn 0.069713585 0.99756706 0
vn 0.06980848 0.9975604 0
vn 0.06980848 0.9975604 0
vn 0.069713585 0.99756706 0
vn 0.069713585 0.99756706 0
vn 0.069713585 0.99756706 0
vn -0.05416997 0.0047446406 -0.99852043
vn -0.40950227 0.035833832 -0.91160506
vn -0.40950248 0.035821926 -0.9116055
vn -0.05416997 0.0047416603 -0.99852043
vn 0.6862556 -0.06003306 -0.7248789
vn 0.6862555 -0.06003528 -0.7248788
vn -0.10452266 -0.99452245 0
vn -0.104522206 -0.9945226 0
vn -0.104522206 -0.9945226 0
vn -0.10452282 -0.99452245 0
vn -0.1045227 -0.99452245 0
vn -0.10452266 -0.99452245 0
vn 0.35877666 -0.031388186 0.93289554
vn 0.35877678 -0.031376276 0.93289584
vn 0.6070279 -0.053114947 0.7929035
vn 0.60702777 -0.053120892 0.7929032
vn 0.6070279 -0.053114947 0.7929035
vn 0.60702777 -0.053120892 0.7929032
vn 0.98730206 -0.086375825 0.13331869
vn 0.9873029 -0.08636695 0.13331881
vn 0.6862555 -0.06003528 -0.7248788
vn 0.6862556 -0.06003306 -0.7248789
vn -0.99619496 0.08715276 0
vn -0.9961939 0.08716459 0
vn -0.9961939 0.08716459 0
vn -0.99619496 0.08715276 0
vn -0.087165624 -0.9961939 0
vn -0.087165624 -0.9961939 0
vn -0.087165624 -0.9961939 0
vn -0.087165624 -0.9961939 0
vn -0.087165624 -0.9961939 0
vn -0 0 1
vn -0 0 1
vn -0 0 1
vn -0 0 1
vn 0.08716667 0.99619377 0
vn 0.08716667 0.99619377 0
vn 0.08716667 0.99619377 0
vn 0.08716667 0.99619377 0
vn 0.08716667 0.99619377 0
vn -0.8644563 0.07563039 -0.4969861
vn -0.4996138 0.04370071 -0.8651453
vn -0.4996138 0.04370071 -0.8651453
vn -0.8644563 0.07563039 -0.4969861
vn -0.4996138 0.04370071 -0.8651453
vn 0.70437837 -0.061630726 -0.707144
vn 0.70437837 -0.061630726 -0.707144
vn -0.4996138 0.04370071 -0.8651453
vn 0.9063055 0.4226231 0
vn 0.08716667 0.99619377 0
vn 0.9063055 0.4226231 0
vn 0.08716667 0.99619377 0
vn -0.81915456 0.57357275 0
vn -0.81915456 0.57357275 0
vn 0.81915456 -0.57357275 0
vn 0.81915456 -0.57357275 0
vn -0.087165624 -0.9961939 0
vn -0.087165624 -0.9961939 0
vn -0.9063167 -0.42259935 0
vn -0.9063167 -0.42259935 0
vn -0 0 -1
vn -0 0 -1
vn -0 0 -1
vn -0 0 -1
vn -0 0 -1
vn -0 0 -1
vn -0.81915456 0.57357275 0
vn -0.9063167 -0.42259935 0
vn -0.81915456 0.57357275 0
vn -0.9063167 -0.42259935 0
vn -0 0 1
vn -0 0 1
vn -0 0 1
vn -0 0 1
vn -0 0 1
vn -0 0 1
vn -0.704522 0.061626602 -0.7070014
vn 0.25788203 -0.022555139 -0.96591306
vn -0.704523 0.061602853 -0.7070024
vn 0.25788203 -0.022555139 -0.96591306
vn 0.9622326 -0.08422397 -0.25887185
vn 0.9622317 -0.08423582 -0.25887164
vn 0.704522 -0.061626602 0.7070014
vn 0.704523 -0.061602853 0.7070024
vn 0.9622326 -0.08422397 -0.25887185
vn 0.9622317 -0.08423582 -0.25887164
vn 0.704523 -0.061602853 0.7070024
vn 0.704522 -0.061626602 0.7070014
vn -0.25788203 0.022555139 0.96591306
vn -0.25788203 0.022555139 0.96591306
vn -0.9622326 0.08422397 0.25887185
vn -0.9622287 0.08427132 0.25887084
vn -0.704523 0.061602853 -0.7070024
vn -0.9622326 0.08422397 0.25887185
vn -0.9622287 0.08427132 0.25887084
vn -0.704522 0.061626602 -0.7070014
vn -0.0869753 -0.99621046 0
vn -0.0869753 -0.99621046 0
vn -0.0869753 -0.99621046 0
vn -0.0869753 -0.99621046 0
vn -0.0869753 -0.99621046 0
vn -0.0869753 -0.99621046 0
vn 0.0869753 0.99621046 0
vn 0.0869753 0.99621046 0
vn 0.0869753 0.99621046 0
vn 0.0869753 0.99621046 0
vn 0.0869753 0.99621046 0
vn 0.0869753 0.99621046 0
vn 0.9961939 -0.08716459 0
vn 0.70437837 -0.061630726 -0.707144
vn 0.70437837 -0.061630726 -0.707144
vn 0.99619496 -0.08715276 0
vn 0.6755868 -0.059128147 0.7349056
vn 0.6755868 -0.059128147 0.7349056
vn 0.6755877 -0.059104394 0.73490673
vn 0.6755877 -0.059104394 0.73490673
vn 0.81915456 -0.57357275 0
vn 0.9063055 0.4226231 0
vn 0.81915456 -0.57357275 0
vn 0.9063055 0.4226231 0
vn -0 -1 0
vn -0 -1 0
vn -0 -1 0
vn -0 -1 0
vn -0 -1 0
vn -0 -1 0
vn -0 -1 0
vn -0 -1 0
vn -0 -1 0
vn -0 -1 0
vn -0 -1 0
vn -0 -1 0
vn -0 -1 0
vn -0 -1 0
vn -0 -1 0
vn -0 -1 0
vn -0 -1 0
vn -0 -1 0
vn -0 -1 0
vn -0 -1 0
vn -0 -1 0
vn -0 -1 0
vn -0 -1 0
vn -0 -1 0
vn -0 -1 0
vn -0 -1 0
vn -0 -1 0
vn -0 -1 0
vn -0 -1 0
vn -0 -1 0
vn -0 -1 0
vn -0 -1 0
vn 0.98482287 0.17356229 0
vn 0.98482287 0.17356229 0
vn 0.9848215 0.17357044 0
vn 0.9848215 0.17357044 0
vn -0.9848215 -0.17357044 0
vn -0.9848215 -0.17357044 0
vn -0.9848215 -0.17357044 0
vn -0.9848215 -0.17357044 0
vn -0.9848215 -0.17357044 0
vn -0.9848215 -0.17357044 0
vn -0.98482287 -0.17356229 0
vn -0.98482287 -0.17356229 0
vn 0.9848215 0.17357044 0
vn 0.9848215 0.17357044 0
vn 0.9848215 0.17357044 0
vn 0.9848215 0.17357044 0
vn -0.052450716 0.2975386 0.95326793
vn -0.052450716 0.2975386 0.95326793
vn -0.052450716 0.2975386 0.95326793
vn -0.052450716 0.2975386 0.95326793
vn 0.052450716 -0.2975386 -0.95326793
vn 0.052450716 -0.2975386 -0.95326793
vn 0.052450716 -0.2975386 -0.95326793
vn 0.052450716 -0.2975386 -0.95326793
vn -0.052450716 0.2975386 0.95326793
vn -0.052450716 0.2975386 0.95326793
vn -0.052450716 0.2975386 0.95326793
vn -0.052450716 0.2975386 0.95326793
vn 0.052450716 -0.2975386 -0.95326793
vn 0.052450716 -0.2975386 -0.95326793
vn 0.052450716 -0.2975386 -0.95326793
vn 0.052450716 -0.2975386 -0.95326793
vn -0.9848215 0.17357044 0
vn -0.9848215 0.17357044 0
vn -0.98482287 0.17356229 0
vn -0.98482287 0.17356229 0
vn 0.9848215 -0.17357044 0
vn 0.9848215 -0.17357044 0
vn 0.9848215 -0.17357044 0
vn 0.9848215 -0.17357044 0
vn 0.98482287 -0.17356229 0
vn 0.98482287 -0.17356229 0
vn 0.9848215 -0.17357044 0
vn 0.9848215 -0.17357044 0
vn -0.9848215 0.17357044 0
vn -0.9848215 0.17357044 0
vn -0.9848215 0.17357044 0
vn -0.9848215 0.17357044 0
vn 0.052450716 0.2975386 0.95326793
vn 0.052450716 0.2975386 0.95326793
vn 0.052450716 0.2975386 0.95326793
vn 0.052450716 0.2975386 0.95326793
vn -0.052450716 -0.2975386 -0.95326793
vn -0.052450716 -0.2975386 -0.95326793
vn -0.052450716 -0.2975386 -0.95326793
vn -0.052450716 -0.2975386 -0.95326793
vn 0.052450716 0.2975386 0.95326793
vn 0.052450716 0.2975386 0.95326793
vn 0.052450716 0.2975386 0.95326793
vn 0.052450716 0.2975386 0.95326793
vn -0.052450716 -0.2975386 -0.95326793
vn -0.052450716 -0.2975386 -0.95326793
vn -0.052450716 -0.2975386 -0.95326793
vn -0.052450716 -0.2975386 -0.95326793
vn 1 0 0
vn 1 0 0
vn 1 0 0
vn 1 0 0
vn -0 1 0
vn -0 1 0
vn -0 1 0
vn -0 1 0
vn -0 1 0
vn -0 1 0
vn -0 1 0
vn -0 1 0
vn -0 1 0
vn -0 1 0
vn -0 1 0
vn -0 1 0
vn -0 1 0
vn -0 1 0
vn -0 1 0
vn -0 1 0
vn -0 1 0
vn -0 1 0
vn -0 1 0
vn -0 1 0
vn -0 1 0
vn -0 1 0
vn -0 1 0
vn -0 1 0
vn -0 1 0
vn -0 1 0
vn -0 1 0
vn -0 1 0
vn -0 1 0
vn -0 1 0
vn -0 1 0
vn -0 1 0
vn -0 -1 0
vn -0 -1 0
vn -0 -1 0
vn -0 -1 0
vn -0 -1 0
vn -0 -1 0
vn -0 -1 0
vn -0 -1 0
vn -0 -1 0
vn -0 -1 0
vn -0 -1 0
vn -0 -1 0
vn -0 -1 0
vn -0 -1 0
vn -0 -1 0
vn -0 -1 0
vn -0 -1 0
vn -0 -1 0
vn -0 -1 0
vn -0 -1 0
vn -0 -1 0
vn -0 -1 0
vn -0 -1 0
vn -0 -1 0
vn -0 -1 0
vn -0 -1 0
vn -0 -1 0
vn -0 -1 0
vn -0 -1 0
vn -0 -1 0
vn -0 -1 0
vn -0 -1 0
vn -0 -1 0
vn -0 -1 0
vn -0 -1 0
vn -0 -1 0
vn -0 -1 0
vn -0 -1 0
vn -0 -1 0
vn -0 -1 0
vn -0 -1 0
vn -0 -1 0
vn -0 -1 0
vn -0 -1 0
vn -0 -1 0
vn -0 -1 0
vn -0 -1 0
vn -0 -1 0
vn -0 -1 0
vn -0 -1 0
vn -0 -1 0
vn -0 -1 0
vn -0 -1 0
vn -0 -1 0
vn -0 -1 0
vn -0 -1 0
vn -0 -1 0
vn -0 -1 0
vn -0 -1 0
vn -0 -1 0
vn -0 -1 0
vn -0 -1 0
vn -0 -1 0
vn -0 -1 0
vn -0 -1 0
vn -0 -1 0
vn -0 -1 0
vn -0 -1 0
vn -0 -1 0
vn -0 -1 0
vn -0 -1 0
vn -0 -1 0
vn -0 -1 0
vn -0 -1 0
vn -0 -1 0
vn -0 -1 0
vn -0 -1 0
vn -0 -1 0
vn -0 -1 0
vn -0 -1 0
vn -0 -1 0
vn -0 -1 0
vn -0 -1 0
vn -0 -1 0
vn -0 -1 0
vn -0 -1 0
vn -0 -1 0
vn -0 -1 0
vn -0 -1 0
vn -0 -1 0
vn -0 -1 0
vn -0 -1 0
vn -0 1 0
vn -0 1 0
vn -0 1 0
vn -0 1 0
vn -0 1 0
vn -0 1 0
vn -0 1 0
vn -0 1 0
vn -0 1 0
vn -0 1 0
vn -0 1 0
vn -0 1 0
vn -0 1 0
vn -0 1 0
vn -0 1 0
vn -0 1 0
vn -0 1 0
vn -0 1 0
vn -0 1 0
vn -0 1 0
vn -0 1 0
vn -0 1 0
vn -0 1 0
vn -0 1 0
vn -0 1 0
vn -0 1 0
vn -0 1 0
vn -0 1 0
vn -0 1 0
vn -0 1 0
vn -0 1 0
vn -0 1 0
vn -0 1 0
vn -0 1 0
vn -0 1 0
vn -0 1 0
vn -0 1 0
vn -0 1 0
vn -0 1 0
vn -0 1 0
vn -0 1 0
vn -0 1 0
vn -0 1 0
vn -0 1 0
vn -0 1 0
vn -0 1 0
vn -0 1 0
vn -0 1 0
vn -0 1 0
vn -0 1 0
vn -0 1 0
vn -0 1 0
vn -0 1 0
vn -0 1 0
vn -0 1 0
vn -0 1 0
vn -0 1 0
vn -0 1 0
vn -0 1 0
vn -0 1 0
vn 0.4960795 -0.8435831 0.20560314
vn 0.53692484 -0.8436301 0
vn 0.53692484 -0.8436301 0
vn 0.4960795 -0.8435831 -0.20560314
vn 0.4960795 -0.8435831 0.20560314
vn 0.4960795 -0.8435831 -0.20560314
vn 0.3797578 -0.8436308 0.37956706
vn 0.3797578 -0.8436308 0.37956706
vn 0.20541753 -0.8435088 0.4962826
vn 0.20541753 -0.8435088 0.4962826
vn 0.3797578 -0.8436308 -0.37956706
vn 0.3797578 -0.8436308 -0.37956706
vn 0.20541753 -0.8435088 -0.4962826
vn 0.20541753 -0.8435088 -0.4962826
vn -0 -0.8435162 0.5371038
vn -0 -0.8435162 0.5371038
vn -0.20550887 -0.8434923 0.49627292
vn -0.20550887 -0.8434923 0.49627292
vn -0.3797578 -0.8436308 0.37956706
vn -0.3797578 -0.8436308 0.37956706
vn -0 -0.8435162 -0.5371038
vn -0 -0.8435162 -0.5371038
vn -0.20550887 -0.8434923 -0.49627292
vn -0.20550887 -0.8434923 -0.49627292
vn -0.3797578 -0.8436308 -0.37956706
vn -0.3797578 -0.8436308 -0.37956706
vn -0.4960795 -0.8435831 0.20560314
vn -0.4960795 -0.8435831 0.20560314
vn -0.4960795 -0.8435831 -0.20560314
vn -0.4960795 -0.8435831 -0.20560314
vn -0.5369927 -0.8435869 0
vn -0.5369927 -0.8435869 0
vn 0.24179292 -0.93970704 0.2418406
vn 0.34193066 -0.93972516 0
vn 0.34197277 -0.9397099 0
vn 0.24179292 -0.93970704 -0.2418406
vn 0.24179292 -0.93970704 0.2418406
vn 0.24179292 -0.93970704 -0.2418406
vn -0 -0.9397712 0.3418043
vn -0 -0.9397712 0.3418043
vn -0.24179292 -0.93970704 0.2418406
vn -0.24179292 -0.93970704 0.2418406
vn -0 -0.9397712 -0.3418043
vn -0 -0.9397712 -0.3418043
vn -0.24179292 -0.93970704 -0.2418406
vn -0.24179292 -0.93970704 -0.2418406
vn -0.34197277 -0.9397099 0
vn -0.34197277 -0.9397099 0
vn -0 -1 0
vn -0.9246938 -0.3807114 0
vn -0.4624566 -0.38072324 0.8007395
vn -0.4624566 -0.38072324 -0.8007395
vn 0.4624566 -0.38072324 0.8007395
vn 0.4624566 -0.38072324 -0.8007395
vn 0.9246938 -0.3807114 0
vn -0 -1 0
vn -0 -0.45543364 -0.89026976
vn -0.89024997 -0.45547232 0
vn 0.89024997 -0.45547232 0
vn -0 -0.45543364 0.89026976
vn -0.0869753 -0.99621046 0
vn 0.25788203 -0.022555139 0.96591306
vn -0.087165624 -0.9961939 0
vn -0.25788203 0.022555139 -0.96591306
vn 0.25788203 -0.022555139 0.96591306
vn -0.25788203 0.022555139 -0.96591306
vn 0.0869753 0.99621046 0
vn 0.08716667 0.99619377 0
vn -0.25788203 -0.022555139 0.96591306
vn -0.08716667 0.99619377 0
vn -0.0869753 0.99621046 0
vn 0.25788203 0.022555139 -0.96591306
vn -0.25788203 -0.022555139 0.96591306
vn 0.25788203 0.022555139 -0.96591306
vn 0.087165624 -0.9961939 0
vn 0.0869753 -0.99621046 0
vn -0.7660279 0.6428073 0
vn -0.16632596 -0.19837041 -0.9659114
vn -0.16631696 -0.19816893 -0.9659543
vn 0.7660279 -0.6428073 0
vn -0.7660673 0.6427603 0
vn 0.7660673 -0.6427603 0
vn 0.16632596 0.19837041 0.9659114
vn 0.16633229 0.19818719 0.965948
vn 0.16632596 -0.19837041 -0.9659114
vn 0.7660279 0.6428073 0
vn 0.16631696 -0.19816893 -0.9659543
vn -0.7660279 -0.6428073 0
vn 0.7660673 0.6427603 0
vn -0.7660673 -0.6427603 0
vn -0.16632596 0.19837041 0.9659114
vn -0.16633229 0.19818719 0.965948
vn -0 -1 0
vn -0 -1 0
vn -0 -1 0
vn -0 -1 0
vn -0 -1 0
vn -0 -1 0
vn -0 -1 0
vn -0 -1 0
vn -0 -1 0
vn -0 -1 0
vn -0 -1 0
vn -0 -1 0
vn -0 -1 0
vn -0 -1 0
vn -0 -1 0
vn -0 -1 0
vn -0 -1 0
vn -0 -1 0
vn -0 -1 0
vn -0 -1 0
vn -0 -1 0
vn -0 -1 0
vn -0 -1 0
vn -0 -1 0
vn -0 -1 0
vn -0 -1 0
vn -0 -1 0
vn -0 -1 0
vn -0 -1 0
vn -0 -1 0
vn -0 -1 0
vn -0 -1 0
vn 0.13237147 0.9382353 -0.31967518
vn 0.2445188 0.9383075 -0.2445188
vn 0.2445188 0.9383075 -0.2445188
vn 0.31947535 0.93830395 -0.1323677
vn 0.13237147 0.9382353 -0.31967518
vn 0.31947535 0.93830395 -0.1323677
vn 0.3457982 0.93830895 0
vn 0.3457982 0.93830895 0
vn 0.31947535 0.93830395 0.1323677
vn 0.31947535 0.93830395 0.1323677
vn 0.2445188 0.9383075 0.2445188
vn 0.2445188 0.9383075 0.2445188
vn 0.13237147 0.9382353 0.31967518
vn 0.13237147 0.9382353 0.31967518
vn -0 0.93823564 0.345997
vn -0 0.93823564 0.345997
vn -0 0.93823564 -0.345997
vn -0 0.93823564 -0.345997
vn -0.13237147 0.9382353 -0.31967518
vn -0.13237147 0.9382353 -0.31967518
vn -0.13237147 0.9382353 0.31967518
vn -0.13237147 0.9382353 0.31967518
vn -0.2445188 0.9383075 0.2445188
vn -0.2445188 0.9383075 0.2445188
vn -0.31947535 0.93830395 0.1323677
vn -0.31947535 0.93830395 0.1323677
vn -0.3457982 0.93830895 0
vn -0.3457982 0.93830895 0
vn -0.31947535 0.93830395 -0.1323677
vn -0.31947535 0.93830395 -0.1323677
vn -0.2445188 0.9383075 -0.2445188
vn -0.2445188 0.9383075 -0.2445188
vn -1 1.3678488E-07 0
vn -1 0 0
vn -1 0 0
vn -1 0 0
vn -1 0 0
vn -1 0 0
vn -1 0 0
vn -1 0 0
vn -1 0 0
vn -1 0 0
vn -1 0 0
vn 1 1.3678488E-07 0
vn 1 0 0
vn 1 0 0
vn 1 0 0
vn 1 0 0
vn 1 0 0
vn 1 0 0
vn 1 0 0
vn 1 0 0
vn 1 0 0
vn 1 0 0
vn -0 0 1
vn -1 0 0
vn -1 0 0
vn -0 0 1
vn -0 0 -1
vn 1 0 0
vn -0 0 -1
vn 1 0 0
g FX_0331_Labor_Decagram_Original_Mesh_0
f 3/3/3 2/2/2 1/1/1
f 6/6/6 5/5/5 4/4/4
f 9/9/9 8/8/8 7/7/7
f 12/12/12 11/11/11 10/10/10
f 15/15/15 14/14/14 13/13/13
f 17/17/17 16/16/16 13/13/13
f 20/20/20 19/19/19 18/18/18
f 22/22/22 21/21/21 18/18/18
f 25/25/25 24/24/24 23/23/23
f 28/28/28 27/27/27 26/26/26
f 31/31/31 30/30/30 29/29/29
f 34/34/34 33/33/33 32/32/32
f 37/37/37 36/36/36 35/35/35
f 40/40/40 39/39/39 38/38/38
f 43/43/43 42/42/42 41/41/41
f 46/46/46 45/45/45 44/44/44
f 49/49/49 48/48/48 47/47/47
f 52/52/52 51/51/51 50/50/50
f 55/55/55 54/54/54 53/53/53
f 58/58/58 57/57/57 56/56/56
f 61/61/61 60/60/60 59/59/59
f 61/61/61 62/62/62 60/60/60
f 65/65/65 64/64/64 63/63/63
f 66/66/66 65/65/65 63/63/63
f 67/67/67 66/66/66 63/63/63
f 63/63/63 68/68/68 67/67/67
f 67/67/67 68/68/68 69/69/69
f 70/70/70 67/67/67 69/69/69
f 73/73/73 72/72/72 71/71/71
f 71/71/71 74/74/74 73/73/73
f 73/73/73 74/74/74 75/75/75
f 75/75/75 76/76/76 73/73/73
f 75/75/75 77/77/77 76/76/76
f 75/75/75 78/78/78 77/77/77
f 81/81/81 80/80/80 79/79/79
f 80/80/80 82/82/82 79/79/79
f 80/80/80 83/83/83 82/82/82
f 83/83/83 84/84/84 82/82/82
f 84/84/84 83/83/83 85/85/85
f 83/83/83 86/86/86 85/85/85
f 85/85/85 86/86/86 87/87/87
f 86/86/86 88/88/88 87/87/87
f 89/89/89 87/87/87 88/88/88
f 88/88/88 90/90/90 89/89/89
f 93/93/93 92/92/92 91/91/91
f 93/93/93 91/91/91 94/94/94
f 94/94/94 91/91/91 95/95/95
f 94/94/94 95/95/95 96/96/96
f 96/96/96 95/95/95 97/97/97
f 96/96/96 97/97/97 98/98/98
f 101/101/101 100/100/100 99/99/99
f 99/99/99 102/102/102 101/101/101
f 103/103/103 101/101/101 102/102/102
f 102/102/102 104/104/104 103/103/103
f 105/105/105 103/103/103 104/104/104
f 104/104/104 106/106/106 105/105/105
f 105/105/105 106/106/106 107/107/107
f 107/107/107 108/108/108 105/105/105
f 108/108/108 107/107/107 109/109/109
f 109/109/109 110/110/110 108/108/108
f 113/113/113 112/112/112 111/111/111
f 111/111/111 114/114/114 113/113/113
f 114/114/114 111/111/111 115/115/115
f 115/115/115 116/116/116 114/114/114
f 115/115/115 117/117/117 116/116/116
f 115/115/115 118/118/118 117/117/117
f 121/121/121 120/120/120 119/119/119
f 122/122/122 121/121/121 119/119/119
f 123/123/123 122/122/122 119/119/119
f 119/119/119 124/124/124 123/123/123
f 123/123/123 124/124/124 125/125/125
f 126/126/126 123/123/123 125/125/125
f 129/129/129 128/128/128 127/127/127
f 127/127/127 128/128/128 130/130/130
f 127/127/127 130/130/130 131/131/131
f 131/131/131 130/130/130 132/132/132
f 131/131/131 132/132/132 133/133/133
f 133/133/133 132/132/132 134/134/134
f 137/137/137 136/136/136 135/135/135
f 135/135/135 138/138/138 137/137/137
f 138/138/138 139/139/139 137/137/137
f 138/138/138 140/140/140 139/139/139
f 140/140/140 141/141/141 139/139/139
f 140/140/140 142/142/142 141/141/141
f 142/142/142 143/143/143 141/141/141
f 142/142/142 144/144/144 143/143/143
f 147/147/147 146/146/146 145/145/145
f 147/147/147 148/148/148 146/146/146
f 148/148/148 149/149/149 146/146/146
f 148/148/148 150/150/150 149/149/149
f 150/150/150 151/151/151 149/149/149
f 150/150/150 152/152/152 151/151/151
f 152/152/152 153/153/153 151/151/151
f 152/152/152 154/154/154 153/153/153
f 157/157/157 156/156/156 155/155/155
f 155/155/155 158/158/158 157/157/157
f 159/159/159 157/157/157 158/158/158
f 159/159/159 158/158/158 160/160/160
f 161/161/161 159/159/159 160/160/160
f 161/161/161 160/160/160 162/162/162
f 163/163/163 161/161/161 162/162/162
f 162/162/162 164/164/164 163/163/163
f 167/167/167 166/166/166 165/165/165
f 167/167/167 165/165/165 168/168/168
f 169/169/169 167/167/167 168/168/168
f 168/168/168 170/170/170 169/169/169
f 171/171/171 169/169/169 170/170/170
f 171/171/171 170/170/170 172/172/172
f 173/173/173 171/171/171 172/172/172
f 172/172/172 174/174/174 173/173/173
f 177/177/177 176/176/176 175/175/175
f 176/176/176 177/177/177 178/178/178
f 179/179/179 178/178/178 177/177/177
f 182/182/182 181/181/181 180/180/180
f 181/181/181 182/182/182 183/183/183
f 184/184/184 183/183/183 182/182/182
f 187/187/187 186/186/186 185/185/185
f 187/187/187 188/188/188 186/186/186
f 189/189/189 188/188/188 187/187/187
f 188/188/188 189/189/189 190/190/190
f 191/191/191 190/190/190 189/189/189
f 194/194/194 193/193/193 192/192/192
f 194/194/194 195/195/195 193/193/193
f 196/196/196 195/195/195 194/194/194
f 195/195/195 196/196/196 197/197/197
f 198/198/198 197/197/197 196/196/196
f 201/201/201 200/200/200 199/199/199
f 202/202/202 201/201/201 199/199/199
f 202/202/202 203/203/203 201/201/201
f 202/202/202 199/199/199 204/204/204
f 205/205/205 204/204/204 199/199/199
f 199/199/199 206/206/206 205/205/205
f 205/205/205 207/207/207 204/204/204
f 204/204/204 208/208/208 202/202/202
f 208/208/208 209/209/209 202/202/202
f 209/209/209 210/210/210 202/202/202
f 208/208/208 211/211/211 209/209/209
f 204/204/204 212/212/212 208/208/208
f 212/212/212 213/213/213 208/208/208
f 204/204/204 214/214/214 212/212/212
f 217/217/217 216/216/216 215/215/215
f 215/215/215 218/218/218 217/217/217
f 218/218/218 215/215/215 219/219/219
f 219/219/219 220/220/220 218/218/218
f 223/223/223 222/222/222 221/221/221
f 221/221/221 224/224/224 223/223/223
f 224/224/224 221/221/221 225/225/225
f 225/225/225 226/226/226 224/224/224
f 229/229/229 228/228/228 227/227/227
f 227/227/227 230/230/230 229/229/229
f 230/230/230 227/227/227 231/231/231
f 231/231/231 232/232/232 230/230/230
f 235/235/235 234/234/234 233/233/233
f 233/233/233 236/236/236 235/235/235
f 236/236/236 233/233/233 237/237/237
f 237/237/237 238/238/238 236/236/236
f 241/241/241 240/240/240 239/239/239
f 239/239/239 242/242/242 241/241/241
f 242/242/242 239/239/239 243/243/243
f 243/243/243 244/244/244 242/242/242
f 247/247/247 246/246/246 245/245/245
f 245/245/245 248/248/248 247/247/247
f 248/248/248 245/245/245 249/249/249
f 249/249/249 250/250/250 248/248/248
f 253/253/253 252/252/252 251/251/251
f 251/251/251 254/254/254 253/253/253
f 254/254/254 251/251/251 255/255/255
f 255/255/255 256/256/256 254/254/254
f 259/259/259 258/258/258 257/257/257
f 257/257/257 260/260/260 259/259/259
f 260/260/260 257/257/257 261/261/261
f 261/261/261 262/262/262 260/260/260
f 265/265/265 264/264/264 263/263/263
f 263/263/263 266/266/266 265/265/265
f 267/267/267 265/265/265 266/266/266
f 266/266/266 268/268/268 267/267/267
f 263/263/263 269/269/269 266/266/266
f 269/269/269 270/270/270 266/266/266
f 273/273/273 272/272/272 271/271/271
f 273/273/273 271/271/271 274/274/274
f 274/274/274 271/271/271 275/275/275
f 275/275/275 276/276/276 274/274/274
f 274/274/274 277/277/277 273/273/273
f 274/274/274 278/278/278 277/277/277
f 281/281/281 280/280/280 279/279/279
f 279/279/279 282/282/282 281/281/281
f 281/281/281 282/282/282 283/283/283
f 284/284/284 281/281/281 283/283/283
f 287/287/287 286/286/286 285/285/285
f 288/288/288 287/287/287 285/285/285
f 288/288/288 285/285/285 289/289/289
f 290/290/290 288/288/288 289/289/289
f 293/293/293 292/292/292 291/291/291
f 294/294/294 293/293/293 291/291/291
f 295/295/295 294/294/294 291/291/291
f 291/291/291 296/296/296 295/295/295
f 299/299/299 298/298/298 297/297/297
f 300/300/300 299/299/299 297/297/297
f 300/300/300 297/297/297 301/301/301
f 302/302/302 300/300/300 301/301/301
f 305/305/305 304/304/304 303/303/303
f 303/303/303 306/306/306 305/305/305
f 307/307/307 305/305/305 306/306/306
f 306/306/306 308/308/308 307/307/307
f 309/309/309 307/307/307 308/308/308
f 308/308/308 310/310/310 309/309/309
f 313/313/313 312/312/312 311/311/311
f 311/311/311 312/312/312 314/314/314
f 311/311/311 314/314/314 315/315/315
f 315/315/315 314/314/314 316/316/316
f 319/319/319 318/318/318 317/317/317
f 317/317/317 320/320/320 319/319/319
f 321/321/321 319/319/319 320/320/320
f 320/320/320 322/322/322 321/321/321
f 325/325/325 324/324/324 323/323/323
f 323/323/323 326/326/326 325/325/325
f 325/325/325 326/326/326 327/327/327
f 327/327/327 328/328/328 325/325/325
f 329/329/329 328/328/328 327/327/327
f 327/327/327 330/330/330 329/329/329
f 333/333/333 332/332/332 331/331/331
f 332/332/332 334/334/334 331/331/331
f 332/332/332 335/335/335 334/334/334
f 335/335/335 336/336/336 334/334/334
f 335/335/335 337/337/337 336/336/336
f 337/337/337 338/338/338 336/336/336
f 341/341/341 340/340/340 339/339/339
f 339/339/339 342/342/342 341/341/341
f 342/342/342 339/339/339 343/343/343
f 342/342/342 343/343/343 344/344/344
f 347/347/347 346/346/346 345/345/345
f 348/348/348 347/347/347 345/345/345
f 348/348/348 345/345/345 349/349/349
f 350/350/350 348/348/348 349/349/349
f 353/353/353 352/352/352 351/351/351
f 352/352/352 354/354/354 351/351/351
f 355/355/355 354/354/354 352/352/352
f 352/352/352 356/356/356 355/355/355
f 356/356/356 357/357/357 355/355/355
f 357/357/357 358/358/358 355/355/355
f 361/361/361 360/360/360 359/359/359
f 361/361/361 362/362/362 360/360/360
f 362/362/362 363/363/363 360/360/360
f 362/362/362 364/364/364 363/363/363
f 364/364/364 365/365/365 363/363/363
f 364/364/364 366/366/366 365/365/365
f 367/367/367 365/365/365 366/366/366
f 366/366/366 368/368/368 367/367/367
f 371/371/371 370/370/370 369/369/369
f 371/371/371 372/372/372 370/370/370
f 375/375/375 374/374/374 373/373/373
f 375/375/375 376/376/376 374/374/374
f 379/379/379 378/378/378 377/377/377
f 377/377/377 380/380/380 379/379/379
f 381/381/381 380/380/380 377/377/377
f 377/377/377 382/382/382 381/381/381
f 381/381/381 382/382/382 383/383/383
f 383/383/383 384/384/384 381/381/381
f 385/385/385 384/384/384 383/383/383
f 386/386/386 385/385/385 383/383/383
f 385/385/385 386/386/386 387/387/387
f 388/388/388 387/387/387 386/386/386
f 387/387/387 388/388/388 389/389/389
f 389/389/389 390/390/390 387/387/387
f 393/393/393 392/392/392 391/391/391
f 391/391/391 394/394/394 393/393/393
f 397/397/397 396/396/396 395/395/395
f 395/395/395 398/398/398 397/397/397
f 401/401/401 400/400/400 399/399/399
f 399/399/399 402/402/402 401/401/401
f 401/401/401 402/402/402 403/403/403
f 403/403/403 404/404/404 401/401/401
f 405/405/405 404/404/404 403/403/403
f 406/406/406 405/405/405 403/403/403
f 405/405/405 406/406/406 407/407/407
f 407/407/407 408/408/408 405/405/405
f 408/408/408 407/407/407 409/409/409
f 409/409/409 410/410/410 408/408/408
f 410/410/410 409/409/409 411/411/411
f 409/409/409 412/412/412 411/411/411
f 415/415/415 414/414/414 413/413/413
f 415/415/415 416/416/416 414/414/414
f 416/416/416 417/417/417 414/414/414
f 416/416/416 418/418/418 417/417/417
f 418/418/418 419/419/419 417/417/417
f 418/418/418 420/420/420 419/419/419
f 420/420/420 421/421/421 419/419/419
f 420/420/420 422/422/422 421/421/421
f 425/425/425 424/424/424 423/423/423
f 425/425/425 426/426/426 424/424/424
f 429/429/429 428/428/428 427/427/427
f 429/429/429 430/430/430 428/428/428
f 433/433/433 432/432/432 431/431/431
f 433/433/433 434/434/434 432/432/432
f 437/437/437 436/436/436 435/435/435
f 437/437/437 438/438/438 436/436/436
f 441/441/441 440/440/440 439/439/439
f 441/441/441 442/442/442 440/440/440
f 445/445/445 444/444/444 443/443/443
f 445/445/445 446/446/446 444/444/444
f 449/449/449 448/448/448 447/447/447
f 448/448/448 450/450/450 447/447/447
f 453/453/453 452/452/452 451/451/451
f 452/452/452 454/454/454 451/451/451
f 457/457/457 456/456/456 455/455/455
f 456/456/456 458/458/458 455/455/455
f 461/461/461 460/460/460 459/459/459
f 460/460/460 462/462/462 459/459/459
f 465/465/465 464/464/464 463/463/463
f 464/464/464 466/466/466 463/463/463
f 469/469/469 468/468/468 467/467/467
f 469/469/469 467/467/467 470/470/470
f 470/470/470 467/467/467 471/471/471
f 470/470/470 472/472/472 469/469/469
f 473/473/473 469/469/469 472/472/472
f 474/474/474 472/472/472 470/470/470
f 471/471/471 475/475/475 470/470/470
f 475/475/475 471/471/471 476/476/476
f 471/471/471 477/477/477 476/476/476
f 476/476/476 478/478/478 475/475/475
f 479/479/479 475/475/475 478/478/478
f 482/482/482 481/481/481 480/480/480
f 480/480/480 483/483/483 482/482/482
f 486/486/486 485/485/485 484/484/484
f 487/487/487 486/486/486 484/484/484
f 487/487/487 484/484/484 488/488/488
f 488/488/488 489/489/489 487/487/487
f 490/490/490 487/487/487 489/489/489
f 491/491/491 486/486/486 487/487/487
f 487/487/487 492/492/492 491/491/491
f 491/491/491 492/492/492 493/493/493
f 493/493/493 494/494/494 491/491/491
f 492/492/492 495/495/495 493/493/493
f 496/496/496 493/493/493 495/495/495
f 499/499/499 498/498/498 497/497/497
f 499/499/499 500/500/500 498/498/498
f 503/503/503 502/502/502 501/501/501
f 503/503/503 504/504/504 502/502/502
f 507/507/507 506/506/506 505/505/505
f 505/505/505 508/508/508 507/507/507
f 508/508/508 505/505/505 509/509/509
f 509/509/509 510/510/510 508/508/508
f 510/510/510 509/509/509 511/511/511
f 509/509/509 512/512/512 511/511/511
f 513/513/513 511/511/511 512/512/512
f 511/511/511 513/513/513 514/514/514
f 510/510/510 511/511/511 515/515/515
f 515/515/515 511/511/511 514/514/514
f 516/516/516 510/510/510 515/515/515
f 517/517/517 515/515/515 514/514/514
f 515/515/515 518/518/518 516/516/516
f 517/517/517 518/518/518 515/515/515
f 521/521/521 520/520/520 519/519/519
f 520/520/520 522/522/522 519/519/519
f 523/523/523 522/522/522 520/520/520
f 523/523/523 524/524/524 522/522/522
f 522/522/522 524/524/524 525/525/525
f 525/525/525 526/526/526 522/522/522
f 526/526/526 525/525/525 527/527/527
f 527/527/527 528/528/528 526/526/526
f 529/529/529 526/526/526 528/528/528
f 528/528/528 530/530/530 529/529/529
f 533/533/533 532/532/532 531/531/531
f 531/531/531 534/534/534 533/533/533
f 537/537/537 536/536/536 535/535/535
f 538/538/538 537/537/537 535/535/535
f 538/538/538 535/535/535 539/539/539
f 540/540/540 538/538/538 539/539/539
f 543/543/543 542/542/542 541/541/541
f 544/544/544 542/542/542 543/543/543
f 547/547/547 546/546/546 545/545/545
f 546/546/546 548/548/548 545/545/545
f 551/551/551 550/550/550 549/549/549
f 552/552/552 551/551/551 549/549/549
f 552/552/552 549/549/549 553/553/553
f 554/554/554 552/552/552 553/553/553
f 553/553/553 555/555/555 554/554/554
f 555/555/555 556/556/556 554/554/554
f 559/559/559 558/558/558 557/557/557
f 558/558/558 560/560/560 557/557/557
f 563/563/563 562/562/562 561/561/561
f 562/562/562 564/564/564 561/561/561
f 565/565/565 564/564/564 562/562/562
f 562/562/562 566/566/566 565/565/565
f 566/566/566 562/562/562 567/567/567
f 567/567/567 562/562/562 568/568/568
f 569/569/569 567/567/567 568/568/568
f 567/567/567 570/570/570 566/566/566
f 571/571/571 567/567/567 569/569/569
f 570/570/570 567/567/567 571/571/571
f 571/571/571 572/572/572 570/570/570
f 575/575/575 574/574/574 573/573/573
f 576/576/576 575/575/575 573/573/573
f 576/576/576 573/573/573 577/577/577
f 578/578/578 576/576/576 577/577/577
f 581/581/581 580/580/580 579/579/579
f 580/580/580 582/582/582 579/579/579
f 582/582/582 580/580/580 583/583/583
f 583/583/583 584/584/584 582/582/582
f 582/582/582 584/584/584 585/585/585
f 584/584/584 586/586/586 585/585/585
f 586/586/586 587/587/587 585/585/585
f 588/588/588 585/585/585 587/587/587
f 585/585/585 588/588/588 589/589/589
f 582/582/582 585/585/585 589/589/589
f 590/590/590 582/582/582 589/589/589
f 593/593/593 592/592/592 591/591/591
f 593/593/593 594/594/594 592/592/592
f 597/597/597 596/596/596 595/595/595
f 596/596/596 598/598/598 595/595/595
f 601/601/601 600/600/600 599/599/599
f 599/599/599 600/600/600 602/602/602
f 602/602/602 603/603/603 599/599/599
f 604/604/604 603/603/603 602/602/602
f 607/607/607 606/606/606 605/605/605
f 605/605/605 608/608/608 607/607/607
f 609/609/609 607/607/607 608/608/608
f 608/608/608 610/610/610 609/609/609
f 611/611/611 609/609/609 610/610/610
f 610/610/610 612/612/612 611/611/611
f 615/615/615 614/614/614 613/613/613
f 613/613/613 616/616/616 615/615/615
f 616/616/616 613/613/613 617/617/617
f 617/617/617 618/618/618 616/616/616
f 621/621/621 620/620/620 619/619/619
f 620/620/620 622/622/622 619/619/619
f 625/625/625 624/624/624 623/623/623
f 624/624/624 626/626/626 623/623/623
f 626/626/626 627/627/627 623/623/623
f 628/628/628 623/623/623 627/627/627
f 631/631/631 630/630/630 629/629/629
f 629/629/629 632/632/632 631/631/631
f 633/633/633 631/631/631 632/632/632
f 632/632/632 634/634/634 633/633/633
f 637/637/637 636/636/636 635/635/635
f 635/635/635 638/638/638 637/637/637
f 641/641/641 640/640/640 639/639/639
f 639/639/639 642/642/642 641/641/641
f 645/645/645 644/644/644 643/643/643
f 646/646/646 644/644/644 645/645/645
f 649/649/649 648/648/648 647/647/647
f 647/647/647 650/650/650 649/649/649
f 647/647/647 651/651/651 650/650/650
f 652/652/652 650/650/650 651/651/651
f 655/655/655 654/654/654 653/653/653
f 656/656/656 655/655/655 653/653/653
f 653/653/653 657/657/657 656/656/656
f 657/657/657 658/658/658 656/656/656
f 661/661/661 660/660/660 659/659/659
f 659/659/659 662/662/662 661/661/661
f 665/665/665 664/664/664 663/663/663
f 663/663/663 666/666/666 665/665/665
f 666/666/666 667/667/667 665/665/665
f 667/667/667 668/668/668 665/665/665
f 671/671/671 670/670/670 669/669/669
f 669/669/669 672/672/672 671/671/671
f 675/675/675 674/674/674 673/673/673
f 673/673/673 676/676/676 675/675/675
f 675/675/675 676/676/676 677/677/677
f 678/678/678 675/675/675 677/677/677
f 681/681/681 680/680/680 679/679/679
f 679/679/679 682/682/682 681/681/681
f 685/685/685 684/684/684 683/683/683
f 686/686/686 683/683/683 684/684/684
f 689/689/689 688/688/688 687/687/687
f 687/687/687 690/690/690 689/689/689
f 691/691/691 690/690/690 687/687/687
f 687/687/687 692/692/692 691/691/691
f 695/695/695 694/694/694 693/693/693
f 696/696/696 694/694/694 695/695/695
f 699/699/699 698/698/698 697/697/697
f 700/700/700 699/699/699 697/697/697
f 700/700/700 697/697/697 701/701/701
f 702/702/702 700/700/700 701/701/701
f 705/705/705 704/704/704 703/703/703
f 703/703/703 706/706/706 705/705/705
f 706/706/706 707/707/707 705/705/705
f 703/703/703 708/708/708 706/706/706
f 711/711/711 710/710/710 709/709/709
f 712/712/712 709/709/709 710/710/710
f 710/710/710 713/713/713 712/712/712
f 714/714/714 712/712/712 713/713/713
f 717/717/717 716/716/716 715/715/715
f 716/716/716 718/718/718 715/715/715
f 716/716/716 719/719/719 718/718/718
f 719/719/719 720/720/720 718/718/718
f 723/723/723 722/722/722 721/721/721
f 721/721/721 724/724/724 723/723/723
f 724/724/724 721/721/721 725/725/725
f 725/725/725 726/726/726 724/724/724
f 729/729/729 728/728/728 727/727/727
f 730/730/730 729/729/729 727/727/727
f 730/730/730 727/727/727 731/731/731
f 732/732/732 730/730/730 731/731/731
f 735/735/735 734/734/734 733/733/733
f 733/733/733 736/736/736 735/735/735
f 737/737/737 736/736/736 733/733/733
f 738/738/738 737/737/737 733/733/733
f 741/741/741 740/740/740 739/739/739
f 742/742/742 739/739/739 740/740/740
f 739/739/739 742/742/742 743/743/743
f 743/743/743 744/744/744 739/739/739
f 747/747/747 746/746/746 745/745/745
f 748/748/748 747/747/747 745/745/745
f 747/747/747 748/748/748 749/749/749
f 749/749/749 750/750/750 747/747/747
f 753/753/753 752/752/752 751/751/751
f 752/752/752 754/754/754 751/751/751
f 751/751/751 754/754/754 755/755/755
f 755/755/755 756/756/756 751/751/751
f 759/759/759 758/758/758 757/757/757
f 760/760/760 757/757/757 758/758/758
f 758/758/758 761/761/761 760/760/760
f 762/762/762 760/760/760 761/761/761
f 765/765/765 764/764/764 763/763/763
f 764/764/764 766/766/766 763/763/763
f 764/764/764 767/767/767 766/766/766
f 767/767/767 768/768/768 766/766/766
f 771/771/771 770/770/770 769/769/769
f 769/769/769 772/772/772 771/771/771
f 772/772/772 769/769/769 773/773/773
f 773/773/773 774/774/774 772/772/772
f 777/777/777 776/776/776 775/775/775
f 778/778/778 777/777/777 775/775/775
f 778/778/778 775/775/775 779/779/779
f 780/780/780 778/778/778 779/779/779
f 783/783/783 782/782/782 781/781/781
f 782/782/782 783/783/783 784/784/784
f 784/784/784 785/785/785 782/782/782
f 786/786/786 784/784/784 783/783/783
f 783/783/783 787/787/787 786/786/786
f 786/786/786 788/788/788 784/784/784
f 791/791/791 790/790/790 789/789/789
f 792/792/792 789/789/789 790/790/790
f 790/790/790 793/793/793 792/792/792
f 794/794/794 792/792/792 793/793/793
f 797/797/797 796/796/796 795/795/795
f 796/796/796 798/798/798 795/795/795
f 796/796/796 799/799/799 798/798/798
f 799/799/799 800/800/800 798/798/798
f 803/803/803 802/802/802 801/801/801
f 801/801/801 804/804/804 803/803/803
f 804/804/804 801/801/801 805/805/805
f 805/805/805 806/806/806 804/804/804
f 809/809/809 808/808/808 807/807/807
f 810/810/810 809/809/809 807/807/807
f 810/810/810 807/807/807 811/811/811
f 812/812/812 810/810/810 811/811/811
f 815/815/815 814/814/814 813/813/813
f 813/813/813 816/816/816 815/815/815
f 816/816/816 817/817/817 815/815/815
f 817/817/817 818/818/818 815/815/815
f 821/821/821 820/820/820 819/819/819
f 819/819/819 822/822/822 821/821/821
f 825/825/825 824/824/824 823/823/823
f 826/826/826 825/825/825 823/823/823
f 826/826/826 823/823/823 827/827/827
f 828/828/828 826/826/826 827/827/827
f 831/831/831 830/830/830 829/829/829
f 832/832/832 829/829/829 830/830/830
f 835/835/835 834/834/834 833/833/833
f 833/833/833 834/834/834 836/836/836
f 837/837/837 833/833/833 836/836/836
f 838/838/838 836/836/836 834/834/834
f 841/841/841 840/840/840 839/839/839
f 839/839/839 842/842/842 841/841/841
f 845/845/845 844/844/844 843/843/843
f 843/843/843 846/846/846 845/845/845
f 849/849/849 848/848/848 847/847/847
f 848/848/848 850/850/850 847/847/847
f 853/853/853 852/852/852 851/851/851
f 853/853/853 854/854/854 852/852/852
f 857/857/857 856/856/856 855/855/855
f 858/858/858 855/855/855 856/856/856
f 856/856/856 859/859/859 858/858/858
f 860/860/860 858/858/858 859/859/859
f 863/863/863 862/862/862 861/861/861
f 862/862/862 864/864/864 861/861/861
f 867/867/867 866/866/866 865/865/865
f 865/865/865 868/868/868 867/867/867
f 868/868/868 865/865/865 869/869/869
f 869/869/869 870/870/870 868/868/868
f 873/873/873 872/872/872 871/871/871
f 872/872/872 874/874/874 871/871/871
f 877/877/877 876/876/876 875/875/875
f 878/878/878 875/875/875 876/876/876
f 879/879/879 878/878/878 876/876/876
f 880/880/880 875/875/875 878/878/878
f 883/883/883 882/882/882 881/881/881
f 881/881/881 884/884/884 883/883/883
f 885/885/885 884/884/884 881/881/881
f 881/881/881 886/886/886 885/885/885
f 889/889/889 888/888/888 887/887/887
f 887/887/887 890/890/890 889/889/889
f 890/890/890 887/887/887 891/891/891
f 892/892/892 891/891/891 887/887/887
f 893/893/893 891/891/891 892/892/892
f 894/894/894 893/893/893 892/892/892
f 893/893/893 895/895/895 891/891/891
f 896/896/896 891/891/891 895/895/895
f 895/895/895 893/893/893 897/897/897
f 898/898/898 897/897/897 893/893/893
f 898/898/898 893/893/893 894/894/894
f 899/899/899 898/898/898 894/894/894
f 900/900/900 898/898/898 899/899/899
f 899/899/899 901/901/901 900/900/900
f 901/901/901 903/903/903 902/902/902
f 902/902/902 904/904/904 901/901/901
f 904/904/904 902/902/902 905/905/905
f 902/902/902 906/906/906 905/905/905
f 905/905/905 906/906/906 907/907/907
f 906/906/906 908/908/908 907/907/907
f 909/909/909 907/907/907 908/908/908
f 908/908/908 910/910/910 909/909/909
f 911/911/911 909/909/909 910/910/910
f 910/910/910 912/912/912 911/911/911
f 911/911/911 912/912/912 913/913/913
f 914/914/914 913/913/913 912/912/912
f 915/915/915 912/912/912 910/910/910
f 910/910/910 916/916/916 915/915/915
f 919/919/919 918/918/918 917/917/917
f 917/917/917 920/920/920 919/919/919
f 921/921/921 920/920/920 917/917/917
f 917/917/917 922/922/922 921/921/921
f 925/925/925 924/924/924 923/923/923
f 923/923/923 926/926/926 925/925/925
f 926/926/926 923/923/923 927/927/927
f 927/927/927 928/928/928 926/926/926
f 928/928/928 927/927/927 929/929/929
f 929/929/929 930/930/930 928/928/928
f 931/931/931 925/925/925 926/926/926
f 926/926/926 932/932/932 931/931/931
f 932/932/932 926/926/926 928/928/928
f 928/928/928 933/933/933 932/932/932
f 933/933/933 928/928/928 930/930/930
f 930/930/930 934/934/934 933/933/933
f 934/934/934 930/930/930 935/935/935
f 935/935/935 936/936/936 934/934/934
f 925/925/925 931/931/931 937/937/937
f 937/937/937 938/938/938 925/925/925
f 939/939/939 938/938/938 937/937/937
f 940/940/940 939/939/939 937/937/937
f 939/939/939 940/940/940 941/941/941
f 940/940/940 942/942/942 941/941/941
f 942/942/942 940/940/940 943/943/943
f 944/944/944 942/942/942 943/943/943
f 946/946/946 945/945/945 936/936/936
f 936/936/936 947/947/947 946/946/946
f 946/946/946 947/947/947 948/948/948
f 948/948/948 949/949/949 946/946/946
f 949/949/949 948/948/948 950/950/950
f 950/950/950 951/951/951 949/949/949
f 951/951/951 950/950/950 952/952/952
f 952/952/952 953/953/953 951/951/951
f 954/954/954 951/951/951 953/953/953
f 953/953/953 955/955/955 954/954/954
f 953/953/953 952/952/952 956/956/956
f 955/955/955 953/953/953 956/956/956
f 952/952/952 957/957/957 956/956/956
f 958/958/958 956/956/956 957/957/957
f 956/956/956 959/959/959 955/955/955
f 959/959/959 956/956/956 958/958/958
f 957/957/957 960/960/960 958/958/958
f 958/958/958 961/961/961 959/959/959
f 958/958/958 960/960/960 962/962/962
f 963/963/963 961/961/961 958/958/958
f 962/962/962 964/964/964 958/958/958
f 958/958/958 964/964/964 963/963/963
f 967/967/967 966/966/966 965/965/965
f 965/965/965 968/968/968 967/967/967
f 969/969/969 968/968/968 965/965/965
f 965/965/965 970/970/970 969/969/969
f 973/973/973 972/972/972 971/971/971
f 971/971/971 974/974/974 973/973/973
f 974/974/974 971/971/971 975/975/975
f 973/973/973 974/974/974 976/976/976
f 977/977/977 973/973/973 976/976/976
f 978/978/978 976/976/976 974/974/974
f 975/975/975 979/979/979 974/974/974
f 979/979/979 978/978/978 974/974/974
f 978/978/978 979/979/979 980/980/980
f 979/979/979 975/975/975 981/981/981
f 982/982/982 980/980/980 979/979/979
f 981/981/981 982/982/982 979/979/979
f 980/980/980 982/982/982 983/983/983
f 982/982/982 981/981/981 984/984/984
f 984/984/984 983/983/983 982/982/982
f 985/985/985 984/984/984 981/981/981
f 983/983/983 984/984/984 986/986/986
f 984/984/984 985/985/985 987/987/987
f 984/984/984 988/988/988 986/986/986
f 987/987/987 988/988/988 984/984/984
f 986/986/986 988/988/988 989/989/989
f 988/988/988 987/987/987 990/990/990
f 988/988/988 991/991/991 989/989/989
f 990/990/990 991/991/991 988/988/988
f 992/992/992 989/989/989 991/991/991
f 991/991/991 990/990/990 993/993/993
f 991/991/991 994/994/994 992/992/992
f 993/993/993 994/994/994 991/991/991
f 995/995/995 992/992/992 994/994/994
f 994/994/994 996/996/996 995/995/995
f 996/996/996 994/994/994 993/993/993
f 993/993/993 997/997/997 996/996/996
f 1000/1000/1000 999/999/999 998/998/998
f 998/998/998 1001/1001/1001 1000/1000/1000
f 1004/1004/1004 1003/1003/1003 1002/1002/1002
f 1005/1005/1005 1002/1002/1002 1003/1003/1003
f 1002/1002/1002 1005/1005/1005 1006/1006/1006
f 1007/1007/1007 1006/1006/1006 1005/1005/1005
f 1006/1006/1006 1007/1007/1007 1008/1008/1008
f 1008/1008/1008 1009/1009/1009 1006/1006/1006
f 1009/1009/1009 1008/1008/1008 1010/1010/1010
f 1010/1010/1010 1011/1011/1011 1009/1009/1009
f 1011/1011/1011 1010/1010/1010 1012/1012/1012
f 1012/1012/1012 1013/1013/1013 1011/1011/1011
f 1016/1016/1016 1015/1015/1015 1014/1014/1014
f 1014/1014/1014 1017/1017/1017 1016/1016/1016
f 1018/1018/1018 1016/1016/1016 1017/1017/1017
f 1017/1017/1017 1019/1019/1019 1018/1018/1018
f 1022/1022/1022 1021/1021/1021 1020/1020/1020
f 1020/1020/1020 1023/1023/1023 1022/1022/1022
f 1023/1023/1023 1020/1020/1020 1024/1024/1024
f 1025/1025/1025 1024/1024/1024 1020/1020/1020
f 1024/1024/1024 1025/1025/1025 1026/1026/1026
f 1027/1027/1027 1026/1026/1026 1025/1025/1025
f 1026/1026/1026 1027/1027/1027 1028/1028/1028
f 1029/1029/1029 1028/1028/1028 1027/1027/1027
f 1028/1028/1028 1029/1029/1029 1030/1030/1030
f 1031/1031/1031 1030/1030/1030 1029/1029/1029
f 1034/1034/1034 1033/1033/1033 1032/1032/1032
f 1032/1032/1032 1035/1035/1035 1034/1034/1034
f 1035/1035/1035 1032/1032/1032 1036/1036/1036
f 1034/1034/1034 1035/1035/1035 1037/1037/1037
f 1038/1038/1038 1034/1034/1034 1037/1037/1037
f 1039/1039/1039 1037/1037/1037 1035/1035/1035
f 1036/1036/1036 1040/1040/1040 1035/1035/1035
f 1035/1035/1035 1040/1040/1040 1039/1039/1039
f 1040/1040/1040 1036/1036/1036 1041/1041/1041
f 1042/1042/1042 1039/1039/1039 1040/1040/1040
f 1041/1041/1041 1043/1043/1043 1040/1040/1040
f 1043/1043/1043 1042/1042/1042 1040/1040/1040
f 1043/1043/1043 1041/1041/1041 1044/1044/1044
f 1042/1042/1042 1043/1043/1043 1045/1045/1045
f 1044/1044/1044 1045/1045/1045 1043/1043/1043
f 1045/1045/1045 1046/1046/1046 1042/1042/1042
f 1045/1045/1045 1044/1044/1044 1047/1047/1047
f 1046/1046/1046 1045/1045/1045 1048/1048/1048
f 1047/1047/1047 1048/1048/1048 1045/1045/1045
f 1048/1048/1048 1049/1049/1049 1046/1046/1046
f 1048/1048/1048 1047/1047/1047 1050/1050/1050
f 1049/1049/1049 1048/1048/1048 1051/1051/1051
f 1050/1050/1050 1051/1051/1051 1048/1048/1048
f 1051/1051/1051 1052/1052/1052 1049/1049/1049
f 1051/1051/1051 1050/1050/1050 1053/1053/1053
f 1052/1052/1052 1051/1051/1051 1054/1054/1054
f 1053/1053/1053 1054/1054/1054 1051/1051/1051
f 1054/1054/1054 1055/1055/1055 1052/1052/1052
f 1054/1054/1054 1053/1053/1053 1056/1056/1056
f 1057/1057/1057 1055/1055/1055 1054/1054/1054
f 1056/1056/1056 1058/1058/1058 1054/1054/1054
f 1054/1054/1054 1058/1058/1058 1057/1057/1057
f 1061/1061/1061 1060/1060/1060 1059/1059/1059
f 1059/1059/1059 1062/1062/1062 1061/1061/1061
f 1065/1065/1065 1064/1064/1064 1063/1063/1063
f 1064/1064/1064 1066/1066/1066 1063/1063/1063
f 1066/1066/1066 1064/1064/1064 1067/1067/1067
f 1067/1067/1067 1068/1068/1068 1066/1066/1066
f 1071/1071/1071 1070/1070/1070 1069/1069/1069
f 1070/1070/1070 1072/1072/1072 1069/1069/1069
f 1075/1075/1075 1074/1074/1074 1073/1073/1073
f 1076/1076/1076 1073/1073/1073 1074/1074/1074
f 1079/1079/1079 1078/1078/1078 1077/1077/1077
f 1077/1077/1077 1078/1078/1078 1080/1080/1080
f 1081/1081/1081 1080/1080/1080 1078/1078/1078
f 1078/1078/1078 1082/1082/1082 1081/1081/1081
f 1083/1083/1083 1081/1081/1081 1082/1082/1082
f 1082/1082/1082 1084/1084/1084 1083/1083/1083
f 1087/1087/1087 1086/1086/1086 1085/1085/1085
f 1086/1086/1086 1088/1088/1088 1085/1085/1085
f 1091/1091/1091 1090/1090/1090 1089/1089/1089
f 1090/1090/1090 1092/1092/1092 1089/1089/1089
f 1095/1095/1095 1094/1094/1094 1093/1093/1093
f 1095/1095/1095 1096/1096/1096 1094/1094/1094
f 1099/1099/1099 1098/1098/1098 1097/1097/1097
f 1097/1097/1097 1098/1098/1098 1100/1100/1100
f 1101/1101/1101 1100/1100/1100 1098/1098/1098
f 1101/1101/1101 1098/1098/1098 1102/1102/1102
f 1103/1103/1103 1101/1101/1101 1102/1102/1102
f 1102/1102/1102 1104/1104/1104 1103/1103/1103
f 1107/1107/1107 1106/1106/1106 1105/1105/1105
f 1106/1106/1106 1108/1108/1108 1105/1105/1105
f 1111/1111/1111 1110/1110/1110 1109/1109/1109
f 1111/1111/1111 1112/1112/1112 1110/1110/1110
f 1115/1115/1115 1114/1114/1114 1113/1113/1113
f 1116/1116/1116 1115/1115/1115 1113/1113/1113
f 1117/1117/1117 1115/1115/1115 1116/1116/1116
f 1118/1118/1118 1117/1117/1117 1116/1116/1116
f 1119/1119/1119 1117/1117/1117 1118/1118/1118
f 1120/1120/1120 1119/1119/1119 1118/1118/1118
f 1121/1121/1121 1119/1119/1119 1120/1120/1120
f 1122/1122/1122 1121/1121/1121 1120/1120/1120
f 1125/1125/1125 1124/1124/1124 1123/1123/1123
f 1126/1126/1126 1124/1124/1124 1125/1125/1125
f 1126/1126/1126 1127/1127/1127 1124/1124/1124
f 1128/1128/1128 1127/1127/1127 1126/1126/1126
f 1128/1128/1128 1129/1129/1129 1127/1127/1127
f 1130/1130/1130 1129/1129/1129 1128/1128/1128
f 1130/1130/1130 1131/1131/1131 1129/1129/1129
f 1132/1132/1132 1131/1131/1131 1130/1130/1130
f 1135/1135/1135 1134/1134/1134 1133/1133/1133
f 1133/1133/1133 1136/1136/1136 1135/1135/1135
f 1137/1137/1137 1135/1135/1135 1136/1136/1136
f 1136/1136/1136 1138/1138/1138 1137/1137/1137
f 1139/1139/1139 1137/1137/1137 1138/1138/1138
f 1138/1138/1138 1140/1140/1140 1139/1139/1139
f 1141/1141/1141 1139/1139/1139 1140/1140/1140
f 1140/1140/1140 1142/1142/1142 1141/1141/1141
f 1145/1145/1145 1144/1144/1144 1143/1143/1143
f 1145/1145/1145 1143/1143/1143 1146/1146/1146
f 1147/1147/1147 1145/1145/1145 1146/1146/1146
f 1147/1147/1147 1146/1146/1146 1148/1148/1148
f 1149/1149/1149 1147/1147/1147 1148/1148/1148
f 1149/1149/1149 1148/1148/1148 1150/1150/1150
f 1151/1151/1151 1149/1149/1149 1150/1150/1150
f 1151/1151/1151 1150/1150/1150 1152/1152/1152
f 1155/1155/1155 1154/1154/1154 1153/1153/1153
f 1156/1156/1156 1154/1154/1154 1155/1155/1155
f 1159/1159/1159 1158/1158/1158 1157/1157/1157
f 1159/1159/1159 1160/1160/1160 1158/1158/1158
f 1163/1163/1163 1162/1162/1162 1161/1161/1161
f 1164/1164/1164 1161/1161/1161 1162/1162/1162
f 1167/1167/1167 1166/1166/1166 1165/1165/1165
f 1165/1165/1165 1168/1168/1168 1167/1167/1167
f 1169/1169/1169 1167/1167/1167 1168/1168/1168
f 1168/1168/1168 1170/1170/1170 1169/1169/1169
f 1171/1171/1171 1169/1169/1169 1170/1170/1170
f 1170/1170/1170 1172/1172/1172 1171/1171/1171
f 1173/1173/1173 1171/1171/1171 1172/1172/1172
f 1172/1172/1172 1174/1174/1174 1173/1173/1173
f 1177/1177/1177 1176/1176/1176 1175/1175/1175
f 1175/1175/1175 1178/1178/1178 1177/1177/1177
f 1181/1181/1181 1180/1180/1180 1179/1179/1179
f 1182/1182/1182 1179/1179/1179 1180/1180/1180
f 1185/1185/1185 1184/1184/1184 1183/1183/1183
f 1186/1186/1186 1184/1184/1184 1185/1185/1185
f 1189/1189/1189 1188/1188/1188 1187/1187/1187
f 1189/1189/1189 1190/1190/1190 1188/1188/1188
f 1193/1193/1193 1192/1192/1192 1191/1191/1191
f 1192/1192/1192 1194/1194/1194 1191/1191/1191
f 1197/1197/1197 1196/1196/1196 1195/1195/1195
f 1197/1197/1197 1198/1198/1198 1196/1196/1196
f 1201/1201/1201 1200/1200/1200 1199/1199/1199
f 1199/1199/1199 1202/1202/1202 1201/1201/1201
f 1203/1203/1203 1201/1201/1201 1202/1202/1202
f 1202/1202/1202 1204/1204/1204 1203/1203/1203
f 1203/1203/1203 1204/1204/1204 1205/1205/1205
f 1205/1205/1205 1206/1206/1206 1203/1203/1203
f 1206/1206/1206 1205/1205/1205 1207/1207/1207
f 1207/1207/1207 1208/1208/1208 1206/1206/1206
f 1211/1211/1211 1210/1210/1210 1209/1209/1209
f 1209/1209/1209 1212/1212/1212 1211/1211/1211
f 1215/1215/1215 1214/1214/1214 1213/1213/1213
f 1213/1213/1213 1216/1216/1216 1215/1215/1215
f 1219/1219/1219 1218/1218/1218 1217/1217/1217
f 1218/1218/1218 1220/1220/1220 1217/1217/1217
f 1223/1223/1223 1222/1222/1222 1221/1221/1221
f 1221/1221/1221 1224/1224/1224 1223/1223/1223
f 1227/1227/1227 1226/1226/1226 1225/1225/1225
f 1226/1226/1226 1228/1228/1228 1225/1225/1225
f 1231/1231/1231 1230/1230/1230 1229/1229/1229
f 1232/1232/1232 1230/1230/1230 1231/1231/1231
f 1235/1235/1235 1234/1234/1234 1233/1233/1233
f 1236/1236/1236 1234/1234/1234 1235/1235/1235
f 1239/1239/1239 1238/1238/1238 1237/1237/1237
f 1237/1237/1237 1240/1240/1240 1239/1239/1239
f 1243/1243/1243 1242/1242/1242 1241/1241/1241
f 1242/1242/1242 1244/1244/1244 1241/1241/1241
f 1247/1247/1247 1246/1246/1246 1245/1245/1245
f 1246/1246/1246 1247/1247/1247 1248/1248/1248
f 1251/1251/1251 1250/1250/1250 1249/1249/1249
f 1249/1249/1249 1252/1252/1252 1251/1251/1251
f 1255/1255/1255 1254/1254/1254 1253/1253/1253
f 1255/1255/1255 1256/1256/1256 1254/1254/1254
f 1259/1259/1259 1258/1258/1258 1257/1257/1257
f 1258/1258/1258 1260/1260/1260 1257/1257/1257
f 1263/1263/1263 1262/1262/1262 1261/1261/1261
f 1261/1261/1261 1264/1264/1264 1263/1263/1263
f 1265/1265/1265 1263/1263/1263 1264/1264/1264
f 1264/1264/1264 1266/1266/1266 1265/1265/1265
f 1267/1267/1267 1265/1265/1265 1266/1266/1266
f 1266/1266/1266 1268/1268/1268 1267/1267/1267
f 1269/1269/1269 1267/1267/1267 1268/1268/1268
f 1268/1268/1268 1270/1270/1270 1269/1269/1269
f 1273/1273/1273 1272/1272/1272 1271/1271/1271
f 1272/1272/1272 1274/1274/1274 1271/1271/1271
f 1277/1277/1277 1276/1276/1276 1275/1275/1275
f 1276/1276/1276 1277/1277/1277 1278/1278/1278
f 1281/1281/1281 1280/1280/1280 1279/1279/1279
f 1280/1280/1280 1282/1282/1282 1279/1279/1279
f 1285/1285/1285 1284/1284/1284 1283/1283/1283
f 1286/1286/1286 1284/1284/1284 1285/1285/1285
f 1289/1289/1289 1288/1288/1288 1287/1287/1287
f 1287/1287/1287 1290/1290/1290 1289/1289/1289
f 1291/1291/1291 1289/1289/1289 1290/1290/1290
f 1290/1290/1290 1292/1292/1292 1291/1291/1291
f 1291/1291/1291 1292/1292/1292 1293/1293/1293
f 1293/1293/1293 1294/1294/1294 1291/1291/1291
f 1294/1294/1294 1293/1293/1293 1295/1295/1295
f 1295/1295/1295 1296/1296/1296 1294/1294/1294
f 1299/1299/1299 1298/1298/1298 1297/1297/1297
f 1299/1299/1299 1300/1300/1300 1298/1298/1298
f 1303/1303/1303 1302/1302/1302 1301/1301/1301
f 1302/1302/1302 1304/1304/1304 1301/1301/1301
f 1307/1307/1307 1306/1306/1306 1305/1305/1305
f 1308/1308/1308 1306/1306/1306 1307/1307/1307
f 1311/1311/1311 1310/1310/1310 1309/1309/1309
f 1311/1311/1311 1312/1312/1312 1310/1310/1310
f 1315/1315/1315 1314/1314/1314 1313/1313/1313
f 1313/1313/1313 1316/1316/1316 1315/1315/1315
f 1319/1319/1319 1318/1318/1318 1317/1317/1317
f 1317/1317/1317 1320/1320/1320 1319/1319/1319
f 1323/1323/1323 1322/1322/1322 1321/1321/1321
f 1324/1324/1324 1321/1321/1321 1322/1322/1322
f 1327/1327/1327 1326/1326/1326 1325/1325/1325
f 1328/1328/1328 1325/1325/1325 1326/1326/1326
f 1331/1331/1331 1330/1330/1330 1329/1329/1329
f 1330/1330/1330 1332/1332/1332 1329/1329/1329
f 1335/1335/1335 1334/1334/1334 1333/1333/1333
f 1333/1333/1333 1336/1336/1336 1335/1335/1335
f 1337/1337/1337 1335/1335/1335 1336/1336/1336
f 1336/1336/1336 1338/1338/1338 1337/1337/1337
f 1339/1339/1339 1337/1337/1337 1338/1338/1338
f 1338/1338/1338 1340/1340/1340 1339/1339/1339
f 1341/1341/1341 1339/1339/1339 1340/1340/1340
f 1340/1340/1340 1342/1342/1342 1341/1341/1341
f 1345/1345/1345 1344/1344/1344 1343/1343/1343
f 1344/1344/1344 1346/1346/1346 1343/1343/1343
f 1349/1349/1349 1348/1348/1348 1347/1347/1347
f 1350/1350/1350 1348/1348/1348 1349/1349/1349
f 1353/1353/1353 1352/1352/1352 1351/1351/1351
f 1351/1351/1351 1354/1354/1354 1353/1353/1353
f 1357/1357/1357 1356/1356/1356 1355/1355/1355
f 1357/1357/1357 1358/1358/1358 1356/1356/1356
f 1361/1361/1361 1360/1360/1360 1359/1359/1359
f 1362/1362/1362 1359/1359/1359 1360/1360/1360
f 1365/1365/1365 1364/1364/1364 1363/1363/1363
f 1364/1364/1364 1366/1366/1366 1363/1363/1363
f 1369/1369/1369 1368/1368/1368 1367/1367/1367
f 1370/1370/1370 1368/1368/1368 1369/1369/1369
f 1373/1373/1373 1372/1372/1372 1371/1371/1371
f 1371/1371/1371 1374/1374/1374 1373/1373/1373
f 1377/1377/1377 1376/1376/1376 1375/1375/1375
f 1376/1376/1376 1378/1378/1378 1375/1375/1375
f 1375/1375/1375 1378/1378/1378 1379/1379/1379
f 1378/1378/1378 1380/1380/1380 1379/1379/1379
f 1379/1379/1379 1380/1380/1380 1381/1381/1381
f 1380/1380/1380 1382/1382/1382 1381/1381/1381
f 1381/1381/1381 1382/1382/1382 1383/1383/1383
f 1382/1382/1382 1384/1384/1384 1383/1383/1383
f 1387/1387/1387 1386/1386/1386 1385/1385/1385
f 1385/1385/1385 1386/1386/1386 1388/1388/1388
f 1385/1385/1385 1388/1388/1388 1389/1389/1389
f 1389/1389/1389 1388/1388/1388 1390/1390/1390
f 1389/1389/1389 1390/1390/1390 1391/1391/1391
f 1391/1391/1391 1390/1390/1390 1392/1392/1392
f 1391/1391/1391 1392/1392/1392 1393/1393/1393
f 1393/1393/1393 1392/1392/1392 1394/1394/1394
f 1397/1397/1397 1396/1396/1396 1395/1395/1395
f 1397/1397/1397 1398/1398/1398 1396/1396/1396
f 1398/1398/1398 1399/1399/1399 1396/1396/1396
f 1398/1398/1398 1400/1400/1400 1399/1399/1399
f 1400/1400/1400 1401/1401/1401 1399/1399/1399
f 1400/1400/1400 1402/1402/1402 1401/1401/1401
f 1403/1403/1403 1401/1401/1401 1402/1402/1402
f 1402/1402/1402 1404/1404/1404 1403/1403/1403
f 1407/1407/1407 1406/1406/1406 1405/1405/1405
f 1405/1405/1405 1408/1408/1408 1407/1407/1407
f 1409/1409/1409 1407/1407/1407 1408/1408/1408
f 1408/1408/1408 1410/1410/1410 1409/1409/1409
f 1411/1411/1411 1409/1409/1409 1410/1410/1410
f 1410/1410/1410 1412/1412/1412 1411/1411/1411
f 1413/1413/1413 1411/1411/1411 1412/1412/1412
f 1412/1412/1412 1414/1414/1414 1413/1413/1413
f 1417/1417/1417 1416/1416/1416 1415/1415/1415
f 1418/1418/1418 1416/1416/1416 1417/1417/1417
f 1418/1418/1418 1419/1419/1419 1416/1416/1416
f 1420/1420/1420 1419/1419/1419 1418/1418/1418
f 1423/1423/1423 1422/1422/1422 1421/1421/1421
f 1421/1421/1421 1424/1424/1424 1423/1423/1423
f 1421/1421/1421 1425/1425/1425 1424/1424/1424
f 1426/1426/1426 1425/1425/1425 1421/1421/1421
f 1429/1429/1429 1428/1428/1428 1427/1427/1427
f 1428/1428/1428 1430/1430/1430 1427/1427/1427
f 1433/1433/1433 1432/1432/1432 1431/1431/1431
f 1432/1432/1432 1433/1433/1433 1434/1434/1434
f 1434/1434/1434 1435/1435/1435 1432/1432/1432
f 1435/1435/1435 1434/1434/1434 1436/1436/1436
f 1439/1439/1439 1438/1438/1438 1437/1437/1437
f 1440/1440/1440 1437/1437/1437 1438/1438/1438
f 1437/1437/1437 1440/1440/1440 1441/1441/1441
f 1441/1441/1441 1442/1442/1442 1437/1437/1437
f 1445/1445/1445 1444/1444/1444 1443/1443/1443
f 1446/1446/1446 1444/1444/1444 1445/1445/1445
f 1446/1446/1446 1447/1447/1447 1444/1444/1444
f 1448/1448/1448 1447/1447/1447 1446/1446/1446
f 1451/1451/1451 1450/1450/1450 1449/1449/1449
f 1452/1452/1452 1449/1449/1449 1450/1450/1450
f 1455/1455/1455 1454/1454/1454 1453/1453/1453
f 1456/1456/1456 1453/1453/1453 1454/1454/1454
f 1459/1459/1459 1458/1458/1458 1457/1457/1457
f 1458/1458/1458 1460/1460/1460 1457/1457/1457
f 1457/1457/1457 1460/1460/1460 1461/1461/1461
f 1460/1460/1460 1462/1462/1462 1461/1461/1461
f 1461/1461/1461 1462/1462/1462 1463/1463/1463
f 1462/1462/1462 1464/1464/1464 1463/1463/1463
f 1463/1463/1463 1464/1464/1464 1465/1465/1465
f 1464/1464/1464 1466/1466/1466 1465/1465/1465
f 1469/1469/1469 1468/1468/1468 1467/1467/1467
f 1470/1470/1470 1467/1467/1467 1468/1468/1468
f 1471/1471/1471 1467/1467/1467 1470/1470/1470
f 1472/1472/1472 1471/1471/1471 1470/1470/1470
f 1471/1471/1471 1472/1472/1472 1473/1473/1473
f 1473/1473/1473 1474/1474/1474 1471/1471/1471
f 1474/1474/1474 1473/1473/1473 1475/1475/1475
f 1475/1475/1475 1476/1476/1476 1474/1474/1474
f 1479/1479/1479 1478/1478/1478 1477/1477/1477
f 1480/1480/1480 1477/1477/1477 1478/1478/1478
f 1483/1483/1483 1482/1482/1482 1481/1481/1481
f 1483/1483/1483 1484/1484/1484 1482/1482/1482
f 1484/1484/1484 1485/1485/1485 1482/1482/1482
f 1484/1484/1484 1486/1486/1486 1485/1485/1485
f 1486/1486/1486 1487/1487/1487 1485/1485/1485
f 1486/1486/1486 1488/1488/1488 1487/1487/1487
f 1488/1488/1488 1489/1489/1489 1487/1487/1487
f 1488/1488/1488 1490/1490/1490 1489/1489/1489
f 1493/1493/1493 1492/1492/1492 1491/1491/1491
f 1492/1492/1492 1494/1494/1494 1491/1491/1491
f 1491/1491/1491 1494/1494/1494 1495/1495/1495
f 1494/1494/1494 1496/1496/1496 1495/1495/1495
f 1495/1495/1495 1496/1496/1496 1497/1497/1497
f 1497/1497/1497 1498/1498/1498 1495/1495/1495
f 1498/1498/1498 1497/1497/1497 1499/1499/1499
f 1499/1499/1499 1500/1500/1500 1498/1498/1498
f 1503/1503/1503 1502/1502/1502 1501/1501/1501
f 1504/1504/1504 1503/1503/1503 1501/1501/1501
f 1505/1505/1505 1503/1503/1503 1504/1504/1504
f 1506/1506/1506 1505/1505/1505 1504/1504/1504
f 1507/1507/1507 1505/1505/1505 1506/1506/1506
f 1508/1508/1508 1507/1507/1507 1506/1506/1506
f 1509/1509/1509 1507/1507/1507 1508/1508/1508
f 1510/1510/1510 1509/1509/1509 1508/1508/1508
f 1513/1513/1513 1512/1512/1512 1511/1511/1511
f 1513/1513/1513 1514/1514/1514 1512/1512/1512
f 1514/1514/1514 1515/1515/1515 1512/1512/1512
f 1514/1514/1514 1516/1516/1516 1515/1515/1515
f 1519/1519/1519 1518/1518/1518 1517/1517/1517
f 1517/1517/1517 1520/1520/1520 1519/1519/1519
f 1519/1519/1519 1520/1520/1520 1521/1521/1521
f 1521/1521/1521 1522/1522/1522 1519/1519/1519
f 1525/1525/1525 1524/1524/1524 1523/1523/1523
f 1525/1525/1525 1523/1523/1523 1526/1526/1526
f 1527/1527/1527 1525/1525/1525 1526/1526/1526
f 1527/1527/1527 1526/1526/1526 1528/1528/1528
f 1531/1531/1531 1530/1530/1530 1529/1529/1529
f 1529/1529/1529 1532/1532/1532 1531/1531/1531
f 1532/1532/1532 1529/1529/1529 1533/1533/1533
f 1529/1529/1529 1534/1534/1534 1533/1533/1533
f 1537/1537/1537 1536/1536/1536 1535/1535/1535
f 1537/1537/1537 1538/1538/1538 1536/1536/1536
f 1538/1538/1538 1539/1539/1539 1536/1536/1536
f 1538/1538/1538 1540/1540/1540 1539/1539/1539
f 1543/1543/1543 1542/1542/1542 1541/1541/1541
f 1541/1541/1541 1544/1544/1544 1543/1543/1543
f 1547/1547/1547 1546/1546/1546 1545/1545/1545
f 1545/1545/1545 1548/1548/1548 1547/1547/1547
f 1551/1551/1551 1550/1550/1550 1549/1549/1549
f 1550/1550/1550 1552/1552/1552 1549/1549/1549
f 1555/1555/1555 1554/1554/1554 1553/1553/1553
f 1556/1556/1556 1554/1554/1554 1555/1555/1555
f 1556/1556/1556 1557/1557/1557 1554/1554/1554
f 1558/1558/1558 1557/1557/1557 1556/1556/1556
f 1561/1561/1561 1560/1560/1560 1559/1559/1559
f 1559/1559/1559 1562/1562/1562 1561/1561/1561
f 1561/1561/1561 1562/1562/1562 1563/1563/1563
f 1561/1561/1561 1563/1563/1563 1564/1564/1564
f 1567/1567/1567 1566/1566/1566 1565/1565/1565
f 1567/1567/1567 1565/1565/1565 1568/1568/1568
f 1569/1569/1569 1567/1567/1567 1568/1568/1568
f 1569/1569/1569 1568/1568/1568 1570/1570/1570
f 1573/1573/1573 1572/1572/1572 1571/1571/1571
f 1571/1571/1571 1574/1574/1574 1573/1573/1573
f 1575/1575/1575 1574/1574/1574 1571/1571/1571
f 1576/1576/1576 1575/1575/1575 1571/1571/1571
f 1579/1579/1579 1578/1578/1578 1577/1577/1577
f 1579/1579/1579 1580/1580/1580 1578/1578/1578
f 1580/1580/1580 1581/1581/1581 1578/1578/1578
f 1580/1580/1580 1582/1582/1582 1581/1581/1581
f 1582/1582/1582 1583/1583/1583 1581/1581/1581
f 1582/1582/1582 1584/1584/1584 1583/1583/1583
f 1584/1584/1584 1585/1585/1585 1583/1583/1583
f 1584/1584/1584 1586/1586/1586 1585/1585/1585
f 1589/1589/1589 1588/1588/1588 1587/1587/1587
f 1588/1588/1588 1589/1589/1589 1590/1590/1590
f 1590/1590/1590 1591/1591/1591 1588/1588/1588
f 1591/1591/1591 1590/1590/1590 1592/1592/1592
f 1592/1592/1592 1593/1593/1593 1591/1591/1591
f 1593/1593/1593 1592/1592/1592 1594/1594/1594
f 1594/1594/1594 1595/1595/1595 1593/1593/1593
f 1595/1595/1595 1594/1594/1594 1596/1596/1596
f 1599/1599/1599 1598/1598/1598 1597/1597/1597
f 1599/1599/1599 1600/1600/1600 1598/1598/1598
f 1600/1600/1600 1601/1601/1601 1598/1598/1598
f 1600/1600/1600 1602/1602/1602 1601/1601/1601
f 1602/1602/1602 1603/1603/1603 1601/1601/1601
f 1602/1602/1602 1604/1604/1604 1603/1603/1603
f 1604/1604/1604 1605/1605/1605 1603/1603/1603
f 1604/1604/1604 1606/1606/1606 1605/1605/1605
f 1609/1609/1609 1608/1608/1608 1607/1607/1607
f 1607/1607/1607 1610/1610/1610 1609/1609/1609
f 1611/1611/1611 1609/1609/1609 1610/1610/1610
f 1610/1610/1610 1612/1612/1612 1611/1611/1611
f 1613/1613/1613 1611/1611/1611 1612/1612/1612
f 1612/1612/1612 1614/1614/1614 1613/1613/1613
f 1615/1615/1615 1613/1613/1613 1614/1614/1614
f 1614/1614/1614 1616/1616/1616 1615/1615/1615
f 1619/1619/1619 1618/1618/1618 1617/1617/1617
f 1617/1617/1617 1620/1620/1620 1619/1619/1619
f 1620/1620/1620 1617/1617/1617 1621/1621/1621
f 1621/1621/1621 1622/1622/1622 1620/1620/1620
f 1623/1623/1623 1622/1622/1622 1621/1621/1621
f 1621/1621/1621 1624/1624/1624 1623/1623/1623
f 1625/1625/1625 1623/1623/1623 1624/1624/1624
f 1625/1625/1625 1624/1624/1624 1626/1626/1626
f 1629/1629/1629 1628/1628/1628 1627/1627/1627
f 1627/1627/1627 1630/1630/1630 1629/1629/1629
f 1630/1630/1630 1627/1627/1627 1631/1631/1631
f 1631/1631/1631 1632/1632/1632 1630/1630/1630
f 1633/1633/1633 1632/1632/1632 1631/1631/1631
f 1631/1631/1631 1634/1634/1634 1633/1633/1633
f 1635/1635/1635 1633/1633/1633 1634/1634/1634
f 1634/1634/1634 1636/1636/1636 1635/1635/1635
f 1639/1639/1639 1638/1638/1638 1637/1637/1637
f 1637/1637/1637 1640/1640/1640 1639/1639/1639
f 1640/1640/1640 1637/1637/1637 1641/1641/1641
f 1641/1641/1641 1642/1642/1642 1640/1640/1640
f 1641/1641/1641 1643/1643/1643 1642/1642/1642
f 1643/1643/1643 1641/1641/1641 1644/1644/1644
f 1644/1644/1644 1645/1645/1645 1643/1643/1643
f 1645/1645/1645 1644/1644/1644 1646/1646/1646
f 1649/1649/1649 1648/1648/1648 1647/1647/1647
f 1647/1647/1647 1648/1648/1648 1650/1650/1650
f 1647/1647/1647 1650/1650/1650 1651/1651/1651
f 1651/1651/1651 1650/1650/1650 1652/1652/1652
f 1651/1651/1651 1652/1652/1652 1653/1653/1653
f 1653/1653/1653 1654/1654/1654 1651/1651/1651
f 1654/1654/1654 1653/1653/1653 1655/1655/1655
f 1655/1655/1655 1656/1656/1656 1654/1654/1654
f 1659/1659/1659 1658/1658/1658 1657/1657/1657
f 1659/1659/1659 1657/1657/1657 1660/1660/1660
f 1661/1661/1661 1659/1659/1659 1660/1660/1660
f 1661/1661/1661 1662/1662/1662 1659/1659/1659
f 1662/1662/1662 1663/1663/1663 1659/1659/1659
f 1660/1660/1660 1664/1664/1664 1661/1661/1661
f 1664/1664/1664 1665/1665/1665 1661/1661/1661
f 1666/1666/1666 1664/1664/1664 1660/1660/1660
f 1660/1660/1660 1667/1667/1667 1666/1666/1666
f 1662/1662/1662 1661/1661/1661 1668/1668/1668
f 1661/1661/1661 1669/1669/1669 1668/1668/1668
f 1668/1668/1668 1670/1670/1670 1662/1662/1662
f 1670/1670/1670 1671/1671/1671 1662/1662/1662
f 1668/1668/1668 1672/1672/1672 1670/1670/1670
f 1675/1675/1675 1674/1674/1674 1673/1673/1673
f 1673/1673/1673 1674/1674/1674 1676/1676/1676
f 1673/1673/1673 1676/1676/1676 1677/1677/1677
f 1677/1677/1677 1676/1676/1676 1678/1678/1678
f 1677/1677/1677 1678/1678/1678 1679/1679/1679
f 1679/1679/1679 1678/1678/1678 1680/1680/1680
f 1679/1679/1679 1680/1680/1680 1681/1681/1681
f 1681/1681/1681 1680/1680/1680 1682/1682/1682
f 1685/1685/1685 1684/1684/1684 1683/1683/1683
f 1683/1683/1683 1686/1686/1686 1685/1685/1685
f 1686/1686/1686 1687/1687/1687 1685/1685/1685
f 1686/1686/1686 1688/1688/1688 1687/1687/1687
f 1688/1688/1688 1689/1689/1689 1687/1687/1687
f 1688/1688/1688 1690/1690/1690 1689/1689/1689
f 1691/1691/1691 1689/1689/1689 1690/1690/1690
f 1690/1690/1690 1692/1692/1692 1691/1691/1691
f 1695/1695/1695 1694/1694/1694 1693/1693/1693
f 1693/1693/1693 1696/1696/1696 1695/1695/1695
f 1697/1697/1697 1695/1695/1695 1696/1696/1696
f 1696/1696/1696 1698/1698/1698 1697/1697/1697
f 1699/1699/1699 1697/1697/1697 1698/1698/1698
f 1698/1698/1698 1700/1700/1700 1699/1699/1699
f 1701/1701/1701 1699/1699/1699 1700/1700/1700
f 1700/1700/1700 1702/1702/1702 1701/1701/1701
f 1705/1705/1705 1704/1704/1704 1703/1703/1703
f 1706/1706/1706 1705/1705/1705 1703/1703/1703
f 1707/1707/1707 1705/1705/1705 1706/1706/1706
f 1708/1708/1708 1707/1707/1707 1706/1706/1706
f 1709/1709/1709 1707/1707/1707 1708/1708/1708
f 1710/1710/1710 1709/1709/1709 1708/1708/1708
f 1711/1711/1711 1709/1709/1709 1710/1710/1710
f 1712/1712/1712 1711/1711/1711 1710/1710/1710
f 1715/1715/1715 1714/1714/1714 1713/1713/1713
f 1715/1715/1715 1713/1713/1713 1716/1716/1716
f 1717/1717/1717 1715/1715/1715 1716/1716/1716
f 1717/1717/1717 1716/1716/1716 1718/1718/1718
f 1719/1719/1719 1717/1717/1717 1718/1718/1718
f 1719/1719/1719 1718/1718/1718 1720/1720/1720
f 1721/1721/1721 1719/1719/1719 1720/1720/1720
f 1721/1721/1721 1720/1720/1720 1722/1722/1722
f 1725/1725/1725 1724/1724/1724 1723/1723/1723
f 1724/1724/1724 1726/1726/1726 1723/1723/1723
f 1723/1723/1723 1726/1726/1726 1727/1727/1727
f 1726/1726/1726 1728/1728/1728 1727/1727/1727
f 1727/1727/1727 1728/1728/1728 1729/1729/1729
f 1728/1728/1728 1730/1730/1730 1729/1729/1729
f 1729/1729/1729 1730/1730/1730 1731/1731/1731
f 1730/1730/1730 1732/1732/1732 1731/1731/1731
f 1735/1735/1735 1734/1734/1734 1733/1733/1733
f 1733/1733/1733 1734/1734/1734 1736/1736/1736
f 1733/1733/1733 1736/1736/1736 1737/1737/1737
f 1737/1737/1737 1736/1736/1736 1738/1738/1738
f 1737/1737/1737 1738/1738/1738 1739/1739/1739
f 1739/1739/1739 1738/1738/1738 1740/1740/1740
f 1739/1739/1739 1740/1740/1740 1741/1741/1741
f 1741/1741/1741 1740/1740/1740 1742/1742/1742
f 1745/1745/1745 1744/1744/1744 1743/1743/1743
f 1743/1743/1743 1746/1746/1746 1745/1745/1745
f 1747/1747/1747 1745/1745/1745 1746/1746/1746
f 1746/1746/1746 1748/1748/1748 1747/1747/1747
f 1749/1749/1749 1747/1747/1747 1748/1748/1748
f 1748/1748/1748 1750/1750/1750 1749/1749/1749
f 1751/1751/1751 1749/1749/1749 1750/1750/1750
f 1750/1750/1750 1752/1752/1752 1751/1751/1751
f 1755/1755/1755 1754/1754/1754 1753/1753/1753
f 1755/1755/1755 1753/1753/1753 1756/1756/1756
f 1757/1757/1757 1755/1755/1755 1756/1756/1756
f 1756/1756/1756 1758/1758/1758 1757/1757/1757
f 1759/1759/1759 1757/1757/1757 1758/1758/1758
f 1758/1758/1758 1760/1760/1760 1759/1759/1759
f 1761/1761/1761 1759/1759/1759 1760/1760/1760
f 1761/1761/1761 1760/1760/1760 1762/1762/1762
f 1765/1765/1765 1764/1764/1764 1763/1763/1763
f 1765/1765/1765 1766/1766/1766 1764/1764/1764
f 1766/1766/1766 1767/1767/1767 1764/1764/1764
f 1766/1766/1766 1768/1768/1768 1767/1767/1767
f 1768/1768/1768 1769/1769/1769 1767/1767/1767
f 1768/1768/1768 1770/1770/1770 1769/1769/1769
f 1770/1770/1770 1771/1771/1771 1769/1769/1769
f 1770/1770/1770 1772/1772/1772 1771/1771/1771
f 1775/1775/1775 1774/1774/1774 1773/1773/1773
f 1773/1773/1773 1776/1776/1776 1775/1775/1775
f 1777/1777/1777 1775/1775/1775 1776/1776/1776
f 1776/1776/1776 1778/1778/1778 1777/1777/1777
f 1779/1779/1779 1777/1777/1777 1778/1778/1778
f 1778/1778/1778 1780/1780/1780 1779/1779/1779
f 1781/1781/1781 1779/1779/1779 1780/1780/1780
f 1780/1780/1780 1782/1782/1782 1781/1781/1781
f 1785/1785/1785 1784/1784/1784 1783/1783/1783
f 1785/1785/1785 1786/1786/1786 1784/1784/1784
f 1787/1787/1787 1784/1784/1784 1786/1786/1786
f 1786/1786/1786 1788/1788/1788 1787/1787/1787
f 1787/1787/1787 1788/1788/1788 1789/1789/1789
f 1789/1789/1789 1790/1790/1790 1787/1787/1787
f 1790/1790/1790 1789/1789/1789 1791/1791/1791
f 1791/1791/1791 1792/1792/1792 1790/1790/1790
f 1795/1795/1795 1794/1794/1794 1793/1793/1793
f 1796/1796/1796 1793/1793/1793 1794/1794/1794
f 1793/1793/1793 1796/1796/1796 1797/1797/1797
f 1798/1798/1798 1797/1797/1797 1796/1796/1796
f 1797/1797/1797 1798/1798/1798 1799/1799/1799
f 1799/1799/1799 1800/1800/1800 1797/1797/1797
f 1800/1800/1800 1799/1799/1799 1801/1801/1801
f 1801/1801/1801 1802/1802/1802 1800/1800/1800
f 1805/1805/1805 1804/1804/1804 1803/1803/1803
f 1804/1804/1804 1805/1805/1805 1806/1806/1806
f 1806/1806/1806 1807/1807/1807 1804/1804/1804
f 1807/1807/1807 1806/1806/1806 1808/1808/1808
f 1808/1808/1808 1809/1809/1809 1807/1807/1807
f 1809/1809/1809 1808/1808/1808 1810/1810/1810
f 1810/1810/1810 1811/1811/1811 1809/1809/1809
f 1811/1811/1811 1810/1810/1810 1812/1812/1812
f 1815/1815/1815 1814/1814/1814 1813/1813/1813
f 1813/1813/1813 1816/1816/1816 1815/1815/1815
f 1819/1819/1819 1818/1818/1818 1817/1817/1817
f 1820/1820/1820 1817/1817/1817 1818/1818/1818
f 1823/1823/1823 1822/1822/1822 1821/1821/1821
f 1821/1821/1821 1824/1824/1824 1823/1823/1823
f 1825/1825/1825 1823/1823/1823 1824/1824/1824
f 1824/1824/1824 1826/1826/1826 1825/1825/1825
f 1827/1827/1827 1825/1825/1825 1826/1826/1826
f 1826/1826/1826 1828/1828/1828 1827/1827/1827
f 1829/1829/1829 1827/1827/1827 1828/1828/1828
f 1828/1828/1828 1830/1830/1830 1829/1829/1829
f 1833/1833/1833 1832/1832/1832 1831/1831/1831
f 1832/1832/1832 1834/1834/1834 1831/1831/1831
f 1831/1831/1831 1834/1834/1834 1835/1835/1835
f 1834/1834/1834 1836/1836/1836 1835/1835/1835
f 1835/1835/1835 1836/1836/1836 1837/1837/1837
f 1836/1836/1836 1838/1838/1838 1837/1837/1837
f 1837/1837/1837 1838/1838/1838 1839/1839/1839
f 1838/1838/1838 1840/1840/1840 1839/1839/1839
f 1843/1843/1843 1842/1842/1842 1841/1841/1841
f 1844/1844/1844 1842/1842/1842 1843/1843/1843
f 1844/1844/1844 1845/1845/1845 1842/1842/1842
f 1846/1846/1846 1845/1845/1845 1844/1844/1844
f 1846/1846/1846 1847/1847/1847 1845/1845/1845
f 1848/1848/1848 1847/1847/1847 1846/1846/1846
f 1848/1848/1848 1849/1849/1849 1847/1847/1847
f 1850/1850/1850 1849/1849/1849 1848/1848/1848
f 1853/1853/1853 1852/1852/1852 1851/1851/1851
f 1853/1853/1853 1851/1851/1851 1854/1854/1854
f 1855/1855/1855 1853/1853/1853 1854/1854/1854
f 1854/1854/1854 1856/1856/1856 1855/1855/1855
f 1857/1857/1857 1855/1855/1855 1856/1856/1856
f 1856/1856/1856 1858/1858/1858 1857/1857/1857
f 1859/1859/1859 1857/1857/1857 1858/1858/1858
f 1858/1858/1858 1860/1860/1860 1859/1859/1859
f 1863/1863/1863 1862/1862/1862 1861/1861/1861
f 1861/1861/1861 1862/1862/1862 1864/1864/1864
f 1861/1861/1861 1864/1864/1864 1865/1865/1865
f 1865/1865/1865 1864/1864/1864 1866/1866/1866
f 1865/1865/1865 1866/1866/1866 1867/1867/1867
f 1867/1867/1867 1868/1868/1868 1865/1865/1865
f 1868/1868/1868 1867/1867/1867 1869/1869/1869
f 1869/1869/1869 1870/1870/1870 1868/1868/1868
f 1873/1873/1873 1872/1872/1872 1871/1871/1871
f 1873/1873/1873 1874/1874/1874 1872/1872/1872
f 1874/1874/1874 1875/1875/1875 1872/1872/1872
f 1874/1874/1874 1876/1876/1876 1875/1875/1875
f 1875/1875/1875 1876/1876/1876 1877/1877/1877
f 1877/1877/1877 1878/1878/1878 1875/1875/1875
f 1878/1878/1878 1877/1877/1877 1879/1879/1879
f 1879/1879/1879 1880/1880/1880 1878/1878/1878
f 1883/1883/1883 1882/1882/1882 1881/1881/1881
f 1881/1881/1881 1884/1884/1884 1883/1883/1883
f 1885/1885/1885 1883/1883/1883 1884/1884/1884
f 1884/1884/1884 1886/1886/1886 1885/1885/1885
f 1885/1885/1885 1886/1886/1886 1887/1887/1887
f 1887/1887/1887 1888/1888/1888 1885/1885/1885
f 1888/1888/1888 1887/1887/1887 1889/1889/1889
f 1889/1889/1889 1890/1890/1890 1888/1888/1888
f 1893/1893/1893 1892/1892/1892 1891/1891/1891
f 1894/1894/1894 1891/1891/1891 1892/1892/1892
f 1895/1895/1895 1891/1891/1891 1894/1894/1894
f 1896/1896/1896 1895/1895/1895 1894/1894/1894
f 1895/1895/1895 1896/1896/1896 1897/1897/1897
f 1897/1897/1897 1898/1898/1898 1895/1895/1895
f 1898/1898/1898 1897/1897/1897 1899/1899/1899
f 1899/1899/1899 1900/1900/1900 1898/1898/1898
f 1903/1903/1903 1902/1902/1902 1901/1901/1901
f 1901/1901/1901 1904/1904/1904 1903/1903/1903
f 1904/1904/1904 1901/1901/1901 1905/1905/1905
f 1905/1905/1905 1901/1901/1901 1906/1906/1906
f 1905/1905/1905 1907/1907/1907 1904/1904/1904
f 1904/1904/1904 1907/1907/1907 1908/1908/1908
f 1906/1906/1906 1909/1909/1909 1905/1905/1905
f 1908/1908/1908 1910/1910/1910 1904/1904/1904
f 1909/1909/1909 1906/1906/1906 1911/1911/1911
f 1911/1911/1911 1912/1912/1912 1909/1909/1909
f 1906/1906/1906 1913/1913/1913 1911/1911/1911
f 1914/1914/1914 1911/1911/1911 1913/1913/1913
f 1912/1912/1912 1911/1911/1911 1915/1915/1915
f 1911/1911/1911 1916/1916/1916 1915/1915/1915
f 1915/1915/1915 1916/1916/1916 1917/1917/1917
f 1917/1917/1917 1918/1918/1918 1915/1915/1915
f 1917/1917/1917 1916/1916/1916 1919/1919/1919
f 1919/1919/1919 1920/1920/1920 1917/1917/1917
f 1921/1921/1921 1918/1918/1918 1917/1917/1917
f 1917/1917/1917 1922/1922/1922 1921/1921/1921
f 1921/1921/1921 1922/1922/1922 1923/1923/1923
f 1923/1923/1923 1922/1922/1922 1924/1924/1924
f 1925/1925/1925 1923/1923/1923 1924/1924/1924
f 1923/1923/1923 1926/1926/1926 1921/1921/1921
f 1926/1926/1926 1923/1923/1923 1927/1927/1927
f 1927/1927/1927 1928/1928/1928 1926/1926/1926
f 1928/1928/1928 1927/1927/1927 1929/1929/1929
f 1929/1929/1929 1930/1930/1930 1928/1928/1928
f 1930/1930/1930 1929/1929/1929 1931/1931/1931
f 1932/1932/1932 1929/1929/1929 1927/1927/1927
f 1927/1927/1927 1933/1933/1933 1932/1932/1932
f 1929/1929/1929 1934/1934/1934 1931/1931/1931
f 1931/1931/1931 1934/1934/1934 1935/1935/1935
f 1935/1935/1935 1936/1936/1936 1931/1931/1931
f 1935/1935/1935 1934/1934/1934 1937/1937/1937
f 1937/1937/1937 1938/1938/1938 1935/1935/1935
f 1939/1939/1939 1936/1936/1936 1935/1935/1935
f 1940/1940/1940 1939/1939/1939 1935/1935/1935
f 1941/1941/1941 1939/1939/1939 1940/1940/1940
f 1942/1942/1942 1941/1941/1941 1940/1940/1940
f 1943/1943/1943 1942/1942/1942 1940/1940/1940
f 1940/1940/1940 1944/1944/1944 1943/1943/1943
f 1941/1941/1941 1942/1942/1942 1945/1945/1945
f 1945/1945/1945 1946/1946/1946 1941/1941/1941
f 1946/1946/1946 1945/1945/1945 1908/1908/1908
f 1945/1945/1945 1910/1910/1910 1908/1908/1908
f 1945/1945/1945 1947/1947/1947 1910/1910/1910
f 1947/1947/1947 1948/1948/1948 1910/1910/1910
f 1951/1951/1951 1950/1950/1950 1949/1949/1949
f 1951/1951/1951 1949/1949/1949 1952/1952/1952
f 1953/1953/1953 1951/1951/1951 1952/1952/1952
f 1954/1954/1954 1953/1953/1953 1952/1952/1952
f 1951/1951/1951 1953/1953/1953 1955/1955/1955
f 1956/1956/1956 1954/1954/1954 1952/1952/1952
f 1955/1955/1955 1957/1957/1957 1951/1951/1951
f 1952/1952/1952 1958/1958/1958 1956/1956/1956
f 1959/1959/1959 1957/1957/1957 1955/1955/1955
f 1955/1955/1955 1960/1960/1960 1959/1959/1959
f 1961/1961/1961 1957/1957/1957 1959/1959/1959
f 1959/1959/1959 1962/1962/1962 1961/1961/1961
f 1959/1959/1959 1960/1960/1960 1963/1963/1963
f 1959/1959/1959 1963/1963/1963 1964/1964/1964
f 1965/1965/1965 1964/1964/1964 1963/1963/1963
f 1963/1963/1963 1966/1966/1966 1965/1965/1965
f 1965/1965/1965 1967/1967/1967 1964/1964/1964
f 1967/1967/1967 1965/1965/1965 1968/1968/1968
f 1969/1969/1969 1965/1965/1965 1966/1966/1966
f 1969/1969/1969 1970/1970/1970 1965/1965/1965
f 1971/1971/1971 1970/1970/1970 1969/1969/1969
f 1969/1969/1969 1972/1972/1972 1971/1971/1971
f 1973/1973/1973 1970/1970/1970 1971/1971/1971
f 1971/1971/1971 1974/1974/1974 1973/1973/1973
f 1971/1971/1971 1972/1972/1972 1975/1975/1975
f 1975/1975/1975 1976/1976/1976 1971/1971/1971
f 1977/1977/1977 1976/1976/1976 1975/1975/1975
f 1975/1975/1975 1978/1978/1978 1977/1977/1977
f 1977/1977/1977 1978/1978/1978 1979/1979/1979
f 1976/1976/1976 1977/1977/1977 1980/1980/1980
f 1980/1980/1980 1981/1981/1981 1976/1976/1976
f 1977/1977/1977 1979/1979/1979 1982/1982/1982
f 1983/1983/1983 1982/1982/1982 1979/1979/1979
f 1979/1979/1979 1984/1984/1984 1983/1983/1983
f 1983/1983/1983 1985/1985/1985 1982/1982/1982
f 1986/1986/1986 1985/1985/1985 1983/1983/1983
f 1983/1983/1983 1984/1984/1984 1987/1987/1987
f 1987/1987/1987 1988/1988/1988 1983/1983/1983
f 1989/1989/1989 1988/1988/1988 1987/1987/1987
f 1987/1987/1987 1990/1990/1990 1989/1989/1989
f 1988/1988/1988 1989/1989/1989 1991/1991/1991
f 1991/1991/1991 1992/1992/1992 1988/1988/1988
f 1993/1993/1993 1989/1989/1989 1990/1990/1990
f 1990/1990/1990 1994/1994/1994 1993/1993/1993
f 1993/1993/1993 1994/1994/1994 1956/1956/1956
f 1993/1993/1993 1956/1956/1956 1958/1958/1958
f 1958/1958/1958 1995/1995/1995 1993/1993/1993
f 1995/1995/1995 1958/1958/1958 1996/1996/1996
f 1999/1999/1999 1998/1998/1998 1997/1997/1997
f 2000/2000/2000 1997/1997/1997 1998/1998/1998
f 2003/2003/2003 2002/2002/2002 2001/2001/2001
f 2002/2002/2002 2004/2004/2004 2001/2001/2001
f 2007/2007/2007 2006/2006/2006 2005/2005/2005
f 2005/2005/2005 2008/2008/2008 2007/2007/2007
f 2011/2011/2011 2010/2010/2010 2009/2009/2009
f 2009/2009/2009 2012/2012/2012 2011/2011/2011
f 2015/2015/2015 2014/2014/2014 2013/2013/2013
f 2014/2014/2014 2016/2016/2016 2013/2013/2013
f 2019/2019/2019 2018/2018/2018 2017/2017/2017
f 2019/2019/2019 2020/2020/2020 2018/2018/2018
f 2023/2023/2023 2022/2022/2022 2021/2021/2021
f 2024/2024/2024 2021/2021/2021 2022/2022/2022
f 2027/2027/2027 2026/2026/2026 2025/2025/2025
f 2025/2025/2025 2028/2028/2028 2027/2027/2027
f 2031/2031/2031 2030/2030/2030 2029/2029/2029
f 2030/2030/2030 2032/2032/2032 2029/2029/2029
f 2035/2035/2035 2034/2034/2034 2033/2033/2033
f 2033/2033/2033 2036/2036/2036 2035/2035/2035
f 2039/2039/2039 2038/2038/2038 2037/2037/2037
f 2037/2037/2037 2040/2040/2040 2039/2039/2039
f 2043/2043/2043 2042/2042/2042 2041/2041/2041
f 2042/2042/2042 2044/2044/2044 2041/2041/2041
f 2047/2047/2047 2046/2046/2046 2045/2045/2045
f 2045/2045/2045 2048/2048/2048 2047/2047/2047
f 2051/2051/2051 2050/2050/2050 2049/2049/2049
f 2052/2052/2052 2050/2050/2050 2051/2051/2051
f 2055/2055/2055 2054/2054/2054 2053/2053/2053
f 2056/2056/2056 2054/2054/2054 2055/2055/2055
f 2059/2059/2059 2058/2058/2058 2057/2057/2057
f 2057/2057/2057 2060/2060/2060 2059/2059/2059
f 2063/2063/2063 2062/2062/2062 2061/2061/2061
f 2061/2061/2061 2064/2064/2064 2063/2063/2063
f 2067/2067/2067 2066/2066/2066 2065/2065/2065
f 2065/2065/2065 2068/2068/2068 2067/2067/2067
f 2071/2071/2071 2070/2070/2070 2069/2069/2069
f 2072/2072/2072 2070/2070/2070 2071/2071/2071
f 2075/2075/2075 2074/2074/2074 2073/2073/2073
f 2076/2076/2076 2074/2074/2074 2075/2075/2075
f 2079/2079/2079 2078/2078/2078 2077/2077/2077
f 2079/2079/2079 2080/2080/2080 2078/2078/2078
f 2083/2083/2083 2082/2082/2082 2081/2081/2081
f 2084/2084/2084 2081/2081/2081 2082/2082/2082
f 2087/2087/2087 2086/2086/2086 2085/2085/2085
f 2085/2085/2085 2088/2088/2088 2087/2087/2087
f 2091/2091/2091 2090/2090/2090 2089/2089/2089
f 2089/2089/2089 2092/2092/2092 2091/2091/2091
f 2095/2095/2095 2094/2094/2094 2093/2093/2093
f 2093/2093/2093 2096/2096/2096 2095/2095/2095
f 2099/2099/2099 2098/2098/2098 2097/2097/2097
f 2098/2098/2098 2100/2100/2100 2097/2097/2097
f 2103/2103/2103 2102/2102/2102 2101/2101/2101
f 2101/2101/2101 2104/2104/2104 2103/2103/2103
f 2107/2107/2107 2106/2106/2106 2105/2105/2105
f 2105/2105/2105 2108/2108/2108 2107/2107/2107
f 2111/2111/2111 2110/2110/2110 2109/2109/2109
f 2110/2110/2110 2112/2112/2112 2109/2109/2109
f 2115/2115/2115 2114/2114/2114 2113/2113/2113
f 2113/2113/2113 2116/2116/2116 2115/2115/2115
f 2119/2119/2119 2118/2118/2118 2117/2117/2117
f 2120/2120/2120 2117/2117/2117 2118/2118/2118
f 2123/2123/2123 2122/2122/2122 2121/2121/2121
f 2121/2121/2121 2124/2124/2124 2123/2123/2123
f 2127/2127/2127 2126/2126/2126 2125/2125/2125
f 2125/2125/2125 2126/2126/2126 2128/2128/2128
f 2125/2125/2125 2128/2128/2128 2129/2129/2129
f 2130/2130/2130 2129/2129/2129 2128/2128/2128
f 2129/2129/2129 2130/2130/2130 2131/2131/2131
f 2132/2132/2132 2131/2131/2131 2130/2130/2130
f 2131/2131/2131 2132/2132/2132 2133/2133/2133
f 2133/2133/2133 2132/2132/2132 2134/2134/2134
f 2137/2137/2137 2136/2136/2136 2135/2135/2135
f 2138/2138/2138 2136/2136/2136 2137/2137/2137
f 2136/2136/2136 2138/2138/2138 2139/2139/2139
f 2140/2140/2140 2139/2139/2139 2138/2138/2138
f 2139/2139/2139 2140/2140/2140 2141/2141/2141
f 2142/2142/2142 2141/2141/2141 2140/2140/2140
f 2142/2142/2142 2143/2143/2143 2141/2141/2141
f 2144/2144/2144 2143/2143/2143 2142/2142/2142
f 2147/2147/2147 2146/2146/2146 2145/2145/2145
f 2145/2145/2145 2146/2146/2146 2148/2148/2148
f 2145/2145/2145 2148/2148/2148 2149/2149/2149
f 2150/2150/2150 2149/2149/2149 2148/2148/2148
f 2149/2149/2149 2150/2150/2150 2151/2151/2151
f 2152/2152/2152 2151/2151/2151 2150/2150/2150
f 2151/2151/2151 2152/2152/2152 2153/2153/2153
f 2153/2153/2153 2152/2152/2152 2154/2154/2154
f 2157/2157/2157 2156/2156/2156 2155/2155/2155
f 2157/2157/2157 2155/2155/2155 2158/2158/2158
f 2159/2159/2159 2157/2157/2157 2158/2158/2158
f 2158/2158/2158 2160/2160/2160 2159/2159/2159
f 2163/2163/2163 2162/2162/2162 2161/2161/2161
f 2163/2163/2163 2161/2161/2161 2164/2164/2164
f 2164/2164/2164 2161/2161/2161 2165/2165/2165
f 2165/2165/2165 2166/2166/2166 2164/2164/2164
f 2169/2169/2169 2168/2168/2168 2167/2167/2167
f 2168/2168/2168 2169/2169/2169 2170/2170/2170
f 2168/2168/2168 2170/2170/2170 2171/2171/2171
f 2170/2170/2170 2172/2172/2172 2171/2171/2171
f 2175/2175/2175 2174/2174/2174 2173/2173/2173
f 2175/2175/2175 2176/2176/2176 2174/2174/2174
f 2179/2179/2179 2178/2178/2178 2177/2177/2177
f 2177/2177/2177 2180/2180/2180 2179/2179/2179
f 2183/2183/2183 2182/2182/2182 2181/2181/2181
f 2183/2183/2183 2181/2181/2181 2184/2184/2184
f 2185/2185/2185 2183/2183/2183 2184/2184/2184
f 2185/2185/2185 2184/2184/2184 2186/2186/2186
f 2186/2186/2186 2187/2187/2187 2185/2185/2185
f 2188/2188/2188 2183/2183/2183 2185/2185/2185
f 2188/2188/2188 2189/2189/2189 2183/2183/2183
f 2192/2192/2192 2191/2191/2191 2190/2190/2190
f 2192/2192/2192 2193/2193/2193 2191/2191/2191
f 2196/2196/2196 2195/2195/2195 2194/2194/2194
f 2194/2194/2194 2197/2197/2197 2196/2196/2196
f 2200/2200/2200 2199/2199/2199 2198/2198/2198
f 2200/2200/2200 2201/2201/2201 2199/2199/2199
f 2204/2204/2204 2203/2203/2203 2202/2202/2202
f 2204/2204/2204 2205/2205/2205 2203/2203/2203
f 2208/2208/2208 2207/2207/2207 2206/2206/2206
f 2207/2207/2207 2209/2209/2209 2206/2206/2206
f 2212/2212/2212 2211/2211/2211 2210/2210/2210
f 2211/2211/2211 2213/2213/2213 2210/2210/2210
f 2211/2211/2211 2214/2214/2214 2213/2213/2213
f 2215/2215/2215 2213/2213/2213 2214/2214/2214
f 2215/2215/2215 2214/2214/2214 2216/2216/2216
f 2217/2217/2217 2215/2215/2215 2216/2216/2216
f 2220/2220/2220 2219/2219/2219 2218/2218/2218
f 2220/2220/2220 2218/2218/2218 2221/2221/2221
f 2222/2222/2222 2220/2220/2220 2221/2221/2221
f 2223/2223/2223 2222/2222/2222 2221/2221/2221
f 2224/2224/2224 2222/2222/2222 2223/2223/2223
f 2225/2225/2225 2224/2224/2224 2223/2223/2223
f 2226/2226/2226 2224/2224/2224 2225/2225/2225
f 2226/2226/2226 2225/2225/2225 2227/2227/2227
f 2230/2230/2230 2229/2229/2229 2228/2228/2228
f 2230/2230/2230 2228/2228/2228 2231/2231/2231
f 2232/2232/2232 2230/2230/2230 2231/2231/2231
f 2232/2232/2232 2231/2231/2231 2233/2233/2233
f 2234/2234/2234 2232/2232/2232 2233/2233/2233
f 2233/2233/2233 2235/2235/2235 2234/2234/2234
f 2236/2236/2236 2234/2234/2234 2235/2235/2235
f 2235/2235/2235 2237/2237/2237 2236/2236/2236
f 2240/2240/2240 2239/2239/2239 2238/2238/2238
f 2238/2238/2238 2241/2241/2241 2240/2240/2240
f 2240/2240/2240 2241/2241/2241 2242/2242/2242
f 2242/2242/2242 2243/2243/2243 2240/2240/2240
f 2244/2244/2244 2243/2243/2243 2242/2242/2242
f 2244/2244/2244 2242/2242/2242 2245/2245/2245
f 2246/2246/2246 2244/2244/2244 2245/2245/2245
f 2246/2246/2246 2245/2245/2245 2247/2247/2247
f 2250/2250/2250 2249/2249/2249 2248/2248/2248
f 2250/2250/2250 2251/2251/2251 2249/2249/2249
f 2251/2251/2251 2252/2252/2252 2249/2249/2249
f 2251/2251/2251 2253/2253/2253 2252/2252/2252
f 2252/2252/2252 2253/2253/2253 2254/2254/2254
f 2254/2254/2254 2255/2255/2255 2252/2252/2252
f 2254/2254/2254 2256/2256/2256 2255/2255/2255
f 2254/2254/2254 2257/2257/2257 2256/2256/2256
f 2260/2260/2260 2259/2259/2259 2258/2258/2258
f 2260/2260/2260 2261/2261/2261 2259/2259/2259
f 2261/2261/2261 2262/2262/2262 2259/2259/2259
f 2261/2261/2261 2263/2263/2263 2262/2262/2262
f 2262/2262/2262 2263/2263/2263 2264/2264/2264
f 2264/2264/2264 2265/2265/2265 2262/2262/2262
f 2264/2264/2264 2266/2266/2266 2265/2265/2265
f 2264/2264/2264 2267/2267/2267 2266/2266/2266
f 2270/2270/2270 2269/2269/2269 2268/2268/2268
f 2268/2268/2268 2271/2271/2271 2270/2270/2270
f 2274/2274/2274 2273/2273/2273 2272/2272/2272
f 2275/2275/2275 2272/2272/2272 2273/2273/2273
f 2278/2278/2278 2277/2277/2277 2276/2276/2276
f 2276/2276/2276 2279/2279/2279 2278/2278/2278
f 2280/2280/2280 2279/2279/2279 2276/2276/2276
f 2276/2276/2276 2281/2281/2281 2280/2280/2280
f 2284/2284/2284 2283/2283/2283 2282/2282/2282
f 2282/2282/2282 2285/2285/2285 2284/2284/2284
f 2286/2286/2286 2285/2285/2285 2282/2282/2282
f 2285/2285/2285 2286/2286/2286 2287/2287/2287
f 2287/2287/2287 2288/2288/2288 2285/2285/2285
f 2291/2291/2291 2290/2290/2290 2289/2289/2289
f 2289/2289/2289 2292/2292/2292 2291/2291/2291
f 2292/2292/2292 2293/2293/2293 2291/2291/2291
f 2294/2294/2294 2291/2291/2291 2293/2293/2293
f 2295/2295/2295 2291/2291/2291 2294/2294/2294
f 2298/2298/2298 2297/2297/2297 2296/2296/2296
f 2296/2296/2296 2299/2299/2299 2298/2298/2298
f 2299/2299/2299 2300/2300/2300 2298/2298/2298
f 2300/2300/2300 2301/2301/2301 2298/2298/2298
f 2302/2302/2302 2298/2298/2298 2301/2301/2301
f 2305/2305/2305 2304/2304/2304 2303/2303/2303
f 2306/2306/2306 2303/2303/2303 2304/2304/2304
f 2309/2309/2309 2308/2308/2308 2307/2307/2307
f 2307/2307/2307 2310/2310/2310 2309/2309/2309
f 2309/2309/2309 2310/2310/2310 2311/2311/2311
f 2311/2311/2311 2312/2312/2312 2309/2309/2309
f 2315/2315/2315 2314/2314/2314 2313/2313/2313
f 2313/2313/2313 2316/2316/2316 2315/2315/2315
f 2319/2319/2319 2318/2318/2318 2317/2317/2317
f 2317/2317/2317 2320/2320/2320 2319/2319/2319
f 2323/2323/2323 2322/2322/2322 2321/2321/2321
f 2321/2321/2321 2324/2324/2324 2323/2323/2323
f 2327/2327/2327 2326/2326/2326 2325/2325/2325
f 2325/2325/2325 2328/2328/2328 2327/2327/2327
f 2331/2331/2331 2330/2330/2330 2329/2329/2329
f 2329/2329/2329 2332/2332/2332 2331/2331/2331
f 2335/2335/2335 2334/2334/2334 2333/2333/2333
f 2333/2333/2333 2336/2336/2336 2335/2335/2335
f 2333/2333/2333 2337/2337/2337 2336/2336/2336
f 2338/2338/2338 2337/2337/2337 2333/2333/2333
f 2339/2339/2339 2338/2338/2338 2333/2333/2333
f 2342/2342/2342 2341/2341/2341 2340/2340/2340
f 2343/2343/2343 2340/2340/2340 2341/2341/2341
f 2346/2346/2346 2345/2345/2345 2344/2344/2344
f 2344/2344/2344 2347/2347/2347 2346/2346/2346
f 2350/2350/2350 2349/2349/2349 2348/2348/2348
f 2348/2348/2348 2351/2351/2351 2350/2350/2350
f 2352/2352/2352 2351/2351/2351 2348/2348/2348
f 2348/2348/2348 2353/2353/2353 2352/2352/2352
f 2356/2356/2356 2355/2355/2355 2354/2354/2354
f 2354/2354/2354 2357/2357/2357 2356/2356/2356
f 2360/2360/2360 2359/2359/2359 2358/2358/2358
f 2358/2358/2358 2361/2361/2361 2360/2360/2360
f 2360/2360/2360 2361/2361/2361 2362/2362/2362
f 2362/2362/2362 2363/2363/2363 2360/2360/2360
f 2366/2366/2366 2365/2365/2365 2364/2364/2364
f 2364/2364/2364 2367/2367/2367 2366/2366/2366
f 2367/2367/2367 2364/2364/2364 2368/2368/2368
f 2369/2369/2369 2368/2368/2368 2364/2364/2364
f 2370/2370/2370 2369/2369/2369 2364/2364/2364
f 2373/2373/2373 2372/2372/2372 2371/2371/2371
f 2374/2374/2374 2372/2372/2372 2373/2373/2373
f 2377/2377/2377 2376/2376/2376 2375/2375/2375
f 2375/2375/2375 2378/2378/2378 2377/2377/2377
f 2381/2381/2381 2380/2380/2380 2379/2379/2379
f 2379/2379/2379 2382/2382/2382 2381/2381/2381
f 2385/2385/2385 2384/2384/2384 2383/2383/2383
f 2383/2383/2383 2386/2386/2386 2385/2385/2385
f 2385/2385/2385 2386/2386/2386 2387/2387/2387
f 2388/2388/2388 2385/2385/2385 2387/2387/2387
f 2387/2387/2387 2386/2386/2386 2389/2389/2389
f 2390/2390/2390 2387/2387/2387 2389/2389/2389
f 2391/2391/2391 2387/2387/2387 2390/2390/2390
f 2394/2394/2394 2393/2393/2393 2392/2392/2392
f 2392/2392/2392 2395/2395/2395 2394/2394/2394
f 2398/2398/2398 2397/2397/2397 2396/2396/2396
f 2396/2396/2396 2399/2399/2399 2398/2398/2398
f 2399/2399/2399 2400/2400/2400 2398/2398/2398
f 2401/2401/2401 2398/2398/2398 2400/2400/2400
f 2402/2402/2402 2401/2401/2401 2400/2400/2400
f 2400/2400/2400 2403/2403/2403 2402/2402/2402
f 2406/2406/2406 2405/2405/2405 2404/2404/2404
f 2404/2404/2404 2407/2407/2407 2406/2406/2406
f 2410/2410/2410 2409/2409/2409 2408/2408/2408
f 2408/2408/2408 2411/2411/2411 2410/2410/2410
f 2414/2414/2414 2413/2413/2413 2412/2412/2412
f 2412/2412/2412 2415/2415/2415 2414/2414/2414
f 2415/2415/2415 2416/2416/2416 2414/2414/2414
f 2417/2417/2417 2416/2416/2416 2415/2415/2415
f 2415/2415/2415 2418/2418/2418 2417/2417/2417
f 2421/2421/2421 2420/2420/2420 2419/2419/2419
f 2419/2419/2419 2422/2422/2422 2421/2421/2421
f 2422/2422/2422 2419/2419/2419 2423/2423/2423
f 2424/2424/2424 2423/2423/2423 2419/2419/2419
f 2425/2425/2425 2424/2424/2424 2419/2419/2419
f 2428/2428/2428 2427/2427/2427 2426/2426/2426
f 2426/2426/2426 2429/2429/2429 2428/2428/2428
f 2426/2426/2426 2430/2430/2430 2429/2429/2429
f 2431/2431/2431 2430/2430/2430 2426/2426/2426
f 2432/2432/2432 2431/2431/2431 2426/2426/2426
f 2435/2435/2435 2434/2434/2434 2433/2433/2433
f 2433/2433/2433 2436/2436/2436 2435/2435/2435
f 2439/2439/2439 2438/2438/2438 2437/2437/2437
f 2439/2439/2439 2437/2437/2437 2440/2440/2440
f 2441/2441/2441 2440/2440/2440 2437/2437/2437
f 2437/2437/2437 2442/2442/2442 2441/2441/2441
f 2445/2445/2445 2444/2444/2444 2443/2443/2443
f 2443/2443/2443 2446/2446/2446 2445/2445/2445
f 2449/2449/2449 2448/2448/2448 2447/2447/2447
f 2448/2448/2448 2449/2449/2449 2450/2450/2450
f 2453/2453/2453 2452/2452/2452 2451/2451/2451
f 2454/2454/2454 2452/2452/2452 2453/2453/2453
f 2457/2457/2457 2456/2456/2456 2455/2455/2455
f 2456/2456/2456 2457/2457/2457 2458/2458/2458
f 2461/2461/2461 2460/2460/2460 2459/2459/2459
f 2461/2461/2461 2462/2462/2462 2460/2460/2460
f 2465/2465/2465 2464/2464/2464 2463/2463/2463
f 2466/2466/2466 2463/2463/2463 2464/2464/2464
f 2467/2467/2467 2466/2466/2466 2464/2464/2464
f 2468/2468/2468 2467/2467/2467 2464/2464/2464
f 2464/2464/2464 2469/2469/2469 2468/2468/2468
f 2472/2472/2472 2471/2471/2471 2470/2470/2470
f 2470/2470/2470 2473/2473/2473 2472/2472/2472
f 2476/2476/2476 2475/2475/2475 2474/2474/2474
f 2474/2474/2474 2477/2477/2477 2476/2476/2476
f 2480/2480/2480 2479/2479/2479 2478/2478/2478
f 2479/2479/2479 2481/2481/2481 2478/2478/2478
f 2482/2482/2482 2481/2481/2481 2479/2479/2479
f 2479/2479/2479 2483/2483/2483 2482/2482/2482
f 2486/2486/2486 2485/2485/2485 2484/2484/2484
f 2486/2486/2486 2487/2487/2487 2485/2485/2485
f 2490/2490/2490 2489/2489/2489 2488/2488/2488
f 2490/2490/2490 2491/2491/2491 2489/2489/2489
f 2492/2492/2492 2491/2491/2491 2490/2490/2490
f 2490/2490/2490 2493/2493/2493 2492/2492/2492
f 2496/2496/2496 2495/2495/2495 2494/2494/2494
f 2494/2494/2494 2495/2495/2495 2497/2497/2497
f 2498/2498/2498 2497/2497/2497 2495/2495/2495
f 2499/2499/2499 2498/2498/2498 2495/2495/2495
f 2495/2495/2495 2500/2500/2500 2499/2499/2499
f 2503/2503/2503 2502/2502/2502 2501/2501/2501
f 2502/2502/2502 2504/2504/2504 2501/2501/2501
f 2507/2507/2507 2506/2506/2506 2505/2505/2505
f 2506/2506/2506 2508/2508/2508 2505/2505/2505
f 2511/2511/2511 2510/2510/2510 2509/2509/2509
f 2511/2511/2511 2512/2512/2512 2510/2510/2510
f 2515/2515/2515 2514/2514/2514 2513/2513/2513
f 2513/2513/2513 2516/2516/2516 2515/2515/2515
f 2519/2519/2519 2518/2518/2518 2517/2517/2517
f 2517/2517/2517 2520/2520/2520 2519/2519/2519
f 2521/2521/2521 2519/2519/2519 2520/2520/2520
f 2520/2520/2520 2522/2522/2522 2521/2521/2521
f 2525/2525/2525 2524/2524/2524 2523/2523/2523
f 2526/2526/2526 2524/2524/2524 2525/2525/2525
f 2526/2526/2526 2525/2525/2525 2527/2527/2527
f 2525/2525/2525 2528/2528/2528 2527/2527/2527
f 2526/2526/2526 2527/2527/2527 2529/2529/2529
f 2527/2527/2527 2530/2530/2530 2529/2529/2529
f 2527/2527/2527 2531/2531/2531 2530/2530/2530
f 2534/2534/2534 2533/2533/2533 2532/2532/2532
f 2534/2534/2534 2535/2535/2535 2533/2533/2533
f 2538/2538/2538 2537/2537/2537 2536/2536/2536
f 2539/2539/2539 2537/2537/2537 2538/2538/2538
f 2542/2542/2542 2541/2541/2541 2540/2540/2540
f 2540/2540/2540 2543/2543/2543 2542/2542/2542
f 2546/2546/2546 2545/2545/2545 2544/2544/2544
f 2546/2546/2546 2547/2547/2547 2545/2545/2545
f 2550/2550/2550 2549/2549/2549 2548/2548/2548
f 2548/2548/2548 2551/2551/2551 2550/2550/2550
f 2548/2548/2548 2552/2552/2552 2551/2551/2551
f 2552/2552/2552 2548/2548/2548 2553/2553/2553
f 2553/2553/2553 2554/2554/2554 2552/2552/2552
f 2553/2553/2553 2555/2555/2555 2554/2554/2554
f 2558/2558/2558 2557/2557/2557 2556/2556/2556
f 2556/2556/2556 2559/2559/2559 2558/2558/2558
f 2562/2562/2562 2561/2561/2561 2560/2560/2560
f 2561/2561/2561 2563/2563/2563 2560/2560/2560
f 2564/2564/2564 2560/2560/2560 2563/2563/2563
f 2560/2560/2560 2564/2564/2564 2565/2565/2565
f 2560/2560/2560 2565/2565/2565 2566/2566/2566
f 2560/2560/2560 2566/2566/2566 2567/2567/2567
f 2567/2567/2567 2568/2568/2568 2560/2560/2560
f 2571/2571/2571 2570/2570/2570 2569/2569/2569
f 2571/2571/2571 2569/2569/2569 2572/2572/2572
f 2573/2573/2573 2572/2572/2572 2569/2569/2569
f 2569/2569/2569 2574/2574/2574 2573/2573/2573
f 2574/2574/2574 2569/2569/2569 2575/2575/2575
f 2576/2576/2576 2575/2575/2575 2569/2569/2569
f 2569/2569/2569 2577/2577/2577 2576/2576/2576
f 2580/2580/2580 2579/2579/2579 2578/2578/2578
f 2578/2578/2578 2581/2581/2581 2580/2580/2580
f 2584/2584/2584 2583/2583/2583 2582/2582/2582
f 2583/2583/2583 2585/2585/2585 2582/2582/2582
f 2588/2588/2588 2587/2587/2587 2586/2586/2586
f 2586/2586/2586 2589/2589/2589 2588/2588/2588
f 2589/2589/2589 2586/2586/2586 2590/2590/2590
f 2590/2590/2590 2591/2591/2591 2589/2589/2589
f 2591/2591/2591 2590/2590/2590 2592/2592/2592
f 2593/2593/2593 2592/2592/2592 2590/2590/2590
f 2596/2596/2596 2595/2595/2595 2594/2594/2594
f 2594/2594/2594 2597/2597/2597 2596/2596/2596
f 2598/2598/2598 2597/2597/2597 2594/2594/2594
f 2594/2594/2594 2599/2599/2599 2598/2598/2598
f 2602/2602/2602 2601/2601/2601 2600/2600/2600
f 2600/2600/2600 2603/2603/2603 2602/2602/2602
f 2602/2602/2602 2603/2603/2603 2604/2604/2604
f 2604/2604/2604 2605/2605/2605 2602/2602/2602
f 2608/2608/2608 2607/2607/2607 2606/2606/2606
f 2606/2606/2606 2609/2609/2609 2608/2608/2608
f 2609/2609/2609 2606/2606/2606 2610/2610/2610
f 2611/2611/2611 2610/2610/2610 2606/2606/2606
f 2614/2614/2614 2613/2613/2613 2612/2612/2612
f 2612/2612/2612 2615/2615/2615 2614/2614/2614
f 2614/2614/2614 2615/2615/2615 2616/2616/2616
f 2616/2616/2616 2617/2617/2617 2614/2614/2614
f 2620/2620/2620 2619/2619/2619 2618/2618/2618
f 2620/2620/2620 2621/2621/2621 2619/2619/2619
f 2622/2622/2622 2621/2621/2621 2620/2620/2620
f 2620/2620/2620 2623/2623/2623 2622/2622/2622
f 2626/2626/2626 2625/2625/2625 2624/2624/2624
f 2624/2624/2624 2627/2627/2627 2626/2626/2626
f 2630/2630/2630 2629/2629/2629 2628/2628/2628
f 2628/2628/2628 2631/2631/2631 2630/2630/2630
f 2632/2632/2632 2630/2630/2630 2631/2631/2631
f 2635/2635/2635 2634/2634/2634 2633/2633/2633
f 2636/2636/2636 2635/2635/2635 2633/2633/2633
f 2633/2633/2633 2637/2637/2637 2636/2636/2636
f 2640/2640/2640 2639/2639/2639 2638/2638/2638
f 2639/2639/2639 2641/2641/2641 2638/2638/2638
f 2641/2641/2641 2642/2642/2642 2638/2638/2638
f 2642/2642/2642 2643/2643/2643 2638/2638/2638
f 2646/2646/2646 2645/2645/2645 2644/2644/2644
f 2647/2647/2647 2646/2646/2646 2644/2644/2644
f 2650/2650/2650 2649/2649/2649 2648/2648/2648
f 2648/2648/2648 2651/2651/2651 2650/2650/2650
f 2652/2652/2652 2650/2650/2650 2651/2651/2651
f 2651/2651/2651 2653/2653/2653 2652/2652/2652
f 2656/2656/2656 2655/2655/2655 2654/2654/2654
f 2654/2654/2654 2657/2657/2657 2656/2656/2656
f 2660/2660/2660 2659/2659/2659 2658/2658/2658
f 2661/2661/2661 2658/2658/2658 2659/2659/2659
f 2664/2664/2664 2663/2663/2663 2662/2662/2662
f 2662/2662/2662 2665/2665/2665 2664/2664/2664
f 2668/2668/2668 2667/2667/2667 2666/2666/2666
f 2667/2667/2667 2668/2668/2668 2669/2669/2669
f 2672/2672/2672 2671/2671/2671 2670/2670/2670
f 2670/2670/2670 2673/2673/2673 2672/2672/2672
f 2672/2672/2672 2673/2673/2673 2674/2674/2674
f 2675/2675/2675 2672/2672/2672 2674/2674/2674
f 2678/2678/2678 2677/2677/2677 2676/2676/2676
f 2677/2677/2677 2679/2679/2679 2676/2676/2676
f 2682/2682/2682 2681/2681/2681 2680/2680/2680
f 2680/2680/2680 2683/2683/2683 2682/2682/2682
f 2682/2682/2682 2683/2683/2683 2684/2684/2684
f 2684/2684/2684 2685/2685/2685 2682/2682/2682
f 2688/2688/2688 2687/2687/2687 2686/2686/2686
f 2686/2686/2686 2689/2689/2689 2688/2688/2688
f 2692/2692/2692 2691/2691/2691 2690/2690/2690
f 2690/2690/2690 2693/2693/2693 2692/2692/2692
f 2696/2696/2696 2695/2695/2695 2694/2694/2694
f 2694/2694/2694 2697/2697/2697 2696/2696/2696
f 2700/2700/2700 2699/2699/2699 2698/2698/2698
f 2701/2701/2701 2698/2698/2698 2699/2699/2699
f 2699/2699/2699 2702/2702/2702 2701/2701/2701
f 2702/2702/2702 2703/2703/2703 2701/2701/2701
f 2701/2701/2701 2703/2703/2703 2704/2704/2704
f 2705/2705/2705 2704/2704/2704 2703/2703/2703
f 2706/2706/2706 2704/2704/2704 2705/2705/2705
f 2709/2709/2709 2708/2708/2708 2707/2707/2707
f 2708/2708/2708 2710/2710/2710 2707/2707/2707
f 2713/2713/2713 2712/2712/2712 2711/2711/2711
f 2711/2711/2711 2714/2714/2714 2713/2713/2713
f 2713/2713/2713 2714/2714/2714 2715/2715/2715
f 2715/2715/2715 2714/2714/2714 2716/2716/2716
f 2717/2717/2717 2716/2716/2716 2714/2714/2714
f 2718/2718/2718 2716/2716/2716 2717/2717/2717
f 2719/2719/2719 2718/2718/2718 2717/2717/2717
f 2722/2722/2722 2721/2721/2721 2720/2720/2720
f 2720/2720/2720 2723/2723/2723 2722/2722/2722
f 2726/2726/2726 2725/2725/2725 2724/2724/2724
f 2726/2726/2726 2724/2724/2724 2727/2727/2727
f 2730/2730/2730 2729/2729/2729 2728/2728/2728
f 2728/2728/2728 2731/2731/2731 2730/2730/2730
f 2734/2734/2734 2733/2733/2733 2732/2732/2732
f 2734/2734/2734 2735/2735/2735 2733/2733/2733
f 2738/2738/2738 2737/2737/2737 2736/2736/2736
f 2736/2736/2736 2739/2739/2739 2738/2738/2738
f 2742/2742/2742 2741/2741/2741 2740/2740/2740
f 2740/2740/2740 2743/2743/2743 2742/2742/2742
f 2746/2746/2746 2745/2745/2745 2744/2744/2744
f 2747/2747/2747 2744/2744/2744 2745/2745/2745
f 2750/2750/2750 2749/2749/2749 2748/2748/2748
f 2748/2748/2748 2751/2751/2751 2750/2750/2750
f 2750/2750/2750 2751/2751/2751 2752/2752/2752
f 2750/2750/2750 2752/2752/2752 2753/2753/2753
f 2756/2756/2756 2755/2755/2755 2754/2754/2754
f 2754/2754/2754 2757/2757/2757 2756/2756/2756
f 2760/2760/2760 2759/2759/2759 2758/2758/2758
f 2758/2758/2758 2761/2761/2761 2760/2760/2760
f 2764/2764/2764 2763/2763/2763 2762/2762/2762
f 2762/2762/2762 2765/2765/2765 2764/2764/2764
f 2768/2768/2768 2767/2767/2767 2766/2766/2766
f 2769/2769/2769 2766/2766/2766 2767/2767/2767
f 2770/2770/2770 2766/2766/2766 2769/2769/2769
f 2773/2773/2773 2772/2772/2772 2771/2771/2771
f 2773/2773/2773 2774/2774/2774 2772/2772/2772
f 2777/2777/2777 2776/2776/2776 2775/2775/2775
f 2776/2776/2776 2778/2778/2778 2775/2775/2775
f 2781/2781/2781 2780/2780/2780 2779/2779/2779
f 2779/2779/2779 2782/2782/2782 2781/2781/2781
f 2785/2785/2785 2784/2784/2784 2783/2783/2783
f 2786/2786/2786 2783/2783/2783 2784/2784/2784
f 2787/2787/2787 2783/2783/2783 2786/2786/2786
f 2790/2790/2790 2789/2789/2789 2788/2788/2788
f 2791/2791/2791 2788/2788/2788 2789/2789/2789
f 2794/2794/2794 2793/2793/2793 2792/2792/2792
f 2792/2792/2792 2795/2795/2795 2794/2794/2794
f 2798/2798/2798 2797/2797/2797 2796/2796/2796
f 2796/2796/2796 2799/2799/2799 2798/2798/2798
f 2802/2802/2802 2801/2801/2801 2800/2800/2800
f 2802/2802/2802 2803/2803/2803 2801/2801/2801
f 2806/2806/2806 2805/2805/2805 2804/2804/2804
f 2804/2804/2804 2807/2807/2807 2806/2806/2806
f 2806/2806/2806 2807/2807/2807 2808/2808/2808
f 2808/2808/2808 2809/2809/2809 2806/2806/2806
f 2812/2812/2812 2811/2811/2811 2810/2810/2810
f 2810/2810/2810 2813/2813/2813 2812/2812/2812
f 2813/2813/2813 2814/2814/2814 2812/2812/2812
f 2815/2815/2815 2814/2814/2814 2813/2813/2813
f 2813/2813/2813 2816/2816/2816 2815/2815/2815
f 2819/2819/2819 2818/2818/2818 2817/2817/2817
f 2817/2817/2817 2820/2820/2820 2819/2819/2819
f 2821/2821/2821 2820/2820/2820 2817/2817/2817
f 2817/2817/2817 2822/2822/2822 2821/2821/2821
f 2817/2817/2817 2823/2823/2823 2822/2822/2822
f 2826/2826/2826 2825/2825/2825 2824/2824/2824
f 2824/2824/2824 2827/2827/2827 2826/2826/2826
f 2828/2828/2828 2827/2827/2827 2824/2824/2824
f 2829/2829/2829 2828/2828/2828 2824/2824/2824
f 2824/2824/2824 2830/2830/2830 2829/2829/2829
f 2833/2833/2833 2832/2832/2832 2831/2831/2831
f 2831/2831/2831 2834/2834/2834 2833/2833/2833
f 2837/2837/2837 2836/2836/2836 2835/2835/2835
f 2835/2835/2835 2836/2836/2836 2838/2838/2838
f 2839/2839/2839 2838/2838/2838 2836/2836/2836
f 2836/2836/2836 2840/2840/2840 2839/2839/2839
f 2843/2843/2843 2842/2842/2842 2841/2841/2841
f 2841/2841/2841 2844/2844/2844 2843/2843/2843
f 2847/2847/2847 2846/2846/2846 2845/2845/2845
f 2847/2847/2847 2848/2848/2848 2846/2846/2846
f 2851/2851/2851 2850/2850/2850 2849/2849/2849
f 2849/2849/2849 2852/2852/2852 2851/2851/2851
f 2855/2855/2855 2854/2854/2854 2853/2853/2853
f 2855/2855/2855 2856/2856/2856 2854/2854/2854
f 2859/2859/2859 2858/2858/2858 2857/2857/2857
f 2857/2857/2857 2860/2860/2860 2859/2859/2859
f 2863/2863/2863 2862/2862/2862 2861/2861/2861
f 2861/2861/2861 2864/2864/2864 2863/2863/2863
f 2865/2865/2865 2863/2863/2863 2864/2864/2864
f 2863/2863/2863 2865/2865/2865 2866/2866/2866
f 2866/2866/2866 2867/2867/2867 2863/2863/2863
f 2870/2870/2870 2869/2869/2869 2868/2868/2868
f 2870/2870/2870 2871/2871/2871 2869/2869/2869
f 2874/2874/2874 2873/2873/2873 2872/2872/2872
f 2872/2872/2872 2875/2875/2875 2874/2874/2874
f 2878/2878/2878 2877/2877/2877 2876/2876/2876
f 2876/2876/2876 2879/2879/2879 2878/2878/2878
f 2880/2880/2880 2878/2878/2878 2879/2879/2879
f 2878/2878/2878 2880/2880/2880 2881/2881/2881
f 2884/2884/2884 2883/2883/2883 2882/2882/2882
f 2882/2882/2882 2885/2885/2885 2884/2884/2884
f 2888/2888/2888 2887/2887/2887 2886/2886/2886
f 2889/2889/2889 2887/2887/2887 2888/2888/2888
f 2890/2890/2890 2889/2889/2889 2888/2888/2888
f 2888/2888/2888 2891/2891/2891 2890/2890/2890
f 2894/2894/2894 2893/2893/2893 2892/2892/2892
f 2892/2892/2892 2895/2895/2895 2894/2894/2894
f 2894/2894/2894 2895/2895/2895 2896/2896/2896
f 2896/2896/2896 2897/2897/2897 2894/2894/2894
f 2897/2897/2897 2898/2898/2898 2894/2894/2894
f 2901/2901/2901 2900/2900/2900 2899/2899/2899
f 2901/2901/2901 2902/2902/2902 2900/2900/2900
f 2905/2905/2905 2904/2904/2904 2903/2903/2903
f 2904/2904/2904 2906/2906/2906 2903/2903/2903
f 2909/2909/2909 2908/2908/2908 2907/2907/2907
f 2907/2907/2907 2910/2910/2910 2909/2909/2909
f 2913/2913/2913 2912/2912/2912 2911/2911/2911
f 2912/2912/2912 2913/2913/2913 2914/2914/2914
f 2914/2914/2914 2913/2913/2913 2915/2915/2915
f 2913/2913/2913 2916/2916/2916 2915/2915/2915
f 2914/2914/2914 2915/2915/2915 2917/2917/2917
f 2915/2915/2915 2918/2918/2918 2917/2917/2917
f 2915/2915/2915 2919/2919/2919 2918/2918/2918
f 2922/2922/2922 2921/2921/2921 2920/2920/2920
f 2920/2920/2920 2923/2923/2923 2922/2922/2922
f 2926/2926/2926 2925/2925/2925 2924/2924/2924
f 2927/2927/2927 2924/2924/2924 2925/2925/2925
f 2928/2928/2928 2927/2927/2927 2925/2925/2925
f 2925/2925/2925 2929/2929/2929 2928/2928/2928
f 2929/2929/2929 2930/2930/2930 2928/2928/2928
f 2930/2930/2930 2931/2931/2931 2928/2928/2928
f 2934/2934/2934 2933/2933/2933 2932/2932/2932
f 2933/2933/2933 2935/2935/2935 2932/2932/2932
f 2938/2938/2938 2937/2937/2937 2936/2936/2936
f 2936/2936/2936 2939/2939/2939 2938/2938/2938
f 2942/2942/2942 2941/2941/2941 2940/2940/2940
f 2940/2940/2940 2943/2943/2943 2942/2942/2942
f 2944/2944/2944 2943/2943/2943 2940/2940/2940
f 2943/2943/2943 2944/2944/2944 2945/2945/2945
f 2945/2945/2945 2946/2946/2946 2943/2943/2943
f 2949/2949/2949 2948/2948/2948 2947/2947/2947
f 2947/2947/2947 2950/2950/2950 2949/2949/2949
f 2949/2949/2949 2950/2950/2950 2951/2951/2951
f 2951/2951/2951 2952/2952/2952 2949/2949/2949
f 2952/2952/2952 2953/2953/2953 2949/2949/2949
f 2956/2956/2956 2955/2955/2955 2954/2954/2954
f 2954/2954/2954 2957/2957/2957 2956/2956/2956
f 2958/2958/2958 2956/2956/2956 2957/2957/2957
f 2956/2956/2956 2958/2958/2958 2959/2959/2959
f 2959/2959/2959 2960/2960/2960 2956/2956/2956
f 2963/2963/2963 2962/2962/2962 2961/2961/2961
f 2964/2964/2964 2961/2961/2961 2962/2962/2962
f 2967/2967/2967 2966/2966/2966 2965/2965/2965
f 2965/2965/2965 2968/2968/2968 2967/2967/2967
f 2967/2967/2967 2968/2968/2968 2969/2969/2969
f 2969/2969/2969 2970/2970/2970 2967/2967/2967
f 2973/2973/2973 2972/2972/2972 2971/2971/2971
f 2974/2974/2974 2971/2971/2971 2972/2972/2972
f 2977/2977/2977 2976/2976/2976 2975/2975/2975
f 2975/2975/2975 2978/2978/2978 2977/2977/2977
f 2981/2981/2981 2980/2980/2980 2979/2979/2979
f 2979/2979/2979 2982/2982/2982 2981/2981/2981
f 2985/2985/2985 2984/2984/2984 2983/2983/2983
f 2983/2983/2983 2986/2986/2986 2985/2985/2985
f 2989/2989/2989 2988/2988/2988 2987/2987/2987
f 2987/2987/2987 2990/2990/2990 2989/2989/2989
f 2993/2993/2993 2992/2992/2992 2991/2991/2991
f 2991/2991/2991 2994/2994/2994 2993/2993/2993
f 2994/2994/2994 2995/2995/2995 2993/2993/2993
f 2993/2993/2993 2995/2995/2995 2996/2996/2996
f 2996/2996/2996 2997/2997/2997 2993/2993/2993
f 3000/3000/3000 2999/2999/2999 2998/2998/2998
f 2998/2998/2998 3001/3001/3001 3000/3000/3000
f 3004/3004/3004 3003/3003/3003 3002/3002/3002
f 3002/3002/3002 3005/3005/3005 3004/3004/3004
f 3008/3008/3008 3007/3007/3007 3006/3006/3006
f 3006/3006/3006 3009/3009/3009 3008/3008/3008
f 3008/3008/3008 3009/3009/3009 3010/3010/3010
f 3010/3010/3010 3011/3011/3011 3008/3008/3008
f 3014/3014/3014 3013/3013/3013 3012/3012/3012
f 3012/3012/3012 3015/3015/3015 3014/3014/3014
f 3018/3018/3018 3017/3017/3017 3016/3016/3016
f 3016/3016/3016 3019/3019/3019 3018/3018/3018
f 3018/3018/3018 3019/3019/3019 3020/3020/3020
f 3020/3020/3020 3021/3021/3021 3018/3018/3018
f 3024/3024/3024 3023/3023/3023 3022/3022/3022
f 3024/3024/3024 3022/3022/3022 3025/3025/3025
f 3025/3025/3025 3026/3026/3026 3024/3024/3024
f 3024/3024/3024 3026/3026/3026 3027/3027/3027
f 3027/3027/3027 3028/3028/3028 3024/3024/3024
f 3031/3031/3031 3030/3030/3030 3029/3029/3029
f 3029/3029/3029 3032/3032/3032 3031/3031/3031
f 3035/3035/3035 3034/3034/3034 3033/3033/3033
f 3033/3033/3033 3036/3036/3036 3035/3035/3035
f 3039/3039/3039 3038/3038/3038 3037/3037/3037
f 3037/3037/3037 3040/3040/3040 3039/3039/3039
f 3043/3043/3043 3042/3042/3042 3041/3041/3041
f 3041/3041/3041 3044/3044/3044 3043/3043/3043
f 3047/3047/3047 3046/3046/3046 3045/3045/3045
f 3045/3045/3045 3048/3048/3048 3047/3047/3047
f 3048/3048/3048 3045/3045/3045 3049/3049/3049
f 3049/3049/3049 3050/3050/3050 3048/3048/3048
f 3053/3053/3053 3052/3052/3052 3051/3051/3051
f 3051/3051/3051 3054/3054/3054 3053/3053/3053
f 3053/3053/3053 3054/3054/3054 3055/3055/3055
f 3056/3056/3056 3053/3053/3053 3055/3055/3055
f 3055/3055/3055 3054/3054/3054 3057/3057/3057
f 3058/3058/3058 3055/3055/3055 3057/3057/3057
f 3059/3059/3059 3055/3055/3055 3058/3058/3058
f 3062/3062/3062 3061/3061/3061 3060/3060/3060
f 3063/3063/3063 3061/3061/3061 3062/3062/3062
f 3066/3066/3066 3065/3065/3065 3064/3064/3064
f 3064/3064/3064 3067/3067/3067 3066/3066/3066
f 3070/3070/3070 3069/3069/3069 3068/3068/3068
f 3068/3068/3068 3071/3071/3071 3070/3070/3070
f 3074/3074/3074 3073/3073/3073 3072/3072/3072
f 3075/3075/3075 3072/3072/3072 3073/3073/3073
f 3078/3078/3078 3077/3077/3077 3076/3076/3076
f 3076/3076/3076 3079/3079/3079 3078/3078/3078
f 3078/3078/3078 3079/3079/3079 3080/3080/3080
f 3081/3081/3081 3078/3078/3078 3080/3080/3080
f 3081/3081/3081 3080/3080/3080 3082/3082/3082
f 3083/3083/3083 3081/3081/3081 3082/3082/3082
f 3086/3086/3086 3085/3085/3085 3084/3084/3084
f 3087/3087/3087 3084/3084/3084 3085/3085/3085
f 3090/3090/3090 3089/3089/3089 3088/3088/3088
f 3090/3090/3090 3088/3088/3088 3091/3091/3091
f 3092/3092/3092 3091/3091/3091 3088/3088/3088
f 3088/3088/3088 3093/3093/3093 3092/3092/3092
f 3093/3093/3093 3088/3088/3088 3094/3094/3094
f 3095/3095/3095 3094/3094/3094 3088/3088/3088
f 3088/3088/3088 3096/3096/3096 3095/3095/3095
f 3099/3099/3099 3098/3098/3098 3097/3097/3097
f 3098/3098/3098 3100/3100/3100 3097/3097/3097
f 3097/3097/3097 3100/3100/3100 3101/3101/3101
f 3101/3101/3101 3102/3102/3102 3097/3097/3097
f 3097/3097/3097 3102/3102/3102 3103/3103/3103
f 3097/3097/3097 3103/3103/3103 3104/3104/3104
f 3104/3104/3104 3105/3105/3105 3097/3097/3097
f 3108/3108/3108 3107/3107/3107 3106/3106/3106
f 3106/3106/3106 3109/3109/3109 3108/3108/3108
f 3112/3112/3112 3111/3111/3111 3110/3110/3110
f 3111/3111/3111 3112/3112/3112 3113/3113/3113
f 3116/3116/3116 3115/3115/3115 3114/3114/3114
f 3114/3114/3114 3117/3117/3117 3116/3116/3116
f 3118/3118/3118 3116/3116/3116 3117/3117/3117
f 3117/3117/3117 3119/3119/3119 3118/3118/3118
f 3118/3118/3118 3119/3119/3119 3120/3120/3120
f 3120/3120/3120 3121/3121/3121 3118/3118/3118
f 3124/3124/3124 3123/3123/3123 3122/3122/3122
f 3122/3122/3122 3125/3125/3125 3124/3124/3124
f 3126/3126/3126 3124/3124/3124 3125/3125/3125
f 3127/3127/3127 3124/3124/3124 3126/3126/3126
f 3130/3130/3130 3129/3129/3129 3128/3128/3128
f 3130/3130/3130 3128/3128/3128 3131/3131/3131
f 3132/3132/3132 3131/3131/3131 3128/3128/3128
f 3128/3128/3128 3133/3133/3133 3132/3132/3132
f 3136/3136/3136 3135/3135/3135 3134/3134/3134
f 3134/3134/3134 3137/3137/3137 3136/3136/3136
f 3138/3138/3138 3136/3136/3136 3137/3137/3137
f 3138/3138/3138 3139/3139/3139 3136/3136/3136
f 3142/3142/3142 3141/3141/3141 3140/3140/3140
f 3143/3143/3143 3142/3142/3142 3140/3140/3140
f 3144/3144/3144 3143/3143/3143 3140/3140/3140
f 3140/3140/3140 3145/3145/3145 3144/3144/3144
f 3148/3148/3148 3147/3147/3147 3146/3146/3146
f 3149/3149/3149 3146/3146/3146 3147/3147/3147
f 3146/3146/3146 3149/3149/3149 3150/3150/3150
f 3150/3150/3150 3151/3151/3151 3146/3146/3146
f 3154/3154/3154 3153/3153/3153 3152/3152/3152
f 3152/3152/3152 3155/3155/3155 3154/3154/3154
f 3158/3158/3158 3157/3157/3157 3156/3156/3156
f 3158/3158/3158 3156/3156/3156 3159/3159/3159
f 3159/3159/3159 3160/3160/3160 3158/3158/3158
f 3163/3163/3163 3162/3162/3162 3161/3161/3161
f 3161/3161/3161 3164/3164/3164 3163/3163/3163
f 3161/3161/3161 3165/3165/3165 3164/3164/3164
f 3168/3168/3168 3167/3167/3167 3166/3166/3166
f 3169/3169/3169 3168/3168/3168 3166/3166/3166
f 3170/3170/3170 3169/3169/3169 3166/3166/3166
f 3171/3171/3171 3170/3170/3170 3166/3166/3166
f 3174/3174/3174 3173/3173/3173 3172/3172/3172
f 3173/3173/3173 3175/3175/3175 3172/3172/3172
f 3178/3178/3178 3177/3177/3177 3176/3176/3176
f 3176/3176/3176 3179/3179/3179 3178/3178/3178
f 3179/3179/3179 3176/3176/3176 3180/3180/3180
f 3180/3180/3180 3181/3181/3181 3179/3179/3179
f 3184/3184/3184 3183/3183/3183 3182/3182/3182
f 3182/3182/3182 3185/3185/3185 3184/3184/3184
f 3188/3188/3188 3187/3187/3187 3186/3186/3186
f 3188/3188/3188 3186/3186/3186 3189/3189/3189
f 3192/3192/3192 3191/3191/3191 3190/3190/3190
f 3190/3190/3190 3193/3193/3193 3192/3192/3192
f 3196/3196/3196 3195/3195/3195 3194/3194/3194
f 3197/3197/3197 3196/3196/3196 3194/3194/3194
f 3200/3200/3200 3199/3199/3199 3198/3198/3198
f 3201/3201/3201 3200/3200/3200 3198/3198/3198
f 3202/3202/3202 3201/3201/3201 3198/3198/3198
f 3198/3198/3198 3203/3203/3203 3202/3202/3202
f 3206/3206/3206 3205/3205/3205 3204/3204/3204
f 3204/3204/3204 3207/3207/3207 3206/3206/3206
f 3210/3210/3210 3209/3209/3209 3208/3208/3208
f 3208/3208/3208 3211/3211/3211 3210/3210/3210
f 3212/3212/3212 3211/3211/3211 3208/3208/3208
f 3208/3208/3208 3213/3213/3213 3212/3212/3212
f 3216/3216/3216 3215/3215/3215 3214/3214/3214
f 3217/3217/3217 3215/3215/3215 3216/3216/3216
f 3220/3220/3220 3219/3219/3219 3218/3218/3218
f 3219/3219/3219 3221/3221/3221 3218/3218/3218
f 3224/3224/3224 3223/3223/3223 3222/3222/3222
f 3222/3222/3222 3225/3225/3225 3224/3224/3224
f 3228/3228/3228 3227/3227/3227 3226/3226/3226
f 3226/3226/3226 3229/3229/3229 3228/3228/3228
f 3228/3228/3228 3229/3229/3229 3230/3230/3230
f 3230/3230/3230 3229/3229/3229 3231/3231/3231
f 3232/3232/3232 3231/3231/3231 3229/3229/3229
f 3232/3232/3232 3233/3233/3233 3231/3231/3231
f 3234/3234/3234 3233/3233/3233 3232/3232/3232
f 3237/3237/3237 3236/3236/3236 3235/3235/3235
f 3235/3235/3235 3238/3238/3238 3237/3237/3237
f 3241/3241/3241 3240/3240/3240 3239/3239/3239
f 3239/3239/3239 3242/3242/3242 3241/3241/3241
f 3243/3243/3243 3242/3242/3242 3239/3239/3239
f 3244/3244/3244 3242/3242/3242 3243/3243/3243
f 3242/3242/3242 3244/3244/3244 3245/3245/3245
f 3246/3246/3246 3245/3245/3245 3244/3244/3244
f 3247/3247/3247 3245/3245/3245 3246/3246/3246
f 3250/3250/3250 3249/3249/3249 3248/3248/3248
f 3248/3248/3248 3251/3251/3251 3250/3250/3250
f 3254/3254/3254 3253/3253/3253 3252/3252/3252
f 3253/3253/3253 3255/3255/3255 3252/3252/3252
f 3258/3258/3258 3257/3257/3257 3256/3256/3256
f 3256/3256/3256 3259/3259/3259 3258/3258/3258
f 3262/3262/3262 3261/3261/3261 3260/3260/3260
f 3263/3263/3263 3260/3260/3260 3261/3261/3261
f 3266/3266/3266 3265/3265/3265 3264/3264/3264
f 3264/3264/3264 3267/3267/3267 3266/3266/3266
f 3270/3270/3270 3269/3269/3269 3268/3268/3268
f 3269/3269/3269 3271/3271/3271 3268/3268/3268
f 3274/3274/3274 3273/3273/3273 3272/3272/3272
f 3274/3274/3274 3275/3275/3275 3273/3273/3273
f 3278/3278/3278 3277/3277/3277 3276/3276/3276
f 3277/3277/3277 3278/3278/3278 3279/3279/3279
f 3279/3279/3279 3278/3278/3278 3280/3280/3280
f 3281/3281/3281 3280/3280/3280 3278/3278/3278
f 3284/3284/3284 3283/3283/3283 3282/3282/3282
f 3282/3282/3282 3285/3285/3285 3284/3284/3284
f 3288/3288/3288 3287/3287/3287 3286/3286/3286
f 3286/3286/3286 3289/3289/3289 3288/3288/3288
f 3292/3292/3292 3291/3291/3291 3290/3290/3290
f 3290/3290/3290 3293/3293/3293 3292/3292/3292
f 3296/3296/3296 3295/3295/3295 3294/3294/3294
f 3294/3294/3294 3295/3295/3295 3297/3297/3297
f 3297/3297/3297 3295/3295/3295 3298/3298/3298
f 3301/3301/3301 3300/3300/3300 3299/3299/3299
f 3302/3302/3302 3299/3299/3299 3300/3300/3300
f 3305/3305/3305 3304/3304/3304 3303/3303/3303
f 3303/3303/3303 3306/3306/3306 3305/3305/3305
f 3309/3309/3309 3308/3308/3308 3307/3307/3307
f 3307/3307/3307 3310/3310/3310 3309/3309/3309
f 3313/3313/3313 3312/3312/3312 3311/3311/3311
f 3311/3311/3311 3312/3312/3312 3314/3314/3314
f 3314/3314/3314 3312/3312/3312 3315/3315/3315
f 3318/3318/3318 3317/3317/3317 3316/3316/3316
f 3318/3318/3318 3319/3319/3319 3317/3317/3317
f 3322/3322/3322 3321/3321/3321 3320/3320/3320
f 3320/3320/3320 3323/3323/3323 3322/3322/3322
f 3326/3326/3326 3325/3325/3325 3324/3324/3324
f 3326/3326/3326 3327/3327/3327 3325/3325/3325
f 3325/3325/3325 3327/3327/3327 3328/3328/3328
f 3327/3327/3327 3329/3329/3329 3328/3328/3328
f 3328/3328/3328 3329/3329/3329 3330/3330/3330
f 3328/3328/3328 3330/3330/3330 3331/3331/3331
f 3331/3331/3331 3330/3330/3330 3332/3332/3332
f 3333/3333/3333 3328/3328/3328 3331/3331/3331
f 3331/3331/3331 3334/3334/3334 3333/3333/3333
f 3337/3337/3337 3336/3336/3336 3335/3335/3335
f 3335/3335/3335 3338/3338/3338 3337/3337/3337
f 3341/3341/3341 3340/3340/3340 3339/3339/3339
f 3340/3340/3340 3342/3342/3342 3339/3339/3339
f 3345/3345/3345 3344/3344/3344 3343/3343/3343
f 3343/3343/3343 3346/3346/3346 3345/3345/3345
f 3343/3343/3343 3347/3347/3347 3346/3346/3346
f 3347/3347/3347 3343/3343/3343 3348/3348/3348
f 3348/3348/3348 3343/3343/3343 3349/3349/3349
f 3352/3352/3352 3351/3351/3351 3350/3350/3350
f 3350/3350/3350 3351/3351/3351 3353/3353/3353
f 3353/3353/3353 3351/3351/3351 3354/3354/3354
f 3357/3357/3357 3356/3356/3356 3355/3355/3355
f 3356/3356/3356 3357/3357/3357 3358/3358/3358
f 3359/3359/3359 3358/3358/3358 3357/3357/3357
f 3358/3358/3358 3359/3359/3359 3360/3360/3360
f 3363/3363/3363 3362/3362/3362 3361/3361/3361
f 3362/3362/3362 3364/3364/3364 3361/3361/3361
f 3361/3361/3361 3364/3364/3364 3365/3365/3365
f 3362/3362/3362 3366/3366/3366 3364/3364/3364
f 3367/3367/3367 3364/3364/3364 3366/3366/3366
f 3370/3370/3370 3369/3369/3369 3368/3368/3368
f 3368/3368/3368 3371/3371/3371 3370/3370/3370
f 3374/3374/3374 3373/3373/3373 3372/3372/3372
f 3372/3372/3372 3375/3375/3375 3374/3374/3374
f 3378/3378/3378 3377/3377/3377 3376/3376/3376
f 3377/3377/3377 3379/3379/3379 3376/3376/3376
f 3376/3376/3376 3379/3379/3379 3380/3380/3380
f 3380/3380/3380 3381/3381/3381 3376/3376/3376
f 3376/3376/3376 3381/3381/3381 3382/3382/3382
f 3385/3385/3385 3384/3384/3384 3383/3383/3383
f 3386/3386/3386 3384/3384/3384 3385/3385/3385
f 3389/3389/3389 3388/3388/3388 3387/3387/3387
f 3389/3389/3389 3387/3387/3387 3390/3390/3390
f 3389/3389/3389 3390/3390/3390 3391/3391/3391
f 3392/3392/3392 3391/3391/3391 3390/3390/3390
f 3395/3395/3395 3394/3394/3394 3393/3393/3393
f 3394/3394/3394 3396/3396/3396 3393/3393/3393
f 3394/3394/3394 3397/3397/3397 3396/3396/3396
f 3396/3396/3396 3397/3397/3397 3398/3398/3398
f 3401/3401/3401 3400/3400/3400 3399/3399/3399
f 3399/3399/3399 3402/3402/3402 3401/3401/3401
f 3405/3405/3405 3404/3404/3404 3403/3403/3403
f 3404/3404/3404 3406/3406/3406 3403/3403/3403
f 3403/3403/3403 3406/3406/3406 3407/3407/3407
f 3410/3410/3410 3409/3409/3409 3408/3408/3408
f 3408/3408/3408 3411/3411/3411 3410/3410/3410
f 3414/3414/3414 3413/3413/3413 3412/3412/3412
f 3412/3412/3412 3415/3415/3415 3414/3414/3414
f 3414/3414/3414 3415/3415/3415 3416/3416/3416
f 3416/3416/3416 3417/3417/3417 3414/3414/3414
f 3419/3419/3419 3416/3416/3416 3418/3418/3418
f 3418/3418/3418 3420/3420/3420 3419/3419/3419
f 3423/3423/3423 3422/3422/3422 3421/3421/3421
f 3421/3421/3421 3424/3424/3424 3423/3423/3423
f 3421/3421/3421 3425/3425/3425 3424/3424/3424
f 3425/3425/3425 3421/3421/3421 3426/3426/3426
f 3429/3429/3429 3428/3428/3428 3427/3427/3427
f 3427/3427/3427 3430/3430/3430 3429/3429/3429
f 3429/3429/3429 3430/3430/3430 3431/3431/3431
f 3431/3431/3431 3432/3432/3432 3429/3429/3429
f 3435/3435/3435 3434/3434/3434 3433/3433/3433
f 3433/3433/3433 3436/3436/3436 3435/3435/3435
f 3435/3435/3435 3436/3436/3436 3437/3437/3437
f 3437/3437/3437 3438/3438/3438 3435/3435/3435
f 3441/3441/3441 3440/3440/3440 3439/3439/3439
f 3442/3442/3442 3439/3439/3439 3440/3440/3440
f 3445/3445/3445 3444/3444/3444 3443/3443/3443
f 3444/3444/3444 3445/3445/3445 3446/3446/3446
f 3449/3449/3449 3448/3448/3448 3447/3447/3447
f 3447/3447/3447 3448/3448/3448 3450/3450/3450
f 3450/3450/3450 3448/3448/3448 3451/3451/3451
f 3451/3451/3451 3452/3452/3452 3450/3450/3450
f 3452/3452/3452 3451/3451/3451 3453/3453/3453
f 3453/3453/3453 3454/3454/3454 3452/3452/3452
f 3457/3457/3457 3456/3456/3456 3455/3455/3455
f 3458/3458/3458 3457/3457/3457 3455/3455/3455
f 3455/3455/3455 3459/3459/3459 3458/3458/3458
f 3458/3458/3458 3459/3459/3459 3460/3460/3460
f 3463/3463/3463 3462/3462/3462 3461/3461/3461
f 3461/3461/3461 3462/3462/3462 3464/3464/3464
f 3464/3464/3464 3465/3465/3465 3461/3461/3461
f 3465/3465/3465 3464/3464/3464 3466/3466/3466
f 3461/3461/3461 3465/3465/3465 3467/3467/3467
f 3467/3467/3467 3468/3468/3468 3461/3461/3461
f 3471/3471/3471 3470/3470/3470 3469/3469/3469
f 3469/3469/3469 3472/3472/3472 3471/3471/3471
f 3475/3475/3475 3474/3474/3474 3473/3473/3473
f 3476/3476/3476 3475/3475/3475 3473/3473/3473
f 3477/3477/3477 3475/3475/3475 3476/3476/3476
f 3478/3478/3478 3477/3477/3477 3476/3476/3476
f 3479/3479/3479 3478/3478/3478 3476/3476/3476
f 3482/3482/3482 3481/3481/3481 3480/3480/3480
f 3480/3480/3480 3483/3483/3483 3482/3482/3482
f 3486/3486/3486 3485/3485/3485 3484/3484/3484
f 3484/3484/3484 3487/3487/3487 3486/3486/3486
f 3487/3487/3487 3484/3484/3484 3488/3488/3488
f 3488/3488/3488 3489/3489/3489 3487/3487/3487
f 3492/3492/3492 3491/3491/3491 3490/3490/3490
f 3490/3490/3490 3493/3493/3493 3492/3492/3492
f 3494/3494/3494 3493/3493/3493 3490/3490/3490
f 3495/3495/3495 3493/3493/3493 3494/3494/3494
f 3498/3498/3498 3497/3497/3497 3496/3496/3496
f 3496/3496/3496 3497/3497/3497 3499/3499/3499
f 3497/3497/3497 3500/3500/3500 3499/3499/3499
f 3500/3500/3500 3501/3501/3501 3499/3499/3499
f 3501/3501/3501 3502/3502/3502 3499/3499/3499
f 3505/3505/3505 3504/3504/3504 3503/3503/3503
f 3503/3503/3503 3506/3506/3506 3505/3505/3505
f 3509/3509/3509 3508/3508/3508 3507/3507/3507
f 3507/3507/3507 3510/3510/3510 3509/3509/3509
f 3511/3511/3511 3509/3509/3509 3510/3510/3510
f 3510/3510/3510 3512/3512/3512 3511/3511/3511
f 3515/3515/3515 3514/3514/3514 3513/3513/3513
f 3513/3513/3513 3516/3516/3516 3515/3515/3515
f 3517/3517/3517 3516/3516/3516 3513/3513/3513
f 3513/3513/3513 3518/3518/3518 3517/3517/3517
f 3521/3521/3521 3520/3520/3520 3519/3519/3519
f 3519/3519/3519 3522/3522/3522 3521/3521/3521
f 3525/3525/3525 3524/3524/3524 3523/3523/3523
f 3526/3526/3526 3525/3525/3525 3523/3523/3523
f 3525/3525/3525 3526/3526/3526 3527/3527/3527
f 3527/3527/3527 3528/3528/3528 3525/3525/3525
f 3531/3531/3531 3530/3530/3530 3529/3529/3529
f 3529/3529/3529 3532/3532/3532 3531/3531/3531
f 3535/3535/3535 3534/3534/3534 3533/3533/3533
f 3533/3533/3533 3536/3536/3536 3535/3535/3535
f 3539/3539/3539 3538/3538/3538 3537/3537/3537
f 3538/3538/3538 3540/3540/3540 3537/3537/3537
f 3543/3543/3543 3542/3542/3542 3541/3541/3541
f 3541/3541/3541 3544/3544/3544 3543/3543/3543
f 3547/3547/3547 3546/3546/3546 3545/3545/3545
f 3545/3545/3545 3548/3548/3548 3547/3547/3547
f 3551/3551/3551 3550/3550/3550 3549/3549/3549
f 3551/3551/3551 3549/3549/3549 3552/3552/3552
f 3552/3552/3552 3553/3553/3553 3551/3551/3551
f 3552/3552/3552 3554/3554/3554 3553/3553/3553
f 3555/3555/3555 3554/3554/3554 3552/3552/3552
f 3554/3554/3554 3555/3555/3555 3556/3556/3556
f 3557/3557/3557 3554/3554/3554 3556/3556/3556
f 3558/3558/3558 3557/3557/3557 3556/3556/3556
f 3556/3556/3556 3559/3559/3559 3558/3558/3558
f 3562/3562/3562 3561/3561/3561 3560/3560/3560
f 3560/3560/3560 3563/3563/3563 3562/3562/3562
f 3566/3566/3566 3565/3565/3565 3564/3564/3564
f 3567/3567/3567 3564/3564/3564 3565/3565/3565
f 3565/3565/3565 3568/3568/3568 3567/3567/3567
f 3568/3568/3568 3569/3569/3569 3567/3567/3567
f 3567/3567/3567 3569/3569/3569 3570/3570/3570
f 3570/3570/3570 3569/3569/3569 3571/3571/3571
f 3569/3569/3569 3572/3572/3572 3571/3571/3571
f 3571/3571/3571 3572/3572/3572 3573/3573/3573
f 3573/3573/3573 3574/3574/3574 3571/3571/3571
f 3577/3577/3577 3576/3576/3576 3575/3575/3575
f 3575/3575/3575 3578/3578/3578 3577/3577/3577
f 3579/3579/3579 3578/3578/3578 3575/3575/3575
f 3575/3575/3575 3580/3580/3580 3579/3579/3579
f 3579/3579/3579 3580/3580/3580 3581/3581/3581
f 3581/3581/3581 3582/3582/3582 3579/3579/3579
f 3582/3582/3582 3581/3581/3581 3583/3583/3583
f 3583/3583/3583 3584/3584/3584 3582/3582/3582
f 3585/3585/3585 3584/3584/3584 3583/3583/3583
f 3586/3586/3586 3585/3585/3585 3583/3583/3583
f 3587/3587/3587 3585/3585/3585 3586/3586/3586
f 3588/3588/3588 3587/3587/3587 3586/3586/3586
f 3587/3587/3587 3588/3588/3588 3589/3589/3589
f 3589/3589/3589 3590/3590/3590 3587/3587/3587
f 3593/3593/3593 3592/3592/3592 3591/3591/3591
f 3593/3593/3593 3594/3594/3594 3592/3592/3592
f 3597/3597/3597 3596/3596/3596 3595/3595/3595
f 3595/3595/3595 3598/3598/3598 3597/3597/3597
f 3598/3598/3598 3595/3595/3595 3599/3599/3599
f 3599/3599/3599 3600/3600/3600 3598/3598/3598
f 3603/3603/3603 3602/3602/3602 3601/3601/3601
f 3601/3601/3601 3604/3604/3604 3603/3603/3603
f 3604/3604/3604 3601/3601/3601 3605/3605/3605
f 3605/3605/3605 3606/3606/3606 3604/3604/3604
f 3609/3609/3609 3608/3608/3608 3607/3607/3607
f 3607/3607/3607 3608/3608/3608 3610/3610/3610
f 3611/3611/3611 3607/3607/3607 3610/3610/3610
f 3610/3610/3610 3612/3612/3612 3611/3611/3611
f 3615/3615/3615 3614/3614/3614 3613/3613/3613
f 3614/3614/3614 3615/3615/3615 3616/3616/3616
f 3619/3619/3619 3618/3618/3618 3617/3617/3617
f 3619/3619/3619 3620/3620/3620 3618/3618/3618
f 3621/3621/3621 3620/3620/3620 3619/3619/3619
f 3619/3619/3619 3622/3622/3622 3621/3621/3621
f 3625/3625/3625 3624/3624/3624 3623/3623/3623
f 3624/3624/3624 3626/3626/3626 3623/3623/3623
f 3629/3629/3629 3628/3628/3628 3627/3627/3627
f 3627/3627/3627 3628/3628/3628 3630/3630/3630
f 3630/3630/3630 3631/3631/3631 3627/3627/3627
f 3634/3634/3634 3633/3633/3633 3632/3632/3632
f 3632/3632/3632 3635/3635/3635 3634/3634/3634
f 3638/3638/3638 3637/3637/3637 3636/3636/3636
f 3638/3638/3638 3639/3639/3639 3637/3637/3637
f 3638/3638/3638 3640/3640/3640 3639/3639/3639
f 3643/3643/3643 3642/3642/3642 3641/3641/3641
f 3641/3641/3641 3644/3644/3644 3643/3643/3643
f 3647/3647/3647 3646/3646/3646 3645/3645/3645
f 3645/3645/3645 3648/3648/3648 3647/3647/3647
f 3651/3651/3651 3650/3650/3650 3649/3649/3649
f 3649/3649/3649 3652/3652/3652 3651/3651/3651
f 3652/3652/3652 3653/3653/3653 3651/3651/3651
f 3652/3652/3652 3654/3654/3654 3653/3653/3653
f 3657/3657/3657 3656/3656/3656 3655/3655/3655
f 3655/3655/3655 3658/3658/3658 3657/3657/3657
f 3659/3659/3659 3657/3657/3657 3658/3658/3658
f 3659/3659/3659 3658/3658/3658 3660/3660/3660
f 3663/3663/3663 3662/3662/3662 3661/3661/3661
f 3661/3661/3661 3664/3664/3664 3663/3663/3663
f 3664/3664/3664 3661/3661/3661 3665/3665/3665
f 3665/3665/3665 3666/3666/3666 3664/3664/3664
f 3669/3669/3669 3668/3668/3668 3667/3667/3667
f 3669/3669/3669 3670/3670/3670 3668/3668/3668
f 3673/3673/3673 3672/3672/3672 3671/3671/3671
f 3671/3671/3671 3674/3674/3674 3673/3673/3673
f 3675/3675/3675 3673/3673/3673 3674/3674/3674
f 3674/3674/3674 3676/3676/3676 3675/3675/3675
f 3679/3679/3679 3678/3678/3678 3677/3677/3677
f 3679/3679/3679 3680/3680/3680 3678/3678/3678
f 3678/3678/3678 3680/3680/3680 3681/3681/3681
f 3681/3681/3681 3682/3682/3682 3678/3678/3678
f 3685/3685/3685 3684/3684/3684 3683/3683/3683
f 3683/3683/3683 3686/3686/3686 3685/3685/3685
f 3689/3689/3689 3688/3688/3688 3687/3687/3687
f 3687/3687/3687 3690/3690/3690 3689/3689/3689
f 3689/3689/3689 3690/3690/3690 3691/3691/3691
f 3691/3691/3691 3692/3692/3692 3689/3689/3689
f 3695/3695/3695 3694/3694/3694 3693/3693/3693
f 3694/3694/3694 3695/3695/3695 3696/3696/3696
f 3699/3699/3699 3698/3698/3698 3697/3697/3697
f 3700/3700/3700 3699/3699/3699 3697/3697/3697
f 3700/3700/3700 3697/3697/3697 3701/3701/3701
f 3701/3701/3701 3702/3702/3702 3700/3700/3700
f 3705/3705/3705 3704/3704/3704 3703/3703/3703
f 3705/3705/3705 3703/3703/3703 3706/3706/3706
f 3707/3707/3707 3705/3705/3705 3706/3706/3706
f 3706/3706/3706 3708/3708/3708 3707/3707/3707
f 3711/3711/3711 3710/3710/3710 3709/3709/3709
f 3709/3709/3709 3712/3712/3712 3711/3711/3711
f 3715/3715/3715 3714/3714/3714 3713/3713/3713
f 3713/3713/3713 3716/3716/3716 3715/3715/3715
f 3719/3719/3719 3718/3718/3718 3717/3717/3717
f 3719/3719/3719 3720/3720/3720 3718/3718/3718
f 3723/3723/3723 3722/3722/3722 3721/3721/3721
f 3724/3724/3724 3722/3722/3722 3723/3723/3723
f 3725/3725/3725 3724/3724/3724 3723/3723/3723
f 3724/3724/3724 3725/3725/3725 3726/3726/3726
f 3726/3726/3726 3725/3725/3725 3727/3727/3727
f 3727/3727/3727 3725/3725/3725 3728/3728/3728
f 3727/3727/3727 3728/3728/3728 3729/3729/3729
f 3725/3725/3725 3730/3730/3730 3728/3728/3728
f 3731/3731/3731 3728/3728/3728 3730/3730/3730
f 3734/3734/3734 3733/3733/3733 3732/3732/3732
f 3732/3732/3732 3735/3735/3735 3734/3734/3734
f 3738/3738/3738 3737/3737/3737 3736/3736/3736
f 3736/3736/3736 3739/3739/3739 3738/3738/3738
f 3742/3742/3742 3741/3741/3741 3740/3740/3740
f 3743/3743/3743 3740/3740/3740 3741/3741/3741
f 3740/3740/3740 3743/3743/3743 3744/3744/3744
f 3745/3745/3745 3740/3740/3740 3744/3744/3744
f 3740/3740/3740 3745/3745/3745 3746/3746/3746
f 3749/3749/3749 3748/3748/3748 3747/3747/3747
f 3749/3749/3749 3747/3747/3747 3750/3750/3750
f 3749/3749/3749 3750/3750/3750 3751/3751/3751
f 3754/3754/3754 3753/3753/3753 3752/3752/3752
f 3753/3753/3753 3755/3755/3755 3752/3752/3752
f 3752/3752/3752 3755/3755/3755 3756/3756/3756
f 3755/3755/3755 3757/3757/3757 3756/3756/3756
f 3760/3760/3760 3759/3759/3759 3758/3758/3758
f 3761/3761/3761 3760/3760/3760 3758/3758/3758
f 3761/3761/3761 3758/3758/3758 3762/3762/3762
f 3763/3763/3763 3760/3760/3760 3761/3761/3761
f 3761/3761/3761 3764/3764/3764 3763/3763/3763
f 3767/3767/3767 3766/3766/3766 3765/3765/3765
f 3765/3765/3765 3768/3768/3768 3767/3767/3767
f 3771/3771/3771 3770/3770/3770 3769/3769/3769
f 3770/3770/3770 3772/3772/3772 3769/3769/3769
f 3775/3775/3775 3774/3774/3774 3773/3773/3773
f 3776/3776/3776 3775/3775/3775 3773/3773/3773
f 3777/3777/3777 3776/3776/3776 3773/3773/3773
f 3773/3773/3773 3778/3778/3778 3777/3777/3777
f 3778/3778/3778 3773/3773/3773 3779/3779/3779
f 3782/3782/3782 3781/3781/3781 3780/3780/3780
f 3782/3782/3782 3783/3783/3783 3781/3781/3781
f 3786/3786/3786 3785/3785/3785 3784/3784/3784
f 3784/3784/3784 3785/3785/3785 3787/3787/3787
f 3788/3788/3788 3787/3787/3787 3785/3785/3785
f 3788/3788/3788 3789/3789/3789 3787/3787/3787
f 3792/3792/3792 3791/3791/3791 3790/3790/3790
f 3793/3793/3793 3792/3792/3792 3790/3790/3790
f 3794/3794/3794 3792/3792/3792 3793/3793/3793
f 3794/3794/3794 3793/3793/3793 3795/3795/3795
f 3798/3798/3798 3797/3797/3797 3796/3796/3796
f 3796/3796/3796 3799/3799/3799 3798/3798/3798
f 3802/3802/3802 3801/3801/3801 3800/3800/3800
f 3803/3803/3803 3802/3802/3802 3800/3800/3800
f 3803/3803/3803 3800/3800/3800 3804/3804/3804
f 3807/3807/3807 3806/3806/3806 3805/3805/3805
f 3805/3805/3805 3808/3808/3808 3807/3807/3807
f 3811/3811/3811 3810/3810/3810 3809/3809/3809
f 3812/3812/3812 3809/3809/3809 3810/3810/3810
f 3813/3813/3813 3812/3812/3812 3810/3810/3810
f 3810/3810/3810 3814/3814/3814 3813/3813/3813
f 3816/3816/3816 3813/3813/3813 3815/3815/3815
f 3815/3815/3815 3817/3817/3817 3816/3816/3816
f 3820/3820/3820 3819/3819/3819 3818/3818/3818
f 3818/3818/3818 3821/3821/3821 3820/3820/3820
f 3821/3821/3821 3822/3822/3822 3820/3820/3820
f 3822/3822/3822 3823/3823/3823 3820/3820/3820
f 3826/3826/3826 3825/3825/3825 3824/3824/3824
f 3824/3824/3824 3827/3827/3827 3826/3826/3826
f 3828/3828/3828 3827/3827/3827 3824/3824/3824
f 3824/3824/3824 3829/3829/3829 3828/3828/3828
f 3832/3832/3832 3831/3831/3831 3830/3830/3830
f 3830/3830/3830 3833/3833/3833 3832/3832/3832
f 3834/3834/3834 3833/3833/3833 3830/3830/3830
f 3830/3830/3830 3835/3835/3835 3834/3834/3834
f 3838/3838/3838 3837/3837/3837 3836/3836/3836
f 3836/3836/3836 3839/3839/3839 3838/3838/3838
f 3842/3842/3842 3841/3841/3841 3840/3840/3840
f 3841/3841/3841 3843/3843/3843 3840/3840/3840
f 3846/3846/3846 3845/3845/3845 3844/3844/3844
f 3844/3844/3844 3847/3847/3847 3846/3846/3846
f 3848/3848/3848 3846/3846/3846 3847/3847/3847
f 3847/3847/3847 3849/3849/3849 3848/3848/3848
f 3850/3850/3850 3848/3848/3848 3849/3849/3849
f 3849/3849/3849 3851/3851/3851 3850/3850/3850
f 3854/3854/3854 3853/3853/3853 3852/3852/3852
f 3852/3852/3852 3853/3853/3853 3855/3855/3855
f 3855/3855/3855 3856/3856/3856 3852/3852/3852
f 3856/3856/3856 3855/3855/3855 3857/3857/3857
f 3860/3860/3860 3859/3859/3859 3858/3858/3858
f 3861/3861/3861 3860/3860/3860 3858/3858/3858
f 3858/3858/3858 3862/3862/3862 3861/3861/3861
f 3861/3861/3861 3862/3862/3862 3863/3863/3863
f 3864/3864/3864 3862/3862/3862 3858/3858/3858
f 3858/3858/3858 3865/3865/3865 3864/3864/3864
f 3868/3868/3868 3867/3867/3867 3866/3866/3866
f 3866/3866/3866 3869/3869/3869 3868/3868/3868
f 3872/3872/3872 3871/3871/3871 3870/3870/3870
f 3871/3871/3871 3873/3873/3873 3870/3870/3870
f 3871/3871/3871 3874/3874/3874 3873/3873/3873
f 3874/3874/3874 3875/3875/3875 3873/3873/3873
f 3875/3875/3875 3876/3876/3876 3873/3873/3873
f 3879/3879/3879 3878/3878/3878 3877/3877/3877
f 3877/3877/3877 3880/3880/3880 3879/3879/3879
f 3883/3883/3883 3882/3882/3882 3881/3881/3881
f 3884/3884/3884 3881/3881/3881 3882/3882/3882
f 3885/3885/3885 3881/3881/3881 3884/3884/3884
f 3884/3884/3884 3886/3886/3886 3885/3885/3885
f 3889/3889/3889 3888/3888/3888 3887/3887/3887
f 3887/3887/3887 3890/3890/3890 3889/3889/3889
f 3890/3890/3890 3891/3891/3891 3889/3889/3889
f 3890/3890/3890 3892/3892/3892 3891/3891/3891
f 3895/3895/3895 3894/3894/3894 3893/3893/3893
f 3895/3895/3895 3893/3893/3893 3896/3896/3896
f 3897/3897/3897 3895/3895/3895 3896/3896/3896
f 3898/3898/3898 3897/3897/3897 3896/3896/3896
f 3899/3899/3899 3898/3898/3898 3896/3896/3896
f 3902/3902/3902 3901/3901/3901 3900/3900/3900
f 3900/3900/3900 3903/3903/3903 3902/3902/3902
f 3906/3906/3906 3905/3905/3905 3904/3904/3904
f 3904/3904/3904 3907/3907/3907 3906/3906/3906
f 3907/3907/3907 3904/3904/3904 3908/3908/3908
f 3908/3908/3908 3909/3909/3909 3907/3907/3907
f 3912/3912/3912 3911/3911/3911 3910/3910/3910
f 3910/3910/3910 3913/3913/3913 3912/3912/3912
f 3912/3912/3912 3913/3913/3913 3914/3914/3914
f 3914/3914/3914 3915/3915/3915 3912/3912/3912
f 3918/3918/3918 3917/3917/3917 3916/3916/3916
f 3916/3916/3916 3919/3919/3919 3918/3918/3918
f 3922/3922/3922 3921/3921/3921 3920/3920/3920
f 3922/3922/3922 3923/3923/3923 3921/3921/3921
f 3923/3923/3923 3922/3922/3922 3924/3924/3924
f 3925/3925/3925 3924/3924/3924 3922/3922/3922
f 3928/3928/3928 3927/3927/3927 3926/3926/3926
f 3926/3926/3926 3929/3929/3929 3928/3928/3928
f 3932/3932/3932 3931/3931/3931 3930/3930/3930
f 3930/3930/3930 3933/3933/3933 3932/3932/3932
f 3936/3936/3936 3935/3935/3935 3934/3934/3934
f 3936/3936/3936 3937/3937/3937 3935/3935/3935
f 3940/3940/3940 3939/3939/3939 3938/3938/3938
f 3938/3938/3938 3941/3941/3941 3940/3940/3940
f 3944/3944/3944 3943/3943/3943 3942/3942/3942
f 3942/3942/3942 3945/3945/3945 3944/3944/3944
f 3948/3948/3948 3947/3947/3947 3946/3946/3946
f 3949/3949/3949 3946/3946/3946 3947/3947/3947
f 3947/3947/3947 3950/3950/3950 3949/3949/3949
f 3951/3951/3951 3949/3949/3949 3950/3950/3950
f 3951/3951/3951 3952/3952/3952 3949/3949/3949
f 3952/3952/3952 3951/3951/3951 3953/3953/3953
f 3951/3951/3951 3954/3954/3954 3953/3953/3953
f 3953/3953/3953 3954/3954/3954 3955/3955/3955
f 3955/3955/3955 3956/3956/3956 3953/3953/3953
f 3959/3959/3959 3958/3958/3958 3957/3957/3957
f 3957/3957/3957 3960/3960/3960 3959/3959/3959
f 3963/3963/3963 3962/3962/3962 3961/3961/3961
f 3963/3963/3963 3961/3961/3961 3964/3964/3964
f 3964/3964/3964 3965/3965/3965 3963/3963/3963
f 3966/3966/3966 3965/3965/3965 3964/3964/3964
f 3966/3966/3966 3964/3964/3964 3967/3967/3967
f 3966/3966/3966 3967/3967/3967 3968/3968/3968
f 3969/3969/3969 3966/3966/3966 3968/3968/3968
f 3969/3969/3969 3968/3968/3968 3970/3970/3970
f 3971/3971/3971 3970/3970/3970 3968/3968/3968
f 3974/3974/3974 3973/3973/3973 3972/3972/3972
f 3972/3972/3972 3975/3975/3975 3974/3974/3974
f 3974/3974/3974 3975/3975/3975 3976/3976/3976
f 3976/3976/3976 3977/3977/3977 3974/3974/3974
f 3977/3977/3977 3976/3976/3976 3978/3978/3978
f 3979/3979/3979 3978/3978/3978 3976/3976/3976
f 3980/3980/3980 3978/3978/3978 3979/3979/3979
f 3979/3979/3979 3981/3981/3981 3980/3980/3980
f 3982/3982/3982 3980/3980/3980 3981/3981/3981
f 3982/3982/3982 3983/3983/3983 3980/3980/3980
f 3984/3984/3984 3983/3983/3983 3982/3982/3982
f 3983/3983/3983 3984/3984/3984 3985/3985/3985
f 3984/3984/3984 3986/3986/3986 3985/3985/3985
f 3987/3987/3987 3986/3986/3986 3984/3984/3984
f 3990/3990/3990 3989/3989/3989 3988/3988/3988
f 3991/3991/3991 3989/3989/3989 3990/3990/3990
f 3994/3994/3994 3993/3993/3993 3992/3992/3992
f 3992/3992/3992 3995/3995/3995 3994/3994/3994
f 3996/3996/3996 3994/3994/3994 3995/3995/3995
f 3995/3995/3995 3997/3997/3997 3996/3996/3996
f 4000/4000/4000 3999/3999/3999 3998/3998/3998
f 3998/3998/3998 4001/4001/4001 4000/4000/4000
f 4000/4000/4000 4001/4001/4001 4002/4002/4002
f 4003/4003/4003 4002/4002/4002 4001/4001/4001
f 4006/4006/4006 4005/4005/4005 4004/4004/4004
f 4005/4005/4005 4006/4006/4006 4007/4007/4007
f 4007/4007/4007 4006/4006/4006 4008/4008/4008
f 4008/4008/4008 4009/4009/4009 4007/4007/4007
f 4012/4012/4012 4011/4011/4011 4010/4010/4010
f 4011/4011/4011 4013/4013/4013 4010/4010/4010
f 4016/4016/4016 4015/4015/4015 4014/4014/4014
f 4017/4017/4017 4014/4014/4014 4015/4015/4015
f 4014/4014/4014 4017/4017/4017 4018/4018/4018
f 4018/4018/4018 4019/4019/4019 4014/4014/4014
f 4022/4022/4022 4021/4021/4021 4020/4020/4020
f 4020/4020/4020 4023/4023/4023 4022/4022/4022
f 4026/4026/4026 4025/4025/4025 4024/4024/4024
f 4027/4027/4027 4026/4026/4026 4024/4024/4024
f 4024/4024/4024 4028/4028/4028 4027/4027/4027
f 4031/4031/4031 4030/4030/4030 4029/4029/4029
f 4029/4029/4029 4032/4032/4032 4031/4031/4031
f 4035/4035/4035 4034/4034/4034 4033/4033/4033
f 4035/4035/4035 4036/4036/4036 4034/4034/4034
f 4036/4036/4036 4037/4037/4037 4034/4034/4034
f 4040/4040/4040 4039/4039/4039 4038/4038/4038
f 4038/4038/4038 4041/4041/4041 4040/4040/4040
f 4044/4044/4044 4043/4043/4043 4042/4042/4042
f 4042/4042/4042 4045/4045/4045 4044/4044/4044
f 4048/4048/4048 4047/4047/4047 4046/4046/4046
f 4049/4049/4049 4046/4046/4046 4047/4047/4047
f 4047/4047/4047 4050/4050/4050 4049/4049/4049
f 4051/4051/4051 4049/4049/4049 4050/4050/4050
f 4054/4054/4054 4053/4053/4053 4052/4052/4052
f 4055/4055/4055 4052/4052/4052 4053/4053/4053
f 4053/4053/4053 4056/4056/4056 4055/4055/4055
f 4057/4057/4057 4055/4055/4055 4056/4056/4056
f 4060/4060/4060 4059/4059/4059 4058/4058/4058
f 4060/4060/4060 4058/4058/4058 4061/4061/4061
f 4061/4061/4061 4062/4062/4062 4060/4060/4060
f 4061/4061/4061 4063/4063/4063 4062/4062/4062
f 4066/4066/4066 4065/4065/4065 4064/4064/4064
f 4067/4067/4067 4064/4064/4064 4065/4065/4065
f 4070/4070/4070 4069/4069/4069 4068/4068/4068
f 4071/4071/4071 4068/4068/4068 4069/4069/4069
f 4069/4069/4069 4072/4072/4072 4071/4071/4071
f 4072/4072/4072 4073/4073/4073 4071/4071/4071
f 4076/4076/4076 4075/4075/4075 4074/4074/4074
f 4074/4074/4074 4077/4077/4077 4076/4076/4076
f 4078/4078/4078 4077/4077/4077 4074/4074/4074
f 4074/4074/4074 4079/4079/4079 4078/4078/4078
f 4082/4082/4082 4081/4081/4081 4080/4080/4080
f 4080/4080/4080 4083/4083/4083 4082/4082/4082
f 4086/4086/4086 4085/4085/4085 4084/4084/4084
f 4087/4087/4087 4084/4084/4084 4085/4085/4085
f 4088/4088/4088 4087/4087/4087 4085/4085/4085
f 4085/4085/4085 4089/4089/4089 4088/4088/4088
f 4092/4092/4092 4091/4091/4091 4090/4090/4090
f 4091/4091/4091 4093/4093/4093 4090/4090/4090
f 4096/4096/4096 4095/4095/4095 4094/4094/4094
f 4096/4096/4096 4094/4094/4094 4097/4097/4097
f 4098/4098/4098 4096/4096/4096 4097/4097/4097
f 4097/4097/4097 4099/4099/4099 4098/4098/4098
f 4102/4102/4102 4101/4101/4101 4100/4100/4100
f 4100/4100/4100 4103/4103/4103 4102/4102/4102
f 4100/4100/4100 4104/4104/4104 4103/4103/4103
f 4104/4104/4104 4105/4105/4105 4103/4103/4103
f 4108/4108/4108 4107/4107/4107 4106/4106/4106
f 4106/4106/4106 4109/4109/4109 4108/4108/4108
f 4112/4112/4112 4111/4111/4111 4110/4110/4110
f 4110/4110/4110 4113/4113/4113 4112/4112/4112
f 4116/4116/4116 4115/4115/4115 4114/4114/4114
f 4117/4117/4117 4114/4114/4114 4115/4115/4115
f 4120/4120/4120 4119/4119/4119 4118/4118/4118
f 4118/4118/4118 4121/4121/4121 4120/4120/4120
f 4124/4124/4124 4123/4123/4123 4122/4122/4122
f 4123/4123/4123 4125/4125/4125 4122/4122/4122
f 4122/4122/4122 4125/4125/4125 4126/4126/4126
f 4122/4122/4122 4126/4126/4126 4127/4127/4127
f 4127/4127/4127 4126/4126/4126 4128/4128/4128
f 4129/4129/4129 4122/4122/4122 4127/4127/4127
f 4127/4127/4127 4130/4130/4130 4129/4129/4129
f 4133/4133/4133 4132/4132/4132 4131/4131/4131
f 4131/4131/4131 4134/4134/4134 4133/4133/4133
f 4137/4137/4137 4136/4136/4136 4135/4135/4135
f 4136/4136/4136 4138/4138/4138 4135/4135/4135
f 4141/4141/4141 4140/4140/4140 4139/4139/4139
f 4139/4139/4139 4142/4142/4142 4141/4141/4141
f 4139/4139/4139 4143/4143/4143 4142/4142/4142
f 4143/4143/4143 4139/4139/4139 4144/4144/4144
f 4144/4144/4144 4139/4139/4139 4145/4145/4145
f 4148/4148/4148 4147/4147/4147 4146/4146/4146
f 4146/4146/4146 4147/4147/4147 4149/4149/4149
f 4149/4149/4149 4147/4147/4147 4150/4150/4150
f 4153/4153/4153 4152/4152/4152 4151/4151/4151
f 4151/4151/4151 4154/4154/4154 4153/4153/4153
f 4157/4157/4157 4156/4156/4156 4155/4155/4155
f 4156/4156/4156 4157/4157/4157 4158/4158/4158
f 4158/4158/4158 4157/4157/4157 4159/4159/4159
f 4157/4157/4157 4160/4160/4160 4159/4159/4159
f 4159/4159/4159 4160/4160/4160 4161/4161/4161
f 4157/4157/4157 4162/4162/4162 4160/4160/4160
f 4163/4163/4163 4160/4160/4160 4162/4162/4162
f 4166/4166/4166 4165/4165/4165 4164/4164/4164
f 4164/4164/4164 4167/4167/4167 4166/4166/4166
f 4170/4170/4170 4169/4169/4169 4168/4168/4168
f 4168/4168/4168 4171/4171/4171 4170/4170/4170
f 4174/4174/4174 4173/4173/4173 4172/4172/4172
f 4173/4173/4173 4175/4175/4175 4172/4172/4172
f 4172/4172/4172 4175/4175/4175 4176/4176/4176
f 4176/4176/4176 4177/4177/4177 4172/4172/4172
f 4172/4172/4172 4177/4177/4177 4178/4178/4178
f 4181/4181/4181 4180/4180/4180 4179/4179/4179
f 4182/4182/4182 4180/4180/4180 4181/4181/4181
f 4185/4185/4185 4184/4184/4184 4183/4183/4183
f 4185/4185/4185 4183/4183/4183 4186/4186/4186
f 4187/4187/4187 4185/4185/4185 4186/4186/4186
f 4187/4187/4187 4186/4186/4186 4188/4188/4188
f 4191/4191/4191 4190/4190/4190 4189/4189/4189
f 4190/4190/4190 4192/4192/4192 4189/4189/4189
f 4193/4193/4193 4192/4192/4192 4190/4190/4190
f 4193/4193/4193 4194/4194/4194 4192/4192/4192
f 4197/4197/4197 4196/4196/4196 4195/4195/4195
f 4195/4195/4195 4198/4198/4198 4197/4197/4197
f 4201/4201/4201 4200/4200/4200 4199/4199/4199
f 4200/4200/4200 4202/4202/4202 4199/4199/4199
f 4199/4199/4199 4202/4202/4202 4203/4203/4203
f 4206/4206/4206 4205/4205/4205 4204/4204/4204
f 4204/4204/4204 4207/4207/4207 4206/4206/4206
f 4210/4210/4210 4209/4209/4209 4208/4208/4208
f 4208/4208/4208 4211/4211/4211 4210/4210/4210
f 4210/4210/4210 4211/4211/4211 4212/4212/4212
f 4212/4212/4212 4213/4213/4213 4210/4210/4210
f 4216/4216/4216 4215/4215/4215 4214/4214/4214
f 4214/4214/4214 4217/4217/4217 4216/4216/4216
f 4220/4220/4220 4219/4219/4219 4218/4218/4218
f 4218/4218/4218 4221/4221/4221 4220/4220/4220
f 4218/4218/4218 4222/4222/4222 4221/4221/4221
f 4222/4222/4222 4218/4218/4218 4223/4223/4223
f 4226/4226/4226 4225/4225/4225 4224/4224/4224
f 4224/4224/4224 4227/4227/4227 4226/4226/4226
f 4226/4226/4226 4227/4227/4227 4228/4228/4228
f 4228/4228/4228 4229/4229/4229 4226/4226/4226
f 4232/4232/4232 4231/4231/4231 4230/4230/4230
f 4232/4232/4232 4230/4230/4230 4233/4233/4233
f 4233/4233/4233 4234/4234/4234 4232/4232/4232
f 4234/4234/4234 4235/4235/4235 4232/4232/4232
f 4238/4238/4238 4237/4237/4237 4236/4236/4236
f 4237/4237/4237 4239/4239/4239 4236/4236/4236
f 4242/4242/4242 4241/4241/4241 4240/4240/4240
f 4242/4242/4242 4243/4243/4243 4241/4241/4241
f 4246/4246/4246 4245/4245/4245 4244/4244/4244
f 4244/4244/4244 4247/4247/4247 4246/4246/4246
f 4248/4248/4248 4247/4247/4247 4244/4244/4244
f 4249/4249/4249 4248/4248/4248 4244/4244/4244
f 4250/4250/4250 4248/4248/4248 4249/4249/4249
f 4251/4251/4251 4250/4250/4250 4249/4249/4249
f 4254/4254/4254 4253/4253/4253 4252/4252/4252
f 4255/4255/4255 4254/4254/4254 4252/4252/4252
f 4252/4252/4252 4256/4256/4256 4255/4255/4255
f 4255/4255/4255 4256/4256/4256 4257/4257/4257
f 4258/4258/4258 4254/4254/4254 4255/4255/4255
f 4255/4255/4255 4259/4259/4259 4258/4258/4258
f 4262/4262/4262 4261/4261/4261 4260/4260/4260
f 4260/4260/4260 4261/4261/4261 4263/4263/4263
f 4263/4263/4263 4264/4264/4264 4260/4260/4260
f 4264/4264/4264 4263/4263/4263 4265/4265/4265
f 4260/4260/4260 4264/4264/4264 4266/4266/4266
f 4266/4266/4266 4267/4267/4267 4260/4260/4260
f 4270/4270/4270 4269/4269/4269 4268/4268/4268
f 4268/4268/4268 4271/4271/4271 4270/4270/4270
f 4274/4274/4274 4273/4273/4273 4272/4272/4272
f 4275/4275/4275 4274/4274/4274 4272/4272/4272
f 4276/4276/4276 4274/4274/4274 4275/4275/4275
f 4277/4277/4277 4276/4276/4276 4275/4275/4275
f 4278/4278/4278 4277/4277/4277 4275/4275/4275
f 4281/4281/4281 4280/4280/4280 4279/4279/4279
f 4279/4279/4279 4282/4282/4282 4281/4281/4281
f 4285/4285/4285 4284/4284/4284 4283/4283/4283
f 4286/4286/4286 4284/4284/4284 4285/4285/4285
f 4286/4286/4286 4285/4285/4285 4287/4287/4287
f 4287/4287/4287 4288/4288/4288 4286/4286/4286
f 4291/4291/4291 4290/4290/4290 4289/4289/4289
f 4289/4289/4289 4292/4292/4292 4291/4291/4291
f 4293/4293/4293 4292/4292/4292 4289/4289/4289
f 4294/4294/4294 4292/4292/4292 4293/4293/4293
f 4297/4297/4297 4296/4296/4296 4295/4295/4295
f 4295/4295/4295 4296/4296/4296 4298/4298/4298
f 4296/4296/4296 4299/4299/4299 4298/4298/4298
f 4299/4299/4299 4300/4300/4300 4298/4298/4298
f 4300/4300/4300 4301/4301/4301 4298/4298/4298
f 4304/4304/4304 4303/4303/4303 4302/4302/4302
f 4302/4302/4302 4305/4305/4305 4304/4304/4304
f 4308/4308/4308 4307/4307/4307 4306/4306/4306
f 4306/4306/4306 4309/4309/4309 4308/4308/4308
f 4306/4306/4306 4310/4310/4310 4309/4309/4309
f 4309/4309/4309 4310/4310/4310 4311/4311/4311
f 4314/4314/4314 4313/4313/4313 4312/4312/4312
f 4312/4312/4312 4315/4315/4315 4314/4314/4314
f 4316/4316/4316 4315/4315/4315 4312/4312/4312
f 4316/4316/4316 4317/4317/4317 4315/4315/4315
f 4320/4320/4320 4319/4319/4319 4318/4318/4318
f 4319/4319/4319 4321/4321/4321 4318/4318/4318
f 4322/4322/4322 4321/4321/4321 4319/4319/4319
f 4319/4319/4319 4323/4323/4323 4322/4322/4322
f 4326/4326/4326 4325/4325/4325 4324/4324/4324
f 4327/4327/4327 4324/4324/4324 4325/4325/4325
f 4328/4328/4328 4324/4324/4324 4327/4327/4327
f 4327/4327/4327 4329/4329/4329 4328/4328/4328
f 4332/4332/4332 4331/4331/4331 4330/4330/4330
f 4330/4330/4330 4333/4333/4333 4332/4332/4332
f 4336/4336/4336 4335/4335/4335 4334/4334/4334
f 4335/4335/4335 4337/4337/4337 4334/4334/4334
f 4340/4340/4340 4339/4339/4339 4338/4338/4338
f 4338/4338/4338 4341/4341/4341 4340/4340/4340
f 4344/4344/4344 4343/4343/4343 4342/4342/4342
f 4344/4344/4344 4342/4342/4342 4345/4345/4345
f 4345/4345/4345 4346/4346/4346 4344/4344/4344
f 4345/4345/4345 4347/4347/4347 4346/4346/4346
f 4348/4348/4348 4347/4347/4347 4345/4345/4345
f 4347/4347/4347 4348/4348/4348 4349/4349/4349
f 4350/4350/4350 4347/4347/4347 4349/4349/4349
f 4351/4351/4351 4350/4350/4350 4349/4349/4349
f 4349/4349/4349 4352/4352/4352 4351/4351/4351
f 4355/4355/4355 4354/4354/4354 4353/4353/4353
f 4354/4354/4354 4356/4356/4356 4353/4353/4353
f 4356/4356/4356 4357/4357/4357 4353/4353/4353
f 4353/4353/4353 4357/4357/4357 4358/4358/4358
f 4361/4361/4361 4360/4360/4360 4359/4359/4359
f 4359/4359/4359 4362/4362/4362 4361/4361/4361
f 4365/4365/4365 4364/4364/4364 4363/4363/4363
f 4363/4363/4363 4366/4366/4366 4365/4365/4365
f 4367/4367/4367 4366/4366/4366 4363/4363/4363
f 4368/4368/4368 4366/4366/4366 4367/4367/4367
f 4371/4371/4371 4370/4370/4370 4369/4369/4369
f 4369/4369/4369 4372/4372/4372 4371/4371/4371
f 4375/4375/4375 4374/4374/4374 4373/4373/4373
f 4376/4376/4376 4373/4373/4373 4374/4374/4374
f 4374/4374/4374 4377/4377/4377 4376/4376/4376
f 4377/4377/4377 4378/4378/4378 4376/4376/4376
f 4376/4376/4376 4378/4378/4378 4379/4379/4379
f 4379/4379/4379 4378/4378/4378 4380/4380/4380
f 4378/4378/4378 4381/4381/4381 4380/4380/4380
f 4380/4380/4380 4381/4381/4381 4382/4382/4382
f 4382/4382/4382 4383/4383/4383 4380/4380/4380
f 4386/4386/4386 4385/4385/4385 4384/4384/4384
f 4385/4385/4385 4387/4387/4387 4384/4384/4384
f 4390/4390/4390 4389/4389/4389 4388/4388/4388
f 4388/4388/4388 4391/4391/4391 4390/4390/4390
f 4394/4394/4394 4393/4393/4393 4392/4392/4392
f 4394/4394/4394 4395/4395/4395 4393/4393/4393
f 4398/4398/4398 4397/4397/4397 4396/4396/4396
f 4396/4396/4396 4399/4399/4399 4398/4398/4398
f 4399/4399/4399 4396/4396/4396 4400/4400/4400
f 4400/4400/4400 4401/4401/4401 4399/4399/4399
f 4404/4404/4404 4403/4403/4403 4402/4402/4402
f 4402/4402/4402 4405/4405/4405 4404/4404/4404
f 4406/4406/4406 4405/4405/4405 4402/4402/4402
f 4402/4402/4402 4407/4407/4407 4406/4406/4406
f 4410/4410/4410 4409/4409/4409 4408/4408/4408
f 4409/4409/4409 4411/4411/4411 4408/4408/4408
f 4412/4412/4412 4408/4408/4408 4411/4411/4411
f 4411/4411/4411 4413/4413/4413 4412/4412/4412
f 4416/4416/4416 4415/4415/4415 4414/4414/4414
f 4414/4414/4414 4417/4417/4417 4416/4416/4416
f 4420/4420/4420 4419/4419/4419 4418/4418/4418
f 4420/4420/4420 4421/4421/4421 4419/4419/4419
f 4422/4422/4422 4421/4421/4421 4420/4420/4420
f 4420/4420/4420 4423/4423/4423 4422/4422/4422
f 4426/4426/4426 4425/4425/4425 4424/4424/4424
f 4424/4424/4424 4427/4427/4427 4426/4426/4426
f 4430/4430/4430 4429/4429/4429 4428/4428/4428
f 4428/4428/4428 4429/4429/4429 4431/4431/4431
f 4431/4431/4431 4432/4432/4432 4428/4428/4428
f 4435/4435/4435 4434/4434/4434 4433/4433/4433
f 4433/4433/4433 4436/4436/4436 4435/4435/4435
f 4439/4439/4439 4438/4438/4438 4437/4437/4437
f 4439/4439/4439 4440/4440/4440 4438/4438/4438
f 4439/4439/4439 4441/4441/4441 4440/4440/4440
f 4444/4444/4444 4443/4443/4443 4442/4442/4442
f 4442/4442/4442 4445/4445/4445 4444/4444/4444
f 4448/4448/4448 4447/4447/4447 4446/4446/4446
f 4446/4446/4446 4449/4449/4449 4448/4448/4448
f 4452/4452/4452 4451/4451/4451 4450/4450/4450
f 4452/4452/4452 4453/4453/4453 4451/4451/4451
f 4453/4453/4453 4454/4454/4454 4451/4451/4451
f 4453/4453/4453 4455/4455/4455 4454/4454/4454
f 4458/4458/4458 4457/4457/4457 4456/4456/4456
f 4458/4458/4458 4456/4456/4456 4459/4459/4459
f 4460/4460/4460 4458/4458/4458 4459/4459/4459
f 4460/4460/4460 4459/4459/4459 4461/4461/4461
f 4464/4464/4464 4463/4463/4463 4462/4462/4462
f 4462/4462/4462 4465/4465/4465 4464/4464/4464
f 4465/4465/4465 4462/4462/4462 4466/4466/4466
f 4466/4466/4466 4467/4467/4467 4465/4465/4465
f 4470/4470/4470 4469/4469/4469 4468/4468/4468
f 4470/4470/4470 4471/4471/4471 4469/4469/4469
f 4474/4474/4474 4473/4473/4473 4472/4472/4472
f 4472/4472/4472 4475/4475/4475 4474/4474/4474
f 4475/4475/4475 4476/4476/4476 4474/4474/4474
f 4475/4475/4475 4477/4477/4477 4476/4476/4476
f 4480/4480/4480 4479/4479/4479 4478/4478/4478
f 4480/4480/4480 4478/4478/4478 4481/4481/4481
f 4480/4480/4480 4481/4481/4481 4482/4482/4482
f 4482/4482/4482 4483/4483/4483 4480/4480/4480
f 4486/4486/4486 4485/4485/4485 4484/4484/4484
f 4484/4484/4484 4487/4487/4487 4486/4486/4486
f 4490/4490/4490 4489/4489/4489 4488/4488/4488
f 4491/4491/4491 4489/4489/4489 4490/4490/4490
f 4489/4489/4489 4491/4491/4491 4492/4492/4492
f 4492/4492/4492 4493/4493/4493 4489/4489/4489
f 4496/4496/4496 4495/4495/4495 4494/4494/4494
f 4495/4495/4495 4496/4496/4496 4497/4497/4497
f 4500/4500/4500 4499/4499/4499 4498/4498/4498
f 4501/4501/4501 4500/4500/4500 4498/4498/4498
f 4501/4501/4501 4498/4498/4498 4502/4502/4502
f 4502/4502/4502 4503/4503/4503 4501/4501/4501
f 4506/4506/4506 4505/4505/4505 4504/4504/4504
f 4506/4506/4506 4504/4504/4504 4507/4507/4507
f 4508/4508/4508 4506/4506/4506 4507/4507/4507
f 4507/4507/4507 4509/4509/4509 4508/4508/4508
f 4512/4512/4512 4511/4511/4511 4510/4510/4510
f 4513/4513/4513 4511/4511/4511 4512/4512/4512
f 4516/4516/4516 4515/4515/4515 4514/4514/4514
f 4517/4517/4517 4515/4515/4515 4516/4516/4516
f 4520/4520/4520 4519/4519/4519 4518/4518/4518
f 4520/4520/4520 4521/4521/4521 4519/4519/4519
f 4524/4524/4524 4523/4523/4523 4522/4522/4522
f 4523/4523/4523 4525/4525/4525 4522/4522/4522
f 4522/4522/4522 4525/4525/4525 4526/4526/4526
f 4525/4525/4525 4527/4527/4527 4526/4526/4526
f 4530/4530/4530 4529/4529/4529 4528/4528/4528
f 4528/4528/4528 4531/4531/4531 4530/4530/4530
f 4534/4534/4534 4533/4533/4533 4532/4532/4532
f 4532/4532/4532 4535/4535/4535 4534/4534/4534
f 4535/4535/4535 4536/4536/4536 4534/4534/4534
f 4534/4534/4534 4536/4536/4536 4537/4537/4537
f 4535/4535/4535 4538/4538/4538 4536/4536/4536
f 4541/4541/4541 4540/4540/4540 4539/4539/4539
f 4540/4540/4540 4542/4542/4542 4539/4539/4539
f 4545/4545/4545 4544/4544/4544 4543/4543/4543
f 4543/4543/4543 4546/4546/4546 4545/4545/4545
f 4543/4543/4543 4547/4547/4547 4546/4546/4546
f 4547/4547/4547 4543/4543/4543 4548/4548/4548
f 4548/4548/4548 4543/4543/4543 4549/4549/4549
f 4552/4552/4552 4551/4551/4551 4550/4550/4550
f 4550/4550/4550 4551/4551/4551 4553/4553/4553
f 4553/4553/4553 4551/4551/4551 4554/4554/4554
f 4557/4557/4557 4556/4556/4556 4555/4555/4555
f 4558/4558/4558 4556/4556/4556 4557/4557/4557
f 4559/4559/4559 4558/4558/4558 4557/4557/4557
f 4558/4558/4558 4559/4559/4559 4560/4560/4560
f 4560/4560/4560 4559/4559/4559 4561/4561/4561
f 4559/4559/4559 4562/4562/4562 4561/4561/4561
f 4561/4561/4561 4562/4562/4562 4563/4563/4563
f 4559/4559/4559 4564/4564/4564 4562/4562/4562
f 4565/4565/4565 4562/4562/4562 4564/4564/4564
f 4568/4568/4568 4567/4567/4567 4566/4566/4566
f 4568/4568/4568 4569/4569/4569 4567/4567/4567
f 4572/4572/4572 4571/4571/4571 4570/4570/4570
f 4570/4570/4570 4573/4573/4573 4572/4572/4572
f 4576/4576/4576 4575/4575/4575 4574/4574/4574
f 4575/4575/4575 4577/4577/4577 4574/4574/4574
f 4574/4574/4574 4577/4577/4577 4578/4578/4578
f 4578/4578/4578 4579/4579/4579 4574/4574/4574
f 4574/4574/4574 4579/4579/4579 4580/4580/4580
f 4583/4583/4583 4582/4582/4582 4581/4581/4581
f 4581/4581/4581 4584/4584/4584 4583/4583/4583
f 4587/4587/4587 4586/4586/4586 4585/4585/4585
f 4587/4587/4587 4585/4585/4585 4588/4588/4588
f 4588/4588/4588 4585/4585/4585 4589/4589/4589
f 4587/4587/4587 4588/4588/4588 4590/4590/4590
f 4591/4591/4591 4590/4590/4590 4588/4588/4588
f 4594/4594/4594 4593/4593/4593 4592/4592/4592
f 4593/4593/4593 4595/4595/4595 4592/4592/4592
f 4593/4593/4593 4596/4596/4596 4595/4595/4595
f 4595/4595/4595 4596/4596/4596 4597/4597/4597
f 4600/4600/4600 4599/4599/4599 4598/4598/4598
f 4598/4598/4598 4601/4601/4601 4600/4600/4600
f 4604/4604/4604 4603/4603/4603 4602/4602/4602
f 4603/4603/4603 4605/4605/4605 4602/4602/4602
f 4602/4602/4602 4605/4605/4605 4606/4606/4606
f 4609/4609/4609 4608/4608/4608 4607/4607/4607
f 4607/4607/4607 4610/4610/4610 4609/4609/4609
f 4613/4613/4613 4612/4612/4612 4611/4611/4611
f 4611/4611/4611 4614/4614/4614 4613/4613/4613
f 4615/4615/4615 4614/4614/4614 4611/4611/4611
f 4611/4611/4611 4616/4616/4616 4615/4615/4615
f 4619/4619/4619 4618/4618/4618 4617/4617/4617
f 4617/4617/4617 4620/4620/4620 4619/4619/4619
f 4623/4623/4623 4622/4622/4622 4621/4621/4621
f 4622/4622/4622 4623/4623/4623 4624/4624/4624
f 4622/4622/4622 4624/4624/4624 4625/4625/4625
f 4625/4625/4625 4626/4626/4626 4622/4622/4622
f 4629/4629/4629 4628/4628/4628 4627/4627/4627
f 4629/4629/4629 4627/4627/4627 4630/4630/4630
f 4631/4631/4631 4629/4629/4629 4630/4630/4630
f 4630/4630/4630 4632/4632/4632 4631/4631/4631
f 4635/4635/4635 4634/4634/4634 4633/4633/4633
f 4635/4635/4635 4633/4633/4633 4636/4636/4636
f 4636/4636/4636 4637/4637/4637 4635/4635/4635
f 4637/4637/4637 4638/4638/4638 4635/4635/4635
f 4641/4641/4641 4640/4640/4640 4639/4639/4639
f 4639/4639/4639 4642/4642/4642 4641/4641/4641
f 4645/4645/4645 4644/4644/4644 4643/4643/4643
f 4643/4643/4643 4646/4646/4646 4645/4645/4645
f 4649/4649/4649 4648/4648/4648 4647/4647/4647
f 4647/4647/4647 4648/4648/4648 4650/4650/4650
f 4650/4650/4650 4648/4648/4648 4651/4651/4651
f 4651/4651/4651 4652/4652/4652 4650/4650/4650
f 4652/4652/4652 4651/4651/4651 4653/4653/4653
f 4653/4653/4653 4654/4654/4654 4652/4652/4652
f 4657/4657/4657 4656/4656/4656 4655/4655/4655
f 4658/4658/4658 4657/4657/4657 4655/4655/4655
f 4655/4655/4655 4659/4659/4659 4658/4658/4658
f 4658/4658/4658 4659/4659/4659 4660/4660/4660
f 4661/4661/4661 4657/4657/4657 4658/4658/4658
f 4658/4658/4658 4662/4662/4662 4661/4661/4661
f 4665/4665/4665 4664/4664/4664 4663/4663/4663
f 4663/4663/4663 4664/4664/4664 4666/4666/4666
f 4666/4666/4666 4667/4667/4667 4663/4663/4663
f 4667/4667/4667 4666/4666/4666 4668/4668/4668
f 4671/4671/4671 4670/4670/4670 4669/4669/4669
f 4669/4669/4669 4672/4672/4672 4671/4671/4671
f 4675/4675/4675 4674/4674/4674 4673/4673/4673
f 4676/4676/4676 4675/4675/4675 4673/4673/4673
f 4677/4677/4677 4675/4675/4675 4676/4676/4676
f 4678/4678/4678 4677/4677/4677 4676/4676/4676
f 4679/4679/4679 4678/4678/4678 4676/4676/4676
f 4682/4682/4682 4681/4681/4681 4680/4680/4680
f 4680/4680/4680 4683/4683/4683 4682/4682/4682
f 4686/4686/4686 4685/4685/4685 4684/4684/4684
f 4684/4684/4684 4687/4687/4687 4686/4686/4686
f 4687/4687/4687 4684/4684/4684 4688/4688/4688
f 4688/4688/4688 4689/4689/4689 4687/4687/4687
f 4692/4692/4692 4691/4691/4691 4690/4690/4690
f 4690/4690/4690 4693/4693/4693 4692/4692/4692
f 4694/4694/4694 4693/4693/4693 4690/4690/4690
f 4695/4695/4695 4693/4693/4693 4694/4694/4694
f 4698/4698/4698 4697/4697/4697 4696/4696/4696
f 4696/4696/4696 4697/4697/4697 4699/4699/4699
f 4697/4697/4697 4700/4700/4700 4699/4699/4699
f 4700/4700/4700 4701/4701/4701 4699/4699/4699
f 4701/4701/4701 4702/4702/4702 4699/4699/4699
f 4705/4705/4705 4704/4704/4704 4703/4703/4703
f 4703/4703/4703 4706/4706/4706 4705/4705/4705
f 4709/4709/4709 4708/4708/4708 4707/4707/4707
f 4708/4708/4708 4709/4709/4709 4710/4710/4710
f 4711/4711/4711 4710/4710/4710 4709/4709/4709
f 4709/4709/4709 4712/4712/4712 4711/4711/4711
f 4715/4715/4715 4714/4714/4714 4713/4713/4713
f 4713/4713/4713 4716/4716/4716 4715/4715/4715
f 4717/4717/4717 4716/4716/4716 4713/4713/4713
f 4713/4713/4713 4718/4718/4718 4717/4717/4717
f 4721/4721/4721 4720/4720/4720 4719/4719/4719
f 4719/4719/4719 4722/4722/4722 4721/4721/4721
f 4722/4722/4722 4723/4723/4723 4721/4721/4721
f 4724/4724/4724 4721/4721/4721 4723/4723/4723
f 4727/4727/4727 4726/4726/4726 4725/4725/4725
f 4728/4728/4728 4727/4727/4727 4725/4725/4725
f 4727/4727/4727 4728/4728/4728 4729/4729/4729
f 4729/4729/4729 4730/4730/4730 4727/4727/4727
f 4733/4733/4733 4732/4732/4732 4731/4731/4731
f 4731/4731/4731 4734/4734/4734 4733/4733/4733
f 4737/4737/4737 4736/4736/4736 4735/4735/4735
f 4738/4738/4738 4736/4736/4736 4737/4737/4737
f 4741/4741/4741 4740/4740/4740 4739/4739/4739
f 4739/4739/4739 4742/4742/4742 4741/4741/4741
f 4745/4745/4745 4744/4744/4744 4743/4743/4743
f 4744/4744/4744 4746/4746/4746 4743/4743/4743
f 4749/4749/4749 4748/4748/4748 4747/4747/4747
f 4749/4749/4749 4747/4747/4747 4750/4750/4750
f 4750/4750/4750 4751/4751/4751 4749/4749/4749
f 4750/4750/4750 4752/4752/4752 4751/4751/4751
f 4753/4753/4753 4752/4752/4752 4750/4750/4750
f 4752/4752/4752 4753/4753/4753 4754/4754/4754
f 4755/4755/4755 4752/4752/4752 4754/4754/4754
f 4756/4756/4756 4755/4755/4755 4754/4754/4754
f 4754/4754/4754 4757/4757/4757 4756/4756/4756
f 4760/4760/4760 4759/4759/4759 4758/4758/4758
f 4758/4758/4758 4761/4761/4761 4760/4760/4760
f 4764/4764/4764 4763/4763/4763 4762/4762/4762
f 4765/4765/4765 4762/4762/4762 4763/4763/4763
f 4763/4763/4763 4766/4766/4766 4765/4765/4765
f 4766/4766/4766 4767/4767/4767 4765/4765/4765
f 4765/4765/4765 4767/4767/4767 4768/4768/4768
f 4768/4768/4768 4767/4767/4767 4769/4769/4769
f 4767/4767/4767 4770/4770/4770 4769/4769/4769
f 4769/4769/4769 4770/4770/4770 4771/4771/4771
f 4771/4771/4771 4772/4772/4772 4769/4769/4769
f 4775/4775/4775 4774/4774/4774 4773/4773/4773
f 4773/4773/4773 4776/4776/4776 4775/4775/4775
f 4777/4777/4777 4776/4776/4776 4773/4773/4773
f 4773/4773/4773 4778/4778/4778 4777/4777/4777
f 4779/4779/4779 4777/4777/4777 4778/4778/4778
f 4778/4778/4778 4780/4780/4780 4779/4779/4779
f 4781/4781/4781 4779/4779/4779 4780/4780/4780
f 4780/4780/4780 4782/4782/4782 4781/4781/4781
f 4781/4781/4781 4782/4782/4782 4783/4783/4783
f 4783/4783/4783 4784/4784/4784 4781/4781/4781
f 4787/4787/4787 4786/4786/4786 4785/4785/4785
f 4785/4785/4785 4788/4788/4788 4787/4787/4787
f 4791/4791/4791 4790/4790/4790 4789/4789/4789
f 4789/4789/4789 4792/4792/4792 4791/4791/4791
f 4795/4795/4795 4794/4794/4794 4793/4793/4793
f 4793/4793/4793 4796/4796/4796 4795/4795/4795
f 4799/4799/4799 4798/4798/4798 4797/4797/4797
f 4797/4797/4797 4800/4800/4800 4799/4799/4799
f 4800/4800/4800 4797/4797/4797 4801/4801/4801
f 4801/4801/4801 4802/4802/4802 4800/4800/4800
f 4805/4805/4805 4804/4804/4804 4803/4803/4803
f 4803/4803/4803 4806/4806/4806 4805/4805/4805
f 4806/4806/4806 4803/4803/4803 4807/4807/4807
f 4807/4807/4807 4808/4808/4808 4806/4806/4806
f 4811/4811/4811 4810/4810/4810 4809/4809/4809
f 4809/4809/4809 4810/4810/4810 4812/4812/4812
f 4813/4813/4813 4809/4809/4809 4812/4812/4812
f 4812/4812/4812 4814/4814/4814 4813/4813/4813
f 4817/4817/4817 4816/4816/4816 4815/4815/4815
f 4816/4816/4816 4817/4817/4817 4818/4818/4818
f 4821/4821/4821 4820/4820/4820 4819/4819/4819
f 4819/4819/4819 4822/4822/4822 4821/4821/4821
f 4822/4822/4822 4823/4823/4823 4821/4821/4821
f 4823/4823/4823 4824/4824/4824 4821/4821/4821
f 4827/4827/4827 4826/4826/4826 4825/4825/4825
f 4826/4826/4826 4828/4828/4828 4825/4825/4825
f 4831/4831/4831 4830/4830/4830 4829/4829/4829
f 4829/4829/4829 4830/4830/4830 4832/4832/4832
f 4832/4832/4832 4833/4833/4833 4829/4829/4829
f 4836/4836/4836 4835/4835/4835 4834/4834/4834
f 4834/4834/4834 4837/4837/4837 4836/4836/4836
f 4840/4840/4840 4839/4839/4839 4838/4838/4838
f 4840/4840/4840 4841/4841/4841 4839/4839/4839
f 4840/4840/4840 4842/4842/4842 4841/4841/4841
f 4845/4845/4845 4844/4844/4844 4843/4843/4843
f 4843/4843/4843 4846/4846/4846 4845/4845/4845
f 4849/4849/4849 4848/4848/4848 4847/4847/4847
f 4849/4849/4849 4850/4850/4850 4848/4848/4848
f 4853/4853/4853 4852/4852/4852 4851/4851/4851
f 4853/4853/4853 4851/4851/4851 4854/4854/4854
f 4855/4855/4855 4853/4853/4853 4854/4854/4854
f 4854/4854/4854 4856/4856/4856 4855/4855/4855
f 4859/4859/4859 4858/4858/4858 4857/4857/4857
f 4857/4857/4857 4860/4860/4860 4859/4859/4859
f 4863/4863/4863 4862/4862/4862 4861/4861/4861
f 4861/4861/4861 4864/4864/4864 4863/4863/4863
f 4865/4865/4865 4863/4863/4863 4864/4864/4864
f 4865/4865/4865 4864/4864/4864 4866/4866/4866
f 4869/4869/4869 4868/4868/4868 4867/4867/4867
f 4867/4867/4867 4870/4870/4870 4869/4869/4869
f 4870/4870/4870 4867/4867/4867 4871/4871/4871
f 4871/4871/4871 4872/4872/4872 4870/4870/4870
f 4875/4875/4875 4874/4874/4874 4873/4873/4873
f 4873/4873/4873 4876/4876/4876 4875/4875/4875
f 4879/4879/4879 4878/4878/4878 4877/4877/4877
f 4877/4877/4877 4880/4880/4880 4879/4879/4879
f 4880/4880/4880 4881/4881/4881 4879/4879/4879
f 4880/4880/4880 4882/4882/4882 4881/4881/4881
f 4885/4885/4885 4884/4884/4884 4883/4883/4883
f 4885/4885/4885 4886/4886/4886 4884/4884/4884
f 4884/4884/4884 4886/4886/4886 4887/4887/4887
f 4887/4887/4887 4888/4888/4888 4884/4884/4884
f 4891/4891/4891 4890/4890/4890 4889/4889/4889
f 4889/4889/4889 4892/4892/4892 4891/4891/4891
f 4895/4895/4895 4894/4894/4894 4893/4893/4893
f 4893/4893/4893 4896/4896/4896 4895/4895/4895
f 4897/4897/4897 4895/4895/4895 4896/4896/4896
f 4897/4897/4897 4896/4896/4896 4898/4898/4898
f 4901/4901/4901 4900/4900/4900 4899/4899/4899
f 4899/4899/4899 4902/4902/4902 4901/4901/4901
f 4905/4905/4905 4904/4904/4904 4903/4903/4903
f 4906/4906/4906 4905/4905/4905 4903/4903/4903
f 4903/4903/4903 4907/4907/4907 4906/4906/4906
f 4907/4907/4907 4908/4908/4908 4906/4906/4906
f 4911/4911/4911 4910/4910/4910 4909/4909/4909
f 4911/4911/4911 4909/4909/4909 4912/4912/4912
f 4913/4913/4913 4911/4911/4911 4912/4912/4912
f 4912/4912/4912 4914/4914/4914 4913/4913/4913
f 4917/4917/4917 4916/4916/4916 4915/4915/4915
f 4915/4915/4915 4918/4918/4918 4917/4917/4917
f 4921/4921/4921 4920/4920/4920 4919/4919/4919
f 4920/4920/4920 4921/4921/4921 4922/4922/4922
f 4925/4925/4925 4924/4924/4924 4923/4923/4923
f 4924/4924/4924 4925/4925/4925 4926/4926/4926
f 4929/4929/4929 4928/4928/4928 4927/4927/4927
f 4927/4927/4927 4930/4930/4930 4929/4929/4929
f 4933/4933/4933 4932/4932/4932 4931/4931/4931
f 4931/4931/4931 4934/4934/4934 4933/4933/4933
f 4937/4937/4937 4936/4936/4936 4935/4935/4935
f 4935/4935/4935 4938/4938/4938 4937/4937/4937
f 4941/4941/4941 4940/4940/4940 4939/4939/4939
f 4939/4939/4939 4942/4942/4942 4941/4941/4941
f 4943/4943/4943 4941/4941/4941 4942/4942/4942
f 4942/4942/4942 4944/4944/4944 4943/4943/4943
f 4943/4943/4943 4944/4944/4944 4945/4945/4945
f 4943/4943/4943 4945/4945/4945 4946/4946/4946
f 4946/4946/4946 4945/4945/4945 4947/4947/4947
f 4948/4948/4948 4943/4943/4943 4946/4946/4946
f 4946/4946/4946 4949/4949/4949 4948/4948/4948
f 4952/4952/4952 4951/4951/4951 4950/4950/4950
f 4950/4950/4950 4953/4953/4953 4952/4952/4952
f 4956/4956/4956 4955/4955/4955 4954/4954/4954
f 4955/4955/4955 4957/4957/4957 4954/4954/4954
f 4960/4960/4960 4959/4959/4959 4958/4958/4958
f 4958/4958/4958 4961/4961/4961 4960/4960/4960
f 4958/4958/4958 4962/4962/4962 4961/4961/4961
f 4962/4962/4962 4958/4958/4958 4963/4963/4963
f 4963/4963/4963 4958/4958/4958 4964/4964/4964
f 4967/4967/4967 4966/4966/4966 4965/4965/4965
f 4965/4965/4965 4966/4966/4966 4968/4968/4968
f 4968/4968/4968 4966/4966/4966 4969/4969/4969
f 4972/4972/4972 4971/4971/4971 4970/4970/4970
f 4971/4971/4971 4972/4972/4972 4973/4973/4973
f 4974/4974/4974 4973/4973/4973 4972/4972/4972
f 4973/4973/4973 4974/4974/4974 4975/4975/4975
f 4978/4978/4978 4977/4977/4977 4976/4976/4976
f 4977/4977/4977 4979/4979/4979 4976/4976/4976
f 4976/4976/4976 4979/4979/4979 4980/4980/4980
f 4977/4977/4977 4981/4981/4981 4979/4979/4979
f 4982/4982/4982 4979/4979/4979 4981/4981/4981
f 4985/4985/4985 4984/4984/4984 4983/4983/4983
f 4983/4983/4983 4986/4986/4986 4985/4985/4985
f 4989/4989/4989 4988/4988/4988 4987/4987/4987
f 4987/4987/4987 4990/4990/4990 4989/4989/4989
f 4993/4993/4993 4992/4992/4992 4991/4991/4991
f 4992/4992/4992 4994/4994/4994 4991/4991/4991
f 4991/4991/4991 4994/4994/4994 4995/4995/4995
f 4995/4995/4995 4996/4996/4996 4991/4991/4991
f 4991/4991/4991 4996/4996/4996 4997/4997/4997
f 5000/5000/5000 4999/4999/4999 4998/4998/4998
f 5001/5001/5001 4999/4999/4999 5000/5000/5000
f 5004/5004/5004 5003/5003/5003 5002/5002/5002
f 5004/5004/5004 5002/5002/5002 5005/5005/5005
f 5006/5006/5006 5004/5004/5004 5005/5005/5005
f 5006/5006/5006 5005/5005/5005 5007/5007/5007
f 5010/5010/5010 5009/5009/5009 5008/5008/5008
f 5009/5009/5009 5011/5011/5011 5008/5008/5008
f 5008/5008/5008 5011/5011/5011 5012/5012/5012
f 5013/5013/5013 5011/5011/5011 5009/5009/5009
f 5013/5013/5013 5014/5014/5014 5011/5011/5011
f 5017/5017/5017 5016/5016/5016 5015/5015/5015
f 5015/5015/5015 5018/5018/5018 5017/5017/5017
f 5021/5021/5021 5020/5020/5020 5019/5019/5019
f 5020/5020/5020 5022/5022/5022 5019/5019/5019
f 5019/5019/5019 5022/5022/5022 5023/5023/5023
f 5026/5026/5026 5025/5025/5025 5024/5024/5024
f 5024/5024/5024 5027/5027/5027 5026/5026/5026
f 5030/5030/5030 5029/5029/5029 5028/5028/5028
f 5028/5028/5028 5031/5031/5031 5030/5030/5030
f 5030/5030/5030 5031/5031/5031 5032/5032/5032
f 5032/5032/5032 5033/5033/5033 5030/5030/5030
f 5036/5036/5036 5035/5035/5035 5034/5034/5034
f 5034/5034/5034 5037/5037/5037 5036/5036/5036
f 5040/5040/5040 5039/5039/5039 5038/5038/5038
f 5038/5038/5038 5041/5041/5041 5040/5040/5040
f 5038/5038/5038 5042/5042/5042 5041/5041/5041
f 5042/5042/5042 5038/5038/5038 5043/5043/5043
f 5046/5046/5046 5045/5045/5045 5044/5044/5044
f 5044/5044/5044 5047/5047/5047 5046/5046/5046
f 5046/5046/5046 5047/5047/5047 5048/5048/5048
f 5048/5048/5048 5049/5049/5049 5046/5046/5046
f 5052/5052/5052 5051/5051/5051 5050/5050/5050
f 5053/5053/5053 5052/5052/5052 5050/5050/5050
f 5053/5053/5053 5050/5050/5050 5054/5054/5054
f 5054/5054/5054 5055/5055/5055 5053/5053/5053
f 5058/5058/5058 5057/5057/5057 5056/5056/5056
f 5059/5059/5059 5056/5056/5056 5057/5057/5057
f 5062/5062/5062 5061/5061/5061 5060/5060/5060
f 5061/5061/5061 5062/5062/5062 5063/5063/5063
f 5066/5066/5066 5065/5065/5065 5064/5064/5064
f 5064/5064/5064 5067/5067/5067 5066/5066/5066
f 5067/5067/5067 5064/5064/5064 5068/5068/5068
f 5068/5068/5068 5069/5069/5069 5067/5067/5067
f 5069/5069/5069 5068/5068/5068 5070/5070/5070
f 5070/5070/5070 5071/5071/5071 5069/5069/5069
f 5074/5074/5074 5073/5073/5073 5072/5072/5072
f 5072/5072/5072 5073/5073/5073 5075/5075/5075
f 5075/5075/5075 5076/5076/5076 5072/5072/5072
f 5076/5076/5076 5075/5075/5075 5077/5077/5077
f 5072/5072/5072 5076/5076/5076 5078/5078/5078
f 5078/5078/5078 5079/5079/5079 5072/5072/5072
f 5082/5082/5082 5081/5081/5081 5080/5080/5080
f 5080/5080/5080 5083/5083/5083 5082/5082/5082
f 5086/5086/5086 5085/5085/5085 5084/5084/5084
f 5087/5087/5087 5086/5086/5086 5084/5084/5084
f 5088/5088/5088 5086/5086/5086 5087/5087/5087
f 5089/5089/5089 5088/5088/5088 5087/5087/5087
f 5090/5090/5090 5089/5089/5089 5087/5087/5087
f 5093/5093/5093 5092/5092/5092 5091/5091/5091
f 5091/5091/5091 5094/5094/5094 5093/5093/5093
f 5097/5097/5097 5096/5096/5096 5095/5095/5095
f 5098/5098/5098 5096/5096/5096 5097/5097/5097
f 5098/5098/5098 5097/5097/5097 5099/5099/5099
f 5099/5099/5099 5100/5100/5100 5098/5098/5098
f 5103/5103/5103 5102/5102/5102 5101/5101/5101
f 5101/5101/5101 5104/5104/5104 5103/5103/5103
f 5105/5105/5105 5104/5104/5104 5101/5101/5101
f 5106/5106/5106 5104/5104/5104 5105/5105/5105
f 5109/5109/5109 5108/5108/5108 5107/5107/5107
f 5107/5107/5107 5108/5108/5108 5110/5110/5110
f 5108/5108/5108 5111/5111/5111 5110/5110/5110
f 5111/5111/5111 5112/5112/5112 5110/5110/5110
f 5112/5112/5112 5113/5113/5113 5110/5110/5110
f 5116/5116/5116 5115/5115/5115 5114/5114/5114
f 5114/5114/5114 5117/5117/5117 5116/5116/5116
f 5120/5120/5120 5119/5119/5119 5118/5118/5118
f 5118/5118/5118 5121/5121/5121 5120/5120/5120
f 5122/5122/5122 5120/5120/5120 5121/5121/5121
f 5121/5121/5121 5123/5123/5123 5122/5122/5122
f 5126/5126/5126 5125/5125/5125 5124/5124/5124
f 5124/5124/5124 5127/5127/5127 5126/5126/5126
f 5128/5128/5128 5127/5127/5127 5124/5124/5124
f 5124/5124/5124 5129/5129/5129 5128/5128/5128
f 5132/5132/5132 5131/5131/5131 5130/5130/5130
f 5133/5133/5133 5130/5130/5130 5131/5131/5131
f 5134/5134/5134 5133/5133/5133 5131/5131/5131
f 5131/5131/5131 5135/5135/5135 5134/5134/5134
f 5138/5138/5138 5137/5137/5137 5136/5136/5136
f 5139/5139/5139 5138/5138/5138 5136/5136/5136
f 5138/5138/5138 5139/5139/5139 5140/5140/5140
f 5140/5140/5140 5141/5141/5141 5138/5138/5138
f 5144/5144/5144 5143/5143/5143 5142/5142/5142
f 5142/5142/5142 5145/5145/5145 5144/5144/5144
f 5144/5144/5144 5145/5145/5145 5146/5146/5146
f 5146/5146/5146 5147/5147/5147 5144/5144/5144
f 5150/5150/5150 5149/5149/5149 5148/5148/5148
f 5148/5148/5148 5151/5151/5151 5150/5150/5150
f 5154/5154/5154 5153/5153/5153 5152/5152/5152
f 5152/5152/5152 5155/5155/5155 5154/5154/5154
f 5158/5158/5158 5157/5157/5157 5156/5156/5156
f 5156/5156/5156 5159/5159/5159 5158/5158/5158
f 5162/5162/5162 5161/5161/5161 5160/5160/5160
f 5162/5162/5162 5160/5160/5160 5163/5163/5163
f 5163/5163/5163 5164/5164/5164 5162/5162/5162
f 5163/5163/5163 5165/5165/5165 5164/5164/5164
f 5166/5166/5166 5165/5165/5165 5163/5163/5163
f 5165/5165/5165 5166/5166/5166 5167/5167/5167
f 5168/5168/5168 5165/5165/5165 5167/5167/5167
f 5169/5169/5169 5168/5168/5168 5167/5167/5167
f 5167/5167/5167 5170/5170/5170 5169/5169/5169
f 5173/5173/5173 5172/5172/5172 5171/5171/5171
f 5171/5171/5171 5174/5174/5174 5173/5173/5173
f 5177/5177/5177 5176/5176/5176 5175/5175/5175
f 5178/5178/5178 5175/5175/5175 5176/5176/5176
f 5176/5176/5176 5179/5179/5179 5178/5178/5178
f 5179/5179/5179 5180/5180/5180 5178/5178/5178
f 5178/5178/5178 5180/5180/5180 5181/5181/5181
f 5181/5181/5181 5180/5180/5180 5182/5182/5182
f 5180/5180/5180 5183/5183/5183 5182/5182/5182
f 5182/5182/5182 5183/5183/5183 5184/5184/5184
f 5184/5184/5184 5185/5185/5185 5182/5182/5182
f 5188/5188/5188 5187/5187/5187 5186/5186/5186
f 5186/5186/5186 5187/5187/5187 5189/5189/5189
f 5189/5189/5189 5187/5187/5187 5190/5190/5190
f 5190/5190/5190 5191/5191/5191 5189/5189/5189
f 5191/5191/5191 5190/5190/5190 5192/5192/5192
f 5190/5190/5190 5193/5193/5193 5192/5192/5192
f 5192/5192/5192 5193/5193/5193 5194/5194/5194
f 5193/5193/5193 5195/5195/5195 5194/5194/5194
f 5195/5195/5195 5196/5196/5196 5194/5194/5194
f 5194/5194/5194 5196/5196/5196 5197/5197/5197
f 5200/5200/5200 5199/5199/5199 5198/5198/5198
f 5201/5201/5201 5198/5198/5198 5199/5199/5199
f 5204/5204/5204 5203/5203/5203 5202/5202/5202
f 5202/5202/5202 5205/5205/5205 5204/5204/5204
f 5208/5208/5208 5207/5207/5207 5206/5206/5206
f 5208/5208/5208 5209/5209/5209 5207/5207/5207
f 5212/5212/5212 5211/5211/5211 5210/5210/5210
f 5210/5210/5210 5213/5213/5213 5212/5212/5212
f 5213/5213/5213 5210/5210/5210 5214/5214/5214
f 5214/5214/5214 5215/5215/5215 5213/5213/5213
f 5218/5218/5218 5217/5217/5217 5216/5216/5216
f 5216/5216/5216 5219/5219/5219 5218/5218/5218
f 5220/5220/5220 5219/5219/5219 5216/5216/5216
f 5221/5221/5221 5219/5219/5219 5220/5220/5220
f 5224/5224/5224 5223/5223/5223 5222/5222/5222
f 5222/5222/5222 5223/5223/5223 5225/5225/5225
f 5226/5226/5226 5222/5222/5222 5225/5225/5225
f 5225/5225/5225 5227/5227/5227 5226/5226/5226
f 5230/5230/5230 5229/5229/5229 5228/5228/5228
f 5228/5228/5228 5231/5231/5231 5230/5230/5230
f 5234/5234/5234 5233/5233/5233 5232/5232/5232
f 5234/5234/5234 5235/5235/5235 5233/5233/5233
f 5236/5236/5236 5235/5235/5235 5234/5234/5234
f 5234/5234/5234 5237/5237/5237 5236/5236/5236
f 5240/5240/5240 5239/5239/5239 5238/5238/5238
f 5238/5238/5238 5241/5241/5241 5240/5240/5240
f 5244/5244/5244 5243/5243/5243 5242/5242/5242
f 5242/5242/5242 5243/5243/5243 5245/5245/5245
f 5245/5245/5245 5246/5246/5246 5242/5242/5242
f 5249/5249/5249 5248/5248/5248 5247/5247/5247
f 5247/5247/5247 5250/5250/5250 5249/5249/5249
f 5253/5253/5253 5252/5252/5252 5251/5251/5251
f 5253/5253/5253 5254/5254/5254 5252/5252/5252
f 5253/5253/5253 5255/5255/5255 5254/5254/5254
f 5258/5258/5258 5257/5257/5257 5256/5256/5256
f 5256/5256/5256 5259/5259/5259 5258/5258/5258
f 5262/5262/5262 5261/5261/5261 5260/5260/5260
f 5261/5261/5261 5263/5263/5263 5260/5260/5260
f 5266/5266/5266 5265/5265/5265 5264/5264/5264
f 5266/5266/5266 5267/5267/5267 5265/5265/5265
f 5270/5270/5270 5269/5269/5269 5268/5268/5268
f 5270/5270/5270 5271/5271/5271 5269/5269/5269
f 5271/5271/5271 5272/5272/5272 5269/5269/5269
f 5271/5271/5271 5273/5273/5273 5272/5272/5272
f 5276/5276/5276 5275/5275/5275 5274/5274/5274
f 5276/5276/5276 5277/5277/5277 5275/5275/5275
f 5280/5280/5280 5279/5279/5279 5278/5278/5278
f 5278/5278/5278 5281/5281/5281 5280/5280/5280
f 5281/5281/5281 5278/5278/5278 5282/5282/5282
f 5282/5282/5282 5283/5283/5283 5281/5281/5281
f 5286/5286/5286 5285/5285/5285 5284/5284/5284
f 5284/5284/5284 5287/5287/5287 5286/5286/5286
f 5288/5288/5288 5286/5286/5286 5287/5287/5287
f 5288/5288/5288 5287/5287/5287 5289/5289/5289
f 5292/5292/5292 5291/5291/5291 5290/5290/5290
f 5290/5290/5290 5293/5293/5293 5292/5292/5292
f 5293/5293/5293 5294/5294/5294 5292/5292/5292
f 5293/5293/5293 5295/5295/5295 5294/5294/5294
f 5298/5298/5298 5297/5297/5297 5296/5296/5296
f 5298/5298/5298 5296/5296/5296 5299/5299/5299
f 5298/5298/5298 5299/5299/5299 5300/5300/5300
f 5300/5300/5300 5301/5301/5301 5298/5298/5298
f 5304/5304/5304 5303/5303/5303 5302/5302/5302
f 5302/5302/5302 5305/5305/5305 5304/5304/5304
f 5308/5308/5308 5307/5307/5307 5306/5306/5306
f 5308/5308/5308 5309/5309/5309 5307/5307/5307
f 5307/5307/5307 5309/5309/5309 5310/5310/5310
f 5310/5310/5310 5311/5311/5311 5307/5307/5307
f 5314/5314/5314 5313/5313/5313 5312/5312/5312
f 5313/5313/5313 5314/5314/5314 5315/5315/5315
f 5318/5318/5318 5317/5317/5317 5316/5316/5316
f 5319/5319/5319 5318/5318/5318 5316/5316/5316
f 5319/5319/5319 5316/5316/5316 5320/5320/5320
f 5320/5320/5320 5321/5321/5321 5319/5319/5319
f 5324/5324/5324 5323/5323/5323 5322/5322/5322
f 5324/5324/5324 5322/5322/5322 5325/5325/5325
f 5326/5326/5326 5324/5324/5324 5325/5325/5325
f 5325/5325/5325 5327/5327/5327 5326/5326/5326
f 5330/5330/5330 5329/5329/5329 5328/5328/5328
f 5328/5328/5328 5331/5331/5331 5330/5330/5330
f 5334/5334/5334 5333/5333/5333 5332/5332/5332
f 5332/5332/5332 5335/5335/5335 5334/5334/5334
f 5338/5338/5338 5337/5337/5337 5336/5336/5336
f 5337/5337/5337 5338/5338/5338 5339/5339/5339
f 5342/5342/5342 5341/5341/5341 5340/5340/5340
f 5340/5340/5340 5343/5343/5343 5342/5342/5342
f 5346/5346/5346 5345/5345/5345 5344/5344/5344
f 5347/5347/5347 5345/5345/5345 5346/5346/5346
f 5350/5350/5350 5349/5349/5349 5348/5348/5348
f 5351/5351/5351 5349/5349/5349 5350/5350/5350
f 5354/5354/5354 5353/5353/5353 5352/5352/5352
f 5352/5352/5352 5355/5355/5355 5354/5354/5354
f 5358/5358/5358 5357/5357/5357 5356/5356/5356
f 5357/5357/5357 5359/5359/5359 5356/5356/5356
f 5356/5356/5356 5359/5359/5359 5360/5360/5360
f 5356/5356/5356 5360/5360/5360 5361/5361/5361
f 5361/5361/5361 5360/5360/5360 5362/5362/5362
f 5363/5363/5363 5356/5356/5356 5361/5361/5361
f 5361/5361/5361 5364/5364/5364 5363/5363/5363
f 5367/5367/5367 5366/5366/5366 5365/5365/5365
f 5365/5365/5365 5368/5368/5368 5367/5367/5367
f 5371/5371/5371 5370/5370/5370 5369/5369/5369
f 5370/5370/5370 5372/5372/5372 5369/5369/5369
f 5375/5375/5375 5374/5374/5374 5373/5373/5373
f 5373/5373/5373 5376/5376/5376 5375/5375/5375
f 5373/5373/5373 5377/5377/5377 5376/5376/5376
f 5377/5377/5377 5373/5373/5373 5378/5378/5378
f 5378/5378/5378 5373/5373/5373 5379/5379/5379
f 5382/5382/5382 5381/5381/5381 5380/5380/5380
f 5380/5380/5380 5381/5381/5381 5383/5383/5383
f 5383/5383/5383 5381/5381/5381 5384/5384/5384
f 5387/5387/5387 5386/5386/5386 5385/5385/5385
f 5385/5385/5385 5388/5388/5388 5387/5387/5387
f 5391/5391/5391 5390/5390/5390 5389/5389/5389
f 5390/5390/5390 5391/5391/5391 5392/5392/5392
f 5392/5392/5392 5391/5391/5391 5393/5393/5393
f 5391/5391/5391 5394/5394/5394 5393/5393/5393
f 5393/5393/5393 5394/5394/5394 5395/5395/5395
f 5391/5391/5391 5396/5396/5396 5394/5394/5394
f 5397/5397/5397 5394/5394/5394 5396/5396/5396
f 5400/5400/5400 5399/5399/5399 5398/5398/5398
f 5400/5400/5400 5401/5401/5401 5399/5399/5399
f 5404/5404/5404 5403/5403/5403 5402/5402/5402
f 5402/5402/5402 5405/5405/5405 5404/5404/5404
f 5408/5408/5408 5407/5407/5407 5406/5406/5406
f 5407/5407/5407 5409/5409/5409 5406/5406/5406
f 5406/5406/5406 5409/5409/5409 5410/5410/5410
f 5410/5410/5410 5411/5411/5411 5406/5406/5406
f 5406/5406/5406 5411/5411/5411 5412/5412/5412
f 5415/5415/5415 5414/5414/5414 5413/5413/5413
f 5413/5413/5413 5416/5416/5416 5415/5415/5415
f 5419/5419/5419 5418/5418/5418 5417/5417/5417
f 5419/5419/5419 5417/5417/5417 5420/5420/5420
f 5419/5419/5419 5420/5420/5420 5421/5421/5421
f 5422/5422/5422 5421/5421/5421 5420/5420/5420
f 5425/5425/5425 5424/5424/5424 5423/5423/5423
f 5424/5424/5424 5426/5426/5426 5423/5423/5423
f 5424/5424/5424 5427/5427/5427 5426/5426/5426
f 5426/5426/5426 5427/5427/5427 5428/5428/5428
f 5431/5431/5431 5430/5430/5430 5429/5429/5429
f 5429/5429/5429 5432/5432/5432 5431/5431/5431
f 5435/5435/5435 5434/5434/5434 5433/5433/5433
f 5434/5434/5434 5436/5436/5436 5433/5433/5433
f 5433/5433/5433 5436/5436/5436 5437/5437/5437
f 5440/5440/5440 5439/5439/5439 5438/5438/5438
f 5438/5438/5438 5441/5441/5441 5440/5440/5440
f 5444/5444/5444 5443/5443/5443 5442/5442/5442
f 5442/5442/5442 5445/5445/5445 5444/5444/5444
f 5446/5446/5446 5445/5445/5445 5442/5442/5442
f 5442/5442/5442 5447/5447/5447 5446/5446/5446
f 5450/5450/5450 5449/5449/5449 5448/5448/5448
f 5448/5448/5448 5451/5451/5451 5450/5450/5450
f 5454/5454/5454 5453/5453/5453 5452/5452/5452
f 5453/5453/5453 5454/5454/5454 5455/5455/5455
f 5453/5453/5453 5455/5455/5455 5456/5456/5456
f 5456/5456/5456 5457/5457/5457 5453/5453/5453
f 5460/5460/5460 5459/5459/5459 5458/5458/5458
f 5458/5458/5458 5461/5461/5461 5460/5460/5460
f 5460/5460/5460 5461/5461/5461 5462/5462/5462
f 5462/5462/5462 5463/5463/5463 5460/5460/5460
f 5466/5466/5466 5465/5465/5465 5464/5464/5464
f 5466/5466/5466 5464/5464/5464 5467/5467/5467
f 5467/5467/5467 5468/5468/5468 5466/5466/5466
f 5468/5468/5468 5469/5469/5469 5466/5466/5466
f 5472/5472/5472 5471/5471/5471 5470/5470/5470
f 5470/5470/5470 5473/5473/5473 5472/5472/5472
f 5476/5476/5476 5475/5475/5475 5474/5474/5474
f 5474/5474/5474 5477/5477/5477 5476/5476/5476
f 5480/5480/5480 5479/5479/5479 5478/5478/5478
f 5479/5479/5479 5480/5480/5480 5481/5481/5481
f 5481/5481/5481 5480/5480/5480 5482/5482/5482
f 5482/5482/5482 5483/5483/5483 5481/5481/5481
f 5483/5483/5483 5482/5482/5482 5484/5484/5484
f 5484/5484/5484 5485/5485/5485 5483/5483/5483
f 5488/5488/5488 5487/5487/5487 5486/5486/5486
f 5489/5489/5489 5488/5488/5488 5486/5486/5486
f 5486/5486/5486 5490/5490/5490 5489/5489/5489
f 5489/5489/5489 5490/5490/5490 5491/5491/5491
f 5492/5492/5492 5488/5488/5488 5489/5489/5489
f 5489/5489/5489 5493/5493/5493 5492/5492/5492
f 5496/5496/5496 5495/5495/5495 5494/5494/5494
f 5494/5494/5494 5495/5495/5495 5497/5497/5497
f 5497/5497/5497 5498/5498/5498 5494/5494/5494
f 5498/5498/5498 5497/5497/5497 5499/5499/5499
f 5494/5494/5494 5498/5498/5498 5500/5500/5500
f 5500/5500/5500 5501/5501/5501 5494/5494/5494
f 5504/5504/5504 5503/5503/5503 5502/5502/5502
f 5502/5502/5502 5505/5505/5505 5504/5504/5504
f 5508/5508/5508 5507/5507/5507 5506/5506/5506
f 5509/5509/5509 5508/5508/5508 5506/5506/5506
f 5510/5510/5510 5508/5508/5508 5509/5509/5509
f 5511/5511/5511 5510/5510/5510 5509/5509/5509
f 5512/5512/5512 5511/5511/5511 5509/5509/5509
f 5515/5515/5515 5514/5514/5514 5513/5513/5513
f 5513/5513/5513 5516/5516/5516 5515/5515/5515
f 5519/5519/5519 5518/5518/5518 5517/5517/5517
f 5517/5517/5517 5520/5520/5520 5519/5519/5519
f 5520/5520/5520 5517/5517/5517 5521/5521/5521
f 5521/5521/5521 5522/5522/5522 5520/5520/5520
f 5525/5525/5525 5524/5524/5524 5523/5523/5523
f 5525/5525/5525 5523/5523/5523 5526/5526/5526
f 5527/5527/5527 5525/5525/5525 5526/5526/5526
f 5528/5528/5528 5525/5525/5525 5527/5527/5527
f 5531/5531/5531 5530/5530/5530 5529/5529/5529
f 5529/5529/5529 5530/5530/5530 5532/5532/5532
f 5530/5530/5530 5533/5533/5533 5532/5532/5532
f 5533/5533/5533 5534/5534/5534 5532/5532/5532
f 5534/5534/5534 5535/5535/5535 5532/5532/5532
f 5538/5538/5538 5537/5537/5537 5536/5536/5536
f 5536/5536/5536 5539/5539/5539 5538/5538/5538
f 5542/5542/5542 5541/5541/5541 5540/5540/5540
f 5540/5540/5540 5543/5543/5543 5542/5542/5542
f 5544/5544/5544 5542/5542/5542 5543/5543/5543
f 5543/5543/5543 5545/5545/5545 5544/5544/5544
f 5548/5548/5548 5547/5547/5547 5546/5546/5546
f 5546/5546/5546 5549/5549/5549 5548/5548/5548
f 5550/5550/5550 5549/5549/5549 5546/5546/5546
f 5550/5550/5550 5551/5551/5551 5549/5549/5549
f 5554/5554/5554 5553/5553/5553 5552/5552/5552
f 5552/5552/5552 5555/5555/5555 5554/5554/5554
f 5555/5555/5555 5556/5556/5556 5554/5554/5554
f 5556/5556/5556 5557/5557/5557 5554/5554/5554
f 5560/5560/5560 5559/5559/5559 5558/5558/5558
f 5561/5561/5561 5558/5558/5558 5559/5559/5559
f 5562/5562/5562 5558/5558/5558 5561/5561/5561
f 5561/5561/5561 5563/5563/5563 5562/5562/5562
f 5566/5566/5566 5565/5565/5565 5564/5564/5564
f 5564/5564/5564 5567/5567/5567 5566/5566/5566
f 5570/5570/5570 5569/5569/5569 5568/5568/5568
f 5568/5568/5568 5571/5571/5571 5570/5570/5570
f 5574/5574/5574 5573/5573/5573 5572/5572/5572
f 5573/5573/5573 5575/5575/5575 5572/5572/5572
f 5578/5578/5578 5577/5577/5577 5576/5576/5576
f 5578/5578/5578 5576/5576/5576 5579/5579/5579
f 5579/5579/5579 5580/5580/5580 5578/5578/5578
f 5579/5579/5579 5581/5581/5581 5580/5580/5580
f 5582/5582/5582 5581/5581/5581 5579/5579/5579
f 5581/5581/5581 5582/5582/5582 5583/5583/5583
f 5584/5584/5584 5581/5581/5581 5583/5583/5583
f 5585/5585/5585 5584/5584/5584 5583/5583/5583
f 5583/5583/5583 5586/5586/5586 5585/5585/5585
f 5589/5589/5589 5588/5588/5588 5587/5587/5587
f 5587/5587/5587 5590/5590/5590 5589/5589/5589
f 5589/5589/5589 5590/5590/5590 5591/5591/5591
f 5591/5591/5591 5592/5592/5592 5589/5589/5589
f 5595/5595/5595 5594/5594/5594 5593/5593/5593
f 5593/5593/5593 5596/5596/5596 5595/5595/5595
f 5599/5599/5599 5598/5598/5598 5597/5597/5597
f 5597/5597/5597 5600/5600/5600 5599/5599/5599
f 5600/5600/5600 5597/5597/5597 5601/5601/5601
f 5601/5601/5601 5602/5602/5602 5600/5600/5600
f 5605/5605/5605 5604/5604/5604 5603/5603/5603
f 5603/5603/5603 5606/5606/5606 5605/5605/5605
f 5609/5609/5609 5608/5608/5608 5607/5607/5607
f 5610/5610/5610 5607/5607/5607 5608/5608/5608
f 5608/5608/5608 5611/5611/5611 5610/5610/5610
f 5611/5611/5611 5612/5612/5612 5610/5610/5610
f 5610/5610/5610 5612/5612/5612 5613/5613/5613
f 5613/5613/5613 5612/5612/5612 5614/5614/5614
f 5612/5612/5612 5615/5615/5615 5614/5614/5614
f 5614/5614/5614 5615/5615/5615 5616/5616/5616
f 5616/5616/5616 5617/5617/5617 5614/5614/5614
f 5620/5620/5620 5619/5619/5619 5618/5618/5618
f 5618/5618/5618 5621/5621/5621 5620/5620/5620
f 5624/5624/5624 5623/5623/5623 5622/5622/5622
f 5623/5623/5623 5625/5625/5625 5622/5622/5622
f 5628/5628/5628 5627/5627/5627 5626/5626/5626
f 5626/5626/5626 5629/5629/5629 5628/5628/5628
f 5632/5632/5632 5631/5631/5631 5630/5630/5630
f 5630/5630/5630 5633/5633/5633 5632/5632/5632
f 5633/5633/5633 5630/5630/5630 5634/5634/5634
f 5634/5634/5634 5635/5635/5635 5633/5633/5633
f 5638/5638/5638 5637/5637/5637 5636/5636/5636
f 5636/5636/5636 5639/5639/5639 5638/5638/5638
f 5639/5639/5639 5636/5636/5636 5640/5640/5640
f 5640/5640/5640 5641/5641/5641 5639/5639/5639
f 5644/5644/5644 5643/5643/5643 5642/5642/5642
f 5643/5643/5643 5645/5645/5645 5642/5642/5642
f 5646/5646/5646 5642/5642/5642 5645/5645/5645
f 5645/5645/5645 5647/5647/5647 5646/5646/5646
f 5650/5650/5650 5649/5649/5649 5648/5648/5648
f 5649/5649/5649 5650/5650/5650 5651/5651/5651
f 5654/5654/5654 5653/5653/5653 5652/5652/5652
f 5652/5652/5652 5655/5655/5655 5654/5654/5654
f 5655/5655/5655 5656/5656/5656 5654/5654/5654
f 5656/5656/5656 5657/5657/5657 5654/5654/5654
f 5660/5660/5660 5659/5659/5659 5658/5658/5658
f 5659/5659/5659 5661/5661/5661 5658/5658/5658
f 5664/5664/5664 5663/5663/5663 5662/5662/5662
f 5662/5662/5662 5663/5663/5663 5665/5665/5665
f 5665/5665/5665 5666/5666/5666 5662/5662/5662
f 5669/5669/5669 5668/5668/5668 5667/5667/5667
f 5667/5667/5667 5670/5670/5670 5669/5669/5669
f 5673/5673/5673 5672/5672/5672 5671/5671/5671
f 5673/5673/5673 5674/5674/5674 5672/5672/5672
f 5673/5673/5673 5675/5675/5675 5674/5674/5674
f 5678/5678/5678 5677/5677/5677 5676/5676/5676
f 5676/5676/5676 5679/5679/5679 5678/5678/5678
f 5682/5682/5682 5681/5681/5681 5680/5680/5680
f 5680/5680/5680 5683/5683/5683 5682/5682/5682
f 5686/5686/5686 5685/5685/5685 5684/5684/5684
f 5686/5686/5686 5687/5687/5687 5685/5685/5685
f 5687/5687/5687 5688/5688/5688 5685/5685/5685
f 5687/5687/5687 5689/5689/5689 5688/5688/5688
f 5692/5692/5692 5691/5691/5691 5690/5690/5690
f 5692/5692/5692 5690/5690/5690 5693/5693/5693
f 5694/5694/5694 5692/5692/5692 5693/5693/5693
f 5694/5694/5694 5693/5693/5693 5695/5695/5695
f 5698/5698/5698 5697/5697/5697 5696/5696/5696
f 5696/5696/5696 5699/5699/5699 5698/5698/5698
f 5699/5699/5699 5696/5696/5696 5700/5700/5700
f 5700/5700/5700 5701/5701/5701 5699/5699/5699
f 5704/5704/5704 5703/5703/5703 5702/5702/5702
f 5704/5704/5704 5705/5705/5705 5703/5703/5703
f 5708/5708/5708 5707/5707/5707 5706/5706/5706
f 5706/5706/5706 5709/5709/5709 5708/5708/5708
f 5710/5710/5710 5708/5708/5708 5709/5709/5709
f 5709/5709/5709 5711/5711/5711 5710/5710/5710
f 5714/5714/5714 5713/5713/5713 5712/5712/5712
f 5715/5715/5715 5713/5713/5713 5714/5714/5714
f 5713/5713/5713 5715/5715/5715 5716/5716/5716
f 5716/5716/5716 5717/5717/5717 5713/5713/5713
f 5720/5720/5720 5719/5719/5719 5718/5718/5718
f 5718/5718/5718 5721/5721/5721 5720/5720/5720
f 5724/5724/5724 5723/5723/5723 5722/5722/5722
f 5724/5724/5724 5722/5722/5722 5725/5725/5725
f 5724/5724/5724 5725/5725/5725 5726/5726/5726
f 5726/5726/5726 5727/5727/5727 5724/5724/5724
f 5730/5730/5730 5729/5729/5729 5728/5728/5728
f 5728/5728/5728 5731/5731/5731 5730/5730/5730
f 5734/5734/5734 5733/5733/5733 5732/5732/5732
f 5735/5735/5735 5734/5734/5734 5732/5732/5732
f 5735/5735/5735 5732/5732/5732 5736/5736/5736
f 5736/5736/5736 5737/5737/5737 5735/5735/5735
f 5740/5740/5740 5739/5739/5739 5738/5738/5738
f 5740/5740/5740 5738/5738/5738 5741/5741/5741
f 5742/5742/5742 5740/5740/5740 5741/5741/5741
f 5741/5741/5741 5743/5743/5743 5742/5742/5742
f 5746/5746/5746 5745/5745/5745 5744/5744/5744
f 5744/5744/5744 5747/5747/5747 5746/5746/5746
f 5750/5750/5750 5749/5749/5749 5748/5748/5748
f 5748/5748/5748 5751/5751/5751 5750/5750/5750
f 5754/5754/5754 5753/5753/5753 5752/5752/5752
f 5754/5754/5754 5755/5755/5755 5753/5753/5753
f 5758/5758/5758 5757/5757/5757 5756/5756/5756
f 5759/5759/5759 5756/5756/5756 5757/5757/5757
f 5760/5760/5760 5756/5756/5756 5759/5759/5759
f 5756/5756/5756 5760/5760/5760 5761/5761/5761
f 5761/5761/5761 5760/5760/5760 5762/5762/5762
f 5763/5763/5763 5762/5762/5762 5760/5760/5760
f 5766/5766/5766 5765/5765/5765 5764/5764/5764
f 5767/5767/5767 5764/5764/5764 5765/5765/5765
f 5768/5768/5768 5764/5764/5764 5767/5767/5767
f 5764/5764/5764 5768/5768/5768 5769/5769/5769
f 5769/5769/5769 5768/5768/5768 5770/5770/5770
f 5771/5771/5771 5770/5770/5770 5768/5768/5768
f 5774/5774/5774 5773/5773/5773 5772/5772/5772
f 5773/5773/5773 5775/5775/5775 5772/5772/5772
f 5776/5776/5776 5775/5775/5775 5773/5773/5773
f 5777/5777/5777 5776/5776/5776 5773/5773/5773
f 5778/5778/5778 5775/5775/5775 5776/5776/5776
f 5779/5779/5779 5775/5775/5775 5778/5778/5778
f 5780/5780/5780 5775/5775/5775 5779/5779/5779
f 5781/5781/5781 5772/5772/5772 5775/5775/5775
f 5782/5782/5782 5781/5781/5781 5775/5775/5775
f 5772/5772/5772 5781/5781/5781 5783/5783/5783
f 5784/5784/5784 5781/5781/5781 5782/5782/5782
f 5785/5785/5785 5781/5781/5781 5784/5784/5784
f 5783/5783/5783 5781/5781/5781 5786/5786/5786
f 5787/5787/5787 5786/5786/5786 5781/5781/5781
f 5790/5790/5790 5789/5789/5789 5788/5788/5788
f 5788/5788/5788 5791/5791/5791 5790/5790/5790
f 5794/5794/5794 5793/5793/5793 5792/5792/5792
f 5794/5794/5794 5795/5795/5795 5793/5793/5793
f 5798/5798/5798 5797/5797/5797 5796/5796/5796
f 5798/5798/5798 5799/5799/5799 5797/5797/5797
f 5802/5802/5802 5801/5801/5801 5800/5800/5800
f 5800/5800/5800 5803/5803/5803 5802/5802/5802
f 5806/5806/5806 5805/5805/5805 5804/5804/5804
f 5804/5804/5804 5807/5807/5807 5806/5806/5806
f 5810/5810/5810 5809/5809/5809 5808/5808/5808
f 5811/5811/5811 5808/5808/5808 5809/5809/5809
f 5814/5814/5814 5813/5813/5813 5812/5812/5812
f 5812/5812/5812 5815/5815/5815 5814/5814/5814
f 5818/5818/5818 5817/5817/5817 5816/5816/5816
f 5816/5816/5816 5819/5819/5819 5818/5818/5818
f 5822/5822/5822 5821/5821/5821 5820/5820/5820
f 5822/5822/5822 5823/5823/5823 5821/5821/5821
f 5826/5826/5826 5825/5825/5825 5824/5824/5824
f 5824/5824/5824 5827/5827/5827 5826/5826/5826
f 5830/5830/5830 5829/5829/5829 5828/5828/5828
f 5828/5828/5828 5831/5831/5831 5830/5830/5830
f 5834/5834/5834 5833/5833/5833 5832/5832/5832
f 5834/5834/5834 5835/5835/5835 5833/5833/5833
f 5838/5838/5838 5837/5837/5837 5836/5836/5836
f 5836/5836/5836 5839/5839/5839 5838/5838/5838
f 5842/5842/5842 5841/5841/5841 5840/5840/5840
f 5840/5840/5840 5843/5843/5843 5842/5842/5842
f 5846/5846/5846 5845/5845/5845 5844/5844/5844
f 5844/5844/5844 5847/5847/5847 5846/5846/5846
f 5850/5850/5850 5849/5849/5849 5848/5848/5848
f 5848/5848/5848 5851/5851/5851 5850/5850/5850
f 5854/5854/5854 5853/5853/5853 5852/5852/5852
f 5855/5855/5855 5853/5853/5853 5854/5854/5854
f 5858/5858/5858 5857/5857/5857 5856/5856/5856
f 5857/5857/5857 5858/5858/5858 5859/5859/5859
f 5856/5856/5856 5860/5860/5860 5858/5858/5858
f 5858/5858/5858 5861/5861/5861 5859/5859/5859
f 5860/5860/5860 5856/5856/5856 5862/5862/5862
f 5862/5862/5862 5863/5863/5863 5860/5860/5860
f 5859/5859/5859 5861/5861/5861 5864/5864/5864
f 5865/5865/5865 5864/5864/5864 5861/5861/5861
f 5864/5864/5864 5865/5865/5865 5866/5866/5866
f 5866/5866/5866 5867/5867/5867 5864/5864/5864
f 5868/5868/5868 5863/5863/5863 5862/5862/5862
f 5862/5862/5862 5869/5869/5869 5868/5868/5868
f 5867/5867/5867 5866/5866/5866 5870/5870/5870
f 5870/5870/5870 5871/5871/5871 5867/5867/5867
f 5868/5868/5868 5869/5869/5869 5872/5872/5872
f 5872/5872/5872 5873/5873/5873 5868/5868/5868
f 5874/5874/5874 5873/5873/5873 5872/5872/5872
f 5875/5875/5875 5874/5874/5874 5872/5872/5872
f 5876/5876/5876 5871/5871/5871 5870/5870/5870
f 5870/5870/5870 5877/5877/5877 5876/5876/5876
f 5878/5878/5878 5874/5874/5874 5875/5875/5875
f 5875/5875/5875 5879/5879/5879 5878/5878/5878
f 5876/5876/5876 5877/5877/5877 5880/5880/5880
f 5880/5880/5880 5881/5881/5881 5876/5876/5876
f 5878/5878/5878 5879/5879/5879 5882/5882/5882
f 5882/5882/5882 5883/5883/5883 5878/5878/5878
f 5881/5881/5881 5880/5880/5880 5884/5884/5884
f 5884/5884/5884 5880/5880/5880 5885/5885/5885
f 5886/5886/5886 5883/5883/5883 5882/5882/5882
f 5884/5884/5884 5885/5885/5885 5886/5886/5886
f 5882/5882/5882 5887/5887/5887 5886/5886/5886
f 5886/5886/5886 5887/5887/5887 5884/5884/5884
f 5890/5890/5890 5889/5889/5889 5888/5888/5888
f 5889/5889/5889 5890/5890/5890 5891/5891/5891
f 5888/5888/5888 5892/5892/5892 5890/5890/5890
f 5891/5891/5891 5890/5890/5890 5893/5893/5893
f 5894/5894/5894 5892/5892/5892 5888/5888/5888
f 5888/5888/5888 5895/5895/5895 5894/5894/5894
f 5891/5891/5891 5893/5893/5893 5896/5896/5896
f 5893/5893/5893 5897/5897/5897 5896/5896/5896
f 5894/5894/5894 5895/5895/5895 5898/5898/5898
f 5898/5898/5898 5899/5899/5899 5894/5894/5894
f 5896/5896/5896 5897/5897/5897 5900/5900/5900
f 5900/5900/5900 5901/5901/5901 5896/5896/5896
f 5902/5902/5902 5899/5899/5899 5898/5898/5898
f 5902/5902/5902 5898/5898/5898 5903/5903/5903
f 5904/5904/5904 5901/5901/5901 5900/5900/5900
f 5900/5900/5900 5905/5905/5905 5904/5904/5904
f 5902/5902/5902 5903/5903/5903 5906/5906/5906
f 5906/5906/5906 5907/5907/5907 5902/5902/5902
f 5904/5904/5904 5905/5905/5905 5908/5908/5908
f 5908/5908/5908 5909/5909/5909 5904/5904/5904
f 5907/5907/5907 5906/5906/5906 5910/5910/5910
f 5906/5906/5906 5911/5911/5911 5910/5910/5910
f 5910/5910/5910 5911/5911/5911 5912/5912/5912
f 5912/5912/5912 5913/5913/5913 5910/5910/5910
f 5914/5914/5914 5909/5909/5909 5908/5908/5908
f 5915/5915/5915 5914/5914/5914 5908/5908/5908
f 5913/5913/5913 5912/5912/5912 5916/5916/5916
f 5916/5916/5916 5917/5917/5917 5913/5913/5913
f 5914/5914/5914 5915/5915/5915 5918/5918/5918
f 5918/5918/5918 5917/5917/5917 5916/5916/5916
f 5918/5918/5918 5919/5919/5919 5914/5914/5914
f 5918/5918/5918 5916/5916/5916 5919/5919/5919
f 5922/5922/5922 5921/5921/5921 5920/5920/5920
f 5920/5920/5920 5921/5921/5921 5923/5923/5923
f 5924/5924/5924 5921/5921/5921 5922/5922/5922
f 5923/5923/5923 5921/5921/5921 5925/5925/5925
f 5926/5926/5926 5921/5921/5921 5924/5924/5924
f 5925/5925/5925 5921/5921/5921 5927/5927/5927
f 5928/5928/5928 5921/5921/5921 5926/5926/5926
f 5927/5927/5927 5921/5921/5921 5929/5929/5929
f 5930/5930/5930 5921/5921/5921 5928/5928/5928
f 5929/5929/5929 5921/5921/5921 5931/5931/5931
f 5932/5932/5932 5921/5921/5921 5930/5930/5930
f 5931/5931/5931 5921/5921/5921 5933/5933/5933
f 5934/5934/5934 5921/5921/5921 5932/5932/5932
f 5933/5933/5933 5921/5921/5921 5935/5935/5935
f 5936/5936/5936 5921/5921/5921 5934/5934/5934
f 5935/5935/5935 5921/5921/5921 5936/5936/5936
f 5939/5939/5939 5938/5938/5938 5937/5937/5937
f 5937/5937/5937 5940/5940/5940 5939/5939/5939
f 5941/5941/5941 5940/5940/5940 5937/5937/5937
f 5942/5942/5942 5941/5941/5941 5937/5937/5937
f 5937/5937/5937 5938/5938/5938 5943/5943/5943
f 5944/5944/5944 5943/5943/5943 5938/5938/5938
f 5943/5943/5943 5945/5945/5945 5937/5937/5937
f 5938/5938/5938 5946/5946/5946 5944/5944/5944
f 5937/5937/5937 5945/5945/5945 5947/5947/5947
f 5947/5947/5947 5942/5942/5942 5937/5937/5937
f 5942/5942/5942 5947/5947/5947 5948/5948/5948
f 5948/5948/5948 5949/5949/5949 5942/5942/5942
f 5950/5950/5950 5944/5944/5944 5946/5946/5946
f 5949/5949/5949 5948/5948/5948 5951/5951/5951
f 5951/5951/5951 5952/5952/5952 5949/5949/5949
f 5952/5952/5952 5951/5951/5951 5953/5953/5953
f 5951/5951/5951 5954/5954/5954 5953/5953/5953
f 5953/5953/5953 5954/5954/5954 5955/5955/5955
f 5955/5955/5955 5956/5956/5956 5953/5953/5953
f 5957/5957/5957 5956/5956/5956 5955/5955/5955
f 5958/5958/5958 5950/5950/5950 5946/5946/5946
f 5950/5950/5950 5958/5958/5958 5959/5959/5959
f 5959/5959/5959 5960/5960/5960 5950/5950/5950
f 5958/5958/5958 5961/5961/5961 5959/5959/5959
f 5962/5962/5962 5959/5959/5959 5961/5961/5961
f 5959/5959/5959 5962/5962/5962 5963/5963/5963
f 5957/5957/5957 5955/5955/5955 5964/5964/5964
f 5963/5963/5963 5965/5965/5965 5959/5959/5959
f 5960/5960/5960 5959/5959/5959 5966/5966/5966
f 5959/5959/5959 5965/5965/5965 5966/5966/5966
f 5966/5966/5966 5965/5965/5965 5967/5967/5967
f 5967/5967/5967 5968/5968/5968 5966/5966/5966
f 5964/5964/5964 5969/5969/5969 5957/5957/5957
f 5970/5970/5970 5957/5957/5957 5969/5969/5969
f 5971/5971/5971 5969/5969/5969 5964/5964/5964
f 5969/5969/5969 5972/5972/5972 5970/5970/5970
f 5968/5968/5968 5967/5967/5967 5973/5973/5973
f 5973/5973/5973 5974/5974/5974 5968/5968/5968
f 5973/5973/5973 5967/5967/5967 5975/5975/5975
f 5976/5976/5976 5974/5974/5974 5973/5973/5973
f 5977/5977/5977 5973/5973/5973 5975/5975/5975
f 5969/5969/5969 5971/5971/5971 5978/5978/5978
f 5972/5972/5972 5969/5969/5969 5978/5978/5978
f 5971/5971/5971 5976/5976/5976 5978/5978/5978
f 5978/5978/5978 5976/5976/5976 5973/5973/5973
f 5978/5978/5978 5973/5973/5973 5977/5977/5977
f 5978/5978/5978 5979/5979/5979 5972/5972/5972
f 5979/5979/5979 5978/5978/5978 5977/5977/5977
f 5982/5982/5982 5981/5981/5981 5980/5980/5980
f 5980/5980/5980 5981/5981/5981 5983/5983/5983
f 5984/5984/5984 5981/5981/5981 5982/5982/5982
f 5983/5983/5983 5981/5981/5981 5985/5985/5985
f 5986/5986/5986 5981/5981/5981 5984/5984/5984
f 5985/5985/5985 5981/5981/5981 5987/5987/5987
f 5988/5988/5988 5981/5981/5981 5986/5986/5986
f 5987/5987/5987 5981/5981/5981 5989/5989/5989
f 5990/5990/5990 5981/5981/5981 5988/5988/5988
f 5989/5989/5989 5981/5981/5981 5991/5991/5991
f 5992/5992/5992 5981/5981/5981 5990/5990/5990
f 5991/5991/5991 5981/5981/5981 5993/5993/5993
f 5994/5994/5994 5981/5981/5981 5992/5992/5992
f 5993/5993/5993 5981/5981/5981 5995/5995/5995
f 5996/5996/5996 5981/5981/5981 5994/5994/5994
f 5995/5995/5995 5981/5981/5981 5996/5996/5996
f 5999/5999/5999 5998/5998/5998 5997/5997/5997
f 5999/5999/5999 5997/5997/5997 6000/6000/6000
f 5999/5999/5999 6001/6001/6001 5998/5998/5998
f 6000/6000/6000 6002/6002/6002 5999/5999/5999
f 5998/5998/5998 6001/6001/6001 6003/6003/6003
f 6004/6004/6004 6002/6002/6002 6000/6000/6000
f 6000/6000/6000 6005/6005/6005 6004/6004/6004
f 6004/6004/6004 6005/6005/6005 6006/6006/6006
f 6003/6003/6003 6007/6007/6007 5998/5998/5998
f 6007/6007/6007 6003/6003/6003 6008/6008/6008
f 6009/6009/6009 6007/6007/6007 6008/6008/6008
f 6010/6010/6010 6008/6008/6008 6003/6003/6003
f 6008/6008/6008 6011/6011/6011 6009/6009/6009
f 6012/6012/6012 6011/6011/6011 6008/6008/6008
f 6006/6006/6006 6013/6013/6013 6004/6004/6004
f 6014/6014/6014 6012/6012/6012 6008/6008/6008
f 6008/6008/6008 6010/6010/6010 6015/6015/6015
f 6015/6015/6015 6014/6014/6014 6008/6008/6008
f 6016/6016/6016 6014/6014/6014 6015/6015/6015
f 6015/6015/6015 6017/6017/6017 6016/6016/6016
f 6016/6016/6016 6017/6017/6017 6018/6018/6018
f 6018/6018/6018 6019/6019/6019 6016/6016/6016
f 6019/6019/6019 6018/6018/6018 6020/6020/6020
f 6021/6021/6021 6019/6019/6019 6020/6020/6020
f 6018/6018/6018 6022/6022/6022 6020/6020/6020
f 6020/6020/6020 6023/6023/6023 6021/6021/6021
f 6024/6024/6024 6023/6023/6023 6020/6020/6020
f 6020/6020/6020 6025/6025/6025 6024/6024/6024
f 6020/6020/6020 6022/6022/6022 6026/6026/6026
f 6026/6026/6026 6025/6025/6025 6020/6020/6020
f 6027/6027/6027 6025/6025/6025 6026/6026/6026
f 6026/6026/6026 6028/6028/6028 6027/6027/6027
f 6029/6029/6029 6027/6027/6027 6028/6028/6028
f 6028/6028/6028 6030/6030/6030 6029/6029/6029
f 6031/6031/6031 6027/6027/6027 6029/6029/6029
f 6029/6029/6029 6032/6032/6032 6031/6031/6031
f 6029/6029/6029 6030/6030/6030 6033/6033/6033
f 6032/6032/6032 6029/6029/6029 6034/6034/6034
f 6033/6033/6033 6034/6034/6034 6029/6029/6029
f 6034/6034/6034 6035/6035/6035 6032/6032/6032
f 6035/6035/6035 6034/6034/6034 6036/6036/6036
f 6034/6034/6034 6033/6033/6033 6037/6037/6037
f 6034/6034/6034 6037/6037/6037 6036/6036/6036
f 6033/6033/6033 6038/6038/6038 6037/6037/6037
f 6036/6036/6036 6037/6037/6037 6039/6039/6039
f 6037/6037/6037 6038/6038/6038 6013/6013/6013
f 6037/6037/6037 6006/6006/6006 6039/6039/6039
f 6013/6013/6013 6006/6006/6006 6037/6037/6037
f 6042/6042/6042 6041/6041/6041 6040/6040/6040
f 6041/6041/6041 6042/6042/6042 6043/6043/6043
f 6041/6041/6041 6044/6044/6044 6040/6040/6040
f 6043/6043/6043 6045/6045/6045 6041/6041/6041
f 6040/6040/6040 6044/6044/6044 6046/6046/6046
f 6046/6046/6046 6047/6047/6047 6040/6040/6040
f 6047/6047/6047 6046/6046/6046 6048/6048/6048
f 6048/6048/6048 6049/6049/6049 6047/6047/6047
f 6045/6045/6045 6043/6043/6043 6050/6050/6050
f 6050/6050/6050 6051/6051/6051 6045/6045/6045
f 6052/6052/6052 6051/6051/6051 6050/6050/6050
f 6050/6050/6050 6053/6053/6053 6052/6052/6052
f 6049/6049/6049 6048/6048/6048 6054/6054/6054
f 6054/6054/6054 6055/6055/6055 6049/6049/6049
f 6056/6056/6056 6055/6055/6055 6054/6054/6054
f 6057/6057/6057 6056/6056/6056 6054/6054/6054
f 6056/6056/6056 6057/6057/6057 6058/6058/6058
f 6059/6059/6059 6058/6058/6058 6057/6057/6057
f 6060/6060/6060 6052/6052/6052 6053/6053/6053
f 6053/6053/6053 6061/6061/6061 6060/6060/6060
f 6060/6060/6060 6061/6061/6061 6062/6062/6062
f 6062/6062/6062 6063/6063/6063 6060/6060/6060
f 6063/6063/6063 6062/6062/6062 6064/6064/6064
f 6064/6064/6064 6065/6065/6065 6063/6063/6063
f 6058/6058/6058 6059/6059/6059 6066/6066/6066
f 6059/6059/6059 6067/6067/6067 6066/6066/6066
f 6065/6065/6065 6064/6064/6064 6068/6068/6068
f 6068/6068/6068 6069/6069/6069 6065/6065/6065
f 6066/6066/6066 6067/6067/6067 6070/6070/6070
f 6069/6069/6069 6068/6068/6068 6070/6070/6070
f 6070/6070/6070 6071/6071/6071 6066/6066/6066
f 6068/6068/6068 6071/6071/6071 6070/6070/6070
f 6074/6074/6074 6073/6073/6073 6072/6072/6072
f 6075/6075/6075 6073/6073/6073 6074/6074/6074
f 6072/6072/6072 6076/6076/6076 6074/6074/6074
f 6074/6074/6074 6077/6077/6077 6075/6075/6075
f 6076/6076/6076 6072/6072/6072 6078/6078/6078
f 6078/6078/6078 6079/6079/6079 6076/6076/6076
f 6080/6080/6080 6079/6079/6079 6078/6078/6078
f 6078/6078/6078 6081/6081/6081 6080/6080/6080
f 6075/6075/6075 6077/6077/6077 6082/6082/6082
f 6077/6077/6077 6083/6083/6083 6082/6082/6082
f 6082/6082/6082 6083/6083/6083 6084/6084/6084
f 6084/6084/6084 6085/6085/6085 6082/6082/6082
f 6086/6086/6086 6080/6080/6080 6081/6081/6081
f 6085/6085/6085 6084/6084/6084 6086/6086/6086
f 6087/6087/6087 6086/6086/6086 6081/6081/6081
f 6086/6086/6086 6087/6087/6087 6085/6085/6085
f 6090/6090/6090 6089/6089/6089 6088/6088/6088
f 6089/6089/6089 6091/6091/6091 6088/6088/6088
f 6092/6092/6092 6090/6090/6090 6088/6088/6088
f 6091/6091/6091 6093/6093/6093 6088/6088/6088
f 6094/6094/6094 6092/6092/6092 6088/6088/6088
f 6093/6093/6093 6094/6094/6094 6088/6088/6088
f 6097/6097/6097 6096/6096/6096 6095/6095/6095
f 6096/6096/6096 6098/6098/6098 6095/6095/6095
f 6099/6099/6099 6097/6097/6097 6095/6095/6095
f 6098/6098/6098 6099/6099/6099 6095/6095/6095
f 6102/6102/6102 6101/6101/6101 6100/6100/6100
f 6102/6102/6102 6100/6100/6100 6103/6103/6103
f 6101/6101/6101 6102/6102/6102 6104/6104/6104
f 6103/6103/6103 6105/6105/6105 6102/6102/6102
f 6106/6106/6106 6101/6101/6101 6104/6104/6104
f 6105/6105/6105 6103/6103/6103 6106/6106/6106
f 6106/6106/6106 6104/6104/6104 6107/6107/6107
f 6106/6106/6106 6107/6107/6107 6105/6105/6105
f 6110/6110/6110 6109/6109/6109 6108/6108/6108
f 6110/6110/6110 6111/6111/6111 6109/6109/6109
f 6108/6108/6108 6112/6112/6112 6110/6110/6110
f 6111/6111/6111 6110/6110/6110 6113/6113/6113
f 6112/6112/6112 6108/6108/6108 6114/6114/6114
f 6113/6113/6113 6114/6114/6114 6111/6111/6111
f 6114/6114/6114 6115/6115/6115 6112/6112/6112
f 6113/6113/6113 6115/6115/6115 6114/6114/6114
f 6118/6118/6118 6117/6117/6117 6116/6116/6116
f 6119/6119/6119 6117/6117/6117 6118/6118/6118
f 6116/6116/6116 6120/6120/6120 6118/6118/6118
f 6118/6118/6118 6121/6121/6121 6119/6119/6119
f 6116/6116/6116 6122/6122/6122 6120/6120/6120
f 6122/6122/6122 6119/6119/6119 6121/6121/6121
f 6123/6123/6123 6120/6120/6120 6122/6122/6122
f 6121/6121/6121 6123/6123/6123 6122/6122/6122
f 6126/6126/6126 6125/6125/6125 6124/6124/6124
f 6126/6126/6126 6124/6124/6124 6127/6127/6127
f 6125/6125/6125 6126/6126/6126 6128/6128/6128
f 6127/6127/6127 6129/6129/6129 6126/6126/6126
f 6128/6128/6128 6130/6130/6130 6125/6125/6125
f 6129/6129/6129 6127/6127/6127 6130/6130/6130
f 6130/6130/6130 6128/6128/6128 6131/6131/6131
f 6130/6130/6130 6131/6131/6131 6129/6129/6129
f 6134/6134/6134 6133/6133/6133 6132/6132/6132
f 6135/6135/6135 6133/6133/6133 6134/6134/6134
f 6132/6132/6132 6136/6136/6136 6134/6134/6134
f 6134/6134/6134 6137/6137/6137 6135/6135/6135
f 6136/6136/6136 6132/6132/6132 6138/6138/6138
f 6138/6138/6138 6139/6139/6139 6136/6136/6136
f 6139/6139/6139 6138/6138/6138 6140/6140/6140
f 6140/6140/6140 6141/6141/6141 6139/6139/6139
f 6141/6141/6141 6140/6140/6140 6142/6142/6142
f 6142/6142/6142 6143/6143/6143 6141/6141/6141
f 6143/6143/6143 6142/6142/6142 6144/6144/6144
f 6144/6144/6144 6145/6145/6145 6143/6143/6143
f 6145/6145/6145 6144/6144/6144 6146/6146/6146
f 6146/6146/6146 6147/6147/6147 6145/6145/6145
f 6147/6147/6147 6146/6146/6146 6148/6148/6148
f 6148/6148/6148 6149/6149/6149 6147/6147/6147
f 6149/6149/6149 6148/6148/6148 6150/6150/6150
f 6150/6150/6150 6151/6151/6151 6149/6149/6149
f 6151/6151/6151 6150/6150/6150 6152/6152/6152
f 6153/6153/6153 6152/6152/6152 6150/6150/6150
f 6154/6154/6154 6152/6152/6152 6153/6153/6153
f 6155/6155/6155 6154/6154/6154 6153/6153/6153
f 6156/6156/6156 6154/6154/6154 6155/6155/6155
f 6155/6155/6155 6157/6157/6157 6156/6156/6156
f 6158/6158/6158 6156/6156/6156 6157/6157/6157
f 6157/6157/6157 6159/6159/6159 6158/6158/6158
f 6158/6158/6158 6159/6159/6159 6160/6160/6160
f 6160/6160/6160 6161/6161/6161 6158/6158/6158
f 6161/6161/6161 6160/6160/6160 6162/6162/6162
f 6163/6163/6163 6162/6162/6162 6160/6160/6160
f 6162/6162/6162 6163/6163/6163 6135/6135/6135
f 6135/6135/6135 6137/6137/6137 6162/6162/6162
f 6166/6166/6166 6165/6165/6165 6164/6164/6164
f 6167/6167/6167 6165/6165/6165 6166/6166/6166
f 6164/6164/6164 6168/6168/6168 6166/6166/6166
f 6166/6166/6166 6169/6169/6169 6167/6167/6167
f 6167/6167/6167 6169/6169/6169 6170/6170/6170
f 6169/6169/6169 6171/6171/6171 6170/6170/6170
f 6170/6170/6170 6171/6171/6171 6172/6172/6172
f 6173/6173/6173 6172/6172/6172 6171/6171/6171
f 6174/6174/6174 6172/6172/6172 6173/6173/6173
f 6173/6173/6173 6175/6175/6175 6174/6174/6174
f 6176/6176/6176 6174/6174/6174 6175/6175/6175
f 6175/6175/6175 6177/6177/6177 6176/6176/6176
f 6178/6178/6178 6176/6176/6176 6177/6177/6177
f 6177/6177/6177 6179/6179/6179 6178/6178/6178
f 6168/6168/6168 6164/6164/6164 6180/6180/6180
f 6180/6180/6180 6181/6181/6181 6168/6168/6168
f 6181/6181/6181 6180/6180/6180 6182/6182/6182
f 6183/6183/6183 6182/6182/6182 6180/6180/6180
f 6178/6178/6178 6179/6179/6179 6184/6184/6184
f 6179/6179/6179 6185/6185/6185 6184/6184/6184
f 6184/6184/6184 6185/6185/6185 6186/6186/6186
f 6186/6186/6186 6187/6187/6187 6184/6184/6184
f 6187/6187/6187 6186/6186/6186 6188/6188/6188
f 6188/6188/6188 6189/6189/6189 6187/6187/6187
f 6189/6189/6189 6188/6188/6188 6190/6190/6190
f 6190/6190/6190 6191/6191/6191 6189/6189/6189
f 6191/6191/6191 6190/6190/6190 6192/6192/6192
f 6192/6192/6192 6193/6193/6193 6191/6191/6191
f 6182/6182/6182 6183/6183/6183 6194/6194/6194
f 6193/6193/6193 6192/6192/6192 6194/6194/6194
f 6195/6195/6195 6194/6194/6194 6183/6183/6183
f 6194/6194/6194 6195/6195/6195 6193/6193/6193
f 6198/6198/6198 6197/6197/6197 6196/6196/6196
f 6197/6197/6197 6199/6199/6199 6196/6196/6196
f 6200/6200/6200 6198/6198/6198 6196/6196/6196
f 6199/6199/6199 6201/6201/6201 6196/6196/6196
f 6202/6202/6202 6200/6200/6200 6196/6196/6196
f 6201/6201/6201 6203/6203/6203 6196/6196/6196
f 6204/6204/6204 6202/6202/6202 6196/6196/6196
f 6203/6203/6203 6205/6205/6205 6196/6196/6196
f 6206/6206/6206 6204/6204/6204 6196/6196/6196
f 6205/6205/6205 6206/6206/6206 6196/6196/6196
f 6209/6209/6209 6208/6208/6208 6207/6207/6207
f 6210/6210/6210 6209/6209/6209 6207/6207/6207
f 6208/6208/6208 6211/6211/6211 6207/6207/6207
f 6212/6212/6212 6210/6210/6210 6207/6207/6207
f 6211/6211/6211 6213/6213/6213 6207/6207/6207
f 6214/6214/6214 6212/6212/6212 6207/6207/6207
f 6213/6213/6213 6215/6215/6215 6207/6207/6207
f 6216/6216/6216 6214/6214/6214 6207/6207/6207
f 6215/6215/6215 6217/6217/6217 6207/6207/6207
f 6217/6217/6217 6216/6216/6216 6207/6207/6207
f 6220/6220/6220 6219/6219/6219 6218/6218/6218
f 6218/6218/6218 6221/6221/6221 6220/6220/6220
f 6219/6219/6219 6220/6220/6220 6222/6222/6222
f 6218/6218/6218 6223/6223/6223 6221/6221/6221
f 6222/6222/6222 6224/6224/6224 6219/6219/6219
f 6223/6223/6223 6225/6225/6225 6221/6221/6221
f 6225/6225/6225 6223/6223/6223 6224/6224/6224
f 6224/6224/6224 6222/6222/6222 6225/6225/6225
