g FX_EN0021_barrier_fire
v 0.14556226 -0.048452638 0.47600666
v 0.1681961 -0.04884387 0.47571337
v 0.14773038 -0.1673585 0.47593734
v 0.13839054 0.08890984 0.47604352
v 0.17697841 0.08867068 0.4754991
v 0.18992569 -0.051681813 0.47538182
v 0.14773038 -0.1673585 0.47593734
v 0.100087605 0.084338725 0.47629744
v 0.12291372 -0.050449193 0.47619683
v 0.14773038 -0.1673585 0.47593734
v 0.12453851 0.25552964 0.47608617
v 0.0675917 0.24716903 0.47624674
v 0.21476917 0.0834741 0.47460613
v 0.1824084 0.25530663 0.4752208
v 0.21001777 -0.056907054 0.4747635
v 0.14773038 -0.1673585 0.47593734
v 0.06320804 0.07521363 0.47613886
v 0.012357347 0.2306915 0.4752723
v 0.101159744 -0.054735363 0.4761744
v 0.14773038 -0.1673585 0.47593734
v 0.02222677 0.44781762 0.47539693
v 0.103580624 0.46073505 0.4762421
v -0.053570148 0.42243922 0.47300372
v 0.24027349 0.2465819 0.47209617
v 0.25066468 0.07353131 0.47082317
v 0.18633926 0.46094292 0.47490728
v 0.22785158 -0.06428282 0.4729363
v 0.14773038 -0.1673585 0.47593734
v -0.035906587 0.6897124 0.47396103
v -0.13310505 0.6539268 0.46752128
v 0.07693705 0.7083707 0.47589755
v -0.12352547 0.38507354 0.46820843
v -0.22130802 0.6005569 0.45677757
v -0.039234117 0.20687906 0.47393224
v 0.028709378 0.061851468 0.47562754
v 0.081110746 -0.061171226 0.4760988
v 0.14773038 -0.1673585 0.47593734
v -0.2169131 0.9177075 0.4562264
v -0.097959146 0.96432865 0.46924087
v -0.32391158 0.8474849 0.4364525
v -0.18840392 0.33682498 0.46144438
v -0.08711901 0.17655054 0.47068053
v -0.002866611 0.0446852 0.475003
v -0.3015772 0.53109473 0.44311118
v -0.4174219 0.75635505 0.41186774
v 0.06341909 -0.06949319 0.47598058
v 0.14773038 -0.1673585 0.47593734
v -0.4208958 1.1120192 0.40399617
v -0.52878475 1.0006095 0.36463803
v -0.29002282 1.203019 0.43794057
v -0.3705375 0.4503427 0.42672724
v -0.49831828 0.64811707 0.38392305
v -0.61704844 0.868035 0.3212408
v -0.24448022 0.28113368 0.45358494
v -0.12995349 0.14105515 0.46767402
v -0.031370312 0.024274727 0.47425014
v 0.04849205 -0.079331115 0.4758079
v 0.14773038 -0.1673585 0.47593734
v -0.5608258 0.53071165 0.3544787
v -0.42608553 0.36225197 0.41013825
v -0.292699 0.21995771 0.44529885
v -0.16630779 0.102033466 0.4643348
v -0.05595819 0.001584711 0.47255075
v -0.6868631 0.719947 0.27905127
v 0.03648776 -0.09027194 0.47563344
v 0.14773038 -0.1673585 0.47593734
v -0.47175 0.27052078 0.39370885
v -0.33094648 0.1566088 0.43606266
v -0.6091251 0.40730178 0.32948762
v -0.19753952 0.06026612 0.459886
v -0.07638272 -0.022698568 0.47115538
v -0.73863685 0.5650386 0.24274077
v 0.027346302 -0.10190807 0.47549
v 0.14773038 -0.1673585 0.47593734
v -0.6439076 0.28556243 0.30946892
v -0.50484693 0.18029092 0.38185686
v -0.36238062 0.092104346 0.4283811
v -0.22213593 0.018347675 0.45636618
v -0.09289302 -0.048125185 0.47002697
v -0.7729228 0.40998548 0.21258453
v 0.020789467 -0.11389021 0.47538644
v 0.14773038 -0.1673585 0.47593734
v -0.5280997 0.09396997 0.37115765
v -0.3843371 0.031268064 0.42297804
v -0.6662801 0.1706046 0.2940886
v -0.24088636 -0.023852216 0.45366192
v -0.106104724 -0.07449278 0.46910173
v -0.7944734 0.26296136 0.19371152
v 0.016403925 -0.12595299 0.47532362
v 0.14773038 -0.1673585 0.47593734
v -0.5419984 0.014996591 0.36295927
v -0.39988995 -0.028403174 0.41868597
v -0.677852 0.06706192 0.284086
v -0.2550152 -0.06593316 0.45159617
v -0.11567102 -0.10080535 0.4684122
v -0.8050141 0.1307681 0.18436038
v 0.013716591 -0.13792874 0.47528923
v 0.14773038 -0.1673585 0.47593734
v -0.5498227 -0.057909913 0.35802263
v -0.40903553 -0.08350503 0.41499284
v -0.6826175 -0.026159953 0.2788275
v -0.2636471 -0.10558845 0.45026147
v -0.121634245 -0.12687673 0.46795562
v -0.80681556 0.013362095 0.17934063
v 0.012266622 -0.14973153 0.4752711
v 0.14773038 -0.1673585 0.47593734
v -0.55235577 -0.12415112 0.3559042
v -0.41270897 -0.13534108 0.41328585
v -0.6837877 -0.10975518 0.27618608
v -0.26748812 -0.14469983 0.44952875
v -0.12443841 -0.15309659 0.46769643
v -0.8066647 -0.09040186 0.17633581
v 0.011673115 -0.16137087 0.4752588
v 0.14773038 -0.1673585 0.47593734
v -0.55123436 -0.18815812 0.3556363
v -0.41214117 -0.18713261 0.4130755
v -0.6817811 -0.18696722 0.27571094
v -0.26722208 -0.18410806 0.449336
v -0.8038431 -0.18334918 0.17572527
v -0.124337986 -0.17937951 0.46761715
v 0.011710197 -0.1729286 0.4752458
v 0.14773038 -0.1673585 0.47593734
v -0.91706926 -0.17690268 0.056952678
v -0.9204774 -0.06415008 0.058154814
v -1.0157591 -0.16614063 -0.084504604
v -1.0197549 -0.0295403 -0.0812898
v -1.0979674 -0.14856896 -0.2455613
v -0.92233974 0.06188845 0.06129179
v -1.1022699 0.013822243 -0.23888834
v -1.158547 -0.12203296 -0.42442423
v -1.0223598 0.12118997 -0.07866108
v -0.91956156 0.20650871 0.065767355
v -1.1624944 0.06616826 -0.41337767
v -1.1874133 -0.08497559 -0.61849165
v -1.1028063 0.19143008 -0.23614657
v -1.0187532 0.29410267 -0.07200624
v -0.9097465 0.37010846 0.07645123
v -1.1930317 0.12685342 -0.60047084
v -1.1980801 -0.03632807 -0.816047
v -1.1608034 0.2701093 -0.4052274
v -1.0990528 0.39181918 -0.22574359
v -1.0090938 0.4882571 -0.054561183
v -0.8885874 0.54970264 0.099874444
v -1.2024616 0.19732176 -0.80243576
v -1.1929464 0.017121816 -1.0059743
v -1.194486 0.3575949 -0.58625096
v -1.1577424 0.49794778 -0.38951135
v -1.0891194 0.613805 -0.1998924
v -0.98695004 0.69768125 -0.023338638
v -0.85344326 0.73643476 0.13886532
v -1.1945051 0.2680915 -1.0072224
v -1.1527783 0.021123359 -1.1850467
v -1.2046611 0.45095426 -0.7865221
v -1.1969814 0.6170995 -0.57580185
v -1.1544664 0.7547882 -0.36826327
v -1.0677977 0.8594131 -0.16713776
v -0.94714135 0.92076665 0.01732736
v -0.79645663 0.9236004 0.18348464
v -0.7222289 1.109535 0.24055979
v -0.89924955 1.1614206 0.06172759
v -1.0344108 1.1376982 -0.13772494
v -1.1346964 1.042538 -0.35650027
v -1.1924593 0.9012211 -0.581534
v -0.6327269 1.2972783 0.28614876
v -0.82970995 1.4054514 0.09259768
v -0.9958202 1.4157367 -0.14932807
v -1.1072241 1.3333427 -0.37298876
v -0.5372545 1.4617835 0.32144612
v -0.75081545 1.6308889 0.096819885
v -0.9202781 1.650194 -0.15160342
v -1.1739359 1.1882559 -0.59468675
v -1.0488461 1.5821959 -0.3792449
v -1.1290201 1.4487519 -0.6054842
v -0.39798805 1.5975661 0.36532804
v -0.6310331 1.7999313 0.111026734
v -0.803631 1.8448253 -0.14678606
v -0.9481674 1.7970082 -0.38400534
v -1.0614219 1.6655773 -0.60945004
v -0.15182403 1.2659718 0.45914656
v 0.047962457 0.98848444 0.47532296
v 0.1916199 0.7083791 0.4745199
v 0.26741284 0.44768727 0.4691139
v 0.29578078 0.22972642 0.46501726
v 0.2842517 0.059005726 0.4671812
v 0.24313536 -0.07352103 0.47134584
v 0.14773038 -0.1673585 0.47593734
v -0.23069718 1.6931232 0.40282673
v 0.009869885 1.290163 0.46996817
v 0.1980434 0.9875006 0.47382367
v 0.2978998 0.6884246 0.46471596
v 0.3448291 0.42164865 0.45411006
v 0.34852576 0.2053355 0.45306662
v 0.31487522 0.040535104 0.46024564
v -0.46617773 1.9291162 0.12681508
v 0.2557415 -0.08424008 0.4700045
v 0.14773038 -0.1673585 0.47593734
v -0.64554906 1.9894972 -0.15438086
v -0.8180578 1.9604934 -0.38836652
v -0.9584463 1.8578861 -0.6105053
v 0.395891 0.1743435 0.4361729
v 0.3420508 0.018666022 0.45401484
v 0.41740572 0.38388073 0.4283534
v 0.26570055 -0.09604282 0.4689242
v 0.14773038 -0.1673585 0.47593734
v 0.39684972 0.6504664 0.4366327
v 0.3296855 0.9592107 0.45558926
v 0.20000315 1.2810447 0.4683014
v -0.027165893 1.722294 0.42866218
v -0.27639332 2.013173 0.14384648
v -0.46373644 2.0796835 -0.16341403
v -0.6540063 2.0819197 -0.39664176
v -0.8178908 2.0178506 -0.6087399
v 0.44949093 0.9067428 0.4113822
v 0.36352405 1.2426742 0.4408507
v 0.2044732 1.689123 0.4355853
v -0.06286232 2.048214 0.16158056
v -0.27891394 2.1356385 -0.16295552
v -0.46681824 2.1580813 -0.40602562
v -0.6441634 2.1302526 -0.61099064
v 0.4860174 0.5954968 0.39129207
v 0.47951233 0.33607095 0.39411068
v 0.43674812 0.13753457 0.41845027
v 0.36501065 -0.005873131 0.44710755
v 0.2731902 -0.10855944 0.46809685
v 0.14773038 -0.1673585 0.47593734
v 0.548899 0.83139277 0.3404655
v 0.55960804 0.5262016 0.33279192
v 0.53184366 0.2796599 0.35494843
v 0.47162303 0.09590753 0.39747864
v 0.3837803 -0.03260205 0.43969154
v 0.5001897 1.1747106 0.3725909
v 0.27850938 -0.12148112 0.4675017
v 0.14773038 -0.1673585 0.47593734
v 0.39579463 1.5983199 0.39344877
v 0.1727754 2.038532 0.18456787
v -0.08688673 2.1647904 -0.15458128
v -0.2829603 2.2146943 -0.40334797
v -0.45861244 2.2020345 -0.61633754
v 0.39908856 -0.06124002 0.4335365
v 0.49962497 0.051526558 0.3798719
v 0.28198853 -0.13456146 0.46685237
v 0.14773038 -0.1673585 0.47593734
v 0.57351464 0.21666123 0.3178627
v 0.6162481 0.44474933 0.2705949
v 0.6298331 0.73638886 0.25775468
v 0.6059812 1.077513 0.27586478
v 0.53363 1.4655404 0.31123143
v 0.39701304 1.9622056 0.1904032
v 0.11861276 2.161706 -0.14263253
v -0.09301096 2.248182 -0.39447418
v -0.27717605 2.252766 -0.61619717
v 0.68894875 0.62679636 0.17372495
v 0.68649054 0.9553216 0.17024702
v 0.64922905 1.3202225 0.19311269
v 0.5550879 1.7976998 0.15212461
v 0.34213892 2.127398 -0.11268511
v 0.10872729 2.248762 -0.3833608
v -0.092816114 2.2864442 -0.60899585
v 0.6610567 0.35488033 0.21090725
v 0.60554904 0.14890188 0.28028277
v 0.52020067 0.0046481173 0.36168766
v 0.410419 -0.0907044 0.4289254
v 0.28401065 -0.1476456 0.46633577
v 0.14773038 -0.1673585 0.47593734
v 0.73262703 0.506292 0.09765631
v 0.69392556 0.260233 0.16259514
v 0.6286486 0.08005691 0.25184968
v 0.53576475 -0.04401383 0.34777635
v 0.41767648 -0.120620154 0.42590126
v 0.7479104 0.815251 0.07039339
v 0.28491363 -0.16067071 0.4660729
v 0.14773038 -0.1673585 0.47593734
v 0.7347601 1.1701865 0.07388005
v 0.6733688 1.5808927 0.080075786
v 0.54169506 2.013661 -0.10635553
v 0.3230851 2.2213657 -0.36393568
v 0.10163025 2.290579 -0.59953415
v 0.4211874 -0.15109438 0.4243429
v 0.5454921 -0.09206601 0.3385105
v 0.28488737 -0.17365244 0.46600413
v 0.14773038 -0.1673585 0.47593734
v 0.6442101 0.009204834 0.22833434
v 0.71675056 0.16365978 0.121901646
v 0.76457745 0.38103196 0.034526356
v 0.7910315 0.664185 -0.019638725
v 0.7925872 1.0020876 -0.040435515
v 0.7653782 1.3762002 -0.04030876
v 0.69023263 1.826128 -0.13452554
v 0.51398355 2.1268308 -0.36026162
v 0.3100657 2.2701597 -0.58559144
v 0.7861379 0.25509834 -0.014548406
v 0.82009274 0.5072355 -0.09464817
v 0.8354163 0.82089806 -0.13934238
v 0.82725275 1.1786641 -0.15400684
v 0.782456 1.5848045 -0.1813988
v 0.6779827 1.9794652 -0.3644072
v 0.5030613 2.1823294 -0.58616704
v 0.731701 0.06843811 0.09293922
v 0.65385276 -0.060322624 0.21257767
v 0.54999745 -0.14058805 0.33374822
v 0.42114308 -0.18179052 0.42418158
v 0.2839357 -0.18661891 0.46614522
v 0.14773038 -0.1673585 0.47593734
v 0.8006693 0.13251774 -0.047859363
v 0.7404784 -0.024943141 0.07366945
v 0.65804154 -0.12871343 0.20468405
v 0.54981726 -0.18974037 0.33311713
v 0.41753685 -0.21204644 0.4254233
v 0.83960795 0.35113433 -0.15200725
v 0.28186217 -0.19959259 0.46653003
v 0.14773038 -0.1673585 0.47593734
v 0.8626126 0.6341369 -0.22327955
v 0.8657448 0.9709279 -0.26181075
v 0.846493 1.3418 -0.27663887
v 0.79175407 1.7528334 -0.38742858
v 0.6725234 2.0479238 -0.59155613
v 0.41016746 -0.24154346 0.4281302
v 0.5449361 -0.2377545 0.33665347
v 0.27835202 -0.2125196 0.46723428
v 0.14773038 -0.1673585 0.47593734
v 0.6575775 -0.19759865 0.20345518
v 0.7438357 -0.11539054 0.06370093
v 0.80739146 0.013928587 -0.07013857
v 0.8516342 0.20032425 -0.19128472
v 0.87889755 0.44862723 -0.2877927
v 0.8936709 0.75739443 -0.3497108
v 0.88658214 1.1099596 -0.38316205
v 0.8564826 1.4979985 -0.42546424
v 0.7817236 1.8553345 -0.60658395
v 0.80929506 -0.10025878 -0.08301001
v 0.8576473 0.055555597 -0.21521997
v 0.8883184 0.2697467 -0.33238888
v 0.9060112 0.5447021 -0.42122358
v 0.9115091 0.87377095 -0.4766901
v 0.8992225 1.2349834 -0.50469315
v 0.85541266 1.6188493 -0.62031883
v 0.7428866 -0.2049502 0.061745256
v 0.65245974 -0.26505473 0.20892021
v 0.5348647 -0.2848705 0.3447672
v 0.3986996 -0.2704206 0.43229306
v 0.2729812 -0.22526143 0.4677706
v 0.14773038 -0.1673585 0.47593734
v 0.8077212 -0.21138005 -0.085689075
v 0.73767877 -0.2938685 0.06770233
v 0.6420308 -0.3328246 0.22224575
v 0.5191687 -0.3321367 0.35781512
v 0.38326457 -0.2983145 0.4379827
v 0.858427 -0.08281098 -0.23039584
v 0.26542234 -0.23758744 0.4685096
v 0.14773038 -0.1673585 0.47593734
v 0.8931617 0.09940071 -0.36054662
v 0.91309726 0.33972314 -0.47114503
v 0.9226211 0.6377823 -0.55295044
v 0.9197356 0.9808605 -0.6028226
v 0.89761895 1.3478434 -0.65091985
v 0.36434367 -0.3241678 0.44501904
v 0.49846575 -0.37719095 0.37531263
v 0.2553863 -0.24919501 0.46950638
v 0.14773038 -0.1673585 0.47593734
v 0.6260394 -0.40100202 0.24343497
v 0.72744364 -0.3841345 0.08287343
v 0.80275697 -0.3231651 -0.07858905
v 0.85621893 -0.21625161 -0.23375833
v 0.8934295 -0.06246555 -0.3768531
v 0.9161847 0.14538987 -0.5038694
v 0.92708504 0.40980864 -0.60809165
v 0.9294536 0.72675055 -0.68174857
v 0.9179798 1.0735785 -0.72057825
v 0.7943918 -0.4366826 -0.06158389
v 0.85119146 -0.35086954 -0.22597048
v 0.8905156 -0.21845214 -0.38100392
v 0.9156665 -0.03873039 -0.5211418
v 0.92766875 0.19365552 -0.64344436
v 0.9305093 0.47926563 -0.73987085
v 0.9310796 0.8093955 -0.8022857
v 0.7117567 -0.47486177 0.10806003
v 0.60274285 -0.46641552 0.27007106
v 0.47040755 -0.4193894 0.39280057
v 0.34133357 -0.34771633 0.45236534
v 0.24270326 -0.25972342 0.47077018
v 0.14773038 -0.1673585 0.47593734
v 0.7798132 -0.55198365 -0.03279022
v 0.68932414 -0.565647 0.14561439
v 0.5706303 -0.5301576 0.30542
v 0.43536797 -0.45860508 0.4129851
v 0.31399763 -0.36858162 0.45836267
v 0.8437749 -0.48784813 -0.20843574
v 0.22736293 -0.26878622 0.47220528
v 0.14773038 -0.1673585 0.47593734
v 0.8856602 -0.374571 -0.37307957
v 0.91199285 -0.2161289 -0.5261833
v 0.9262416 -0.010852871 -0.66215634
v 0.93117 0.24444816 -0.7769134
v 0.9327307 0.54823893 -0.86274225
v 0.28325042 -0.3860692 0.4650438
v 0.39455083 -0.49268165 0.43161583
v 0.20951203 -0.2760103 0.47387224
v 0.14773038 -0.1673585 0.47593734
v 0.5297422 -0.5885682 0.34353757
v 0.65668994 -0.6537018 0.18993007
v 0.7584394 -0.6689015 0.009438574
v 0.83217156 -0.62742823 -0.17664854
v 0.87889886 -0.5333761 -0.35399458
v 0.9074614 -0.39180064 -0.5189628
v 0.92177224 -0.20718665 -0.6682102
v 0.9305841 0.02231817 -0.79690766
v 0.93288034 0.29831287 -0.90212333
v 0.72687954 -0.784542 0.063637316
v 0.81211776 -0.7699885 -0.13156202
v 0.8697671 -0.6955657 -0.32153112
v 0.9016738 -0.5694653 -0.4988373
v 0.9174664 -0.39978114 -0.6618637
v 0.92575884 -0.18995124 -0.8040389
v 0.84996307 0.05961986 -0.9392228
v 0.6131923 -0.7369275 0.24711503
v 0.4782483 -0.6400573 0.38416728
v 0.34717032 -0.5208376 0.44976652
v 0.24969858 -0.39962772 0.46939608
v 0.18951376 -0.28108814 0.47530177
v 0.14773038 -0.1673585 0.47593734
v 0.68476033 -0.8967095 0.1306839
v 0.5586655 -0.8121407 0.3099753
v 0.41651705 -0.68265665 0.42105275
v 0.29423434 -0.5425288 0.46128207
v 0.21384513 -0.40879935 0.4726866
v 0.7831794 -0.9134632 -0.07347559
v 0.1679023 -0.28384262 0.4755912
v 0.14773038 -0.1673585 0.47593734
v 0.85175943 -0.8611625 -0.27768695
v 0.89452827 -0.75056034 -0.4672107
v 0.912934 -0.5924781 -0.6437223
v 0.92093444 -0.3961877 -0.7992528
v 0.8504558 -0.16053984 -0.9450799
v 0.1763494 -0.4133015 0.47528392
v 0.23883232 -0.5568214 0.46950817
v 0.14544585 -0.2841903 0.47580528
v 0.14773038 -0.1673585 0.47593734
v 0.34385407 -0.7151155 0.44878578
v 0.4877541 -0.8757425 0.3741076
v 0.62993443 -1.0017668 0.21082944
v 0.74409896 -1.05621 -0.0006677583
v 0.82594967 -1.0302845 -0.22060853
v 0.8778188 -0.9350006 -0.42738718
v 0.9075079 -0.787971 -0.61494666
v 0.9156878 -0.60002565 -0.7845707
v 0.8354754 -0.37031072 -0.94138145
v 0.5554927 -1.0974201 0.29806715
v 0.6916477 -1.1992576 0.086592734
v 0.791824 -1.205603 -0.15083906
v 0.8556056 -1.1265161 -0.3786904
v 0.89113325 -0.98637676 -0.58176905
v 0.90794176 -0.80436826 -0.763134
v 0.9164172 -0.59196234 -0.9197882
v 0.3987619 -0.92482215 0.4235796
v 0.26603577 -0.73572457 0.46557257
v 0.18126558 -0.56342995 0.47389182
v 0.1381011 -0.41317928 0.47553313
v 0.122998826 -0.28218475 0.47584814
v 0.14773038 -0.1673585 0.47593734
v 0.4591127 -1.1761944 0.37893987
v 0.2982017 -0.9555394 0.4556997
v 0.18449691 -0.743909 0.47179365
v 0.1238662 -0.56222576 0.4750068
v 0.10022904 -0.40847605 0.4755106
v 0.61860317 -1.3391082 0.18304287
v 0.10143186 -0.27792528 0.47581208
v 0.14773038 -0.1673585 0.47593734
v 0.7409143 -1.3875755 -0.07325326
v 0.82756996 -1.3287847 -0.32018563
v 0.8714903 -1.1893901 -0.5411326
v 0.89239734 -1.0078311 -0.7356842
v 0.9101314 -0.8011941 -0.90245396
v 0.063745074 -0.39945376 0.47540927
v 0.06758359 -0.55314624 0.475008
v 0.08151888 -0.27156544 0.4757576
v 0.14773038 -0.1673585 0.47593734
v 0.10176558 -0.739662 0.47272128
v 0.18935733 -0.9665855 0.46908167
v 0.336993 -1.2284337 0.43712458
v 0.5197131 -1.4690337 0.286987
v 0.67050225 -1.5655774 0.016044978
v 0.7772181 -1.5146357 -0.24756739
v 0.8493592 -1.3861762 -0.47717622
v 0.8767359 -1.2033722 -0.69019765
v 0.89457285 -1.0000851 -0.8726185
v 0.19677661 -1.2480272 0.46345398
v 0.38103816 -1.5701685 0.37856913
v 0.567732 -1.7085829 0.12092993
v 0.707076 -1.66371 -0.14075507
v 0.80450296 -1.544872 -0.38259614
v 0.8606831 -1.3929423 -0.60687804
v 0.8789359 -1.2000208 -0.814705
v 0.07187602 -0.95728457 0.47013196
v 0.020908084 -0.724318 0.47180906
v 0.013073953 -0.5367628 0.47340262
v 0.029522764 -0.38648045 0.47510108
v 0.06388589 -0.2633684 0.4756743
v 0.14773038 -0.1673585 0.47593734
v 0.034919895 -1.2311883 0.4653532
v -0.042985268 -0.93171465 0.46812698
v -0.05424542 -0.6984554 0.4690187
v -0.03786267 -0.5140226 0.471035
v -0.001843892 -0.3700289 0.47413805
v 0.20573667 -1.6158094 0.42867762
v 0.048961543 -0.25369853 0.4755548
v 0.14773038 -0.1673585 0.47593734
v 0.41583624 -1.8040276 0.24560231
v 0.59983313 -1.7805773 -0.0013687313
v 0.7323289 -1.6961972 -0.24071375
v 0.817214 -1.5778668 -0.48896408
v 0.85810775 -1.411082 -0.72439736
v -0.030163746 -0.35059014 0.4726232
v -0.08533651 -0.4854714 0.46858191
v 0.0369248 -0.24295908 0.47543222
v 0.14773038 -0.1673585 0.47593734
v -0.12351566 -0.6624285 0.4647059
v -0.140625 -0.8925867 0.459203
v -0.12057453 -1.1896259 0.45457476
v -0.009162432 -1.5876582 0.43296742
v 0.20962742 -1.8356706 0.33967668
v 0.43797213 -1.8699888 0.14089845
v 0.6128659 -1.8404702 -0.101689175
v 0.7443767 -1.7669622 -0.37952796
v 0.81918067 -1.626273 -0.632495
v -0.24353872 -1.1294484 0.4383483
v -0.20869572 -1.520005 0.41299987
v -0.037507717 -1.7957963 0.36535764
v 0.21680152 -1.9133674 0.2444503
v 0.4172848 -1.957946 -0.016546268
v 0.6033374 -1.9472708 -0.29248852
v 0.7437628 -1.8456879 -0.56707793
v -0.22836989 -0.8386339 0.44914037
v -0.1870823 -0.6175753 0.45664763
v -0.12800607 -0.4525099 0.46611804
v -0.05479909 -0.32896402 0.47130197
v 0.027723907 -0.23154499 0.47533152
v 0.14773038 -0.1673585 0.47593734
v -0.3503098 -1.0491471 0.4170332
v -0.3054826 -0.77250475 0.4320913
v -0.24248338 -0.56685305 0.44962785
v -0.16404843 -0.41671282 0.46175486
v -0.07534196 -0.30584002 0.47019395
v -0.35997304 -1.4221871 0.3820852
v 0.021099692 -0.21979001 0.47526765
v 0.14773038 -0.1673585 0.47593734
v -0.2663455 -1.7157365 0.34395388
v -0.042557828 -1.8886555 0.27696398
v 0.17679854 -2.0113823 0.0014052056
v 0.38586974 -2.0628195 -0.27041554
v 0.60103947 -2.0240645 -0.54017645
v -0.09200397 -0.2815592 0.46928903
v -0.19519715 -0.3781987 0.45774472
v 0.016649108 -0.20794483 0.47523233
v 0.14773038 -0.1673585 0.47593734
v -0.28933406 -0.5122196 0.44078204
v -0.37211218 -0.69830054 0.4186761
v -0.4370632 -0.95444924 0.3867613
v -0.48339748 -1.3002155 0.34427732
v -0.44888753 -1.6153479 0.2944121
v -0.2930883 -1.8223262 0.2612267
v -0.072838254 -2.0091832 -0.0010912828
v 0.14743337 -2.1100705 -0.2807982
v 0.38412803 -2.1305852 -0.53381383
v -0.5097348 -0.8503132 0.36049166
v -0.5777211 -1.164886 0.3037156
v -0.60026073 -1.4949403 0.22882353
v -0.50267166 -1.7248262 0.2055799
v -0.32007766 -1.9648658 -0.00413952
v -0.090371594 -2.1103482 -0.2981356
v 0.14352089 -2.174145 -0.5352281
v -0.42374316 -0.6206751 0.4005682
v -0.32717708 -0.45574394 0.4320358
v -0.22010791 -0.33943936 0.45485225
v -0.10536881 -0.25621867 0.46857435
v 0.013895382 -0.19615856 0.47522447
v 0.14773038 -0.1673585 0.47593734
v -0.56394434 -0.74451727 0.3329832
v -0.46702573 -0.54057205 0.38623428
v -0.35840765 -0.39807135 0.42547712
v -0.23914705 -0.30014786 0.4524035
v -0.115133435 -0.2307432 0.4680218
v -0.6494035 -1.0232894 0.26616314
v 0.01237613 -0.18449369 0.47523254
v 0.14773038 -0.1673585 0.47593734
v -0.70875996 -1.3580225 0.16656365
v -0.67261237 -1.5985591 0.12402421
v -0.54431516 -1.8788216 -0.010771338
v -0.32396692 -2.071086 -0.3087031
v -0.093494624 -2.1689603 -0.5427822
v -0.12132204 -0.20527895 0.46771908
v 0.011710197 -0.1729286 0.4752458
v 0.14773038 -0.1673585 0.47593734
v -0.124337986 -0.17937951 0.46761715
v -0.25360805 -0.26038945 0.45069546
v -0.26279825 -0.22233586 0.44969794
v -0.26722208 -0.18410806 0.449336
v -0.38092512 -0.3433873 0.42105496
v -0.39699638 -0.28879955 0.41734192
v -0.40726253 -0.23710608 0.41439748
v -0.41214117 -0.18713261 0.4130755
v -0.49910235 -0.46247852 0.37662947
v -0.52214587 -0.38741627 0.36784503
v -0.53708446 -0.31748566 0.36108416
v -0.54654247 -0.2511212 0.3571553
v -0.55123436 -0.18815812 0.3556363
v -0.606534 -0.63737565 0.31427157
v -0.63631976 -0.53423476 0.2974884
v -0.6575145 -0.43669102 0.28720385
v -0.6702716 -0.34781176 0.28013635
v -0.6772563 -0.2653933 0.2771153
v -0.6817811 -0.18696722 0.27571094
v -0.7023586 -0.8818327 0.23345134
v -0.739349 -0.7454693 0.20617454
v -0.7670775 -0.61394626 0.19062948
v -0.7855421 -0.49124035 0.18167382
v -0.79470557 -0.38111106 0.17678446
v -0.79938626 -0.27935567 0.17621246
v -0.8038431 -0.18334918 0.17572527
v -0.7828509 -1.2016848 0.1256177
v -0.8311948 -1.0280191 0.09410794
v -0.86491454 -0.8580513 0.07138969
v -0.8896498 -0.6978304 0.059999846
v -0.90363055 -0.54948777 0.0553343
v -0.90956223 -0.4152673 0.054422125
v -0.9134263 -0.29177538 0.05571036
v -0.91706926 -0.17690268 0.056952678
v -1.0131353 -0.30222338 -0.08948448
v -1.0157591 -0.16614063 -0.084504604
v -1.0100911 -0.44827738 -0.09376679
v -1.0059766 -0.60699403 -0.09586192
v -0.9948881 -0.78008354 -0.0959593
v -0.9751408 -0.9669413 -0.09115334
v -1.0953537 -0.30837435 -0.25488973
v -1.0979674 -0.14856896 -0.2455613
v -1.0933391 -0.47639525 -0.26484123
v -1.0903993 -0.6573508 -0.27127784
v -1.0795105 -0.8499316 -0.27472734
v -1.1550772 -0.30573905 -0.43770063
v -1.158547 -0.12203296 -0.42442423
v -1.1516116 -0.49453053 -0.452465
v -1.1475929 -0.6909493 -0.46193781
v -1.1803204 -0.2901715 -0.63672936
v -1.1874133 -0.08497559 -0.61849165
v -1.1745458 -0.49427468 -0.6497533
v -1.1899601 -0.2590537 -0.82958734
v -1.1980801 -0.03632807 -0.816047
v -1.054448 -1.0396562 -0.26285705
v -1.1336629 -0.88475704 -0.45610777
v -1.1687282 -0.695658 -0.64895266
v -1.1829274 -0.47278512 -0.83553076
v -1.1823628 -0.2341197 -1.0092446
v -1.1929464 0.017121816 -1.0059743
v -1.1042742 -1.0809872 -0.42722103
v -1.1517584 -0.9143189 -0.6344153
v -1.1740965 -0.7127922 -0.82586306
v -1.1722646 -0.48249134 -1.0129185
v -1.1420399 -0.23027131 -1.1862981
v -1.1527783 0.021123359 -1.1850467
v -1.0855227 -0.21798739 -1.3242851
v -1.095392 0.028252836 -1.3236828
v -1.0750979 -0.46253377 -1.3253839
v -1.1321186 -0.47721517 -1.1854275
v -1.063954 -0.70363975 -1.3273748
v -1.122667 -0.7191401 -1.1830376
v -1.0404214 -0.9371082 -1.3305098
v -1.1621468 -0.72670096 -1.0138364
v -1.1001143 -0.9576142 -1.1833252
v -1.0122651 -1.164779 -1.3345159
v -1.1399661 -0.9650435 -1.0122274
v -1.0715289 -1.1931046 -1.1856028
v -0.9726432 -1.3854624 -1.3384714
v -1.1519809 -0.95037043 -0.8137731
v -1.0325143 -1.4224386 -1.1871693
v -0.90947926 -1.5939511 -1.3423109
v -1.1129414 -1.1999719 -1.0069145
v -1.1250883 -1.1864935 -0.8150028
v -0.9643637 -1.6381873 -1.187814
v -0.80630535 -1.7772422 -1.3457018
v -1.0751494 -1.4361972 -1.0027031
v -1.1272802 -1.1421659 -0.60367996
v -0.84972763 -1.8242618 -1.187912
v -0.65238583 -1.9121919 -1.347165
v -1.0068702 -1.6587481 -0.9968088
v -1.0888536 -1.4170265 -0.80603504
v -1.0963793 -1.3777778 -0.5788914
v -0.6831466 -1.9595333 -1.187947
v -0.4697946 -1.9963322 -1.3470343
v -0.89144313 -1.8535628 -0.9906981
v -1.0202067 -1.6443553 -0.79602283
v -1.0662676 -1.2925684 -0.37479213
v -0.48796725 -2.0410051 -1.187928
v -0.28267443 -2.047689 -1.3469887
v -0.71812516 -1.9945062 -0.9879402
v -0.9100105 -1.846865 -0.7828371
v -1.0280135 -1.6022791 -0.57593584
v -1.0197974 -1.2080781 -0.22187138
v -0.29181734 -2.0936174 -1.1879243
v -0.0931006 -2.0781693 -1.3479956
v -0.51321703 -2.0805628 -0.98846906
v -0.7418073 -1.9999448 -0.7750818
v -0.92123985 -1.8120847 -0.5634584
v -1.0023589 -1.5010833 -0.33133656
v -0.9443337 -1.1501375 -0.069126844
v -0.9475087 -1.3898712 -0.15366116
v -0.88395333 -1.312252 -0.025846027
v -0.8988215 -1.7148143 -0.30103955
v -0.7540286 -1.9748608 -0.55260265
v -0.79791164 -1.4583031 0.04189103
v -0.8533498 -1.5715909 -0.08061178
v -0.722574 -1.7422537 -0.034734417
v -0.7489179 -1.8946221 -0.29521018
v -0.5481901 -2.0059848 -0.30235288
v -0.5340239 -2.095819 -0.7737523
v -0.5435763 -2.0726967 -0.55060506
v -0.3208526 -2.129449 -0.5506052
v -0.3047606 -2.1350331 -0.9884781
v -0.31276944 -2.1411483 -0.77637243
v -0.09310055 -2.1790226 -0.7711003
v -0.09310044 -2.1267807 -1.1879593
v 0.10563569 -2.0826123 -1.349696
v -0.09310059 -2.1718328 -0.98591924
v 0.11579753 -2.1327906 -1.1880169
v 0.31810886 -2.0609777 -1.3521657
v 0.13797817 -2.1849537 -0.7644235
v 0.12975088 -2.1780574 -0.9824666
v 0.33605388 -2.1057909 -1.1880848
v 0.51692677 -1.973732 -1.352252
v 0.37353462 -2.144869 -0.76025534
v 0.36024377 -2.1433008 -0.9794784
v 0.5418463 -2.0144272 -1.1880852
v 0.6657827 -1.8170886 -1.3491957
v 0.59358865 -2.0517209 -0.7637096
v 0.57303214 -2.0447335 -0.9804324
v 0.6971015 -1.8537625 -1.187991
v 0.7487267 -1.6107322 -1.3439049
v 0.7386555 -1.8712621 -0.7859361
v 0.7267466 -1.8754171 -0.9896367
v 0.7838217 -1.6439625 -1.1898123
v 0.7891586 -1.3899653 -1.3417162
v 0.81441116 -1.6593782 -0.8158823
v 0.8087092 -1.6602241 -1.0059859
v 0.82552415 -1.4180989 -1.193844
v 0.8137371 -1.1669079 -1.3421599
v 0.85653275 -1.4369718 -0.85127765
v 0.8487946 -1.4416367 -1.0265087
v 0.84616077 -1.1997123 -1.2039505
v 0.8283229 -0.9482937 -1.346043
v 0.8784189 -1.2107133 -0.9255587
v 0.8702746 -1.2173407 -1.043984
v 0.8611641 -0.97590196 -1.2121019
v 0.84224963 -0.7246014 -1.3499762
v 0.89077926 -0.98702645 -0.99076754
v 0.88036615 -0.98490804 -1.0946058
v 0.8721836 -0.74386275 -1.231212
v 0.7835745 -0.48055613 -1.344403
v 0.9026621 -0.7747011 -1.0290813
v 0.88920283 -0.7528385 -1.1377572
v 0.79536825 -0.48948774 -1.2439897
v 0.8139798 -0.24948439 -1.3466845
v 0.90839547 -0.56666327 -1.0466053
v 0.8057906 -0.5074781 -1.148776
v 0.8289812 -0.25744027 -1.2551064
v 0.82939655 -0.009603495 -1.3466139
v 0.8460431 -0.3422268 -1.0535115
v 0.8421384 -0.30324 -1.158884
v 0.8464284 -0.033672005 -1.2528405
v 0.8291492 0.23526871 -1.3441367
v 0.8629654 -0.12502041 -1.055601
v 0.86045533 -0.082004 -1.1593022
v 0.84542984 0.20333141 -1.2379173
v 0.81330955 0.48150048 -1.3393171
v 0.8623238 0.10473184 -1.0470494
v 0.85964346 0.15312701 -1.1476598
v 0.825767 0.45221338 -1.2089936
v 0.7826892 0.72571784 -1.3323114
v 0.844013 0.3454088 -1.025829
v 0.83959115 0.39891842 -1.1218561
v 0.89773846 0.7272634 -1.2043055
v 0.8571573 0.9887769 -1.3305335
v 0.92803806 0.6133532 -0.97681415
v 0.91859376 0.6723992 -1.076724
v 0.8903579 0.99057126 -1.193034
v 0.84551907 1.2239101 -1.3318497
v 0.92795426 0.88205224 -0.9112084
v 0.9156791 0.94841105 -1.0412092
v 0.8797748 1.2370056 -1.1872548
v 0.8170964 1.4506125 -1.3335555
v 0.9154692 1.1593355 -0.85617375
v 0.9035766 1.2326804 -1.0221834
v 0.8506997 1.468348 -1.1868474
v 0.7713775 1.6670351 -1.3366207
v 0.88710415 1.4406936 -0.83126426
v 0.87535167 1.4703304 -1.0158178
v 0.8041782 1.6896515 -1.1861316
v 0.69810396 1.8670144 -1.3404136
v 0.8418022 1.6784443 -0.82280856
v 0.8299985 1.6950406 -1.0099504
v 0.7294524 1.894938 -1.1867023
v 0.57634753 2.0289848 -1.3423406
v 0.77045727 1.8908367 -0.81128925
v 0.75676113 1.9045947 -1.0026774
v 0.60389626 2.0615025 -1.1874878
v 0.40789485 2.1314266 -1.3413217
v 0.6563761 2.075216 -0.79945445
v 0.6351194 2.0802917 -0.9989203
v 0.43048546 2.1681638 -1.187713
v 0.22678834 2.179869 -1.3385911
v 0.48728442 2.203893 -0.79716945
v 0.46153805 2.197714 -1.0002477
v 0.24865001 2.2305725 -1.1876848
v 0.057290588 2.188271 -1.3354149
v 0.29220715 2.2788823 -0.80186397
v 0.27527264 2.2725117 -1.0023623
v 0.06777663 2.2379549 -1.1875812
v -0.09309977 2.1870623 -1.3340746
v 0.091492355 2.2951634 -0.81259257
v 0.081532456 2.2825453 -1.0083628
v -0.09309961 2.234812 -1.1875339
v -0.23757878 2.165738 -1.3336679
v -0.09300871 2.2902384 -0.8189305
v -0.09309925 2.2775383 -1.0114417
v -0.24661851 2.209645 -1.1875137
v -0.38278967 2.1233077 -1.3341027
v -0.26774612 2.2581491 -0.8231252
v -0.2586061 2.2475305 -1.0132687
v -0.39901093 2.1628547 -1.1875209
v -0.53982955 2.0656133 -1.3358829
v -0.4430737 2.213977 -0.82128876
v -0.42231178 2.1988468 -1.0130614
v -0.5655889 2.1057398 -1.1875836
v -0.70074326 1.9750853 -1.337628
v -0.6250825 2.1474493 -0.8161546
v -0.597045 2.1364439 -1.0100193
v -0.7358159 2.0140946 -1.1876419
v -0.8366705 1.8358676 -1.3377521
v -0.80075234 2.041221 -0.81270975
v -0.77425605 2.0404918 -1.0069082
v -0.881916 1.87336 -1.1876253
v -0.93870664 1.6580822 -1.3366394
v -0.9437926 1.8850137 -0.8146526
v -0.9224454 1.893232 -1.0067962
v -0.99100465 1.6913519 -1.1873733
v -1.0104507 1.4542012 -1.334721
v -1.0514371 1.6950326 -0.8179572
v -1.0332781 1.705455 -1.0082797
v -1.0674099 1.4817951 -1.1863974
v -1.0590631 1.2329695 -1.3319412
v -1.1248578 1.4811307 -0.81872874
v -1.1092232 1.4917886 -1.0093987
v -1.1182077 1.2553238 -1.1843246
v -1.0779247 0.99811065 -1.3284458
v -1.1733339 1.2540448 -0.8144347
v -1.1593959 1.2639805 -1.0085431
v -1.1374543 1.0172611 -1.1819831
v -1.0954055 0.7608422 -1.3259791
v -1.1923383 1.0039436 -0.8081751
v -1.1779511 1.0250599 -1.0067554
v -1.156003 0.7768573 -1.1795354
v -1.0962449 0.5186602 -1.3244042
v -1.2074198 0.72628623 -0.80154055
v -1.1962209 0.7834992 -1.0028137
v -1.1565728 0.5313412 -1.1780937
v -1.0964603 0.27439174 -1.3237008
v -1.1953714 0.5259728 -1.0067129
v -1.1547881 0.27568576 -1.1822399
v -1.095392 0.028252836 -1.3236828
vt 0.26000005 0.06249974
vt 0.28000003 0.06249974
vt 0.27000004 3.7252903E-08
vt 0.26000002 0.1249998
vt 0.28 0.1249998
vt 0.3 0.06249974
vt 0.29000014 3.7252903E-08
vt 0.24000001 0.1249998
vt 0.24000001 0.06249974
vt 0.25000006 3.7252903E-08
vt 0.26000002 0.18749985
vt 0.24000001 0.18750009
vt 0.3000001 0.1249998
vt 0.28 0.18749985
vt 0.3200001 0.06249974
vt 0.31000012 3.7252903E-08
vt 0.22000003 0.1249998
vt 0.22000003 0.18750009
vt 0.22000003 0.06249974
vt 0.23000002 3.7252903E-08
vt 0.24000001 0.25000015
vt 0.26000002 0.25000015
vt 0.22000003 0.25000015
vt 0.29999998 0.18749985
vt 0.32000008 0.1249998
vt 0.28 0.24999991
vt 0.3400001 0.06249974
vt 0.3300001 3.7252903E-08
vt 0.24000001 0.31250006
vt 0.22000003 0.31250006
vt 0.26 0.3125001
vt 0.19999993 0.25000015
vt 0.20000005 0.31250006
vt 0.20000005 0.18750009
vt 0.20000005 0.1249998
vt 0.20000005 0.06249974
vt 0.21000004 3.7252903E-08
vt 0.22000003 0.37500024
vt 0.24000001 0.37500024
vt 0.20000005 0.37500024
vt 0.17999995 0.25000015
vt 0.18000007 0.18750009
vt 0.17999995 0.1249998
vt 0.17999995 0.31250006
vt 0.17999995 0.37500024
vt 0.18000007 0.06249974
vt 0.19000006 3.7252903E-08
vt 0.20000005 0.4375003
vt 0.17999995 0.4375003
vt 0.22000003 0.4375003
vt 0.15999997 0.31250006
vt 0.15999997 0.37500012
vt 0.15999997 0.4375003
vt 0.15999997 0.25000015
vt 0.15999997 0.18750009
vt 0.15999997 0.1249998
vt 0.15999997 0.06249974
vt 0.17000008 3.7252903E-08
vt 0.13999999 0.37500012
vt 0.13999999 0.31250006
vt 0.13999999 0.25000015
vt 0.13999999 0.18750009
vt 0.13999999 0.1249998
vt 0.13999999 0.4375003
vt 0.13999999 0.06249974
vt 0.14999998 0
vt 0.120000005 0.31250006
vt 0.120000005 0.25000015
vt 0.120000005 0.37500012
vt 0.120000005 0.18750009
vt 0.120000005 0.1249998
vt 0.120000005 0.4375003
vt 0.120000005 0.06249974
vt 0.13 0
vt 0.100000024 0.37500012
vt 0.100000024 0.31250006
vt 0.100000024 0.25000015
vt 0.100000024 0.18750009
vt 0.100000024 0.1249998
vt 0.100000024 0.43750018
vt 0.100000024 0.06249974
vt 0.110000014 0
vt 0.08000004 0.31250006
vt 0.08000004 0.25000015
vt 0.08000004 0.37500012
vt 0.08000004 0.18750009
vt 0.08000004 0.1249998
vt 0.08000004 0.43750018
vt 0.08000004 0.06249974
vt 0.09000003 0
vt 0.059999943 0.31250003
vt 0.059999943 0.25000015
vt 0.059999943 0.3750001
vt 0.060000062 0.18750009
vt 0.059999943 0.1249998
vt 0.059999943 0.43750018
vt 0.060000062 0.06249974
vt 0.07000005 0
vt 0.03999996 0.31250003
vt 0.03999996 0.25000015
vt 0.03999996 0.3750001
vt 0.03999996 0.18750009
vt 0.03999996 0.1249998
vt 0.03999996 0.43750018
vt 0.03999996 0.06249974
vt 0.05000007 0
vt 0.01999998 0.31250003
vt 0.01999998 0.25000015
vt 0.01999998 0.3750001
vt 0.01999998 0.18750009
vt 0.01999998 0.1249998
vt 0.01999998 0.43750015
vt 0.01999998 0.06249974
vt 0.029999971 0
vt 0 0.31250003
vt 0 0.25000015
vt 0 0.3750001
vt 0 0.18750009
vt 0 0.43750015
vt 0 0.1249998
vt 0 0.06249974
vt 0.00999999 0
vt 0 0.50000024
vt 0.01999998 0.5000001
vt 0 0.56250006
vt 0.01999998 0.56250006
vt 0 0.6250001
vt 0.03999996 0.50000024
vt 0.01999998 0.6250001
vt 0 0.68750006
vt 0.03999996 0.5625002
vt 0.059999943 0.50000024
vt 0.01999998 0.68750006
vt 0 0.75
vt 0.03999996 0.6250001
vt 0.060000062 0.5625002
vt 0.08000004 0.50000024
vt 0.01999998 0.75
vt 0 0.81249994
vt 0.03999996 0.68750006
vt 0.060000062 0.6250001
vt 0.08000004 0.5625002
vt 0.100000024 0.50000024
vt 0.01999998 0.81249994
vt 0 0.87499994
vt 0.03999996 0.75
vt 0.060000062 0.68750006
vt 0.08000004 0.6250001
vt 0.100000024 0.5625002
vt 0.120000005 0.50000024
vt 0.01999998 0.87499994
vt 0 0.93749994
vt 0.03999996 0.81249994
vt 0.060000062 0.75
vt 0.08000004 0.68750006
vt 0.100000024 0.6250001
vt 0.120000005 0.5625002
vt 0.13999999 0.50000024
vt 0.15999997 0.50000036
vt 0.13999999 0.5625003
vt 0.120000005 0.6250002
vt 0.100000024 0.68750006
vt 0.08000004 0.75
vt 0.17999995 0.50000036
vt 0.15999997 0.5625003
vt 0.13999999 0.6250002
vt 0.120000005 0.68750006
vt 0.19999993 0.50000036
vt 0.17999995 0.5625003
vt 0.15999997 0.6250002
vt 0.100000024 0.75
vt 0.13999999 0.68750006
vt 0.120000005 0.75
vt 0.22000003 0.50000036
vt 0.20000005 0.5625003
vt 0.18000007 0.62500024
vt 0.15999997 0.68750006
vt 0.13999999 0.75
vt 0.24000001 0.43750042
vt 0.26 0.37500027
vt 0.27999997 0.31249997
vt 0.3000001 0.24999991
vt 0.32000008 0.18749985
vt 0.34000006 0.1249998
vt 0.36000007 0.06249974
vt 0.35000008 3.7252903E-08
vt 0.24000001 0.50000036
vt 0.26 0.43750042
vt 0.27999997 0.3749999
vt 0.30000007 0.31249997
vt 0.32000008 0.24999991
vt 0.34000006 0.18749985
vt 0.36000004 0.1249998
vt 0.22000003 0.5625003
vt 0.38000003 0.06249974
vt 0.37000006 3.7252903E-08
vt 0.20000005 0.62500024
vt 0.18000007 0.68750006
vt 0.15999997 0.75
vt 0.36000004 0.18749985
vt 0.38000003 0.1249998
vt 0.34000006 0.24999991
vt 0.4 0.06249974
vt 0.39000005 3.7252903E-08
vt 0.32000005 0.31249997
vt 0.30000007 0.3749999
vt 0.27999997 0.43749994
vt 0.26 0.50000036
vt 0.24000001 0.5625003
vt 0.22000003 0.62500024
vt 0.20000005 0.68750006
vt 0.18000007 0.75
vt 0.32000005 0.3749999
vt 0.29999995 0.43749997
vt 0.27999997 0.49999988
vt 0.26 0.5625003
vt 0.24000001 0.62500024
vt 0.22000003 0.68750006
vt 0.20000005 0.75
vt 0.34000003 0.31249997
vt 0.36000004 0.24999991
vt 0.38000003 0.18749985
vt 0.4 0.1249998
vt 0.42 0.06249974
vt 0.41000003 3.7252903E-08
vt 0.34000003 0.3749999
vt 0.36 0.31249997
vt 0.38000003 0.24999991
vt 0.4 0.18749985
vt 0.42 0.1249998
vt 0.32000005 0.43749997
vt 0.4400001 0.06249974
vt 0.43000013 3.7252903E-08
vt 0.30000007 0.49999988
vt 0.27999997 0.5625
vt 0.26 0.62500024
vt 0.24000001 0.6875002
vt 0.22000003 0.75
vt 0.4400001 0.1249998
vt 0.4200001 0.18749985
vt 0.46000007 0.06249974
vt 0.4500001 3.7252903E-08
vt 0.4 0.24999991
vt 0.38 0.31249997
vt 0.36 0.3749999
vt 0.34000003 0.43749997
vt 0.32000005 0.49999988
vt 0.29999995 0.5625
vt 0.27999997 0.62500006
vt 0.26 0.68750024
vt 0.24000001 0.75
vt 0.38 0.3749999
vt 0.36 0.43749997
vt 0.34000003 0.4999999
vt 0.32000005 0.5625
vt 0.29999995 0.62500006
vt 0.27999997 0.6874999
vt 0.26 0.7499999
vt 0.39999998 0.31249997
vt 0.42 0.24999991
vt 0.4400001 0.18749985
vt 0.46000007 0.1249998
vt 0.48000005 0.06249974
vt 0.4700001 3.7252903E-08
vt 0.39999998 0.3749999
vt 0.41999996 0.31249997
vt 0.4400001 0.24999991
vt 0.46000007 0.18749985
vt 0.48000005 0.1249998
vt 0.38 0.43749997
vt 0.50000006 0.06249974
vt 0.49000007 3.7252903E-08
vt 0.36 0.4999999
vt 0.34000003 0.5625
vt 0.32000005 0.62500006
vt 0.30000007 0.6874999
vt 0.27999997 0.7499999
vt 0.50000006 0.1249998
vt 0.48000005 0.18749985
vt 0.52000004 0.06249974
vt 0.51000005 3.7252903E-08
vt 0.46000007 0.24999991
vt 0.4400001 0.31249997
vt 0.41999996 0.3749999
vt 0.39999998 0.43749997
vt 0.38 0.4999999
vt 0.36 0.5625
vt 0.34000003 0.62500006
vt 0.32000005 0.6874999
vt 0.29999995 0.7499999
vt 0.44000006 0.37500003
vt 0.42000008 0.43749997
vt 0.39999998 0.4999999
vt 0.38 0.5625
vt 0.36 0.62500006
vt 0.34000003 0.6874999
vt 0.32000005 0.7499999
vt 0.46000007 0.31249997
vt 0.48000005 0.24999991
vt 0.50000006 0.18749985
vt 0.52000004 0.1249998
vt 0.5400001 0.06249974
vt 0.53000003 3.7252903E-08
vt 0.46000004 0.37500003
vt 0.48000005 0.31249997
vt 0.50000006 0.24999991
vt 0.52000004 0.18749985
vt 0.5400001 0.1249998
vt 0.44000006 0.43749997
vt 0.56000006 0.06249974
vt 0.5500001 3.7252903E-08
vt 0.41999996 0.4999999
vt 0.4000001 0.5625
vt 0.38 0.62500006
vt 0.36 0.6874999
vt 0.34000003 0.7499999
vt 0.56000006 0.1249998
vt 0.5400001 0.18749985
vt 0.58000004 0.06249974
vt 0.57000005 3.7252903E-08
vt 0.52000004 0.24999991
vt 0.50000006 0.31249997
vt 0.48000002 0.37500003
vt 0.46000004 0.43749997
vt 0.44000006 0.4999999
vt 0.42000008 0.5625
vt 0.39999998 0.62500006
vt 0.38 0.6874999
vt 0.36 0.7499999
vt 0.50000006 0.37500003
vt 0.48000002 0.43749997
vt 0.46000004 0.4999999
vt 0.44000006 0.5625
vt 0.41999996 0.62500006
vt 0.39999998 0.6874999
vt 0.37999997 0.7499999
vt 0.52000004 0.31249997
vt 0.54 0.24999991
vt 0.56000006 0.18749985
vt 0.58000004 0.1249998
vt 0.6 0.06249974
vt 0.59000003 3.7252903E-08
vt 0.52000004 0.37500003
vt 0.54 0.3125001
vt 0.56 0.24999991
vt 0.58000004 0.18749985
vt 0.6 0.1249998
vt 0.50000006 0.4375001
vt 0.62000006 0.06249974
vt 0.6100001 3.7252903E-08
vt 0.48000002 0.4999999
vt 0.46000004 0.5625
vt 0.44000006 0.62500006
vt 0.42000008 0.6875
vt 0.39999995 0.7499999
vt 0.62 0.1249998
vt 0.6 0.18749985
vt 0.64000005 0.06249974
vt 0.63000005 3.7252903E-08
vt 0.58000004 0.24999991
vt 0.56 0.31249997
vt 0.54 0.37500003
vt 0.52000004 0.4375001
vt 0.50000006 0.4999999
vt 0.48000002 0.5625
vt 0.46000004 0.62500006
vt 0.44000006 0.6875
vt 0.42000005 0.74999994
vt 0.56000006 0.37500003
vt 0.54 0.4375001
vt 0.52 0.4999999
vt 0.5 0.5625
vt 0.48000002 0.62500006
vt 0.46000004 0.6875
vt 0.44000003 0.74999994
vt 0.58000004 0.3125001
vt 0.6 0.24999991
vt 0.62000006 0.18749985
vt 0.64000005 0.1249998
vt 0.66 0.06249974
vt 0.65000004 3.7252903E-08
vt 0.58000004 0.37500003
vt 0.6 0.3125001
vt 0.62 0.24999991
vt 0.64000005 0.18749985
vt 0.66 0.1249998
vt 0.56000006 0.4375001
vt 0.68000007 0.06249974
vt 0.6700001 3.7252903E-08
vt 0.53999996 0.4999999
vt 0.52000004 0.5625001
vt 0.5 0.62500006
vt 0.48000002 0.6875
vt 0.46 0.74999994
vt 0.68000007 0.1249998
vt 0.6600001 0.18749985
vt 0.70000005 0.06249974
vt 0.69000006 3.7252903E-08
vt 0.64000005 0.24999991
vt 0.62 0.3125001
vt 0.6 0.37500003
vt 0.58000004 0.4375001
vt 0.56 0.4999999
vt 0.54 0.5625001
vt 0.52 0.62500006
vt 0.5 0.6875
vt 0.48 0.74999994
vt 0.62 0.37500003
vt 0.6 0.4375001
vt 0.58000004 0.50000006
vt 0.56 0.5625001
vt 0.54 0.62500006
vt 0.52 0.6875
vt 0.5 0.74999994
vt 0.64000005 0.3125001
vt 0.66 0.24999991
vt 0.68000007 0.18749985
vt 0.70000005 0.1249998
vt 0.72 0.06249974
vt 0.71000004 3.7252903E-08
vt 0.64000005 0.37500003
vt 0.66 0.3125001
vt 0.68 0.24999991
vt 0.70000005 0.18749985
vt 0.72 0.1249998
vt 0.62000006 0.4375001
vt 0.74000007 0.06249974
vt 0.73 3.7252903E-08
vt 0.6 0.50000006
vt 0.58000004 0.5625001
vt 0.56 0.62500006
vt 0.54 0.6875
vt 0.52 0.74999994
vt 0.74 0.1249998
vt 0.72 0.18749985
vt 0.7600001 0.06249974
vt 0.7500001 3.7252903E-08
vt 0.70000005 0.24999991
vt 0.68 0.3125001
vt 0.66 0.37500003
vt 0.64 0.4375001
vt 0.62 0.50000006
vt 0.6 0.5625001
vt 0.58 0.62500006
vt 0.56 0.6875
vt 0.54 0.74999994
vt 0.68 0.37500003
vt 0.66 0.4375001
vt 0.64 0.50000006
vt 0.62 0.5625001
vt 0.59999996 0.62500006
vt 0.58 0.6875
vt 0.56 0.74999994
vt 0.70000005 0.3125001
vt 0.72 0.24999991
vt 0.74000007 0.18749985
vt 0.7600001 0.1249998
vt 0.7800001 0.06249974
vt 0.7700001 3.7252903E-08
vt 0.70000005 0.37500003
vt 0.72 0.3125001
vt 0.74 0.24999991
vt 0.7600001 0.18749985
vt 0.7800001 0.1249998
vt 0.68000007 0.4375001
vt 0.8000001 0.06249974
vt 0.7900001 3.7252903E-08
vt 0.65999997 0.50000006
vt 0.64 0.5625001
vt 0.62 0.62500006
vt 0.6 0.6875
vt 0.58 0.74999994
vt 0.8000001 0.1249998
vt 0.7800001 0.18749985
vt 0.82000005 0.06249974
vt 0.81000006 3.7252903E-08
vt 0.7600001 0.25000015
vt 0.74 0.3125001
vt 0.72 0.37500003
vt 0.70000005 0.4375001
vt 0.67999995 0.50000006
vt 0.66 0.5625001
vt 0.64 0.62500006
vt 0.62 0.6875
vt 0.59999996 0.74999994
vt 0.74 0.37500003
vt 0.72 0.43750012
vt 0.70000005 0.5000002
vt 0.68000007 0.5625001
vt 0.65999997 0.62500006
vt 0.64 0.6875
vt 0.62 0.74999994
vt 0.7600001 0.31250012
vt 0.7800001 0.25000015
vt 0.8000001 0.18749985
vt 0.82000005 0.1249998
vt 0.84000003 0.06249974
vt 0.83000004 3.7252903E-08
vt 0.76 0.37500006
vt 0.7800001 0.31250012
vt 0.8000001 0.25000015
vt 0.82000005 0.18749985
vt 0.84000003 0.1249998
vt 0.74 0.43750012
vt 0.86 0.06249974
vt 0.85 1.5646219E-07
vt 0.72 0.5000002
vt 0.70000005 0.5625001
vt 0.68 0.62500006
vt 0.66 0.6875
vt 0.64 0.74999994
vt 0.86 0.1249998
vt 0.84000003 0.18749985
vt 0.88 0.06249974
vt 0.87 1.5646219E-07
vt 0.82000005 0.25000015
vt 0.8000001 0.31250012
vt 0.78 0.37500006
vt 0.76 0.43750024
vt 0.74 0.5000002
vt 0.72 0.5625001
vt 0.7 0.62500006
vt 0.68 0.6875
vt 0.65999997 0.74999994
vt 0.8 0.37500006
vt 0.78 0.43750024
vt 0.76 0.5000002
vt 0.74 0.5625001
vt 0.71999997 0.62500006
vt 0.7 0.6875
vt 0.68 0.74999994
vt 0.82000005 0.31250012
vt 0.84000003 0.25000015
vt 0.86 0.18749985
vt 0.88 0.1249998
vt 0.9000001 0.06249974
vt 0.8900001 1.5646219E-07
vt 0.82 0.37500018
vt 0.84000003 0.31250012
vt 0.86 0.25000015
vt 0.88 0.18749985
vt 0.9000001 0.1249998
vt 0.8 0.43750024
vt 0.9200001 0.06249974
vt 0.9100001 1.5646219E-07
vt 0.78 0.5000002
vt 0.76 0.5625001
vt 0.74 0.62500006
vt 0.72 0.6875
vt 0.7 0.75000006
vt 0.9200001 0.1249998
vt 0.9000001 0.18749985
vt 0.94000006 0.06249974
vt 0.93000007 1.5646219E-07
vt 0.88 0.25000015
vt 0.86 0.31250012
vt 0.84000003 0.37500018
vt 0.82 0.43750024
vt 0.8 0.5000002
vt 0.78 0.5625001
vt 0.76 0.62500006
vt 0.74 0.6875
vt 0.71999997 0.75000006
vt 0.86 0.37500018
vt 0.84000003 0.43750024
vt 0.82 0.5000002
vt 0.8 0.5625001
vt 0.78 0.62500006
vt 0.76 0.68750006
vt 0.74 0.75000006
vt 0.88 0.31250012
vt 0.9 0.25000015
vt 0.9200001 0.18749985
vt 0.94000006 0.1249998
vt 0.96000004 0.06249974
vt 0.95000005 1.5646219E-07
vt 0.88 0.37500018
vt 0.9000001 0.31250012
vt 0.9200001 0.25000015
vt 0.94000006 0.18749985
vt 0.96000004 0.1249998
vt 0.86 0.43750024
vt 0.98 0.06249974
vt 0.97 1.5646219E-07
vt 0.84000003 0.5000002
vt 0.82 0.5625002
vt 0.8 0.62500006
vt 0.78 0.68750006
vt 0.76 0.75000006
vt 0.98 0.1249998
vt 1 0.06249974
vt 0.99 1.5646219E-07
vt 0.9999999 0.1249998
vt 0.96000004 0.18749985
vt 0.98 0.18749985
vt 1 0.18750009
vt 0.94000006 0.25000015
vt 0.96000004 0.25000015
vt 0.98 0.25000015
vt 0.9999999 0.25000015
vt 0.9200001 0.31250012
vt 0.94000006 0.31250015
vt 0.96000004 0.31250015
vt 0.98 0.31250015
vt 0.9999999 0.31250015
vt 0.9 0.37500018
vt 0.91999996 0.37500018
vt 0.94 0.3750002
vt 0.96000004 0.3750002
vt 0.98 0.3750002
vt 0.9999999 0.3750002
vt 0.88 0.43750024
vt 0.9 0.43750024
vt 0.92 0.43750024
vt 0.94 0.43750024
vt 0.96000004 0.43750024
vt 0.98 0.43750027
vt 0.9999999 0.43750027
vt 0.86 0.5000002
vt 0.88 0.5000002
vt 0.9 0.5000002
vt 0.91999996 0.5000002
vt 0.94 0.5000002
vt 0.96000004 0.5000003
vt 0.97999996 0.5000003
vt 0.9999999 0.5000003
vt 0.98 0.5625002
vt 1 0.5625002
vt 0.96000004 0.5625002
vt 0.94 0.5625002
vt 0.92 0.5625002
vt 0.9 0.5625002
vt 0.98 0.62500024
vt 1 0.62500024
vt 0.96000004 0.62500024
vt 0.94 0.62500024
vt 0.92 0.62500024
vt 0.98 0.6875002
vt 1 0.6875002
vt 0.9599999 0.6875002
vt 0.93999994 0.6875002
vt 0.98 0.75000006
vt 1 0.75000006
vt 0.9599999 0.75000006
vt 0.98 0.81250006
vt 0.9999999 0.81250006
vt 0.9 0.62500024
vt 0.91999996 0.68750006
vt 0.93999994 0.75000006
vt 0.9599999 0.81250006
vt 0.98 0.87500006
vt 0.9999999 0.87500006
vt 0.9 0.68750006
vt 0.91999996 0.75000006
vt 0.93999994 0.81250006
vt 0.9599999 0.87500006
vt 0.98 0.9375
vt 0.9999999 0.9375
vt 0.98 0.99999994
vt 0.9999999 0.99999994
vt 0.9599999 0.99999994
vt 0.9599999 0.9375
vt 0.93999994 0.99999994
vt 0.93999994 0.9375
vt 0.91999996 0.99999994
vt 0.93999994 0.87500006
vt 0.91999996 0.9375
vt 0.9 0.99999994
vt 0.91999996 0.87500006
vt 0.9 0.9375
vt 0.88 0.99999994
vt 0.91999996 0.81250006
vt 0.88 0.9375
vt 0.86 0.99999994
vt 0.9 0.87500006
vt 0.9 0.81250006
vt 0.86 0.9375
vt 0.84000003 0.99999994
vt 0.88 0.87500006
vt 0.9 0.75000006
vt 0.8399999 0.9375
vt 0.81999993 0.99999994
vt 0.86 0.87500006
vt 0.88 0.81250006
vt 0.88 0.75000006
vt 0.81999993 0.9375
vt 0.79999995 0.99999994
vt 0.84000003 0.87500006
vt 0.86 0.81250006
vt 0.88 0.68750006
vt 0.79999995 0.9375
vt 0.78 0.99999994
vt 0.81999993 0.87500006
vt 0.8399999 0.81250006
vt 0.86 0.75000006
vt 0.88 0.62500006
vt 0.78 0.9375
vt 0.76 0.99999994
vt 0.79999995 0.87500006
vt 0.81999993 0.81250006
vt 0.8399999 0.75000006
vt 0.86 0.68750006
vt 0.88 0.5625002
vt 0.86 0.62500006
vt 0.86 0.5625002
vt 0.84000003 0.68750006
vt 0.81999993 0.75000006
vt 0.84000003 0.5625002
vt 0.84000003 0.62500006
vt 0.82 0.62500006
vt 0.81999993 0.68750006
vt 0.79999995 0.68750006
vt 0.79999995 0.81250006
vt 0.79999995 0.75000006
vt 0.78 0.75000006
vt 0.78 0.87500006
vt 0.78 0.81250006
vt 0.76 0.81250006
vt 0.76 0.9375
vt 0.74 0.99999994
vt 0.76 0.87500006
vt 0.73999995 0.9375
vt 0.71999997 0.99999994
vt 0.73999995 0.81250006
vt 0.74 0.87500006
vt 0.71999997 0.9375
vt 0.7 0.99999994
vt 0.71999997 0.81250006
vt 0.72 0.87500006
vt 0.7 0.9375
vt 0.68 0.99999994
vt 0.7 0.81250006
vt 0.7 0.87500006
vt 0.67999995 0.9375
vt 0.65999997 0.9999999
vt 0.67999995 0.81250006
vt 0.68 0.87500006
vt 0.65999997 0.93749994
vt 0.64 0.9999999
vt 0.65999997 0.81249994
vt 0.65999997 0.87500006
vt 0.64 0.93749994
vt 0.62 0.9999999
vt 0.64 0.81249994
vt 0.64 0.87500006
vt 0.61999995 0.93749994
vt 0.59999996 0.9999999
vt 0.62 0.81249994
vt 0.62 0.87500006
vt 0.59999996 0.93749994
vt 0.58 0.9999999
vt 0.59999996 0.81249994
vt 0.6 0.87500006
vt 0.58 0.93749994
vt 0.56 0.9999999
vt 0.58 0.81249994
vt 0.58 0.87500006
vt 0.55999994 0.93749994
vt 0.53999996 1
vt 0.56 0.81249994
vt 0.56 0.87500006
vt 0.53999996 0.93749994
vt 0.52 1
vt 0.53999996 0.81249994
vt 0.53999996 0.87500006
vt 0.52 0.93749994
vt 0.5 1
vt 0.52 0.81249994
vt 0.52 0.87500006
vt 0.5 0.93749994
vt 0.48 1
vt 0.5 0.81249994
vt 0.5 0.87500006
vt 0.48 0.93749994
vt 0.45999998 1
vt 0.48 0.81249994
vt 0.48 0.87500006
vt 0.46 0.93749994
vt 0.44 1
vt 0.46 0.81249994
vt 0.46 0.87500006
vt 0.44000003 0.93749994
vt 0.42000002 1
vt 0.44000003 0.81249994
vt 0.44000003 0.87500006
vt 0.41999993 0.93749994
vt 0.39999992 1
vt 0.41999993 0.8124999
vt 0.42000005 0.87500006
vt 0.39999995 0.93749994
vt 0.37999994 1
vt 0.39999995 0.8124999
vt 0.39999995 0.87500006
vt 0.37999997 0.93749994
vt 0.35999995 1
vt 0.37999997 0.8124999
vt 0.37999997 0.87500006
vt 0.35999995 0.93749994
vt 0.33999997 1
vt 0.35999998 0.81249994
vt 0.35999998 0.87500006
vt 0.33999997 0.93749994
vt 0.32 0.99999994
vt 0.34 0.81249994
vt 0.34 0.87500006
vt 0.32 0.93749994
vt 0.2999999 0.99999994
vt 0.32000002 0.8124998
vt 0.32000002 0.87499994
vt 0.3 0.93749994
vt 0.2799999 0.99999994
vt 0.29999992 0.81249994
vt 0.29999992 0.87499994
vt 0.2799999 0.93749994
vt 0.25999993 0.99999994
vt 0.27999994 0.8124998
vt 0.27999994 0.87499994
vt 0.25999993 0.93749994
vt 0.24000001 0.9999998
vt 0.25999996 0.81249994
vt 0.25999996 0.87499994
vt 0.24000001 0.93749994
vt 0.22000003 0.9999998
vt 0.24000001 0.81249994
vt 0.24000001 0.87499994
vt 0.22000003 0.93749994
vt 0.20000005 0.9999998
vt 0.22000003 0.81249994
vt 0.22000003 0.87499994
vt 0.20000005 0.93749994
vt 0.18000007 0.9999998
vt 0.20000005 0.81249994
vt 0.20000005 0.87499994
vt 0.17999995 0.93749994
vt 0.15999997 0.9999998
vt 0.17999995 0.81249994
vt 0.18000007 0.87499994
vt 0.15999997 0.93749994
vt 0.13999999 0.9999998
vt 0.15999997 0.81249994
vt 0.15999997 0.87499994
vt 0.13999999 0.93749994
vt 0.120000005 0.9999998
vt 0.13999999 0.81249994
vt 0.13999999 0.87499994
vt 0.120000005 0.93749994
vt 0.100000024 0.9999998
vt 0.120000005 0.81249994
vt 0.120000005 0.87499994
vt 0.100000024 0.93749994
vt 0.08000004 0.9999998
vt 0.100000024 0.81249994
vt 0.100000024 0.87499994
vt 0.08000004 0.93749994
vt 0.060000062 0.9999998
vt 0.08000004 0.81249994
vt 0.08000004 0.87499994
vt 0.059999943 0.93749994
vt 0.03999996 0.9999998
vt 0.060000062 0.81249994
vt 0.060000062 0.87499994
vt 0.03999996 0.93749994
vt 0.01999998 0.9999998
vt 0.03999996 0.87499994
vt 0.01999998 0.93749994
vt 0 0.9999998
g FX_EN0021_barrier_fire_0
f 3/3/3 2/2/2 1/1/1
f 1/1/1 2/2/2 4/4/4
f 2/2/2 5/5/5 4/4/4
f 2/2/2 6/6/6 5/5/5
f 7/7/7 6/6/6 2/2/2
f 1/1/1 4/4/4 8/8/8
f 9/9/9 1/1/1 8/8/8
f 10/10/10 1/1/1 9/9/9
f 4/4/4 5/5/5 11/11/11
f 8/8/8 4/4/4 12/12/12
f 4/4/4 11/11/11 12/12/12
f 6/6/6 13/13/13 5/5/5
f 5/5/5 14/14/14 11/11/11
f 5/5/5 13/13/13 14/14/14
f 6/6/6 15/15/15 13/13/13
f 16/16/16 15/15/15 6/6/6
f 9/9/9 8/8/8 17/17/17
f 8/8/8 12/12/12 18/18/18
f 17/17/17 8/8/8 18/18/18
f 19/19/19 9/9/9 17/17/17
f 20/20/20 9/9/9 19/19/19
f 12/12/12 11/11/11 21/21/21
f 11/11/11 14/14/14 22/22/22
f 11/11/11 22/22/22 21/21/21
f 18/18/18 12/12/12 23/23/23
f 12/12/12 21/21/21 23/23/23
f 13/13/13 24/24/24 14/14/14
f 15/15/15 25/25/25 13/13/13
f 13/13/13 25/25/25 24/24/24
f 14/14/14 26/26/26 22/22/22
f 14/14/14 24/24/24 26/26/26
f 15/15/15 27/27/27 25/25/25
f 28/28/28 27/27/27 15/15/15
f 21/21/21 22/22/22 29/29/29
f 23/23/23 21/21/21 30/30/30
f 21/21/21 29/29/29 30/30/30
f 22/22/22 26/26/26 31/31/31
f 22/22/22 31/31/31 29/29/29
f 18/18/18 23/23/23 32/32/32
f 23/23/23 30/30/30 33/33/33
f 32/32/32 23/23/23 33/33/33
f 34/34/34 18/18/18 32/32/32
f 17/17/17 18/18/18 34/34/34
f 35/35/35 17/17/17 34/34/34
f 19/19/19 17/17/17 35/35/35
f 36/36/36 19/19/19 35/35/35
f 37/37/37 19/19/19 36/36/36
f 30/30/30 29/29/29 38/38/38
f 29/29/29 31/31/31 39/39/39
f 29/29/29 39/39/39 38/38/38
f 33/33/33 30/30/30 40/40/40
f 30/30/30 38/38/38 40/40/40
f 34/34/34 32/32/32 41/41/41
f 35/35/35 34/34/34 42/42/42
f 42/42/42 34/34/34 41/41/41
f 36/36/36 35/35/35 43/43/43
f 43/43/43 35/35/35 42/42/42
f 32/32/32 33/33/33 44/44/44
f 41/41/41 32/32/32 44/44/44
f 33/33/33 40/40/40 45/45/45
f 44/44/44 33/33/33 45/45/45
f 46/46/46 36/36/36 43/43/43
f 47/47/47 36/36/36 46/46/46
f 40/40/40 38/38/38 48/48/48
f 45/45/45 40/40/40 49/49/49
f 40/40/40 48/48/48 49/49/49
f 38/38/38 50/50/50 48/48/48
f 38/38/38 39/39/39 50/50/50
f 41/41/41 44/44/44 51/51/51
f 44/44/44 45/45/45 52/52/52
f 51/51/51 44/44/44 52/52/52
f 45/45/45 49/49/49 53/53/53
f 52/52/52 45/45/45 53/53/53
f 54/54/54 41/41/41 51/51/51
f 42/42/42 41/41/41 54/54/54
f 55/55/55 42/42/42 54/54/54
f 43/43/43 42/42/42 55/55/55
f 56/56/56 43/43/43 55/55/55
f 46/46/46 43/43/43 56/56/56
f 57/57/57 46/46/46 56/56/56
f 58/58/58 46/46/46 57/57/57
f 51/51/51 52/52/52 59/59/59
f 54/54/54 51/51/51 60/60/60
f 60/60/60 51/51/51 59/59/59
f 55/55/55 54/54/54 61/61/61
f 61/61/61 54/54/54 60/60/60
f 56/56/56 55/55/55 62/62/62
f 62/62/62 55/55/55 61/61/61
f 57/57/57 56/56/56 63/63/63
f 63/63/63 56/56/56 62/62/62
f 59/59/59 52/52/52 64/64/64
f 52/52/52 53/53/53 64/64/64
f 65/65/65 57/57/57 63/63/63
f 66/66/66 57/57/57 65/65/65
f 61/61/61 60/60/60 67/67/67
f 62/62/62 61/61/61 68/68/68
f 68/68/68 61/61/61 67/67/67
f 60/60/60 59/59/59 69/69/69
f 67/67/67 60/60/60 69/69/69
f 63/63/63 62/62/62 70/70/70
f 70/70/70 62/62/62 68/68/68
f 65/65/65 63/63/63 71/71/71
f 71/71/71 63/63/63 70/70/70
f 59/59/59 64/64/64 72/72/72
f 69/69/69 59/59/59 72/72/72
f 73/73/73 65/65/65 71/71/71
f 74/74/74 65/65/65 73/73/73
f 67/67/67 69/69/69 75/75/75
f 68/68/68 67/67/67 76/76/76
f 76/76/76 67/67/67 75/75/75
f 70/70/70 68/68/68 77/77/77
f 77/77/77 68/68/68 76/76/76
f 71/71/71 70/70/70 78/78/78
f 78/78/78 70/70/70 77/77/77
f 73/73/73 71/71/71 79/79/79
f 79/79/79 71/71/71 78/78/78
f 69/69/69 72/72/72 80/80/80
f 75/75/75 69/69/69 80/80/80
f 81/81/81 73/73/73 79/79/79
f 82/82/82 73/73/73 81/81/81
f 77/77/77 76/76/76 83/83/83
f 78/78/78 77/77/77 84/84/84
f 84/84/84 77/77/77 83/83/83
f 76/76/76 75/75/75 85/85/85
f 83/83/83 76/76/76 85/85/85
f 79/79/79 78/78/78 86/86/86
f 86/86/86 78/78/78 84/84/84
f 81/81/81 79/79/79 87/87/87
f 87/87/87 79/79/79 86/86/86
f 75/75/75 80/80/80 88/88/88
f 85/85/85 75/75/75 88/88/88
f 89/89/89 81/81/81 87/87/87
f 90/90/90 81/81/81 89/89/89
f 84/84/84 83/83/83 91/91/91
f 86/86/86 84/84/84 92/92/92
f 92/92/92 84/84/84 91/91/91
f 83/83/83 85/85/85 93/93/93
f 91/91/91 83/83/83 93/93/93
f 87/87/87 86/86/86 94/94/94
f 94/94/94 86/86/86 92/92/92
f 89/89/89 87/87/87 95/95/95
f 95/95/95 87/87/87 94/94/94
f 85/85/85 88/88/88 96/96/96
f 93/93/93 85/85/85 96/96/96
f 97/97/97 89/89/89 95/95/95
f 98/98/98 89/89/89 97/97/97
f 92/92/92 91/91/91 99/99/99
f 94/94/94 92/92/92 100/100/100
f 100/100/100 92/92/92 99/99/99
f 91/91/91 93/93/93 101/101/101
f 99/99/99 91/91/91 101/101/101
f 95/95/95 94/94/94 102/102/102
f 102/102/102 94/94/94 100/100/100
f 97/97/97 95/95/95 103/103/103
f 103/103/103 95/95/95 102/102/102
f 93/93/93 96/96/96 104/104/104
f 101/101/101 93/93/93 104/104/104
f 105/105/105 97/97/97 103/103/103
f 106/106/106 97/97/97 105/105/105
f 100/100/100 99/99/99 107/107/107
f 102/102/102 100/100/100 108/108/108
f 108/108/108 100/100/100 107/107/107
f 99/99/99 101/101/101 109/109/109
f 107/107/107 99/99/99 109/109/109
f 103/103/103 102/102/102 110/110/110
f 110/110/110 102/102/102 108/108/108
f 105/105/105 103/103/103 111/111/111
f 111/111/111 103/103/103 110/110/110
f 101/101/101 104/104/104 112/112/112
f 109/109/109 101/101/101 112/112/112
f 113/113/113 105/105/105 111/111/111
f 114/114/114 105/105/105 113/113/113
f 108/108/108 107/107/107 115/115/115
f 116/116/116 108/108/108 115/115/115
f 110/110/110 108/108/108 116/116/116
f 115/115/115 107/107/107 117/117/117
f 107/107/107 109/109/109 117/117/117
f 118/118/118 110/110/110 116/116/116
f 111/111/111 110/110/110 118/118/118
f 117/117/117 109/109/109 119/119/119
f 109/109/109 112/112/112 119/119/119
f 120/120/120 111/111/111 118/118/118
f 113/113/113 111/111/111 120/120/120
f 121/121/121 113/113/113 120/120/120
f 122/122/122 113/113/113 121/121/121
f 119/119/119 112/112/112 123/123/123
f 112/112/112 124/124/124 123/123/123
f 123/123/123 124/124/124 125/125/125
f 112/112/112 104/104/104 124/124/124
f 124/124/124 126/126/126 125/125/125
f 125/125/125 126/126/126 127/127/127
f 104/104/104 128/128/128 124/124/124
f 124/124/124 128/128/128 126/126/126
f 104/104/104 96/96/96 128/128/128
f 126/126/126 129/129/129 127/127/127
f 127/127/127 129/129/129 130/130/130
f 128/128/128 131/131/131 126/126/126
f 126/126/126 131/131/131 129/129/129
f 96/96/96 132/132/132 128/128/128
f 128/128/128 132/132/132 131/131/131
f 96/96/96 88/88/88 132/132/132
f 129/129/129 133/133/133 130/130/130
f 130/130/130 133/133/133 134/134/134
f 131/131/131 135/135/135 129/129/129
f 129/129/129 135/135/135 133/133/133
f 132/132/132 136/136/136 131/131/131
f 131/131/131 136/136/136 135/135/135
f 88/88/88 137/137/137 132/132/132
f 132/132/132 137/137/137 136/136/136
f 88/88/88 80/80/80 137/137/137
f 133/133/133 138/138/138 134/134/134
f 134/134/134 138/138/138 139/139/139
f 135/135/135 140/140/140 133/133/133
f 133/133/133 140/140/140 138/138/138
f 136/136/136 141/141/141 135/135/135
f 135/135/135 141/141/141 140/140/140
f 137/137/137 142/142/142 136/136/136
f 136/136/136 142/142/142 141/141/141
f 80/80/80 143/143/143 137/137/137
f 137/137/137 143/143/143 142/142/142
f 80/80/80 72/72/72 143/143/143
f 138/138/138 144/144/144 139/139/139
f 139/139/139 144/144/144 145/145/145
f 140/140/140 146/146/146 138/138/138
f 138/138/138 146/146/146 144/144/144
f 141/141/141 147/147/147 140/140/140
f 140/140/140 147/147/147 146/146/146
f 142/142/142 148/148/148 141/141/141
f 141/141/141 148/148/148 147/147/147
f 143/143/143 149/149/149 142/142/142
f 142/142/142 149/149/149 148/148/148
f 72/72/72 150/150/150 143/143/143
f 143/143/143 150/150/150 149/149/149
f 72/72/72 64/64/64 150/150/150
f 144/144/144 151/151/151 145/145/145
f 145/145/145 151/151/151 152/152/152
f 146/146/146 153/153/153 144/144/144
f 144/144/144 153/153/153 151/151/151
f 147/147/147 154/154/154 146/146/146
f 146/146/146 154/154/154 153/153/153
f 148/148/148 155/155/155 147/147/147
f 147/147/147 155/155/155 154/154/154
f 149/149/149 156/156/156 148/148/148
f 148/148/148 156/156/156 155/155/155
f 150/150/150 157/157/157 149/149/149
f 149/149/149 157/157/157 156/156/156
f 64/64/64 158/158/158 150/150/150
f 150/150/150 158/158/158 157/157/157
f 64/64/64 53/53/53 158/158/158
f 53/53/53 159/159/159 158/158/158
f 53/53/53 49/49/49 159/159/159
f 158/158/158 160/160/160 157/157/157
f 158/158/158 159/159/159 160/160/160
f 157/157/157 161/161/161 156/156/156
f 157/157/157 160/160/160 161/161/161
f 156/156/156 162/162/162 155/155/155
f 156/156/156 161/161/161 162/162/162
f 155/155/155 163/163/163 154/154/154
f 155/155/155 162/162/162 163/163/163
f 49/49/49 164/164/164 159/159/159
f 49/49/49 48/48/48 164/164/164
f 159/159/159 165/165/165 160/160/160
f 159/159/159 164/164/164 165/165/165
f 160/160/160 166/166/166 161/161/161
f 160/160/160 165/165/165 166/166/166
f 161/161/161 167/167/167 162/162/162
f 161/161/161 166/166/166 167/167/167
f 48/48/48 168/168/168 164/164/164
f 48/48/48 50/50/50 168/168/168
f 164/164/164 169/169/169 165/165/165
f 164/164/164 168/168/168 169/169/169
f 165/165/165 170/170/170 166/166/166
f 165/165/165 169/169/169 170/170/170
f 162/162/162 171/171/171 163/163/163
f 162/162/162 167/167/167 171/171/171
f 166/166/166 172/172/172 167/167/167
f 166/166/166 170/170/170 172/172/172
f 167/167/167 173/173/173 171/171/171
f 167/167/167 172/172/172 173/173/173
f 50/50/50 174/174/174 168/168/168
f 168/168/168 175/175/175 169/169/169
f 168/168/168 174/174/174 175/175/175
f 169/169/169 176/176/176 170/170/170
f 169/169/169 175/175/175 176/176/176
f 170/170/170 177/177/177 172/172/172
f 170/170/170 176/176/176 177/177/177
f 172/172/172 178/178/178 173/173/173
f 172/172/172 177/177/177 178/178/178
f 50/50/50 179/179/179 174/174/174
f 39/39/39 179/179/179 50/50/50
f 39/39/39 180/180/180 179/179/179
f 31/31/31 180/180/180 39/39/39
f 31/31/31 181/181/181 180/180/180
f 26/26/26 181/181/181 31/31/31
f 26/26/26 182/182/182 181/181/181
f 24/24/24 182/182/182 26/26/26
f 24/24/24 183/183/183 182/182/182
f 25/25/25 183/183/183 24/24/24
f 25/25/25 184/184/184 183/183/183
f 27/27/27 184/184/184 25/25/25
f 27/27/27 185/185/185 184/184/184
f 186/186/186 185/185/185 27/27/27
f 179/179/179 187/187/187 174/174/174
f 180/180/180 188/188/188 179/179/179
f 179/179/179 188/188/188 187/187/187
f 181/181/181 189/189/189 180/180/180
f 180/180/180 189/189/189 188/188/188
f 182/182/182 190/190/190 181/181/181
f 181/181/181 190/190/190 189/189/189
f 183/183/183 191/191/191 182/182/182
f 182/182/182 191/191/191 190/190/190
f 184/184/184 192/192/192 183/183/183
f 183/183/183 192/192/192 191/191/191
f 185/185/185 193/193/193 184/184/184
f 184/184/184 193/193/193 192/192/192
f 174/174/174 187/187/187 194/194/194
f 174/174/174 194/194/194 175/175/175
f 185/185/185 195/195/195 193/193/193
f 196/196/196 195/195/195 185/185/185
f 175/175/175 194/194/194 197/197/197
f 175/175/175 197/197/197 176/176/176
f 176/176/176 197/197/197 198/198/198
f 176/176/176 198/198/198 177/177/177
f 177/177/177 198/198/198 199/199/199
f 177/177/177 199/199/199 178/178/178
f 193/193/193 200/200/200 192/192/192
f 195/195/195 201/201/201 193/193/193
f 193/193/193 201/201/201 200/200/200
f 192/192/192 200/200/200 202/202/202
f 192/192/192 202/202/202 191/191/191
f 195/195/195 203/203/203 201/201/201
f 204/204/204 203/203/203 195/195/195
f 191/191/191 202/202/202 205/205/205
f 191/191/191 205/205/205 190/190/190
f 190/190/190 205/205/205 206/206/206
f 190/190/190 206/206/206 189/189/189
f 189/189/189 206/206/206 207/207/207
f 189/189/189 207/207/207 188/188/188
f 188/188/188 207/207/207 208/208/208
f 188/188/188 208/208/208 187/187/187
f 187/187/187 208/208/208 209/209/209
f 187/187/187 209/209/209 194/194/194
f 194/194/194 209/209/209 210/210/210
f 194/194/194 210/210/210 197/197/197
f 197/197/197 210/210/210 211/211/211
f 197/197/197 211/211/211 198/198/198
f 198/198/198 211/211/211 212/212/212
f 198/198/198 212/212/212 199/199/199
f 205/205/205 213/213/213 206/206/206
f 206/206/206 214/214/214 207/207/207
f 206/206/206 213/213/213 214/214/214
f 207/207/207 215/215/215 208/208/208
f 207/207/207 214/214/214 215/215/215
f 208/208/208 216/216/216 209/209/209
f 208/208/208 215/215/215 216/216/216
f 209/209/209 217/217/217 210/210/210
f 209/209/209 216/216/216 217/217/217
f 210/210/210 218/218/218 211/211/211
f 210/210/210 217/217/217 218/218/218
f 211/211/211 219/219/219 212/212/212
f 211/211/211 218/218/218 219/219/219
f 205/205/205 220/220/220 213/213/213
f 202/202/202 220/220/220 205/205/205
f 202/202/202 221/221/221 220/220/220
f 200/200/200 221/221/221 202/202/202
f 200/200/200 222/222/222 221/221/221
f 201/201/201 222/222/222 200/200/200
f 201/201/201 223/223/223 222/222/222
f 203/203/203 223/223/223 201/201/201
f 203/203/203 224/224/224 223/223/223
f 225/225/225 224/224/224 203/203/203
f 220/220/220 226/226/226 213/213/213
f 221/221/221 227/227/227 220/220/220
f 220/220/220 227/227/227 226/226/226
f 222/222/222 228/228/228 221/221/221
f 221/221/221 228/228/228 227/227/227
f 223/223/223 229/229/229 222/222/222
f 222/222/222 229/229/229 228/228/228
f 224/224/224 230/230/230 223/223/223
f 223/223/223 230/230/230 229/229/229
f 213/213/213 226/226/226 231/231/231
f 213/213/213 231/231/231 214/214/214
f 224/224/224 232/232/232 230/230/230
f 233/233/233 232/232/232 224/224/224
f 214/214/214 231/231/231 234/234/234
f 214/214/214 234/234/234 215/215/215
f 215/215/215 234/234/234 235/235/235
f 215/215/215 235/235/235 216/216/216
f 216/216/216 235/235/235 236/236/236
f 216/216/216 236/236/236 217/217/217
f 217/217/217 236/236/236 237/237/237
f 217/217/217 237/237/237 218/218/218
f 218/218/218 237/237/237 238/238/238
f 218/218/218 238/238/238 219/219/219
f 232/232/232 239/239/239 230/230/230
f 230/230/230 239/239/239 240/240/240
f 230/230/230 240/240/240 229/229/229
f 232/232/232 241/241/241 239/239/239
f 242/242/242 241/241/241 232/232/232
f 229/229/229 240/240/240 243/243/243
f 229/229/229 243/243/243 228/228/228
f 228/228/228 243/243/243 244/244/244
f 228/228/228 244/244/244 227/227/227
f 227/227/227 244/244/244 245/245/245
f 227/227/227 245/245/245 226/226/226
f 226/226/226 245/245/245 246/246/246
f 226/226/226 246/246/246 231/231/231
f 231/231/231 246/246/246 247/247/247
f 231/231/231 247/247/247 234/234/234
f 234/234/234 247/247/247 248/248/248
f 234/234/234 248/248/248 235/235/235
f 235/235/235 248/248/248 249/249/249
f 235/235/235 249/249/249 236/236/236
f 236/236/236 249/249/249 250/250/250
f 236/236/236 250/250/250 237/237/237
f 237/237/237 250/250/250 251/251/251
f 237/237/237 251/251/251 238/238/238
f 244/244/244 252/252/252 245/245/245
f 245/245/245 253/253/253 246/246/246
f 245/245/245 252/252/252 253/253/253
f 246/246/246 254/254/254 247/247/247
f 246/246/246 253/253/253 254/254/254
f 247/247/247 255/255/255 248/248/248
f 247/247/247 254/254/254 255/255/255
f 248/248/248 256/256/256 249/249/249
f 248/248/248 255/255/255 256/256/256
f 249/249/249 257/257/257 250/250/250
f 249/249/249 256/256/256 257/257/257
f 250/250/250 258/258/258 251/251/251
f 250/250/250 257/257/257 258/258/258
f 244/244/244 259/259/259 252/252/252
f 243/243/243 259/259/259 244/244/244
f 243/243/243 260/260/260 259/259/259
f 240/240/240 260/260/260 243/243/243
f 240/240/240 261/261/261 260/260/260
f 239/239/239 261/261/261 240/240/240
f 239/239/239 262/262/262 261/261/261
f 241/241/241 262/262/262 239/239/239
f 241/241/241 263/263/263 262/262/262
f 264/264/264 263/263/263 241/241/241
f 259/259/259 265/265/265 252/252/252
f 260/260/260 266/266/266 259/259/259
f 259/259/259 266/266/266 265/265/265
f 261/261/261 267/267/267 260/260/260
f 260/260/260 267/267/267 266/266/266
f 262/262/262 268/268/268 261/261/261
f 261/261/261 268/268/268 267/267/267
f 263/263/263 269/269/269 262/262/262
f 262/262/262 269/269/269 268/268/268
f 252/252/252 265/265/265 270/270/270
f 252/252/252 270/270/270 253/253/253
f 263/263/263 271/271/271 269/269/269
f 272/272/272 271/271/271 263/263/263
f 253/253/253 270/270/270 273/273/273
f 253/253/253 273/273/273 254/254/254
f 254/254/254 273/273/273 274/274/274
f 254/254/254 274/274/274 255/255/255
f 255/255/255 274/274/274 275/275/275
f 255/255/255 275/275/275 256/256/256
f 256/256/256 275/275/275 276/276/276
f 256/256/256 276/276/276 257/257/257
f 257/257/257 276/276/276 277/277/277
f 257/257/257 277/277/277 258/258/258
f 271/271/271 278/278/278 269/269/269
f 269/269/269 278/278/278 279/279/279
f 269/269/269 279/279/279 268/268/268
f 271/271/271 280/280/280 278/278/278
f 281/281/281 280/280/280 271/271/271
f 268/268/268 279/279/279 282/282/282
f 268/268/268 282/282/282 267/267/267
f 267/267/267 282/282/282 283/283/283
f 267/267/267 283/283/283 266/266/266
f 266/266/266 283/283/283 284/284/284
f 266/266/266 284/284/284 265/265/265
f 265/265/265 284/284/284 285/285/285
f 265/265/265 285/285/285 270/270/270
f 270/270/270 285/285/285 286/286/286
f 270/270/270 286/286/286 273/273/273
f 273/273/273 286/286/286 287/287/287
f 273/273/273 287/287/287 274/274/274
f 274/274/274 287/287/287 288/288/288
f 274/274/274 288/288/288 275/275/275
f 275/275/275 288/288/288 289/289/289
f 275/275/275 289/289/289 276/276/276
f 276/276/276 289/289/289 290/290/290
f 276/276/276 290/290/290 277/277/277
f 283/283/283 291/291/291 284/284/284
f 284/284/284 292/292/292 285/285/285
f 284/284/284 291/291/291 292/292/292
f 285/285/285 293/293/293 286/286/286
f 285/285/285 292/292/292 293/293/293
f 286/286/286 294/294/294 287/287/287
f 286/286/286 293/293/293 294/294/294
f 287/287/287 295/295/295 288/288/288
f 287/287/287 294/294/294 295/295/295
f 288/288/288 296/296/296 289/289/289
f 288/288/288 295/295/295 296/296/296
f 289/289/289 297/297/297 290/290/290
f 289/289/289 296/296/296 297/297/297
f 283/283/283 298/298/298 291/291/291
f 282/282/282 298/298/298 283/283/283
f 282/282/282 299/299/299 298/298/298
f 279/279/279 299/299/299 282/282/282
f 279/279/279 300/300/300 299/299/299
f 278/278/278 300/300/300 279/279/279
f 278/278/278 301/301/301 300/300/300
f 280/280/280 301/301/301 278/278/278
f 280/280/280 302/302/302 301/301/301
f 303/303/303 302/302/302 280/280/280
f 298/298/298 304/304/304 291/291/291
f 299/299/299 305/305/305 298/298/298
f 298/298/298 305/305/305 304/304/304
f 300/300/300 306/306/306 299/299/299
f 299/299/299 306/306/306 305/305/305
f 301/301/301 307/307/307 300/300/300
f 300/300/300 307/307/307 306/306/306
f 302/302/302 308/308/308 301/301/301
f 301/301/301 308/308/308 307/307/307
f 291/291/291 304/304/304 309/309/309
f 291/291/291 309/309/309 292/292/292
f 302/302/302 310/310/310 308/308/308
f 311/311/311 310/310/310 302/302/302
f 292/292/292 309/309/309 312/312/312
f 292/292/292 312/312/312 293/293/293
f 293/293/293 312/312/312 313/313/313
f 293/293/293 313/313/313 294/294/294
f 294/294/294 313/313/313 314/314/314
f 294/294/294 314/314/314 295/295/295
f 295/295/295 314/314/314 315/315/315
f 295/295/295 315/315/315 296/296/296
f 296/296/296 315/315/315 316/316/316
f 296/296/296 316/316/316 297/297/297
f 310/310/310 317/317/317 308/308/308
f 308/308/308 317/317/317 318/318/318
f 308/308/308 318/318/318 307/307/307
f 310/310/310 319/319/319 317/317/317
f 320/320/320 319/319/319 310/310/310
f 307/307/307 318/318/318 321/321/321
f 307/307/307 321/321/321 306/306/306
f 306/306/306 321/321/321 322/322/322
f 306/306/306 322/322/322 305/305/305
f 305/305/305 322/322/322 323/323/323
f 305/305/305 323/323/323 304/304/304
f 304/304/304 323/323/323 324/324/324
f 304/304/304 324/324/324 309/309/309
f 309/309/309 324/324/324 325/325/325
f 309/309/309 325/325/325 312/312/312
f 312/312/312 325/325/325 326/326/326
f 312/312/312 326/326/326 313/313/313
f 313/313/313 326/326/326 327/327/327
f 313/313/313 327/327/327 314/314/314
f 314/314/314 327/327/327 328/328/328
f 314/314/314 328/328/328 315/315/315
f 315/315/315 328/328/328 329/329/329
f 315/315/315 329/329/329 316/316/316
f 322/322/322 330/330/330 323/323/323
f 323/323/323 331/331/331 324/324/324
f 323/323/323 330/330/330 331/331/331
f 324/324/324 332/332/332 325/325/325
f 324/324/324 331/331/331 332/332/332
f 325/325/325 333/333/333 326/326/326
f 325/325/325 332/332/332 333/333/333
f 326/326/326 334/334/334 327/327/327
f 326/326/326 333/333/333 334/334/334
f 327/327/327 335/335/335 328/328/328
f 327/327/327 334/334/334 335/335/335
f 328/328/328 336/336/336 329/329/329
f 328/328/328 335/335/335 336/336/336
f 322/322/322 337/337/337 330/330/330
f 321/321/321 337/337/337 322/322/322
f 321/321/321 338/338/338 337/337/337
f 318/318/318 338/338/338 321/321/321
f 318/318/318 339/339/339 338/338/338
f 317/317/317 339/339/339 318/318/318
f 317/317/317 340/340/340 339/339/339
f 319/319/319 340/340/340 317/317/317
f 319/319/319 341/341/341 340/340/340
f 342/342/342 341/341/341 319/319/319
f 337/337/337 343/343/343 330/330/330
f 338/338/338 344/344/344 337/337/337
f 337/337/337 344/344/344 343/343/343
f 339/339/339 345/345/345 338/338/338
f 338/338/338 345/345/345 344/344/344
f 340/340/340 346/346/346 339/339/339
f 339/339/339 346/346/346 345/345/345
f 341/341/341 347/347/347 340/340/340
f 340/340/340 347/347/347 346/346/346
f 330/330/330 343/343/343 348/348/348
f 330/330/330 348/348/348 331/331/331
f 341/341/341 349/349/349 347/347/347
f 350/350/350 349/349/349 341/341/341
f 331/331/331 348/348/348 351/351/351
f 331/331/331 351/351/351 332/332/332
f 332/332/332 351/351/351 352/352/352
f 332/332/332 352/352/352 333/333/333
f 333/333/333 352/352/352 353/353/353
f 333/333/333 353/353/353 334/334/334
f 334/334/334 353/353/353 354/354/354
f 334/334/334 354/354/354 335/335/335
f 335/335/335 354/354/354 355/355/355
f 335/335/335 355/355/355 336/336/336
f 349/349/349 356/356/356 347/347/347
f 347/347/347 356/356/356 357/357/357
f 347/347/347 357/357/357 346/346/346
f 349/349/349 358/358/358 356/356/356
f 359/359/359 358/358/358 349/349/349
f 346/346/346 357/357/357 360/360/360
f 346/346/346 360/360/360 345/345/345
f 345/345/345 360/360/360 361/361/361
f 345/345/345 361/361/361 344/344/344
f 344/344/344 361/361/361 362/362/362
f 344/344/344 362/362/362 343/343/343
f 343/343/343 362/362/362 363/363/363
f 343/343/343 363/363/363 348/348/348
f 348/348/348 363/363/363 364/364/364
f 348/348/348 364/364/364 351/351/351
f 351/351/351 364/364/364 365/365/365
f 351/351/351 365/365/365 352/352/352
f 352/352/352 365/365/365 366/366/366
f 352/352/352 366/366/366 353/353/353
f 353/353/353 366/366/366 367/367/367
f 353/353/353 367/367/367 354/354/354
f 354/354/354 367/367/367 368/368/368
f 354/354/354 368/368/368 355/355/355
f 361/361/361 369/369/369 362/362/362
f 362/362/362 370/370/370 363/363/363
f 362/362/362 369/369/369 370/370/370
f 363/363/363 371/371/371 364/364/364
f 363/363/363 370/370/370 371/371/371
f 364/364/364 372/372/372 365/365/365
f 364/364/364 371/371/371 372/372/372
f 365/365/365 373/373/373 366/366/366
f 365/365/365 372/372/372 373/373/373
f 366/366/366 374/374/374 367/367/367
f 366/366/366 373/373/373 374/374/374
f 367/367/367 375/375/375 368/368/368
f 367/367/367 374/374/374 375/375/375
f 361/361/361 376/376/376 369/369/369
f 360/360/360 376/376/376 361/361/361
f 360/360/360 377/377/377 376/376/376
f 357/357/357 377/377/377 360/360/360
f 357/357/357 378/378/378 377/377/377
f 356/356/356 378/378/378 357/357/357
f 356/356/356 379/379/379 378/378/378
f 358/358/358 379/379/379 356/356/356
f 358/358/358 380/380/380 379/379/379
f 381/381/381 380/380/380 358/358/358
f 376/376/376 382/382/382 369/369/369
f 377/377/377 383/383/383 376/376/376
f 376/376/376 383/383/383 382/382/382
f 378/378/378 384/384/384 377/377/377
f 377/377/377 384/384/384 383/383/383
f 379/379/379 385/385/385 378/378/378
f 378/378/378 385/385/385 384/384/384
f 380/380/380 386/386/386 379/379/379
f 379/379/379 386/386/386 385/385/385
f 369/369/369 382/382/382 387/387/387
f 369/369/369 387/387/387 370/370/370
f 380/380/380 388/388/388 386/386/386
f 389/389/389 388/388/388 380/380/380
f 370/370/370 387/387/387 390/390/390
f 370/370/370 390/390/390 371/371/371
f 371/371/371 390/390/390 391/391/391
f 371/371/371 391/391/391 372/372/372
f 372/372/372 391/391/391 392/392/392
f 372/372/372 392/392/392 373/373/373
f 373/373/373 392/392/392 393/393/393
f 373/373/373 393/393/393 374/374/374
f 374/374/374 393/393/393 394/394/394
f 374/374/374 394/394/394 375/375/375
f 388/388/388 395/395/395 386/386/386
f 386/386/386 395/395/395 396/396/396
f 386/386/386 396/396/396 385/385/385
f 388/388/388 397/397/397 395/395/395
f 398/398/398 397/397/397 388/388/388
f 385/385/385 396/396/396 399/399/399
f 385/385/385 399/399/399 384/384/384
f 384/384/384 399/399/399 400/400/400
f 384/384/384 400/400/400 383/383/383
f 383/383/383 400/400/400 401/401/401
f 383/383/383 401/401/401 382/382/382
f 382/382/382 401/401/401 402/402/402
f 382/382/382 402/402/402 387/387/387
f 387/387/387 402/402/402 403/403/403
f 387/387/387 403/403/403 390/390/390
f 390/390/390 403/403/403 404/404/404
f 390/390/390 404/404/404 391/391/391
f 391/391/391 404/404/404 405/405/405
f 391/391/391 405/405/405 392/392/392
f 392/392/392 405/405/405 406/406/406
f 392/392/392 406/406/406 393/393/393
f 393/393/393 406/406/406 407/407/407
f 393/393/393 407/407/407 394/394/394
f 400/400/400 408/408/408 401/401/401
f 401/401/401 409/409/409 402/402/402
f 401/401/401 408/408/408 409/409/409
f 402/402/402 410/410/410 403/403/403
f 402/402/402 409/409/409 410/410/410
f 403/403/403 411/411/411 404/404/404
f 403/403/403 410/410/410 411/411/411
f 404/404/404 412/412/412 405/405/405
f 404/404/404 411/411/411 412/412/412
f 405/405/405 413/413/413 406/406/406
f 405/405/405 412/412/412 413/413/413
f 406/406/406 414/414/414 407/407/407
f 406/406/406 413/413/413 414/414/414
f 400/400/400 415/415/415 408/408/408
f 399/399/399 415/415/415 400/400/400
f 399/399/399 416/416/416 415/415/415
f 396/396/396 416/416/416 399/399/399
f 396/396/396 417/417/417 416/416/416
f 395/395/395 417/417/417 396/396/396
f 395/395/395 418/418/418 417/417/417
f 397/397/397 418/418/418 395/395/395
f 397/397/397 419/419/419 418/418/418
f 420/420/420 419/419/419 397/397/397
f 415/415/415 421/421/421 408/408/408
f 416/416/416 422/422/422 415/415/415
f 415/415/415 422/422/422 421/421/421
f 417/417/417 423/423/423 416/416/416
f 416/416/416 423/423/423 422/422/422
f 418/418/418 424/424/424 417/417/417
f 417/417/417 424/424/424 423/423/423
f 419/419/419 425/425/425 418/418/418
f 418/418/418 425/425/425 424/424/424
f 408/408/408 421/421/421 426/426/426
f 408/408/408 426/426/426 409/409/409
f 419/419/419 427/427/427 425/425/425
f 428/428/428 427/427/427 419/419/419
f 409/409/409 426/426/426 429/429/429
f 409/409/409 429/429/429 410/410/410
f 410/410/410 429/429/429 430/430/430
f 410/410/410 430/430/430 411/411/411
f 411/411/411 430/430/430 431/431/431
f 411/411/411 431/431/431 412/412/412
f 412/412/412 431/431/431 432/432/432
f 412/412/412 432/432/432 413/413/413
f 413/413/413 432/432/432 433/433/433
f 413/413/413 433/433/433 414/414/414
f 427/427/427 434/434/434 425/425/425
f 425/425/425 434/434/434 435/435/435
f 425/425/425 435/435/435 424/424/424
f 427/427/427 436/436/436 434/434/434
f 437/437/437 436/436/436 427/427/427
f 424/424/424 435/435/435 438/438/438
f 424/424/424 438/438/438 423/423/423
f 423/423/423 438/438/438 439/439/439
f 423/423/423 439/439/439 422/422/422
f 422/422/422 439/439/439 440/440/440
f 422/422/422 440/440/440 421/421/421
f 421/421/421 440/440/440 441/441/441
f 421/421/421 441/441/441 426/426/426
f 426/426/426 441/441/441 442/442/442
f 426/426/426 442/442/442 429/429/429
f 429/429/429 442/442/442 443/443/443
f 429/429/429 443/443/443 430/430/430
f 430/430/430 443/443/443 444/444/444
f 430/430/430 444/444/444 431/431/431
f 431/431/431 444/444/444 445/445/445
f 431/431/431 445/445/445 432/432/432
f 432/432/432 445/445/445 446/446/446
f 432/432/432 446/446/446 433/433/433
f 439/439/439 447/447/447 440/440/440
f 440/440/440 448/448/448 441/441/441
f 440/440/440 447/447/447 448/448/448
f 441/441/441 449/449/449 442/442/442
f 441/441/441 448/448/448 449/449/449
f 442/442/442 450/450/450 443/443/443
f 442/442/442 449/449/449 450/450/450
f 443/443/443 451/451/451 444/444/444
f 443/443/443 450/450/450 451/451/451
f 444/444/444 452/452/452 445/445/445
f 444/444/444 451/451/451 452/452/452
f 445/445/445 453/453/453 446/446/446
f 445/445/445 452/452/452 453/453/453
f 439/439/439 454/454/454 447/447/447
f 438/438/438 454/454/454 439/439/439
f 438/438/438 455/455/455 454/454/454
f 435/435/435 455/455/455 438/438/438
f 435/435/435 456/456/456 455/455/455
f 434/434/434 456/456/456 435/435/435
f 434/434/434 457/457/457 456/456/456
f 436/436/436 457/457/457 434/434/434
f 436/436/436 458/458/458 457/457/457
f 459/459/459 458/458/458 436/436/436
f 454/454/454 460/460/460 447/447/447
f 455/455/455 461/461/461 454/454/454
f 454/454/454 461/461/461 460/460/460
f 456/456/456 462/462/462 455/455/455
f 455/455/455 462/462/462 461/461/461
f 457/457/457 463/463/463 456/456/456
f 456/456/456 463/463/463 462/462/462
f 458/458/458 464/464/464 457/457/457
f 457/457/457 464/464/464 463/463/463
f 447/447/447 460/460/460 465/465/465
f 447/447/447 465/465/465 448/448/448
f 458/458/458 466/466/466 464/464/464
f 467/467/467 466/466/466 458/458/458
f 448/448/448 465/465/465 468/468/468
f 448/448/448 468/468/468 449/449/449
f 449/449/449 468/468/468 469/469/469
f 449/449/449 469/469/469 450/450/450
f 450/450/450 469/469/469 470/470/470
f 450/450/450 470/470/470 451/451/451
f 451/451/451 470/470/470 471/471/471
f 451/451/451 471/471/471 452/452/452
f 452/452/452 471/471/471 472/472/472
f 452/452/452 472/472/472 453/453/453
f 466/466/466 473/473/473 464/464/464
f 464/464/464 473/473/473 474/474/474
f 464/464/464 474/474/474 463/463/463
f 466/466/466 475/475/475 473/473/473
f 476/476/476 475/475/475 466/466/466
f 463/463/463 474/474/474 477/477/477
f 463/463/463 477/477/477 462/462/462
f 462/462/462 477/477/477 478/478/478
f 462/462/462 478/478/478 461/461/461
f 461/461/461 478/478/478 479/479/479
f 461/461/461 479/479/479 460/460/460
f 460/460/460 479/479/479 480/480/480
f 460/460/460 480/480/480 465/465/465
f 465/465/465 480/480/480 481/481/481
f 465/465/465 481/481/481 468/468/468
f 468/468/468 481/481/481 482/482/482
f 468/468/468 482/482/482 469/469/469
f 469/469/469 482/482/482 483/483/483
f 469/469/469 483/483/483 470/470/470
f 470/470/470 483/483/483 484/484/484
f 470/470/470 484/484/484 471/471/471
f 471/471/471 484/484/484 485/485/485
f 471/471/471 485/485/485 472/472/472
f 478/478/478 486/486/486 479/479/479
f 479/479/479 487/487/487 480/480/480
f 479/479/479 486/486/486 487/487/487
f 480/480/480 488/488/488 481/481/481
f 480/480/480 487/487/487 488/488/488
f 481/481/481 489/489/489 482/482/482
f 481/481/481 488/488/488 489/489/489
f 482/482/482 490/490/490 483/483/483
f 482/482/482 489/489/489 490/490/490
f 483/483/483 491/491/491 484/484/484
f 483/483/483 490/490/490 491/491/491
f 484/484/484 492/492/492 485/485/485
f 484/484/484 491/491/491 492/492/492
f 478/478/478 493/493/493 486/486/486
f 477/477/477 493/493/493 478/478/478
f 477/477/477 494/494/494 493/493/493
f 474/474/474 494/494/494 477/477/477
f 474/474/474 495/495/495 494/494/494
f 473/473/473 495/495/495 474/474/474
f 473/473/473 496/496/496 495/495/495
f 475/475/475 496/496/496 473/473/473
f 475/475/475 497/497/497 496/496/496
f 498/498/498 497/497/497 475/475/475
f 493/493/493 499/499/499 486/486/486
f 494/494/494 500/500/500 493/493/493
f 493/493/493 500/500/500 499/499/499
f 495/495/495 501/501/501 494/494/494
f 494/494/494 501/501/501 500/500/500
f 496/496/496 502/502/502 495/495/495
f 495/495/495 502/502/502 501/501/501
f 497/497/497 503/503/503 496/496/496
f 496/496/496 503/503/503 502/502/502
f 486/486/486 499/499/499 504/504/504
f 486/486/486 504/504/504 487/487/487
f 497/497/497 505/505/505 503/503/503
f 506/506/506 505/505/505 497/497/497
f 487/487/487 504/504/504 507/507/507
f 487/487/487 507/507/507 488/488/488
f 488/488/488 507/507/507 508/508/508
f 488/488/488 508/508/508 489/489/489
f 489/489/489 508/508/508 509/509/509
f 489/489/489 509/509/509 490/490/490
f 490/490/490 509/509/509 510/510/510
f 490/490/490 510/510/510 491/491/491
f 491/491/491 510/510/510 511/511/511
f 491/491/491 511/511/511 492/492/492
f 505/505/505 512/512/512 503/503/503
f 503/503/503 512/512/512 513/513/513
f 503/503/503 513/513/513 502/502/502
f 505/505/505 514/514/514 512/512/512
f 515/515/515 514/514/514 505/505/505
f 502/502/502 513/513/513 516/516/516
f 502/502/502 516/516/516 501/501/501
f 501/501/501 516/516/516 517/517/517
f 501/501/501 517/517/517 500/500/500
f 500/500/500 517/517/517 518/518/518
f 500/500/500 518/518/518 499/499/499
f 499/499/499 518/518/518 519/519/519
f 499/499/499 519/519/519 504/504/504
f 504/504/504 519/519/519 520/520/520
f 504/504/504 520/520/520 507/507/507
f 507/507/507 520/520/520 521/521/521
f 507/507/507 521/521/521 508/508/508
f 508/508/508 521/521/521 522/522/522
f 508/508/508 522/522/522 509/509/509
f 509/509/509 522/522/522 523/523/523
f 509/509/509 523/523/523 510/510/510
f 510/510/510 523/523/523 524/524/524
f 510/510/510 524/524/524 511/511/511
f 517/517/517 525/525/525 518/518/518
f 518/518/518 526/526/526 519/519/519
f 518/518/518 525/525/525 526/526/526
f 519/519/519 527/527/527 520/520/520
f 519/519/519 526/526/526 527/527/527
f 520/520/520 528/528/528 521/521/521
f 520/520/520 527/527/527 528/528/528
f 521/521/521 529/529/529 522/522/522
f 521/521/521 528/528/528 529/529/529
f 522/522/522 530/530/530 523/523/523
f 522/522/522 529/529/529 530/530/530
f 523/523/523 531/531/531 524/524/524
f 523/523/523 530/530/530 531/531/531
f 517/517/517 532/532/532 525/525/525
f 516/516/516 532/532/532 517/517/517
f 516/516/516 533/533/533 532/532/532
f 513/513/513 533/533/533 516/516/516
f 513/513/513 534/534/534 533/533/533
f 512/512/512 534/534/534 513/513/513
f 512/512/512 535/535/535 534/534/534
f 514/514/514 535/535/535 512/512/512
f 514/514/514 536/536/536 535/535/535
f 537/537/537 536/536/536 514/514/514
f 532/532/532 538/538/538 525/525/525
f 533/533/533 539/539/539 532/532/532
f 532/532/532 539/539/539 538/538/538
f 534/534/534 540/540/540 533/533/533
f 533/533/533 540/540/540 539/539/539
f 535/535/535 541/541/541 534/534/534
f 534/534/534 541/541/541 540/540/540
f 536/536/536 542/542/542 535/535/535
f 535/535/535 542/542/542 541/541/541
f 525/525/525 538/538/538 543/543/543
f 525/525/525 543/543/543 526/526/526
f 536/536/536 544/544/544 542/542/542
f 545/545/545 544/544/544 536/536/536
f 526/526/526 543/543/543 546/546/546
f 526/526/526 546/546/546 527/527/527
f 527/527/527 546/546/546 547/547/547
f 527/527/527 547/547/547 528/528/528
f 528/528/528 547/547/547 548/548/548
f 528/528/528 548/548/548 529/529/529
f 529/529/529 548/548/548 549/549/549
f 529/529/529 549/549/549 530/530/530
f 530/530/530 549/549/549 550/550/550
f 530/530/530 550/550/550 531/531/531
f 544/544/544 551/551/551 542/542/542
f 542/542/542 551/551/551 552/552/552
f 542/542/542 552/552/552 541/541/541
f 544/544/544 553/553/553 551/551/551
f 554/554/554 553/553/553 544/544/544
f 541/541/541 552/552/552 555/555/555
f 541/541/541 555/555/555 540/540/540
f 540/540/540 555/555/555 556/556/556
f 540/540/540 556/556/556 539/539/539
f 539/539/539 556/556/556 557/557/557
f 539/539/539 557/557/557 538/538/538
f 538/538/538 557/557/557 558/558/558
f 538/538/538 558/558/558 543/543/543
f 543/543/543 558/558/558 559/559/559
f 543/543/543 559/559/559 546/546/546
f 546/546/546 559/559/559 560/560/560
f 546/546/546 560/560/560 547/547/547
f 547/547/547 560/560/560 561/561/561
f 547/547/547 561/561/561 548/548/548
f 548/548/548 561/561/561 562/562/562
f 548/548/548 562/562/562 549/549/549
f 549/549/549 562/562/562 563/563/563
f 549/549/549 563/563/563 550/550/550
f 556/556/556 564/564/564 557/557/557
f 557/557/557 565/565/565 558/558/558
f 557/557/557 564/564/564 565/565/565
f 558/558/558 566/566/566 559/559/559
f 558/558/558 565/565/565 566/566/566
f 559/559/559 567/567/567 560/560/560
f 559/559/559 566/566/566 567/567/567
f 560/560/560 568/568/568 561/561/561
f 560/560/560 567/567/567 568/568/568
f 561/561/561 569/569/569 562/562/562
f 561/561/561 568/568/568 569/569/569
f 562/562/562 570/570/570 563/563/563
f 562/562/562 569/569/569 570/570/570
f 556/556/556 571/571/571 564/564/564
f 555/555/555 571/571/571 556/556/556
f 555/555/555 572/572/572 571/571/571
f 552/552/552 572/572/572 555/555/555
f 552/552/552 573/573/573 572/572/572
f 551/551/551 573/573/573 552/552/552
f 551/551/551 574/574/574 573/573/573
f 553/553/553 574/574/574 551/551/551
f 553/553/553 575/575/575 574/574/574
f 576/576/576 575/575/575 553/553/553
f 571/571/571 577/577/577 564/564/564
f 572/572/572 578/578/578 571/571/571
f 571/571/571 578/578/578 577/577/577
f 573/573/573 579/579/579 572/572/572
f 572/572/572 579/579/579 578/578/578
f 574/574/574 580/580/580 573/573/573
f 573/573/573 580/580/580 579/579/579
f 575/575/575 581/581/581 574/574/574
f 574/574/574 581/581/581 580/580/580
f 564/564/564 577/577/577 582/582/582
f 564/564/564 582/582/582 565/565/565
f 575/575/575 583/583/583 581/581/581
f 584/584/584 583/583/583 575/575/575
f 565/565/565 582/582/582 585/585/585
f 565/565/565 585/585/585 566/566/566
f 566/566/566 585/585/585 586/586/586
f 566/566/566 586/586/586 567/567/567
f 567/567/567 586/586/586 587/587/587
f 567/567/567 587/587/587 568/568/568
f 568/568/568 587/587/587 588/588/588
f 568/568/568 588/588/588 569/569/569
f 569/569/569 588/588/588 589/589/589
f 569/569/569 589/589/589 570/570/570
f 583/583/583 590/590/590 581/581/581
f 583/583/583 591/591/591 590/590/590
f 592/592/592 591/591/591 583/583/583
f 591/591/591 593/593/593 590/590/590
f 581/581/581 590/590/590 594/594/594
f 581/581/581 594/594/594 580/580/580
f 590/590/590 593/593/593 595/595/595
f 590/590/590 595/595/595 594/594/594
f 593/593/593 596/596/596 595/595/595
f 580/580/580 594/594/594 597/597/597
f 580/580/580 597/597/597 579/579/579
f 594/594/594 595/595/595 598/598/598
f 594/594/594 598/598/598 597/597/597
f 595/595/595 596/596/596 599/599/599
f 595/595/595 599/599/599 598/598/598
f 596/596/596 600/600/600 599/599/599
f 579/579/579 597/597/597 601/601/601
f 579/579/579 601/601/601 578/578/578
f 597/597/597 598/598/598 602/602/602
f 597/597/597 602/602/602 601/601/601
f 598/598/598 599/599/599 603/603/603
f 598/598/598 603/603/603 602/602/602
f 599/599/599 600/600/600 604/604/604
f 599/599/599 604/604/604 603/603/603
f 600/600/600 605/605/605 604/604/604
f 578/578/578 601/601/601 606/606/606
f 578/578/578 606/606/606 577/577/577
f 601/601/601 602/602/602 607/607/607
f 601/601/601 607/607/607 606/606/606
f 602/602/602 603/603/603 608/608/608
f 602/602/602 608/608/608 607/607/607
f 603/603/603 604/604/604 609/609/609
f 603/603/603 609/609/609 608/608/608
f 604/604/604 605/605/605 610/610/610
f 604/604/604 610/610/610 609/609/609
f 605/605/605 611/611/611 610/610/610
f 577/577/577 606/606/606 612/612/612
f 577/577/577 612/612/612 582/582/582
f 606/606/606 607/607/607 613/613/613
f 606/606/606 613/613/613 612/612/612
f 607/607/607 608/608/608 614/614/614
f 607/607/607 614/614/614 613/613/613
f 608/608/608 609/609/609 615/615/615
f 608/608/608 615/615/615 614/614/614
f 609/609/609 610/610/610 616/616/616
f 609/609/609 616/616/616 615/615/615
f 610/610/610 611/611/611 617/617/617
f 610/610/610 617/617/617 616/616/616
f 611/611/611 618/618/618 617/617/617
f 582/582/582 612/612/612 619/619/619
f 582/582/582 619/619/619 585/585/585
f 612/612/612 613/613/613 620/620/620
f 612/612/612 620/620/620 619/619/619
f 613/613/613 614/614/614 621/621/621
f 613/613/613 621/621/621 620/620/620
f 614/614/614 615/615/615 622/622/622
f 614/614/614 622/622/622 621/621/621
f 615/615/615 616/616/616 623/623/623
f 615/615/615 623/623/623 622/622/622
f 616/616/616 617/617/617 624/624/624
f 616/616/616 624/624/624 623/623/623
f 617/617/617 618/618/618 625/625/625
f 617/617/617 625/625/625 624/624/624
f 618/618/618 626/626/626 625/625/625
f 625/625/625 626/626/626 627/627/627
f 626/626/626 628/628/628 627/627/627
f 624/624/624 625/625/625 629/629/629
f 625/625/625 627/627/627 629/629/629
f 623/623/623 624/624/624 630/630/630
f 624/624/624 629/629/629 630/630/630
f 622/622/622 623/623/623 631/631/631
f 623/623/623 630/630/630 631/631/631
f 621/621/621 622/622/622 632/632/632
f 622/622/622 631/631/631 632/632/632
f 627/627/627 628/628/628 633/633/633
f 628/628/628 634/634/634 633/633/633
f 629/629/629 627/627/627 635/635/635
f 627/627/627 633/633/633 635/635/635
f 630/630/630 629/629/629 636/636/636
f 629/629/629 635/635/635 636/636/636
f 631/631/631 630/630/630 637/637/637
f 630/630/630 636/636/636 637/637/637
f 633/633/633 634/634/634 638/638/638
f 634/634/634 639/639/639 638/638/638
f 635/635/635 633/633/633 640/640/640
f 633/633/633 638/638/638 640/640/640
f 636/636/636 635/635/635 641/641/641
f 635/635/635 640/640/640 641/641/641
f 638/638/638 639/639/639 642/642/642
f 639/639/639 643/643/643 642/642/642
f 640/640/640 638/638/638 644/644/644
f 638/638/638 642/642/642 644/644/644
f 642/642/642 643/643/643 645/645/645
f 643/643/643 646/646/646 645/645/645
f 631/631/631 637/637/637 647/647/647
f 632/632/632 631/631/631 647/647/647
f 637/637/637 636/636/636 648/648/648
f 636/636/636 641/641/641 648/648/648
f 641/641/641 640/640/640 649/649/649
f 640/640/640 644/644/644 649/649/649
f 644/644/644 642/642/642 650/650/650
f 642/642/642 645/645/645 650/650/650
f 645/645/645 646/646/646 651/651/651
f 646/646/646 652/652/652 651/651/651
f 647/647/647 637/637/637 653/653/653
f 637/637/637 648/648/648 653/653/653
f 648/648/648 641/641/641 654/654/654
f 641/641/641 649/649/649 654/654/654
f 649/649/649 644/644/644 655/655/655
f 644/644/644 650/650/650 655/655/655
f 650/650/650 645/645/645 656/656/656
f 645/645/645 651/651/651 656/656/656
f 651/651/651 652/652/652 657/657/657
f 652/652/652 658/658/658 657/657/657
f 657/657/657 658/658/658 659/659/659
f 658/658/658 660/660/660 659/659/659
f 657/657/657 659/659/659 661/661/661
f 651/651/651 657/657/657 662/662/662
f 662/662/662 657/657/657 661/661/661
f 656/656/656 651/651/651 662/662/662
f 662/662/662 661/661/661 663/663/663
f 664/664/664 662/662/662 663/663/663
f 656/656/656 662/662/662 664/664/664
f 664/664/664 663/663/663 665/665/665
f 650/650/650 656/656/656 666/666/666
f 666/666/666 656/656/656 664/664/664
f 655/655/655 650/650/650 666/666/666
f 667/667/667 664/664/664 665/665/665
f 666/666/666 664/664/664 667/667/667
f 667/667/667 665/665/665 668/668/668
f 655/655/655 666/666/666 669/669/669
f 669/669/669 666/666/666 667/667/667
f 670/670/670 667/667/667 668/668/668
f 669/669/669 667/667/667 670/670/670
f 670/670/670 668/668/668 671/671/671
f 672/672/672 655/655/655 669/669/669
f 649/649/649 655/655/655 672/672/672
f 654/654/654 649/649/649 672/672/672
f 673/673/673 670/670/670 671/671/671
f 673/673/673 671/671/671 674/674/674
f 675/675/675 669/669/669 670/670/670
f 672/672/672 669/669/669 675/675/675
f 675/675/675 670/670/670 673/673/673
f 654/654/654 672/672/672 676/676/676
f 676/676/676 672/672/672 675/675/675
f 677/677/677 673/673/673 674/674/674
f 677/677/677 674/674/674 678/678/678
f 679/679/679 675/675/675 673/673/673
f 676/676/676 675/675/675 679/679/679
f 679/679/679 673/673/673 677/677/677
f 680/680/680 654/654/654 676/676/676
f 648/648/648 654/654/654 680/680/680
f 653/653/653 648/648/648 680/680/680
f 681/681/681 677/677/677 678/678/678
f 681/681/681 678/678/678 682/682/682
f 683/683/683 679/679/679 677/677/677
f 683/683/683 677/677/677 681/681/681
f 684/684/684 676/676/676 679/679/679
f 680/680/680 676/676/676 684/684/684
f 684/684/684 679/679/679 683/683/683
f 653/653/653 680/680/680 685/685/685
f 685/685/685 680/680/680 684/684/684
f 686/686/686 681/681/681 682/682/682
f 686/686/686 682/682/682 687/687/687
f 688/688/688 683/683/683 681/681/681
f 688/688/688 681/681/681 686/686/686
f 689/689/689 684/684/684 683/683/683
f 685/685/685 684/684/684 689/689/689
f 689/689/689 683/683/683 688/688/688
f 690/690/690 653/653/653 685/685/685
f 647/647/647 653/653/653 690/690/690
f 691/691/691 686/686/686 687/687/687
f 691/691/691 687/687/687 692/692/692
f 693/693/693 688/688/688 686/686/686
f 693/693/693 686/686/686 691/691/691
f 694/694/694 689/689/689 688/688/688
f 694/694/694 688/688/688 693/693/693
f 695/695/695 685/685/685 689/689/689
f 690/690/690 685/685/685 695/695/695
f 695/695/695 689/689/689 694/694/694
f 696/696/696 647/647/647 690/690/690
f 632/632/632 647/647/647 696/696/696
f 697/697/697 691/691/691 692/692/692
f 697/697/697 692/692/692 698/698/698
f 699/699/699 693/693/693 691/691/691
f 699/699/699 691/691/691 697/697/697
f 700/700/700 694/694/694 693/693/693
f 700/700/700 693/693/693 699/699/699
f 701/701/701 695/695/695 694/694/694
f 701/701/701 694/694/694 700/700/700
f 702/702/702 690/690/690 695/695/695
f 696/696/696 690/690/690 702/702/702
f 702/702/702 695/695/695 701/701/701
f 703/703/703 632/632/632 696/696/696
f 621/621/621 632/632/632 703/703/703
f 620/620/620 621/621/621 703/703/703
f 704/704/704 696/696/696 702/702/702
f 703/703/703 696/696/696 704/704/704
f 620/620/620 703/703/703 705/705/705
f 705/705/705 703/703/703 704/704/704
f 619/619/619 620/620/620 705/705/705
f 706/706/706 702/702/702 701/701/701
f 704/704/704 702/702/702 706/706/706
f 707/707/707 701/701/701 700/700/700
f 706/706/706 701/701/701 707/707/707
f 619/619/619 705/705/705 708/708/708
f 585/585/585 619/619/619 708/708/708
f 585/585/585 708/708/708 586/586/586
f 705/705/705 704/704/704 709/709/709
f 709/709/709 704/704/704 706/706/706
f 708/708/708 705/705/705 709/709/709
f 586/586/586 708/708/708 710/710/710
f 708/708/708 709/709/709 710/710/710
f 586/586/586 710/710/710 587/587/587
f 709/709/709 706/706/706 711/711/711
f 710/710/710 709/709/709 711/711/711
f 711/711/711 706/706/706 707/707/707
f 587/587/587 710/710/710 712/712/712
f 710/710/710 711/711/711 712/712/712
f 587/587/587 712/712/712 588/588/588
f 707/707/707 700/700/700 713/713/713
f 713/713/713 700/700/700 699/699/699
f 711/711/711 707/707/707 714/714/714
f 712/712/712 711/711/711 714/714/714
f 714/714/714 707/707/707 713/713/713
f 588/588/588 712/712/712 715/715/715
f 712/712/712 714/714/714 715/715/715
f 588/588/588 715/715/715 589/589/589
f 713/713/713 699/699/699 716/716/716
f 716/716/716 699/699/699 697/697/697
f 714/714/714 713/713/713 717/717/717
f 715/715/715 714/714/714 717/717/717
f 717/717/717 713/713/713 716/716/716
f 589/589/589 715/715/715 718/718/718
f 715/715/715 717/717/717 718/718/718
f 716/716/716 697/697/697 719/719/719
f 719/719/719 697/697/697 698/698/698
f 719/719/719 698/698/698 720/720/720
f 717/717/717 716/716/716 721/721/721
f 721/721/721 716/716/716 719/719/719
f 718/718/718 717/717/717 721/721/721
f 722/722/722 719/719/719 720/720/720
f 721/721/721 719/719/719 722/722/722
f 722/722/722 720/720/720 723/723/723
f 589/589/589 718/718/718 724/724/724
f 570/570/570 589/589/589 724/724/724
f 718/718/718 721/721/721 725/725/725
f 725/725/725 721/721/721 722/722/722
f 724/724/724 718/718/718 725/725/725
f 726/726/726 722/722/722 723/723/723
f 725/725/725 722/722/722 726/726/726
f 726/726/726 723/723/723 727/727/727
f 570/570/570 724/724/724 728/728/728
f 563/563/563 570/570/570 728/728/728
f 724/724/724 725/725/725 729/729/729
f 729/729/729 725/725/725 726/726/726
f 728/728/728 724/724/724 729/729/729
f 730/730/730 726/726/726 727/727/727
f 729/729/729 726/726/726 730/730/730
f 730/730/730 727/727/727 731/731/731
f 563/563/563 728/728/728 732/732/732
f 550/550/550 563/563/563 732/732/732
f 728/728/728 729/729/729 733/733/733
f 733/733/733 729/729/729 730/730/730
f 732/732/732 728/728/728 733/733/733
f 734/734/734 730/730/730 731/731/731
f 733/733/733 730/730/730 734/734/734
f 734/734/734 731/731/731 735/735/735
f 550/550/550 732/732/732 736/736/736
f 531/531/531 550/550/550 736/736/736
f 732/732/732 733/733/733 737/737/737
f 737/737/737 733/733/733 734/734/734
f 736/736/736 732/732/732 737/737/737
f 738/738/738 734/734/734 735/735/735
f 737/737/737 734/734/734 738/738/738
f 738/738/738 735/735/735 739/739/739
f 531/531/531 736/736/736 740/740/740
f 524/524/524 531/531/531 740/740/740
f 736/736/736 737/737/737 741/741/741
f 741/741/741 737/737/737 738/738/738
f 740/740/740 736/736/736 741/741/741
f 742/742/742 738/738/738 739/739/739
f 741/741/741 738/738/738 742/742/742
f 742/742/742 739/739/739 743/743/743
f 524/524/524 740/740/740 744/744/744
f 511/511/511 524/524/524 744/744/744
f 740/740/740 741/741/741 745/745/745
f 745/745/745 741/741/741 742/742/742
f 744/744/744 740/740/740 745/745/745
f 746/746/746 742/742/742 743/743/743
f 745/745/745 742/742/742 746/746/746
f 746/746/746 743/743/743 747/747/747
f 511/511/511 744/744/744 748/748/748
f 492/492/492 511/511/511 748/748/748
f 744/744/744 745/745/745 749/749/749
f 749/749/749 745/745/745 746/746/746
f 748/748/748 744/744/744 749/749/749
f 750/750/750 746/746/746 747/747/747
f 749/749/749 746/746/746 750/750/750
f 750/750/750 747/747/747 751/751/751
f 492/492/492 748/748/748 752/752/752
f 485/485/485 492/492/492 752/752/752
f 748/748/748 749/749/749 753/753/753
f 753/753/753 749/749/749 750/750/750
f 752/752/752 748/748/748 753/753/753
f 754/754/754 750/750/750 751/751/751
f 753/753/753 750/750/750 754/754/754
f 754/754/754 751/751/751 755/755/755
f 485/485/485 752/752/752 756/756/756
f 472/472/472 485/485/485 756/756/756
f 752/752/752 753/753/753 757/757/757
f 757/757/757 753/753/753 754/754/754
f 756/756/756 752/752/752 757/757/757
f 758/758/758 754/754/754 755/755/755
f 757/757/757 754/754/754 758/758/758
f 758/758/758 755/755/755 759/759/759
f 472/472/472 756/756/756 760/760/760
f 453/453/453 472/472/472 760/760/760
f 756/756/756 757/757/757 761/761/761
f 761/761/761 757/757/757 758/758/758
f 760/760/760 756/756/756 761/761/761
f 762/762/762 758/758/758 759/759/759
f 761/761/761 758/758/758 762/762/762
f 762/762/762 759/759/759 763/763/763
f 453/453/453 760/760/760 764/764/764
f 446/446/446 453/453/453 764/764/764
f 760/760/760 761/761/761 765/765/765
f 765/765/765 761/761/761 762/762/762
f 764/764/764 760/760/760 765/765/765
f 766/766/766 762/762/762 763/763/763
f 765/765/765 762/762/762 766/766/766
f 766/766/766 763/763/763 767/767/767
f 446/446/446 764/764/764 768/768/768
f 433/433/433 446/446/446 768/768/768
f 764/764/764 765/765/765 769/769/769
f 769/769/769 765/765/765 766/766/766
f 768/768/768 764/764/764 769/769/769
f 770/770/770 766/766/766 767/767/767
f 769/769/769 766/766/766 770/770/770
f 770/770/770 767/767/767 771/771/771
f 433/433/433 768/768/768 772/772/772
f 414/414/414 433/433/433 772/772/772
f 768/768/768 769/769/769 773/773/773
f 773/773/773 769/769/769 770/770/770
f 772/772/772 768/768/768 773/773/773
f 774/774/774 770/770/770 771/771/771
f 773/773/773 770/770/770 774/774/774
f 774/774/774 771/771/771 775/775/775
f 414/414/414 772/772/772 776/776/776
f 407/407/407 414/414/414 776/776/776
f 772/772/772 773/773/773 777/777/777
f 777/777/777 773/773/773 774/774/774
f 776/776/776 772/772/772 777/777/777
f 778/778/778 774/774/774 775/775/775
f 777/777/777 774/774/774 778/778/778
f 778/778/778 775/775/775 779/779/779
f 407/407/407 776/776/776 780/780/780
f 394/394/394 407/407/407 780/780/780
f 776/776/776 777/777/777 781/781/781
f 781/781/781 777/777/777 778/778/778
f 780/780/780 776/776/776 781/781/781
f 782/782/782 778/778/778 779/779/779
f 781/781/781 778/778/778 782/782/782
f 782/782/782 779/779/779 783/783/783
f 394/394/394 780/780/780 784/784/784
f 375/375/375 394/394/394 784/784/784
f 780/780/780 781/781/781 785/785/785
f 785/785/785 781/781/781 782/782/782
f 784/784/784 780/780/780 785/785/785
f 786/786/786 782/782/782 783/783/783
f 785/785/785 782/782/782 786/786/786
f 786/786/786 783/783/783 787/787/787
f 375/375/375 784/784/784 788/788/788
f 368/368/368 375/375/375 788/788/788
f 784/784/784 785/785/785 789/789/789
f 789/789/789 785/785/785 786/786/786
f 788/788/788 784/784/784 789/789/789
f 790/790/790 786/786/786 787/787/787
f 789/789/789 786/786/786 790/790/790
f 790/790/790 787/787/787 791/791/791
f 368/368/368 788/788/788 792/792/792
f 355/355/355 368/368/368 792/792/792
f 788/788/788 789/789/789 793/793/793
f 793/793/793 789/789/789 790/790/790
f 792/792/792 788/788/788 793/793/793
f 794/794/794 790/790/790 791/791/791
f 793/793/793 790/790/790 794/794/794
f 794/794/794 791/791/791 795/795/795
f 355/355/355 792/792/792 796/796/796
f 336/336/336 355/355/355 796/796/796
f 792/792/792 793/793/793 797/797/797
f 797/797/797 793/793/793 794/794/794
f 796/796/796 792/792/792 797/797/797
f 798/798/798 794/794/794 795/795/795
f 797/797/797 794/794/794 798/798/798
f 798/798/798 795/795/795 799/799/799
f 336/336/336 796/796/796 800/800/800
f 329/329/329 336/336/336 800/800/800
f 796/796/796 797/797/797 801/801/801
f 801/801/801 797/797/797 798/798/798
f 800/800/800 796/796/796 801/801/801
f 802/802/802 798/798/798 799/799/799
f 801/801/801 798/798/798 802/802/802
f 802/802/802 799/799/799 803/803/803
f 329/329/329 800/800/800 804/804/804
f 316/316/316 329/329/329 804/804/804
f 800/800/800 801/801/801 805/805/805
f 805/805/805 801/801/801 802/802/802
f 804/804/804 800/800/800 805/805/805
f 806/806/806 802/802/802 803/803/803
f 805/805/805 802/802/802 806/806/806
f 806/806/806 803/803/803 807/807/807
f 316/316/316 804/804/804 808/808/808
f 297/297/297 316/316/316 808/808/808
f 804/804/804 805/805/805 809/809/809
f 809/809/809 805/805/805 806/806/806
f 808/808/808 804/804/804 809/809/809
f 810/810/810 806/806/806 807/807/807
f 809/809/809 806/806/806 810/810/810
f 810/810/810 807/807/807 811/811/811
f 297/297/297 808/808/808 812/812/812
f 290/290/290 297/297/297 812/812/812
f 808/808/808 809/809/809 813/813/813
f 813/813/813 809/809/809 810/810/810
f 812/812/812 808/808/808 813/813/813
f 814/814/814 810/810/810 811/811/811
f 813/813/813 810/810/810 814/814/814
f 814/814/814 811/811/811 815/815/815
f 290/290/290 812/812/812 816/816/816
f 277/277/277 290/290/290 816/816/816
f 812/812/812 813/813/813 817/817/817
f 817/817/817 813/813/813 814/814/814
f 816/816/816 812/812/812 817/817/817
f 818/818/818 814/814/814 815/815/815
f 817/817/817 814/814/814 818/818/818
f 818/818/818 815/815/815 819/819/819
f 277/277/277 816/816/816 820/820/820
f 258/258/258 277/277/277 820/820/820
f 816/816/816 817/817/817 821/821/821
f 821/821/821 817/817/817 818/818/818
f 820/820/820 816/816/816 821/821/821
f 822/822/822 818/818/818 819/819/819
f 821/821/821 818/818/818 822/822/822
f 822/822/822 819/819/819 823/823/823
f 258/258/258 820/820/820 824/824/824
f 251/251/251 258/258/258 824/824/824
f 820/820/820 821/821/821 825/825/825
f 825/825/825 821/821/821 822/822/822
f 824/824/824 820/820/820 825/825/825
f 826/826/826 822/822/822 823/823/823
f 825/825/825 822/822/822 826/826/826
f 826/826/826 823/823/823 827/827/827
f 251/251/251 824/824/824 828/828/828
f 238/238/238 251/251/251 828/828/828
f 824/824/824 825/825/825 829/829/829
f 829/829/829 825/825/825 826/826/826
f 828/828/828 824/824/824 829/829/829
f 830/830/830 826/826/826 827/827/827
f 829/829/829 826/826/826 830/830/830
f 830/830/830 827/827/827 831/831/831
f 238/238/238 828/828/828 832/832/832
f 219/219/219 238/238/238 832/832/832
f 828/828/828 829/829/829 833/833/833
f 833/833/833 829/829/829 830/830/830
f 832/832/832 828/828/828 833/833/833
f 834/834/834 830/830/830 831/831/831
f 833/833/833 830/830/830 834/834/834
f 834/834/834 831/831/831 835/835/835
f 219/219/219 832/832/832 836/836/836
f 212/212/212 219/219/219 836/836/836
f 832/832/832 833/833/833 837/837/837
f 837/837/837 833/833/833 834/834/834
f 836/836/836 832/832/832 837/837/837
f 838/838/838 834/834/834 835/835/835
f 837/837/837 834/834/834 838/838/838
f 838/838/838 835/835/835 839/839/839
f 212/212/212 836/836/836 840/840/840
f 199/199/199 212/212/212 840/840/840
f 836/836/836 837/837/837 841/841/841
f 841/841/841 837/837/837 838/838/838
f 840/840/840 836/836/836 841/841/841
f 842/842/842 838/838/838 839/839/839
f 841/841/841 838/838/838 842/842/842
f 842/842/842 839/839/839 843/843/843
f 199/199/199 840/840/840 844/844/844
f 178/178/178 199/199/199 844/844/844
f 840/840/840 841/841/841 845/845/845
f 845/845/845 841/841/841 842/842/842
f 844/844/844 840/840/840 845/845/845
f 846/846/846 842/842/842 843/843/843
f 845/845/845 842/842/842 846/846/846
f 846/846/846 843/843/843 847/847/847
f 178/178/178 844/844/844 848/848/848
f 173/173/173 178/178/178 848/848/848
f 844/844/844 845/845/845 849/849/849
f 849/849/849 845/845/845 846/846/846
f 848/848/848 844/844/844 849/849/849
f 850/850/850 846/846/846 847/847/847
f 849/849/849 846/846/846 850/850/850
f 850/850/850 847/847/847 851/851/851
f 173/173/173 848/848/848 852/852/852
f 171/171/171 173/173/173 852/852/852
f 848/848/848 849/849/849 853/853/853
f 853/853/853 849/849/849 850/850/850
f 852/852/852 848/848/848 853/853/853
f 854/854/854 850/850/850 851/851/851
f 853/853/853 850/850/850 854/854/854
f 854/854/854 851/851/851 855/855/855
f 171/171/171 852/852/852 856/856/856
f 163/163/163 171/171/171 856/856/856
f 852/852/852 853/853/853 857/857/857
f 857/857/857 853/853/853 854/854/854
f 856/856/856 852/852/852 857/857/857
f 858/858/858 854/854/854 855/855/855
f 857/857/857 854/854/854 858/858/858
f 858/858/858 855/855/855 859/859/859
f 163/163/163 856/856/856 860/860/860
f 154/154/154 163/163/163 860/860/860
f 154/154/154 860/860/860 153/153/153
f 856/856/856 857/857/857 861/861/861
f 861/861/861 857/857/857 858/858/858
f 860/860/860 856/856/856 861/861/861
f 862/862/862 858/858/858 859/859/859
f 861/861/861 858/858/858 862/862/862
f 862/862/862 859/859/859 863/863/863
f 153/153/153 860/860/860 864/864/864
f 860/860/860 861/861/861 864/864/864
f 864/864/864 861/861/861 862/862/862
f 153/153/153 864/864/864 151/151/151
f 865/865/865 862/862/862 863/863/863
f 864/864/864 862/862/862 865/865/865
f 151/151/151 864/864/864 865/865/865
f 865/865/865 863/863/863 866/866/866
f 151/151/151 865/865/865 152/152/152
f 152/152/152 865/865/865 866/866/866
