g FX_Labor_Decagram_Cannon_Mesh
v -0.10315699 0.02217111 0.85654217
v -0.07084282 0.02217111 0.8888547
v -0.027189583 0.09267444 0.80731946
v -0.20290212 0.02217111 0.85654217
v -0.27886954 0.09267444 0.80731946
v -0.2352163 0.02217111 0.8888547
v -0.28120804 -0.25154033 0.56812245
v -0.27238014 -0.26036826 0.56812245
v -0.27238014 -0.25154033 0.5592946
v -0.2723802 -0.16858134 0.5592946
v -0.20572151 -0.25154024 0.55929464
v -0.20572159 -0.16858128 0.55929464
v -0.19689365 -0.16858128 0.5681225
v -0.19689359 -0.25154024 0.5681225
v -0.27238014 -0.25154033 0.7529666
v -0.27238014 -0.26036823 0.7441387
v -0.28120807 -0.25154033 0.7441387
v -0.20572151 -0.26036814 0.5681225
v -0.20572153 -0.2603681 0.7441388
v -0.19689363 -0.25154024 0.7441388
v -0.27238014 -0.26036826 0.56812245
v -0.19689359 -0.25154024 0.5681225
v -0.27238014 -0.25154033 0.5592946
v -0.20572151 -0.25154024 0.55929464
v -0.09864366 -0.0629282 0.3906565
v -0.10747155 -0.054100297 0.3906565
v -0.10747155 -0.06292821 0.38182864
v -0.27238014 -0.25154033 0.38182864
v -0.10747147 -0.25154027 0.3818286
v -0.27238023 -0.06292829 0.38182864
v -0.28120807 -0.25154033 0.39065653
v -0.28120813 -0.0629283 0.3906565
v 0.059054818 -0.059054807 0.22655782
v 0.058962267 -0.0378786 0.2429696
v 0.07715882 -0.03196023 0.22655782
v 0.07715882 0.03196024 0.22655782
v 0.05896225 0.037878606 0.2429696
v 0.059054807 0.059054818 0.22655782
v -0.077158816 -0.031960245 0.22655782
v -0.05896225 -0.0378786 0.2429696
v -0.059054807 -0.059054807 0.22655782
v -0.058962263 0.037878595 0.2429696
v -0.07715882 0.03196023 0.22655782
v -0.059054818 0.059054807 0.22655782
v 0.05101647 -0.10940515 0.17506976
v 0.0445968 -0.09563812 0.1909935
v 0.05480162 -0.09087958 0.18632953
v 0.054801606 -0.09087955 0.16381
v 0.0445968 -0.09563812 0.15914604
v -0.05101647 -0.10940515 0.17506976
v -0.05480162 -0.09087958 0.18632953
v -0.0445968 -0.09563812 0.1909935
v -0.0445968 -0.09563812 0.15914604
v -0.054801606 -0.09087955 0.16381
v 0.44048205 -0.6216646 0.00411579
v 0.4267317 -0.60527766 0.013322115
v 0.46748343 -0.6361111 0.00411579
v 0.47280967 -0.5945385 0.00411579
v 0.4823478 -0.6236383 0.00411579
v 0.45905936 -0.5781515 0.013322115
v -0.44048205 -0.6216646 0.00411579
v -0.46748343 -0.6361111 0.00411579
v -0.4267317 -0.60527766 0.013322115
v -0.47280967 -0.5945385 0.00411579
v -0.45905936 -0.5781515 0.013322115
v -0.4823478 -0.6236383 0.00411579
v 0.7646128 0.04571401 0.00411579
v 0.7433025 0.043849573 0.013322115
v 0.79193395 0.0595461 0.00411579
v 0.76093465 0.08775409 0.00411579
v 0.7902426 0.07887636 0.00411579
v 0.7396244 0.08588972 0.013322115
v 0.4011171 0.65255463 0.00411579
v 0.39042124 0.63402885 0.013322115
v 0.4054573 0.68286854 0.00411579
v -0.4011172 0.65255445 0.00411579
v -0.4054573 0.6828684 0.00411579
v -0.39042136 0.6340288 0.013322115
v -0.35037944 0.62706417 0.038997676
v -0.35138905 0.63461787 0.02825217
v -0.32951117 0.5975654 0.057367906
v -0.1791611 0.35677624 0.27547583
v -0.18091865 0.35056952 0.2908803
v -0.1958841 0.38299617 0.25219283
v -0.76093465 0.08775382 0.00411579
v -0.7396244 0.08588945 0.013322115
v -0.79024273 0.07887614 0.00411579
v -0.76461273 0.045713738 0.00411579
v -0.79193383 0.059545863 0.00411579
v -0.74330246 0.043849304 0.013322115
v -0.033056177 0.4130714 0.9265127
v -0.024160385 0.403381 1.0586976
v -0.033056177 0.4130714 1.0586976
v -0.024160385 0.403381 0.9265127
v -0.024160385 0.15801872 1.0586976
v -0.024160396 0.10302092 0.80731946
v -0.024160385 0.10302092 1.0155027
v -0.03213598 0.14664082 1.0590932
v -0.027189583 0.09267444 0.80731946
v -0.028608307 0.10302092 1.026506
v -0.06271223 0.10302092 1.0606099
v -0.027189597 0.09267444 1.0162358
v -0.058686703 0.02217111 0.93854344
v -0.07046978 0.02217111 0.98686963
v -0.07084282 0.02217111 0.8888547
v -0.07347131 0.012503445 0.9846571
v -0.07347131 0.012503578 0.8927912
v -0.10315699 0.02217111 0.85654217
v -0.10709658 0.012503578 0.85916585
v -0.10709658 -0.052059624 0.859166
v -0.07347129 -0.05205962 0.89279133
v -0.06116361 0.012503578 0.9387241
v -0.061163597 -0.05205962 0.9387243
v -0.07347129 -0.05205962 0.9846573
v -0.23558933 0.02217111 0.98686963
v -0.23306608 0.09267444 1.0619497
v -0.20117551 0.02217111 1.0212805
v -0.2788695 0.09267444 1.0162358
v -0.15302955 -0.052059606 1.0305903
v -0.19896251 -0.052059606 1.0182825
v -0.19896255 0.012503578 1.0182824
v -0.15302955 0.012503638 1.0305902
v -0.10709657 0.012503578 1.0182824
v -0.10709658 -0.052059606 1.0182825
v -0.15302955 0.022171091 1.0331496
v -0.07347131 0.012503445 0.9846571
v -0.07347129 -0.05205962 0.9846573
v -0.104883604 0.02217111 1.0212805
v -0.07046978 0.02217111 0.98686963
v -0.07299304 0.09267444 1.0619497
v -0.20117551 0.02217111 1.0212805
v -0.23258781 0.012503445 0.9846571
v -0.23558933 0.02217111 0.98686963
v -0.23306608 0.09267444 1.0619497
v -0.0737165 0.10302092 1.0650578
v -0.06271223 0.10302092 1.0606099
v -0.027189597 0.09267444 1.0162358
v -0.028608307 0.10302092 1.026506
v -0.03213598 0.14664082 1.0590932
v -0.23234262 0.10302092 1.0650578
v -0.2433469 0.10302092 1.0606099
v -0.27392313 0.14664082 1.0590932
v -0.033056177 0.15801872 1.0675933
v -0.024160385 0.15801872 1.0586976
v -0.27300295 0.15801872 1.0675933
v -0.2818987 0.15801872 1.0586976
v -0.27300295 0.403381 1.0675933
v -0.2818987 0.403381 1.0586976
v -0.27300295 0.4130714 1.0586976
v -0.033056177 0.403381 1.0675933
v -0.024160385 0.403381 1.0586976
v -0.033056177 0.4130714 1.0586976
v -0.27300295 0.4130714 1.0586976
v -0.033056177 0.4130714 0.9265127
v -0.033056177 0.4130714 1.0586976
v -0.27300295 0.4130714 0.9265127
v -0.27300295 0.4130714 1.0586976
v -0.2818987 0.403381 1.0586976
v -0.27300295 0.4130714 0.9265127
v -0.2818987 0.403381 0.9265127
v -0.2818987 0.15801872 1.0586976
v -0.2818987 0.10302092 0.80731946
v -0.2818987 0.10302092 1.0155027
v -0.27392313 0.14664082 1.0590932
v -0.27886954 0.09267444 0.80731946
v -0.27745077 0.10302092 1.026506
v -0.2433469 0.10302092 1.0606099
v -0.2788695 0.09267444 1.0162358
v -0.23306608 0.09267444 1.0619497
v -0.24737242 0.02217111 0.93854344
v -0.2352163 0.02217111 0.8888547
v -0.23558933 0.02217111 0.98686963
v -0.23258781 0.012503578 0.8927912
v -0.23258781 0.012503445 0.9846571
v -0.24489549 0.012503578 0.9387241
v -0.23258781 -0.05205962 0.89279133
v -0.19896251 -0.052059624 0.859166
v -0.19896251 0.012503578 0.85916585
v -0.24489549 -0.05205962 0.9387243
v -0.23258781 -0.05205962 0.9846573
v -0.19896251 -0.052059606 1.0182825
v -0.19896255 0.012503578 1.0182824
v -0.033056177 0.4130714 0.9265127
v -0.27300295 0.4130714 0.9265127
v -0.2818987 0.403381 0.9265127
v -0.024160385 0.403381 0.9265127
v -0.20290212 0.02217111 0.85654217
v -0.2352163 0.02217111 0.8888547
v -0.23258781 0.012503578 0.8927912
v -0.19896251 0.012503578 0.85916585
v -0.15302955 0.022171125 0.8444757
v -0.27886954 0.09267444 0.80731946
v -0.027189583 0.09267444 0.80731946
v -0.10315699 0.02217111 0.85654217
v -0.10709658 0.012503578 0.85916585
v -0.15302955 0.012503445 0.84685826
v -0.19896251 -0.052059624 0.859166
v -0.10709658 -0.052059624 0.859166
v -0.15302955 -0.052059624 0.84685826
v -0.027189597 0.09267444 1.0162358
v -0.07046978 0.02217111 0.98686963
v -0.07299304 0.09267444 1.0619497
v -0.104883604 0.02217111 1.0212805
v -0.031189267 0.41907015 0.9265127
v -0.27486986 0.41907015 0.9265127
v -0.2751511 0.41907024 0.8073571
v -0.030908026 0.41907024 0.8073571
v -0.031189267 0.41907015 0.9265127
v -0.030908026 0.41907024 0.8073571
v -0.018652722 0.40572146 0.80735946
v -0.018652737 0.4054157 0.92651296
v -0.018652737 0.2427662 0.92708814
v -0.018652737 0.2077991 0.8980441
v -0.01869063 0.09267452 0.8073194
v -0.018652737 0.15827747 0.89789045
v -0.28740638 0.40572146 0.80735946
v -0.2751511 0.41907024 0.8073571
v -0.27486986 0.41907015 0.9265127
v -0.2873685 0.4054157 0.92651296
v -0.2873685 0.2427662 0.92708814
v -0.2873685 0.2077991 0.8980441
v -0.28736848 0.09267452 0.8073194
v -0.2873685 0.15827747 0.89789045
v -0.030908026 0.41907024 0.8073571
v -0.2751511 0.41907024 0.8073571
v -0.28740638 0.40572146 0.80735946
v -0.018652722 0.40572146 0.80735946
v -0.28736848 0.09267452 0.8073194
v -0.01869063 0.09267452 0.8073194
v -0.2873685 0.4054157 0.92651296
v -0.27486986 0.41907015 0.9265127
v -0.031189267 0.41907015 0.9265127
v -0.018652737 0.4054157 0.92651296
v -0.018652737 0.2427662 0.92708814
v -0.2873685 0.2427662 0.92708814
v -0.018652737 0.2077991 0.8980441
v -0.2873685 0.2077991 0.8980441
v -0.018652737 0.15827747 0.89789045
v -0.2873685 0.15827747 0.89789045
v -0.2873685 0.15827747 0.89789045
v -0.018652737 0.15827747 0.89789045
v -0.01869063 0.09267452 0.8073194
v -0.28736848 0.09267452 0.8073194
v -0.19689363 -0.25154024 0.7441388
v -0.19689369 -0.16858128 0.7441388
v -0.19689359 -0.25154024 0.5681225
v -0.19689365 -0.16858128 0.5681225
v -0.2723802 -0.16858134 0.5592946
v -0.2723802 -0.15975347 0.5681225
v -0.2812081 -0.16858134 0.5681225
v -0.20572159 -0.16858128 0.55929464
v -0.20572159 -0.15975338 0.5681225
v -0.19689365 -0.16858128 0.5681225
v -0.27238023 -0.15975343 0.7441387
v -0.19689369 -0.16858128 0.7441388
v -0.20572159 -0.15975335 0.7441388
v -0.28120813 -0.16858134 0.7441387
v -0.27238023 -0.15975343 0.7441387
v -0.27238023 -0.16858134 0.7529666
v -0.2812081 -0.16858134 0.5681225
v -0.2723802 -0.15975347 0.5681225
v -0.28120807 -0.25154033 0.7441387
v -0.28120804 -0.25154033 0.56812245
v -0.27238014 -0.26036823 0.7441387
v -0.27238014 -0.26036826 0.56812245
v -0.2723802 -0.16858134 0.5592946
v -0.27238014 -0.25154033 0.5592946
v -0.28120813 -0.16858134 0.7441387
v -0.27238023 -0.16858134 0.7529666
v -0.28120807 -0.25154033 0.7441387
v -0.27238014 -0.25154033 0.7529666
v -0.20572153 -0.25154024 0.7529666
v -0.20572153 -0.2603681 0.7441388
v -0.27238014 -0.26036823 0.7441387
v -0.19689363 -0.25154024 0.7441388
v -0.19689369 -0.16858128 0.7441388
v -0.20572159 -0.16858128 0.7529666
v -0.27238023 -0.15975343 0.7441387
v -0.20572159 -0.15975335 0.7441388
v -0.18806562 -0.19032317 0.6462049
v -0.10747147 -0.1903233 0.64620495
v -0.10747155 -0.25154033 0.64620495
v -0.18806575 -0.25154027 0.6462049
v -0.098643586 -0.1903233 0.637377
v -0.098643556 -0.19032325 0.5681225
v -0.09864364 -0.25154033 0.5681225
v -0.09864366 -0.25154033 0.637377
v -0.10747154 -0.2603682 0.5681225
v -0.10747155 -0.26036826 0.637377
v -0.10747155 -0.25154033 0.64620495
v -0.10747147 -0.1903233 0.64620495
v -0.10747147 -0.1814954 0.637377
v -0.107471466 -0.18149535 0.5681225
v -0.107471466 -0.19032325 0.55929464
v -0.098643556 -0.19032325 0.5681225
v -0.10747147 -0.1814954 0.637377
v -0.098643586 -0.1903233 0.637377
v -0.18806562 -0.18149528 0.637377
v -0.18806562 -0.18149528 0.56812245
v -0.18806562 -0.19032317 0.6462049
v -0.10747147 -0.1903233 0.64620495
v -0.10747154 -0.25154033 0.55929464
v -0.10747154 -0.2603682 0.5681225
v -0.09864364 -0.25154033 0.5681225
v -0.1880657 -0.2603681 0.5681225
v -0.1880657 -0.25154027 0.5592946
v -0.19689359 -0.25154024 0.5681225
v -0.19689363 -0.25154027 0.637377
v -0.18806575 -0.26036817 0.637377
v -0.10747155 -0.26036826 0.637377
v -0.18806575 -0.25154027 0.6462049
v -0.10747155 -0.25154033 0.64620495
v -0.19689363 -0.25154027 0.637377
v -0.18806575 -0.25154027 0.6462049
v -0.18806575 -0.26036817 0.637377
v -0.19689351 -0.19032317 0.637377
v -0.18806562 -0.19032317 0.6462049
v -0.19689359 -0.25154024 0.5681225
v -0.18806562 -0.18149528 0.637377
v -0.19689351 -0.19032317 0.56812245
v -0.18806562 -0.18149528 0.56812245
v -0.09864364 -0.25154033 0.5681225
v -0.098643556 -0.19032325 0.5681225
v -0.107471466 -0.19032325 0.55929464
v -0.10747154 -0.25154033 0.55929464
v -0.18806562 -0.19032317 0.5592946
v -0.1880657 -0.25154027 0.5592946
v -0.107471466 -0.18149535 0.5681225
v -0.19689359 -0.25154024 0.5681225
v -0.18806562 -0.18149528 0.56812245
v -0.19689351 -0.19032317 0.56812245
v -0.2723802 -0.06292831 0.5709186
v -0.10747153 -0.062928215 0.57091856
v -0.10747144 -0.25154027 0.57091856
v -0.27238014 -0.25154033 0.57091856
v -0.28120807 -0.25154033 0.39065653
v -0.28120813 -0.0629283 0.3906565
v -0.2812081 -0.06292831 0.5620907
v -0.28120804 -0.25154033 0.5620907
v -0.27238014 -0.25154033 0.57091856
v -0.27238014 -0.26036826 0.5620907
v -0.2723802 -0.06292831 0.5709186
v -0.10747147 -0.25154027 0.3818286
v -0.10747147 -0.2603681 0.39065653
v -0.098643586 -0.25154024 0.39065653
v -0.27238014 -0.25154033 0.38182864
v -0.27238014 -0.2603682 0.39065653
v -0.28120807 -0.25154033 0.39065653
v -0.28120804 -0.25154033 0.5620907
v -0.27238014 -0.26036826 0.5620907
v -0.10747144 -0.26036817 0.5620907
v -0.27238014 -0.25154033 0.57091856
v -0.10747144 -0.25154027 0.57091856
v -0.10747153 -0.062928215 0.57091856
v -0.10747154 -0.054100327 0.5620907
v -0.09864364 -0.06292821 0.5620907
v -0.2723802 -0.06292831 0.5709186
v -0.2723802 -0.054100417 0.5620907
v -0.2812081 -0.06292831 0.5620907
v -0.10747155 -0.054100297 0.3906565
v -0.27238023 -0.0541004 0.39065653
v -0.28120813 -0.0629283 0.3906565
v -0.10747155 -0.06292821 0.38182864
v -0.27238023 -0.06292829 0.38182864
v -0.10747144 -0.25154027 0.57091856
v -0.10747153 -0.062928215 0.57091856
v -0.09864364 -0.06292821 0.5620907
v -0.09864355 -0.25154027 0.5620907
v -0.10747144 -0.26036817 0.5620907
v -0.098643586 -0.25154024 0.39065653
v -0.10747147 -0.2603681 0.39065653
v -0.09864366 -0.0629282 0.3906565
v -0.10747154 -0.054100327 0.5620907
v -0.10747155 -0.054100297 0.3906565
v -0.10747155 -0.06292821 0.38182864
v -0.10747147 -0.25154027 0.3818286
v 0.09251419 0.29322 0.68733686
v 0.27238023 0.29321998 0.68733686
v 0.27238017 0.15384099 0.68733686
v 0.09251415 0.15384105 0.68733686
v 0.27238014 0.1450131 0.678509
v 0.09251415 0.14501314 0.67850906
v 0.083686255 0.15384105 0.67850906
v 0.0836863 0.29322 0.67850906
v 0.09251419 0.30204794 0.67850906
v 0.09251414 0.14501314 0.55233544
v 0.09251415 0.14501314 0.67850906
v 0.27238014 0.1450131 0.678509
v 0.27238008 0.1450131 0.5523354
v 0.09251414 0.15384105 0.5435075
v 0.27238014 0.15384099 0.54350746
v 0.28120804 0.15384099 0.5523354
v 0.28120804 0.15384099 0.678509
v 0.27238014 0.15384099 0.54350746
v 0.09251419 0.29322 0.5435075
v 0.09251414 0.15384105 0.5435075
v 0.2723802 0.29321998 0.54350746
v 0.27238017 0.15384099 0.68733686
v 0.28120804 0.15384099 0.678509
v 0.27238014 0.1450131 0.678509
v 0.27238023 0.29321998 0.68733686
v 0.28120813 0.29321998 0.678509
v 0.27238023 0.30204788 0.678509
v 0.2723802 0.30204788 0.5523354
v 0.28120807 0.29321998 0.5523354
v 0.28120804 0.15384099 0.5523354
v 0.2723802 0.29321998 0.54350746
v 0.27238014 0.15384099 0.54350746
v 0.27238023 0.30204788 0.678509
v 0.27238023 0.29321998 0.68733686
v 0.09251419 0.29322 0.68733686
v 0.09251419 0.30204794 0.67850906
v 0.09251419 0.30204794 0.55233544
v 0.2723802 0.30204788 0.5523354
v 0.09251419 0.29322 0.5435075
v 0.2723802 0.29321998 0.54350746
v 0.083686255 0.15384105 0.67850906
v 0.09251415 0.14501314 0.67850906
v 0.09251414 0.14501314 0.55233544
v 0.08368625 0.15384105 0.55233544
v 0.09251414 0.15384105 0.5435075
v 0.0836863 0.29322 0.67850906
v 0.09251419 0.29322 0.5435075
v 0.08368629 0.29322 0.55233544
v 0.09251419 0.30204794 0.67850906
v 0.09251419 0.30204794 0.55233544
v 0.2723803 0.008964173 0.3840586
v 0.27238023 0.29321998 0.3840586
v 0.13111214 0.2932199 0.3840586
v 0.1311122 0.008964136 0.3840586
v 0.2723803 0.00013627298 0.3928865
v 0.1311122 0.00013623573 0.3928865
v 0.12228429 0.008964136 0.3928865
v 0.12228425 0.2932199 0.3928865
v 0.13111214 0.2932199 0.55233544
v 0.27238023 0.29321998 0.55233544
v 0.2723803 0.008964173 0.55233544
v 0.1311122 0.008964136 0.55233544
v 0.12228425 0.2932199 0.3928865
v 0.13111214 0.2932199 0.3840586
v 0.13111214 0.3020478 0.3928865
v 0.13111214 0.3020478 0.5435075
v 0.12228425 0.2932199 0.5435075
v 0.12228429 0.008964136 0.3928865
v 0.13111214 0.2932199 0.55233544
v 0.12228429 0.008964136 0.5435075
v 0.1311122 0.008964136 0.55233544
v 0.2723803 0.008964173 0.3840586
v 0.28120813 0.29321998 0.3928865
v 0.27238023 0.29321998 0.3840586
v 0.2812082 0.008964173 0.3928865
v 0.2723803 0.00013627298 0.3928865
v 0.2723803 0.00013627298 0.5435075
v 0.2812082 0.008964173 0.5435075
v 0.28120813 0.29321998 0.5435075
v 0.2723803 0.008964173 0.55233544
v 0.27238023 0.29321998 0.55233544
v 0.12228429 0.008964136 0.5435075
v 0.1311122 0.00013623573 0.3928865
v 0.12228429 0.008964136 0.3928865
v 0.1311122 0.00013623573 0.5435075
v 0.2723803 0.00013627298 0.3928865
v 0.1311122 0.008964136 0.55233544
v 0.2723803 0.00013627298 0.5435075
v 0.2723803 0.008964173 0.55233544
v 0.13111214 0.3020478 0.3928865
v 0.13111214 0.2932199 0.3840586
v 0.27238023 0.29321998 0.3840586
v 0.27238023 0.30204785 0.3928865
v 0.28120813 0.29321998 0.3928865
v 0.28120813 0.29321998 0.5435075
v 0.27238023 0.30204785 0.5435075
v 0.13111214 0.3020478 0.5435075
v 0.27238023 0.29321998 0.55233544
v 0.13111214 0.2932199 0.55233544
v 0.027014922 -0.2515403 0.66983306
v 0.27238023 -0.2515403 0.66983306
v 0.2723802 0.01779204 0.66983306
v 0.027014898 0.017792009 0.66983306
v 0.027014919 -0.26036823 0.93764687
v 0.27238023 -0.2603682 0.93764687
v 0.27238023 -0.2603682 0.6786609
v 0.027014919 -0.26036823 0.6786609
v 0.027014922 -0.2515403 0.66983306
v 0.27238023 -0.2515403 0.66983306
v 0.027014919 -0.26036823 0.93764687
v 0.018187035 -0.2515403 0.93764687
v 0.027014922 -0.2515403 0.94647473
v 0.027014919 -0.26036823 0.6786609
v 0.018187035 -0.2515403 0.6786609
v 0.018187 0.017792009 0.93764687
v 0.027014922 -0.2515403 0.66983306
v 0.018187 0.017792009 0.6786609
v 0.027014898 0.017792009 0.66983306
v 0.027014898 0.026619902 0.93764687
v 0.027014898 0.017792009 0.94647473
v 0.018187 0.017792009 0.93764687
v 0.018187 0.017792009 0.6786609
v 0.027014898 0.026619902 0.6786609
v 0.027014898 0.017792009 0.66983306
v 0.2723802 0.02661994 0.93764687
v 0.2723802 0.01779204 0.66983306
v 0.2723802 0.02661994 0.6786609
v 0.027014922 -0.2515403 0.94647473
v 0.018187035 -0.2515403 0.93764687
v 0.018187 0.017792009 0.93764687
v 0.027014898 0.017792009 0.94647473
v 0.2723802 0.01779204 0.94647473
v 0.2723802 0.02661994 0.93764687
v 0.027014898 0.026619902 0.93764687
v 0.27238023 -0.2515403 0.94647473
v 0.27238023 -0.2603682 0.93764687
v 0.027014919 -0.26036823 0.93764687
v -0.27238017 -0.24271238 0.40171444
v -0.26355225 -0.24271238 0.3928865
v -0.26355225 0.28439212 0.3928865
v -0.27238017 0.28439212 0.40171444
v -0.27238014 0.09726058 0.5716156
v -0.27238014 0.28439212 0.5716156
v -0.27238014 -0.08890068 0.68631834
v -0.27238017 -0.24271238 0.7981557
v -0.27238017 -0.08890068 0.7981557
v -0.2636368 -0.080157325 0.6899401
v -0.2636368 0.10088219 0.5803589
v -0.2636368 -0.080157325 0.7981557
v 0.26355225 -0.25154027 0.40171438
v 0.26355225 -0.24271238 0.39288646
v -0.26355225 -0.24271238 0.3928865
v -0.26355225 -0.2515403 0.40171444
v -0.27238017 -0.24271238 0.40171444
v -0.27238017 -0.24271238 0.7981557
v -0.26355225 -0.2515403 0.7981557
v -0.15191606 -0.25154027 0.7981557
v 0.027014915 -0.25154027 0.81616545
v 0.26355225 -0.25154027 0.81616545
v -0.08235463 -0.25154027 0.8161655
v -0.086833835 -0.24279693 0.82403755
v -0.15302955 -0.24279693 0.8068991
v -0.029976951 -0.25154027 0.8681159
v 0.027014906 -0.2515403 0.931005
v -0.037810422 -0.24279693 0.8726609
v -0.013166608 -0.25154027 0.9309456
v -0.022186954 -0.24279693 0.9310644
v 0.26355225 -0.24271238 0.39288646
v -0.26355225 0.28439212 0.3928865
v -0.26355225 -0.24271238 0.3928865
v 0.26355225 0.28439212 0.39288646
v -0.086833835 -0.08890068 0.82403755
v -0.037810422 -0.08890068 0.8726609
v -0.037810422 -0.24279693 0.8726609
v -0.086833835 -0.24279693 0.82403755
v -0.15302955 -0.08890068 0.8068991
v -0.15302955 -0.24279693 0.8068991
v -0.2636368 -0.24094385 0.8068991
v -0.2636368 -0.08890068 0.8068991
v -0.27238017 -0.08890068 0.7981557
v -0.27238017 -0.24271238 0.7981557
v -0.26355225 -0.2515403 0.7981557
v -0.15191606 -0.25154027 0.7981557
v 0.018187035 -0.24271238 0.93764687
v 0.027014906 -0.2515403 0.931005
v -0.013166608 -0.25154027 0.9309456
v -0.012838161 -0.24278167 0.93764687
v -0.022186954 -0.24279693 0.9310644
v -0.022186954 -0.08890068 0.9310644
v -0.012838157 -0.08890068 0.93764687
v 0.018187035 -0.08890068 0.93764687
v -0.013166608 -0.080157354 0.9309456
v 0.027014906 -0.080157325 0.931005
v -0.27238017 -0.08890068 0.7981557
v -0.2636368 -0.080157325 0.7981557
v -0.2636368 -0.08890068 0.8068991
v -0.15302955 -0.08890068 0.8068991
v -0.15191606 -0.08015736 0.7981557
v -0.2636368 -0.080157325 0.6899401
v 0.027014906 -0.080157325 0.6899401
v -0.086833835 -0.08890068 0.82403755
v -0.08235463 -0.080157354 0.8161655
v 0.027014906 -0.080157325 0.8161655
v -0.029976951 -0.080157354 0.8681159
v 0.027014906 -0.080157325 0.931005
v -0.037810422 -0.08890068 0.8726609
v -0.013166608 -0.080157354 0.9309456
v -0.022186954 -0.08890068 0.9310644
v -0.26355225 0.29322 0.5716156
v 0.03661579 0.29321998 0.5716154
v 0.027014915 0.28439203 0.5803588
v -0.26355225 0.28439203 0.5803589
v -0.27238014 0.28439212 0.5716156
v -0.2636368 0.10088219 0.5803589
v -0.27238014 0.09726058 0.5716156
v 0.027014906 0.10088219 0.5803589
v -0.2636368 -0.080157325 0.6899401
v 0.027014906 -0.080157325 0.6899401
v 0.037067182 0.1450131 0.67850906
v 0.027014915 0.1450131 0.6684568
v 0.037067182 0.28747943 0.5856562
v 0.26232788 0.1450131 0.6785091
v 0.26232788 0.2874795 0.5856563
v 0.26232788 0.084171444 0.72447264
v 0.037067182 0.08417144 0.72447264
v -0.022186954 -0.24279693 0.9310644
v -0.037810422 -0.08890068 0.8726609
v -0.022186954 -0.08890068 0.9310644
v -0.037810422 -0.24279693 0.8726609
v 0.26355225 0.28439212 0.39288646
v 0.27238014 0.28439212 0.40171438
v 0.26355225 0.29322 0.40171438
v -0.26355225 0.28439212 0.3928865
v -0.26355225 0.29322004 0.40171444
v -0.27238017 0.28439212 0.40171444
v -0.27238014 0.28439212 0.5716156
v -0.26355225 0.29322 0.5716156
v 0.03661579 0.29321998 0.5716154
v 0.26355222 0.29322 0.57161546
v 0.26232788 0.2874795 0.5856563
v 0.037067182 0.28747943 0.5856562
v 0.027014915 0.28439203 0.5803588
v 0.27238014 0.28439212 0.40171438
v 0.26355225 0.28439212 0.39288646
v 0.26355225 -0.24271238 0.39288646
v 0.27238014 -0.24271238 0.40171438
v 0.26355225 -0.25154027 0.40171438
v 0.26355225 -0.25154027 0.81616545
v 0.27238014 -0.24271238 0.81616545
v 0.27238008 0.077818945 0.7166245
v 0.27238014 0.004412329 0.81616545
v 0.26232788 0.01779201 0.81616545
v 0.26232788 0.084171444 0.72447264
v 0.26232788 0.1450131 0.6785091
v 0.27238014 0.1450131 0.66845685
v 0.26232788 0.2874795 0.5856563
v 0.27238014 0.2843921 0.57141566
v 0.26355225 0.29322 0.40171438
v 0.26355222 0.29322 0.57161546
v 0.26232788 0.084171444 0.72447264
v 0.26232788 0.01779201 0.81616545
v 0.037067186 0.017792009 0.81616545
v 0.037067182 0.08417144 0.72447264
v 0.027014915 0.077818945 0.7166245
v 0.037067186 0.017792009 0.81616545
v 0.02701492 0.004412329 0.81616545
v 0.037067182 0.08417144 0.72447264
v 0.037067182 0.1450131 0.67850906
v 0.027014915 0.1450131 0.6684568
v 0.027014906 -0.080157325 0.8161655
v 0.027014906 -0.080157325 0.6899401
v 0.02701492 0.004412329 0.81616545
v 0.027014915 0.077818945 0.7166245
v 0.027014906 0.10088219 0.5803589
v 0.027014915 0.1450131 0.6684568
v 0.027014915 0.28439203 0.5803588
v 0.21089582 0.076557845 0.83051664
v 0.27238023 0.076557815 0.8305166
v 0.27238017 0.026619855 0.8305166
v 0.21089576 0.026619902 0.83051664
v 0.20206791 0.076557845 0.8216888
v 0.21089582 0.08538578 0.8216888
v 0.20206788 0.026619902 0.8216888
v 0.28120804 0.026619846 0.82168865
v 0.28120807 0.076557815 0.7752861
v 0.28120804 0.026619846 0.7752861
v 0.28120813 0.076557815 0.82168865
v 0.27238017 0.026619855 0.8305166
v 0.27238023 0.076557815 0.8305166
v 0.20206788 0.026619902 0.8216888
v 0.21089576 0.026619902 0.83051664
v 0.21089576 0.01779201 0.8216888
v 0.21089576 0.01779201 0.77528626
v 0.20206788 0.026619902 0.77528626
v 0.21089576 0.026619902 0.76645833
v 0.20206791 0.076557845 0.8216888
v 0.2108958 0.076557845 0.76645833
v 0.20206791 0.076557845 0.77528626
v 0.21089582 0.08538578 0.8216888
v 0.2108958 0.08538578 0.77528626
v 0.2723802 0.0853857 0.7752861
v 0.28120807 0.076557815 0.7752861
v 0.28120813 0.076557815 0.82168865
v 0.27238023 0.0853857 0.82168865
v 0.27238023 0.076557815 0.8305166
v 0.2108958 0.08538578 0.77528626
v 0.21089582 0.076557845 0.83051664
v 0.21089582 0.08538578 0.8216888
v 0.27238008 0.017791957 0.7752861
v 0.21089576 0.026619902 0.76645833
v 0.21089576 0.01779201 0.77528626
v 0.27238014 0.026619855 0.76645833
v 0.28120804 0.026619846 0.7752861
v 0.2108958 0.076557845 0.76645833
v 0.2723802 0.076557815 0.76645833
v 0.28120807 0.076557815 0.7752861
v 0.2723802 0.0853857 0.7752861
v 0.2108958 0.08538578 0.77528626
v -0.31541824 -0.050901353 0.7985315
v -0.31541818 -0.050901413 0.7032402
v -0.3242461 -0.04207349 0.7032402
v -0.32424614 -0.04207346 0.7985315
v -0.31541824 -0.04207346 0.80735946
v -0.31541818 0.47628394 0.80735946
v -0.3242461 0.11901137 0.6048877
v -0.32424614 0.47628403 0.7985315
v -0.32424614 0.47628403 0.6048877
v 0.0093590915 0.48511183 0.6048877
v 0.018187016 0.47628403 0.6048877
v 0.018187016 0.47628403 0.7985315
v 0.0093590915 0.48511183 0.7985315
v 0.0093590915 0.47628394 0.80735946
v -0.09848155 0.48511183 0.73042035
v -0.31541818 0.48511183 0.6048877
v -0.056934908 0.48511183 0.7985315
v -0.056934908 0.47628394 0.80735946
v -0.0664731 0.47628394 0.7985315
v -0.10389587 0.47628394 0.7392484
v -0.20757757 0.48511183 0.73042035
v -0.20216325 0.47628394 0.7392484
v -0.23958603 0.47628394 0.7985315
v -0.31541818 0.48511183 0.7985315
v -0.32424614 0.47628403 0.6048877
v -0.32424614 0.47628403 0.7985315
v -0.31541818 0.47628394 0.80735946
v -0.24912421 0.47628394 0.80735946
v -0.2491242 0.48511183 0.7985315
v 0.009359121 -0.050901353 0.7985315
v 0.018187016 -0.04207346 0.7032402
v 0.009359121 -0.050901353 0.7032402
v 0.018187016 -0.04207346 0.7985315
v 0.009359121 -0.04207346 0.80735946
v 0.0093590915 0.47628394 0.80735946
v 0.018186972 0.1190114 0.6048877
v 0.018187016 0.47628403 0.7985315
v 0.018187016 0.47628403 0.6048877
v 0.009359121 -0.04207346 0.80735946
v -0.31541824 -0.050901353 0.7985315
v -0.31541824 -0.04207346 0.80735946
v 0.009359121 -0.050901353 0.7985315
v -0.31541818 -0.050901413 0.7032402
v 0.009359121 -0.050901353 0.7032402
v -0.23958603 0.47628394 0.7985315
v -0.20216325 0.09267454 0.7392484
v -0.23958603 0.092674494 0.7985315
v -0.20216325 0.47628394 0.7392484
v -0.20216325 0.47628394 0.7392484
v -0.10389587 0.47628394 0.7392484
v -0.10389587 0.09267454 0.7392484
v -0.20216325 0.09267454 0.7392484
v -0.24912421 0.09267452 0.80735946
v -0.23958603 0.092674494 0.7985315
v -0.056934908 0.09267452 0.80735946
v -0.0664731 0.09267452 0.7985315
v -0.10389587 0.09267454 0.7392484
v -0.20216325 0.09267454 0.7392484
v -0.056934908 0.09267452 0.80735946
v -0.0664731 0.09267452 0.7985315
v -0.0664731 0.47628394 0.7985315
v -0.056934908 0.47628394 0.80735946
v 0.0093590915 0.47628394 0.80735946
v 0.009359121 -0.04207346 0.80735946
v -0.31541824 -0.04207346 0.80735946
v -0.24912421 0.09267452 0.80735946
v -0.31541818 0.47628394 0.80735946
v -0.24912421 0.47628394 0.80735946
v -0.23958603 0.47628394 0.7985315
v -0.23958603 0.092674494 0.7985315
v -0.0664731 0.47628394 0.7985315
v -0.0664731 0.09267452 0.7985315
v -0.10389587 0.09267454 0.7392484
v -0.10389587 0.47628394 0.7392484
v -0.397107 0.3694926 0.62439495
v -0.37969622 0.3694926 0.62439495
v -0.397107 0.33725592 0.6566315
v -0.37969622 0.33725592 0.6566315
v -0.37086833 0.33917713 0.659959
v -0.37086833 0.37282005 0.6263161
v -0.37086833 0.29321998 0.67227316
v -0.397107 0.29321998 0.6684309
v -0.4009796 0.33552977 0.65364164
v -0.4009796 0.29321998 0.6649786
v -0.4009796 0.25091016 0.65364164
v -0.397107 0.24918395 0.6566315
v -0.37969622 0.29321998 0.6684309
v -0.37969622 0.24918395 0.6566315
v -0.37086833 0.24726285 0.659959
v -0.397107 0.3694926 0.62439495
v -0.397107 0.33725592 0.6566315
v -0.4009796 0.33552977 0.65364164
v -0.4009796 0.36650276 0.62266874
v -0.4009796 0.29321998 0.5803589
v -0.4009796 0.37783965 0.5803589
v -0.4009796 0.29321998 0.6649786
v -0.4009796 0.36650276 0.5380491
v -0.4009796 0.25091016 0.65364164
v -0.4009796 0.33552977 0.50707614
v -0.397107 0.33725592 0.5040864
v -0.397107 0.3694926 0.53632295
v -0.40097964 0.29321998 0.49573928
v -0.4009796 0.25091016 0.50707614
v -0.4009796 0.2199372 0.5380491
v -0.397107 0.24918395 0.5040864
v -0.397107 0.21694738 0.53632295
v -0.4009796 0.20860033 0.5803589
v -0.4009796 0.2199372 0.62266874
v -0.397107 0.21694738 0.62439495
v -0.397107 0.24918395 0.6566315
v -0.397107 0.21694738 0.53632295
v -0.37969622 0.21694738 0.53632295
v -0.397107 0.24918395 0.5040864
v -0.37969622 0.24918395 0.5040864
v -0.37086833 0.24726285 0.5007589
v -0.37086833 0.21361992 0.53440183
v -0.37086833 0.29321998 0.48844466
v -0.37969622 0.29321998 0.49228686
v -0.39710703 0.29321998 0.49228686
v -0.4009796 0.25091016 0.50707614
v -0.40097964 0.29321998 0.49573928
v -0.4009796 0.33552977 0.50707614
v -0.397107 0.33725592 0.5040864
v -0.37969622 0.33725592 0.5040864
v -0.397107 0.3694926 0.53632295
v -0.37086833 0.33917713 0.5007589
v -0.37969622 0.3694926 0.53632295
v -0.37086833 0.37282005 0.53440183
v -0.397107 0.24918395 0.6566315
v -0.37969622 0.24918395 0.6566315
v -0.397107 0.21694738 0.62439495
v -0.37969622 0.21694738 0.62439495
v -0.37086833 0.21361992 0.6263161
v -0.37086833 0.24726285 0.659959
v -0.37086833 0.20130575 0.5803589
v -0.397107 0.20514797 0.5803589
v -0.4009796 0.2199372 0.62266874
v -0.4009796 0.20860033 0.5803589
v -0.4009796 0.2199372 0.5380491
v -0.397107 0.21694738 0.53632295
v -0.37969622 0.20514797 0.5803589
v -0.37969622 0.21694738 0.53632295
v -0.37086833 0.21361992 0.53440183
v -0.05693494 0.22415893 0.6999762
v -0.3242461 0.17360274 0.64942
v -0.3242461 0.22415893 0.6999762
v -0.05693494 0.17360274 0.64942
v -0.048107002 0.22686607 0.6952873
v -0.048107002 0.17829162 0.64671284
v -0.3242461 0.15509789 0.5803589
v -0.33297488 0.1783224 0.6466951
v -0.33297488 0.16054767 0.5803589
v -0.33297488 0.1783224 0.5140228
v -0.05693494 0.15509789 0.5803589
v -0.048107002 0.16051213 0.5803589
v -0.048107002 0.17829162 0.51400506
v -0.3242461 0.17360274 0.51129794
v -0.33297488 0.22688383 0.46546137
v -0.3242461 0.22415893 0.46074173
v -0.05693494 0.17360274 0.5112979
v -0.048107002 0.22686607 0.4654306
v -0.05693494 0.22415893 0.46074164
v -0.37086833 0.3851342 0.5803589
v -0.37086833 0.37282005 0.6263161
v -0.37969622 0.3694926 0.62439495
v -0.37969622 0.381292 0.5803589
v -0.397107 0.3694926 0.62439495
v -0.37969622 0.3694926 0.53632295
v -0.37086833 0.37282005 0.53440183
v -0.397107 0.381292 0.5803589
v -0.4009796 0.36650276 0.62266874
v -0.397107 0.3694926 0.53632295
v -0.4009796 0.37783965 0.5803589
v -0.4009796 0.36650276 0.5380491
v -0.3242461 0.4128372 0.51129794
v -0.33297488 0.4081176 0.5140228
v -0.33297488 0.3595561 0.46546137
v -0.3242461 0.36228102 0.46074173
v -0.3242461 0.29322 0.4422368
v -0.33297488 0.29322 0.44768664
v -0.33297488 0.22688383 0.46546137
v -0.3242461 0.22415893 0.46074173
v -0.05693494 0.22415893 0.46074164
v -0.05693494 0.29322 0.4422368
v -0.05693494 0.36228102 0.46074164
v -0.048107002 0.22686607 0.4654306
v -0.048107002 0.35957393 0.4654306
v -0.048107035 0.29322 0.4476511
v -0.3242461 0.17360274 0.64942
v -0.33297488 0.1783224 0.6466951
v -0.3242461 0.22415893 0.6999762
v -0.33297488 0.22688383 0.6952565
v -0.32424605 0.29322 0.71848106
v -0.33297485 0.29322 0.7130313
v -0.05693494 0.22415893 0.6999762
v -0.33297488 0.3595561 0.6952565
v -0.05693494 0.29322 0.71848106
v -0.048107002 0.22686607 0.6952873
v -0.048106976 0.29322 0.71306676
v -0.048107002 0.35957393 0.6952873
v -0.05693494 0.36228102 0.6999762
v -0.3242461 0.36228102 0.6999762
v -0.33297488 0.4081176 0.6466951
v -0.3242461 0.4128372 0.64942
v -0.023920905 -0.1808786 0.952263
v -0.02125214 -0.19053939 0.94237447
v -0.02170081 -0.26379654 0.94237447
v -0.024488239 -0.27345818 0.952263
v -0.038928404 -0.27346033 1.0046005
v -0.03843738 -0.18088077 1.0048841
v -0.070737615 -0.2734585 1.0368845
v -0.07045367 -0.18087894 1.037376
v -0.077008076 -0.26500893 1.0433198
v -0.076776125 -0.1893278 1.0437213
v -0.0973866 -0.05477017 1.0570039
v -0.08729159 -0.06443134 1.0542653
v -0.08762671 -0.19132109 1.0536848
v -0.0977728 -0.20098239 1.0563351
v -0.15302029 -0.054770604 1.0718162
v -0.15302026 -0.20098284 1.071044
v -0.20585887 -0.20098074 1.0573047
v -0.20624515 -0.054768495 1.057974
v -0.21581216 -0.19131908 1.0547675
v -0.2161473 -0.06442935 1.0553479
v -0.02170081 -0.26379654 0.94237447
v -0.02125214 -0.19053939 0.94237447
v -0.028027698 -0.19050258 0.94054943
v -0.028476361 -0.26375973 0.94054943
v -0.08729159 -0.06443134 1.0542653
v -0.090408884 -0.06439469 1.0480262
v -0.09074402 -0.19128445 1.0474458
v -0.08762671 -0.19132109 1.0536848
v -0.2161473 -0.06442935 1.0553479
v -0.21581216 -0.19131908 1.0547675
v -0.214005 -0.19128345 1.0479871
v -0.2143401 -0.0643937 1.0485675
v -0.028476361 -0.26375973 0.94054943
v -0.024488239 -0.27345818 0.952263
v -0.02170081 -0.26379654 0.94237447
v -0.031227116 -0.2734211 0.95044774
v -0.04500539 -0.2734222 1.0010921
v -0.038928404 -0.27346033 1.0046005
v -0.070737615 -0.2734585 1.0368845
v -0.07565562 -0.2734213 1.0319797
v -0.081949614 -0.26497188 1.0383914
v -0.077008076 -0.26500893 1.0433198
v -0.214005 -0.19128345 1.0479871
v -0.21581216 -0.19131908 1.0547675
v -0.20585887 -0.20098074 1.0573047
v -0.20406146 -0.20094486 1.0505611
v -0.15302491 -0.20094593 1.0640267
v -0.15302026 -0.20098284 1.071044
v -0.0977728 -0.20098239 1.0563351
v -0.100886256 -0.20094573 1.0501037
v -0.09074402 -0.19128445 1.0474458
v -0.08762671 -0.19132109 1.0536848
v -0.030659951 -0.18084158 0.95044774
v -0.028027698 -0.19050258 0.94054943
v -0.02125214 -0.19053939 0.94237447
v -0.023920905 -0.1808786 0.952263
v -0.044514365 -0.18084262 1.0013756
v -0.03843738 -0.18088077 1.0048841
v -0.07045367 -0.18087894 1.037376
v -0.0753719 -0.18084174 1.032471
v -0.076776125 -0.1893278 1.0437213
v -0.08171777 -0.1892908 1.0387928
v -0.090408884 -0.06439469 1.0480262
v -0.08729159 -0.06443134 1.0542653
v -0.0973866 -0.05477017 1.0570039
v -0.100500084 -0.054733485 1.0507725
v -0.15302493 -0.0547337 1.0647992
v -0.15302029 -0.054770604 1.0718162
v -0.20624515 -0.054768495 1.057974
v -0.2044477 -0.054732636 1.0512301
v -0.2161473 -0.06442935 1.0553479
v -0.2143401 -0.0643937 1.0485675
v -0.08171777 -0.1892908 1.0387928
v -0.076776125 -0.1893278 1.0437213
v -0.081949614 -0.26497188 1.0383914
v -0.077008076 -0.26500893 1.0433198
v -0.028476361 -0.26375973 0.94054943
v -0.028027698 -0.19050258 0.94054943
v -0.030659951 -0.18084158 0.95044774
v -0.031227116 -0.2734211 0.95044774
v -0.04500539 -0.2734222 1.0010921
v -0.044514365 -0.18084262 1.0013756
v -0.07565562 -0.2734213 1.0319797
v -0.0753719 -0.18084174 1.032471
v -0.081949614 -0.26497188 1.0383914
v -0.08171777 -0.1892908 1.0387928
v -0.09074402 -0.19128445 1.0474458
v -0.090408884 -0.06439469 1.0480262
v -0.100500084 -0.054733485 1.0507725
v -0.100886256 -0.20094573 1.0501037
v -0.15302493 -0.0547337 1.0647992
v -0.15302491 -0.20094593 1.0640267
v -0.20406146 -0.20094486 1.0505611
v -0.2044477 -0.054732636 1.0512301
v -0.214005 -0.19128345 1.0479871
v -0.2143401 -0.0643937 1.0485675
v -0.051082358 -0.27338412 0.9975835
v -0.09350066 -0.0546968 1.0418314
v -0.04992249 -0.0546968 0.99825317
v -0.09417031 -0.2733841 1.0406715
v -0.15302955 -0.0546968 1.057782
v -0.15302955 -0.2733841 1.0564427
v -0.2118888 -0.2733841 1.0406715
v -0.21255843 -0.0546968 1.0418314
v -0.051082358 -0.27338412 0.87986493
v -0.04992249 -0.054696813 0.8791954
v -0.09350066 -0.054696813 0.8356172
v -0.09417031 -0.27338415 0.8367771
v -0.15302955 -0.054696813 0.8196665
v -0.15302955 -0.27338415 0.8210058
v -0.2118888 -0.27338415 0.8367771
v -0.21255843 -0.054696813 0.8356172
v -0.03397177 -0.054696806 0.9387243
v -0.04992249 -0.054696813 0.8791954
v -0.051082358 -0.27338412 0.87986493
v -0.035311073 -0.27338412 0.9387243
v -0.051082358 -0.27338412 0.9975835
v -0.04992249 -0.0546968 0.99825317
v -0.15302955 -0.32379767 0.86144555
v -0.11439018 -0.32379767 0.87179893
v -0.11439018 -0.2760213 0.87179893
v -0.15302955 -0.2760213 0.86144555
v -0.19166893 -0.2760213 0.87179893
v -0.19166893 -0.32379767 0.87179893
v -0.08610424 -0.2760213 0.9000849
v -0.11439018 -0.2760213 0.87179893
v -0.11439018 -0.32379767 0.87179893
v -0.08610424 -0.32379767 0.9000849
v -0.075750835 -0.2760213 0.9387243
v -0.075750835 -0.32379767 0.9387243
v -0.08610424 -0.2760213 0.97736365
v -0.08610424 -0.32379767 0.97736365
v -0.08610424 -0.2760213 0.97736365
v -0.08610424 -0.32379767 0.97736365
v -0.11439018 -0.2760213 1.0056496
v -0.11439018 -0.32379767 1.0056496
v -0.15302955 -0.2760213 1.016003
v -0.15302955 -0.32379767 1.016003
v -0.19166893 -0.32379767 1.0056496
v -0.19166893 -0.2760213 1.0056496
v -0.21995486 -0.32379767 0.97736365
v -0.21995486 -0.2760213 0.97736365
v -0.21255843 -0.0546968 1.0418314
v -0.2118888 -0.2733841 1.0406715
v -0.25497675 -0.27338412 0.9975835
v -0.25613663 -0.0546968 0.99825317
v -0.2720873 -0.054696806 0.9387243
v -0.27074805 -0.27338412 0.9387243
v -0.25497675 -0.27338412 0.87986493
v -0.25613663 -0.054696813 0.8791954
v -0.21255843 -0.054696813 0.8356172
v -0.2118888 -0.27338415 0.8367771
v -0.21995486 -0.2760213 0.9000849
v -0.19166893 -0.32379767 0.87179893
v -0.19166893 -0.2760213 0.87179893
v -0.21995486 -0.32379767 0.9000849
v -0.2303083 -0.2760213 0.9387243
v -0.2303083 -0.32379767 0.9387243
v -0.21995486 -0.2760213 0.97736365
v -0.21995486 -0.32379767 0.97736365
v -0.08320295 -0.9154318 0.9936816
v -0.07649635 -0.92336637 0.98688
v -0.078849845 -1.0097995 0.98552114
v -0.08593907 -1.0177392 0.992123
v -0.108561784 -0.91544074 1.0181394
v -0.10912065 -1.0177484 1.0148108
v -0.1530358 -0.91544247 1.0297883
v -0.15303291 -1.0177497 1.0265716
v -0.19695324 -1.0177487 1.0148023
v -0.11765583 -0.76628506 1.0253664
v -0.10835424 -0.77422005 1.0227113
v -0.15303858 -0.7662923 1.0344778
v -0.19856156 -0.91544163 1.017588
v -0.22910132 -1.0177486 0.98265874
v -0.20090634 -0.76629174 1.0216492
v -0.23188724 -0.91544163 0.9842668
v -0.23594865 -0.7662916 0.98661107
v -0.24363934 -0.9154321 0.942152
v -0.2378338 -1.0177413 0.95141476
v -0.24067207 -1.0098022 0.94215256
v -0.23188724 -0.91544163 0.9842668
v -0.22910132 -1.0177486 0.98265874
v -0.24574916 -0.76628417 0.951416
v -0.23594865 -0.7662916 0.98661107
v -0.24807939 -0.7742191 0.9421515
v -0.14033747 -0.32623824 0.8321559
v -0.14960535 -0.3341735 0.82983786
v -0.14960535 -0.52784425 0.8359272
v -0.14033891 -0.5357831 0.8387496
v -0.101520136 -0.53579074 0.849528
v -0.098226085 -0.32624605 0.8438223
v -0.24376848 -0.52784556 0.89029866
v -0.24904197 -0.33417475 0.887254
v -0.2516687 -0.3262393 0.89643925
v -0.24589555 -0.5357838 0.89975137
v -0.2626188 -0.32624617 0.9387292
v -0.25597867 -0.5357893 0.93989
v -0.2516658 -0.32623747 0.9810224
v -0.24354774 -0.53578013 0.98704284
v -0.24903859 -0.33417255 0.9902077
v -0.24947119 -0.65103036 0.95141286
v -0.2522369 -0.6430951 0.94197
v -0.24289732 -0.65103036 0.9759468
v -0.24062452 -0.6430934 0.9853603
v -0.058122505 -0.3262461 0.88392967
v -0.098226085 -0.32624605 0.8438223
v -0.101520136 -0.53579074 0.849528
v -0.06382822 -0.5357908 0.8872238
v -0.043440327 -0.32624605 0.93871397
v -0.050028734 -0.53579074 0.9387137
v -0.060103692 -0.53578305 0.97772115
v -0.05439259 -0.32623821 0.98101676
v -0.062292565 -0.52784425 0.98715734
v -0.057019085 -0.33417347 0.990202
v -0.06076835 -0.56308305 0.9001143
v -0.06347346 -0.57102 0.8909499
v -0.06469259 -0.615793 0.8916539
v -0.06241971 -0.62372994 0.90106755
v -0.053824004 -0.56308305 0.9260309
v -0.055730835 -0.62372994 0.9260309
v -0.051584557 -0.57102 0.93531996
v -0.05299229 -0.615793 0.93531996
v -0.24376848 -0.52784556 0.89029866
v -0.23741233 -0.52770877 0.8919872
v -0.24268581 -0.33403796 0.88894254
v -0.24904197 -0.33417475 0.887254
v -0.15131745 -0.3340373 0.8361877
v -0.15131745 -0.5277081 0.84227705
v -0.14960535 -0.52784425 0.8359272
v -0.14960535 -0.3341735 0.82983786
v -0.08320295 -0.9154318 0.9936816
v -0.108561784 -0.91544074 1.0181394
v -0.11131791 -0.9153002 1.0121683
v -0.087779835 -0.91529584 0.9890807
v -0.07649635 -0.92336637 0.98688
v -0.081134535 -0.92323166 0.98221755
v -0.24354774 -0.53578013 0.98704284
v -0.24903859 -0.33417255 0.9902077
v -0.24268413 -0.33403686 0.98851264
v -0.23719388 -0.53564453 0.98534554
v -0.24062452 -0.6430934 0.9853603
v -0.23427126 -0.642958 0.9836607
v -0.06469259 -0.615793 0.8916539
v -0.06347346 -0.57102 0.8909499
v -0.06982602 -0.57088387 0.8926521
v -0.071045145 -0.61565685 0.893356
v -0.24172996 -0.77408296 0.9404379
v -0.24807939 -0.7742191 0.9421515
v -0.24363934 -0.9154321 0.942152
v -0.23728994 -0.915296 0.94043815
v -0.24067207 -1.0098022 0.94215256
v -0.23432276 -1.0096661 0.9404384
v -0.07649635 -0.92336637 0.98688
v -0.08348803 -1.0096647 0.98085874
v -0.078849845 -1.0097995 0.98552114
v -0.081134535 -0.92323166 0.98221755
v -0.062292565 -0.52784425 0.98715734
v -0.06337427 -0.3340373 0.9885097
v -0.057019085 -0.33417347 0.990202
v -0.068647765 -0.5277081 0.98546517
v -0.24589555 -0.5357838 0.89975137
v -0.25597867 -0.5357893 0.93989
v -0.24942802 -0.5356491 0.93930715
v -0.23961231 -0.53564644 0.90142035
v -0.23741233 -0.52770877 0.8919872
v -0.24376848 -0.52784556 0.89029866
v -0.108561784 -0.91544074 1.0181394
v -0.10835424 -0.77422005 1.0227113
v -0.11010416 -0.7740834 1.0163767
v -0.11131791 -0.9153002 1.0121683
v -0.2522369 -0.6430951 0.94197
v -0.24587007 -0.64295876 0.94034714
v -0.24942802 -0.5356491 0.93930715
v -0.25597867 -0.5357893 0.93989
v -0.068647765 -0.5277081 0.98546517
v -0.062292565 -0.52784425 0.98715734
v -0.060103692 -0.53578305 0.97772115
v -0.06641688 -0.535646 0.97604
v -0.056605235 -0.5356499 0.9387191
v -0.050028734 -0.53579074 0.9387137
v -0.06952365 -0.5356499 0.89051205
v -0.06382822 -0.5357908 0.8872238
v -0.101520136 -0.53579074 0.849528
v -0.10481289 -0.5356499 0.8552209
v -0.14033891 -0.5357831 0.8387496
v -0.1420397 -0.535646 0.8450575
v -0.15131745 -0.5277081 0.84227705
v -0.14960535 -0.52784425 0.8359272
v -0.24807939 -0.7742191 0.9421515
v -0.24172996 -0.77408296 0.9404379
v -0.2394451 -0.7661469 0.94971466
v -0.24574916 -0.76628417 0.951416
v -0.23025617 -0.7661507 0.98331785
v -0.23594865 -0.7662916 0.98661107
v -0.19761808 -0.7661507 1.0159539
v -0.20090634 -0.76629174 1.0216492
v -0.15303858 -0.7662923 1.0344778
v -0.15303406 -0.766151 1.0279013
v -0.11765583 -0.76628506 1.0253664
v -0.1193371 -0.76614743 1.0190569
v -0.10835424 -0.77422005 1.0227113
v -0.11010416 -0.7740834 1.0163767
v -0.059344843 -0.61565685 0.9370221
v -0.05299229 -0.615793 0.93531996
v -0.055730835 -0.62372994 0.9260309
v -0.062083386 -0.6235938 0.92773306
v -0.06877227 -0.6235938 0.90276974
v -0.06241971 -0.62372994 0.90106755
v -0.071045145 -0.61565685 0.893356
v -0.06469259 -0.615793 0.8916539
v -0.051584557 -0.57102 0.93531996
v -0.05793712 -0.57088387 0.9370221
v -0.060176566 -0.5629469 0.92773306
v -0.053824004 -0.56308305 0.9260309
v -0.06076835 -0.56308305 0.9001143
v -0.0671209 -0.5629469 0.90181637
v -0.06347346 -0.57102 0.8909499
v -0.06982602 -0.57088387 0.8926521
v -0.24904197 -0.33417475 0.887254
v -0.24268581 -0.33403796 0.88894254
v -0.24535173 -0.32610175 0.8981172
v -0.2516687 -0.3262393 0.89643925
v -0.2560423 -0.32610518 0.9387268
v -0.2626188 -0.32624617 0.9387292
v -0.2516658 -0.32623747 0.9810224
v -0.24535029 -0.32610083 0.9793378
v -0.24903859 -0.33417255 0.9902077
v -0.24268413 -0.33403686 0.98851264
v -0.14203899 -0.3261012 0.83846647
v -0.15131745 -0.3340373 0.8361877
v -0.14960535 -0.3341735 0.82983786
v -0.14033747 -0.32623824 0.8321559
v -0.101518765 -0.32610515 0.8495152
v -0.098226085 -0.32624605 0.8438223
v -0.063817926 -0.32610518 0.88721776
v -0.058122505 -0.3262461 0.88392967
v -0.043440327 -0.32624605 0.93871397
v -0.050016828 -0.32610515 0.93871915
v -0.05439259 -0.32623821 0.98101676
v -0.06070847 -0.3261012 0.97933507
v -0.057019085 -0.33417347 0.990202
v -0.06337427 -0.3340373 0.9885097
v -0.078849845 -1.0097995 0.98552114
v -0.08348803 -1.0096647 0.98085874
v -0.08593907 -1.0177392 0.992123
v -0.09054076 -1.017603 0.9874973
v -0.11240153 -1.0176076 1.0091112
v -0.10912065 -1.0177484 1.0148108
v -0.15303124 -1.0176083 1.0199951
v -0.15303291 -1.0177497 1.0265716
v -0.19366498 -1.0176078 1.0091069
v -0.19695324 -1.0177487 1.0148023
v -0.22910132 -1.0177486 0.98265874
v -0.22340906 -1.0176077 0.97936505
v -0.2378338 -1.0177413 0.95141476
v -0.23153436 -1.0176041 0.94971395
v -0.23432276 -1.0096661 0.9404384
v -0.24067207 -1.0098022 0.94215256
v -0.24289732 -0.65103036 0.9759468
v -0.24062452 -0.6430934 0.9853603
v -0.23427126 -0.642958 0.9836607
v -0.23654409 -0.6508948 0.9742471
v -0.24311797 -0.6508948 0.9497131
v -0.24947119 -0.65103036 0.95141286
v -0.24587007 -0.64295876 0.94034714
v -0.2522369 -0.6430951 0.94197
v -0.05299229 -0.615793 0.93531996
v -0.05793712 -0.57088387 0.9370221
v -0.051584557 -0.57102 0.93531996
v -0.059344843 -0.61565685 0.9370221
v -0.23153436 -1.0176041 0.94971395
v -0.23728994 -0.915296 0.94043815
v -0.23432276 -1.0096661 0.9404384
v -0.2394451 -0.7661469 0.94971466
v -0.24172996 -0.77408296 0.9404379
v -0.22340906 -1.0176077 0.97936505
v -0.23025617 -0.7661507 0.98331785
v -0.19761808 -0.7661507 1.0159539
v -0.23025617 -0.7661507 0.98331785
v -0.22340906 -1.0176077 0.97936505
v -0.19366498 -1.0176078 1.0091069
v -0.15303406 -0.766151 1.0279013
v -0.15303124 -1.0176083 1.0199951
v -0.11131791 -0.9153002 1.0121683
v -0.11240153 -1.0176076 1.0091112
v -0.09054076 -1.017603 0.9874973
v -0.11010416 -0.7740834 1.0163767
v -0.1193371 -0.76614743 1.0190569
v -0.087779835 -0.91529584 0.9890807
v -0.08348803 -1.0096647 0.98085874
v -0.081134535 -0.92323166 0.98221755
v -0.24535173 -0.32610175 0.8981172
v -0.24268581 -0.33403796 0.88894254
v -0.23741233 -0.52770877 0.8919872
v -0.23961231 -0.53564644 0.90142035
v -0.2560423 -0.32610518 0.9387268
v -0.24942802 -0.5356491 0.93930715
v -0.24535029 -0.32610083 0.9793378
v -0.23654409 -0.6508948 0.9742471
v -0.24311797 -0.6508948 0.9497131
v -0.24587007 -0.64295876 0.94034714
v -0.23719388 -0.53564453 0.98534554
v -0.23427126 -0.642958 0.9836607
v -0.24268413 -0.33403686 0.98851264
v -0.071045145 -0.61565685 0.893356
v -0.06982602 -0.57088387 0.8926521
v -0.0671209 -0.5629469 0.90181637
v -0.06877227 -0.6235938 0.90276974
v -0.060176566 -0.5629469 0.92773306
v -0.062083386 -0.6235938 0.92773306
v -0.059344843 -0.61565685 0.9370221
v -0.05793712 -0.57088387 0.9370221
v -0.15131745 -0.5277081 0.84227705
v -0.15131745 -0.3340373 0.8361877
v -0.14203899 -0.3261012 0.83846647
v -0.1420397 -0.535646 0.8450575
v -0.10481289 -0.5356499 0.8552209
v -0.101518765 -0.32610515 0.8495152
v -0.10481289 -0.5356499 0.8552209
v -0.101518765 -0.32610515 0.8495152
v -0.063817926 -0.32610518 0.88721776
v -0.06952365 -0.5356499 0.89051205
v -0.050016828 -0.32610515 0.93871915
v -0.056605235 -0.5356499 0.9387191
v -0.06641688 -0.535646 0.97604
v -0.06070847 -0.3261012 0.97933507
v -0.068647765 -0.5277081 0.98546517
v -0.06337427 -0.3340373 0.9885097
v -0.08834234 -1.0174669 0.9013771
v -0.06951334 -0.32596424 0.890506
v -0.104811445 -0.32596424 0.85520804
v -0.11568238 -1.0174669 0.8740371
v -0.15302955 -0.32596424 0.842288
v -0.15302955 -1.0174669 0.8640298
v -0.19037671 -1.0174669 0.8740371
v -0.20124765 -0.32596424 0.85520804
v -0.21771678 -1.0174669 0.9013771
v -0.23654577 -0.32596424 0.890506
v -0.05659332 -0.32596424 0.9387243
v -0.06951334 -0.32596424 0.890506
v -0.08834234 -1.0174669 0.9013771
v -0.0783352 -1.0174669 0.9387243
v -0.08834234 -1.0174669 0.9760715
v -0.06951334 -0.32596424 0.9869424
v -0.11568238 -1.0174669 1.0034115
v -0.104811445 -0.32596424 1.0222405
v -0.11568238 -1.0174669 1.0034115
v -0.15302955 -0.32596424 1.0351605
v -0.104811445 -0.32596424 1.0222405
v -0.15302955 -1.0174669 1.0134187
v -0.19037671 -1.0174669 1.0034115
v -0.20124765 -0.32596424 1.0222405
v -0.21771678 -1.0174669 0.9760715
v -0.23654577 -0.32596424 0.9869424
v -0.10264299 -1.0196335 0.90963346
v -0.12099685 -0.95346624 0.8968247
v -0.104338646 -0.95346624 0.9184544
v -0.09484817 -1.0196335 0.9387243
v -0.100727126 -0.95346624 0.9455156
v -0.10264299 -1.0196335 0.967815
v -0.11113 -0.95346624 0.9707569
v -0.23654577 -0.32596424 0.890506
v -0.24946576 -0.32596424 0.9387243
v -0.21771678 -1.0174669 0.9013771
v -0.2277239 -1.0174669 0.9387243
v -0.21771678 -1.0174669 0.9760715
v -0.23654577 -0.32596424 0.9869424
v -0.19492908 -0.95346624 0.90669155
v -0.18212026 -1.0196335 0.8883377
v -0.2034161 -1.0196335 0.90963346
v -0.17329927 -0.95346624 0.8900333
v -0.15302955 -1.0196335 0.8805429
v -0.1462382 -0.95346624 0.88642186
v -0.123938866 -1.0196335 0.8883377
v -0.12099685 -0.95346624 0.8968247
v -0.10264299 -1.0196335 0.90963346
v -0.18506223 -0.95346624 0.98062384
v -0.2034161 -1.0196335 0.967815
v -0.18212026 -1.0196335 0.98911077
v -0.1598209 -0.95346624 0.9910266
v -0.15302955 -1.0196335 0.99690557
v -0.13275982 -0.95346624 0.98741513
v -0.123938866 -1.0196335 0.98911077
v -0.11113 -0.95346624 0.9707569
v -0.10264299 -1.0196335 0.967815
v -0.19492908 -0.95346624 0.90669155
v -0.2034161 -1.0196335 0.90963346
v -0.20533195 -0.95346624 0.9319328
v -0.21121095 -1.0196335 0.9387243
v -0.20172045 -0.95346624 0.958994
v -0.2034161 -1.0196335 0.967815
v -0.18506223 -0.95346624 0.98062384
v -0.11113 -0.95346624 0.9707569
v -0.1598209 -0.95346624 0.9910266
v -0.13275982 -0.95346624 0.98741513
v -0.1462382 -0.95346624 0.88642186
v -0.100727126 -0.95346624 0.9455156
v -0.104338646 -0.95346624 0.9184544
v -0.12099685 -0.95346624 0.8968247
v -0.20172045 -0.95346624 0.958994
v -0.18506223 -0.95346624 0.98062384
v -0.20533195 -0.95346624 0.9319328
v -0.19492908 -0.95346624 0.90669155
v -0.17329927 -0.95346624 0.8900333
v -0.037940018 0.037878606 0.25422746
v 0.037940018 0.037878606 0.25422746
v -0.03794 -0.0378786 0.25422746
v 0.03794 -0.0378786 0.25422746
v 0.05896223 0.037878603 0.27721798
v 0.05896225 0.037878606 0.2429696
v 0.058962267 -0.0378786 0.2429696
v 0.058962233 -0.037878606 0.27721798
v 0.058962215 -0.031865917 0.29778606
v 0.058962215 0.03186997 0.29778606
v 0.058962215 0.012174496 0.31209567
v 0.058962215 -0.012170447 0.31209567
v 0.03794 -0.0378786 0.25422746
v 0.037940018 0.037878606 0.25422746
v 0.037940018 0.037878606 0.27721798
v 0.03794 -0.0378786 0.27721798
v 0.037939984 -0.031865917 0.29778606
v 0.03793998 0.03186997 0.29778606
v 0.03793998 0.012174496 0.31209567
v 0.037939984 -0.012170447 0.31209567
v 0.058962215 -0.031865917 0.29778606
v 0.03794 -0.0378786 0.27721798
v 0.037939984 -0.031865917 0.29778606
v 0.058962233 -0.037878606 0.27721798
v 0.03794 -0.0378786 0.25422746
v 0.058962267 -0.0378786 0.2429696
v -0.05896225 -0.0378786 0.2429696
v -0.03794 -0.0378786 0.25422746
v -0.058962233 -0.037878606 0.27721798
v -0.03794 -0.0378786 0.27721798
v -0.05896223 -0.031865917 0.29778606
v -0.03793999 -0.031865917 0.29778606
v 0.058962215 -0.012170447 0.31209567
v 0.058962215 -0.031865917 0.29778606
v 0.037939984 -0.031865917 0.29778606
v 0.037939984 -0.012170447 0.31209567
v 0.058962215 0.012174496 0.31209567
v 0.03793998 0.012174496 0.31209567
v 0.058962215 0.03186997 0.29778606
v 0.03793998 0.03186997 0.29778606
v 0.058962215 0.03186997 0.29778606
v 0.03793998 0.03186997 0.29778606
v 0.037940018 0.037878606 0.27721798
v 0.05896223 0.037878603 0.27721798
v 0.037940018 0.037878606 0.25422746
v 0.05896225 0.037878606 0.2429696
v -0.037940018 0.037878606 0.25422746
v -0.058962263 0.037878595 0.2429696
v -0.05896223 0.037878603 0.27721798
v -0.037940018 0.037878606 0.27721798
v -0.058962215 0.03186997 0.29778606
v -0.037939988 0.03186997 0.29778606
v -0.058962233 -0.037878606 0.27721798
v -0.05896225 -0.0378786 0.2429696
v -0.058962263 0.037878595 0.2429696
v -0.05896223 0.037878603 0.27721798
v -0.05896223 -0.031865917 0.29778606
v -0.058962215 0.03186997 0.29778606
v -0.058962215 0.012174496 0.31209567
v -0.05896223 -0.012170447 0.31209567
v -0.037940018 0.037878606 0.27721798
v -0.037940018 0.037878606 0.25422746
v -0.03794 -0.0378786 0.25422746
v -0.03794 -0.0378786 0.27721798
v -0.03793999 -0.031865917 0.29778606
v -0.037939988 0.03186997 0.29778606
v -0.037939988 0.012174496 0.31209567
v -0.03793999 -0.012170447 0.31209567
v -0.05896223 -0.012170447 0.31209567
v -0.03793999 -0.031865917 0.29778606
v -0.05896223 -0.031865917 0.29778606
v -0.03793999 -0.012170447 0.31209567
v -0.058962215 0.012174496 0.31209567
v -0.037939988 0.012174496 0.31209567
v -0.058962215 0.03186997 0.29778606
v -0.037939988 0.03186997 0.29778606
v -0.059054807 -0.059054807 0.1685296
v -0.059054807 -0.059054807 0.22655782
v -0.03196023 -0.07715882 0.22655782
v -0.03196023 -0.07715882 0.1685296
v 6.0717955E-09 -0.08351612 0.22655782
v 6.0717955E-09 -0.08351612 0.1685296
v 0.031960238 -0.07715882 0.22655782
v 0.031960238 -0.07715882 0.1685296
v 0.059054818 -0.059054807 0.22655782
v 0.059054818 -0.059054807 0.1685296
v 0.059054807 0.059054818 0.22655782
v 0.031960227 0.07715882 0.22655782
v 0.059054807 0.059054818 0.1685296
v 0.031960227 0.07715882 0.1685296
v -6.5387864E-09 0.08351612 0.22655782
v -6.5387864E-09 0.08351612 0.1685296
v -0.031960245 0.07715882 0.22655782
v -0.031960245 0.07715882 0.1685296
v -0.059054818 0.059054807 0.22655782
v -0.059054818 0.059054807 0.1685296
v -0.059054807 -0.059054807 0.22655782
v -0.059054807 -0.059054807 0.1685296
v -0.077158816 -0.031960245 0.1685296
v -0.077158816 -0.031960245 0.22655782
v -0.08351613 -3.7252903E-09 0.1685296
v -0.08351613 -3.7252903E-09 0.22655782
v -0.07715882 0.03196023 0.1685296
v -0.07715882 0.03196023 0.22655782
v -0.059054818 0.059054807 0.1685296
v -0.059054818 0.059054807 0.22655782
v 0.059054807 0.059054818 0.22655782
v 0.059054807 0.059054818 0.1685296
v 0.07715882 0.03196024 0.1685296
v 0.07715882 0.03196024 0.22655782
v 0.08351613 3.7252903E-09 0.1685296
v 0.08351613 3.7252903E-09 0.22655782
v 0.07715882 -0.03196023 0.1685296
v 0.07715882 -0.03196023 0.22655782
v 0.059054818 -0.059054807 0.1685296
v 0.059054818 -0.059054807 0.22655782
v 0.07715882 -0.03196023 0.22655782
v 0.058962267 -0.0378786 0.2429696
v 0.08351613 3.7252903E-09 0.22655782
v 0.05896225 0.037878606 0.2429696
v 0.07715882 0.03196024 0.22655782
v -0.07715882 0.03196023 0.22655782
v -0.058962263 0.037878595 0.2429696
v -0.08351613 -3.7252903E-09 0.22655782
v -0.05896225 -0.0378786 0.2429696
v -0.077158816 -0.031960245 0.22655782
v 0.059054818 -0.059054807 0.22655782
v 0.031960238 -0.07715882 0.22655782
v 0.058962267 -0.0378786 0.2429696
v 6.0717955E-09 -0.08351612 0.22655782
v -0.05896225 -0.0378786 0.2429696
v -0.03196023 -0.07715882 0.22655782
v -0.059054807 -0.059054807 0.22655782
v -0.059054818 0.059054807 0.22655782
v -0.031960245 0.07715882 0.22655782
v -0.058962263 0.037878595 0.2429696
v -6.5387864E-09 0.08351612 0.22655782
v 0.05896225 0.037878606 0.2429696
v 0.031960227 0.07715882 0.22655782
v 0.059054807 0.059054818 0.22655782
v -0.07715882 0.03196023 0.1685296
v -0.08351613 -3.7252903E-09 0.1685296
v -0.077158816 -0.031960245 0.1685296
v -0.03196023 -0.07715882 0.1685296
v -0.059054807 -0.059054807 0.1685296
v 0.031960227 0.07715882 0.1685296
v -0.031960245 0.07715882 0.1685296
v -0.059054818 0.059054807 0.1685296
v -6.5387864E-09 0.08351612 0.1685296
v 0.07715882 -0.03196023 0.1685296
v 0.031960238 -0.07715882 0.1685296
v 6.0717955E-09 -0.08351612 0.1685296
v 0.059054818 -0.059054807 0.1685296
v 0.07715882 0.03196024 0.1685296
v 0.08351613 3.7252903E-09 0.1685296
v 0.059054807 0.059054818 0.1685296
v -2.541214E-09 0.034665484 0.27558634
v 0.024510762 0.024512788 0.27558634
v 0.024510762 0.024512788 0.39356047
v -2.541214E-09 0.034665484 0.39356047
v -0.024510767 0.024512788 0.27558634
v -0.024510767 0.024512788 0.39356047
v 0.034663454 2.0246953E-06 0.39356047
v 0.024510762 0.024512788 0.39356047
v 0.024510762 0.024512788 0.27558634
v 0.034663454 2.0246953E-06 0.27558634
v 0.024510762 -0.024508743 0.39356047
v 0.024510762 -0.024508743 0.27558634
v -2.541214E-09 -0.03466143 0.39356047
v 0.024510762 -0.024508743 0.39356047
v 0.024510762 -0.024508743 0.27558634
v -2.541214E-09 -0.03466143 0.27558634
v -0.024510767 -0.024508743 0.39356047
v -0.024510767 -0.024508743 0.27558634
v -0.03466346 2.0246953E-06 0.39356047
v -0.024510767 -0.024508743 0.39356047
v -0.024510767 -0.024508743 0.27558634
v -0.03466346 2.0246953E-06 0.27558634
v -0.024510767 0.024512788 0.39356047
v -0.024510767 0.024512788 0.27558634
v -0 0.043231018 0.31433412
v 0.030567514 0.030569538 0.31433412
v 0.030567514 0.030569538 0.32812804
v -0 0.043231018 0.32812804
v -0.030567514 0.030569538 0.31433412
v -0.030567514 0.030569538 0.32812804
v 0.04322899 2.0246953E-06 0.32812804
v 0.030567514 0.030569538 0.32812804
v 0.030567514 0.030569538 0.31433412
v 0.04322899 2.0246953E-06 0.31433412
v 0.030567514 -0.030565487 0.32812804
v 0.030567514 -0.030565487 0.31433412
v -0 -0.043226965 0.32812804
v 0.030567514 -0.030565487 0.32812804
v 0.030567514 -0.030565487 0.31433412
v -0 -0.043226965 0.31433412
v -0.030567514 -0.030565487 0.32812804
v -0.030567514 -0.030565487 0.31433412
v -0.04322899 2.0246953E-06 0.32812804
v -0.030567514 -0.030565487 0.32812804
v -0.030567514 -0.030565487 0.31433412
v -0.04322899 2.0246953E-06 0.31433412
v -0.030567514 0.030569538 0.32812804
v -0.030567514 0.030569538 0.31433412
v -0.030567514 0.030569538 0.32812804
v -0 0.043231018 0.32812804
v 0.030567514 0.030569538 0.32812804
v -0 -0.043226965 0.32812804
v 0.04322899 2.0246953E-06 0.32812804
v 0.030567514 -0.030565487 0.32812804
v -0.04322899 2.0246953E-06 0.32812804
v -0.030567514 -0.030565487 0.32812804
v 0.030567514 0.030569538 0.31433412
v -0 0.043231018 0.31433412
v -0.030567514 0.030569538 0.31433412
v -0 -0.043226965 0.31433412
v 0.04322899 2.0246953E-06 0.31433412
v 0.030567514 -0.030565487 0.31433412
v -0.04322899 2.0246953E-06 0.31433412
v -0.030567514 -0.030565487 0.31433412
v -0.045769203 0.024512796 0.25107566
v 0.045769203 0.024512796 0.25107566
v 0.045769196 0.034665484 0.2755864
v -0.045769203 0.034665484 0.2755864
v -0.045769203 0.024512794 0.30009717
v 0.045769196 0.024512794 0.30009717
v 0.045769203 2.0354055E-06 0.24092294
v 0.045769203 0.024512796 0.25107566
v -0.045769203 0.024512796 0.25107566
v -0.045769203 2.0354055E-06 0.24092294
v 0.045769203 -0.024508731 0.25107563
v -0.045769215 -0.024508731 0.25107563
v 0.045769203 -0.034661427 0.2755864
v 0.045769203 -0.024508731 0.25107563
v -0.045769215 -0.024508731 0.25107563
v -0.045769215 -0.034661427 0.2755864
v -0.045769203 -0.024508739 0.30009717
v 0.045769203 -0.024508739 0.30009717
v 0.045769203 2.0260923E-06 0.31024984
v 0.045769203 -0.024508739 0.30009717
v -0.045769203 -0.024508739 0.30009717
v -0.045769203 2.0260923E-06 0.31024984
v 0.045769196 0.024512794 0.30009717
v -0.045769203 0.024512794 0.30009717
v 0.058962215 -0.023833968 0.25990015
v 0.086068116 -0.023833968 0.25990015
v 0.086068116 -0.009102516 0.2491971
v 0.058962215 -0.009102516 0.2491971
v 0.086068116 0.009106563 0.2491971
v 0.058962215 0.009106563 0.2491971
v 0.086068116 0.023838019 0.25990015
v 0.058962215 0.023838019 0.25990015
v 0.086068116 0.02946493 0.277218
v 0.058962215 0.023838019 0.25990015
v 0.086068116 0.023838019 0.25990015
v 0.058962215 0.02946493 0.277218
v 0.086068094 0.023838019 0.29453585
v 0.05896221 0.023838019 0.29453585
v 0.086068116 -0.023833968 0.25990015
v 0.058962215 -0.023833968 0.25990015
v 0.058962215 -0.029460885 0.277218
v 0.086068116 -0.029460885 0.277218
v 0.058962215 -0.023833968 0.29453585
v 0.086068116 -0.023833968 0.29453585
v 0.05896221 0.023838019 0.29453585
v 0.086068094 0.023838019 0.29453585
v 0.086068094 0.009106563 0.3052389
v 0.05896221 0.009106563 0.3052389
v 0.058962215 -0.009102516 0.3052389
v 0.086068116 -0.009102516 0.3052389
v 0.086068116 -0.023833968 0.29453585
v 0.058962215 -0.023833968 0.29453585
v -0.05896223 -0.023833968 0.25990015
v -0.086068116 -0.009102516 0.2491971
v -0.086068116 -0.023833968 0.25990015
v -0.05896223 -0.009102516 0.2491971
v -0.086068116 0.009106563 0.2491971
v -0.05896223 0.009106563 0.2491971
v -0.086068116 0.023838019 0.25990015
v -0.05896223 0.023838019 0.25990015
v -0.086068116 0.02946493 0.277218
v -0.086068116 0.023838019 0.25990015
v -0.05896223 0.023838019 0.25990015
v -0.05896223 0.02946493 0.277218
v -0.086068094 0.023838019 0.29453585
v -0.058962215 0.023838019 0.29453585
v -0.05896223 -0.029460885 0.277218
v -0.05896223 -0.023833968 0.25990015
v -0.086068116 -0.023833968 0.25990015
v -0.086068116 -0.029460885 0.277218
v -0.05896223 -0.023833968 0.29453585
v -0.086068116 -0.023833968 0.29453585
v -0.058962215 0.023838019 0.29453585
v -0.086068094 0.009106563 0.3052389
v -0.086068094 0.023838019 0.29453585
v -0.058962215 0.009106563 0.3052389
v -0.05896223 -0.009102516 0.3052389
v -0.086068116 -0.009102516 0.3052389
v -0.086068116 -0.023833968 0.29453585
v -0.05896223 -0.023833968 0.29453585
v -0.07224777 -0.07224779 0.20971812
v -0.039100215 -0.09439626 0.20971812
v -0.07224777 -0.07224779 0.14042139
v -0.039100215 -0.09439626 0.14042139
v 7.1056374E-09 -0.10217378 0.20971812
v 7.1056374E-09 -0.10217378 0.14042139
v 0.039100222 -0.09439626 0.20971812
v 0.039100222 -0.09439626 0.14042139
v 0.07224779 -0.07224779 0.20971812
v 0.07224779 -0.07224779 0.14042139
v -0.09439626 -0.03910023 0.20971812
v -0.07224777 -0.07224779 0.20971812
v -0.09439626 -0.03910023 0.14042139
v -0.07224777 -0.07224779 0.14042139
v 0.07224779 -0.07224779 0.20971812
v 0.09439626 -0.039100215 0.20971812
v 0.07224779 -0.07224779 0.14042139
v 0.09439626 -0.039100215 0.14042139
v 0.0660958 -0.0660958 0.20971812
v 0.08635831 -0.035770785 0.20971812
v 0.09439626 -0.039100215 0.20971812
v 0.07224779 -0.07224779 0.20971812
v 0.039100222 -0.09439626 0.20971812
v 0.035770796 -0.08635831 0.20971812
v 6.9034676E-09 -0.09347358 0.20971812
v 7.1056374E-09 -0.10217378 0.20971812
v -0.039100215 -0.09439626 0.20971812
v -0.03577079 -0.08635831 0.20971812
v -0.07224777 -0.07224779 0.20971812
v -0.06609579 -0.0660958 0.20971812
v -0.08635829 -0.0357708 0.20971812
v -0.09439626 -0.03910023 0.20971812
v 0.09439626 -0.039100215 0.20971812
v 0.08635831 -0.035770785 0.20971812
v 0.08635831 -0.035770785 0.14042139
v 0.09439626 -0.039100215 0.14042139
v -0.08635829 -0.0357708 0.20971812
v -0.09439626 -0.03910023 0.20971812
v -0.09439626 -0.03910023 0.14042139
v -0.08635829 -0.0357708 0.14042139
v 0.09439626 -0.039100215 0.14042139
v 0.08635831 -0.035770785 0.14042139
v 0.0660958 -0.0660958 0.14042139
v 0.07224779 -0.07224779 0.14042139
v 0.039100222 -0.09439626 0.14042139
v 0.035770796 -0.08635831 0.14042139
v 6.9034676E-09 -0.09347358 0.14042139
v 7.1056374E-09 -0.10217378 0.14042139
v -0.039100215 -0.09439626 0.14042139
v -0.03577079 -0.08635831 0.14042139
v -0.07224777 -0.07224779 0.14042139
v -0.06609579 -0.0660958 0.14042139
v -0.08635829 -0.0357708 0.14042139
v -0.09439626 -0.03910023 0.14042139
v 0.0660958 -0.0660958 0.20971812
v 0.035770796 -0.08635831 0.20971812
v 0.0660958 -0.0660958 0.14042139
v 0.035770796 -0.08635831 0.14042139
v 6.9034676E-09 -0.09347358 0.20971812
v 6.9034676E-09 -0.09347358 0.14042139
v -0.03577079 -0.08635831 0.20971812
v -0.03577079 -0.08635831 0.14042139
v -0.06609579 -0.0660958 0.20971812
v -0.06609579 -0.0660958 0.14042139
v 0.08635831 -0.035770785 0.20971812
v 0.0660958 -0.0660958 0.20971812
v 0.08635831 -0.035770785 0.14042139
v 0.0660958 -0.0660958 0.14042139
v -0.06609579 -0.0660958 0.20971812
v -0.08635829 -0.0357708 0.20971812
v -0.06609579 -0.0660958 0.14042139
v -0.08635829 -0.0357708 0.14042139
v -0.05455527 -0.05455527 0.1685296
v -0.04072391 -0.04072391 0.15104112
v -0.05455527 0.05455527 0.1685296
v -0.04072391 0.04072391 0.15104112
v -0.05455527 0.05455527 0.1685296
v -0.04072391 0.04072391 0.15104112
v 0.05455527 0.05455527 0.1685296
v 0.04072391 0.04072391 0.15104112
v 0.05455527 0.05455527 0.1685296
v 0.04072391 0.04072391 0.15104112
v 0.05455527 -0.05455527 0.1685296
v 0.04072391 -0.04072391 0.15104112
v 0.05455527 -0.05455527 0.1685296
v 0.04072391 -0.04072391 0.15104112
v -0.05455527 -0.05455527 0.1685296
v -0.04072391 -0.04072391 0.15104112
v 0.04072391 0.04072391 0.11561961
v 0.04072391 0.04072391 0.15104112
v -0.04072391 0.04072391 0.15104112
v -0.04072391 0.04072391 0.11561961
v 0.04072391 -0.04072391 0.11561961
v -0.04072391 0.04072391 0.11561961
v -0.04072391 -0.04072391 0.11561961
v 0.04072391 0.04072391 0.11561961
v -0.04072391 0.04072391 0.11561961
v -0.04072391 0.04072391 0.15104112
v -0.04072391 -0.04072391 0.15104112
v -0.04072391 -0.04072391 0.11561961
v 0.04072391 -0.04072391 0.11561961
v 0.04072391 -0.04072391 0.15104112
v 0.04072391 0.04072391 0.15104112
v 0.04072391 0.04072391 0.11561961
v -0.04072391 -0.04072391 0.11561961
v -0.04072391 -0.04072391 0.15104112
v 0.04072391 -0.04072391 0.15104112
v 0.04072391 -0.04072391 0.11561961
v -0.07147026 0.077515736 0.35589644
v -0.07147026 0.10882852 0.38933513
v -0.07147026 -0.10339476 0.38933513
v -0.07147026 -0.13779947 0.35589644
v -0.07147026 -0.25087282 0.38933513
v -0.07147026 -0.25087282 0.35589644
v -0.06793473 -0.25440836 0.35589644
v -0.06793473 -0.25440836 0.38933513
v -0.06793473 -0.25087282 0.39287066
v -0.06793473 -0.10339476 0.39287066
v 0.06793473 -0.25440836 0.38933513
v 0.06793473 -0.25440836 0.35589644
v -0.06793473 -0.25440836 0.35589644
v -0.06793473 -0.25440836 0.38933513
v 0.06793473 -0.25087282 0.39287066
v -0.06793473 -0.25087282 0.39287066
v -0.06793473 -0.10339476 0.39287066
v 0.06793473 -0.10339476 0.39287066
v -0.06793473 -0.25087282 0.39287066
v 0.06793473 -0.25087282 0.39287066
v 0.07147026 -0.25087282 0.35589644
v 0.06793473 -0.25440836 0.35589644
v 0.06793473 -0.25440836 0.38933513
v 0.07147026 -0.25087282 0.38933513
v 0.06793473 -0.25087282 0.39287066
v 0.06793473 -0.10339476 0.39287066
v 0.07147026 -0.13779949 0.35589644
v 0.07147026 -0.10339476 0.38933513
v 0.07147026 0.077515736 0.35589644
v 0.07147026 0.10882852 0.38933513
v -0.07147026 0.10882852 0.38933513
v 0.07147026 0.077515736 0.35589644
v 0.07147026 0.10882852 0.38933513
v -0.07147026 0.077515736 0.35589644
v -0.06793473 -0.25440836 0.35589644
v 0.06793473 -0.25440836 0.35589644
v 0.07147026 -0.25087282 0.35589644
v -0.07147026 -0.25087282 0.35589644
v 0.07147026 -0.13779949 0.35589644
v -0.07147026 -0.13779947 0.35589644
v 0.07147026 0.077515736 0.35589644
v -0.07147026 0.077515736 0.35589644
v 0.07147026 -0.24104993 0.35589644
v 0.07147026 -0.06591047 0.35589644
v 0.07147026 -0.092188746 0.33019984
v 0.07147026 -0.24104993 0.33019984
v 0.06793473 -0.24458547 0.35589644
v 0.06793473 -0.24458547 0.33019984
v 0.06793473 -0.24458547 0.35589644
v -0.06793473 -0.24458547 0.33019984
v -0.06793473 -0.24458547 0.35589644
v 0.06793473 -0.24458547 0.33019984
v -0.07147026 -0.24104993 0.35589644
v -0.07147026 -0.092188746 0.33019984
v -0.07147026 -0.06591047 0.35589644
v -0.07147026 -0.24104993 0.33019984
v -0.06793473 -0.24458547 0.33019984
v -0.06793473 -0.24458547 0.35589644
v -0.06793473 -0.24458547 0.33019984
v 0.06793473 -0.24458547 0.33019984
v 0.07147026 -0.24104993 0.33019984
v -0.07147026 -0.24104993 0.33019984
v 0.07147026 -0.092188746 0.33019984
v -0.07147026 -0.092188746 0.33019984
v -0.07147026 -0.092188746 0.33019984
v 0.07147026 -0.092188746 0.33019984
v 0.07147026 -0.06591047 0.35589644
v -0.07147026 -0.06591047 0.35589644
v -0.05777766 -0.41047424 0.33843374
v -0.052203372 -0.41047424 0.34400803
v -0.05220339 -0.28165117 0.34400803
v -0.057777677 -0.28165117 0.33843374
v -0.063351944 -0.41047424 0.34400803
v -0.06335196 -0.28165117 0.34400803
v -0.05777766 -0.41047424 0.3495823
v -0.063351944 -0.41047424 0.34400803
v -0.06335196 -0.28165117 0.34400803
v -0.057777677 -0.28165117 0.3495823
v -0.052203372 -0.41047424 0.34400803
v -0.05220339 -0.28165117 0.34400803
v -0.057777677 -0.28165117 0.33843374
v -0.05220339 -0.28165117 0.34400803
v -0.057777677 -0.28165117 0.3495823
v -0.06335196 -0.28165117 0.34400803
v -0.02971292 -0.31216064 0.3486991
v -0.029712941 -0.2537901 0.34869906
v -0.027007446 -0.2537901 0.344013
v -0.027007438 -0.31216067 0.344013
v -0.029712927 -0.31216067 0.33932698
v -0.029712927 -0.2537901 0.33932698
v -0.035123907 -0.31216067 0.33932698
v -0.029712927 -0.31216067 0.33932698
v -0.029712927 -0.2537901 0.33932698
v -0.035123926 -0.2537901 0.33932692
v -0.035123907 -0.31216067 0.33932698
v -0.035123926 -0.2537901 0.33932692
v -0.037829407 -0.2537901 0.344013
v -0.037829403 -0.31216067 0.344013
v -0.03512392 -0.31216067 0.34869906
v -0.035123922 -0.2537901 0.34869906
v -0.03755968 -0.25420472 0.3351081
v -0.027277157 -0.25420472 0.3351081
v -0.027277157 -0.2390274 0.3351081
v -0.03755968 -0.2390274 0.3351081
v -0.02971292 -0.31216064 0.3486991
v -0.035123922 -0.2537901 0.34869906
v -0.029712941 -0.2537901 0.34869906
v -0.03512392 -0.31216067 0.34869906
v -0.022135898 -0.2390274 0.344013
v -0.027277157 -0.2390274 0.3351081
v -0.027277157 -0.25420472 0.3351081
v -0.022135898 -0.25420472 0.344013
v -0.027277166 -0.25420472 0.35291794
v -0.02727715 -0.2390274 0.35291797
v -0.02727715 -0.2390274 0.35291797
v -0.027277166 -0.25420472 0.35291794
v -0.037559696 -0.2390274 0.35291794
v -0.037559696 -0.25420472 0.35291794
v -0.042700954 -0.25420472 0.344013
v -0.03755968 -0.25420472 0.3351081
v -0.03755968 -0.2390274 0.3351081
v -0.042700954 -0.2390274 0.344013
v -0.037559696 -0.25420472 0.35291794
v -0.037559696 -0.2390274 0.35291794
v -0.037559696 -0.25420472 0.35291794
v -0.027277166 -0.25420472 0.35291794
v -0.022135898 -0.25420472 0.344013
v -0.03755968 -0.25420472 0.3351081
v -0.027277157 -0.25420472 0.3351081
v -0.042700954 -0.25420472 0.344013
v 0.07123624 -0.25154 0.5506286
v 0.07123624 -0.2697361 0.5506286
v 0.057356033 -0.25154 0.556378
v 0.057356033 -0.2697361 0.556378
v 0.04347582 -0.25154 0.5506286
v 0.04347582 -0.2697361 0.5506286
v 0.07123624 -0.2697361 0.5506286
v 0.07123624 -0.25154 0.5506286
v 0.07698561 -0.2697361 0.5367484
v 0.07698561 -0.25154 0.5367484
v 0.07123624 -0.2697361 0.5228682
v 0.07123624 -0.25154 0.5228682
v 0.057356033 -0.2697361 0.5171188
v 0.07123624 -0.2697361 0.5228682
v 0.07123624 -0.25154 0.5228682
v 0.057356033 -0.25154 0.5171188
v 0.04347582 -0.2697361 0.5228682
v 0.04347582 -0.25154 0.5228682
v 0.037726454 -0.2697361 0.5367484
v 0.04347582 -0.2697361 0.5228682
v 0.04347582 -0.25154 0.5228682
v 0.037726454 -0.25154 0.5367484
v 0.04347582 -0.2697361 0.5506286
v 0.04347582 -0.25154 0.5506286
v 0.057356033 -0.2697361 0.556378
v 0.07123624 -0.2697361 0.5506286
v 0.06827539 -0.26440537 0.5476678
v 0.057356033 -0.26440537 0.5521908
v 0.04643667 -0.26440537 0.5476678
v 0.04347582 -0.2697361 0.5506286
v 0.07698561 -0.2697361 0.5367484
v 0.06827539 -0.26440537 0.5476678
v 0.07123624 -0.2697361 0.5506286
v 0.07279835 -0.26440537 0.5367484
v 0.06827539 -0.26440537 0.525829
v 0.07123624 -0.2697361 0.5228682
v 0.06827539 -0.26440537 0.525829
v 0.07123624 -0.2697361 0.5228682
v 0.057356033 -0.2697361 0.5171188
v 0.057356033 -0.26440537 0.52130604
v 0.04643667 -0.26440537 0.525829
v 0.04347582 -0.2697361 0.5228682
v 0.037726454 -0.2697361 0.5367484
v 0.04643667 -0.26440537 0.525829
v 0.04347582 -0.2697361 0.5228682
v 0.041913718 -0.26440537 0.5367484
v 0.04643667 -0.26440537 0.5476678
v 0.04347582 -0.2697361 0.5506286
v 0.06761627 -0.2312847 0.54700863
v 0.057356033 -0.17707123 0.5512585
v 0.06761627 -0.17707123 0.54700863
v 0.057356033 -0.2312847 0.5512585
v 0.04709579 -0.17707123 0.54700863
v 0.04709579 -0.2312847 0.54700863
v 0.06761627 -0.17707123 0.54700863
v 0.07186622 -0.2312847 0.5367484
v 0.06761627 -0.2312847 0.54700863
v 0.07186622 -0.17707123 0.5367484
v 0.06761627 -0.2312847 0.5264882
v 0.06761627 -0.17707123 0.5264882
v 0.057356033 -0.2312847 0.5222382
v 0.06761627 -0.2312847 0.5264882
v 0.06761627 -0.17707123 0.5264882
v 0.057356033 -0.17707123 0.5222382
v 0.04709579 -0.2312847 0.5264882
v 0.04709579 -0.17707123 0.5264882
v 0.042845853 -0.2312847 0.5367484
v 0.04709579 -0.2312847 0.5264882
v 0.04709579 -0.17707123 0.5264882
v 0.042845853 -0.17707123 0.5367484
v 0.04709579 -0.2312847 0.54700863
v 0.04709579 -0.17707123 0.54700863
v 0.07123624 -0.27572188 0.6091788
v 0.057356033 -0.25153998 0.6149281
v 0.07123624 -0.25153998 0.6091788
v 0.057356033 -0.27572188 0.6149281
v 0.04347582 -0.25153998 0.6091788
v 0.04347582 -0.27572188 0.6091788
v 0.07123624 -0.25153998 0.6091788
v 0.07698561 -0.27572188 0.5952986
v 0.07123624 -0.27572188 0.6091788
v 0.07698561 -0.25153998 0.5952986
v 0.07123624 -0.27572188 0.5814184
v 0.07123624 -0.25153998 0.5814184
v 0.057356033 -0.27572188 0.575669
v 0.07123624 -0.27572188 0.5814184
v 0.07123624 -0.25153998 0.5814184
v 0.057356033 -0.25153998 0.575669
v 0.04347582 -0.27572188 0.5814184
v 0.04347582 -0.25153998 0.5814184
v 0.037726454 -0.27572188 0.5952986
v 0.04347582 -0.27572188 0.5814184
v 0.04347582 -0.25153998 0.5814184
v 0.037726454 -0.25153998 0.5952986
v 0.04347582 -0.27572188 0.6091788
v 0.04347582 -0.25153998 0.6091788
v 0.027461004 -0.26695684 0.5657463
v 0.027460987 -0.25153998 0.5657463
v 0.030166484 -0.25153998 0.5610602
v 0.030166484 -0.26695687 0.5610602
v 0.027461004 -0.26695687 0.5563742
v 0.027461 -0.25153998 0.5563742
v 0.022050023 -0.26695687 0.5563742
v 0.027461004 -0.26695687 0.5563742
v 0.027461 -0.25153998 0.5563742
v 0.02205 -0.25153998 0.5563742
v 0.019344527 -0.26695687 0.56106025
v 0.022050023 -0.26695687 0.5563742
v 0.02205 -0.25153998 0.5563742
v 0.019344522 -0.25153998 0.56106025
v 0.02205001 -0.26695687 0.5657463
v 0.022050008 -0.25153998 0.5657463
v 0.027461004 -0.26695684 0.5657463
v 0.022050008 -0.25153998 0.5657463
v 0.027460987 -0.25153998 0.5657463
v 0.02205001 -0.26695687 0.5657463
v 0.022050023 -0.26695687 0.5563742
v 0.030166484 -0.26695687 0.5610602
v 0.027461004 -0.26695687 0.5563742
v 0.02205001 -0.26695687 0.5657463
v 0.019344527 -0.26695687 0.56106025
v 0.027461004 -0.26695684 0.5657463
v 0.137165 0.22261374 0.38709387
v 0.15185224 0.2215071 0.4431685
v 0.1618431 0.21024922 0.4386522
v 0.14775176 0.2112576 0.38466215
v 0.1663339 0.22524856 0.4399961
v 0.15122943 0.22642398 0.38246197
v 0.12929691 0.20174772 0.3321656
v 0.13177943 0.21643448 0.3271566
v 0.11256584 0.18911193 0.29496732
v 0.11195562 0.20132452 0.28509644
v 0.095885895 0.1874543 0.27419117
v 0.10151234 0.179494 0.2860694
v 0.0791117 0.17236683 0.28127828
v 0.09069724 0.19127603 0.28745311
v 0.080495544 0.18190071 0.2931514
v 0.06806204 0.16200538 0.30847126
v 0.07336484 0.17518084 0.3141342
v 0.090503424 0.16985936 0.291809
v 0.05717598 0.15111607 0.3536253
v 0.08296164 0.16275783 0.31340984
v 0.06289353 0.16468889 0.35773242
v 0.04754207 0.14174034 0.4034122
v 0.07243895 0.15221667 0.3572008
v 0.05293126 0.15506516 0.40862632
v 0.06285351 0.14303128 0.40670577
v 0.137165 0.22261374 0.38709387
v 0.1663339 0.22524856 0.4399961
v 0.15185224 0.2215071 0.4431685
v 0.15122943 0.22642398 0.38246197
v 0.11832973 0.21292049 0.3335236
v 0.13177943 0.21643448 0.3271566
v 0.12929691 0.20174772 0.3321656
v 0.14775176 0.2112576 0.38466215
v 0.11256584 0.18911193 0.29496732
v 0.10154712 0.2002435 0.29624432
v 0.11195562 0.20132452 0.28509644
v 0.09069724 0.19127603 0.28745311
v 0.095885895 0.1874543 0.27419117
v 0.090503424 0.16985936 0.291809
v 0.10151234 0.179494 0.2860694
v 0.0791117 0.17236683 0.28127828
v 0.06806204 0.16200538 0.30847126
v 0.08296164 0.16275783 0.31340984
v 0.05717598 0.15111607 0.3536253
v 0.07243895 0.15221667 0.3572008
v 0.04754207 0.14174034 0.4034122
v 0.06285351 0.14303128 0.40670577
v 0.10151234 0.179494 0.2860694
v 0.090503424 0.16985936 0.291809
v 0.080495544 0.18190071 0.2931514
v 0.09069724 0.19127603 0.28745311
v 0.10154712 0.2002435 0.29624432
v 0.11256584 0.18911193 0.29496732
v 0.0067434977 0.15696914 0.35429278
v 0.0035086502 0.14477412 0.40363902
v 0.010304525 0.13224319 0.39702496
v 0.0130519075 0.14284103 0.3531436
v 0.021908889 0.15541926 0.3554429
v 0.018724538 0.1433897 0.40422305
v 0.024618272 0.15589137 0.32016212
v 0.015037626 0.1437771 0.32128638
v 0.009577772 0.15788674 0.31839135
v 0.027313584 0.1405877 0.28826526
v 0.0123716425 0.14275548 0.28592402
v 0.017138148 0.12987402 0.29285148
v 0.030017786 0.117436044 0.26250017
v 0.015010425 0.1186577 0.25993192
v 0.02002041 0.10932126 0.27090076
v 0.033329967 0.077401996 0.23486589
v 0.018307034 0.078073785 0.2321063
v 0.02336092 0.071033746 0.24518988
v 0.035251137 0.047710985 0.22032447
v 0.025215076 0.042442612 0.23114656
v 0.020250017 0.04802577 0.2174065
v 0.0067434977 0.15696914 0.35429278
v 0.018724538 0.1433897 0.40422305
v 0.0035086502 0.14477412 0.40363902
v 0.021908889 0.15541926 0.3554429
v 0.024618272 0.15589137 0.32016212
v 0.009577772 0.15788674 0.31839135
v 0.027313584 0.1405877 0.28826526
v 0.0123716425 0.14275548 0.28592402
v 0.030017786 0.117436044 0.26250017
v 0.015010425 0.1186577 0.25993192
v 0.030017786 0.117436044 0.26250017
v 0.015010425 0.1186577 0.25993192
v 0.018307034 0.078073785 0.2321063
v 0.033329967 0.077401996 0.23486589
v 0.020250017 0.04802577 0.2174065
v 0.035251137 0.047710985 0.22032447
v -0.013843998 0.14804502 0.37149298
v -0.006819509 0.15001489 0.42451057
v 0.0024089 0.13776198 0.42086363
v -0.0040147677 0.13573948 0.37198204
v 0.008191954 0.15222043 0.42268685
v -0.020740593 0.13361311 0.32122946
v 0.0010500074 0.15026073 0.36886886
v -0.010485612 0.12209907 0.32448366
v -0.027118906 0.10727979 0.27491283
v -0.0059316144 0.13567008 0.3180507
v -0.016443886 0.097433716 0.28105384
v -0.029364834 0.07187357 0.23915796
v -0.012326956 0.10924303 0.2715719
v -0.018456684 0.06505301 0.24828331
v -0.02706294 0.041302614 0.223198
v -0.014549162 0.07406116 0.2360383
v -0.016375035 0.03740949 0.23385231
v -0.012268575 0.043773368 0.22022624
v -0.013843998 0.14804502 0.37149298
v 0.008191954 0.15222043 0.42268685
v -0.006819509 0.15001489 0.42451057
v 0.0010500074 0.15026073 0.36886886
v -0.020740593 0.13361311 0.32122946
v -0.0059316144 0.13567008 0.3180507
v -0.027118906 0.10727979 0.27491283
v -0.012326956 0.10924303 0.2715719
v -0.029364834 0.07187357 0.23915796
v -0.014549162 0.07406116 0.2360383
v -0.012268575 0.043773368 0.22022624
v -0.014549162 0.07406116 0.2360383
v -0.029364834 0.07187357 0.23915796
v -0.02706294 0.041302614 0.223198
v 0.21360567 -0.26341033 0.4754368
v 0.20397133 -0.25153992 0.46101803
v 0.20397133 -0.26341033 0.46101803
v 0.21360567 -0.25153992 0.4754368
v 0.21698879 -0.26341033 0.492445
v 0.21698879 -0.25153992 0.492445
v 0.21360567 -0.26341033 0.5094531
v 0.21360567 -0.25153992 0.5094531
v 0.20397133 -0.26341033 0.5238719
v 0.20397133 -0.25153992 0.5238719
v 0.14111745 -0.25153992 0.46101803
v 0.14111745 -0.26341033 0.46101803
v 0.15553625 -0.26341033 0.4513837
v 0.15553625 -0.25153992 0.4513837
v 0.17254438 -0.26341033 0.44800055
v 0.17254438 -0.25153992 0.44800055
v 0.18955253 -0.26341033 0.4513837
v 0.18955253 -0.25153992 0.4513837
v 0.20397133 -0.26341033 0.46101803
v 0.20397133 -0.25153992 0.46101803
v 0.14111745 -0.25153992 0.5238719
v 0.14111745 -0.26341033 0.5238719
v 0.13148311 -0.26341033 0.5094531
v 0.13148311 -0.25153992 0.5094531
v 0.12809998 -0.26341033 0.492445
v 0.12809998 -0.25153992 0.492445
v 0.13148311 -0.26341033 0.4754368
v 0.13148311 -0.25153992 0.4754368
v 0.14111745 -0.26341033 0.46101803
v 0.14111745 -0.25153992 0.46101803
v 0.20397133 -0.25153992 0.5238719
v 0.20397133 -0.26341033 0.5238719
v 0.18955253 -0.26341033 0.5335063
v 0.18955253 -0.25153992 0.5335063
v 0.17254438 -0.26341033 0.5368894
v 0.17254438 -0.25153992 0.5368894
v 0.15553625 -0.26341033 0.5335063
v 0.15553625 -0.25153992 0.5335063
v 0.14111745 -0.26341033 0.5238719
v 0.14111745 -0.25153992 0.5238719
v 0.19889289 -0.2869147 0.4660964
v 0.19889289 -0.27850825 0.4660964
v 0.20697038 -0.27850825 0.47818524
v 0.20697038 -0.2869147 0.47818524
v 0.20980686 -0.27850825 0.4924449
v 0.20980686 -0.2869147 0.4924449
v 0.20697038 -0.27850825 0.5067047
v 0.20697038 -0.2869147 0.5067047
v 0.19889289 -0.27850825 0.5187935
v 0.19889289 -0.2869147 0.5187935
v 0.15828466 -0.27850825 0.4580189
v 0.14619586 -0.2869147 0.4660964
v 0.14619586 -0.27850825 0.4660964
v 0.15828466 -0.2869147 0.4580189
v 0.17254438 -0.27850825 0.4551825
v 0.17254438 -0.2869147 0.4551825
v 0.18680412 -0.27850825 0.4580189
v 0.18680412 -0.2869147 0.4580189
v 0.19889289 -0.27850825 0.4660964
v 0.19889289 -0.2869147 0.4660964
v 0.14619586 -0.27850825 0.5187935
v 0.13811837 -0.27850825 0.5067047
v 0.14619586 -0.2869147 0.5187935
v 0.13811837 -0.2869147 0.5067047
v 0.13528192 -0.27850825 0.4924449
v 0.13528192 -0.2869147 0.4924449
v 0.13811837 -0.27850825 0.47818524
v 0.13811837 -0.2869147 0.47818524
v 0.14619586 -0.27850825 0.4660964
v 0.14619586 -0.2869147 0.4660964
v 0.19889289 -0.2869147 0.5187935
v 0.19889289 -0.27850825 0.5187935
v 0.18680412 -0.27850825 0.526871
v 0.18680412 -0.2869147 0.526871
v 0.17254438 -0.27850825 0.5297074
v 0.17254438 -0.2869147 0.5297074
v 0.15828466 -0.27850825 0.526871
v 0.15828466 -0.2869147 0.526871
v 0.14619586 -0.27850825 0.5187935
v 0.14619586 -0.2869147 0.5187935
v 0.12916721 -0.29623607 0.47447756
v 0.14273033 -0.2869147 0.46263087
v 0.13934495 -0.29623607 0.45924547
v 0.13359042 -0.2869147 0.4763097
v 0.12559327 -0.29623607 0.492445
v 0.1303809 -0.2869147 0.492445
v 0.13359042 -0.2869147 0.5085802
v 0.12916721 -0.29623607 0.5104124
v 0.14273033 -0.2869147 0.52225906
v 0.13934495 -0.29623607 0.5256444
v 0.13934495 -0.29623607 0.5256444
v 0.15457697 -0.29623607 0.53582215
v 0.14273033 -0.2869147 0.52225906
v 0.15640911 -0.2869147 0.531399
v 0.17254438 -0.29623607 0.5393961
v 0.17254438 -0.2869147 0.5346085
v 0.18867965 -0.2869147 0.531399
v 0.1905118 -0.29623607 0.53582215
v 0.20235847 -0.2869147 0.52225906
v 0.20574385 -0.29623607 0.5256444
v 0.20235847 -0.2869147 0.52225906
v 0.20574385 -0.29623607 0.5256444
v 0.21592157 -0.29623607 0.5104124
v 0.21149835 -0.2869147 0.5085802
v 0.2194955 -0.29623607 0.492445
v 0.21470788 -0.2869147 0.492445
v 0.21149835 -0.2869147 0.4763097
v 0.21592157 -0.29623607 0.47447756
v 0.20235847 -0.2869147 0.46263087
v 0.20574385 -0.29623607 0.45924547
v 0.1905118 -0.29623607 0.44906783
v 0.20235847 -0.2869147 0.46263087
v 0.20574385 -0.29623607 0.45924547
v 0.18867965 -0.2869147 0.453491
v 0.17254438 -0.29623607 0.44549388
v 0.17254438 -0.2869147 0.45028147
v 0.15640911 -0.2869147 0.453491
v 0.15457697 -0.29623607 0.44906783
v 0.14273033 -0.2869147 0.46263087
v 0.13934495 -0.29623607 0.45924547
v 0.21293657 -0.29623607 0.4520527
v 0.21561033 -0.29623607 0.4480512
v 0.19707824 -0.29623607 0.43566847
v 0.1944045 -0.29623607 0.43967003
v 0.20574385 -0.29623607 0.45924547
v 0.22531934 -0.29623607 0.47058487
v 0.1905118 -0.29623607 0.44906783
v 0.17254438 -0.29623607 0.44549388
v 0.21592157 -0.29623607 0.47447756
v 0.17254438 -0.29623607 0.43532172
v 0.22966759 -0.29623607 0.492445
v 0.2194955 -0.29623607 0.492445
v 0.23003949 -0.29623607 0.46964598
v 0.23438776 -0.29623607 0.4915061
v 0.21592157 -0.29623607 0.5104124
v 0.22531934 -0.29623607 0.5143051
v 0.21293657 -0.29623607 0.53283715
v 0.20574385 -0.29623607 0.5256444
v 0.2293209 -0.29623607 0.51697886
v 0.21693817 -0.29623607 0.53551096
v 0.1905118 -0.29623607 0.53582215
v 0.1944045 -0.29623607 0.54521996
v 0.17254438 -0.29623607 0.5495682
v 0.19534339 -0.29623607 0.5499401
v 0.17348327 -0.29623607 0.5542884
v 0.17254438 -0.29623607 0.5393961
v 0.15068428 -0.29623607 0.54521996
v 0.15457697 -0.29623607 0.53582215
v 0.13215218 -0.29623607 0.53283715
v 0.13934495 -0.29623607 0.5256444
v 0.12916721 -0.29623607 0.5104124
v 0.12947842 -0.29623607 0.53683877
v 0.14801054 -0.29623607 0.54922146
v 0.11976944 -0.29623607 0.5143051
v 0.1154212 -0.29623607 0.492445
v 0.12559327 -0.29623607 0.492445
v 0.11504927 -0.29623607 0.51524395
v 0.11070103 -0.29623607 0.49338385
v 0.12916721 -0.29623607 0.47447756
v 0.11976944 -0.29623607 0.47058487
v 0.13934495 -0.29623607 0.45924547
v 0.13215218 -0.29623607 0.4520527
v 0.12815061 -0.29623607 0.44937903
v 0.11576787 -0.29623607 0.4679111
v 0.15068428 -0.29623607 0.43967003
v 0.15457697 -0.29623607 0.44906783
v 0.14974539 -0.29623607 0.43494987
v 0.17160548 -0.29623607 0.43060157
v 0.19707824 -0.27337533 0.43566847
v 0.21561033 -0.27337533 0.4480512
v 0.21293657 -0.2706505 0.4520527
v 0.1944045 -0.2706505 0.43967003
v 0.18955253 -0.26341033 0.4513837
v 0.20397133 -0.26341033 0.46101803
v 0.17254438 -0.26341033 0.44800055
v 0.22531934 -0.2706505 0.47058487
v 0.21360567 -0.26341033 0.4754368
v 0.17254438 -0.2706505 0.43532172
v 0.22966759 -0.2706505 0.492445
v 0.21698879 -0.26341033 0.492445
v 0.23003949 -0.27337533 0.46964598
v 0.23438776 -0.27337533 0.4915061
v 0.21360567 -0.26341033 0.5094531
v 0.22531934 -0.2706505 0.5143051
v 0.21293657 -0.2706505 0.53283715
v 0.20397133 -0.26341033 0.5238719
v 0.2293209 -0.27337533 0.51697886
v 0.21693817 -0.27337533 0.53551096
v 0.18955253 -0.26341033 0.5335063
v 0.1944045 -0.2706505 0.54521996
v 0.17254438 -0.2706505 0.5495682
v 0.17254438 -0.26341033 0.5368894
v 0.19534339 -0.27337533 0.5499401
v 0.17348327 -0.27337533 0.5542884
v 0.15553625 -0.26341033 0.5335063
v 0.15068428 -0.2706505 0.54521996
v 0.13215218 -0.2706505 0.53283715
v 0.14111745 -0.26341033 0.5238719
v 0.13148311 -0.26341033 0.5094531
v 0.12947842 -0.27337533 0.53683877
v 0.14801054 -0.27337533 0.54922146
v 0.11976944 -0.2706505 0.5143051
v 0.1154212 -0.2706505 0.492445
v 0.12809998 -0.26341033 0.492445
v 0.11504927 -0.27337533 0.51524395
v 0.11070103 -0.27337533 0.49338385
v 0.13148311 -0.26341033 0.4754368
v 0.11976944 -0.2706505 0.47058487
v 0.14111745 -0.26341033 0.46101803
v 0.13215218 -0.2706505 0.4520527
v 0.12815061 -0.27337533 0.44937903
v 0.11576787 -0.27337533 0.4679111
v 0.15068428 -0.2706505 0.43967003
v 0.15553625 -0.26341033 0.4513837
v 0.14974539 -0.27337533 0.43494987
v 0.17160548 -0.27337533 0.43060157
v 0.23003949 -0.27337533 0.46964598
v 0.22531934 -0.29623607 0.47058487
v 0.23003949 -0.29623607 0.46964598
v 0.22531934 -0.2706505 0.47058487
v 0.22531934 -0.2706505 0.47058487
v 0.21293657 -0.29623607 0.4520527
v 0.22531934 -0.29623607 0.47058487
v 0.21293657 -0.2706505 0.4520527
v 0.12947842 -0.27337533 0.53683877
v 0.12947842 -0.29623607 0.53683877
v 0.13215218 -0.29623607 0.53283715
v 0.13215218 -0.2706505 0.53283715
v 0.21693817 -0.27337533 0.53551096
v 0.21693817 -0.29623607 0.53551096
v 0.21293657 -0.29623607 0.53283715
v 0.21293657 -0.2706505 0.53283715
v 0.23438776 -0.27337533 0.4915061
v 0.23003949 -0.29623607 0.46964598
v 0.23438776 -0.29623607 0.4915061
v 0.23003949 -0.27337533 0.46964598
v 0.13215218 -0.2706505 0.53283715
v 0.13215218 -0.29623607 0.53283715
v 0.11976944 -0.2706505 0.5143051
v 0.11976944 -0.29623607 0.5143051
v 0.14801054 -0.27337533 0.54922146
v 0.15068428 -0.29623607 0.54521996
v 0.14801054 -0.29623607 0.54922146
v 0.15068428 -0.2706505 0.54521996
v 0.11504927 -0.27337533 0.51524395
v 0.11504927 -0.29623607 0.51524395
v 0.11070103 -0.27337533 0.49338385
v 0.11070103 -0.29623607 0.49338385
v 0.15068428 -0.29623607 0.43967003
v 0.14974539 -0.27337533 0.43494987
v 0.15068428 -0.2706505 0.43967003
v 0.14974539 -0.29623607 0.43494987
v 0.12815061 -0.27337533 0.44937903
v 0.11576787 -0.27337533 0.4679111
v 0.11576787 -0.29623607 0.4679111
v 0.12815061 -0.29623607 0.44937903
v 0.11504927 -0.27337533 0.51524395
v 0.11976944 -0.2706505 0.5143051
v 0.11976944 -0.29623607 0.5143051
v 0.11504927 -0.29623607 0.51524395
v 0.21693817 -0.27337533 0.53551096
v 0.2293209 -0.29623607 0.51697886
v 0.21693817 -0.29623607 0.53551096
v 0.2293209 -0.27337533 0.51697886
v 0.11576787 -0.27337533 0.4679111
v 0.11976944 -0.2706505 0.47058487
v 0.11976944 -0.29623607 0.47058487
v 0.11576787 -0.29623607 0.4679111
v 0.17160548 -0.29623607 0.43060157
v 0.17160548 -0.27337533 0.43060157
v 0.14974539 -0.29623607 0.43494987
v 0.14974539 -0.27337533 0.43494987
v 0.1944045 -0.29623607 0.43967003
v 0.1944045 -0.2706505 0.43967003
v 0.17254438 -0.29623607 0.43532172
v 0.17254438 -0.2706505 0.43532172
v 0.17348327 -0.27337533 0.5542884
v 0.17348327 -0.29623607 0.5542884
v 0.17254438 -0.29623607 0.5495682
v 0.17254438 -0.2706505 0.5495682
v 0.17348327 -0.27337533 0.5542884
v 0.19534339 -0.27337533 0.5499401
v 0.19534339 -0.29623607 0.5499401
v 0.17348327 -0.29623607 0.5542884
v 0.1154212 -0.29623607 0.492445
v 0.1154212 -0.2706505 0.492445
v 0.11070103 -0.27337533 0.49338385
v 0.11070103 -0.29623607 0.49338385
v 0.15068428 -0.29623607 0.43967003
v 0.15068428 -0.2706505 0.43967003
v 0.13215218 -0.29623607 0.4520527
v 0.13215218 -0.2706505 0.4520527
v 0.21561033 -0.29623607 0.4480512
v 0.21561033 -0.27337533 0.4480512
v 0.19707824 -0.29623607 0.43566847
v 0.19707824 -0.27337533 0.43566847
v 0.1154212 -0.2706505 0.492445
v 0.1154212 -0.29623607 0.492445
v 0.11976944 -0.2706505 0.47058487
v 0.11976944 -0.29623607 0.47058487
v 0.19534339 -0.27337533 0.5499401
v 0.1944045 -0.29623607 0.54521996
v 0.19534339 -0.29623607 0.5499401
v 0.1944045 -0.2706505 0.54521996
v 0.12947842 -0.27337533 0.53683877
v 0.14801054 -0.27337533 0.54922146
v 0.14801054 -0.29623607 0.54922146
v 0.12947842 -0.29623607 0.53683877
v 0.23438776 -0.27337533 0.4915061
v 0.23438776 -0.29623607 0.4915061
v 0.22966759 -0.29623607 0.492445
v 0.22966759 -0.2706505 0.492445
v 0.17254438 -0.29623607 0.43532172
v 0.17254438 -0.2706505 0.43532172
v 0.17160548 -0.27337533 0.43060157
v 0.17160548 -0.29623607 0.43060157
v 0.22531934 -0.2706505 0.5143051
v 0.22966759 -0.29623607 0.492445
v 0.22531934 -0.29623607 0.5143051
v 0.22966759 -0.2706505 0.492445
v 0.13215218 -0.29623607 0.4520527
v 0.13215218 -0.2706505 0.4520527
v 0.12815061 -0.27337533 0.44937903
v 0.12815061 -0.29623607 0.44937903
v 0.1944045 -0.2706505 0.54521996
v 0.21293657 -0.2706505 0.53283715
v 0.21293657 -0.29623607 0.53283715
v 0.1944045 -0.29623607 0.54521996
v 0.1944045 -0.29623607 0.43967003
v 0.19707824 -0.27337533 0.43566847
v 0.1944045 -0.2706505 0.43967003
v 0.19707824 -0.29623607 0.43566847
v 0.15068428 -0.2706505 0.54521996
v 0.17254438 -0.2706505 0.5495682
v 0.17254438 -0.29623607 0.5495682
v 0.15068428 -0.29623607 0.54521996
v 0.2293209 -0.27337533 0.51697886
v 0.22531934 -0.29623607 0.5143051
v 0.2293209 -0.29623607 0.51697886
v 0.22531934 -0.2706505 0.5143051
v 0.21293657 -0.29623607 0.4520527
v 0.21293657 -0.2706505 0.4520527
v 0.21561033 -0.27337533 0.4480512
v 0.21561033 -0.29623607 0.4480512
v 0.07275996 -0.07275995 0.18632953
v 0.07275996 -0.07275995 0.16381
v 0.039377406 -0.09506544 0.16381
v 0.039377406 -0.09506544 0.18632953
v -0 -0.1028981 0.16381
v -0 -0.1028981 0.18632953
v -0.039377406 -0.09506544 0.16381
v -0.039377406 -0.09506544 0.18632953
v -0.07275996 -0.07275995 0.16381
v -0.07275996 -0.07275995 0.18632953
v -0.059358887 0.05935889 0.20721512
v -0.059358887 0.05935889 0.18787237
v -0.032124784 0.07755612 0.18787237
v -0.032124784 0.07755612 0.20721512
v -0 0.08394614 0.18787237
v -0 0.08394614 0.20721512
v 0.032124784 0.07755612 0.18787237
v 0.032124784 0.07755612 0.20721512
v 0.059358887 0.05935889 0.18787237
v 0.059358887 0.05935889 0.20721512
v 0.05935889 -0.059358876 0.20721512
v 0.05935889 -0.059358876 0.18787237
v 0.032124802 -0.07755612 0.18787237
v 0.032124802 -0.07755612 0.20721512
v -0 -0.08394614 0.2072151
v -0 -0.08394614 0.18787237
v -0.032124802 -0.07755612 0.18787237
v -0.032124802 -0.07755612 0.20721512
v -0.05935889 -0.059358876 0.18787237
v -0.05935889 -0.059358876 0.20721512
v -0.059358887 0.05935889 0.20721512
v -0.07755612 0.032124806 0.20721512
v -0.059358887 0.05935889 0.18787237
v -0.07755612 0.032124806 0.18787237
v -0.08394615 3.742074E-09 0.2072151
v -0.08394615 3.742074E-09 0.18787237
v -0.07755612 -0.032124795 0.18787237
v -0.07755612 -0.032124795 0.20721512
v -0.05935889 -0.059358876 0.20721512
v -0.05935889 -0.059358876 0.18787237
v 0.05935889 -0.059358876 0.20721512
v 0.07755612 -0.032124795 0.20721512
v 0.05935889 -0.059358876 0.18787237
v 0.07755612 -0.032124795 0.18787237
v 0.08394615 3.742074E-09 0.2072151
v 0.08394615 3.742074E-09 0.18787237
v 0.07755612 0.032124806 0.18787237
v 0.07755612 0.032124806 0.20721512
v 0.059358887 0.05935889 0.20721512
v 0.059358887 0.05935889 0.18787237
v 0.116119824 -0.4243317 0.1494825
v 0.11894459 -0.44035193 0.090592116
v 0.12867343 -0.5174638 0.05899322
v 0.13040146 -0.52726215 0.060399234
v 0.10037539 -0.44362625 0.090592116
v 0.116119824 -0.4243317 0.1494825
v 0.09755054 -0.42760596 0.1494825
v 0.11894459 -0.44035193 0.090592116
v 0.12867343 -0.5174638 0.05899322
v 0.11894459 -0.44035193 0.090592116
v 0.10037539 -0.44362625 0.090592116
v 0.117607 -0.51941514 0.05899322
v 0.11933453 -0.52921355 0.060399234
v 0.13040146 -0.52726215 0.060399234
v 0.11517497 -0.41686553 0.12839481
v 0.11480533 -0.4258371 0.14444219
v 0.114305936 -0.42300528 0.15062787
v 0.113592096 -0.38760608 0.11054942
v 0.119867526 -0.4231948 0.10866718
v 0.1147792 -0.41079524 0.08740115
v 0.1121485 -0.39587572 0.08770253
v 0.11575196 -0.37672648 0.06618258
v 0.119577244 -0.39031163 0.079227835
v 0.1178422 -0.38288897 0.09476479
v 0.10936088 -0.35240752 0.071982056
v 0.10905276 -0.35032925 0.087674156
v 0.12386942 -0.40320048 0.13392873
v 0.12414433 -0.40459394 0.12776534
v 0.13008565 -0.4616828 0.06930435
v 0.12973723 -0.46003768 0.08261648
v 0.12716502 -0.42935064 0.07252407
v 0.1270567 -0.42388472 0.04770109
v 0.12437123 -0.39597353 0.0612885
v 0.12431473 -0.39818946 0.07795709
v 0.12570648 -0.4155654 0.08793277
v 0.10365852 -0.35472625 0.0864048
v 0.11409931 -0.4123808 0.068464786
v 0.11441794 -0.41418803 0.08652396
v 0.102199055 -0.34667018 0.07466781
v 0.12437123 -0.39597353 0.0612885
v 0.12001378 -0.39636058 0.061222285
v 0.1226993 -0.42427176 0.047634855
v 0.1270567 -0.42388472 0.04770109
v 0.13008565 -0.4616828 0.06930435
v 0.12572819 -0.4620697 0.06923813
v 0.11995731 -0.3985765 0.0778909
v 0.12001378 -0.39636058 0.061222285
v 0.12437123 -0.39597353 0.0612885
v 0.12431473 -0.39818946 0.07795709
v 0.12570648 -0.4155654 0.08793277
v 0.12134901 -0.4159524 0.08786656
v 0.11995731 -0.3985765 0.0778909
v 0.12431473 -0.39818946 0.07795709
v 0.122807585 -0.42973754 0.072457865
v 0.12134901 -0.4159524 0.08786656
v 0.12570648 -0.4155654 0.08793277
v 0.12716502 -0.42935064 0.07252407
v 0.12973723 -0.46003768 0.08261648
v 0.1253798 -0.4604247 0.08255026
v 0.122807585 -0.42973754 0.072457865
v 0.12716502 -0.42935064 0.07252407
v 0.12973723 -0.46003768 0.08261648
v 0.13008565 -0.4616828 0.06930435
v 0.12572819 -0.4620697 0.06923813
v 0.1253798 -0.4604247 0.08255026
v 0.122807585 -0.42973754 0.072457865
v 0.1253798 -0.4604247 0.08255026
v 0.12572819 -0.4620697 0.06923813
v 0.1226993 -0.42427176 0.047634855
v 0.12001378 -0.39636058 0.061222285
v 0.11995731 -0.3985765 0.0778909
v 0.12134901 -0.4159524 0.08786656
v 0.10494086 -0.35358566 0.07205132
v 0.10905276 -0.35032925 0.087674156
v 0.10463269 -0.3515073 0.087743364
v 0.10936088 -0.35240752 0.071982056
v 0.11944942 -0.40437853 0.13399798
v 0.10463269 -0.3515073 0.087743364
v 0.10905276 -0.35032925 0.087674156
v 0.12386942 -0.40320048 0.13392873
v 0.11972427 -0.405772 0.12783456
v 0.11944942 -0.40437853 0.13399798
v 0.12386942 -0.40320048 0.13392873
v 0.12414433 -0.40459394 0.12776534
v 0.1178422 -0.38288897 0.09476479
v 0.113422155 -0.38406715 0.09483404
v 0.1151572 -0.39148974 0.079297096
v 0.113422155 -0.38406715 0.09483404
v 0.1178422 -0.38288897 0.09476479
v 0.119577244 -0.39031163 0.079227835
v 0.1151572 -0.39148974 0.079297096
v 0.119577244 -0.39031163 0.079227835
v 0.11575196 -0.37672648 0.06618258
v 0.11133189 -0.37790453 0.06625181
v 0.10494086 -0.35358566 0.07205132
v 0.10936088 -0.35240752 0.071982056
v 0.113422155 -0.38406715 0.09483404
v 0.1151572 -0.39148974 0.079297096
v 0.11133189 -0.37790453 0.06625181
v 0.10494086 -0.35358566 0.07205132
v 0.10463269 -0.3515073 0.087743364
v 0.11944942 -0.40437853 0.13399798
v 0.11972427 -0.405772 0.12783456
v 0.09244438 -0.41360855 0.08534944
v 0.092452474 -0.41365463 0.06924823
v 0.116130665 -0.409432 0.08534944
v 0.116138816 -0.4094781 0.06924823
v 0.09244438 -0.41360855 0.08534944
v 0.116130665 -0.409432 0.08534944
v 0.118556544 -0.42319003 0.09382696
v 0.09487024 -0.42736658 0.09382696
v 0.11984999 -0.4305254 0.082038
v 0.12208858 -0.44322088 0.0868886
v 0.09840224 -0.4473974 0.0868886
v 0.09616366 -0.43470192 0.082038
v 0.12672387 -0.5102529 0.04110606
v 0.12785193 -0.51665026 0.052991137
v 0.12357671 -0.45166034 0.074223354
v 0.12230565 -0.44445193 0.059360966
v 0.11984999 -0.4305254 0.082038
v 0.12208858 -0.44322088 0.0868886
v 0.116138816 -0.4094781 0.06924823
v 0.116130665 -0.409432 0.08534944
v 0.118556544 -0.42319003 0.09382696
v 0.095361784 -0.41568476 0.068464786
v 0.11409931 -0.4123808 0.068464786
v 0.102199055 -0.34667018 0.07466781
v 0.084070005 -0.34986678 0.07466781
v 0.09930062 -0.42857093 0.14444219
v 0.11480533 -0.4258371 0.14444219
v 0.11517497 -0.41686553 0.12839481
v 0.095884845 -0.42026696 0.12839481
v 0.09364007 -0.42781943 0.10866718
v 0.119867526 -0.4231948 0.10866718
v 0.1147792 -0.41079524 0.08740115
v 0.09418059 -0.41442725 0.08740115
v 0.09418059 -0.41442725 0.08740115
v 0.1147792 -0.41079524 0.08740115
v 0.1121485 -0.39587572 0.08770253
v 0.09154989 -0.39950785 0.08770253
v 0.09755054 -0.42760596 0.1494825
v 0.11933453 -0.52921355 0.060399234
v 0.117607 -0.51941514 0.05899322
v 0.10037539 -0.44362625 0.090592116
v 0.09880142 -0.4257392 0.15062787
v 0.09930062 -0.42857093 0.14444219
v 0.095884845 -0.42026696 0.12839481
v 0.08736493 -0.3922306 0.11054942
v 0.09364007 -0.42781943 0.10866718
v 0.09418059 -0.41442725 0.08740115
v 0.09154989 -0.39950785 0.08770253
v 0.08175783 -0.38925174 0.09476479
v 0.08266613 -0.39682013 0.079227835
v 0.0816143 -0.3827458 0.06618258
v 0.079302385 -0.3577077 0.071982056
v 0.078881115 -0.35564932 0.087674156
v 0.08304099 -0.4103996 0.13392873
v 0.08325932 -0.4118031 0.12776534
v 0.08888805 -0.4360999 0.07252407
v 0.096966535 -0.46581602 0.08261648
v 0.097201794 -0.46748096 0.06930435
v 0.08712037 -0.43092665 0.04770109
v 0.08009772 -0.40378016 0.0612885
v 0.080908686 -0.4058431 0.07795709
v 0.08554382 -0.42264712 0.08793277
v 0.08545392 -0.3579362 0.0864048
v 0.09568045 -0.41749194 0.08652396
v 0.095361784 -0.41568476 0.068464786
v 0.084070005 -0.34986678 0.07466781
v 0.091347404 -0.42979994 0.047634855
v 0.08432475 -0.40265355 0.061222285
v 0.08009772 -0.40378016 0.0612885
v 0.08712037 -0.43092665 0.04770109
v 0.097201794 -0.46748096 0.06930435
v 0.101428814 -0.4663544 0.06923813
v 0.08432475 -0.40265355 0.061222285
v 0.085135676 -0.4047164 0.0778909
v 0.080908686 -0.4058431 0.07795709
v 0.08009772 -0.40378016 0.0612885
v 0.08977081 -0.42152053 0.08786656
v 0.08554382 -0.42264712 0.08793277
v 0.085135676 -0.4047164 0.0778909
v 0.080908686 -0.4058431 0.07795709
v 0.08554382 -0.42264712 0.08793277
v 0.08977081 -0.42152053 0.08786656
v 0.08888805 -0.4360999 0.07252407
v 0.093115054 -0.43497318 0.072457865
v 0.10119356 -0.4646894 0.08255026
v 0.096966535 -0.46581602 0.08261648
v 0.093115054 -0.43497318 0.072457865
v 0.08888805 -0.4360999 0.07252407
v 0.096966535 -0.46581602 0.08261648
v 0.10119356 -0.4646894 0.08255026
v 0.097201794 -0.46748096 0.06930435
v 0.101428814 -0.4663544 0.06923813
v 0.085135676 -0.4047164 0.0778909
v 0.093115054 -0.43497318 0.072457865
v 0.08977081 -0.42152053 0.08786656
v 0.08432475 -0.40265355 0.061222285
v 0.091347404 -0.42979994 0.047634855
v 0.101428814 -0.4663544 0.06923813
v 0.10119356 -0.4646894 0.08255026
v 0.083437525 -0.35524464 0.087743364
v 0.078881115 -0.35564932 0.087674156
v 0.079302385 -0.3577077 0.071982056
v 0.08385877 -0.357303 0.07205132
v 0.078881115 -0.35564932 0.087674156
v 0.083437525 -0.35524464 0.087743364
v 0.08759741 -0.40999487 0.13399798
v 0.08304099 -0.4103996 0.13392873
v 0.08759741 -0.40999487 0.13399798
v 0.08325932 -0.4118031 0.12776534
v 0.08304099 -0.4103996 0.13392873
v 0.08781571 -0.41139838 0.12783456
v 0.086314246 -0.388847 0.09483404
v 0.08175783 -0.38925174 0.09476479
v 0.08175783 -0.38925174 0.09476479
v 0.086314246 -0.388847 0.09483404
v 0.08266613 -0.39682013 0.079227835
v 0.087222524 -0.39641544 0.079297096
v 0.08266613 -0.39682013 0.079227835
v 0.087222524 -0.39641544 0.079297096
v 0.0816143 -0.3827458 0.06618258
v 0.08617072 -0.38234112 0.06625181
v 0.08385877 -0.357303 0.07205132
v 0.079302385 -0.3577077 0.071982056
v 0.08759741 -0.40999487 0.13399798
v 0.086314246 -0.388847 0.09483404
v 0.08781571 -0.41139838 0.12783456
v 0.083437525 -0.35524464 0.087743364
v 0.08385877 -0.357303 0.07205132
v 0.08617072 -0.38234112 0.06625181
v 0.087222524 -0.39641544 0.079297096
v 0.118556544 -0.42319003 0.09382696
v 0.09616366 -0.43470192 0.082038
v 0.09487024 -0.42736658 0.09382696
v 0.11984999 -0.4305254 0.082038
v 0.12208858 -0.44322088 0.0868886
v 0.09989034 -0.45583683 0.074223354
v 0.09840224 -0.4473974 0.0868886
v 0.12357671 -0.45166034 0.074223354
v 0.09989034 -0.45583683 0.074223354
v 0.12357671 -0.45166034 0.074223354
v 0.118100815 -0.5183696 0.052991137
v 0.12785193 -0.51665026 0.052991137
v 0.118100815 -0.5183696 0.052991137
v 0.12785193 -0.51665026 0.052991137
v 0.12672387 -0.5102529 0.04110606
v 0.11697277 -0.51197225 0.04110606
v 0.12230565 -0.44445193 0.059360966
v 0.116138816 -0.4094781 0.06924823
v 0.092452474 -0.41365463 0.06924823
v 0.098619305 -0.4486285 0.059360966
v 0.11697277 -0.51197225 0.04110606
v 0.12672387 -0.5102529 0.04110606
v 0.118100815 -0.5183696 0.052991137
v 0.11697277 -0.51197225 0.04110606
v 0.09989034 -0.45583683 0.074223354
v 0.098619305 -0.4486285 0.059360966
v 0.09616366 -0.43470192 0.082038
v 0.09840224 -0.4473974 0.0868886
v 0.092452474 -0.41365463 0.06924823
v 0.09244438 -0.41360855 0.08534944
v 0.09487024 -0.42736658 0.09382696
v 0.10365852 -0.35472625 0.0864048
v 0.08545392 -0.3579362 0.0864048
v 0.102199055 -0.34667018 0.07466781
v 0.084070005 -0.34986678 0.07466781
v 0.08545392 -0.3579362 0.0864048
v 0.10365852 -0.35472625 0.0864048
v 0.09568045 -0.41749194 0.08652396
v 0.11441794 -0.41418803 0.08652396
v 0.113592096 -0.38760608 0.11054942
v 0.08736493 -0.3922306 0.11054942
v 0.09154989 -0.39950785 0.08770253
v 0.1121485 -0.39587572 0.08770253
v 0.114305936 -0.42300528 0.15062787
v 0.09880142 -0.4257392 0.15062787
v 0.113592096 -0.38760608 0.11054942
v 0.08736493 -0.3922306 0.11054942
v 0.120626464 -0.42686263 0.15163657
v 0.1360869 -0.5484984 0.044804543
v 0.1212551 -0.55111355 0.044804543
v 0.094181314 -0.4315257 0.15163657
v 0.091864936 -0.4203156 0.16193938
v 0.11896907 -0.4155364 0.16193938
v 0.08982843 -0.41615868 0.16066915
v 0.11946107 -0.41093355 0.16066915
v 0.1212551 -0.55111355 0.044804543
v 0.1360869 -0.5484984 0.044804543
v 0.13672134 -0.547474 0.04206973
v 0.120308615 -0.5503679 0.04206973
v 0.12166478 -0.4247042 0.14876331
v 0.11896907 -0.4155364 0.16193938
v 0.11946107 -0.41093355 0.16066915
v 0.120626464 -0.42686263 0.15163657
v 0.1360869 -0.5484984 0.044804543
v 0.13672134 -0.547474 0.04206973
v 0.12850718 -0.4605043 0.1021519
v 0.12854132 -0.44388393 0.10127559
v 0.12358197 -0.4125815 0.13162255
v 0.09246735 -0.4298525 0.14876331
v 0.08982843 -0.41615868 0.16066915
v 0.091864936 -0.4203156 0.16193938
v 0.094181314 -0.4315257 0.15163657
v 0.1212551 -0.55111355 0.044804543
v 0.120308615 -0.5503679 0.04206973
v 0.09828197 -0.46583384 0.1021519
v 0.09256541 -0.45022747 0.10127559
v 0.0865196 -0.41911662 0.13162255
v 0.12166478 -0.4247042 0.14876331
v 0.11946107 -0.41093355 0.16066915
v 0.08982843 -0.41615868 0.16066915
v 0.09246735 -0.4298525 0.14876331
v 0.09246735 -0.4298525 0.14876331
v 0.12358197 -0.4125815 0.13162255
v 0.12166478 -0.4247042 0.14876331
v 0.0865196 -0.41911662 0.13162255
v 0.12854132 -0.44388393 0.10127559
v 0.12358197 -0.4125815 0.13162255
v 0.0865196 -0.41911662 0.13162255
v 0.09256541 -0.45022747 0.10127559
v 0.12850718 -0.4605043 0.1021519
v 0.09828197 -0.46583384 0.1021519
v 0.120308615 -0.5503679 0.04206973
v 0.13672134 -0.547474 0.04206973
v 0.059028577 -0.08890848 0.17506976
v 0.05480162 -0.09087958 0.18632953
v 0.051556997 -0.08392146 0.18632953
v 0.055783976 -0.081950404 0.17506976
v 0.051556997 -0.08392146 0.16381
v 0.054801606 -0.09087955 0.16381
v 0.051556997 -0.08392146 0.18632953
v 0.05480162 -0.09087958 0.18632953
v 0.0445968 -0.09563812 0.1909935
v 0.041352186 -0.088680066 0.1909935
v 0.031147387 -0.09343864 0.18632953
v 0.034392 -0.10039674 0.18632953
v 0.026920415 -0.09540971 0.17506976
v 0.031147387 -0.09343864 0.18632953
v 0.034392 -0.10039674 0.18632953
v 0.03016502 -0.10236781 0.17506976
v 0.034391988 -0.10039671 0.16381
v 0.031147378 -0.0934386 0.16381
v 0.031147378 -0.0934386 0.16381
v 0.034391988 -0.10039671 0.16381
v 0.0445968 -0.09563812 0.15914604
v 0.041352175 -0.08868001 0.15914604
v 0.051556997 -0.08392146 0.16381
v 0.054801606 -0.09087955 0.16381
v 0.084877744 -0.33881298 0.11440418
v 0.097660854 -0.33655894 0.11440418
v 0.08886393 -0.35933453 0.08817323
v 0.10093239 -0.35720652 0.08817323
v 0.100625955 -0.35493022 0.07523932
v 0.08837333 -0.3570906 0.07523932
v 0.09490841 -0.32097134 0.10103305
v 0.0821329 -0.32322398 0.10103305
v 0.08600049 -0.34417197 0.07543316
v 0.09843725 -0.34197906 0.07543316
v 0.09843725 -0.34197906 0.07543316
v 0.100625955 -0.35493022 0.07523932
v 0.10093239 -0.35720652 0.08817323
v 0.09490841 -0.32097134 0.10103305
v 0.097660854 -0.33655894 0.11440418
v 0.08886393 -0.35933453 0.08817323
v 0.08837333 -0.3570906 0.07523932
v 0.08600049 -0.34417197 0.07543316
v 0.0821329 -0.32322398 0.10103305
v 0.084877744 -0.33881298 0.11440418
v 0.05101647 -0.10940515 0.17506976
v 0.034392 -0.10039674 0.18632953
v 0.0445968 -0.09563812 0.1909935
v 0.03016502 -0.10236781 0.17506976
v 0.034391988 -0.10039671 0.16381
v 0.0445968 -0.09563812 0.15914604
v 0.05480162 -0.09087958 0.18632953
v 0.059028577 -0.08890848 0.17506976
v 0.054801606 -0.09087955 0.16381
v 0.07844915 -0.19120522 0.20541778
v 0.05321545 -0.19565463 0.20541778
v 0.05175017 -0.18734457 0.21249759
v 0.07698387 -0.18289514 0.21249759
v 0.037295684 -0.105369106 0.1915466
v 0.06252938 -0.10091972 0.1915466
v 0.06252938 -0.10091972 0.1915466
v 0.037295684 -0.105369106 0.1915466
v 0.037316825 -0.10548905 0.17639945
v 0.06255054 -0.10103966 0.17639945
v 0.05175017 -0.18734457 0.21249759
v 0.037316825 -0.10548905 0.17639945
v 0.037295684 -0.105369106 0.1915466
v 0.05321545 -0.19565463 0.20541778
v 0.07844915 -0.19120522 0.20541778
v 0.06255054 -0.10103966 0.17639945
v 0.037316825 -0.10548905 0.17639945
v 0.05321545 -0.19565463 0.20541778
v 0.07844915 -0.19120522 0.20541778
v 0.07698387 -0.18289514 0.21249759
v 0.06255054 -0.10103966 0.17639945
v 0.06252938 -0.10091972 0.1915466
v 0.035519656 -0.11037293 0.16538756
v 0.06590971 -0.105014354 0.16538756
v 0.06474513 -0.098409615 0.17457046
v 0.034355063 -0.10376819 0.17457046
v 0.034401435 -0.1040312 0.18527885
v 0.06479149 -0.098672606 0.18527885
v 0.085674874 -0.21710807 0.17164914
v 0.055589404 -0.22419414 0.16597319
v 0.055284794 -0.22246669 0.17164914
v 0.08597947 -0.21883559 0.16597319
v 0.06590971 -0.105014354 0.16538756
v 0.035519656 -0.11037293 0.16538756
v 0.051278237 -0.19974428 0.15901706
v 0.0816683 -0.19438569 0.15901706
v 0.08274941 -0.20051706 0.15364857
v 0.05235936 -0.20587562 0.15364857
v 0.036716256 -0.11715921 0.18494806
v 0.034401435 -0.1040312 0.18527885
v 0.06479149 -0.098672606 0.18527885
v 0.06710632 -0.11180062 0.18494806
v 0.055589404 -0.22419414 0.16597319
v 0.08597947 -0.21883559 0.16597319
v 0.08274941 -0.20051706 0.15364857
v 0.05235936 -0.20587562 0.15364857
v 0.085674874 -0.21710807 0.17164914
v 0.038306333 -0.126177 0.17401895
v 0.0686964 -0.12081842 0.17401895
v 0.055284794 -0.22246669 0.17164914
v 0.036716256 -0.11715921 0.18494806
v 0.034355063 -0.10376819 0.17457046
v 0.034401435 -0.1040312 0.18527885
v 0.038306333 -0.126177 0.17401895
v 0.035519656 -0.11037293 0.16538756
v 0.051278237 -0.19974428 0.15901706
v 0.055284794 -0.22246669 0.17164914
v 0.05235936 -0.20587562 0.15364857
v 0.055589404 -0.22419414 0.16597319
v 0.06710632 -0.11180062 0.18494806
v 0.038306333 -0.126177 0.17401895
v 0.036716256 -0.11715921 0.18494806
v 0.0686964 -0.12081842 0.17401895
v 0.06710632 -0.11180062 0.18494806
v 0.06479149 -0.098672606 0.18527885
v 0.06474513 -0.098409615 0.17457046
v 0.0686964 -0.12081842 0.17401895
v 0.06590971 -0.105014354 0.16538756
v 0.0816683 -0.19438569 0.15901706
v 0.085674874 -0.21710807 0.17164914
v 0.08274941 -0.20051706 0.15364857
v 0.08597947 -0.21883559 0.16597319
v 0.055714715 -0.11192885 0.17972912
v 0.07368988 -0.21387108 0.17722017
v 0.06543988 -0.21532576 0.17722017
v 0.047464717 -0.11338355 0.17972912
v 0.056893 -0.11861127 0.17180921
v 0.072918676 -0.20949735 0.16957238
v 0.07368988 -0.21387108 0.17722017
v 0.055714715 -0.11192885 0.17972912
v 0.048643015 -0.120065965 0.17180921
v 0.047464717 -0.11338355 0.17972912
v 0.06543988 -0.21532576 0.17722017
v 0.064668685 -0.21095207 0.16957238
v 0.08045287 -0.23532331 0.22023332
v 0.06642185 -0.23779735 0.22023332
v 0.07437355 -0.20084572 0.16800761
v 0.060342524 -0.20331977 0.16800761
v 0.06642185 -0.23779735 0.22023332
v 0.06732671 -0.24292915 0.21201947
v 0.062173765 -0.21370529 0.16775201
v 0.060342524 -0.20331977 0.16800761
v 0.08045287 -0.23532331 0.22023332
v 0.07437355 -0.20084572 0.16800761
v 0.07620481 -0.21123125 0.16775201
v 0.081357755 -0.2404551 0.21201947
v 0.07620481 -0.21123125 0.16775201
v 0.06732671 -0.24292915 0.21201947
v 0.081357755 -0.2404551 0.21201947
v 0.062173765 -0.21370529 0.16775201
v 0.0791847 -0.30980837 0.09681812
v 0.09308904 -0.30735672 0.09681812
v 0.07788098 -0.21085666 0.20210187
v 0.060470656 -0.21392658 0.20210187
v 0.06115982 -0.2179379 0.23265664
v 0.07860599 -0.21486169 0.23265664
v 0.082203776 -0.32674462 0.09845808
v 0.09604608 -0.3243039 0.09845807
v 0.09308904 -0.30735672 0.09681812
v 0.0791847 -0.30980837 0.09681812
v 0.082203776 -0.32674462 0.09845808
v 0.0791847 -0.30980837 0.09681812
v 0.060470656 -0.21392658 0.20210187
v 0.06115982 -0.2179379 0.23265664
v 0.09604608 -0.3243039 0.09845807
v 0.07860599 -0.21486169 0.23265664
v 0.07788098 -0.21085666 0.20210187
v 0.09308904 -0.30735672 0.09681812
v 0.059551228 -0.23255621 0.25026459
v 0.05600601 -0.21198744 0.2408376
v 0.058072194 -0.2239867 0.2510988
v 0.08034088 -0.33957678 0.08354504
v 0.082792796 -0.353475 0.09542962
v 0.059551228 -0.23255621 0.25026459
v 0.08511667 -0.22804832 0.25026459
v 0.082792796 -0.353475 0.09542962
v 0.104633376 -0.34962386 0.09542962
v 0.058072194 -0.2239867 0.2510988
v 0.08357557 -0.21948974 0.2510988
v 0.08511667 -0.22804832 0.25026459
v 0.059551228 -0.23255621 0.25026459
v 0.05600601 -0.21198744 0.2408376
v 0.08141315 -0.20750743 0.2408376
v 0.08357557 -0.21948974 0.2510988
v 0.058072194 -0.2239867 0.2510988
v 0.08511667 -0.22804832 0.25026459
v 0.10218395 -0.33572525 0.08354504
v 0.104633376 -0.34962386 0.09542962
v 0.08141315 -0.20750743 0.2408376
v 0.08357557 -0.21948974 0.2510988
v 0.08034088 -0.33957678 0.08354504
v 0.08141315 -0.20750743 0.2408376
v 0.05600601 -0.21198744 0.2408376
v 0.10218395 -0.33572525 0.08354504
v 0.08837333 -0.3570906 0.07523932
v 0.100625955 -0.35493022 0.07523932
v 0.09843725 -0.34197906 0.07543316
v 0.08600049 -0.34417197 0.07543316
v -0.116119824 -0.4243317 0.1494825
v -0.13040146 -0.52726215 0.060399234
v -0.12867343 -0.5174638 0.05899322
v -0.11894459 -0.44035193 0.090592116
v -0.09755054 -0.42760596 0.1494825
v -0.116119824 -0.4243317 0.1494825
v -0.10037539 -0.44362625 0.090592116
v -0.11894459 -0.44035193 0.090592116
v -0.10037539 -0.44362625 0.090592116
v -0.11894459 -0.44035193 0.090592116
v -0.12867343 -0.5174638 0.05899322
v -0.117607 -0.51941514 0.05899322
v -0.11933453 -0.52921355 0.060399234
v -0.13040146 -0.52726215 0.060399234
v -0.114305936 -0.42300528 0.15062787
v -0.11480533 -0.4258371 0.14444219
v -0.11517497 -0.41686553 0.12839481
v -0.113592096 -0.38760608 0.11054942
v -0.119867526 -0.4231948 0.10866718
v -0.1147792 -0.41079524 0.08740115
v -0.1121485 -0.39587572 0.08770253
v -0.1178422 -0.38288897 0.09476479
v -0.119577244 -0.39031163 0.079227835
v -0.11575196 -0.37672648 0.06618258
v -0.10936088 -0.35240752 0.071982056
v -0.10905276 -0.35032925 0.087674156
v -0.12386942 -0.40320048 0.13392873
v -0.12414433 -0.40459394 0.12776534
v -0.12716502 -0.42935064 0.07252407
v -0.12973723 -0.46003768 0.08261648
v -0.13008565 -0.4616828 0.06930435
v -0.1270567 -0.42388472 0.04770109
v -0.12437123 -0.39597353 0.0612885
v -0.12431473 -0.39818946 0.07795709
v -0.12570648 -0.4155654 0.08793277
v -0.10365852 -0.35472625 0.0864048
v -0.11441794 -0.41418803 0.08652396
v -0.11409931 -0.4123808 0.068464786
v -0.102199055 -0.34667018 0.07466781
v -0.12437123 -0.39597353 0.0612885
v -0.1226993 -0.42427176 0.047634855
v -0.12001378 -0.39636058 0.061222285
v -0.1270567 -0.42388472 0.04770109
v -0.13008565 -0.4616828 0.06930435
v -0.12572819 -0.4620697 0.06923813
v -0.11995731 -0.3985765 0.0778909
v -0.12431473 -0.39818946 0.07795709
v -0.12437123 -0.39597353 0.0612885
v -0.12001378 -0.39636058 0.061222285
v -0.12431473 -0.39818946 0.07795709
v -0.11995731 -0.3985765 0.0778909
v -0.12570648 -0.4155654 0.08793277
v -0.12134901 -0.4159524 0.08786656
v -0.12570648 -0.4155654 0.08793277
v -0.12134901 -0.4159524 0.08786656
v -0.122807585 -0.42973754 0.072457865
v -0.12716502 -0.42935064 0.07252407
v -0.12716502 -0.42935064 0.07252407
v -0.122807585 -0.42973754 0.072457865
v -0.12973723 -0.46003768 0.08261648
v -0.1253798 -0.4604247 0.08255026
v -0.12973723 -0.46003768 0.08261648
v -0.1253798 -0.4604247 0.08255026
v -0.12572819 -0.4620697 0.06923813
v -0.13008565 -0.4616828 0.06930435
v -0.12572819 -0.4620697 0.06923813
v -0.1253798 -0.4604247 0.08255026
v -0.122807585 -0.42973754 0.072457865
v -0.1226993 -0.42427176 0.047634855
v -0.12001378 -0.39636058 0.061222285
v -0.11995731 -0.3985765 0.0778909
v -0.12134901 -0.4159524 0.08786656
v -0.10463269 -0.3515073 0.087743364
v -0.10905276 -0.35032925 0.087674156
v -0.10494086 -0.35358566 0.07205132
v -0.10936088 -0.35240752 0.071982056
v -0.10905276 -0.35032925 0.087674156
v -0.10463269 -0.3515073 0.087743364
v -0.11944942 -0.40437853 0.13399798
v -0.12386942 -0.40320048 0.13392873
v -0.12386942 -0.40320048 0.13392873
v -0.11944942 -0.40437853 0.13399798
v -0.11972427 -0.405772 0.12783456
v -0.12414433 -0.40459394 0.12776534
v -0.1178422 -0.38288897 0.09476479
v -0.113422155 -0.38406715 0.09483404
v -0.1178422 -0.38288897 0.09476479
v -0.113422155 -0.38406715 0.09483404
v -0.1151572 -0.39148974 0.079297096
v -0.119577244 -0.39031163 0.079227835
v -0.119577244 -0.39031163 0.079227835
v -0.1151572 -0.39148974 0.079297096
v -0.11575196 -0.37672648 0.06618258
v -0.11133189 -0.37790453 0.06625181
v -0.10494086 -0.35358566 0.07205132
v -0.10936088 -0.35240752 0.071982056
v -0.11133189 -0.37790453 0.06625181
v -0.1151572 -0.39148974 0.079297096
v -0.113422155 -0.38406715 0.09483404
v -0.10494086 -0.35358566 0.07205132
v -0.10463269 -0.3515073 0.087743364
v -0.11944942 -0.40437853 0.13399798
v -0.11972427 -0.405772 0.12783456
v -0.09244438 -0.41360855 0.08534944
v -0.116130665 -0.409432 0.08534944
v -0.092452474 -0.41365463 0.06924823
v -0.116138816 -0.4094781 0.06924823
v -0.09244438 -0.41360855 0.08534944
v -0.118556544 -0.42319003 0.09382696
v -0.116130665 -0.409432 0.08534944
v -0.09487024 -0.42736658 0.09382696
v -0.11984999 -0.4305254 0.082038
v -0.09616366 -0.43470192 0.082038
v -0.09840224 -0.4473974 0.0868886
v -0.12208858 -0.44322088 0.0868886
v -0.12785193 -0.51665026 0.052991137
v -0.12672387 -0.5102529 0.04110606
v -0.12357671 -0.45166034 0.074223354
v -0.12230565 -0.44445193 0.059360966
v -0.11984999 -0.4305254 0.082038
v -0.12208858 -0.44322088 0.0868886
v -0.116138816 -0.4094781 0.06924823
v -0.116130665 -0.409432 0.08534944
v -0.118556544 -0.42319003 0.09382696
v -0.11409931 -0.4123808 0.068464786
v -0.095361784 -0.41568476 0.068464786
v -0.102199055 -0.34667018 0.07466781
v -0.084070005 -0.34986678 0.07466781
v -0.09930062 -0.42857093 0.14444219
v -0.11517497 -0.41686553 0.12839481
v -0.11480533 -0.4258371 0.14444219
v -0.095884845 -0.42026696 0.12839481
v -0.09364007 -0.42781943 0.10866718
v -0.119867526 -0.4231948 0.10866718
v -0.1147792 -0.41079524 0.08740115
v -0.09418059 -0.41442725 0.08740115
v -0.09418059 -0.41442725 0.08740115
v -0.1121485 -0.39587572 0.08770253
v -0.1147792 -0.41079524 0.08740115
v -0.09154989 -0.39950785 0.08770253
v -0.09755054 -0.42760596 0.1494825
v -0.10037539 -0.44362625 0.090592116
v -0.117607 -0.51941514 0.05899322
v -0.11933453 -0.52921355 0.060399234
v -0.095884845 -0.42026696 0.12839481
v -0.09930062 -0.42857093 0.14444219
v -0.09880142 -0.4257392 0.15062787
v -0.08736493 -0.3922306 0.11054942
v -0.09364007 -0.42781943 0.10866718
v -0.09418059 -0.41442725 0.08740115
v -0.09154989 -0.39950785 0.08770253
v -0.0816143 -0.3827458 0.06618258
v -0.08266613 -0.39682013 0.079227835
v -0.08175783 -0.38925174 0.09476479
v -0.079302385 -0.3577077 0.071982056
v -0.078881115 -0.35564932 0.087674156
v -0.08304099 -0.4103996 0.13392873
v -0.08325932 -0.4118031 0.12776534
v -0.097201794 -0.46748096 0.06930435
v -0.096966535 -0.46581602 0.08261648
v -0.08888805 -0.4360999 0.07252407
v -0.08712037 -0.43092665 0.04770109
v -0.08009772 -0.40378016 0.0612885
v -0.080908686 -0.4058431 0.07795709
v -0.08554382 -0.42264712 0.08793277
v -0.08545392 -0.3579362 0.0864048
v -0.095361784 -0.41568476 0.068464786
v -0.09568045 -0.41749194 0.08652396
v -0.084070005 -0.34986678 0.07466781
v -0.08009772 -0.40378016 0.0612885
v -0.08432475 -0.40265355 0.061222285
v -0.091347404 -0.42979994 0.047634855
v -0.08712037 -0.43092665 0.04770109
v -0.097201794 -0.46748096 0.06930435
v -0.101428814 -0.4663544 0.06923813
v -0.08432475 -0.40265355 0.061222285
v -0.080908686 -0.4058431 0.07795709
v -0.085135676 -0.4047164 0.0778909
v -0.08009772 -0.40378016 0.0612885
v -0.085135676 -0.4047164 0.0778909
v -0.080908686 -0.4058431 0.07795709
v -0.08554382 -0.42264712 0.08793277
v -0.08977081 -0.42152053 0.08786656
v -0.08977081 -0.42152053 0.08786656
v -0.08554382 -0.42264712 0.08793277
v -0.08888805 -0.4360999 0.07252407
v -0.093115054 -0.43497318 0.072457865
v -0.093115054 -0.43497318 0.072457865
v -0.08888805 -0.4360999 0.07252407
v -0.096966535 -0.46581602 0.08261648
v -0.10119356 -0.4646894 0.08255026
v -0.10119356 -0.4646894 0.08255026
v -0.096966535 -0.46581602 0.08261648
v -0.097201794 -0.46748096 0.06930435
v -0.101428814 -0.4663544 0.06923813
v -0.085135676 -0.4047164 0.0778909
v -0.08977081 -0.42152053 0.08786656
v -0.093115054 -0.43497318 0.072457865
v -0.08432475 -0.40265355 0.061222285
v -0.091347404 -0.42979994 0.047634855
v -0.101428814 -0.4663544 0.06923813
v -0.10119356 -0.4646894 0.08255026
v -0.083437525 -0.35524464 0.087743364
v -0.08385877 -0.357303 0.07205132
v -0.079302385 -0.3577077 0.071982056
v -0.078881115 -0.35564932 0.087674156
v -0.078881115 -0.35564932 0.087674156
v -0.08304099 -0.4103996 0.13392873
v -0.08759741 -0.40999487 0.13399798
v -0.083437525 -0.35524464 0.087743364
v -0.08759741 -0.40999487 0.13399798
v -0.08304099 -0.4103996 0.13392873
v -0.08325932 -0.4118031 0.12776534
v -0.08781571 -0.41139838 0.12783456
v -0.086314246 -0.388847 0.09483404
v -0.08175783 -0.38925174 0.09476479
v -0.086314246 -0.388847 0.09483404
v -0.08175783 -0.38925174 0.09476479
v -0.08266613 -0.39682013 0.079227835
v -0.087222524 -0.39641544 0.079297096
v -0.087222524 -0.39641544 0.079297096
v -0.08266613 -0.39682013 0.079227835
v -0.0816143 -0.3827458 0.06618258
v -0.08617072 -0.38234112 0.06625181
v -0.08385877 -0.357303 0.07205132
v -0.079302385 -0.3577077 0.071982056
v -0.08759741 -0.40999487 0.13399798
v -0.08781571 -0.41139838 0.12783456
v -0.086314246 -0.388847 0.09483404
v -0.083437525 -0.35524464 0.087743364
v -0.08385877 -0.357303 0.07205132
v -0.08617072 -0.38234112 0.06625181
v -0.087222524 -0.39641544 0.079297096
v -0.118556544 -0.42319003 0.09382696
v -0.09487024 -0.42736658 0.09382696
v -0.09616366 -0.43470192 0.082038
v -0.11984999 -0.4305254 0.082038
v -0.12208858 -0.44322088 0.0868886
v -0.09840224 -0.4473974 0.0868886
v -0.09989034 -0.45583683 0.074223354
v -0.12357671 -0.45166034 0.074223354
v -0.12357671 -0.45166034 0.074223354
v -0.09989034 -0.45583683 0.074223354
v -0.118100815 -0.5183696 0.052991137
v -0.12785193 -0.51665026 0.052991137
v -0.118100815 -0.5183696 0.052991137
v -0.11697277 -0.51197225 0.04110606
v -0.12672387 -0.5102529 0.04110606
v -0.12785193 -0.51665026 0.052991137
v -0.092452474 -0.41365463 0.06924823
v -0.116138816 -0.4094781 0.06924823
v -0.12230565 -0.44445193 0.059360966
v -0.098619305 -0.4486285 0.059360966
v -0.11697277 -0.51197225 0.04110606
v -0.12672387 -0.5102529 0.04110606
v -0.11697277 -0.51197225 0.04110606
v -0.118100815 -0.5183696 0.052991137
v -0.09989034 -0.45583683 0.074223354
v -0.098619305 -0.4486285 0.059360966
v -0.09616366 -0.43470192 0.082038
v -0.09840224 -0.4473974 0.0868886
v -0.092452474 -0.41365463 0.06924823
v -0.09244438 -0.41360855 0.08534944
v -0.09487024 -0.42736658 0.09382696
v -0.10365852 -0.35472625 0.0864048
v -0.102199055 -0.34667018 0.07466781
v -0.08545392 -0.3579362 0.0864048
v -0.084070005 -0.34986678 0.07466781
v -0.10365852 -0.35472625 0.0864048
v -0.08545392 -0.3579362 0.0864048
v -0.09568045 -0.41749194 0.08652396
v -0.11441794 -0.41418803 0.08652396
v -0.113592096 -0.38760608 0.11054942
v -0.1121485 -0.39587572 0.08770253
v -0.09154989 -0.39950785 0.08770253
v -0.08736493 -0.3922306 0.11054942
v -0.113592096 -0.38760608 0.11054942
v -0.09880142 -0.4257392 0.15062787
v -0.114305936 -0.42300528 0.15062787
v -0.08736493 -0.3922306 0.11054942
v -0.1212551 -0.55111355 0.044804543
v -0.1360869 -0.5484984 0.044804543
v -0.120626464 -0.42686263 0.15163657
v -0.094181314 -0.4315257 0.15163657
v -0.091864936 -0.4203156 0.16193938
v -0.11896907 -0.4155364 0.16193938
v -0.08982843 -0.41615868 0.16066915
v -0.11946107 -0.41093355 0.16066915
v -0.1212551 -0.55111355 0.044804543
v -0.13672134 -0.547474 0.04206973
v -0.1360869 -0.5484984 0.044804543
v -0.120308615 -0.5503679 0.04206973
v -0.12166478 -0.4247042 0.14876331
v -0.11946107 -0.41093355 0.16066915
v -0.11896907 -0.4155364 0.16193938
v -0.120626464 -0.42686263 0.15163657
v -0.1360869 -0.5484984 0.044804543
v -0.13672134 -0.547474 0.04206973
v -0.12850718 -0.4605043 0.1021519
v -0.12854132 -0.44388393 0.10127559
v -0.12358197 -0.4125815 0.13162255
v -0.09246735 -0.4298525 0.14876331
v -0.091864936 -0.4203156 0.16193938
v -0.08982843 -0.41615868 0.16066915
v -0.094181314 -0.4315257 0.15163657
v -0.1212551 -0.55111355 0.044804543
v -0.120308615 -0.5503679 0.04206973
v -0.09828197 -0.46583384 0.1021519
v -0.09256541 -0.45022747 0.10127559
v -0.0865196 -0.41911662 0.13162255
v -0.12166478 -0.4247042 0.14876331
v -0.09246735 -0.4298525 0.14876331
v -0.08982843 -0.41615868 0.16066915
v -0.11946107 -0.41093355 0.16066915
v -0.0865196 -0.41911662 0.13162255
v -0.09246735 -0.4298525 0.14876331
v -0.12358197 -0.4125815 0.13162255
v -0.12166478 -0.4247042 0.14876331
v -0.0865196 -0.41911662 0.13162255
v -0.12358197 -0.4125815 0.13162255
v -0.12854132 -0.44388393 0.10127559
v -0.09256541 -0.45022747 0.10127559
v -0.12850718 -0.4605043 0.1021519
v -0.09828197 -0.46583384 0.1021519
v -0.120308615 -0.5503679 0.04206973
v -0.13672134 -0.547474 0.04206973
v -0.051556997 -0.08392146 0.18632953
v -0.05480162 -0.09087958 0.18632953
v -0.059028577 -0.08890848 0.17506976
v -0.055783976 -0.081950404 0.17506976
v -0.051556997 -0.08392146 0.16381
v -0.054801606 -0.09087955 0.16381
v -0.0445968 -0.09563812 0.1909935
v -0.05480162 -0.09087958 0.18632953
v -0.051556997 -0.08392146 0.18632953
v -0.041352186 -0.088680066 0.1909935
v -0.031147387 -0.09343864 0.18632953
v -0.034392 -0.10039674 0.18632953
v -0.034392 -0.10039674 0.18632953
v -0.031147387 -0.09343864 0.18632953
v -0.026920415 -0.09540971 0.17506976
v -0.03016502 -0.10236781 0.17506976
v -0.034391988 -0.10039671 0.16381
v -0.031147378 -0.0934386 0.16381
v -0.0445968 -0.09563812 0.15914604
v -0.034391988 -0.10039671 0.16381
v -0.031147378 -0.0934386 0.16381
v -0.041352175 -0.08868001 0.15914604
v -0.051556997 -0.08392146 0.16381
v -0.054801606 -0.09087955 0.16381
v -0.08886393 -0.35933453 0.08817323
v -0.097660854 -0.33655894 0.11440418
v -0.084877744 -0.33881298 0.11440418
v -0.10093239 -0.35720652 0.08817323
v -0.100625955 -0.35493022 0.07523932
v -0.08837333 -0.3570906 0.07523932
v -0.08600049 -0.34417197 0.07543316
v -0.0821329 -0.32322398 0.10103305
v -0.09490841 -0.32097134 0.10103305
v -0.09843725 -0.34197906 0.07543316
v -0.09490841 -0.32097134 0.10103305
v -0.097660854 -0.33655894 0.11440418
v -0.10093239 -0.35720652 0.08817323
v -0.09843725 -0.34197906 0.07543316
v -0.100625955 -0.35493022 0.07523932
v -0.08886393 -0.35933453 0.08817323
v -0.084877744 -0.33881298 0.11440418
v -0.0821329 -0.32322398 0.10103305
v -0.08600049 -0.34417197 0.07543316
v -0.08837333 -0.3570906 0.07523932
v -0.05101647 -0.10940515 0.17506976
v -0.0445968 -0.09563812 0.1909935
v -0.034392 -0.10039674 0.18632953
v -0.03016502 -0.10236781 0.17506976
v -0.034391988 -0.10039671 0.16381
v -0.0445968 -0.09563812 0.15914604
v -0.05101647 -0.10940515 0.17506976
v -0.059028577 -0.08890848 0.17506976
v -0.05480162 -0.09087958 0.18632953
v -0.054801606 -0.09087955 0.16381
v -0.05175017 -0.18734457 0.21249759
v -0.05321545 -0.19565463 0.20541778
v -0.07844915 -0.19120522 0.20541778
v -0.07698387 -0.18289514 0.21249759
v -0.037295684 -0.105369106 0.1915466
v -0.06252938 -0.10091972 0.1915466
v -0.06252938 -0.10091972 0.1915466
v -0.06255054 -0.10103966 0.17639945
v -0.037316825 -0.10548905 0.17639945
v -0.037295684 -0.105369106 0.1915466
v -0.05175017 -0.18734457 0.21249759
v -0.037295684 -0.105369106 0.1915466
v -0.037316825 -0.10548905 0.17639945
v -0.05321545 -0.19565463 0.20541778
v -0.07844915 -0.19120522 0.20541778
v -0.05321545 -0.19565463 0.20541778
v -0.037316825 -0.10548905 0.17639945
v -0.06255054 -0.10103966 0.17639945
v -0.06255054 -0.10103966 0.17639945
v -0.06252938 -0.10091972 0.1915466
v -0.07698387 -0.18289514 0.21249759
v -0.07844915 -0.19120522 0.20541778
v -0.06474513 -0.098409615 0.17457046
v -0.06590971 -0.105014354 0.16538756
v -0.035519656 -0.11037293 0.16538756
v -0.034355063 -0.10376819 0.17457046
v -0.034401435 -0.1040312 0.18527885
v -0.06479149 -0.098672606 0.18527885
v -0.085674874 -0.21710807 0.17164914
v -0.055284794 -0.22246669 0.17164914
v -0.055589404 -0.22419414 0.16597319
v -0.08597947 -0.21883559 0.16597319
v -0.051278237 -0.19974428 0.15901706
v -0.035519656 -0.11037293 0.16538756
v -0.06590971 -0.105014354 0.16538756
v -0.0816683 -0.19438569 0.15901706
v -0.08274941 -0.20051706 0.15364857
v -0.05235936 -0.20587562 0.15364857
v -0.034401435 -0.1040312 0.18527885
v -0.036716256 -0.11715921 0.18494806
v -0.06479149 -0.098672606 0.18527885
v -0.06710632 -0.11180062 0.18494806
v -0.055589404 -0.22419414 0.16597319
v -0.08274941 -0.20051706 0.15364857
v -0.08597947 -0.21883559 0.16597319
v -0.05235936 -0.20587562 0.15364857
v -0.0686964 -0.12081842 0.17401895
v -0.038306333 -0.126177 0.17401895
v -0.085674874 -0.21710807 0.17164914
v -0.055284794 -0.22246669 0.17164914
v -0.036716256 -0.11715921 0.18494806
v -0.034401435 -0.1040312 0.18527885
v -0.034355063 -0.10376819 0.17457046
v -0.038306333 -0.126177 0.17401895
v -0.035519656 -0.11037293 0.16538756
v -0.051278237 -0.19974428 0.15901706
v -0.055284794 -0.22246669 0.17164914
v -0.05235936 -0.20587562 0.15364857
v -0.055589404 -0.22419414 0.16597319
v -0.06710632 -0.11180062 0.18494806
v -0.036716256 -0.11715921 0.18494806
v -0.038306333 -0.126177 0.17401895
v -0.0686964 -0.12081842 0.17401895
v -0.06474513 -0.098409615 0.17457046
v -0.06479149 -0.098672606 0.18527885
v -0.06710632 -0.11180062 0.18494806
v -0.0686964 -0.12081842 0.17401895
v -0.06590971 -0.105014354 0.16538756
v -0.0816683 -0.19438569 0.15901706
v -0.085674874 -0.21710807 0.17164914
v -0.08274941 -0.20051706 0.15364857
v -0.08597947 -0.21883559 0.16597319
v -0.055714715 -0.11192885 0.17972912
v -0.047464717 -0.11338355 0.17972912
v -0.06543988 -0.21532576 0.17722017
v -0.07368988 -0.21387108 0.17722017
v -0.07368988 -0.21387108 0.17722017
v -0.056893 -0.11861127 0.17180921
v -0.055714715 -0.11192885 0.17972912
v -0.072918676 -0.20949735 0.16957238
v -0.06543988 -0.21532576 0.17722017
v -0.047464717 -0.11338355 0.17972912
v -0.048643015 -0.120065965 0.17180921
v -0.064668685 -0.21095207 0.16957238
v -0.07437355 -0.20084572 0.16800761
v -0.06642185 -0.23779735 0.22023332
v -0.08045287 -0.23532331 0.22023332
v -0.060342524 -0.20331977 0.16800761
v -0.062173765 -0.21370529 0.16775201
v -0.06732671 -0.24292915 0.21201947
v -0.06642185 -0.23779735 0.22023332
v -0.060342524 -0.20331977 0.16800761
v -0.08045287 -0.23532331 0.22023332
v -0.07620481 -0.21123125 0.16775201
v -0.07437355 -0.20084572 0.16800761
v -0.081357755 -0.2404551 0.21201947
v -0.081357755 -0.2404551 0.21201947
v -0.06732671 -0.24292915 0.21201947
v -0.07620481 -0.21123125 0.16775201
v -0.062173765 -0.21370529 0.16775201
v -0.09308904 -0.30735672 0.09681812
v -0.0791847 -0.30980837 0.09681812
v -0.07788098 -0.21085666 0.20210187
v -0.060470656 -0.21392658 0.20210187
v -0.06115982 -0.2179379 0.23265664
v -0.07860599 -0.21486169 0.23265664
v -0.09308904 -0.30735672 0.09681812
v -0.09604608 -0.3243039 0.09845807
v -0.082203776 -0.32674462 0.09845808
v -0.0791847 -0.30980837 0.09681812
v -0.082203776 -0.32674462 0.09845808
v -0.06115982 -0.2179379 0.23265664
v -0.060470656 -0.21392658 0.20210187
v -0.0791847 -0.30980837 0.09681812
v -0.09604608 -0.3243039 0.09845807
v -0.09308904 -0.30735672 0.09681812
v -0.07788098 -0.21085666 0.20210187
v -0.07860599 -0.21486169 0.23265664
v -0.05600601 -0.21198744 0.2408376
v -0.059551228 -0.23255621 0.25026459
v -0.058072194 -0.2239867 0.2510988
v -0.08034088 -0.33957678 0.08354504
v -0.082792796 -0.353475 0.09542962
v -0.082792796 -0.353475 0.09542962
v -0.08511667 -0.22804832 0.25026459
v -0.059551228 -0.23255621 0.25026459
v -0.104633376 -0.34962386 0.09542962
v -0.058072194 -0.2239867 0.2510988
v -0.059551228 -0.23255621 0.25026459
v -0.08511667 -0.22804832 0.25026459
v -0.08357557 -0.21948974 0.2510988
v -0.05600601 -0.21198744 0.2408376
v -0.058072194 -0.2239867 0.2510988
v -0.08357557 -0.21948974 0.2510988
v -0.08141315 -0.20750743 0.2408376
v -0.10218395 -0.33572525 0.08354504
v -0.08511667 -0.22804832 0.25026459
v -0.104633376 -0.34962386 0.09542962
v -0.08141315 -0.20750743 0.2408376
v -0.08357557 -0.21948974 0.2510988
v -0.05600601 -0.21198744 0.2408376
v -0.08141315 -0.20750743 0.2408376
v -0.08034088 -0.33957678 0.08354504
v -0.10218395 -0.33572525 0.08354504
v -0.09843725 -0.34197906 0.07543316
v -0.100625955 -0.35493022 0.07523932
v -0.08837333 -0.3570906 0.07523932
v -0.08600049 -0.34417197 0.07543316
v 0.4784832 -0.6303683 0.00411579
v 0.4823478 -0.6236383 0.00411579
v 0.4784832 -0.6303683 0
v 0.48234767 -0.6236382 0
v 0.47280967 -0.5945385 0.00411579
v 0.47280967 -0.5945385 0
v 0.42163473 -0.53446037 0
v 0.4440365 -0.5607294 0.013322129
v 0.41825107 -0.5304279 0.01332216
v 0.45905936 -0.5781515 0.013322115
v 0.4440365 -0.5607294 0.019677103
v 0.41218287 -0.5874577 0.013322129
v 0.38681936 -0.55680233 0.01332216
v 0.4010615 -0.54523724 0.01332216
v 0.431033 -0.5810642 0.013322129
v 0.43446696 -0.578183 0.019677103
v 0.4440365 -0.5607294 0.013322129
v 0.4440365 -0.5607294 0.019677103
v 0.43446696 -0.578183 0.013322129
v 0.43446696 -0.578183 0.013322129
v 0.43446696 -0.578183 0.019677103
v 0.45932934 -0.6076516 0.013322129
v 0.4784832 -0.6303683 0.00411579
v 0.4784832 -0.6303683 0
v 0.40777236 -0.546478 0
v 0.4043886 -0.54244536 0.01332216
v 0.47478217 -0.63347375 0
v 0.44048205 -0.6216646 0
v 0.46748343 -0.636111 0
v 0.4044451 -0.5492697 0
v 0.390203 -0.5608348 0
v 0.47478217 -0.63347375 0.00411579
v 0.47478217 -0.63347375 0
v 0.46748343 -0.6361111 0.00411579
v 0.46748343 -0.636111 0
v 0.44048205 -0.6216646 0.00411579
v 0.44048205 -0.6216646 0
v 0.390203 -0.5608348 0
v 0.44048205 -0.6216646 0.00411579
v 0.44048205 -0.6216646 0
v 0.41218287 -0.5874577 0.013322129
v 0.38681936 -0.55680233 0.01332216
v 0.4267317 -0.60527766 0.013322115
v 0.41218287 -0.5874577 0.019677103
v 0.41825107 -0.5304279 0.01332216
v 0.4043886 -0.54244536 0.01332216
v 0.40777236 -0.546478 0
v 0.42163473 -0.53446037 0
v 0.431033 -0.5810642 0.019677103
v 0.41218287 -0.5874577 0.019677103
v 0.41218287 -0.5874577 0.013322129
v 0.431033 -0.5810642 0.013322129
v 0.431033 -0.5810642 0.013322129
v 0.45573685 -0.61066633 0.013322129
v 0.431033 -0.5810642 0.019677103
v 0.47478217 -0.63347375 0.00411579
v 0.47478217 -0.63347375 0
v 0.4044451 -0.5492697 0
v 0.4010615 -0.54523724 0.01332216
v 0.38681936 -0.55680233 0.01332216
v 0.390203 -0.5608348 0
v 0.4010615 -0.54523724 0.01332216
v 0.4044451 -0.5492697 0
v 0.4823478 -0.6236383 0.00411579
v 0.4784832 -0.6303683 0.00411579
v 0.45932934 -0.6076516 0.013322129
v 0.45905936 -0.5781515 0.013322115
v 0.43446696 -0.578183 0.019677103
v 0.4440365 -0.5607294 0.019677103
v 0.46748343 -0.6361111 0.00411579
v 0.45573685 -0.61066633 0.013322129
v 0.47478217 -0.63347375 0.00411579
v 0.4267317 -0.60527766 0.013322115
v 0.431033 -0.5810642 0.019677103
v 0.41218287 -0.5874577 0.019677103
v 0.4440365 -0.5607294 0.013322129
v 0.43446696 -0.578183 0.013322129
v 0.4043886 -0.54244536 0.01332216
v 0.41825107 -0.5304279 0.01332216
v 0.47280967 -0.5945385 0
v 0.4784832 -0.6303683 0
v 0.48234767 -0.6236382 0
v 0.40777236 -0.546478 0
v 0.42163473 -0.53446037 0
v 0.4303645 -0.548902 0.014634609
v 0.42292204 -0.5400322 0.014634623
v 0.39546657 -0.56307 0.014634623
v 0.40290916 -0.5719397 0.014634609
v 0.39546657 -0.56307 0.014634623
v 0.42292204 -0.5400322 0.014634623
v 0.4192007 -0.53559726 0.024661988
v 0.3917452 -0.55863523 0.024661988
v 0.39546657 -0.56307 0.034689322
v 0.42292204 -0.5400322 0.034689307
v 0.40290946 -0.5719394 0.034689307
v 0.39546657 -0.56307 0.034689322
v 0.42292204 -0.5400322 0.034689307
v 0.4303645 -0.548902 0.034689307
v 0.40663037 -0.5763745 0.024661958
v 0.40290946 -0.5719394 0.034689307
v 0.4303645 -0.548902 0.034689307
v 0.43408588 -0.5533367 0.024661958
v 0.4303645 -0.548902 0.014634609
v 0.40290916 -0.5719397 0.014634609
v 0.42292204 -0.5400322 0.014634623
v 0.4303645 -0.548902 0.014634609
v 0.43408588 -0.5533367 0.024661958
v 0.4192007 -0.53559726 0.024661988
v 0.42292204 -0.5400322 0.034689307
v 0.4303645 -0.548902 0.034689307
v 0.40290916 -0.5719397 0.014634609
v 0.39546657 -0.56307 0.014634623
v 0.3917452 -0.55863523 0.024661988
v 0.40663037 -0.5763745 0.024661958
v 0.40290946 -0.5719394 0.034689307
v 0.39546657 -0.56307 0.034689322
v 0.4338822 -0.5652686 0.038997676
v 0.42072234 -0.58550954 0.02825217
v 0.41841635 -0.57824594 0.038997676
v 0.440635 -0.56880075 0.02825217
v 0.23845483 -0.31193212 0.27547583
v 0.23202129 -0.31146076 0.2908803
v 0.20286424 -0.34179607 0.27547583
v 0.20351732 -0.3353785 0.2908803
v 0.440635 -0.56880075 0.02825217
v 0.39274272 -0.55281913 0.057367906
v 0.42072234 -0.58550954 0.02825217
v 0.41329974 -0.5355696 0.057367906
v 0.3778399 -0.5368008 0.061871022
v 0.40011275 -0.51811165 0.061871022
v 0.2230878 -0.36544245 0.22854686
v 0.25823015 -0.33595452 0.22854686
v 0.41841635 -0.57824594 0.038997676
v 0.42072234 -0.58550954 0.02825217
v 0.39274272 -0.55281913 0.057367906
v 0.22388622 -0.36471373 0.25219283
v 0.20351732 -0.3353785 0.2908803
v 0.20286424 -0.34179607 0.27547583
v 0.25737396 -0.33661434 0.25219283
v 0.23202129 -0.31146076 0.2908803
v 0.23845483 -0.31193212 0.27547583
v 0.4338822 -0.5652686 0.038997676
v 0.41329974 -0.5355696 0.057367906
v 0.440635 -0.56880075 0.02825217
v 0.40011275 -0.51811165 0.061871022
v 0.25823015 -0.33595452 0.22854686
v 0.23845483 -0.31193212 0.27547583
v 0.20286424 -0.34179607 0.27547583
v 0.22388622 -0.36471373 0.25219283
v 0.25737396 -0.33661434 0.25219283
v 0.36386153 -0.5102652 0.06371176
v 0.36989012 -0.51744986 0.070036896
v 0.38010848 -0.5292206 0.060440853
v 0.4149966 -0.5680298 0.016294122
v 0.39270148 -0.5436183 0.06427583
v 0.4211925 -0.57541376 0.034827277
v 0.42189503 -0.5762511 0.021434039
v 0.38243622 -0.5069225 0.070036896
v 0.36989012 -0.51744986 0.070036896
v 0.36386153 -0.5102652 0.06371176
v 0.37640753 -0.4997378 0.06371176
v 0.4149966 -0.5680298 0.016294122
v 0.42189503 -0.5762511 0.021434039
v 0.43131363 -0.5683479 0.021434039
v 0.4244151 -0.5601266 0.016294122
v 0.36386153 -0.5102652 0.06371176
v 0.37640753 -0.4997378 0.06371176
v 0.38010848 -0.5292206 0.060440853
v 0.36989012 -0.51744986 0.070036896
v 0.38243622 -0.5069225 0.070036896
v 0.39225367 -0.5190296 0.060440853
v 0.39270148 -0.5436183 0.06427583
v 0.40424597 -0.5339313 0.06427583
v 0.37640753 -0.4997378 0.06371176
v 0.39225367 -0.5190296 0.060440853
v 0.38243622 -0.5069225 0.070036896
v 0.4244151 -0.5601266 0.016294122
v 0.40424597 -0.5339313 0.06427583
v 0.43061098 -0.56751066 0.034827277
v 0.43131363 -0.5683479 0.021434039
v 0.43061098 -0.56751066 0.034827277
v 0.43131363 -0.5683479 0.021434039
v 0.42189503 -0.5762511 0.021434039
v 0.4211925 -0.57541376 0.034827277
v 0.23837548 -0.32408103 0.22489432
v 0.21484241 -0.34382764 0.22489432
v 0.2535511 -0.38489723 0.19111887
v 0.2720995 -0.3693333 0.19111887
v 0.2719 -0.40611908 0.1942837
v 0.28981265 -0.39108855 0.1942837
v 0.22947796 -0.36166382 0.24826509
v 0.2719 -0.40611908 0.1942837
v 0.2535511 -0.38489723 0.19111887
v 0.21484241 -0.34382764 0.22489432
v 0.20400622 -0.3319344 0.24869996
v 0.21048072 -0.34020975 0.2615755
v 0.23556997 -0.31915736 0.2615755
v 0.21048072 -0.34020975 0.2615755
v 0.20400622 -0.3319344 0.24869996
v 0.22854465 -0.31134424 0.24869996
v 0.2720995 -0.3693333 0.19111887
v 0.28981265 -0.39108855 0.1942837
v 0.2533993 -0.34159145 0.24826509
v 0.23837548 -0.32408103 0.22489432
v 0.22854465 -0.31134424 0.24869996
v 0.23556997 -0.31915736 0.2615755
v 0.22388622 -0.36471373 0.25219283
v 0.39274272 -0.55281913 0.057367906
v 0.3778399 -0.5368008 0.061871022
v 0.2230878 -0.36544245 0.22854686
v 0.22854465 -0.31134424 0.24869996
v 0.20400622 -0.3319344 0.24869996
v 0.21484241 -0.34382764 0.22489432
v 0.23837548 -0.32408103 0.22489432
v 0.22947796 -0.36166382 0.24826509
v 0.23556997 -0.31915736 0.2615755
v 0.2533993 -0.34159145 0.24826509
v 0.21048072 -0.34020975 0.2615755
v 0.41841635 -0.57824594 0.038997676
v 0.20351732 -0.3353785 0.2908803
v 0.23202129 -0.31146076 0.2908803
v 0.4338822 -0.5652686 0.038997676
v 0.25737396 -0.33661434 0.25219283
v 0.22388622 -0.36471373 0.25219283
v 0.2230878 -0.36544245 0.22854686
v 0.25823015 -0.33595452 0.22854686
v 0.0893923 -0.1447744 0.13067934
v 0.07915156 -0.13212809 0.110401
v 0.10020107 -0.15812203 0.10149875
v 0.12919582 -0.19392757 0.15511557
v 0.16758312 -0.24133195 0.14912266
v 0.18985584 -0.2688365 0.18649206
v 0.13271035 -0.19826768 0.1751391
v 0.22160968 -0.3078846 0.22967163
v 0.22996156 -0.3181983 0.21529186
v 0.24318628 -0.33395892 0.23427707
v 0.23483442 -0.3236452 0.24865684
v 0.20180337 -0.32450396 0.22967163
v 0.109288976 -0.21792053 0.1751391
v 0.13271035 -0.19826768 0.1751391
v 0.22160968 -0.3078846 0.22967163
v 0.06413047 -0.16597158 0.13067934
v 0.07539846 -0.17893392 0.10149875
v 0.053454593 -0.15369043 0.110401
v 0.10562513 -0.21370575 0.15511557
v 0.14564343 -0.25974157 0.14912266
v 0.16886248 -0.286452 0.18649206
v 0.109288976 -0.21792053 0.1751391
v 0.20180337 -0.32450396 0.22967163
v 0.21051013 -0.33451998 0.21529186
v 0.22373486 -0.35028064 0.23427707
v 0.21502808 -0.34026465 0.24865684
v 0.0893923 -0.1447744 0.13067934
v 0.12919582 -0.19392757 0.15511557
v 0.10562513 -0.21370575 0.15511557
v 0.06413047 -0.16597158 0.13067934
v 0.053454593 -0.15369043 0.110401
v 0.07915156 -0.13212809 0.110401
v 0.10020107 -0.15812203 0.10149875
v 0.07539846 -0.17893392 0.10149875
v 0.16758312 -0.24133195 0.14912266
v 0.14564343 -0.25974157 0.14912266
v 0.16886248 -0.286452 0.18649206
v 0.18985584 -0.2688365 0.18649206
v 0.21051013 -0.33451998 0.21529186
v 0.22996156 -0.3181983 0.21529186
v 0.24318628 -0.33395892 0.23427707
v 0.22373486 -0.35028064 0.23427707
v 0.13271035 -0.19826768 0.1751391
v 0.109288976 -0.21792053 0.1751391
v 0.12919582 -0.19392757 0.15511557
v 0.10562513 -0.21370575 0.15511557
v 0.05179806 -0.14199144 0.13349685
v 0.11467632 -0.21432461 0.17048803
v 0.10670163 -0.20515074 0.12649235
v 0.058180504 -0.14933358 0.093149066
v 0.04056589 -0.1290703 0.11019772
v 0.04300162 -0.13187228 0.10047839
v 0.058180504 -0.14933358 0.093149066
v 0.10670163 -0.20515074 0.12649235
v 0.12058385 -0.19350214 0.12649235
v 0.07404028 -0.13602565 0.093149066
v 0.05948004 -0.11804524 0.10047839
v 0.04300162 -0.13187228 0.10047839
v 0.06791797 -0.12846524 0.13349685
v 0.12058385 -0.19350214 0.12649235
v 0.12823357 -0.20294873 0.17048803
v 0.07404028 -0.13602565 0.093149066
v 0.05714359 -0.115159996 0.11019772
v 0.05948004 -0.11804524 0.10047839
v 0.12823357 -0.20294873 0.17048803
v 0.11467632 -0.21432461 0.17048803
v 0.06791797 -0.12846524 0.13349685
v 0.05179806 -0.14199144 0.13349685
v 0.06791797 -0.12846524 0.13349685
v 0.05179806 -0.14199144 0.13349685
v 0.05714359 -0.115159996 0.11019772
v 0.04056589 -0.1290703 0.11019772
v 0.04300162 -0.13187228 0.10047839
v 0.05948004 -0.11804524 0.10047839
v 0.07154041 -0.13180867 0.13633123
v 0.02430644 -0.13180864 0.11019316
v 0.024306437 -0.13180868 0.13633123
v 0.07154041 -0.13180862 0.11019316
v 0.07154041 -0.07003132 0.091331005
v 0.07154041 -0.13180867 0.13633123
v 0.07154041 -0.07003126 0.13633123
v 0.07154041 -0.13180862 0.11019316
v 0.07154041 -0.12100523 0.091331005
v 0.024306435 -0.070031285 0.13633123
v 0.07154041 -0.07003126 0.13633123
v 0.07154041 -0.13180867 0.13633123
v 0.024306437 -0.13180868 0.13633123
v 0.024306435 -0.070031285 0.13633123
v 0.024306437 -0.13180868 0.13633123
v 0.024306433 -0.07003133 0.091331005
v 0.02430644 -0.13180864 0.11019316
v 0.024306444 -0.121005245 0.091331005
v 0.07154041 -0.13180862 0.11019316
v 0.07154041 -0.12100523 0.091331005
v 0.024306444 -0.121005245 0.091331005
v 0.02430644 -0.13180864 0.11019316
v 0.07154041 -0.12100523 0.091331005
v 0.07154041 -0.07003132 0.091331005
v 0.024306433 -0.07003133 0.091331005
v 0.024306444 -0.121005245 0.091331005
v 0.035677087 -0.027608873 0.09806192
v 0.035677087 -0.027608873 0.14698282
v 0.023430757 -0.048820127 0.14698282
v 0.023430757 -0.048820127 0.09806192
v 0.035677094 -0.070031375 0.14698282
v 0.035677094 -0.070031375 0.09806192
v 0.06016975 -0.027608864 0.14698282
v 0.06016975 -0.027608864 0.09806192
v 0.07241608 -0.04882011 0.09806192
v 0.07241608 -0.04882011 0.14698282
v 0.060169738 -0.07003135 0.09806192
v 0.060169738 -0.07003135 0.14698282
v 0.060169738 -0.07003135 0.09806192
v 0.07241608 -0.04882011 0.09806192
v 0.06016975 -0.027608864 0.09806192
v 0.035677087 -0.027608873 0.09806192
v 0.035677094 -0.070031375 0.09806192
v 0.023430757 -0.048820127 0.09806192
v 0.035677094 -0.070031375 0.14698282
v 0.060169738 -0.07003135 0.14698282
v 0.035677094 -0.070031375 0.09806192
v 0.060169738 -0.07003135 0.09806192
v 0.035677094 -0.070031375 0.14698282
v 0.023430757 -0.048820127 0.14698282
v 0.035677087 -0.027608873 0.14698282
v 0.060169738 -0.07003135 0.14698282
v 0.06016975 -0.027608864 0.14698282
v 0.07241608 -0.04882011 0.14698282
v 0.26415777 -0.35144252 0.19577137
v 0.25696886 -0.34287512 0.19277465
v 0.23731118 -0.37396947 0.19577137
v 0.2301223 -0.36540207 0.19277465
v 0.25170612 -0.33660322 0.20096195
v 0.22485954 -0.35913017 0.20096195
v 0.22678582 -0.36142585 0.21214597
v 0.22485954 -0.35913017 0.20096195
v 0.25170612 -0.33660322 0.20096195
v 0.25363243 -0.33889884 0.21214597
v 0.22678582 -0.36142585 0.21214597
v 0.25363243 -0.33889884 0.21214597
v 0.2608213 -0.34746638 0.21514273
v 0.23397481 -0.36999327 0.21514273
v 0.23923747 -0.3762651 0.20695539
v 0.26608402 -0.35373822 0.20695539
v 0.23731118 -0.37396947 0.19577137
v 0.23923747 -0.3762651 0.20695539
v 0.26415777 -0.35144252 0.19577137
v 0.26608402 -0.35373822 0.20695539
v 0.25170612 -0.33660322 0.20096195
v 0.25696886 -0.34287512 0.19277465
v 0.26415777 -0.35144252 0.19577137
v 0.26608402 -0.35373822 0.20695539
v 0.25363243 -0.33889884 0.21214597
v 0.2608213 -0.34746638 0.21514273
v 0.22678582 -0.36142585 0.21214597
v 0.23397481 -0.36999327 0.21514273
v 0.23923747 -0.3762651 0.20695539
v 0.22485954 -0.35913017 0.20096195
v 0.23731118 -0.37396947 0.19577137
v 0.2301223 -0.36540207 0.19277465
v 0.024306435 -0.070031285 0.13633123
v 0.024306433 -0.07003133 0.091331005
v 0.07154041 -0.07003132 0.091331005
v 0.07154041 -0.07003126 0.13633123
v 0.22160968 -0.3078846 0.22967163
v 0.23483442 -0.3236452 0.24865684
v 0.21502808 -0.34026465 0.24865684
v 0.20180337 -0.32450396 0.22967163
v 0.06016975 -0.027608864 0.14698282
v 0.035677087 -0.027608873 0.14698282
v 0.06016975 -0.027608864 0.09806192
v 0.035677087 -0.027608873 0.09806192
v -0.4784832 -0.6303683 0.00411579
v -0.4784832 -0.6303683 0
v -0.4823478 -0.6236383 0.00411579
v -0.48234767 -0.6236382 0
v -0.47280967 -0.5945385 0.00411579
v -0.47280967 -0.5945385 0
v -0.42163473 -0.53446037 0
v -0.4440365 -0.5607294 0.013322129
v -0.41825107 -0.5304279 0.01332216
v -0.45905936 -0.5781515 0.013322115
v -0.4440365 -0.5607294 0.019677103
v -0.4010615 -0.54523724 0.01332216
v -0.38681936 -0.55680233 0.01332216
v -0.41218287 -0.5874577 0.013322129
v -0.431033 -0.5810642 0.013322129
v -0.43446696 -0.578183 0.019677103
v -0.4440365 -0.5607294 0.019677103
v -0.4440365 -0.5607294 0.013322129
v -0.43446696 -0.578183 0.013322129
v -0.43446696 -0.578183 0.013322129
v -0.45932934 -0.6076516 0.013322129
v -0.43446696 -0.578183 0.019677103
v -0.4784832 -0.6303683 0.00411579
v -0.4784832 -0.6303683 0
v -0.40777236 -0.546478 0
v -0.4043886 -0.54244536 0.01332216
v -0.47478217 -0.63347375 0
v -0.46748343 -0.636111 0
v -0.44048205 -0.6216646 0
v -0.4044451 -0.5492697 0
v -0.390203 -0.5608348 0
v -0.46748343 -0.6361111 0.00411579
v -0.47478217 -0.63347375 0
v -0.47478217 -0.63347375 0.00411579
v -0.46748343 -0.636111 0
v -0.44048205 -0.6216646 0.00411579
v -0.44048205 -0.6216646 0
v -0.390203 -0.5608348 0
v -0.44048205 -0.6216646 0
v -0.44048205 -0.6216646 0.00411579
v -0.41218287 -0.5874577 0.013322129
v -0.38681936 -0.55680233 0.01332216
v -0.4267317 -0.60527766 0.013322115
v -0.41218287 -0.5874577 0.019677103
v -0.40777236 -0.546478 0
v -0.4043886 -0.54244536 0.01332216
v -0.41825107 -0.5304279 0.01332216
v -0.42163473 -0.53446037 0
v -0.431033 -0.5810642 0.019677103
v -0.41218287 -0.5874577 0.013322129
v -0.41218287 -0.5874577 0.019677103
v -0.431033 -0.5810642 0.013322129
v -0.431033 -0.5810642 0.013322129
v -0.431033 -0.5810642 0.019677103
v -0.45573685 -0.61066633 0.013322129
v -0.47478217 -0.63347375 0.00411579
v -0.47478217 -0.63347375 0
v -0.4044451 -0.5492697 0
v -0.4010615 -0.54523724 0.01332216
v -0.38681936 -0.55680233 0.01332216
v -0.4010615 -0.54523724 0.01332216
v -0.390203 -0.5608348 0
v -0.4044451 -0.5492697 0
v -0.4823478 -0.6236383 0.00411579
v -0.45932934 -0.6076516 0.013322129
v -0.4784832 -0.6303683 0.00411579
v -0.45905936 -0.5781515 0.013322115
v -0.43446696 -0.578183 0.019677103
v -0.4440365 -0.5607294 0.019677103
v -0.46748343 -0.6361111 0.00411579
v -0.47478217 -0.63347375 0.00411579
v -0.45573685 -0.61066633 0.013322129
v -0.4267317 -0.60527766 0.013322115
v -0.431033 -0.5810642 0.019677103
v -0.41218287 -0.5874577 0.019677103
v -0.4043886 -0.54244536 0.01332216
v -0.43446696 -0.578183 0.013322129
v -0.4440365 -0.5607294 0.013322129
v -0.41825107 -0.5304279 0.01332216
v -0.47280967 -0.5945385 0
v -0.48234767 -0.6236382 0
v -0.4784832 -0.6303683 0
v -0.40777236 -0.546478 0
v -0.42163473 -0.53446037 0
v -0.39546657 -0.56307 0.014634623
v -0.42292204 -0.5400322 0.014634623
v -0.4303645 -0.548902 0.014634609
v -0.40290916 -0.5719397 0.014634609
v -0.39546657 -0.56307 0.014634623
v -0.4192007 -0.53559726 0.024661988
v -0.42292204 -0.5400322 0.014634623
v -0.3917452 -0.55863523 0.024661988
v -0.39546657 -0.56307 0.034689322
v -0.42292204 -0.5400322 0.034689307
v -0.40290946 -0.5719394 0.034689307
v -0.4303645 -0.548902 0.034689307
v -0.42292204 -0.5400322 0.034689307
v -0.39546657 -0.56307 0.034689322
v -0.4303645 -0.548902 0.034689307
v -0.40290946 -0.5719394 0.034689307
v -0.40663037 -0.5763745 0.024661958
v -0.43408588 -0.5533367 0.024661958
v -0.4303645 -0.548902 0.014634609
v -0.40290916 -0.5719397 0.014634609
v -0.43408588 -0.5533367 0.024661958
v -0.4303645 -0.548902 0.014634609
v -0.42292204 -0.5400322 0.014634623
v -0.4192007 -0.53559726 0.024661988
v -0.42292204 -0.5400322 0.034689307
v -0.4303645 -0.548902 0.034689307
v -0.3917452 -0.55863523 0.024661988
v -0.39546657 -0.56307 0.014634623
v -0.40290916 -0.5719397 0.014634609
v -0.40663037 -0.5763745 0.024661958
v -0.40290946 -0.5719394 0.034689307
v -0.39546657 -0.56307 0.034689322
v -0.4338822 -0.5652686 0.038997676
v -0.41841635 -0.57824594 0.038997676
v -0.42072234 -0.58550954 0.02825217
v -0.440635 -0.56880075 0.02825217
v -0.23202129 -0.31146076 0.2908803
v -0.20286424 -0.34179607 0.27547583
v -0.20351732 -0.3353785 0.2908803
v -0.23845483 -0.31193212 0.27547583
v -0.440635 -0.56880075 0.02825217
v -0.42072234 -0.58550954 0.02825217
v -0.39274272 -0.55281913 0.057367906
v -0.41329974 -0.5355696 0.057367906
v -0.3778399 -0.5368008 0.061871022
v -0.40011275 -0.51811165 0.061871022
v -0.2230878 -0.36544245 0.22854686
v -0.25823015 -0.33595452 0.22854686
v -0.41841635 -0.57824594 0.038997676
v -0.39274272 -0.55281913 0.057367906
v -0.42072234 -0.58550954 0.02825217
v -0.22388622 -0.36471373 0.25219283
v -0.20351732 -0.3353785 0.2908803
v -0.20286424 -0.34179607 0.27547583
v -0.25737396 -0.33661434 0.25219283
v -0.23845483 -0.31193212 0.27547583
v -0.23202129 -0.31146076 0.2908803
v -0.4338822 -0.5652686 0.038997676
v -0.41329974 -0.5355696 0.057367906
v -0.440635 -0.56880075 0.02825217
v -0.40011275 -0.51811165 0.061871022
v -0.25823015 -0.33595452 0.22854686
v -0.23845483 -0.31193212 0.27547583
v -0.25737396 -0.33661434 0.25219283
v -0.22388622 -0.36471373 0.25219283
v -0.20286424 -0.34179607 0.27547583
v -0.36386153 -0.5102652 0.06371176
v -0.38010848 -0.5292206 0.060440853
v -0.36989012 -0.51744986 0.070036896
v -0.4149966 -0.5680298 0.016294122
v -0.39270148 -0.5436183 0.06427583
v -0.4211925 -0.57541376 0.034827277
v -0.42189503 -0.5762511 0.021434039
v -0.36386153 -0.5102652 0.06371176
v -0.36989012 -0.51744986 0.070036896
v -0.38243622 -0.5069225 0.070036896
v -0.37640753 -0.4997378 0.06371176
v -0.4149966 -0.5680298 0.016294122
v -0.43131363 -0.5683479 0.021434039
v -0.42189503 -0.5762511 0.021434039
v -0.4244151 -0.5601266 0.016294122
v -0.36386153 -0.5102652 0.06371176
v -0.37640753 -0.4997378 0.06371176
v -0.38243622 -0.5069225 0.070036896
v -0.36989012 -0.51744986 0.070036896
v -0.38010848 -0.5292206 0.060440853
v -0.39225367 -0.5190296 0.060440853
v -0.39270148 -0.5436183 0.06427583
v -0.40424597 -0.5339313 0.06427583
v -0.37640753 -0.4997378 0.06371176
v -0.38243622 -0.5069225 0.070036896
v -0.39225367 -0.5190296 0.060440853
v -0.4244151 -0.5601266 0.016294122
v -0.40424597 -0.5339313 0.06427583
v -0.43061098 -0.56751066 0.034827277
v -0.43131363 -0.5683479 0.021434039
v -0.43061098 -0.56751066 0.034827277
v -0.4211925 -0.57541376 0.034827277
v -0.42189503 -0.5762511 0.021434039
v -0.43131363 -0.5683479 0.021434039
v -0.2535511 -0.38489723 0.19111887
v -0.21484241 -0.34382764 0.22489432
v -0.23837548 -0.32408103 0.22489432
v -0.2720995 -0.3693333 0.19111887
v -0.2719 -0.40611908 0.1942837
v -0.28981265 -0.39108855 0.1942837
v -0.2535511 -0.38489723 0.19111887
v -0.2719 -0.40611908 0.1942837
v -0.22947796 -0.36166382 0.24826509
v -0.21484241 -0.34382764 0.22489432
v -0.20400622 -0.3319344 0.24869996
v -0.21048072 -0.34020975 0.2615755
v -0.20400622 -0.3319344 0.24869996
v -0.21048072 -0.34020975 0.2615755
v -0.23556997 -0.31915736 0.2615755
v -0.22854465 -0.31134424 0.24869996
v -0.28981265 -0.39108855 0.1942837
v -0.2720995 -0.3693333 0.19111887
v -0.2533993 -0.34159145 0.24826509
v -0.23837548 -0.32408103 0.22489432
v -0.22854465 -0.31134424 0.24869996
v -0.23556997 -0.31915736 0.2615755
v -0.3778399 -0.5368008 0.061871022
v -0.39274272 -0.55281913 0.057367906
v -0.22388622 -0.36471373 0.25219283
v -0.2230878 -0.36544245 0.22854686
v -0.21484241 -0.34382764 0.22489432
v -0.20400622 -0.3319344 0.24869996
v -0.22854465 -0.31134424 0.24869996
v -0.23837548 -0.32408103 0.22489432
v -0.21048072 -0.34020975 0.2615755
v -0.22947796 -0.36166382 0.24826509
v -0.23556997 -0.31915736 0.2615755
v -0.2533993 -0.34159145 0.24826509
v -0.23202129 -0.31146076 0.2908803
v -0.20351732 -0.3353785 0.2908803
v -0.41841635 -0.57824594 0.038997676
v -0.4338822 -0.5652686 0.038997676
v -0.25737396 -0.33661434 0.25219283
v -0.25823015 -0.33595452 0.22854686
v -0.2230878 -0.36544245 0.22854686
v -0.22388622 -0.36471373 0.25219283
v -0.0893923 -0.1447744 0.13067934
v -0.10020107 -0.15812203 0.10149875
v -0.07915156 -0.13212809 0.110401
v -0.12919582 -0.19392757 0.15511557
v -0.16758312 -0.24133195 0.14912266
v -0.18985584 -0.2688365 0.18649206
v -0.13271035 -0.19826768 0.1751391
v -0.22160968 -0.3078846 0.22967163
v -0.22996156 -0.3181983 0.21529186
v -0.24318628 -0.33395892 0.23427707
v -0.23483442 -0.3236452 0.24865684
v -0.20180337 -0.32450396 0.22967163
v -0.22160968 -0.3078846 0.22967163
v -0.13271035 -0.19826768 0.1751391
v -0.109288976 -0.21792053 0.1751391
v -0.06413047 -0.16597158 0.13067934
v -0.053454593 -0.15369043 0.110401
v -0.07539846 -0.17893392 0.10149875
v -0.10562513 -0.21370575 0.15511557
v -0.14564343 -0.25974157 0.14912266
v -0.16886248 -0.286452 0.18649206
v -0.109288976 -0.21792053 0.1751391
v -0.20180337 -0.32450396 0.22967163
v -0.21051013 -0.33451998 0.21529186
v -0.22373486 -0.35028064 0.23427707
v -0.21502808 -0.34026465 0.24865684
v -0.10562513 -0.21370575 0.15511557
v -0.12919582 -0.19392757 0.15511557
v -0.0893923 -0.1447744 0.13067934
v -0.06413047 -0.16597158 0.13067934
v -0.053454593 -0.15369043 0.110401
v -0.07915156 -0.13212809 0.110401
v -0.10020107 -0.15812203 0.10149875
v -0.07539846 -0.17893392 0.10149875
v -0.16758312 -0.24133195 0.14912266
v -0.14564343 -0.25974157 0.14912266
v -0.16886248 -0.286452 0.18649206
v -0.18985584 -0.2688365 0.18649206
v -0.21051013 -0.33451998 0.21529186
v -0.22996156 -0.3181983 0.21529186
v -0.24318628 -0.33395892 0.23427707
v -0.22373486 -0.35028064 0.23427707
v -0.13271035 -0.19826768 0.1751391
v -0.12919582 -0.19392757 0.15511557
v -0.109288976 -0.21792053 0.1751391
v -0.10562513 -0.21370575 0.15511557
v -0.10670163 -0.20515074 0.12649235
v -0.11467632 -0.21432461 0.17048803
v -0.05179806 -0.14199144 0.13349685
v -0.058180504 -0.14933358 0.093149066
v -0.04056589 -0.1290703 0.11019772
v -0.04300162 -0.13187228 0.10047839
v -0.12058385 -0.19350214 0.12649235
v -0.10670163 -0.20515074 0.12649235
v -0.058180504 -0.14933358 0.093149066
v -0.07404028 -0.13602565 0.093149066
v -0.05948004 -0.11804524 0.10047839
v -0.04300162 -0.13187228 0.10047839
v -0.12823357 -0.20294873 0.17048803
v -0.12058385 -0.19350214 0.12649235
v -0.06791797 -0.12846524 0.13349685
v -0.07404028 -0.13602565 0.093149066
v -0.05714359 -0.115159996 0.11019772
v -0.05948004 -0.11804524 0.10047839
v -0.11467632 -0.21432461 0.17048803
v -0.06791797 -0.12846524 0.13349685
v -0.05179806 -0.14199144 0.13349685
v -0.12823357 -0.20294873 0.17048803
v -0.05714359 -0.115159996 0.11019772
v -0.05179806 -0.14199144 0.13349685
v -0.06791797 -0.12846524 0.13349685
v -0.04056589 -0.1290703 0.11019772
v -0.04300162 -0.13187228 0.10047839
v -0.05948004 -0.11804524 0.10047839
v -0.07154041 -0.13180867 0.13633123
v -0.024306437 -0.13180868 0.13633123
v -0.02430644 -0.13180864 0.11019316
v -0.07154041 -0.13180862 0.11019316
v -0.07154041 -0.07003132 0.091331005
v -0.07154041 -0.07003126 0.13633123
v -0.07154041 -0.13180867 0.13633123
v -0.07154041 -0.13180862 0.11019316
v -0.07154041 -0.12100523 0.091331005
v -0.024306435 -0.070031285 0.13633123
v -0.024306437 -0.13180868 0.13633123
v -0.07154041 -0.13180867 0.13633123
v -0.07154041 -0.07003126 0.13633123
v -0.024306435 -0.070031285 0.13633123
v -0.024306433 -0.07003133 0.091331005
v -0.024306437 -0.13180868 0.13633123
v -0.02430644 -0.13180864 0.11019316
v -0.024306444 -0.121005245 0.091331005
v -0.07154041 -0.13180862 0.11019316
v -0.02430644 -0.13180864 0.11019316
v -0.024306444 -0.121005245 0.091331005
v -0.07154041 -0.12100523 0.091331005
v -0.07154041 -0.12100523 0.091331005
v -0.024306444 -0.121005245 0.091331005
v -0.024306433 -0.07003133 0.091331005
v -0.07154041 -0.07003132 0.091331005
v -0.035677087 -0.027608873 0.09806192
v -0.023430757 -0.048820127 0.14698282
v -0.035677087 -0.027608873 0.14698282
v -0.023430757 -0.048820127 0.09806192
v -0.035677094 -0.070031375 0.14698282
v -0.035677094 -0.070031375 0.09806192
v -0.06016975 -0.027608864 0.14698282
v -0.07241608 -0.04882011 0.09806192
v -0.06016975 -0.027608864 0.09806192
v -0.07241608 -0.04882011 0.14698282
v -0.060169738 -0.07003135 0.09806192
v -0.060169738 -0.07003135 0.14698282
v -0.035677094 -0.070031375 0.09806192
v -0.023430757 -0.048820127 0.09806192
v -0.035677087 -0.027608873 0.09806192
v -0.060169738 -0.07003135 0.09806192
v -0.06016975 -0.027608864 0.09806192
v -0.07241608 -0.04882011 0.09806192
v -0.035677094 -0.070031375 0.09806192
v -0.060169738 -0.07003135 0.14698282
v -0.035677094 -0.070031375 0.14698282
v -0.060169738 -0.07003135 0.09806192
v -0.035677094 -0.070031375 0.14698282
v -0.035677087 -0.027608873 0.14698282
v -0.023430757 -0.048820127 0.14698282
v -0.060169738 -0.07003135 0.14698282
v -0.06016975 -0.027608864 0.14698282
v -0.07241608 -0.04882011 0.14698282
v -0.25696886 -0.34287512 0.19277465
v -0.26415777 -0.35144252 0.19577137
v -0.23731118 -0.37396947 0.19577137
v -0.2301223 -0.36540207 0.19277465
v -0.25170612 -0.33660322 0.20096195
v -0.22485954 -0.35913017 0.20096195
v -0.22678582 -0.36142585 0.21214597
v -0.25363243 -0.33889884 0.21214597
v -0.25170612 -0.33660322 0.20096195
v -0.22485954 -0.35913017 0.20096195
v -0.22678582 -0.36142585 0.21214597
v -0.2608213 -0.34746638 0.21514273
v -0.25363243 -0.33889884 0.21214597
v -0.23397481 -0.36999327 0.21514273
v -0.23923747 -0.3762651 0.20695539
v -0.26608402 -0.35373822 0.20695539
v -0.23923747 -0.3762651 0.20695539
v -0.26415777 -0.35144252 0.19577137
v -0.26608402 -0.35373822 0.20695539
v -0.23731118 -0.37396947 0.19577137
v -0.26415777 -0.35144252 0.19577137
v -0.25696886 -0.34287512 0.19277465
v -0.25170612 -0.33660322 0.20096195
v -0.26608402 -0.35373822 0.20695539
v -0.25363243 -0.33889884 0.21214597
v -0.2608213 -0.34746638 0.21514273
v -0.22485954 -0.35913017 0.20096195
v -0.2301223 -0.36540207 0.19277465
v -0.23731118 -0.37396947 0.19577137
v -0.23923747 -0.3762651 0.20695539
v -0.22678582 -0.36142585 0.21214597
v -0.23397481 -0.36999327 0.21514273
v -0.024306435 -0.070031285 0.13633123
v -0.07154041 -0.07003126 0.13633123
v -0.07154041 -0.07003132 0.091331005
v -0.024306433 -0.07003133 0.091331005
v -0.22160968 -0.3078846 0.22967163
v -0.20180337 -0.32450396 0.22967163
v -0.21502808 -0.34026465 0.24865684
v -0.23483442 -0.3236452 0.24865684
v -0.06016975 -0.027608864 0.09806192
v -0.035677087 -0.027608873 0.14698282
v -0.06016975 -0.027608864 0.14698282
v -0.035677087 -0.027608873 0.09806192
v 0.79353887 0.07185049 0.00411579
v 0.7902426 0.07887636 0.00411579
v 0.79024243 0.078876324 0
v 0.79353887 0.07185049 0
v 0.76093465 0.08775409 0.00411579
v 0.79024243 0.078876324 0
v 0.7902426 0.07887636 0.00411579
v 0.76093465 0.08775409 0
v 0.6823688 0.0802935 0
v 0.7167362 0.08357666 0.013322129
v 0.6771248 0.079834685 0.01332216
v 0.7396244 0.08588972 0.013322115
v 0.7167362 0.08357666 0.019677103
v 0.67939633 0.057259515 0.01332216
v 0.7259351 0.06126123 0.013322129
v 0.7203604 0.042152986 0.013322129
v 0.68070096 0.038959637 0.01332216
v 0.72554463 0.06572678 0.019677103
v 0.7167362 0.08357666 0.013322129
v 0.7167362 0.08357666 0.019677103
v 0.72554463 0.06572678 0.013322129
v 0.72554463 0.06572678 0.013322129
v 0.72554463 0.06572678 0.019677103
v 0.7639444 0.06919028 0.013322129
v 0.79353887 0.07185049 0.00411579
v 0.79353887 0.07185049 0
v 0.684262 0.062045086 0
v 0.67901784 0.0615863 0.01332216
v 0.79395986 0.06703763 0
v 0.7646128 0.04571401 0
v 0.7919339 0.05954612 0
v 0.68464035 0.057718314 0
v 0.68594503 0.039418414 0
v 0.7919339 0.05954612 0
v 0.79193395 0.0595461 0.00411579
v 0.79395986 0.06703763 0.00411579
v 0.79395986 0.06703763 0
v 0.79193395 0.0595461 0.00411579
v 0.7919339 0.05954612 0
v 0.7646128 0.04571401 0.00411579
v 0.7646128 0.04571401 0
v 0.68594503 0.039418414 0
v 0.7203604 0.042152986 0.013322129
v 0.68070096 0.038959637 0.01332216
v 0.7433025 0.043849573 0.013322115
v 0.7203604 0.042152986 0.019677103
v 0.6771248 0.079834685 0.01332216
v 0.67901784 0.0615863 0.01332216
v 0.684262 0.062045086 0
v 0.6823688 0.0802935 0
v 0.7259351 0.06126123 0.019677103
v 0.7203604 0.042152986 0.019677103
v 0.7203604 0.042152986 0.013322129
v 0.7259351 0.06126123 0.013322129
v 0.7259351 0.06126123 0.013322129
v 0.76435316 0.06451837 0.013322129
v 0.7259351 0.06126123 0.019677103
v 0.79395986 0.06703763 0.00411579
v 0.79395986 0.06703763 0
v 0.68464035 0.057718314 0
v 0.67939633 0.057259515 0.01332216
v 0.68070096 0.038959637 0.01332216
v 0.68594503 0.039418414 0
v 0.67939633 0.057259515 0.01332216
v 0.68464035 0.057718314 0
v 0.7902426 0.07887636 0.00411579
v 0.79353887 0.07185049 0.00411579
v 0.7639444 0.06919028 0.013322129
v 0.7396244 0.08588972 0.013322115
v 0.72554463 0.06572678 0.019677103
v 0.7167362 0.08357666 0.019677103
v 0.79193395 0.0595461 0.00411579
v 0.76435316 0.06451837 0.013322129
v 0.79395986 0.06703763 0.00411579
v 0.7433025 0.043849573 0.013322115
v 0.7259351 0.06126123 0.019677103
v 0.7203604 0.042152986 0.019677103
v 0.67901784 0.0615863 0.01332216
v 0.6771248 0.079834685 0.01332216
v 0.7167362 0.08357666 0.013322129
v 0.72554463 0.06572678 0.013322129
v 0.76093465 0.08775409 0
v 0.79353887 0.07185049 0
v 0.79024243 0.078876324 0
v 0.684262 0.062045086 0
v 0.6823688 0.0802935 0
v 0.69079506 0.042448 0.014634623
v 0.70232964 0.04345714 0.014634609
v 0.69920594 0.07916118 0.014634609
v 0.68767136 0.07815212 0.014634623
v 0.69079506 0.042448 0.014634623
v 0.68767136 0.07815212 0.014634623
v 0.68190396 0.07764755 0.024661988
v 0.6850278 0.041943386 0.024661988
v 0.69079506 0.042448 0.034689322
v 0.68767136 0.07815212 0.034689307
v 0.68767136 0.07815212 0.034689307
v 0.69920594 0.07916118 0.034689307
v 0.70232946 0.043457612 0.034689307
v 0.69079506 0.042448 0.034689322
v 0.70809674 0.043961696 0.024661958
v 0.70232946 0.043457612 0.034689307
v 0.69920594 0.07916118 0.034689307
v 0.70497304 0.079665825 0.024661958
v 0.69920594 0.07916118 0.014634609
v 0.70232964 0.04345714 0.014634609
v 0.68767136 0.07815212 0.014634623
v 0.69920594 0.07916118 0.014634609
v 0.70497304 0.079665825 0.024661958
v 0.68190396 0.07764755 0.024661988
v 0.68767136 0.07815212 0.034689307
v 0.69920594 0.07916118 0.034689307
v 0.70809674 0.043961696 0.024661958
v 0.70232964 0.04345714 0.014634609
v 0.69079506 0.042448 0.014634623
v 0.6850278 0.041943386 0.024661988
v 0.70232946 0.043457612 0.034689307
v 0.69079506 0.042448 0.034689322
v 0.72366256 0.050265506 0.02825217
v 0.71463025 0.072655216 0.038997676
v 0.7213969 0.07616077 0.02825217
v 0.7163899 0.05254278 0.038997676
v 0.39501667 0.057878293 0.27547583
v 0.39094043 0.052878592 0.2908803
v 0.39906585 0.011594925 0.27547583
v 0.3941835 0.015810847 0.2908803
v 0.68083555 0.046096463 0.057367906
v 0.72366256 0.050265506 0.02825217
v 0.7213969 0.07616077 0.02825217
v 0.6784968 0.07282971 0.057367906
v 0.6566323 0.07204102 0.061871022
v 0.65916634 0.04307645 0.061871022
v 0.42603728 0.060298584 0.22854686
v 0.4300356 0.014598073 0.22854686
v 0.7163899 0.05254278 0.038997676
v 0.72366256 0.050265506 0.02825217
v 0.68083555 0.046096463 0.057367906
v 0.42989662 0.015670065 0.25219283
v 0.3941835 0.015810847 0.2908803
v 0.39906585 0.011594925 0.27547583
v 0.65916634 0.04307645 0.061871022
v 0.4300356 0.014598073 0.22854686
v 0.42608672 0.059218768 0.25219283
v 0.39094043 0.052878592 0.2908803
v 0.39501667 0.057878293 0.27547583
v 0.71463025 0.072655216 0.038997676
v 0.6784968 0.07282971 0.057367906
v 0.7213969 0.07616077 0.02825217
v 0.6566323 0.07204102 0.061871022
v 0.42603728 0.060298584 0.22854686
v 0.42989662 0.015670065 0.25219283
v 0.42608672 0.059218768 0.25219283
v 0.39501667 0.057878293 0.27547583
v 0.39906585 0.011594925 0.27547583
v 0.62941194 0.046846345 0.06371176
v 0.6387552 0.047663674 0.070036896
v 0.65425813 0.049282685 0.060440853
v 0.7060599 0.055601195 0.016294122
v 0.6732751 0.051340003 0.06427583
v 0.7156623 0.056441322 0.034827277
v 0.7167511 0.05653654 0.021434039
v 0.6373278 0.06397905 0.070036896
v 0.6387552 0.047663674 0.070036896
v 0.62941194 0.046846345 0.06371176
v 0.6279845 0.06316163 0.06371176
v 0.7167511 0.05653654 0.021434039
v 0.7156795 0.068784885 0.021434039
v 0.7060599 0.055601195 0.016294122
v 0.70498824 0.06784954 0.016294122
v 0.62941194 0.046846345 0.06371176
v 0.6279845 0.06316163 0.06371176
v 0.65425813 0.049282685 0.060440853
v 0.6387552 0.047663674 0.070036896
v 0.6373278 0.06397905 0.070036896
v 0.65287644 0.065076664 0.060440853
v 0.6732751 0.051340003 0.06427583
v 0.6719617 0.06635295 0.06427583
v 0.6279845 0.06316163 0.06371176
v 0.65287644 0.065076664 0.060440853
v 0.6373278 0.06397905 0.070036896
v 0.70498824 0.06784954 0.016294122
v 0.6719617 0.06635295 0.06427583
v 0.7145907 0.06868957 0.034827277
v 0.7156795 0.068784885 0.021434039
v 0.7145907 0.06868957 0.034827277
v 0.7156795 0.068784885 0.021434039
v 0.7167511 0.05653654 0.021434039
v 0.7156623 0.056441322 0.034827277
v 0.46133468 0.05251439 0.19111887
v 0.40492293 0.05084498 0.22489432
v 0.4076004 0.020241592 0.22489432
v 0.46344504 0.02839333 0.19111887
v 0.48931548 0.054545864 0.1942837
v 0.49135348 0.031251535 0.1942837
v 0.43060553 0.02199993 0.24826509
v 0.49135348 0.031251535 0.1942837
v 0.46344504 0.02839333 0.19111887
v 0.4076004 0.020241592 0.22489432
v 0.40213504 0.018743845 0.2615755
v 0.39164263 0.018186793 0.24869996
v 0.40213504 0.018743845 0.2615755
v 0.3888508 0.050097533 0.24869996
v 0.39928046 0.051370915 0.2615755
v 0.39164263 0.018186793 0.24869996
v 0.4076004 0.020241592 0.22489432
v 0.40492293 0.05084498 0.22489432
v 0.42788395 0.05310817 0.24826509
v 0.46133468 0.05251439 0.19111887
v 0.48931548 0.054545864 0.1942837
v 0.40492293 0.05084498 0.22489432
v 0.39928046 0.051370915 0.2615755
v 0.3888508 0.050097533 0.24869996
v 0.42788395 0.05310817 0.24826509
v 0.43060553 0.02199993 0.24826509
v 0.40213504 0.018743845 0.2615755
v 0.39928046 0.051370915 0.2615755
v 0.71463025 0.072655216 0.038997676
v 0.3941835 0.015810847 0.2908803
v 0.39094043 0.052878592 0.2908803
v 0.7163899 0.05254278 0.038997676
v 0.42608672 0.059218768 0.25219283
v 0.42989662 0.015670065 0.25219283
v 0.4300356 0.014598073 0.22854686
v 0.42603728 0.060298584 0.22854686
v 0.17259029 0.031651177 0.13067934
v 0.15635718 0.030516066 0.110401
v 0.1897237 0.032849275 0.10149875
v 0.23568456 0.036063172 0.15511557
v 0.296534 0.040318187 0.14912266
v 0.33183947 0.04278699 0.18649206
v 0.24125563 0.03645274 0.1751391
v 0.38203913 0.0464011 0.22967163
v 0.3952781 0.04732686 0.21529186
v 0.4157738 0.049120005 0.23427707
v 0.4025348 0.04819426 0.24865684
v 0.3974911 0.02203143 0.21529186
v 0.33183947 0.04278699 0.18649206
v 0.33422798 0.015486377 0.18649206
v 0.3952781 0.04732686 0.21529186
v 0.4179869 0.023824576 0.23427707
v 0.4157738 0.049120005 0.23427707
v 0.33422798 0.015486377 0.18649206
v 0.33183947 0.04278699 0.18649206
v 0.296534 0.040318187 0.14912266
v 0.2990302 0.011786923 0.14912266
v 0.19254561 0.0005949568 0.10149875
v 0.2990302 0.011786923 0.14912266
v 0.296534 0.040318187 0.14912266
v 0.1897237 0.032849275 0.10149875
v 0.15928084 -0.0029013082 0.110401
v 0.15635718 0.030516066 0.110401
v 0.24125563 0.03645274 0.1751391
v 0.38203913 0.0464011 0.22967163
v 0.3842925 0.020644216 0.22967163
v 0.24392036 0.0059946645 0.1751391
v 0.17546439 -0.001200336 0.13067934
v 0.19254561 0.0005949568 0.10149875
v 0.15928084 -0.0029013082 0.110401
v 0.23836629 0.0054109097 0.15511557
v 0.2990302 0.011786923 0.14912266
v 0.33422798 0.015486377 0.18649206
v 0.24392036 0.0059946645 0.1751391
v 0.3842925 0.020644216 0.22967163
v 0.3974911 0.02203143 0.21529186
v 0.4179869 0.023824576 0.23427707
v 0.4047882 0.022437334 0.24865684
v 0.17546439 -0.001200336 0.13067934
v 0.15635718 0.030516066 0.110401
v 0.17259029 0.031651177 0.13067934
v 0.15928084 -0.0029013082 0.110401
v 0.17259029 0.031651177 0.13067934
v 0.23568456 0.036063172 0.15511557
v 0.23836629 0.0054109097 0.15511557
v 0.17546439 -0.001200336 0.13067934
v 0.24125563 0.03645274 0.1751391
v 0.24392036 0.0059946645 0.1751391
v 0.23568456 0.036063172 0.15511557
v 0.23836629 0.0054109097 0.15511557
v 0.14874746 0.0024520026 0.13349685
v 0.24406481 0.012470254 0.17048803
v 0.23197593 0.01119967 0.12649235
v 0.1584226 0.0034689019 0.093149066
v 0.13172054 0.00066241063 0.11019772
v 0.13541287 0.001050488 0.10047839
v 0.1584226 0.0034689019 0.093149066
v 0.23197593 0.01119967 0.12649235
v 0.23039643 0.029252669 0.12649235
v 0.15661816 0.024093606 0.093149066
v 0.13353808 0.022479681 0.10047839
v 0.13541287 0.001050488 0.10047839
v 0.14691342 0.023414973 0.13349685
v 0.23039643 0.029252669 0.12649235
v 0.24252237 0.03010061 0.17048803
v 0.15661816 0.024093606 0.093149066
v 0.12983449 0.022220692 0.11019772
v 0.13353808 0.022479681 0.10047839
v 0.14691342 0.023414973 0.13349685
v 0.24252237 0.03010061 0.17048803
v 0.24406481 0.012470254 0.17048803
v 0.14874746 0.0024520026 0.13349685
v 0.14691342 0.023414973 0.13349685
v 0.14874746 0.0024520026 0.13349685
v 0.12983449 0.022220692 0.11019772
v 0.13172054 0.00066241063 0.11019772
v 0.13541287 0.001050488 0.10047839
v 0.13353808 0.022479681 0.10047839
v 0.14215484 -0.0112702595 0.13633123
v 0.13803811 0.035783976 0.13633123
v 0.13803807 0.035783973 0.11019316
v 0.1421548 -0.0112702595 0.11019316
v 0.07649586 0.030399727 0.091331005
v 0.13803811 0.035783976 0.13633123
v 0.0764958 0.030399716 0.13633123
v 0.13803807 0.035783973 0.11019316
v 0.1272758 0.034842398 0.091331005
v 0.13803811 0.035783976 0.13633123
v 0.14215484 -0.0112702595 0.13633123
v 0.080612525 -0.016654512 0.13633123
v 0.0764958 0.030399716 0.13633123
v 0.080612525 -0.016654512 0.13633123
v 0.14215484 -0.0112702595 0.13633123
v 0.08061257 -0.01665451 0.091331005
v 0.1421548 -0.0112702595 0.11019316
v 0.13139252 -0.012211829 0.091331005
v 0.1421548 -0.0112702595 0.11019316
v 0.13803807 0.035783973 0.11019316
v 0.1272758 0.034842398 0.091331005
v 0.13139252 -0.012211829 0.091331005
v 0.08061257 -0.01665451 0.091331005
v 0.13139252 -0.012211829 0.091331005
v 0.1272758 0.034842398 0.091331005
v 0.07649586 0.030399727 0.091331005
v 0.037360527 -0.009024483 0.14698282
v 0.0595584 -0.01937553 0.14698282
v 0.037360527 -0.009024483 0.09806192
v 0.0595584 -0.01937553 0.09806192
v 0.0796216 -0.0053271116 0.14698282
v 0.0796216 -0.0053271116 0.09806192
v 0.035225846 0.015374977 0.14698282
v 0.035225846 0.015374977 0.09806192
v 0.055289034 0.029423391 0.09806192
v 0.055289034 0.029423391 0.14698282
v 0.07748691 0.019072339 0.09806192
v 0.07748691 0.019072339 0.14698282
v 0.07748691 0.019072339 0.09806192
v 0.055289034 0.029423391 0.09806192
v 0.035225846 0.015374977 0.09806192
v 0.037360527 -0.009024483 0.09806192
v 0.0796216 -0.0053271116 0.09806192
v 0.0595584 -0.01937553 0.09806192
v 0.0796216 -0.0053271116 0.14698282
v 0.07748691 0.019072339 0.14698282
v 0.0796216 -0.0053271116 0.09806192
v 0.07748691 0.019072339 0.09806192
v 0.035225846 0.015374977 0.14698282
v 0.055289034 0.029423391 0.14698282
v 0.07748691 0.019072339 0.14698282
v 0.037360527 -0.009024483 0.14698282
v 0.0796216 -0.0053271116 0.14698282
v 0.0595584 -0.01937553 0.14698282
v 0.44517863 0.021358311 0.19577137
v 0.44212428 0.05627062 0.19577137
v 0.4309829 0.055295885 0.19277465
v 0.43403733 0.020383555 0.19277465
v 0.42588112 0.019669998 0.20096195
v 0.42282668 0.05458231 0.20096195
v 0.4288665 0.019931156 0.21214597
v 0.42588112 0.019669998 0.20096195
v 0.42282668 0.05458231 0.20096195
v 0.42581204 0.05484352 0.21214597
v 0.42581204 0.05484352 0.21214597
v 0.43695346 0.055818215 0.21514273
v 0.4288665 0.019931156 0.21214597
v 0.44000795 0.020905923 0.21514273
v 0.44816405 0.021619502 0.20695539
v 0.44510967 0.056531787 0.20695539
v 0.44517863 0.021358311 0.19577137
v 0.44816405 0.021619502 0.20695539
v 0.44212428 0.05627062 0.19577137
v 0.44510967 0.056531787 0.20695539
v 0.42282668 0.05458231 0.20096195
v 0.4309829 0.055295885 0.19277465
v 0.44212428 0.05627062 0.19577137
v 0.44510967 0.056531787 0.20695539
v 0.42581204 0.05484352 0.21214597
v 0.43695346 0.055818215 0.21514273
v 0.4288665 0.019931156 0.21214597
v 0.44000795 0.020905923 0.21514273
v 0.44816405 0.021619502 0.20695539
v 0.42588112 0.019669998 0.20096195
v 0.44517863 0.021358311 0.19577137
v 0.43403733 0.020383555 0.19277465
v 0.080612525 -0.016654512 0.13633123
v 0.08061257 -0.01665451 0.091331005
v 0.0764958 0.030399716 0.13633123
v 0.07649586 0.030399727 0.091331005
v 0.4025348 0.04819426 0.24865684
v 0.4047882 0.022437334 0.24865684
v 0.38203913 0.0464011 0.22967163
v 0.3842925 0.020644216 0.22967163
v 0.035225846 0.015374977 0.14698282
v 0.037360527 -0.009024483 0.14698282
v 0.035225846 0.015374977 0.09806192
v 0.037360527 -0.009024483 0.09806192
v 0.3886528 0.69257057 0.00411579
v 0.39629874 0.69124085 0
v 0.39629874 0.69124085 0.00411579
v 0.3886527 0.6925704 0
v 0.36457023 0.6736549 0.00411579
v 0.36457023 0.6736549 0
v 0.378652 0.6142627 0.013322129
v 0.35852015 0.579944 0.01332216
v 0.34278148 0.58937174 0.01332216
v 0.36619696 0.62978923 0.013322129
v 0.35387436 0.65512925 0.013322115
v 0.34264103 0.63505363 0.019677103
v 0.34264103 0.63505363 0.013322129
v 0.36457023 0.6736549 0.00411579
v 0.32561806 0.6050183 0
v 0.32298607 0.6004595 0.01332216
v 0.36457023 0.6736549 0
v 0.36231503 0.6320307 0.019677103
v 0.34264103 0.63505363 0.013322129
v 0.34264103 0.63505363 0.019677103
v 0.36231503 0.6320307 0.013322129
v 0.36231503 0.6320307 0.013322129
v 0.36231503 0.6320307 0.019677103
v 0.3815031 0.66547257 0.013322129
v 0.39629874 0.69124085 0.00411579
v 0.39629874 0.69124085 0
v 0.3416521 0.5961022 0
v 0.33902004 0.5915433 0.01332216
v 0.40048262 0.68882513 0
v 0.4011171 0.65255463 0
v 0.40545723 0.68286854 0
v 0.34541348 0.5939305 0
v 0.36115217 0.5845028 0
v 0.40048262 0.68882513 0.00411579
v 0.40048262 0.68882513 0
v 0.4054573 0.68286854 0.00411579
v 0.40545723 0.68286854 0
v 0.4011171 0.65255463 0.00411579
v 0.4011171 0.65255463 0
v 0.36115217 0.5845028 0
v 0.378652 0.6142627 0.013322129
v 0.35852015 0.579944 0.01332216
v 0.39042124 0.63402885 0.013322115
v 0.378652 0.6142627 0.019677103
v 0.32298607 0.6004595 0.01332216
v 0.33902004 0.5915433 0.01332216
v 0.32561806 0.6050183 0
v 0.3416521 0.5961022 0
v 0.36619696 0.62978923 0.019677103
v 0.378652 0.6142627 0.019677103
v 0.378652 0.6142627 0.013322129
v 0.36619696 0.62978923 0.013322129
v 0.36619696 0.62978923 0.013322129
v 0.3855646 0.6631277 0.013322129
v 0.36619696 0.62978923 0.019677103
v 0.40048262 0.68882513 0.00411579
v 0.40048262 0.68882513 0
v 0.34541348 0.5939305 0
v 0.34278148 0.58937174 0.01332216
v 0.34541348 0.5939305 0
v 0.34278148 0.58937174 0.01332216
v 0.35852015 0.579944 0.01332216
v 0.36115217 0.5845028 0
v 0.3886528 0.69257057 0.00411579
v 0.39629874 0.69124085 0.00411579
v 0.3815031 0.66547257 0.013322129
v 0.35387436 0.65512925 0.013322115
v 0.36457023 0.6736549 0.00411579
v 0.36231503 0.6320307 0.019677103
v 0.34264103 0.63505363 0.019677103
v 0.4054573 0.68286854 0.00411579
v 0.3855646 0.6631277 0.013322129
v 0.40048262 0.68882513 0.00411579
v 0.39042124 0.63402885 0.013322115
v 0.36619696 0.62978923 0.019677103
v 0.378652 0.6142627 0.019677103
v 0.33902004 0.5915433 0.01332216
v 0.32298607 0.6004595 0.01332216
v 0.34264103 0.63505363 0.013322129
v 0.36231503 0.6320307 0.013322129
v 0.36457023 0.6736549 0
v 0.39629874 0.69124085 0
v 0.3886527 0.6925704 0
v 0.3416521 0.5961022 0
v 0.32561806 0.6050183 0
v 0.33620295 0.61816096 0.014634609
v 0.33041358 0.6081337 0.014634623
v 0.36145228 0.59021336 0.014634623
v 0.36724165 0.60024077 0.014634609
v 0.35855773 0.5851997 0.024661988
v 0.36145228 0.59021336 0.014634623
v 0.33041358 0.6081337 0.014634623
v 0.3275189 0.60311997 0.024661988
v 0.33041358 0.6081337 0.034689307
v 0.36145228 0.59021336 0.034689322
v 0.36724123 0.600241 0.034689307
v 0.36145228 0.59021336 0.034689322
v 0.33041358 0.6081337 0.034689307
v 0.33620295 0.61816096 0.034689307
v 0.33620295 0.61816096 0.034689307
v 0.3390975 0.62317467 0.024661958
v 0.36724123 0.600241 0.034689307
v 0.37013617 0.6052543 0.024661958
v 0.36724165 0.60024077 0.014634609
v 0.33620295 0.61816096 0.014634609
v 0.33620295 0.61816096 0.034689307
v 0.33041358 0.6081337 0.034689307
v 0.3275189 0.60311997 0.024661988
v 0.3390975 0.62317467 0.024661958
v 0.33041358 0.6081337 0.014634623
v 0.33620295 0.61816096 0.014634609
v 0.36145228 0.59021336 0.034689322
v 0.36724123 0.600241 0.034689307
v 0.37013617 0.6052543 0.024661958
v 0.35855773 0.5851997 0.024661988
v 0.36145228 0.59021336 0.014634623
v 0.36724165 0.60024077 0.014634609
v 0.3678638 0.6169696 0.038997676
v 0.3503794 0.62706417 0.038997676
v 0.351389 0.6346178 0.02825217
v 0.3739006 0.6216208 0.02825217
v 0.17916109 0.3567763 0.27547583
v 0.18091859 0.35056958 0.2908803
v 0.21314283 0.33196494 0.2908803
v 0.21939674 0.33354613 0.27547583
v 0.351389 0.6346178 0.02825217
v 0.35275123 0.58414775 0.057367906
v 0.3739006 0.6216208 0.02825217
v 0.32951114 0.5975655 0.057367906
v 0.3427961 0.56466514 0.061871022
v 0.31761622 0.5792027 0.061871022
v 0.23470022 0.36063766 0.22854686
v 0.19497117 0.38357517 0.22854686
v 0.3678638 0.6169696 0.038997676
v 0.3739006 0.6216208 0.02825217
v 0.35275123 0.58414775 0.057367906
v 0.23374239 0.36113867 0.25219283
v 0.21314283 0.33196494 0.2908803
v 0.21939674 0.33354613 0.27547583
v 0.3427961 0.56466514 0.061871022
v 0.23470022 0.36063766 0.22854686
v 0.1958841 0.3829963 0.25219283
v 0.18091859 0.35056958 0.2908803
v 0.17916109 0.3567763 0.27547583
v 0.3503794 0.62706417 0.038997676
v 0.32951114 0.5975655 0.057367906
v 0.351389 0.6346178 0.02825217
v 0.17916109 0.3567763 0.27547583
v 0.21939674 0.33354613 0.27547583
v 0.23374239 0.36113867 0.25219283
v 0.1958841 0.3829963 0.25219283
v 0.32264155 0.54245406 0.06371176
v 0.32733107 0.5505764 0.070036896
v 0.33489695 0.5642043 0.060440853
v 0.35943335 0.610262 0.016294122
v 0.34411946 0.5809622 0.06427583
v 0.36425295 0.61860967 0.034827277
v 0.3647994 0.6195562 0.021434039
v 0.32264155 0.54245406 0.06371176
v 0.30845812 0.55064285 0.06371176
v 0.31314757 0.55876523 0.070036896
v 0.32733107 0.5505764 0.070036896
v 0.35943335 0.610262 0.016294122
v 0.3647994 0.6195562 0.021434039
v 0.35415158 0.6257037 0.021434039
v 0.34878546 0.6164095 0.016294122
v 0.32264155 0.54245406 0.06371176
v 0.30845812 0.55064285 0.06371176
v 0.33489695 0.5642043 0.060440853
v 0.32733107 0.5505764 0.070036896
v 0.31314757 0.55876523 0.070036896
v 0.32116678 0.57213145 0.060440853
v 0.34411946 0.5809622 0.06427583
v 0.3310682 0.5884973 0.06427583
v 0.30845812 0.55064285 0.06371176
v 0.32116678 0.57213145 0.060440853
v 0.31314757 0.55876523 0.070036896
v 0.34878546 0.6164095 0.016294122
v 0.3310682 0.5884973 0.06427583
v 0.35360512 0.6247572 0.034827277
v 0.35415158 0.6257037 0.021434039
v 0.36425295 0.61860967 0.034827277
v 0.35360512 0.6247572 0.034827277
v 0.35415158 0.6257037 0.021434039
v 0.3647994 0.6195562 0.021434039
v 0.19060443 0.36085692 0.22489432
v 0.21720903 0.34549683 0.22489432
v 0.22159341 0.40802428 0.19111887
v 0.24256267 0.39591768 0.19111887
v 0.25622898 0.42041838 0.1942837
v 0.23597842 0.43211 0.1942837
v 0.22896388 0.36535007 0.24826509
v 0.25622898 0.42041838 0.1942837
v 0.24256267 0.39591768 0.19111887
v 0.21720903 0.34549683 0.22489432
v 0.20973922 0.3312464 0.24869996
v 0.21530107 0.34016076 0.2615755
v 0.18693729 0.3565366 0.2615755
v 0.21530107 0.34016076 0.2615755
v 0.20973922 0.3312464 0.24869996
v 0.18199815 0.3472627 0.24869996
v 0.19060443 0.36085692 0.22489432
v 0.21720903 0.34549683 0.22489432
v 0.22159341 0.40802428 0.19111887
v 0.23597842 0.43211 0.1942837
v 0.20192045 0.38096362 0.24826509
v 0.19060443 0.36085692 0.22489432
v 0.18199815 0.3472627 0.24869996
v 0.18693729 0.3565366 0.2615755
v 0.31761622 0.5792027 0.061871022
v 0.32951114 0.5975655 0.057367906
v 0.1958841 0.3829963 0.25219283
v 0.19497117 0.38357517 0.22854686
v 0.21530107 0.34016076 0.2615755
v 0.18693729 0.3565366 0.2615755
v 0.22896388 0.36535007 0.24826509
v 0.20192045 0.38096362 0.24826509
v 0.3503794 0.62706417 0.038997676
v 0.3678638 0.6169696 0.038997676
v 0.21314283 0.33196494 0.2908803
v 0.18091859 0.35056958 0.2908803
v 0.23374239 0.36113867 0.25219283
v 0.19497117 0.38357517 0.22854686
v 0.1958841 0.3829963 0.25219283
v 0.23470022 0.36063766 0.22854686
v 0.073066585 0.15953204 0.13067934
v 0.064685486 0.1455836 0.110401
v 0.08191248 0.17425413 0.10149875
v 0.10564189 0.21374649 0.15511557
v 0.13705818 0.26603204 0.14912266
v 0.15528627 0.29636866 0.18649206
v 0.1085182 0.21853347 0.1751391
v 0.18111905 0.33956274 0.22967163
v 0.18795425 0.35093844 0.21529186
v 0.19824126 0.36875606 0.23427707
v 0.19140606 0.35738036 0.24865684
v 0.20351036 0.326635 0.22967163
v 0.13499641 0.20324627 0.1751391
v 0.1085182 0.21853347 0.1751391
v 0.18111905 0.33956274 0.22967163
v 0.10162549 0.14304355 0.13067934
v 0.10995225 0.15806538 0.10149875
v 0.09373632 0.1288111 0.110401
v 0.13228893 0.19836183 0.15511557
v 0.16186137 0.2517119 0.14912266
v 0.17901959 0.28266618 0.18649206
v 0.13499641 0.20324627 0.1751391
v 0.20351036 0.326635 0.22967163
v 0.20994441 0.3382424 0.21529186
v 0.22023146 0.35606006 0.23427707
v 0.21379739 0.34445265 0.24865684
v 0.08191248 0.17425413 0.10149875
v 0.064685486 0.1455836 0.110401
v 0.09373632 0.1288111 0.110401
v 0.10995225 0.15806538 0.10149875
v 0.16186137 0.2517119 0.14912266
v 0.13705818 0.26603204 0.14912266
v 0.17901959 0.28266618 0.18649206
v 0.15528627 0.29636866 0.18649206
v 0.20994441 0.3382424 0.21529186
v 0.18795425 0.35093844 0.21529186
v 0.19824126 0.36875606 0.23427707
v 0.22023146 0.35606006 0.23427707
v 0.073066585 0.15953204 0.13067934
v 0.10162549 0.14304355 0.13067934
v 0.09373632 0.1288111 0.110401
v 0.064685486 0.1455836 0.110401
v 0.10564189 0.21374649 0.15511557
v 0.13228893 0.19836183 0.15511557
v 0.10162549 0.14304355 0.13067934
v 0.073066585 0.15953204 0.13067934
v 0.1085182 0.21853347 0.1751391
v 0.13499641 0.20324627 0.1751391
v 0.13228893 0.19836183 0.15511557
v 0.10564189 0.21374649 0.15511557
v 0.08330946 0.12325319 0.13349685
v 0.12977478 0.20707883 0.17048803
v 0.12388168 0.19644743 0.12649235
v 0.088025905 0.13176188 0.093149066
v 0.075009175 0.1082791 0.11019772
v 0.076809116 0.11152628 0.10047839
v 0.088025905 0.13176188 0.093149066
v 0.12388168 0.19644743 0.12649235
v 0.108187586 0.20550838 0.12649235
v 0.07009615 0.14211361 0.093149066
v 0.076809116 0.11152628 0.10047839
v 0.058180008 0.122281805 0.10047839
v 0.06508564 0.13377471 0.13349685
v 0.108187586 0.20550838 0.12649235
v 0.114448115 0.21592769 0.17048803
v 0.07009615 0.14211361 0.093149066
v 0.056267865 0.11909945 0.11019772
v 0.058180008 0.122281805 0.10047839
v 0.114448115 0.21592769 0.17048803
v 0.12977478 0.20707883 0.17048803
v 0.08330946 0.12325319 0.13349685
v 0.06508564 0.13377471 0.13349685
v 0.06508564 0.13377471 0.13349685
v 0.08330946 0.12325319 0.13349685
v 0.075009175 0.1082791 0.11019772
v 0.056267865 0.11909945 0.11019772
v 0.058180008 0.122281805 0.10047839
v 0.076809116 0.11152628 0.10047839
v 0.049862884 0.13359906 0.13633123
v 0.09076869 0.10998205 0.11019316
v 0.09076871 0.10998208 0.13633123
v 0.04986286 0.13359901 0.11019316
v 0.01897422 0.080098316 0.091331005
v 0.049862884 0.13359906 0.13633123
v 0.018974192 0.08009825 0.13633123
v 0.04986286 0.13359901 0.11019316
v 0.04446117 0.124243 0.091331005
v 0.05988002 0.056481283 0.13633123
v 0.018974192 0.08009825 0.13633123
v 0.049862884 0.13359906 0.13633123
v 0.09076871 0.10998208 0.13633123
v 0.05988002 0.056481283 0.13633123
v 0.09076871 0.10998208 0.13633123
v 0.05988004 0.056481328 0.091331005
v 0.09076869 0.10998205 0.11019316
v 0.08536698 0.10062604 0.091331005
v 0.08536698 0.10062604 0.091331005
v 0.09076869 0.10998205 0.11019316
v 0.04986286 0.13359901 0.11019316
v 0.04446117 0.124243 0.091331005
v 0.04446117 0.124243 0.091331005
v 0.01897422 0.080098316 0.091331005
v 0.05988004 0.056481328 0.091331005
v 0.08536698 0.10062604 0.091331005
v 0.050032794 0.037674043 0.14698282
v 0.050032794 0.037674043 0.09806192
v 0.02882154 0.02542772 0.09806192
v 0.02882154 0.02542772 0.14698282
v 0.0076102666 0.037674047 0.09806192
v 0.0076102666 0.037674047 0.14698282
v 0.0076102517 0.06216669 0.09806192
v 0.0076102517 0.06216669 0.14698282
v 0.0076102666 0.037674047 0.14698282
v 0.0076102666 0.037674047 0.09806192
v 0.0076102517 0.06216669 0.14698282
v 0.0076102517 0.06216669 0.09806192
v 0.028821515 0.07441301 0.09806192
v 0.028821515 0.07441301 0.14698282
v 0.050032776 0.06216668 0.09806192
v 0.050032776 0.06216668 0.14698282
v 0.02882154 0.02542772 0.09806192
v 0.050032794 0.037674043 0.09806192
v 0.050032776 0.06216668 0.09806192
v 0.028821515 0.07441301 0.09806192
v 0.0076102666 0.037674047 0.09806192
v 0.0076102517 0.06216669 0.09806192
v 0.050032794 0.037674043 0.09806192
v 0.050032794 0.037674043 0.14698282
v 0.050032776 0.06216668 0.14698282
v 0.050032776 0.06216668 0.09806192
v 0.0076102666 0.037674047 0.14698282
v 0.0076102517 0.06216669 0.14698282
v 0.028821515 0.07441301 0.14698282
v 0.02882154 0.02542772 0.14698282
v 0.050032776 0.06216668 0.14698282
v 0.050032794 0.037674043 0.14698282
v 0.23225634 0.3672341 0.19277465
v 0.23784828 0.37691966 0.19577137
v 0.20749782 0.39444247 0.19577137
v 0.20190588 0.38475695 0.19277465
v 0.22816263 0.36014366 0.20096195
v 0.19781217 0.37766647 0.20096195
v 0.19931053 0.38026175 0.21214597
v 0.22966102 0.36273894 0.21214597
v 0.22816263 0.36014366 0.20096195
v 0.19781217 0.37766647 0.20096195
v 0.22966102 0.36273894 0.21214597
v 0.19931053 0.38026175 0.21214597
v 0.2049026 0.38994738 0.21514273
v 0.23525302 0.3724246 0.21514273
v 0.20899625 0.3970378 0.20695539
v 0.23934667 0.37951496 0.20695539
v 0.23784828 0.37691966 0.19577137
v 0.23934667 0.37951496 0.20695539
v 0.20899625 0.3970378 0.20695539
v 0.20749782 0.39444247 0.19577137
v 0.19781217 0.37766647 0.20096195
v 0.20190588 0.38475695 0.19277465
v 0.20749782 0.39444247 0.19577137
v 0.20899625 0.3970378 0.20695539
v 0.19931053 0.38026175 0.21214597
v 0.2049026 0.38994738 0.21514273
v 0.22966102 0.36273894 0.21214597
v 0.23525302 0.3724246 0.21514273
v 0.23934667 0.37951496 0.20695539
v 0.22816263 0.36014366 0.20096195
v 0.23784828 0.37691966 0.19577137
v 0.23225634 0.3672341 0.19277465
v 0.22520551 0.3900675 0.21313262
v 0.23061216 0.38856918 0.20788631
v 0.1411508 0.23361754 0.15994406
v 0.13574415 0.23511583 0.16519038
v 0.22120468 0.3940006 0.20788631
v 0.22520551 0.3900675 0.21313262
v 0.13174331 0.23904899 0.15994406
v 0.13574415 0.23511583 0.16519038
v 0.2266113 0.39250228 0.20263994
v 0.22120468 0.3940006 0.20788631
v 0.13714992 0.23755066 0.15469772
v 0.13174331 0.23904899 0.15994406
v 0.13714992 0.23755066 0.15469772
v 0.1411508 0.23361754 0.15994406
v 0.23061216 0.38856918 0.20788631
v 0.2266113 0.39250228 0.20263994
v 0.05988002 0.056481283 0.13633123
v 0.05988004 0.056481328 0.091331005
v 0.01897422 0.080098316 0.091331005
v 0.018974192 0.08009825 0.13633123
v 0.21379739 0.34445265 0.24865684
v 0.20351036 0.326635 0.22967163
v 0.18111905 0.33956274 0.22967163
v 0.19140606 0.35738036 0.24865684
v -0.40048277 0.6888252 0
v -0.40048277 0.6888252 0.00411579
v -0.4054573 0.6828684 0.00411579
v -0.40545726 0.6828684 0
v -0.4011172 0.65255445 0.00411579
v -0.4011172 0.65255445 0
v -0.36115217 0.5845027 0
v -0.37865207 0.61426264 0.013322129
v -0.35852015 0.5799439 0.01332216
v -0.39042136 0.6340288 0.013322115
v -0.37865207 0.61426264 0.019677103
v -0.3390201 0.5915433 0.01332216
v -0.36231497 0.6320305 0.013322129
v -0.34264106 0.6350535 0.013322129
v -0.32298613 0.6004595 0.01332216
v -0.3661971 0.6297894 0.019677103
v -0.37865207 0.61426264 0.013322129
v -0.37865207 0.61426264 0.019677103
v -0.3661971 0.6297894 0.013322129
v -0.3661971 0.6297894 0.013322129
v -0.3661971 0.6297894 0.019677103
v -0.3855646 0.66312766 0.013322129
v -0.40048277 0.6888252 0.00411579
v -0.40048277 0.6888252 0
v -0.3454136 0.59393054 0
v -0.3427815 0.58937156 0.01332216
v -0.39629874 0.69124067 0
v -0.36457035 0.67365485 0
v -0.38865292 0.69257057 0
v -0.3416521 0.59610206 0
v -0.32561812 0.6050184 0
v -0.39629874 0.69124067 0.00411579
v -0.39629874 0.69124067 0
v -0.38865292 0.6925706 0.00411579
v -0.38865292 0.69257057 0
v -0.36457035 0.67365485 0.00411579
v -0.36457035 0.67365485 0
v -0.32561812 0.6050184 0
v -0.36457035 0.67365485 0.00411579
v -0.36457035 0.67365485 0
v -0.34264106 0.6350535 0.013322129
v -0.32298613 0.6004595 0.01332216
v -0.3538744 0.65512913 0.013322115
v -0.34264106 0.6350535 0.019677103
v -0.35852015 0.5799439 0.01332216
v -0.3427815 0.58937156 0.01332216
v -0.3454136 0.59393054 0
v -0.36115217 0.5845027 0
v -0.36231497 0.6320305 0.019677103
v -0.34264106 0.6350535 0.019677103
v -0.34264106 0.6350535 0.013322129
v -0.36231497 0.6320305 0.013322129
v -0.36231497 0.6320305 0.013322129
v -0.38150316 0.6654726 0.013322129
v -0.36231497 0.6320305 0.019677103
v -0.39629874 0.69124067 0.00411579
v -0.39629874 0.69124067 0
v -0.3416521 0.59610206 0
v -0.3390201 0.5915433 0.01332216
v -0.32298613 0.6004595 0.01332216
v -0.32561812 0.6050184 0
v -0.3390201 0.5915433 0.01332216
v -0.3416521 0.59610206 0
v -0.4054573 0.6828684 0.00411579
v -0.40048277 0.6888252 0.00411579
v -0.3855646 0.66312766 0.013322129
v -0.39042136 0.6340288 0.013322115
v -0.3661971 0.6297894 0.019677103
v -0.37865207 0.61426264 0.019677103
v -0.38865292 0.6925706 0.00411579
v -0.38150316 0.6654726 0.013322129
v -0.39629874 0.69124067 0.00411579
v -0.3538744 0.65512913 0.013322115
v -0.36457035 0.67365485 0.00411579
v -0.36231497 0.6320305 0.019677103
v -0.34264106 0.6350535 0.019677103
v -0.3427815 0.58937156 0.01332216
v -0.35852015 0.5799439 0.01332216
v -0.37865207 0.61426264 0.013322129
v -0.3661971 0.6297894 0.013322129
v -0.4011172 0.65255445 0
v -0.40048277 0.6888252 0
v -0.40545726 0.6828684 0
v -0.3454136 0.59393054 0
v -0.36115217 0.5845027 0
v -0.33041358 0.60813355 0.014634623
v -0.3362029 0.61816096 0.014634609
v -0.3672416 0.60024077 0.014634609
v -0.3614524 0.59021336 0.014634623
v -0.33041358 0.60813355 0.014634623
v -0.3614524 0.59021336 0.014634623
v -0.35855773 0.58519965 0.024661988
v -0.3275189 0.60311997 0.024661988
v -0.33041358 0.60813355 0.034689322
v -0.3614524 0.59021336 0.034689307
v -0.3614524 0.59021336 0.034689307
v -0.3672416 0.60024077 0.034689307
v -0.3362033 0.61816067 0.034689307
v -0.33041358 0.60813355 0.034689322
v -0.33909747 0.62317455 0.024661958
v -0.3362033 0.61816067 0.034689307
v -0.3672416 0.60024077 0.034689307
v -0.37013632 0.60525435 0.024661958
v -0.3672416 0.60024077 0.014634609
v -0.3362029 0.61816096 0.014634609
v -0.3614524 0.59021336 0.014634623
v -0.3672416 0.60024077 0.014634609
v -0.37013632 0.60525435 0.024661958
v -0.35855773 0.58519965 0.024661988
v -0.3614524 0.59021336 0.034689307
v -0.3672416 0.60024077 0.034689307
v -0.33909747 0.62317455 0.024661958
v -0.3362029 0.61816096 0.014634609
v -0.33041358 0.60813355 0.014634623
v -0.3275189 0.60311997 0.024661988
v -0.3362033 0.61816067 0.034689307
v -0.33041358 0.60813355 0.034689322
v -0.36786383 0.6169696 0.038997676
v -0.35138905 0.63461787 0.02825217
v -0.35037944 0.62706417 0.038997676
v -0.3739006 0.6216207 0.02825217
v -0.21939681 0.33354622 0.27547583
v -0.21314287 0.33196488 0.2908803
v -0.1791611 0.35677624 0.27547583
v -0.18091865 0.35056952 0.2908803
v -0.32951117 0.5975654 0.057367906
v -0.35138905 0.63461787 0.02825217
v -0.3739006 0.6216207 0.02825217
v -0.35275123 0.5841477 0.057367906
v -0.31761628 0.57920265 0.061871022
v -0.34279612 0.5646651 0.061871022
v -0.19497125 0.38357517 0.22854686
v -0.23470023 0.36063758 0.22854686
v -0.23374248 0.36113876 0.25219283
v -0.21314287 0.33196488 0.2908803
v -0.21939681 0.33354622 0.27547583
v -0.36786383 0.6169696 0.038997676
v -0.35275123 0.5841477 0.057367906
v -0.3739006 0.6216207 0.02825217
v -0.34279612 0.5646651 0.061871022
v -0.23470023 0.36063758 0.22854686
v -0.1958841 0.38299617 0.25219283
v -0.23374248 0.36113876 0.25219283
v -0.21939681 0.33354622 0.27547583
v -0.1791611 0.35677624 0.27547583
v -0.3084582 0.5506428 0.06371176
v -0.3131476 0.55876523 0.070036896
v -0.32116675 0.57213145 0.060440853
v -0.34878558 0.6164094 0.016294122
v -0.33106822 0.5884972 0.06427583
v -0.35360518 0.6247571 0.034827277
v -0.35415164 0.6257037 0.021434039
v -0.32733107 0.5505764 0.070036896
v -0.3131476 0.55876523 0.070036896
v -0.3084582 0.5506428 0.06371176
v -0.32264164 0.542454 0.06371176
v -0.35415164 0.6257037 0.021434039
v -0.36479953 0.6195561 0.021434039
v -0.34878558 0.6164094 0.016294122
v -0.3594335 0.6102618 0.016294122
v -0.3084582 0.5506428 0.06371176
v -0.32264164 0.542454 0.06371176
v -0.32116675 0.57213145 0.060440853
v -0.3131476 0.55876523 0.070036896
v -0.32733107 0.5505764 0.070036896
v -0.33489695 0.5642044 0.060440853
v -0.33106822 0.5884972 0.06427583
v -0.34411952 0.5809621 0.06427583
v -0.32264164 0.542454 0.06371176
v -0.33489695 0.5642044 0.060440853
v -0.32733107 0.5505764 0.070036896
v -0.3594335 0.6102618 0.016294122
v -0.34411952 0.5809621 0.06427583
v -0.36425295 0.6186096 0.034827277
v -0.36479953 0.6195561 0.021434039
v -0.36425295 0.6186096 0.034827277
v -0.36479953 0.6195561 0.021434039
v -0.35415164 0.6257037 0.021434039
v -0.35360518 0.6247571 0.034827277
v -0.21720907 0.34549677 0.22489432
v -0.19060451 0.36085692 0.22489432
v -0.22159347 0.40802428 0.19111887
v -0.24256271 0.39591768 0.19111887
v -0.2359785 0.43210998 0.1942837
v -0.25622904 0.42041835 0.1942837
v -0.20192051 0.3809636 0.24826509
v -0.2359785 0.43210998 0.1942837
v -0.22159347 0.40802428 0.19111887
v -0.19060451 0.36085692 0.22489432
v -0.1819982 0.34726268 0.24869996
v -0.18693733 0.3565366 0.2615755
v -0.18693733 0.3565366 0.2615755
v -0.20973928 0.3312464 0.24869996
v -0.21530113 0.34016076 0.2615755
v -0.1819982 0.34726268 0.24869996
v -0.19060451 0.36085692 0.22489432
v -0.21720907 0.34549677 0.22489432
v -0.24256271 0.39591768 0.19111887
v -0.25622904 0.42041835 0.1942837
v -0.22896394 0.36535004 0.24826509
v -0.21720907 0.34549677 0.22489432
v -0.20973928 0.3312464 0.24869996
v -0.21530113 0.34016076 0.2615755
v -0.31761628 0.57920265 0.061871022
v -0.19497125 0.38357517 0.22854686
v -0.1958841 0.38299617 0.25219283
v -0.32951117 0.5975654 0.057367906
v -0.35037944 0.62706417 0.038997676
v -0.18091865 0.35056952 0.2908803
v -0.21530113 0.34016076 0.2615755
v -0.22896394 0.36535004 0.24826509
v -0.20192051 0.3809636 0.24826509
v -0.18693733 0.3565366 0.2615755
v -0.21314287 0.33196488 0.2908803
v -0.36786383 0.6169696 0.038997676
v -0.35037944 0.62706417 0.038997676
v -0.18091865 0.35056952 0.2908803
v -0.23374248 0.36113876 0.25219283
v -0.1958841 0.38299617 0.25219283
v -0.19497125 0.38357517 0.22854686
v -0.23470023 0.36063758 0.22854686
v -0.101625524 0.14304356 0.13067934
v -0.09373636 0.12881109 0.110401
v -0.109952256 0.15806535 0.10149875
v -0.13228895 0.1983618 0.15511557
v -0.16186137 0.25171188 0.14912266
v -0.17901964 0.28266618 0.18649206
v -0.13499646 0.20324625 0.1751391
v -0.20351043 0.32663506 0.22967163
v -0.20994447 0.33824238 0.21529186
v -0.22023147 0.35605994 0.23427707
v -0.21379745 0.34445265 0.24865684
v -0.13499646 0.20324625 0.1751391
v -0.20351043 0.32663506 0.22967163
v -0.18111905 0.33956268 0.22967163
v -0.108518206 0.21853344 0.1751391
v -0.0730666 0.15953204 0.13067934
v -0.08191252 0.17425413 0.10149875
v -0.06468552 0.1455836 0.110401
v -0.105641924 0.21374649 0.15511557
v -0.13705821 0.266032 0.14912266
v -0.15528628 0.2963686 0.18649206
v -0.108518206 0.21853344 0.1751391
v -0.18111905 0.33956268 0.22967163
v -0.1879543 0.3509384 0.21529186
v -0.19824132 0.36875606 0.23427707
v -0.19140607 0.3573803 0.24865684
v -0.06468552 0.1455836 0.110401
v -0.109952256 0.15806535 0.10149875
v -0.09373636 0.12881109 0.110401
v -0.08191252 0.17425413 0.10149875
v -0.16186137 0.25171188 0.14912266
v -0.13705821 0.266032 0.14912266
v -0.15528628 0.2963686 0.18649206
v -0.17901964 0.28266618 0.18649206
v -0.1879543 0.3509384 0.21529186
v -0.20994447 0.33824238 0.21529186
v -0.22023147 0.35605994 0.23427707
v -0.19824132 0.36875606 0.23427707
v -0.0730666 0.15953204 0.13067934
v -0.09373636 0.12881109 0.110401
v -0.101625524 0.14304356 0.13067934
v -0.06468552 0.1455836 0.110401
v -0.101625524 0.14304356 0.13067934
v -0.13228895 0.1983618 0.15511557
v -0.105641924 0.21374649 0.15511557
v -0.0730666 0.15953204 0.13067934
v -0.13499646 0.20324625 0.1751391
v -0.108518206 0.21853344 0.1751391
v -0.13228895 0.1983618 0.15511557
v -0.105641924 0.21374649 0.15511557
v -0.065085664 0.13377471 0.13349685
v -0.11444815 0.21592768 0.17048803
v -0.10818762 0.2055084 0.12649235
v -0.07009619 0.14211363 0.093149066
v -0.056267865 0.11909939 0.11019772
v -0.058180027 0.12228179 0.10047839
v -0.07009619 0.14211363 0.093149066
v -0.10818762 0.2055084 0.12649235
v -0.1238817 0.19644739 0.12649235
v -0.08802593 0.13176186 0.093149066
v -0.058180027 0.12228179 0.10047839
v -0.07680915 0.111526266 0.10047839
v -0.08330948 0.12325318 0.13349685
v -0.1238817 0.19644739 0.12649235
v -0.12977481 0.20707883 0.17048803
v -0.08802593 0.13176186 0.093149066
v -0.07500921 0.10827913 0.11019772
v -0.07680915 0.111526266 0.10047839
v -0.08330948 0.12325318 0.13349685
v -0.12977481 0.20707883 0.17048803
v -0.11444815 0.21592768 0.17048803
v -0.065085664 0.13377471 0.13349685
v -0.08330948 0.12325318 0.13349685
v -0.065085664 0.13377471 0.13349685
v -0.07500921 0.10827913 0.11019772
v -0.056267865 0.11909939 0.11019772
v -0.058180027 0.12228179 0.10047839
v -0.07680915 0.111526266 0.10047839
v -0.049862918 0.13359906 0.13633123
v -0.090768725 0.10998205 0.13633123
v -0.09076871 0.10998201 0.11019316
v -0.0498629 0.13359901 0.11019316
v -0.05988006 0.056481317 0.091331005
v -0.090768725 0.10998205 0.13633123
v -0.059880026 0.05648126 0.13633123
v -0.09076871 0.10998201 0.11019316
v -0.08536701 0.10062601 0.091331005
v -0.090768725 0.10998205 0.13633123
v -0.049862918 0.13359906 0.13633123
v -0.018974217 0.08009826 0.13633123
v -0.059880026 0.05648126 0.13633123
v -0.018974217 0.08009826 0.13633123
v -0.049862918 0.13359906 0.13633123
v -0.01897424 0.0800983 0.091331005
v -0.0498629 0.13359901 0.11019316
v -0.044461206 0.124243 0.091331005
v -0.0498629 0.13359901 0.11019316
v -0.09076871 0.10998201 0.11019316
v -0.08536701 0.10062601 0.091331005
v -0.044461206 0.124243 0.091331005
v -0.01897424 0.0800983 0.091331005
v -0.044461206 0.124243 0.091331005
v -0.08536701 0.10062601 0.091331005
v -0.05988006 0.056481317 0.091331005
v -0.0076102847 0.037674047 0.14698282
v -0.007610279 0.062166695 0.14698282
v -0.0076102847 0.037674047 0.09806192
v -0.007610279 0.062166695 0.09806192
v -0.05003281 0.037674017 0.14698282
v -0.028821548 0.025427707 0.14698282
v -0.05003281 0.037674017 0.09806192
v -0.028821548 0.025427707 0.09806192
v -0.0076102847 0.037674047 0.14698282
v -0.0076102847 0.037674047 0.09806192
v -0.050032794 0.062166672 0.14698282
v -0.05003281 0.037674017 0.14698282
v -0.050032794 0.062166672 0.09806192
v -0.05003281 0.037674017 0.09806192
v -0.050032794 0.062166672 0.09806192
v -0.05003281 0.037674017 0.09806192
v -0.028821548 0.025427707 0.09806192
v -0.0076102847 0.037674047 0.09806192
v -0.02882154 0.07441301 0.09806192
v -0.007610279 0.062166695 0.09806192
v -0.050032794 0.062166672 0.14698282
v -0.050032794 0.062166672 0.09806192
v -0.02882154 0.07441301 0.09806192
v -0.02882154 0.07441301 0.14698282
v -0.007610279 0.062166695 0.09806192
v -0.007610279 0.062166695 0.14698282
v -0.028821548 0.025427707 0.14698282
v -0.05003281 0.037674017 0.14698282
v -0.050032794 0.062166672 0.14698282
v -0.0076102847 0.037674047 0.14698282
v -0.02882154 0.07441301 0.14698282
v -0.007610279 0.062166695 0.14698282
v -0.20749788 0.39444247 0.19577137
v -0.23784831 0.37691966 0.19577137
v -0.23225637 0.3672341 0.19277465
v -0.20190589 0.38475695 0.19277465
v -0.19781223 0.37766638 0.20096195
v -0.22816266 0.36014357 0.20096195
v -0.1993106 0.38026175 0.21214597
v -0.19781223 0.37766638 0.20096195
v -0.22816266 0.36014357 0.20096195
v -0.22966108 0.36273888 0.21214597
v -0.22966108 0.36273888 0.21214597
v -0.23525302 0.37242454 0.21514273
v -0.1993106 0.38026175 0.21214597
v -0.2049026 0.38994738 0.21514273
v -0.20899625 0.39703768 0.20695539
v -0.23934667 0.37951496 0.20695539
v -0.20749788 0.39444247 0.19577137
v -0.20899625 0.39703768 0.20695539
v -0.23784831 0.37691966 0.19577137
v -0.23934667 0.37951496 0.20695539
v -0.22816266 0.36014357 0.20096195
v -0.23225637 0.3672341 0.19277465
v -0.23784831 0.37691966 0.19577137
v -0.23934667 0.37951496 0.20695539
v -0.22966108 0.36273888 0.21214597
v -0.23525302 0.37242454 0.21514273
v -0.1993106 0.38026175 0.21214597
v -0.2049026 0.38994738 0.21514273
v -0.20899625 0.39703768 0.20695539
v -0.19781223 0.37766638 0.20096195
v -0.20749788 0.39444247 0.19577137
v -0.20190589 0.38475695 0.19277465
v -0.13174334 0.23904896 0.15994406
v -0.1357442 0.23511583 0.16519038
v -0.22520559 0.39006743 0.21313262
v -0.22120471 0.3940006 0.20788631
v -0.14115086 0.23361754 0.15994406
v -0.23061217 0.38856918 0.20788631
v -0.22520559 0.39006743 0.21313262
v -0.1357442 0.23511583 0.16519038
v -0.2266113 0.39250228 0.20263994
v -0.23061217 0.38856918 0.20788631
v -0.13714994 0.23755063 0.15469772
v -0.14115086 0.23361754 0.15994406
v -0.13714994 0.23755063 0.15469772
v -0.13174334 0.23904896 0.15994406
v -0.22120471 0.3940006 0.20788631
v -0.2266113 0.39250228 0.20263994
v -0.018974217 0.08009826 0.13633123
v -0.01897424 0.0800983 0.091331005
v -0.059880026 0.05648126 0.13633123
v -0.05988006 0.056481317 0.091331005
v -0.21379745 0.34445265 0.24865684
v -0.19140607 0.3573803 0.24865684
v -0.20351043 0.32663506 0.22967163
v -0.18111905 0.33956268 0.22967163
v -0.79396003 0.06703738 0.00411579
v -0.79193383 0.059545863 0.00411579
v -0.7919337 0.059545882 0
v -0.79396003 0.06703738 0
v -0.76461273 0.045713738 0.00411579
v -0.7919337 0.059545882 0
v -0.79193383 0.059545863 0.00411579
v -0.76461273 0.045713738 0
v -0.6859449 0.039418202 0
v -0.7203604 0.042152748 0.013322129
v -0.6807009 0.03895943 0.01332216
v -0.74330246 0.043849304 0.013322115
v -0.7203604 0.042152748 0.019677103
v -0.7167362 0.08357642 0.013322129
v -0.6771249 0.07983449 0.01332216
v -0.67901784 0.061586097 0.01332216
v -0.72554433 0.065726526 0.013322129
v -0.7259353 0.06126101 0.019677103
v -0.7203604 0.042152748 0.013322129
v -0.7203604 0.042152748 0.019677103
v -0.7259353 0.06126101 0.013322129
v -0.7259353 0.06126101 0.013322129
v -0.7259353 0.06126101 0.019677103
v -0.76435316 0.06451815 0.013322129
v -0.79396003 0.06703738 0.00411579
v -0.79396003 0.06703738 0
v -0.68464047 0.057718113 0
v -0.67939633 0.057259295 0.01332216
v -0.79353887 0.07185025 0
v -0.76093465 0.08775382 0
v -0.7902427 0.0788761 0
v -0.68426186 0.062044866 0
v -0.68236893 0.08029329 0
v -0.79353887 0.07185025 0.00411579
v -0.79353887 0.07185025 0
v -0.7902427 0.0788761 0
v -0.79024273 0.07887614 0.00411579
v -0.79024273 0.07887614 0.00411579
v -0.7902427 0.0788761 0
v -0.76093465 0.08775382 0.00411579
v -0.76093465 0.08775382 0
v -0.68236893 0.08029329 0
v -0.7167362 0.08357642 0.013322129
v -0.6771249 0.07983449 0.01332216
v -0.7396244 0.08588945 0.013322115
v -0.7167362 0.08357642 0.019677103
v -0.6807009 0.03895943 0.01332216
v -0.67939633 0.057259295 0.01332216
v -0.6859449 0.039418202 0
v -0.68464047 0.057718113 0
v -0.72554433 0.065726526 0.019677103
v -0.7167362 0.08357642 0.019677103
v -0.7167362 0.08357642 0.013322129
v -0.72554433 0.065726526 0.013322129
v -0.72554433 0.065726526 0.013322129
v -0.76394445 0.06919008 0.013322129
v -0.72554433 0.065726526 0.019677103
v -0.79353887 0.07185025 0.00411579
v -0.79353887 0.07185025 0
v -0.68426186 0.062044866 0
v -0.67901784 0.061586097 0.01332216
v -0.6771249 0.07983449 0.01332216
v -0.68236893 0.08029329 0
v -0.68426186 0.062044866 0
v -0.67901784 0.061586097 0.01332216
v -0.79193383 0.059545863 0.00411579
v -0.79396003 0.06703738 0.00411579
v -0.76435316 0.06451815 0.013322129
v -0.74330246 0.043849304 0.013322115
v -0.7259353 0.06126101 0.019677103
v -0.7203604 0.042152748 0.019677103
v -0.79024273 0.07887614 0.00411579
v -0.76394445 0.06919008 0.013322129
v -0.79353887 0.07185025 0.00411579
v -0.7396244 0.08588945 0.013322115
v -0.72554433 0.065726526 0.019677103
v -0.7167362 0.08357642 0.019677103
v -0.67939633 0.057259295 0.01332216
v -0.6807009 0.03895943 0.01332216
v -0.7203604 0.042152748 0.013322129
v -0.7259353 0.06126101 0.013322129
v -0.76461273 0.045713738 0
v -0.79396003 0.06703738 0
v -0.7919337 0.059545882 0
v -0.68464047 0.057718113 0
v -0.6859449 0.039418202 0
v -0.70232946 0.043457035 0.014634609
v -0.69079506 0.04244782 0.014634623
v -0.68767136 0.07815193 0.014634623
v -0.69920594 0.07916107 0.014634609
v -0.68190396 0.07764741 0.024661988
v -0.68767136 0.07815193 0.014634623
v -0.69079506 0.04244782 0.014634623
v -0.68502766 0.04194325 0.024661988
v -0.69079506 0.04244782 0.034689307
v -0.68767136 0.07815193 0.034689322
v -0.69920594 0.0791606 0.034689307
v -0.68767136 0.07815193 0.034689322
v -0.69079506 0.04244782 0.034689307
v -0.70232946 0.043457035 0.034689307
v -0.70232946 0.043457035 0.034689307
v -0.70809674 0.04396153 0.024661958
v -0.69920594 0.0791606 0.034689307
v -0.70497304 0.07966563 0.024661958
v -0.69920594 0.07916107 0.014634609
v -0.70232946 0.043457035 0.014634609
v -0.69079506 0.04244782 0.014634623
v -0.70232946 0.043457035 0.014634609
v -0.70809674 0.04396153 0.024661958
v -0.68502766 0.04194325 0.024661988
v -0.69079506 0.04244782 0.034689307
v -0.70232946 0.043457035 0.034689307
v -0.68767136 0.07815193 0.034689322
v -0.69920594 0.0791606 0.034689307
v -0.70497304 0.07966563 0.024661958
v -0.68190396 0.07764741 0.024661988
v -0.68767136 0.07815193 0.014634623
v -0.69920594 0.07916107 0.014634609
v -0.7236625 0.05026528 0.02825217
v -0.721397 0.07616056 0.02825217
v -0.71463025 0.07265501 0.038997676
v -0.7163899 0.052542575 0.038997676
v -0.39906588 0.011594783 0.27547583
v -0.39418343 0.015810702 0.2908803
v -0.39094046 0.052878454 0.2908803
v -0.39501658 0.057878144 0.27547583
v -0.721397 0.07616056 0.02825217
v -0.7236625 0.05026528 0.02825217
v -0.6784968 0.07282948 0.057367906
v -0.68083555 0.046096228 0.057367906
v -0.6566323 0.07204078 0.061871022
v -0.65916634 0.043076213 0.061871022
v -0.42603728 0.060298447 0.22854686
v -0.4300355 0.014597923 0.22854686
v -0.71463025 0.07265501 0.038997676
v -0.721397 0.07616056 0.02825217
v -0.6784968 0.07282948 0.057367906
v -0.4260866 0.05921861 0.25219283
v -0.39094046 0.052878454 0.2908803
v -0.39501658 0.057878144 0.27547583
v -0.6566323 0.07204078 0.061871022
v -0.42603728 0.060298447 0.22854686
v -0.42989668 0.015669923 0.25219283
v -0.39418343 0.015810702 0.2908803
v -0.39906588 0.011594783 0.27547583
v -0.7163899 0.052542575 0.038997676
v -0.68083555 0.046096228 0.057367906
v -0.7236625 0.05026528 0.02825217
v -0.65916634 0.043076213 0.061871022
v -0.4300355 0.014597923 0.22854686
v -0.39906588 0.011594783 0.27547583
v -0.39501658 0.057878144 0.27547583
v -0.4260866 0.05921861 0.25219283
v -0.42989668 0.015669923 0.25219283
v -0.6279845 0.06316137 0.06371176
v -0.6373278 0.06397889 0.070036896
v -0.65287626 0.06507652 0.060440853
v -0.7049883 0.06784927 0.016294122
v -0.6719617 0.06635273 0.06427583
v -0.7145907 0.06868934 0.034827277
v -0.7156795 0.06878464 0.021434039
v -0.6279845 0.06316137 0.06371176
v -0.62941194 0.046846088 0.06371176
v -0.6387552 0.047663506 0.070036896
v -0.6373278 0.06397889 0.070036896
v -0.7049883 0.06784927 0.016294122
v -0.7156795 0.06878464 0.021434039
v -0.7167511 0.0565363 0.021434039
v -0.7060597 0.05560092 0.016294122
v -0.6279845 0.06316137 0.06371176
v -0.62941194 0.046846088 0.06371176
v -0.65287626 0.06507652 0.060440853
v -0.6373278 0.06397889 0.070036896
v -0.6387552 0.047663506 0.070036896
v -0.6542582 0.04928256 0.060440853
v -0.6719617 0.06635273 0.06427583
v -0.6732751 0.051339786 0.06427583
v -0.62941194 0.046846088 0.06371176
v -0.6542582 0.04928256 0.060440853
v -0.6387552 0.047663506 0.070036896
v -0.7060597 0.05560092 0.016294122
v -0.6732751 0.051339786 0.06427583
v -0.7156623 0.05644109 0.034827277
v -0.7167511 0.0565363 0.021434039
v -0.7145907 0.06868934 0.034827277
v -0.7156623 0.05644109 0.034827277
v -0.7167511 0.0565363 0.021434039
v -0.7156795 0.06878464 0.021434039
v -0.4076004 0.020241458 0.22489432
v -0.40492293 0.050844844 0.22489432
v -0.46133468 0.052514248 0.19111887
v -0.46344504 0.028393187 0.19111887
v -0.48931548 0.054545697 0.1942837
v -0.49135348 0.031251375 0.1942837
v -0.42788395 0.053108018 0.24826509
v -0.48931548 0.054545697 0.1942837
v -0.46133468 0.052514248 0.19111887
v -0.40492293 0.050844844 0.22489432
v -0.39928055 0.05137078 0.2615755
v -0.3888508 0.0500974 0.24869996
v -0.402135 0.018743714 0.2615755
v -0.39928055 0.05137078 0.2615755
v -0.3888508 0.0500974 0.24869996
v -0.39164263 0.018186662 0.24869996
v -0.4076004 0.020241458 0.22489432
v -0.40492293 0.050844844 0.22489432
v -0.43060553 0.02199977 0.24826509
v -0.46344504 0.028393187 0.19111887
v -0.49135348 0.031251375 0.1942837
v -0.4076004 0.020241458 0.22489432
v -0.402135 0.018743714 0.2615755
v -0.39164263 0.018186662 0.24869996
v -0.39928055 0.05137078 0.2615755
v -0.402135 0.018743714 0.2615755
v -0.43060553 0.02199977 0.24826509
v -0.42788395 0.053108018 0.24826509
v -0.71463025 0.07265501 0.038997676
v -0.39094046 0.052878454 0.2908803
v -0.39418343 0.015810702 0.2908803
v -0.7163899 0.052542575 0.038997676
v -0.4260866 0.05921861 0.25219283
v -0.4300355 0.014597923 0.22854686
v -0.42989668 0.015669923 0.25219283
v -0.42603728 0.060298447 0.22854686
v -0.17546442 -0.0012003994 0.13067934
v -0.15928082 -0.0029013767 0.110401
v -0.19254558 0.000594886 0.10149875
v -0.23836629 0.005410822 0.15511557
v -0.29903018 0.011786824 0.14912266
v -0.334228 0.015486251 0.18649206
v -0.24392036 0.0059945714 0.1751391
v -0.3842925 0.020644097 0.22967163
v -0.3974911 0.022031315 0.21529186
v -0.41798687 0.023824448 0.23427707
v -0.4047883 0.022437219 0.24865684
v -0.3974911 0.022031315 0.21529186
v -0.334228 0.015486251 0.18649206
v -0.33183947 0.04278686 0.18649206
v -0.3952781 0.04732675 0.21529186
v -0.41798687 0.023824448 0.23427707
v -0.41577384 0.049119882 0.23427707
v -0.334228 0.015486251 0.18649206
v -0.29903018 0.011786824 0.14912266
v -0.29653406 0.040318087 0.14912266
v -0.33183947 0.04278686 0.18649206
v -0.18972373 0.032849208 0.10149875
v -0.29653406 0.040318087 0.14912266
v -0.29903018 0.011786824 0.14912266
v -0.19254558 0.000594886 0.10149875
v -0.1563572 0.030516002 0.110401
v -0.15928082 -0.0029013767 0.110401
v -0.24125563 0.036452644 0.1751391
v -0.3842925 0.020644097 0.22967163
v -0.3820391 0.04640097 0.22967163
v -0.24392036 0.0059945714 0.1751391
v -0.17259027 0.031651113 0.13067934
v -0.18972373 0.032849208 0.10149875
v -0.1563572 0.030516002 0.110401
v -0.2356846 0.036063086 0.15511557
v -0.29653406 0.040318087 0.14912266
v -0.33183947 0.04278686 0.18649206
v -0.24125563 0.036452644 0.1751391
v -0.3820391 0.04640097 0.22967163
v -0.3952781 0.04732675 0.21529186
v -0.41577384 0.049119882 0.23427707
v -0.4025348 0.04819414 0.24865684
v -0.17546442 -0.0012003994 0.13067934
v -0.17259027 0.031651113 0.13067934
v -0.1563572 0.030516002 0.110401
v -0.15928082 -0.0029013767 0.110401
v -0.17259027 0.031651113 0.13067934
v -0.23836629 0.005410822 0.15511557
v -0.2356846 0.036063086 0.15511557
v -0.17546442 -0.0012003994 0.13067934
v -0.24392036 0.0059945714 0.1751391
v -0.24125563 0.036452644 0.1751391
v -0.2356846 0.036063086 0.15511557
v -0.23836629 0.005410822 0.15511557
v -0.14691344 0.02341492 0.13349685
v -0.24252233 0.030100519 0.17048803
v -0.2303965 0.029252592 0.12649235
v -0.1566182 0.024093537 0.093149066
v -0.12983444 0.022220638 0.11019772
v -0.13353807 0.022479622 0.10047839
v -0.1566182 0.024093537 0.093149066
v -0.2303965 0.029252592 0.12649235
v -0.2319759 0.011199582 0.12649235
v -0.15842257 0.0034688339 0.093149066
v -0.13353807 0.022479622 0.10047839
v -0.13541289 0.0010504304 0.10047839
v -0.14874744 0.002451947 0.13349685
v -0.2319759 0.011199582 0.12649235
v -0.24406482 0.012470166 0.17048803
v -0.15842257 0.0034688339 0.093149066
v -0.13172059 0.00066236407 0.11019772
v -0.13541289 0.0010504304 0.10047839
v -0.24406482 0.012470166 0.17048803
v -0.24252233 0.030100519 0.17048803
v -0.14874744 0.002451947 0.13349685
v -0.14691344 0.02341492 0.13349685
v -0.14874744 0.002451947 0.13349685
v -0.14691344 0.02341492 0.13349685
v -0.12983444 0.022220638 0.11019772
v -0.13172059 0.00066236407 0.11019772
v -0.13541289 0.0010504304 0.10047839
v -0.13353807 0.022479622 0.10047839
v -0.1421548 -0.01127032 0.13633123
v -0.1380381 0.03578391 0.11019316
v -0.13803814 0.035783913 0.13633123
v -0.14215477 -0.011270325 0.11019316
v -0.08061257 -0.01665455 0.091331005
v -0.1421548 -0.01127032 0.13633123
v -0.0806125 -0.016654547 0.13633123
v -0.14215477 -0.011270325 0.11019316
v -0.1313925 -0.012211899 0.091331005
v -0.07649582 0.030399682 0.13633123
v -0.0806125 -0.016654547 0.13633123
v -0.1421548 -0.01127032 0.13633123
v -0.13803814 0.035783913 0.13633123
v -0.07649582 0.030399682 0.13633123
v -0.13803814 0.035783913 0.13633123
v -0.07649587 0.03039969 0.091331005
v -0.1380381 0.03578391 0.11019316
v -0.12727582 0.03484233 0.091331005
v -0.14215477 -0.011270325 0.11019316
v -0.1313925 -0.012211899 0.091331005
v -0.12727582 0.03484233 0.091331005
v -0.1380381 0.03578391 0.11019316
v -0.1313925 -0.012211899 0.091331005
v -0.08061257 -0.01665455 0.091331005
v -0.07649587 0.03039969 0.091331005
v -0.12727582 0.03484233 0.091331005
v -0.035225857 0.015374955 0.09806192
v -0.035225857 0.015374955 0.14698282
v -0.055289052 0.02942336 0.14698282
v -0.055289052 0.02942336 0.09806192
v -0.077486925 0.019072298 0.14698282
v -0.077486925 0.019072298 0.09806192
v -0.037360515 -0.009024506 0.14698282
v -0.037360515 -0.009024506 0.09806192
v -0.05955838 -0.019375565 0.09806192
v -0.05955838 -0.019375565 0.14698282
v -0.07962158 -0.005327153 0.09806192
v -0.07962158 -0.005327153 0.14698282
v -0.035225857 0.015374955 0.09806192
v -0.055289052 0.02942336 0.09806192
v -0.077486925 0.019072298 0.09806192
v -0.07962158 -0.005327153 0.09806192
v -0.037360515 -0.009024506 0.09806192
v -0.05955838 -0.019375565 0.09806192
v -0.077486925 0.019072298 0.14698282
v -0.07962158 -0.005327153 0.14698282
v -0.077486925 0.019072298 0.09806192
v -0.07962158 -0.005327153 0.09806192
v -0.077486925 0.019072298 0.14698282
v -0.055289052 0.02942336 0.14698282
v -0.035225857 0.015374955 0.14698282
v -0.07962158 -0.005327153 0.14698282
v -0.037360515 -0.009024506 0.14698282
v -0.05955838 -0.019375565 0.14698282
v -0.44517872 0.021358166 0.19577137
v -0.43403733 0.020383425 0.19277465
v -0.44212425 0.05627048 0.19577137
v -0.4309829 0.055295747 0.19277465
v -0.42282668 0.05458216 0.20096195
v -0.42588112 0.01966985 0.20096195
v -0.42886645 0.019931003 0.21214597
v -0.42581207 0.054843377 0.21214597
v -0.42282668 0.05458216 0.20096195
v -0.42588112 0.01966985 0.20096195
v -0.42581207 0.054843377 0.21214597
v -0.42886645 0.019931003 0.21214597
v -0.44000793 0.020905811 0.21514273
v -0.43695346 0.055818103 0.21514273
v -0.44510964 0.056531657 0.20695539
v -0.4481641 0.02161938 0.20695539
v -0.44212425 0.05627048 0.19577137
v -0.44510964 0.056531657 0.20695539
v -0.4481641 0.02161938 0.20695539
v -0.44517872 0.021358166 0.19577137
v -0.42588112 0.01966985 0.20096195
v -0.43403733 0.020383425 0.19277465
v -0.44517872 0.021358166 0.19577137
v -0.4481641 0.02161938 0.20695539
v -0.42886645 0.019931003 0.21214597
v -0.44000793 0.020905811 0.21514273
v -0.42581207 0.054843377 0.21214597
v -0.43695346 0.055818103 0.21514273
v -0.44510964 0.056531657 0.20695539
v -0.42282668 0.05458216 0.20096195
v -0.44212425 0.05627048 0.19577137
v -0.4309829 0.055295747 0.19277465
v -0.07649582 0.030399682 0.13633123
v -0.07649587 0.03039969 0.091331005
v -0.08061257 -0.01665455 0.091331005
v -0.0806125 -0.016654547 0.13633123
v -0.3820391 0.04640097 0.22967163
v -0.3842925 0.020644097 0.22967163
v -0.4047883 0.022437219 0.24865684
v -0.4025348 0.04819414 0.24865684
v -0.037360515 -0.009024506 0.14698282
v -0.035225857 0.015374955 0.14698282
v -0.037360515 -0.009024506 0.09806192
v -0.035225857 0.015374955 0.09806192
v 0.04643667 -0.26440537 0.525829
v 0.06827539 -0.26440537 0.525829
v 0.057356033 -0.26440537 0.52130604
v 0.07279835 -0.26440537 0.5367484
v 0.06827539 -0.26440537 0.5476678
v 0.041913718 -0.26440537 0.5367484
v 0.04643667 -0.26440537 0.5476678
v 0.057356033 -0.26440537 0.5521908
v 0.04643667 -0.27419806 0.5843792
v 0.06827539 -0.27419806 0.5843792
v 0.057356033 -0.27419806 0.5798562
v 0.07279835 -0.27419806 0.5952986
v 0.06827539 -0.27419806 0.606218
v 0.041913718 -0.27419806 0.5952986
v 0.04643667 -0.27419806 0.606218
v 0.057356033 -0.27419806 0.61074096
v 0.19889289 -0.27850825 0.5187935
v 0.17254438 -0.27850825 0.5297074
v 0.18680412 -0.27850825 0.526871
v 0.14619586 -0.27850825 0.4660964
v 0.14619586 -0.27850825 0.5187935
v 0.15828466 -0.27850825 0.526871
v 0.13811837 -0.27850825 0.5067047
v 0.13528192 -0.27850825 0.4924449
v 0.13811837 -0.27850825 0.47818524
v 0.19889289 -0.27850825 0.4660964
v 0.15828466 -0.27850825 0.4580189
v 0.20697038 -0.27850825 0.5067047
v 0.17254438 -0.27850825 0.4551825
v 0.18680412 -0.27850825 0.4580189
v 0.20980686 -0.27850825 0.4924449
v 0.20697038 -0.27850825 0.47818524
v 0.08493246 -0.23698343 0.22049682
v 0.08467375 -0.2355162 0.22519761
v 0.073913194 -0.17449003 0.20555799
v 0.07411751 -0.17564876 0.2007579
v 0.051965237 -0.17955476 0.2007579
v 0.051760927 -0.17839605 0.20555799
v 0.06278019 -0.24088947 0.22049682
v 0.06252149 -0.23942225 0.22519761
v 0.07197204 -0.17602706 0.2007579
v 0.07176773 -0.17486833 0.20555799
v 0.082787 -0.23736173 0.22049682
v 0.082528286 -0.2358945 0.22519761
v 0.064925656 -0.24051116 0.22049682
v 0.06466695 -0.23904394 0.22519761
v 0.053906392 -0.17801777 0.20555799
v 0.054110706 -0.1791765 0.2007579
v 0.053906392 -0.17801777 0.20555799
v 0.06466695 -0.23904394 0.22519761
v 0.06252149 -0.23942225 0.22519761
v 0.051760927 -0.17839605 0.20555799
v 0.054110706 -0.1791765 0.2007579
v 0.06278019 -0.24088947 0.22049682
v 0.064925656 -0.24051116 0.22049682
v 0.051965237 -0.17955476 0.2007579
v 0.07176773 -0.17486833 0.20555799
v 0.073913194 -0.17449003 0.20555799
v 0.08467375 -0.2355162 0.22519761
v 0.082528286 -0.2358945 0.22519761
v 0.082787 -0.23736173 0.22049682
v 0.08493246 -0.23698343 0.22049682
v 0.07411751 -0.17564876 0.2007579
v 0.07197204 -0.17602706 0.2007579
v -0.07411751 -0.17564876 0.2007579
v -0.073913194 -0.17449003 0.20555799
v -0.08493246 -0.23698343 0.22049682
v -0.08467375 -0.2355162 0.22519761
v -0.06278019 -0.24088947 0.22049682
v -0.06252149 -0.23942225 0.22519761
v -0.051760927 -0.17839605 0.20555799
v -0.051965237 -0.17955476 0.2007579
v -0.082787 -0.23736173 0.22049682
v -0.082528286 -0.2358945 0.22519761
v -0.07176773 -0.17486833 0.20555799
v -0.07197204 -0.17602706 0.2007579
v -0.054110706 -0.1791765 0.2007579
v -0.053906392 -0.17801777 0.20555799
v -0.064925656 -0.24051116 0.22049682
v -0.06466695 -0.23904394 0.22519761
v -0.053906392 -0.17801777 0.20555799
v -0.051760927 -0.17839605 0.20555799
v -0.06252149 -0.23942225 0.22519761
v -0.06466695 -0.23904394 0.22519761
v -0.054110706 -0.1791765 0.2007579
v -0.064925656 -0.24051116 0.22049682
v -0.06278019 -0.24088947 0.22049682
v -0.051965237 -0.17955476 0.2007579
v -0.07176773 -0.17486833 0.20555799
v -0.082528286 -0.2358945 0.22519761
v -0.08467375 -0.2355162 0.22519761
v -0.073913194 -0.17449003 0.20555799
v -0.082787 -0.23736173 0.22049682
v -0.07197204 -0.17602706 0.2007579
v -0.07411751 -0.17564876 0.2007579
v -0.08493246 -0.23698343 0.22049682
v 0.04347582 -0.27572188 0.5814184
v 0.037726454 -0.27572188 0.5952986
v 0.041913718 -0.27419806 0.5952986
v 0.04347582 -0.27572188 0.6091788
v 0.04643667 -0.27419806 0.5843792
v 0.04643667 -0.27419806 0.606218
v 0.057356033 -0.27572188 0.575669
v 0.057356033 -0.27419806 0.5798562
v 0.06827539 -0.27419806 0.5843792
v 0.07123624 -0.27572188 0.5814184
v 0.057356033 -0.27572188 0.6149281
v 0.057356033 -0.27419806 0.61074096
v 0.06827539 -0.27419806 0.606218
v 0.07123624 -0.27572188 0.6091788
v 0.07279835 -0.27419806 0.5952986
v 0.07698561 -0.27572188 0.5952986
v -0.032418422 -0.3166389 0.344013
v -0.037829403 -0.31216067 0.344013
v -0.03512392 -0.31216067 0.34869906
v -0.035123907 -0.31216067 0.33932698
v -0.02971292 -0.31216064 0.3486991
v -0.029712927 -0.31216067 0.33932698
v -0.027007438 -0.31216067 0.344013
v -0.05777766 -0.4129454 0.34400803
v -0.05777766 -0.41047424 0.33843374
v -0.063351944 -0.41047424 0.34400803
v -0.052203372 -0.41047424 0.34400803
v -0.05777766 -0.41047424 0.3495823
v -0.24681625 -0.32379767 0.9387243
v -0.24946576 -0.32596424 0.9387243
v -0.23654577 -0.32596424 0.890506
v -0.23654577 -0.32596424 0.9869424
v -0.23425119 -0.32379767 0.8918308
v -0.23425119 -0.32379767 0.98561764
v -0.15302955 -0.32379767 1.032511
v -0.071807906 -0.32379767 0.8918308
v -0.15302955 -0.32379767 0.84493756
v -0.19992292 -0.32379767 0.8575026
v -0.20124765 -0.32596424 0.85520804
v -0.15302955 -0.32596424 0.842288
v -0.19992292 -0.32379767 1.019946
v -0.20124765 -0.32596424 1.0222405
v -0.15302955 -0.32596424 1.0351605
v -0.1061362 -0.32379767 0.8575026
v -0.104811445 -0.32596424 0.85520804
v -0.06951334 -0.32596424 0.890506
v -0.05659332 -0.32596424 0.9387243
v -0.1061362 -0.32379767 1.019946
v -0.104811445 -0.32596424 1.0222405
v -0.071807906 -0.32379767 0.98561764
v -0.06951334 -0.32596424 0.9869424
v -0.059242852 -0.32379767 0.9387243
v -0.22493815 -1.0196335 0.9387243
v -0.2277239 -1.0174669 0.9387243
v -0.21771678 -1.0174669 0.9760715
v -0.21771678 -1.0174669 0.9013771
v -0.2153042 -1.0196335 0.90277
v -0.19037671 -1.0174669 0.8740371
v -0.18898386 -1.0196335 0.8764496
v -0.15302955 -1.0174669 0.8640298
v -0.2153042 -1.0196335 0.9746786
v -0.21121095 -1.0196335 0.9387243
v -0.2034161 -1.0196335 0.90963346
v -0.2034161 -1.0196335 0.967815
v -0.18212026 -1.0196335 0.8883377
v -0.18212026 -1.0196335 0.98911077
v -0.18898386 -1.0196335 1.000999
v -0.19037671 -1.0174669 1.0034115
v -0.15302955 -1.0196335 0.99690557
v -0.15302955 -1.0196335 0.8668157
v -0.15302955 -1.0196335 0.8805429
v -0.123938866 -1.0196335 0.8883377
v -0.15302955 -1.0196335 1.0106329
v -0.15302955 -1.0174669 1.0134187
v -0.11568238 -1.0174669 1.0034115
v -0.11707525 -1.0196335 0.8764496
v -0.11568238 -1.0174669 0.8740371
v -0.10264299 -1.0196335 0.90963346
v -0.11707525 -1.0196335 1.000999
v -0.123938866 -1.0196335 0.98911077
v -0.08834234 -1.0174669 0.9760715
v -0.10264299 -1.0196335 0.967815
v -0.0907549 -1.0196335 0.90277
v -0.08834234 -1.0174669 0.9013771
v -0.09484817 -1.0196335 0.9387243
v -0.0783352 -1.0174669 0.9387243
v -0.0907549 -1.0196335 0.9746786
v -0.081120975 -1.0196335 0.9387243
v -0.25497675 -0.27338412 0.9975835
v -0.25245234 -0.2760213 0.996126
v -0.27074805 -0.27338412 0.9387243
v -0.2118888 -0.2733841 1.0406715
v -0.21043132 -0.2760213 1.0381471
v -0.15302955 -0.2733841 1.0564427
v -0.21043132 -0.27602133 0.83930135
v -0.2678331 -0.2760213 0.9387243
v -0.25245234 -0.2760213 0.88132244
v -0.25497675 -0.27338412 0.87986493
v -0.2118888 -0.27338415 0.8367771
v -0.15302955 -0.27338415 0.8210058
v -0.15302955 -0.2760213 1.0535278
v -0.095627785 -0.2760213 1.0381471
v -0.09417031 -0.2733841 1.0406715
v -0.051082358 -0.27338412 0.9975835
v -0.038226016 -0.2760213 0.9387243
v -0.05360677 -0.2760213 0.996126
v -0.035311073 -0.27338412 0.9387243
v -0.05360677 -0.2760213 0.88132244
v -0.051082358 -0.27338412 0.87986493
v -0.09417031 -0.27338415 0.8367771
v -0.095627785 -0.27602133 0.83930135
v -0.15302955 -0.27602133 0.8239207
v -0.048107002 0.29322 0.5803589
v -0.048107002 0.40814838 0.51400506
v -0.048107002 0.35957393 0.4654306
v -0.048107035 0.29322 0.4476511
v -0.048107002 0.42592788 0.5803589
v -0.048107002 0.22686607 0.4654306
v -0.048107002 0.40814838 0.64671284
v -0.048107002 0.17829162 0.51400506
v -0.048107002 0.35957393 0.6952873
v -0.048107002 0.16051213 0.5803589
v -0.048106976 0.29322 0.71306676
v -0.048107002 0.17829162 0.64671284
v -0.048107002 0.22686607 0.6952873
v -0.3242461 0.4128372 0.64942
v -0.33297488 0.4081176 0.6466951
v -0.3242461 0.43134212 0.5803589
v -0.05693494 0.43134212 0.5803589
v -0.33297488 0.42589232 0.5803589
v -0.33297488 0.4081176 0.5140228
v -0.3242461 0.4128372 0.51129794
v -0.05693494 0.4128372 0.64942
v -0.3242461 0.36228102 0.6999762
v -0.05693494 0.36228102 0.6999762
v -0.048107002 0.35957393 0.6952873
v -0.048107002 0.40814838 0.64671284
v -0.048107002 0.42592788 0.5803589
v -0.048107002 0.40814838 0.51400506
v -0.05693494 0.4128372 0.5112979
v -0.3242461 0.36228102 0.46074173
v -0.048107002 0.35957393 0.4654306
v -0.05693494 0.36228102 0.46074164
v 0.018187016 -0.04207346 0.7032402
v 0.009359121 -0.04207346 0.69441235
v 0.009359121 -0.050901353 0.7032402
v 0.018186972 0.1190114 0.6048877
v -0.31541818 -0.04207349 0.69441235
v -0.31541818 -0.050901413 0.7032402
v -0.3242461 -0.04207349 0.7032402
v -0.3242461 0.11901137 0.6048877
v 0.0093590915 0.11275044 0.5997738
v -0.31541818 0.11275044 0.5997738
v -0.31541818 0.12629098 0.59605986
v -0.32424614 0.47628403 0.6048877
v 0.0093590915 0.12629098 0.59605986
v 0.018187016 0.47628403 0.6048877
v -0.31541818 0.47628394 0.59605986
v -0.31541818 0.48511183 0.6048877
v 0.0093590915 0.47628394 0.59605986
v 0.0093590915 0.48511183 0.6048877
v 0.21089576 0.026619902 0.83051664
v 0.27238017 0.026619855 0.8305166
v 0.27238014 0.017791957 0.82168865
v 0.21089576 0.01779201 0.8216888
v 0.28120804 0.026619846 0.82168865
v 0.21089576 0.01779201 0.77528626
v 0.28120804 0.026619846 0.7752861
v 0.27238008 0.017791957 0.7752861
v 0.2723802 0.02661994 0.6786609
v 0.2723802 0.01779204 0.66983306
v 0.2812081 0.01779204 0.6786609
v 0.27238023 -0.2515403 0.66983306
v 0.2812081 0.01779204 0.93764687
v 0.2723802 0.02661994 0.93764687
v 0.2723802 0.01779204 0.94647473
v 0.27238023 -0.2515403 0.94647473
v 0.28120813 -0.2515403 0.93764687
v 0.27238023 -0.2603682 0.93764687
v 0.28120813 -0.2515403 0.6786609
v 0.27238023 -0.2603682 0.6786609
v -0.45057094 0.03396754 0.20788631
v -0.44869715 0.039255764 0.21313262
v -0.27232912 0.018373434 0.15994406
v -0.45149794 0.03950081 0.20263994
v -0.27045527 0.023661667 0.16519038
v -0.27325606 0.023906708 0.15469772
v -0.44962418 0.04478903 0.20788631
v -0.27138233 0.029194951 0.15994406
v 0.27045527 0.023661777 0.16519038
v 0.27138236 0.029195057 0.15994406
v 0.44962418 0.044789165 0.20788631
v 0.27325606 0.023906812 0.15469772
v 0.44869715 0.039255902 0.21313262
v 0.45149794 0.039500937 0.20263994
v 0.2723291 0.018373536 0.15994406
v 0.45057094 0.033967674 0.20788631
v -0.25905445 -0.3641716 0.20788631
v -0.25579736 -0.36873972 0.20263994
v -0.14078803 -0.23167695 0.15469772
v -0.25073305 -0.3711541 0.20788631
v -0.14404519 -0.22710888 0.15994406
v -0.13572374 -0.23409136 0.15994406
v -0.25399017 -0.366586 0.21313262
v -0.13898084 -0.22952321 0.16519038
v 0.25579736 -0.36873972 0.20263994
v 0.25905445 -0.3641716 0.20788631
v 0.14078803 -0.23167695 0.15469772
v 0.25073305 -0.3711541 0.20788631
v 0.14404519 -0.22710888 0.15994406
v 0.13572374 -0.23409136 0.15994406
v 0.25399017 -0.366586 0.21313262
v 0.13898084 -0.22952321 0.16519038
v 0.14273033 -0.2869147 0.52225906
v 0.15640911 -0.2869147 0.531399
v 0.15828466 -0.2869147 0.526871
v 0.17254438 -0.2869147 0.5346085
v 0.14619586 -0.2869147 0.5187935
v 0.17254438 -0.2869147 0.5297074
v 0.13359042 -0.2869147 0.5085802
v 0.13811837 -0.2869147 0.5067047
v 0.1303809 -0.2869147 0.492445
v 0.13528192 -0.2869147 0.4924449
v 0.13359042 -0.2869147 0.4763097
v 0.13811837 -0.2869147 0.47818524
v 0.14273033 -0.2869147 0.46263087
v 0.14619586 -0.2869147 0.4660964
v 0.15640911 -0.2869147 0.453491
v 0.15828466 -0.2869147 0.4580189
v 0.18680412 -0.2869147 0.526871
v 0.18867965 -0.2869147 0.531399
v 0.17254438 -0.2869147 0.45028147
v 0.17254438 -0.2869147 0.4551825
v 0.18680412 -0.2869147 0.4580189
v 0.18867965 -0.2869147 0.453491
v 0.19889289 -0.2869147 0.4660964
v 0.20235847 -0.2869147 0.46263087
v 0.20697038 -0.2869147 0.47818524
v 0.21149835 -0.2869147 0.4763097
v 0.20980686 -0.2869147 0.4924449
v 0.21470788 -0.2869147 0.492445
v 0.20235847 -0.2869147 0.52225906
v 0.19889289 -0.2869147 0.5187935
v 0.20697038 -0.2869147 0.5067047
v 0.21149835 -0.2869147 0.5085802
v -0.0860681 2.023764E-06 0.27721804
v -0.086068116 0.009106563 0.2491971
v -0.086068116 0.023838019 0.25990015
v -0.086068116 -0.009102516 0.2491971
v -0.086068116 0.02946493 0.277218
v -0.086068116 -0.023833968 0.25990015
v -0.086068094 0.023838019 0.29453585
v -0.086068116 -0.029460885 0.277218
v -0.086068094 0.009106563 0.3052389
v -0.086068116 -0.023833968 0.29453585
v -0.086068116 -0.009102516 0.3052389
v 0.0860681 2.023764E-06 0.27721804
v 0.086068116 0.023838019 0.25990015
v 0.086068116 0.009106563 0.2491971
v 0.086068116 -0.009102516 0.2491971
v 0.086068116 0.02946493 0.277218
v 0.086068116 -0.023833968 0.25990015
v 0.086068094 0.023838019 0.29453585
v 0.086068116 -0.029460885 0.277218
v 0.086068094 0.009106563 0.3052389
v 0.086068116 -0.023833968 0.29453585
v 0.086068116 -0.009102516 0.3052389
v -0.09350066 -0.0546968 1.0418314
v -0.15302955 -0.0546968 1.057782
v -0.15302955 -0.052059606 1.0548995
v -0.21255843 -0.0546968 1.0418314
v -0.09494197 -0.052059606 1.0393349
v -0.04992249 -0.0546968 0.99825317
v -0.21111715 -0.052059606 1.0393349
v -0.25613663 -0.0546968 0.99825317
v -0.03685441 -0.052059606 0.9387243
v -0.052418936 -0.052059606 0.9968118
v -0.03397177 -0.054696806 0.9387243
v -0.04992249 -0.054696813 0.8791954
v -0.25364017 -0.052059606 0.9968118
v -0.2720873 -0.054696806 0.9387243
v -0.21111715 -0.05205962 0.8381136
v -0.2692047 -0.052059606 0.9387243
v -0.25613663 -0.054696813 0.8791954
v -0.25364017 -0.05205962 0.8806366
v -0.21255843 -0.054696813 0.8356172
v -0.15302955 -0.05205962 0.8225491
v -0.15302955 -0.054696813 0.8196665
v -0.09494197 -0.05205962 0.8381136
v -0.09350066 -0.054696813 0.8356172
v -0.052418936 -0.05205962 0.8806366
v -0.33297488 0.22688383 0.46546137
v -0.33297488 0.29322 0.44768664
v -0.37086833 0.29321998 0.48844466
v -0.33297488 0.3595561 0.46546137
v -0.37086833 0.24726285 0.5007589
v -0.37086833 0.33917713 0.5007589
v -0.37086833 0.21361992 0.53440183
v -0.37086833 0.37282005 0.53440183
v -0.33297488 0.1783224 0.5140228
v -0.33297488 0.4081176 0.5140228
v -0.37086833 0.20130575 0.5803589
v -0.37086833 0.3851342 0.5803589
v -0.33297488 0.16054767 0.5803589
v -0.33297488 0.42589232 0.5803589
v -0.37086833 0.21361992 0.6263161
v -0.33297488 0.1783224 0.6466951
v -0.37086833 0.37282005 0.6263161
v -0.33297488 0.4081176 0.6466951
v -0.33297488 0.22688383 0.6952565
v -0.37086833 0.24726285 0.659959
v -0.33297488 0.3595561 0.6952565
v -0.37086833 0.33917713 0.659959
v -0.37086833 0.29321998 0.67227316
v -0.33297485 0.29322 0.7130313
v -0.05777766 -0.28693426 0.3474745
v -0.06124411 -0.28693426 0.34400803
v -0.06124412 -0.2390274 0.34400803
v -0.057777677 -0.2390274 0.3474745
v -0.057777677 -0.2390274 0.34054157
v -0.054311212 -0.28693426 0.34400803
v -0.05777766 -0.28693426 0.34054157
v -0.054311227 -0.2390274 0.34400803
vt 0.43503645 0.7991503
vt 0.45538646 0.8292977
vt 0.48287728 0.7532257
vt 0.37222147 0.7991503
vt 0.32438064 0.7532257
vt 0.3518715 0.8292977
vt 0.32290798 0.44859907
vt 0.32846737 0.44344318
vt 0.32846737 0.44859907
vt 0.32846734 0.49705064
vt 0.37044597 0.44859913
vt 0.3704459 0.4970507
vt 0.37600535 0.4970507
vt 0.37600538 0.44859913
vt 0.32846737 0.7025147
vt 0.32846737 0.6942783
vt 0.32290792 0.6942783
vt 0.37044597 0.53005594
vt 0.37044597 0.69427836
vt 0.37600535 0.69427836
vt 0.32846737 0.5300558
vt 0.37600538 0.53005594
vt 0.32846737 0.5218195
vt 0.37044597 0.52181953
vt 0.43787873 0.5587566
vt 0.43231934 0.56391245
vt 0.43231934 0.5587566
vt 0.32846737 0.44859907
vt 0.43231937 0.4485991
vt 0.3284673 0.55875653
vt 0.32290792 0.44859907
vt 0.32290792 0.55875653
vt 0.5610188 0.21137744
vt 0.5733866 0.22668958
vt 0.5768432 0.21137744
vt 0.61417544 0.21137744
vt 0.61763203 0.22668958
vt 0.6299999 0.21137744
vt 0.5768432 0.21137744
vt 0.5733866 0.22668958
vt 0.5610188 0.21137744
vt 0.61763203 0.22668958
vt 0.61417544 0.21137744
vt 0.6299999 0.21137744
vt 0.5321279 0.53161204
vt 0.5280851 0.5396526
vt 0.5345116 0.5424318
vt 0.5345116 0.5424318
vt 0.5280851 0.5396526
vt 0.4678722 0.53161204
vt 0.46548846 0.5424318
vt 0.471915 0.5396526
vt 0.471915 0.5396526
vt 0.4654885 0.5424318
vt 0.7773957 0.0038399696
vt 0.76873636 0.012429416
vt 0.7944 0.0038399696
vt 0.24827358 0.0038399696
vt 0.23127806 0.0038399696
vt 0.25784427 0.012429416
vt 0.22260442 0.0038399696
vt 0.20560017 0.0038399696
vt 0.23126376 0.012429416
vt 0.24827358 0.0038399696
vt 0.25784427 0.012429416
vt 0.23127806 0.0038399696
vt 0.98151857 0.0038399696
vt 0.9680983 0.012429416
vt 0.9987242 0.0038399696
vt 0.9792023 0.0038399696
vt 0.9976591 0.0038399696
vt 0.965782 0.012429416
vt 0.97662896 0.0038399696
vt 0.9658091 0.012429416
vt 0.9943336 0.0038399696
vt 0.9766289 0.0038399696
vt 0.9943335 0.0038399696
vt 0.9658091 0.012429416
vt 0.27934694 0.036384612
vt 0.27871114 0.026359111
vt 0.2924888 0.053523958
vt 0.3871725 0.25701776
vt 0.38606566 0.27139005
vt 0.37664112 0.23529482
vt 0.020797879 0.0038399696
vt 0.034218132 0.012429416
vt 0.0023409724 0.0038399696
vt 0.018481612 0.0038399696
vt 0.0012760162 0.0038399696
vt 0.031901836 0.012429416
vt 0.8367606 0.8644325
vt 0.83110094 0.9877604
vt 0.8367606 0.9877604
vt 0.83110094 0.8644325
vt 0.687799 0.9877604
vt 0.6556779 0.7532257
vt 0.6556779 0.94745976
vt 0.6811538 0.98812956
vt 0.64963514 0.7532257
vt 0.6556779 0.95772576
vt 0.6556779 0.9895447
vt 0.64963514 0.9481438
vt 0.60845816 0.87565714
vt 0.60845816 0.92074525
vt 0.60845816 0.8292977
vt 0.6028119 0.91868097
vt 0.60281193 0.83297044
vt 0.60845816 0.7991503
vt 0.60281193 0.8015982
vt 0.5651043 0.8015983
vt 0.5651043 0.8329706
vt 0.60281193 0.8758257
vt 0.5651043 0.8758258
vt 0.5651043 0.91868114
vt 0.35163656 0.92074525
vt 0.3532256 0.9907947
vt 0.37330884 0.95285046
vt 0.32438067 0.9481438
vt 0.40362898 0.5651043
vt 0.37470245 0.5651043
vt 0.37470245 0.60281193
vt 0.40362898 0.602812
vt 0.4325555 0.60281193
vt 0.43255547 0.5651043
vt 0.40362898 0.60845816
vt 0.45373115 0.6028119
vt 0.45373115 0.5651043
vt 0.4339491 0.60845816
vt 0.45562136 0.60845816
vt 0.45403233 0.64963514
vt 0.37330884 0.60845816
vt 0.35352677 0.6028119
vt 0.35163656 0.60845816
vt 0.3532256 0.64963514
vt 0.45357674 0.6556779
vt 0.46050674 0.6556779
vt 0.48287728 0.64963514
vt 0.48198384 0.6556779
vt 0.47976226 0.6811538
vt 0.3536812 0.6556779
vt 0.3467512 0.6556779
vt 0.32749566 0.6811538
vt 0.47918278 0.687799
vt 0.48478493 0.687799
vt 0.32807517 0.687799
vt 0.322473 0.687799
vt 0.32807517 0.83110094
vt 0.322473 0.83110094
vt 0.32807517 0.8367606
vt 0.47918278 0.83110094
vt 0.48478493 0.83110094
vt 0.47918278 0.8367606
vt 0.32807517 0.9877604
vt 0.47918278 0.8644325
vt 0.47918278 0.9877604
vt 0.32807517 0.8644325
vt 0.8367606 0.9877604
vt 0.83110094 0.9877604
vt 0.8367606 0.8644325
vt 0.83110094 0.8644325
vt 0.687799 0.9877604
vt 0.6556779 0.7532257
vt 0.6556779 0.94745976
vt 0.6811538 0.98812956
vt 0.64963514 0.7532257
vt 0.6556779 0.95772576
vt 0.6556779 0.9895447
vt 0.64963514 0.9481438
vt 0.64963514 0.9907947
vt 0.60845816 0.87565714
vt 0.60845816 0.8292977
vt 0.60845816 0.92074525
vt 0.60281193 0.83297044
vt 0.6028119 0.91868097
vt 0.60281193 0.8758257
vt 0.5651043 0.8329706
vt 0.5651043 0.8015983
vt 0.60281193 0.8015982
vt 0.5651043 0.8758258
vt 0.5651043 0.91868114
vt 0.5651043 0.95005333
vt 0.60281193 0.9500532
vt 0.47918278 0.8367606
vt 0.32807517 0.8367606
vt 0.322473 0.83110094
vt 0.48478493 0.83110094
vt 0.37222147 0.60845816
vt 0.3518715 0.60845816
vt 0.35352677 0.60281193
vt 0.37470245 0.60281193
vt 0.40362898 0.6084582
vt 0.32438064 0.64963514
vt 0.48287728 0.64963514
vt 0.43503645 0.60845816
vt 0.43255547 0.60281193
vt 0.40362898 0.6028119
vt 0.37470245 0.5651043
vt 0.43255547 0.5651043
vt 0.40362898 0.5651043
vt 0.48287728 0.9481438
vt 0.45562136 0.92074525
vt 0.45403233 0.9907947
vt 0.4339491 0.95285046
vt 0.48035845 0.8644325
vt 0.32689947 0.8644325
vt 0.32672235 0.7532608
vt 0.48053557 0.7532608
vt 0.8402641 0.8644325
vt 0.84026414 0.7532608
vt 0.8324679 0.753263
vt 0.83228934 0.86443275
vt 0.7372951 0.8649694
vt 0.7168728 0.83787143
vt 0.6496352 0.7532256
vt 0.6879501 0.8377281
vt 0.8324679 0.753263
vt 0.84026414 0.7532608
vt 0.8402641 0.8644325
vt 0.83228934 0.86443275
vt 0.7372951 0.8649694
vt 0.7168728 0.83787143
vt 0.6496352 0.7532256
vt 0.6879501 0.8377281
vt 0.48053557 0.84026414
vt 0.32672235 0.84026414
vt 0.31900454 0.8324679
vt 0.4882534 0.8324679
vt 0.3190284 0.6496352
vt 0.48822954 0.6496352
vt 0.31902838 0.83228934
vt 0.32689947 0.8402641
vt 0.48035845 0.8402641
vt 0.4882534 0.83228934
vt 0.4882534 0.7372951
vt 0.31902838 0.7372951
vt 0.4882534 0.7168728
vt 0.31902838 0.7168728
vt 0.4882534 0.6879501
vt 0.31902838 0.6879501
vt 0.31902838 0.8377281
vt 0.4882534 0.8377281
vt 0.48822954 0.7532256
vt 0.3190284 0.7532256
vt 0.44859913 0.69427836
vt 0.4970507 0.69427836
vt 0.44859913 0.53005594
vt 0.4970507 0.53005594
vt 0.32846734 0.5218195
vt 0.32846734 0.53005594
vt 0.32290792 0.53005594
vt 0.3704459 0.52181953
vt 0.3704459 0.53005594
vt 0.37600535 0.53005594
vt 0.3284673 0.6942783
vt 0.37600532 0.69427836
vt 0.3704459 0.69427836
vt 0.49705064 0.6942783
vt 0.50220656 0.6942783
vt 0.49705064 0.7025147
vt 0.49705064 0.53005594
vt 0.5022065 0.53005594
vt 0.44859907 0.6942783
vt 0.44859907 0.5300558
vt 0.4434432 0.6942783
vt 0.44344318 0.5300558
vt 0.49705064 0.5218195
vt 0.44859907 0.5218195
vt 0.32290792 0.49705064
vt 0.3284673 0.49705064
vt 0.32290792 0.44859907
vt 0.32846737 0.44859907
vt 0.37044597 0.44859913
vt 0.37044597 0.4434433
vt 0.32846737 0.4434432
vt 0.37600535 0.44859913
vt 0.37600532 0.4970507
vt 0.3704459 0.4970507
vt 0.3284673 0.50220656
vt 0.3704459 0.50220656
vt 0.38156483 0.4843525
vt 0.43231937 0.48435244
vt 0.43231934 0.44859907
vt 0.38156474 0.4485991
vt 0.48435244 0.59467006
vt 0.48435247 0.53005594
vt 0.44859907 0.53005594
vt 0.44859907 0.59467006
vt 0.44344324 0.53005594
vt 0.44344318 0.59467006
vt 0.44859907 0.6029065
vt 0.48435244 0.6029065
vt 0.4895083 0.59467006
vt 0.4323194 0.53005594
vt 0.4323194 0.52181953
vt 0.4378788 0.53005594
vt 0.43231937 0.59467006
vt 0.4378788 0.59467006
vt 0.38156483 0.59467006
vt 0.38156483 0.5300558
vt 0.38156483 0.60290647
vt 0.43231937 0.6029065
vt 0.43231934 0.52181953
vt 0.43231934 0.53005594
vt 0.43787876 0.53005594
vt 0.3815648 0.53005594
vt 0.3815648 0.5218195
vt 0.37600538 0.53005594
vt 0.37600535 0.59467006
vt 0.38156474 0.59467006
vt 0.43231934 0.59467006
vt 0.38156474 0.60290647
vt 0.43231934 0.6029065
vt 0.4485991 0.59467006
vt 0.4485991 0.60290647
vt 0.44344324 0.59467006
vt 0.4843525 0.59467006
vt 0.4843525 0.60290647
vt 0.44859913 0.53005594
vt 0.48950836 0.59467006
vt 0.4843525 0.5300558
vt 0.48950836 0.5300558
vt 0.43787876 0.44859907
vt 0.4378788 0.48435247
vt 0.4323194 0.48435247
vt 0.43231934 0.44859907
vt 0.38156483 0.4843525
vt 0.3815648 0.4485991
vt 0.4323194 0.48950833
vt 0.37600538 0.44859913
vt 0.38156483 0.48950836
vt 0.3760054 0.4843525
vt 0.32846734 0.55875653
vt 0.43231934 0.5587566
vt 0.4323194 0.4485991
vt 0.32846737 0.44859907
vt 0.44859907 0.36448088
vt 0.55875653 0.36448085
vt 0.55875653 0.52442825
vt 0.44859907 0.52442825
vt 0.44859907 0.5326646
vt 0.44344318 0.52442825
vt 0.55875653 0.53266466
vt 0.43231937 0.35624447
vt 0.43231937 0.36448088
vt 0.4378788 0.36448088
vt 0.32846737 0.3562445
vt 0.32846737 0.36448088
vt 0.32290792 0.36448088
vt 0.32290798 0.52442825
vt 0.32846737 0.52442825
vt 0.4323194 0.52442825
vt 0.32846737 0.5326646
vt 0.4323194 0.5326646
vt 0.43231934 0.5326646
vt 0.43231934 0.52442825
vt 0.43787876 0.52442825
vt 0.32846734 0.53266466
vt 0.32846734 0.52442825
vt 0.32290792 0.52442825
vt 0.43231934 0.36448085
vt 0.3284673 0.36448088
vt 0.32290792 0.36448085
vt 0.43231934 0.3562445
vt 0.3284673 0.3562445
vt 0.4485991 0.5326646
vt 0.5587566 0.5326646
vt 0.5587566 0.52442825
vt 0.4485991 0.52442825
vt 0.44344324 0.52442825
vt 0.44859913 0.36448088
vt 0.4434433 0.36448088
vt 0.5587566 0.36448085
vt 0.56391245 0.52442825
vt 0.56391245 0.36448085
vt 0.5587566 0.3562445
vt 0.4485991 0.35624447
vt 0.5582613 0.76676226
vt 0.67153275 0.76676226
vt 0.67153275 0.685359
vt 0.5582613 0.685359
vt 0.67153275 0.68020314
vt 0.5582613 0.68020314
vt 0.55270183 0.685359
vt 0.5527019 0.76676226
vt 0.5582613 0.7719182
vt 0.5582613 0.5153266
vt 0.5582613 0.6330461
vt 0.67153275 0.63304603
vt 0.6715327 0.5153266
vt 0.5582613 0.5070902
vt 0.67153275 0.50709015
vt 0.67709213 0.5153266
vt 0.67709213 0.63304603
vt 0.67153275 0.685359
vt 0.5582613 0.76676226
vt 0.5582613 0.685359
vt 0.67153275 0.76676226
vt 0.685359 0.64128244
vt 0.685359 0.63304603
vt 0.68020314 0.63304603
vt 0.76676226 0.64128244
vt 0.76676226 0.63304603
vt 0.7719181 0.63304603
vt 0.7719181 0.5153266
vt 0.76676226 0.5153266
vt 0.685359 0.5153266
vt 0.76676226 0.50709015
vt 0.685359 0.50709015
vt 0.67153275 0.63304603
vt 0.67153275 0.64128244
vt 0.5582613 0.64128244
vt 0.5582613 0.6330461
vt 0.5582613 0.5153266
vt 0.67153275 0.5153266
vt 0.5582613 0.5070902
vt 0.67153275 0.50709015
vt 0.685359 0.6330461
vt 0.68020314 0.6330461
vt 0.68020314 0.5153266
vt 0.685359 0.5153266
vt 0.685359 0.5070902
vt 0.76676226 0.6330461
vt 0.76676226 0.5070902
vt 0.76676226 0.5153266
vt 0.7719182 0.6330461
vt 0.7719182 0.5153266
vt 0.6715328 0.6007448
vt 0.67153275 0.76676226
vt 0.5825685 0.7667622
vt 0.5825686 0.6007447
vt 0.6715328 0.5955889
vt 0.5825686 0.59558886
vt 0.57700914 0.6007447
vt 0.57700914 0.7667622
vt 0.5825685 0.7667622
vt 0.67153275 0.76676226
vt 0.6715328 0.6007448
vt 0.5825686 0.6007447
vt 0.7667622 0.36656144
vt 0.7667622 0.35832503
vt 0.77191806 0.36656144
vt 0.77191806 0.5070902
vt 0.7667622 0.5070902
vt 0.6007447 0.36656144
vt 0.7667622 0.5153266
vt 0.6007447 0.5070902
vt 0.6007447 0.5153266
vt 0.6007448 0.35832503
vt 0.76676226 0.36656144
vt 0.76676226 0.35832503
vt 0.6007448 0.36656144
vt 0.5955889 0.36656144
vt 0.5955889 0.5070902
vt 0.6007448 0.5070902
vt 0.76676226 0.5070902
vt 0.6007448 0.5153266
vt 0.76676226 0.5153266
vt 0.57700914 0.5070902
vt 0.5825686 0.36656144
vt 0.57700914 0.36656144
vt 0.5825686 0.5070902
vt 0.6715328 0.36656144
vt 0.5825686 0.5153266
vt 0.6715328 0.5070902
vt 0.6715328 0.5153266
vt 0.5825685 0.36656144
vt 0.5825685 0.35832503
vt 0.67153275 0.35832503
vt 0.67153275 0.36656144
vt 0.6770922 0.36656144
vt 0.6770922 0.5070902
vt 0.67153275 0.5070902
vt 0.5825685 0.5070902
vt 0.67153275 0.5153266
vt 0.5825685 0.5153266
vt 0.51701283 0.4485991
vt 0.67153275 0.4485991
vt 0.67153275 0.60590065
vt 0.51701283 0.6059006
vt 0.51701283 0.8748206
vt 0.67153275 0.8748206
vt 0.67153275 0.63318783
vt 0.51701283 0.63318783
vt 0.51701283 0.6249514
vt 0.67153275 0.6249514
vt 0.4434432 0.8748206
vt 0.4485991 0.8748206
vt 0.4485991 0.883057
vt 0.4434432 0.63318783
vt 0.4485991 0.63318783
vt 0.6059006 0.8748206
vt 0.4485991 0.6249514
vt 0.6059006 0.63318783
vt 0.6059006 0.6249514
vt 0.51701283 0.8748206
vt 0.51701283 0.883057
vt 0.5114534 0.8748206
vt 0.5114534 0.63318783
vt 0.51701283 0.63318783
vt 0.51701283 0.6249514
vt 0.67153275 0.8748206
vt 0.67153275 0.6249514
vt 0.67153275 0.63318783
vt 0.51701283 0.4485991
vt 0.5114534 0.4485991
vt 0.5114534 0.6059006
vt 0.51701283 0.6059006
vt 0.67153275 0.60590065
vt 0.67153275 0.6110565
vt 0.51701283 0.61105645
vt 0.67153275 0.4485991
vt 0.67153275 0.44344324
vt 0.51701283 0.4434432
vt 0.45375496 0.37479785
vt 0.45375496 0.36656144
vt 0.7616064 0.36656144
vt 0.7616064 0.37479785
vt 0.65231365 0.5333149
vt 0.7616064 0.5333149
vt 0.54358757 0.64033216
vt 0.45375496 0.744676
vt 0.54358757 0.744676
vt 0.548694 0.6437112
vt 0.65442884 0.54147243
vt 0.548694 0.744676
vt 0.6659733 0.37479782
vt 0.6659733 0.36656138
vt 0.33402678 0.36656144
vt 0.33402678 0.37479785
vt 0.32846737 0.37479785
vt 0.32846737 0.744676
vt 0.33402678 0.744676
vt 0.4043302 0.744676
vt 0.51701283 0.76147896
vt 0.6659733 0.76147896
vt 0.44813684 0.761479
vt 0.44531602 0.76882356
vt 0.40362898 0.7528335
vt 0.48112193 0.8099485
vt 0.51701283 0.8686238
vt 0.47618875 0.81418896
vt 0.4917083 0.86856836
vt 0.48602772 0.8686792
vt 0.6659733 0.45375496
vt 0.33402678 0.7616064
vt 0.33402678 0.45375496
vt 0.6659733 0.7616064
vt 0.44531602 0.54358757
vt 0.47618875 0.54358757
vt 0.47618875 0.4537056
vt 0.44531602 0.4537056
vt 0.40362898 0.54358757
vt 0.40362898 0.4537056
vt 0.33397353 0.45478788
vt 0.33397353 0.54358757
vt 0.32846737 0.54358757
vt 0.32846737 0.45375496
vt 0.33402678 0.4485991
vt 0.4043302 0.4485991
vt 0.5114534 0.45375496
vt 0.51701283 0.4485991
vt 0.4917083 0.4485991
vt 0.49191517 0.4537145
vt 0.48602772 0.4537056
vt 0.48602772 0.54358757
vt 0.49191517 0.54358757
vt 0.5114534 0.54358757
vt 0.4917083 0.548694
vt 0.51701283 0.548694
vt 0.32846737 0.744676
vt 0.33397353 0.744676
vt 0.33397353 0.7528335
vt 0.40362898 0.7528335
vt 0.4043302 0.744676
vt 0.33397353 0.6437112
vt 0.51701283 0.6437112
vt 0.44531602 0.76882356
vt 0.44813684 0.761479
vt 0.51701283 0.761479
vt 0.48112193 0.8099485
vt 0.51701283 0.8686238
vt 0.47618875 0.81418896
vt 0.4917083 0.86856836
vt 0.48602772 0.8686792
vt 0.33402678 0.76676226
vt 0.523059 0.76676226
vt 0.51701283 0.76160634
vt 0.33402678 0.76160634
vt 0.32846737 0.7616064
vt 0.33397353 0.65442884
vt 0.32846737 0.65231365
vt 0.51701283 0.65442884
vt 0.33397353 0.548694
vt 0.51701283 0.548694
vt 0.52334327 0.68020314
vt 0.51701283 0.68020314
vt 0.52334327 0.7634095
vt 0.66520226 0.68020314
vt 0.66520226 0.76340955
vt 0.66520226 0.64466906
vt 0.52334327 0.64466906
vt 0.4537056 0.8686792
vt 0.54358757 0.81418896
vt 0.54358757 0.8686792
vt 0.4537056 0.81418896
vt 0.6659733 0.36656138
vt 0.67153275 0.37479782
vt 0.6659733 0.37479782
vt 0.33402678 0.36656144
vt 0.33402678 0.37479785
vt 0.32846737 0.37479785
vt 0.32846737 0.5333149
vt 0.33402678 0.5333149
vt 0.523059 0.53331476
vt 0.6659733 0.5333148
vt 0.66520226 0.54641485
vt 0.52334327 0.5464148
vt 0.51701283 0.5414723
vt 0.7616064 0.37479782
vt 0.7616064 0.36656138
vt 0.45375496 0.36656138
vt 0.45375496 0.37479782
vt 0.4485991 0.37479782
vt 0.4485991 0.76147896
vt 0.45375496 0.76147896
vt 0.6409589 0.66860765
vt 0.5980863 0.76147896
vt 0.6059006 0.76147896
vt 0.64466906 0.67592996
vt 0.68020314 0.63304615
vt 0.68020314 0.6236675
vt 0.76340955 0.54641485
vt 0.7616064 0.5331284
vt 0.76676226 0.37479782
vt 0.76676226 0.5333148
vt 0.66520226 0.67592996
vt 0.66520226 0.76147896
vt 0.52334327 0.76147896
vt 0.52334327 0.67592996
vt 0.6409589 0.66860765
vt 0.6059006 0.76147896
vt 0.5980863 0.76147896
vt 0.64466906 0.67592996
vt 0.68020314 0.6330461
vt 0.68020314 0.62366736
vt 0.548694 0.761479
vt 0.548694 0.6437112
vt 0.5980863 0.76147896
vt 0.6409589 0.66860765
vt 0.65442884 0.54147243
vt 0.68020314 0.62366736
vt 0.76160634 0.5414723
vt 0.6328127 0.6402224
vt 0.67153275 0.6402223
vt 0.67153275 0.61105645
vt 0.6328126 0.61105645
vt 0.6272533 0.6402224
vt 0.6328127 0.64537823
vt 0.62725323 0.61105645
vt 0.61105645 0.7666321
vt 0.6402223 0.72333866
vt 0.61105645 0.72333866
vt 0.6402223 0.7666321
vt 0.61105645 0.7748685
vt 0.6402223 0.7748685
vt 0.61105645 0.7666322
vt 0.61105645 0.77486855
vt 0.6059006 0.7666322
vt 0.6059006 0.72333884
vt 0.61105645 0.72333884
vt 0.61105645 0.71510243
vt 0.6402224 0.7666322
vt 0.6402224 0.71510243
vt 0.6402224 0.72333884
vt 0.64537823 0.7666322
vt 0.64537823 0.72333884
vt 0.67153275 0.72333866
vt 0.67709213 0.72333866
vt 0.6770922 0.7666321
vt 0.67153275 0.7666321
vt 0.67153275 0.7748685
vt 0.6328127 0.72333884
vt 0.6328127 0.77486855
vt 0.6328127 0.7666322
vt 0.6715327 0.6059006
vt 0.6328126 0.61105645
vt 0.6328126 0.6059006
vt 0.67153275 0.61105645
vt 0.67709213 0.61105645
vt 0.6328127 0.6402224
vt 0.67153275 0.6402223
vt 0.67709213 0.6402223
vt 0.67153275 0.64537823
vt 0.6328127 0.64537823
vt 0.56578076 0.7450265
vt 0.56578076 0.6561202
vt 0.5709366 0.6561202
vt 0.5709366 0.7450265
vt 0.5709366 0.753263
vt 0.8736794 0.753263
vt 0.665017 0.5643577
vt 0.8736794 0.7450265
vt 0.8736794 0.5643577
vt 0.505894 0.5643577
vt 0.5114534 0.5643577
vt 0.5114534 0.7450265
vt 0.505894 0.7450265
vt 0.505894 0.753263
vt 0.43798083 0.68147916
vt 0.30136395 0.5643577
vt 0.46414503 0.7450265
vt 0.46414503 0.753263
vt 0.4581383 0.7450265
vt 0.43457115 0.6897157
vt 0.3692771 0.68147916
vt 0.3726868 0.6897157
vt 0.3491196 0.7450265
vt 0.30136395 0.7450265
vt 0.2958045 0.5643577
vt 0.2958045 0.7450265
vt 0.30136395 0.753263
vt 0.3431129 0.753263
vt 0.34311292 0.7450265
vt 0.56578076 0.7450265
vt 0.5709366 0.6561202
vt 0.56578076 0.6561202
vt 0.5709366 0.7450265
vt 0.5709366 0.753263
vt 0.8736794 0.753263
vt 0.665017 0.5643577
vt 0.8736794 0.7450265
vt 0.8736794 0.5643577
vt 0.505894 0.753263
vt 0.30136395 0.7450265
vt 0.30136395 0.753263
vt 0.505894 0.7450265
vt 0.30136395 0.6561202
vt 0.505894 0.6561202
vt 0.8736794 0.7450265
vt 0.6496352 0.6897157
vt 0.6496352 0.7450265
vt 0.8736794 0.6897157
vt 0.3726868 0.8736794
vt 0.43457115 0.8736794
vt 0.43457115 0.6496352
vt 0.3726868 0.6496352
vt 0.3431129 0.753263
vt 0.3491196 0.7450265
vt 0.46414503 0.753263
vt 0.4581383 0.7450265
vt 0.43457115 0.6897157
vt 0.3726868 0.6897157
vt 0.46414503 0.6496352
vt 0.4581383 0.6496352
vt 0.4581383 0.8736794
vt 0.46414503 0.8736794
vt 0.505894 0.8736794
vt 0.505894 0.5709366
vt 0.30136395 0.5709366
vt 0.3431129 0.6496352
vt 0.30136395 0.8736794
vt 0.3431129 0.8736794
vt 0.3491196 0.8736794
vt 0.3491196 0.6496352
vt 0.8736794 0.7450265
vt 0.6496352 0.7450265
vt 0.6496352 0.6897157
vt 0.8736794 0.6897157
vt 0.24992007 0.8113087
vt 0.26088455 0.8113087
vt 0.24992007 0.7924811
vt 0.26088455 0.7924811
vt 0.26644397 0.7936032
vt 0.26644397 0.8132521
vt 0.26644397 0.76676226
vt 0.24992007 0.76676226
vt 0.24748126 0.791473
vt 0.24748126 0.76676226
vt 0.24748126 0.74205154
vt 0.24992007 0.7410433
vt 0.26088455 0.76676226
vt 0.26088455 0.7410433
vt 0.26644397 0.73992133
vt 0.8113087 0.58255786
vt 0.7924811 0.6126345
vt 0.791473 0.6098449
vt 0.8095625 0.58094734
vt 0.76676226 0.54147243
vt 0.81618375 0.54147243
vt 0.76676226 0.62042224
vt 0.8095625 0.50199753
vt 0.74205154 0.6098449
vt 0.791473 0.4730999
vt 0.7924811 0.47031045
vt 0.8113087 0.500387
vt 0.76676226 0.46252266
vt 0.74205154 0.4730999
vt 0.723962 0.50199753
vt 0.7410433 0.47031045
vt 0.72221583 0.500387
vt 0.71734077 0.54147243
vt 0.723962 0.58094734
vt 0.72221583 0.58255786
vt 0.7410433 0.6126345
vt 0.24992007 0.72221583
vt 0.26088455 0.72221583
vt 0.24992007 0.7410433
vt 0.26088455 0.7410433
vt 0.26644397 0.73992133
vt 0.26644397 0.7202724
vt 0.26644397 0.76676226
vt 0.26088455 0.76676226
vt 0.24992004 0.76676226
vt 0.24748126 0.74205154
vt 0.24748126 0.76676226
vt 0.24748126 0.791473
vt 0.24992007 0.7924811
vt 0.26088455 0.7924811
vt 0.24992007 0.8113087
vt 0.26644397 0.7936032
vt 0.26088455 0.8113087
vt 0.26644397 0.8132521
vt 0.24992007 0.6126345
vt 0.26088455 0.6126345
vt 0.24992007 0.58255786
vt 0.26088455 0.58255786
vt 0.26644397 0.5843502
vt 0.26644397 0.615739
vt 0.26644397 0.54147243
vt 0.24992007 0.54147243
vt 0.24748126 0.58094734
vt 0.24748126 0.54147243
vt 0.24748126 0.50199753
vt 0.24992007 0.500387
vt 0.26088455 0.54147243
vt 0.26088455 0.500387
vt 0.26644397 0.49859464
vt 0.464145 0.65307486
vt 0.29580456 0.6059061
vt 0.29580456 0.65307486
vt 0.464145 0.6059061
vt 0.46970445 0.6487002
vt 0.46970445 0.6033804
vt 0.29580456 0.54147243
vt 0.29030755 0.6033638
vt 0.29030755 0.54147243
vt 0.29030755 0.47958112
vt 0.464145 0.54147243
vt 0.46970445 0.54147243
vt 0.46970445 0.47956455
vt 0.29580456 0.47703883
vt 0.29030755 0.4342735
vt 0.29580456 0.42987007
vt 0.464145 0.47703874
vt 0.46970445 0.43424478
vt 0.464145 0.42987
vt 0.26644397 0.54147243
vt 0.26644397 0.5843502
vt 0.26088455 0.58255786
vt 0.26088455 0.54147243
vt 0.24992007 0.58255786
vt 0.26088455 0.500387
vt 0.26644397 0.49859464
vt 0.24992007 0.54147243
vt 0.24748126 0.58094734
vt 0.24992007 0.500387
vt 0.24748126 0.54147243
vt 0.24748126 0.50199753
vt 0.29580456 0.8366238
vt 0.29030755 0.8338673
vt 0.29030755 0.8055054
vt 0.29580456 0.80709684
vt 0.29580456 0.76676226
vt 0.29030755 0.76676226
vt 0.29030755 0.7280191
vt 0.29580456 0.7264277
vt 0.464145 0.7264277
vt 0.464145 0.76676226
vt 0.464145 0.80709684
vt 0.46970445 0.72800875
vt 0.46970445 0.80551577
vt 0.46970442 0.76676226
vt 0.29580456 0.6969007
vt 0.29030755 0.6996572
vt 0.29580456 0.7264277
vt 0.29030755 0.7280191
vt 0.29580456 0.76676226
vt 0.29030758 0.76676226
vt 0.464145 0.7264277
vt 0.29030755 0.8055054
vt 0.464145 0.76676226
vt 0.46970445 0.72800875
vt 0.46970445 0.76676226
vt 0.46970445 0.80551577
vt 0.464145 0.80709684
vt 0.29580456 0.80709684
vt 0.29030755 0.8338673
vt 0.29580456 0.8366238
vt 0.48986852 0.8884574
vt 0.48422623 0.87923145
vt 0.44144094 0.87923145
vt 0.4357981 0.8884574
vt 0.43579686 0.9372881
vt 0.48986727 0.9375527
vt 0.43579793 0.96740896
vt 0.48986834 0.9678675
vt 0.44073284 0.97341305
vt 0.48493382 0.9737876
vt 0.4386704 0.5635212
vt 0.44502777 0.5578787
vt 0.4448167 0.48376969
vt 0.43842718 0.47812706
vt 0.4036348 0.56352097
vt 0.40363482 0.4781268
vt 0.37035945 0.47812802
vt 0.37011617 0.5635222
vt 0.36409134 0.48377085
vt 0.36388028 0.55787987
vt 0.48633385 0.44144094
vt 0.4866164 0.48422623
vt 0.4823495 0.4842477
vt 0.48206693 0.44146243
vt 0.5578787 0.9836251
vt 0.5579001 0.97780406
vt 0.48379108 0.9772625
vt 0.48376969 0.98308355
vt 0.55787987 0.9846352
vt 0.48377085 0.9840936
vt 0.48379165 0.97776765
vt 0.55790067 0.9783091
vt 0.48206693 0.8775287
vt 0.48457846 0.8884574
vt 0.48633385 0.87923145
vt 0.48033464 0.8867638
vt 0.4716577 0.93401474
vt 0.4754847 0.9372881
vt 0.4554527 0.96740896
vt 0.45235556 0.96283275
vt 0.44839188 0.9688148
vt 0.45150384 0.97341305
vt 0.3652294 0.97776765
vt 0.36409134 0.9840936
vt 0.37035945 0.9864609
vt 0.37149137 0.9801691
vt 0.4036319 0.99273247
vt 0.40363482 0.99927956
vt 0.43842718 0.9855562
vt 0.43646646 0.97974235
vt 0.44285357 0.9772625
vt 0.4448167 0.98308355
vt 0.4806918 0.8867638
vt 0.4823495 0.8775287
vt 0.4866164 0.87923145
vt 0.48493576 0.8884574
vt 0.47196692 0.9342792
vt 0.47579393 0.9375527
vt 0.45563152 0.9678675
vt 0.45253423 0.96329105
vt 0.45164993 0.9737876
vt 0.4485379 0.9691894
vt 0.44306463 0.97780406
vt 0.44502777 0.9836251
vt 0.4386704 0.9861802
vt 0.43670964 0.9803664
vt 0.40363187 0.9934532
vt 0.4036348 1
vt 0.37011617 0.98708534
vt 0.37124813 0.9807933
vt 0.36388028 0.9846352
vt 0.36501837 0.9783091
vt 0.4485379 0.48495543
vt 0.45164993 0.48493382
vt 0.44839188 0.44075447
vt 0.45150384 0.44073284
vt 0.44146243 0.8775287
vt 0.4842477 0.8775287
vt 0.48989016 0.8867638
vt 0.43581977 0.8867638
vt 0.43581915 0.93401474
vt 0.48988953 0.9342792
vt 0.4358197 0.96283275
vt 0.48989004 0.96329105
vt 0.44075447 0.9688148
vt 0.48495543 0.9691894
vt 0.44285357 0.48379108
vt 0.44306463 0.5579001
vt 0.43670964 0.5635426
vt 0.43646646 0.47814846
vt 0.40363187 0.5635425
vt 0.4036319 0.47814834
vt 0.37149137 0.478149
vt 0.37124813 0.56354314
vt 0.3652294 0.48379165
vt 0.36501837 0.55790067
vt 0.4678307 0.43584138
vt 0.44111758 0.56356406
vt 0.4685611 0.56356406
vt 0.44069585 0.43584138
vt 0.40362898 0.56356406
vt 0.40362898 0.43584138
vt 0.36656207 0.43584138
vt 0.36614037 0.56356406
vt 0.4678307 0.43584138
vt 0.4685611 0.56356406
vt 0.44111758 0.56356406
vt 0.44069585 0.43584138
vt 0.40362898 0.56356406
vt 0.40362898 0.43584138
vt 0.36656207 0.43584138
vt 0.36614037 0.56356406
vt 0.56356406 0.8758258
vt 0.56356406 0.8202856
vt 0.43584138 0.82091033
vt 0.43584138 0.8758258
vt 0.43584138 0.93074125
vt 0.56356406 0.931366
vt 0.40362898 0.4063977
vt 0.4279623 0.4063977
vt 0.4279623 0.43430114
vt 0.40362898 0.43430114
vt 0.37929565 0.43430114
vt 0.37929565 0.4063977
vt 0.43430114 0.83977544
vt 0.43430114 0.8133848
vt 0.4063977 0.8133848
vt 0.4063977 0.83977544
vt 0.43430114 0.8758258
vt 0.4063977 0.8758258
vt 0.43430114 0.9118762
vt 0.4063977 0.9118762
vt 0.4457755 0.43430114
vt 0.4457755 0.4063977
vt 0.4279623 0.43430114
vt 0.4279623 0.4063977
vt 0.40362898 0.43430114
vt 0.40362898 0.4063977
vt 0.37929565 0.4063977
vt 0.37929565 0.43430114
vt 0.36148244 0.4063977
vt 0.36148244 0.43430114
vt 0.56356406 0.9720243
vt 0.43584138 0.97094214
vt 0.43584138 0.93074125
vt 0.56356406 0.931366
vt 0.56356406 0.8758258
vt 0.43584138 0.8758258
vt 0.43584138 0.82091033
vt 0.56356406 0.8202856
vt 0.56356406 0.7796274
vt 0.43584138 0.78070956
vt 0.43430114 0.83977544
vt 0.4063977 0.8133848
vt 0.43430114 0.8133848
vt 0.4063977 0.83977544
vt 0.43430114 0.8758258
vt 0.4063977 0.8758258
vt 0.43430114 0.9118762
vt 0.4063977 0.9118762
vt 0.4476026 0.06085822
vt 0.45182613 0.056224138
vt 0.450344 0.0057435334
vt 0.44587952 0.0011064112
vt 0.43163276 0.060853034
vt 0.4312808 0.0011010468
vt 0.403625 0.06085202
vt 0.40362686 0.0011002719
vt 0.3759678 0.0011008084
vt 0.42590573 0.14796627
vt 0.43176344 0.14333192
vt 0.40362328 0.14796206
vt 0.37495497 0.060852498
vt 0.35572243 0.0011009276
vt 0.37347835 0.14796239
vt 0.35396796 0.060852498
vt 0.35141027 0.14796242
vt 0.06085804 0.8790239
vt 0.0011051595 0.88766605
vt 0.005741924 0.8790244
vt 0.060852498 0.91831684
vt 0.0011009276 0.91681653
vt 0.1479668 0.8876672
vt 0.14796242 0.92050403
vt 0.14333245 0.8790234
vt 0.41162187 0.4049723
vt 0.40578538 0.4003378
vt 0.40578538 0.28722584
vt 0.41162094 0.28258923
vt 0.43606725 0.28258476
vt 0.4381417 0.40496776
vt 0.28722507 0.83064497
vt 0.40033704 0.82780427
vt 0.40497172 0.8363741
vt 0.28258878 0.83946425
vt 0.40496767 0.8758305
vt 0.2825856 0.8769135
vt 0.40497276 0.9152898
vt 0.28259096 0.92090684
vt 0.40033835 0.9238596
vt 0.21527994 0.88766426
vt 0.21991447 0.87885404
vt 0.21527994 0.9105543
vt 0.21991545 0.9193371
vt 0.40496773 0.8247027
vt 0.40496776 0.7872827
vt 0.28258476 0.7926061
vt 0.28258473 0.82777613
vt 0.40496776 0.8758162
vt 0.28258476 0.875816
vt 0.28258926 0.91220975
vt 0.40497234 0.9152846
vt 0.28722584 0.9210137
vt 0.40033782 0.92385435
vt 0.2666449 0.83980286
vt 0.26200938 0.8312526
vt 0.23586005 0.83190936
vt 0.23122454 0.8406923
vt 0.2666449 0.8639829
vt 0.23122454 0.8639829
vt 0.26200938 0.8726496
vt 0.23586005 0.8726496
vt 0.3464857 0.28722507
vt 0.3504885 0.28730497
vt 0.34716752 0.40041697
vt 0.34316468 0.40033704
vt 0.40041733 0.78015965
vt 0.28730536 0.785841
vt 0.28722584 0.7799166
vt 0.4003378 0.77423525
vt 0.4476026 0.92710084
vt 0.43163276 0.94991976
vt 0.42989707 0.94434875
vt 0.44472027 0.9228082
vt 0.45182613 0.92075497
vt 0.4489052 0.9164049
vt 0.34662473 0.28259096
vt 0.34316683 0.40033835
vt 0.34716856 0.4004176
vt 0.35062608 0.28267014
vt 0.34846562 0.21991545
vt 0.3524666 0.21999454
vt 0.4592596 0.23586005
vt 0.46002734 0.26200938
vt 0.4560268 0.2620889
vt 0.45525903 0.23593956
vt 0.34776947 0.143412
vt 0.34377086 0.14333245
vt 0.34656703 0.06085804
vt 0.35056558 0.060937554
vt 0.3484357 0.005741924
vt 0.3524342 0.0058214366
vt 0.056224138 0.92075497
vt 0.0058222115 0.9151371
vt 0.0057435334 0.9194871
vt 0.056302816 0.9164049
vt 0.46077102 0.28722584
vt 0.4600898 0.40041733
vt 0.46409202 0.40033782
vt 0.4567688 0.28730536
vt 0.34514618 0.83946425
vt 0.33879626 0.8769135
vt 0.34292156 0.87636966
vt 0.34910306 0.8410214
vt 0.3504885 0.8322204
vt 0.3464857 0.83064497
vt 0.060853034 0.94991976
vt 0.14333192 0.9541853
vt 0.14341173 0.94827527
vt 0.06093511 0.94434875
vt 0.34115267 0.21991447
vt 0.3451622 0.2199941
vt 0.34292156 0.2826675
vt 0.33879626 0.2825856
vt 0.4567688 0.9194349
vt 0.46077102 0.9210137
vt 0.46214947 0.91220975
vt 0.4581737 0.91064125
vt 0.46435264 0.875821
vt 0.4684942 0.875816
vt 0.4562172 0.83084404
vt 0.45980394 0.82777613
vt 0.43606725 0.7926061
vt 0.43399364 0.79791754
vt 0.41162094 0.78254986
vt 0.41054988 0.78843516
vt 0.40470716 0.785841
vt 0.40578538 0.7799166
vt 0.34377086 0.8790234
vt 0.34776947 0.87742466
vt 0.34920835 0.8860798
vt 0.34523836 0.8876672
vt 0.35499513 0.9174315
vt 0.35141027 0.92050403
vt 0.37554914 0.94788074
vt 0.37347835 0.9531945
vt 0.40362328 0.9651635
vt 0.40362614 0.95902765
vt 0.42590573 0.9566626
vt 0.42484695 0.95077586
vt 0.43176344 0.9541853
vt 0.43066144 0.94827527
vt 0.46262735 0.8742377
vt 0.4666279 0.8726496
vt 0.4649033 0.8639829
vt 0.46090275 0.8655711
vt 0.45669037 0.84228045
vt 0.46069095 0.8406923
vt 0.45525903 0.8334974
vt 0.4592596 0.83190936
vt 0.46751443 0.8726496
vt 0.46351388 0.8742377
vt 0.46210358 0.8655711
vt 0.46610412 0.8639829
vt 0.4617309 0.83980286
vt 0.45773035 0.8413909
vt 0.46002734 0.8312526
vt 0.4560268 0.8328407
vt 0.34316468 0.82780427
vt 0.34716752 0.8293797
vt 0.34548864 0.8379396
vt 0.3415105 0.8363741
vt 0.3387562 0.8758282
vt 0.33461463 0.8758305
vt 0.34151232 0.9152898
vt 0.34548956 0.9137181
vt 0.34316683 0.9238596
vt 0.34716856 0.92227817
vt 0.41055033 0.78228575
vt 0.40470716 0.78015965
vt 0.40578538 0.77423525
vt 0.41162187 0.776398
vt 0.43606812 0.79259413
vt 0.4381417 0.7872827
vt 0.4598104 0.8277705
vt 0.46339712 0.8247027
vt 0.4726433 0.8758162
vt 0.46850172 0.87582105
vt 0.46574605 0.9152846
vt 0.4617686 0.91371554
vt 0.46409202 0.92385435
vt 0.4600898 0.9222755
vt 0.450344 0.9194871
vt 0.44742307 0.9151371
vt 0.44587952 0.92564666
vt 0.44298157 0.92133087
vt 0.42921466 0.9414965
vt 0.4312808 0.94681424
vt 0.4036279 0.95165116
vt 0.40362686 0.9577871
vt 0.37803861 0.9414925
vt 0.3759678 0.9468063
vt 0.35572243 0.91681653
vt 0.35930714 0.91374356
vt 0.3502231 0.88766605
vt 0.35419017 0.8860792
vt 0.3524342 0.8774251
vt 0.3484357 0.8790244
vt 0.34703434 0.9105543
vt 0.34846562 0.9193371
vt 0.3524666 0.9177514
vt 0.3510353 0.9089685
vt 0.34689534 0.88607836
vt 0.34289438 0.88766426
vt 0.3451622 0.87733996
vt 0.34115267 0.87885404
vt 0.4666279 0.23586005
vt 0.46351388 0.2620889
vt 0.46751443 0.26200938
vt 0.46262735 0.23593956
vt 0.0011852682 0.8860792
vt 0.060937554 0.8774249
vt 0.0058214366 0.8774251
vt 0.14804697 0.8860798
vt 0.143412 0.87742466
vt 0.001183182 0.91374356
vt 0.14804474 0.9174315
vt 0.37554914 0.14804474
vt 0.35499513 0.14804474
vt 0.35930714 0.001183182
vt 0.37803861 0.0011831224
vt 0.40362614 0.14804456
vt 0.4036279 0.001182884
vt 0.42989707 0.06093511
vt 0.42921466 0.0011832416
vt 0.44298157 0.0011858642
vt 0.43066144 0.14341173
vt 0.42484695 0.14804664
vt 0.44472027 0.060937613
vt 0.44742307 0.0058222115
vt 0.4489052 0.056302816
vt 0.40505204 0.8379396
vt 0.40041697 0.8293797
vt 0.28730497 0.8322204
vt 0.28266904 0.8410214
vt 0.40505004 0.8758282
vt 0.2826675 0.87636966
vt 0.40505257 0.9137181
vt 0.21535906 0.9089685
vt 0.21535906 0.88607836
vt 0.2199941 0.87733996
vt 0.28267014 0.91932327
vt 0.21999454 0.9177514
vt 0.4004176 0.92227817
vt 0.23593956 0.8334974
vt 0.2620889 0.8328407
vt 0.2667244 0.8413909
vt 0.23130402 0.84228045
vt 0.2667244 0.8655711
vt 0.23130402 0.8655711
vt 0.23593956 0.8742377
vt 0.2620889 0.8742377
vt 0.40470716 0.28730536
vt 0.40470716 0.40041733
vt 0.41055033 0.40505236
vt 0.41054988 0.28266928
vt 0.43399364 0.282667
vt 0.43606812 0.40505004
vt 0.282667 0.79791754
vt 0.40505004 0.79259413
vt 0.40505004 0.8277705
vt 0.282667 0.83084404
vt 0.40505004 0.87582105
vt 0.282667 0.875821
vt 0.28266928 0.91064125
vt 0.40505236 0.91371554
vt 0.28730536 0.9194349
vt 0.40041733 0.9222755
vt 0.44436604 0.0012654364
vt 0.4562237 0.40513235
vt 0.43399453 0.40513235
vt 0.42714852 0.0012654364
vt 0.40362898 0.40513235
vt 0.40362898 0.0012654364
vt 0.38010943 0.0012654364
vt 0.3732634 0.40513235
vt 0.36289188 0.0012654364
vt 0.35103422 0.40513235
vt 0.40513235 0.8758258
vt 0.40513235 0.83083844
vt 0.0012654364 0.84098107
vt 0.0012654364 0.8758258
vt 0.0012654364 0.9106706
vt 0.40513235 0.9208132
vt 0.0012654364 0.9361788
vt 0.40513235 0.95374614
vt 0.42714852 0.0012654364
vt 0.40362898 0.40513235
vt 0.43399453 0.40513235
vt 0.40362898 0.0012654364
vt 0.38010943 0.0012654364
vt 0.3732634 0.40513235
vt 0.36289188 0.0012654364
vt 0.35103422 0.40513235
vt 0 0.84868425
vt 0.038644522 0.8367337
vt 0.038644522 0.85691416
vt 0 0.8758258
vt 0.038644522 0.8821621
vt 0 0.9029674
vt 0.038644522 0.9057121
vt 0.40513235 0.83083844
vt 0.40513235 0.8758258
vt 0.0012654364 0.84098107
vt 0.0012654364 0.8758258
vt 0.0012654364 0.9106706
vt 0.40513235 0.9208132
vt 0.37724254 0.038644522
vt 0.38530895 0
vt 0.37189782 0
vt 0.390864 0.038644522
vt 0.40362898 0
vt 0.40790585 0.038644522
vt 0.42194897 0
vt 0.42380172 0.038644522
vt 0.43536013 0
vt 0.38345623 0.038644522
vt 0.37189782 0
vt 0.38530895 0
vt 0.39935207 0.038644522
vt 0.40362898 0
vt 0.41639394 0.038644522
vt 0.42194897 0
vt 0.43001541 0.038644522
vt 0.43536013 0
vt 0.038644522 0.84593946
vt 0 0.84868425
vt 0.038644522 0.86948943
vt 0 0.8758258
vt 0.038644522 0.89473736
vt 0 0.9029674
vt 0.038644522 0.91491795
vt 0.43001541 0.9057121
vt 0.39935207 0.92462367
vt 0.41639394 0.9212542
vt 0.40790585 0.8270279
vt 0.43656665 0.8821621
vt 0.4342923 0.85691416
vt 0.42380172 0.8367337
vt 0.37296563 0.89473736
vt 0.38345623 0.91491795
vt 0.3706913 0.86948943
vt 0.37724254 0.84593946
vt 0.390864 0.83039737
vt 0.47610715 0.61763203
vt 0.52389294 0.61763203
vt 0.47610715 0.5733866
vt 0.52389294 0.5733866
vt 0.61763203 0.25864318
vt 0.61763203 0.22668958
vt 0.5733866 0.22668958
vt 0.5733866 0.25864318
vt 0.5768983 0.2778331
vt 0.61412275 0.2778331
vt 0.60261977 0.29118392
vt 0.58840126 0.29118392
vt 0.5733866 0.23719311
vt 0.61763203 0.23719311
vt 0.61763203 0.25864318
vt 0.5733866 0.25864318
vt 0.5768983 0.2778331
vt 0.61412275 0.2778331
vt 0.60261977 0.29118392
vt 0.58840126 0.29118392
vt 0.5371318 0.2778331
vt 0.52389294 0.25864318
vt 0.52389294 0.2778331
vt 0.5371318 0.25864318
vt 0.52389294 0.23719311
vt 0.5371318 0.22668958
vt 0.4628683 0.22668958
vt 0.47610715 0.23719311
vt 0.4628683 0.25864318
vt 0.47610715 0.25864318
vt 0.4628683 0.2778331
vt 0.47610715 0.2778331
vt 0.5371318 0.58840126
vt 0.5371318 0.5768983
vt 0.52389294 0.5768983
vt 0.52389294 0.58840126
vt 0.5371318 0.60261977
vt 0.52389294 0.60261977
vt 0.5371318 0.61412275
vt 0.52389294 0.61412275
vt 0.5371318 0.2778331
vt 0.52389294 0.2778331
vt 0.52389294 0.25864318
vt 0.5371318 0.25864318
vt 0.52389294 0.23719311
vt 0.5371318 0.22668958
vt 0.47610715 0.23719311
vt 0.46286827 0.22668958
vt 0.4628683 0.25864318
vt 0.47610715 0.25864318
vt 0.46286833 0.2778331
vt 0.47610715 0.2778331
vt 0.5733866 0.25864318
vt 0.5733866 0.22668958
vt 0.61763203 0.22668958
vt 0.61763203 0.25864318
vt 0.5768983 0.2778331
vt 0.61412275 0.2778331
vt 0.60261977 0.29118392
vt 0.58840126 0.29118392
vt 0.61763203 0.25864318
vt 0.61763203 0.23719311
vt 0.5733866 0.23719311
vt 0.5733866 0.25864318
vt 0.5768983 0.2778331
vt 0.61412275 0.2778331
vt 0.60261977 0.29118392
vt 0.58840126 0.29118392
vt 0.4628683 0.58840126
vt 0.47610715 0.5768983
vt 0.4628683 0.5768983
vt 0.47610715 0.58840126
vt 0.46286833 0.60261977
vt 0.47610715 0.60261977
vt 0.46286833 0.61412275
vt 0.47610715 0.61412275
vt 0.46281 0.15723735
vt 0.46281 0.21137744
vt 0.47987294 0.21137744
vt 0.47987294 0.15723735
vt 0.50000006 0.21137744
vt 0.50000006 0.15723735
vt 0.5201272 0.21137744
vt 0.5201272 0.15723735
vt 0.5371901 0.21137744
vt 0.5371901 0.15723735
vt 0.5371901 0.21137744
vt 0.5201272 0.21137744
vt 0.5371901 0.15723735
vt 0.5201272 0.15723735
vt 0.50000006 0.21137744
vt 0.50000006 0.15723735
vt 0.47987294 0.21137744
vt 0.47987294 0.15723735
vt 0.46281 0.21137744
vt 0.46281 0.15723735
vt 0.5610188 0.21137744
vt 0.5610188 0.15723735
vt 0.5768432 0.15723735
vt 0.5768432 0.21137744
vt 0.5955093 0.15723735
vt 0.5955093 0.21137744
vt 0.61417544 0.15723735
vt 0.61417544 0.21137744
vt 0.6299999 0.15723735
vt 0.6299999 0.21137744
vt 0.6299999 0.21137744
vt 0.6299999 0.15723735
vt 0.61417544 0.15723735
vt 0.61417544 0.21137744
vt 0.5955093 0.15723735
vt 0.5955093 0.21137744
vt 0.5768432 0.15723735
vt 0.5768432 0.21137744
vt 0.5610188 0.15723735
vt 0.5610188 0.21137744
vt 0.5485912 0.5768432
vt 0.5371318 0.5733866
vt 0.5525947 0.5955093
vt 0.5371318 0.61763203
vt 0.5485912 0.61417544
vt 0.45140892 0.61417544
vt 0.46286827 0.61763203
vt 0.44740537 0.5955093
vt 0.4628683 0.5733866
vt 0.45140892 0.5768432
vt 0.5371901 0.5610188
vt 0.5201272 0.5504453
vt 0.5371318 0.5733866
vt 0.50000006 0.54673237
vt 0.4628683 0.5733866
vt 0.47987294 0.5504453
vt 0.46281 0.5610188
vt 0.46281 0.6299999
vt 0.47987294 0.6405734
vt 0.46286827 0.61763203
vt 0.50000006 0.6442863
vt 0.5371318 0.61763203
vt 0.5201272 0.6405734
vt 0.5371901 0.6299999
vt 0.45140892 0.61417544
vt 0.44740537 0.5955093
vt 0.45140892 0.5768432
vt 0.47987294 0.5504453
vt 0.46281 0.5610188
vt 0.5201272 0.6405734
vt 0.47987294 0.6405734
vt 0.46281 0.6299999
vt 0.50000006 0.6442863
vt 0.5485912 0.5768432
vt 0.5201272 0.5504453
vt 0.50000006 0.54673237
vt 0.5371901 0.5610188
vt 0.5485912 0.61417544
vt 0.5525947 0.5955093
vt 0.5371901 0.6299999
vt 0.50000006 0.25712085
vt 0.5154358 0.25712085
vt 0.5154358 0.36719024
vt 0.50000006 0.36719024
vt 0.48456427 0.25712085
vt 0.48456427 0.36719024
vt 0.5955105 0.36719024
vt 0.60982585 0.36719024
vt 0.60982585 0.25712085
vt 0.5955105 0.25712085
vt 0.5811952 0.36719024
vt 0.5811952 0.25712085
vt 0.50000006 0.36719024
vt 0.5154358 0.36719024
vt 0.5154358 0.25712085
vt 0.50000006 0.25712085
vt 0.48456427 0.36719024
vt 0.48456427 0.25712085
vt 0.5955105 0.36719024
vt 0.5811952 0.36719024
vt 0.5811952 0.25712085
vt 0.5955105 0.25712085
vt 0.60982585 0.36719024
vt 0.60982585 0.25712085
vt 0.50000006 0.29327238
vt 0.5192501 0.29327238
vt 0.5192501 0.30614206
vt 0.50000006 0.30614206
vt 0.48075002 0.29327238
vt 0.48075002 0.30614206
vt 0.5955105 0.30614206
vt 0.6133632 0.30614206
vt 0.6133632 0.29327238
vt 0.5955105 0.29327238
vt 0.57765776 0.30614206
vt 0.57765776 0.29327238
vt 0.50000006 0.30614206
vt 0.5192501 0.30614206
vt 0.5192501 0.29327238
vt 0.50000006 0.29327238
vt 0.48075002 0.30614206
vt 0.48075002 0.29327238
vt 0.5955105 0.30614206
vt 0.57765776 0.30614206
vt 0.57765776 0.29327238
vt 0.5955105 0.29327238
vt 0.6133632 0.30614206
vt 0.6133632 0.29327238
vt 0.48075002 0.6133632
vt 0.50000006 0.62075806
vt 0.5192501 0.6133632
vt 0.50000006 0.5702629
vt 0.5272237 0.5955105
vt 0.5192501 0.57765776
vt 0.47277638 0.5955105
vt 0.48075002 0.57765776
vt 0.5192501 0.6133632
vt 0.50000006 0.62075806
vt 0.48075002 0.6133632
vt 0.50000006 0.5702629
vt 0.5272237 0.5955105
vt 0.5192501 0.57765776
vt 0.47277638 0.5955105
vt 0.48075002 0.57765776
vt 0.47117668 0.23425248
vt 0.52882344 0.23425248
vt 0.52882344 0.2571209
vt 0.47117668 0.2571209
vt 0.47117668 0.27998936
vt 0.52882344 0.27998936
vt 0.52882344 0.5955105
vt 0.52882344 0.60982585
vt 0.47117668 0.60982585
vt 0.47117668 0.5955105
vt 0.52882344 0.5811952
vt 0.47117668 0.5811952
vt 0.52882344 0.2571209
vt 0.52882344 0.23425245
vt 0.47117668 0.23425245
vt 0.47117668 0.2571209
vt 0.47117668 0.27998936
vt 0.52882344 0.27998936
vt 0.52882344 0.5955105
vt 0.52882344 0.5811952
vt 0.47117668 0.5811952
vt 0.47117668 0.5955105
vt 0.52882344 0.60982585
vt 0.47117668 0.60982585
vt 0.5371318 0.5815893
vt 0.55420184 0.5815893
vt 0.55420184 0.59019303
vt 0.5371318 0.59019303
vt 0.55420184 0.60082793
vt 0.5371318 0.60082793
vt 0.55420184 0.60943174
vt 0.5371318 0.60943174
vt 0.55420184 0.2586432
vt 0.5371318 0.2424857
vt 0.55420184 0.2424857
vt 0.5371318 0.2586432
vt 0.55420184 0.27480066
vt 0.5371318 0.27480066
vt 0.55420184 0.2424857
vt 0.5371318 0.2424857
vt 0.5371318 0.2586432
vt 0.55420184 0.2586432
vt 0.5371318 0.27480066
vt 0.55420184 0.27480066
vt 0.5371318 0.60943174
vt 0.55420184 0.60943174
vt 0.55420184 0.60082793
vt 0.5371318 0.60082793
vt 0.5371318 0.59019303
vt 0.55420184 0.59019303
vt 0.55420184 0.5815893
vt 0.5371318 0.5815893
vt 0.4628683 0.5815893
vt 0.44579825 0.59019303
vt 0.44579825 0.5815893
vt 0.4628683 0.59019303
vt 0.44579825 0.60082793
vt 0.4628683 0.60082793
vt 0.44579825 0.60943174
vt 0.4628683 0.60943174
vt 0.44579825 0.2586432
vt 0.44579825 0.2424857
vt 0.4628683 0.2424857
vt 0.4628683 0.2586432
vt 0.44579828 0.27480066
vt 0.46286833 0.27480066
vt 0.4628683 0.2586432
vt 0.4628683 0.2424857
vt 0.44579825 0.2424857
vt 0.44579825 0.2586432
vt 0.4628683 0.27480066
vt 0.44579825 0.27480066
vt 0.46286833 0.60943174
vt 0.44579828 0.60082793
vt 0.44579828 0.60943174
vt 0.46286833 0.60082793
vt 0.4628683 0.59019303
vt 0.44579825 0.59019303
vt 0.44579825 0.5815893
vt 0.4628683 0.5815893
vt 0.4545017 0.19566607
vt 0.47537652 0.19566607
vt 0.4545017 0.1310125
vt 0.47537652 0.1310125
vt 0.50000006 0.19566607
vt 0.50000006 0.1310125
vt 0.5246236 0.19566607
vt 0.5246236 0.1310125
vt 0.54549843 0.19566607
vt 0.54549843 0.1310125
vt 0.57267314 0.19566607
vt 0.55331355 0.19566607
vt 0.57267314 0.1310125
vt 0.55331355 0.1310125
vt 0.55331355 0.19566607
vt 0.57267314 0.19566607
vt 0.55331355 0.1310125
vt 0.57267314 0.1310125
vt 0.5416242 0.5569066
vt 0.5543846 0.5746177
vt 0.5594465 0.57267314
vt 0.54549843 0.55331355
vt 0.5246236 0.5403779
vt 0.52252686 0.5450724
vt 0.50000006 0.5409168
vt 0.50000006 0.5358355
vt 0.47537652 0.5403779
vt 0.47747323 0.5450724
vt 0.4545017 0.55331355
vt 0.45837593 0.5569066
vt 0.4456155 0.5746176
vt 0.44055355 0.57267314
vt 0.5594465 0.19566607
vt 0.5543846 0.19566607
vt 0.5543846 0.1310125
vt 0.5594465 0.1310125
vt 0.4456155 0.19566607
vt 0.44055355 0.19566607
vt 0.44055355 0.1310125
vt 0.4456155 0.1310125
vt 0.5594465 0.57267314
vt 0.5543846 0.5746177
vt 0.5416242 0.5569066
vt 0.54549843 0.55331355
vt 0.5246236 0.5403779
vt 0.52252686 0.5450724
vt 0.50000006 0.5409168
vt 0.50000006 0.5358355
vt 0.47537652 0.5403779
vt 0.47747323 0.5450724
vt 0.4545017 0.55331355
vt 0.45837593 0.5569066
vt 0.4456155 0.5746176
vt 0.44055355 0.57267314
vt 0.5416242 0.19566607
vt 0.52252686 0.19566607
vt 0.5416242 0.1310125
vt 0.52252686 0.1310125
vt 0.50000006 0.19566607
vt 0.50000006 0.1310125
vt 0.47747323 0.19566607
vt 0.47747323 0.1310125
vt 0.45837593 0.19566607
vt 0.45837593 0.1310125
vt 0.5746177 0.19566607
vt 0.5569066 0.19566607
vt 0.5746177 0.1310125
vt 0.5569066 0.1310125
vt 0.5569066 0.19566607
vt 0.5746176 0.19566607
vt 0.5569066 0.1310125
vt 0.5746176 0.1310125
vt 0.56364673 0.15723735
vt 0.57172483 0.1409207
vt 0.6273719 0.15723735
vt 0.6192938 0.1409207
vt 0.4656436 0.15723735
vt 0.47435397 0.1409207
vt 0.5343565 0.15723735
vt 0.52564615 0.1409207
vt 0.6273719 0.15723735
vt 0.6192938 0.1409207
vt 0.56364673 0.15723735
vt 0.57172483 0.1409207
vt 0.5343565 0.15723735
vt 0.52564615 0.1409207
vt 0.4656436 0.15723735
vt 0.47435397 0.1409207
vt 0.52564615 0.107872546
vt 0.52564615 0.1409207
vt 0.47435397 0.1409207
vt 0.47435397 0.107872546
vt 0.52564615 0.57172483
vt 0.47435397 0.6192938
vt 0.47435397 0.57172483
vt 0.52564615 0.6192938
vt 0.6192938 0.107872546
vt 0.6192938 0.1409207
vt 0.57172483 0.1409207
vt 0.57172483 0.107872546
vt 0.57172483 0.107872546
vt 0.57172483 0.1409207
vt 0.6192938 0.1409207
vt 0.6192938 0.107872546
vt 0.47435397 0.107872546
vt 0.47435397 0.1409207
vt 0.52564615 0.1409207
vt 0.52564615 0.107872546
vt 0.6407818 0.33204988
vt 0.6590698 0.36324802
vt 0.5351224 0.36324802
vt 0.5150286 0.33204988
vt 0.4489889 0.36324802
vt 0.4489889 0.33204988
vt 0.44692403 0.33204988
vt 0.44692403 0.36324802
vt 0.4489889 0.36654666
vt 0.5351224 0.36654666
vt 0.54278225 0.36324802
vt 0.54278225 0.33204988
vt 0.45721784 0.33204988
vt 0.45721784 0.36324802
vt 0.54278225 0.36654666
vt 0.45721784 0.36654666
vt 0.45721784 0.5351224
vt 0.54278225 0.5351224
vt 0.45721784 0.4489889
vt 0.54278225 0.4489889
vt 0.4489889 0.33204988
vt 0.44692403 0.33204988
vt 0.44692403 0.36324802
vt 0.4489889 0.36324802
vt 0.4489889 0.36654666
vt 0.5351224 0.36654666
vt 0.5150286 0.33204988
vt 0.5351224 0.36324802
vt 0.6407818 0.33204988
vt 0.6590698 0.36324802
vt 0.4549913 0.36324802
vt 0.5450088 0.33204988
vt 0.5450088 0.36324802
vt 0.4549913 0.33204988
vt 0.45721784 0.44692403
vt 0.54278225 0.44692403
vt 0.5450088 0.4489889
vt 0.4549913 0.4489889
vt 0.5450088 0.5150286
vt 0.4549913 0.5150286
vt 0.5450088 0.6407818
vt 0.4549913 0.6407818
vt 0.45472592 0.33204988
vt 0.5570148 0.33204988
vt 0.54166716 0.30807504
vt 0.45472592 0.30807504
vt 0.452661 0.33204988
vt 0.452661 0.30807504
vt 0.54278225 0.33204988
vt 0.45721784 0.30807504
vt 0.45721784 0.33204988
vt 0.54278225 0.30807504
vt 0.45472592 0.33204988
vt 0.54166716 0.30807504
vt 0.5570148 0.33204988
vt 0.45472592 0.30807504
vt 0.452661 0.30807504
vt 0.452661 0.33204988
vt 0.45721784 0.452661
vt 0.54278225 0.452661
vt 0.5450088 0.45472592
vt 0.4549913 0.45472592
vt 0.5450088 0.54166716
vt 0.4549913 0.54166716
vt 0.4549913 0.54166716
vt 0.5450088 0.54166716
vt 0.5450088 0.5570148
vt 0.4549913 0.5570148
vt 0.46361428 0.35577494
vt 0.46712473 0.35577494
vt 0.4671247 0.43101305
vt 0.46361428 0.43101305
vt 0.46010387 0.35577494
vt 0.46010387 0.43101305
vt 0.35577494 0.32615882
vt 0.35577494 0.32095802
vt 0.43101305 0.32095802
vt 0.43101305 0.32615882
vt 0.35577494 0.32095802
vt 0.43101305 0.32095802
vt 0.46361428 0.31575724
vt 0.4671247 0.32095802
vt 0.46361428 0.32615882
vt 0.46010387 0.32095802
vt 0.41319424 0.3253348
vt 0.44728512 0.32533473
vt 0.44728512 0.32096267
vt 0.41319424 0.32096267
vt 0.41319424 0.3165906
vt 0.44728512 0.3165906
vt 0.4778806 0.41319424
vt 0.4812882 0.41319424
vt 0.4812882 0.44728512
vt 0.4778806 0.44728512
vt 0.41319424 0.3165906
vt 0.44728512 0.31659058
vt 0.44728512 0.32096267
vt 0.41319424 0.32096267
vt 0.41319424 0.32533473
vt 0.44728512 0.32533473
vt 0.47634667 0.44704297
vt 0.48282212 0.44704297
vt 0.48282212 0.45590717
vt 0.47634667 0.45590717
vt 0.4812882 0.41319424
vt 0.4778806 0.44728512
vt 0.4812882 0.44728512
vt 0.4778806 0.41319424
vt 0.45590717 0.32096267
vt 0.45590717 0.31265444
vt 0.44704297 0.31265444
vt 0.44704297 0.32096267
vt 0.44704297 0.32927093
vt 0.45590717 0.32927096
vt 0.48282212 0.45590717
vt 0.48282212 0.44704297
vt 0.47634664 0.45590717
vt 0.47634664 0.44704297
vt 0.44704297 0.32096267
vt 0.44704297 0.31265444
vt 0.45590717 0.31265444
vt 0.45590717 0.32096267
vt 0.44704297 0.32927093
vt 0.45590717 0.32927093
vt 0.47634664 0.32927093
vt 0.48282212 0.32927093
vt 0.48605987 0.32096267
vt 0.47634667 0.31265444
vt 0.48282212 0.31265444
vt 0.47310892 0.32096267
vt 0.5448614 0.44859928
vt 0.5448614 0.43797195
vt 0.5361203 0.44859928
vt 0.5361203 0.43797195
vt 0.52737916 0.44859928
vt 0.52737916 0.43797195
vt 0.43797195 0.51373416
vt 0.44859928 0.51373416
vt 0.43797195 0.50078404
vt 0.44859928 0.50078404
vt 0.43797195 0.48783386
vt 0.44859928 0.48783386
vt 0.5361203 0.43797195
vt 0.5448614 0.43797195
vt 0.5448614 0.44859928
vt 0.5361203 0.44859928
vt 0.52737916 0.43797195
vt 0.52737916 0.44859928
vt 0.43797195 0.50078404
vt 0.43797195 0.48783386
vt 0.44859928 0.48783386
vt 0.44859928 0.50078404
vt 0.43797195 0.51373416
vt 0.44859928 0.51373416
vt 0.5361203 0.43797195
vt 0.5448614 0.43797195
vt 0.5429968 0.44108534
vt 0.5361203 0.44108534
vt 0.52924377 0.44108534
vt 0.52737916 0.43797195
vt 0.43797195 0.50078404
vt 0.44108534 0.5109717
vt 0.43797195 0.51373416
vt 0.44108534 0.50078404
vt 0.44108534 0.49059623
vt 0.43797195 0.48783386
vt 0.5429968 0.44108534
vt 0.5448614 0.43797195
vt 0.5361203 0.43797195
vt 0.5361203 0.44108534
vt 0.52924377 0.44108534
vt 0.52737916 0.43797195
vt 0.43797195 0.50078404
vt 0.44108534 0.49059623
vt 0.43797195 0.48783386
vt 0.44108534 0.50078404
vt 0.44108534 0.5109717
vt 0.43797195 0.51373416
vt 0.54258174 0.46042925
vt 0.5361203 0.4920922
vt 0.54258174 0.4920922
vt 0.5361203 0.46042925
vt 0.52965885 0.4920922
vt 0.52965885 0.46042925
vt 0.4920922 0.5103567
vt 0.46042925 0.50078404
vt 0.46042925 0.5103567
vt 0.4920922 0.50078404
vt 0.46042925 0.49121127
vt 0.4920922 0.49121127
vt 0.5361203 0.46042925
vt 0.54258174 0.46042925
vt 0.54258174 0.4920922
vt 0.5361203 0.4920922
vt 0.52965885 0.46042925
vt 0.52965885 0.4920922
vt 0.46042925 0.50078404
vt 0.46042925 0.49121127
vt 0.4920922 0.49121127
vt 0.4920922 0.50078404
vt 0.46042925 0.5103567
vt 0.4920922 0.5103567
vt 0.5448614 0.43447602
vt 0.5361203 0.44859928
vt 0.5448614 0.44859928
vt 0.5361203 0.43447602
vt 0.52737916 0.44859928
vt 0.52737916 0.43447602
vt 0.44859928 0.5683612
vt 0.43447602 0.55541104
vt 0.43447602 0.5683612
vt 0.44859928 0.55541104
vt 0.43447602 0.5424609
vt 0.44859928 0.5424609
vt 0.5361203 0.43447602
vt 0.5448614 0.43447602
vt 0.5448614 0.44859928
vt 0.5361203 0.44859928
vt 0.52737916 0.43447602
vt 0.52737916 0.44859928
vt 0.43447602 0.55541104
vt 0.43447602 0.5424609
vt 0.44859928 0.5424609
vt 0.44859928 0.55541104
vt 0.43447602 0.5683612
vt 0.44859928 0.5683612
vt 0.43959516 0.5278389
vt 0.44859928 0.5278389
vt 0.44859928 0.52346677
vt 0.43959516 0.52346677
vt 0.43959516 0.51909477
vt 0.44859928 0.51909477
vt 0.51388615 0.43959516
vt 0.51729375 0.43959516
vt 0.51729375 0.44859928
vt 0.51388615 0.44859928
vt 0.43959516 0.5234668
vt 0.43959516 0.51909477
vt 0.44859928 0.51909477
vt 0.44859928 0.5234668
vt 0.43959516 0.5278389
vt 0.44859928 0.5278389
vt 0.51729375 0.43959516
vt 0.51388615 0.44859928
vt 0.51729375 0.44859928
vt 0.51388615 0.43959516
vt 0.51388615 0.51909477
vt 0.51899755 0.52346677
vt 0.51729375 0.51909477
vt 0.51388615 0.5278389
vt 0.51218235 0.5234668
vt 0.51729375 0.5278389
vt 0.7255252 0.36115694
vt 0.7248789 0.41347432
vt 0.7183038 0.40926063
vt 0.71889275 0.35888815
vt 0.7270641 0.4105145
vt 0.72775054 0.3568354
vt 0.71333855 0.30990908
vt 0.72191626 0.3052357
vt 0.7059587 0.27520323
vt 0.7130914 0.26599374
vt 0.7049906 0.25581917
vt 0.70034146 0.2669015
vt 0.6961789 0.2624314
vt 0.70722264 0.26819253
vt 0.70174706 0.273509
vt 0.6901274 0.28780237
vt 0.69782233 0.29308587
vt 0.6947144 0.27225652
vt 0.68376756 0.3299309
vt 0.6905668 0.29241005
vt 0.6916946 0.33376282
vt 0.6782917 0.37638187
vt 0.68441033 0.33326682
vt 0.68607396 0.38124663
vt 0.6790457 0.37945476
vt 0.58638036 0.36115694
vt 0.6047496 0.4105145
vt 0.5956297 0.41347432
vt 0.5952375 0.3568354
vt 0.57451874 0.3111761
vt 0.58298874 0.3052357
vt 0.58142537 0.30990908
vt 0.5930474 0.35888815
vt 0.57088894 0.27520323
vt 0.5639498 0.27639467
vt 0.5705046 0.26599374
vt 0.55711704 0.26819253
vt 0.56038463 0.25581917
vt 0.55699503 0.27225652
vt 0.5639279 0.2669015
vt 0.549821 0.2624314
vt 0.5428624 0.28780237
vt 0.55224556 0.29241005
vt 0.53600687 0.3299309
vt 0.54561883 0.33326682
vt 0.5299399 0.37638187
vt 0.5395823 0.37945476
vt 0.5639279 0.70034146
vt 0.55699503 0.6947144
vt 0.5506925 0.70174706
vt 0.55711704 0.70722264
vt 0.5639498 0.71246004
vt 0.57088894 0.7059587
vt 0.687186 0.33055365
vt 0.68006355 0.3765935
vt 0.672745 0.3704226
vt 0.6789346 0.32948148
vt 0.6862808 0.3316267
vt 0.679255 0.3771384
vt 0.6865565 0.29870987
vt 0.67948127 0.29975882
vt 0.68772185 0.29705778
vt 0.6776185 0.26895025
vt 0.6788846 0.26676586
vt 0.67136127 0.27322918
vt 0.66409695 0.24491152
vt 0.6648105 0.24251536
vt 0.65935755 0.25274923
vt 0.64071536 0.21912885
vt 0.64110774 0.21655416
vt 0.63699603 0.22876108
vt 0.6233746 0.20556176
vt 0.6202976 0.21565872
vt 0.6235584 0.20283931
vt 0.5042468 0.33055365
vt 0.5117919 0.3771384
vt 0.50220966 0.3765935
vt 0.5137973 0.3316267
vt 0.5155035 0.29870987
vt 0.5060317 0.29705778
vt 0.5172009 0.26895025
vt 0.50779116 0.26676586
vt 0.5189039 0.24491152
vt 0.50945294 0.24251536
vt 0.5189039 0.66409695
vt 0.50945294 0.6648105
vt 0.51152897 0.64110774
vt 0.5209898 0.64071536
vt 0.5127526 0.6235584
vt 0.52219963 0.6233746
vt 0.68197393 0.34660137
vt 0.6831244 0.39606655
vt 0.67596817 0.392664
vt 0.6747869 0.34705764
vt 0.6844125 0.394365
vt 0.67354506 0.2997057
vt 0.68326795 0.34415308
vt 0.6668204 0.3027419
vt 0.6581653 0.2564925
vt 0.6747464 0.29673994
vt 0.65241474 0.26222202
vt 0.6374866 0.22313333
vt 0.6593119 0.2533754
vt 0.6335031 0.23164725
vt 0.6196318 0.20824274
vt 0.6387642 0.22022271
vt 0.617358 0.21818319
vt 0.6210748 0.20547014
vt 0.49128172 0.34660137
vt 0.50515896 0.394365
vt 0.49570543 0.39606655
vt 0.5006613 0.34415308
vt 0.48693857 0.2997057
vt 0.49626458 0.29673994
vt 0.48292178 0.2564925
vt 0.4922371 0.2533754
vt 0.48150742 0.22313333
vt 0.49083763 0.22022271
vt 0.49227387 0.6210748
vt 0.49083763 0.6387642
vt 0.48150742 0.6374866
vt 0.48295704 0.6196318
vt 0.44166648 0.44358054
vt 0.44859934 0.43012786
vt 0.44166648 0.43012786
vt 0.44859934 0.44358054
vt 0.44166648 0.45944908
vt 0.44859934 0.45944908
vt 0.44166648 0.4753176
vt 0.44859934 0.4753176
vt 0.44166648 0.48877028
vt 0.44859934 0.48877028
vt 0.58886945 0.44859934
vt 0.58886945 0.44166648
vt 0.59794974 0.44166648
vt 0.59794974 0.44859934
vt 0.6086607 0.44166648
vt 0.6086607 0.44859934
vt 0.61937165 0.44166648
vt 0.61937165 0.44859934
vt 0.62845194 0.44166648
vt 0.62845194 0.44859934
vt 0.44859934 0.48877028
vt 0.44166648 0.48877028
vt 0.44166648 0.4753176
vt 0.44859934 0.4753176
vt 0.44166648 0.45944908
vt 0.44859934 0.45944908
vt 0.44166648 0.44358054
vt 0.44859934 0.44358054
vt 0.44166648 0.43012786
vt 0.44859934 0.43012786
vt 0.62845194 0.44859934
vt 0.62845194 0.44166648
vt 0.61937165 0.44166648
vt 0.61937165 0.44859934
vt 0.6086607 0.44166648
vt 0.6086607 0.44859934
vt 0.59794974 0.44166648
vt 0.59794974 0.44859934
vt 0.58886945 0.44166648
vt 0.58886945 0.44859934
vt 0.42793894 0.43486598
vt 0.4328487 0.43486598
vt 0.4328487 0.4461448
vt 0.42793894 0.4461448
vt 0.4328487 0.45944902
vt 0.42793894 0.45944902
vt 0.4328487 0.47275332
vt 0.42793894 0.47275332
vt 0.4328487 0.48403215
vt 0.42793894 0.48403215
vt 0.59968054 0.4328487
vt 0.5920676 0.42793894
vt 0.5920676 0.4328487
vt 0.59968054 0.42793894
vt 0.6086607 0.4328487
vt 0.6086607 0.42793894
vt 0.6176408 0.4328487
vt 0.6176408 0.42793894
vt 0.6252538 0.4328487
vt 0.6252538 0.42793894
vt 0.4328487 0.48403215
vt 0.4328487 0.47275332
vt 0.42793894 0.48403215
vt 0.42793894 0.47275332
vt 0.4328487 0.45944902
vt 0.42793894 0.45944902
vt 0.4328487 0.4461448
vt 0.42793894 0.4461448
vt 0.4328487 0.43486598
vt 0.42793894 0.43486598
vt 0.6252538 0.42793894
vt 0.6252538 0.4328487
vt 0.6176408 0.4328487
vt 0.6176408 0.42793894
vt 0.6086607 0.4328487
vt 0.6086607 0.42793894
vt 0.59968054 0.4328487
vt 0.59968054 0.42793894
vt 0.5920676 0.4328487
vt 0.5920676 0.42793894
vt 0.42249486 0.44268557
vt 0.42793894 0.43163264
vt 0.42249486 0.4284741
vt 0.42793894 0.44439492
vt 0.42249486 0.45944908
vt 0.42793894 0.45944908
vt 0.42793894 0.4745032
vt 0.42249486 0.47621262
vt 0.42793894 0.4872655
vt 0.42249486 0.490424
vt 0.5877532 0.42249486
vt 0.5973456 0.42249486
vt 0.5898851 0.42793894
vt 0.5984994 0.42793894
vt 0.6086607 0.42249486
vt 0.6086607 0.42793894
vt 0.6188219 0.42793894
vt 0.61997575 0.42249486
vt 0.6274363 0.42793894
vt 0.6295682 0.42249486
vt 0.42793894 0.4872655
vt 0.42249486 0.490424
vt 0.42249486 0.47621262
vt 0.42793894 0.4745032
vt 0.42249486 0.45944908
vt 0.42793894 0.45944908
vt 0.42793894 0.44439492
vt 0.42249486 0.44268557
vt 0.42793894 0.43163264
vt 0.42249486 0.4284741
vt 0.61997575 0.42249486
vt 0.6274363 0.42793894
vt 0.6295682 0.42249486
vt 0.6188219 0.42793894
vt 0.6086607 0.42249486
vt 0.6086607 0.42793894
vt 0.5984994 0.42793894
vt 0.5973456 0.42249486
vt 0.5898851 0.42793894
vt 0.5877532 0.42249486
vt 0.6340978 0.42176327
vt 0.63578165 0.41802987
vt 0.624111 0.40647686
vt 0.6224272 0.41021025
vt 0.6295682 0.4284741
vt 0.64189595 0.43905368
vt 0.61997575 0.4189784
vt 0.6086607 0.4156439
vt 0.6359777 0.44268557
vt 0.6086607 0.40615332
vt 0.6446343 0.45944908
vt 0.63822836 0.45944908
vt 0.6448685 0.43817773
vt 0.64760685 0.45857313
vt 0.6359777 0.47621262
vt 0.64189595 0.47984448
vt 0.6340978 0.4971348
vt 0.6295682 0.490424
vt 0.644416 0.4823391
vt 0.6366179 0.49962944
vt 0.61997575 0.4999198
vt 0.6224272 0.5086879
vt 0.6086607 0.5127448
vt 0.62301844 0.5130918
vt 0.609252 0.51714873
vt 0.6086607 0.5032543
vt 0.5948942 0.5086879
vt 0.5973456 0.4999198
vt 0.5832235 0.4971348
vt 0.5877532 0.490424
vt 0.5813437 0.47621262
vt 0.5815397 0.5008683
vt 0.5932104 0.5124213
vt 0.5754254 0.47984448
vt 0.5726871 0.45944908
vt 0.579093 0.45944908
vt 0.57245284 0.48072043
vt 0.56971455 0.46032506
vt 0.5813437 0.44268557
vt 0.5754254 0.43905368
vt 0.5877532 0.4284741
vt 0.5832235 0.42176327
vt 0.5807035 0.41926873
vt 0.5729054 0.43655908
vt 0.5948942 0.41021025
vt 0.5973456 0.4189784
vt 0.5943029 0.4058064
vt 0.6080694 0.40174943
vt 0.624111 0.40647686
vt 0.63578165 0.41802987
vt 0.6340978 0.42176327
vt 0.6224272 0.41021025
vt 0.61937165 0.4211391
vt 0.62845194 0.43012786
vt 0.6086607 0.4179826
vt 0.64189595 0.43905368
vt 0.6345192 0.44358054
vt 0.6086607 0.40615332
vt 0.6446343 0.45944908
vt 0.6366497 0.45944908
vt 0.6448685 0.43817773
vt 0.64760685 0.45857313
vt 0.6345192 0.4753176
vt 0.64189595 0.47984448
vt 0.6340978 0.4971348
vt 0.62845194 0.48877028
vt 0.644416 0.4823391
vt 0.6366179 0.49962944
vt 0.61937165 0.4977591
vt 0.6224272 0.5086879
vt 0.6086607 0.5127448
vt 0.6086607 0.5009155
vt 0.62301844 0.5130918
vt 0.609252 0.51714873
vt 0.59794974 0.4977591
vt 0.5948942 0.5086879
vt 0.5832235 0.4971348
vt 0.58886945 0.48877028
vt 0.5828022 0.4753176
vt 0.5815397 0.5008683
vt 0.5932104 0.5124213
vt 0.5754254 0.47984448
vt 0.5726871 0.45944908
vt 0.5806716 0.45944908
vt 0.57245284 0.48072043
vt 0.56971455 0.46032506
vt 0.5828022 0.44358054
vt 0.5754254 0.43905368
vt 0.58886945 0.43012786
vt 0.5832235 0.42176327
vt 0.5807035 0.41926873
vt 0.5729054 0.43655908
vt 0.5948942 0.41021025
vt 0.59794974 0.4211391
vt 0.5943029 0.4058064
vt 0.6080694 0.40174943
vt 0.6448685 0.4358465
vt 0.64189595 0.42249486
vt 0.6448685 0.42249486
vt 0.64189595 0.43743792
vt 0.43743792 0.43905368
vt 0.42249486 0.42176327
vt 0.42249486 0.43905368
vt 0.43743792 0.42176327
vt 0.4358465 0.5008683
vt 0.42249486 0.5008683
vt 0.42249486 0.4971348
vt 0.43743792 0.4971348
vt 0.6366179 0.4358465
vt 0.6366179 0.42249486
vt 0.6340978 0.42249486
vt 0.6340978 0.43743792
vt 0.4358465 0.45857313
vt 0.42249486 0.43817773
vt 0.42249486 0.45857313
vt 0.4358465 0.43817773
vt 0.43743792 0.4971348
vt 0.42249486 0.4971348
vt 0.43743792 0.47984448
vt 0.42249486 0.47984448
vt 0.4358465 0.5124213
vt 0.42249486 0.5086879
vt 0.42249486 0.5124213
vt 0.43743792 0.5086879
vt 0.4358465 0.48072043
vt 0.42249486 0.48072043
vt 0.4358465 0.46032506
vt 0.42249486 0.46032506
vt 0.42249486 0.41021025
vt 0.4358465 0.4058064
vt 0.43743792 0.41021025
vt 0.42249486 0.4058064
vt 0.4358465 0.41926873
vt 0.4358465 0.43655908
vt 0.42249486 0.43655908
vt 0.42249486 0.41926873
vt 0.57245284 0.4358465
vt 0.5754254 0.43743792
vt 0.5754254 0.42249486
vt 0.57245284 0.42249486
vt 0.4358465 0.49962944
vt 0.42249486 0.4823391
vt 0.42249486 0.49962944
vt 0.4358465 0.4823391
vt 0.5729054 0.4358465
vt 0.5754254 0.43743792
vt 0.5754254 0.42249486
vt 0.5729054 0.42249486
vt 0.6080694 0.42249486
vt 0.6080694 0.4358465
vt 0.5943029 0.42249486
vt 0.5943029 0.4358465
vt 0.6224272 0.42249486
vt 0.6224272 0.43743792
vt 0.6086607 0.42249486
vt 0.6086607 0.43743792
vt 0.4358465 0.51714873
vt 0.42249486 0.51714873
vt 0.42249486 0.5127448
vt 0.43743792 0.5127448
vt 0.609252 0.4358465
vt 0.62301844 0.4358465
vt 0.62301844 0.42249486
vt 0.609252 0.42249486
vt 0.5726871 0.42249486
vt 0.5726871 0.43743792
vt 0.56971455 0.4358465
vt 0.56971455 0.42249486
vt 0.5948942 0.42249486
vt 0.5948942 0.43743792
vt 0.5832235 0.42249486
vt 0.5832235 0.43743792
vt 0.63578165 0.42249486
vt 0.63578165 0.4358465
vt 0.624111 0.42249486
vt 0.624111 0.4358465
vt 0.43743792 0.45944908
vt 0.42249486 0.45944908
vt 0.43743792 0.43905368
vt 0.42249486 0.43905368
vt 0.4358465 0.5130918
vt 0.42249486 0.5086879
vt 0.42249486 0.5130918
vt 0.43743792 0.5086879
vt 0.5815397 0.4358465
vt 0.5932104 0.4358465
vt 0.5932104 0.42249486
vt 0.5815397 0.42249486
vt 0.64760685 0.4358465
vt 0.64760685 0.42249486
vt 0.6446343 0.42249486
vt 0.6446343 0.43743792
vt 0.42249486 0.40615332
vt 0.43743792 0.40615332
vt 0.4358465 0.40174943
vt 0.42249486 0.40174943
vt 0.43743792 0.47984448
vt 0.42249486 0.45944908
vt 0.42249486 0.47984448
vt 0.43743792 0.45944908
vt 0.5832235 0.42249486
vt 0.5832235 0.43743792
vt 0.5807035 0.4358465
vt 0.5807035 0.42249486
vt 0.6224272 0.43743792
vt 0.6340978 0.43743792
vt 0.6340978 0.42249486
vt 0.6224272 0.42249486
vt 0.42249486 0.41021025
vt 0.4358465 0.40647686
vt 0.43743792 0.41021025
vt 0.42249486 0.40647686
vt 0.5948942 0.43743792
vt 0.6086607 0.43743792
vt 0.6086607 0.42249486
vt 0.5948942 0.42249486
vt 0.644416 0.4358465
vt 0.64189595 0.42249486
vt 0.644416 0.42249486
vt 0.64189595 0.43743792
vt 0.42249486 0.42176327
vt 0.43743792 0.42176327
vt 0.4358465 0.41802987
vt 0.42249486 0.41802987
vt 0.54582095 0.17384464
vt 0.54582095 0.152834
vt 0.52479815 0.152834
vt 0.52479815 0.17384464
vt 0.50000006 0.152834
vt 0.50000006 0.17384464
vt 0.47520193 0.152834
vt 0.47520193 0.17384464
vt 0.4541791 0.152834
vt 0.4541791 0.17384464
vt 0.4626185 0.1933308
vt 0.4626185 0.17528409
vt 0.47976932 0.17528409
vt 0.47976932 0.1933308
vt 0.50000006 0.17528409
vt 0.50000006 0.1933308
vt 0.52023077 0.17528409
vt 0.52023077 0.1933308
vt 0.5373816 0.17528409
vt 0.5373816 0.1933308
vt 0.5373816 0.1933308
vt 0.5373816 0.17528409
vt 0.52023077 0.17528409
vt 0.52023077 0.1933308
vt 0.50000006 0.19333076
vt 0.50000006 0.17528409
vt 0.4797693 0.17528409
vt 0.4797693 0.1933308
vt 0.4626185 0.17528409
vt 0.4626185 0.1933308
vt 0.63017744 0.1933308
vt 0.6142716 0.1933308
vt 0.63017744 0.17528409
vt 0.6142716 0.17528409
vt 0.5955093 0.19333076
vt 0.5955093 0.17528409
vt 0.57674706 0.17528409
vt 0.57674706 0.1933308
vt 0.5608412 0.1933308
vt 0.5608412 0.17528409
vt 0.5608412 0.1933308
vt 0.57674706 0.1933308
vt 0.5608412 0.17528409
vt 0.57674706 0.17528409
vt 0.5955093 0.19333076
vt 0.5955093 0.17528409
vt 0.6142716 0.17528409
vt 0.6142716 0.1933308
vt 0.63017744 0.1933308
vt 0.63017744 0.17528409
vt 0.34768158 0.13946652
vt 0.33832508 0.08452201
vt 0.29328847 0.05504036
vt 0.28756583 0.05635217
vt 0.5632119 0.08452201
vt 0.57312703 0.13946652
vt 0.56143296 0.13946652
vt 0.574906 0.08452201
vt 0.58103275 0.29328847
vt 0.574906 0.33832508
vt 0.5632119 0.33641273
vt 0.5740636 0.2921488
vt 0.5751515 0.28642613
vt 0.58212095 0.28756583
vt 0.35204214 0.119791776
vt 0.34680235 0.1347639
vt 0.34845626 0.14053512
vt 0.3691309 0.10314208
vt 0.34834558 0.10138598
vt 0.35558742 0.08154485
vt 0.3643011 0.08182603
vt 0.37548506 0.061748028
vt 0.36755073 0.07391918
vt 0.3718859 0.088415086
vt 0.38968834 0.06715891
vt 0.39090216 0.08179957
vt 0.36002308 0.12495488
vt 0.35920924 0.11920446
vt 0.32586694 0.06466061
vt 0.32682776 0.077080786
vt 0.3447503 0.06766459
vt 0.34794262 0.04450485
vt 0.36424392 0.057181865
vt 0.36294976 0.07273358
vt 0.35280144 0.08204085
vt 0.3883341 0.08061525
vt 0.3546614 0.063877285
vt 0.35360593 0.080726445
vt 0.3930392 0.06966472
vt 0.5783234 0.36424392
vt 0.5755793 0.3640179
vt 0.5772705 0.34771657
vt 0.5800146 0.34794262
vt 0.5819221 0.32586694
vt 0.579178 0.32564098
vt 0.5755437 0.07267183
vt 0.5755793 0.057120085
vt 0.5783234 0.057181865
vt 0.57828784 0.07273358
vt 0.57916427 0.35280144
vt 0.5764201 0.35257542
vt 0.5755437 0.3627237
vt 0.57828784 0.36294976
vt 0.5773387 0.06760281
vt 0.5764201 0.081979096
vt 0.57916427 0.08204085
vt 0.58008283 0.06766459
vt 0.58170265 0.32682776
vt 0.5789586 0.32660174
vt 0.5773387 0.34452432
vt 0.58008283 0.3447503
vt 0.58170265 0.077080786
vt 0.5819221 0.06466061
vt 0.579178 0.06459883
vt 0.5789586 0.077018976
vt 0.34452432 0.06760281
vt 0.32660174 0.077018976
vt 0.32564098 0.06459883
vt 0.34771657 0.04444307
vt 0.3640179 0.057120085
vt 0.3627237 0.07267183
vt 0.35257542 0.081979096
vt 0.56608707 0.06722352
vt 0.56867653 0.08179957
vt 0.565893 0.08186415
vt 0.56887054 0.06715891
vt 0.57522386 0.35933506
vt 0.565893 0.39021412
vt 0.56867653 0.39090216
vt 0.5780074 0.36002308
vt 0.57539696 0.11926907
vt 0.57522386 0.12501949
vt 0.5780074 0.12495488
vt 0.57818055 0.11920446
vt 0.5742117 0.088415086
vt 0.5714282 0.0884797
vt 0.57252085 0.07398379
vt 0.5714282 0.0884797
vt 0.5742117 0.088415086
vt 0.5753044 0.07391918
vt 0.57252085 0.36686265
vt 0.5753044 0.36755073
vt 0.5728954 0.37548506
vt 0.5701118 0.374797
vt 0.56608707 0.38900027
vt 0.56887054 0.38968834
vt 0.3711978 0.0884797
vt 0.36686265 0.07398379
vt 0.374797 0.06181261
vt 0.38900027 0.06722352
vt 0.39021412 0.08186415
vt 0.35933506 0.12501949
vt 0.35852122 0.11926907
vt 0.55821735 0.07963061
vt 0.5582224 0.064608246
vt 0.5731339 0.07963061
vt 0.573139 0.064608246
vt 0.55821735 0.35394436
vt 0.5731339 0.35638362
vt 0.5746616 0.34834835
vt 0.559745 0.34590906
vt 0.57547617 0.3440642
vt 0.5768859 0.33664948
vt 0.56196934 0.33421022
vt 0.5605596 0.34162492
vt 0.29749995 0.038351715
vt 0.2937636 0.049440444
vt 0.33172047 0.06925002
vt 0.3359305 0.055383474
vt 0.3440642 0.076541066
vt 0.33664948 0.08106664
vt 0.3563567 0.064608246
vt 0.35638362 0.07963061
vt 0.34834835 0.08754012
vt 0.5600546 0.35273176
vt 0.5718546 0.3546614
vt 0.5643604 0.3930392
vt 0.5529435 0.39117223
vt 0.56253505 0.1347639
vt 0.57229924 0.1347639
vt 0.572532 0.119791776
vt 0.560384 0.119791776
vt 0.55897033 0.10138598
vt 0.5754872 0.10138598
vt 0.5722828 0.08154485
vt 0.55931073 0.08154485
vt 0.55931073 0.35346618
vt 0.5722828 0.35558742
vt 0.5706261 0.3643011
vt 0.557654 0.36217976
vt 0.34576926 0.13946652
vt 0.28642613 0.05635217
vt 0.2921488 0.05504036
vt 0.33641273 0.08452201
vt 0.3468595 0.14053512
vt 0.3452057 0.1347639
vt 0.35005558 0.119791776
vt 0.36642998 0.10314208
vt 0.3456446 0.10138598
vt 0.35346618 0.08154485
vt 0.36217976 0.08182603
vt 0.36816975 0.088415086
vt 0.3637495 0.07391918
vt 0.37196952 0.061748028
vt 0.3865928 0.06715891
vt 0.387795 0.08179957
vt 0.3558185 0.12495488
vt 0.35499883 0.11920446
vt 0.34080845 0.06766459
vt 0.32345295 0.077080786
vt 0.32248056 0.06466061
vt 0.34382984 0.04450485
vt 0.35968453 0.057181865
vt 0.35847968 0.07273358
vt 0.34866542 0.08204085
vt 0.38645935 0.08061525
vt 0.3516763 0.080726445
vt 0.35273176 0.063877285
vt 0.39117223 0.06966472
vt 0.5575265 0.34448788
vt 0.553104 0.36034256
vt 0.550442 0.35968453
vt 0.5548645 0.34382984
vt 0.5612133 0.32248056
vt 0.5638753 0.32313854
vt 0.553104 0.057120085
vt 0.5536146 0.07267183
vt 0.5509527 0.07273358
vt 0.550442 0.057181865
vt 0.55653363 0.34932342
vt 0.5538717 0.34866542
vt 0.5536146 0.35913774
vt 0.5509527 0.35847968
vt 0.5538717 0.08204085
vt 0.55653363 0.081979096
vt 0.5559777 0.06766459
vt 0.5586397 0.06760281
vt 0.56372714 0.32411095
vt 0.5610652 0.32345295
vt 0.5586397 0.3414665
vt 0.5559777 0.34080845
vt 0.5610652 0.077080786
vt 0.56372714 0.077018976
vt 0.5612133 0.06466061
vt 0.5638753 0.06459883
vt 0.35913774 0.07267183
vt 0.3414665 0.06760281
vt 0.34932342 0.081979096
vt 0.36034256 0.057120085
vt 0.34448788 0.04444307
vt 0.32313854 0.06459883
vt 0.32411095 0.077018976
vt 0.55254525 0.08186415
vt 0.5496758 0.08179957
vt 0.5499411 0.06715891
vt 0.5528105 0.06722352
vt 0.5496758 0.387795
vt 0.55254525 0.38803136
vt 0.55516493 0.3560549
vt 0.5522955 0.3558185
vt 0.55516493 0.12501949
vt 0.552433 0.11920446
vt 0.5522955 0.12495488
vt 0.5553024 0.11926907
vt 0.5543569 0.0884797
vt 0.55148745 0.088415086
vt 0.55148745 0.088415086
vt 0.5543569 0.0884797
vt 0.5520594 0.07391918
vt 0.55492884 0.07398379
vt 0.5520594 0.3637495
vt 0.55492884 0.36398584
vt 0.551397 0.37196952
vt 0.55426645 0.37220585
vt 0.5528105 0.3868292
vt 0.5499411 0.3865928
vt 0.3560549 0.12501949
vt 0.36840615 0.0884797
vt 0.35523516 0.11926907
vt 0.38803136 0.08186415
vt 0.3868292 0.06722352
vt 0.37220585 0.06181261
vt 0.36398584 0.07398379
vt 0.5746616 0.08754012
vt 0.5605596 0.076541066
vt 0.559745 0.08754012
vt 0.57547617 0.076541066
vt 0.5768859 0.08106664
vt 0.56290644 0.06925002
vt 0.56196934 0.08106664
vt 0.57782304 0.06925002
vt 0.56290644 0.32928124
vt 0.57782304 0.33172047
vt 0.57437456 0.29275945
vt 0.5805154 0.2937636
vt 0.57437456 0.049440444
vt 0.5805154 0.049440444
vt 0.579805 0.038351715
vt 0.5736642 0.038351715
vt 0.5770226 0.3359305
vt 0.573139 0.3563567
vt 0.5582224 0.35391742
vt 0.562106 0.3334912
vt 0.5736642 0.29649577
vt 0.579805 0.29749995
vt 0.29275945 0.049440444
vt 0.29649577 0.038351715
vt 0.32928124 0.06925002
vt 0.3334912 0.055383474
vt 0.34162492 0.076541066
vt 0.33421022 0.08106664
vt 0.35391742 0.064608246
vt 0.35394436 0.07963061
vt 0.34590906 0.08754012
vt 0.5652795 0.08061525
vt 0.55381507 0.08061525
vt 0.5643604 0.06966472
vt 0.5529435 0.06966472
vt 0.55381507 0.38645935
vt 0.5652795 0.3883341
vt 0.5602553 0.3516763
vt 0.5720553 0.35360593
vt 0.5715352 0.10314208
vt 0.55501854 0.10314208
vt 0.557654 0.08182603
vt 0.5706261 0.08182603
vt 0.57198477 0.14053512
vt 0.5622207 0.14053512
vt 0.5715352 0.10314208
vt 0.55501854 0.10314208
vt 0.5759651 0.3462034
vt 0.5857014 0.27516297
vt 0.576361 0.2736356
vt 0.55931115 0.34347996
vt 0.55785245 0.35002714
vt 0.57492137 0.3528184
vt 0.55656993 0.35245496
vt 0.5752312 0.35550666
vt 0.576361 0.041802406
vt 0.5857014 0.041802406
vt 0.58610094 0.03925082
vt 0.57576495 0.03925082
vt 0.34746403 0.1387955
vt 0.3528184 0.15108871
vt 0.35550666 0.1499036
vt 0.3462034 0.14147624
vt 0.27516297 0.041802406
vt 0.27576122 0.03925082
vt 0.32655525 0.09530723
vt 0.33626226 0.094489664
vt 0.35454416 0.12280324
vt 0.3444572 0.1387955
vt 0.35245496 0.1499036
vt 0.35002714 0.15108871
vt 0.34347996 0.14147624
vt 0.2736356 0.041802406
vt 0.2740711 0.03925082
vt 0.32344255 0.09530723
vt 0.33255735 0.094489664
vt 0.35072738 0.12280324
vt 0.576619 0.34746403
vt 0.5752312 0.35550666
vt 0.55656993 0.35245496
vt 0.55823183 0.3444572
vt 0.55823183 0.1387955
vt 0.5778264 0.12280324
vt 0.576619 0.1387955
vt 0.55448616 0.12280324
vt 0.58094954 0.33626226
vt 0.5778264 0.35454416
vt 0.55448616 0.35072738
vt 0.5582936 0.33255735
vt 0.580928 0.32655525
vt 0.5618936 0.32344255
vt 0.57576495 0.2740711
vt 0.58610094 0.27576122
vt 0.543583 0.16333932
vt 0.5424318 0.17384464
vt 0.5464956 0.17384464
vt 0.5476468 0.16333932
vt 0.5464956 0.152834
vt 0.5424318 0.152834
vt 0.5324683 0.5464956
vt 0.5345116 0.5424318
vt 0.5280851 0.5396526
vt 0.5260418 0.5437164
vt 0.51961523 0.5409372
vt 0.5216586 0.53687334
vt 0.539786 0.16333932
vt 0.5409372 0.17384464
vt 0.53687334 0.17384464
vt 0.5357222 0.16333932
vt 0.5368734 0.152834
vt 0.5409372 0.152834
vt 0.51961523 0.5409372
vt 0.52165854 0.5368734
vt 0.5280851 0.5396526
vt 0.52604175 0.54371643
vt 0.5324683 0.5464956
vt 0.5345116 0.5424318
vt 0.5534522 0.10673857
vt 0.56150246 0.10673857
vt 0.5559625 0.0822652
vt 0.5635627 0.0822652
vt 0.5633697 0.07019791
vt 0.5556536 0.07019791
vt 0.55976903 0.094263375
vt 0.5517236 0.094263375
vt 0.5541593 0.07037878
vt 0.5619914 0.07037878
vt 0.395779 0.07037878
vt 0.388215 0.07019791
vt 0.38688552 0.0822652
vt 0.40804842 0.094263375
vt 0.3989446 0.10673857
vt 0.3856427 0.0822652
vt 0.38695323 0.07019791
vt 0.39449826 0.07037878
vt 0.4067328 0.094263375
vt 0.39762813 0.10673857
vt 0.5321279 0.16333932
vt 0.5216586 0.17384464
vt 0.5280851 0.17819607
vt 0.5189966 0.16333932
vt 0.52165854 0.152834
vt 0.5280851 0.14848256
vt 0.5424318 0.17384464
vt 0.543583 0.16333932
vt 0.5424318 0.152834
vt 0.5494038 0.48383737
vt 0.5335127 0.4812387
vt 0.53259 0.48609212
vt 0.548481 0.4886908
vt 0.5234872 0.5339693
vt 0.5393782 0.5365679
vt 0.5393782 0.17871213
vt 0.5234872 0.17871213
vt 0.5235005 0.16457993
vt 0.5393915 0.16457993
vt 0.48609212 0.19825932
vt 0.53389925 0.16457993
vt 0.5339693 0.17871213
vt 0.4812387 0.1916539
vt 0.5494038 0.48383737
vt 0.5393915 0.53649783
vt 0.5235005 0.53389925
vt 0.5335127 0.4812387
vt 0.48383737 0.1916539
vt 0.4886908 0.19825932
vt 0.53649783 0.16457993
vt 0.5365679 0.17871213
vt 0.5223687 0.15430585
vt 0.541507 0.15430585
vt 0.5407736 0.16287345
vt 0.5216353 0.16287345
vt 0.5216645 0.17286435
vt 0.5408028 0.17286435
vt 0.5539542 0.1601479
vt 0.5350077 0.15485224
vt 0.5348159 0.1601479
vt 0.55414605 0.15485224
vt 0.541507 0.53417647
vt 0.5223687 0.53104687
vt 0.5322928 0.4788502
vt 0.55143106 0.48197982
vt 0.55211186 0.47839883
vt 0.5329736 0.4752692
vt 0.5231223 0.52708334
vt 0.5216645 0.5347507
vt 0.5408028 0.5378803
vt 0.5422606 0.530213
vt 0.5350077 0.4645704
vt 0.55414605 0.46770003
vt 0.55211186 0.47839883
vt 0.5329736 0.4752692
vt 0.5539542 0.468709
vt 0.52412367 0.5218166
vt 0.54326195 0.5249462
vt 0.5348159 0.46557933
vt 0.52708334 0.17255571
vt 0.5349043 0.16287345
vt 0.5347507 0.17286435
vt 0.5218166 0.16235891
vt 0.53104687 0.15430585
vt 0.4788502 0.14836222
vt 0.46557933 0.1601479
vt 0.4752692 0.1433534
vt 0.4645704 0.15485224
vt 0.5422606 0.17255571
vt 0.52412367 0.16235891
vt 0.5231223 0.17255571
vt 0.54326195 0.16235891
vt 0.530213 0.17255571
vt 0.5378803 0.17286435
vt 0.5380339 0.16287345
vt 0.5249462 0.16235891
vt 0.53417647 0.15430585
vt 0.48197982 0.14836222
vt 0.468709 0.1601479
vt 0.47839883 0.1433534
vt 0.46770003 0.15485224
vt 0.53508663 0.53013813
vt 0.5464066 0.47059953
vt 0.5412111 0.46974993
vt 0.5298912 0.52928853
vt 0.5262353 0.16029721
vt 0.47315395 0.15821028
vt 0.47059953 0.16534564
vt 0.53013813 0.16768646
vt 0.5253857 0.16029721
vt 0.52928853 0.16768646
vt 0.46974993 0.16534564
vt 0.47230434 0.15821028
vt 0.5506656 0.20547673
vt 0.5418295 0.20547673
vt 0.54683715 0.15675038
vt 0.53800106 0.15675038
vt 0.45662558 0.20547673
vt 0.45362836 0.19781324
vt 0.47069636 0.1565119
vt 0.47676194 0.15675038
vt 0.45807052 0.20547673
vt 0.47820687 0.15675038
vt 0.4721413 0.1565119
vt 0.4550733 0.19781324
vt 0.5479904 0.1565119
vt 0.54239935 0.19781324
vt 0.5512355 0.19781324
vt 0.5391543 0.1565119
vt 0.549867 0.09033084
vt 0.5586233 0.09033084
vt 0.549046 0.18856016
vt 0.5380817 0.18856016
vt 0.53851575 0.21706766
vt 0.54950255 0.21706766
vt 0.55176824 0.4046766
vt 0.56048554 0.40610206
vt 0.5586233 0.41599995
vt 0.549867 0.41456807
vt 0.4046766 0.09186092
vt 0.41456807 0.09033084
vt 0.4705671 0.18856016
vt 0.46822432 0.21706766
vt 0.40610206 0.09186092
vt 0.47002095 0.21706766
vt 0.47236007 0.18856016
vt 0.41599995 0.09033084
vt 0.4596866 0.23349577
vt 0.47169966 0.22470045
vt 0.46469158 0.23427409
vt 0.39718205 0.07794711
vt 0.3890649 0.08903539
vt 0.5375027 0.23349577
vt 0.5536027 0.23349577
vt 0.5521392 0.08903539
vt 0.5658934 0.08903539
vt 0.53657126 0.46469158
vt 0.55263215 0.467318
vt 0.5536027 0.4623194
vt 0.5375027 0.4596866
vt 0.5352701 0.47169966
vt 0.55127037 0.47431615
vt 0.55263215 0.467318
vt 0.53657126 0.46469158
vt 0.4623194 0.23349577
vt 0.39943153 0.07794711
vt 0.39131412 0.08903539
vt 0.47431615 0.22470045
vt 0.467318 0.23427409
vt 0.5505951 0.07794711
vt 0.55127037 0.22470045
vt 0.5352701 0.22470045
vt 0.56435084 0.07794711
vt 0.5556536 0.38695323
vt 0.5633697 0.388215
vt 0.5619914 0.395779
vt 0.5541593 0.39449826
vt 0.34768158 0.13946652
vt 0.28756583 0.05635217
vt 0.29328847 0.05504036
vt 0.33832508 0.08452201
vt 0.43856713 0.13946652
vt 0.42687303 0.13946652
vt 0.43678817 0.08452201
vt 0.42509413 0.08452201
vt 0.43678817 0.33641273
vt 0.42509413 0.33832508
vt 0.41896734 0.29328847
vt 0.4259365 0.2921488
vt 0.42484856 0.28642613
vt 0.4178791 0.28756583
vt 0.34845626 0.14053512
vt 0.34680235 0.1347639
vt 0.35204214 0.119791776
vt 0.3691309 0.10314208
vt 0.34834558 0.10138598
vt 0.35558742 0.08154485
vt 0.3643011 0.08182603
vt 0.3718859 0.088415086
vt 0.36755073 0.07391918
vt 0.37548506 0.061748028
vt 0.38968834 0.06715891
vt 0.39090216 0.08179957
vt 0.36002308 0.12495488
vt 0.35920924 0.11920446
vt 0.3447503 0.06766459
vt 0.32682776 0.077080786
vt 0.32586694 0.06466061
vt 0.34794262 0.04450485
vt 0.36424392 0.057181865
vt 0.36294976 0.07273358
vt 0.35280144 0.08204085
vt 0.3883341 0.08061525
vt 0.35360593 0.080726445
vt 0.3546614 0.063877285
vt 0.3930392 0.06966472
vt 0.4216767 0.36424392
vt 0.42272958 0.34771657
vt 0.4244208 0.3640179
vt 0.41998547 0.34794262
vt 0.418078 0.32586694
vt 0.42082214 0.32564098
vt 0.42445636 0.07267183
vt 0.42171225 0.07273358
vt 0.4216767 0.057181865
vt 0.4244208 0.057120085
vt 0.42171225 0.36294976
vt 0.42445636 0.3627237
vt 0.4208358 0.35280144
vt 0.42357993 0.35257542
vt 0.4208358 0.08204085
vt 0.42357993 0.081979096
vt 0.4226614 0.06760281
vt 0.4199173 0.06766459
vt 0.4199173 0.3447503
vt 0.4226614 0.34452432
vt 0.4182974 0.32682776
vt 0.42104152 0.32660174
vt 0.4182974 0.077080786
vt 0.42104152 0.077018976
vt 0.42082214 0.06459883
vt 0.418078 0.06466061
vt 0.32564098 0.06459883
vt 0.32660174 0.077018976
vt 0.34452432 0.06760281
vt 0.34771657 0.04444307
vt 0.3640179 0.057120085
vt 0.3627237 0.07267183
vt 0.35257542 0.081979096
vt 0.43410712 0.08186415
vt 0.43132356 0.08179957
vt 0.43391305 0.06722352
vt 0.43112952 0.06715891
vt 0.43132356 0.39090216
vt 0.43410712 0.39021412
vt 0.4247762 0.35933506
vt 0.4219927 0.36002308
vt 0.4219927 0.12495488
vt 0.4247762 0.12501949
vt 0.4246031 0.11926907
vt 0.42181957 0.11920446
vt 0.42578837 0.088415086
vt 0.4285719 0.0884797
vt 0.42578837 0.088415086
vt 0.4285719 0.0884797
vt 0.42747927 0.07398379
vt 0.42469573 0.07391918
vt 0.42469573 0.36755073
vt 0.42747927 0.36686265
vt 0.4271047 0.37548506
vt 0.42988825 0.374797
vt 0.43391305 0.38900027
vt 0.43112952 0.38968834
vt 0.374797 0.06181261
vt 0.36686265 0.07398379
vt 0.3711978 0.0884797
vt 0.38900027 0.06722352
vt 0.39021412 0.08186415
vt 0.35933506 0.12501949
vt 0.35852122 0.11926907
vt 0.44178277 0.07963061
vt 0.4268662 0.07963061
vt 0.44177768 0.064608246
vt 0.42686108 0.064608246
vt 0.44178277 0.35394436
vt 0.4253385 0.34834835
vt 0.4268662 0.35638362
vt 0.44025508 0.34590906
vt 0.42452395 0.3440642
vt 0.43944052 0.34162492
vt 0.43803078 0.33421022
vt 0.42311418 0.33664948
vt 0.2937636 0.049440444
vt 0.29749995 0.038351715
vt 0.33172047 0.06925002
vt 0.3359305 0.055383474
vt 0.3440642 0.076541066
vt 0.33664948 0.08106664
vt 0.3563567 0.064608246
vt 0.35638362 0.07963061
vt 0.34834835 0.08754012
vt 0.42814547 0.3546614
vt 0.43994552 0.35273176
vt 0.4356397 0.3930392
vt 0.44705656 0.39117223
vt 0.437465 0.1347639
vt 0.42746806 0.119791776
vt 0.42770085 0.1347639
vt 0.4396161 0.119791776
vt 0.4410298 0.10138598
vt 0.42451292 0.10138598
vt 0.4277173 0.08154485
vt 0.44068938 0.08154485
vt 0.44068938 0.35346618
vt 0.42937398 0.3643011
vt 0.4277173 0.35558742
vt 0.44234607 0.36217976
vt 0.34576926 0.13946652
vt 0.33641273 0.08452201
vt 0.2921488 0.05504036
vt 0.28642613 0.05635217
vt 0.35005558 0.119791776
vt 0.3452057 0.1347639
vt 0.3468595 0.14053512
vt 0.36642998 0.10314208
vt 0.3456446 0.10138598
vt 0.35346618 0.08154485
vt 0.36217976 0.08182603
vt 0.37196952 0.061748028
vt 0.3637495 0.07391918
vt 0.36816975 0.088415086
vt 0.3865928 0.06715891
vt 0.387795 0.08179957
vt 0.3558185 0.12495488
vt 0.35499883 0.11920446
vt 0.32248056 0.06466061
vt 0.32345295 0.077080786
vt 0.34080845 0.06766459
vt 0.34382984 0.04450485
vt 0.35968453 0.057181865
vt 0.35847968 0.07273358
vt 0.34866542 0.08204085
vt 0.38645935 0.08061525
vt 0.35273176 0.063877285
vt 0.3516763 0.080726445
vt 0.39117223 0.06966472
vt 0.44955814 0.35968453
vt 0.44689614 0.36034256
vt 0.4424736 0.34448788
vt 0.4451356 0.34382984
vt 0.43878675 0.32248056
vt 0.43612477 0.32313854
vt 0.44689614 0.057120085
vt 0.44904742 0.07273358
vt 0.44638544 0.07267183
vt 0.44955814 0.057181865
vt 0.44638544 0.35913774
vt 0.44904742 0.35847968
vt 0.44612843 0.34866542
vt 0.44346645 0.34932342
vt 0.44346645 0.081979096
vt 0.44612843 0.08204085
vt 0.4440224 0.06766459
vt 0.4413604 0.06760281
vt 0.4413604 0.3414665
vt 0.4440224 0.34080845
vt 0.43893492 0.32345295
vt 0.43627292 0.32411095
vt 0.43627292 0.077018976
vt 0.43893492 0.077080786
vt 0.43878675 0.06466061
vt 0.43612477 0.06459883
vt 0.35913774 0.07267183
vt 0.34932342 0.081979096
vt 0.3414665 0.06760281
vt 0.36034256 0.057120085
vt 0.34448788 0.04444307
vt 0.32313854 0.06459883
vt 0.32411095 0.077018976
vt 0.44745487 0.08186415
vt 0.4471896 0.06722352
vt 0.450059 0.06715891
vt 0.4503243 0.08179957
vt 0.4503243 0.387795
vt 0.44770458 0.3558185
vt 0.4448352 0.3560549
vt 0.44745487 0.38803136
vt 0.4448352 0.12501949
vt 0.44770458 0.12495488
vt 0.4475671 0.11920446
vt 0.44469768 0.11926907
vt 0.44564325 0.0884797
vt 0.44851267 0.088415086
vt 0.44564325 0.0884797
vt 0.44851267 0.088415086
vt 0.44794068 0.07391918
vt 0.44507125 0.07398379
vt 0.44507125 0.36398584
vt 0.44794068 0.3637495
vt 0.44860306 0.37196952
vt 0.44573364 0.37220585
vt 0.4471896 0.3868292
vt 0.450059 0.3865928
vt 0.3560549 0.12501949
vt 0.35523516 0.11926907
vt 0.36840615 0.0884797
vt 0.38803136 0.08186415
vt 0.3868292 0.06722352
vt 0.37220585 0.06181261
vt 0.36398584 0.07398379
vt 0.4253385 0.08754012
vt 0.44025508 0.08754012
vt 0.43944052 0.076541066
vt 0.42452395 0.076541066
vt 0.42311418 0.08106664
vt 0.43803078 0.08106664
vt 0.43709365 0.06925002
vt 0.42217702 0.06925002
vt 0.42217702 0.33172047
vt 0.43709365 0.32928124
vt 0.4256255 0.29275945
vt 0.41948467 0.2937636
vt 0.4256255 0.049440444
vt 0.4263359 0.038351715
vt 0.4201951 0.038351715
vt 0.41948467 0.049440444
vt 0.44177768 0.35391742
vt 0.42686108 0.3563567
vt 0.42297748 0.3359305
vt 0.43789408 0.3334912
vt 0.4263359 0.29649577
vt 0.4201951 0.29749995
vt 0.29649577 0.038351715
vt 0.29275945 0.049440444
vt 0.32928124 0.06925002
vt 0.3334912 0.055383474
vt 0.34162492 0.076541066
vt 0.33421022 0.08106664
vt 0.35391742 0.064608246
vt 0.35394436 0.07963061
vt 0.34590906 0.08754012
vt 0.4347206 0.08061525
vt 0.4356397 0.06966472
vt 0.44618505 0.08061525
vt 0.44705656 0.06966472
vt 0.4347206 0.3883341
vt 0.44618505 0.38645935
vt 0.43974483 0.3516763
vt 0.4279448 0.35360593
vt 0.4284649 0.10314208
vt 0.42937398 0.08182603
vt 0.44234607 0.08182603
vt 0.44498158 0.10314208
vt 0.4284649 0.10314208
vt 0.4377794 0.14053512
vt 0.42801535 0.14053512
vt 0.44498158 0.10314208
vt 0.42363906 0.2736356
vt 0.41429868 0.27516297
vt 0.42403495 0.3462034
vt 0.4406889 0.34347996
vt 0.44214767 0.35002714
vt 0.42507872 0.3528184
vt 0.4434302 0.35245496
vt 0.42476887 0.35550666
vt 0.42363906 0.041802406
vt 0.41389912 0.03925082
vt 0.41429868 0.041802406
vt 0.42423514 0.03925082
vt 0.34746403 0.1387955
vt 0.35550666 0.1499036
vt 0.3528184 0.15108871
vt 0.3462034 0.14147624
vt 0.27516297 0.041802406
vt 0.27576122 0.03925082
vt 0.32655525 0.09530723
vt 0.33626226 0.094489664
vt 0.35454416 0.12280324
vt 0.3444572 0.1387955
vt 0.35002714 0.15108871
vt 0.35245496 0.1499036
vt 0.34347996 0.14147624
vt 0.2736356 0.041802406
vt 0.2740711 0.03925082
vt 0.32344255 0.09530723
vt 0.33255735 0.094489664
vt 0.35072738 0.12280324
vt 0.4233811 0.34746403
vt 0.4417683 0.3444572
vt 0.4434302 0.35245496
vt 0.42476887 0.35550666
vt 0.44551393 0.12280324
vt 0.4417683 0.1387955
vt 0.4221737 0.12280324
vt 0.4233811 0.1387955
vt 0.44551393 0.35072738
vt 0.4221737 0.35454416
vt 0.41905054 0.33626226
vt 0.44170654 0.33255735
vt 0.41907203 0.32655525
vt 0.4381065 0.32344255
vt 0.42423514 0.2740711
vt 0.41389912 0.27576122
vt 0.5464956 0.17384464
vt 0.5424318 0.17384464
vt 0.543583 0.16333932
vt 0.5476468 0.16333932
vt 0.5464956 0.152834
vt 0.5424318 0.152834
vt 0.471915 0.5396526
vt 0.46548846 0.5424318
vt 0.4675318 0.5464956
vt 0.4739583 0.5437164
vt 0.48038483 0.5409372
vt 0.47834152 0.53687334
vt 0.53687334 0.17384464
vt 0.5409372 0.17384464
vt 0.539786 0.16333932
vt 0.5357222 0.16333932
vt 0.5368734 0.152834
vt 0.5409372 0.152834
vt 0.471915 0.5396526
vt 0.47834152 0.5368734
vt 0.48038483 0.5409372
vt 0.4739583 0.54371643
vt 0.4675318 0.5464956
vt 0.4654885 0.5424318
vt 0.44403756 0.0822652
vt 0.43849766 0.10673857
vt 0.4465479 0.10673857
vt 0.4364374 0.0822652
vt 0.43663037 0.07019791
vt 0.44434652 0.07019791
vt 0.44584084 0.07037878
vt 0.44827646 0.094263375
vt 0.44023103 0.094263375
vt 0.43800873 0.07037878
vt 0.40804842 0.094263375
vt 0.3989446 0.10673857
vt 0.38688552 0.0822652
vt 0.395779 0.07037878
vt 0.388215 0.07019791
vt 0.3856427 0.0822652
vt 0.39762813 0.10673857
vt 0.4067328 0.094263375
vt 0.39449826 0.07037878
vt 0.38695323 0.07019791
vt 0.4678722 0.16333932
vt 0.471915 0.17819607
vt 0.47834152 0.17384464
vt 0.4810035 0.16333932
vt 0.47834152 0.152834
vt 0.471915 0.14848256
vt 0.53161204 0.16333932
vt 0.543583 0.16333932
vt 0.5424318 0.17384464
vt 0.5424318 0.152834
vt 0.46741015 0.48609212
vt 0.46648738 0.4812387
vt 0.45059633 0.48383737
vt 0.4515191 0.4886908
vt 0.4765129 0.5339693
vt 0.4606219 0.5365679
vt 0.4606219 0.17871213
vt 0.46060854 0.16457993
vt 0.47649962 0.16457993
vt 0.4765129 0.17871213
vt 0.48609212 0.19825932
vt 0.5339693 0.17871213
vt 0.53389925 0.16457993
vt 0.4812387 0.1916539
vt 0.45059633 0.48383737
vt 0.46648738 0.4812387
vt 0.47649962 0.53389925
vt 0.46060854 0.53649783
vt 0.53649783 0.16457993
vt 0.5365679 0.17871213
vt 0.4886908 0.19825932
vt 0.48383737 0.1916539
vt 0.4592265 0.16287345
vt 0.45849308 0.15430585
vt 0.4776314 0.15430585
vt 0.4783648 0.16287345
vt 0.4783356 0.17286435
vt 0.4591973 0.17286435
vt 0.4460459 0.1601479
vt 0.46518418 0.1601479
vt 0.46499234 0.15485224
vt 0.44585407 0.15485224
vt 0.46770734 0.4788502
vt 0.4776314 0.53104687
vt 0.45849308 0.53417647
vt 0.44856906 0.48197982
vt 0.44788823 0.47839883
vt 0.4670265 0.4752692
vt 0.4783356 0.5347507
vt 0.4768778 0.52708334
vt 0.4591973 0.5378803
vt 0.45773953 0.530213
vt 0.46499234 0.4645704
vt 0.44788823 0.47839883
vt 0.44585407 0.46770003
vt 0.4670265 0.4752692
vt 0.45673817 0.5249462
vt 0.47587645 0.5218166
vt 0.4460459 0.468709
vt 0.46518418 0.46557933
vt 0.52708334 0.17255571
vt 0.5347507 0.17286435
vt 0.5349043 0.16287345
vt 0.5218166 0.16235891
vt 0.53104687 0.15430585
vt 0.4788502 0.14836222
vt 0.46557933 0.1601479
vt 0.4752692 0.1433534
vt 0.4645704 0.15485224
vt 0.45773953 0.17255571
vt 0.4768778 0.17255571
vt 0.47587645 0.16235891
vt 0.45673817 0.16235891
vt 0.5380339 0.16287345
vt 0.5378803 0.17286435
vt 0.530213 0.17255571
vt 0.5249462 0.16235891
vt 0.53417647 0.15430585
vt 0.48197982 0.14836222
vt 0.468709 0.1601479
vt 0.47839883 0.1433534
vt 0.46770003 0.15485224
vt 0.46491343 0.53013813
vt 0.47010893 0.52928853
vt 0.458789 0.46974993
vt 0.4535935 0.47059953
vt 0.47059953 0.16534564
vt 0.5262353 0.16029721
vt 0.53013813 0.16768646
vt 0.47315395 0.15821028
vt 0.46974993 0.16534564
vt 0.52928853 0.16768646
vt 0.5253857 0.16029721
vt 0.47230434 0.15821028
vt 0.45316297 0.15675038
vt 0.45817056 0.20547673
vt 0.44933447 0.20547673
vt 0.46199906 0.15675038
vt 0.47069636 0.1565119
vt 0.45362836 0.19781324
vt 0.45662558 0.20547673
vt 0.47676194 0.15675038
vt 0.45807052 0.20547673
vt 0.4721413 0.1565119
vt 0.47820687 0.15675038
vt 0.4550733 0.19781324
vt 0.44876462 0.19781324
vt 0.45760074 0.19781324
vt 0.4520097 0.1565119
vt 0.46084583 0.1565119
vt 0.4413768 0.09033084
vt 0.45013312 0.09033084
vt 0.45095414 0.18856016
vt 0.46191835 0.18856016
vt 0.46148437 0.21706766
vt 0.45049757 0.21706766
vt 0.4413768 0.41599995
vt 0.43951458 0.40610206
vt 0.44823182 0.4046766
vt 0.45013312 0.41456807
vt 0.4046766 0.09186092
vt 0.46822432 0.21706766
vt 0.4705671 0.18856016
vt 0.41456807 0.09033084
vt 0.40610206 0.09186092
vt 0.41599995 0.09033084
vt 0.47236007 0.18856016
vt 0.47002095 0.21706766
vt 0.47169966 0.22470045
vt 0.4596866 0.23349577
vt 0.46469158 0.23427409
vt 0.39718205 0.07794711
vt 0.3890649 0.08903539
vt 0.4478609 0.08903539
vt 0.44639742 0.23349577
vt 0.46249738 0.23349577
vt 0.43410668 0.08903539
vt 0.4634288 0.46469158
vt 0.46249738 0.4596866
vt 0.44639742 0.4623194
vt 0.44736794 0.467318
vt 0.46473 0.47169966
vt 0.4634288 0.46469158
vt 0.44736794 0.467318
vt 0.44872972 0.47431615
vt 0.39943153 0.07794711
vt 0.4623194 0.23349577
vt 0.39131412 0.08903539
vt 0.47431615 0.22470045
vt 0.467318 0.23427409
vt 0.46473 0.22470045
vt 0.44872972 0.22470045
vt 0.449405 0.07794711
vt 0.43564922 0.07794711
vt 0.43800873 0.395779
vt 0.43663037 0.388215
vt 0.44434652 0.38695323
vt 0.44584084 0.39449826
vt 0.22734743 0.0038399696
vt 0.23127806 0.0038399696
vt 0.22734743 -5.9604645E-08
vt 0.23127809 -5.9604645E-08
vt 0.24827358 0.0038399696
vt 0.24827358 -5.9604645E-08
vt 0.28336176 -5.9604645E-08
vt 0.26801956 0.012429446
vt 0.28571692 0.012429476
vt 0.25784427 0.012429416
vt 0.26801956 0.018358588
vt 0.7595742 0.25240904
vt 0.7436014 0.2703131
vt 0.7525704 0.2770676
vt 0.7714451 0.25614312
vt 0.25782588 0.018358588
vt 0.26801956 0.012429446
vt 0.26801956 0.018358588
vt 0.25782588 0.012429446
vt 0.25782588 0.012429446
vt 0.25782588 0.018358588
vt 0.24061498 0.012429446
vt 0.22734743 0.0038399696
vt 0.22734743 -5.9604645E-08
vt 0.27634296 -5.9604645E-08
vt 0.27869818 0.012429476
vt 0.7989963 0.22553375
vt 0.7773957 0.23243079
vt 0.7944 0.22399345
vt 0.75470126 0.2747125
vt 0.74573225 0.26795796
vt 0.7989963 0.0038399696
vt 0.7989963 -5.9604645E-08
vt 0.7944 0.0038399696
vt 0.7944 -5.9604645E-08
vt 0.7773957 0.0038399696
vt 0.7773957 -5.9604645E-08
vt 0.26795796 -5.9604645E-08
vt 0.23243079 0.0038399696
vt 0.23243079 -5.9604645E-08
vt 0.25240904 0.012429446
vt 0.2703131 0.012429476
vt 0.24200144 0.012429416
vt 0.25240904 0.018358588
vt 0.76339567 0.012429476
vt 0.75466573 0.012429476
vt 0.7567966 -5.9604645E-08
vt 0.76552653 -5.9604645E-08
vt 0.7714451 0.018358588
vt 0.7595742 0.018358588
vt 0.7595742 0.012429446
vt 0.7714451 0.012429446
vt 0.25614312 0.012429446
vt 0.23885423 0.012429446
vt 0.25614312 0.018358588
vt 0.22553375 0.0038399696
vt 0.22553375 -5.9604645E-08
vt 0.2747125 -5.9604645E-08
vt 0.2770676 0.012429476
vt 0.7436014 0.012429476
vt 0.74573225 -5.9604645E-08
vt 0.7525704 0.012429476
vt 0.75470126 -5.9604645E-08
vt 0.8037609 0.23127806
vt 0.8013271 0.22734743
vt 0.78926486 0.24061498
vt 0.78909487 0.25784427
vt 0.7736077 0.25782588
vt 0.7796341 0.26801956
vt 0.7944 0.22399342
vt 0.78700244 0.23885423
vt 0.7989963 0.22553375
vt 0.76873636 0.24200144
vt 0.7714451 0.25614312
vt 0.7595742 0.25240904
vt 0.7796341 0.26801956
vt 0.7736077 0.25782588
vt 0.75466573 0.27869818
vt 0.76339567 0.28571692
vt 0.79775417 0.24827358
vt 0.8013271 0.22734743
vt 0.80376077 0.23127809
vt 0.7567966 0.27634296
vt 0.76552653 0.28336176
vt 0.7710241 0.27492723
vt 0.7663372 0.28010756
vt 0.749047 0.26665252
vt 0.753734 0.26147223
vt 0.749047 0.013653994
vt 0.7663372 0.013653994
vt 0.7639937 0.023009479
vt 0.74670345 0.023009479
vt 0.749047 0.032364935
vt 0.7663372 0.032364905
vt 0.75373423 0.2614724
vt 0.749047 0.26665252
vt 0.7663372 0.28010756
vt 0.7710241 0.27492723
vt 0.7560774 0.02300945
vt 0.75373423 0.032364905
vt 0.7710241 0.032364905
vt 0.77336764 0.02300945
vt 0.7710241 0.013653964
vt 0.753734 0.013653964
vt 0.28010756 0.013653994
vt 0.27492723 0.013653964
vt 0.2723372 0.02300945
vt 0.28269777 0.023009479
vt 0.28010756 0.032364905
vt 0.27492723 0.032364905
vt 0.26147223 0.013653964
vt 0.26665252 0.013653994
vt 0.26924258 0.023009479
vt 0.25888214 0.02300945
vt 0.2614724 0.032364905
vt 0.26665252 0.032364935
vt 0.77323943 0.036384612
vt 0.76495194 0.026359111
vt 0.76349974 0.036384612
vt 0.77749205 0.026359111
vt 0.65016806 0.25701776
vt 0.64611655 0.27139005
vt 0.62775475 0.25701776
vt 0.628166 0.27139005
vt 0.77749205 0.26330552
vt 0.7473316 0.27263945
vt 0.76495194 0.25354686
vt 0.7602775 0.28271392
vt 0.7379465 0.28199485
vt 0.7519729 0.2929101
vt 0.64049065 0.3820754
vt 0.6626217 0.3992976
vt 0.76349974 0.036384612
vt 0.76495194 0.026359111
vt 0.7473316 0.053523958
vt 0.6409935 0.23529482
vt 0.628166 0.27139005
vt 0.62775475 0.25701776
vt 0.39891225 0.23529482
vt 0.413603 0.27139005
vt 0.4133277 0.25701776
vt 0.26536843 0.036384612
vt 0.28271392 0.053523958
vt 0.26330552 0.026359111
vt 0.2929101 0.05772534
vt 0.3992976 0.21323323
vt 0.65016806 0.4133277
vt 0.62775475 0.39588588
vt 0.6409935 0.382501
vt 0.6620825 0.39891225
vt 0.29749277 0.05944276
vt 0.2932966 0.065344095
vt 0.286422 0.056391
vt 0.26375577 0.015202284
vt 0.2780131 0.059969038
vt 0.25944322 0.03249365
vt 0.2589542 0.019997805
vt 0.74084103 0.29944503
vt 0.7329401 0.2932966
vt 0.72914356 0.29749277
vt 0.73704445 0.3036412
vt 0.7613461 0.26375577
vt 0.76569045 0.2589542
vt 0.7716218 0.26357
vt 0.7672775 0.26837158
vt 0.72914356 0.29749277
vt 0.73704445 0.3036412
vt 0.7393751 0.286422
vt 0.7329401 0.2932966
vt 0.74084103 0.29944503
vt 0.74702364 0.29237396
vt 0.74730563 0.2780131
vt 0.75457585 0.28367075
vt 0.3036412 0.05944276
vt 0.29237396 0.056391
vt 0.29944503 0.065344095
vt 0.26837158 0.015202284
vt 0.28367075 0.059969038
vt 0.26405898 0.03249365
vt 0.26357 0.019997805
vt 0.7711793 0.03249365
vt 0.7716218 0.019997805
vt 0.76569045 0.019997805
vt 0.76524806 0.03249365
vt 0.6501181 0.40623224
vt 0.6352981 0.3946994
vt 0.65967506 0.370713
vt 0.67135596 0.37980297
vt 0.6712303 0.3583185
vt 0.6825109 0.36709696
vt 0.3842823 0.23163027
vt 0.3583185 0.18126583
vt 0.370713 0.17831308
vt 0.3946994 0.2098254
vt 0.40164554 0.232036
vt 0.39681238 0.24404877
vt 0.6483513 0.40910786
vt 0.63255125 0.39681238
vt 0.62847394 0.40164554
vt 0.6439271 0.41367105
vt 0.37980297 0.17831308
vt 0.36709696 0.18126583
vt 0.3960054 0.23163027
vt 0.40623224 0.2098254
vt 0.41367105 0.232036
vt 0.40910786 0.24404877
vt 0.382501 0.23529482
vt 0.27263945 0.053523958
vt 0.28199485 0.05772534
vt 0.3820754 0.21323323
vt 0.6439271 0.232036
vt 0.62847394 0.232036
vt 0.6352981 0.2098254
vt 0.6501181 0.2098254
vt 0.64451486 0.3842823
vt 0.6483513 0.40910786
vt 0.65957946 0.3960054
vt 0.63255125 0.39681238
vt 0.76349974 0.25778913
vt 0.628166 0.39963403
vt 0.64611655 0.413603
vt 0.77323943 0.26536843
vt 0.6620825 0.23529482
vt 0.6409935 0.23529482
vt 0.64049065 0.21323323
vt 0.6626217 0.21323323
vt 0.5109549 0.12192321
vt 0.5183409 0.10300362
vt 0.50315934 0.09469786
vt 0.48224738 0.14472213
vt 0.4545612 0.13913077
vt 0.43849736 0.17399627
vt 0.47971258 0.16340399
vt 0.4156916 0.21428263
vt 0.409668 0.20086634
vt 0.4004631 0.21857947
vt 0.40648675 0.23199576
vt 0.62708664 0.4059852
vt 0.5688253 0.46823448
vt 0.583575 0.47971258
vt 0.6395598 0.4156916
vt 0.49857485 0.12192321
vt 0.4910043 0.09469786
vt 0.50574756 0.10300362
vt 0.4706961 0.14472213
vt 0.4438092 0.13913077
vt 0.4282092 0.17399627
vt 0.46823448 0.16340399
vt 0.4059852 0.21428263
vt 0.40013543 0.20086634
vt 0.39093053 0.21857947
vt 0.3967803 0.23199576
vt 0.5562953 0.5109549
vt 0.5813617 0.48224738
vt 0.56651795 0.4706961
vt 0.5403865 0.49857485
vt 0.53366333 0.50574756
vt 0.5498461 0.5183409
vt 0.5631021 0.50315934
vt 0.5474826 0.4910043
vt 0.6055363 0.4545612
vt 0.5917197 0.4438092
vt 0.60634196 0.4282092
vt 0.6195626 0.43849736
vt 0.6325698 0.40013543
vt 0.64481944 0.409668
vt 0.65314776 0.4004631
vt 0.6408981 0.39093053
vt 0.583575 0.16340399
vt 0.5688253 0.16340399
vt 0.5813617 0.14472213
vt 0.56651795 0.14472213
vt 0.5125803 0.12455195
vt 0.47033465 0.15906459
vt 0.47569257 0.11801678
vt 0.50829214 0.086907625
vt 0.52012676 0.10281396
vt 0.5184903 0.09374586
vt 0.5366395 0.50829214
vt 0.5671959 0.47569257
vt 0.5759383 0.48249584
vt 0.5466273 0.5160646
vt 0.5374579 0.5265659
vt 0.52708054 0.5184903
vt 0.52048016 0.12455195
vt 0.48249584 0.11801678
vt 0.47697863 0.15906459
vt 0.5160646 0.086907625
vt 0.528251 0.10281396
vt 0.5265659 0.09374586
vt 0.5807557 0.47697863
vt 0.572218 0.47033465
vt 0.5427717 0.52048016
vt 0.53262013 0.5125803
vt 0.5427717 0.12455195
vt 0.53262013 0.12455195
vt 0.5359865 0.10281396
vt 0.5255466 0.10281396
vt 0.52708054 0.09374586
vt 0.5374579 0.09374586
vt 0.54505295 0.12719643
vt 0.5153071 0.10280973
vt 0.5153071 0.12719643
vt 0.54505295 0.10280973
vt 0.55460805 0.085211396
vt 0.51852745 0.12719643
vt 0.5546081 0.12719643
vt 0.5185275 0.10280973
vt 0.52483714 0.085211396
vt 0.5153071 0.55460805
vt 0.54505295 0.5546081
vt 0.54505295 0.51852745
vt 0.5153071 0.51852745
vt 0.55460805 0.12719643
vt 0.51852745 0.12719643
vt 0.55460805 0.085211396
vt 0.51852745 0.10280973
vt 0.52483714 0.085211396
vt 0.54505295 0.10280973
vt 0.54505295 0.085211396
vt 0.5153071 0.085211396
vt 0.5153071 0.10280973
vt 0.54505295 0.52483714
vt 0.54505295 0.55460805
vt 0.5153071 0.55460805
vt 0.5153071 0.52483714
vt 0.57938457 0.09149131
vt 0.57938457 0.13713431
vt 0.5669963 0.13713431
vt 0.5669963 0.09149131
vt 0.55460805 0.13713431
vt 0.55460805 0.09149131
vt 0.57938457 0.13713431
vt 0.57938457 0.09149131
vt 0.56699634 0.09149131
vt 0.56699634 0.13713431
vt 0.55460805 0.09149131
vt 0.55460805 0.13713431
vt 0.5378922 0.55460805
vt 0.5456044 0.56699634
vt 0.5378922 0.57938457
vt 0.52246785 0.57938457
vt 0.52246785 0.55460805
vt 0.51475567 0.5669963
vt 0.52246785 0.13713431
vt 0.5378922 0.13713431
vt 0.52246785 0.09149131
vt 0.5378922 0.09149131
vt 0.52246785 0.55460805
vt 0.51475567 0.5669963
vt 0.52246785 0.57938457
vt 0.5378922 0.55460805
vt 0.5378922 0.57938457
vt 0.5456044 0.56699634
vt 0.66635466 0.39025193
vt 0.6618274 0.39525568
vt 0.64944786 0.37709528
vt 0.64492065 0.38209897
vt 0.6585132 0.39891872
vt 0.6416064 0.38576204
vt 0.64281946 0.19793126
vt 0.6416064 0.1874966
vt 0.6585132 0.1874966
vt 0.65972626 0.19793126
vt 0.64281946 0.38442126
vt 0.65972626 0.397578
vt 0.6642535 0.3925742
vt 0.6473468 0.37941754
vt 0.650661 0.3757545
vt 0.66756773 0.3889112
vt 0.64944786 0.18265384
vt 0.650661 0.19308847
vt 0.66635466 0.18265384
vt 0.66756773 0.19308847
vt 0.39891872 0.1874966
vt 0.39525568 0.17985791
vt 0.39025193 0.18265384
vt 0.3889112 0.19308847
vt 0.397578 0.19793126
vt 0.3925742 0.20072722
vt 0.38442126 0.19793126
vt 0.37941754 0.20072722
vt 0.3757545 0.19308847
vt 0.38576204 0.1874966
vt 0.37709528 0.18265384
vt 0.38209897 0.17985791
vt 0.5153071 0.12719643
vt 0.5153071 0.085211396
vt 0.54505295 0.085211396
vt 0.54505295 0.12719643
vt 0.6395598 0.4156916
vt 0.6478881 0.40648675
vt 0.63541496 0.3967803
vt 0.62708664 0.4059852
vt 0.5378922 0.13713431
vt 0.52246785 0.13713431
vt 0.5378922 0.09149131
vt 0.52246785 0.09149131
vt 0.22734743 0.0038399696
vt 0.22734743 -5.9604645E-08
vt 0.23127806 0.0038399696
vt 0.23127809 -5.9604645E-08
vt 0.24827358 0.0038399696
vt 0.24827358 -5.9604645E-08
vt 0.28336176 -5.9604645E-08
vt 0.26801956 0.012429446
vt 0.28571692 0.012429476
vt 0.25784427 0.012429416
vt 0.26801956 0.018358588
vt 0.2474297 0.2770676
vt 0.25639874 0.2703131
vt 0.24042594 0.25240904
vt 0.22855502 0.25614312
vt 0.25782588 0.018358588
vt 0.26801956 0.018358588
vt 0.26801956 0.012429446
vt 0.25782588 0.012429446
vt 0.25782588 0.012429446
vt 0.24061498 0.012429446
vt 0.25782588 0.018358588
vt 0.22734743 0.0038399696
vt 0.22734743 -5.9604645E-08
vt 0.27634296 -5.9604645E-08
vt 0.27869818 0.012429476
vt 0.20100376 0.22553375
vt 0.20560017 0.22399345
vt 0.22260442 0.23243079
vt 0.24529886 0.2747125
vt 0.25426787 0.26795796
vt 0.20560017 0.0038399696
vt 0.20100376 -5.9604645E-08
vt 0.20100376 0.0038399696
vt 0.20560017 -5.9604645E-08
vt 0.22260442 0.0038399696
vt 0.22260442 -5.9604645E-08
vt 0.26795796 -5.9604645E-08
vt 0.23243079 -5.9604645E-08
vt 0.23243079 0.0038399696
vt 0.25240904 0.012429446
vt 0.2703131 0.012429476
vt 0.24200144 0.012429416
vt 0.25240904 0.018358588
vt 0.24320349 -5.9604645E-08
vt 0.24533442 0.012429476
vt 0.23660448 0.012429476
vt 0.23447359 -5.9604645E-08
vt 0.22855502 0.018358588
vt 0.24042594 0.012429446
vt 0.24042594 0.018358588
vt 0.22855502 0.012429446
vt 0.25614312 0.012429446
vt 0.25614312 0.018358588
vt 0.23885423 0.012429446
vt 0.22553375 0.0038399696
vt 0.22553375 -5.9604645E-08
vt 0.2747125 -5.9604645E-08
vt 0.2770676 0.012429476
vt 0.25639874 0.012429476
vt 0.2474297 0.012429476
vt 0.25426787 -5.9604645E-08
vt 0.24529886 -5.9604645E-08
vt 0.19623926 0.23127806
vt 0.21073526 0.24061498
vt 0.19867301 0.22734743
vt 0.21090525 0.25784427
vt 0.22639245 0.25782588
vt 0.22036597 0.26801956
vt 0.20560017 0.22399342
vt 0.20100376 0.22553375
vt 0.21299765 0.23885423
vt 0.23126376 0.24200144
vt 0.22855502 0.25614312
vt 0.24042594 0.25240904
vt 0.24533442 0.27869818
vt 0.22639245 0.25782588
vt 0.22036597 0.26801956
vt 0.23660448 0.28571692
vt 0.20224595 0.24827358
vt 0.19623935 0.23127809
vt 0.19867301 0.22734743
vt 0.24320349 0.27634296
vt 0.23447359 0.28336176
vt 0.2509531 0.26665252
vt 0.2336629 0.28010756
vt 0.22897601 0.27492723
vt 0.24626613 0.26147223
vt 0.2509531 0.013653994
vt 0.23600644 0.023009479
vt 0.2336629 0.013653994
vt 0.25329667 0.023009479
vt 0.2509531 0.032364935
vt 0.2336629 0.032364905
vt 0.24626592 0.2614724
vt 0.22897601 0.27492723
vt 0.2336629 0.28010756
vt 0.2509531 0.26665252
vt 0.22897601 0.032364905
vt 0.24626592 0.032364905
vt 0.24392268 0.02300945
vt 0.22663245 0.02300945
vt 0.22897601 0.013653964
vt 0.24626613 0.013653964
vt 0.2723372 0.02300945
vt 0.27492723 0.013653964
vt 0.28010756 0.013653994
vt 0.28269777 0.023009479
vt 0.28010756 0.032364905
vt 0.27492723 0.032364905
vt 0.26924258 0.023009479
vt 0.26665252 0.013653994
vt 0.26147223 0.013653964
vt 0.25888214 0.02300945
vt 0.2614724 0.032364905
vt 0.26665252 0.032364935
vt 0.22676069 0.036384612
vt 0.23650038 0.036384612
vt 0.23504817 0.026359111
vt 0.2225081 0.026359111
vt 0.35388356 0.27139005
vt 0.3722453 0.25701776
vt 0.37183404 0.27139005
vt 0.349832 0.25701776
vt 0.2225081 0.26330552
vt 0.23504817 0.25354686
vt 0.25266847 0.27263945
vt 0.23972261 0.28271392
vt 0.2620536 0.28199485
vt 0.24802718 0.2929101
vt 0.35950947 0.3820754
vt 0.33737838 0.3992976
vt 0.23650038 0.036384612
vt 0.25266847 0.053523958
vt 0.23504817 0.026359111
vt 0.35900664 0.23529482
vt 0.37183404 0.27139005
vt 0.3722453 0.25701776
vt 0.39891225 0.23529482
vt 0.4133277 0.25701776
vt 0.413603 0.27139005
vt 0.26536843 0.036384612
vt 0.28271392 0.053523958
vt 0.26330552 0.026359111
vt 0.2929101 0.05772534
vt 0.3992976 0.21323323
vt 0.349832 0.4133277
vt 0.33791757 0.39891225
vt 0.35900664 0.382501
vt 0.3722453 0.39588588
vt 0.29749277 0.05944276
vt 0.286422 0.056391
vt 0.2932966 0.065344095
vt 0.26375577 0.015202284
vt 0.2780131 0.059969038
vt 0.25944322 0.03249365
vt 0.2589542 0.019997805
vt 0.27085653 0.29749277
vt 0.26705998 0.2932966
vt 0.25915903 0.29944503
vt 0.2629556 0.3036412
vt 0.23865399 0.26375577
vt 0.22837827 0.26357
vt 0.23430967 0.2589542
vt 0.23272264 0.26837158
vt 0.27085653 0.29749277
vt 0.2629556 0.3036412
vt 0.25915903 0.29944503
vt 0.26705998 0.2932966
vt 0.26062495 0.286422
vt 0.25297645 0.29237396
vt 0.25269443 0.2780131
vt 0.24542424 0.28367075
vt 0.3036412 0.05944276
vt 0.29944503 0.065344095
vt 0.29237396 0.056391
vt 0.26837158 0.015202284
vt 0.28367075 0.059969038
vt 0.26405898 0.03249365
vt 0.26357 0.019997805
vt 0.22882077 0.03249365
vt 0.23475209 0.03249365
vt 0.23430967 0.019997805
vt 0.22837827 0.019997805
vt 0.34032506 0.370713
vt 0.36470205 0.3946994
vt 0.34988195 0.40623224
vt 0.3286441 0.37980297
vt 0.32876974 0.3583185
vt 0.31748915 0.36709696
vt 0.370713 0.17831308
vt 0.3583185 0.18126583
vt 0.3842823 0.23163027
vt 0.3946994 0.2098254
vt 0.40164554 0.232036
vt 0.39681238 0.24404877
vt 0.37152618 0.40164554
vt 0.3674488 0.39681238
vt 0.35164875 0.40910786
vt 0.35607296 0.41367105
vt 0.36709696 0.18126583
vt 0.37980297 0.17831308
vt 0.3960054 0.23163027
vt 0.40623224 0.2098254
vt 0.41367105 0.232036
vt 0.40910786 0.24404877
vt 0.28199485 0.05772534
vt 0.27263945 0.053523958
vt 0.382501 0.23529482
vt 0.3820754 0.21323323
vt 0.36470205 0.2098254
vt 0.37152618 0.232036
vt 0.35607296 0.232036
vt 0.34988195 0.2098254
vt 0.3674488 0.39681238
vt 0.35548523 0.3842823
vt 0.35164875 0.40910786
vt 0.34042063 0.3960054
vt 0.35388356 0.413603
vt 0.37183404 0.39963403
vt 0.23650038 0.25778913
vt 0.22676069 0.26536843
vt 0.33791757 0.23529482
vt 0.33737838 0.21323323
vt 0.35950947 0.21323323
vt 0.35900664 0.23529482
vt 0.5109549 0.12192321
vt 0.50315934 0.09469786
vt 0.5183409 0.10300362
vt 0.48224738 0.14472213
vt 0.4545612 0.13913077
vt 0.43849736 0.17399627
vt 0.47971258 0.16340399
vt 0.4156916 0.21428263
vt 0.409668 0.20086634
vt 0.4004631 0.21857947
vt 0.40648675 0.23199576
vt 0.37291342 0.4059852
vt 0.3604403 0.4156916
vt 0.41642508 0.47971258
vt 0.4311748 0.46823448
vt 0.49857485 0.12192321
vt 0.50574756 0.10300362
vt 0.4910043 0.09469786
vt 0.4706961 0.14472213
vt 0.4438092 0.13913077
vt 0.4282092 0.17399627
vt 0.46823448 0.16340399
vt 0.4059852 0.21428263
vt 0.40013543 0.20086634
vt 0.39093053 0.21857947
vt 0.3967803 0.23199576
vt 0.4334821 0.4706961
vt 0.41863838 0.48224738
vt 0.44370484 0.5109549
vt 0.4596136 0.49857485
vt 0.46633676 0.50574756
vt 0.45015398 0.5183409
vt 0.43689793 0.50315934
vt 0.4525175 0.4910043
vt 0.39446378 0.4545612
vt 0.40828043 0.4438092
vt 0.3936581 0.4282092
vt 0.38043743 0.43849736
vt 0.3674303 0.40013543
vt 0.35518068 0.409668
vt 0.34685236 0.4004631
vt 0.35910195 0.39093053
vt 0.41642508 0.16340399
vt 0.41863838 0.14472213
vt 0.4311748 0.16340399
vt 0.4334821 0.14472213
vt 0.47569257 0.11801678
vt 0.47033465 0.15906459
vt 0.5125803 0.12455195
vt 0.50829214 0.086907625
vt 0.52012676 0.10281396
vt 0.5184903 0.09374586
vt 0.4240618 0.48249584
vt 0.4328042 0.47569257
vt 0.4633606 0.50829214
vt 0.45337284 0.5160646
vt 0.4625422 0.5265659
vt 0.47291958 0.5184903
vt 0.47697863 0.15906459
vt 0.48249584 0.11801678
vt 0.52048016 0.12455195
vt 0.5160646 0.086907625
vt 0.528251 0.10281396
vt 0.5265659 0.09374586
vt 0.4277821 0.47033465
vt 0.4572284 0.52048016
vt 0.46738 0.5125803
vt 0.41924435 0.47697863
vt 0.4640136 0.10281396
vt 0.46738 0.12455195
vt 0.4572284 0.12455195
vt 0.47445348 0.10281396
vt 0.47291958 0.09374586
vt 0.4625422 0.09374586
vt 0.45494714 0.12719643
vt 0.48469296 0.12719643
vt 0.48469296 0.10280973
vt 0.45494714 0.10280973
vt 0.55460805 0.085211396
vt 0.5546081 0.12719643
vt 0.51852745 0.12719643
vt 0.5185275 0.10280973
vt 0.52483714 0.085211396
vt 0.48469296 0.55460805
vt 0.48469296 0.51852745
vt 0.45494714 0.51852745
vt 0.45494714 0.5546081
vt 0.55460805 0.12719643
vt 0.55460805 0.085211396
vt 0.51852745 0.12719643
vt 0.51852745 0.10280973
vt 0.52483714 0.085211396
vt 0.45494714 0.10280973
vt 0.48469296 0.10280973
vt 0.48469296 0.085211396
vt 0.45494714 0.085211396
vt 0.45494714 0.52483714
vt 0.48469296 0.52483714
vt 0.48469296 0.55460805
vt 0.45494714 0.55460805
vt 0.57938457 0.09149131
vt 0.5669963 0.13713431
vt 0.57938457 0.13713431
vt 0.5669963 0.09149131
vt 0.55460805 0.13713431
vt 0.55460805 0.09149131
vt 0.57938457 0.13713431
vt 0.56699634 0.09149131
vt 0.57938457 0.09149131
vt 0.56699634 0.13713431
vt 0.55460805 0.09149131
vt 0.55460805 0.13713431
vt 0.47753224 0.55460805
vt 0.48524442 0.5669963
vt 0.47753224 0.57938457
vt 0.46210787 0.55460805
vt 0.46210787 0.57938457
vt 0.45439568 0.56699634
vt 0.47753224 0.09149131
vt 0.46210787 0.13713431
vt 0.47753224 0.13713431
vt 0.46210787 0.09149131
vt 0.47753224 0.55460805
vt 0.47753224 0.57938457
vt 0.48524442 0.5669963
vt 0.46210787 0.55460805
vt 0.46210787 0.57938457
vt 0.45439568 0.56699634
vt 0.3381727 0.39525568
vt 0.33364546 0.39025193
vt 0.3505522 0.37709528
vt 0.35507944 0.38209897
vt 0.34148693 0.39891872
vt 0.3583937 0.38576204
vt 0.3571806 0.19793126
vt 0.34027383 0.19793126
vt 0.34148693 0.1874966
vt 0.3583937 0.1874966
vt 0.3571806 0.38442126
vt 0.3357466 0.3925742
vt 0.34027383 0.397578
vt 0.35265332 0.37941754
vt 0.34933913 0.3757545
vt 0.3324324 0.3889112
vt 0.34933913 0.19308847
vt 0.33364546 0.18265384
vt 0.3324324 0.19308847
vt 0.3505522 0.18265384
vt 0.39025193 0.18265384
vt 0.39525568 0.17985791
vt 0.39891872 0.1874966
vt 0.3889112 0.19308847
vt 0.397578 0.19793126
vt 0.3925742 0.20072722
vt 0.38576204 0.1874966
vt 0.38209897 0.17985791
vt 0.37709528 0.18265384
vt 0.3757545 0.19308847
vt 0.38442126 0.19793126
vt 0.37941754 0.20072722
vt 0.48469296 0.12719643
vt 0.45494714 0.12719643
vt 0.45494714 0.085211396
vt 0.48469296 0.085211396
vt 0.3604403 0.4156916
vt 0.37291342 0.4059852
vt 0.3645851 0.3967803
vt 0.35211197 0.40648675
vt 0.46210787 0.09149131
vt 0.47753224 0.13713431
vt 0.46210787 0.13713431
vt 0.47753224 0.09149131
vt 0.63747305 0.0038399696
vt 0.64157647 0.0038399696
vt 0.6415764 -5.9604645E-08
vt 0.63747305 -5.9604645E-08
vt 0.9792023 0.0038399696
vt 0.99765897 -5.9604645E-08
vt 0.9976591 0.0038399696
vt 0.9792023 -5.9604645E-08
vt 0.92972505 -5.9604645E-08
vt 0.9513681 0.012429446
vt 0.9264226 0.012429476
vt 0.965782 0.012429416
vt 0.9513681 0.018358588
vt 0.9278531 0.6289513
vt 0.9571611 0.63128847
vt 0.9536504 0.62012845
vt 0.9286747 0.6182634
vt 0.6338966 0.018358588
vt 0.6443217 0.012429446
vt 0.6443217 0.018358588
vt 0.6338966 0.012429446
vt 0.9569152 0.012429446
vt 0.9569152 0.018358588
vt 0.98109764 0.012429446
vt 0.9997349 0.0038399696
vt 0.9997349 -5.9604645E-08
vt 0.93091726 -5.9604645E-08
vt 0.92761475 0.012429476
vt 1 0.63466215
vt 0.98151857 0.62220824
vt 0.9987241 0.6302868
vt 0.93115556 0.6292193
vt 0.93197715 0.61853135
vt 0.6302868 -5.9604645E-08
vt 0.6302868 0.0038399696
vt 0.63466215 0.0038399696
vt 0.63466215 -5.9604645E-08
vt 0.9987242 0.0038399696
vt 0.9987241 -5.9604645E-08
vt 0.98151857 0.0038399696
vt 0.98151857 -5.9604645E-08
vt 0.93197715 -5.9604645E-08
vt 0.9536504 0.012429446
vt 0.9286747 0.012429476
vt 0.9680983 0.012429416
vt 0.9536504 0.018358588
vt 0.64213616 0.012429476
vt 0.6314783 0.012429476
vt 0.6317463 -5.9604645E-08
vt 0.64240414 -5.9604645E-08
vt 0.63128847 0.018358588
vt 0.62012845 0.018358588
vt 0.62012845 0.012429446
vt 0.63128847 0.012429446
vt 0.9571611 0.012429446
vt 0.9813551 0.012429446
vt 0.9571611 0.018358588
vt 1 0.0038399696
vt 1 -5.9604645E-08
vt 0.93115556 -5.9604645E-08
vt 0.9278531 0.012429476
vt 0.6182634 0.012429476
vt 0.61853135 -5.9604645E-08
vt 0.6289513 0.012429476
vt 0.6292193 -5.9604645E-08
vt 0.9976591 0.64157647
vt 0.9997349 0.63747305
vt 0.98109764 0.6359194
vt 0.965782 0.64567256
vt 0.9569152 0.6338966
vt 0.9513681 0.6443217
vt 0.9987242 0.6302868
vt 0.9813551 0.6331908
vt 1 0.63466215
vt 0.9680983 0.6211193
vt 0.9571611 0.63128847
vt 0.9536504 0.62012845
vt 0.92761475 0.6314783
vt 0.9264226 0.64213616
vt 0.9513681 0.6443217
vt 0.9569152 0.6338966
vt 0.9792023 0.6467614
vt 0.9997349 0.63747305
vt 0.99765897 0.6415764
vt 0.93091726 0.6317463
vt 0.92972505 0.64240414
vt 0.9350315 0.62030077
vt 0.94229543 0.62089014
vt 0.94032824 0.6417428
vt 0.93306434 0.64115345
vt 0.62030077 0.013653994
vt 0.64115345 0.013653994
vt 0.64085877 0.023009479
vt 0.620006 0.023009479
vt 0.62030077 0.032364935
vt 0.64115345 0.032364905
vt 0.93306434 0.64115345
vt 0.94032824 0.6417428
vt 0.9422953 0.6208904
vt 0.9350315 0.62030077
vt 0.6211848 0.02300945
vt 0.6208904 0.032364905
vt 0.6417428 0.032364905
vt 0.6420375 0.02300945
vt 0.6417428 0.013653964
vt 0.62089014 0.013653964
vt 0.93306434 0.013653994
vt 0.94032824 0.013653964
vt 0.9439602 0.02300945
vt 0.9294323 0.023009479
vt 0.93306434 0.032364905
vt 0.94032824 0.032364905
vt 0.9459273 0.02300945
vt 0.94229543 0.013653964
vt 0.9350315 0.013653994
vt 0.9313995 0.023009479
vt 0.9422953 0.032364905
vt 0.9350315 0.032364935
vt 0.6248665 0.026359111
vt 0.637943 0.036384612
vt 0.63999045 0.026359111
vt 0.6261965 0.036384612
vt 0.6293127 0.25701776
vt 0.62639266 0.27139005
vt 0.6022813 0.25701776
vt 0.60474354 0.27139005
vt 0.92875946 0.62243164
vt 0.95572996 0.6248665
vt 0.95430315 0.63999045
vt 0.9272866 0.63804495
vt 0.91351736 0.6375843
vt 0.91511315 0.6206678
vt 0.76829904 0.6307262
vt 0.770817 0.6040352
vt 0.95114994 0.036384612
vt 0.95572996 0.026359111
vt 0.92875946 0.053523958
vt 0.7707295 0.23529482
vt 0.7482389 0.27139005
vt 0.7513137 0.25701776
vt 0.91511315 0.05772534
vt 0.770817 0.21323323
vt 0.7683302 0.23529482
vt 0.7461966 0.27139005
vt 0.7487637 0.25701776
vt 0.95004183 0.036384612
vt 0.9272866 0.053523958
vt 0.95430315 0.026359111
vt 0.91351736 0.05772534
vt 0.76829904 0.21323323
vt 0.7707295 0.6046613
vt 0.7683302 0.6300956
vt 0.7487637 0.6293127
vt 0.7513137 0.6022813
vt 0.8963752 0.05944276
vt 0.9022591 0.065344095
vt 0.9120222 0.056391
vt 0.9446446 0.015202284
vt 0.92399824 0.059969038
vt 0.95069176 0.03249365
vt 0.9513774 0.019997805
vt 0.9013603 0.6328758
vt 0.9022591 0.6233469
vt 0.8963752 0.6228696
vt 0.8954763 0.63239837
vt 0.9513774 0.6285291
vt 0.9507026 0.6356826
vt 0.9446446 0.6279828
vt 0.9439697 0.63513637
vt 0.8963752 0.6228696
vt 0.8954763 0.63239837
vt 0.9120222 0.6242925
vt 0.9022591 0.6233469
vt 0.9013603 0.6328758
vt 0.91115206 0.63351685
vt 0.92399824 0.62549406
vt 0.92317116 0.63426226
vt 0.8954763 0.05944276
vt 0.91115206 0.056391
vt 0.9013603 0.065344095
vt 0.9439697 0.015202284
vt 0.92317116 0.059969038
vt 0.950017 0.03249365
vt 0.9507026 0.019997805
vt 0.6356269 0.03249365
vt 0.6356826 0.019997805
vt 0.6285291 0.019997805
vt 0.62847346 0.03249365
vt 0.7905277 0.62617993
vt 0.75500214 0.6252049
vt 0.75668836 0.6073313
vt 0.79185677 0.61209226
vt 0.80814874 0.6273664
vt 0.80943227 0.61376154
vt 0.7711759 0.23163027
vt 0.80943227 0.18126583
vt 0.79185677 0.17831308
vt 0.75668836 0.2098254
vt 0.7532465 0.24404877
vt 0.74663883 0.232036
vt 0.6064565 0.24404877
vt 0.6247684 0.232036
vt 0.6255121 0.24404877
vt 0.6061312 0.232036
vt 0.6073313 0.2098254
vt 0.6252049 0.2098254
vt 0.769462 0.23163027
vt 0.7905277 0.17831308
vt 0.80814874 0.18126583
vt 0.75500214 0.2098254
vt 0.7514488 0.24404877
vt 0.7448807 0.232036
vt 0.769462 0.6265267
vt 0.7711759 0.6083582
vt 0.7532465 0.6064565
vt 0.7514488 0.6255121
vt 0.95004183 0.637943
vt 0.7482389 0.60474354
vt 0.7461966 0.62639266
vt 0.95114994 0.6261965
vt 0.6300956 0.23529482
vt 0.6046613 0.23529482
vt 0.6040352 0.21323323
vt 0.6307262 0.21323323
vt 0.6086896 0.12192321
vt 0.5984667 0.10300362
vt 0.6194794 0.09469786
vt 0.6484235 0.14472213
vt 0.68674374 0.13913077
vt 0.7089775 0.17399627
vt 0.6519319 0.16340399
vt 0.740591 0.21428263
vt 0.7489283 0.20086634
vt 0.7618356 0.21857947
vt 0.75349826 0.23199576
vt 0.750322 0.6083766
vt 0.7089775 0.6204987
vt 0.7104817 0.604554
vt 0.7489283 0.6231502
vt 0.76322925 0.6094239
vt 0.7618356 0.6241975
vt 0.604554 0.17399627
vt 0.6204987 0.17399627
vt 0.6190569 0.13913077
vt 0.6023934 0.13913077
vt 0.62125653 0.5958568
vt 0.68831575 0.6023934
vt 0.68674374 0.6190569
vt 0.6194794 0.6146947
vt 0.6003079 0.59381485
vt 0.5984667 0.61333203
vt 0.6519319 0.6167993
vt 0.740591 0.62260956
vt 0.74201006 0.6075664
vt 0.65361005 0.59901047
vt 0.61049956 0.12192321
vt 0.62125653 0.09469786
vt 0.6003079 0.10300362
vt 0.65011233 0.14472213
vt 0.68831575 0.13913077
vt 0.7104817 0.17399627
vt 0.65361005 0.16340399
vt 0.74201006 0.21428263
vt 0.750322 0.20086634
vt 0.76322925 0.21857947
vt 0.7549173 0.23199576
vt 0.5948083 0.12192321
vt 0.61333203 0.10300362
vt 0.61399496 0.12192321
vt 0.59381485 0.10300362
vt 0.6086896 0.61399496
vt 0.6484235 0.6165717
vt 0.65011233 0.5986695
vt 0.61049956 0.5948083
vt 0.6167993 0.16340399
vt 0.59901047 0.16340399
vt 0.6165717 0.14472213
vt 0.5986695 0.14472213
vt 0.5936745 0.12455195
vt 0.653701 0.15906459
vt 0.646088 0.11801678
vt 0.59976745 0.086907625
vt 0.58295166 0.10281396
vt 0.58527696 0.09374586
vt 0.59976745 0.5975353
vt 0.646088 0.6020504
vt 0.6450933 0.6125941
vt 0.5986311 0.609581
vt 0.5840963 0.6086384
vt 0.58527696 0.59612286
vt 0.59251946 0.12455195
vt 0.6450933 0.11801678
vt 0.65272963 0.15906459
vt 0.5986311 0.086907625
vt 0.5817639 0.10281396
vt 0.5840963 0.09374586
vt 0.59251946 0.6091847
vt 0.65272963 0.6130893
vt 0.653701 0.6027925
vt 0.5936745 0.5969414
vt 0.6091847 0.12455195
vt 0.5969414 0.12455195
vt 0.6084871 0.10281396
vt 0.5958962 0.10281396
vt 0.59612286 0.09374586
vt 0.6086384 0.09374586
vt 0.58892703 0.12719643
vt 0.6164087 0.12719643
vt 0.6164087 0.10280973
vt 0.58892703 0.10280973
vt 0.54817367 0.085211396
vt 0.5869302 0.12719643
vt 0.5481736 0.12719643
vt 0.58693016 0.10280973
vt 0.5801526 0.085211396
vt 0.5869302 0.6164087
vt 0.5895227 0.58892703
vt 0.55076617 0.5857824
vt 0.5481736 0.613264
vt 0.55076617 0.12719643
vt 0.5895227 0.12719643
vt 0.55076617 0.085211396
vt 0.5895227 0.10280973
vt 0.5827451 0.085211396
vt 0.58892703 0.10280973
vt 0.6164087 0.10280973
vt 0.6158588 0.085211396
vt 0.5883771 0.085211396
vt 0.55076617 0.5857824
vt 0.5827451 0.5883771
vt 0.5801526 0.6158588
vt 0.54817367 0.6132641
vt 0.52352804 0.13713431
vt 0.53750724 0.13713431
vt 0.52352804 0.09149131
vt 0.53750724 0.09149131
vt 0.5501421 0.13713431
vt 0.5501421 0.09149131
vt 0.5221837 0.13713431
vt 0.5221837 0.09149131
vt 0.5348186 0.09149131
vt 0.5348186 0.13713431
vt 0.5487978 0.09149131
vt 0.5487978 0.13713431
vt 0.5487978 0.6066484
vt 0.5348186 0.61269385
vt 0.5221837 0.60448897
vt 0.52352804 0.59023863
vt 0.5501421 0.59239805
vt 0.53750724 0.58419317
vt 0.59239805 0.13713431
vt 0.6066484 0.13713431
vt 0.59239805 0.09149131
vt 0.6066484 0.09149131
vt 0.5221837 0.60448897
vt 0.5348186 0.61269385
vt 0.5487978 0.6066484
vt 0.52352804 0.59023863
vt 0.5501421 0.59239805
vt 0.53750724 0.58419317
vt 0.7803534 0.60798347
vt 0.77842987 0.62837374
vt 0.77141356 0.62780446
vt 0.7733371 0.6074142
vt 0.7682007 0.60699743
vt 0.7662772 0.6273877
vt 0.60714996 0.19793126
vt 0.60699743 0.1874966
vt 0.6273877 0.1874966
vt 0.62754023 0.19793126
vt 0.7681572 0.62754023
vt 0.77517354 0.6281095
vt 0.77008075 0.60714996
vt 0.7770971 0.6077193
vt 0.7822335 0.60813606
vt 0.78031 0.6285263
vt 0.60798347 0.18265384
vt 0.60813606 0.19308847
vt 0.62837374 0.18265384
vt 0.6285263 0.19308847
vt 0.7662772 0.1874966
vt 0.77141356 0.17985791
vt 0.77842987 0.18265384
vt 0.78031 0.19308847
vt 0.7681572 0.19793126
vt 0.77517354 0.20072722
vt 0.77008075 0.19793126
vt 0.7770971 0.20072722
vt 0.7822335 0.19308847
vt 0.7682007 0.1874966
vt 0.7803534 0.18265384
vt 0.7733371 0.17985791
vt 0.5857824 0.12719643
vt 0.5857824 0.085211396
vt 0.613264 0.12719643
vt 0.6132641 0.085211396
vt 0.75349826 0.6236568
vt 0.7549173 0.60861367
vt 0.740591 0.62260956
vt 0.74201006 0.6075664
vt 0.60448897 0.13713431
vt 0.59023863 0.13713431
vt 0.60448897 0.09149131
vt 0.59023863 0.09149131
vt 0.744756 0.0038399696
vt 0.749571 -5.9604645E-08
vt 0.749571 0.0038399696
vt 0.7447559 -5.9604645E-08
vt 0.7295899 0.0038399696
vt 0.7295899 -5.9604645E-08
vt 0.7384579 0.9542649
vt 0.7257798 0.93422127
vt 0.7158683 0.9397274
vt 0.7306143 0.963333
vt 0.9781326 0.012429416
vt 0.96640766 0.018358588
vt 0.96640766 0.012429446
vt 0.9889524 0.0038399696
vt 0.9488657 -5.9604645E-08
vt 0.94620323 0.012429476
vt 0.9889524 -5.9604645E-08
vt 0.7281696 0.018358588
vt 0.71577984 0.012429446
vt 0.71577984 0.018358588
vt 0.7281696 0.012429446
vt 0.9646421 0.012429446
vt 0.9646421 0.018358588
vt 0.98417354 0.012429446
vt 0.99922335 0.0038399696
vt 0.99922335 -5.9604645E-08
vt 0.94365835 -5.9604645E-08
vt 0.94099575 0.012429476
vt 0.75220585 0.9978125
vt 0.75260544 0.97662896
vt 0.75533867 0.9943336
vt 0.7175258 0.94238997
vt 0.7274373 0.9368838
vt 0.9978125 0.0038399696
vt 0.9978125 -5.9604645E-08
vt 0.9943336 0.0038399696
vt 0.9943336 -5.9604645E-08
vt 0.97662896 0.0038399696
vt 0.97662896 -5.9604645E-08
vt 0.9368838 -5.9604645E-08
vt 0.9542649 0.012429446
vt 0.93422127 0.012429476
vt 0.9658091 0.012429416
vt 0.9542649 0.018358588
vt 0.70340204 0.012429476
vt 0.7134995 0.012429476
vt 0.7050595 -5.9604645E-08
vt 0.71515703 -5.9604645E-08
vt 0.963333 0.018358588
vt 0.9542649 0.018358588
vt 0.9542649 0.012429446
vt 0.963333 0.012429446
vt 0.963333 0.012429446
vt 0.98280406 0.012429446
vt 0.963333 0.018358588
vt 0.9978125 0.0038399696
vt 0.9978125 -5.9604645E-08
vt 0.94238997 -5.9604645E-08
vt 0.9397274 0.012429476
vt 0.7175258 -5.9604645E-08
vt 0.7158683 0.012429476
vt 0.7257798 0.012429476
vt 0.7274373 -5.9604645E-08
vt 0.744756 1
vt 0.749571 0.99922335
vt 0.74025345 0.98417354
vt 0.7228541 0.9781326
vt 0.7295899 0.9889524
vt 0.7281696 0.9646421
vt 0.71577984 0.96640766
vt 0.75533867 0.9943336
vt 0.7428112 0.98280406
vt 0.75220585 0.9978125
vt 0.74586964 0.9658091
vt 0.7306143 0.963333
vt 0.7384579 0.9542649
vt 0.7134995 0.94099575
vt 0.70340204 0.94620323
vt 0.71577984 0.96640766
vt 0.7281696 0.9646421
vt 0.7295899 0.9889524
vt 0.749571 0.99922335
vt 0.7447559 0.9999999
vt 0.71515703 0.94365835
vt 0.7050595 0.9488657
vt 0.7117255 0.9565416
vt 0.7080796 0.95068526
vt 0.7276263 0.940219
vt 0.7312722 0.94607544
vt 0.7258035 0.023009479
vt 0.7276263 0.013653994
vt 0.7080796 0.013653994
vt 0.7062566 0.023009479
vt 0.7080796 0.032364905
vt 0.7276263 0.032364935
vt 0.7312719 0.94607556
vt 0.7276263 0.940219
vt 0.7080796 0.95068526
vt 0.7117255 0.9565416
vt 0.7117255 0.032364905
vt 0.7135483 0.02300945
vt 0.7312719 0.032364905
vt 0.73309505 0.02300945
vt 0.7312722 0.013653964
vt 0.7117255 0.013653964
vt 0.9565416 0.032364905
vt 0.95068526 0.032364905
vt 0.947757 0.023009479
vt 0.9594698 0.02300945
vt 0.95068526 0.013653994
vt 0.9565416 0.013653964
vt 0.940219 0.032364935
vt 0.94607556 0.032364905
vt 0.9490036 0.02300945
vt 0.9372908 0.023009479
vt 0.940219 0.013653994
vt 0.94607544 0.013653964
vt 0.731664 0.036384612
vt 0.7206531 0.036384612
vt 0.7212889 0.026359111
vt 0.7354657 0.026359111
vt 0.6128276 0.25701776
vt 0.6139344 0.27139005
vt 0.63422775 0.27139005
vt 0.6381662 0.25701776
vt 0.7212889 0.9661531
vt 0.7221468 0.93667644
vt 0.7354657 0.95856225
vt 0.70751125 0.94451296
vt 0.7158775 0.92529774
vt 0.7000204 0.9337883
vt 0.6478036 0.806137
vt 0.6227841 0.8195335
vt 0.9558458 0.036384612
vt 0.95856225 0.026359111
vt 0.93667644 0.053523958
vt 0.8064296 0.23529482
vt 0.7893909 0.27139005
vt 0.79031444 0.25701776
vt 0.92529774 0.05772534
vt 0.806137 0.21323323
vt 0.62335896 0.23529482
vt 0.6139344 0.27139005
vt 0.6128276 0.25701776
vt 0.7206531 0.036384612
vt 0.70751125 0.053523958
vt 0.7212889 0.026359111
vt 0.6128276 0.8038819
vt 0.6381662 0.79031444
vt 0.6472004 0.8064296
vt 0.62335896 0.81919545
vt 0.91232556 0.05944276
vt 0.9170693 0.065344095
vt 0.92502856 0.056391
vt 0.95192826 0.015202284
vt 0.9348159 0.059969038
vt 0.9568037 0.03249365
vt 0.95735645 0.019997805
vt 0.7031851 0.91232556
vt 0.69425297 0.9171082
vt 0.6972062 0.921852
vt 0.7061383 0.9170693
vt 0.7263549 0.95192826
vt 0.7297342 0.95735645
vt 0.72302866 0.96094686
vt 0.7196493 0.95551866
vt 0.7031851 0.91232556
vt 0.69425297 0.9171082
vt 0.710903 0.92502856
vt 0.7061383 0.9170693
vt 0.6972062 0.921852
vt 0.7022563 0.9296584
vt 0.71671087 0.9348159
vt 0.7084918 0.93921673
vt 0.9171082 0.05944276
vt 0.9296584 0.056391
vt 0.921852 0.065344095
vt 0.95551866 0.015202284
vt 0.93921673 0.059969038
vt 0.960394 0.03249365
vt 0.96094686 0.019997805
vt 0.72939 0.03249365
vt 0.7226845 0.03249365
vt 0.72302866 0.019997805
vt 0.7297342 0.019997805
vt 0.6200341 0.8062651
vt 0.6367885 0.79729414
vt 0.63954955 0.83381283
vt 0.652755 0.82674205
vt 0.66136146 0.8410515
vt 0.64860857 0.84787995
vt 0.80888927 0.23163027
vt 0.8410515 0.18126583
vt 0.82674205 0.17831308
vt 0.79729414 0.2098254
vt 0.7889713 0.232036
vt 0.79417765 0.24404877
vt 0.61772466 0.24404877
vt 0.6355869 0.24404877
vt 0.6320843 0.232036
vt 0.61461425 0.232036
vt 0.6200341 0.2098254
vt 0.6367885 0.2098254
vt 0.83381283 0.17831308
vt 0.84787995 0.18126583
vt 0.8180083 0.23163027
vt 0.8062651 0.2098254
vt 0.79832554 0.232036
vt 0.8037418 0.24404877
vt 0.9337883 0.05772534
vt 0.94451296 0.053523958
vt 0.81919545 0.23529482
vt 0.8195335 0.21323323
vt 0.6355869 0.79417765
vt 0.61772466 0.8037418
vt 0.64419115 0.80888927
vt 0.62716043 0.8180083
vt 0.7206531 0.96174145
vt 0.731664 0.9558458
vt 0.63422775 0.7893909
vt 0.6139344 0.80025685
vt 0.6472004 0.23529482
vt 0.6227841 0.21323323
vt 0.62335896 0.23529482
vt 0.6478036 0.21323323
vt 0.6886828 0.12192321
vt 0.6805363 0.10300362
vt 0.6972811 0.09469786
vt 0.72034633 0.14472213
vt 0.75088334 0.13913077
vt 0.7686012 0.17399627
vt 0.72314215 0.16340399
vt 0.79382837 0.21428263
vt 0.80047226 0.20086634
vt 0.8108785 0.21857947
vt 0.8042346 0.23199576
vt 0.62816167 0.78627807
vt 0.5850147 0.7142138
vt 0.5683399 0.72314215
vt 0.61406064 0.79382837
vt 0.6790528 0.12192321
vt 0.6878262 0.09469786
vt 0.6707405 0.10300362
vt 0.71136105 0.14472213
vt 0.74251974 0.13913077
vt 0.76059836 0.17399627
vt 0.7142138 0.16340399
vt 0.78627807 0.21428263
vt 0.79305726 0.20086634
vt 0.8034635 0.21857947
vt 0.7966843 0.23199576
vt 0.55158484 0.6972811
vt 0.540736 0.6805363
vt 0.55903095 0.6707405
vt 0.569243 0.6878262
vt 0.601933 0.74251974
vt 0.58631307 0.75088334
vt 0.6127385 0.76059836
vt 0.59779227 0.7686012
vt 0.63221353 0.79305726
vt 0.6183651 0.80047226
vt 0.6248434 0.8108785
vt 0.63869184 0.8034635
vt 0.5460141 0.12192321
vt 0.5639992 0.12192321
vt 0.55903095 0.10300362
vt 0.540736 0.10300362
vt 0.5665285 0.72034633
vt 0.58330965 0.71136105
vt 0.5639992 0.6790528
vt 0.5460141 0.6886828
vt 0.5683399 0.16340399
vt 0.5850147 0.16340399
vt 0.58330965 0.14472213
vt 0.5665285 0.14472213
vt 0.6674944 0.12455195
vt 0.7164521 0.15906459
vt 0.710243 0.11801678
vt 0.6724639 0.086907625
vt 0.6587489 0.10281396
vt 0.66064537 0.09374586
vt 0.55543476 0.6724639
vt 0.5780151 0.710243
vt 0.5681317 0.7155349
vt 0.54414344 0.6785097
vt 0.54837096 0.66064537
vt 0.53663915 0.6669271
vt 0.6736394 0.12455195
vt 0.7155349 0.11801678
vt 0.72162026 0.15906459
vt 0.6785097 0.086907625
vt 0.66506845 0.10281396
vt 0.6669271 0.09374586
vt 0.5720743 0.72162026
vt 0.5817263 0.7164521
vt 0.55246454 0.6674944
vt 0.540988 0.6736394
vt 0.540988 0.12455195
vt 0.55246454 0.12455195
vt 0.5472374 0.10281396
vt 0.535435 0.10281396
vt 0.53663915 0.09374586
vt 0.54837096 0.09374586
vt 0.53140146 0.12719643
vt 0.55716205 0.10280973
vt 0.55716205 0.12719643
vt 0.5314014 0.10280973
vt 0.6422901 0.085211396
vt 0.67353684 0.12719643
vt 0.6422901 0.12719643
vt 0.67353684 0.10280973
vt 0.6680725 0.085211396
vt 0.5377098 0.62849677
vt 0.5119491 0.6422901
vt 0.53140146 0.67353684
vt 0.55716205 0.65974355
vt 0.62849677 0.12719643
vt 0.65974355 0.12719643
vt 0.6284968 0.085211396
vt 0.65974355 0.10280973
vt 0.65427923 0.085211396
vt 0.5537603 0.085211396
vt 0.55716205 0.10280973
vt 0.5314014 0.10280973
vt 0.5279997 0.085211396
vt 0.5279997 0.6680725
vt 0.5119492 0.6422901
vt 0.5377098 0.6284968
vt 0.5537603 0.65427923
vt 0.53150845 0.13713431
vt 0.53150845 0.09149131
vt 0.51815057 0.09149131
vt 0.51815057 0.13713431
vt 0.50479263 0.09149131
vt 0.50479263 0.13713431
vt 0.63181734 0.09149131
vt 0.63181734 0.13713431
vt 0.6175126 0.13713431
vt 0.6175126 0.09149131
vt 0.50479263 0.13713431
vt 0.50479263 0.09149131
vt 0.5181505 0.09149131
vt 0.5181505 0.13713431
vt 0.53150845 0.09149131
vt 0.53150845 0.13713431
vt 0.51815057 0.6103602
vt 0.53150845 0.6175126
vt 0.53150845 0.63181734
vt 0.5181505 0.63896966
vt 0.50479263 0.6175126
vt 0.50479263 0.63181734
vt 0.6175126 0.09149131
vt 0.6175126 0.13713431
vt 0.63181734 0.13713431
vt 0.63181734 0.09149131
vt 0.50479263 0.6175126
vt 0.50479263 0.63181734
vt 0.5181505 0.63896966
vt 0.51815057 0.6103602
vt 0.53150845 0.63181734
vt 0.53150845 0.6175126
vt 0.64626455 0.80998963
vt 0.6497861 0.8156464
vt 0.63067275 0.8258805
vt 0.62715125 0.82022375
vt 0.64368653 0.80584854
vt 0.6245732 0.8160826
vt 0.6255168 0.19793126
vt 0.64463013 0.19793126
vt 0.64368653 0.1874966
vt 0.6245732 0.1874966
vt 0.64463013 0.8073643
vt 0.6255168 0.81759834
vt 0.62903845 0.8232552
vt 0.64815176 0.8130211
vt 0.6316164 0.8273963
vt 0.6507297 0.81716216
vt 0.6497861 0.18265384
vt 0.6507297 0.19308847
vt 0.6316164 0.19308847
vt 0.63067275 0.18265384
vt 0.8160826 0.1874966
vt 0.82022375 0.17985791
vt 0.8258805 0.18265384
vt 0.8273963 0.19308847
vt 0.81759834 0.19793126
vt 0.8232552 0.20072722
vt 0.8073643 0.19793126
vt 0.8130211 0.20072722
vt 0.81716216 0.19308847
vt 0.80584854 0.1874966
vt 0.8156464 0.18265384
vt 0.80998963 0.17985791
vt 0.64182425 0.8233253
vt 0.6452291 0.8224502
vt 0.58889043 0.7319519
vt 0.5854856 0.73282695
vt 0.82562244 0.19395703
vt 0.8233253 0.19885182
vt 0.7351241 0.14922708
vt 0.73282695 0.15412188
vt 0.6427096 0.8247473
vt 0.63930476 0.82562244
vt 0.5863708 0.734249
vt 0.582966 0.7351241
vt 0.734249 0.14433229
vt 0.7319519 0.14922708
vt 0.8224502 0.19395703
vt 0.8247473 0.18906218
vt 0.5377098 0.12719643
vt 0.5377098 0.085211396
vt 0.5119492 0.085211396
vt 0.5119491 0.12719643
vt 0.63464 0.7966843
vt 0.62816167 0.78627807
vt 0.61406064 0.79382837
vt 0.6205389 0.8042346
vt 0.9978125 -5.9604645E-08
vt 0.9978125 0.0038399696
vt 0.9943335 0.0038399696
vt 0.9943335 -5.9604645E-08
vt 0.9766289 0.0038399696
vt 0.9766289 -5.9604645E-08
vt 0.93688375 -5.9604645E-08
vt 0.9542648 0.012429446
vt 0.93422115 0.012429476
vt 0.9658091 0.012429416
vt 0.9542648 0.018358588
vt 0.2865005 0.94099575
vt 0.2718305 0.964642
vt 0.28422022 0.96640754
vt 0.29659802 0.94620323
vt 0.96333313 0.018358588
vt 0.9542648 0.012429446
vt 0.9542648 0.018358588
vt 0.96333313 0.012429446
vt 0.96333313 0.012429446
vt 0.96333313 0.018358588
vt 0.98280406 0.012429446
vt 0.9978125 0.0038399696
vt 0.9978125 -5.9604645E-08
vt 0.94238997 -5.9604645E-08
vt 0.93972737 0.012429476
vt 0.25042903 0.99922323
vt 0.27041015 0.9889524
vt 0.25524405 1
vt 0.28484303 0.94365823
vt 0.2949405 0.9488658
vt 0.25042903 0.0038399696
vt 0.25042903 -5.9604645E-08
vt 0.25524405 0.0038399696
vt 0.25524405 -5.9604645E-08
vt 0.27041015 0.0038399696
vt 0.27041015 -5.9604645E-08
vt 0.9488658 -5.9604645E-08
vt 0.9889524 0.0038399696
vt 0.9889524 -5.9604645E-08
vt 0.96640754 0.012429446
vt 0.94620323 0.012429476
vt 0.9781326 0.012429416
vt 0.96640754 0.018358588
vt 0.2742203 0.012429476
vt 0.28413177 0.012429476
vt 0.28247422 -5.9604645E-08
vt 0.27256274 -5.9604645E-08
vt 0.2718305 0.018358588
vt 0.28422022 0.018358588
vt 0.28422022 0.012429446
vt 0.2718305 0.012429446
vt 0.964642 0.012429446
vt 0.98417366 0.012429446
vt 0.964642 0.018358588
vt 0.99922323 0.0038399696
vt 0.99922323 -5.9604645E-08
vt 0.94365823 -5.9604645E-08
vt 0.94099575 0.012429476
vt 0.29659802 0.012429476
vt 0.2949405 -5.9604645E-08
vt 0.2865005 0.012429476
vt 0.28484303 -5.9604645E-08
vt 0.24466142 0.9943335
vt 0.24779415 0.9978125
vt 0.25718892 0.98280406
vt 0.25413036 0.9658091
vt 0.2693857 0.96333313
vt 0.26154214 0.9542648
vt 0.25524405 1
vt 0.2597466 0.98417366
vt 0.25042903 0.99922323
vt 0.27714598 0.9781326
vt 0.27041015 0.9889524
vt 0.2718305 0.964642
vt 0.28422022 0.96640754
vt 0.28413177 0.93972737
vt 0.2742203 0.93422115
vt 0.26154214 0.9542648
vt 0.2693857 0.96333313
vt 0.24739462 0.9766289
vt 0.24779415 0.9978125
vt 0.24466145 0.9943335
vt 0.28247422 0.94238997
vt 0.27256274 0.93688375
vt 0.29192054 0.95068514
vt 0.2882747 0.9565416
vt 0.26872793 0.94607544
vt 0.27237368 0.940219
vt 0.29192054 0.013653994
vt 0.27237368 0.013653994
vt 0.27419662 0.023009479
vt 0.29374346 0.023009479
vt 0.29192054 0.032364935
vt 0.27237368 0.032364905
vt 0.27237368 0.940219
vt 0.26872793 0.94607544
vt 0.28827444 0.9565414
vt 0.29192054 0.95068514
vt 0.28645182 0.02300945
vt 0.28827444 0.032364905
vt 0.26872793 0.032364905
vt 0.26690495 0.02300945
vt 0.26872793 0.013653964
vt 0.2882747 0.013653964
vt 0.940219 0.013653994
vt 0.94607544 0.013653964
vt 0.9490036 0.02300945
vt 0.9372908 0.023009479
vt 0.940219 0.032364905
vt 0.94607544 0.032364905
vt 0.95946974 0.02300945
vt 0.9565416 0.013653964
vt 0.95068514 0.013653994
vt 0.947757 0.023009479
vt 0.9565414 0.032364905
vt 0.95068514 0.032364935
vt 0.26833606 0.036384612
vt 0.27871114 0.026359111
vt 0.27934694 0.036384612
vt 0.26453438 0.026359111
vt 0.36183387 0.25701776
vt 0.3657723 0.27139005
vt 0.3871725 0.25701776
vt 0.38606566 0.27139005
vt 0.2924888 0.9445129
vt 0.27871114 0.96615314
vt 0.26453438 0.95856225
vt 0.2778533 0.9366764
vt 0.2999797 0.9337883
vt 0.2841226 0.92529774
vt 0.37721598 0.8195335
vt 0.35219646 0.80613697
vt 0.8064297 0.23529482
vt 0.7893909 0.27139005
vt 0.7903145 0.25701776
vt 0.9558458 0.036384612
vt 0.9366764 0.053523958
vt 0.95856225 0.026359111
vt 0.92529774 0.05772534
vt 0.80613697 0.21323323
vt 0.37664112 0.8191954
vt 0.35279962 0.8064297
vt 0.36183387 0.7903145
vt 0.3871725 0.8038818
vt 0.91710806 0.05944276
vt 0.921852 0.065344095
vt 0.9296584 0.056391
vt 0.9555186 0.015202284
vt 0.93921673 0.059969038
vt 0.960394 0.03249365
vt 0.96094686 0.019997805
vt 0.29386175 0.9170693
vt 0.30279386 0.921852
vt 0.30574703 0.91710806
vt 0.29681498 0.9123255
vt 0.2769714 0.96094686
vt 0.27026582 0.95735645
vt 0.2803507 0.9555186
vt 0.2736451 0.95192814
vt 0.30574703 0.91710806
vt 0.29681498 0.9123255
vt 0.29774377 0.9296584
vt 0.30279386 0.921852
vt 0.29386175 0.9170693
vt 0.28909713 0.9250287
vt 0.29150826 0.93921673
vt 0.28328913 0.9348159
vt 0.9123255 0.05944276
vt 0.9250287 0.056391
vt 0.9170693 0.065344095
vt 0.95192814 0.015202284
vt 0.9348159 0.059969038
vt 0.9568036 0.03249365
vt 0.95735645 0.019997805
vt 0.27061003 0.03249365
vt 0.27026582 0.019997805
vt 0.2769714 0.019997805
vt 0.2773155 0.03249365
vt 0.36321163 0.79729414
vt 0.37996596 0.8062651
vt 0.3604505 0.83381283
vt 0.34724504 0.82674205
vt 0.3513915 0.8478799
vt 0.3386386 0.8410515
vt 0.81800824 0.23163027
vt 0.8478799 0.18126583
vt 0.83381283 0.17831308
vt 0.8062651 0.2098254
vt 0.7983255 0.232036
vt 0.8037418 0.24404877
vt 0.38227537 0.24404877
vt 0.36791575 0.232036
vt 0.36441314 0.24404877
vt 0.3853858 0.232036
vt 0.37996596 0.2098254
vt 0.36321163 0.2098254
vt 0.82674205 0.17831308
vt 0.8410515 0.18126583
vt 0.80888927 0.23163027
vt 0.79729414 0.2098254
vt 0.7889713 0.232036
vt 0.79417765 0.24404877
vt 0.9337883 0.05772534
vt 0.8195335 0.21323323
vt 0.8191954 0.23529482
vt 0.9445129 0.053523958
vt 0.96174145 0.036384612
vt 0.80025685 0.27139005
vt 0.36441314 0.79417765
vt 0.3558089 0.80888927
vt 0.37283966 0.81800824
vt 0.38227537 0.8037418
vt 0.3657723 0.7893909
vt 0.26833606 0.9558458
vt 0.27934694 0.96174145
vt 0.38606566 0.80025685
vt 0.35279962 0.23529482
vt 0.37664112 0.23529482
vt 0.37721598 0.21323323
vt 0.35219646 0.21323323
vt 0.6790528 0.12192321
vt 0.6707405 0.10300362
vt 0.6878262 0.09469786
vt 0.71136105 0.14472213
vt 0.74251974 0.13913077
vt 0.76059836 0.17399627
vt 0.7142137 0.16340399
vt 0.78627807 0.21428263
vt 0.79305726 0.20086634
vt 0.80346346 0.21857947
vt 0.7966843 0.23199576
vt 0.4149854 0.7142137
vt 0.3718384 0.78627807
vt 0.38593948 0.79382837
vt 0.43166018 0.72314215
vt 0.6886828 0.12192321
vt 0.6972811 0.09469786
vt 0.6805363 0.10300362
vt 0.72034633 0.14472213
vt 0.75088334 0.13913077
vt 0.7686012 0.17399627
vt 0.72314215 0.16340399
vt 0.79382837 0.21428263
vt 0.80047226 0.20086634
vt 0.8108785 0.21857947
vt 0.8042346 0.23199576
vt 0.45926404 0.6805363
vt 0.4307571 0.6878262
vt 0.44096914 0.6707405
vt 0.44841525 0.6972811
vt 0.3980671 0.74251974
vt 0.413687 0.75088334
vt 0.4022078 0.7686012
vt 0.38726157 0.76059836
vt 0.38163495 0.80047226
vt 0.36778653 0.79305726
vt 0.36130825 0.80346346
vt 0.37515664 0.8108785
vt 0.45398602 0.12192321
vt 0.44096914 0.10300362
vt 0.43600088 0.12192321
vt 0.45926404 0.10300362
vt 0.43600088 0.6790528
vt 0.41669047 0.71136105
vt 0.43347156 0.72034633
vt 0.45398602 0.6886828
vt 0.4149854 0.16340399
vt 0.43166018 0.16340399
vt 0.41669047 0.14472213
vt 0.43347156 0.14472213
vt 0.6736394 0.12455195
vt 0.72162026 0.15906459
vt 0.7155349 0.11801678
vt 0.6785097 0.086907625
vt 0.66506845 0.10281396
vt 0.6669271 0.09374586
vt 0.45585665 0.6785097
vt 0.43186837 0.7155349
vt 0.42198497 0.7102429
vt 0.4445653 0.67246383
vt 0.4633609 0.6669271
vt 0.45162913 0.66064537
vt 0.6674944 0.12455195
vt 0.7102429 0.11801678
vt 0.7164521 0.15906459
vt 0.67246383 0.086907625
vt 0.6587489 0.10281396
vt 0.66064537 0.09374586
vt 0.4475355 0.6674944
vt 0.41827375 0.7164521
vt 0.42792577 0.72162026
vt 0.45901203 0.6736394
vt 0.4475355 0.12455195
vt 0.45901203 0.12455195
vt 0.45276263 0.10281396
vt 0.4645651 0.10281396
vt 0.4633609 0.09374586
vt 0.45162913 0.09374586
vt 0.46859863 0.12719643
vt 0.442838 0.12719643
vt 0.442838 0.10280973
vt 0.46859866 0.10280973
vt 0.6284968 0.085211396
vt 0.65974355 0.12719643
vt 0.62849677 0.12719643
vt 0.6597435 0.10280973
vt 0.6542792 0.085211396
vt 0.442838 0.65974355
vt 0.46859863 0.67353684
vt 0.48805094 0.6422901
vt 0.46229032 0.62849677
vt 0.6422901 0.12719643
vt 0.67353684 0.12719643
vt 0.6422901 0.085211396
vt 0.67353684 0.10280973
vt 0.6680725 0.085211396
vt 0.46859866 0.10280973
vt 0.442838 0.10280973
vt 0.44623977 0.085211396
vt 0.4720004 0.085211396
vt 0.48805094 0.6422901
vt 0.4720004 0.6680725
vt 0.44623977 0.6542792
vt 0.4622903 0.6284968
vt 0.6175126 0.13713431
vt 0.63181734 0.13713431
vt 0.6175126 0.09149131
vt 0.63181734 0.09149131
vt 0.46849164 0.13713431
vt 0.48184955 0.13713431
vt 0.46849164 0.09149131
vt 0.48184955 0.09149131
vt 0.49520743 0.13713431
vt 0.49520743 0.09149131
vt 0.6318173 0.13713431
vt 0.6175125 0.13713431
vt 0.6318173 0.09149131
vt 0.6175125 0.09149131
vt 0.46849167 0.6318173
vt 0.46849164 0.6175125
vt 0.48184955 0.6103602
vt 0.49520743 0.6175126
vt 0.48184955 0.63896966
vt 0.49520743 0.63181734
vt 0.46849167 0.13713431
vt 0.46849167 0.09149131
vt 0.48184955 0.09149131
vt 0.48184955 0.13713431
vt 0.49520743 0.09149131
vt 0.49520743 0.13713431
vt 0.48184955 0.6103602
vt 0.46849164 0.6175125
vt 0.46849167 0.6318173
vt 0.49520743 0.6175126
vt 0.48184955 0.63896966
vt 0.49520743 0.63181734
vt 0.36932728 0.8258805
vt 0.35021394 0.8156464
vt 0.3537355 0.80998963
vt 0.37284887 0.82022375
vt 0.37542686 0.81608254
vt 0.35631353 0.8058485
vt 0.37448326 0.19793126
vt 0.37542686 0.1874966
vt 0.35631353 0.1874966
vt 0.3553699 0.19793126
vt 0.3553699 0.8073642
vt 0.35184836 0.81302106
vt 0.37448326 0.81759834
vt 0.37096167 0.8232552
vt 0.36838368 0.8273962
vt 0.34927034 0.81716216
vt 0.36932728 0.18265384
vt 0.36838368 0.19308847
vt 0.35021394 0.18265384
vt 0.34927034 0.19308847
vt 0.8058485 0.1874966
vt 0.80998963 0.17985791
vt 0.8156464 0.18265384
vt 0.81716216 0.19308847
vt 0.8073642 0.19793126
vt 0.81302106 0.20072722
vt 0.81759834 0.19793126
vt 0.8232552 0.20072722
vt 0.8273962 0.19308847
vt 0.81608254 0.1874966
vt 0.8258805 0.18265384
vt 0.82022375 0.17985791
vt 0.73512405 0.14922708
vt 0.73282695 0.15412188
vt 0.8233253 0.19885182
vt 0.82562244 0.19395703
vt 0.41110963 0.7319519
vt 0.35477096 0.8224502
vt 0.35817575 0.8233253
vt 0.41451448 0.73282695
vt 0.8247473 0.18906218
vt 0.8224502 0.19395703
vt 0.734249 0.14433229
vt 0.7319519 0.14922708
vt 0.41362923 0.734249
vt 0.41703406 0.73512405
vt 0.36069533 0.82562244
vt 0.3572905 0.8247473
vt 0.48805094 0.12719643
vt 0.48805094 0.085211396
vt 0.46229032 0.12719643
vt 0.4622903 0.085211396
vt 0.36536008 0.7966843
vt 0.37946117 0.8042346
vt 0.3718384 0.78627807
vt 0.38593948 0.79382837
vt 0.63466203 0.0038399696
vt 0.63028663 0.0038399696
vt 0.63028663 -5.9604645E-08
vt 0.63466203 -5.9604645E-08
vt 0.018481612 0.0038399696
vt 0.0012760758 -5.9604645E-08
vt 0.0012760162 0.0038399696
vt 0.018481612 -5.9604645E-08
vt 0.068023056 -5.9604645E-08
vt 0.046349704 0.012429446
vt 0.07132548 0.012429476
vt 0.031901836 0.012429416
vt 0.046349704 0.018358588
vt 0.048632056 0.6443215
vt 0.07357746 0.64213604
vt 0.07238537 0.6314782
vt 0.0430851 0.6338964
vt 0.63128835 0.018358588
vt 0.62012833 0.012429446
vt 0.62012833 0.018358588
vt 0.63128835 0.012429446
vt 0.0428389 0.012429446
vt 0.0428389 0.018358588
vt 0.018645048 0.012429446
vt 0 0.0038399696
vt 0 -5.9604645E-08
vt 0.0688445 -5.9604645E-08
vt 0.07214701 0.012429476
vt 0.00026521087 0.6374729
vt 0.020797879 0.6467613
vt 0.002341032 0.6415763
vt 0.069082946 0.6317462
vt 0.07027504 0.642404
vt 0.6374729 0.0038399696
vt 0.6374729 -5.9604645E-08
vt 0.6415763 -5.9604645E-08
vt 0.64157635 0.0038399696
vt 0.0023409724 0.0038399696
vt 0.002341032 -5.9604645E-08
vt 0.020797879 0.0038399696
vt 0.020797879 -5.9604645E-08
vt 0.07027504 -5.9604645E-08
vt 0.048632056 0.012429446
vt 0.07357746 0.012429476
vt 0.034218132 0.012429416
vt 0.048632056 0.018358588
vt 0.6182633 0.012429476
vt 0.6289512 0.012429476
vt 0.6185312 -5.9604645E-08
vt 0.6292192 -5.9604645E-08
vt 0.6338964 0.018358588
vt 0.6443215 0.018358588
vt 0.6443215 0.012429446
vt 0.6338964 0.012429446
vt 0.0430851 0.012429446
vt 0.01890245 0.012429446
vt 0.0430851 0.018358588
vt 0.00026521087 0.0038399696
vt 0.00026521087 -5.9604645E-08
vt 0.069082946 -5.9604645E-08
vt 0.07238537 0.012429476
vt 0.64213604 0.012429476
vt 0.642404 -5.9604645E-08
vt 0.6317462 -5.9604645E-08
vt 0.6314782 0.012429476
vt 0.0012760162 0.63028663
vt 0 0.63466203
vt 0.018645048 0.63319063
vt 0.031901836 0.6211192
vt 0.0428389 0.63128835
vt 0.046349704 0.62012833
vt 0.0023409724 0.64157635
vt 0.01890245 0.6359193
vt 0.00026521087 0.6374729
vt 0.034218132 0.64567244
vt 0.0430851 0.6338964
vt 0.048632056 0.6443215
vt 0.07214701 0.6289512
vt 0.07132548 0.6182633
vt 0.046349704 0.62012833
vt 0.0428389 0.63128835
vt 0.018481612 0.6222081
vt 0 0.63466203
vt 0.0012760758 0.63028663
vt 0.0688445 0.6292192
vt 0.068023056 0.6185312
vt 0.057704777 0.6208901
vt 0.064968646 0.62030065
vt 0.06693581 0.64115334
vt 0.05967185 0.64174277
vt 0.6408587 0.023009479
vt 0.64115334 0.013653994
vt 0.62030065 0.013653994
vt 0.62000597 0.023009479
vt 0.62030065 0.032364905
vt 0.64115334 0.032364935
vt 0.05967185 0.64174247
vt 0.06693581 0.64115334
vt 0.064968646 0.62030065
vt 0.057704777 0.6208901
vt 0.6208901 0.032364905
vt 0.6211847 0.02300945
vt 0.64174247 0.032364905
vt 0.64203745 0.02300945
vt 0.64174277 0.013653964
vt 0.6208901 0.013653964
vt 0.064968646 0.013653994
vt 0.057704777 0.013653964
vt 0.054072797 0.02300945
vt 0.068600655 0.023009479
vt 0.064968646 0.032364905
vt 0.057704777 0.032364905
vt 0.06693581 0.032364935
vt 0.05967185 0.032364905
vt 0.05603996 0.02300945
vt 0.07056782 0.023009479
vt 0.06693581 0.013653994
vt 0.05967185 0.013653964
vt 0.62486637 0.026359111
vt 0.6399903 0.026359111
vt 0.6379429 0.036384612
vt 0.6261964 0.036384612
vt 0.60228115 0.25701776
vt 0.6047434 0.27139005
vt 0.6263926 0.27139005
vt 0.62931263 0.25701776
vt 0.045696914 0.6399903
vt 0.044270217 0.62486637
vt 0.072713524 0.63804483
vt 0.07124066 0.62243146
vt 0.08648279 0.6375842
vt 0.08488697 0.62066764
vt 0.23170108 0.63072616
vt 0.22918317 0.60403514
vt 0.04995829 0.036384612
vt 0.045696914 0.026359111
vt 0.072713524 0.053523958
vt 0.23167002 0.23529482
vt 0.25380343 0.27139005
vt 0.2512365 0.25701776
vt 0.08648279 0.05772534
vt 0.23170108 0.21323323
vt 0.2292706 0.23529482
vt 0.2517612 0.27139005
vt 0.24868643 0.25701776
vt 0.04885015 0.036384612
vt 0.07124066 0.053523958
vt 0.044270217 0.026359111
vt 0.08488697 0.05772534
vt 0.22918317 0.21323323
vt 0.24868643 0.60228115
vt 0.2512365 0.62931263
vt 0.23167002 0.6300955
vt 0.2292706 0.6046612
vt 0.10452384 0.05944276
vt 0.098639876 0.065344095
vt 0.08884817 0.056391
vt 0.056030363 0.015202284
vt 0.07682899 0.059969038
vt 0.049983174 0.03249365
vt 0.04929751 0.019997805
vt 0.10452384 0.63239825
vt 0.10362494 0.62286943
vt 0.09774098 0.6233468
vt 0.098639876 0.6328757
vt 0.056030363 0.6351362
vt 0.04929751 0.63568246
vt 0.048622698 0.62852895
vt 0.05535564 0.6279826
vt 0.10452384 0.63239825
vt 0.10362494 0.62286943
vt 0.08884817 0.6335168
vt 0.098639876 0.6328757
vt 0.09774098 0.6233468
vt 0.087977886 0.62429243
vt 0.07682899 0.63426214
vt 0.07600188 0.62549394
vt 0.10362494 0.05944276
vt 0.087977886 0.056391
vt 0.09774098 0.065344095
vt 0.05535564 0.015202284
vt 0.07600188 0.059969038
vt 0.04930836 0.03249365
vt 0.048622698 0.019997805
vt 0.6356268 0.03249365
vt 0.6284733 0.03249365
vt 0.62852895 0.019997805
vt 0.63568246 0.019997805
vt 0.2433118 0.6073312
vt 0.24499795 0.62520486
vt 0.20947239 0.6261799
vt 0.20814335 0.61209214
vt 0.19185135 0.6273663
vt 0.19056788 0.6137614
vt 0.23053813 0.23163027
vt 0.19185135 0.18126583
vt 0.20947239 0.17831308
vt 0.24499795 0.2098254
vt 0.24855125 0.24404877
vt 0.2551194 0.232036
vt 0.60645646 0.24404877
vt 0.625512 0.24404877
vt 0.6247683 0.232036
vt 0.6061311 0.232036
vt 0.6073312 0.2098254
vt 0.62520486 0.2098254
vt 0.2288242 0.23163027
vt 0.20814335 0.17831308
vt 0.19056788 0.18126583
vt 0.2433118 0.2098254
vt 0.24675366 0.24404877
vt 0.25336125 0.232036
vt 0.24855125 0.625512
vt 0.24675366 0.60645646
vt 0.2288242 0.60835814
vt 0.23053813 0.62652665
vt 0.04995829 0.6379429
vt 0.25380343 0.6263926
vt 0.2517612 0.6047434
vt 0.04885015 0.6261964
vt 0.6300955 0.23529482
vt 0.60403514 0.21323323
vt 0.6046612 0.23529482
vt 0.63072616 0.21323323
vt 0.3895005 0.12192321
vt 0.3996922 0.10300362
vt 0.37874356 0.09469786
vt 0.34988773 0.14472213
vt 0.31168437 0.13913077
vt 0.2895184 0.17399627
vt 0.34639007 0.16340399
vt 0.25799 0.21428263
vt 0.24967816 0.20086634
vt 0.23677087 0.21857947
vt 0.24508274 0.23199576
vt 0.24967816 0.60837656
vt 0.2895184 0.60455394
vt 0.29102257 0.62049866
vt 0.2510718 0.62315017
vt 0.23677087 0.6094238
vt 0.23816451 0.6241974
vt 0.60455394 0.17399627
vt 0.6023933 0.13913077
vt 0.6190568 0.13913077
vt 0.62049866 0.17399627
vt 0.38052064 0.61469465
vt 0.31325632 0.6190568
vt 0.31168437 0.6023933
vt 0.37874356 0.5958568
vt 0.40153337 0.613332
vt 0.3996922 0.5938148
vt 0.34806818 0.61679924
vt 0.25799 0.60756636
vt 0.25940913 0.62260944
vt 0.34639007 0.5990104
vt 0.3913105 0.12192321
vt 0.38052064 0.09469786
vt 0.40153337 0.10300362
vt 0.35157657 0.14472213
vt 0.31325632 0.13913077
vt 0.29102257 0.17399627
vt 0.34806818 0.16340399
vt 0.25940913 0.21428263
vt 0.2510718 0.20086634
vt 0.23816451 0.21857947
vt 0.24650186 0.23199576
vt 0.5948082 0.12192321
vt 0.6139949 0.12192321
vt 0.613332 0.10300362
vt 0.5938148 0.10300362
vt 0.3913105 0.6139949
vt 0.34988773 0.59866947
vt 0.35157657 0.61657166
vt 0.3895005 0.5948082
vt 0.5990104 0.16340399
vt 0.61679924 0.16340399
vt 0.61657166 0.14472213
vt 0.59866947 0.14472213
vt 0.4074806 0.12455195
vt 0.3472705 0.15906459
vt 0.35490677 0.11801678
vt 0.401369 0.086907625
vt 0.4182362 0.10281396
vt 0.4159038 0.09374586
vt 0.401369 0.609581
vt 0.35490677 0.61259407
vt 0.35391212 0.60205036
vt 0.40023267 0.59753525
vt 0.4159038 0.6086384
vt 0.41472316 0.5961228
vt 0.40632564 0.12455195
vt 0.35391212 0.11801678
vt 0.34629908 0.15906459
vt 0.40023267 0.086907625
vt 0.4170484 0.10281396
vt 0.41472316 0.09374586
vt 0.34629908 0.60279244
vt 0.3472705 0.6130893
vt 0.40632564 0.59694135
vt 0.4074806 0.6091846
vt 0.59694135 0.12455195
vt 0.6091846 0.12455195
vt 0.6084871 0.10281396
vt 0.5958962 0.10281396
vt 0.5961228 0.09374586
vt 0.6086384 0.09374586
vt 0.588927 0.12719643
vt 0.61640865 0.10280973
vt 0.61640865 0.12719643
vt 0.588927 0.10280973
vt 0.4492339 0.085211396
vt 0.4104774 0.12719643
vt 0.44923395 0.12719643
vt 0.4104774 0.10280973
vt 0.41725498 0.085211396
vt 0.45182645 0.613264
vt 0.44923395 0.58578235
vt 0.4104774 0.588927
vt 0.41306987 0.61640865
vt 0.45182645 0.12719643
vt 0.41306987 0.12719643
vt 0.45182642 0.085211396
vt 0.4130699 0.10280973
vt 0.4198475 0.085211396
vt 0.588927 0.10280973
vt 0.58837706 0.085211396
vt 0.61585873 0.085211396
vt 0.61640865 0.10280973
vt 0.41725498 0.58837706
vt 0.4492339 0.58578235
vt 0.45182642 0.613264
vt 0.4198475 0.61585873
vt 0.4778164 0.09149131
vt 0.4778164 0.13713431
vt 0.4651815 0.13713431
vt 0.4651815 0.09149131
vt 0.4512023 0.13713431
vt 0.4512023 0.09149131
vt 0.47647208 0.13713431
vt 0.47647208 0.09149131
vt 0.46249288 0.09149131
vt 0.46249288 0.13713431
vt 0.44985798 0.09149131
vt 0.44985798 0.13713431
vt 0.4778164 0.60448897
vt 0.4651815 0.6126938
vt 0.4512023 0.6066483
vt 0.44985798 0.59239805
vt 0.47647208 0.59023863
vt 0.46249288 0.58419317
vt 0.6066483 0.13713431
vt 0.59239805 0.13713431
vt 0.6066483 0.09149131
vt 0.59239805 0.09149131
vt 0.4512023 0.6066483
vt 0.4651815 0.6126938
vt 0.4778164 0.60448897
vt 0.44985798 0.59239805
vt 0.47647208 0.59023863
vt 0.46249288 0.58419317
vt 0.21964666 0.6079834
vt 0.22666302 0.6074141
vt 0.22157022 0.6283737
vt 0.22858655 0.6278044
vt 0.23372295 0.62738764
vt 0.23179942 0.6069974
vt 0.6071499 0.19793126
vt 0.6275402 0.19793126
vt 0.62738764 0.1874966
vt 0.6069974 0.1874966
vt 0.2318429 0.6275402
vt 0.2299194 0.6071499
vt 0.22290301 0.6077192
vt 0.22482657 0.62810946
vt 0.21969017 0.6285262
vt 0.21776661 0.60813594
vt 0.6283737 0.18265384
vt 0.6285262 0.19308847
vt 0.60813594 0.19308847
vt 0.6079834 0.18265384
vt 0.23179942 0.1874966
vt 0.22666302 0.17985791
vt 0.21964666 0.18265384
vt 0.21776661 0.19308847
vt 0.2299194 0.19793126
vt 0.22290301 0.20072722
vt 0.2318429 0.19793126
vt 0.22482657 0.20072722
vt 0.21969017 0.19308847
vt 0.23372295 0.1874966
vt 0.22157022 0.18265384
vt 0.22858655 0.17985791
vt 0.613264 0.12719643
vt 0.613264 0.085211396
vt 0.58578235 0.085211396
vt 0.58578235 0.12719643
vt 0.25940913 0.62260944
vt 0.25799 0.60756636
vt 0.24508274 0.6086136
vt 0.24650186 0.62365675
vt 0.59023863 0.13713431
vt 0.60448897 0.13713431
vt 0.59023863 0.09149131
vt 0.60448897 0.09149131
vt 0.52924377 0.49059623
vt 0.5429968 0.49059623
vt 0.5361203 0.48637632
vt 0.54584515 0.50078404
vt 0.5429968 0.5109717
vt 0.52639544 0.50078404
vt 0.52924377 0.5109717
vt 0.5361203 0.5151917
vt 0.52924377 0.5452233
vt 0.5429968 0.5452233
vt 0.5361203 0.5410034
vt 0.54584515 0.55541104
vt 0.5429968 0.56559885
vt 0.52639544 0.55541104
vt 0.52924377 0.56559885
vt 0.5361203 0.56981874
vt 0.6252538 0.48403215
vt 0.6086607 0.49421474
vt 0.6176408 0.49156845
vt 0.5920676 0.43486598
vt 0.5920676 0.48403215
vt 0.59968054 0.49156845
vt 0.58698076 0.47275332
vt 0.58519447 0.45944902
vt 0.58698076 0.4461448
vt 0.6252538 0.43486598
vt 0.59968054 0.4273297
vt 0.63034064 0.47275332
vt 0.6086607 0.42468333
vt 0.6176408 0.4273297
vt 0.6321269 0.45944902
vt 0.63034064 0.4461448
vt 0.45710093 0.20572257
vt 0.45795786 0.2101084
vt 0.4935997 0.19178471
vt 0.49292296 0.18730623
vt 0.4906417 0.18730623
vt 0.49131843 0.19178471
vt 0.45481962 0.20572257
vt 0.45567656 0.2101084
vt 0.49270204 0.18730623
vt 0.4933788 0.19178471
vt 0.45687997 0.20572257
vt 0.4577369 0.2101084
vt 0.45504057 0.20572257
vt 0.4558975 0.2101084
vt 0.4915394 0.19178471
vt 0.49086264 0.18730623
vt 0.5339478 0.4915394
vt 0.54072434 0.4558975
vt 0.5393733 0.45567656
vt 0.5325967 0.49131843
vt 0.5340765 0.49086264
vt 0.5395362 0.45481962
vt 0.5408873 0.45504057
vt 0.5327254 0.4906417
vt 0.5451961 0.4933788
vt 0.54654723 0.4935997
vt 0.55332375 0.45795786
vt 0.5519726 0.4577369
vt 0.5521355 0.45687997
vt 0.55348665 0.45710093
vt 0.5466759 0.49292296
vt 0.5453248 0.49270204
vt 0.49292296 0.18730623
vt 0.4935997 0.19178471
vt 0.45710093 0.20572257
vt 0.45795786 0.2101084
vt 0.45481962 0.20572257
vt 0.45567656 0.2101084
vt 0.49131843 0.19178471
vt 0.4906417 0.18730623
vt 0.45687997 0.20572257
vt 0.4577369 0.2101084
vt 0.4933788 0.19178471
vt 0.49270204 0.18730623
vt 0.49086264 0.18730623
vt 0.4915394 0.19178471
vt 0.45504057 0.20572257
vt 0.4558975 0.2101084
vt 0.46605223 0.4915394
vt 0.46740335 0.49131843
vt 0.46062684 0.45567656
vt 0.45927572 0.4558975
vt 0.46592358 0.49086264
vt 0.45911282 0.45504057
vt 0.46046394 0.45481962
vt 0.4672747 0.4906417
vt 0.45480397 0.4933788
vt 0.44802746 0.4577369
vt 0.44667637 0.45795786
vt 0.4534529 0.4935997
vt 0.44786453 0.45687997
vt 0.45467532 0.49270204
vt 0.4533242 0.49292296
vt 0.44651344 0.45710093
vt 0.52737916 0.5424609
vt 0.5237585 0.55541104
vt 0.52639544 0.55541104
vt 0.52737916 0.5683612
vt 0.52924377 0.5452233
vt 0.52924377 0.56559885
vt 0.5361203 0.53709674
vt 0.5361203 0.5410034
vt 0.5429968 0.5452233
vt 0.5448614 0.5424609
vt 0.5361203 0.57372534
vt 0.5361203 0.56981874
vt 0.5429968 0.56559885
vt 0.5448614 0.5683612
vt 0.54584515 0.55541104
vt 0.5484821 0.55541104
vt 0.4795844 0.32096267
vt 0.4761768 0.32096267
vt 0.4778806 0.32533473
vt 0.4778806 0.3165906
vt 0.4812882 0.3253348
vt 0.4812882 0.3165906
vt 0.482992 0.32096267
vt 0.46361428 0.32095802
vt 0.46361428 0.31575724
vt 0.46010387 0.32095802
vt 0.46712473 0.32095802
vt 0.46361428 0.32615882
vt 0.34456635 0.8758258
vt 0.3428978 0.8758258
vt 0.35103422 0.83083844
vt 0.35103422 0.9208132
vt 0.35247925 0.8320744
vt 0.35247925 0.9195772
vt 0.40362898 0.9633284
vt 0.45477867 0.8320744
vt 0.40362898 0.7883232
vt 0.37409765 0.8000463
vt 0.3732634 0.7979055
vt 0.40362898 0.78585124
vt 0.37409765 0.9516053
vt 0.3732634 0.95374614
vt 0.40362898 0.96580046
vt 0.43316028 0.8000463
vt 0.43399453 0.7979055
vt 0.4562237 0.83083844
vt 0.46436015 0.8758258
vt 0.43316028 0.9516053
vt 0.43399453 0.95374614
vt 0.45477867 0.9195772
vt 0.4562237 0.9208132
vt 0.46269158 0.8758258
vt 0.3583442 0.8758258
vt 0.35658985 0.8758258
vt 0.36289188 0.9106706
vt 0.36289188 0.84098107
vt 0.36441123 0.8422806
vt 0.38010943 0.81547296
vt 0.38098657 0.8177238
vt 0.40362898 0.80613625
vt 0.36441123 0.909371
vt 0.36698896 0.8758258
vt 0.37189782 0.84868425
vt 0.37189782 0.9029674
vt 0.38530895 0.82881534
vt 0.38530895 0.92283624
vt 0.38098657 0.9339279
vt 0.38010943 0.9361788
vt 0.40362898 0.9301087
vt 0.40362898 0.80873543
vt 0.40362898 0.82154286
vt 0.42194897 0.82881534
vt 0.40362898 0.9429162
vt 0.40362898 0.9455154
vt 0.42714852 0.9361788
vt 0.42627135 0.8177238
vt 0.42714852 0.81547296
vt 0.43536013 0.84868425
vt 0.42627135 0.9339279
vt 0.42194897 0.92283624
vt 0.44436604 0.9106706
vt 0.43536013 0.9029674
vt 0.44284672 0.8422806
vt 0.44436604 0.84098107
vt 0.44026896 0.8758258
vt 0.4506681 0.8758258
vt 0.44284672 0.909371
vt 0.44891372 0.8758258
vt 0.33942723 0.93074125
vt 0.341017 0.92938143
vt 0.3294952 0.8758258
vt 0.36656207 0.97094214
vt 0.36747992 0.9685869
vt 0.40362898 0.9856566
vt 0.36747992 0.78306466
vt 0.3313309 0.8758258
vt 0.341017 0.82227015
vt 0.33942723 0.82091033
vt 0.36656207 0.78070956
vt 0.40362898 0.765995
vt 0.40362898 0.9829371
vt 0.439778 0.9685869
vt 0.44069585 0.97094214
vt 0.4678307 0.93074125
vt 0.47592703 0.8758258
vt 0.46624094 0.92938143
vt 0.47776273 0.8758258
vt 0.46624094 0.82227015
vt 0.4678307 0.82091033
vt 0.44069585 0.78070956
vt 0.439778 0.78306466
vt 0.40362898 0.7687146
vt 0.76676226 0.54147243
vt 0.8338853 0.47956455
vt 0.80551577 0.43424478
vt 0.76676226 0.41765657
vt 0.8442693 0.54147243
vt 0.72800875 0.43424478
vt 0.8338853 0.6033804
vt 0.6996392 0.47956455
vt 0.80551577 0.6487002
vt 0.68925524 0.54147243
vt 0.76676226 0.6652883
vt 0.6996392 0.6033804
vt 0.72800875 0.6487002
vt 0.29580456 0.6059061
vt 0.29030755 0.6033638
vt 0.29580456 0.54147243
vt 0.464145 0.54147243
vt 0.29030755 0.54147243
vt 0.29030755 0.47958112
vt 0.29580456 0.47703883
vt 0.464145 0.6059061
vt 0.29580456 0.65307486
vt 0.464145 0.65307486
vt 0.46970445 0.6487002
vt 0.46970445 0.6033804
vt 0.46970445 0.54147243
vt 0.46970445 0.47956455
vt 0.464145 0.47703874
vt 0.29580456 0.42987007
vt 0.46970445 0.43424478
vt 0.464145 0.42987
vt 0.5114534 0.5709366
vt 0.505894 0.5709366
vt 0.505894 0.56578076
vt 0.5114534 0.665017
vt 0.30136395 0.5709366
vt 0.30136395 0.56578076
vt 0.29580456 0.5709366
vt 0.29580456 0.665017
vt 0.505894 0.6613604
vt 0.30136395 0.6613604
vt 0.30136395 0.6692686
vt 0.2958045 0.8736794
vt 0.505894 0.6692686
vt 0.5114534 0.8736794
vt 0.30136395 0.8736794
vt 0.30136395 0.87883526
vt 0.505894 0.8736794
vt 0.505894 0.87883526
vt 0.6328126 0.77486855
vt 0.67153275 0.7748685
vt 0.67153275 0.7666321
vt 0.6328126 0.7666322
vt 0.67709213 0.7666321
vt 0.6328126 0.72333884
vt 0.67709213 0.72333866
vt 0.6715327 0.72333866
vt 0.6110565 0.63318783
vt 0.60590065 0.6249514
vt 0.60590065 0.63318783
vt 0.4485991 0.6249514
vt 0.60590065 0.8748206
vt 0.6110565 0.8748206
vt 0.60590065 0.883057
vt 0.4485991 0.883057
vt 0.4485991 0.8748206
vt 0.44344324 0.8748206
vt 0.4485991 0.63318783
vt 0.44344324 0.63318783
vt 0.2162509 0.19395703
vt 0.21743092 0.19885182
vt 0.3284995 0.14922708
vt 0.2156671 0.18906218
vt 0.32967958 0.15412188
vt 0.32791576 0.14433229
vt 0.21684712 0.19395703
vt 0.32909575 0.14922708
vt 0.6703205 0.15412188
vt 0.6709044 0.14922708
vt 0.783153 0.19395703
vt 0.67208433 0.14433229
vt 0.78256917 0.19885182
vt 0.784333 0.18906218
vt 0.67150056 0.14922708
vt 0.7837492 0.19395703
vt 0.3368593 0.38281763
vt 0.33891046 0.38014966
vt 0.41133812 0.46020013
vt 0.34209973 0.37873954
vt 0.40928692 0.4628681
vt 0.4145274 0.45879
vt 0.34004855 0.3814075
vt 0.4124762 0.46145803
vt 0.66108966 0.38014966
vt 0.6631408 0.38281763
vt 0.58866197 0.46020013
vt 0.65790033 0.37873954
vt 0.5907132 0.4628681
vt 0.5854727 0.45879
vt 0.65995157 0.3814075
vt 0.5875239 0.46145803
vt 0.5898851 0.4872655
vt 0.5984994 0.495793
vt 0.59968054 0.49156845
vt 0.6086607 0.49878746
vt 0.5920676 0.48403215
vt 0.6086607 0.49421474
vt 0.5841292 0.4745032
vt 0.58698076 0.47275332
vt 0.582108 0.45944908
vt 0.58519447 0.45944902
vt 0.5841292 0.44439492
vt 0.58698076 0.4461448
vt 0.5898851 0.43163264
vt 0.5920676 0.43486598
vt 0.5984994 0.42310518
vt 0.59968054 0.4273297
vt 0.6176408 0.49156845
vt 0.6188219 0.495793
vt 0.6086607 0.4201107
vt 0.6086607 0.42468333
vt 0.6176408 0.4273297
vt 0.6188219 0.42310518
vt 0.6252538 0.43486598
vt 0.6274363 0.43163264
vt 0.63034064 0.4461448
vt 0.6331921 0.44439492
vt 0.6321269 0.45944902
vt 0.6352134 0.45944908
vt 0.6274363 0.4872655
vt 0.6252538 0.48403215
vt 0.63034064 0.47275332
vt 0.6331921 0.4745032
vt 0.5955105 0.25864324
vt 0.60082793 0.23249981
vt 0.60943174 0.2424857
vt 0.59019303 0.23249981
vt 0.6127181 0.2586432
vt 0.5815893 0.2424857
vt 0.60943174 0.27480066
vt 0.5783029 0.2586432
vt 0.60082793 0.28478658
vt 0.5815893 0.27480066
vt 0.59019303 0.28478658
vt 0.5955105 0.25864324
vt 0.60943174 0.2424857
vt 0.60082793 0.23249981
vt 0.59019303 0.23249981
vt 0.6127181 0.2586432
vt 0.5815893 0.2424857
vt 0.60943174 0.27480066
vt 0.5783029 0.2586432
vt 0.60082793 0.28478658
vt 0.5815893 0.27480066
vt 0.59019303 0.28478658
vt 0.44111758 0.9720243
vt 0.40362898 0.98690623
vt 0.40362898 0.98421675
vt 0.36614037 0.9720243
vt 0.4402099 0.9696951
vt 0.4685611 0.931366
vt 0.36704803 0.9696951
vt 0.3386968 0.931366
vt 0.47679082 0.8758258
vt 0.46698898 0.9300213
vt 0.47860616 0.8758258
vt 0.4685611 0.8202856
vt 0.34026897 0.9300213
vt 0.3286518 0.8758258
vt 0.36704803 0.7819565
vt 0.3304671 0.8758258
vt 0.3386968 0.8202856
vt 0.34026897 0.82163024
vt 0.36614037 0.7796274
vt 0.40362898 0.7674349
vt 0.40362898 0.7647454
vt 0.4402099 0.7819565
vt 0.44111758 0.7796274
vt 0.46698898 0.82163024
vt 0.7280191 0.4342735
vt 0.76676226 0.41768974
vt 0.76676226 0.45571682
vt 0.8055054 0.4342735
vt 0.73992133 0.46720594
vt 0.7936032 0.46720594
vt 0.7202724 0.49859464
vt 0.8132521 0.49859464
vt 0.6996572 0.47958112
vt 0.8338673 0.47958112
vt 0.7130804 0.54147243
vt 0.82044405 0.54147243
vt 0.689276 0.54147243
vt 0.84424853 0.54147243
vt 0.7202724 0.5843502
vt 0.6996572 0.6033638
vt 0.8132521 0.5843502
vt 0.8338673 0.6033638
vt 0.7280191 0.6486714
vt 0.73992133 0.615739
vt 0.8055054 0.6486714
vt 0.7936032 0.615739
vt 0.76676226 0.627228
vt 0.76676226 0.6652552
vt 0.42792752 0.3241922
vt 0.42792752 0.32095802
vt 0.45590717 0.32095802
vt 0.45590717 0.3241922
vt 0.45590717 0.3177238
vt 0.42792752 0.32095802
vt 0.42792752 0.3177238
vt 0.45590717 0.32095802
vn 0.28085393 -0.73751575 -0.61415935
vn 0.6305227 -0.7227193 -0.28305095
vn 0.51778287 -0.6701588 -0.5317782
vn -0.28419253 -0.7381376 -0.6118722
vn -0.51766247 -0.67025274 -0.5317771
vn -0.6298141 -0.7230368 -0.28381687
vn -1 0 0
vn -0 -1 0
vn -0 0 -1
vn -0 0 -1
vn -0 0 -1
vn -0 0 -1
vn 1 0 0
vn 1 0 0
vn -0 0 1
vn -0 -1 0
vn -1 0 0
vn -0 -1 0
vn -0 -1 0
vn 1 0 0
vn -0 -1 0
vn 1 0 0
vn -0 0 -1
vn -0 0 -1
vn 1 -4.7682624E-05 0
vn -9.536525E-05 1 0
vn -0 0 -1
vn -0 0 -1
vn -0 0 -1
vn -0 0 -1
vn -1 0 0
vn -1 -4.7682624E-05 0
vn 0.64939624 -0.00023841554 0.7604502
vn 0.6500643 -0.0010251876 0.7598785
vn 0.6502686 -0.0009775248 0.7597037
vn 0.65003675 0.0010967462 0.75990206
vn 0.6502687 0.001001367 0.7597037
vn 0.6498051 0.00014305537 0.76010084
vn -0.6498599 -0.0010490069 0.7600533
vn -0.6502687 -0.0009536828 0.75970376
vn -0.6496283 -0.0001430479 0.76025194
vn -0.65006435 0.0009775044 0.7598786
vn -0.6502687 0.0008821566 0.75970376
vn -0.64939624 0.00023841554 0.7604502
vn 0.42239982 -0.9064095 -0.00038148547
vn 0.3062682 -0.6555465 0.6902597
vn 0.7478099 -0.44964913 0.48846292
vn 0.7478099 -0.44964913 -0.48846292
vn 0.3062682 -0.6555465 -0.6902597
vn -0.42247814 -0.90637296 -0.0005722052
vn -0.7478099 -0.44964913 0.48846292
vn -0.3062682 -0.6555465 0.6902597
vn -0.3062682 -0.6555465 -0.6902597
vn -0.7478099 -0.44964913 -0.48846292
vn -0.35667846 -0.66681695 0.65432066
vn -0.042343207 -0.31814626 0.9470955
vn 0.024795529 -0.35362238 0.93505955
vn 0.71868825 0.23574804 0.6541484
vn 0.34408596 -0.08583076 0.9350069
vn 0.32043627 -0.013732983 0.9471705
vn 0.35667846 -0.66681695 0.65432066
vn -0.024795529 -0.35362238 0.93505955
vn 0.04196147 -0.31814423 0.9471133
vn -0.71868825 0.23574804 0.6541484
vn -0.32043627 -0.013732983 0.9471705
vn -0.34408596 -0.08583076 0.9350069
vn 0.34179637 -0.67477125 0.6541093
vn 0.23651141 -0.2169134 0.94710666
vn 0.30364984 -0.18272395 0.93509823
vn 0.21896333 0.7239331 0.65419877
vn 0.26779148 0.23269631 0.9349546
vn 0.19531281 0.2547268 0.9470835
vn 0.74881625 -0.1075732 0.65398943
vn 0.31318688 0.06904607 0.9471782
vn 0.32386827 0.14419577 0.93504924
vn -0.74881625 -0.1075732 0.65398943
vn -0.32386827 0.14419577 0.93504924
vn -0.31318688 0.06904607 0.9471782
vn 0.5988942 0.6843415 0.4159358
vn 0.59280103 0.6839719 0.42516974
vn 0.6927153 0.66944677 0.26830322
vn 0.61343646 0.70575714 0.35440454
vn 0.6294661 0.6996611 0.33800423
vn 0.71076053 0.6604006 0.24226137
vn -0.21896333 0.7239331 0.65419877
vn -0.19531313 0.25463188 0.9471089
vn -0.26779148 0.23269631 0.9349546
vn -0.34179637 -0.67477125 0.6541093
vn -0.3036499 -0.18267632 0.93510747
vn -0.23651141 -0.2169134 0.94710666
vn 0.019477686 0.9997751 0.008391855
vn 0.9998319 -0.017929073 0.0038146963
vn 0.021670392 0.9997465 0.006102993
vn 0.99997866 -0.006485008 -0.0007629421
vn 0.9998016 0.019550193 0.0038146717
vn 0.99988306 0.014591265 -0.0045776516
vn 0.99998057 0.0054359725 -0.003051774
vn 0.63851887 -0.4272528 0.6401162
vn 0.51778287 -0.6701588 -0.5317782
vn 0.6414453 -0.42743948 0.6370583
vn 0.63787735 -0.4270636 0.6408815
vn 0.7394037 -0.56886375 0.36010557
vn 0.85943675 -0.51082695 0.020599015
vn 0.702853 -0.59845024 0.3845188
vn 0.6305732 -0.72267485 -0.28305224
vn 0.8656058 0.015366136 0.5004902
vn 0.8651398 0.016498838 -0.5012594
vn 0.28085887 -0.73750484 -0.6141701
vn 0.50109684 0.016380547 -0.86523616
vn 0.5000472 0 -0.86599815
vn 0.8661816 0 -0.49972934
vn 0.9999064 0.013661097 -0.0007629234
vn 1 0 0
vn 0.8661816 0 0.49972934
vn -0.70151645 -0.59854436 0.38680676
vn -0.36923182 -0.5591879 0.7422781
vn -0.38412824 -0.5898771 0.7102748
vn -0.73943615 -0.56883377 0.3600865
vn -9.5347066E-05 0 1
vn -0.49997568 0 0.86603945
vn -0.50005877 0.01547188 0.8658532
vn 0.0005720278 0.013800172 0.99990463
vn 0.49998742 0.0154607035 0.86589473
vn 0.5000472 0 0.86599815
vn 0.0006675114 -0.4799407 0.8773007
vn 0.8656061 0.0153423 0.50049037
vn 0.8661816 0 0.49972934
vn 0.38403615 -0.5899299 0.7102809
vn 0.70281893 -0.59848565 0.3845262
vn 0.3731476 -0.5574564 0.741622
vn -0.38412824 -0.5898771 0.7102748
vn -0.86559415 0.015342932 0.50051105
vn -0.70153636 -0.5985137 0.38681778
vn -0.36923182 -0.5591879 0.7422781
vn 0.0066753468 -0.03413963 0.9993948
vn 0.6373321 -0.4267636 0.6416235
vn 0.73924506 -0.568584 0.3608725
vn 0.64143133 -0.42744604 0.6370681
vn 0.63851887 -0.4272528 0.6401162
vn -0.0055308584 -0.035092343 0.99936885
vn -0.639205 -0.42270315 0.6424477
vn -0.6400609 -0.42731124 0.6385352
vn -7.150748E-05 -0.008866928 0.99996066
vn 0.9998016 0.019550193 0.0038146717
vn 0.004197478 -0.021368975 0.99976283
vn -0.9999765 -0.004291335 -0.0053403284
vn -0.0040069567 -0.017935902 0.9998311
vn -0.99976426 -0.020597966 0.006865989
vn -0.005912321 0.99975437 0.021360643
vn -0.0007865468 -0.012966106 0.9999156
vn 0.9998319 -0.017929073 0.0038146963
vn 0.02171805 0.99974555 0.0061029866
vn -0.005912321 0.99975437 0.021360643
vn 0.01952535 0.99977416 0.008391848
vn 0.021670392 0.9997465 0.006102993
vn -0.019453857 0.9997756 0.008391859
vn -0.005912321 0.99975437 0.021360643
vn -0.99976426 -0.020597966 0.006865989
vn -0.019453857 0.9997756 0.008391859
vn -0.99997866 -0.006484699 -0.0007629057
vn -0.9999765 -0.004291335 -0.0053403284
vn -0.99987924 0.014591904 -0.005340828
vn -0.9999207 0.011731233 0.0045780423
vn -0.64008695 -0.42723325 0.6385611
vn -0.51766247 -0.67025274 -0.5317771
vn -0.6423435 -0.42272994 0.639292
vn -0.6391792 -0.42278147 0.6424219
vn -0.73943615 -0.56883377 0.3600865
vn -0.36923182 -0.5591879 0.7422781
vn -0.85927975 -0.5112047 0.017548
vn -0.6298141 -0.7230368 -0.28381687
vn -0.70152634 -0.5985291 0.38681227
vn -0.86557674 0.016606275 -0.5005009
vn -0.86559415 0.015342932 0.50051105
vn -0.99990666 0.0136624025 0
vn -0.86616975 0 -0.49975002
vn -0.50011873 0 -0.86595684
vn -0.50228584 0.016203156 -0.86454976
vn -1 0 0
vn -0.86616975 0 0.49975002
vn -0.50011873 0 0.86595684
vn -0.50005865 0.015495715 0.8658529
vn 0.019501518 0.99977463 0.008391852
vn -0.019644503 0.9997718 0.008391827
vn -0.99998116 -0.006103261 -0.0007629076
vn 0.99997866 -0.006485008 -0.0007629421
vn -0.28419253 -0.7381376 -0.6118722
vn -0.6298141 -0.7230368 -0.28381687
vn -0.865577 0.016582439 -0.50050116
vn -0.50228596 0.016191235 -0.86454993
vn 0.0041959626 -0.5666695 -0.8239345
vn -0.51766247 -0.67025274 -0.5317771
vn 0.51781774 -0.6701423 -0.5317651
vn 0.28085887 -0.73750484 -0.6141701
vn 0.49997997 0.016390245 -0.86588186
vn -0 0.013502297 -0.9999088
vn -0.49997568 0 -0.86603945
vn 0.5000472 -9.537424E-05 -0.86599815
vn -9.5347066E-05 9.5347066E-05 -1
vn 0.7394037 -0.56886375 0.36010557
vn 0.70281893 -0.59848565 0.3845262
vn 0.3731476 -0.5574564 0.741622
vn 0.38403615 -0.5899299 0.7102809
vn 0.019549299 0.99977976 -0.0076289945
vn -0.011063722 0.9999316 -0.0038150768
vn -0.019644627 0.999778 0.007628981
vn 0.011159087 0.9999305 0.0038150724
vn 0.019501638 0.9997807 -0.0076290024
vn 0.011135246 0.99993074 0.0038150738
vn 0.99872404 -0.045394916 -0.022125253
vn 0.99976915 -0.020599294 0.006103495
vn 0.99994385 -0.010490465 -0.0015258857
vn 0.9993512 0.02841938 0.022125151
vn 0.99980706 0.010204303 -0.016784647
vn 0.999951 0.0087738 0.004577635
vn -0.9987406 -0.045397297 -0.021363435
vn -0.019644627 0.999778 0.007628981
vn -0.011063722 0.9999316 -0.0038150768
vn -0.9997693 -0.020598069 0.0061031315
vn -0.9999429 0.0087731015 0.0061030276
vn -0.9999443 -0.0036236779 0.009917433
vn -0.99999857 0.0015258419 0.00076292094
vn -0.9999999 -0.0004768262 0
vn 0.011254451 0.9999294 0.0038150684
vn -0.019644627 0.999778 0.007628981
vn -0.9987406 -0.045397297 -0.021363435
vn 0.99872404 -0.045394916 -0.022125253
vn -0.99999857 0.0015258419 0.00076292094
vn 0.99980706 0.010204303 -0.016784647
vn -0.9997693 -0.020598069 0.0061031315
vn -0.011063722 0.9999316 -0.0038150768
vn 0.019525466 0.99978024 -0.0076289987
vn 0.999777 -0.020217987 0.0061035426
vn 0.99994385 -0.010490465 -0.0015258857
vn -0.9999429 0.0087731015 0.0061030276
vn 0.9993512 0.02841938 0.022125151
vn -0.9999443 -0.0036236779 0.009917433
vn 0.999951 0.0087738 0.004577635
vn -0.9999999 -0.00057219143 0
vn -0.99999976 -0.0006675566 0
vn 0.999951 0.0087738 0.004577635
vn 0.99980706 0.010204303 -0.016784647
vn -0.99999857 0.0015258419 0.00076292094
vn 1 0 0
vn 1 0 0
vn 1 0 0
vn 1 0 0
vn -0 0 -1
vn -0 1 0
vn -1 0 0
vn -0 0 -1
vn -0 1 0
vn 1 0 0
vn -0 1 0
vn 1 0 0
vn -0 1 0
vn -1 0 0
vn -0 1 0
vn -0 0 1
vn -1 0 0
vn -0 1 -0.000381461
vn -1 0 0
vn -1 0 0
vn -0 -1 0
vn -0 -1 0
vn -0 0 -1
vn -0 0 -1
vn -1 0 0
vn -0 0 1
vn -1 0 0
vn -0 0 1
vn -0 0 1
vn -0 -1 0
vn -0 -1 0
vn 1 0 0
vn 1 0 0
vn -0 0 1
vn -0 1 0
vn -0 1 0
vn -0 0 1
vn -0 0 1
vn -0 0 1
vn -0 0 1
vn 1 0 0
vn 1 0 0
vn 1 0 0
vn 1 0 0
vn -9.536525E-05 -1 0
vn 9.536525E-05 -1 0
vn -0 0 1
vn -0 0 1
vn 9.536525E-05 1 0
vn -0 1 0
vn -0 0 -1
vn 1 0 0
vn -0 1 0
vn 1 0 0
vn -0 1 0
vn -0 1 0
vn -0 0 1
vn -0 0 1
vn -0 0 -1
vn -0 -1 0
vn 1 0 0
vn -0 -1 0
vn -0 0 -1
vn -1 0 0
vn -1 0 0
vn -0 -1 0
vn -0 -1 0
vn -0 0 1
vn -0 0 1
vn -1 0 0
vn -0 0 1
vn -0 -1 0
vn -1 0 0
vn -0 0 1
vn -1 0 0
vn -0 1 0
vn -1 0 0
vn -0 1 0
vn 1 0 0
vn 1 0 0
vn -0 0 -1
vn -0 0 -1
vn -0 0 -1
vn -0 0 -1
vn -0 1 0
vn -1 0 0
vn -0 1 0
vn -1 0 0
vn -0 0 1
vn -0 0 1
vn -0 0 1
vn -0 0 1
vn -1 0 0
vn -1 0 0
vn -1 0 0
vn -1 0 0
vn -0 0 1
vn -0 -1 0
vn -0 -4.769172E-05 1
vn -0 0 -1
vn -0 -1 0
vn 1 0 0
vn -0 0 -1
vn -0 -1 0
vn -1 0 0
vn -1 0 0
vn -0 -1 0
vn -0 -1 0
vn -0 0 1
vn -0 0 1
vn -0 -4.769172E-05 1
vn -0 1 0
vn 1 4.7682624E-05 0
vn -0 4.769172E-05 1
vn -0 1 0
vn -1 -4.7682624E-05 0
vn -0 1 0
vn -0 1 0
vn -1 4.7682624E-05 0
vn -0 -4.769172E-05 -1
vn -0 -4.769172E-05 -1
vn -0 0 1
vn -0 -4.769172E-05 1
vn 1 0 0
vn 1 0 0
vn -0 -1 0
vn 1 0 0
vn -9.536525E-05 -1 0
vn 1 0 0
vn -0 1 0
vn -9.536525E-05 1 0
vn -9.538344E-05 0.00028615032 -1
vn -0 0 -1
vn -0 0 1
vn -0 0 1
vn -0 0 1
vn -0 0 1
vn -0 -1 0
vn -0 -1 0
vn -1 0 0
vn -1 0 0
vn 9.536525E-05 1 0
vn -0 -1 0
vn -0 -1 0
vn -0 -1 0
vn -0 -1 0
vn -0 0 -1
vn -0 0 -1
vn 1 0 0
vn 1 9.536525E-05 0
vn -0 0 -1
vn -0 0 -1
vn -0 0 -1
vn -0 0 -1
vn -0 0 1
vn 1 0 0
vn -0 -1 0
vn -0 0 1
vn 1 0 0
vn -0 1 0
vn -0 1 0
vn 1 0 0
vn 1 0 0
vn -0 0 -1
vn -0 0 -1
vn -0 1 0
vn -0 0 1
vn -0 0 1
vn -0 1 0
vn -0 1 0
vn -0 1 0
vn -0 0 -1
vn -0 0 -1
vn -1 0 0
vn 9.536525E-05 -1 0
vn -0 -1 0
vn -1 0 0
vn -0 0 -1
vn -1 0 0
vn -0 0 -1
vn -1 0 0
vn 9.536525E-05 1 0
vn -9.536525E-05 1 0
vn -0 0 -1
vn -0 0 -1
vn -0 0 -1
vn -0 0 -1
vn -0 -1 0
vn 9.536743E-05 -1 0
vn -1 4.17223E-05 0
vn -1 0 0
vn -0 0 1
vn -0 0 1
vn -0 0 1
vn -0 0 1
vn -1 0 0
vn -0 0 -1
vn -0 1 0
vn -0 1 0
vn -1 0 0
vn -1 0 0
vn -0 0 1
vn -1 0 0
vn -0 3.576879E-05 1
vn -0 4.1730254E-05 -1
vn 1 0 0
vn -0 0 -1
vn 1 0 0
vn -0 -1 0
vn -0 -1 0
vn 1 0 0
vn 1 0 0
vn -0 -4.769172E-05 1
vn -0 0 1
vn -1 -4.7682624E-05 0
vn 9.536743E-05 -1 0
vn -1 7.152394E-05 0
vn -9.536743E-05 -1 0
vn -0 -1 0
vn -0 4.1730254E-05 1
vn -0 -1 0
vn -0 2.384586E-05 1
vn -0 1 0
vn -0 0 -1
vn -0 0 -1
vn -0 1 0
vn 1 0 0
vn 1 0 0
vn -0 1 0
vn -0 1 0
vn -0 0 1
vn -0 0 1
vn -0.33051544 0.417955 -0.8462111
vn -0.41815525 -0.33021295 -0.84623027
vn 0.3302047 -0.41820443 -0.8462091
vn 0.41809276 0.33049238 -0.84615207
vn -0 -1 0
vn -0 -1 0
vn -0 -1 0
vn -0 -1 0
vn -0.33051544 0.417955 -0.8462111
vn -0.41815525 -0.33021295 -0.84623027
vn 2.3841312E-05 -1 0
vn -1 0 0
vn -4.7673533E-05 0 1
vn -0 -1 0
vn -1 0 0
vn -1 0 0
vn -0.33049423 0.41795832 -0.84621775
vn -1 0 0
vn 0.41809276 0.33049238 -0.84615207
vn -0 1 0
vn 2.3836767E-05 4.7673533E-05 1
vn -1 -8.344659E-05 0
vn -1 4.7683763E-05 0
vn -0 1 0
vn 0.41811904 0.3304466 -0.84615695
vn -0 1 0
vn 0.3302047 -0.41820443 -0.8462091
vn -0 1 0
vn -0 0 1
vn -1 -0.00019073505 0
vn -1 -3.5762823E-05 0
vn -0 0 1
vn -0 0 1
vn -0 1 0
vn 2.3841882E-05 1 0
vn -0 0 1
vn -0 -1 0
vn 2.3841312E-05 -1 0
vn -1 0 0
vn -0 0 -1
vn -0 0 -1
vn -1 0 0
vn -1 0 0
vn -1 0 0
vn -1 0 0
vn -1 0 0
vn -1 0 0
vn 0.0001907305 1 0
vn -0 0.26455352 0.96437097
vn -0 1 0
vn -0 -1 0
vn -0 0 -1
vn -0 0 -1
vn -0 -1 0
vn -1 0 0
vn -1 0 0
vn -0 -1 0
vn 9.536525E-05 -1 0
vn -0 -1 0
vn -0 -1 0
vn -0 -1 0
vn -0.49471056 0 0.8690578
vn -0.1270392 -0.00019074953 0.9918976
vn -0 -1 0
vn -0 -1 0
vn -0.8652995 0 0.5012553
vn 7.152394E-05 -1 0
vn -0.96597487 0 0.25863597
vn -0 0 -1
vn -0 0 -1
vn -0 0 -1
vn -0 0 -1
vn -0.49471056 0 0.8690578
vn -0.8648604 0 0.50201243
vn -0.8648604 0 0.50201243
vn -0.49471056 0 0.8690578
vn -0.12638226 0.00028614854 0.99198157
vn -0.12703921 0 0.9918977
vn -0 0 1
vn -0 0 1
vn -1 0 0
vn -1 0 0
vn -0 -1 0
vn -0 -1 0
vn -2.3836767E-05 -0.00019069413 1
vn -9.536525E-05 -1 0
vn -4.7682624E-05 -1 0
vn -0 0 1
vn -0.96597487 0 0.25863597
vn -0.96597487 -9.536724E-05 0.25863597
vn -2.3836767E-05 0 1
vn 0.00019069413 0.00028604118 1
vn -9.536525E-05 1 0
vn -0.00028609575 1 0
vn -1 9.536525E-05 0
vn -0 1 0
vn -0 0 1
vn -0.12638226 0.00028614854 0.99198157
vn -0 1 0
vn 0.0001907305 1 0
vn -0 1 0
vn -0.49471056 0 0.8690578
vn -9.536525E-05 1 0
vn -0 1 0
vn -0 1 0
vn -0 1 0
vn -0.8648604 0 0.50201243
vn -1.1920656E-05 1 0
vn -0.96597487 -9.536724E-05 0.25863597
vn -0 1 0
vn -4.7682624E-05 1 0.000381461
vn -0 0 1
vn -0 0 1
vn -1 0 0
vn -0 0.2644648 0.9643953
vn -1 9.536525E-05 0.000381461
vn -0 0.26874548 0.9632113
vn 0.0001907305 1 0
vn -0 1 0
vn -0.0003099224 0.5733087 0.8193394
vn -0.77822286 0.08239754 0.6225592
vn -0.0003337595 0.54622126 0.83764094
vn -0 0.5743708 0.81859523
vn -0 0.5460874 0.8377282
vn -0 0.7122851 0.7018903
vn -0.0002861077 0.7145064 0.6996288
vn -0.96597487 0 0.25863597
vn -0.8652995 0 0.5012553
vn -0.96597487 0 0.25863597
vn -0.8652995 0 0.5012553
vn -0 0 -1
vn 1 0 0
vn -0 1 0
vn -0 0 -1
vn -0 1 0
vn -1 0 0
vn -1 0 0
vn -0 1 0
vn -9.536525E-05 1 0.000381461
vn -0 1 0
vn -0 0.5460874 0.8377282
vn -0.0001907197 0.54622126 0.83764094
vn 0.00011922929 -0.00019076688 1
vn 1 0 0
vn -0 0 -1
vn -0 0 -1
vn 1 0 0
vn -0 -1 0
vn 0.0001907305 -1 0
vn 1 -0.0001907305 0
vn 1 0 0
vn 1 0.00022649247 0
vn -0 0.80980694 0.5866964
vn 0.00019073105 0.7122851 0.7018903
vn 0.00019072584 0.5743708 0.81859523
vn 1 0 0
vn -0 0.5459535 0.83781546
vn 1 0 0
vn -0 1 0
vn -0 1 0
vn 0.00038146207 0.712285 0.70189023
vn -0 0.80980694 0.5866964
vn -2.3841712E-05 0.8086989 0.5882227
vn -0 0.71450645 0.69962883
vn -0.78160715 0.19869794 0.5912778
vn -0 0.8086989 0.5882227
vn -0.5444248 0.5544651 0.6294204
vn -0.00026226544 0.71450645 0.69962883
vn -0.00028608218 0.5733087 0.8193394
vn -0.77822286 0.08239754 0.6225592
vn -1 0 0
vn -1 0 0
vn -1 0 0
vn -1 0 0
vn -1 0 0
vn -1 0 0
vn -1 0 0
vn -0 0 1
vn -0 0 1
vn -0 0 1
vn -0 0 1
vn -1 -4.7682624E-05 0
vn -0 1 0
vn -1 2.3841312E-05 0
vn 1 0 0
vn 1 0 0
vn 1 0 0
vn 1 0 0
vn -0 2.3836767E-05 1
vn -0 -4.7673533E-05 1
vn -1 0 0
vn -0 4.7673533E-05 1
vn -0 -1 0
vn -0 -1 0
vn -1 0 0
vn -0 -4.7673533E-05 -1
vn -1 0 0
vn -0 -4.7673533E-05 -1
vn -1 0 0
vn -0 1 0
vn -0 1 0
vn -0 1 0
vn 1 -9.536525E-05 0
vn 1 4.7682624E-05 0
vn -0 1 0
vn -0 -4.7673533E-05 1
vn -0 1 0
vn -0 0 1
vn -0 1 0
vn -0 -1 0
vn -0 0 -1
vn -0 -1 0
vn -0 0 -1
vn 1 -4.7682624E-05 0
vn -0 0 -1
vn -0 0 -1
vn 1 -4.7682624E-05 0
vn -0 1 0
vn -0 1 0
vn -0 -1 0
vn -0 -1 0
vn -1 9.538344E-05 0
vn -1 9.538344E-05 0
vn -0 -4.7673533E-05 1
vn -0 0 1
vn -1 0 0
vn -1 0 0
vn -1 0 0
vn -7.749905E-05 1 0
vn 1 0 0
vn 1 0 0
vn 4.769172E-05 1 0
vn -4.7673533E-05 0 1
vn -9.538344E-05 1 0
vn -0 1 0
vn 9.538344E-05 1 0
vn 4.7673533E-05 0 1
vn -0.84545714 0 0.5340432
vn -0.4827093 0 0.87578076
vn -0 1 0
vn 0.4828555 0 0.8757
vn 0.8454708 0 0.5340217
vn -0 1 0
vn -1 0 0
vn -1 0 0
vn -0 0 1
vn -0 0 1
vn -0 1 0
vn -4.7682624E-05 -1 0
vn 1 0 0
vn -2.3841312E-05 -1 0
vn 1 -4.7683763E-05 0
vn -7.15103E-05 4.7673533E-05 1
vn -0.000119183824 0 1
vn 1 0 0
vn 1 0 0
vn 1 0 0
vn -3.575515E-05 0 1
vn -0 -1 0
vn -0 0 1
vn -3.576197E-05 -1 0
vn -0 -1 0
vn -0 -1 0
vn 0.8454708 0 0.5340217
vn 0.4828555 -9.535061E-05 0.8757
vn 0.8454708 0 0.5340217
vn 0.4827093 0 0.87578076
vn 0.4827093 0 0.87578076
vn -0.4827093 0 0.87578076
vn -0.4827093 -9.535941E-05 0.87578076
vn 0.4828555 0 0.8757
vn 0.00019069413 9.5347066E-05 1
vn 0.8454708 -9.536102E-05 0.5340217
vn -0.00023836765 9.5347066E-05 1
vn -0.84545714 -0.00019072971 0.5340432
vn -0.48270923 -0.00019071878 0.87578064
vn 0.4828555 -0.00019070122 0.8757
vn -0 0 1
vn -0.84545714 -9.5364856E-05 0.5340432
vn -0.84545714 0.00038145942 0.5340432
vn -0 0 1
vn -0 0 1
vn -0 0 1
vn -0 0 1
vn 0.00019069413 0 1
vn -0 0 1
vn -0 0 1
vn 0.84547067 0.00038144403 0.5340216
vn 0.8454708 -0.00019072204 0.5340217
vn -0.84545714 0 0.5340432
vn -0.84545714 0 0.5340432
vn -0.4827093 0 0.87578076
vn -0.4827093 0 0.87578076
vn -0 0.86595684 0.50011873
vn -0 0.86595684 0.50011873
vn -0.00038147878 0.5001186 0.86595684
vn -0 0.50011873 0.86595684
vn -0.7323144 0.3406025 0.58966565
vn -0.7323144 0.58966565 0.3406025
vn -0.73201865 0 0.6812846
vn -0 0 1
vn -1 0.00038153378 0
vn -1 0 0
vn -1 0 0
vn -0.00038151516 -0.4999756 0.8660394
vn -0 0 1
vn -0 -0.49997568 0.86603945
vn -0.732362 -0.3404339 0.589704
vn -0.00038147878 0.86595684 0.5001186
vn -0 0.50011873 0.86595684
vn -1 0 0
vn -1 0 0
vn -1 0 0
vn -1 0 0
vn -1 0 0
vn -1 0 0
vn -1 0 0
vn -1 0 0
vn -0 0.50011873 -0.86595684
vn -0.00038147878 0.86595684 -0.5001186
vn -1 0 0
vn -1 0 0
vn -1 0 0
vn -0.00038147878 -0.5001186 -0.86595684
vn -0 -0.86595684 -0.50011873
vn -1 0 0
vn -1 0 0
vn -0.00038147878 -0.86595684 0.5001186
vn -0 -0.49997568 0.86603945
vn -0.00038147878 -0.86595684 -0.5001186
vn -0 -0.86595684 -0.50011873
vn -0 -0.49997568 -0.86603945
vn -0 -0.49997568 -0.86603945
vn -0.7323144 -0.3406025 -0.58966565
vn -0.7323271 -0.5898665 -0.34022692
vn -0.73238575 0 -0.6808899
vn -0 0 -1
vn -0.00038153378 0 -1
vn -1 0 0
vn -1 0.00019076688 0
vn -1 0 0
vn -0.00038147878 0.5001186 -0.86595684
vn -0 0.50011873 -0.86595684
vn -0.00038147878 0.86595684 -0.5001186
vn -0.7321375 0.34069762 -0.5898304
vn -0 0.86595684 -0.50011873
vn -0.7323144 0.58966565 -0.3406025
vn -0.00038151516 -0.4999756 0.8660394
vn -0 -0.49997568 0.86603945
vn -0 -0.86595684 0.50011873
vn -0 -0.86595684 0.50011873
vn -0.73240954 -0.5897422 0.34026524
vn -0.732362 -0.3404339 0.589704
vn -0.73238575 -0.6808899 0
vn -0 -1 0
vn -1 0 0
vn -1 0 0
vn -1 0 0
vn -0.00038147878 -0.86595684 -0.5001186
vn -0 -1 0
vn -0 -0.86595684 -0.50011873
vn -0.7323271 -0.5898665 -0.34022692
vn 0.0001907576 -0.49997568 0.86603945
vn -0 -0.86616975 0.49975002
vn -0 -0.50011873 0.86595684
vn 0.00019074426 -0.86616963 0.49974996
vn 1 0 0
vn 1 0 0
vn -0 -1 0
vn -0.7323271 -0.5898665 0.34022692
vn -0.7321137 -0.6811825 0
vn -0.7321375 -0.5898304 -0.34069762
vn 0.0001907305 -1 0
vn 1 0 0
vn 1 0 0
vn -0 -0.86595684 -0.50011873
vn -0.7321375 -0.34069762 -0.5898304
vn -0 -0.50011873 -0.86595684
vn 0.0001907394 -0.86595684 -0.50011873
vn 1 0 0
vn 0.0001907576 -0.49997568 -0.86603945
vn -0.73238575 0.6808899 0
vn -0.7323144 0.58966565 0.3406025
vn -0 0.86595684 0.50011873
vn -0 1 0
vn -0 0.86595684 0.50011873
vn -0 0.86595684 -0.50011873
vn -0.7323144 0.58966565 -0.3406025
vn -0 1 0
vn -1 0 0
vn -0 0.86595684 -0.50011873
vn -1 0 0
vn -1 0 0
vn -0 0.86595684 -0.50011873
vn -0.7321375 0.5898304 -0.34069762
vn -0.7321375 0.34069762 -0.5898304
vn -0 0.50011873 -0.86595684
vn -0 0 -1
vn -0.73220885 0 -0.68108016
vn -0.732185 -0.34052896 -0.5898687
vn -0.00038151516 -0.4999756 -0.8660394
vn 0.0001907394 -0.50011873 -0.86595684
vn 0.00019076688 0 -1
vn 0.0001907394 0.50011873 -0.86595684
vn 1 0 0
vn 1 0 0
vn 1 0 0
vn -0 -0.86616975 0.49975002
vn -0.7323271 -0.5898665 0.34022692
vn -0 -0.49997568 0.86603945
vn -0.732185 -0.34052896 0.5898687
vn -0 0 1
vn -0.73201865 0 0.6812846
vn 0.0001907394 -0.50011873 0.86595684
vn -0.7321375 0.34069762 0.5898304
vn 0.00019069413 -0.00019069413 1
vn 1 0 0
vn 1 0 0
vn 1 0 0
vn 0.00019077578 0.4998325 0.86612207
vn -0.00038147878 0.5001186 0.86595684
vn -0.73240954 0.5897422 0.34026524
vn -0 0.86612207 0.4998325
vn 0.99483794 -0.0011443961 0.1014698
vn 0.9999665 -0.0072478624 -0.0038146642
vn 0.99987805 -0.015449498 0.0022888142
vn 0.996765 -0.0064850403 0.08010932
vn 0.8661574 -0.0064850347 0.49972913
vn 0.86615956 -0.0061035766 0.49973035
vn 0.64638424 -0.011825265 0.7629204
vn 0.62893385 -0.008010682 0.77741754
vn 0.5698871 -0.004005566 0.8217132
vn 0.5742739 0.0019074113 0.818661
vn 0.42734414 0.00057220826 0.9040889
vn 0.50262237 -0.007629941 0.8644723
vn 0.49740472 -0.013922756 0.8674068
vn 0.44766447 -0.0055314316 0.8941845
vn -0 -0.005196345 0.9999865
vn -0 -0.0059114154 0.9999826
vn -0.40925997 -0.011251789 0.91234845
vn -0.43018648 -0.0053892545 0.902724
vn -0.5029154 -0.0051493044 0.8643203
vn -0.49773672 0.0036233712 0.8673206
vn 0.99987507 -0.015640186 0.0022888076
vn 0.9999665 -0.0072478624 -0.0038146642
vn -0.41746458 0.31127456 -0.85371625
vn -0.42136344 -0.30576986 -0.8537903
vn 0.50262237 -0.007629941 0.8644723
vn 0.4520646 0.3062881 -0.83775014
vn 0.4503703 -0.3002469 -0.84084386
vn 0.49740472 -0.013922756 0.8674068
vn -0.49773684 0.003575696 0.8673207
vn -0.5029154 -0.0051493044 0.8643203
vn -0.52937055 -0.30598572 -0.7912898
vn -0.53020424 0.31087515 -0.7888219
vn -0.42138296 -0.3057667 -0.85378164
vn 0.996765 -0.0064850403 0.08010932
vn 0.99987507 -0.015640186 0.0022888076
vn -0.5399538 -0.7159967 -0.4424913
vn -0.5574358 -0.7652464 -0.32196805
vn 0.8661574 -0.0064850347 0.49972913
vn 0.64638424 -0.011825265 0.7629204
vn -0.65313 -0.71602553 -0.24643178
vn -0.9501191 -0.3055487 0.06255928
vn 0.5698871 -0.004005566 0.8217132
vn -0.52937055 -0.30598572 -0.7912898
vn -0.5029154 -0.0051493044 0.8643203
vn -0.40925997 -0.011251789 0.91234845
vn -0.11311283 -0.7166356 -0.68821436
vn -0.000953625 -0.76576084 -0.6431247
vn 9.534541E-05 -0.0059114154 0.9999826
vn 0.44774073 -0.005531195 0.8941463
vn 0.06332026 -0.70949197 -0.70186305
vn 0.4505481 -0.3000475 -0.8408197
vn 0.49740472 -0.013922756 0.8674068
vn -0.5320925 0.72325295 -0.44020772
vn -0.41744485 0.31127766 -0.8537247
vn 0.9999678 -0.0070571373 -0.003814669
vn 0.99483794 -0.0011443961 0.1014698
vn -0.5491934 0.7730766 -0.31739435
vn 0.86615956 -0.0061035766 0.49973035
vn 0.62893385 -0.008010682 0.77741754
vn -0.64742947 0.72324413 -0.24031845
vn 0.5742739 0.0019074113 0.818661
vn -0.94805044 0.31128022 0.06561299
vn 0.45207778 0.3062016 -0.8377745
vn 0.50262237 -0.007629941 0.8644723
vn 0.4275 0.0005721615 0.9040152
vn 0.06570785 0.71596754 -0.69503444
vn -0.0008583042 0.77333206 -0.63400066
vn -0 -0.005196345 0.9999865
vn -0.43018648 -0.0053892545 0.902724
vn -0.11539538 0.72284234 -0.6813096
vn -0.49773672 0.0036233712 0.8673206
vn -0.530365 0.31071454 -0.78877723
vn -0.94805044 0.31128022 0.06561299
vn 0.5742739 0.0019074113 0.818661
vn -0.9500544 -0.3057493 0.062561296
vn 0.5698871 -0.004005566 0.8217132
vn -0.42136344 -0.30576986 -0.8537903
vn -0.41740552 0.31128386 -0.85374177
vn -0.5320412 0.7232804 -0.4402245
vn -0.540248 -0.71622974 -0.4417545
vn -0.55725586 -0.7653864 -0.32194674
vn -0.54901254 0.773214 -0.3173725
vn -0.65290415 -0.7162299 -0.24643648
vn -0.64740175 0.72326654 -0.24032591
vn -0.9500544 -0.3057493 0.062561296
vn -0.94805044 0.31128022 0.06561299
vn 0.4505481 -0.3000475 -0.8408197
vn 0.4519821 0.3063445 -0.837774
vn 0.06561405 0.71669996 -0.6942882
vn 0.06322527 -0.70949626 -0.7018672
vn -0.0009536712 0.773332 -0.63400066
vn -0.00095367467 -0.766373 -0.64239526
vn -0.11292452 -0.716651 -0.68822914
vn -0.11539141 0.72286516 -0.6812861
vn -0.5293397 -0.30615863 -0.7912436
vn -0.53037286 0.31067142 -0.78878886
vn 0.86597955 -0.018882655 0.4997228
vn 0.5000352 0.006914468 0.8659775
vn 0.8652726 0.0069618537 0.5012535
vn 0.50107473 -0.018883288 0.86519796
vn 0.0012394809 0.0069601624 0.9999751
vn -0 -0.018889759 0.9998216
vn -0.4998865 -0.018881636 0.8658851
vn -0.501152 0.006963094 0.8653313
vn 0.8651033 -0.018882263 -0.5012382
vn 0.866149 0.0069143143 -0.49973807
vn 0.4999637 0.0069147977 -0.8660187
vn 0.49855423 -0.01888174 -0.8666528
vn 0.0012394809 0.0069601624 -0.9999751
vn 9.540282E-05 -0.018889759 -0.9998216
vn -0.4998865 -0.018881636 -0.8658851
vn -0.49891767 0.006961198 -0.86662143
vn 0.99997616 0.006914145 0
vn 0.866149 0.0069143143 -0.49973807
vn 0.8651033 -0.018882263 -0.5012382
vn 0.99982053 -0.018882532 -0.0015258611
vn 0.86597955 -0.018882655 0.4997228
vn 0.8652726 0.0069618537 0.5012535
vn 9.5347066E-05 0 -1
vn 0.5000472 0 -0.86599815
vn 0.5000472 0 -0.86599815
vn 9.5347066E-05 0 -1
vn -0.49997568 0 -0.86603945
vn -0.49997568 0 -0.86603945
vn 0.86616975 0 -0.49975002
vn 0.5000472 0 -0.86599815
vn 0.5000472 0 -0.86599815
vn 0.86616975 0 -0.49975002
vn 1 0 0
vn 1 0 0
vn 0.86616975 0 0.49975002
vn 0.86616975 0 0.49975002
vn 0.86616975 0 0.49975002
vn 0.86616975 0 0.49975002
vn 0.5000472 0 0.86599815
vn 0.5000472 0 0.86599815
vn 9.5347066E-05 0 1
vn 9.5347066E-05 0 1
vn -0.50011873 0 0.86595684
vn -0.50011873 0 0.86595684
vn -0.86616975 0 0.49975002
vn -0.86616975 0 0.49975002
vn -0.501152 0.006963094 0.8653313
vn -0.4998865 -0.018881636 0.8658851
vn -0.8651152 -0.018881483 0.50121754
vn -0.866149 0.0069143143 0.49973807
vn -0.9999746 0.0069614863 -0.0015258052
vn -0.9998217 -0.018882554 0
vn -0.8659676 -0.018883433 -0.4997434
vn -0.8652965 0.0069612786 -0.50121206
vn -0.49891767 0.006961198 -0.86662143
vn -0.4998865 -0.018881636 -0.8658851
vn -0.86616975 0 -0.49975002
vn -0.50011873 0 -0.86595684
vn -0.50011873 0 -0.86595684
vn -0.86616975 0 -0.49975002
vn -1 0 0
vn -1 0 0
vn -0.86616975 0 0.49975002
vn -0.86616975 0 0.49975002
vn 0.7662223 -0.013733633 0.6424288
vn 0.8716674 -0.03204379 0.48904926
vn 0.86024135 -0.057982013 0.5065797
vn 0.8048528 -0.027467428 0.59283864
vn 0.5016781 -0.03128335 0.86448854
vn 0.49815786 -0.028226402 0.86662686
vn -0 -0.0320446 0.99948645
vn 9.5381816E-05 -0.028233018 0.9996014
vn -0.49963346 -0.028223567 0.865777
vn 0.3628221 -0.01907582 0.9316631
vn 0.51095855 -0.031279285 0.859036
vn -0 -0.028233018 0.9996014
vn -0.499445 -0.031274904 0.86578095
vn -0.8657292 -0.028228227 0.49971592
vn -0.49963346 -0.028223567 0.865777
vn -0.8655819 -0.03204446 0.49974102
vn -0.8630678 -0.028228518 0.5042986
vn -0.99948525 -0.032044563 0.0015259316
vn -0.98575157 -0.040437177 0.16327465
vn -0.9995658 -0.027463742 -0.010680344
vn -0.8655819 -0.03204446 0.49974102
vn -0.8657292 -0.028228227 0.49971592
vn -0.9950472 -0.030517071 0.09460292
vn -0.8630678 -0.028228518 0.5042986
vn -0.9999753 -0.0015258064 0.006866128
vn 0.14980268 -0.012205439 -0.98864055
vn -0.012874459 -0.030898701 -0.99943954
vn 0.0082941605 -0.05681977 -0.99835
vn 0.08907502 -0.027084911 -0.9956566
vn 0.5034253 -0.027083306 -0.8636142
vn 0.49958286 -0.026700363 -0.8658546
vn -0.8604269 -0.026322082 -0.5088936
vn -0.8692274 0 -0.49441242
vn -0.9019006 -0.028226117 -0.4310204
vn -0.93337405 -0.04348371 -0.35626128
vn -0.99961984 -0.026702303 0.006866307
vn -0.99952126 -0.030901229 0.0015259866
vn -0.9206826 -0.018692126 0.38986436
vn -0.86595285 -0.033951454 0.498972
vn -0.8692274 0 0.49441242
vn -0.98878366 -0.038910467 0.14419761
vn -0.99957794 -0.026701186 -0.011443366
vn -0.92460996 -0.036618218 0.3791511
vn -0.86321336 -0.036618866 0.50350934
vn 0.8657655 -0.026703497 -0.49973688
vn 0.49958286 -0.026700363 -0.8658546
vn 0.5034253 -0.027083306 -0.8636142
vn 0.86575663 -0.027084695 -0.49973175
vn 0.99963295 -0.026702654 -0.004577598
vn 0.9996332 -0.027084125 0
vn 0.9333617 -0.043487582 0.356293
vn 0.9018828 -0.02822854 0.43105745
vn 0.86000204 -0.025939295 0.50963086
vn 0.86923915 0 0.494392
vn 0.9339868 -0.013351523 -0.3570579
vn 0.8589045 -0.031661168 -0.5111562
vn 0.8686574 -0.057220668 -0.49209774
vn 0.9080177 -0.026702195 -0.41808006
vn 0.9912471 -0.020217856 -0.1304624
vn 0.9934783 -0.030517213 -0.10986196
vn 0.9994023 -0.032043435 0.01296996
vn 0.9993187 -0.0366215 0.0045776875
vn -0.86000204 -0.025939295 -0.50963086
vn 0.7904087 -0.32081738 -0.5218528
vn 0.7740987 0.345951 -0.5301784
vn -0.8692274 0 -0.49441242
vn -0.84553194 0.34599477 0.4066488
vn -0.84659404 -0.32044116 0.42496598
vn 0.008198831 -0.05681981 -0.99835074
vn -0.012969811 -0.030898668 -0.99943835
vn 0.76561016 -0.013732917 0.64315826
vn 0.5016781 -0.03128335 0.86448854
vn 0.60614985 0.5737252 -0.5508372
vn 0.3723 0.6539812 -0.6585599
vn 0.8716674 -0.03204379 0.48904926
vn 0.5690966 0.27849206 -0.77367383
vn -0.86595285 -0.033951454 0.498972
vn -0.8692274 0 0.49441242
vn 0.77502966 0.34602603 0.52876747
vn 0.8651637 0.015640084 0.5012456
vn -0.86321336 -0.036618866 0.50350934
vn 0.7925461 -0.32045186 0.51882684
vn 0.8686574 -0.057220668 -0.49209774
vn 0.8589045 -0.031661168 -0.5111562
vn -0.7764527 0.34638292 -0.526441
vn -0.79258156 -0.32042763 -0.51878756
vn 0.036227748 0.27151746 -0.96175146
vn -0.9999802 -0.0015258138 0.0061032553
vn -0.99948525 -0.032044563 0.0015259316
vn 0.07323999 0.019072914 -0.99713194
vn -0.9995658 -0.027463742 -0.010680344
vn 0.04711672 -0.25713906 -0.9652251
vn 0.8716674 -0.03204379 0.48904926
vn 0.5612657 -0.2403381 -0.7919712
vn 0.86024135 -0.057982013 0.5065797
vn 0.5690966 0.27849206 -0.77367383
vn 0.86000204 -0.025939295 0.50963086
vn -0.7745644 0.34598863 0.52947325
vn 0.86923903 -0.00038147523 0.49439195
vn -0.7910701 -0.32043347 0.52108586
vn -0.93337405 -0.04348371 -0.35626128
vn -0.9995339 -0.030520119 0.000763003
vn 0.85186267 -0.3547838 -0.38530287
vn 0.70193654 -0.70727736 -0.08392719
vn 0.7905769 -0.32042682 -0.52183795
vn -0.8604269 -0.026322082 -0.5088936
vn 0.5016781 -0.03128335 0.86448854
vn 0.511029 -0.031277765 0.8589942
vn 0.73288196 0.2990654 -0.6111005
vn 0.60614985 0.5737252 -0.5508372
vn -0.99957794 -0.026701186 -0.011443366
vn 0.45626953 -0.32045686 -0.8301358
vn 0.85186267 -0.3547838 -0.38530287
vn -0.99952126 -0.030901229 0.0015259866
vn -0.7910701 -0.32043347 0.52108586
vn 0.86000204 -0.025939295 0.50963086
vn 0.9333772 -0.043106824 0.35629886
vn -0.7016951 -0.7076077 0.0831582
vn -0.62394464 -0.5371121 -0.56762993
vn 0.9996332 -0.027084125 0
vn 0.42608228 -0.86894846 -0.25175855
vn 0.86575663 -0.027084695 -0.49973175
vn 0.5034253 -0.027083306 -0.8636142
vn -0.80481714 -0.53711694 0.25253654
vn 0.08916964 -0.02708468 -0.9956481
vn -0.42293423 -0.70759237 0.56607383
vn -0.84659404 -0.32044116 0.42496598
vn 0.00829398 -0.057199858 -0.99832827
vn -0.9999753 -0.0015258064 0.006866128
vn 0.036227748 0.27151746 -0.96175146
vn 0.15519288 0.67568004 -0.72067446
vn -0.9950472 -0.030517071 0.09460292
vn -0.02193614 0.49823642 -0.86676365
vn -0.8630678 -0.028228518 0.5042986
vn -0.3028793 0.8720177 0.38451177
vn -0.49963346 -0.028223567 0.865777
vn -9.5381816E-05 -0.028233018 0.9996014
vn -0.26417553 0.7583841 -0.59587324
vn 0.3628221 -0.01907582 0.9316631
vn 0.4480942 0.68048525 -0.57978565
vn 0.51095855 -0.031279285 0.859036
vn 0.73288196 0.2990654 -0.6111005
vn -0.4273642 -0.32045165 0.8453819
vn 0.9993187 -0.0366215 0.0045776875
vn 0.9934783 -0.030517213 -0.10986196
vn -0.56738126 -0.7076172 0.42113715
vn -0.7019236 -0.70764583 -0.08087381
vn 0.9080177 -0.026702195 -0.41808006
vn -0.79258156 -0.32042763 -0.51878756
vn 0.8686574 -0.057220668 -0.49209774
vn 0.99941444 -0.03166235 0.012970118
vn -0.40876642 0.34597096 0.8445201
vn -0.53051186 0.74040884 0.41273692
vn 0.9912471 -0.020217856 -0.1304624
vn 0.9339868 -0.013351523 -0.3570579
vn -0.6657602 0.74043304 -0.09231571
vn 0.8589045 -0.031661168 -0.5111562
vn -0.7761296 0.3459849 -0.52717876
vn -0.8692274 0 -0.49441242
vn 0.7740987 0.345951 -0.5301784
vn 0.66530406 0.7404559 -0.095370404
vn -0.9022325 -0.028230535 -0.4303249
vn 0.6175518 0.78652984 -0.0007628805
vn -0.99961984 -0.026702303 0.006866307
vn -0.9206826 -0.018692126 0.38986436
vn 0.6655064 0.74046886 0.09384613
vn -0.8692274 0 0.49441242
vn 0.77502966 0.34602603 0.52876747
vn -0.41479397 0.74050593 0.5287693
vn -0.84553194 0.34599477 0.4066488
vn -0.012874459 -0.030898701 -0.99943954
vn 0.14970948 -0.012205613 -0.9886546
vn 0.20890395 0.55567884 0.8047236
vn 0.49958286 -0.026700363 -0.8658546
vn 0.4971784 0.8166944 -0.2929572
vn 0.8657655 -0.026703497 -0.49973688
vn 0.99963295 -0.026702654 -0.004577598
vn -0.58967656 0.55582005 0.5859571
vn 0.9018828 -0.02822854 0.43105745
vn -0.665432 0.7404392 0.09460531
vn 0.86923915 0 0.494392
vn -0.7745644 0.34598863 0.52947325
vn 0.86024135 -0.057982013 0.5065797
vn 0.5612657 -0.2403381 -0.7919712
vn 0.8048528 -0.027467428 0.59283864
vn 0.35806885 -0.6385164 -0.68123674
vn 0.47098067 -0.5462193 -0.69269156
vn 0.49920398 -0.028231632 0.86602443
vn 0.8310398 -0.34485197 -0.4364056
vn 9.5381816E-05 -0.028233018 0.9996014
vn 0.89112 -0.4417453 -0.103760555
vn -0.49963346 -0.028223567 0.865777
vn -0.8657292 -0.028228227 0.49971592
vn -0.13159995 -0.91624063 -0.3783975
vn -0.98575157 -0.040437177 0.16327465
vn 0.19753611 -0.6360816 -0.74590856
vn 0.04711672 -0.25713906 -0.9652251
vn -0.9995658 -0.027463742 -0.010680344
vn -0.92460996 -0.036618218 0.3791511
vn -0.86321336 -0.036618866 0.50350934
vn 0.7925461 -0.32045186 0.51882684
vn 0.7015405 -0.70802563 0.08087362
vn 0.5695893 -0.7080762 -0.41736817
vn -0.98878366 -0.038910467 0.14419761
vn 0.45626953 -0.32045686 -0.8301358
vn -0.99957794 -0.026701186 -0.011443366
vn 0.9993187 -0.0366215 0.0045776875
vn -0.40855357 0.34633368 0.84447443
vn 0.99941444 -0.03166235 0.012970118
vn -0.4273642 -0.32045165 0.8453819
vn 0.19753611 -0.6360816 -0.74590856
vn 0.07342969 0.019072646 -0.997118
vn 0.04711672 -0.25713906 -0.9652251
vn 0.15527819 0.67605144 -0.72030765
vn 0.036227748 0.27151746 -0.96175146
vn -0.1315619 -0.91597587 -0.37905082
vn -0.02193614 0.49823642 -0.86676365
vn -0.3028793 0.8720177 0.38451177
vn -0.02193614 0.49823642 -0.86676365
vn -0.1315619 -0.91597587 -0.37905082
vn 0.89112 -0.4417453 -0.103760555
vn -0.2642643 0.758365 -0.59585816
vn 0.8310398 -0.34485197 -0.4364056
vn 0.60614985 0.5737252 -0.5508372
vn 0.47098067 -0.5462193 -0.69269156
vn 0.35806885 -0.6385164 -0.68123674
vn 0.73288196 0.2990654 -0.6111005
vn 0.4480942 0.68048525 -0.57978565
vn 0.3723822 0.653958 -0.6585365
vn 0.5612657 -0.2403381 -0.7919712
vn 0.5690966 0.27849206 -0.77367383
vn 0.66530406 0.7404559 -0.095370404
vn 0.7740987 0.345951 -0.5301784
vn 0.7904087 -0.32081738 -0.5218528
vn 0.7016504 -0.7075626 -0.083915785
vn 0.6175518 0.78652984 -0.0007628805
vn 0.85186267 -0.3547838 -0.38530287
vn 0.6655064 0.74046886 0.09384613
vn 0.7015405 -0.70802563 0.08087362
vn 0.5695893 -0.7080762 -0.41736817
vn 0.45626953 -0.32045686 -0.8301358
vn 0.8651637 0.015640084 0.5012456
vn 0.7925461 -0.32045186 0.51882684
vn 0.77502966 0.34602603 0.52876747
vn -0.79258156 -0.32042763 -0.51878756
vn -0.7759512 0.34637183 -0.52718717
vn -0.66573375 0.7404566 -0.09231865
vn -0.7015647 -0.708002 -0.08087092
vn -0.53047764 0.7404276 0.41274735
vn -0.56696934 -0.7079607 0.42111456
vn -0.42711702 -0.3208266 0.84536463
vn -0.4087267 0.3459777 0.8445365
vn -0.84659404 -0.32044116 0.42496598
vn -0.84553194 0.34599477 0.4066488
vn -0.41479397 0.74050593 0.5287693
vn -0.42293423 -0.70759237 0.56607383
vn -0.80481714 -0.53711694 0.25253654
vn 0.20899515 0.55566776 0.80470765
vn -0.80481714 -0.53711694 0.25253654
vn 0.20890395 0.55567884 0.8047236
vn 0.49974102 0.8167523 -0.28840017
vn 0.42839935 -0.86890924 -0.24793287
vn -0.58967656 0.55582005 0.5859571
vn -0.62394464 -0.5371121 -0.56762993
vn -0.7016951 -0.7076077 0.0831582
vn -0.665432 0.7404392 0.09460531
vn -0.7910701 -0.32043347 0.52108586
vn -0.7745644 0.34598863 0.52947325
vn 0.86219674 -0.067900024 -0.5020024
vn 0.8661271 0.009918214 -0.49972534
vn 0.49995106 0.009918907 -0.8659969
vn 0.49545595 -0.067904636 -0.86597484
vn 0.0037183268 0.009915538 -0.999944
vn -0 -0.06788584 -0.997693
vn -0.4983382 -0.067894526 -0.8643201
vn -0.49623775 0.009917126 -0.86812997
vn -0.863977 -0.06789753 -0.49893245
vn -0.8639439 0.009917236 -0.50349057
vn 0.9999509 0.009918445 0
vn 0.8661271 0.009918214 -0.49972534
vn 0.86219674 -0.067900024 -0.5020024
vn 0.9976847 -0.06790151 -0.0038146907
vn 0.86614525 -0.06790304 0.49515814
vn 0.8661271 0.009918214 0.49972534
vn 0.5022576 -0.067895845 0.86204845
vn 0.5000226 0.009918434 0.8659556
vn 0.5021863 -0.06789909 0.8620897
vn 9.534237E-05 0.009915608 0.9999509
vn 0.49995106 0.009918907 0.8659969
vn 0.00400447 -0.0678853 0.9976851
vn -0.49924016 -0.06791345 0.863798
vn -0.5028973 0.0099168215 0.8642892
vn -0.863977 -0.06789753 0.49893245
vn -0.8678716 0.009918533 0.4966896
vn -0.47383308 -0.796589 0.375404
vn -0.7250034 -0.08392568 0.6836128
vn -0.96964663 -0.08392731 0.22965567
vn -0.59807265 -0.7965401 0.08850446
vn -0.9544484 -0.08468728 -0.28610563
vn -0.5620281 -0.7965483 -0.22278938
vn -0.6838089 -0.08392635 -0.72481847
vn -0.86437213 0.009917775 -0.50275487
vn -0.9999436 0.009917427 -0.0038143946
vn -0.863977 -0.06789753 -0.49893245
vn -0.9976922 -0.06789876 0
vn -0.863977 -0.06789753 0.49893245
vn -0.8678716 0.009918533 0.4966896
vn 0.6838089 -0.08392635 0.72481847
vn 0.375404 -0.796589 0.47383308
vn 0.5619629 -0.796591 0.22280131
vn 0.21578264 -0.30373648 0.9279989
vn 0.07876462 -0.7117422 0.6980108
vn -0.28612405 -0.08392971 0.9545098
vn -0.22239101 -0.79648787 0.5622716
vn -0.7250034 -0.08392568 0.6836128
vn -0.47383308 -0.796589 0.375404
vn 0.7250034 -0.08392568 -0.6836128
vn 0.47368518 -0.796661 -0.37543795
vn 0.2224864 -0.79682946 -0.5617496
vn 0.2860365 -0.08393202 -0.95453584
vn -0.21525973 -0.7973289 -0.56385267
vn -0.21614641 -0.30371144 -0.9279224
vn -0.37548593 -0.79656047 -0.47381616
vn -0.6838089 -0.08392635 -0.72481847
vn -0.5623192 -0.7965554 -0.22202837
vn 0.6838089 -0.08392635 0.72481847
vn 0.5619629 -0.796591 0.22280131
vn 0.9545098 -0.08392971 0.28612405
vn 0.5980114 -0.7965855 -0.08850951
vn 0.96965224 -0.08391954 -0.2296344
vn 0.47368518 -0.796661 -0.37543795
vn 0.7250034 -0.08392568 -0.6836128
vn -0 -1 0
vn -0 -1 0
vn -0.09622319 -0.9681446 -0.23116454
vn -0 -1 0
vn -0 -1 0
vn -0 -1 0
vn -0 -1 0
vn -0 -1 0
vn -0 -1 0
vn -0 -1 0
vn -0 -1 0
vn 0.096128725 -0.96815354 0.23116669
vn -0 0 1
vn -0 0 1
vn -0 0 1
vn -0 0 1
vn 1 0 0
vn 1 0 0
vn 1 0 0
vn 1 0 0
vn 1 0 0
vn 1 0 0
vn 1 0 0
vn 1 0 0
vn -1 0 0
vn -1 0 0
vn -1 0 0
vn -1 0 0
vn -1 0 0
vn -1 0 0
vn -1 0 0
vn -1 0 0
vn -0 -0.817971 0.57525957
vn -0 -0.98998904 0.14114432
vn 2.3841989E-05 -0.817971 0.57525957
vn -0 -0.98998904 0.14114432
vn -0 -1 0
vn -0 -1 0
vn -0 -1 0
vn -0 -1 0
vn -0 -0.98998904 0.14114432
vn -0 -0.98998904 0.14114432
vn -0 -0.817971 0.57525957
vn -2.3841989E-05 -0.817971 0.57525957
vn -0 -0.30960357 0.95086575
vn -0 -0.81743807 0.5760166
vn 2.3841747E-05 -0.81743807 0.5760166
vn 2.3843173E-05 -0.30960357 0.95086575
vn -0 0.3085426 0.95121056
vn 2.3842254E-05 0.3085426 0.95121056
vn -0 0.81743807 0.5760166
vn 2.3841747E-05 0.81743807 0.5760166
vn -0.00014304917 0.81797886 0.5752483
vn 2.3841527E-05 0.81797886 0.5752483
vn -0 0.98998904 0.14114432
vn -0 0.98998904 0.14114432
vn -0 1 0
vn -0 1 0
vn -0 1 0
vn -0 1 0
vn -0 0.98998904 0.14114432
vn -0 0.98998904 0.14114432
vn -0 0.81797886 0.5752483
vn -2.3841527E-05 0.81797886 0.5752483
vn -1 0 0
vn -1 0 0
vn -1 0 0
vn -1 0 0
vn -1 0 0
vn -1 0 0
vn -1 0 0
vn -1 0 0
vn 1 0 0
vn 1 0 0
vn 1 0 0
vn 1 0 0
vn 1 0 0
vn 1 0 0
vn 1 0 0
vn 1 0 0
vn -0 -0.30960357 0.95086575
vn -2.3841747E-05 -0.81743807 0.5760166
vn -0 -0.81743807 0.5760166
vn -2.3843173E-05 -0.30960357 0.95086575
vn -0 0.3085426 0.95121056
vn -2.3842254E-05 0.3085426 0.95121056
vn 0.00014305048 0.81743807 0.5760166
vn -2.3841747E-05 0.81743807 0.5760166
vn -0.7067252 -0.7074881 0
vn -0.7067252 -0.7074881 0
vn -0.3822135 -0.924074 0
vn -0.3822135 -0.924074 0
vn 0.00052155514 -0.9999999 0
vn 0.00052155514 -0.9999999 0
vn 0.3822135 -0.924074 0
vn 0.3822135 -0.924074 0
vn 0.7067252 -0.7074881 0
vn 0.7067252 -0.7074881 0
vn 0.7067252 0.7074881 0
vn 0.3822135 0.924074 0
vn 0.7067252 0.7074881 0
vn 0.3822135 0.924074 0
vn -0.0005215104 0.9999999 0
vn -0.0005215104 0.9999999 0
vn -0.3822135 0.924074 0
vn -0.3822135 0.924074 0
vn -0.7067252 0.7074881 0
vn -0.7067252 0.7074881 0
vn -0.7074881 -0.7067252 0
vn -0.7074881 -0.7067252 0
vn -0.92368096 -0.3831624 0
vn -0.92368096 -0.3831624 0
vn -0.9999999 -0.00052228523 0.00019073047
vn -0.9999999 -0.0005222256 0
vn -0.924074 0.3822135 0
vn -0.924074 0.3822135 0
vn -0.7074881 0.7067252 0.00019073617
vn -0.7074881 0.7067252 0
vn 0.7074881 0.7067252 0
vn 0.7074881 0.7067252 0
vn 0.92368096 0.3831624 0
vn 0.92368096 0.3831624 0
vn 0.9999999 -0.00052197237 0
vn 0.9999999 -0.00052197237 0
vn 0.924074 -0.3822135 0
vn 0.924074 -0.3822135 0
vn 0.7074881 -0.7067252 0.00019073617
vn 0.7074881 -0.7067252 0
vn 0.6504727 -0.001406711 0.75952846
vn 0.64980483 -0.0010013871 0.7601005
vn 0.64957315 9.139957E-06 0.7602991
vn 0.64980483 0.0010013871 0.7601005
vn 0.6500638 0.0015735426 0.75987804
vn -0.6504727 0.0013590258 0.75952846
vn -0.6502958 0.0014066377 0.75967973
vn -0.6500921 0.000458806 0.75985533
vn -0.6502958 -0.0014066377 0.75967973
vn -0.6500639 -0.0015258596 0.7598781
vn -0 -0.40667373 0.9135735
vn 0.0005722085 -0.4069833 0.9134354
vn 0.000667583 -0.40696338 0.9134443
vn -7.075948E-05 -0.4067135 0.91355574
vn -0.0007152605 -0.40698323 0.9134354
vn -0.0006198805 -0.40702307 0.9134177
vn -0 -0.40667373 0.9135735
vn -0 0.40667373 0.9135735
vn -0.00054837717 0.4069435 0.9134532
vn -0.0006199045 0.40694344 0.9134531
vn 3.2983342E-05 0.4067135 0.91355574
vn 0.00061989855 0.40696338 0.9134443
vn 0.0005483665 0.40698335 0.9134355
vn -0 0.40667373 0.9135735
vn -0 0 -1
vn -0 0 -1
vn -0 0 -1
vn -0 0 -1
vn -0 0 -1
vn -0 0 -1
vn -0 0 -1
vn -0 0 -1
vn -0 0 -1
vn -0 0 -1
vn -0 0 -1
vn -0 0 -1
vn -0 0 -1
vn -0 0 -1
vn -0 0 -1
vn -0 0 -1
vn 0.0005155823 0.9999999 0
vn 0.706749 0.7074643 0
vn 0.706749 0.7074643 0
vn 0.0005155525 0.9999999 0
vn -0.706749 0.7074643 0
vn -0.706749 0.7074643 0
vn 0.9999999 0.0005153725 0
vn 0.7074643 0.706749 0
vn 0.7074643 0.706749 0
vn 0.9999999 0.0005153725 0
vn 0.7074643 -0.706749 0
vn 0.7074643 -0.706749 0
vn 0.00051516504 -0.9999999 0
vn 0.706749 -0.7074643 0
vn 0.706749 -0.7074643 0
vn 0.00051516504 -0.9999999 0
vn -0.706749 -0.7074643 0
vn -0.706749 -0.7074643 0
vn -0.9999999 -0.0005154918 0
vn -0.7074643 -0.706749 0
vn -0.7074643 -0.706749 0
vn -0.9999999 -0.0005154918 0
vn -0.7074643 0.706749 0
vn -0.7074643 0.706749 0.00019073617
vn 0.0005153125 0.9999999 0
vn 0.706749 0.7074643 0
vn 0.706749 0.7074643 0
vn 0.00051534217 0.9999999 0
vn -0.706749 0.7074643 0
vn -0.706749 0.7074643 0
vn 0.9999999 0.0005157299 0
vn 0.7074643 0.706749 0
vn 0.7074643 0.706749 0
vn 0.9999999 0.0005157299 0
vn 0.7074762 -0.7067372 0
vn 0.7074762 -0.7067372 0
vn 0.00051534217 -0.9999999 0
vn 0.706749 -0.7074643 0
vn 0.706749 -0.7074643 0
vn 0.00051537214 -0.9999999 0
vn -0.706749 -0.7074643 0
vn -0.706749 -0.7074643 0
vn -0.9999999 -0.00051486696 0
vn -0.7074762 -0.7067372 0
vn -0.7074762 -0.7067372 0
vn -0.9999999 -0.00051486696 0
vn -0.7074643 0.706749 0
vn -0.7074643 0.706749 0
vn -0 0 1
vn -0 0 1
vn -0 0 1
vn -0 0 1
vn -0 0 1
vn -0 0 1
vn -0 0 1
vn -0 0 1
vn -0 0 -1
vn -0 0 -1
vn -0 0 -1
vn -0 0 -1
vn -0 0 -1
vn -0 0 -1
vn -0 0 -1
vn -0 0 -1
vn -0 0.7075358 -0.7066775
vn -0 0.7075358 -0.7066775
vn -0 0.9999999 -0.00057220506
vn -0 0.9999999 -0.00057220506
vn -0 0.7075358 0.7066775
vn -0 0.7075358 0.7066775
vn -0 0.00051608635 -0.9999999
vn -0 0.7067729 -0.7074405
vn -0 0.7067729 -0.7074405
vn -0 0.00051608635 -0.9999999
vn -0 -0.7067729 -0.7074405
vn -0 -0.7067729 -0.7074405
vn -0 -0.9999999 -0.00057220506
vn -0 -0.7075358 -0.7066775
vn -0 -0.7075358 -0.7066775
vn -0 -0.9999999 -0.00057220506
vn -0 -0.7075358 0.7066775
vn -0 -0.7075358 0.7066775
vn -0 -0.0005144799 0.9999999
vn -0 -0.7067729 0.7074405
vn -0 -0.7067729 0.7074405
vn 0.0002384131 -0.0005145089 0.9999999
vn -0 0.7067729 0.7074405
vn -0 0.7067729 0.7074405
vn -0 -0.80869484 -0.58822834
vn -0 -0.80869484 -0.58822834
vn -0 -0.3095982 -0.9508675
vn -0 -0.3095982 -0.9508675
vn -0 0.3095982 -0.9508675
vn 0.0001430593 0.3095982 -0.9508675
vn -0 0.80869484 -0.58822834
vn -0 0.80869484 -0.58822834
vn -0 0.9999999 -0.00057220506
vn -0 0.8092554 -0.587457
vn -0 0.8092554 -0.587457
vn -0 0.9999999 -0.00057220506
vn -0.0001907328 0.8092554 0.587457
vn -0 0.8092554 0.587457
vn -0 -0.8092554 -0.587457
vn -0 -0.8092554 -0.587457
vn -0 -0.9999999 -0.00057220506
vn -0 -0.9999999 -0.00057220506
vn -0 -0.80938715 0.5872754
vn -0 -0.80938715 0.5872754
vn -0 0.80869484 0.58822834
vn -0 0.80869484 0.58822834
vn -0 0.3085642 0.9512035
vn -0 0.3085642 0.9512035
vn -0 -0.3085642 0.9512035
vn -0 -0.3085642 0.9512035
vn -0 -0.80869484 0.58822834
vn -0 -0.80869484 0.58822834
vn -0 -0.80869484 -0.58822834
vn -0 -0.3095982 -0.9508675
vn -0 -0.80869484 -0.58822834
vn -0 -0.3095982 -0.9508675
vn -0 0.3095982 -0.9508675
vn -0 0.3095982 -0.9508675
vn -0 0.80869484 -0.58822834
vn -0 0.80869484 -0.58822834
vn -0 0.9999999 -0.00057220506
vn -0 0.8092554 -0.587457
vn -0 0.8092554 -0.587457
vn -0 0.9999999 -0.00057220506
vn -0 0.80938715 0.5872754
vn -0 0.8092554 0.587457
vn -0 -0.9999999 -0.00057220506
vn -0 -0.8092554 -0.587457
vn -0 -0.8092554 -0.587457
vn -0 -0.9999999 -0.00057220506
vn -0 -0.80938715 0.5872754
vn 9.536788E-05 -0.80938715 0.5872754
vn -0 0.80869484 0.58822834
vn -0 0.3085642 0.9512035
vn -0 0.80869484 0.58822834
vn -0 0.3085642 0.9512035
vn -0 -0.3085642 0.9512035
vn -0 -0.3085642 0.9512035
vn -0 -0.80869484 0.58822834
vn -0 -0.80869484 0.58822834
vn -0.7067252 -0.7074881 -0.00038147235
vn -0.38217628 -0.9240894 -0.00038146105
vn -0.70670134 -0.70751184 0.0003814594
vn -0.38215595 -0.92409784 0.00038146455
vn -0.000569621 -0.99999976 -0.0003814609
vn -0.000521734 -0.99999976 0.0003814609
vn 0.38321993 -0.92365706 -0.0003814794
vn 0.38321993 -0.92365706 0.0003814794
vn 0.7067252 -0.7074881 -0.00038147235
vn 0.70677286 -0.70744044 0.00038147232
vn -0.831496 -0.5555307 0
vn -0.7074881 -0.7067252 -0.00038147235
vn -0.831496 -0.5555307 0
vn -0.70744044 -0.70677286 0.00038147232
vn 0.7074881 -0.7067252 -0.00038147235
vn 0.831496 -0.5555307 0
vn 0.70751184 -0.70670134 0.0003814594
vn 0.831496 -0.5555307 0
vn -0 0 1
vn 0.25443733 0.6140876 0.74709976
vn 0.83151805 -0.5554977 0
vn 0.7071067 -0.7071067 -0.00038147238
vn 0.3826508 -0.92389303 -0.00038145873
vn -0 0 1
vn -3.5740618E-07 0 1
vn 1.9860994E-05 -1 -0.000381461
vn -0.3826508 -0.92389303 -0.00038145873
vn -0 0 1
vn -0.7071067 -0.7071067 -0.00038147238
vn -0 0 1
vn -0.25443733 0.6140876 0.74709976
vn -0.83151805 -0.5554977 0
vn 0.831496 -0.5555307 0
vn 0.25415775 0.6134834 0.7476911
vn 0.25415078 0.61339504 -0.74776596
vn 0.831496 -0.5555307 0
vn -0.25415775 0.6134834 0.7476911
vn -0.831496 -0.5555307 0
vn -0.831496 -0.5555307 9.536599E-05
vn -0.25415078 0.61339504 -0.74776596
vn 0.83151805 -0.5554977 -9.5368516E-05
vn 0.2544443 0.6141759 -0.7470248
vn -0 0 -1
vn 0.70710665 -0.70710665 0.00047684042
vn 0.38265076 -0.923893 0.0004768234
vn -0 0 -1
vn -0 0 -1
vn 1.4890918E-05 -0.9999999 0.0004768262
vn -0.38265076 -0.923893 0.0004768234
vn -0 0 -1
vn -0.70710665 -0.70710665 0.00047684042
vn -0 0 -1
vn -0.2544443 0.6141759 -0.7470248
vn -0.83151805 -0.5554977 0
vn -0.7067252 0.7074881 0
vn -0.38321996 0.9236571 0
vn -0.7067252 0.7074881 0
vn -0.38321996 0.9236571 0
vn -0.00052188296 0.9999999 0
vn -0.00052188296 0.9999999 0
vn 0.3821763 0.9240895 0
vn 0.3821763 0.9240895 0
vn 0.7067252 0.7074881 0
vn 0.7067252 0.7074881 0
vn -0.831496 0.5555307 0
vn -0.7074881 0.7067252 0
vn -0.831496 0.5555307 0
vn -0.7074881 0.7067252 0
vn 0.7074881 0.7067252 0
vn 0.831496 0.5555307 0
vn 0.7074881 0.7067252 0
vn 0.831496 0.5555307 0
vn -0.47124353 -0.47124353 -0.7455595
vn -0.4713036 -0.4713036 -0.74548364
vn -0.47124353 0.47124353 -0.7455595
vn -0.4713036 0.4713036 -0.74548364
vn -0.47124353 0.47124353 -0.7455595
vn -0.4713036 0.4713036 -0.74548364
vn 0.47124353 0.47124353 -0.7455595
vn 0.4713036 0.4713036 -0.74548364
vn 0.47124353 0.47124353 -0.7455595
vn 0.4713036 0.4713036 -0.74548364
vn 0.47124353 -0.47124353 -0.7455595
vn 0.4713036 -0.4713036 -0.74548364
vn 0.47124353 -0.47124353 -0.7455595
vn 0.4713036 -0.4713036 -0.74548364
vn -0.47124353 -0.47124353 -0.7455595
vn -0.4713036 -0.4713036 -0.74548364
vn 0.7074643 0.706749 0
vn 0.7074643 0.706749 0
vn -0.7074643 0.706749 0
vn -0.7074643 0.706749 0
vn -0 0 -1
vn -0 0 -1
vn -0 0 -1
vn -0 0 -1
vn -0.706749 0.7074643 0
vn -0.706749 0.7074643 0
vn -0.706749 -0.7074643 0
vn -0.706749 -0.7074643 0
vn 0.706749 -0.7074643 0
vn 0.706749 -0.7074643 0
vn 0.706749 0.7074643 0
vn 0.706749 0.7074643 0
vn -0.7074643 -0.706749 0
vn -0.7074643 -0.706749 0
vn 0.7074643 -0.706749 0
vn 0.7074643 -0.706749 0
vn -1 0 0
vn -1 0 0
vn -0.9999994 -9.53652E-05 0.0011443823
vn -1 0 0
vn -1 0 0
vn -1 0 0
vn -0.00042914355 -0.9999999 0
vn 4.7682624E-05 -1 0
vn -4.769172E-05 0 1
vn -0.00042922545 0 0.9999999
vn -0 -1 0
vn 0.00090596953 -0.99999964 0
vn -0.00090596953 -0.99999964 0
vn -0 -1 0
vn -4.7691712E-05 0.0005723006 0.9999999
vn 4.7691712E-05 0.0005723006 0.9999999
vn -0.0008107589 0.0001907668 0.99999964
vn 0.00085845066 0 0.99999964
vn -0 0 1
vn -0 0 1
vn 1 0 0
vn 0.00042914355 -0.9999999 0
vn 4.7682624E-05 -1 0
vn 1 0 0
vn -4.769172E-05 0 1
vn 0.00042922545 0 0.9999999
vn 1 0 0
vn 0.99999976 0 0.00076292176
vn 1 0 0
vn 1 0 0
vn -0 0.72989994 -0.68355405
vn -0 0.7298776 -0.6835778
vn -0 0.72989994 -0.68355405
vn -0 0.7298776 -0.6835778
vn -0 0 -1
vn -0 0 -1
vn -0 0 -1
vn -0 0 -1
vn -0 0 -1
vn -0 0 -1
vn -0 0 -1
vn -0 0 -1
vn 0.99999976 -0.00076292176 0
vn 1 0 0
vn 1 0 0
vn 0.99999976 -0.00076292176 0
vn 0.0001907305 -1 0
vn 0.0001907305 -1 0
vn 0.0006675566 -0.99999976 0
vn -0.0006675566 -0.99999976 0
vn -0.0006675566 -0.99999976 0
vn 0.0006675566 -0.99999976 0
vn -0.99999976 -0.00076292176 0
vn -1 0 0
vn -1 0 0
vn -0.99999976 -0.00076292176 0
vn -0.0001907305 -1 0
vn -0.0001907305 -1 0
vn -0 0 -1
vn -0 0 -1
vn -0 0 -1
vn -0 0 -1
vn -0 0 -1
vn -0 0 -1
vn -0 0.69924337 -0.71488374
vn -0 0.69924337 -0.71488374
vn -0 0.69924337 -0.71488374
vn -0 0.69924337 -0.71488374
vn -0.00047687293 -0.45589054 -0.8900357
vn 0.89005554 -0.4558519 0.000381466
vn 1 0 0.000381461
vn -0.0005246088 0 -0.9999999
vn -0.89005554 -0.4558519 0.000381466
vn -1 0 0.000381461
vn 0.00047687293 -0.45589054 0.8900357
vn -0.89005554 -0.4558519 -0.000381466
vn -1 0 -0.000381461
vn 0.0005246088 0 0.9999999
vn 0.89005554 -0.4558519 -0.000381466
vn 1 0 -0.000381461
vn -0 1 0
vn -0 1 0
vn -0 1 0
vn -0 1 0
vn 0.461667 -0.381063 0.80103344
vn 0.50011873 0 0.86595684
vn 1 0 0
vn 0.9246163 -0.38089964 -0.00038147185
vn 0.46175683 -0.3808874 -0.8010651
vn 0.50011873 0 -0.86595684
vn -0.46293908 -0.3809186 -0.8003678
vn 0.462793 -0.38110682 -0.80036247
vn 0.50011873 0 -0.86595684
vn -0.50011873 0 -0.86595684
vn -0.461667 -0.381063 -0.80103344
vn -0.50011873 0 -0.86595684
vn -1 0 0
vn -0.92453873 -0.38108793 0.00038146938
vn -0.46212697 -0.38110808 0.8007467
vn -0.50011873 -0.0001907394 0.86595684
vn -0.50011873 0 -0.86595684
vn 0.50011873 0 -0.86595684
vn 0.50011873 0 -0.86595684
vn -0.50011873 0 -0.86595684
vn 0.46293908 -0.3809186 0.8003678
vn -0.50011873 0 0.86595684
vn 0.50011873 0 0.86595684
vn -0.462793 -0.38110682 0.80036247
vn 1 0 0
vn 0.50011873 0 -0.86595684
vn 0.50011873 0 -0.86595684
vn 1 0 0
vn 0.50011873 0 0.86595684
vn 0.50011873 0 0.86595684
vn 0.50011873 0 0.86595684
vn 0.50011873 0 0.86595684
vn -0.50011873 0 0.86595684
vn -0.50011873 0 0.86595684
vn -1 0 0
vn -0.50011873 0 -0.86595684
vn -0.50011873 0 -0.86595684
vn -1 0 0
vn -0.50011873 0 0.86595684
vn -0.50011873 0 0.86595684
vn -0 -1 0
vn -0 -1 0
vn -0 -1 0
vn -0 -1 0
vn -0 -1 0
vn -0 -1 0
vn 0.7066059 -0.00019072971 0.7076072
vn 0.7066059 0 0.7076072
vn 0.0005246088 0 0.9999999
vn 0.0005246088 0 0.9999999
vn -0.7066059 0 0.7076072
vn -0.7066059 0.00019072971 0.7076072
vn 0.70736897 0 0.70684445
vn 0.70736897 0 0.70684445
vn 1 0 0.000381461
vn 1 0 0.000381461
vn 0.70736897 0 -0.70684445
vn 0.70736897 0 -0.70684445
vn 0.0005246088 0 -0.9999999
vn 0.7066059 0.00019072971 -0.7076072
vn 0.7066059 0 -0.7076072
vn 0.0005246088 0 -0.9999999
vn -0.7066059 0 -0.7076072
vn -0.7066059 0 -0.7076072
vn -1 0 -0.00038147013
vn -0.70736897 0 -0.70684445
vn -0.70736897 0 -0.70684445
vn -1 0 -0.00038147013
vn -0.70736897 0 0.70684445
vn -0.70736897 0 0.70684445
vn -0.00052448054 -0.617552 -0.78652996
vn -0.5557054 -0.61759883 -0.55656374
vn -0.55554104 -0.61776584 -0.5565424
vn -0.00052448054 -0.617552 -0.78652996
vn 0.5557384 -0.6175825 -0.556549
vn 0.55554104 -0.61776584 -0.5565424
vn -0.7863464 -0.6177857 -0.00038146693
vn -0.55650127 -0.6175825 -0.5557861
vn -0.5563041 -0.617766 -0.55577964
vn -0.7863464 -0.6177857 -0.00038146693
vn -0.5563041 -0.617766 0.55577964
vn -0.5563041 -0.617766 0.55577964
vn -0.5557384 -0.6175825 0.556549
vn -0.55554104 -0.61776584 0.5565424
vn -0.00052448054 -0.617552 0.78652996
vn -0.00052448054 -0.617552 0.78652996
vn 0.55554104 -0.61776584 0.5565424
vn 0.5557054 -0.61759883 0.55656374
vn 0.7863464 -0.6177857 0.00038146693
vn 0.55650127 -0.6175825 0.5557861
vn 0.5563041 -0.617766 0.55577964
vn 0.7863464 -0.6177857 0.00038146693
vn 0.5563041 -0.617766 -0.55577964
vn 0.5563041 -0.617766 -0.55577964
vn 0.7066059 0 0.7076072
vn 0.0005246088 0 0.9999999
vn 0.7066059 -0.00019072971 0.7076072
vn 0.0005246088 0 0.9999999
vn -0.7066059 0 0.7076072
vn -0.7066059 0 0.7076072
vn 0.70736897 0 0.70684445
vn 1 0 0.000381461
vn 0.70736897 0.00019072974 0.70684445
vn 1 0 0.000381461
vn 0.70736897 0 -0.70684445
vn 0.70736897 0 -0.70684445
vn 0.0005246088 0 -0.9999999
vn 0.7066059 0 -0.7076072
vn 0.7066059 0 -0.7076072
vn 0.0005246088 0 -0.9999999
vn -0.7066059 0 -0.7076072
vn -0.7066059 0 -0.7076072
vn -1 0 -0.000381461
vn -0.70736897 0 -0.70684445
vn -0.70736897 0 -0.70684445
vn -1 0 -0.000381461
vn -0.70736897 0 0.70684445
vn -0.70736897 0 0.70684445
vn 0.7066059 0 0.7076072
vn 0.0005246088 0 0.9999999
vn 0.7066059 -0.00019072971 0.7076072
vn 0.0005246088 0.00019076685 0.9999999
vn -0.7066059 0 0.7076072
vn -0.7066059 0 0.7076072
vn 0.70736897 0 0.70684445
vn 1 0 0.000381461
vn 0.70736897 0 0.70684445
vn 1 0 0.000381461
vn 0.70736897 0 -0.70684445
vn 0.70736897 0 -0.70684445
vn 0.0005246088 0 -0.9999999
vn 0.7066059 0.00019072971 -0.7076072
vn 0.7066059 0 -0.7076072
vn 0.0005246088 -0.00019076685 -0.9999999
vn -0.7066059 0 -0.7076072
vn -0.7066059 -0.00019072971 -0.7076072
vn -1 0 -0.00038147013
vn -0.70736897 0 -0.70684445
vn -0.70736897 0 -0.70684445
vn -1 0 -0.00038147013
vn -0.70736897 0 0.70684445
vn -0.70736897 0 0.70684445
vn 0.46178234 -0.38165167 0.80068654
vn 0.50010085 0 0.86596715
vn 1 0 0
vn 0.9243023 -0.3816609 -0.00038147016
vn 0.46178234 -0.38165167 -0.80068654
vn 0.50011873 0 -0.86595684
vn -0.46242976 -0.38165474 -0.8003115
vn 0.46242976 -0.38165474 -0.8003115
vn 0.50011873 0 -0.86595684
vn -0.50011873 0 -0.86595684
vn -0.9243023 -0.3816609 0.00038147016
vn -0.46178234 -0.38165167 -0.80068654
vn -0.50010085 0 -0.86596715
vn -1 0 0
vn -0.46178234 -0.38165167 0.80068654
vn -0.50011873 0 0.86595684
vn 0.46242976 -0.38165474 0.8003115
vn -0.50011873 0 0.86595684
vn 0.50011873 0 0.86595684
vn -0.46242976 -0.38165474 0.8003115
vn -0.46220866 -0.38185975 -0.8003414
vn 0.9242247 -0.38184917 0
vn 0.46220866 -0.38185975 -0.8003414
vn -0.46220866 -0.38185975 0.8003414
vn -0.9242247 -0.38184917 0
vn 0.46220866 -0.38185975 0.8003414
vn -0.91037583 0.32749116 0.25291395
vn -0.8994799 0.33225065 0.28380537
vn 0.22773698 -0.9542446 -0.19378623
vn 0.29355893 -0.955831 -0.014496738
vn 0.6874684 0.7231389 -0.06676301
vn 0.64878976 0.71716875 -0.2544423
vn 0.33547923 -0.93644285 0.102608204
vn 0.5964497 0.68304646 -0.4215394
vn 0.47532395 -0.86481494 0.16174747
vn 0.44091293 0.5358098 -0.720072
vn -0.0043872297 0.1356226 -0.99075085
vn 0.64110357 -0.753454 0.14592212
vn -0.53287894 -0.345811 -0.7723049
vn -0.63886476 0.68054026 0.35877132
vn -0.3992047 0.8661197 0.30078635
vn -0.75212413 -0.53063065 -0.39082032
vn -0.17934564 0.9611515 0.20981677
vn 0.7654273 -0.62733376 0.14343417
vn -0.7767568 -0.5598943 -0.28838706
vn 0.88595355 -0.4487941 0.11691916
vn -0.15085892 0.97285897 0.17546171
vn -0.76757634 -0.5568588 -0.31738755
vn 0.89847475 -0.42658716 0.10376187
vn -0.1842508 0.9554912 0.2304089
vn 0.9389966 -0.32472917 0.11329758
vn -0.91017234 0.32805875 0.25291044
vn 0.6870774 0.72351044 -0.0667621
vn -0.89932936 0.33264697 0.28381804
vn 0.6486715 0.7171434 -0.2548148
vn -0.90610963 0.32044297 0.2761913
vn 0.5964497 0.68304646 -0.4215394
vn 0.33505595 -0.9365925 0.102624595
vn 0.2936461 -0.95580435 -0.014496334
vn 0.47493556 -0.8649931 0.16193585
vn -0.8279721 0.44250062 0.34446386
vn 0.4409898 0.5357873 -0.7200417
vn -0.6390605 0.6803549 0.35877416
vn -0.0043872297 0.1356226 -0.99075085
vn 0.7652358 -0.62752384 0.14362475
vn 0.64136416 -0.7532334 0.14591631
vn -0.5329472 -0.34579343 -0.7722656
vn -0.75212413 -0.53063065 -0.39082032
vn 0.8856841 -0.4493748 0.11673064
vn -0.7767568 -0.5598943 -0.28838706
vn 0.8982551 -0.42705026 0.10375853
vn -0.7675159 -0.55694497 -0.31738237
vn 0.93883413 -0.32519934 0.11329523
vn 0.6412515 -0.7534038 0.14553091
vn 0.76504415 -0.6277138 0.14381532
vn -0.3993279 0.8659893 0.30099806
vn -0.63906497 0.6805503 0.35839522
vn -0.8277878 0.44269484 0.34465727
vn 0.47499472 -0.8649271 0.16211423
vn -0.78281236 0.6217008 0.026321435
vn -0.7976035 0.57869035 0.1701357
vn -0.08049987 -0.9356247 -0.343695
vn -0.10712401 -0.9845013 -0.13885827
vn 0.883413 0.4525188 0.12168893
vn 0.8690862 0.44374606 0.21858285
vn 0.8819264 0.47034806 -0.031280242
vn -0.1790112 -0.9632462 0.20027892
vn -0.7165525 0.6674743 -0.20255968
vn 0.91748685 0.36297017 -0.16269761
vn -0.7122295 0.5505575 -0.43544877
vn -0.2203561 -0.8111871 0.54168147
vn 0.9213841 0.30393326 -0.2422311
vn -0.72291076 0.4130374 -0.5538954
vn -0.19911891 -0.65133244 0.7322006
vn 0.9258001 0.24027742 -0.29182333
vn -0.7356291 0.3015997 -0.6065372
vn -0.18613325 -0.5049225 0.84285676
vn 0.92949873 0.2085209 -0.3042221
vn -0.18683204 -0.44223592 0.87722355
vn -0.7408804 0.2557736 -0.62102824
vn -0.7824964 0.6220823 0.026702903
vn 0.8688439 0.44422096 0.21858189
vn -0.79732656 0.5790719 0.17013577
vn 0.8831699 0.4529932 0.12168829
vn 0.8817099 0.47072843 -0.03166164
vn -0.71619606 0.6678568 -0.20256002
vn 0.91726553 0.3634444 -0.16288717
vn -0.71182096 0.55093646 -0.43563747
vn 0.9211863 0.30422488 -0.24261697
vn -0.7225497 0.41341686 -0.5540835
vn 0.9211863 0.30422488 -0.24261697
vn -0.7226009 0.41332355 -0.55408627
vn -0.7352199 0.30183652 -0.6069156
vn 0.92564136 0.2404226 -0.2922074
vn -0.7408804 0.2557736 -0.62102824
vn 0.929477 0.20861675 -0.30422282
vn -0.90607595 0.41933146 0.05645764
vn -0.8632181 0.45986167 0.20828243
vn 0.1424966 -0.9691628 -0.20104262
vn 0.18442708 -0.9739948 0.13160804
vn 0.73369426 0.678828 0.029754754
vn -0.9207659 0.38842878 -0.03623936
vn 0.7249302 0.6581305 -0.20332333
vn 0.21697927 -0.90987766 0.35361353
vn -0.9355736 0.32157734 -0.14591143
vn 0.701107 0.61721927 -0.3570564
vn 0.23476043 -0.78592837 0.57201767
vn -0.9409391 0.1934044 -0.2778996
vn 0.6707375 0.55493855 -0.4920919
vn 0.24352732 -0.5734795 0.7821865
vn -0.94971687 0.085639976 -0.30117044
vn 0.65126085 0.4552818 -0.607106
vn 0.25264558 -0.43276274 0.8653824
vn 0.6914105 0.3745538 -0.6177872
vn -0.9058563 0.41980594 0.056457322
vn 0.7333419 0.6792087 0.029754722
vn -0.86296344 0.46033937 0.20828281
vn 0.72458375 0.65851194 -0.20332332
vn -0.92056257 0.38891032 -0.036239803
vn 0.7007566 0.6175065 -0.35724777
vn -0.9354119 0.3219606 -0.14610296
vn 0.6703581 0.5552263 -0.49228418
vn -0.94074804 0.19378579 -0.27828097
vn 0.6509714 0.4554308 -0.60730475
vn 0.6911303 0.37474766 -0.61798316
vn 0.6509436 0.4554757 -0.60730094
vn -0.9407567 0.19373989 -0.27828354
vn -0.9495665 0.085973114 -0.30154958
vn 0.92374706 0 -0.38300312
vn 0.70739275 0 -0.7068206
vn 0.70739275 0 -0.7068206
vn 0.92374706 0 -0.38300312
vn 1 0 0.000381461
vn 1 0 0.000381461
vn 0.92407256 0 0.38221702
vn 0.92407256 0 0.38221702
vn 0.70739275 0 0.7068206
vn 0.70739275 0 0.7068206
vn -0.7066299 0 -0.7075834
vn -0.7066299 0 -0.7075834
vn -0.38323337 0 -0.9236516
vn -0.38323337 0 -0.9236516
vn 0.0005723006 0 -0.9999999
vn 0.0005723006 0 -0.9999999
vn 0.38228437 0 -0.92404467
vn 0.38228437 0 -0.92404467
vn 0.7066299 0.0001907233 -0.7075834
vn 0.7066299 0 -0.7075834
vn -0.70739275 0 0.7068206
vn -0.70739275 0 0.7068206
vn -0.92407256 0 0.38221702
vn -0.92407256 0 0.38221702
vn -1 0 0.000381461
vn -1 0 0.000381461
vn -0.92407256 0 -0.38221702
vn -0.92407256 0 -0.38221702
vn -0.70739275 0 -0.7068206
vn -0.70739275 0 -0.7068206
vn 0.7066299 0 0.7075834
vn 0.7066299 0 0.7075834
vn 0.38323337 0 0.9236516
vn 0.38323337 0 0.9236516
vn 0.0005723006 0 0.9999999
vn 0.0005723006 0 0.9999999
vn -0.38323337 0 0.9236516
vn -0.38323337 0 0.9236516
vn -0.7066299 0 0.7075834
vn -0.7066299 0 0.7075834
vn -0.70739275 0 0.7068206
vn -0.70739275 0 0.7068206
vn -0.92374706 0 0.38300312
vn -0.92374706 0 0.38300312
vn -1 0 -0.000381461
vn -1 0 -0.000381461
vn -0.92407256 0 -0.38221702
vn -0.92407256 0 -0.38221702
vn -0.70739275 0 -0.7068206
vn -0.70739275 0 -0.7068206
vn 0.38323337 0 0.9236516
vn 0.7066299 0 0.7075834
vn 0.7066299 0 0.7075834
vn 0.38323337 0 0.9236516
vn 0.0005723006 0 0.9999999
vn 0.0005723006 0 0.9999999
vn -0.38323337 0 0.9236516
vn -0.38323337 0 0.9236516
vn -0.7066299 0 0.7075834
vn -0.7066299 0 0.7075834
vn 0.70739275 0 -0.7068206
vn 0.92407256 0 -0.38221702
vn 0.70739275 0 -0.7068206
vn 0.92407256 0 -0.38221702
vn 1 0 -0.000381461
vn 1 0 -0.000381461
vn 0.92407256 0 0.38221702
vn 0.92407256 0 0.38221702
vn 0.70739275 0 0.7068206
vn 0.70739275 0 0.7068206
vn -0.7066299 0 -0.7075834
vn -0.7066299 0 -0.7075834
vn -0.38323337 0 -0.9236516
vn -0.38323337 0 -0.9236516
vn -0.0005723006 0 -0.9999999
vn -0.0005723006 0 -0.9999999
vn 0.3823658 0 -0.924011
vn 0.3823658 0 -0.924011
vn 0.7066299 0 -0.7075834
vn 0.7066299 0 -0.7075834
vn 0.82159436 -0.45681223 0.3410356
vn 0.6293463 -0.45682204 0.6286787
vn 0.6293463 -0.45682204 0.6286787
vn 0.82159436 -0.45681223 0.3410356
vn 0.8895691 -0.4568006 0.00038146187
vn 0.8895691 -0.4568006 0.00038146187
vn 0.82159436 -0.45681223 -0.3410356
vn 0.82159436 -0.45681223 -0.3410356
vn 0.6293463 -0.45682204 -0.6286787
vn 0.6293463 -0.45682204 -0.6286787
vn 0.6285833 -0.45682204 -0.6294416
vn 0.3398904 -0.45681116 -0.82206935
vn 0.62864095 -0.45679462 -0.6294039
vn 0.3398904 -0.45681116 -0.82206935
vn 0.0005721927 -0.45680055 -0.889569
vn 0.0005721927 -0.45680055 -0.889569
vn -0.3398904 -0.45681116 -0.82206935
vn -0.3398904 -0.45681116 -0.82206935
vn -0.62864095 -0.45679462 -0.6294039
vn -0.62864095 -0.45679462 -0.6294039
vn -0.6294039 -0.45679462 -0.62864095
vn -0.6294039 -0.45679462 -0.62864095
vn -0.8216254 -0.45677647 -0.34100884
vn -0.8216254 -0.45677647 -0.34100884
vn -0.8895691 -0.4568006 0.00038146187
vn -0.8895691 -0.4568006 0.00038146187
vn -0.82206935 -0.45681116 0.3398904
vn -0.82206935 -0.45681116 0.3398904
vn -0.6294039 -0.45679462 0.62864095
vn -0.6294039 -0.45679462 0.62864095
vn -0.34084028 -0.45680615 0.8216788
vn -0.62864095 -0.45679462 0.6294039
vn -0.62864095 -0.45679462 0.6294039
vn -0.34084028 -0.45680615 0.8216788
vn -0.0005721927 -0.45680055 0.889569
vn -0.0005721927 -0.45680055 0.889569
vn 0.3409246 -0.45679125 0.8216521
vn 0.3409246 -0.45679125 0.8216521
vn 0.6285833 -0.45682204 0.6294416
vn 0.62864095 -0.45679462 0.6294039
vn -0 -1 0
vn -0 -1 0
vn -0 -1 0
vn -0 -1 0
vn -0 -1 0
vn -0 -1 0
vn -0 -1 0
vn -0 -1 0
vn -0 -1 0
vn -0 -1 0
vn -0 -1 0
vn -0 -1 0
vn -0 -1 0
vn -0 -1 0
vn -0 -1 0
vn -0 -1 0
vn -0 -1 0
vn -0 -1 0
vn -0 -1 0
vn -0 -1 0
vn -0 -1 0
vn -0 -1 0
vn -0 -1 0
vn -0 -1 0
vn -0 -1 0
vn -0 -1 0
vn -0 -1 0
vn -0 -1 0
vn -0 -1 0
vn -0 -1 0
vn -0 -1 0
vn -0 -1 0
vn -0 -1 0
vn -0 -1 0
vn -0 -1 0
vn -0 -1 0
vn -0 -1 0
vn -0 -1 0
vn -0 -1 0
vn -0 -1 0
vn -0 -1 0
vn -0 -1 0
vn -0 -1 0
vn -0 -1 0
vn -0 -1 0
vn -0 -1 0
vn -0 -1 0
vn -0 -1 0
vn 0.27371857 0.870177 -0.4097195
vn 0.27371857 0.870177 -0.4097195
vn 0.32330582 0.86996925 -0.37232623
vn 0.22032163 0.87003195 -0.44102475
vn 0.18919076 0.86833215 -0.4584824
vn 0.35019872 0.8684393 -0.35096166
vn -0.00057218346 0.86838377 -0.49589235
vn 0.46750805 0.8699731 -0.15678972
vn 0.45793086 0.86837125 -0.19034363
vn -0.034717444 0.87003446 -0.4917669
vn 0.49191153 0.8699529 -0.034714192
vn 0.49589247 0.86838394 -0.00038145573
vn 0.4831828 0.87022495 -0.096140586
vn 0.4831828 0.87022495 -0.096140586
vn 0.4583318 0.868408 0.1892073
vn 0.4413875 0.86999506 0.21974002
vn 0.37234923 0.87002295 0.32313502
vn 0.35096166 0.8684393 0.35019872
vn 0.40969807 0.8701316 0.273895
vn 0.40969807 0.8701316 0.273895
vn 0.1901764 0.8684786 0.45779678
vn 0.15658969 0.8699215 0.46767107
vn 0.034717444 0.87003446 0.4917669
vn 0.00019072786 0.86838394 0.49589247
vn 0.096131735 0.8701448 0.483329
vn 0.096131735 0.8701448 0.483329
vn -0.19005127 0.8683426 0.4581065
vn -0.22032163 0.87003195 0.44102475
vn -0.32330582 0.86996925 0.37232623
vn -0.35036597 0.86838126 0.35093814
vn -0.45793086 0.86837125 0.19034363
vn -0.27371857 0.870177 0.4097195
vn -0.27371857 0.870177 0.4097195
vn -0.46750805 0.8699731 0.15678972
vn -0.491918 0.86996436 0.03433317
vn -0.49589247 0.86838394 -0.00038145573
vn -0.4832558 0.87018484 0.09613615
vn -0.4832558 0.87018484 0.09613615
vn -0.4583318 0.868408 -0.1892073
vn -0.4413875 0.86999506 -0.21974002
vn -0.35096166 0.8684393 -0.35019872
vn -0.37234923 0.87002295 -0.32313502
vn -0.40969807 0.8701316 -0.273895
vn -0.40969807 0.8701316 -0.273895
vn -0.15668271 0.8699085 -0.46766403
vn -0.19026835 0.86846286 -0.4577885
vn -0.096131735 0.8701448 -0.483329
vn -0.096131735 0.8701448 -0.483329
vn -0.19512565 0 -0.9807782
vn -0.19512565 0 -0.9807782
vn -0.19512565 0 -0.9807782
vn -0.19512565 0 -0.9807782
vn 0.83158046 0 -0.55540425
vn 0.83158046 0 -0.55540425
vn 0.83158046 0 -0.55540425
vn 0.83158046 0 -0.55540425
vn -0.8315511 0 -0.5554483
vn -0.8315511 0 -0.5554483
vn -0.8315511 0 -0.5554483
vn -0.8315511 0 -0.5554483
vn -0.55553603 0 0.8314924
vn -0.55553603 0 0.8314924
vn -0.55553603 0 0.8314924
vn -0.55553603 0 0.8314924
vn 0.9808147 0 -0.19494216
vn 0.9808147 0 -0.19494216
vn 0.9808147 0 -0.19494216
vn 0.9808147 0 -0.19494216
vn -0.8315511 0 0.5554483
vn -0.8315511 0 0.5554483
vn -0.8315511 0 0.5554483
vn -0.8315511 0 0.5554483
vn 0.8315511 0 0.5554483
vn 0.8315511 0 0.5554483
vn 0.8315511 0 0.5554483
vn 0.8315511 0 0.5554483
vn -0.9808184 0 0.19492395
vn -0.9808184 0 0.19492395
vn -0.9808184 0 0.19492395
vn -0.9808184 0 0.19492395
vn -0.9808184 0 0.19492395
vn -0.9808184 0 0.19492395
vn -0.9808184 0 0.19492395
vn -0.9808184 0 0.19492395
vn -0.8315511 0 -0.5554483
vn -0.8315511 0 -0.5554483
vn -0.8315511 0 -0.5554483
vn -0.8315511 0 -0.5554483
vn 0.19512565 0 0.9807782
vn 0.19512565 0 0.9807782
vn 0.19512565 0 0.9807782
vn 0.19512565 0 0.9807782
vn 0.83158046 0 0.55540425
vn 0.83158046 0 0.55540425
vn 0.83158046 0 0.55540425
vn 0.83158046 0 0.55540425
vn -0.55547017 0 0.8315365
vn -0.55547017 0 0.8315365
vn -0.55547017 0 0.8315365
vn -0.55547017 0 0.8315365
vn -0.19512565 0 -0.9807782
vn -0.19512565 0 -0.9807782
vn -0.19512565 0 -0.9807782
vn -0.19512565 0 -0.9807782
vn 0.19512565 0 -0.9807782
vn 0.19512565 0 -0.9807782
vn 0.19512565 0 -0.9807782
vn 0.19512565 0 -0.9807782
vn -0.9808147 0 0.19494216
vn -0.9808147 0 0.19494216
vn -0.9808147 0 0.19494216
vn -0.9808147 0 0.19494216
vn 0.19512565 0 0.9807782
vn 0.19512565 0 0.9807782
vn 0.19512565 0 0.9807782
vn 0.19512565 0 0.9807782
vn -0.19512565 0 -0.9807782
vn -0.19512565 0 -0.9807782
vn -0.19512565 0 -0.9807782
vn -0.19512565 0 -0.9807782
vn -0.55547017 0 -0.8315365
vn -0.55547017 0 -0.8315365
vn -0.55547017 0 -0.8315365
vn -0.55547017 0 -0.8315365
vn 0.55553603 0 -0.8314924
vn 0.55553603 0 -0.8314924
vn 0.55553603 0 -0.8314924
vn 0.55553603 0 -0.8314924
vn -0.9808184 0 -0.19492395
vn -0.9808184 0 -0.19492395
vn -0.9808184 0 -0.19492395
vn -0.9808184 0 -0.19492395
vn 0.9808147 0 -0.19494216
vn 0.9808147 0 -0.19494216
vn 0.9808147 0 -0.19494216
vn 0.9808147 0 -0.19494216
vn -0.55547017 0 0.8315365
vn -0.55547017 0 0.8315365
vn -0.55547017 0 0.8315365
vn -0.55547017 0 0.8315365
vn 0.19512565 0 0.9807782
vn 0.19512565 0 0.9807782
vn 0.19512565 0 0.9807782
vn 0.19512565 0 0.9807782
vn 0.9808147 0 -0.19494216
vn 0.9808147 0 -0.19494216
vn 0.9808147 0 -0.19494216
vn 0.9808147 0 -0.19494216
vn 0.9808147 0 0.19494216
vn 0.9808147 0 0.19494216
vn 0.9808147 0 0.19494216
vn 0.9808147 0 0.19494216
vn 0.55547017 0 -0.8315365
vn 0.55547017 0 -0.8315365
vn 0.55547017 0 -0.8315365
vn 0.55547017 0 -0.8315365
vn 0.55553603 0 0.8314924
vn 0.55553603 0 0.8314924
vn 0.55553603 0 0.8314924
vn 0.55553603 0 0.8314924
vn -0.83158046 0 -0.55540425
vn -0.83158046 0 -0.55540425
vn -0.83158046 0 -0.55540425
vn -0.83158046 0 -0.55540425
vn -0.19512565 0 0.9807782
vn -0.19512565 0 0.9807782
vn -0.19512565 0 0.9807782
vn -0.19512565 0 0.9807782
vn 0.55553603 0 -0.8314924
vn 0.55553603 0 -0.8314924
vn 0.55553603 0 -0.8314924
vn 0.55553603 0 -0.8314924
vn 0.83158046 0 0.55540425
vn 0.83158046 0 0.55540425
vn 0.83158046 0 0.55540425
vn 0.83158046 0 0.55540425
vn 0.70658207 -0.7076311 0
vn 0.70658207 -0.7076311 0
vn 0.3821763 -0.9240895 0
vn 0.3821763 -0.9240895 0
vn 0.0005214513 -0.9999999 0
vn 0.0005214513 -0.9999999 0
vn -0.38321996 -0.9236571 0
vn -0.38321996 -0.9236571 0
vn -0.70658207 -0.7076311 0
vn -0.70658207 -0.7076311 0
vn -0.7067252 0.7074881 0
vn -0.7067252 0.7074881 0
vn -0.3831624 0.92368096 0
vn -0.3831624 0.92368096 0
vn 0.0005214215 0.9999999 0
vn 0.0005214066 0.9999999 0
vn 0.3831624 0.92368096 0
vn 0.3831624 0.92368096 0
vn 0.7067252 0.7074881 0
vn 0.7067252 0.7074881 0
vn 0.7067252 -0.7074881 0
vn 0.7067252 -0.7074881 0
vn 0.3822135 -0.924074 0
vn 0.3822135 -0.924074 0
vn 0.0005211831 -0.9999999 0
vn 0.0005211831 -0.9999999 0
vn -0.3831624 -0.92368096 0
vn -0.3831624 -0.92368096 0
vn -0.7067252 -0.7074881 0
vn -0.7067252 -0.7074881 0
vn -0.7074881 0.7067252 0
vn -0.92368096 0.3831624 0
vn -0.7074881 0.7067252 0
vn -0.92368096 0.3831624 0
vn -0.9999999 0.0005217339 0
vn -0.9999999 0.0005217339 0
vn -0.924074 -0.3822135 0
vn -0.924074 -0.3822135 0
vn -0.7074881 -0.7067252 0
vn -0.7074881 -0.7067252 0
vn 0.7074881 -0.7067252 0
vn 0.92368096 -0.3831624 0
vn 0.7074881 -0.7067252 0
vn 0.92368096 -0.3831624 0
vn 0.9999999 0.0005217339 0
vn 0.9999999 0.0005217339 0
vn 0.924074 0.3822135 0
vn 0.924074 0.3822135 0
vn 0.7074881 0.7067252 0
vn 0.7074881 0.7067252 0
vn 0.99164164 0.1289382 0.0046730563
vn 0.99164164 0.1289382 0.0046730563
vn 0.9916414 0.12893817 0.0047207396
vn 0.9916414 0.12893817 0.0047207396
vn -0.13056262 0.7404588 -0.6592983
vn -0.1673954 0.9492416 -0.26630652
vn -0.1673954 0.9492416 -0.26630652
vn -0.13065635 0.74044955 -0.6592901
vn -0.02202944 0.12511961 -0.99189705
vn -0.13056262 0.7404588 -0.6592983
vn -0.13056262 0.7404588 -0.6592983
vn -0.02212476 0.12511933 -0.991895
vn 0.024319215 -0.1377135 -0.99017346
vn 0.024319215 -0.1377135 -0.99017346
vn 0.9882917 0.11291493 0.102615245
vn 0.99418086 0.0873544 0.06303631
vn 0.99418086 0.0873544 0.06303631
vn 0.98683304 0.16135693 -0.011157659
vn 0.98467886 0.17128167 0.032711368
vn 0.9757264 0.17776893 -0.12789065
vn 0.9757264 0.17776893 -0.12789065
vn 0.96616256 0.25749075 -0.015115662
vn 0.96616256 0.25749075 -0.015115662
vn 0.9661618 0.25749055 -0.015163331
vn 0.96616256 0.25749075 -0.015115662
vn 0.9661618 0.25749055 -0.015163331
vn 0.9661618 0.25749055 -0.015163331
vn 0.9661618 0.25749055 -0.015163331
vn 0.995961 0.08850443 0.015116328
vn 0.9959604 0.08850438 0.015164006
vn 0.995961 0.08850443 0.015116328
vn 0.995961 0.08850443 0.015116328
vn 0.995961 0.08850443 0.015116328
vn 0.995961 0.08850443 0.015116328
vn 0.9959604 0.08850438 0.015164006
vn 0.98400384 0.17814684 0.00028610308
vn 0.98400384 0.17814684 0.00023841922
vn 0.98400384 0.17814684 0.00028610308
vn 0.98400384 0.17814684 0.00023841922
vn -0.024985889 0.43563187 -0.8997781
vn -0.024985889 0.43563187 -0.8997781
vn 0.018024098 -0.031661373 -0.99933606
vn 0.018024098 -0.031661373 -0.99933606
vn 0.05693313 -0.4920854 -0.8686832
vn 0.05693313 -0.4920854 -0.8686832
vn -0.08182661 0.826277 0.55728877
vn -0.08965294 0.9873269 0.13095053
vn -0.08965294 0.9873269 0.13095053
vn -0.0819235 0.82629246 0.5572515
vn -0.05703252 0.49364603 0.86779076
vn -0.05703252 0.49364603 0.86779076
vn -0.08173187 0.82628345 0.5572932
vn -0.08192132 0.8262705 0.5572844
vn 0.055693775 -0.7415664 0.6685637
vn 0.055692 -0.74154276 0.6685901
vn 0.055692 -0.74154276 0.6685901
vn 0.055693775 -0.7415664 0.6685637
vn -0.041866206 0.30898976 0.9501435
vn -0.041866206 0.30898976 0.9501435
vn -0.041866206 0.30898976 0.9501435
vn -0.041866206 0.30898976 0.9501435
vn 0.08593639 -0.9885069 0.124374084
vn 0.085935876 -0.9885011 0.124421045
vn 0.085935876 -0.9885011 0.124421045
vn 0.08593639 -0.9885069 0.124374084
vn -0.995961 -0.08850443 -0.015116328
vn -0.9959604 -0.08850438 -0.015164006
vn -0.995961 -0.08850443 -0.015116328
vn -0.995961 -0.08850443 -0.015116328
vn -0.995961 -0.08850443 -0.015116328
vn -0.995961 -0.08850443 -0.015116328
vn -0.9959604 -0.08850438 -0.015164006
vn -0.2571644 0.9573343 -0.13182418
vn -0.23515901 0.90249187 0.36084417
vn -0.23488873 0.9025526 0.36086842
vn -0.2571644 0.9573343 -0.13182418
vn -0.1547779 0.6255964 0.764639
vn -0.23488873 0.9025526 0.36086842
vn -0.23488873 0.9025526 0.36086842
vn -0.1547779 0.6255964 0.764639
vn 0.25033075 -0.95020795 -0.18557855
vn 0.25428113 -0.9408212 0.2240459
vn 0.25428113 -0.9408212 0.2240459
vn 0.2502414 -0.9502306 -0.18558298
vn 0.2042674 -0.79952276 -0.56483454
vn 0.2042674 -0.79952276 -0.56483454
vn 0.23764685 -0.8659042 0.44015208
vn 0.23764183 -0.86588603 0.44019052
vn 0.23764183 -0.86588603 0.44019052
vn 0.23764685 -0.8659042 0.44015208
vn 0.1641288 -0.65880406 -0.73419267
vn 0.1641288 -0.65880406 -0.73419267
vn 0.05197447 -0.25176626 -0.96639144
vn 0.052069582 -0.251765 -0.9663866
vn -0.072098784 0.21324454 -0.97433496
vn -0.072098784 0.21324454 -0.97433496
vn -0.9661618 -0.25749055 0.015163331
vn -0.96616256 -0.25749075 0.015115662
vn -0.96616256 -0.25749075 0.015115662
vn -0.96616256 -0.25749075 0.015115662
vn -0.9661618 -0.25749055 0.015163331
vn -0.9661618 -0.25749055 0.015163331
vn -0.9661618 -0.25749055 0.015163331
vn -0.15142882 0.8589867 0.48909223
vn -0.17363772 0.9848053 -0.002908265
vn -0.15142882 0.8589867 0.48909223
vn -0.17363772 0.9848053 -0.002908265
vn -0.15142882 0.8589867 0.48909223
vn -0.15142882 0.8589867 0.48909223
vn -0.09012229 0.5107884 0.85496974
vn -0.09012229 0.5107884 0.85496974
vn -0.061131973 0.34676418 0.93595815
vn -0.061131973 0.34676418 0.93595815
vn -0.061131973 0.34676418 0.93595815
vn -0.061131973 0.34676418 0.93595815
vn 0.99555796 0.08087299 -0.048209075
vn 0.99555796 0.08087299 -0.048209075
vn 0.99101347 0.13198255 -0.021742791
vn 0.9909219 0.13274597 -0.021266054
vn 0.98482287 0.17356229 0
vn 0.98482287 0.17356229 0
vn 0.98482287 0.17356229 0
vn 0.98482287 0.17356229 0
vn 0.98482287 0.17356229 0
vn -0.01602209 0.09117332 -0.99570614
vn -0.01602209 0.09117332 -0.99570614
vn -0.01602209 0.09117332 -0.99570614
vn -0.01602209 0.09117332 -0.99570614
vn 0.15240622 -0.86408025 -0.47972667
vn 0.15240622 -0.86408025 -0.47972667
vn 0.17350644 -0.98399806 -0.04053889
vn 0.17350644 -0.98399806 -0.04053889
vn 0.17252505 -0.9785003 -0.11301393
vn 0.17252505 -0.9785003 -0.11301393
vn 0.08620869 -0.4890245 -0.86799943
vn 0.08620869 -0.4890245 -0.86799943
vn 0.08620869 -0.4890245 -0.86799943
vn 0.08620869 -0.4890245 -0.86799943
vn -0.003433134 0.019454427 -0.9998049
vn -0.003433134 0.019454427 -0.9998049
vn -0.97597855 -0.21781659 0.004672948
vn -0.9759783 -0.21781652 0.0047206297
vn -0.9759783 -0.21781652 0.0047206297
vn -0.97597855 -0.21781659 0.004672948
vn -0.9641165 -0.25788614 0.06304096
vn -0.9641165 -0.25788614 0.06304096
vn -0.9673044 -0.2319318 0.10261457
vn -0.9825302 -0.1857681 -0.01115753
vn -0.98387307 -0.17585169 0.03270994
vn -0.97767967 -0.1666976 -0.12788416
vn -0.97767967 -0.1666976 -0.12788416
vn -0.9959604 -0.08850438 -0.015164006
vn -0.995961 -0.08850443 -0.015116328
vn -0.995961 -0.08850443 -0.015116328
vn -0.9959615 -0.08850024 -0.015115612
vn -0.9959608 -0.08850018 -0.015163285
vn -0.9959604 -0.08850438 -0.015164006
vn -0.9959604 -0.08850438 -0.015164006
vn -0.96616256 -0.25749075 0.015115662
vn -0.9661618 -0.25749055 0.015163331
vn -0.96616256 -0.25749075 0.015115662
vn -0.96616256 -0.25749075 0.015115662
vn -0.96616256 -0.25749075 0.015115662
vn -0.96616256 -0.25749075 0.015115662
vn -0.9661618 -0.25749055 0.015163331
vn -0.9856177 -0.16899027 0.00028610096
vn -0.9856177 -0.16899027 0.00028610096
vn -0.9856177 -0.16899027 0.00023841743
vn -0.9856177 -0.16899027 0.00023841743
vn -0.0060082525 -0.036240254 -0.99932504
vn -0.12550326 0.41808987 -0.89969426
vn -0.12550326 0.41808987 -0.89969426
vn -0.0060082525 -0.036240254 -0.99932504
vn 0.11482023 -0.48178717 -0.8687332
vn 0.11482023 -0.48178717 -0.8687332
vn -0.2533494 0.9584752 0.13091786
vn -0.20579664 0.8044951 0.5571672
vn -0.20569985 0.8044895 0.5572111
vn -0.2533494 0.9584752 0.13091786
vn -0.11520244 0.48331624 0.8678329
vn -0.11520244 0.48331624 0.8678329
vn -0.20569985 0.8044895 0.5572111
vn -0.20569985 0.8044895 0.5572111
vn 0.20121512 -0.71598256 0.66849196
vn 0.20121512 -0.71598256 0.66849196
vn 0.20122156 -0.7160054 0.6684656
vn 0.20122156 -0.7160054 0.6684656
vn -0.06627806 0.30478373 0.9501127
vn -0.06627806 0.30478373 0.9501127
vn -0.066281065 0.3047975 0.950108
vn -0.066281065 0.3047975 0.950108
vn 0.25740117 -0.95826864 0.124361284
vn 0.25740117 -0.95826864 0.124361284
vn 0.25739968 -0.95826304 0.12440827
vn 0.25739968 -0.95826304 0.12440827
vn 0.96616256 0.25749075 -0.015115662
vn 0.96616256 0.25749075 -0.015115662
vn 0.9661618 0.25749055 -0.015163331
vn 0.96616256 0.25749075 -0.015115662
vn 0.96616256 0.25749075 -0.015115662
vn 0.96616256 0.25749075 -0.015115662
vn 0.9661618 0.25749055 -0.015163331
vn -0.087928884 0.9284985 0.36077544
vn -0.087928884 0.9284985 0.36077544
vn -0.0856821 0.98756135 -0.13183697
vn -0.08572944 0.9875574 -0.13183644
vn -0.08792585 0.92846656 0.36085844
vn -0.08792585 0.92846656 0.36085844
vn -0.06856528 0.64083266 0.76461256
vn -0.06856528 0.64083266 0.76461256
vn 0.082860865 -0.9710645 0.2239818
vn 0.089745305 -0.9785195 -0.18559445
vn 0.082860865 -0.9710645 0.2239818
vn 0.089745305 -0.9785195 -0.18559445
vn 0.08153304 -0.82124275 -0.5647236
vn 0.08153304 -0.82124275 -0.5647236
vn 0.072766036 -0.89493644 0.4402202
vn 0.072766036 -0.89493644 0.4402202
vn 0.072766036 -0.89493644 0.4402202
vn 0.072766036 -0.89493644 0.4402202
vn 0.07114454 -0.6752056 -0.7341907
vn 0.07114454 -0.6752056 -0.7341907
vn 0.037289064 -0.25444302 -0.9663686
vn 0.037289064 -0.25444302 -0.9663686
vn -0.005149883 0.22506896 -0.9743292
vn -0.005197566 0.22506891 -0.974329
vn 0.9959604 0.08850438 0.015164006
vn 0.9959604 0.08850438 0.015164006
vn 0.9959604 0.08850438 0.015164006
vn 0.9959604 0.08850438 0.015164006
vn 0.995961 0.08850443 0.015116328
vn 0.995961 0.08850443 0.015116328
vn 0.995961 0.08850443 0.015116328
vn 0.14677785 -0.8324088 0.53437054
vn 0.14677785 -0.8324088 0.53437054
vn 0.14677785 -0.8324088 0.53437054
vn 0.14677785 -0.8324088 0.53437054
vn 0.14382261 -0.81563056 0.5604122
vn 0.106236376 -0.6027055 0.79086024
vn 0.14382261 -0.81563056 0.5604122
vn 0.106236376 -0.6027055 0.79086024
vn 0.10614283 -0.6019528 0.79144585
vn 0.10614283 -0.6019528 0.79144585
vn 0.054072287 -0.30669573 0.9502704
vn 0.054072287 -0.30669573 0.9502704
vn 0.15240273 -0.8640605 -0.47976336
vn 0.15240273 -0.8640605 -0.47976336
vn 0.15240273 -0.8640605 -0.47976336
vn 0.15240273 -0.8640605 -0.47976336
vn -0.04653948 0.263978 -0.9634053
vn -0.04653948 0.263978 -0.9634053
vn -0.04653948 0.263978 -0.9634053
vn -0.04653948 0.263978 -0.9634053
vn -0.04653948 0.263978 -0.9634053
vn -0.04653948 0.263978 -0.9634053
vn -0.9631142 -0.2647396 -0.048208162
vn -0.9631142 -0.2647396 -0.048208162
vn -0.9764251 -0.21475819 -0.021742838
vn -0.9765994 -0.21401258 -0.02126774
vn -0.98482287 -0.17356229 0
vn -0.98482287 -0.17356229 0
vn -0.98482287 -0.17356229 0
vn -0.98482287 -0.17356229 0
vn -0.98482287 -0.17356229 0
vn -0.14239335 0.8076269 0.57224387
vn -0.14239335 0.8076269 0.57224387
vn -0.14238945 0.8076048 0.57227594
vn -0.14238945 0.8076048 0.57227594
vn -0.00038146027 0.0019073015 0.9999981
vn -0.00038146027 0.0019073015 0.9999981
vn -0.00038146027 0.0019073015 0.9999981
vn -0.00038146027 0.0019073015 0.9999981
vn -0.16413328 0.93081975 -0.32654986
vn -0.16413328 0.93081975 -0.32654986
vn -0.16413328 0.93081975 -0.32654986
vn -0.16413328 0.93081975 -0.32654986
vn -0.13083552 0.7419099 0.6576106
vn -0.13083552 0.7419099 0.6576106
vn -0.13083552 0.7419099 0.6576106
vn -0.13083552 0.7419099 0.6576106
vn 0.11520279 -0.6534516 0.7481506
vn 0.11291755 -0.6466056 0.7544208
vn 0.115016535 -0.6462289 0.75442654
vn 0.11520279 -0.6534516 0.7481506
vn 0.11757629 -0.6594953 0.7424566
vn 0.11510122 -0.6599009 0.7424839
vn -0.53641015 -0.025556961 0.8435705
vn 0.51284176 0.15944055 0.8435473
vn 0.11529945 -0.64659244 0.7540718
vn 0.112918116 -0.6469903 0.7540909
vn 0.9453823 -0.31814742 0.07095374
vn -0.77965236 -0.62219596 0.070812464
vn 0.987082 -0.005340734 0.16012664
vn 0.11557168 -0.6598646 0.74244314
vn 0.51240766 0.15945387 0.84380853
vn 0.11568559 -0.65310377 0.7483799
vn 0.11329823 -0.64660096 0.75436777
vn 0.9456029 -0.31739452 0.07138515
vn 0.98850495 -0.006103649 0.15106529
vn 0.9905335 0.017929934 0.13609582
vn 0.9905335 0.017929934 0.13609582
vn -0.9257477 -0.34256575 0.16012469
vn -0.53605723 -0.025176857 0.8438062
vn 0.117011994 -0.65953946 0.7425064
vn 0.11472407 -0.65344083 0.7482336
vn 0.11463185 -0.64621073 0.7545007
vn -0.7799204 -0.6218001 0.07133535
vn -0.9267037 -0.3440925 0.15106499
vn -0.93691725 -0.3219699 0.13609332
vn -0.93691725 -0.3219699 0.13609332
vn -0.17299825 0.98115003 -0.086117655
vn -0.11273751 0.6394181 -0.76054895
vn -0.11273751 0.6394181 -0.76054895
vn -0.18130006 0.9796498 -0.086119905
vn -0.17298254 0.98106086 -0.08715879
vn -0.17144907 0.9726254 -0.15685968
vn -0.17261249 0.9811255 -0.08716453
vn -0.17154162 0.97260946 -0.15685712
vn -0.06484811 0.3681084 -0.92751867
vn -0.17156976 0.9727691 -0.1558338
vn -0.1714772 0.972785 -0.15583634
vn -0.064943075 0.36810613 -0.92751294
vn -0.04281823 0.24298629 -0.9690842
vn -0.043008603 0.2429843 -0.9690763
vn -0.09861053 0.5592381 -0.8231213
vn -0.09861053 0.5592381 -0.8231213
vn 0.9062828 0.4226713 0.0005722085
vn 0.6412584 0.29898056 0.70668125
vn 0.6412584 0.29898056 0.70668125
vn 0.90637296 0.42247814 0.0005722052
vn 0.6412584 0.29898056 -0.70668125
vn 0.6412584 0.29898056 -0.70668125
vn 0.640546 0.29869574 0.7074473
vn 0.640546 0.29869574 0.7074473
vn 0.0004768262 0.00019073047 0.9999999
vn 0.0004768262 0.00019073047 0.9999999
vn -0.640546 -0.29869574 0.7074473
vn -0.6406387 -0.29850376 0.7074444
vn -0.9062828 -0.4226713 0.0005722085
vn -0.6411657 -0.2991725 0.7066842
vn -0.6412584 -0.29898056 0.70668125
vn -0.90632796 -0.42257476 0.00057220686
vn -0.6412584 -0.29898056 -0.70668125
vn -0.6412584 -0.29898056 -0.70668125
vn -0.6406387 -0.29850376 -0.7074444
vn -0.640546 -0.29869574 -0.7074473
vn -0.0004768262 -0.00019073047 -0.9999999
vn -0.0004768262 -0.00019073047 -0.9999999
vn 0.640546 0.29869574 -0.7074473
vn 0.640546 0.29869574 -0.7074473
vn 0.13560407 -0.76937664 0.62423646
vn 0.13560407 -0.76937664 0.62423646
vn 0.14439693 -0.81182736 0.5657613
vn 0.14210285 -0.8121798 0.56583637
vn 0.055694856 -0.31204376 -0.9484338
vn 0.16173846 -0.86438525 -0.47610804
vn -0.14933787 0.83308786 -0.5326002
vn -0.11701889 0.65614504 -0.7455067
vn -0.12388224 0.69198585 -0.7112023
vn -0.12254323 0.6923454 -0.7110845
vn 0.98666126 0.16250442 -0.009584327
vn 0.9863355 0.16442105 -0.010395529
vn 0.98750246 0.15754265 -0.004386781
vn 0.9862621 0.16517171 -0.0022887536
vn 0.9862621 0.16517171 -0.0022887536
vn -0.9818518 -0.18959899 -0.0043870993
vn -0.98186296 -0.18958274 -0.0018595891
vn -0.98276156 -0.18463138 -0.009536744
vn -0.983304 -0.1819556 -0.0022887494
vn -0.983304 -0.1819556 -0.0022887494
vn 0.42274964 -0.9062463 -0.00057218544
vn -0.13622631 -0.8618926 0.4884503
vn 0.3053081 -0.6560095 0.6902453
vn -0.3197947 -0.94748676 0.00057221146
vn -0.1368986 -0.8622085 -0.48770425
vn 0.3053081 -0.6560095 -0.6902453
vn 0.7484786 -0.44936368 0.4877008
vn 0.93139386 -0.36401272 0.0005721971
vn 0.7484786 -0.44936368 -0.4877008
vn 0.11163013 -0.63306344 0.7660087
vn 0.11163013 -0.63306344 0.7660087
vn 0.038908307 -0.22048043 0.97461504
vn 0.0388607 -0.22048083 0.9746168
vn -0.042392734 0.24043214 0.9697398
vn -0.042392734 0.24043214 0.9697398
vn -0.1736655 0.98477215 -0.00801093
vn -0.17364238 0.98477614 -0.008010962
vn -0.17364238 0.98477614 -0.008010962
vn -0.1736655 0.98477215 -0.00801093
vn -0.9848215 -0.17357044 0
vn -0.98480517 -0.17366293 0
vn -0.98480517 -0.17366293 0
vn -0.9848215 -0.17357044 0
vn 0.052450716 -0.2975386 -0.95326793
vn 0.052450716 -0.2975386 -0.95326793
vn 0.052474495 -0.29753825 -0.95326674
vn 0.052450716 -0.2975386 -0.95326793
vn 0.9848215 0.17357044 0
vn 0.9848215 0.17357044 0
vn 0.98480517 0.17366293 0
vn 0.98480517 0.17366293 0
vn -0.14024292 0.79529804 -0.5897738
vn -0.14024292 0.79529804 -0.5897738
vn -0.16575406 0.9397816 -0.29889137
vn -0.16569284 0.9398002 -0.29886696
vn -0.17359641 0.9844998 0.02498682
vn -0.17361955 0.98449576 0.02498672
vn 0.16593963 -0.94089675 0.29525807
vn 0.16589324 -0.9409042 0.29526043
vn 0.16589324 -0.9409042 0.29526043
vn 0.16593963 -0.94089675 0.29525807
vn -0.012159379 0.06895083 -0.9975459
vn -0.012159379 0.06895083 -0.9975459
vn -0.06609261 0.37462014 -0.92481965
vn -0.06609261 0.37462014 -0.92481965
vn -0.11339003 0.64314747 -0.75730044
vn -0.11339003 0.64314747 -0.75730044
vn 0.004315597 -0.02441531 0.99969256
vn 0.004315597 -0.02441531 0.99969256
vn 0.004291754 -0.024415314 0.9996927
vn 0.004291754 -0.024415314 0.9996927
vn 0.095884085 -0.5439312 -0.8336337
vn 0.09593132 -0.5439287 -0.83362985
vn 0.09593895 -0.5439719 -0.83360076
vn 0.09589171 -0.54397434 -0.8336046
vn 0.0041964413 -0.023843417 0.9997068
vn 0.004220285 -0.023843417 0.9997068
vn 0.0041964413 -0.023843417 0.9997068
vn 0.0041964413 -0.023843417 0.9997068
vn -0.98480517 -0.17366293 0
vn -0.98480517 -0.17366293 0
vn -0.98480517 -0.17366293 0
vn -0.98480517 -0.17366293 0
vn -0.98480517 -0.17366293 0
vn -0.9848215 -0.17357044 0
vn -0.9848215 -0.17357044 0
vn -0.9848215 -0.17357044 0
vn -0.9848215 -0.17357044 0
vn 0.13309117 -0.7548667 0.6422328
vn 0.13311458 -0.75486434 0.64223075
vn 0.13311458 -0.75486434 0.64223075
vn 0.13309117 -0.7548667 0.6422328
vn 0.98480517 0.17366293 0
vn 0.98480517 0.17366293 0
vn 0.98480517 0.17366293 0
vn 0.98480517 0.17366293 0
vn 0.98480517 0.17366293 0
vn 0.98482287 0.17356229 0
vn 0.98482287 0.17356229 0
vn 0.98482287 0.17356229 0
vn 0.98482287 0.17356229 0
vn 0.0041964413 -0.023843417 0.9997068
vn 0.0041964413 -0.023843417 0.9997068
vn 0.0041964413 -0.023843417 0.9997068
vn 0.0041964413 -0.023843417 0.9997068
vn 0.98480517 0.17366293 0
vn 0.9848215 0.17357044 0
vn 0.9848215 0.17357044 0
vn 0.98480517 0.17366293 0
vn -0.98480517 -0.17366293 0
vn -0.98480517 -0.17366293 0
vn -0.9848215 -0.17357044 0
vn -0.9848215 -0.17357044 0
vn -0.14419602 0.8180644 0.5567568
vn -0.1442427 0.8180588 0.556753
vn -0.1442427 0.8180588 0.556753
vn -0.1442427 0.8180588 0.556753
vn -0.9848215 -0.17357044 0
vn -0.9848215 -0.17357044 0
vn -0.9848215 -0.17357044 0
vn -0.9848215 -0.17357044 0
vn 0.98482287 0.17356229 0
vn 0.9848215 0.17357044 0
vn 0.9848215 0.17357044 0
vn 0.98482287 0.17356229 0
vn 0.1442427 -0.8180588 -0.556753
vn 0.1442427 -0.8180588 -0.556753
vn 0.14419602 -0.8180644 -0.5567568
vn 0.1442427 -0.8180588 -0.556753
vn -0.062181473 0.35267958 -0.9336759
vn -0.062181473 0.35267958 -0.9336759
vn -0.16554387 0.939099 -0.3011449
vn -0.16559023 0.9390916 -0.3011425
vn -0.16981371 0.9764407 0.13314234
vn -0.17045845 0.9766912 0.13045436
vn -0.010681205 0.058746625 -0.9982158
vn -0.11044064 -0.0049593374 -0.9938704
vn -0.062085126 0.35248327 -0.9337564
vn -0.062180117 0.3524812 -0.9337508
vn -0.9830035 -0.18347873 -0.0062939688
vn -0.98296595 -0.18368025 -0.0062943394
vn -0.98296595 -0.18368025 -0.0062943394
vn -0.98296595 -0.18368025 -0.0062943394
vn 0.9864978 0.16365333 -0.00629436
vn 0.9864978 0.16365333 -0.00629436
vn 0.9864978 0.16365333 -0.00629436
vn 0.9864978 0.16365333 -0.00629436
vn -0.98394704 -0.1783359 -0.0066756764
vn -0.98394704 -0.1783359 -0.0066756764
vn -0.9839807 -0.17814265 -0.0068663126
vn -0.9822598 -0.18729691 -0.009250407
vn -0.98351824 -0.18043406 -0.011634755
vn 0.13590673 -0.7708056 0.62240505
vn 0.13590673 -0.7708056 0.62240505
vn 0.13589479 -0.7709288 0.6222551
vn 0.13589479 -0.7709288 0.6222551
vn 0.016593695 -0.09403095 0.99543095
vn 0.016593695 -0.09403095 0.99543095
vn 0.016593695 -0.09403095 0.99543095
vn 0.016593695 -0.09403095 0.99543095
vn -0.11191878 0.6346038 0.7646909
vn -0.11187168 0.6346072 0.7646949
vn -0.11187168 0.6346072 0.7646949
vn -0.11191878 0.6346038 0.7646909
vn 0.985691 0.16841432 -0.0070569986
vn 0.9870388 0.160215 -0.009250509
vn 0.98709816 0.15984315 -0.009346437
vn 0.9855945 0.1689863 -0.006866261
vn 0.9855945 0.1689863 -0.006866261
vn -0.13388714 0.75945675 -0.6366314
vn -0.13390653 0.759376 -0.6367237
vn -0.13390653 0.759376 -0.6367237
vn -0.13388714 0.75945675 -0.6366314
vn 0.16173665 -0.8639941 -0.47681794
vn 0.055504408 -0.310901 -0.94882023
vn -0.12254737 0.6923688 -0.7110608
vn -0.12388224 0.69198585 -0.7112023
vn -0.99164164 0.1289382 0.0046730563
vn -0.9916414 0.12893817 0.0047207396
vn -0.9916414 0.12893817 0.0047207396
vn -0.99164164 0.1289382 0.0046730563
vn 0.1673954 0.9492416 -0.26630652
vn 0.1673954 0.9492416 -0.26630652
vn 0.13056262 0.7404588 -0.6592983
vn 0.13065635 0.74044955 -0.6592901
vn 0.13056262 0.7404588 -0.6592983
vn 0.13056262 0.7404588 -0.6592983
vn 0.02202944 0.12511961 -0.99189705
vn 0.02212476 0.12511933 -0.991895
vn -0.024319215 -0.1377135 -0.99017346
vn -0.024319215 -0.1377135 -0.99017346
vn -0.99418086 0.0873544 0.06303631
vn -0.99418086 0.0873544 0.06303631
vn -0.9882917 0.11291493 0.102615245
vn -0.9868341 0.16135709 -0.011062307
vn -0.98467886 0.17128167 0.032711368
vn -0.9757264 0.17776893 -0.12789065
vn -0.9757264 0.17776893 -0.12789065
vn -0.9661618 0.25749055 -0.015163331
vn -0.96616256 0.25749075 -0.015115662
vn -0.96616256 0.25749075 -0.015115662
vn -0.96616256 0.25749075 -0.015115662
vn -0.9661618 0.25749055 -0.015163331
vn -0.9661618 0.25749055 -0.015163331
vn -0.9661618 0.25749055 -0.015163331
vn -0.995961 0.08850443 0.015116328
vn -0.9959604 0.08850438 0.015164006
vn -0.995961 0.08850443 0.015116328
vn -0.995961 0.08850443 0.015116328
vn -0.995961 0.08850443 0.015116328
vn -0.995961 0.08850443 0.015116328
vn -0.9959604 0.08850438 0.015164006
vn -0.98400384 0.17814684 0.00028610308
vn -0.98400384 0.17814684 0.00028610308
vn -0.98400384 0.17814684 0.00023841922
vn -0.98400384 0.17814684 0.00023841922
vn 0.024985889 0.43563187 -0.8997781
vn -0.018024098 -0.031661373 -0.99933606
vn 0.024985889 0.43563187 -0.8997781
vn -0.01783406 -0.03204409 -0.9993273
vn -0.05693313 -0.4920854 -0.8686832
vn -0.05693313 -0.4920854 -0.8686832
vn 0.08182661 0.826277 0.55728877
vn 0.0819235 0.82629246 0.5572515
vn 0.08965294 0.9873269 0.13095053
vn 0.08965294 0.9873269 0.13095053
vn 0.08192132 0.8262705 0.5572844
vn 0.08182661 0.826277 0.55728877
vn 0.05703252 0.49364603 0.86779076
vn 0.05703252 0.49364603 0.86779076
vn -0.055692 -0.74154276 0.6685901
vn -0.055692 -0.74154276 0.6685901
vn -0.055693775 -0.7415664 0.6685637
vn -0.055693775 -0.7415664 0.6685637
vn 0.041866206 0.30898976 0.9501435
vn 0.041866206 0.30898976 0.9501435
vn 0.041866206 0.30898976 0.9501435
vn 0.041866206 0.30898976 0.9501435
vn -0.08593639 -0.9885069 0.124374084
vn -0.08593639 -0.9885069 0.124374084
vn -0.085935876 -0.9885011 0.124421045
vn -0.085935876 -0.9885011 0.124421045
vn 0.995961 -0.08850443 -0.015116328
vn 0.9959604 -0.08850438 -0.015164006
vn 0.995961 -0.08850443 -0.015116328
vn 0.995961 -0.08850443 -0.015116328
vn 0.995961 -0.08850443 -0.015116328
vn 0.995961 -0.08850443 -0.015116328
vn 0.9959604 -0.08850438 -0.015164006
vn 0.23488873 0.9025526 0.36086842
vn 0.23488873 0.9025526 0.36086842
vn 0.2571644 0.9573343 -0.13182418
vn 0.2571644 0.9573343 -0.13182418
vn 0.23488873 0.9025526 0.36086842
vn 0.23488873 0.9025526 0.36086842
vn 0.1547779 0.6255964 0.764639
vn 0.1547779 0.6255964 0.764639
vn -0.25428113 -0.9408212 0.2240459
vn -0.25428113 -0.9408212 0.2240459
vn -0.25033075 -0.95020795 -0.18557855
vn -0.25033075 -0.95020795 -0.18557855
vn -0.2042674 -0.79952276 -0.56483454
vn -0.2042674 -0.79952276 -0.56483454
vn -0.23764183 -0.86588603 0.44019052
vn -0.23764183 -0.86588603 0.44019052
vn -0.23764685 -0.8659042 0.44015208
vn -0.23764685 -0.8659042 0.44015208
vn -0.1641288 -0.65880406 -0.73419267
vn -0.1641288 -0.65880406 -0.73419267
vn -0.05197447 -0.25176626 -0.96639144
vn -0.052167095 -0.25177538 -0.96637875
vn 0.072098784 0.21324454 -0.97433496
vn 0.072098784 0.21324454 -0.97433496
vn 0.96616256 -0.25749075 0.015115662
vn 0.96616256 -0.25749075 0.015115662
vn 0.9661618 -0.25749055 0.015163331
vn 0.96616256 -0.25749075 0.015115662
vn 0.9661618 -0.25749055 0.015163331
vn 0.9661618 -0.25749055 0.015163331
vn 0.9661618 -0.25749055 0.015163331
vn 0.15142882 0.8589867 0.48909223
vn 0.15142882 0.8589867 0.48909223
vn 0.17363772 0.9848053 -0.002908265
vn 0.17363772 0.9848053 -0.002908265
vn 0.15142882 0.8589867 0.48909223
vn 0.09012229 0.5107884 0.85496974
vn 0.15142882 0.8589867 0.48909223
vn 0.09012229 0.5107884 0.85496974
vn 0.061131973 0.34676418 0.93595815
vn 0.061131973 0.34676418 0.93595815
vn 0.061131973 0.34676418 0.93595815
vn 0.061131973 0.34676418 0.93595815
vn -0.99555796 0.08087299 -0.048209075
vn -0.99555796 0.08087299 -0.048209075
vn -0.99101347 0.13198255 -0.021742791
vn -0.9909219 0.13274597 -0.021266054
vn -0.98482287 0.17356229 0
vn -0.98482287 0.17356229 0
vn -0.98482287 0.17356229 0
vn -0.98482287 0.17356229 0
vn -0.98482287 0.17356229 0
vn 0.01602209 0.09117332 -0.99570614
vn 0.01602209 0.09117332 -0.99570614
vn 0.01602209 0.09117332 -0.99570614
vn 0.01602209 0.09117332 -0.99570614
vn -0.15240622 -0.86408025 -0.47972667
vn -0.17350644 -0.98399806 -0.04053889
vn -0.15240622 -0.86408025 -0.47972667
vn -0.17350644 -0.98399806 -0.04053889
vn -0.17252505 -0.9785003 -0.11301393
vn -0.1726176 -0.9784842 -0.11301206
vn -0.08620869 -0.4890245 -0.86799943
vn -0.08620869 -0.4890245 -0.86799943
vn -0.08620869 -0.4890245 -0.86799943
vn 0.003433134 0.019454427 -0.9998049
vn -0.08659446 -0.48904887 -0.8679473
vn 0.003433134 0.019454427 -0.9998049
vn 0.97597855 -0.21781659 0.004672948
vn 0.97597855 -0.21781659 0.004672948
vn 0.9759783 -0.21781652 0.0047206297
vn 0.9759783 -0.21781652 0.0047206297
vn 0.9673044 -0.2319318 0.10261457
vn 0.9641165 -0.25788614 0.06304096
vn 0.9641165 -0.25788614 0.06304096
vn 0.9824572 -0.1861538 -0.011157785
vn 0.98387307 -0.17585169 0.03270994
vn 0.97767967 -0.1666976 -0.12788416
vn 0.97767967 -0.1666976 -0.12788416
vn 0.995961 -0.08850443 -0.015116328
vn 0.995961 -0.08850443 -0.015116328
vn 0.9959604 -0.08850438 -0.015164006
vn 0.9959615 -0.08850024 -0.015115612
vn 0.9959608 -0.08850018 -0.015163285
vn 0.9959604 -0.08850438 -0.015164006
vn 0.9959604 -0.08850438 -0.015164006
vn 0.96616256 -0.25749075 0.015115662
vn 0.9661618 -0.25749055 0.015163331
vn 0.96616256 -0.25749075 0.015115662
vn 0.96616256 -0.25749075 0.015115662
vn 0.96616256 -0.25749075 0.015115662
vn 0.96616256 -0.25749075 0.015115662
vn 0.9661618 -0.25749055 0.015163331
vn 0.9856177 -0.16899027 0.00028610096
vn 0.9856177 -0.16899027 0.00023841743
vn 0.9856177 -0.16899027 0.00028610096
vn 0.9856177 -0.16899027 0.00023841743
vn 0.1255017 0.41770327 -0.89987403
vn 0.1255017 0.41770327 -0.89987403
vn 0.0060082525 -0.036240254 -0.99932504
vn 0.0060082525 -0.036240254 -0.99932504
vn -0.11482023 -0.48178717 -0.8687332
vn -0.11482023 -0.48178717 -0.8687332
vn 0.2533494 0.9584752 0.13091786
vn 0.20569985 0.8044895 0.5572111
vn 0.20569985 0.8044895 0.5572111
vn 0.2533494 0.9584752 0.13091786
vn 0.20569985 0.8044895 0.5572111
vn 0.20569985 0.8044895 0.5572111
vn 0.11520244 0.48331624 0.8678329
vn 0.11520244 0.48331624 0.8678329
vn -0.20123158 -0.7156596 0.6688327
vn -0.20123158 -0.7156596 0.6688327
vn -0.20123158 -0.7156596 0.6688327
vn -0.20123158 -0.7156596 0.6688327
vn 0.066281065 0.3047975 0.950108
vn 0.066281065 0.3047975 0.950108
vn 0.06627806 0.30478373 0.9501127
vn 0.06627806 0.30478373 0.9501127
vn -0.25740117 -0.95826864 0.124361284
vn -0.25740117 -0.95826864 0.124361284
vn -0.25739968 -0.95826304 0.12440827
vn -0.25739968 -0.95826304 0.12440827
vn -0.96616256 0.25749075 -0.015115662
vn -0.9661618 0.25749055 -0.015163331
vn -0.96616256 0.25749075 -0.015115662
vn -0.96616256 0.25749075 -0.015115662
vn -0.96616256 0.25749075 -0.015115662
vn -0.96616256 0.25749075 -0.015115662
vn -0.9661618 0.25749055 -0.015163331
vn 0.087928884 0.9284985 0.36077544
vn 0.08572944 0.9875574 -0.13183644
vn 0.0856821 0.98756135 -0.13183697
vn 0.08792585 0.92846656 0.36085844
vn 0.08792585 0.92846656 0.36085844
vn 0.06856528 0.64083266 0.76461256
vn 0.06856528 0.64083266 0.76461256
vn 0.08792585 0.92846656 0.36085844
vn -0.082860865 -0.9710645 0.2239818
vn -0.082860865 -0.9710645 0.2239818
vn -0.089745305 -0.9785195 -0.18559445
vn -0.089745305 -0.9785195 -0.18559445
vn -0.08153304 -0.82124275 -0.5647236
vn -0.08153304 -0.82124275 -0.5647236
vn -0.072766036 -0.89493644 0.4402202
vn -0.072766036 -0.89493644 0.4402202
vn -0.072766036 -0.89493644 0.4402202
vn -0.072766036 -0.89493644 0.4402202
vn -0.07114454 -0.6752056 -0.7341907
vn -0.07114454 -0.6752056 -0.7341907
vn -0.03747954 -0.25444123 -0.9663617
vn -0.037289064 -0.25444302 -0.9663686
vn 0.005149883 0.22506896 -0.9743292
vn 0.005197566 0.22506891 -0.974329
vn -0.9959604 0.08850438 0.015164006
vn -0.9959604 0.08850438 0.015164006
vn -0.9959604 0.08850438 0.015164006
vn -0.9959604 0.08850438 0.015164006
vn -0.995961 0.08850443 0.015116328
vn -0.995961 0.08850443 0.015116328
vn -0.995961 0.08850443 0.015116328
vn -0.14677785 -0.8324088 0.53437054
vn -0.14677785 -0.8324088 0.53437054
vn -0.14677785 -0.8324088 0.53437054
vn -0.14677785 -0.8324088 0.53437054
vn -0.14382261 -0.81563056 0.5604122
vn -0.14382261 -0.81563056 0.5604122
vn -0.106236376 -0.6027055 0.79086024
vn -0.106236376 -0.6027055 0.79086024
vn -0.10614283 -0.6019528 0.79144585
vn -0.10614283 -0.6019528 0.79144585
vn -0.054072287 -0.30669573 0.9502704
vn -0.054072287 -0.30669573 0.9502704
vn -0.15240273 -0.8640605 -0.47976336
vn -0.15240273 -0.8640605 -0.47976336
vn -0.15240273 -0.8640605 -0.47976336
vn -0.15240273 -0.8640605 -0.47976336
vn 0.04653948 0.263978 -0.9634053
vn 0.04653948 0.263978 -0.9634053
vn 0.04653948 0.263978 -0.9634053
vn 0.04653948 0.263978 -0.9634053
vn 0.04653948 0.263978 -0.9634053
vn 0.04653948 0.263978 -0.9634053
vn 0.9631142 -0.2647396 -0.048208162
vn 0.9631142 -0.2647396 -0.048208162
vn 0.9764251 -0.21475819 -0.021742838
vn 0.9765994 -0.21401258 -0.02126774
vn 0.98482287 -0.17356229 0
vn 0.98482287 -0.17356229 0
vn 0.98482287 -0.17356229 0
vn 0.98482287 -0.17356229 0
vn 0.98482287 -0.17356229 0
vn 0.14239335 0.8076269 0.57224387
vn 0.14238945 0.8076048 0.57227594
vn 0.14239335 0.8076269 0.57224387
vn 0.14238945 0.8076048 0.57227594
vn 0.00038146027 0.0019073015 0.9999981
vn 0.00038146027 0.0019073015 0.9999981
vn 0.00038146027 0.0019073015 0.9999981
vn 0.00038146027 0.0019073015 0.9999981
vn 0.16413328 0.93081975 -0.32654986
vn 0.16413328 0.93081975 -0.32654986
vn 0.16413328 0.93081975 -0.32654986
vn 0.16413328 0.93081975 -0.32654986
vn 0.13083552 0.7419099 0.6576106
vn 0.13083552 0.7419099 0.6576106
vn 0.13083552 0.7419099 0.6576106
vn 0.13083552 0.7419099 0.6576106
vn -0.11511065 -0.6462219 0.75441825
vn -0.11291755 -0.6466056 0.7544208
vn -0.1151087 -0.6534588 0.7481588
vn -0.11520279 -0.6534516 0.7481506
vn -0.117686994 -0.6595812 0.7423627
vn -0.11511753 -0.6599944 0.7423984
vn 0.53641015 -0.025556961 0.8435705
vn -0.51284176 0.15944055 0.8435473
vn -0.11529945 -0.64659244 0.7540718
vn -0.9453919 -0.31815064 0.070811406
vn -0.11281992 -0.646974 0.7541196
vn 0.77964705 -0.6221917 0.070907354
vn -0.987082 -0.005340734 0.16012664
vn -0.51240766 0.15945387 0.84380853
vn -0.11558804 -0.65995806 0.7423575
vn -0.11568559 -0.65310377 0.7483799
vn -0.11329415 -0.6465778 0.75438833
vn -0.94561625 -0.317367 0.07133128
vn -0.98850495 -0.006103649 0.15106529
vn -0.9905335 0.017929934 0.13609582
vn -0.9905335 0.017929934 0.13609582
vn 0.9257477 -0.34256575 0.16012469
vn -0.11710606 -0.6595321 0.7424982
vn 0.53605723 -0.025176857 0.8438062
vn -0.11472407 -0.65344083 0.7482336
vn -0.11473007 -0.64622694 0.75447184
vn 0.7799204 -0.6218001 0.07133535
vn 0.9267037 -0.3440925 0.15106499
vn 0.93691725 -0.3219699 0.13609332
vn 0.93691725 -0.3219699 0.13609332
vn 0.16468517 0.98258024 -0.086109266
vn 0.17299825 0.98115003 -0.086117655
vn 0.11273751 0.6394181 -0.76054895
vn 0.11273751 0.6394181 -0.76054895
vn 0.17144907 0.9726254 -0.15685968
vn 0.17335252 0.980996 -0.08715304
vn 0.17144907 0.9726254 -0.15685968
vn 0.17298254 0.98106086 -0.08715879
vn 0.1714772 0.972785 -0.15583634
vn 0.17156976 0.9727691 -0.1558338
vn 0.06484811 0.3681084 -0.92751867
vn 0.064943075 0.36810613 -0.92751294
vn 0.04262785 0.24298827 -0.96909213
vn 0.04281823 0.24298629 -0.9690842
vn 0.09861053 0.5592381 -0.8231213
vn 0.09861053 0.5592381 -0.8231213
vn -0.64130473 0.2988845 0.7066797
vn -0.6412584 0.29898056 0.70668125
vn -0.9062378 0.4227679 0.0005722101
vn -0.90632796 0.42257476 0.00057220686
vn -0.6412584 0.29898056 -0.70668125
vn -0.6412584 0.29898056 -0.70668125
vn -0.0004768262 0.00019073047 0.9999999
vn -0.640546 0.29869574 0.7074473
vn -0.640546 0.29869574 0.7074473
vn -0.0004768262 0.00019073047 0.9999999
vn 0.64051366 -0.29878718 0.70743793
vn 0.640546 -0.29869574 0.7074473
vn 0.6412584 -0.29898056 0.70668125
vn 0.6412584 -0.29898056 0.70668125
vn 0.9062828 -0.4226713 0.0005722085
vn 0.90632796 -0.42257476 0.00057220686
vn 0.6412584 -0.29898056 -0.70668125
vn 0.6411657 -0.2991725 -0.7066842
vn 0.0004768262 -0.00019073047 -0.9999999
vn 0.640546 -0.29869574 -0.7074473
vn 0.640546 -0.29869574 -0.7074473
vn 0.0004768262 -0.00019073047 -0.9999999
vn -0.640546 0.29869574 -0.7074473
vn -0.640546 0.29869574 -0.7074473
vn -0.14439693 -0.81182736 0.5657613
vn -0.13571383 -0.7694583 0.62411195
vn -0.13569766 -0.7693667 0.62422836
vn -0.14210285 -0.8121798 0.56583637
vn -0.05826818 -0.3116537 -0.9484076
vn -0.16173846 -0.86438525 -0.47610804
vn 0.12388553 0.69162273 -0.71155494
vn 0.115014054 0.65651476 -0.74549323
vn 0.14933787 0.83308786 -0.5326002
vn 0.12025612 0.69273627 -0.7110942
vn -0.9862621 0.16517171 -0.0022887536
vn -0.9862621 0.16517171 -0.0022887536
vn -0.98750246 0.15754265 -0.004386781
vn -0.98666126 0.16250442 -0.009584327
vn -0.9863355 0.16442105 -0.010395529
vn 0.9818518 -0.18959899 -0.0043870993
vn 0.983304 -0.1819556 -0.0022887494
vn 0.983304 -0.1819556 -0.0022887494
vn 0.98276156 -0.18463138 -0.009536744
vn 0.98186296 -0.18958274 -0.0018595891
vn -0.42286456 -0.90619284 -0.00038147456
vn -0.3053081 -0.6560095 0.6902453
vn 0.13620292 -0.8618953 0.4884519
vn 0.3197947 -0.94748676 0.00057221146
vn 0.1368986 -0.8622085 -0.48770425
vn -0.3053081 -0.6560095 -0.6902453
vn -0.4222066 -0.9064996 -0.00019074163
vn -0.93139386 -0.36401272 0.0005721971
vn -0.7484786 -0.44936368 0.4877008
vn -0.7484786 -0.44936368 -0.4877008
vn -0.038908307 -0.22048043 0.97461504
vn -0.11163013 -0.63306344 0.7660087
vn -0.11163013 -0.63306344 0.7660087
vn -0.0388607 -0.22048083 0.9746168
vn 0.042392734 0.24043214 0.9697398
vn 0.042392734 0.24043214 0.9697398
vn 0.1736655 0.98477215 -0.00801093
vn 0.1736655 0.98477215 -0.00801093
vn 0.17364238 0.98477614 -0.008010962
vn 0.17364238 0.98477614 -0.008010962
vn 0.9848215 -0.17357044 0
vn 0.98480517 -0.17366293 0
vn 0.98480517 -0.17366293 0
vn 0.9848215 -0.17357044 0
vn -0.052450716 -0.2975386 -0.95326793
vn -0.052450716 -0.2975386 -0.95326793
vn -0.052474495 -0.29753825 -0.95326674
vn -0.052450716 -0.2975386 -0.95326793
vn -0.98480517 0.17366293 0
vn -0.98480517 0.17366293 0
vn -0.9848215 0.17357044 0
vn -0.9848215 0.17357044 0
vn 0.16575406 0.9397816 -0.29889137
vn 0.14024292 0.79529804 -0.5897738
vn 0.14024292 0.79529804 -0.5897738
vn 0.16569284 0.9398002 -0.29886696
vn 0.17359641 0.9844998 0.02498682
vn 0.17361955 0.98449576 0.02498672
vn -0.16593963 -0.94089675 0.29525807
vn -0.16589324 -0.9409042 0.29526043
vn -0.16589324 -0.9409042 0.29526043
vn -0.16593963 -0.94089675 0.29525807
vn 0.06609261 0.37462014 -0.92481965
vn 0.012159379 0.06895083 -0.9975459
vn 0.012159379 0.06895083 -0.9975459
vn 0.06609261 0.37462014 -0.92481965
vn 0.11339003 0.64314747 -0.75730044
vn 0.11339003 0.64314747 -0.75730044
vn -0.004315597 -0.02441531 0.99969256
vn -0.004315597 -0.02441531 0.99969256
vn -0.004291754 -0.024415314 0.9996927
vn -0.004291754 -0.024415314 0.9996927
vn -0.095884085 -0.5439312 -0.8336337
vn -0.09593895 -0.5439719 -0.83360076
vn -0.09593132 -0.5439287 -0.83362985
vn -0.09589171 -0.54397434 -0.8336046
vn -0.0041964413 -0.023843417 0.9997068
vn -0.0041964413 -0.023843417 0.9997068
vn -0.0041964413 -0.023843417 0.9997068
vn -0.0041964413 -0.023843417 0.9997068
vn 0.98480517 -0.17366293 0
vn 0.98480517 -0.17366293 0
vn 0.98480517 -0.17366293 0
vn 0.98480517 -0.17366293 0
vn 0.98480517 -0.17366293 0
vn 0.9848215 -0.17357044 0
vn 0.9848215 -0.17357044 0
vn 0.9848215 -0.17357044 0
vn 0.9848215 -0.17357044 0
vn -0.13309117 -0.7548667 0.6422328
vn -0.13311458 -0.75486434 0.64223075
vn -0.13311458 -0.75486434 0.64223075
vn -0.13309117 -0.7548667 0.6422328
vn -0.98480517 0.17366293 0
vn -0.98480517 0.17366293 0
vn -0.98480517 0.17366293 0
vn -0.98480517 0.17366293 0
vn -0.98480517 0.17366293 0
vn -0.98482287 0.17356229 0
vn -0.98482287 0.17356229 0
vn -0.98482287 0.17356229 0
vn -0.98482287 0.17356229 0
vn -0.0041964413 -0.023843417 0.9997068
vn -0.0041964413 -0.023843417 0.9997068
vn -0.0041964413 -0.023843417 0.9997068
vn -0.0041964413 -0.023843417 0.9997068
vn -0.9848215 0.17357044 0
vn -0.98480517 0.17366293 0
vn -0.98480517 0.17366293 0
vn -0.9848215 0.17357044 0
vn 0.9848215 -0.17357044 0
vn 0.98480517 -0.17366293 0
vn 0.98480517 -0.17366293 0
vn 0.9848215 -0.17357044 0
vn 0.1442427 0.8180588 0.556753
vn 0.1442427 0.8180588 0.556753
vn 0.14419602 0.8180644 0.5567568
vn 0.1442427 0.8180588 0.556753
vn 0.9848215 -0.17357044 0
vn 0.9848215 -0.17357044 0
vn 0.9848215 -0.17357044 0
vn 0.9848215 -0.17357044 0
vn -0.98482287 0.17356229 0
vn -0.9848215 0.17357044 0
vn -0.9848215 0.17357044 0
vn -0.98482287 0.17356229 0
vn -0.14419602 -0.8180644 -0.5567568
vn -0.1442427 -0.8180588 -0.556753
vn -0.1442427 -0.8180588 -0.556753
vn -0.1442427 -0.8180588 -0.556753
vn 0.062181473 0.35267958 -0.9336759
vn 0.062181473 0.35267958 -0.9336759
vn 0.16554387 0.939099 -0.3011449
vn 0.16559023 0.9390916 -0.3011425
vn 0.16999894 0.976409 0.13313802
vn 0.17041215 0.9766991 0.13045542
vn 0.062180117 0.3524812 -0.9337508
vn 0.110534616 -0.005340758 -0.9938579
vn 0.010681205 0.058746625 -0.9982158
vn 0.062180117 0.3524812 -0.9337508
vn 0.9830035 -0.18347873 -0.0062939688
vn 0.98296595 -0.18368025 -0.0062943394
vn 0.98296595 -0.18368025 -0.0062943394
vn 0.98296595 -0.18368025 -0.0062943394
vn -0.9864978 0.16365333 -0.00629436
vn -0.9864978 0.16365333 -0.00629436
vn -0.9864978 0.16365333 -0.00629436
vn -0.9864978 0.16365333 -0.00629436
vn 0.9839807 -0.17814265 -0.0068663126
vn 0.983982 -0.17814289 -0.0066755903
vn 0.9839807 -0.17814265 -0.0068663126
vn 0.9823299 -0.18692881 -0.009251067
vn 0.98351824 -0.18043406 -0.011634755
vn -0.13589479 -0.7709288 0.6222551
vn -0.13590673 -0.7708056 0.62240505
vn -0.13590673 -0.7708056 0.62240505
vn -0.13589479 -0.7709288 0.6222551
vn -0.016593695 -0.09403095 0.99543095
vn -0.016593695 -0.09403095 0.99543095
vn -0.016593695 -0.09403095 0.99543095
vn -0.016593695 -0.09403095 0.99543095
vn 0.11191878 0.6346038 0.7646909
vn 0.11191878 0.6346038 0.7646909
vn 0.11187168 0.6346072 0.7646949
vn 0.11187168 0.6346072 0.7646949
vn -0.9870388 0.160215 -0.009250509
vn -0.98555994 0.16918747 -0.006866684
vn -0.98709816 0.15984315 -0.009346437
vn -0.9855945 0.1689863 -0.006866261
vn -0.9855945 0.1689863 -0.006866261
vn 0.13390653 0.759376 -0.6367237
vn 0.13390653 0.759376 -0.6367237
vn 0.13388714 0.75945675 -0.6366314
vn 0.13388714 0.75945675 -0.6366314
vn 0.12035418 0.6927518 -0.71106243
vn -0.058175422 -0.31052324 -0.9487839
vn -0.16173665 -0.8639941 -0.47681794
vn 0.12388224 0.69198585 -0.7112023
vn 0.8672318 -0.49790472 -2.0865262E-05
vn 0.9947227 -0.10259985 -3.8737162E-05
vn 0.8672318 -0.49790472 -2.1887046E-05
vn 0.9947227 -0.10259985 -9.896341E-07
vn 0.86103886 0.5085356 -0.0019402701
vn 0.8724605 0.48868468 -1.6297494E-06
vn 0.76148504 0.64817786 -0.002460738
vn 0.7599001 0.650035 -0.0025034363
vn 0.7614844 0.6481774 -0.0027420686
vn 0.7569803 0.6528192 -0.028424913
vn 0.7572603 0.6531132 0
vn -0 0 1
vn -0 0 1
vn -0 0 1
vn -0 0 1
vn -0.8769317 0.48061502 0
vn -0.8769317 0.48061502 0
vn -0.8769317 0.48061502 0
vn -0.8769317 0.48061502 0
vn -0.76445574 -0.6446758 -0.00076292985
vn -0.764456 -0.6446759 0
vn -0.7644556 -0.64467555 0.0009894244
vn -0.76445544 -0.6446755 -0.0011890973
vn -0.7644552 -0.6446753 -0.0014150993
vn -0.76499027 -0.6440418 0.00023701471
vn -0.7651484 -0.64385366 0.0005840646
vn -0 0 -1
vn -0 0 -1
vn -0 0 -1
vn -0.35247806 0.43373114 -0.8292386
vn -0.35629243 0.43868983 -0.8249891
vn 0.33993512 -0.94044894 -1.4903158E-05
vn 0.33993512 -0.94044894 -1.4583166E-05
vn -0.07170785 -0.9974256 -3.2778687E-05
vn -0.07170785 -0.9974256 4.832982E-06
vn -0.6504445 -0.75955135 -0.0019432269
vn -0.6328015 -0.77431405 -5.295992E-06
vn -0.77052766 -0.6374018 -0.002458233
vn -0.6510728 -0.7590129 -0.0019219666
vn -0.63363236 -0.7736343 -1.8474539E-05
vn -0.77208203 -0.6355181 -0.002479512
vn -0.77052706 -0.63740134 -0.0027297447
vn -0.774375 -0.63208836 -0.028419182
vn -0.77465355 -0.6323858 0
vn -0.60922587 0.7026888 -0.3675216
vn -0.60922587 0.7026888 -0.3675216
vn -0.3662108 0.42228678 -0.82919455
vn -0.37002584 0.42686486 -0.82514685
vn -0.3211437 0.94703054 0
vn -0.3211437 0.94703054 0
vn -0.3211437 0.94703054 0
vn -0.3211437 0.94703054 0
vn 0.7675952 0.6409343 -0.00094184914
vn 0.76775205 0.6407469 0.00047674618
vn 0.7677521 0.6407469 0
vn 0.7675947 0.64093393 -0.001418734
vn 0.7675947 0.64093393 -0.0014201704
vn 0.7670632 0.6415715 0.00023191042
vn 0.767063 0.64157146 0.0005840703
vn -0.5862789 0.7220729 -0.36727065
vn -0.35629234 0.43868974 -0.8249892
vn -0.5862789 0.7220729 -0.36727065
vn -0.35209695 0.43373156 -0.8294002
vn 0.34370387 -0.08621207 0.93511236
vn 0.27160636 -0.15602107 0.9496775
vn 0.33760172 -0.022125307 0.94102895
vn 0.32043627 -0.013732983 0.9471705
vn 0.24986187 -0.0495909 0.9670107
vn 0.24986187 -0.0495909 0.9670107
vn 0.025176968 -0.353622 0.93504953
vn -0.037002746 -0.33645797 0.94097126
vn 0.106430106 -0.29449478 0.94970804
vn -0.042343207 -0.31814626 0.9470955
vn 0.005340552 -0.25482062 0.9669736
vn 0.005340552 -0.25482062 0.9669736
vn -0 0 1
vn -0 0 1
vn -0 0 1
vn -0 0 1
vn -0 0 -1
vn -0 0 -1
vn -0 0 -1
vn -0.36621082 0.42228684 -0.8291945
vn -0.37002587 0.42686495 -0.8251467
vn 0.32119942 -0.38299787 -0.8661083
vn -0.32157794 0.3829944 -0.86596936
vn -0.32119942 0.38299787 -0.8661083
vn 0.32157794 -0.3829944 -0.86596936
vn -0.32119942 0.38299787 -0.8661083
vn -0.32157794 0.3829944 -0.86596936
vn -0.6428073 0.7660279 -2.3843002E-05
vn -0.6428073 0.7660279 -2.3843002E-05
vn -0.32119942 0.38299787 0.8661083
vn -0.32157463 0.38299045 0.86597234
vn 0.32157463 -0.38299045 0.86597234
vn -0.32157463 0.38299045 0.86597234
vn -0.32157463 0.38299045 0.86597234
vn 0.32119942 -0.38299787 0.8661083
vn 0.6428073 -0.7660279 0
vn 0.32157463 -0.38299045 0.86597234
vn 0.32119942 -0.38299787 0.8661083
vn 0.6428073 -0.7660279 0
vn 0.32119942 -0.38299787 -0.8661083
vn 0.32157794 -0.3829944 -0.86596936
vn 0.7660279 0.6428073 0
vn 0.7660279 0.6428073 0
vn 0.7660279 0.6428073 0
vn 0.7660279 0.6428073 0
vn 0.7660279 0.6428073 0
vn 0.7660279 0.6428073 0
vn -0.7660279 -0.6428073 1.1921501E-05
vn -0.7660279 -0.6428073 1.1921501E-05
vn -0.7660279 -0.6428073 0
vn -0.7660279 -0.6428073 0
vn -0.7660279 -0.6428073 0
vn -0.7660279 -0.6428073 0
vn 0.47683308 -0.568385 0.6704988
vn 0.5375034 -0.64050263 0.54849476
vn 0.47683308 -0.568385 0.6704988
vn 0.5375034 -0.64050263 0.54849476
vn -0.6170674 0.73533076 -0.28020778
vn -0.6170674 0.73533076 -0.28020778
vn -0.6169809 0.7354184 -0.28016844
vn -0.6169809 0.7354184 -0.28016844
vn -0.36010864 0.42915493 -0.8283405
vn -0.24794956 0.29563215 -0.9225631
vn -0.36010864 0.42915493 -0.8283405
vn -0.24909626 0.29449052 -0.92261934
vn -0.2624465 0.3127996 -0.9128408
vn -0.2624465 0.3127996 -0.9128408
vn -0.571185 0.68084484 -0.45847365
vn -0.571185 0.68084484 -0.45847365
vn -0.47077656 -0.7778877 0.41624525
vn -0.46498713 -0.7766315 0.42500642
vn -0.5661466 -0.7794054 0.2683379
vn -0.5855979 -0.773676 0.24186914
vn -0.498367 -0.798379 0.33796647
vn -0.48148704 -0.8015882 0.35443857
vn 0.8636315 0.44211525 0.2422288
vn 0.87274915 0.35226566 0.33796138
vn 0.8730437 0.33494967 0.35440573
vn 0.84795016 0.3288048 0.41577402
vn 0.86591315 0.42265716 0.2674985
vn 0.8453859 0.32312354 0.42533958
vn 0.8057059 0.59092724 0.040533263
vn 0.805709 0.59092957 0.040438045
vn -0.3854307 0.45942724 -0.8002311
vn -0.38546443 0.45927677 -0.8003012
vn -0.57497233 0.68538994 -0.4468193
vn -0.57497233 0.68538994 -0.4468193
vn -0.76098007 -0.6484542 -0.020407237
vn -0.760376 -0.6493526 -0.013019484
vn -0.75912917 -0.6504096 -0.026273878
vn -0.7559767 -0.6545187 -0.010226855
vn -0.7504586 -0.66080034 -0.012447235
vn -0.7542191 -0.65655595 -0.009370514
vn -0.7660279 -0.6428073 0
vn -0.35934174 0.42838725 0.82907045
vn -0.35934174 0.42838725 0.82907045
vn -0.35934174 0.42838725 0.82907045
vn -0.35934174 0.42838725 0.82907045
vn -0.036239605 0.043106053 -0.99841297
vn 0.5573494 -0.6641652 -0.4982431
vn 0.5573494 -0.6641652 -0.4982431
vn -0.036239605 0.043106053 -0.99841297
vn -0.33683345 0.401301 -0.8517633
vn -0.33683345 0.401301 -0.8517633
vn 0.11558419 -0.13770922 0.9837054
vn 0.33683658 -0.4016862 0.85158044
vn 0.33683658 -0.4016862 0.85158044
vn 0.11558419 -0.13770922 0.9837054
vn -0.1262681 0.15068246 0.9804852
vn -0.1262681 0.15068246 0.9804852
vn 0.77089965 0.63663113 -0.02035961
vn 0.772347 0.63465947 -0.026221655
vn 0.77167755 0.63588065 -0.013017053
vn 0.77581674 0.6308755 -0.010215014
vn 0.7807292 0.6247359 -0.012919981
vn 0.7773619 0.6289842 -0.009345126
vn 0.7660279 0.6428073 0
vn 0.64064264 -0.7635056 0.08146349
vn 0.5573494 -0.6641652 -0.4982431
vn 0.55734277 -0.6641573 -0.49826106
vn 0.64064264 -0.7635056 0.08146349
vn -0.44422838 0.5294882 -0.7227056
vn -0.44422838 0.5294882 -0.7227056
vn -0.14095439 0.16822974 -0.97561806
vn -0.14095439 0.16822974 -0.97561806
vn 0.072095565 -0.08582805 -0.99369806
vn 0.072095565 -0.08582805 -0.99369806
vn -0.7527763 -0.657225 -0.037190624
vn -0.7476207 -0.6625598 -0.04558198
vn -0.7476207 -0.6625598 -0.04558198
vn -0.75379163 -0.65613437 -0.035858504
vn -0.759401 -0.6500977 -0.02613362
vn -0.759401 -0.6500977 -0.02613362
vn -0.49818233 0.59354645 0.6320736
vn -0.49818233 0.59354645 0.6320736
vn -0.6418338 0.7648599 0.055123318
vn -0.6418338 0.7648599 0.055123318
vn 0.7821739 0.6213906 -0.045583896
vn 0.7821739 0.6213906 -0.045583896
vn 0.7780157 0.62714285 -0.037193693
vn 0.7771934 0.6282394 -0.035855796
vn 0.77210146 0.6349619 -0.026130902
vn 0.77210146 0.6349619 -0.026130902
vn -0.58590245 -0.77357435 0.24145588
vn -0.5665288 -0.7794063 0.2675275
vn -0.7219903 -0.6907155 0.040523756
vn -0.72190183 -0.69081324 0.040434133
vn -0.64179975 0.7648194 0.056074034
vn -0.64179975 0.7648194 0.056074034
vn -0.4448427 0.52991986 -0.722011
vn -0.4448427 0.52991986 -0.722011
vn 0.2708361 -0.3227146 0.9069196
vn 0.2708361 -0.3227146 0.9069196
vn 0.2708361 -0.3227146 0.9069196
vn 0.2708361 -0.3227146 0.9069196
vn 0.47646266 -0.5676353 0.6713966
vn 0.39444166 -0.46997303 0.78964627
vn 0.39444166 -0.46997303 0.78964627
vn 0.47646266 -0.5676353 0.6713966
vn -0.5750213 0.6854484 -0.44666666
vn -0.5750213 0.6854484 -0.44666666
vn -0.571185 0.68084484 -0.45847365
vn -0.571185 0.68084484 -0.45847365
vn 0.77714276 0.6293244 0
vn 0.77714276 0.6293244 0
vn 0.77714276 0.6293244 0
vn 0.7771894 0.62926686 0
vn 0.77722716 0.6292202 0
vn 0.777318 0.62910306 -0.0024797877
vn 0.77718925 0.6292668 -0.00038148943
vn 0.7741361 0.63300264 -0.0045773014
vn 0.7734531 0.633831 -0.005340737
vn 0.7711071 0.636645 -0.008773417
vn 0.7711071 0.636645 -0.008773417
vn -0.23175451 0.27619797 0.9327404
vn -0.23175451 0.27619797 0.9327404
vn -0.23175451 0.27619797 0.9327404
vn -0.23175451 0.27619797 0.9327404
vn -0.7546671 -0.65610784 0
vn -0.7546671 -0.65610784 0
vn -0.7547349 -0.65603 0
vn -0.75464654 -0.65613145 0
vn -0.75464654 -0.65613145 0
vn -0.7546044 -0.6561777 -0.001716744
vn -0.75464636 -0.65613127 -0.00076294335
vn -0.75787354 -0.6523855 -0.004578144
vn -0.75857216 -0.65156716 -0.0053407145
vn -0.7608407 -0.6488794 -0.008773795
vn -0.7608407 -0.6488794 -0.008773795
vn -0.38106826 0.4541159 0.8053357
vn -0.23164363 0.27617946 0.93277335
vn -0.23164363 0.27617946 0.93277335
vn -0.38106826 0.4541159 0.8053357
vn -0.6112703 0.72852707 -0.30918768
vn -0.61133003 0.7284845 -0.30916962
vn 0.04883032 -0.05817675 -0.9971113
vn 0.04883032 -0.05817675 -0.9971113
vn 0.37060225 -0.4415565 -0.8171179
vn 0.37052 -0.44157216 -0.81714684
vn 0.37345332 -0.44516855 -0.8138535
vn 0.37345332 -0.44516855 -0.8138535
vn 0.35439795 -0.422302 -0.834304
vn 0.35439795 -0.422302 -0.834304
vn 0.43583533 -0.51956916 -0.73491186
vn 0.43583533 -0.51956916 -0.73491186
vn -0.6191214 0.7379485 0.268553
vn -0.6191214 0.7379485 0.268553
vn -0.6191056 0.7379295 0.26864147
vn -0.6191056 0.7379295 0.26864147
vn -0.7547349 -0.65603 0
vn -0.75464654 -0.65613145 0
vn -0.75464654 -0.65613145 0
vn -0.7547349 -0.65603 0
vn -0.7547349 -0.65603 0
vn -0.7547349 -0.65603 0
vn 0.03528577 -0.04205682 -0.9984919
vn 0.2642572 -0.31489614 -0.91159666
vn 0.2642572 -0.31489614 -0.91159666
vn 0.035333395 -0.04205675 -0.9984902
vn -0.44279996 0.5276786 -0.72490245
vn -0.44279996 0.5276786 -0.72490245
vn 0.77714276 0.6293244 0
vn 0.7771894 0.62926686 0
vn 0.7771894 0.62926686 0
vn 0.77714276 0.6293244 0
vn 0.77714276 0.6293244 0
vn 0.77714276 0.6293244 0
vn -0.23146687 0.27581468 0.9329251
vn -0.23146687 0.27581468 0.9329251
vn -0.39145318 0.46646303 0.7932065
vn -0.39145318 0.46646303 0.7932065
vn -0.3919529 0.46710107 0.7925841
vn -0.39191252 0.46710977 0.79259884
vn -0.6370453 0.7592092 0.13332176
vn -0.6370453 0.7592092 0.13332176
vn -0.44279996 0.5276786 -0.72490245
vn -0.44277763 0.5277474 -0.724866
vn -0 -1 0
vn -0 -1 0
vn -0 -1 0
vn -0 -1 0
vn 1 0 0
vn 1 0 0
vn 1 0 0
vn 1 0 0
vn 1 0 0
vn -0 0 1
vn -0 0 1
vn -0 0 1
vn -0 0 1
vn -1 0 0
vn -1 0 0
vn -1 0 0
vn -1 0 0
vn -1 0 0
vn -0 -0.86776745 -0.49697065
vn -0.00019072871 -0.5015211 -0.8651454
vn 2.3841088E-05 -0.5015211 -0.8651454
vn -0 -0.86776745 -0.49697065
vn -4.7684454E-05 -0.50144976 -0.8651868
vn -4.7682435E-05 0.7074643 -0.706749
vn 2.3841218E-05 0.7074643 -0.706749
vn 2.3842227E-05 -0.50144976 -0.8651868
vn -0.5000162 0.86601603 0
vn -0.5000162 0.86601603 0
vn -1 0 0
vn -1 0 0
vn -0.50000596 -0.86602205 0
vn -0.50000596 -0.86602205 0
vn 0.5000162 0.86601603 -0.00019073668
vn 0.5000162 0.86601603 0
vn 1 0 0
vn 1 0 0
vn 0.50000596 -0.86602205 0
vn 0.50000596 -0.86602205 0
vn -0 0 -1
vn -0 0 -1
vn -0 0 -1
vn -0 0 -1
vn -0 0 -1
vn -0 0 -1
vn -0.49998796 -0.8660323 0
vn 0.4999701 -0.8660427 0
vn -0.49998796 -0.8660323 0
vn 0.4999701 -0.8660427 0
vn -0 0 1
vn -0 0 1
vn -0 0 1
vn -0 0 1
vn -0 0 1
vn -0 0 1
vn 0.45453483 -0.5417033 -0.70707536
vn -0.16652404 0.19799763 -0.96595377
vn 0.45453483 -0.5417033 -0.70707536
vn -0.16632596 0.19837041 -0.9659114
vn -0.6208072 0.7400098 -0.2588127
vn -0.6208072 0.7400098 -0.2588127
vn -0.45453483 0.5417033 0.70707536
vn -0.6208072 0.7400098 -0.2588127
vn -0.6208072 0.7400098 -0.2588127
vn -0.45453483 0.5417033 0.70707536
vn -0.45453483 0.5417033 0.70707536
vn -0.45453483 0.5417033 0.70707536
vn 0.16632596 -0.19837041 0.9659114
vn 0.16632596 -0.19837041 0.9659114
vn 0.6208072 -0.7400098 0.2588127
vn 0.6208072 -0.7400098 0.2588127
vn 0.45453483 -0.5417033 -0.70707536
vn 0.6208072 -0.7400098 0.2588127
vn 0.45453483 -0.5417033 -0.70707536
vn 0.6208072 -0.7400098 0.2588127
vn 0.7660279 0.6428073 0
vn 0.7660279 0.6428073 0
vn 0.7660279 0.6428073 0
vn 0.7660279 0.6428073 0
vn 0.7660279 0.6428073 0
vn 0.7660279 0.6428073 0
vn -0.7660279 -0.6428073 0
vn -0.7660279 -0.6428073 0
vn -0.7660279 -0.6428073 0
vn -0.7660279 -0.6428073 0
vn -0.7660279 -0.6428073 0
vn -0.7660279 -0.6428073 0
vn -0 1 0
vn 2.3842023E-05 0.7067729 -0.7074405
vn -4.7684047E-05 0.7067729 -0.7074405
vn -0 1 0
vn -0.43583533 0.51956916 0.73491186
vn -0.43583533 0.51956916 0.73491186
vn -0.43583533 0.51956916 0.73491186
vn -0.43583533 0.51956916 0.73491186
vn 0.4999701 0.8660427 0
vn -0.49998796 0.8660323 0
vn 0.4999701 0.8660427 0
vn -0.49998796 0.8660323 0
vn -0.8672318 -0.49790472 -2.0865262E-05
vn -0.8672318 -0.49790472 -2.1893988E-05
vn -0.9947227 -0.10259985 -3.8737162E-05
vn -0.9947227 -0.10259985 0.00017418952
vn -0.86103886 0.5085356 -0.0019372896
vn -0.8724605 0.48868468 -4.0928995E-07
vn -0.76148504 0.64817786 -0.0024607452
vn -0.7599001 0.650035 -0.0025034363
vn -0.7614844 0.6481774 -0.0027420686
vn -0.7569803 0.6528192 -0.028424913
vn -0.7572603 0.6531132 0
vn -0 0 1
vn -0 0 1
vn -0 0 1
vn -0 0 1
vn 0.8769317 0.48061502 0
vn 0.8769317 0.48061502 0
vn 0.8769317 0.48061502 0
vn 0.8769317 0.48061502 0
vn 0.76445574 -0.6446758 -0.00076292985
vn 0.7644556 -0.64467555 0.0009894244
vn 0.764456 -0.6446759 0
vn 0.76445544 -0.6446755 -0.0011890973
vn 0.7644552 -0.6446753 -0.0014150853
vn 0.7649903 -0.6440418 0.0001491635
vn 0.7651484 -0.64385366 0.0005840646
vn -0 0 -1
vn -0 0 -1
vn -0 0 -1
vn 0.352097 0.43373165 -0.8294002
vn 0.35629243 0.43868983 -0.8249891
vn 0.07170785 -0.9974256 -3.2778687E-05
vn -0.33993512 -0.94044894 -1.4588591E-05
vn -0.33993512 -0.94044894 -1.4903158E-05
vn 0.07170785 -0.9974256 -5.3582757E-05
vn 0.6504445 -0.75955135 -0.0019432269
vn 0.6328015 -0.77431405 -5.25238E-06
vn 0.77052784 -0.63740194 -0.0023641272
vn 0.63363236 -0.7736343 9.203966E-06
vn 0.6510728 -0.7590129 -0.001927926
vn 0.77208203 -0.6355181 -0.002479512
vn 0.77052706 -0.63740134 -0.0027297447
vn 0.774375 -0.63208836 -0.028419182
vn 0.77465355 -0.6323858 0
vn 0.3662107 0.42228672 -0.82919455
vn 0.60922587 0.7026888 -0.3675216
vn 0.60922587 0.7026888 -0.3675216
vn 0.37002584 0.42686486 -0.82514685
vn 0.3211437 0.94703054 0
vn 0.3211437 0.94703054 0
vn 0.3211437 0.94703054 0
vn 0.3211437 0.94703054 0
vn -0.7675947 0.64093393 -0.001418734
vn -0.7677521 0.6407469 0
vn -0.76775205 0.6407469 0.00047674618
vn -0.7675952 0.6409343 -0.0009507908
vn -0.7675947 0.64093393 -0.001420142
vn -0.7670632 0.6415715 0.00023182065
vn -0.767063 0.64157146 0.0005840703
vn 0.5862789 0.7220729 -0.36727065
vn 0.5862789 0.7220729 -0.36727065
vn 0.35629234 0.43868974 -0.8249892
vn 0.35209695 0.43373156 -0.8294002
vn -0.34370387 -0.08621207 0.93511236
vn -0.33760172 -0.022125307 0.94102895
vn -0.27160636 -0.15602107 0.9496775
vn -0.32043627 -0.013732983 0.9471705
vn -0.24986187 -0.0495909 0.9670107
vn -0.24986187 -0.0495909 0.9670107
vn -0.025176968 -0.353622 0.93504953
vn -0.106430106 -0.29449478 0.94970804
vn 0.037002746 -0.33645797 0.94097126
vn 0.042343207 -0.31814626 0.9470955
vn -0.005340552 -0.25482062 0.9669736
vn -0.005340552 -0.25482062 0.9669736
vn -0 0 1
vn -0 0 1
vn -0 0 1
vn -0 0 1
vn -0 0 -1
vn -0 0 -1
vn -0 0 -1
vn 0.36621082 0.42228684 -0.8291945
vn 0.37002584 0.42686486 -0.82514685
vn 0.32119942 0.38299787 -0.8661083
vn 0.32157794 0.3829944 -0.86596936
vn -0.32119942 -0.38299787 -0.8661083
vn -0.32157794 -0.3829944 -0.86596936
vn 0.32119942 0.38299787 -0.8661083
vn 0.6428073 0.7660279 -2.3843002E-05
vn 0.32157794 0.3829944 -0.86596936
vn 0.6428073 0.7660279 -2.3843002E-05
vn 0.32119942 0.38299787 0.8661083
vn 0.32157463 0.38299045 0.86597234
vn -0.32157463 -0.38299045 0.86597234
vn -0.32119942 -0.38299787 0.8661083
vn 0.32157463 0.38299045 0.86597234
vn 0.32157463 0.38299045 0.86597234
vn -0.32119942 -0.38299787 0.8661083
vn -0.32157463 -0.38299045 0.86597234
vn -0.6428073 -0.7660279 0
vn -0.6428073 -0.7660279 0
vn -0.32119942 -0.38299787 -0.8661083
vn -0.32157794 -0.3829944 -0.86596936
vn -0.7660279 0.6428073 0
vn -0.7660279 0.6428073 0
vn -0.7660279 0.6428073 0
vn -0.7660279 0.6428073 0
vn -0.7660279 0.6428073 0
vn -0.7660279 0.6428073 0
vn 0.7660279 -0.6428073 0
vn 0.7660279 -0.6428073 1.1921501E-05
vn 0.7660279 -0.6428073 1.1921501E-05
vn 0.7660279 -0.6428073 0
vn 0.7660279 -0.6428073 0
vn 0.7660279 -0.6428073 0
vn -0.47683308 -0.568385 0.6704988
vn -0.47683308 -0.568385 0.6704988
vn -0.5375034 -0.64050263 0.54849476
vn -0.5375034 -0.64050263 0.54849476
vn 0.6170674 0.73533076 -0.28020778
vn 0.6169809 0.7354184 -0.28016844
vn 0.6169809 0.7354184 -0.28016844
vn 0.6170674 0.73533076 -0.28020778
vn 0.36010864 0.42915493 -0.8283405
vn 0.36010864 0.42915493 -0.8283405
vn 0.24680845 0.29639903 -0.922623
vn 0.24794956 0.29563215 -0.9225631
vn 0.2624465 0.3127996 -0.9128408
vn 0.2624465 0.3127996 -0.9128408
vn 0.571185 0.68084484 -0.45847365
vn 0.571185 0.68084484 -0.45847365
vn 0.47077656 -0.7778877 0.41624525
vn 0.5661466 -0.7794054 0.2683379
vn 0.46498713 -0.7766315 0.42500642
vn 0.5855979 -0.773676 0.24186914
vn 0.498367 -0.798379 0.33796647
vn 0.48148704 -0.8015882 0.35443857
vn -0.8636315 0.44211525 0.2422288
vn -0.8730437 0.33494967 0.35440573
vn -0.87274915 0.35226566 0.33796138
vn -0.84795016 0.3288048 0.41577402
vn -0.86591315 0.42265716 0.2674985
vn -0.8453859 0.32312354 0.42533958
vn -0.8057059 0.59092724 0.040533263
vn -0.805709 0.59092957 0.040438045
vn 0.3854307 0.45942724 -0.8002311
vn 0.57497233 0.68538994 -0.4468193
vn 0.57497233 0.68538994 -0.4468193
vn 0.38546443 0.45927677 -0.8003012
vn 0.76098007 -0.6484542 -0.020407237
vn 0.75912917 -0.6504096 -0.026273878
vn 0.760376 -0.6493526 -0.013019484
vn 0.7559767 -0.6545187 -0.010226855
vn 0.7504586 -0.66080034 -0.012447235
vn 0.7542193 -0.65655607 -0.009346672
vn 0.7660279 -0.6428073 0
vn 0.35934174 0.42838725 0.82907045
vn 0.35934174 0.42838725 0.82907045
vn 0.35934174 0.42838725 0.82907045
vn 0.35934174 0.42838725 0.82907045
vn 0.0358582 0.043106135 -0.9984268
vn -0.5573494 -0.6641652 -0.4982431
vn -0.5573494 -0.6641652 -0.4982431
vn 0.036239605 0.043106053 -0.99841297
vn 0.33683345 0.401301 -0.8517633
vn 0.33683345 0.401301 -0.8517633
vn -0.33683658 -0.4016862 0.85158044
vn -0.33683658 -0.4016862 0.85158044
vn -0.11558419 -0.13770922 0.9837054
vn -0.11558419 -0.13770922 0.9837054
vn 0.1262681 0.15068246 0.9804852
vn 0.1262681 0.15068246 0.9804852
vn -0.77089965 0.63663113 -0.02035961
vn -0.77167755 0.63588065 -0.013017053
vn -0.772347 0.63465947 -0.026221655
vn -0.77581674 0.6308755 -0.010215014
vn -0.78057975 0.62492156 -0.01297151
vn -0.7773619 0.6289842 -0.009345126
vn -0.7660279 0.6428073 0
vn -0.64064264 -0.7635056 0.08146349
vn -0.64064264 -0.7635056 0.08146349
vn -0.55734277 -0.6641573 -0.49826106
vn -0.5573494 -0.6641652 -0.4982431
vn 0.14095439 0.16822974 -0.97561806
vn 0.44422838 0.5294882 -0.7227056
vn 0.44422838 0.5294882 -0.7227056
vn 0.14095439 0.16822974 -0.97561806
vn -0.072095565 -0.08582805 -0.99369806
vn -0.072095565 -0.08582805 -0.99369806
vn 0.7476207 -0.6625598 -0.04558198
vn 0.7476207 -0.6625598 -0.04558198
vn 0.7527763 -0.657225 -0.037190624
vn 0.75379163 -0.65613437 -0.035858504
vn 0.759401 -0.6500977 -0.02613362
vn 0.759401 -0.6500977 -0.02613362
vn 0.6418338 0.7648599 0.055123318
vn 0.49818233 0.59354645 0.6320736
vn 0.49818233 0.59354645 0.6320736
vn 0.6418338 0.7648599 0.055123318
vn -0.7821739 0.6213906 -0.045583896
vn -0.7821739 0.6213906 -0.045583896
vn -0.7780157 0.62714285 -0.037193693
vn -0.7771934 0.6282394 -0.035855796
vn -0.77210146 0.6349619 -0.026130902
vn -0.77210146 0.6349619 -0.026130902
vn 0.72199166 -0.6907168 0.040476162
vn 0.5665288 -0.7794063 0.2675275
vn 0.58590245 -0.77357435 0.24145588
vn 0.72190183 -0.69081324 0.040434133
vn 0.4448427 0.52991986 -0.722011
vn 0.64179975 0.7648194 0.056074034
vn 0.64179975 0.7648194 0.056074034
vn 0.4448427 0.52991986 -0.722011
vn -0.2708361 -0.3227146 0.9069196
vn -0.2708361 -0.3227146 0.9069196
vn -0.2708361 -0.3227146 0.9069196
vn -0.2708361 -0.3227146 0.9069196
vn -0.39444166 -0.46997303 0.78964627
vn -0.39444166 -0.46997303 0.78964627
vn -0.47646266 -0.5676353 0.6713966
vn -0.47646266 -0.5676353 0.6713966
vn 0.5750213 0.6854484 -0.44666666
vn 0.571185 0.68084484 -0.45847365
vn 0.571185 0.68084484 -0.45847365
vn 0.5750213 0.6854484 -0.44666666
vn -0.77714276 0.6293244 0
vn -0.77714276 0.6293244 0
vn -0.77714276 0.6293244 0
vn -0.7771894 0.62926686 0
vn -0.77722716 0.6292202 0
vn -0.7773927 0.62900907 -0.002860866
vn -0.77718925 0.6292668 -0.00038148943
vn -0.7741361 0.63300264 -0.0045773014
vn -0.7734531 0.633831 -0.005340737
vn -0.7711071 0.636645 -0.008773417
vn -0.7711071 0.636645 -0.008773417
vn 0.23175451 0.27619797 0.9327404
vn 0.23175451 0.27619797 0.9327404
vn 0.23175451 0.27619797 0.9327404
vn 0.23175451 0.27619797 0.9327404
vn 0.7546671 -0.65610784 0
vn 0.7547349 -0.65603 0
vn 0.7546671 -0.65610784 0
vn 0.75464654 -0.65613145 0
vn 0.75464654 -0.65613145 0
vn 0.75460386 -0.6561772 -0.0020982414
vn 0.75464654 -0.65613145 -0.00038147176
vn 0.75787354 -0.6523855 -0.004578144
vn 0.75857216 -0.65156716 -0.0053407145
vn 0.7608407 -0.6488794 -0.008773795
vn 0.7608407 -0.6488794 -0.008773795
vn 0.23164363 0.27617946 0.93277335
vn 0.23164363 0.27617946 0.93277335
vn 0.38106826 0.4541159 0.8053357
vn 0.38106826 0.4541159 0.8053357
vn 0.6112703 0.72852707 -0.30918768
vn 0.61133003 0.7284845 -0.30916962
vn -0.04883032 -0.05817675 -0.9971113
vn -0.04883032 -0.05817675 -0.9971113
vn -0.37060225 -0.4415565 -0.8171179
vn -0.37052 -0.44157216 -0.81714684
vn -0.37345332 -0.44516855 -0.8138535
vn -0.37345332 -0.44516855 -0.8138535
vn -0.35439795 -0.422302 -0.834304
vn -0.35439795 -0.422302 -0.834304
vn -0.43583533 -0.51956916 -0.73491186
vn -0.43583533 -0.51956916 -0.73491186
vn 0.6191214 0.7379485 0.268553
vn 0.6191056 0.7379295 0.26864147
vn 0.6191214 0.7379485 0.268553
vn 0.6191056 0.7379295 0.26864147
vn 0.75464654 -0.65613145 0
vn 0.75464654 -0.65613145 0
vn 0.7547349 -0.65603 0
vn 0.7547349 -0.65603 0
vn 0.7547349 -0.65603 0
vn 0.7547349 -0.65603 0
vn -0.2642572 -0.31489614 -0.91159666
vn -0.2642572 -0.31489614 -0.91159666
vn -0.03528577 -0.04205682 -0.9984919
vn -0.035333395 -0.04205675 -0.9984902
vn 0.44279996 0.5276786 -0.72490245
vn 0.44279996 0.5276786 -0.72490245
vn -0.7771894 0.62926686 0
vn -0.7771894 0.62926686 0
vn -0.77714276 0.6293244 0
vn -0.77714276 0.6293244 0
vn -0.77714276 0.6293244 0
vn -0.77714276 0.6293244 0
vn 0.23146687 0.27581468 0.9329251
vn 0.39142355 0.46642777 0.79324186
vn 0.39145318 0.46646303 0.7932065
vn 0.23146687 0.27581468 0.9329251
vn 0.6370453 0.7592092 0.13332176
vn 0.39191252 0.46710977 0.79259884
vn 0.3919529 0.46710107 0.7925841
vn 0.6370169 0.7592323 0.1333258
vn 0.4428382 0.52766746 -0.72488713
vn 0.44277763 0.5277474 -0.724866
vn -0 -1 0
vn -0 -1 0
vn -0 -1 0
vn -0 -1 0
vn -1 0 0
vn -1 0 0
vn -1 0 0
vn -1 0 0
vn -1 0 0
vn -0 0 1
vn -0 0 1
vn -0 0 1
vn -0 0 1
vn 1 0 0
vn 1 0 0
vn 1 0 0
vn 1 0 0
vn 1 0 0
vn -0 -0.86776745 -0.49697065
vn -0 -0.86776745 -0.49697065
vn -2.3841088E-05 -0.5015211 -0.8651454
vn 4.7682177E-05 -0.5015211 -0.8651454
vn 4.7684454E-05 -0.50144976 -0.8651868
vn -2.3842227E-05 -0.50144976 -0.8651868
vn -2.3841218E-05 0.7074643 -0.706749
vn 4.7682435E-05 0.7074643 -0.706749
vn 0.5000162 0.86601603 0
vn 1 0 0
vn 0.5000162 0.86601603 0
vn 1 0 0
vn 0.50000596 -0.86602205 0
vn 0.50000596 -0.86602205 0
vn -0.5000162 0.86601603 0
vn -1 0 0
vn -0.5000162 0.86601603 0.00019073668
vn -1 0 0
vn -0.50000596 -0.86602205 0
vn -0.50000596 -0.86602205 0
vn -0 0 -1
vn -0 0 -1
vn -0 0 -1
vn -0 0 -1
vn -0 0 -1
vn -0 0 -1
vn 0.49998796 -0.8660323 0
vn -0.4999701 -0.8660427 0
vn 0.49998796 -0.8660323 0
vn -0.4999701 -0.8660427 0
vn -0 0 1
vn -0 0 1
vn -0 0 1
vn -0 0 1
vn -0 0 1
vn -0 0 1
vn 0.16632596 0.19837041 -0.9659114
vn -0.45453483 -0.5417033 -0.70707536
vn -0.45453483 -0.5417033 -0.70707536
vn 0.16632596 0.19837041 -0.9659114
vn 0.6208072 0.7400098 -0.2588127
vn 0.6208072 0.7400098 -0.2588127
vn 0.45453483 0.5417033 0.70707536
vn 0.45453483 0.5417033 0.70707536
vn 0.6208072 0.7400098 -0.2588127
vn 0.6208072 0.7400098 -0.2588127
vn 0.45453483 0.5417033 0.70707536
vn -0.16632596 -0.19837041 0.9659114
vn 0.45453483 0.5417033 0.70707536
vn -0.16632596 -0.19837041 0.9659114
vn -0.6208072 -0.7400098 0.2588127
vn -0.6208072 -0.7400098 0.2588127
vn -0.6208072 -0.7400098 0.2588127
vn -0.45453483 -0.5417033 -0.70707536
vn -0.62109965 -0.7397495 0.25885507
vn -0.45453483 -0.5417033 -0.70707536
vn -0.7660279 0.6428073 0
vn -0.7660279 0.6428073 0
vn -0.7660279 0.6428073 0
vn -0.7660279 0.6428073 0
vn -0.7660279 0.6428073 0
vn -0.7660279 0.6428073 0
vn 0.7660279 -0.6428073 0
vn 0.7660279 -0.6428073 0
vn 0.7660279 -0.6428073 0
vn 0.7660279 -0.6428073 0
vn 0.7660279 -0.6428073 0
vn 0.7660279 -0.6428073 0
vn -0 1 0
vn -0 1 0
vn 4.7684047E-05 0.7067729 -0.7074405
vn -2.3842023E-05 0.7067729 -0.7074405
vn 0.43583533 0.51956916 0.73491186
vn 0.43583533 0.51956916 0.73491186
vn 0.43583533 0.51956916 0.73491186
vn 0.43583533 0.51956916 0.73491186
vn -0.4999701 0.8660427 0
vn 0.49998796 0.8660323 0
vn -0.4999701 0.8660427 0
vn 0.49998796 0.8660323 0
vn 0.9054864 0.42437524 -2.0858799E-05
vn 0.6546 0.7559754 -3.576268E-05
vn 0.6546 0.7559754 3.121777E-06
vn 0.9054864 0.42437524 -2.0935779E-05
vn 0.07705369 0.9970251 -0.0019340903
vn 0.65385693 0.7566182 2.1024425E-06
vn 0.6538334 0.7566385 -3.576247E-05
vn 0.099947505 0.9949927 1.9962345E-06
vn -0.09384564 0.99558395 -0.002366895
vn -0.09689688 0.99529123 -0.0025034873
vn -0.09384109 0.9955835 -0.0027298797
vn -0.100709856 0.9945098 -0.028420018
vn -0.100712314 0.9949156 0
vn -0 0 1
vn -0 0 1
vn -0 0 1
vn -0 0 1
vn -0.89655346 -0.4429356 0
vn -0.89655346 -0.4429356 0
vn -0.89655346 -0.4429356 0
vn -0.89655346 -0.4429356 0
vn 0.08926305 -0.9960078 -0.0007629321
vn 0.090028405 -0.99593925 0
vn 0.09002837 -0.9959388 0.0009894538
vn 0.089263014 -0.9960074 -0.0011920809
vn 0.08926299 -0.99600714 -0.0014173324
vn 0.089263044 -0.9960077 -0.0007942332
vn 0.08850192 -0.9960758 0.00058413175
vn -0 0 -1
vn -0 0 -1
vn -0 0 -1
vn -0.5577082 -0.039720494 -0.8290861
vn -0.56381154 -0.040149644 -0.824927
vn 0.77590394 -0.6308511 0.00018721173
vn 0.77590394 -0.6308511 -2.6821901E-05
vn 0.9652584 -0.261297 -8.941995E-06
vn 0.9652584 -0.261297 -8.202666E-06
vn 0.77515626 -0.6317695 -2.6822427E-05
vn 0.77515626 -0.6317695 1.1864611E-05
vn 0.24948525 -0.96837664 -0.0019342022
vn 0.27160853 -0.96240777 4.2292377E-06
vn 0.080108866 -0.99678326 -0.0023661274
vn 0.0778193 -0.9969644 -0.0024556948
vn 0.0801088 -0.9967824 -0.0027298983
vn 0.074003436 -0.99685293 -0.028418843
vn 0.07400517 -0.9972579 0
vn -0.92527574 -0.095874354 -0.36697805
vn -0.92527574 -0.095874354 -0.36697805
vn -0.55618197 -0.057697203 -0.8290553
vn -0.56228536 -0.058269404 -0.82488775
vn -0.95991874 0.28027833 0
vn -0.95991874 0.28027833 0
vn -0.95991874 0.28027833 0
vn -0.95991874 0.28027833 0
vn -0.084686935 0.9964066 -0.0014186015
vn -0.08468698 0.9964072 0.00085831404
vn -0.08468701 0.99640757 0
vn -0.084686935 0.9964066 -0.0014186015
vn -0.084686935 0.9964066 -0.0014179049
vn -0.08544847 0.9963426 -0.00034791583
vn -0.085448466 0.9963425 0.0005841204
vn -0.9277111 -0.06613566 -0.36739385
vn -0.56381136 -0.040173467 -0.8249259
vn -0.9277111 -0.06613566 -0.36739385
vn -0.55770797 -0.03972048 -0.82908636
vn 0.26779208 0.23221998 0.9350729
vn 0.28381354 0.13298991 0.9496124
vn 0.21209686 0.26407203 0.94089365
vn 0.19531281 0.2547268 0.9470835
vn 0.18386896 0.1763349 0.9670048
vn 0.18386896 0.1763349 0.9670048
vn 0.30365002 -0.18224724 0.9351912
vn 0.25405785 -0.22330198 0.94105834
vn 0.3021241 -0.08172991 0.9497586
vn 0.23651162 -0.21696125 0.9470955
vn 0.21209718 -0.14171602 0.9669185
vn 0.21209718 -0.14171602 0.9669185
vn -0 0 1
vn -0 0 1
vn -0 0 1
vn -0 0 1
vn -0 0 -1
vn -0 0 -1
vn -0 0 -1
vn -0.55618215 -0.05769722 -0.82905513
vn -0.5622855 -0.058364775 -0.82488096
vn -0.49819806 -0.043535113 -0.86596966
vn 0.4981991 0.04372593 -0.86595947
vn 0.49819806 0.043535113 -0.86596966
vn -0.49819708 -0.043582708 -0.86596787
vn -0.49819806 -0.043535113 -0.86596966
vn -0.49819708 -0.043582708 -0.86596787
vn -0.99619544 -0.08714804 -2.383699E-05
vn -0.99619955 -0.087100714 -2.3837089E-05
vn -0.49819294 -0.04353466 0.8659726
vn -0.4982022 -0.04358315 0.86596483
vn -0.4982022 -0.04358315 0.86596483
vn 0.49819294 0.04353466 0.8659726
vn 0.4982022 0.04358315 0.86596483
vn -0.4982011 -0.04363074 0.86596304
vn 0.99619544 0.08714804 0
vn 0.49819803 0.043773524 0.8659577
vn 0.49819294 0.04353466 0.8659726
vn 0.99619955 0.087100714 0
vn 0.49819806 0.043535113 -0.86596966
vn 0.49819708 0.043582708 -0.86596787
vn -0.0869753 0.99621046 0
vn -0.0869753 0.99621046 0
vn -0.0869753 0.99621046 0
vn -0.0869753 0.99621046 0
vn -0.0869753 0.99621046 0
vn -0.0869753 0.99621046 0
vn 0.0869753 -0.99621046 0
vn 0.0869753 -0.99621046 1.1920956E-05
vn 0.0869753 -0.99621046 1.1920956E-05
vn 0.0869753 -0.99621046 0
vn 0.0869753 -0.99621046 0
vn 0.0869753 -0.99621046 0
vn 0.8331223 0.07290774 0.54826236
vn 0.7392821 0.06465857 0.6702844
vn 0.8331223 0.07290774 0.54826236
vn 0.7392821 0.06465857 0.6702844
vn -0.9562948 -0.083680555 -0.2801749
vn -0.9562948 -0.083680555 -0.2801749
vn -0.9562966 -0.08365687 -0.28017542
vn -0.9562966 -0.08365687 -0.28017542
vn -0.38452664 -0.03361747 -0.9225015
vn -0.5584652 -0.048827555 -0.82808965
vn -0.5584652 -0.048827555 -0.82808965
vn -0.38375413 -0.035190172 -0.92276454
vn -0.40664226 -0.035571657 -0.91289467
vn -0.40664226 -0.035571657 -0.91289467
vn -0.8853167 -0.07747952 -0.45848802
vn -0.8853233 -0.077384725 -0.4584914
vn 0.3669704 -0.83202535 0.41601267
vn 0.3692707 -0.82632905 0.42522877
vn 0.31356815 -0.91085446 0.26836398
vn 0.29754537 -0.9236662 0.2414695
vn 0.368118 -0.86617404 0.33798188
vn 0.38070464 -0.8540939 0.35438338
vn 0.15182473 -0.987576 0.0405311
vn 0.15182534 -0.9875799 0.040435888
vn 0.13351665 0.9609861 0.24223734
vn 0.2120941 0.91694456 0.33797726
vn 0.22659297 0.9072302 0.3543853
vn 0.21743874 0.8830111 0.41594696
vn 0.15029837 0.9517625 0.2675044
vn 0.22048505 0.8778395 0.42518717
vn -0.0221254 0.99893326 0.04053144
vn -0.022125488 0.9989371 0.04043623
vn -0.89116895 -0.07797967 -0.4469197
vn -0.8911697 -0.077967815 -0.4469201
vn -0.5974389 -0.052266356 -0.8002094
vn -0.5974389 -0.052266356 -0.8002094
vn 0.09498754 -0.99527115 -0.020313602
vn 0.09575064 -0.99532026 -0.013017891
vn 0.0976564 -0.99487454 -0.026226081
vn 0.10223162 -0.99470806 -0.010227932
vn 0.11062642 -0.9937781 -0.012922309
vn 0.10528582 -0.9943979 -0.009369866
vn 0.0869753 -0.99621046 0
vn -0.55694276 -0.048732497 0.82912
vn -0.55694276 -0.048732497 0.82912
vn -0.55694276 -0.048732497 0.82912
vn -0.55694276 -0.048732497 0.82912
vn 0.8636898 0.07577313 -0.49829537
vn 0.86369514 0.07553518 -0.49832237
vn -0.0556945 -0.0048637325 -0.99843603
vn -0.055694487 -0.0049114143 -0.9984358
vn -0.5218478 -0.04563307 -0.8518172
vn -0.5218478 -0.04563307 -0.8518172
vn 0.17929144 0.015688 0.98367095
vn 0.5222301 0.04568083 0.8515803
vn 0.5222301 0.04568083 0.8515803
vn 0.17929155 0.015640326 0.9836716
vn -0.19607823 -0.017118698 0.9804388
vn -0.19607823 -0.017118698 0.9804388
vn -0.079345845 0.99663913 -0.020360984
vn -0.07705673 0.99668294 -0.026178306
vn -0.07858233 0.9968226 -0.013017583
vn -0.07171774 0.9973725 -0.010228362
vn -0.06408598 0.9978625 -0.01277905
vn -0.069427475 0.9975432 -0.009346006
vn -0.0869753 0.99621046 0
vn 0.9928653 0.08709512 0.081443
vn 0.86369514 0.07553518 -0.49832237
vn 0.86369205 0.07558259 -0.49832058
vn 0.9928653 0.08709512 0.081443
vn -0.21858692 -0.019121587 -0.9756301
vn -0.6885462 -0.06022395 -0.7226875
vn -0.6885453 -0.06024771 -0.7226864
vn -0.21858701 -0.019097751 -0.9756305
vn 0.11176589 0.009774747 -0.9936865
vn 0.11176589 0.009774747 -0.9936865
vn 0.10681053 -0.99357635 -0.037383687
vn 0.11367869 -0.9924712 -0.045585915
vn 0.11367869 -0.9924712 -0.045585915
vn 0.10528514 -0.9937954 -0.035857983
vn 0.09689284 -0.9949517 -0.026130551
vn 0.09689284 -0.9949517 -0.026130551
vn -0.7720058 -0.06748852 0.6320225
vn -0.99468625 -0.08695877 0.055112027
vn -0.7720045 -0.06751225 0.6320214
vn -0.99467295 -0.08709827 0.055132426
vn -0.6893228 -0.06032051 -0.7219388
vn -0.6893228 -0.06032051 -0.7219388
vn -0.06752052 0.99702436 -0.037193507
vn -0.06027093 0.99714065 -0.045584664
vn -0.06027093 0.99714065 -0.045584664
vn -0.068662934 0.99699533 -0.03585731
vn -0.077056825 0.99668425 -0.026130656
vn -0.077056825 0.99668425 -0.026130656
vn 0.41962212 0.036716934 0.90695596
vn 0.41962212 0.036716934 0.90695596
vn 0.41962194 0.036728837 0.90695554
vn 0.41962212 0.036716934 0.90695596
vn 0.73851264 0.06461032 0.6711367
vn 0.6111586 0.053481143 0.78969926
vn 0.6111594 0.05345737 0.7897002
vn 0.73851264 0.06461032 0.6711367
vn -0.8912457 -0.07797446 -0.44676745
vn -0.8912423 -0.078021854 -0.44676578
vn -0.8853233 -0.077384725 -0.4584914
vn -0.88532 -0.077432126 -0.45848972
vn -0.06980848 0.9975604 0
vn -0.069713585 0.99756706 0
vn -0.06980848 0.9975604 0
vn -0.06980848 0.9975604 0
vn -0.069810145 0.99756026 0
vn -0.069426924 0.9975829 -0.0028609997
vn -0.06961866 0.99757344 -0.00076294417
vn -0.0743873 0.99721897 -0.00457768
vn -0.07553214 0.997129 -0.005340656
vn -0.07896508 0.9968388 -0.008773898
vn -0.07896508 0.9968388 -0.008773898
vn 0.5492965 0.048063442 -0.8342441
vn 0.5787407 0.050644577 -0.8139375
vn 0.5787407 0.050644577 -0.8139375
vn 0.5492965 0.048063442 -0.8342441
vn 0.6755877 0.059104394 -0.73490673
vn 0.6755868 0.059128147 -0.7349056
vn 0.57983375 0.048446637 -0.81329316
vn 0.579768 0.0507297 -0.8132009
vn 0.5742983 0.050258256 -0.81710196
vn 0.574299 0.050234478 -0.8171029
vn 0.0757248 0.0066014808 -0.99710685
vn 0.57334757 0.050186984 -0.8177737
vn 0.5733483 0.050163206 -0.81777465
vn 0.0757248 0.0066044615 -0.99710685
vn -0.94738775 -0.082836226 -0.3091837
vn -0.947381 -0.08292207 -0.3091815
vn -0.3591724 -0.0314252 0.93274194
vn -0.3589424 -0.031421766 0.93283063
vn -0.3589424 -0.031421766 0.93283063
vn -0.35917246 -0.031419247 0.9327421
vn 0.10452266 -0.99452245 0
vn 0.1045227 -0.99452245 0
vn 0.10452282 -0.99452245 0
vn 0.10452282 -0.99452245 0
vn 0.104522206 -0.9945226 0
vn 0.104523316 -0.99452126 -0.0015258879
vn 0.10452282 -0.99452245 -0.00038147013
vn 0.09994409 -0.9949825 -0.004577592
vn 0.09880118 -0.99509287 -0.005340604
vn 0.09498547 -0.99544 -0.008773758
vn 0.09498547 -0.99544 -0.008773758
vn -0.59051144 -0.051679138 0.8053729
vn -0.94738287 -0.082898386 -0.30918214
vn -0.59051186 -0.051665016 0.80537343
vn -0.9473838 -0.08288655 -0.30918244
vn -0.5897448 -0.051593136 0.80594003
vn -0.3591405 -0.031422414 0.9327544
vn -0.35914063 -0.031410504 0.9327548
vn -0.5897444 -0.051603537 0.8059396
vn -0.95959854 -0.08394818 0.2685579
vn -0.9595981 -0.08395411 0.2685578
vn -0.959574 -0.083946034 0.2686464
vn -0.9595735 -0.08395195 0.26864627
vn 0.10452266 -0.99452245 0
vn 0.104522206 -0.9945226 0
vn 0.104522206 -0.9945226 0
vn 0.10452282 -0.99452245 0
vn 0.1045227 -0.99452245 0
vn 0.104522735 -0.99452245 0
vn 0.05474048 0.004768335 -0.99848926
vn 0.40950248 0.035821926 -0.9116055
vn 0.40950227 0.035833832 -0.91160506
vn 0.05474047 0.0048160166 -0.998489
vn -0.6862556 -0.06003306 -0.7248789
vn -0.68625546 -0.060036022 -0.7248787
vn -0.069713585 0.99756706 0
vn -0.06980848 0.9975604 0
vn -0.06980848 0.9975604 0
vn -0.069713585 0.99756706 0
vn -0.069713585 0.99756706 0
vn -0.069713585 0.99756706 0
vn -0.6066506 -0.05307359 0.79319495
vn -0.35877678 -0.031376276 0.93289584
vn -0.35877666 -0.031388186 0.93289554
vn -0.60664994 -0.053094383 0.79319406
vn -0.6074048 -0.053168185 0.79261124
vn -0.6074058 -0.05313698 0.79261255
vn -0.9873001 -0.08639949 0.1333184
vn -0.9873054 -0.086335875 0.13331911
vn -0.68625504 -0.060045674 -0.7248783
vn -0.6862556 -0.06003306 -0.7248789
vn 0.99619496 0.08715276 0
vn 0.9961939 0.08716459 0
vn 0.9961939 0.08716459 0
vn 0.99619496 0.08715276 0
vn -0.08716667 0.99619377 0
vn -0.08716667 0.99619377 0
vn -0.08716667 0.99619377 0
vn -0.08716667 0.99619377 0
vn -0.08716667 0.99619377 0
vn -0 0 1
vn -0 0 1
vn -0 0 1
vn -0 0 1
vn 0.087165624 -0.9961939 0
vn 0.087165624 -0.9961939 0
vn 0.087165624 -0.9961939 0
vn 0.087165624 -0.9961939 0
vn 0.087165624 -0.9961939 0
vn 0.8644563 0.07563039 -0.4969861
vn 0.8644563 0.07563039 -0.4969861
vn 0.4996143 0.04367691 -0.8651462
vn 0.499613 0.043736402 -0.86514395
vn -0.70476055 -0.061630778 -0.7067632
vn 0.49954167 0.043726586 -0.86518556
vn 0.49954274 0.043678995 -0.8651874
vn -0.7047574 -0.06170204 -0.7067601
vn -0.8191384 -0.57359594 0
vn 0.087118305 -0.996198 0
vn -0.8191384 -0.57359594 0
vn 0.087118305 -0.996198 0
vn 0.9063166 -0.4225993 -0.00028609985
vn 0.9063167 -0.42259935 0
vn -0.906301 0.4226329 0
vn -0.906301 0.4226329 0
vn -0.08716667 0.99619377 0
vn -0.08716667 0.99619377 0
vn 0.81915456 0.57357275 0.00019073393
vn 0.81915456 0.57357275 0
vn -0 0 -1
vn -0 0 -1
vn -0 0 -1
vn -0 0 -1
vn -0 0 -1
vn -0 0 -1
vn 0.90631896 -0.42259446 0
vn 0.8191602 0.57356477 0
vn 0.90631896 -0.42259446 0
vn 0.8191602 0.57356477 0
vn -0 0 1
vn -0 0 1
vn -0 0 1
vn -0 0 1
vn -0 0 1
vn -0 0 1
vn 0.70452094 0.061650354 -0.7070004
vn 0.704523 0.061602853 -0.7070024
vn -0.25788173 -0.0226028 -0.96591204
vn -0.25788215 -0.022531306 -0.9659136
vn -0.9622326 -0.08422397 -0.25887185
vn -0.9622326 -0.08422397 -0.25887185
vn -0.704523 -0.061602853 0.7070024
vn -0.9622326 -0.08422397 -0.25887185
vn -0.9622326 -0.08422397 -0.25887185
vn -0.70452094 -0.061650354 0.7070004
vn -0.70452094 -0.061650354 0.7070004
vn 0.25788203 0.022555139 0.96591306
vn -0.704523 -0.061602853 0.7070024
vn 0.2578819 0.02257897 0.9659126
vn 0.96222484 0.08431867 0.2588698
vn 0.9622366 0.08417662 0.2588729
vn 0.70452094 0.061650354 -0.7070004
vn 0.96222484 0.08431867 0.2588698
vn 0.704523 0.061602853 -0.7070024
vn 0.96226484 0.08414573 0.2587779
vn -0.0869753 0.99621046 0
vn -0.0869753 0.99621046 0
vn -0.0869753 0.99621046 0
vn -0.0869753 0.99621046 0
vn -0.0869753 0.99621046 0
vn -0.0869753 0.99621046 0
vn 0.0869753 -0.99621046 0
vn 0.0869753 -0.99621046 0
vn 0.0869753 -0.99621046 0
vn 0.0869753 -0.99621046 0
vn 0.0869753 -0.99621046 0
vn 0.0869753 -0.99621046 0
vn -0.99619496 -0.08715276 0
vn -0.7040948 -0.061559424 -0.7074327
vn -0.9961939 -0.08716459 0
vn -0.70406765 -0.061632745 -0.70745325
vn -0.6755868 -0.059128147 0.7349056
vn -0.6755877 -0.059104394 0.73490673
vn -0.6755868 -0.059128147 0.7349056
vn -0.6755877 -0.059104394 0.73490673
vn -0.90631443 0.4226042 0
vn -0.8191602 -0.57356477 0
vn -0.90631443 0.4226042 0
vn -0.8191602 -0.57356477 0
vn -0.24379219 0.9698275 -0.00033383124
vn 0.17132507 0.98521453 -2.9195546E-05
vn 0.17132507 0.98521453 -2.981018E-05
vn -0.24379219 0.9698275 -6.191622E-05
vn -0.772083 0.63551885 -0.0019430819
vn -0.75796264 0.65229803 -5.255721E-06
vn -0 0 1
vn -0 0 1
vn -0 0 1
vn -0 0 1
vn -0.87227076 0.488197 -0.028414594
vn -0.8727141 0.48823166 0
vn -0.8707873 0.49165347 -0.0025030845
vn -0.77276474 0.6346893 -0.002035254
vn -0.8694354 0.4940408 -0.0023656646
vn -0.8694347 0.4940403 -0.0027300974
vn -0.758502 0.65167075 9.2116425E-06
vn -0.15182786 -0.98840696 0
vn -0.15182786 -0.98840696 0
vn -0.15182786 -0.98840696 0
vn -0.15182786 -0.98840696 0
vn 0.8672316 -0.4979046 -0.00066768815
vn 0.86732626 -0.49774003 0
vn 0.86749053 -0.4974528 0.0009894695
vn 0.86706626 -0.4981912 -0.0012367758
vn 0.8670661 -0.49819103 -0.0014150752
vn 0.8668073 -0.4986431 0.00028258303
vn 0.8668073 -0.49864307 0.0005841983
vn -0 0 -1
vn -0 0 -1
vn -0 0 -1
vn -0.2872466 -0.47950733 -0.82919365
vn -0.29029834 -0.48484778 -0.8250149
vn 0.76759547 0.6409346 -5.961073E-06
vn 0.76759547 0.6409346 -7.3053134E-06
vn 0.9617539 0.27391484 -2.980445E-05
vn 0.9617539 0.27391484 1.0336878E-05
vn 0.9364057 -0.3509138 -0.0019339592
vn 0.9441257 -0.32958573 2.288757E-06
vn 0.8624316 -0.50616837 -0.002317595
vn 0.8613033 -0.508085 -0.002503234
vn 0.86259717 -0.50588405 -0.0027301905
vn 0.85875803 -0.51159245 -0.028421802
vn 0.85920507 -0.5116314 0
vn -0.45201704 -0.8128678 -0.36732346
vn -0.45201704 -0.8128678 -0.36732346
vn -0.27465835 -0.49362215 -0.8251666
vn -0.27160656 -0.48828146 -0.82934374
vn -0.78012395 -0.625625 0
vn -0.78012395 -0.625625 0
vn -0.78012395 -0.625625 0
vn -0.78012395 -0.625625 0
vn -0.8648415 0.502043 -0.0014186719
vn -0.8648424 0.5020435 0
vn -0.8646768 0.5023288 0
vn -0.8648415 0.502043 -0.0014186719
vn -0.8648415 0.502043 -0.0014177251
vn -0.86510396 0.50159246 1.2401838E-05
vn -0.8652694 0.5013069 0.0005841904
vn -0.2872465 -0.47950712 -0.8291937
vn -0.4779366 -0.7979596 -0.36720163
vn -0.4779366 -0.7979596 -0.36720163
vn -0.29029825 -0.48484766 -0.825015
vn -0.036621153 0.3524786 0.935103
vn 0.05378722 0.30822748 0.94979095
vn -0.09498568 0.32501122 0.940928
vn -0.09689349 0.3059393 0.9471076
vn -0.46728975 0.5950791 0.653851
vn -0.038910013 0.25177068 0.96700436
vn -0.038910013 0.25177068 0.96700436
vn 0.32348615 0.14419548 0.9351815
vn 0.32882565 0.08010834 0.9409869
vn 0.2403256 0.20065284 0.9497273
vn 0.31318688 0.06904607 0.9471782
vn 0.2376553 0.09231554 0.96695286
vn 0.2376553 0.09231554 0.96695286
vn -0 0 1
vn -0 0 1
vn -0 0 1
vn -0 0 1
vn -0 0 -1
vn -0 0 -1
vn -0 0 -1
vn -0.2716066 -0.48828152 -0.8293437
vn -0.27465788 -0.4940027 -0.82493895
vn 0.2498644 0.43297115 -0.86608535
vn -0.2498644 -0.43297115 -0.86608535
vn -0.2498644 -0.43297115 -0.86608535
vn 0.2498644 0.43297115 -0.86608535
vn -0.50011873 -0.86595684 -2.3842425E-05
vn -0.2498644 -0.43297115 -0.86608535
vn -0.2498644 -0.43297115 -0.86608535
vn -0.50011873 -0.86595684 -2.3842425E-05
vn -0.2498644 -0.43297115 0.86608535
vn -0.2498644 -0.43297115 0.86608535
vn 0.2498644 0.43297115 0.86608535
vn -0.2498644 -0.43297115 0.86608535
vn -0.2498644 -0.43297115 0.86608535
vn 0.2498644 0.43297115 0.86608535
vn 0.2498644 0.43297115 0.86608535
vn 0.50011873 0.86595684 0
vn 0.2498644 0.43297115 0.86608535
vn 0.50011873 0.86595684 2.3842425E-05
vn 0.2498644 0.43297115 -0.86608535
vn 0.2498644 0.43297115 -0.86608535
vn -0.86595684 0.50011873 0
vn -0.86595684 0.50011873 0
vn -0.86595684 0.50011873 0
vn -0.86595684 0.50011873 0
vn -0.86595684 0.50011873 0
vn -0.86595684 0.50011873 0
vn 0.86595684 -0.50011873 2.3842425E-05
vn 0.86595684 -0.50011873 2.3842425E-05
vn 0.86595684 -0.50011873 2.3842425E-05
vn 0.86595684 -0.50011873 2.3842425E-05
vn 0.86595684 -0.50011873 1.1921213E-05
vn 0.86595684 -0.50011873 1.1921213E-05
vn 0.3707908 0.64239895 0.6706994
vn 0.3707908 0.64239895 0.6706994
vn 0.41810557 0.72405505 0.5485728
vn 0.41810557 0.72405505 0.5485728
vn -0.4799536 -0.8313346 -0.28022727
vn -0.4799536 -0.8313346 -0.28022727
vn -0.4799536 -0.8313346 -0.28022727
vn -0.4799536 -0.8313346 -0.28022727
vn -0.28037933 -0.4852279 -0.8282157
vn -0.19302364 -0.3341674 -0.92253673
vn -0.28037933 -0.4852279 -0.8282157
vn -0.19149666 -0.3349284 -0.92257893
vn -0.20408551 -0.35362104 -0.9128534
vn -0.20408551 -0.35362104 -0.9128534
vn -0.44433445 -0.7696712 -0.45844635
vn -0.44433445 -0.7696712 -0.45844635
vn 0.89221525 -0.17623064 0.41580606
vn 0.88880855 -0.17127685 0.42506889
vn 0.92614126 -0.2651022 0.2682968
vn 0.9272853 -0.28608146 0.24145274
vn 0.92066544 -0.19531 0.3379779
vn 0.9179785 -0.17814088 0.35437444
vn 0.8960448 -0.44210982 0.04052991
vn 0.8960483 -0.44211152 0.040434703
vn -0.71076053 0.6604006 0.24226137
vn -0.6294661 0.6996611 0.33800423
vn -0.61343646 0.70575714 0.35440454
vn -0.5988942 0.6843415 0.4159358
vn -0.6927153 0.66944677 0.26830322
vn -0.59280103 0.6839719 0.42516974
vn -0.29984015 -0.5191889 -0.80033666
vn -0.29984015 -0.5191889 -0.80033666
vn -0.44726735 -0.7747548 -0.44688588
vn -0.44726735 -0.7747548 -0.44688588
vn 0.8696773 -0.4931986 -0.020406904
vn 0.8702047 -0.4925183 -0.013018734
vn 0.870817 -0.49090734 -0.026223684
vn 0.8734992 -0.48671836 -0.010215458
vn 0.8774294 -0.47953424 -0.012827637
vn 0.87474805 -0.48448753 -0.009370257
vn 0.86595684 -0.50011873 0
vn -0.27962127 -0.48409197 0.82913625
vn -0.27962127 -0.48409197 0.82913625
vn -0.27962127 -0.48409197 0.82913625
vn -0.27962127 -0.48409197 0.82913625
vn -0.028228797 -0.04844672 -0.9984268
vn 0.4337056 0.7510698 -0.4977888
vn 0.4337056 0.7510698 -0.4977888
vn -0.028228797 -0.04844672 -0.9984268
vn -0.26206914 -0.4535665 -0.85182
vn -0.26188084 -0.45357072 -0.8518756
vn 0.09002579 0.1556378 0.9837034
vn 0.26207697 0.45396158 0.8516071
vn 0.26207697 0.45396158 0.8516071
vn 0.09002579 0.1556378 0.9837034
vn -0.0984212 -0.17013898 0.98049265
vn -0.0984212 -0.17013898 0.98049265
vn -0.8619418 0.5065983 -0.020361206
vn -0.8604786 0.50881135 -0.026222475
vn -0.8616159 0.5073939 -0.013018659
vn -0.8582884 0.51306576 -0.010227937
vn -0.85410666 0.51994073 -0.012779174
vn -0.8568827 0.51542675 -0.0093471175
vn -0.86595684 0.50011873 0
vn 0.49818838 0.86324674 0.08132277
vn 0.49818838 0.86324674 0.08132277
vn 0.4337005 0.7510609 -0.49780673
vn 0.43334436 0.7511048 -0.49805042
vn -0.3456171 -0.5985356 -0.72270596
vn -0.3456171 -0.5985356 -0.72270596
vn -0.10967638 -0.18997857 -0.97564304
vn -0.10967638 -0.18997857 -0.97564304
vn 0.05607314 0.09726975 -0.9936772
vn 0.05607314 0.09726975 -0.9936772
vn 0.87507755 -0.48255152 -0.037192702
vn 0.87820464 -0.47610748 -0.04558881
vn 0.87820464 -0.47610748 -0.04558881
vn 0.8745023 -0.4836942 -0.035857454
vn 0.87060994 -0.49127957 -0.026127836
vn 0.87060994 -0.49127957 -0.026127836
vn -0.38741 -0.67105293 0.6321403
vn -0.38741 -0.67105293 0.6321403
vn -0.4991388 -0.8647671 0.055120796
vn -0.49928203 -0.86468476 0.055115554
vn -0.3459855 -0.5992759 -0.7219158
vn -0.3459855 -0.5992759 -0.7219158
vn -0.851375 0.5225733 -0.04558213
vn -0.851375 0.5225733 -0.04558213
vn -0.8554657 0.51652205 -0.03719416
vn -0.8562169 0.5153705 -0.035858497
vn -0.86064774 0.50852984 -0.026132256
vn -0.86064774 0.50852984 -0.026132256
vn -0.83083797 0.55503637 0.040531006
vn -0.6932056 0.66917044 0.26772538
vn -0.711448 0.65994906 0.2414727
vn -0.8308412 0.5550386 0.040435802
vn 0.21077296 0.36508548 0.90680057
vn 0.21077296 0.36508548 0.90680057
vn 0.21077296 0.36508548 0.90680057
vn 0.21077296 0.36508548 0.90680057
vn 0.37040433 0.6420088 0.67128634
vn 0.37040433 0.6420088 0.67128634
vn 0.30670577 0.53139436 0.7896529
vn 0.30670577 0.53139436 0.7896529
vn -0.4473055 -0.7748208 -0.44673324
vn -0.44433445 -0.7696712 -0.45844635
vn -0.4473055 -0.7748208 -0.44673324
vn -0.44433445 -0.7696712 -0.45844635
vn -0.8571477 0.5150706 0
vn -0.8571477 0.5150706 0
vn -0.85718983 0.5150006 0
vn -0.85718983 0.5150006 0
vn -0.85718983 0.5150006 0
vn -0.8569672 0.5153629 -0.0028610078
vn -0.8570803 0.5151828 -0.0003814756
vn -0.85946345 0.5111767 -0.004577702
vn -0.86011195 0.5100774 -0.005341125
vn -0.8619206 0.50696725 -0.0087737
vn -0.8619206 0.50696725 -0.0087737
vn -0.1802326 -0.31202176 0.93282294
vn -0.18025394 -0.3122494 0.93274266
vn -0.18025394 -0.3122494 0.93274266
vn -0.1802326 -0.31202176 0.93282294
vn 0.8746023 -0.48484114 0
vn 0.8746023 -0.48484114 0
vn 0.8746023 -0.48484114 0
vn 0.8746023 -0.48484114 0
vn 0.8746246 -0.48480067 0
vn 0.87470365 -0.4846537 -0.0020980681
vn 0.8746022 -0.48484105 -0.00038146426
vn 0.87224305 -0.48905122 -0.0045777024
vn 0.8718228 -0.48979238 -0.0053404155
vn 0.87003505 -0.4929118 -0.008774745
vn 0.87003505 -0.4929118 -0.008774745
vn 0.03805314 0.06580617 -0.9971066
vn -0.47546488 -0.8236115 -0.30918807
vn -0.4755756 -0.8235554 -0.3091671
vn 0.03805314 0.06580617 -0.9971066
vn 0.28819537 0.49914443 -0.8171893
vn 0.28819537 0.49914443 -0.8171893
vn 0.2904994 0.5031762 -0.8138942
vn 0.2905867 0.50316226 -0.8138717
vn 0.2756012 0.4775816 -0.83424205
vn 0.2756012 0.4775816 -0.83424205
vn 0.33909267 0.5874046 -0.73482794
vn 0.33909267 0.5874046 -0.73482794
vn -0.29639763 -0.5133553 0.80536616
vn -0.29639763 -0.5133553 0.80536616
vn -0.4755018 -0.8235928 -0.3091811
vn -0.4755018 -0.8235928 -0.3091811
vn -0.1802379 -0.31222165 0.932755
vn -0.1802379 -0.31222165 0.932755
vn -0.29601452 -0.51268494 0.80593395
vn -0.29597104 -0.5126922 0.80594534
vn -0.48158646 -0.8342413 0.26854408
vn -0.48158646 -0.8342413 0.26854408
vn -0.4815741 -0.83421993 0.26863256
vn -0.4815741 -0.83421993 0.26863256
vn 0.8746023 -0.48484114 0
vn 0.8746023 -0.48484114 0
vn 0.8746023 -0.48484114 0
vn 0.8746023 -0.48484114 0
vn 0.8746023 -0.48484114 0
vn 0.8746023 -0.48484114 0
vn 0.02746561 0.047587987 -0.9984894
vn 0.20552133 0.35591906 -0.91163725
vn 0.20552133 0.35591906 -0.91163725
vn 0.02746561 0.047587987 -0.9984894
vn -0.34443197 -0.5965449 -0.7249142
vn -0.34443197 -0.5965449 -0.7249142
vn -0.8571477 0.5150706 0
vn -0.85718983 0.5150006 0
vn -0.85718983 0.5150006 0
vn -0.8571477 0.5150706 0
vn -0.8571477 0.5150706 0
vn -0.8571477 0.5150706 0
vn -0.18005878 -0.3118603 0.9329105
vn -0.18005878 -0.3118603 0.9329105
vn -0.30442518 -0.52740324 0.79320306
vn -0.30446848 -0.5273956 0.79319155
vn -0.3048887 -0.52804774 0.7925961
vn -0.3048887 -0.52804774 0.7925961
vn -0.49556142 -0.8582802 0.13331953
vn -0.49552545 -0.85830045 0.13332266
vn -0.34445444 -0.59659666 -0.7248611
vn -0.34441245 -0.59660643 -0.72487295
vn 0.50000596 0.86602205 0
vn 0.50000596 0.86602205 0
vn 0.50000596 0.86602205 0
vn 0.50000596 0.86602205 0
vn -0.866019 0.5000111 0
vn -0.86602205 0.50000596 0
vn -0.866019 0.5000111 0
vn -0.86602205 0.50000596 0
vn -0.86602205 0.50000596 0
vn -0 0 1
vn -0 0 1
vn -0 0 1
vn -0 0 1
vn 0.86602205 -0.50000596 0
vn 0.86602205 -0.50000596 0
vn 0.86602205 -0.50000596 0
vn 0.86602205 -0.50000596 0
vn 0.86602205 -0.50000596 0
vn 0.25072032 0.43430215 -0.8651711
vn 0.43384385 0.7515256 -0.49697965
vn 0.43388262 0.75151 -0.4969694
vn 0.25076497 0.43429697 -0.86516064
vn 0.25076497 0.43429697 -0.86516064
vn -0.35347396 -0.6128217 -0.7067572
vn -0.3537656 -0.61264056 -0.7067683
vn 0.25062057 0.4343899 -0.86515594
vn 0.86602205 -0.50000596 0
vn 0.86602205 -0.50000596 0
vn 2.3841882E-05 -1 0
vn 2.3841882E-05 -1 0
vn -0.866019 -0.5000111 0
vn -0.866019 -0.5000111 0
vn -0.86604565 0.49996495 0
vn -0.86604565 0.49996495 0
vn -0.8660323 -0.49998796 0
vn -0.8660323 -0.49998796 0
vn -0.866019 0.5000111 0
vn -0.866019 0.5000111 0
vn -2.3841312E-05 1 0
vn -2.3841312E-05 1 0
vn 0.86602205 0.50000596 0
vn 0.86602205 0.50000596 0
vn -0 0 -1
vn -0 0 -1
vn -0 0 -1
vn -0 0 -1
vn -0 0 -1
vn -0 0 -1
vn 0.8660323 -0.49998796 0
vn 0.8660323 -0.49998796 0
vn 0.8660427 0.4999701 0
vn 0.8660427 0.4999701 0
vn -0 0 1
vn -0 0 1
vn -0 0 1
vn -0 0 1
vn -0 0 1
vn -0 0 1
vn -0.1295082 -0.22430289 -0.9658757
vn 0.35343695 0.6122681 -0.70725536
vn 0.35365152 0.61230934 -0.7071123
vn -0.12932067 -0.22430842 -0.96589947
vn -0.48292586 -0.83653754 -0.25881928
vn -0.48292586 -0.83653754 -0.25881928
vn -0.35365152 -0.61230934 0.7071123
vn -0.35365152 -0.61230934 0.7071123
vn -0.48292586 -0.83653754 -0.25881928
vn -0.48292586 -0.83653754 -0.25881928
vn -0.35365152 -0.61230934 0.7071123
vn -0.35343695 -0.6122681 0.70725536
vn 0.1295082 0.22430289 0.9658757
vn 0.12932067 0.22430842 0.96589947
vn 0.48292586 0.83653754 0.25881928
vn 0.48292586 0.83653754 0.25881928
vn 0.35365152 0.61230934 -0.7071123
vn 0.48292586 0.83653754 0.25881928
vn 0.48292586 0.83653754 0.25881928
vn 0.35365152 0.61230934 -0.7071123
vn -0.86595684 0.50011873 0
vn -0.86595684 0.50011873 0
vn -0.86595684 0.50011873 0
vn -0.86595684 0.50011873 0
vn -0.86595684 0.50011873 0
vn -0.86595684 0.50011873 0
vn 0.86595684 -0.50011873 0
vn 0.86595684 -0.50011873 0
vn 0.86595684 -0.50011873 0
vn 0.86595684 -0.50011873 0
vn 0.86595684 -0.50011873 0
vn 0.86595684 -0.50011873 0
vn -0.12989435 -0.22392948 0.9659105
vn 0.8659568 -0.5001187 -0.00057221815
vn 0.866087 -0.49989298 -0.00047681513
vn -0.1298006 -0.22393227 0.9659225
vn -0.8659568 0.5001187 -0.00057221815
vn -0.12894556 -0.2243195 0.9659471
vn -0.8659568 0.50011855 -0.00047684842
vn -0.12894556 -0.2243195 0.9659471
vn 0.12989435 0.22392948 -0.9659105
vn -0.86616963 0.49974996 0.0003814885
vn 0.12989435 0.22392948 -0.9659105
vn -0.86606324 0.49993435 0.00047685456
vn 0.1290338 0.22449784 -0.9658939
vn 0.8659568 -0.50011855 0.00047684842
vn 0.86595684 -0.5001186 0.00038147878
vn 0.12894556 0.2243195 -0.9659471
vn -0.50000596 -0.86602205 0
vn -0.35338882 -0.61207646 -0.7074452
vn -0.35338882 -0.61207646 -0.7074452
vn -0.49999696 -0.8660271 0
vn -0.33909267 -0.5874046 0.73482794
vn -0.33909267 -0.5874046 0.73482794
vn -0.33909267 -0.5874046 0.73482794
vn -0.33909267 -0.5874046 0.73482794
vn -0.76759547 0.6409346 -7.2930643E-06
vn -0.76759547 0.6409346 -5.961073E-06
vn -0.9617539 0.27391484 -0.00020267029
vn -0.9617539 0.27391484 1.159553E-05
vn -0.9364057 -0.3509138 -0.0019309792
vn -0.9441257 -0.32958573 5.6210324E-06
vn -0.8624313 -0.5061682 -0.0024593284
vn -0.8613033 -0.508085 -0.002503234
vn -0.86259717 -0.50588405 -0.0027301905
vn -0.85875833 -0.51159257 -0.028409889
vn -0.85920507 -0.5116314 0
vn -0 0 1
vn -0 0 1
vn -0 0 1
vn -0 0 1
vn 0.78012395 -0.625625 0
vn 0.78012395 -0.625625 0
vn 0.78012395 -0.625625 0
vn 0.78012395 -0.625625 0
vn 0.8648423 0.5020434 -0.00046494332
vn 0.8646768 0.5023288 0
vn 0.86484194 0.50204325 0.001001416
vn 0.86484176 0.5020431 -0.0011742793
vn 0.8648415 0.502043 -0.0014241219
vn 0.86510396 0.50159246 -0.00035280298
vn 0.8652694 0.5013069 0.0005841904
vn -0 0 -1
vn -0 0 -1
vn -0 0 -1
vn 0.27160665 -0.48828167 -0.82934356
vn 0.2746579 -0.4940028 -0.82493895
vn -0.17132507 0.98521453 0
vn -0.17132507 0.98521453 0
vn 0.24379219 0.9698275 -2.0864454E-05
vn 0.24379219 0.9698275 -0.00021513342
vn 0.772083 0.6355189 -0.0019281809
vn 0.75796264 0.65229803 9.204721E-06
vn 0.8694352 0.49404058 -0.0025084615
vn 0.77329254 0.63404644 -0.0019223826
vn 0.758502 0.65167075 9.2553455E-06
vn 0.8707873 0.49165347 -0.0024792457
vn 0.8694347 0.4940403 -0.0027300974
vn 0.87227076 0.488197 -0.028414594
vn 0.8727141 0.48823166 0
vn 0.47793454 -0.7979561 -0.3672119
vn 0.47793454 -0.7979561 -0.3672119
vn 0.2872465 -0.47950712 -0.8291937
vn 0.29029825 -0.4848477 -0.8250149
vn 0.15182786 -0.98840696 0
vn 0.15182786 -0.98840696 0
vn 0.15182786 -0.98840696 0
vn 0.15182786 -0.98840696 0
vn -0.8670661 -0.49819103 -0.0014185667
vn -0.8674907 -0.4974529 0.000667594
vn -0.86732626 -0.49774003 0
vn -0.8670661 -0.49819103 -0.0014185667
vn -0.8670661 -0.49819103 -0.0014193307
vn -0.86680734 -0.49864313 0.00023298814
vn -0.8668073 -0.49864307 0.0005841983
vn 0.45201704 -0.8128678 -0.36732346
vn 0.27465832 -0.4936221 -0.82516664
vn 0.45201704 -0.8128678 -0.36732346
vn 0.27160656 -0.48828146 -0.82934374
vn -0.32348615 0.14419548 0.9351815
vn -0.2403256 0.20065284 0.9497273
vn -0.32882565 0.08010834 0.9409869
vn -0.31318688 0.06904607 0.9471782
vn -0.2376553 0.09231554 0.96695286
vn -0.2376553 0.09231554 0.96695286
vn 0.036621153 0.3524786 0.935103
vn 0.09498568 0.32501122 0.940928
vn -0.05378722 0.30822748 0.94979095
vn 0.09689349 0.3059393 0.9471076
vn 0.46728975 0.5950791 0.653851
vn 0.038910013 0.25177068 0.96700436
vn 0.038910013 0.25177068 0.96700436
vn -0 0 1
vn -0 0 1
vn -0 0 1
vn -0 0 1
vn -0 0 -1
vn -0 0 -1
vn -0 0 -1
vn 0.2872466 -0.47950733 -0.82919365
vn 0.2902984 -0.4848479 -0.82501477
vn 0.2498644 -0.43297115 -0.86608535
vn -0.2498644 0.43297115 -0.86608535
vn -0.2498644 0.43297115 -0.86608535
vn 0.2498644 -0.43297115 -0.86608535
vn 0.2498644 -0.43297115 -0.86608535
vn 0.2498644 -0.43297115 -0.86608535
vn 0.50011873 -0.86595684 0
vn 0.50011873 -0.86595684 0
vn 0.2498644 -0.43297115 0.86608535
vn 0.2498644 -0.43297115 0.86608535
vn 0.2498644 -0.43297115 0.86608535
vn -0.2498644 0.43297115 0.86608535
vn -0.2498644 0.43297115 0.86608535
vn 0.25024268 -0.43296564 0.86597896
vn -0.50011873 0.86595684 -4.768485E-05
vn -0.2498644 0.43297115 0.86608535
vn -0.2498644 0.43297115 0.86608535
vn -0.50011873 0.86595684 0
vn -0.2498644 0.43297115 -0.86608535
vn -0.2498644 0.43297115 -0.86608535
vn -0.86595684 -0.50011873 0
vn -0.86595684 -0.50011873 0
vn -0.86595684 -0.50011873 0
vn -0.86595684 -0.50011873 0
vn -0.86595684 -0.50011873 0
vn -0.86595684 -0.50011873 0
vn 0.86595684 0.50011873 2.3842425E-05
vn 0.86595684 0.50011873 1.1921213E-05
vn 0.86595684 0.50011873 1.1921213E-05
vn 0.86595684 0.50011873 2.3842425E-05
vn 0.86595684 0.50011873 2.3842425E-05
vn 0.86595684 0.50011873 2.3842425E-05
vn -0.3707908 0.64239895 0.6706994
vn -0.41810557 0.72405505 0.5485728
vn -0.3707908 0.64239895 0.6706994
vn -0.41810557 0.72405505 0.5485728
vn 0.4799536 -0.8313346 -0.28022727
vn 0.4799536 -0.8313346 -0.28022727
vn 0.4799536 -0.8313346 -0.28022727
vn 0.4799536 -0.8313346 -0.28022727
vn 0.19302364 -0.3341674 -0.92253673
vn 0.28037933 -0.4852279 -0.8282157
vn 0.28037933 -0.4852279 -0.8282157
vn 0.19416595 -0.33340085 -0.92257434
vn 0.20408551 -0.35362104 -0.9128534
vn 0.20408551 -0.35362104 -0.9128534
vn 0.44433445 -0.7696712 -0.45844635
vn 0.44433445 -0.7696712 -0.45844635
vn -0.9273163 -0.2853281 0.24222374
vn -0.92066544 -0.19531 0.3379779
vn -0.9179785 -0.17814088 0.35437444
vn -0.8921906 -0.1766072 0.4156992
vn -0.9261548 -0.265869 0.26749015
vn -0.88880855 -0.17127685 0.42506889
vn -0.8960448 -0.44210982 0.04052991
vn -0.8960483 -0.44211152 0.040434703
vn 0.44726735 -0.7747548 -0.44688588
vn 0.44726735 -0.7747548 -0.44688588
vn 0.29984015 -0.5191889 -0.80033666
vn 0.29984015 -0.5191889 -0.80033666
vn 0.861941 0.50659776 -0.02040887
vn 0.8616159 0.5073939 -0.013018659
vn 0.8604786 0.50881135 -0.026222475
vn 0.8582885 0.5130658 -0.010216018
vn 0.8538355 0.5203895 -0.012637758
vn 0.8568827 0.51542675 -0.0093471175
vn 0.86595684 0.50011873 0
vn 0.27962127 -0.48409197 0.82913625
vn 0.27962127 -0.48409197 0.82913625
vn 0.27962127 -0.48409197 0.82913625
vn 0.27962127 -0.48409197 0.82913625
vn -0.43334952 0.7511137 -0.49803248
vn -0.4337056 0.7510698 -0.4977888
vn 0.028228797 -0.04844672 -0.9984268
vn 0.028228797 -0.04844672 -0.9984268
vn 0.26188084 -0.45357072 -0.8518756
vn 0.26206914 -0.4535665 -0.85182
vn -0.09002579 0.1556378 0.9837034
vn -0.26207697 0.45396158 0.8516071
vn -0.26207697 0.45396158 0.8516071
vn -0.09002579 0.1556378 0.9837034
vn 0.0984212 -0.17013898 0.98049265
vn 0.0984212 -0.17013898 0.98049265
vn -0.8696791 -0.49319956 -0.020311583
vn -0.8708181 -0.49090794 -0.026176035
vn -0.8702047 -0.4925183 -0.013018734
vn -0.8734992 -0.48671836 -0.010215458
vn -0.8772678 -0.47982734 -0.012920629
vn -0.8747481 -0.48448762 -0.009346414
vn -0.86595684 -0.50011873 0
vn -0.49818838 0.86324674 0.08132277
vn -0.43334436 0.7511048 -0.49805042
vn -0.43373716 0.750743 -0.4982541
vn -0.49818838 0.86324674 0.08132277
vn 0.3456171 -0.5985356 -0.72270596
vn 0.3456171 -0.5985356 -0.72270596
vn 0.10967638 -0.18997857 -0.97564304
vn 0.10967638 -0.18997857 -0.97564304
vn -0.05607314 0.09726975 -0.9936772
vn -0.05607314 0.09726975 -0.9936772
vn 0.8554657 0.51652205 -0.03719416
vn 0.851375 0.5225733 -0.04558213
vn 0.851375 0.5225733 -0.04558213
vn 0.8562169 0.5153705 -0.035858497
vn 0.86064774 0.50852984 -0.026132256
vn 0.86064774 0.50852984 -0.026132256
vn 0.38741 -0.67105293 0.6321403
vn 0.4991388 -0.8647671 0.055120796
vn 0.38741 -0.67105293 0.6321403
vn 0.49928203 -0.86468476 0.055115554
vn 0.3459855 -0.5992759 -0.7219158
vn 0.3459855 -0.5992759 -0.7219158
vn -0.87820464 -0.47610748 -0.04558881
vn -0.87820464 -0.47610748 -0.04558881
vn -0.87507755 -0.48255152 -0.037192702
vn -0.8745023 -0.4836942 -0.035857454
vn -0.87060994 -0.49127957 -0.026127836
vn -0.87060994 -0.49127957 -0.026127836
vn 0.83083797 0.55503637 0.040531006
vn 0.8308412 0.5550386 0.040435802
vn 0.711448 0.65994906 0.2414727
vn 0.6932056 0.66917044 0.26772538
vn 0.5992634 0.6843275 0.41542664
vn 0.6294661 0.6996611 0.33800423
vn -0.21077296 0.36508548 0.90680057
vn -0.21077296 0.36508548 0.90680057
vn -0.21077296 0.36508548 0.90680057
vn -0.21077296 0.36508548 0.90680057
vn -0.30670577 0.53139436 0.7896529
vn -0.3707809 0.6420002 0.6710866
vn -0.37040433 0.6420088 0.67128634
vn -0.30670577 0.53139436 0.7896529
vn 0.4473055 -0.7748208 -0.44673324
vn 0.4473055 -0.7748208 -0.44673324
vn 0.44433445 -0.7696712 -0.45844635
vn 0.44433445 -0.7696712 -0.45844635
vn -0.8746023 -0.48484114 0
vn -0.8746023 -0.48484114 0
vn -0.8746023 -0.48484114 0
vn -0.8746023 -0.48484114 0
vn -0.8746246 -0.48480067 0
vn -0.8747828 -0.48450685 -0.0028612607
vn -0.8746022 -0.48484105 -0.00038146426
vn -0.87224305 -0.48905122 -0.0045777024
vn -0.8718228 -0.48979238 -0.0053404155
vn -0.87003505 -0.4929118 -0.008774745
vn -0.87003505 -0.4929118 -0.008774745
vn 0.18025394 -0.3122494 0.93274266
vn 0.1802326 -0.31202176 0.93282294
vn 0.1802326 -0.31202176 0.93282294
vn 0.18025394 -0.3122494 0.93274266
vn 0.8571477 0.5150706 0
vn 0.85718983 0.5150006 0
vn 0.8571477 0.5150706 0
vn 0.85718983 0.5150006 0
vn 0.85718983 0.5150006 0
vn 0.8570788 0.5151819 -0.0019073748
vn 0.8570803 0.5151828 -0.0003814756
vn 0.85946345 0.5111767 -0.004577702
vn 0.86011195 0.5100774 -0.005341125
vn 0.8619206 0.50696725 -0.0087737
vn 0.8619206 0.50696725 -0.0087737
vn 0.47546488 -0.8236115 -0.30918807
vn -0.0379579 0.06580641 -0.9971102
vn 0.4755018 -0.8235928 -0.3091811
vn -0.0379579 0.06580641 -0.9971102
vn -0.28819537 0.49914443 -0.8171893
vn -0.28819537 0.49914443 -0.8171893
vn -0.2905867 0.50316226 -0.8138717
vn -0.2904994 0.5031762 -0.8138942
vn -0.2756012 0.4775816 -0.83424205
vn -0.2756012 0.4775816 -0.83424205
vn -0.33909267 0.5874046 -0.73482794
vn -0.33909267 0.5874046 -0.73482794
vn 0.29639763 -0.5133553 0.80536616
vn 0.4755018 -0.8235928 -0.3091811
vn 0.29639763 -0.5133553 0.80536616
vn 0.4755018 -0.8235928 -0.3091811
vn 0.29601452 -0.51268494 0.80593395
vn 0.1802379 -0.31222165 0.932755
vn 0.1802379 -0.31222165 0.932755
vn 0.29601452 -0.51268494 0.80593395
vn 0.48158646 -0.8342413 0.26854408
vn 0.48158646 -0.8342413 0.26854408
vn 0.4815741 -0.83421993 0.26863256
vn 0.4815741 -0.83421993 0.26863256
vn 0.8571477 0.5150706 0
vn 0.85718983 0.5150006 0
vn 0.85718983 0.5150006 0
vn 0.8571477 0.5150706 0
vn 0.8571477 0.5150706 0
vn 0.8571477 0.5150706 0
vn -0.02746561 0.047587987 -0.9984894
vn -0.20552133 0.35591906 -0.91163725
vn -0.20552133 0.35591906 -0.91163725
vn -0.02746561 0.047587987 -0.9984894
vn 0.34443197 -0.5965449 -0.7249142
vn 0.34443197 -0.5965449 -0.7249142
vn -0.8746023 -0.48484114 0
vn -0.8746023 -0.48484114 0
vn -0.8746023 -0.48484114 0
vn -0.8746023 -0.48484114 0
vn -0.8746023 -0.48484114 0
vn -0.8746023 -0.48484114 0
vn 0.30451173 -0.527388 0.79318005
vn 0.18005878 -0.3118603 0.9329105
vn 0.18005878 -0.3118603 0.9329105
vn 0.30451173 -0.527388 0.79318005
vn 0.3048887 -0.52804774 0.7925961
vn 0.3048887 -0.52804774 0.7925961
vn 0.49556142 -0.8582802 0.13331953
vn 0.49552545 -0.85830045 0.13332266
vn 0.34445444 -0.59659666 -0.7248611
vn 0.34441245 -0.59660643 -0.72487295
vn -0.50000596 0.86602205 0
vn -0.50000596 0.86602205 0
vn -0.50000596 0.86602205 0
vn -0.50000596 0.86602205 0
vn -0.86602205 -0.50000596 0
vn -0.86602205 -0.50000596 0
vn -0.86602205 -0.50000596 0
vn -0.86602205 -0.50000596 0
vn -0.86602205 -0.50000596 0
vn -0 0 1
vn -0 0 1
vn -0 0 1
vn -0 0 1
vn 0.866019 0.5000111 0
vn 0.86602205 0.50000596 0
vn 0.866019 0.5000111 0
vn 0.86602205 0.50000596 0
vn 0.86602205 0.50000596 0
vn -0.43388262 0.75151 -0.4969694
vn -0.43384385 0.7515256 -0.49697965
vn -0.25062057 0.4343899 -0.86515594
vn -0.25076497 0.43429697 -0.86516064
vn 0.35365108 -0.61272335 -0.70675373
vn -0.25076497 0.43429697 -0.86516064
vn -0.25072032 0.43430215 -0.8651711
vn 0.35400516 -0.61249954 -0.70677054
vn 0.8660323 -0.49998796 0
vn 0.86604565 0.49996495 0
vn 0.8660323 -0.49998796 0
vn 0.86604565 0.49996495 0
vn -0.86602205 -0.50000596 0
vn -2.3841882E-05 -1 0
vn -0.86602205 -0.50000596 0
vn -2.3841882E-05 -1 0
vn 0.866019 -0.5000111 0
vn 0.866019 -0.5000111 0
vn -0.8660427 0.4999701 0
vn -0.8660323 -0.49998796 0
vn -0.8660427 0.4999701 0
vn -0.8660323 -0.49998796 0
vn -0 0 -1
vn -0 0 -1
vn -0 0 -1
vn -0 0 -1
vn -0 0 -1
vn -0 0 -1
vn -0.86602205 0.50000596 0
vn -0.86602205 0.50000596 0
vn -2.3841312E-05 1 0
vn -2.3841312E-05 1 0
vn 0.866019 0.5000111 0
vn 0.866019 0.5000111 0
vn -0 0 1
vn -0 0 1
vn -0 0 1
vn -0 0 1
vn -0 0 1
vn -0 0 1
vn -0.35365152 0.61230934 -0.7071123
vn -0.35343695 0.6122681 -0.70725536
vn 0.1295082 -0.22430289 -0.9658757
vn 0.12932067 -0.22430842 -0.96589947
vn 0.48292586 -0.83653754 -0.25881928
vn 0.48292586 -0.83653754 -0.25881928
vn 0.35365152 -0.61230934 0.7071123
vn 0.48292586 -0.83653754 -0.25881928
vn 0.48292586 -0.83653754 -0.25881928
vn 0.35365152 -0.61230934 0.7071123
vn 0.35365152 -0.61230934 0.7071123
vn -0.12932067 0.22430842 0.96589947
vn 0.35343695 -0.6122681 0.70725536
vn -0.1295082 0.22430289 0.9658757
vn -0.48292586 0.83653754 0.25881928
vn -0.48292586 0.83653754 0.25881928
vn -0.35365152 0.61230934 -0.7071123
vn -0.48292586 0.83653754 0.25881928
vn -0.35365152 0.61230934 -0.7071123
vn -0.48292586 0.83653754 0.25881928
vn -0.86595684 -0.50011873 0
vn -0.86595684 -0.50011873 0
vn -0.86595684 -0.50011873 0
vn -0.86595684 -0.50011873 0
vn -0.86595684 -0.50011873 0
vn -0.86595684 -0.50011873 0
vn 0.86595684 0.50011873 0
vn 0.86595684 0.50011873 0
vn 0.86595684 0.50011873 0
vn 0.86595684 0.50011873 0
vn 0.86595684 0.50011873 0
vn 0.86595684 0.50011873 0
vn 0.8659568 0.50011855 -0.00047684842
vn 0.12894556 -0.2243195 0.9659471
vn 0.12894556 -0.2243195 0.9659471
vn 0.8661696 0.49974993 -0.0005722327
vn -0.866087 -0.49989298 -0.00047681513
vn -0.8659568 -0.5001187 -0.00057221815
vn 0.13007075 -0.22428621 0.9658039
vn 0.1298006 -0.22393227 0.9659225
vn -0.12894556 0.2243195 -0.9659471
vn -0.8657438 -0.50048727 0.00038146897
vn -0.1290338 0.22449784 -0.9658939
vn -0.8659568 -0.50011855 0.00047684842
vn -0.12989435 0.22392948 -0.9659105
vn 0.86606324 0.49993435 0.00047685456
vn 0.8661696 0.49974993 0.0005722327
vn -0.12989435 0.22392948 -0.9659105
vn 0.49999696 -0.8660271 0
vn 0.35338882 -0.61207646 -0.7074452
vn 0.50000596 -0.86602205 0
vn 0.35338882 -0.61207646 -0.7074452
vn 0.33909267 -0.5874046 0.73482794
vn 0.33909267 -0.5874046 0.73482794
vn 0.33909267 -0.5874046 0.73482794
vn 0.33909267 -0.5874046 0.73482794
vn -0.9652464 -0.2613414 -1.49031375E-05
vn -0.7759273 -0.6308224 -3.2783308E-05
vn -0.7759273 -0.6308224 7.0455253E-06
vn -0.9652464 -0.2613414 -1.4590033E-05
vn -0.24948525 -0.96837664 -0.0019371824
vn -0.77515626 -0.6317695 0.000121459634
vn -0.77515626 -0.6317695 -3.5763238E-05
vn -0.27160853 -0.96240777 1.8328069E-07
vn -0.080108866 -0.99678314 -0.0024581365
vn -0.07781929 -0.9969643 -0.002503378
vn -0.0801088 -0.9967824 -0.0027298983
vn -0.074003436 -0.99685293 -0.028418843
vn -0.07400517 -0.9972579 0
vn -0 0 1
vn -0 0 1
vn -0 0 1
vn -0 0 1
vn 0.9599059 0.28032228 0
vn 0.9599059 0.28032228 0
vn 0.9599059 0.28032228 0
vn 0.9599059 0.28032228 0
vn 0.084687 0.99640745 -0.0006198936
vn 0.08468701 0.99640757 0
vn 0.08468697 0.9964071 0.0009894451
vn 0.08468695 0.99640685 -0.0011891222
vn 0.084686935 0.9964066 -0.0014173926
vn 0.08544847 0.9963426 -0.00030391014
vn 0.085448466 0.9963425 0.0005960412
vn -0 0 -1
vn -0 0 -1
vn -0 0 -1
vn 0.556182 -0.05769721 -0.82905525
vn 0.5622853 -0.058269385 -0.82488775
vn -0.90550476 0.42433617 -8.939667E-06
vn -0.90550476 0.42433617 -9.111357E-06
vn -0.6546 0.7559754 1.0605703E-05
vn -0.6546 0.7559754 -2.9802233E-05
vn -0.65385693 0.7566182 -2.9803137E-05
vn -0.6538334 0.7566385 1.0062489E-05
vn -0.07705369 0.9970251 -0.0019340903
vn -0.099947505 0.9949927 2.3012149E-06
vn 0.0938456 0.9955836 -0.0025077474
vn 0.09689688 0.99529123 -0.0025034873
vn 0.09384109 0.9955835 -0.0027298797
vn 0.100709856 0.9945098 -0.028420018
vn 0.100712314 0.9949156 0
vn 0.9277111 -0.06613566 -0.36739385
vn 0.9277111 -0.06613566 -0.36739385
vn 0.5638115 -0.040173475 -0.82492584
vn 0.55770797 -0.03972048 -0.82908636
vn 0.89655346 -0.4429356 0
vn 0.89655346 -0.4429356 0
vn 0.89655346 -0.4429356 0
vn 0.89655346 -0.4429356 0
vn -0.08926299 -0.99600714 -0.0014185759
vn -0.09002837 -0.9959388 0.00095369027
vn -0.090028405 -0.99593925 0
vn -0.08926299 -0.99600714 -0.0014185759
vn -0.08926299 -0.99600714 -0.0014173099
vn -0.08850194 -0.9960759 0.00023275006
vn -0.08850192 -0.9960758 0.00059605285
vn 0.9252759 -0.09582671 -0.36699003
vn 0.5622851 -0.058269374 -0.82488793
vn 0.5561818 -0.057697188 -0.82905537
vn 0.9252759 -0.09582671 -0.36699003
vn -0.3036501 -0.18219958 0.93520045
vn -0.3021241 -0.08172991 0.9497586
vn -0.2540577 -0.22325416 0.9410697
vn -0.23651141 -0.2169134 0.94710666
vn -0.21209718 -0.14171602 0.9669185
vn -0.21209718 -0.14171602 0.9669185
vn -0.26779208 0.23221998 0.9350729
vn -0.21209686 0.26407203 0.94089365
vn -0.28381354 0.13298991 0.9496124
vn -0.19531281 0.2547268 0.9470835
vn -0.18386896 0.1763349 0.9670048
vn -0.18386896 0.1763349 0.9670048
vn -0 0 1
vn -0 0 1
vn -0 0 1
vn -0 0 1
vn -0 0 -1
vn -0 0 -1
vn -0 0 -1
vn 0.55770814 -0.039720487 -0.8290862
vn 0.56381154 -0.04014964 -0.824927
vn -0.49819708 0.043582708 -0.86596787
vn 0.49819806 -0.043535113 -0.86596966
vn 0.49819708 -0.043582708 -0.86596787
vn -0.49819806 0.043535113 -0.86596966
vn 0.99619544 -0.08714804 2.383699E-05
vn 0.49819708 -0.043582708 -0.86596787
vn 0.49819806 -0.043535113 -0.86596966
vn 0.99619955 -0.087100714 2.3837089E-05
vn 0.49819294 -0.04353466 0.8659726
vn 0.4982022 -0.04358315 0.86596483
vn -0.49819294 0.04353466 0.8659726
vn 0.49819294 -0.04353466 0.8659726
vn 0.49819294 -0.04353466 0.8659726
vn -0.4982022 0.04358315 0.86596483
vn -0.4982022 0.04358315 0.86596483
vn -0.99619544 0.08714804 0
vn -0.49819294 0.04353466 0.8659726
vn -0.99619955 0.087100714 2.3837089E-05
vn -0.49819806 0.043535113 -0.86596966
vn -0.49819812 0.043296695 -0.86598164
vn -0.0869753 -0.99621046 0
vn -0.0869753 -0.99621046 0
vn -0.0869753 -0.99621046 0
vn -0.0869753 -0.99621046 0
vn -0.0869753 -0.99621046 0
vn -0.0869753 -0.99621046 0
vn 0.0869753 0.99621046 0
vn 0.0869753 0.99621046 0
vn 0.0869753 0.99621046 0
vn 0.0869753 0.99621046 0
vn 0.0869753 0.99621046 1.1920956E-05
vn 0.0869753 0.99621046 1.1920956E-05
vn -0.8331143 0.07285936 0.548281
vn -0.8331143 0.07285936 0.548281
vn -0.73927265 0.06461006 0.67029965
vn -0.7392821 0.06465857 0.6702844
vn 0.9562966 -0.08365687 -0.28017542
vn 0.9562966 -0.08365687 -0.28017542
vn 0.9562948 -0.083680555 -0.2801749
vn 0.9562948 -0.083680555 -0.2801749
vn 0.5584652 -0.048827555 -0.82808965
vn 0.5584652 -0.048827555 -0.82808965
vn 0.38452664 -0.03361747 -0.9225015
vn 0.38451272 -0.032042723 -0.92256343
vn 0.40664226 -0.035571657 -0.91289467
vn 0.40664226 -0.035571657 -0.91289467
vn 0.8853167 -0.07747952 -0.45848802
vn 0.8853233 -0.077384725 -0.4584914
vn -0.21743874 0.8830111 0.41594696
vn -0.22048731 0.87784845 0.4251676
vn -0.15106404 0.9513982 0.26836753
vn -0.13274911 0.9612866 0.24146605
vn -0.2120941 0.91694456 0.33797726
vn -0.22659297 0.9072302 0.3543853
vn 0.0221254 0.99893326 0.04053144
vn 0.022125488 0.9989371 0.04043623
vn -0.29831022 -0.9232192 0.24223404
vn -0.368118 -0.86617404 0.33798188
vn -0.38070464 -0.8540939 0.35438338
vn -0.3669704 -0.83202535 0.41601267
vn -0.31357214 -0.91110444 0.26750907
vn -0.3692707 -0.82632905 0.42522877
vn -0.15182473 -0.987576 0.0405311
vn -0.15182534 -0.9875799 0.040435888
vn 0.59743845 -0.052278254 -0.80020887
vn 0.5974389 -0.052266356 -0.8002094
vn 0.8911697 -0.077967815 -0.4469201
vn 0.89116895 -0.07797967 -0.4469197
vn 0.079345845 0.99663913 -0.020360984
vn 0.07858233 0.9968226 -0.013017583
vn 0.07705673 0.99668294 -0.026178306
vn 0.07171774 0.9973725 -0.010228362
vn 0.06332338 0.99791545 -0.012445333
vn 0.069427475 0.9975432 -0.009346006
vn 0.0869753 0.99621046 0
vn 0.55694276 -0.048732497 0.82912
vn 0.55694276 -0.048732497 0.82912
vn 0.55694276 -0.048732497 0.82912
vn 0.55694276 -0.048732497 0.82912
vn 0.055694487 -0.0049114143 -0.9984358
vn -0.8637045 0.07539294 -0.49832776
vn -0.86369205 0.07558259 -0.49832058
vn 0.0556945 -0.0048637325 -0.99843603
vn 0.5218478 -0.04563307 -0.8518172
vn 0.5218478 -0.04563307 -0.8518172
vn -0.17929155 0.015640326 0.9836716
vn -0.5222301 0.04568083 0.8515803
vn -0.5222301 0.04568083 0.8515803
vn -0.17929144 0.015688 0.98367095
vn 0.19607823 -0.017118698 0.9804388
vn 0.19607823 -0.017118698 0.9804388
vn -0.09498745 -0.9952702 -0.020361267
vn -0.097656526 -0.99487585 -0.026178433
vn -0.09575064 -0.99532026 -0.013017891
vn -0.102231644 -0.9947082 -0.010216013
vn -0.11062642 -0.9937781 -0.012922309
vn -0.10528584 -0.99439806 -0.009346026
vn -0.0869753 -0.99621046 0
vn -0.9928653 0.08709512 0.081443
vn -0.9928653 0.08709512 0.081443
vn -0.86369205 0.07558259 -0.49832058
vn -0.86369514 0.07553518 -0.49832237
vn 0.6885453 -0.06024771 -0.7226864
vn 0.6885462 -0.06022395 -0.7226875
vn 0.21858692 -0.019121587 -0.9756301
vn 0.21858692 -0.019121587 -0.9756301
vn -0.11176589 0.009774747 -0.9936865
vn -0.11176589 0.009774747 -0.9936865
vn 0.06752052 0.99702436 -0.037193507
vn 0.06027093 0.99714065 -0.045584664
vn 0.06027093 0.99714065 -0.045584664
vn 0.068662934 0.99699533 -0.03585731
vn 0.077056825 0.99668425 -0.026130656
vn 0.077056825 0.99668425 -0.026130656
vn 0.7720058 -0.06748852 0.6320225
vn 0.7720045 -0.06751225 0.6320214
vn 0.99467814 -0.087039106 0.055132717
vn 0.9946719 -0.087110095 0.055132367
vn 0.6893228 -0.06032051 -0.7219388
vn 0.68932474 -0.060273 -0.7219408
vn -0.1064291 -0.99362445 -0.03719297
vn -0.11367869 -0.9924712 -0.045585915
vn -0.11367869 -0.9924712 -0.045585915
vn -0.10528514 -0.9937954 -0.035857983
vn -0.09689284 -0.9949517 -0.026130551
vn -0.09689284 -0.9949517 -0.026130551
vn -0.41962212 0.036716934 0.90695596
vn -0.41962194 0.036728837 0.90695554
vn -0.41962212 0.036716934 0.90695596
vn -0.41962212 0.036716934 0.90695596
vn -0.73851264 0.06461032 0.6711367
vn -0.6111594 0.05345737 0.7897002
vn -0.6111586 0.053481143 0.78969926
vn -0.73851264 0.06461032 0.6711367
vn 0.8912457 -0.07797446 -0.44676745
vn 0.88532 -0.077432126 -0.45848972
vn 0.89124155 -0.078033715 -0.4467654
vn 0.8853167 -0.07747952 -0.45848802
vn -0.10452266 -0.99452245 0
vn -0.10452282 -0.99452245 0
vn -0.1045227 -0.99452245 0
vn -0.10452282 -0.99452245 0
vn -0.104522206 -0.9945226 0
vn -0.104904175 -0.99447966 -0.0022888184
vn -0.10452282 -0.99452245 -0.00038147013
vn -0.09994409 -0.9949825 -0.004577592
vn -0.09880118 -0.99509287 -0.005340604
vn -0.09498547 -0.99544 -0.008773758
vn -0.09498547 -0.99544 -0.008773758
vn -0.54929715 0.048039664 -0.8342451
vn -0.5787407 0.050644577 -0.8139375
vn -0.5787407 0.050644577 -0.8139375
vn -0.5492965 0.048063442 -0.8342441
vn -0.6755877 0.059104394 -0.73490673
vn -0.6755868 0.059128147 -0.7349056
vn -0.5797683 0.05071781 -0.8132013
vn -0.57429934 0.050222583 -0.81710345
vn -0.5742983 0.050258256 -0.81710196
vn -0.57944727 0.05297613 -0.8132861
vn -0.07572479 0.006652146 -0.9971066
vn -0.5733483 0.050163206 -0.81777465
vn -0.5733479 0.050175093 -0.8177742
vn -0.07572478 0.006643205 -0.9971066
vn 0.9473791 -0.082945734 -0.30918092
vn 0.94738656 -0.08285102 -0.30918333
vn 0.3591724 -0.0314252 0.93274194
vn 0.3589424 -0.031421766 0.93283063
vn 0.3589424 -0.031421766 0.93283063
vn 0.35917246 -0.031419247 0.9327421
vn 0.06980848 0.9975604 0
vn 0.06980848 0.9975604 0
vn 0.069713585 0.99756706 0
vn 0.06980848 0.9975604 0
vn 0.069810145 0.99756026 0
vn 0.06942705 0.9975848 -0.0020980702
vn 0.06961866 0.99757344 -0.00076294417
vn 0.0743873 0.99721897 -0.00457768
vn 0.07553214 0.997129 -0.005340656
vn 0.07934415 0.9968086 -0.008773632
vn 0.07934415 0.9968086 -0.008773632
vn 0.59051156 -0.051676165 0.8053731
vn 0.59051186 -0.051665016 0.80537343
vn 0.94738287 -0.082898386 -0.30918214
vn 0.9473848 -0.08287471 -0.30918273
vn 0.58974546 -0.051569346 0.8059409
vn 0.35914063 -0.031410504 0.9327548
vn 0.3591405 -0.031422414 0.9327544
vn 0.58974457 -0.051598333 0.8059398
vn 0.9595981 -0.08395411 0.2685578
vn 0.95959854 -0.08394818 0.2685579
vn 0.959574 -0.083946034 0.2686464
vn 0.9595735 -0.08395195 0.26864627
vn 0.069713585 0.99756706 0
vn 0.06980848 0.9975604 0
vn 0.06980848 0.9975604 0
vn 0.069713585 0.99756706 0
vn 0.069713585 0.99756706 0
vn 0.069713585 0.99756706 0
vn -0.05474047 0.0048160166 -0.998489
vn -0.40950227 0.035833832 -0.91160506
vn -0.40950248 0.035821926 -0.9116055
vn -0.054740485 0.0047623743 -0.99848926
vn 0.6862556 -0.06003306 -0.7248789
vn 0.6862551 -0.06004419 -0.7248784
vn -0.10452266 -0.99452245 0
vn -0.104522206 -0.9945226 0
vn -0.104522206 -0.9945226 0
vn -0.10452282 -0.99452245 0
vn -0.1045227 -0.99452245 0
vn -0.10452266 -0.99452245 0
vn 0.35877666 -0.031388186 0.93289554
vn 0.35877678 -0.031376276 0.93289584
vn 0.6066501 -0.053089928 0.79319423
vn 0.6066514 -0.05304981 0.79319596
vn 0.6074059 -0.053135492 0.7926127
vn 0.6074048 -0.053168185 0.79261124
vn 0.9873001 -0.08639949 0.1333184
vn 0.98730576 -0.08633219 0.13331918
vn 0.6862548 -0.060051613 -0.7248781
vn 0.6862556 -0.06003306 -0.7248789
vn -0.99619496 0.08715276 0
vn -0.9961939 0.08716459 0
vn -0.9961939 0.08716459 0
vn -0.99619496 0.08715276 0
vn -0.087165624 -0.9961939 0
vn -0.087165624 -0.9961939 0
vn -0.087165624 -0.9961939 0
vn -0.087165624 -0.9961939 0
vn -0.087165624 -0.9961939 0
vn -0 0 1
vn -0 0 1
vn -0 0 1
vn -0 0 1
vn 0.08716667 0.99619377 0
vn 0.08716667 0.99619377 0
vn 0.08716667 0.99619377 0
vn 0.08716667 0.99619377 0
vn 0.08716667 0.99619377 0
vn -0.8644563 0.07563039 -0.4969861
vn -0.499613 0.043736402 -0.86514395
vn -0.4996143 0.04367691 -0.8651462
vn -0.8644563 0.07563039 -0.4969861
vn -0.49954167 0.043726586 -0.86518556
vn 0.70476055 -0.061630778 -0.7067632
vn 0.7047574 -0.06170204 -0.7067601
vn -0.49954274 0.043678995 -0.8651874
vn 0.906301 0.4226329 0
vn 0.906301 0.4226329 0
vn 0.08716667 0.99619377 0
vn 0.08716667 0.99619377 0
vn -0.81915456 0.57357275 0
vn -0.81915456 0.57357275 0
vn 0.8191384 -0.57359594 0
vn 0.8191384 -0.57359594 0
vn -0.087118305 -0.996198 0
vn -0.087118305 -0.996198 0
vn -0.9063167 -0.42259935 0
vn -0.9063167 -0.42259935 0
vn -0 0 -1
vn -0 0 -1
vn -0 0 -1
vn -0 0 -1
vn -0 0 -1
vn -0 0 -1
vn -0.8191602 0.57356477 0
vn -0.90631896 -0.42259446 0
vn -0.8191602 0.57356477 0
vn -0.90631896 -0.42259446 0
vn -0 0 1
vn -0 0 1
vn -0 0 1
vn -0 0 1
vn -0 0 1
vn -0 0 1
vn -0.70452094 0.061650354 -0.7070004
vn 0.25788215 -0.022531306 -0.9659136
vn -0.7045292 0.061460357 -0.70700866
vn 0.25788173 -0.0226028 -0.96591204
vn 0.9622326 -0.08422397 -0.25887185
vn 0.9622326 -0.08422397 -0.25887185
vn 0.704523 -0.061602853 0.7070024
vn 0.70452094 -0.061650354 0.7070004
vn 0.9622326 -0.08422397 -0.25887185
vn 0.9622326 -0.08422397 -0.25887185
vn 0.70452094 -0.061650354 0.7070004
vn 0.704523 -0.061602853 0.7070024
vn -0.2578819 0.02257897 0.9659126
vn -0.25788203 0.022555139 0.96591306
vn -0.9622366 0.08417662 0.2588729
vn -0.96222484 0.08431867 0.2588698
vn -0.704523 0.061602853 -0.7070024
vn -0.9622366 0.08417662 0.2588729
vn -0.96222484 0.08431867 0.2588698
vn -0.70452094 0.061650354 -0.7070004
vn -0.0869753 -0.99621046 0
vn -0.0869753 -0.99621046 0
vn -0.0869753 -0.99621046 0
vn -0.0869753 -0.99621046 0
vn -0.0869753 -0.99621046 0
vn -0.0869753 -0.99621046 0
vn 0.0869753 0.99621046 0
vn 0.0869753 0.99621046 0
vn 0.0869753 0.99621046 0
vn 0.0869753 0.99621046 0
vn 0.0869753 0.99621046 0
vn 0.0869753 0.99621046 0
vn 0.9961939 -0.08716459 0
vn 0.70406765 -0.061632745 -0.70745325
vn 0.7040948 -0.061559424 -0.7074327
vn 0.99619496 -0.08715276 0
vn 0.6755868 -0.059128147 0.7349056
vn 0.6755877 -0.059104394 0.73490673
vn 0.6755877 -0.059104394 0.73490673
vn 0.6755868 -0.059128147 0.7349056
vn 0.8191602 -0.57356477 0
vn 0.90631443 0.4226042 0
vn 0.8191602 -0.57356477 0
vn 0.90631443 0.4226042 0
vn -0 -1 0
vn -0 -1 0
vn -0 -1 0
vn -0 -1 0
vn -0 -1 0
vn -0 -1 0
vn -0 -1 0
vn -0 -1 0
vn -0 -1 0
vn -0 -1 0
vn -0 -1 0
vn -0 -1 0
vn -0 -1 0
vn -0 -1 0
vn -0 -1 0
vn -0 -1 0
vn -0 -1 0
vn -0 -1 0
vn -0 -1 0
vn -0 -1 0
vn -0 -1 0
vn -0 -1 0
vn -0 -1 0
vn -0 -1 0
vn -0 -1 0
vn -0 -1 0
vn -0 -1 0
vn -0 -1 0
vn -0 -1 0
vn -0 -1 0
vn -0 -1 0
vn -0 -1 0
vn 0.98482287 0.17356229 0
vn 0.98482287 0.17356229 0
vn 0.9848215 0.17357044 0
vn 0.9848215 0.17357044 0
vn -0.9848215 -0.17357044 0
vn -0.9848215 -0.17357044 0
vn -0.9848215 -0.17357044 0
vn -0.9848215 -0.17357044 0
vn -0.9848215 -0.17357044 0
vn -0.9848215 -0.17357044 0
vn -0.98482287 -0.17356229 0
vn -0.98482287 -0.17356229 0
vn 0.9848215 0.17357044 0
vn 0.9848215 0.17357044 0
vn 0.9848215 0.17357044 0
vn 0.9848215 0.17357044 0
vn -0.052450716 0.2975386 0.95326793
vn -0.052450716 0.2975386 0.95326793
vn -0.052450716 0.2975386 0.95326793
vn -0.052450716 0.2975386 0.95326793
vn 0.052450716 -0.2975386 -0.95326793
vn 0.052450716 -0.2975386 -0.95326793
vn 0.052450716 -0.2975386 -0.95326793
vn 0.052450716 -0.2975386 -0.95326793
vn -0.052450716 0.2975386 0.95326793
vn -0.052450716 0.2975386 0.95326793
vn -0.052450716 0.2975386 0.95326793
vn -0.052450716 0.2975386 0.95326793
vn 0.052450716 -0.2975386 -0.95326793
vn 0.052450716 -0.2975386 -0.95326793
vn 0.052450716 -0.2975386 -0.95326793
vn 0.052450716 -0.2975386 -0.95326793
vn -0.9848215 0.17357044 0
vn -0.9848215 0.17357044 0
vn -0.98482287 0.17356229 0
vn -0.98482287 0.17356229 0
vn 0.9848215 -0.17357044 0
vn 0.9848215 -0.17357044 0
vn 0.9848215 -0.17357044 0
vn 0.9848215 -0.17357044 0
vn 0.98482287 -0.17356229 0
vn 0.98482287 -0.17356229 0
vn 0.9848215 -0.17357044 0
vn 0.9848215 -0.17357044 0
vn -0.9848215 0.17357044 0
vn -0.9848215 0.17357044 0
vn -0.9848215 0.17357044 0
vn -0.9848215 0.17357044 0
vn 0.052450716 0.2975386 0.95326793
vn 0.052450716 0.2975386 0.95326793
vn 0.052450716 0.2975386 0.95326793
vn 0.052450716 0.2975386 0.95326793
vn -0.052450716 -0.2975386 -0.95326793
vn -0.052450716 -0.2975386 -0.95326793
vn -0.052450716 -0.2975386 -0.95326793
vn -0.052450716 -0.2975386 -0.95326793
vn 0.052450716 0.2975386 0.95326793
vn 0.052450716 0.2975386 0.95326793
vn 0.052450716 0.2975386 0.95326793
vn 0.052450716 0.2975386 0.95326793
vn -0.052450716 -0.2975386 -0.95326793
vn -0.052450716 -0.2975386 -0.95326793
vn -0.052450716 -0.2975386 -0.95326793
vn -0.052450716 -0.2975386 -0.95326793
vn 0.24145631 -0.93969613 0.2422192
vn 0.34193063 -0.93972516 0.00038145937
vn 0.34197274 -0.9397098 0.00038145314
vn 0.24217433 -0.939707 -0.2414591
vn 0.24145631 -0.93969613 0.2422192
vn 0.24217433 -0.939707 -0.2414591
vn -0.00047687077 -0.9396261 0.34220245
vn -0.00047684746 -0.93977106 0.3418043
vn -0.24212942 -0.93971777 0.24146187
vn -0.24217433 -0.939707 0.2414591
vn -0.00047684746 -0.93977106 -0.3418043
vn -0.00047687077 -0.9396261 -0.34220245
vn -0.24145631 -0.93969613 -0.2422192
vn -0.24145631 -0.93969613 -0.2422192
vn -0.34197274 -0.9397098 -0.00038145314
vn -0.34197274 -0.9397098 -0.00038145314
vn -0.00045298488 -0.9999999 -0.00038146094
vn -0.9246938 -0.3807114 0
vn -0.46247533 -0.380719 0.80073065
vn -0.46247533 -0.380719 -0.80073065
vn 0.4624566 -0.38072324 0.8007395
vn 0.46247533 -0.380719 -0.80073065
vn 0.9246973 -0.38070303 0
vn -4.769172E-05 -1 0
vn -0.00028612607 -0.45513117 -0.8904244
vn -0.89044404 -0.45509252 0.000381469
vn 0.89044404 -0.45509252 0.000381469
vn -0.00023843838 -0.45513117 0.8904244
vn 0.047102943 0.9988875 0.002288402
vn -0.9999436 0.009917427 -0.0038143946
vn -0.8639439 0.009917236 -0.50349057
vn -0.8678716 0.009918533 0.4966896
vn 0.038333055 0.9989479 0.025173945
vn 0.04176383 0.9988992 -0.02135867
vn -0 0.9989519 -0.045770995
vn -0.03943013 0.99896026 0.022885688
vn -0.0022884628 0.9989141 0.04653208
vn 0.021549113 0.9988871 0.041954026
vn -0.49623775 0.009917126 -0.86812997
vn 0.0038136675 0.009915536 -0.9999436
vn 0.025553787 0.99888617 -0.039665584
vn -0.5028973 0.0099168215 0.8642892
vn -0 0.009915608 0.9999509
vn -0.02355188 0.9989048 0.040429138
vn 0.5000226 0.009918434 -0.8659556
vn 0.8661271 0.009918214 -0.49972534
vn 0.9999509 0.009918445 0
vn -0.023369456 0.99887735 -0.041206554
vn 0.49995106 0.009918907 0.8659969
vn -0.04071463 0.99889094 -0.0236469
vn 0.8661271 0.009918214 0.49972534
vn -0.047055498 0.99889237 0
vn -0.37119335 -0.92855555 0
vn -0.9976922 -0.06789876 0
vn -0.863977 -0.06789753 0.49893245
vn -0.863977 -0.06789753 -0.49893245
vn -0.32142538 -0.92860466 -0.18541571
vn -0.49924016 -0.06791345 -0.863798
vn -0.1856113 -0.92862874 -0.32124296
vn -0 -0.06788584 -0.997693
vn -0.32142538 -0.92860466 0.18541571
vn 0.5980114 -0.7965855 -0.08850951
vn 0.5621888 -0.79664075 0.22205217
vn 0.47368518 -0.796661 -0.37543795
vn 0.37556785 -0.7965319 0.47379917
vn 0.22239101 -0.79648787 -0.5622716
vn -0.1856113 -0.92862874 0.32124296
vn -0.4983382 -0.067894526 0.8643201
vn -0.21525973 -0.7973289 -0.56385267
vn 0.10544081 -0.9327603 -0.34473237
vn 0.07876462 -0.7117422 0.6980108
vn -0.22239101 -0.79648787 0.5622716
vn -0 -0.96348506 0.26776186
vn 0.0039091273 -0.06788533 0.99768543
vn 0.5022576 -0.067895845 0.86204845
vn 0.1856113 -0.92862874 -0.32124296
vn 0.49545595 -0.067904636 -0.86597484
vn -0.47383308 -0.796589 0.375404
vn 0.1856113 -0.92862874 0.32124296
vn -0.37548593 -0.79656047 -0.47381616
vn 0.86614525 -0.06790304 0.49515814
vn -0.5620281 -0.7965483 -0.22278938
vn 0.32142538 -0.92860466 -0.18541571
vn 0.86219674 -0.067900024 -0.5020024
vn -0.59807265 -0.7965401 0.08850446
vn 0.9976847 -0.06790151 -0.0038146907
vn 0.32142538 -0.92860466 0.18541571
vn 0.3711111 -0.92858845 0
vn -0.8651183 -0.018690826 0.50121933
vn 0.0125893215 -0.99989724 -0.0068669016
vn -0.9998217 -0.018882554 0
vn -0.4998865 -0.018881636 0.8658851
vn 0.007057673 -0.9999006 -0.012207868
vn -0 -0.018889759 0.9998216
vn 0.007057673 -0.9999006 0.012207868
vn 0.014687465 -0.9998921 0
vn 0.012779965 -0.99988925 0.00762983
vn -0.8659676 -0.018883433 -0.4997434
vn -0.4998865 -0.018881636 -0.8658851
vn -0 -0.018889759 -0.9998216
vn -0.0007629871 -0.9998946 -0.014496755
vn -0.007915988 -0.99989414 -0.012207788
vn 0.5010765 -0.018692616 0.86520106
vn 0.86597955 -0.018882655 0.4997228
vn -0.0141868545 -0.999899 0.00076299044
vn -0.013161465 -0.99988985 -0.0068668514
vn 0.9998242 -0.01869187 -0.0015258668
vn -0.012207815 -0.9998964 0.0076298844
vn 0.8651064 -0.0186916 -0.50124
vn 0.49855605 -0.018691083 -0.86665595
vn -0.0066761305 -0.99989355 0.012970767
vn -0.00019074682 -0.99989486 0.014496758
vn 1 0 0
vn 1 0 0
vn 1 0 0
vn 1 0 0
vn 1 0 0
vn 1 0 0
vn 1 0 0
vn 1 0 0
vn 1 0 0
vn 1 0 0
vn 1 0 0
vn 1 0 0
vn 1 0 0
vn -0 0.86612207 0.4998325
vn -0.73240954 0.5897422 0.34026524
vn -0 1 0
vn 0.00019076688 1 0
vn -0.73220885 0.68108016 0
vn -0.7321375 0.5898304 -0.34069762
vn -0 0.86595684 -0.50011873
vn 0.00019077578 0.86612207 0.4998325
vn -0 0.50011873 0.86595684
vn 0.00014308184 0.4998325 0.86612207
vn 1 0 0
vn 1 0 0
vn 1 0 0
vn 1 0 0
vn 0.00014308184 0.86612207 -0.4998325
vn -0.00038147878 0.5001186 -0.86595684
vn 1 0 0
vn 0.0001907394 0.50011873 -0.86595684
vn 1 -4.7683763E-05 0
vn 0.00017882469 -0.52188194 -0.8530176
vn 4.7682624E-05 -1 0
vn 1 0 0
vn -0.00019074633 -0.52188194 -0.8530176
vn -0 -1 0
vn -1 4.769172E-05 0
vn -1 9.538344E-05 0
vn 0.00032184372 -0.52143455 -0.8532912
vn -0 -0.5214346 -0.8532912
vn -0 0 -1
vn -1 0 0
vn -0 0 -1
vn 1 0 0
vn -0 0 -1
vn -0 1 0
vn 5.3653188E-05 0 -1
vn -4.769172E-05 1 0
vn -0 7.15103E-05 1
vn -0 -4.7673533E-05 1
vn -0 -1 0
vn -0 -1 0
vn 1 4.7682624E-05 0
vn -0 -1 0
vn 1 2.3841312E-05 0
vn -0 -1 0
vn -0 1 0
vn 0.3302047 -0.41820443 -0.8462091
vn 1 5.960328E-05 0
vn -0.41797146 -0.33040923 -0.84624445
vn 1 -4.7682624E-05 0
vn -0 1 0
vn -0 -4.7673533E-05 1
vn -0 0 1
vn 1 0 0
vn -0 -1 0
vn 1 0 0
vn -0 -1 0
vn -0.08735592 -0.99617696 -0.00057220034
vn 0.25787908 -0.02305557 0.96590203
vn -0.08754729 -0.99616027 -0.00038146964
vn -0.25787908 0.02305557 -0.96590203
vn 0.25770098 -0.023056703 0.96594954
vn -0.25787908 0.02305557 -0.96590203
vn 0.08697529 0.99621034 -0.0005722058
vn 0.08697529 0.99621034 -0.00047683818
vn -0.25788492 -0.02205469 0.96592396
vn -0.08697529 0.99621034 -0.00047683818
vn -0.08697529 0.99621034 -0.0005722058
vn 0.2580628 0.022077436 -0.9658759
vn -0.25788492 -0.02205469 0.96592396
vn 0.25788492 0.02205469 -0.96592396
vn 0.08735696 -0.99617696 -0.00047683934
vn 0.08735592 -0.99617696 -0.00057220034
vn -0.76610667 0.64271337 -0.00057214836
vn -0.16594243 -0.19874944 -0.96589947
vn -0.1660415 -0.19856311 -0.9659208
vn 0.7660278 -0.64280725 -0.0005722319
vn -0.76620054 0.6426014 -0.0004768487
vn 0.7658945 -0.6429661 -0.00047683629
vn 0.16612794 0.19874318 0.9658689
vn 0.16594872 0.19856624 0.96593606
vn 0.16594243 -0.19874944 -0.96589947
vn 0.76610667 0.64271337 -0.00057214836
vn 0.16622064 -0.19873999 -0.9658535
vn -0.7660278 -0.64280725 -0.0005722319
vn 0.76620054 0.6426014 -0.0004768487
vn -0.7658945 -0.6429661 -0.00047683629
vn -0.16594243 0.19874944 0.96589947
vn -0.16594872 0.19856624 0.96593606
vn -0 -1 0
vn -0 -1 0
vn -0 -1 0
vn -0 -1 0
vn -0 -1 0
vn -0 -1 0
vn -0 -1 0
vn -0 -1 0
vn -0 -1 0
vn -0 -1 0
vn -0 -1 0
vn -0 -1 0
vn -0 -1 0
vn -0 -1 0
vn -0 -1 0
vn -0 -1 0
vn -0 -1 0
vn -0 -1 0
vn -0 -1 0
vn -0 -1 0
vn -0 -1 0
vn -0 -1 0
vn -0 -1 0
vn -0 -1 0
vn -0 -1 0
vn -0 -1 0
vn -0 -1 0
vn -0 -1 0
vn -0 -1 0
vn -0 -1 0
vn -0 -1 0
vn -0 -1 0
vn -1 -9.531286E-07 0
vn -1 0 0
vn -1 0 0
vn -1 0 0
vn -1 0 0
vn -1 0 0
vn -1 0 0
vn -1 0 0
vn -1 0 0
vn -1 0 0
vn -1 0 0
vn 1 -9.531286E-07 0
vn 1 0 0
vn 1 0 0
vn 1 0 0
vn 1 0 0
vn 1 0 0
vn 1 0 0
vn 1 0 0
vn 1 0 0
vn 1 0 0
vn 1 0 0
vn 0.4999637 0.0069147977 0.8660187
vn 0.0011441367 0.006912492 0.99997544
vn -0 0.999895 -0.014496069
vn -0.50115216 0.0069154035 0.86533153
vn -0.006771176 0.99989295 -0.012970141
vn 0.8652728 0.006914171 0.5012535
vn 0.007248066 0.99989927 -0.012207269
vn -0.866149 0.0069143143 0.49973807
vn -0.014305365 0.99989736 -0.0007629529
vn -0.01249322 0.99988675 -0.008392392
vn 0.99997616 0.006914145 0
vn 0.866149 0.0069143143 -0.49973807
vn 0.012588649 0.99989164 -0.007629484
vn -0.99997497 0.0069138077 -0.0015258058
vn 0.0074387933 0.99989784 0.012207252
vn 0.014686766 0.9998921 0
vn -0.8652967 0.0069136005 -0.5012122
vn 0.012779356 0.99988925 0.0076294662
vn -0.4989178 0.0069135204 -0.86662173
vn -0.00076295075 0.9998946 0.014496064
vn 0.0011441367 0.006912492 -0.99997544
vn -0.008010972 0.9998934 0.012207197
vn 0.5000352 0.006914468 -0.8659775
vn -0.013208513 0.99988925 0.00686652
vn -0.732362 -0.3404339 -0.589704
vn -0.73238575 0 -0.6808899
vn -0.73238575 0 -0.6808899
vn -0.7323144 0.3406025 -0.58966565
vn -0.7323144 -0.3406025 -0.58966565
vn -0.7323144 0.3406025 -0.58966565
vn -0.7323271 -0.5898665 -0.34022692
vn -0.7323144 0.58966565 -0.3406025
vn -0.7323144 -0.58966565 -0.3406025
vn -0.7323144 0.58966565 -0.3406025
vn -0.73238575 -0.6808899 0
vn -0.73238575 0.6808899 0
vn -0.73238575 -0.6808899 0
vn -0.73238575 0.6808899 0
vn -0.7323144 -0.58966565 0.3406025
vn -0.73240954 -0.5897422 0.34026524
vn -0.7323144 0.58966565 0.3406025
vn -0.73240954 0.5897422 0.34026524
vn -0.732362 -0.3404339 0.589704
vn -0.732362 -0.3404339 0.589704
vn -0.7323144 0.3406025 0.58966565
vn -0.7323144 0.3406025 0.58966565
vn -0.73201865 0 0.6812846
vn -0.73201865 0 0.6812846
vn 0.0005246088 0 0.9999999
vn -1 0 -0.000381461
vn -1 0 -0.000381461
vn 0.00052460877 -0.00038153367 0.99999976
vn -0.00047691716 -0.0003815337 -0.9999999
vn 1 0 0.000381461
vn -0.0004769172 0 -0.9999999
vn 1 0 0.000381461
g FX_Labor_Decagram_Cannon_Mesh_0
f 3/3/3 2/2/2 1/1/1
f 6/6/6 5/5/5 4/4/4
f 9/9/9 8/8/8 7/7/7
f 11/11/11 9/9/9 10/10/10
f 10/10/10 12/12/12 11/11/11
f 11/11/11 12/12/12 13/13/13
f 13/13/13 14/14/14 11/11/11
f 17/17/17 16/16/16 15/15/15
f 19/19/19 16/16/16 18/18/18
f 18/18/18 20/20/20 19/19/19
f 21/21/21 18/18/18 16/16/16
f 18/18/18 22/22/22 20/20/20
f 18/18/18 21/21/21 23/23/23
f 24/24/24 22/22/22 18/18/18
f 23/23/23 24/24/24 18/18/18
f 27/27/27 26/26/26 25/25/25
f 27/27/27 29/29/29 28/28/28
f 28/28/28 30/30/30 27/27/27
f 30/30/30 28/28/28 31/31/31
f 31/31/31 32/32/32 30/30/30
f 35/35/35 34/34/34 33/33/33
f 38/38/38 37/37/37 36/36/36
f 41/41/41 40/40/40 39/39/39
f 44/44/44 43/43/43 42/42/42
f 47/47/47 46/46/46 45/45/45
f 49/49/49 48/48/48 45/45/45
f 52/52/52 51/51/51 50/50/50
f 54/54/54 53/53/53 50/50/50
f 57/57/57 56/56/56 55/55/55
f 60/60/60 59/59/59 58/58/58
f 63/63/63 62/62/62 61/61/61
f 66/66/66 65/65/65 64/64/64
f 69/69/69 68/68/68 67/67/67
f 72/72/72 71/71/71 70/70/70
f 75/75/75 74/74/74 73/73/73
f 78/78/78 77/77/77 76/76/76
f 81/81/81 80/80/80 79/79/79
f 84/84/84 83/83/83 82/82/82
f 87/87/87 86/86/86 85/85/85
f 90/90/90 89/89/89 88/88/88
f 93/93/93 92/92/92 91/91/91
f 94/94/94 91/91/91 92/92/92
f 95/95/95 94/94/94 92/92/92
f 94/94/94 95/95/95 96/96/96
f 95/95/95 97/97/97 96/96/96
f 95/95/95 98/98/98 97/97/97
f 99/99/99 96/96/96 97/97/97
f 100/100/100 97/97/97 98/98/98
f 98/98/98 101/101/101 100/100/100
f 102/102/102 97/97/97 100/100/100
f 97/97/97 102/102/102 99/99/99
f 102/102/102 103/103/103 99/99/99
f 104/104/104 103/103/103 102/102/102
f 105/105/105 99/99/99 103/103/103
f 104/104/104 106/106/106 103/103/103
f 107/107/107 105/105/105 103/103/103
f 108/108/108 105/105/105 107/107/107
f 109/109/109 108/108/108 107/107/107
f 110/110/110 109/109/109 107/107/107
f 111/111/111 110/110/110 107/107/107
f 103/103/103 112/112/112 107/107/107
f 111/111/111 107/107/107 112/112/112
f 112/112/112 103/103/103 106/106/106
f 111/111/111 112/112/112 113/113/113
f 113/113/113 112/112/112 106/106/106
f 113/113/113 106/106/106 114/114/114
f 117/117/117 116/116/116 115/115/115
f 116/116/116 118/118/118 115/115/115
f 121/121/121 120/120/120 119/119/119
f 119/119/119 122/122/122 121/121/121
f 123/123/123 122/122/122 119/119/119
f 119/119/119 124/124/124 123/123/123
f 121/121/121 122/122/122 125/125/125
f 125/125/125 122/122/122 123/123/123
f 126/126/126 123/123/123 124/124/124
f 124/124/124 127/127/127 126/126/126
f 128/128/128 123/123/123 126/126/126
f 123/123/123 128/128/128 125/125/125
f 126/126/126 129/129/129 128/128/128
f 128/128/128 130/130/130 125/125/125
f 131/131/131 121/121/121 125/125/125
f 132/132/132 121/121/121 131/131/131
f 133/133/133 132/132/132 131/131/131
f 134/134/134 131/131/131 125/125/125
f 125/125/125 130/130/130 134/134/134
f 134/134/134 130/130/130 135/135/135
f 135/135/135 130/130/130 136/136/136
f 136/136/136 130/130/130 137/137/137
f 137/137/137 138/138/138 136/136/136
f 135/135/135 136/136/136 139/139/139
f 140/140/140 134/134/134 135/135/135
f 134/134/134 140/140/140 141/141/141
f 142/142/142 141/141/141 140/140/140
f 135/135/135 139/139/139 143/143/143
f 140/140/140 135/135/135 143/143/143
f 143/143/143 139/139/139 144/144/144
f 145/145/145 142/142/142 140/140/140
f 143/143/143 145/145/145 140/140/140
f 142/142/142 145/145/145 146/146/146
f 146/146/146 145/145/145 147/147/147
f 145/145/145 143/143/143 147/147/147
f 147/147/147 148/148/148 146/146/146
f 148/148/148 147/147/147 149/149/149
f 143/143/143 144/144/144 150/150/150
f 147/147/147 143/143/143 150/150/150
f 150/150/150 149/149/149 147/147/147
f 151/151/151 150/150/150 144/144/144
f 149/149/149 150/150/150 152/152/152
f 150/150/150 151/151/151 152/152/152
f 155/155/155 154/154/154 153/153/153
f 154/154/154 156/156/156 153/153/153
f 159/159/159 158/158/158 157/157/157
f 159/159/159 160/160/160 158/158/158
f 158/158/158 160/160/160 161/161/161
f 160/160/160 162/162/162 161/161/161
f 163/163/163 161/161/161 162/162/162
f 163/163/163 164/164/164 161/161/161
f 163/163/163 162/162/162 165/165/165
f 163/163/163 166/166/166 164/164/164
f 167/167/167 164/164/164 166/166/166
f 163/163/163 168/168/168 166/166/166
f 167/167/167 166/166/166 168/168/168
f 165/165/165 168/168/168 163/163/163
f 168/168/168 169/169/169 167/167/167
f 170/170/170 168/168/168 165/165/165
f 165/165/165 171/171/171 170/170/170
f 170/170/170 172/172/172 168/168/168
f 171/171/171 173/173/173 170/170/170
f 174/174/174 172/172/172 170/170/170
f 175/175/175 170/170/170 173/173/173
f 170/170/170 175/175/175 174/174/174
f 173/173/173 176/176/176 175/175/175
f 173/173/173 177/177/177 176/176/176
f 177/177/177 173/173/173 178/178/178
f 175/175/175 176/176/176 179/179/179
f 175/175/175 179/179/179 174/174/174
f 174/174/174 179/179/179 180/180/180
f 174/174/174 180/180/180 181/181/181
f 181/181/181 182/182/182 174/174/174
f 185/185/185 184/184/184 183/183/183
f 185/185/185 183/183/183 186/186/186
f 189/189/189 188/188/188 187/187/187
f 187/187/187 190/190/190 189/189/189
f 190/190/190 187/187/187 191/191/191
f 191/191/191 187/187/187 192/192/192
f 193/193/193 191/191/191 192/192/192
f 194/194/194 191/191/191 193/193/193
f 191/191/191 194/194/194 195/195/195
f 191/191/191 196/196/196 190/190/190
f 196/196/196 191/191/191 195/195/195
f 197/197/197 190/190/190 196/196/196
f 196/196/196 195/195/195 198/198/198
f 196/196/196 199/199/199 197/197/197
f 198/198/198 199/199/199 196/196/196
f 202/202/202 201/201/201 200/200/200
f 202/202/202 203/203/203 201/201/201
f 206/206/206 205/205/205 204/204/204
f 204/204/204 207/207/207 206/206/206
f 210/210/210 209/209/209 208/208/208
f 208/208/208 211/211/211 210/210/210
f 211/211/211 212/212/212 210/210/210
f 212/212/212 213/213/213 210/210/210
f 210/210/210 213/213/213 214/214/214
f 214/214/214 213/213/213 215/215/215
f 218/218/218 217/217/217 216/216/216
f 216/216/216 219/219/219 218/218/218
f 219/219/219 216/216/216 220/220/220
f 220/220/220 216/216/216 221/221/221
f 222/222/222 221/221/221 216/216/216
f 223/223/223 221/221/221 222/222/222
f 226/226/226 225/225/225 224/224/224
f 224/224/224 227/227/227 226/226/226
f 228/228/228 226/226/226 227/227/227
f 227/227/227 229/229/229 228/228/228
f 232/232/232 231/231/231 230/230/230
f 230/230/230 233/233/233 232/232/232
f 234/234/234 233/233/233 230/230/230
f 230/230/230 235/235/235 234/234/234
f 236/236/236 234/234/234 235/235/235
f 235/235/235 237/237/237 236/236/236
f 238/238/238 236/236/236 237/237/237
f 237/237/237 239/239/239 238/238/238
f 242/242/242 241/241/241 240/240/240
f 240/240/240 243/243/243 242/242/242
f 246/246/246 245/245/245 244/244/244
f 246/246/246 247/247/247 245/245/245
f 250/250/250 249/249/249 248/248/248
f 251/251/251 248/248/248 249/249/249
f 249/249/249 252/252/252 251/251/251
f 252/252/252 253/253/253 251/251/251
f 252/252/252 249/249/249 254/254/254
f 255/255/255 253/253/253 252/252/252
f 254/254/254 256/256/256 252/252/252
f 252/252/252 256/256/256 255/255/255
f 259/259/259 258/258/258 257/257/257
f 260/260/260 257/257/257 258/258/258
f 258/258/258 261/261/261 260/260/260
f 260/260/260 262/262/262 257/257/257
f 260/260/260 263/263/263 262/262/262
f 263/263/263 264/264/264 262/262/262
f 263/263/263 265/265/265 264/264/264
f 263/263/263 260/260/260 266/266/266
f 266/266/266 267/267/267 263/263/263
f 270/270/270 269/269/269 268/268/268
f 270/270/270 271/271/271 269/269/269
f 271/271/271 272/272/272 269/269/269
f 273/273/273 272/272/272 271/271/271
f 271/271/271 274/274/274 273/273/273
f 275/275/275 272/272/272 273/273/273
f 272/272/272 275/275/275 276/276/276
f 269/269/269 272/272/272 277/277/277
f 272/272/272 276/276/276 277/277/277
f 277/277/277 278/278/278 269/269/269
f 276/276/276 279/279/279 277/277/277
f 278/278/278 277/277/277 279/279/279
f 282/282/282 281/281/281 280/280/280
f 280/280/280 283/283/283 282/282/282
f 286/286/286 285/285/285 284/284/284
f 284/284/284 287/287/287 286/286/286
f 288/288/288 286/286/286 287/287/287
f 287/287/287 289/289/289 288/288/288
f 289/289/289 287/287/287 290/290/290
f 290/290/290 287/287/287 291/291/291
f 287/287/287 284/284/284 291/291/291
f 291/291/291 284/284/284 292/292/292
f 295/295/295 294/294/294 293/293/293
f 295/295/295 293/293/293 296/296/296
f 296/296/296 297/297/297 295/295/295
f 298/298/298 296/296/296 293/293/293
f 293/293/293 299/299/299 298/298/298
f 296/296/296 298/298/298 300/300/300
f 301/301/301 296/296/296 300/300/300
f 304/304/304 303/303/303 302/302/302
f 302/302/302 303/303/303 305/305/305
f 305/305/305 306/306/306 302/302/302
f 305/305/305 307/307/307 306/306/306
f 307/307/307 305/305/305 308/308/308
f 309/309/309 308/308/308 305/305/305
f 305/305/305 303/303/303 310/310/310
f 309/309/309 305/305/305 310/310/310
f 311/311/311 309/309/309 310/310/310
f 310/310/310 312/312/312 311/311/311
f 315/315/315 314/314/314 313/313/313
f 316/316/316 313/313/313 314/314/314
f 317/317/317 316/316/316 314/314/314
f 316/316/316 318/318/318 313/313/313
f 319/319/319 316/316/316 317/317/317
f 320/320/320 318/318/318 316/316/316
f 320/320/320 316/316/316 319/319/319
f 319/319/319 321/321/321 320/320/320
f 324/324/324 323/323/323 322/322/322
f 322/322/322 325/325/325 324/324/324
f 326/326/326 324/324/324 325/325/325
f 327/327/327 326/326/326 325/325/325
f 328/328/328 324/324/324 326/326/326
f 327/327/327 329/329/329 326/326/326
f 326/326/326 330/330/330 328/328/328
f 331/331/331 326/326/326 329/329/329
f 330/330/330 326/326/326 331/331/331
f 334/334/334 333/333/333 332/332/332
f 332/332/332 335/335/335 334/334/334
f 338/338/338 337/337/337 336/336/336
f 336/336/336 339/339/339 338/338/338
f 338/338/338 339/339/339 340/340/340
f 339/339/339 341/341/341 340/340/340
f 340/340/340 342/342/342 338/338/338
f 345/345/345 344/344/344 343/343/343
f 346/346/346 343/343/343 344/344/344
f 344/344/344 347/347/347 346/346/346
f 347/347/347 348/348/348 346/346/346
f 349/349/349 348/348/348 347/347/347
f 347/347/347 350/350/350 349/349/349
f 350/350/350 347/347/347 344/344/344
f 344/344/344 351/351/351 350/350/350
f 352/352/352 350/350/350 351/351/351
f 351/351/351 353/353/353 352/352/352
f 356/356/356 355/355/355 354/354/354
f 357/357/357 354/354/354 355/355/355
f 355/355/355 358/358/358 357/357/357
f 359/359/359 357/357/357 358/358/358
f 358/358/358 355/355/355 360/360/360
f 361/361/361 359/359/359 358/358/358
f 360/360/360 361/361/361 358/358/358
f 361/361/361 362/362/362 359/359/359
f 361/361/361 360/360/360 363/363/363
f 364/364/364 362/362/362 361/361/361
f 363/363/363 364/364/364 361/361/361
f 367/367/367 366/366/366 365/365/365
f 365/365/365 368/368/368 367/367/367
f 365/365/365 369/369/369 368/368/368
f 370/370/370 368/368/368 369/369/369
f 370/370/370 367/367/367 368/368/368
f 369/369/369 371/371/371 370/370/370
f 370/370/370 372/372/372 367/367/367
f 372/372/372 373/373/373 367/367/367
f 372/372/372 374/374/374 373/373/373
f 370/370/370 375/375/375 372/372/372
f 375/375/375 370/370/370 376/376/376
f 379/379/379 378/378/378 377/377/377
f 377/377/377 380/380/380 379/379/379
f 381/381/381 379/379/379 380/380/380
f 380/380/380 382/382/382 381/381/381
f 382/382/382 380/380/380 383/383/383
f 384/384/384 383/383/383 380/380/380
f 380/380/380 377/377/377 384/384/384
f 385/385/385 384/384/384 377/377/377
f 388/388/388 387/387/387 386/386/386
f 386/386/386 389/389/389 388/388/388
f 386/386/386 390/390/390 389/389/389
f 390/390/390 391/391/391 389/389/389
f 389/389/389 391/391/391 392/392/392
f 389/389/389 392/392/392 388/388/388
f 393/393/393 388/388/388 392/392/392
f 396/396/396 395/395/395 394/394/394
f 395/395/395 397/397/397 394/394/394
f 400/400/400 399/399/399 398/398/398
f 398/398/398 399/399/399 401/401/401
f 399/399/399 402/402/402 401/401/401
f 403/403/403 401/401/401 402/402/402
f 404/404/404 403/403/403 402/402/402
f 399/399/399 405/405/405 402/402/402
f 402/402/402 405/405/405 404/404/404
f 406/406/406 405/405/405 399/399/399
f 405/405/405 407/407/407 404/404/404
f 406/406/406 408/408/408 405/405/405
f 408/408/408 407/407/407 405/405/405
f 411/411/411 410/410/410 409/409/409
f 412/412/412 411/411/411 409/409/409
f 409/409/409 413/413/413 412/412/412
f 414/414/414 413/413/413 409/409/409
f 415/415/415 413/413/413 414/414/414
f 414/414/414 416/416/416 415/415/415
f 419/419/419 418/418/418 417/417/417
f 417/417/417 420/420/420 419/419/419
f 421/421/421 419/419/419 420/420/420
f 422/422/422 420/420/420 417/417/417
f 423/423/423 421/421/421 420/420/420
f 424/424/424 420/420/420 422/422/422
f 424/424/424 423/423/423 420/420/420
f 424/424/424 422/422/422 425/425/425
f 423/423/423 424/424/424 426/426/426
f 425/425/425 426/426/426 424/424/424
f 429/429/429 428/428/428 427/427/427
f 429/429/429 427/427/427 430/430/430
f 430/430/430 427/427/427 431/431/431
f 432/432/432 430/430/430 431/431/431
f 432/432/432 433/433/433 430/430/430
f 429/429/429 430/430/430 433/433/433
f 433/433/433 434/434/434 429/429/429
f 437/437/437 436/436/436 435/435/435
f 435/435/435 438/438/438 437/437/437
f 441/441/441 440/440/440 439/439/439
f 441/441/441 439/439/439 442/442/442
f 443/443/443 442/442/442 439/439/439
f 443/443/443 439/439/439 444/444/444
f 445/445/445 442/442/442 443/443/443
f 444/444/444 446/446/446 443/443/443
f 447/447/447 445/445/445 443/443/443
f 443/443/443 446/446/446 447/447/447
f 450/450/450 449/449/449 448/448/448
f 451/451/451 448/448/448 449/449/449
f 452/452/452 448/448/448 451/451/451
f 452/452/452 451/451/451 453/453/453
f 454/454/454 451/451/451 449/449/449
f 454/454/454 453/453/453 451/451/451
f 449/449/449 455/455/455 454/454/454
f 454/454/454 456/456/456 453/453/453
f 454/454/454 455/455/455 457/457/457
f 457/457/457 456/456/456 454/454/454
f 460/460/460 459/459/459 458/458/458
f 461/461/461 458/458/458 459/459/459
f 461/461/461 459/459/459 462/462/462
f 463/463/463 458/458/458 461/461/461
f 462/462/462 464/464/464 461/461/461
f 463/463/463 461/461/461 465/465/465
f 461/461/461 464/464/464 465/465/465
f 468/468/468 467/467/467 466/466/466
f 469/469/469 468/468/468 466/466/466
f 469/469/469 470/470/470 468/468/468
f 471/471/471 470/470/470 469/469/469
f 472/472/472 469/469/469 466/466/466
f 469/469/469 472/472/472 471/471/471
f 466/466/466 473/473/473 472/472/472
f 472/472/472 474/474/474 471/471/471
f 472/472/472 473/473/473 475/475/475
f 474/474/474 472/472/472 475/475/475
f 478/478/478 477/477/477 476/476/476
f 476/476/476 479/479/479 478/478/478
f 482/482/482 481/481/481 480/480/480
f 480/480/480 483/483/483 482/482/482
f 483/483/483 484/484/484 482/482/482
f 484/484/484 485/485/485 482/482/482
f 488/488/488 487/487/487 486/486/486
f 486/486/486 487/487/487 489/489/489
f 490/490/490 489/489/489 487/487/487
f 490/490/490 487/487/487 491/491/491
f 490/490/490 492/492/492 489/489/489
f 491/491/491 493/493/493 490/490/490
f 494/494/494 492/492/492 490/490/490
f 493/493/493 494/494/494 490/490/490
f 497/497/497 496/496/496 495/495/495
f 498/498/498 497/497/497 495/495/495
f 495/495/495 499/499/499 498/498/498
f 498/498/498 499/499/499 500/500/500
f 499/499/499 495/495/495 501/501/501
f 502/502/502 500/500/500 499/499/499
f 501/501/501 503/503/503 499/499/499
f 503/503/503 502/502/502 499/499/499
f 506/506/506 505/505/505 504/504/504
f 507/507/507 506/506/506 504/504/504
f 508/508/508 507/507/507 504/504/504
f 508/508/508 509/509/509 507/507/507
f 509/509/509 510/510/510 507/507/507
f 504/504/504 511/511/511 508/508/508
f 512/512/512 511/511/511 504/504/504
f 504/504/504 513/513/513 512/512/512
f 516/516/516 515/515/515 514/514/514
f 514/514/514 517/517/517 516/516/516
f 514/514/514 518/518/518 517/517/517
f 519/519/519 517/517/517 518/518/518
f 518/518/518 514/514/514 520/520/520
f 521/521/521 520/520/520 514/514/514
f 522/522/522 520/520/520 521/521/521
f 520/520/520 523/523/523 518/518/518
f 523/523/523 520/520/520 522/522/522
f 523/523/523 524/524/524 518/518/518
f 522/522/522 525/525/525 523/523/523
f 528/528/528 527/527/527 526/526/526
f 529/529/529 528/528/528 526/526/526
f 529/529/529 530/530/530 528/528/528
f 531/531/531 530/530/530 529/529/529
f 529/529/529 532/532/532 531/531/531
f 532/532/532 529/529/529 533/533/533
f 529/529/529 526/526/526 534/534/534
f 535/535/535 534/534/534 526/526/526
f 533/533/533 529/529/529 536/536/536
f 529/529/529 534/534/534 536/536/536
f 533/533/533 536/536/536 537/537/537
f 537/537/537 538/538/538 533/533/533
f 536/536/536 534/534/534 539/539/539
f 537/537/537 536/536/536 539/539/539
f 540/540/540 539/539/539 534/534/534
f 539/539/539 541/541/541 537/537/537
f 542/542/542 539/539/539 540/540/540
f 542/542/542 541/541/541 539/539/539
f 542/542/542 543/543/543 541/541/541
f 546/546/546 545/545/545 544/544/544
f 545/545/545 547/547/547 544/544/544
f 550/550/550 549/549/549 548/548/548
f 548/548/548 551/551/551 550/550/550
f 551/551/551 548/548/548 552/552/552
f 552/552/552 553/553/553 551/551/551
f 554/554/554 553/553/553 552/552/552
f 552/552/552 555/555/555 554/554/554
f 554/554/554 555/555/555 556/556/556
f 556/556/556 557/557/557 554/554/554
f 557/557/557 558/558/558 554/554/554
f 554/554/554 558/558/558 553/553/553
f 558/558/558 559/559/559 553/553/553
f 562/562/562 561/561/561 560/560/560
f 563/563/563 562/562/562 560/560/560
f 564/564/564 562/562/562 563/563/563
f 564/564/564 563/563/563 565/565/565
f 566/566/566 563/563/563 560/560/560
f 566/566/566 565/565/565 563/563/563
f 560/560/560 567/567/567 566/566/566
f 566/566/566 568/568/568 565/565/565
f 568/568/568 566/566/566 567/567/567
f 567/567/567 569/569/569 568/568/568
f 572/572/572 571/571/571 570/570/570
f 571/571/571 572/572/572 573/573/573
f 573/573/573 574/574/574 571/571/571
f 575/575/575 571/571/571 574/574/574
f 574/574/574 576/576/576 575/575/575
f 574/574/574 573/573/573 577/577/577
f 576/576/576 574/574/574 578/578/578
f 577/577/577 578/578/578 574/574/574
f 578/578/578 579/579/579 576/576/576
f 580/580/580 578/578/578 577/577/577
f 578/578/578 580/580/580 579/579/579
f 580/580/580 581/581/581 579/579/579
f 577/577/577 582/582/582 580/580/580
f 583/583/583 581/581/581 580/580/580
f 580/580/580 582/582/582 583/583/583
f 584/584/584 583/583/583 582/582/582
f 587/587/587 586/586/586 585/585/585
f 585/585/585 588/588/588 587/587/587
f 589/589/589 588/588/588 585/585/585
f 590/590/590 588/588/588 589/589/589
f 591/591/591 590/590/590 589/589/589
f 588/588/588 590/590/590 592/592/592
f 592/592/592 587/587/587 588/588/588
f 593/593/593 592/592/592 590/590/590
f 593/593/593 594/594/594 592/592/592
f 596/596/596 595/595/595 587/587/587
f 597/597/597 587/587/587 595/595/595
f 597/597/597 595/595/595 598/598/598
f 598/598/598 599/599/599 597/597/597
f 600/600/600 598/598/598 595/595/595
f 595/595/595 601/601/601 600/600/600
f 604/604/604 603/603/603 602/602/602
f 603/603/603 605/605/605 602/602/602
f 608/608/608 607/607/607 606/606/606
f 608/608/608 606/606/606 609/609/609
f 609/609/609 610/610/610 608/608/608
f 610/610/610 609/609/609 611/611/611
f 610/610/610 611/611/611 612/612/612
f 612/612/612 613/613/613 610/610/610
f 610/610/610 613/613/613 614/614/614
f 614/614/614 608/608/608 610/610/610
f 614/614/614 615/615/615 608/608/608
f 614/614/614 616/616/616 615/615/615
f 616/616/616 614/614/614 617/617/617
f 617/617/617 614/614/614 618/618/618
f 621/621/621 620/620/620 619/619/619
f 622/622/622 621/621/621 619/619/619
f 623/623/623 621/621/621 622/622/622
f 623/623/623 622/622/622 624/624/624
f 625/625/625 624/624/624 622/622/622
f 622/622/622 626/626/626 625/625/625
f 625/625/625 626/626/626 627/627/627
f 628/628/628 627/627/627 626/626/626
f 626/626/626 629/629/629 628/628/628
f 629/629/629 626/626/626 630/630/630
f 631/631/631 626/626/626 622/622/622
f 631/631/631 630/630/630 626/626/626
f 619/619/619 631/631/631 622/622/622
f 630/630/630 631/631/631 632/632/632
f 633/633/633 631/631/631 619/619/619
f 633/633/633 632/632/632 631/631/631
f 633/633/633 619/619/619 634/634/634
f 633/633/633 635/635/635 632/632/632
f 634/634/634 635/635/635 633/633/633
f 638/638/638 637/637/637 636/636/636
f 636/636/636 639/639/639 638/638/638
f 642/642/642 641/641/641 640/640/640
f 643/643/643 640/640/640 641/641/641
f 640/640/640 643/643/643 644/644/644
f 644/644/644 645/645/645 640/640/640
f 648/648/648 647/647/647 646/646/646
f 649/649/649 647/647/647 648/648/648
f 647/647/647 649/649/649 650/650/650
f 651/651/651 650/650/650 649/649/649
f 650/650/650 651/651/651 652/652/652
f 655/655/655 654/654/654 653/653/653
f 653/653/653 656/656/656 655/655/655
f 656/656/656 653/653/653 657/657/657
f 658/658/658 657/657/657 653/653/653
f 657/657/657 659/659/659 656/656/656
f 662/662/662 661/661/661 660/660/660
f 660/660/660 661/661/661 663/663/663
f 664/664/664 660/660/660 663/663/663
f 663/663/663 665/665/665 664/664/664
f 668/668/668 667/667/667 666/666/666
f 669/669/669 668/668/668 666/666/666
f 666/666/666 670/670/670 669/669/669
f 671/671/671 669/669/669 670/670/670
f 672/672/672 670/670/670 666/666/666
f 673/673/673 671/671/671 670/670/670
f 674/674/674 670/670/670 672/672/672
f 674/674/674 673/673/673 670/670/670
f 674/674/674 672/672/672 675/675/675
f 673/673/673 674/674/674 676/676/676
f 675/675/675 676/676/676 674/674/674
f 679/679/679 678/678/678 677/677/677
f 677/677/677 680/680/680 679/679/679
f 680/680/680 681/681/681 679/679/679
f 677/677/677 682/682/682 680/680/680
f 683/683/683 681/681/681 680/680/680
f 680/680/680 682/682/682 684/684/684
f 684/684/684 683/683/683 680/680/680
f 687/687/687 686/686/686 685/685/685
f 686/686/686 688/688/688 685/685/685
f 685/685/685 688/688/688 689/689/689
f 686/686/686 690/690/690 688/688/688
f 689/689/689 688/688/688 691/691/691
f 690/690/690 691/691/691 688/688/688
f 691/691/691 692/692/692 689/689/689
f 692/692/692 691/691/691 693/693/693
f 693/693/693 691/691/691 690/690/690
f 690/690/690 694/694/694 693/693/693
f 697/697/697 696/696/696 695/695/695
f 695/695/695 698/698/698 697/697/697
f 699/699/699 698/698/698 695/695/695
f 698/698/698 699/699/699 700/700/700
f 697/697/697 698/698/698 701/701/701
f 700/700/700 702/702/702 698/698/698
f 701/701/701 698/698/698 702/702/702
f 701/701/701 702/702/702 703/703/703
f 706/706/706 705/705/705 704/704/704
f 704/704/704 707/707/707 706/706/706
f 707/707/707 708/708/708 706/706/706
f 704/704/704 709/709/709 707/707/707
f 709/709/709 704/704/704 710/710/710
f 708/708/708 707/707/707 711/711/711
f 709/709/709 711/711/711 707/707/707
f 711/711/711 712/712/712 708/708/708
f 712/712/712 711/711/711 713/713/713
f 709/709/709 713/713/713 711/711/711
f 709/709/709 714/714/714 713/713/713
f 715/715/715 714/714/714 709/709/709
f 710/710/710 715/715/715 709/709/709
f 715/715/715 716/716/716 714/714/714
f 717/717/717 716/716/716 715/715/715
f 715/715/715 710/710/710 718/718/718
f 710/710/710 719/719/719 718/718/718
f 720/720/720 718/718/718 719/719/719
f 721/721/721 718/718/718 720/720/720
f 718/718/718 721/721/721 722/722/722
f 715/715/715 723/723/723 717/717/717
f 717/717/717 723/723/723 722/722/722
f 718/718/718 723/723/723 715/715/715
f 722/722/722 723/723/723 718/718/718
f 726/726/726 725/725/725 724/724/724
f 727/727/727 724/724/724 725/725/725
f 727/727/727 728/728/728 724/724/724
f 729/729/729 728/728/728 727/727/727
f 725/725/725 730/730/730 727/727/727
f 727/727/727 731/731/731 729/729/729
f 727/727/727 730/730/730 731/731/731
f 731/731/731 730/730/730 732/732/732
f 735/735/735 734/734/734 733/733/733
f 734/734/734 736/736/736 733/733/733
f 736/736/736 734/734/734 737/737/737
f 737/737/737 738/738/738 736/736/736
f 741/741/741 740/740/740 739/739/739
f 740/740/740 742/742/742 739/739/739
f 745/745/745 744/744/744 743/743/743
f 743/743/743 746/746/746 745/745/745
f 749/749/749 748/748/748 747/747/747
f 749/749/749 750/750/750 748/748/748
f 748/748/748 750/750/750 751/751/751
f 751/751/751 752/752/752 748/748/748
f 755/755/755 754/754/754 753/753/753
f 753/753/753 756/756/756 755/755/755
f 757/757/757 756/756/756 753/753/753
f 753/753/753 758/758/758 757/757/757
f 758/758/758 753/753/753 759/759/759
f 753/753/753 760/760/760 759/759/759
f 759/759/759 760/760/760 761/761/761
f 762/762/762 761/761/761 760/760/760
f 763/763/763 762/762/762 760/760/760
f 760/760/760 764/764/764 763/763/763
f 767/767/767 766/766/766 765/765/765
f 765/765/765 768/768/768 767/767/767
f 771/771/771 770/770/770 769/769/769
f 771/771/771 772/772/772 770/770/770
f 772/772/772 773/773/773 770/770/770
f 774/774/774 770/770/770 773/773/773
f 773/773/773 772/772/772 775/775/775
f 776/776/776 772/772/772 771/771/771
f 776/776/776 771/771/771 777/777/777
f 777/777/777 778/778/778 776/776/776
f 776/776/776 778/778/778 779/779/779
f 779/779/779 780/780/780 776/776/776
f 776/776/776 781/781/781 772/772/772
f 781/781/781 776/776/776 780/780/780
f 781/781/781 775/775/775 772/772/772
f 780/780/780 782/782/782 781/781/781
f 775/775/775 781/781/781 782/782/782
f 782/782/782 783/783/783 775/775/775
f 786/786/786 785/785/785 784/784/784
f 784/784/784 787/787/787 786/786/786
f 786/786/786 787/787/787 788/788/788
f 787/787/787 789/789/789 788/788/788
f 790/790/790 786/786/786 788/788/788
f 789/789/789 791/791/791 788/788/788
f 792/792/792 790/790/790 788/788/788
f 791/791/791 793/793/793 788/788/788
f 794/794/794 793/793/793 791/791/791
f 791/791/791 795/795/795 794/794/794
f 793/793/793 796/796/796 788/788/788
f 796/796/796 797/797/797 788/788/788
f 797/797/797 798/798/798 788/788/788
f 797/797/797 799/799/799 798/798/798
f 800/800/800 798/798/798 799/799/799
f 798/798/798 801/801/801 788/788/788
f 801/801/801 802/802/802 788/788/788
f 802/802/802 792/792/792 788/788/788
f 802/802/802 803/803/803 792/792/792
f 804/804/804 792/792/792 803/803/803
f 807/807/807 806/806/806 805/805/805
f 807/807/807 808/808/808 806/806/806
f 808/808/808 809/809/809 806/806/806
f 810/810/810 806/806/806 809/809/809
f 809/809/809 808/808/808 811/811/811
f 812/812/812 808/808/808 807/807/807
f 812/812/812 811/811/811 808/808/808
f 807/807/807 813/813/813 812/812/812
f 813/813/813 807/807/807 814/814/814
f 814/814/814 815/815/815 813/813/813
f 813/813/813 815/815/815 816/816/816
f 816/816/816 817/817/817 813/813/813
f 812/812/812 813/813/813 817/817/817
f 811/811/811 812/812/812 818/818/818
f 817/817/817 818/818/818 812/812/812
f 819/819/819 818/818/818 817/817/817
f 818/818/818 820/820/820 811/811/811
f 819/819/819 821/821/821 818/818/818
f 820/820/820 818/818/818 821/821/821
f 821/821/821 822/822/822 820/820/820
f 825/825/825 824/824/824 823/823/823
f 825/825/825 826/826/826 824/824/824
f 826/826/826 827/827/827 824/824/824
f 828/828/828 824/824/824 827/827/827
f 827/827/827 826/826/826 829/829/829
f 826/826/826 825/825/825 830/830/830
f 830/830/830 825/825/825 831/831/831
f 831/831/831 832/832/832 830/830/830
f 830/830/830 832/832/832 833/833/833
f 833/833/833 834/834/834 830/830/830
f 830/830/830 835/835/835 826/826/826
f 834/834/834 835/835/835 830/830/830
f 835/835/835 829/829/829 826/826/826
f 834/834/834 836/836/836 835/835/835
f 829/829/829 835/835/835 836/836/836
f 836/836/836 837/837/837 829/829/829
f 840/840/840 839/839/839 838/838/838
f 839/839/839 841/841/841 838/838/838
f 842/842/842 838/838/838 841/841/841
f 841/841/841 843/843/843 842/842/842
f 839/839/839 844/844/844 841/841/841
f 844/844/844 839/839/839 845/845/845
f 845/845/845 846/846/846 844/844/844
f 847/847/847 844/844/844 846/846/846
f 843/843/843 841/841/841 848/848/848
f 844/844/844 848/848/848 841/841/841
f 848/848/848 849/849/849 843/843/843
f 849/849/849 848/848/848 850/850/850
f 844/844/844 847/847/847 851/851/851
f 848/848/848 844/844/844 851/851/851
f 852/852/852 851/851/851 847/847/847
f 851/851/851 852/852/852 853/853/853
f 854/854/854 850/850/850 848/848/848
f 851/851/851 854/854/854 848/848/848
f 851/851/851 853/853/853 854/854/854
f 850/850/850 854/854/854 855/855/855
f 853/853/853 856/856/856 854/854/854
f 856/856/856 855/855/855 854/854/854
f 859/859/859 858/858/858 857/857/857
f 857/857/857 860/860/860 859/859/859
f 860/860/860 861/861/861 859/859/859
f 862/862/862 860/860/860 857/857/857
f 857/857/857 863/863/863 862/862/862
f 860/860/860 864/864/864 861/861/861
f 862/862/862 864/864/864 860/860/860
f 865/865/865 861/861/861 864/864/864
f 862/862/862 866/866/866 864/864/864
f 864/864/864 867/867/867 865/865/865
f 866/866/866 868/868/868 864/864/864
f 867/867/867 864/864/864 868/868/868
f 871/871/871 870/870/870 869/869/869
f 869/869/869 872/872/872 871/871/871
f 873/873/873 871/871/871 872/872/872
f 871/871/871 873/873/873 874/874/874
f 875/875/875 874/874/874 873/873/873
f 873/873/873 876/876/876 875/875/875
f 876/876/876 873/873/873 877/877/877
f 873/873/873 872/872/872 878/878/878
f 873/873/873 878/878/878 877/877/877
f 872/872/872 879/879/879 878/878/878
f 880/880/880 877/877/877 878/878/878
f 879/879/879 881/881/881 878/878/878
f 878/878/878 882/882/882 880/880/880
f 882/882/882 878/878/878 881/881/881
f 885/885/885 884/884/884 883/883/883
f 884/884/884 885/885/885 886/886/886
f 887/887/887 886/886/886 885/885/885
f 887/887/887 888/888/888 886/886/886
f 887/887/887 885/885/885 889/889/889
f 890/890/890 888/888/888 887/887/887
f 889/889/889 891/891/891 887/887/887
f 889/889/889 892/892/892 891/891/891
f 893/893/893 891/891/891 892/892/892
f 891/891/891 893/893/893 894/894/894
f 894/894/894 895/895/895 891/891/891
f 887/887/887 891/891/891 895/895/895
f 896/896/896 887/887/887 895/895/895
f 887/887/887 896/896/896 890/890/890
f 897/897/897 890/890/890 896/896/896
f 896/896/896 898/898/898 897/897/897
f 901/901/901 900/900/900 899/899/899
f 899/899/899 902/902/902 901/901/901
f 903/903/903 902/902/902 899/899/899
f 899/899/899 904/904/904 903/903/903
f 905/905/905 903/903/903 904/904/904
f 904/904/904 906/906/906 905/905/905
f 906/906/906 907/907/907 905/905/905
f 906/906/906 908/908/908 907/907/907
f 911/911/911 910/910/910 909/909/909
f 912/912/912 911/911/911 909/909/909
f 909/909/909 913/913/913 912/912/912
f 914/914/914 912/912/912 913/913/913
f 915/915/915 914/914/914 913/913/913
f 915/915/915 913/913/913 916/916/916
f 916/916/916 917/917/917 915/915/915
f 916/916/916 918/918/918 917/917/917
f 921/921/921 920/920/920 919/919/919
f 919/919/919 922/922/922 921/921/921
f 925/925/925 924/924/924 923/923/923
f 923/923/923 926/926/926 925/925/925
f 929/929/929 928/928/928 927/927/927
f 927/927/927 930/930/930 929/929/929
f 933/933/933 932/932/932 931/931/931
f 931/931/931 932/932/932 934/934/934
f 934/934/934 932/932/932 935/935/935
f 936/936/936 935/935/935 932/932/932
f 935/935/935 936/936/936 937/937/937
f 937/937/937 938/938/938 935/935/935
f 939/939/939 938/938/938 937/937/937
f 937/937/937 940/940/940 939/939/939
f 943/943/943 942/942/942 941/941/941
f 941/941/941 944/944/944 943/943/943
f 943/943/943 944/944/944 945/945/945
f 945/945/945 946/946/946 943/943/943
f 946/946/946 945/945/945 947/947/947
f 945/945/945 948/948/948 947/947/947
f 947/947/947 948/948/948 949/949/949
f 949/949/949 950/950/950 947/947/947
f 953/953/953 952/952/952 951/951/951
f 953/953/953 951/951/951 954/954/954
f 954/954/954 951/951/951 955/955/955
f 955/955/955 956/956/956 954/954/954
f 956/956/956 955/955/955 957/957/957
f 958/958/958 957/957/957 955/955/955
f 959/959/959 957/957/957 958/958/958
f 958/958/958 960/960/960 959/959/959
f 963/963/963 962/962/962 961/961/961
f 961/961/961 964/964/964 963/963/963
f 963/963/963 964/964/964 965/965/965
f 965/965/965 966/966/966 963/963/963
f 966/966/966 965/965/965 967/967/967
f 965/965/965 968/968/968 967/967/967
f 969/969/969 967/967/967 968/968/968
f 968/968/968 970/970/970 969/969/969
f 973/973/973 972/972/972 971/971/971
f 973/973/973 974/974/974 972/972/972
f 977/977/977 976/976/976 975/975/975
f 975/975/975 978/978/978 977/977/977
f 977/977/977 978/978/978 979/979/979
f 980/980/980 977/977/977 979/979/979
f 980/980/980 979/979/979 981/981/981
f 982/982/982 980/980/980 981/981/981
f 981/981/981 983/983/983 982/982/982
f 983/983/983 984/984/984 982/982/982
f 987/987/987 986/986/986 985/985/985
f 985/985/985 988/988/988 987/987/987
f 989/989/989 987/987/987 988/988/988
f 988/988/988 990/990/990 989/989/989
f 989/989/989 990/990/990 991/991/991
f 991/991/991 992/992/992 989/989/989
f 991/991/991 993/993/993 992/992/992
f 993/993/993 994/994/994 992/992/992
f 997/997/997 996/996/996 995/995/995
f 998/998/998 995/995/995 996/996/996
f 996/996/996 999/999/999 998/998/998
f 1000/1000/1000 998/998/998 999/999/999
f 1001/1001/1001 1000/1000/1000 999/999/999
f 1001/1001/1001 999/999/999 1002/1002/1002
f 1005/1005/1005 1004/1004/1004 1003/1003/1003
f 1003/1003/1003 1006/1006/1006 1005/1005/1005
f 1007/1007/1007 1005/1005/1005 1006/1006/1006
f 1006/1006/1006 1008/1008/1008 1007/1007/1007
f 1007/1007/1007 1008/1008/1008 1009/1009/1009
f 1009/1009/1009 1010/1010/1010 1007/1007/1007
f 1013/1013/1013 1012/1012/1012 1011/1011/1011
f 1014/1014/1014 1013/1013/1013 1011/1011/1011
f 1015/1015/1015 1014/1014/1014 1011/1011/1011
f 1011/1011/1011 1016/1016/1016 1015/1015/1015
f 1019/1019/1019 1018/1018/1018 1017/1017/1017
f 1017/1017/1017 1020/1020/1020 1019/1019/1019
f 1021/1021/1021 1020/1020/1020 1017/1017/1017
f 1022/1022/1022 1021/1021/1021 1017/1017/1017
f 1025/1025/1025 1024/1024/1024 1023/1023/1023
f 1025/1025/1025 1023/1023/1023 1026/1026/1026
f 1026/1026/1026 1023/1023/1023 1027/1027/1027
f 1026/1026/1026 1027/1027/1027 1028/1028/1028
f 1028/1028/1028 1027/1027/1027 1029/1029/1029
f 1028/1028/1028 1029/1029/1029 1030/1030/1030
f 1033/1033/1033 1032/1032/1032 1031/1031/1031
f 1034/1034/1034 1032/1032/1032 1033/1033/1033
f 1035/1035/1035 1034/1034/1034 1033/1033/1033
f 1036/1036/1036 1034/1034/1034 1035/1035/1035
f 1037/1037/1037 1036/1036/1036 1035/1035/1035
f 1035/1035/1035 1038/1038/1038 1037/1037/1037
f 1039/1039/1039 1037/1037/1037 1038/1038/1038
f 1039/1039/1039 1038/1038/1038 1040/1040/1040
f 1043/1043/1043 1042/1042/1042 1041/1041/1041
f 1043/1043/1043 1041/1041/1041 1044/1044/1044
f 1043/1043/1043 1044/1044/1044 1045/1045/1045
f 1045/1045/1045 1046/1046/1046 1043/1043/1043
f 1045/1045/1045 1047/1047/1047 1046/1046/1046
f 1047/1047/1047 1045/1045/1045 1048/1048/1048
f 1047/1047/1047 1048/1048/1048 1049/1049/1049
f 1049/1049/1049 1050/1050/1050 1047/1047/1047
f 1053/1053/1053 1052/1052/1052 1051/1051/1051
f 1051/1051/1051 1052/1052/1052 1054/1054/1054
f 1051/1051/1051 1054/1054/1054 1055/1055/1055
f 1055/1055/1055 1054/1054/1054 1056/1056/1056
f 1055/1055/1055 1056/1056/1056 1057/1057/1057
f 1057/1057/1057 1056/1056/1056 1058/1058/1058
f 1061/1061/1061 1060/1060/1060 1059/1059/1059
f 1062/1062/1062 1061/1061/1061 1059/1059/1059
f 1059/1059/1059 1063/1063/1063 1062/1062/1062
f 1064/1064/1064 1062/1062/1062 1063/1063/1063
f 1063/1063/1063 1065/1065/1065 1064/1064/1064
f 1066/1066/1066 1064/1064/1064 1065/1065/1065
f 1067/1067/1067 1066/1066/1066 1065/1065/1065
f 1063/1063/1063 1068/1068/1068 1065/1065/1065
f 1063/1063/1063 1069/1069/1069 1068/1068/1068
f 1065/1065/1065 1068/1068/1068 1070/1070/1070
f 1067/1067/1067 1065/1065/1065 1071/1071/1071
f 1071/1071/1071 1065/1065/1065 1070/1070/1070
f 1072/1072/1072 1067/1067/1067 1071/1071/1071
f 1071/1071/1071 1070/1070/1070 1073/1073/1073
f 1072/1072/1072 1071/1071/1071 1074/1074/1074
f 1074/1074/1074 1071/1071/1071 1073/1073/1073
f 1074/1074/1074 1073/1073/1073 1075/1075/1075
f 1078/1078/1078 1077/1077/1077 1076/1076/1076
f 1077/1077/1077 1079/1079/1079 1076/1076/1076
f 1079/1079/1079 1077/1077/1077 1080/1080/1080
f 1081/1081/1081 1076/1076/1076 1079/1079/1079
f 1079/1079/1079 1082/1082/1082 1081/1081/1081
f 1083/1083/1083 1076/1076/1076 1081/1081/1081
f 1086/1086/1086 1085/1085/1085 1084/1084/1084
f 1087/1087/1087 1086/1086/1086 1084/1084/1084
f 1088/1088/1088 1087/1087/1087 1084/1084/1084
f 1084/1084/1084 1089/1089/1089 1088/1088/1088
f 1092/1092/1092 1091/1091/1091 1090/1090/1090
f 1092/1092/1092 1090/1090/1090 1093/1093/1093
f 1093/1093/1093 1094/1094/1094 1092/1092/1092
f 1094/1094/1094 1093/1093/1093 1095/1095/1095
f 1095/1095/1095 1096/1096/1096 1094/1094/1094
f 1096/1096/1096 1095/1095/1095 1097/1097/1097
f 1096/1096/1096 1097/1097/1097 1098/1098/1098
f 1099/1099/1099 1097/1097/1097 1095/1095/1095
f 1100/1100/1100 1099/1099/1099 1095/1095/1095
f 1097/1097/1097 1099/1099/1099 1101/1101/1101
f 1097/1097/1097 1101/1101/1101 1102/1102/1102
f 1105/1105/1105 1104/1104/1104 1103/1103/1103
f 1106/1106/1106 1105/1105/1105 1103/1103/1103
f 1106/1106/1106 1103/1103/1103 1107/1107/1107
f 1107/1107/1107 1108/1108/1108 1106/1106/1106
f 1109/1109/1109 1108/1108/1108 1107/1107/1107
f 1107/1107/1107 1110/1110/1110 1109/1109/1109
f 1111/1111/1111 1109/1109/1109 1110/1110/1110
f 1110/1110/1110 1112/1112/1112 1111/1111/1111
f 1115/1115/1115 1114/1114/1114 1113/1113/1113
f 1113/1113/1113 1116/1116/1116 1115/1115/1115
f 1116/1116/1116 1113/1113/1113 1117/1117/1117
f 1117/1117/1117 1118/1118/1118 1116/1116/1116
f 1118/1118/1118 1117/1117/1117 1119/1119/1119
f 1119/1119/1119 1120/1120/1120 1118/1118/1118
f 1123/1123/1123 1122/1122/1122 1121/1121/1121
f 1121/1121/1121 1124/1124/1124 1123/1123/1123
f 1127/1127/1127 1126/1126/1126 1125/1125/1125
f 1125/1125/1125 1128/1128/1128 1127/1127/1127
f 1131/1131/1131 1130/1130/1130 1129/1129/1129
f 1129/1129/1129 1132/1132/1132 1131/1131/1131
f 1132/1132/1132 1129/1129/1129 1133/1133/1133
f 1133/1133/1133 1134/1134/1134 1132/1132/1132
f 1137/1137/1137 1136/1136/1136 1135/1135/1135
f 1135/1135/1135 1138/1138/1138 1137/1137/1137
f 1138/1138/1138 1135/1135/1135 1139/1139/1139
f 1139/1139/1139 1140/1140/1140 1138/1138/1138
f 1143/1143/1143 1142/1142/1142 1141/1141/1141
f 1141/1141/1141 1144/1144/1144 1143/1143/1143
f 1147/1147/1147 1146/1146/1146 1145/1145/1145
f 1145/1145/1145 1148/1148/1148 1147/1147/1147
f 1149/1149/1149 1147/1147/1147 1148/1148/1148
f 1148/1148/1148 1150/1150/1150 1149/1149/1149
f 1153/1153/1153 1152/1152/1152 1151/1151/1151
f 1152/1152/1152 1154/1154/1154 1151/1151/1151
f 1157/1157/1157 1156/1156/1156 1155/1155/1155
f 1158/1158/1158 1155/1155/1155 1156/1156/1156
f 1161/1161/1161 1160/1160/1160 1159/1159/1159
f 1159/1159/1159 1162/1162/1162 1161/1161/1161
f 1163/1163/1163 1162/1162/1162 1159/1159/1159
f 1159/1159/1159 1164/1164/1164 1163/1163/1163
f 1167/1167/1167 1166/1166/1166 1165/1165/1165
f 1165/1165/1165 1168/1168/1168 1167/1167/1167
f 1171/1171/1171 1170/1170/1170 1169/1169/1169
f 1169/1169/1169 1172/1172/1172 1171/1171/1171
f 1175/1175/1175 1174/1174/1174 1173/1173/1173
f 1173/1173/1173 1176/1176/1176 1175/1175/1175
f 1175/1175/1175 1176/1176/1176 1177/1177/1177
f 1177/1177/1177 1178/1178/1178 1175/1175/1175
f 1178/1178/1178 1177/1177/1177 1179/1179/1179
f 1179/1179/1179 1180/1180/1180 1178/1178/1178
f 1180/1180/1180 1179/1179/1179 1181/1181/1181
f 1179/1179/1179 1182/1182/1182 1181/1181/1181
f 1183/1183/1183 1181/1181/1181 1182/1182/1182
f 1182/1182/1182 1184/1184/1184 1183/1183/1183
f 1183/1183/1183 1184/1184/1184 1185/1185/1185
f 1183/1183/1183 1185/1185/1185 1186/1186/1186
f 1189/1189/1189 1188/1188/1188 1187/1187/1187
f 1187/1187/1187 1190/1190/1190 1189/1189/1189
f 1189/1189/1189 1190/1190/1190 1191/1191/1191
f 1192/1192/1192 1191/1191/1191 1190/1190/1190
f 1193/1193/1193 1191/1191/1191 1192/1192/1192
f 1192/1192/1192 1194/1194/1194 1193/1193/1193
f 1193/1193/1193 1194/1194/1194 1195/1195/1195
f 1195/1195/1195 1196/1196/1196 1193/1193/1193
f 1196/1196/1196 1195/1195/1195 1197/1197/1197
f 1197/1197/1197 1198/1198/1198 1196/1196/1196
f 1198/1198/1198 1197/1197/1197 1199/1199/1199
f 1198/1198/1198 1199/1199/1199 1200/1200/1200
f 1203/1203/1203 1202/1202/1202 1201/1201/1201
f 1201/1201/1201 1204/1204/1204 1203/1203/1203
f 1203/1203/1203 1204/1204/1204 1205/1205/1205
f 1205/1205/1205 1206/1206/1206 1203/1203/1203
f 1206/1206/1206 1205/1205/1205 1207/1207/1207
f 1207/1207/1207 1208/1208/1208 1206/1206/1206
f 1211/1211/1211 1210/1210/1210 1209/1209/1209
f 1209/1209/1209 1212/1212/1212 1211/1211/1211
f 1211/1211/1211 1212/1212/1212 1213/1213/1213
f 1213/1213/1213 1214/1214/1214 1211/1211/1211
f 1214/1214/1214 1213/1213/1213 1215/1215/1215
f 1215/1215/1215 1216/1216/1216 1214/1214/1214
f 1219/1219/1219 1218/1218/1218 1217/1217/1217
f 1217/1217/1217 1220/1220/1220 1219/1219/1219
f 1219/1219/1219 1220/1220/1220 1221/1221/1221
f 1222/1222/1222 1221/1221/1221 1220/1220/1220
f 1221/1221/1221 1222/1222/1222 1223/1223/1223
f 1223/1223/1223 1224/1224/1224 1221/1221/1221
f 1224/1224/1224 1223/1223/1223 1225/1225/1225
f 1225/1225/1225 1226/1226/1226 1224/1224/1224
f 1229/1229/1229 1228/1228/1228 1227/1227/1227
f 1227/1227/1227 1230/1230/1230 1229/1229/1229
f 1230/1230/1230 1227/1227/1227 1231/1231/1231
f 1231/1231/1231 1232/1232/1232 1230/1230/1230
f 1232/1232/1232 1231/1231/1231 1233/1233/1233
f 1233/1233/1233 1234/1234/1234 1232/1232/1232
f 1234/1234/1234 1233/1233/1233 1235/1235/1235
f 1233/1233/1233 1236/1236/1236 1235/1235/1235
f 1237/1237/1237 1235/1235/1235 1236/1236/1236
f 1236/1236/1236 1238/1238/1238 1237/1237/1237
f 1239/1239/1239 1237/1237/1237 1238/1238/1238
f 1238/1238/1238 1240/1240/1240 1239/1239/1239
f 1243/1243/1243 1242/1242/1242 1241/1241/1241
f 1243/1243/1243 1244/1244/1244 1242/1242/1242
f 1245/1245/1245 1244/1244/1244 1243/1243/1243
f 1243/1243/1243 1246/1246/1246 1245/1245/1245
f 1247/1247/1247 1245/1245/1245 1246/1246/1246
f 1248/1248/1248 1247/1247/1247 1246/1246/1246
f 1249/1249/1249 1247/1247/1247 1248/1248/1248
f 1250/1250/1250 1249/1249/1249 1248/1248/1248
f 1249/1249/1249 1250/1250/1250 1251/1251/1251
f 1251/1251/1251 1252/1252/1252 1249/1249/1249
f 1252/1252/1252 1251/1251/1251 1253/1253/1253
f 1253/1253/1253 1254/1254/1254 1252/1252/1252
f 1255/1255/1255 1254/1254/1254 1253/1253/1253
f 1253/1253/1253 1256/1256/1256 1255/1255/1255
f 1259/1259/1259 1258/1258/1258 1257/1257/1257
f 1257/1257/1257 1260/1260/1260 1259/1259/1259
f 1261/1261/1261 1260/1260/1260 1257/1257/1257
f 1257/1257/1257 1262/1262/1262 1261/1261/1261
f 1263/1263/1263 1261/1261/1261 1262/1262/1262
f 1262/1262/1262 1264/1264/1264 1263/1263/1263
f 1267/1267/1267 1266/1266/1266 1265/1265/1265
f 1268/1268/1268 1265/1265/1265 1266/1266/1266
f 1271/1271/1271 1270/1270/1270 1269/1269/1269
f 1269/1269/1269 1270/1270/1270 1272/1272/1272
f 1272/1272/1272 1270/1270/1270 1273/1273/1273
f 1274/1274/1274 1269/1269/1269 1272/1272/1272
f 1272/1272/1272 1275/1275/1275 1274/1274/1274
f 1278/1278/1278 1277/1277/1277 1276/1276/1276
f 1276/1276/1276 1279/1279/1279 1278/1278/1278
f 1279/1279/1279 1276/1276/1276 1280/1280/1280
f 1280/1280/1280 1281/1281/1281 1279/1279/1279
f 1280/1280/1280 1282/1282/1282 1281/1281/1281
f 1281/1281/1281 1282/1282/1282 1283/1283/1283
f 1282/1282/1282 1284/1284/1284 1283/1283/1283
f 1285/1285/1285 1282/1282/1282 1280/1280/1280
f 1280/1280/1280 1286/1286/1286 1285/1285/1285
f 1282/1282/1282 1287/1287/1287 1284/1284/1284
f 1287/1287/1287 1288/1288/1288 1284/1284/1284
f 1287/1287/1287 1289/1289/1289 1288/1288/1288
f 1292/1292/1292 1291/1291/1291 1290/1290/1290
f 1293/1293/1293 1292/1292/1292 1290/1290/1290
f 1293/1293/1293 1290/1290/1290 1294/1294/1294
f 1295/1295/1295 1293/1293/1293 1294/1294/1294
f 1296/1296/1296 1295/1295/1295 1294/1294/1294
f 1297/1297/1297 1295/1295/1295 1296/1296/1296
f 1298/1298/1298 1295/1295/1295 1297/1297/1297
f 1298/1298/1298 1299/1299/1299 1295/1295/1295
f 1297/1297/1297 1296/1296/1296 1300/1300/1300
f 1301/1301/1301 1297/1297/1297 1300/1300/1300
f 1300/1300/1300 1296/1296/1296 1302/1302/1302
f 1305/1305/1305 1304/1304/1304 1303/1303/1303
f 1303/1303/1303 1306/1306/1306 1305/1305/1305
f 1307/1307/1307 1305/1305/1305 1306/1306/1306
f 1306/1306/1306 1308/1308/1308 1307/1307/1307
f 1307/1307/1307 1308/1308/1308 1309/1309/1309
f 1310/1310/1310 1307/1307/1307 1309/1309/1309
f 1313/1313/1313 1312/1312/1312 1311/1311/1311
f 1311/1311/1311 1314/1314/1314 1313/1313/1313
f 1314/1314/1314 1315/1315/1315 1313/1313/1313
f 1316/1316/1316 1313/1313/1313 1315/1315/1315
f 1319/1319/1319 1318/1318/1318 1317/1317/1317
f 1317/1317/1317 1320/1320/1320 1319/1319/1319
f 1321/1321/1321 1319/1319/1319 1320/1320/1320
f 1320/1320/1320 1322/1322/1322 1321/1321/1321
f 1321/1321/1321 1322/1322/1322 1323/1323/1323
f 1324/1324/1324 1321/1321/1321 1323/1323/1323
f 1324/1324/1324 1323/1323/1323 1325/1325/1325
f 1326/1326/1326 1324/1324/1324 1325/1325/1325
f 1329/1329/1329 1328/1328/1328 1327/1327/1327
f 1327/1327/1327 1330/1330/1330 1329/1329/1329
f 1331/1331/1331 1329/1329/1329 1330/1330/1330
f 1330/1330/1330 1332/1332/1332 1331/1331/1331
f 1331/1331/1331 1332/1332/1332 1333/1333/1333
f 1333/1333/1333 1334/1334/1334 1331/1331/1331
f 1334/1334/1334 1333/1333/1333 1335/1335/1335
f 1335/1335/1335 1336/1336/1336 1334/1334/1334
f 1339/1339/1339 1338/1338/1338 1337/1337/1337
f 1337/1337/1337 1340/1340/1340 1339/1339/1339
f 1341/1341/1341 1340/1340/1340 1337/1337/1337
f 1337/1337/1337 1342/1342/1342 1341/1341/1341
f 1343/1343/1343 1341/1341/1341 1342/1342/1342
f 1342/1342/1342 1344/1344/1344 1343/1343/1343
f 1347/1347/1347 1346/1346/1346 1345/1345/1345
f 1348/1348/1348 1345/1345/1345 1346/1346/1346
f 1349/1349/1349 1348/1348/1348 1346/1346/1346
f 1346/1346/1346 1350/1350/1350 1349/1349/1349
f 1351/1351/1351 1349/1349/1349 1350/1350/1350
f 1351/1351/1351 1350/1350/1350 1352/1352/1352
f 1355/1355/1355 1354/1354/1354 1353/1353/1353
f 1356/1356/1356 1355/1355/1355 1353/1353/1353
f 1357/1357/1357 1355/1355/1355 1356/1356/1356
f 1358/1358/1358 1357/1357/1357 1356/1356/1356
f 1359/1359/1359 1357/1357/1357 1358/1358/1358
f 1362/1362/1362 1361/1361/1361 1360/1360/1360
f 1361/1361/1361 1362/1362/1362 1363/1363/1363
f 1361/1361/1361 1363/1363/1363 1364/1364/1364
f 1364/1364/1364 1365/1365/1365 1361/1361/1361
f 1368/1368/1368 1367/1367/1367 1366/1366/1366
f 1366/1366/1366 1367/1367/1367 1369/1369/1369
f 1367/1367/1367 1370/1370/1370 1369/1369/1369
f 1371/1371/1371 1369/1369/1369 1370/1370/1370
f 1372/1372/1372 1371/1371/1371 1370/1370/1370
f 1373/1373/1373 1371/1371/1371 1372/1372/1372
f 1374/1374/1374 1373/1373/1373 1372/1372/1372
f 1377/1377/1377 1376/1376/1376 1375/1375/1375
f 1378/1378/1378 1377/1377/1377 1375/1375/1375
f 1379/1379/1379 1377/1377/1377 1378/1378/1378
f 1380/1380/1380 1379/1379/1379 1378/1378/1378
f 1379/1379/1379 1380/1380/1380 1381/1381/1381
f 1380/1380/1380 1382/1382/1382 1381/1381/1381
f 1381/1381/1381 1382/1382/1382 1383/1383/1383
f 1386/1386/1386 1385/1385/1385 1384/1384/1384
f 1387/1387/1387 1385/1385/1385 1386/1386/1386
f 1388/1388/1388 1387/1387/1387 1386/1386/1386
f 1389/1389/1389 1387/1387/1387 1388/1388/1388
f 1390/1390/1390 1389/1389/1389 1388/1388/1388
f 1393/1393/1393 1392/1392/1392 1391/1391/1391
f 1392/1392/1392 1394/1394/1394 1391/1391/1391
f 1391/1391/1391 1394/1394/1394 1395/1395/1395
f 1395/1395/1395 1394/1394/1394 1396/1396/1396
f 1397/1397/1397 1396/1396/1396 1394/1394/1394
f 1398/1398/1398 1394/1394/1394 1392/1392/1392
f 1399/1399/1399 1398/1398/1398 1392/1392/1392
f 1400/1400/1400 1394/1394/1394 1398/1398/1398
f 1401/1401/1401 1394/1394/1394 1400/1400/1400
f 1402/1402/1402 1394/1394/1394 1401/1401/1401
f 1405/1405/1405 1404/1404/1404 1403/1403/1403
f 1405/1405/1405 1406/1406/1406 1404/1404/1404
f 1409/1409/1409 1408/1408/1408 1407/1407/1407
f 1410/1410/1410 1409/1409/1409 1407/1407/1407
f 1411/1411/1411 1410/1410/1410 1407/1407/1407
f 1407/1407/1407 1412/1412/1412 1411/1411/1411
f 1411/1411/1411 1412/1412/1412 1413/1413/1413
f 1414/1414/1414 1411/1411/1411 1413/1413/1413
f 1417/1417/1417 1416/1416/1416 1415/1415/1415
f 1415/1415/1415 1418/1418/1418 1417/1417/1417
f 1417/1417/1417 1418/1418/1418 1419/1419/1419
f 1419/1419/1419 1420/1420/1420 1417/1417/1417
f 1419/1419/1419 1421/1421/1421 1420/1420/1420
f 1419/1419/1419 1422/1422/1422 1421/1421/1421
f 1425/1425/1425 1424/1424/1424 1423/1423/1423
f 1424/1424/1424 1426/1426/1426 1423/1423/1423
f 1424/1424/1424 1427/1427/1427 1426/1426/1426
f 1427/1427/1427 1428/1428/1428 1426/1426/1426
f 1428/1428/1428 1427/1427/1427 1429/1429/1429
f 1427/1427/1427 1430/1430/1430 1429/1429/1429
f 1429/1429/1429 1430/1430/1430 1431/1431/1431
f 1430/1430/1430 1432/1432/1432 1431/1431/1431
f 1433/1433/1433 1431/1431/1431 1432/1432/1432
f 1432/1432/1432 1434/1434/1434 1433/1433/1433
f 1437/1437/1437 1436/1436/1436 1435/1435/1435
f 1437/1437/1437 1435/1435/1435 1438/1438/1438
f 1438/1438/1438 1435/1435/1435 1439/1439/1439
f 1438/1438/1438 1439/1439/1439 1440/1440/1440
f 1440/1440/1440 1439/1439/1439 1441/1441/1441
f 1440/1440/1440 1441/1441/1441 1442/1442/1442
f 1445/1445/1445 1444/1444/1444 1443/1443/1443
f 1443/1443/1443 1446/1446/1446 1445/1445/1445
f 1447/1447/1447 1445/1445/1445 1446/1446/1446
f 1446/1446/1446 1448/1448/1448 1447/1447/1447
f 1449/1449/1449 1447/1447/1447 1448/1448/1448
f 1448/1448/1448 1450/1450/1450 1449/1449/1449
f 1449/1449/1449 1450/1450/1450 1451/1451/1451
f 1451/1451/1451 1452/1452/1452 1449/1449/1449
f 1452/1452/1452 1451/1451/1451 1453/1453/1453
f 1453/1453/1453 1454/1454/1454 1452/1452/1452
f 1457/1457/1457 1456/1456/1456 1455/1455/1455
f 1455/1455/1455 1458/1458/1458 1457/1457/1457
f 1458/1458/1458 1455/1455/1455 1459/1459/1459
f 1459/1459/1459 1460/1460/1460 1458/1458/1458
f 1459/1459/1459 1461/1461/1461 1460/1460/1460
f 1459/1459/1459 1462/1462/1462 1461/1461/1461
f 1465/1465/1465 1464/1464/1464 1463/1463/1463
f 1466/1466/1466 1465/1465/1465 1463/1463/1463
f 1467/1467/1467 1466/1466/1466 1463/1463/1463
f 1463/1463/1463 1468/1468/1468 1467/1467/1467
f 1467/1467/1467 1468/1468/1468 1469/1469/1469
f 1470/1470/1470 1467/1467/1467 1469/1469/1469
f 1473/1473/1473 1472/1472/1472 1471/1471/1471
f 1471/1471/1471 1472/1472/1472 1474/1474/1474
f 1471/1471/1471 1474/1474/1474 1475/1475/1475
f 1475/1475/1475 1474/1474/1474 1476/1476/1476
f 1475/1475/1475 1476/1476/1476 1477/1477/1477
f 1477/1477/1477 1476/1476/1476 1478/1478/1478
f 1481/1481/1481 1480/1480/1480 1479/1479/1479
f 1479/1479/1479 1482/1482/1482 1481/1481/1481
f 1482/1482/1482 1483/1483/1483 1481/1481/1481
f 1482/1482/1482 1484/1484/1484 1483/1483/1483
f 1484/1484/1484 1485/1485/1485 1483/1483/1483
f 1484/1484/1484 1486/1486/1486 1485/1485/1485
f 1486/1486/1486 1487/1487/1487 1485/1485/1485
f 1486/1486/1486 1488/1488/1488 1487/1487/1487
f 1491/1491/1491 1490/1490/1490 1489/1489/1489
f 1491/1491/1491 1492/1492/1492 1490/1490/1490
f 1492/1492/1492 1493/1493/1493 1490/1490/1490
f 1492/1492/1492 1494/1494/1494 1493/1493/1493
f 1494/1494/1494 1495/1495/1495 1493/1493/1493
f 1494/1494/1494 1496/1496/1496 1495/1495/1495
f 1496/1496/1496 1497/1497/1497 1495/1495/1495
f 1496/1496/1496 1498/1498/1498 1497/1497/1497
f 1501/1501/1501 1500/1500/1500 1499/1499/1499
f 1499/1499/1499 1502/1502/1502 1501/1501/1501
f 1503/1503/1503 1501/1501/1501 1502/1502/1502
f 1503/1503/1503 1502/1502/1502 1504/1504/1504
f 1505/1505/1505 1503/1503/1503 1504/1504/1504
f 1505/1505/1505 1504/1504/1504 1506/1506/1506
f 1507/1507/1507 1505/1505/1505 1506/1506/1506
f 1506/1506/1506 1508/1508/1508 1507/1507/1507
f 1511/1511/1511 1510/1510/1510 1509/1509/1509
f 1511/1511/1511 1509/1509/1509 1512/1512/1512
f 1513/1513/1513 1511/1511/1511 1512/1512/1512
f 1512/1512/1512 1514/1514/1514 1513/1513/1513
f 1515/1515/1515 1513/1513/1513 1514/1514/1514
f 1515/1515/1515 1514/1514/1514 1516/1516/1516
f 1517/1517/1517 1515/1515/1515 1516/1516/1516
f 1516/1516/1516 1518/1518/1518 1517/1517/1517
f 1521/1521/1521 1520/1520/1520 1519/1519/1519
f 1520/1520/1520 1521/1521/1521 1522/1522/1522
f 1523/1523/1523 1522/1522/1522 1521/1521/1521
f 1526/1526/1526 1525/1525/1525 1524/1524/1524
f 1525/1525/1525 1526/1526/1526 1527/1527/1527
f 1528/1528/1528 1527/1527/1527 1526/1526/1526
f 1531/1531/1531 1530/1530/1530 1529/1529/1529
f 1531/1531/1531 1532/1532/1532 1530/1530/1530
f 1533/1533/1533 1532/1532/1532 1531/1531/1531
f 1532/1532/1532 1533/1533/1533 1534/1534/1534
f 1535/1535/1535 1534/1534/1534 1533/1533/1533
f 1538/1538/1538 1537/1537/1537 1536/1536/1536
f 1538/1538/1538 1539/1539/1539 1537/1537/1537
f 1540/1540/1540 1539/1539/1539 1538/1538/1538
f 1539/1539/1539 1540/1540/1540 1541/1541/1541
f 1542/1542/1542 1541/1541/1541 1540/1540/1540
f 1545/1545/1545 1544/1544/1544 1543/1543/1543
f 1546/1546/1546 1545/1545/1545 1543/1543/1543
f 1546/1546/1546 1547/1547/1547 1545/1545/1545
f 1546/1546/1546 1543/1543/1543 1548/1548/1548
f 1549/1549/1549 1548/1548/1548 1543/1543/1543
f 1543/1543/1543 1550/1550/1550 1549/1549/1549
f 1549/1549/1549 1551/1551/1551 1548/1548/1548
f 1548/1548/1548 1552/1552/1552 1546/1546/1546
f 1552/1552/1552 1553/1553/1553 1546/1546/1546
f 1553/1553/1553 1554/1554/1554 1546/1546/1546
f 1552/1552/1552 1555/1555/1555 1553/1553/1553
f 1548/1548/1548 1556/1556/1556 1552/1552/1552
f 1556/1556/1556 1557/1557/1557 1552/1552/1552
f 1548/1548/1548 1558/1558/1558 1556/1556/1556
f 1561/1561/1561 1560/1560/1560 1559/1559/1559
f 1559/1559/1559 1562/1562/1562 1561/1561/1561
f 1562/1562/1562 1559/1559/1559 1563/1563/1563
f 1563/1563/1563 1564/1564/1564 1562/1562/1562
f 1567/1567/1567 1566/1566/1566 1565/1565/1565
f 1565/1565/1565 1568/1568/1568 1567/1567/1567
f 1568/1568/1568 1565/1565/1565 1569/1569/1569
f 1569/1569/1569 1570/1570/1570 1568/1568/1568
f 1573/1573/1573 1572/1572/1572 1571/1571/1571
f 1571/1571/1571 1574/1574/1574 1573/1573/1573
f 1574/1574/1574 1571/1571/1571 1575/1575/1575
f 1575/1575/1575 1576/1576/1576 1574/1574/1574
f 1579/1579/1579 1578/1578/1578 1577/1577/1577
f 1577/1577/1577 1580/1580/1580 1579/1579/1579
f 1580/1580/1580 1577/1577/1577 1581/1581/1581
f 1581/1581/1581 1582/1582/1582 1580/1580/1580
f 1585/1585/1585 1584/1584/1584 1583/1583/1583
f 1583/1583/1583 1586/1586/1586 1585/1585/1585
f 1586/1586/1586 1583/1583/1583 1587/1587/1587
f 1587/1587/1587 1588/1588/1588 1586/1586/1586
f 1591/1591/1591 1590/1590/1590 1589/1589/1589
f 1589/1589/1589 1592/1592/1592 1591/1591/1591
f 1592/1592/1592 1589/1589/1589 1593/1593/1593
f 1593/1593/1593 1594/1594/1594 1592/1592/1592
f 1597/1597/1597 1596/1596/1596 1595/1595/1595
f 1595/1595/1595 1598/1598/1598 1597/1597/1597
f 1598/1598/1598 1595/1595/1595 1599/1599/1599
f 1599/1599/1599 1600/1600/1600 1598/1598/1598
f 1603/1603/1603 1602/1602/1602 1601/1601/1601
f 1601/1601/1601 1604/1604/1604 1603/1603/1603
f 1604/1604/1604 1601/1601/1601 1605/1605/1605
f 1605/1605/1605 1606/1606/1606 1604/1604/1604
f 1609/1609/1609 1608/1608/1608 1607/1607/1607
f 1607/1607/1607 1610/1610/1610 1609/1609/1609
f 1611/1611/1611 1609/1609/1609 1610/1610/1610
f 1610/1610/1610 1612/1612/1612 1611/1611/1611
f 1607/1607/1607 1613/1613/1613 1610/1610/1610
f 1613/1613/1613 1614/1614/1614 1610/1610/1610
f 1617/1617/1617 1616/1616/1616 1615/1615/1615
f 1617/1617/1617 1615/1615/1615 1618/1618/1618
f 1618/1618/1618 1615/1615/1615 1619/1619/1619
f 1619/1619/1619 1620/1620/1620 1618/1618/1618
f 1618/1618/1618 1621/1621/1621 1617/1617/1617
f 1618/1618/1618 1622/1622/1622 1621/1621/1621
f 1625/1625/1625 1624/1624/1624 1623/1623/1623
f 1623/1623/1623 1626/1626/1626 1625/1625/1625
f 1625/1625/1625 1626/1626/1626 1627/1627/1627
f 1628/1628/1628 1625/1625/1625 1627/1627/1627
f 1631/1631/1631 1630/1630/1630 1629/1629/1629
f 1632/1632/1632 1631/1631/1631 1629/1629/1629
f 1632/1632/1632 1629/1629/1629 1633/1633/1633
f 1634/1634/1634 1632/1632/1632 1633/1633/1633
f 1637/1637/1637 1636/1636/1636 1635/1635/1635
f 1638/1638/1638 1637/1637/1637 1635/1635/1635
f 1639/1639/1639 1638/1638/1638 1635/1635/1635
f 1635/1635/1635 1640/1640/1640 1639/1639/1639
f 1643/1643/1643 1642/1642/1642 1641/1641/1641
f 1644/1644/1644 1643/1643/1643 1641/1641/1641
f 1644/1644/1644 1641/1641/1641 1645/1645/1645
f 1646/1646/1646 1644/1644/1644 1645/1645/1645
f 1649/1649/1649 1648/1648/1648 1647/1647/1647
f 1647/1647/1647 1650/1650/1650 1649/1649/1649
f 1651/1651/1651 1649/1649/1649 1650/1650/1650
f 1650/1650/1650 1652/1652/1652 1651/1651/1651
f 1653/1653/1653 1651/1651/1651 1652/1652/1652
f 1652/1652/1652 1654/1654/1654 1653/1653/1653
f 1657/1657/1657 1656/1656/1656 1655/1655/1655
f 1655/1655/1655 1656/1656/1656 1658/1658/1658
f 1655/1655/1655 1658/1658/1658 1659/1659/1659
f 1659/1659/1659 1658/1658/1658 1660/1660/1660
f 1663/1663/1663 1662/1662/1662 1661/1661/1661
f 1661/1661/1661 1664/1664/1664 1663/1663/1663
f 1665/1665/1665 1663/1663/1663 1664/1664/1664
f 1664/1664/1664 1666/1666/1666 1665/1665/1665
f 1669/1669/1669 1668/1668/1668 1667/1667/1667
f 1667/1667/1667 1670/1670/1670 1669/1669/1669
f 1669/1669/1669 1670/1670/1670 1671/1671/1671
f 1671/1671/1671 1672/1672/1672 1669/1669/1669
f 1673/1673/1673 1672/1672/1672 1671/1671/1671
f 1671/1671/1671 1674/1674/1674 1673/1673/1673
f 1677/1677/1677 1676/1676/1676 1675/1675/1675
f 1676/1676/1676 1678/1678/1678 1675/1675/1675
f 1676/1676/1676 1679/1679/1679 1678/1678/1678
f 1679/1679/1679 1680/1680/1680 1678/1678/1678
f 1679/1679/1679 1681/1681/1681 1680/1680/1680
f 1681/1681/1681 1682/1682/1682 1680/1680/1680
f 1685/1685/1685 1684/1684/1684 1683/1683/1683
f 1683/1683/1683 1686/1686/1686 1685/1685/1685
f 1686/1686/1686 1683/1683/1683 1687/1687/1687
f 1686/1686/1686 1687/1687/1687 1688/1688/1688
f 1691/1691/1691 1690/1690/1690 1689/1689/1689
f 1692/1692/1692 1691/1691/1691 1689/1689/1689
f 1692/1692/1692 1689/1689/1689 1693/1693/1693
f 1694/1694/1694 1692/1692/1692 1693/1693/1693
f 1697/1697/1697 1696/1696/1696 1695/1695/1695
f 1696/1696/1696 1698/1698/1698 1695/1695/1695
f 1699/1699/1699 1698/1698/1698 1696/1696/1696
f 1696/1696/1696 1700/1700/1700 1699/1699/1699
f 1700/1700/1700 1701/1701/1701 1699/1699/1699
f 1701/1701/1701 1702/1702/1702 1699/1699/1699
f 1705/1705/1705 1704/1704/1704 1703/1703/1703
f 1705/1705/1705 1706/1706/1706 1704/1704/1704
f 1706/1706/1706 1707/1707/1707 1704/1704/1704
f 1706/1706/1706 1708/1708/1708 1707/1707/1707
f 1708/1708/1708 1709/1709/1709 1707/1707/1707
f 1708/1708/1708 1710/1710/1710 1709/1709/1709
f 1711/1711/1711 1709/1709/1709 1710/1710/1710
f 1710/1710/1710 1712/1712/1712 1711/1711/1711
f 1715/1715/1715 1714/1714/1714 1713/1713/1713
f 1715/1715/1715 1716/1716/1716 1714/1714/1714
f 1719/1719/1719 1718/1718/1718 1717/1717/1717
f 1719/1719/1719 1720/1720/1720 1718/1718/1718
f 1723/1723/1723 1722/1722/1722 1721/1721/1721
f 1721/1721/1721 1724/1724/1724 1723/1723/1723
f 1725/1725/1725 1724/1724/1724 1721/1721/1721
f 1721/1721/1721 1726/1726/1726 1725/1725/1725
f 1725/1725/1725 1726/1726/1726 1727/1727/1727
f 1727/1727/1727 1728/1728/1728 1725/1725/1725
f 1729/1729/1729 1728/1728/1728 1727/1727/1727
f 1730/1730/1730 1729/1729/1729 1727/1727/1727
f 1729/1729/1729 1730/1730/1730 1731/1731/1731
f 1732/1732/1732 1731/1731/1731 1730/1730/1730
f 1731/1731/1731 1732/1732/1732 1733/1733/1733
f 1733/1733/1733 1734/1734/1734 1731/1731/1731
f 1737/1737/1737 1736/1736/1736 1735/1735/1735
f 1735/1735/1735 1738/1738/1738 1737/1737/1737
f 1741/1741/1741 1740/1740/1740 1739/1739/1739
f 1739/1739/1739 1742/1742/1742 1741/1741/1741
f 1745/1745/1745 1744/1744/1744 1743/1743/1743
f 1743/1743/1743 1746/1746/1746 1745/1745/1745
f 1745/1745/1745 1746/1746/1746 1747/1747/1747
f 1747/1747/1747 1748/1748/1748 1745/1745/1745
f 1749/1749/1749 1748/1748/1748 1747/1747/1747
f 1750/1750/1750 1749/1749/1749 1747/1747/1747
f 1749/1749/1749 1750/1750/1750 1751/1751/1751
f 1751/1751/1751 1752/1752/1752 1749/1749/1749
f 1752/1752/1752 1751/1751/1751 1753/1753/1753
f 1753/1753/1753 1754/1754/1754 1752/1752/1752
f 1754/1754/1754 1753/1753/1753 1755/1755/1755
f 1753/1753/1753 1756/1756/1756 1755/1755/1755
f 1759/1759/1759 1758/1758/1758 1757/1757/1757
f 1759/1759/1759 1760/1760/1760 1758/1758/1758
f 1760/1760/1760 1761/1761/1761 1758/1758/1758
f 1760/1760/1760 1762/1762/1762 1761/1761/1761
f 1762/1762/1762 1763/1763/1763 1761/1761/1761
f 1762/1762/1762 1764/1764/1764 1763/1763/1763
f 1764/1764/1764 1765/1765/1765 1763/1763/1763
f 1764/1764/1764 1766/1766/1766 1765/1765/1765
f 1769/1769/1769 1768/1768/1768 1767/1767/1767
f 1769/1769/1769 1770/1770/1770 1768/1768/1768
f 1773/1773/1773 1772/1772/1772 1771/1771/1771
f 1773/1773/1773 1774/1774/1774 1772/1772/1772
f 1777/1777/1777 1776/1776/1776 1775/1775/1775
f 1777/1777/1777 1778/1778/1778 1776/1776/1776
f 1781/1781/1781 1780/1780/1780 1779/1779/1779
f 1781/1781/1781 1782/1782/1782 1780/1780/1780
f 1785/1785/1785 1784/1784/1784 1783/1783/1783
f 1785/1785/1785 1786/1786/1786 1784/1784/1784
f 1789/1789/1789 1788/1788/1788 1787/1787/1787
f 1789/1789/1789 1790/1790/1790 1788/1788/1788
f 1793/1793/1793 1792/1792/1792 1791/1791/1791
f 1791/1791/1791 1794/1794/1794 1793/1793/1793
f 1797/1797/1797 1796/1796/1796 1795/1795/1795
f 1796/1796/1796 1798/1798/1798 1795/1795/1795
f 1801/1801/1801 1800/1800/1800 1799/1799/1799
f 1799/1799/1799 1802/1802/1802 1801/1801/1801
f 1805/1805/1805 1804/1804/1804 1803/1803/1803
f 1803/1803/1803 1806/1806/1806 1805/1805/1805
f 1809/1809/1809 1808/1808/1808 1807/1807/1807
f 1807/1807/1807 1810/1810/1810 1809/1809/1809
f 1813/1813/1813 1812/1812/1812 1811/1811/1811
f 1811/1811/1811 1814/1814/1814 1813/1813/1813
f 1815/1815/1815 1813/1813/1813 1814/1814/1814
f 1814/1814/1814 1816/1816/1816 1815/1815/1815
f 1816/1816/1816 1817/1817/1817 1815/1815/1815
f 1818/1818/1818 1815/1815/1815 1817/1817/1817
f 1815/1815/1815 1818/1818/1818 1819/1819/1819
f 1813/1813/1813 1815/1815/1815 1819/1819/1819
f 1820/1820/1820 1813/1813/1813 1819/1819/1819
f 1823/1823/1823 1822/1822/1822 1821/1821/1821
f 1824/1824/1824 1823/1823/1823 1821/1821/1821
f 1824/1824/1824 1821/1821/1821 1825/1825/1825
f 1826/1826/1826 1824/1824/1824 1825/1825/1825
f 1829/1829/1829 1828/1828/1828 1827/1827/1827
f 1829/1829/1829 1830/1830/1830 1828/1828/1828
f 1833/1833/1833 1832/1832/1832 1831/1831/1831
f 1831/1831/1831 1834/1834/1834 1833/1833/1833
f 1833/1833/1833 1834/1834/1834 1835/1835/1835
f 1835/1835/1835 1834/1834/1834 1836/1836/1836
f 1834/1834/1834 1831/1831/1831 1837/1837/1837
f 1834/1834/1834 1838/1838/1838 1836/1836/1836
f 1837/1837/1837 1838/1838/1838 1834/1834/1834
f 1838/1838/1838 1837/1837/1837 1839/1839/1839
f 1839/1839/1839 1840/1840/1840 1838/1838/1838
f 1843/1843/1843 1842/1842/1842 1841/1841/1841
f 1842/1842/1842 1844/1844/1844 1841/1841/1841
f 1847/1847/1847 1846/1846/1846 1845/1845/1845
f 1845/1845/1845 1848/1848/1848 1847/1847/1847
f 1849/1849/1849 1847/1847/1847 1848/1848/1848
f 1848/1848/1848 1850/1850/1850 1849/1849/1849
f 1851/1851/1851 1849/1849/1849 1850/1850/1850
f 1850/1850/1850 1852/1852/1852 1851/1851/1851
f 1855/1855/1855 1854/1854/1854 1853/1853/1853
f 1853/1853/1853 1856/1856/1856 1855/1855/1855
f 1856/1856/1856 1853/1853/1853 1857/1857/1857
f 1857/1857/1857 1858/1858/1858 1856/1856/1856
f 1861/1861/1861 1860/1860/1860 1859/1859/1859
f 1860/1860/1860 1862/1862/1862 1859/1859/1859
f 1865/1865/1865 1864/1864/1864 1863/1863/1863
f 1864/1864/1864 1866/1866/1866 1863/1863/1863
f 1866/1866/1866 1867/1867/1867 1863/1863/1863
f 1868/1868/1868 1863/1863/1863 1867/1867/1867
f 1871/1871/1871 1870/1870/1870 1869/1869/1869
f 1869/1869/1869 1872/1872/1872 1871/1871/1871
f 1873/1873/1873 1871/1871/1871 1872/1872/1872
f 1872/1872/1872 1874/1874/1874 1873/1873/1873
f 1877/1877/1877 1876/1876/1876 1875/1875/1875
f 1875/1875/1875 1878/1878/1878 1877/1877/1877
f 1881/1881/1881 1880/1880/1880 1879/1879/1879
f 1879/1879/1879 1882/1882/1882 1881/1881/1881
f 1879/1879/1879 1883/1883/1883 1882/1882/1882
f 1884/1884/1884 1882/1882/1882 1883/1883/1883
f 1887/1887/1887 1886/1886/1886 1885/1885/1885
f 1888/1888/1888 1887/1887/1887 1885/1885/1885
f 1885/1885/1885 1889/1889/1889 1888/1888/1888
f 1889/1889/1889 1890/1890/1890 1888/1888/1888
f 1893/1893/1893 1892/1892/1892 1891/1891/1891
f 1891/1891/1891 1894/1894/1894 1893/1893/1893
f 1897/1897/1897 1896/1896/1896 1895/1895/1895
f 1895/1895/1895 1898/1898/1898 1897/1897/1897
f 1898/1898/1898 1899/1899/1899 1897/1897/1897
f 1899/1899/1899 1900/1900/1900 1897/1897/1897
f 1903/1903/1903 1902/1902/1902 1901/1901/1901
f 1901/1901/1901 1904/1904/1904 1903/1903/1903
f 1907/1907/1907 1906/1906/1906 1905/1905/1905
f 1905/1905/1905 1908/1908/1908 1907/1907/1907
f 1907/1907/1907 1908/1908/1908 1909/1909/1909
f 1910/1910/1910 1907/1907/1907 1909/1909/1909
f 1913/1913/1913 1912/1912/1912 1911/1911/1911
f 1911/1911/1911 1914/1914/1914 1913/1913/1913
f 1917/1917/1917 1916/1916/1916 1915/1915/1915
f 1918/1918/1918 1915/1915/1915 1916/1916/1916
f 1921/1921/1921 1920/1920/1920 1919/1919/1919
f 1919/1919/1919 1922/1922/1922 1921/1921/1921
f 1923/1923/1923 1922/1922/1922 1919/1919/1919
f 1919/1919/1919 1924/1924/1924 1923/1923/1923
f 1927/1927/1927 1926/1926/1926 1925/1925/1925
f 1928/1928/1928 1926/1926/1926 1927/1927/1927
f 1931/1931/1931 1930/1930/1930 1929/1929/1929
f 1932/1932/1932 1931/1931/1931 1929/1929/1929
f 1932/1932/1932 1929/1929/1929 1933/1933/1933
f 1934/1934/1934 1932/1932/1932 1933/1933/1933
f 1937/1937/1937 1936/1936/1936 1935/1935/1935
f 1935/1935/1935 1938/1938/1938 1937/1937/1937
f 1938/1938/1938 1939/1939/1939 1937/1937/1937
f 1935/1935/1935 1940/1940/1940 1938/1938/1938
f 1943/1943/1943 1942/1942/1942 1941/1941/1941
f 1944/1944/1944 1942/1942/1942 1943/1943/1943
f 1945/1945/1945 1944/1944/1944 1943/1943/1943
f 1946/1946/1946 1944/1944/1944 1945/1945/1945
f 1949/1949/1949 1948/1948/1948 1947/1947/1947
f 1949/1949/1949 1950/1950/1950 1948/1948/1948
f 1951/1951/1951 1950/1950/1950 1949/1949/1949
f 1951/1951/1951 1952/1952/1952 1950/1950/1950
f 1955/1955/1955 1954/1954/1954 1953/1953/1953
f 1953/1953/1953 1956/1956/1956 1955/1955/1955
f 1956/1956/1956 1953/1953/1953 1957/1957/1957
f 1957/1957/1957 1958/1958/1958 1956/1956/1956
f 1961/1961/1961 1960/1960/1960 1959/1959/1959
f 1962/1962/1962 1961/1961/1961 1959/1959/1959
f 1962/1962/1962 1959/1959/1959 1963/1963/1963
f 1964/1964/1964 1962/1962/1962 1963/1963/1963
f 1967/1967/1967 1966/1966/1966 1965/1965/1965
f 1965/1965/1965 1968/1968/1968 1967/1967/1967
f 1969/1969/1969 1968/1968/1968 1965/1965/1965
f 1970/1970/1970 1969/1969/1969 1965/1965/1965
f 1973/1973/1973 1972/1972/1972 1971/1971/1971
f 1974/1974/1974 1971/1971/1971 1972/1972/1972
f 1971/1971/1971 1974/1974/1974 1975/1975/1975
f 1975/1975/1975 1976/1976/1976 1971/1971/1971
f 1979/1979/1979 1978/1978/1978 1977/1977/1977
f 1980/1980/1980 1979/1979/1979 1977/1977/1977
f 1979/1979/1979 1980/1980/1980 1981/1981/1981
f 1981/1981/1981 1982/1982/1982 1979/1979/1979
f 1985/1985/1985 1984/1984/1984 1983/1983/1983
f 1984/1984/1984 1986/1986/1986 1983/1983/1983
f 1983/1983/1983 1986/1986/1986 1987/1987/1987
f 1987/1987/1987 1988/1988/1988 1983/1983/1983
f 1991/1991/1991 1990/1990/1990 1989/1989/1989
f 1992/1992/1992 1989/1989/1989 1990/1990/1990
f 1990/1990/1990 1993/1993/1993 1992/1992/1992
f 1994/1994/1994 1992/1992/1992 1993/1993/1993
f 1997/1997/1997 1996/1996/1996 1995/1995/1995
f 1996/1996/1996 1998/1998/1998 1995/1995/1995
f 1996/1996/1996 1999/1999/1999 1998/1998/1998
f 1999/1999/1999 2000/2000/2000 1998/1998/1998
f 2003/2003/2003 2002/2002/2002 2001/2001/2001
f 2001/2001/2001 2004/2004/2004 2003/2003/2003
f 2004/2004/2004 2001/2001/2001 2005/2005/2005
f 2005/2005/2005 2006/2006/2006 2004/2004/2004
f 2009/2009/2009 2008/2008/2008 2007/2007/2007
f 2010/2010/2010 2009/2009/2009 2007/2007/2007
f 2010/2010/2010 2007/2007/2007 2011/2011/2011
f 2012/2012/2012 2010/2010/2010 2011/2011/2011
f 2015/2015/2015 2014/2014/2014 2013/2013/2013
f 2016/2016/2016 2013/2013/2013 2014/2014/2014
f 2014/2014/2014 2017/2017/2017 2016/2016/2016
f 2018/2018/2018 2016/2016/2016 2017/2017/2017
f 2021/2021/2021 2020/2020/2020 2019/2019/2019
f 2020/2020/2020 2022/2022/2022 2019/2019/2019
f 2020/2020/2020 2023/2023/2023 2022/2022/2022
f 2023/2023/2023 2024/2024/2024 2022/2022/2022
f 2027/2027/2027 2026/2026/2026 2025/2025/2025
f 2025/2025/2025 2028/2028/2028 2027/2027/2027
f 2028/2028/2028 2025/2025/2025 2029/2029/2029
f 2029/2029/2029 2030/2030/2030 2028/2028/2028
f 2033/2033/2033 2032/2032/2032 2031/2031/2031
f 2034/2034/2034 2033/2033/2033 2031/2031/2031
f 2034/2034/2034 2031/2031/2031 2035/2035/2035
f 2036/2036/2036 2034/2034/2034 2035/2035/2035
f 2039/2039/2039 2038/2038/2038 2037/2037/2037
f 2037/2037/2037 2040/2040/2040 2039/2039/2039
f 2040/2040/2040 2041/2041/2041 2039/2039/2039
f 2041/2041/2041 2042/2042/2042 2039/2039/2039
f 2045/2045/2045 2044/2044/2044 2043/2043/2043
f 2043/2043/2043 2046/2046/2046 2045/2045/2045
f 2049/2049/2049 2048/2048/2048 2047/2047/2047
f 2050/2050/2050 2049/2049/2049 2047/2047/2047
f 2050/2050/2050 2047/2047/2047 2051/2051/2051
f 2052/2052/2052 2050/2050/2050 2051/2051/2051
f 2055/2055/2055 2054/2054/2054 2053/2053/2053
f 2056/2056/2056 2053/2053/2053 2054/2054/2054
f 2059/2059/2059 2058/2058/2058 2057/2057/2057
f 2057/2057/2057 2058/2058/2058 2060/2060/2060
f 2061/2061/2061 2057/2057/2057 2060/2060/2060
f 2062/2062/2062 2060/2060/2060 2058/2058/2058
f 2065/2065/2065 2064/2064/2064 2063/2063/2063
f 2063/2063/2063 2066/2066/2066 2065/2065/2065
f 2067/2067/2067 2065/2065/2065 2066/2066/2066
f 2066/2066/2066 2068/2068/2068 2067/2067/2067
f 2068/2068/2068 2066/2066/2066 2069/2069/2069
f 2069/2069/2069 2070/2070/2070 2068/2068/2068
f 2070/2070/2070 2069/2069/2069 2071/2071/2071
f 2071/2071/2071 2072/2072/2072 2070/2070/2070
f 2073/2073/2073 2072/2072/2072 2071/2071/2071
f 2071/2071/2071 2074/2074/2074 2073/2073/2073
f 2076/2076/2076 2073/2073/2073 2075/2075/2075
f 2075/2075/2075 2077/2077/2077 2076/2076/2076
f 2077/2077/2077 2075/2075/2075 2078/2078/2078
f 2078/2078/2078 2079/2079/2079 2077/2077/2077
f 2080/2080/2080 2077/2077/2077 2079/2079/2079
f 2079/2079/2079 2078/2078/2078 2081/2081/2081
f 2079/2079/2079 2082/2082/2082 2080/2080/2080
f 2081/2081/2081 2083/2083/2083 2079/2079/2079
f 2082/2082/2082 2079/2079/2079 2083/2083/2083
f 2083/2083/2083 2081/2081/2081 2084/2084/2084
f 2083/2083/2083 2085/2085/2085 2082/2082/2082
f 2084/2084/2084 2086/2086/2086 2083/2083/2083
f 2085/2085/2085 2083/2083/2083 2086/2086/2086
f 2086/2086/2086 2087/2087/2087 2085/2085/2085
f 2090/2090/2090 2089/2089/2089 2088/2088/2088
f 2091/2091/2091 2088/2088/2088 2089/2089/2089
f 2092/2092/2092 2088/2088/2088 2091/2091/2091
f 2093/2093/2093 2092/2092/2092 2091/2091/2091
f 2092/2092/2092 2094/2094/2094 2088/2088/2088
f 2095/2095/2095 2088/2088/2088 2094/2094/2094
f 2094/2094/2094 2092/2092/2092 2096/2096/2096
f 2097/2097/2097 2096/2096/2096 2092/2092/2092
f 2097/2097/2097 2092/2092/2092 2093/2093/2093
f 2098/2098/2098 2097/2097/2097 2093/2093/2093
f 2099/2099/2099 2097/2097/2097 2098/2098/2098
f 2098/2098/2098 2100/2100/2100 2099/2099/2099
f 2100/2100/2100 2102/2102/2102 2101/2101/2101
f 2101/2101/2101 2103/2103/2103 2100/2100/2100
f 2103/2103/2103 2101/2101/2101 2104/2104/2104
f 2101/2101/2101 2105/2105/2105 2104/2104/2104
f 2104/2104/2104 2105/2105/2105 2106/2106/2106
f 2105/2105/2105 2107/2107/2107 2106/2106/2106
f 2108/2108/2108 2106/2106/2106 2107/2107/2107
f 2107/2107/2107 2109/2109/2109 2108/2108/2108
f 2112/2112/2112 2111/2111/2111 2110/2110/2110
f 2110/2110/2110 2113/2113/2113 2112/2112/2112
f 2114/2114/2114 2113/2113/2113 2110/2110/2110
f 2110/2110/2110 2115/2115/2115 2114/2114/2114
f 2118/2118/2118 2117/2117/2117 2116/2116/2116
f 2116/2116/2116 2119/2119/2119 2118/2118/2118
f 2119/2119/2119 2120/2120/2120 2118/2118/2118
f 2121/2121/2121 2118/2118/2118 2120/2120/2120
f 2120/2120/2120 2119/2119/2119 2122/2122/2122
f 2119/2119/2119 2116/2116/2116 2123/2123/2123
f 2123/2123/2123 2122/2122/2122 2119/2119/2119
f 2124/2124/2124 2123/2123/2123 2116/2116/2116
f 2122/2122/2122 2123/2123/2123 2125/2125/2125
f 2123/2123/2123 2124/2124/2124 2126/2126/2126
f 2123/2123/2123 2127/2127/2127 2125/2125/2125
f 2126/2126/2126 2127/2127/2127 2123/2123/2123
f 2125/2125/2125 2127/2127/2127 2128/2128/2128
f 2127/2127/2127 2126/2126/2126 2129/2129/2129
f 2127/2127/2127 2130/2130/2130 2128/2128/2128
f 2129/2129/2129 2130/2130/2130 2127/2127/2127
f 2131/2131/2131 2128/2128/2128 2130/2130/2130
f 2130/2130/2130 2129/2129/2129 2132/2132/2132
f 2130/2130/2130 2133/2133/2133 2131/2131/2131
f 2132/2132/2132 2133/2133/2133 2130/2130/2130
f 2134/2134/2134 2131/2131/2131 2133/2133/2133
f 2133/2133/2133 2135/2135/2135 2134/2134/2134
f 2135/2135/2135 2133/2133/2133 2132/2132/2132
f 2132/2132/2132 2136/2136/2136 2135/2135/2135
f 2139/2139/2139 2138/2138/2138 2137/2137/2137
f 2140/2140/2140 2137/2137/2137 2138/2138/2138
f 2137/2137/2137 2140/2140/2140 2141/2141/2141
f 2141/2141/2141 2142/2142/2142 2137/2137/2137
f 2142/2142/2142 2141/2141/2141 2143/2143/2143
f 2143/2143/2143 2144/2144/2144 2142/2142/2142
f 2144/2144/2144 2143/2143/2143 2145/2145/2145
f 2145/2145/2145 2146/2146/2146 2144/2144/2144
f 2149/2149/2149 2148/2148/2148 2147/2147/2147
f 2147/2147/2147 2150/2150/2150 2149/2149/2149
f 2151/2151/2151 2149/2149/2149 2150/2150/2150
f 2150/2150/2150 2152/2152/2152 2151/2151/2151
f 2155/2155/2155 2154/2154/2154 2153/2153/2153
f 2153/2153/2153 2156/2156/2156 2155/2155/2155
f 2157/2157/2157 2155/2155/2155 2156/2156/2156
f 2156/2156/2156 2153/2153/2153 2158/2158/2158
f 2156/2156/2156 2159/2159/2159 2157/2157/2157
f 2158/2158/2158 2160/2160/2160 2156/2156/2156
f 2159/2159/2159 2156/2156/2156 2160/2160/2160
f 2160/2160/2160 2158/2158/2158 2161/2161/2161
f 2160/2160/2160 2162/2162/2162 2159/2159/2159
f 2161/2161/2161 2163/2163/2163 2160/2160/2160
f 2162/2162/2162 2160/2160/2160 2163/2163/2163
f 2163/2163/2163 2161/2161/2161 2164/2164/2164
f 2163/2163/2163 2165/2165/2165 2162/2162/2162
f 2164/2164/2164 2166/2166/2166 2163/2163/2163
f 2165/2165/2165 2163/2163/2163 2166/2166/2166
f 2166/2166/2166 2164/2164/2164 2167/2167/2167
f 2166/2166/2166 2168/2168/2168 2165/2165/2165
f 2167/2167/2167 2169/2169/2169 2166/2166/2166
f 2170/2170/2170 2168/2168/2168 2166/2166/2166
f 2166/2166/2166 2169/2169/2169 2170/2170/2170
f 2173/2173/2173 2172/2172/2172 2171/2171/2171
f 2174/2174/2174 2171/2171/2171 2172/2172/2172
f 2171/2171/2171 2174/2174/2174 2175/2175/2175
f 2176/2176/2176 2175/2175/2175 2174/2174/2174
f 2175/2175/2175 2176/2176/2176 2177/2177/2177
f 2178/2178/2178 2177/2177/2177 2176/2176/2176
f 2177/2177/2177 2178/2178/2178 2179/2179/2179
f 2180/2180/2180 2179/2179/2179 2178/2178/2178
f 2183/2183/2183 2182/2182/2182 2181/2181/2181
f 2181/2181/2181 2184/2184/2184 2183/2183/2183
f 2187/2187/2187 2186/2186/2186 2185/2185/2185
f 2185/2185/2185 2186/2186/2186 2188/2188/2188
f 2185/2185/2185 2188/2188/2188 2189/2189/2189
f 2189/2189/2189 2188/2188/2188 2190/2190/2190
f 2189/2189/2189 2190/2190/2190 2191/2191/2191
f 2191/2191/2191 2190/2190/2190 2192/2192/2192
f 2191/2191/2191 2192/2192/2192 2193/2193/2193
f 2193/2193/2193 2192/2192/2192 2194/2194/2194
f 2197/2197/2197 2196/2196/2196 2195/2195/2195
f 2195/2195/2195 2198/2198/2198 2197/2197/2197
f 2198/2198/2198 2199/2199/2199 2197/2197/2197
f 2198/2198/2198 2200/2200/2200 2199/2199/2199
f 2200/2200/2200 2201/2201/2201 2199/2199/2199
f 2200/2200/2200 2202/2202/2202 2201/2201/2201
f 2203/2203/2203 2201/2201/2201 2202/2202/2202
f 2202/2202/2202 2204/2204/2204 2203/2203/2203
f 2207/2207/2207 2206/2206/2206 2205/2205/2205
f 2205/2205/2205 2208/2208/2208 2207/2207/2207
f 2209/2209/2209 2207/2207/2207 2208/2208/2208
f 2208/2208/2208 2210/2210/2210 2209/2209/2209
f 2211/2211/2211 2209/2209/2209 2210/2210/2210
f 2210/2210/2210 2212/2212/2212 2211/2211/2211
f 2213/2213/2213 2211/2211/2211 2212/2212/2212
f 2212/2212/2212 2214/2214/2214 2213/2213/2213
f 2217/2217/2217 2216/2216/2216 2215/2215/2215
f 2218/2218/2218 2217/2217/2217 2215/2215/2215
f 2219/2219/2219 2217/2217/2217 2218/2218/2218
f 2220/2220/2220 2219/2219/2219 2218/2218/2218
f 2221/2221/2221 2219/2219/2219 2220/2220/2220
f 2222/2222/2222 2221/2221/2221 2220/2220/2220
f 2223/2223/2223 2221/2221/2221 2222/2222/2222
f 2224/2224/2224 2223/2223/2223 2222/2222/2222
f 2227/2227/2227 2226/2226/2226 2225/2225/2225
f 2225/2225/2225 2228/2228/2228 2227/2227/2227
f 2229/2229/2229 2227/2227/2227 2228/2228/2228
f 2228/2228/2228 2230/2230/2230 2229/2229/2229
f 2231/2231/2231 2229/2229/2229 2230/2230/2230
f 2230/2230/2230 2232/2232/2232 2231/2231/2231
f 2233/2233/2233 2231/2231/2231 2232/2232/2232
f 2232/2232/2232 2234/2234/2234 2233/2233/2233
f 2237/2237/2237 2236/2236/2236 2235/2235/2235
f 2236/2236/2236 2238/2238/2238 2235/2235/2235
f 2235/2235/2235 2238/2238/2238 2239/2239/2239
f 2238/2238/2238 2240/2240/2240 2239/2239/2239
f 2239/2239/2239 2240/2240/2240 2241/2241/2241
f 2240/2240/2240 2242/2242/2242 2241/2241/2241
f 2241/2241/2241 2242/2242/2242 2243/2243/2243
f 2242/2242/2242 2244/2244/2244 2243/2243/2243
f 2247/2247/2247 2246/2246/2246 2245/2245/2245
f 2248/2248/2248 2246/2246/2246 2247/2247/2247
f 2248/2248/2248 2249/2249/2249 2246/2246/2246
f 2250/2250/2250 2249/2249/2249 2248/2248/2248
f 2250/2250/2250 2251/2251/2251 2249/2249/2249
f 2252/2252/2252 2251/2251/2251 2250/2250/2250
f 2252/2252/2252 2253/2253/2253 2251/2251/2251
f 2254/2254/2254 2253/2253/2253 2252/2252/2252
f 2257/2257/2257 2256/2256/2256 2255/2255/2255
f 2257/2257/2257 2255/2255/2255 2258/2258/2258
f 2259/2259/2259 2257/2257/2257 2258/2258/2258
f 2258/2258/2258 2260/2260/2260 2259/2259/2259
f 2261/2261/2261 2259/2259/2259 2260/2260/2260
f 2260/2260/2260 2262/2262/2262 2261/2261/2261
f 2263/2263/2263 2261/2261/2261 2262/2262/2262
f 2262/2262/2262 2264/2264/2264 2263/2263/2263
f 2267/2267/2267 2266/2266/2266 2265/2265/2265
f 2265/2265/2265 2266/2266/2266 2268/2268/2268
f 2265/2265/2265 2268/2268/2268 2269/2269/2269
f 2269/2269/2269 2268/2268/2268 2270/2270/2270
f 2269/2269/2269 2270/2270/2270 2271/2271/2271
f 2271/2271/2271 2272/2272/2272 2269/2269/2269
f 2272/2272/2272 2271/2271/2271 2273/2273/2273
f 2273/2273/2273 2274/2274/2274 2272/2272/2272
f 2277/2277/2277 2276/2276/2276 2275/2275/2275
f 2277/2277/2277 2278/2278/2278 2276/2276/2276
f 2278/2278/2278 2279/2279/2279 2276/2276/2276
f 2278/2278/2278 2280/2280/2280 2279/2279/2279
f 2279/2279/2279 2280/2280/2280 2281/2281/2281
f 2281/2281/2281 2282/2282/2282 2279/2279/2279
f 2282/2282/2282 2281/2281/2281 2283/2283/2283
f 2283/2283/2283 2284/2284/2284 2282/2282/2282
f 2287/2287/2287 2286/2286/2286 2285/2285/2285
f 2285/2285/2285 2288/2288/2288 2287/2287/2287
f 2289/2289/2289 2287/2287/2287 2288/2288/2288
f 2288/2288/2288 2290/2290/2290 2289/2289/2289
f 2289/2289/2289 2290/2290/2290 2291/2291/2291
f 2291/2291/2291 2292/2292/2292 2289/2289/2289
f 2292/2292/2292 2291/2291/2291 2293/2293/2293
f 2293/2293/2293 2294/2294/2294 2292/2292/2292
f 2297/2297/2297 2296/2296/2296 2295/2295/2295
f 2298/2298/2298 2295/2295/2295 2296/2296/2296
f 2299/2299/2299 2295/2295/2295 2298/2298/2298
f 2300/2300/2300 2299/2299/2299 2298/2298/2298
f 2299/2299/2299 2300/2300/2300 2301/2301/2301
f 2301/2301/2301 2302/2302/2302 2299/2299/2299
f 2302/2302/2302 2301/2301/2301 2303/2303/2303
f 2303/2303/2303 2304/2304/2304 2302/2302/2302
f 2307/2307/2307 2306/2306/2306 2305/2305/2305
f 2305/2305/2305 2308/2308/2308 2307/2307/2307
f 2308/2308/2308 2305/2305/2305 2309/2309/2309
f 2309/2309/2309 2305/2305/2305 2310/2310/2310
f 2309/2309/2309 2311/2311/2311 2308/2308/2308
f 2308/2308/2308 2311/2311/2311 2312/2312/2312
f 2310/2310/2310 2313/2313/2313 2309/2309/2309
f 2312/2312/2312 2314/2314/2314 2308/2308/2308
f 2313/2313/2313 2310/2310/2310 2315/2315/2315
f 2315/2315/2315 2316/2316/2316 2313/2313/2313
f 2310/2310/2310 2317/2317/2317 2315/2315/2315
f 2318/2318/2318 2315/2315/2315 2317/2317/2317
f 2316/2316/2316 2315/2315/2315 2319/2319/2319
f 2315/2315/2315 2320/2320/2320 2319/2319/2319
f 2319/2319/2319 2320/2320/2320 2321/2321/2321
f 2321/2321/2321 2322/2322/2322 2319/2319/2319
f 2321/2321/2321 2320/2320/2320 2323/2323/2323
f 2323/2323/2323 2324/2324/2324 2321/2321/2321
f 2325/2325/2325 2322/2322/2322 2321/2321/2321
f 2321/2321/2321 2326/2326/2326 2325/2325/2325
f 2325/2325/2325 2326/2326/2326 2327/2327/2327
f 2327/2327/2327 2326/2326/2326 2328/2328/2328
f 2329/2329/2329 2327/2327/2327 2328/2328/2328
f 2327/2327/2327 2330/2330/2330 2325/2325/2325
f 2330/2330/2330 2327/2327/2327 2331/2331/2331
f 2331/2331/2331 2332/2332/2332 2330/2330/2330
f 2332/2332/2332 2331/2331/2331 2333/2333/2333
f 2333/2333/2333 2334/2334/2334 2332/2332/2332
f 2334/2334/2334 2333/2333/2333 2335/2335/2335
f 2336/2336/2336 2333/2333/2333 2331/2331/2331
f 2331/2331/2331 2337/2337/2337 2336/2336/2336
f 2333/2333/2333 2338/2338/2338 2335/2335/2335
f 2335/2335/2335 2338/2338/2338 2339/2339/2339
f 2339/2339/2339 2340/2340/2340 2335/2335/2335
f 2339/2339/2339 2338/2338/2338 2341/2341/2341
f 2341/2341/2341 2342/2342/2342 2339/2339/2339
f 2343/2343/2343 2340/2340/2340 2339/2339/2339
f 2344/2344/2344 2343/2343/2343 2339/2339/2339
f 2345/2345/2345 2343/2343/2343 2344/2344/2344
f 2346/2346/2346 2345/2345/2345 2344/2344/2344
f 2347/2347/2347 2346/2346/2346 2344/2344/2344
f 2344/2344/2344 2348/2348/2348 2347/2347/2347
f 2345/2345/2345 2346/2346/2346 2349/2349/2349
f 2349/2349/2349 2350/2350/2350 2345/2345/2345
f 2350/2350/2350 2349/2349/2349 2312/2312/2312
f 2349/2349/2349 2314/2314/2314 2312/2312/2312
f 2349/2349/2349 2351/2351/2351 2314/2314/2314
f 2351/2351/2351 2352/2352/2352 2314/2314/2314
f 2355/2355/2355 2354/2354/2354 2353/2353/2353
f 2355/2355/2355 2353/2353/2353 2356/2356/2356
f 2355/2355/2355 2356/2356/2356 2357/2357/2357
f 2357/2357/2357 2358/2358/2358 2355/2355/2355
f 2359/2359/2359 2357/2357/2357 2356/2356/2356
f 2360/2360/2360 2355/2355/2355 2358/2358/2358
f 2358/2358/2358 2361/2361/2361 2360/2360/2360
f 2356/2356/2356 2362/2362/2362 2359/2359/2359
f 2363/2363/2363 2360/2360/2360 2361/2361/2361
f 2361/2361/2361 2364/2364/2364 2363/2363/2363
f 2365/2365/2365 2360/2360/2360 2363/2363/2363
f 2363/2363/2363 2366/2366/2366 2365/2365/2365
f 2363/2363/2363 2364/2364/2364 2367/2367/2367
f 2363/2363/2363 2367/2367/2367 2368/2368/2368
f 2369/2369/2369 2368/2368/2368 2367/2367/2367
f 2367/2367/2367 2370/2370/2370 2369/2369/2369
f 2369/2369/2369 2371/2371/2371 2368/2368/2368
f 2371/2371/2371 2369/2369/2369 2372/2372/2372
f 2373/2373/2373 2369/2369/2369 2370/2370/2370
f 2373/2373/2373 2374/2374/2374 2369/2369/2369
f 2375/2375/2375 2374/2374/2374 2373/2373/2373
f 2373/2373/2373 2376/2376/2376 2375/2375/2375
f 2377/2377/2377 2374/2374/2374 2375/2375/2375
f 2375/2375/2375 2378/2378/2378 2377/2377/2377
f 2375/2375/2375 2376/2376/2376 2379/2379/2379
f 2379/2379/2379 2380/2380/2380 2375/2375/2375
f 2381/2381/2381 2380/2380/2380 2379/2379/2379
f 2379/2379/2379 2382/2382/2382 2381/2381/2381
f 2381/2381/2381 2382/2382/2382 2383/2383/2383
f 2380/2380/2380 2381/2381/2381 2384/2384/2384
f 2384/2384/2384 2385/2385/2385 2380/2380/2380
f 2381/2381/2381 2383/2383/2383 2386/2386/2386
f 2387/2387/2387 2386/2386/2386 2383/2383/2383
f 2383/2383/2383 2388/2388/2388 2387/2387/2387
f 2387/2387/2387 2389/2389/2389 2386/2386/2386
f 2390/2390/2390 2389/2389/2389 2387/2387/2387
f 2387/2387/2387 2388/2388/2388 2391/2391/2391
f 2391/2391/2391 2392/2392/2392 2387/2387/2387
f 2392/2392/2392 2391/2391/2391 2393/2393/2393
f 2393/2393/2393 2394/2394/2394 2392/2392/2392
f 2392/2392/2392 2394/2394/2394 2395/2395/2395
f 2395/2395/2395 2396/2396/2396 2392/2392/2392
f 2397/2397/2397 2394/2394/2394 2393/2393/2393
f 2393/2393/2393 2398/2398/2398 2397/2397/2397
f 2397/2397/2397 2398/2398/2398 2359/2359/2359
f 2397/2397/2397 2359/2359/2359 2362/2362/2362
f 2362/2362/2362 2399/2399/2399 2397/2397/2397
f 2399/2399/2399 2362/2362/2362 2400/2400/2400
f 2403/2403/2403 2402/2402/2402 2401/2401/2401
f 2404/2404/2404 2401/2401/2401 2402/2402/2402
f 2407/2407/2407 2406/2406/2406 2405/2405/2405
f 2406/2406/2406 2408/2408/2408 2405/2405/2405
f 2411/2411/2411 2410/2410/2410 2409/2409/2409
f 2409/2409/2409 2412/2412/2412 2411/2411/2411
f 2415/2415/2415 2414/2414/2414 2413/2413/2413
f 2413/2413/2413 2416/2416/2416 2415/2415/2415
f 2419/2419/2419 2418/2418/2418 2417/2417/2417
f 2418/2418/2418 2420/2420/2420 2417/2417/2417
f 2423/2423/2423 2422/2422/2422 2421/2421/2421
f 2423/2423/2423 2424/2424/2424 2422/2422/2422
f 2427/2427/2427 2426/2426/2426 2425/2425/2425
f 2428/2428/2428 2425/2425/2425 2426/2426/2426
f 2431/2431/2431 2430/2430/2430 2429/2429/2429
f 2431/2431/2431 2432/2432/2432 2430/2430/2430
f 2435/2435/2435 2434/2434/2434 2433/2433/2433
f 2434/2434/2434 2436/2436/2436 2433/2433/2433
f 2439/2439/2439 2438/2438/2438 2437/2437/2437
f 2437/2437/2437 2440/2440/2440 2439/2439/2439
f 2443/2443/2443 2442/2442/2442 2441/2441/2441
f 2441/2441/2441 2444/2444/2444 2443/2443/2443
f 2447/2447/2447 2446/2446/2446 2445/2445/2445
f 2446/2446/2446 2448/2448/2448 2445/2445/2445
f 2451/2451/2451 2450/2450/2450 2449/2449/2449
f 2449/2449/2449 2452/2452/2452 2451/2451/2451
f 2455/2455/2455 2454/2454/2454 2453/2453/2453
f 2456/2456/2456 2454/2454/2454 2455/2455/2455
f 2459/2459/2459 2458/2458/2458 2457/2457/2457
f 2460/2460/2460 2458/2458/2458 2459/2459/2459
f 2463/2463/2463 2462/2462/2462 2461/2461/2461
f 2461/2461/2461 2464/2464/2464 2463/2463/2463
f 2467/2467/2467 2466/2466/2466 2465/2465/2465
f 2465/2465/2465 2468/2468/2468 2467/2467/2467
f 2471/2471/2471 2470/2470/2470 2469/2469/2469
f 2469/2469/2469 2472/2472/2472 2471/2471/2471
f 2475/2475/2475 2474/2474/2474 2473/2473/2473
f 2476/2476/2476 2474/2474/2474 2475/2475/2475
f 2479/2479/2479 2478/2478/2478 2477/2477/2477
f 2480/2480/2480 2478/2478/2478 2479/2479/2479
f 2483/2483/2483 2482/2482/2482 2481/2481/2481
f 2483/2483/2483 2484/2484/2484 2482/2482/2482
f 2487/2487/2487 2486/2486/2486 2485/2485/2485
f 2488/2488/2488 2485/2485/2485 2486/2486/2486
f 2491/2491/2491 2490/2490/2490 2489/2489/2489
f 2489/2489/2489 2492/2492/2492 2491/2491/2491
f 2495/2495/2495 2494/2494/2494 2493/2493/2493
f 2493/2493/2493 2496/2496/2496 2495/2495/2495
f 2499/2499/2499 2498/2498/2498 2497/2497/2497
f 2497/2497/2497 2500/2500/2500 2499/2499/2499
f 2503/2503/2503 2502/2502/2502 2501/2501/2501
f 2502/2502/2502 2504/2504/2504 2501/2501/2501
f 2507/2507/2507 2506/2506/2506 2505/2505/2505
f 2505/2505/2505 2508/2508/2508 2507/2507/2507
f 2511/2511/2511 2510/2510/2510 2509/2509/2509
f 2509/2509/2509 2512/2512/2512 2511/2511/2511
f 2515/2515/2515 2514/2514/2514 2513/2513/2513
f 2514/2514/2514 2516/2516/2516 2513/2513/2513
f 2519/2519/2519 2518/2518/2518 2517/2517/2517
f 2517/2517/2517 2520/2520/2520 2519/2519/2519
f 2523/2523/2523 2522/2522/2522 2521/2521/2521
f 2524/2524/2524 2521/2521/2521 2522/2522/2522
f 2527/2527/2527 2526/2526/2526 2525/2525/2525
f 2525/2525/2525 2528/2528/2528 2527/2527/2527
f 2531/2531/2531 2530/2530/2530 2529/2529/2529
f 2531/2531/2531 2529/2529/2529 2532/2532/2532
f 2533/2533/2533 2531/2531/2531 2532/2532/2532
f 2534/2534/2534 2533/2533/2533 2532/2532/2532
f 2535/2535/2535 2533/2533/2533 2534/2534/2534
f 2536/2536/2536 2535/2535/2535 2534/2534/2534
f 2537/2537/2537 2535/2535/2535 2536/2536/2536
f 2537/2537/2537 2536/2536/2536 2538/2538/2538
f 2541/2541/2541 2540/2540/2540 2539/2539/2539
f 2541/2541/2541 2539/2539/2539 2542/2542/2542
f 2543/2543/2543 2541/2541/2541 2542/2542/2542
f 2543/2543/2543 2542/2542/2542 2544/2544/2544
f 2545/2545/2545 2543/2543/2543 2544/2544/2544
f 2544/2544/2544 2546/2546/2546 2545/2545/2545
f 2547/2547/2547 2545/2545/2545 2546/2546/2546
f 2546/2546/2546 2548/2548/2548 2547/2547/2547
f 2551/2551/2551 2550/2550/2550 2549/2549/2549
f 2549/2549/2549 2552/2552/2552 2551/2551/2551
f 2551/2551/2551 2552/2552/2552 2553/2553/2553
f 2553/2553/2553 2554/2554/2554 2551/2551/2551
f 2555/2555/2555 2554/2554/2554 2553/2553/2553
f 2555/2555/2555 2553/2553/2553 2556/2556/2556
f 2557/2557/2557 2555/2555/2555 2556/2556/2556
f 2557/2557/2557 2556/2556/2556 2558/2558/2558
f 2561/2561/2561 2560/2560/2560 2559/2559/2559
f 2561/2561/2561 2562/2562/2562 2560/2560/2560
f 2562/2562/2562 2563/2563/2563 2560/2560/2560
f 2562/2562/2562 2564/2564/2564 2563/2563/2563
f 2563/2563/2563 2564/2564/2564 2565/2565/2565
f 2565/2565/2565 2566/2566/2566 2563/2563/2563
f 2565/2565/2565 2567/2567/2567 2566/2566/2566
f 2565/2565/2565 2568/2568/2568 2567/2567/2567
f 2571/2571/2571 2570/2570/2570 2569/2569/2569
f 2571/2571/2571 2572/2572/2572 2570/2570/2570
f 2572/2572/2572 2573/2573/2573 2570/2570/2570
f 2572/2572/2572 2574/2574/2574 2573/2573/2573
f 2573/2573/2573 2574/2574/2574 2575/2575/2575
f 2575/2575/2575 2576/2576/2576 2573/2573/2573
f 2575/2575/2575 2577/2577/2577 2576/2576/2576
f 2575/2575/2575 2578/2578/2578 2577/2577/2577
f 2581/2581/2581 2580/2580/2580 2579/2579/2579
f 2579/2579/2579 2582/2582/2582 2581/2581/2581
f 2585/2585/2585 2584/2584/2584 2583/2583/2583
f 2586/2586/2586 2583/2583/2583 2584/2584/2584
f 2589/2589/2589 2588/2588/2588 2587/2587/2587
f 2587/2587/2587 2590/2590/2590 2589/2589/2589
f 2591/2591/2591 2590/2590/2590 2587/2587/2587
f 2587/2587/2587 2592/2592/2592 2591/2591/2591
f 2595/2595/2595 2594/2594/2594 2593/2593/2593
f 2593/2593/2593 2596/2596/2596 2595/2595/2595
f 2597/2597/2597 2596/2596/2596 2593/2593/2593
f 2596/2596/2596 2597/2597/2597 2598/2598/2598
f 2598/2598/2598 2599/2599/2599 2596/2596/2596
f 2602/2602/2602 2601/2601/2601 2600/2600/2600
f 2600/2600/2600 2603/2603/2603 2602/2602/2602
f 2603/2603/2603 2604/2604/2604 2602/2602/2602
f 2605/2605/2605 2602/2602/2602 2604/2604/2604
f 2606/2606/2606 2602/2602/2602 2605/2605/2605
f 2609/2609/2609 2608/2608/2608 2607/2607/2607
f 2607/2607/2607 2610/2610/2610 2609/2609/2609
f 2610/2610/2610 2611/2611/2611 2609/2609/2609
f 2611/2611/2611 2612/2612/2612 2609/2609/2609
f 2613/2613/2613 2609/2609/2609 2612/2612/2612
f 2616/2616/2616 2615/2615/2615 2614/2614/2614
f 2617/2617/2617 2614/2614/2614 2615/2615/2615
f 2620/2620/2620 2619/2619/2619 2618/2618/2618
f 2618/2618/2618 2621/2621/2621 2620/2620/2620
f 2620/2620/2620 2621/2621/2621 2622/2622/2622
f 2622/2622/2622 2623/2623/2623 2620/2620/2620
f 2626/2626/2626 2625/2625/2625 2624/2624/2624
f 2624/2624/2624 2627/2627/2627 2626/2626/2626
f 2630/2630/2630 2629/2629/2629 2628/2628/2628
f 2628/2628/2628 2631/2631/2631 2630/2630/2630
f 2634/2634/2634 2633/2633/2633 2632/2632/2632
f 2632/2632/2632 2635/2635/2635 2634/2634/2634
f 2638/2638/2638 2637/2637/2637 2636/2636/2636
f 2636/2636/2636 2639/2639/2639 2638/2638/2638
f 2642/2642/2642 2641/2641/2641 2640/2640/2640
f 2640/2640/2640 2643/2643/2643 2642/2642/2642
f 2646/2646/2646 2645/2645/2645 2644/2644/2644
f 2644/2644/2644 2647/2647/2647 2646/2646/2646
f 2644/2644/2644 2648/2648/2648 2647/2647/2647
f 2649/2649/2649 2648/2648/2648 2644/2644/2644
f 2650/2650/2650 2649/2649/2649 2644/2644/2644
f 2653/2653/2653 2652/2652/2652 2651/2651/2651
f 2654/2654/2654 2651/2651/2651 2652/2652/2652
f 2657/2657/2657 2656/2656/2656 2655/2655/2655
f 2655/2655/2655 2658/2658/2658 2657/2657/2657
f 2661/2661/2661 2660/2660/2660 2659/2659/2659
f 2659/2659/2659 2662/2662/2662 2661/2661/2661
f 2663/2663/2663 2662/2662/2662 2659/2659/2659
f 2659/2659/2659 2664/2664/2664 2663/2663/2663
f 2667/2667/2667 2666/2666/2666 2665/2665/2665
f 2665/2665/2665 2668/2668/2668 2667/2667/2667
f 2671/2671/2671 2670/2670/2670 2669/2669/2669
f 2669/2669/2669 2672/2672/2672 2671/2671/2671
f 2671/2671/2671 2672/2672/2672 2673/2673/2673
f 2673/2673/2673 2674/2674/2674 2671/2671/2671
f 2677/2677/2677 2676/2676/2676 2675/2675/2675
f 2675/2675/2675 2678/2678/2678 2677/2677/2677
f 2678/2678/2678 2675/2675/2675 2679/2679/2679
f 2680/2680/2680 2679/2679/2679 2675/2675/2675
f 2681/2681/2681 2680/2680/2680 2675/2675/2675
f 2684/2684/2684 2683/2683/2683 2682/2682/2682
f 2685/2685/2685 2683/2683/2683 2684/2684/2684
f 2688/2688/2688 2687/2687/2687 2686/2686/2686
f 2686/2686/2686 2689/2689/2689 2688/2688/2688
f 2692/2692/2692 2691/2691/2691 2690/2690/2690
f 2690/2690/2690 2693/2693/2693 2692/2692/2692
f 2696/2696/2696 2695/2695/2695 2694/2694/2694
f 2694/2694/2694 2697/2697/2697 2696/2696/2696
f 2696/2696/2696 2697/2697/2697 2698/2698/2698
f 2699/2699/2699 2696/2696/2696 2698/2698/2698
f 2698/2698/2698 2697/2697/2697 2700/2700/2700
f 2701/2701/2701 2698/2698/2698 2700/2700/2700
f 2702/2702/2702 2698/2698/2698 2701/2701/2701
f 2705/2705/2705 2704/2704/2704 2703/2703/2703
f 2703/2703/2703 2706/2706/2706 2705/2705/2705
f 2709/2709/2709 2708/2708/2708 2707/2707/2707
f 2707/2707/2707 2710/2710/2710 2709/2709/2709
f 2710/2710/2710 2711/2711/2711 2709/2709/2709
f 2712/2712/2712 2709/2709/2709 2711/2711/2711
f 2713/2713/2713 2712/2712/2712 2711/2711/2711
f 2711/2711/2711 2714/2714/2714 2713/2713/2713
f 2717/2717/2717 2716/2716/2716 2715/2715/2715
f 2715/2715/2715 2718/2718/2718 2717/2717/2717
f 2721/2721/2721 2720/2720/2720 2719/2719/2719
f 2719/2719/2719 2722/2722/2722 2721/2721/2721
f 2725/2725/2725 2724/2724/2724 2723/2723/2723
f 2723/2723/2723 2726/2726/2726 2725/2725/2725
f 2726/2726/2726 2727/2727/2727 2725/2725/2725
f 2728/2728/2728 2727/2727/2727 2726/2726/2726
f 2726/2726/2726 2729/2729/2729 2728/2728/2728
f 2732/2732/2732 2731/2731/2731 2730/2730/2730
f 2730/2730/2730 2733/2733/2733 2732/2732/2732
f 2733/2733/2733 2730/2730/2730 2734/2734/2734
f 2735/2735/2735 2734/2734/2734 2730/2730/2730
f 2736/2736/2736 2735/2735/2735 2730/2730/2730
f 2739/2739/2739 2738/2738/2738 2737/2737/2737
f 2737/2737/2737 2740/2740/2740 2739/2739/2739
f 2737/2737/2737 2741/2741/2741 2740/2740/2740
f 2742/2742/2742 2741/2741/2741 2737/2737/2737
f 2743/2743/2743 2742/2742/2742 2737/2737/2737
f 2746/2746/2746 2745/2745/2745 2744/2744/2744
f 2744/2744/2744 2747/2747/2747 2746/2746/2746
f 2750/2750/2750 2749/2749/2749 2748/2748/2748
f 2750/2750/2750 2748/2748/2748 2751/2751/2751
f 2752/2752/2752 2751/2751/2751 2748/2748/2748
f 2748/2748/2748 2753/2753/2753 2752/2752/2752
f 2756/2756/2756 2755/2755/2755 2754/2754/2754
f 2754/2754/2754 2757/2757/2757 2756/2756/2756
f 2760/2760/2760 2759/2759/2759 2758/2758/2758
f 2759/2759/2759 2760/2760/2760 2761/2761/2761
f 2764/2764/2764 2763/2763/2763 2762/2762/2762
f 2765/2765/2765 2763/2763/2763 2764/2764/2764
f 2768/2768/2768 2767/2767/2767 2766/2766/2766
f 2767/2767/2767 2768/2768/2768 2769/2769/2769
f 2772/2772/2772 2771/2771/2771 2770/2770/2770
f 2772/2772/2772 2773/2773/2773 2771/2771/2771
f 2776/2776/2776 2775/2775/2775 2774/2774/2774
f 2777/2777/2777 2774/2774/2774 2775/2775/2775
f 2778/2778/2778 2777/2777/2777 2775/2775/2775
f 2779/2779/2779 2778/2778/2778 2775/2775/2775
f 2775/2775/2775 2780/2780/2780 2779/2779/2779
f 2783/2783/2783 2782/2782/2782 2781/2781/2781
f 2781/2781/2781 2784/2784/2784 2783/2783/2783
f 2787/2787/2787 2786/2786/2786 2785/2785/2785
f 2785/2785/2785 2788/2788/2788 2787/2787/2787
f 2791/2791/2791 2790/2790/2790 2789/2789/2789
f 2790/2790/2790 2792/2792/2792 2789/2789/2789
f 2793/2793/2793 2792/2792/2792 2790/2790/2790
f 2790/2790/2790 2794/2794/2794 2793/2793/2793
f 2797/2797/2797 2796/2796/2796 2795/2795/2795
f 2797/2797/2797 2798/2798/2798 2796/2796/2796
f 2801/2801/2801 2800/2800/2800 2799/2799/2799
f 2801/2801/2801 2802/2802/2802 2800/2800/2800
f 2803/2803/2803 2802/2802/2802 2801/2801/2801
f 2801/2801/2801 2804/2804/2804 2803/2803/2803
f 2807/2807/2807 2806/2806/2806 2805/2805/2805
f 2805/2805/2805 2806/2806/2806 2808/2808/2808
f 2809/2809/2809 2808/2808/2808 2806/2806/2806
f 2810/2810/2810 2809/2809/2809 2806/2806/2806
f 2806/2806/2806 2811/2811/2811 2810/2810/2810
f 2814/2814/2814 2813/2813/2813 2812/2812/2812
f 2813/2813/2813 2815/2815/2815 2812/2812/2812
f 2818/2818/2818 2817/2817/2817 2816/2816/2816
f 2817/2817/2817 2819/2819/2819 2816/2816/2816
f 2822/2822/2822 2821/2821/2821 2820/2820/2820
f 2822/2822/2822 2823/2823/2823 2821/2821/2821
f 2826/2826/2826 2825/2825/2825 2824/2824/2824
f 2824/2824/2824 2827/2827/2827 2826/2826/2826
f 2830/2830/2830 2829/2829/2829 2828/2828/2828
f 2828/2828/2828 2831/2831/2831 2830/2830/2830
f 2832/2832/2832 2831/2831/2831 2828/2828/2828
f 2828/2828/2828 2833/2833/2833 2832/2832/2832
f 2836/2836/2836 2835/2835/2835 2834/2834/2834
f 2837/2837/2837 2835/2835/2835 2836/2836/2836
f 2837/2837/2837 2836/2836/2836 2838/2838/2838
f 2836/2836/2836 2839/2839/2839 2838/2838/2838
f 2837/2837/2837 2838/2838/2838 2840/2840/2840
f 2838/2838/2838 2841/2841/2841 2840/2840/2840
f 2838/2838/2838 2842/2842/2842 2841/2841/2841
f 2845/2845/2845 2844/2844/2844 2843/2843/2843
f 2845/2845/2845 2846/2846/2846 2844/2844/2844
f 2849/2849/2849 2848/2848/2848 2847/2847/2847
f 2850/2850/2850 2848/2848/2848 2849/2849/2849
f 2853/2853/2853 2852/2852/2852 2851/2851/2851
f 2851/2851/2851 2854/2854/2854 2853/2853/2853
f 2857/2857/2857 2856/2856/2856 2855/2855/2855
f 2857/2857/2857 2858/2858/2858 2856/2856/2856
f 2861/2861/2861 2860/2860/2860 2859/2859/2859
f 2859/2859/2859 2862/2862/2862 2861/2861/2861
f 2859/2859/2859 2863/2863/2863 2862/2862/2862
f 2863/2863/2863 2859/2859/2859 2864/2864/2864
f 2864/2864/2864 2865/2865/2865 2863/2863/2863
f 2864/2864/2864 2866/2866/2866 2865/2865/2865
f 2869/2869/2869 2868/2868/2868 2867/2867/2867
f 2867/2867/2867 2870/2870/2870 2869/2869/2869
f 2873/2873/2873 2872/2872/2872 2871/2871/2871
f 2872/2872/2872 2874/2874/2874 2871/2871/2871
f 2875/2875/2875 2871/2871/2871 2874/2874/2874
f 2871/2871/2871 2875/2875/2875 2876/2876/2876
f 2871/2871/2871 2876/2876/2876 2877/2877/2877
f 2871/2871/2871 2877/2877/2877 2878/2878/2878
f 2878/2878/2878 2879/2879/2879 2871/2871/2871
f 2882/2882/2882 2881/2881/2881 2880/2880/2880
f 2882/2882/2882 2880/2880/2880 2883/2883/2883
f 2884/2884/2884 2883/2883/2883 2880/2880/2880
f 2880/2880/2880 2885/2885/2885 2884/2884/2884
f 2885/2885/2885 2880/2880/2880 2886/2886/2886
f 2887/2887/2887 2886/2886/2886 2880/2880/2880
f 2880/2880/2880 2888/2888/2888 2887/2887/2887
f 2891/2891/2891 2890/2890/2890 2889/2889/2889
f 2889/2889/2889 2892/2892/2892 2891/2891/2891
f 2895/2895/2895 2894/2894/2894 2893/2893/2893
f 2894/2894/2894 2896/2896/2896 2893/2893/2893
f 2899/2899/2899 2898/2898/2898 2897/2897/2897
f 2897/2897/2897 2900/2900/2900 2899/2899/2899
f 2900/2900/2900 2897/2897/2897 2901/2901/2901
f 2901/2901/2901 2902/2902/2902 2900/2900/2900
f 2902/2902/2902 2901/2901/2901 2903/2903/2903
f 2904/2904/2904 2903/2903/2903 2901/2901/2901
f 2907/2907/2907 2906/2906/2906 2905/2905/2905
f 2905/2905/2905 2908/2908/2908 2907/2907/2907
f 2909/2909/2909 2908/2908/2908 2905/2905/2905
f 2905/2905/2905 2910/2910/2910 2909/2909/2909
f 2913/2913/2913 2912/2912/2912 2911/2911/2911
f 2911/2911/2911 2914/2914/2914 2913/2913/2913
f 2913/2913/2913 2914/2914/2914 2915/2915/2915
f 2915/2915/2915 2916/2916/2916 2913/2913/2913
f 2919/2919/2919 2918/2918/2918 2917/2917/2917
f 2917/2917/2917 2920/2920/2920 2919/2919/2919
f 2920/2920/2920 2917/2917/2917 2921/2921/2921
f 2922/2922/2922 2921/2921/2921 2917/2917/2917
f 2925/2925/2925 2924/2924/2924 2923/2923/2923
f 2923/2923/2923 2926/2926/2926 2925/2925/2925
f 2925/2925/2925 2926/2926/2926 2927/2927/2927
f 2927/2927/2927 2928/2928/2928 2925/2925/2925
f 2931/2931/2931 2930/2930/2930 2929/2929/2929
f 2931/2931/2931 2932/2932/2932 2930/2930/2930
f 2933/2933/2933 2932/2932/2932 2931/2931/2931
f 2931/2931/2931 2934/2934/2934 2933/2933/2933
f 2937/2937/2937 2936/2936/2936 2935/2935/2935
f 2935/2935/2935 2938/2938/2938 2937/2937/2937
f 2941/2941/2941 2940/2940/2940 2939/2939/2939
f 2939/2939/2939 2942/2942/2942 2941/2941/2941
f 2943/2943/2943 2941/2941/2941 2942/2942/2942
f 2946/2946/2946 2945/2945/2945 2944/2944/2944
f 2947/2947/2947 2946/2946/2946 2944/2944/2944
f 2944/2944/2944 2948/2948/2948 2947/2947/2947
f 2951/2951/2951 2950/2950/2950 2949/2949/2949
f 2950/2950/2950 2952/2952/2952 2949/2949/2949
f 2952/2952/2952 2953/2953/2953 2949/2949/2949
f 2953/2953/2953 2954/2954/2954 2949/2949/2949
f 2956/2956/2956 2955/2955/2955 2949/2949/2949
f 2957/2957/2957 2956/2956/2956 2949/2949/2949
f 2960/2960/2960 2959/2959/2959 2958/2958/2958
f 2958/2958/2958 2961/2961/2961 2960/2960/2960
f 2962/2962/2962 2960/2960/2960 2961/2961/2961
f 2961/2961/2961 2963/2963/2963 2962/2962/2962
f 2966/2966/2966 2965/2965/2965 2964/2964/2964
f 2964/2964/2964 2967/2967/2967 2966/2966/2966
f 2970/2970/2970 2969/2969/2969 2968/2968/2968
f 2971/2971/2971 2968/2968/2968 2969/2969/2969
f 2974/2974/2974 2973/2973/2973 2972/2972/2972
f 2972/2972/2972 2975/2975/2975 2974/2974/2974
f 2978/2978/2978 2977/2977/2977 2976/2976/2976
f 2977/2977/2977 2978/2978/2978 2979/2979/2979
f 2982/2982/2982 2981/2981/2981 2980/2980/2980
f 2980/2980/2980 2983/2983/2983 2982/2982/2982
f 2982/2982/2982 2983/2983/2983 2984/2984/2984
f 2985/2985/2985 2982/2982/2982 2984/2984/2984
f 2988/2988/2988 2987/2987/2987 2986/2986/2986
f 2987/2987/2987 2989/2989/2989 2986/2986/2986
f 2992/2992/2992 2991/2991/2991 2990/2990/2990
f 2990/2990/2990 2993/2993/2993 2992/2992/2992
f 2992/2992/2992 2993/2993/2993 2994/2994/2994
f 2994/2994/2994 2995/2995/2995 2992/2992/2992
f 2998/2998/2998 2997/2997/2997 2996/2996/2996
f 2996/2996/2996 2999/2999/2999 2998/2998/2998
f 3002/3002/3002 3001/3001/3001 3000/3000/3000
f 3000/3000/3000 3003/3003/3003 3002/3002/3002
f 3006/3006/3006 3005/3005/3005 3004/3004/3004
f 3007/3007/3007 3004/3004/3004 3005/3005/3005
f 3010/3010/3010 3009/3009/3009 3008/3008/3008
f 3011/3011/3011 3008/3008/3008 3009/3009/3009
f 3009/3009/3009 3012/3012/3012 3011/3011/3011
f 3012/3012/3012 3013/3013/3013 3011/3011/3011
f 3011/3011/3011 3013/3013/3013 3014/3014/3014
f 3015/3015/3015 3014/3014/3014 3013/3013/3013
f 3016/3016/3016 3014/3014/3014 3015/3015/3015
f 3019/3019/3019 3018/3018/3018 3017/3017/3017
f 3018/3018/3018 3020/3020/3020 3017/3017/3017
f 3023/3023/3023 3022/3022/3022 3021/3021/3021
f 3021/3021/3021 3024/3024/3024 3023/3023/3023
f 3023/3023/3023 3024/3024/3024 3025/3025/3025
f 3025/3025/3025 3024/3024/3024 3026/3026/3026
f 3027/3027/3027 3026/3026/3026 3024/3024/3024
f 3028/3028/3028 3026/3026/3026 3027/3027/3027
f 3029/3029/3029 3028/3028/3028 3027/3027/3027
f 3032/3032/3032 3031/3031/3031 3030/3030/3030
f 3030/3030/3030 3033/3033/3033 3032/3032/3032
f 3036/3036/3036 3035/3035/3035 3034/3034/3034
f 3036/3036/3036 3034/3034/3034 3037/3037/3037
f 3040/3040/3040 3039/3039/3039 3038/3038/3038
f 3038/3038/3038 3041/3041/3041 3040/3040/3040
f 3044/3044/3044 3043/3043/3043 3042/3042/3042
f 3044/3044/3044 3045/3045/3045 3043/3043/3043
f 3048/3048/3048 3047/3047/3047 3046/3046/3046
f 3046/3046/3046 3049/3049/3049 3048/3048/3048
f 3052/3052/3052 3051/3051/3051 3050/3050/3050
f 3050/3050/3050 3053/3053/3053 3052/3052/3052
f 3056/3056/3056 3055/3055/3055 3054/3054/3054
f 3057/3057/3057 3054/3054/3054 3055/3055/3055
f 3060/3060/3060 3059/3059/3059 3058/3058/3058
f 3058/3058/3058 3061/3061/3061 3060/3060/3060
f 3060/3060/3060 3061/3061/3061 3062/3062/3062
f 3060/3060/3060 3062/3062/3062 3063/3063/3063
f 3066/3066/3066 3065/3065/3065 3064/3064/3064
f 3064/3064/3064 3067/3067/3067 3066/3066/3066
f 3070/3070/3070 3069/3069/3069 3068/3068/3068
f 3068/3068/3068 3071/3071/3071 3070/3070/3070
f 3074/3074/3074 3073/3073/3073 3072/3072/3072
f 3072/3072/3072 3075/3075/3075 3074/3074/3074
f 3078/3078/3078 3077/3077/3077 3076/3076/3076
f 3079/3079/3079 3076/3076/3076 3077/3077/3077
f 3080/3080/3080 3076/3076/3076 3079/3079/3079
f 3083/3083/3083 3082/3082/3082 3081/3081/3081
f 3083/3083/3083 3084/3084/3084 3082/3082/3082
f 3087/3087/3087 3086/3086/3086 3085/3085/3085
f 3085/3085/3085 3088/3088/3088 3087/3087/3087
f 3091/3091/3091 3090/3090/3090 3089/3089/3089
f 3089/3089/3089 3092/3092/3092 3091/3091/3091
f 3095/3095/3095 3094/3094/3094 3093/3093/3093
f 3096/3096/3096 3093/3093/3093 3094/3094/3094
f 3097/3097/3097 3093/3093/3093 3096/3096/3096
f 3100/3100/3100 3099/3099/3099 3098/3098/3098
f 3101/3101/3101 3098/3098/3098 3099/3099/3099
f 3104/3104/3104 3103/3103/3103 3102/3102/3102
f 3102/3102/3102 3105/3105/3105 3104/3104/3104
f 3108/3108/3108 3107/3107/3107 3106/3106/3106
f 3106/3106/3106 3109/3109/3109 3108/3108/3108
f 3112/3112/3112 3111/3111/3111 3110/3110/3110
f 3112/3112/3112 3113/3113/3113 3111/3111/3111
f 3116/3116/3116 3115/3115/3115 3114/3114/3114
f 3114/3114/3114 3117/3117/3117 3116/3116/3116
f 3116/3116/3116 3117/3117/3117 3118/3118/3118
f 3118/3118/3118 3119/3119/3119 3116/3116/3116
f 3122/3122/3122 3121/3121/3121 3120/3120/3120
f 3120/3120/3120 3123/3123/3123 3122/3122/3122
f 3123/3123/3123 3124/3124/3124 3122/3122/3122
f 3125/3125/3125 3124/3124/3124 3123/3123/3123
f 3123/3123/3123 3126/3126/3126 3125/3125/3125
f 3129/3129/3129 3128/3128/3128 3127/3127/3127
f 3127/3127/3127 3130/3130/3130 3129/3129/3129
f 3131/3131/3131 3130/3130/3130 3127/3127/3127
f 3127/3127/3127 3132/3132/3132 3131/3131/3131
f 3127/3127/3127 3133/3133/3133 3132/3132/3132
f 3136/3136/3136 3135/3135/3135 3134/3134/3134
f 3134/3134/3134 3137/3137/3137 3136/3136/3136
f 3138/3138/3138 3137/3137/3137 3134/3134/3134
f 3139/3139/3139 3138/3138/3138 3134/3134/3134
f 3134/3134/3134 3140/3140/3140 3139/3139/3139
f 3143/3143/3143 3142/3142/3142 3141/3141/3141
f 3141/3141/3141 3144/3144/3144 3143/3143/3143
f 3147/3147/3147 3146/3146/3146 3145/3145/3145
f 3145/3145/3145 3146/3146/3146 3148/3148/3148
f 3149/3149/3149 3148/3148/3148 3146/3146/3146
f 3146/3146/3146 3150/3150/3150 3149/3149/3149
f 3153/3153/3153 3152/3152/3152 3151/3151/3151
f 3151/3151/3151 3154/3154/3154 3153/3153/3153
f 3157/3157/3157 3156/3156/3156 3155/3155/3155
f 3157/3157/3157 3158/3158/3158 3156/3156/3156
f 3161/3161/3161 3160/3160/3160 3159/3159/3159
f 3159/3159/3159 3162/3162/3162 3161/3161/3161
f 3165/3165/3165 3164/3164/3164 3163/3163/3163
f 3165/3165/3165 3166/3166/3166 3164/3164/3164
f 3169/3169/3169 3168/3168/3168 3167/3167/3167
f 3167/3167/3167 3170/3170/3170 3169/3169/3169
f 3173/3173/3173 3172/3172/3172 3171/3171/3171
f 3171/3171/3171 3174/3174/3174 3173/3173/3173
f 3175/3175/3175 3173/3173/3173 3174/3174/3174
f 3173/3173/3173 3175/3175/3175 3176/3176/3176
f 3176/3176/3176 3177/3177/3177 3173/3173/3173
f 3180/3180/3180 3179/3179/3179 3178/3178/3178
f 3180/3180/3180 3181/3181/3181 3179/3179/3179
f 3184/3184/3184 3183/3183/3183 3182/3182/3182
f 3182/3182/3182 3185/3185/3185 3184/3184/3184
f 3188/3188/3188 3187/3187/3187 3186/3186/3186
f 3186/3186/3186 3189/3189/3189 3188/3188/3188
f 3190/3190/3190 3188/3188/3188 3189/3189/3189
f 3188/3188/3188 3190/3190/3190 3191/3191/3191
f 3194/3194/3194 3193/3193/3193 3192/3192/3192
f 3192/3192/3192 3195/3195/3195 3194/3194/3194
f 3198/3198/3198 3197/3197/3197 3196/3196/3196
f 3199/3199/3199 3197/3197/3197 3198/3198/3198
f 3200/3200/3200 3199/3199/3199 3198/3198/3198
f 3198/3198/3198 3201/3201/3201 3200/3200/3200
f 3204/3204/3204 3203/3203/3203 3202/3202/3202
f 3202/3202/3202 3205/3205/3205 3204/3204/3204
f 3204/3204/3204 3205/3205/3205 3206/3206/3206
f 3206/3206/3206 3207/3207/3207 3204/3204/3204
f 3207/3207/3207 3208/3208/3208 3204/3204/3204
f 3211/3211/3211 3210/3210/3210 3209/3209/3209
f 3211/3211/3211 3212/3212/3212 3210/3210/3210
f 3215/3215/3215 3214/3214/3214 3213/3213/3213
f 3214/3214/3214 3216/3216/3216 3213/3213/3213
f 3219/3219/3219 3218/3218/3218 3217/3217/3217
f 3217/3217/3217 3220/3220/3220 3219/3219/3219
f 3223/3223/3223 3222/3222/3222 3221/3221/3221
f 3222/3222/3222 3223/3223/3223 3224/3224/3224
f 3224/3224/3224 3223/3223/3223 3225/3225/3225
f 3223/3223/3223 3226/3226/3226 3225/3225/3225
f 3224/3224/3224 3225/3225/3225 3227/3227/3227
f 3225/3225/3225 3228/3228/3228 3227/3227/3227
f 3225/3225/3225 3229/3229/3229 3228/3228/3228
f 3232/3232/3232 3231/3231/3231 3230/3230/3230
f 3233/3233/3233 3231/3231/3231 3232/3232/3232
f 3236/3236/3236 3235/3235/3235 3234/3234/3234
f 3237/3237/3237 3234/3234/3234 3235/3235/3235
f 3238/3238/3238 3237/3237/3237 3235/3235/3235
f 3235/3235/3235 3239/3239/3239 3238/3238/3238
f 3239/3239/3239 3240/3240/3240 3238/3238/3238
f 3240/3240/3240 3241/3241/3241 3238/3238/3238
f 3244/3244/3244 3243/3243/3243 3242/3242/3242
f 3243/3243/3243 3245/3245/3245 3242/3242/3242
f 3248/3248/3248 3247/3247/3247 3246/3246/3246
f 3246/3246/3246 3249/3249/3249 3248/3248/3248
f 3252/3252/3252 3251/3251/3251 3250/3250/3250
f 3250/3250/3250 3253/3253/3253 3252/3252/3252
f 3254/3254/3254 3253/3253/3253 3250/3250/3250
f 3253/3253/3253 3254/3254/3254 3255/3255/3255
f 3255/3255/3255 3256/3256/3256 3253/3253/3253
f 3259/3259/3259 3258/3258/3258 3257/3257/3257
f 3257/3257/3257 3260/3260/3260 3259/3259/3259
f 3259/3259/3259 3260/3260/3260 3261/3261/3261
f 3261/3261/3261 3262/3262/3262 3259/3259/3259
f 3262/3262/3262 3263/3263/3263 3259/3259/3259
f 3266/3266/3266 3265/3265/3265 3264/3264/3264
f 3264/3264/3264 3267/3267/3267 3266/3266/3266
f 3268/3268/3268 3266/3266/3266 3267/3267/3267
f 3266/3266/3266 3268/3268/3268 3269/3269/3269
f 3269/3269/3269 3270/3270/3270 3266/3266/3266
f 3273/3273/3273 3272/3272/3272 3271/3271/3271
f 3274/3274/3274 3271/3271/3271 3272/3272/3272
f 3277/3277/3277 3276/3276/3276 3275/3275/3275
f 3275/3275/3275 3278/3278/3278 3277/3277/3277
f 3277/3277/3277 3278/3278/3278 3279/3279/3279
f 3279/3279/3279 3280/3280/3280 3277/3277/3277
f 3283/3283/3283 3282/3282/3282 3281/3281/3281
f 3284/3284/3284 3281/3281/3281 3282/3282/3282
f 3287/3287/3287 3286/3286/3286 3285/3285/3285
f 3285/3285/3285 3288/3288/3288 3287/3287/3287
f 3291/3291/3291 3290/3290/3290 3289/3289/3289
f 3289/3289/3289 3292/3292/3292 3291/3291/3291
f 3295/3295/3295 3294/3294/3294 3293/3293/3293
f 3293/3293/3293 3296/3296/3296 3295/3295/3295
f 3299/3299/3299 3298/3298/3298 3297/3297/3297
f 3297/3297/3297 3300/3300/3300 3299/3299/3299
f 3303/3303/3303 3302/3302/3302 3301/3301/3301
f 3301/3301/3301 3304/3304/3304 3303/3303/3303
f 3304/3304/3304 3305/3305/3305 3303/3303/3303
f 3303/3303/3303 3305/3305/3305 3306/3306/3306
f 3306/3306/3306 3307/3307/3307 3303/3303/3303
f 3310/3310/3310 3309/3309/3309 3308/3308/3308
f 3308/3308/3308 3311/3311/3311 3310/3310/3310
f 3314/3314/3314 3313/3313/3313 3312/3312/3312
f 3312/3312/3312 3315/3315/3315 3314/3314/3314
f 3318/3318/3318 3317/3317/3317 3316/3316/3316
f 3316/3316/3316 3319/3319/3319 3318/3318/3318
f 3318/3318/3318 3319/3319/3319 3320/3320/3320
f 3320/3320/3320 3321/3321/3321 3318/3318/3318
f 3324/3324/3324 3323/3323/3323 3322/3322/3322
f 3322/3322/3322 3325/3325/3325 3324/3324/3324
f 3328/3328/3328 3327/3327/3327 3326/3326/3326
f 3326/3326/3326 3329/3329/3329 3328/3328/3328
f 3328/3328/3328 3329/3329/3329 3330/3330/3330
f 3330/3330/3330 3331/3331/3331 3328/3328/3328
f 3334/3334/3334 3333/3333/3333 3332/3332/3332
f 3334/3334/3334 3332/3332/3332 3335/3335/3335
f 3335/3335/3335 3336/3336/3336 3334/3334/3334
f 3334/3334/3334 3336/3336/3336 3337/3337/3337
f 3337/3337/3337 3338/3338/3338 3334/3334/3334
f 3341/3341/3341 3340/3340/3340 3339/3339/3339
f 3339/3339/3339 3342/3342/3342 3341/3341/3341
f 3345/3345/3345 3344/3344/3344 3343/3343/3343
f 3343/3343/3343 3346/3346/3346 3345/3345/3345
f 3349/3349/3349 3348/3348/3348 3347/3347/3347
f 3347/3347/3347 3350/3350/3350 3349/3349/3349
f 3353/3353/3353 3352/3352/3352 3351/3351/3351
f 3351/3351/3351 3354/3354/3354 3353/3353/3353
f 3357/3357/3357 3356/3356/3356 3355/3355/3355
f 3355/3355/3355 3358/3358/3358 3357/3357/3357
f 3357/3357/3357 3358/3358/3358 3359/3359/3359
f 3359/3359/3359 3360/3360/3360 3357/3357/3357
f 3363/3363/3363 3362/3362/3362 3361/3361/3361
f 3361/3361/3361 3364/3364/3364 3363/3363/3363
f 3363/3363/3363 3364/3364/3364 3365/3365/3365
f 3366/3366/3366 3363/3363/3363 3365/3365/3365
f 3365/3365/3365 3364/3364/3364 3367/3367/3367
f 3368/3368/3368 3365/3365/3365 3367/3367/3367
f 3369/3369/3369 3365/3365/3365 3368/3368/3368
f 3372/3372/3372 3371/3371/3371 3370/3370/3370
f 3373/3373/3373 3371/3371/3371 3372/3372/3372
f 3376/3376/3376 3375/3375/3375 3374/3374/3374
f 3374/3374/3374 3377/3377/3377 3376/3376/3376
f 3380/3380/3380 3379/3379/3379 3378/3378/3378
f 3378/3378/3378 3381/3381/3381 3380/3380/3380
f 3384/3384/3384 3383/3383/3383 3382/3382/3382
f 3385/3385/3385 3382/3382/3382 3383/3383/3383
f 3388/3388/3388 3387/3387/3387 3386/3386/3386
f 3386/3386/3386 3389/3389/3389 3388/3388/3388
f 3388/3388/3388 3389/3389/3389 3390/3390/3390
f 3391/3391/3391 3388/3388/3388 3390/3390/3390
f 3391/3391/3391 3390/3390/3390 3392/3392/3392
f 3393/3393/3393 3391/3391/3391 3392/3392/3392
f 3396/3396/3396 3395/3395/3395 3394/3394/3394
f 3397/3397/3397 3394/3394/3394 3395/3395/3395
f 3400/3400/3400 3399/3399/3399 3398/3398/3398
f 3400/3400/3400 3398/3398/3398 3401/3401/3401
f 3402/3402/3402 3401/3401/3401 3398/3398/3398
f 3398/3398/3398 3403/3403/3403 3402/3402/3402
f 3403/3403/3403 3398/3398/3398 3404/3404/3404
f 3405/3405/3405 3404/3404/3404 3398/3398/3398
f 3398/3398/3398 3406/3406/3406 3405/3405/3405
f 3409/3409/3409 3408/3408/3408 3407/3407/3407
f 3408/3408/3408 3410/3410/3410 3407/3407/3407
f 3407/3407/3407 3410/3410/3410 3411/3411/3411
f 3411/3411/3411 3412/3412/3412 3407/3407/3407
f 3407/3407/3407 3412/3412/3412 3413/3413/3413
f 3407/3407/3407 3413/3413/3413 3414/3414/3414
f 3414/3414/3414 3415/3415/3415 3407/3407/3407
f 3418/3418/3418 3417/3417/3417 3416/3416/3416
f 3416/3416/3416 3419/3419/3419 3418/3418/3418
f 3422/3422/3422 3421/3421/3421 3420/3420/3420
f 3421/3421/3421 3422/3422/3422 3423/3423/3423
f 3426/3426/3426 3425/3425/3425 3424/3424/3424
f 3424/3424/3424 3427/3427/3427 3426/3426/3426
f 3428/3428/3428 3426/3426/3426 3427/3427/3427
f 3427/3427/3427 3429/3429/3429 3428/3428/3428
f 3428/3428/3428 3429/3429/3429 3430/3430/3430
f 3430/3430/3430 3431/3431/3431 3428/3428/3428
f 3434/3434/3434 3433/3433/3433 3432/3432/3432
f 3432/3432/3432 3435/3435/3435 3434/3434/3434
f 3436/3436/3436 3434/3434/3434 3435/3435/3435
f 3437/3437/3437 3434/3434/3434 3436/3436/3436
f 3440/3440/3440 3439/3439/3439 3438/3438/3438
f 3440/3440/3440 3438/3438/3438 3441/3441/3441
f 3442/3442/3442 3441/3441/3441 3438/3438/3438
f 3438/3438/3438 3443/3443/3443 3442/3442/3442
f 3446/3446/3446 3445/3445/3445 3444/3444/3444
f 3444/3444/3444 3447/3447/3447 3446/3446/3446
f 3448/3448/3448 3446/3446/3446 3447/3447/3447
f 3448/3448/3448 3449/3449/3449 3446/3446/3446
f 3452/3452/3452 3451/3451/3451 3450/3450/3450
f 3453/3453/3453 3452/3452/3452 3450/3450/3450
f 3454/3454/3454 3453/3453/3453 3450/3450/3450
f 3450/3450/3450 3455/3455/3455 3454/3454/3454
f 3458/3458/3458 3457/3457/3457 3456/3456/3456
f 3459/3459/3459 3456/3456/3456 3457/3457/3457
f 3456/3456/3456 3459/3459/3459 3460/3460/3460
f 3460/3460/3460 3461/3461/3461 3456/3456/3456
f 3464/3464/3464 3463/3463/3463 3462/3462/3462
f 3462/3462/3462 3465/3465/3465 3464/3464/3464
f 3468/3468/3468 3467/3467/3467 3466/3466/3466
f 3468/3468/3468 3466/3466/3466 3469/3469/3469
f 3469/3469/3469 3470/3470/3470 3468/3468/3468
f 3473/3473/3473 3472/3472/3472 3471/3471/3471
f 3471/3471/3471 3474/3474/3474 3473/3473/3473
f 3471/3471/3471 3475/3475/3475 3474/3474/3474
f 3478/3478/3478 3477/3477/3477 3476/3476/3476
f 3479/3479/3479 3478/3478/3478 3476/3476/3476
f 3480/3480/3480 3479/3479/3479 3476/3476/3476
f 3481/3481/3481 3480/3480/3480 3476/3476/3476
f 3484/3484/3484 3483/3483/3483 3482/3482/3482
f 3483/3483/3483 3485/3485/3485 3482/3482/3482
f 3488/3488/3488 3487/3487/3487 3486/3486/3486
f 3486/3486/3486 3489/3489/3489 3488/3488/3488
f 3489/3489/3489 3486/3486/3486 3490/3490/3490
f 3490/3490/3490 3491/3491/3491 3489/3489/3489
f 3494/3494/3494 3493/3493/3493 3492/3492/3492
f 3492/3492/3492 3495/3495/3495 3494/3494/3494
f 3498/3498/3498 3497/3497/3497 3496/3496/3496
f 3498/3498/3498 3496/3496/3496 3499/3499/3499
f 3502/3502/3502 3501/3501/3501 3500/3500/3500
f 3500/3500/3500 3503/3503/3503 3502/3502/3502
f 3506/3506/3506 3505/3505/3505 3504/3504/3504
f 3507/3507/3507 3506/3506/3506 3504/3504/3504
f 3510/3510/3510 3509/3509/3509 3508/3508/3508
f 3511/3511/3511 3510/3510/3510 3508/3508/3508
f 3512/3512/3512 3511/3511/3511 3508/3508/3508
f 3508/3508/3508 3513/3513/3513 3512/3512/3512
f 3516/3516/3516 3515/3515/3515 3514/3514/3514
f 3514/3514/3514 3517/3517/3517 3516/3516/3516
f 3520/3520/3520 3519/3519/3519 3518/3518/3518
f 3518/3518/3518 3521/3521/3521 3520/3520/3520
f 3522/3522/3522 3521/3521/3521 3518/3518/3518
f 3518/3518/3518 3523/3523/3523 3522/3522/3522
f 3526/3526/3526 3525/3525/3525 3524/3524/3524
f 3527/3527/3527 3525/3525/3525 3526/3526/3526
f 3530/3530/3530 3529/3529/3529 3528/3528/3528
f 3529/3529/3529 3531/3531/3531 3528/3528/3528
f 3534/3534/3534 3533/3533/3533 3532/3532/3532
f 3534/3534/3534 3535/3535/3535 3533/3533/3533
f 3538/3538/3538 3537/3537/3537 3536/3536/3536
f 3536/3536/3536 3539/3539/3539 3538/3538/3538
f 3538/3538/3538 3539/3539/3539 3540/3540/3540
f 3540/3540/3540 3539/3539/3539 3541/3541/3541
f 3542/3542/3542 3541/3541/3541 3539/3539/3539
f 3542/3542/3542 3543/3543/3543 3541/3541/3541
f 3544/3544/3544 3543/3543/3543 3542/3542/3542
f 3547/3547/3547 3546/3546/3546 3545/3545/3545
f 3545/3545/3545 3548/3548/3548 3547/3547/3547
f 3551/3551/3551 3550/3550/3550 3549/3549/3549
f 3549/3549/3549 3552/3552/3552 3551/3551/3551
f 3553/3553/3553 3552/3552/3552 3549/3549/3549
f 3554/3554/3554 3552/3552/3552 3553/3553/3553
f 3552/3552/3552 3554/3554/3554 3555/3555/3555
f 3556/3556/3556 3555/3555/3555 3554/3554/3554
f 3557/3557/3557 3555/3555/3555 3556/3556/3556
f 3560/3560/3560 3559/3559/3559 3558/3558/3558
f 3558/3558/3558 3561/3561/3561 3560/3560/3560
f 3564/3564/3564 3563/3563/3563 3562/3562/3562
f 3563/3563/3563 3565/3565/3565 3562/3562/3562
f 3568/3568/3568 3567/3567/3567 3566/3566/3566
f 3566/3566/3566 3569/3569/3569 3568/3568/3568
f 3572/3572/3572 3571/3571/3571 3570/3570/3570
f 3573/3573/3573 3570/3570/3570 3571/3571/3571
f 3576/3576/3576 3575/3575/3575 3574/3574/3574
f 3574/3574/3574 3577/3577/3577 3576/3576/3576
f 3580/3580/3580 3579/3579/3579 3578/3578/3578
f 3579/3579/3579 3581/3581/3581 3578/3578/3578
f 3584/3584/3584 3583/3583/3583 3582/3582/3582
f 3584/3584/3584 3585/3585/3585 3583/3583/3583
f 3588/3588/3588 3587/3587/3587 3586/3586/3586
f 3587/3587/3587 3588/3588/3588 3589/3589/3589
f 3589/3589/3589 3588/3588/3588 3590/3590/3590
f 3591/3591/3591 3590/3590/3590 3588/3588/3588
f 3594/3594/3594 3593/3593/3593 3592/3592/3592
f 3592/3592/3592 3595/3595/3595 3594/3594/3594
f 3598/3598/3598 3597/3597/3597 3596/3596/3596
f 3596/3596/3596 3599/3599/3599 3598/3598/3598
f 3602/3602/3602 3601/3601/3601 3600/3600/3600
f 3600/3600/3600 3603/3603/3603 3602/3602/3602
f 3606/3606/3606 3605/3605/3605 3604/3604/3604
f 3604/3604/3604 3605/3605/3605 3607/3607/3607
f 3607/3607/3607 3605/3605/3605 3608/3608/3608
f 3611/3611/3611 3610/3610/3610 3609/3609/3609
f 3612/3612/3612 3609/3609/3609 3610/3610/3610
f 3615/3615/3615 3614/3614/3614 3613/3613/3613
f 3613/3613/3613 3616/3616/3616 3615/3615/3615
f 3619/3619/3619 3618/3618/3618 3617/3617/3617
f 3617/3617/3617 3620/3620/3620 3619/3619/3619
f 3623/3623/3623 3622/3622/3622 3621/3621/3621
f 3621/3621/3621 3622/3622/3622 3624/3624/3624
f 3624/3624/3624 3622/3622/3622 3625/3625/3625
f 3628/3628/3628 3627/3627/3627 3626/3626/3626
f 3628/3628/3628 3629/3629/3629 3627/3627/3627
f 3632/3632/3632 3631/3631/3631 3630/3630/3630
f 3630/3630/3630 3633/3633/3633 3632/3632/3632
f 3636/3636/3636 3635/3635/3635 3634/3634/3634
f 3636/3636/3636 3637/3637/3637 3635/3635/3635
f 3635/3635/3635 3637/3637/3637 3638/3638/3638
f 3637/3637/3637 3639/3639/3639 3638/3638/3638
f 3638/3638/3638 3639/3639/3639 3640/3640/3640
f 3638/3638/3638 3640/3640/3640 3641/3641/3641
f 3641/3641/3641 3640/3640/3640 3642/3642/3642
f 3643/3643/3643 3638/3638/3638 3641/3641/3641
f 3641/3641/3641 3644/3644/3644 3643/3643/3643
f 3647/3647/3647 3646/3646/3646 3645/3645/3645
f 3645/3645/3645 3648/3648/3648 3647/3647/3647
f 3651/3651/3651 3650/3650/3650 3649/3649/3649
f 3650/3650/3650 3652/3652/3652 3649/3649/3649
f 3655/3655/3655 3654/3654/3654 3653/3653/3653
f 3653/3653/3653 3656/3656/3656 3655/3655/3655
f 3653/3653/3653 3657/3657/3657 3656/3656/3656
f 3657/3657/3657 3653/3653/3653 3658/3658/3658
f 3658/3658/3658 3653/3653/3653 3659/3659/3659
f 3662/3662/3662 3661/3661/3661 3660/3660/3660
f 3660/3660/3660 3661/3661/3661 3663/3663/3663
f 3663/3663/3663 3661/3661/3661 3664/3664/3664
f 3667/3667/3667 3666/3666/3666 3665/3665/3665
f 3666/3666/3666 3667/3667/3667 3668/3668/3668
f 3669/3669/3669 3668/3668/3668 3667/3667/3667
f 3668/3668/3668 3669/3669/3669 3670/3670/3670
f 3673/3673/3673 3672/3672/3672 3671/3671/3671
f 3672/3672/3672 3674/3674/3674 3671/3671/3671
f 3671/3671/3671 3674/3674/3674 3675/3675/3675
f 3672/3672/3672 3676/3676/3676 3674/3674/3674
f 3677/3677/3677 3674/3674/3674 3676/3676/3676
f 3680/3680/3680 3679/3679/3679 3678/3678/3678
f 3678/3678/3678 3681/3681/3681 3680/3680/3680
f 3684/3684/3684 3683/3683/3683 3682/3682/3682
f 3682/3682/3682 3685/3685/3685 3684/3684/3684
f 3688/3688/3688 3687/3687/3687 3686/3686/3686
f 3687/3687/3687 3689/3689/3689 3686/3686/3686
f 3686/3686/3686 3689/3689/3689 3690/3690/3690
f 3690/3690/3690 3691/3691/3691 3686/3686/3686
f 3686/3686/3686 3691/3691/3691 3692/3692/3692
f 3695/3695/3695 3694/3694/3694 3693/3693/3693
f 3696/3696/3696 3694/3694/3694 3695/3695/3695
f 3699/3699/3699 3698/3698/3698 3697/3697/3697
f 3699/3699/3699 3697/3697/3697 3700/3700/3700
f 3699/3699/3699 3700/3700/3700 3701/3701/3701
f 3702/3702/3702 3701/3701/3701 3700/3700/3700
f 3705/3705/3705 3704/3704/3704 3703/3703/3703
f 3704/3704/3704 3706/3706/3706 3703/3703/3703
f 3704/3704/3704 3707/3707/3707 3706/3706/3706
f 3706/3706/3706 3707/3707/3707 3708/3708/3708
f 3711/3711/3711 3710/3710/3710 3709/3709/3709
f 3709/3709/3709 3712/3712/3712 3711/3711/3711
f 3715/3715/3715 3714/3714/3714 3713/3713/3713
f 3714/3714/3714 3716/3716/3716 3713/3713/3713
f 3713/3713/3713 3716/3716/3716 3717/3717/3717
f 3720/3720/3720 3719/3719/3719 3718/3718/3718
f 3718/3718/3718 3721/3721/3721 3720/3720/3720
f 3724/3724/3724 3723/3723/3723 3722/3722/3722
f 3722/3722/3722 3725/3725/3725 3724/3724/3724
f 3724/3724/3724 3725/3725/3725 3726/3726/3726
f 3726/3726/3726 3727/3727/3727 3724/3724/3724
f 3730/3730/3730 3729/3729/3729 3728/3728/3728
f 3728/3728/3728 3731/3731/3731 3730/3730/3730
f 3734/3734/3734 3733/3733/3733 3732/3732/3732
f 3732/3732/3732 3735/3735/3735 3734/3734/3734
f 3732/3732/3732 3736/3736/3736 3735/3735/3735
f 3736/3736/3736 3732/3732/3732 3737/3737/3737
f 3740/3740/3740 3739/3739/3739 3738/3738/3738
f 3738/3738/3738 3741/3741/3741 3740/3740/3740
f 3740/3740/3740 3741/3741/3741 3742/3742/3742
f 3742/3742/3742 3743/3743/3743 3740/3740/3740
f 3746/3746/3746 3745/3745/3745 3744/3744/3744
f 3744/3744/3744 3747/3747/3747 3746/3746/3746
f 3746/3746/3746 3747/3747/3747 3748/3748/3748
f 3748/3748/3748 3749/3749/3749 3746/3746/3746
f 3752/3752/3752 3751/3751/3751 3750/3750/3750
f 3753/3753/3753 3750/3750/3750 3751/3751/3751
f 3756/3756/3756 3755/3755/3755 3754/3754/3754
f 3755/3755/3755 3756/3756/3756 3757/3757/3757
f 3760/3760/3760 3759/3759/3759 3758/3758/3758
f 3758/3758/3758 3759/3759/3759 3761/3761/3761
f 3761/3761/3761 3759/3759/3759 3762/3762/3762
f 3762/3762/3762 3763/3763/3763 3761/3761/3761
f 3763/3763/3763 3762/3762/3762 3764/3764/3764
f 3764/3764/3764 3765/3765/3765 3763/3763/3763
f 3768/3768/3768 3767/3767/3767 3766/3766/3766
f 3769/3769/3769 3768/3768/3768 3766/3766/3766
f 3766/3766/3766 3770/3770/3770 3769/3769/3769
f 3769/3769/3769 3770/3770/3770 3771/3771/3771
f 3774/3774/3774 3773/3773/3773 3772/3772/3772
f 3772/3772/3772 3773/3773/3773 3775/3775/3775
f 3775/3775/3775 3776/3776/3776 3772/3772/3772
f 3776/3776/3776 3775/3775/3775 3777/3777/3777
f 3772/3772/3772 3776/3776/3776 3778/3778/3778
f 3778/3778/3778 3779/3779/3779 3772/3772/3772
f 3782/3782/3782 3781/3781/3781 3780/3780/3780
f 3780/3780/3780 3783/3783/3783 3782/3782/3782
f 3786/3786/3786 3785/3785/3785 3784/3784/3784
f 3787/3787/3787 3786/3786/3786 3784/3784/3784
f 3788/3788/3788 3786/3786/3786 3787/3787/3787
f 3789/3789/3789 3788/3788/3788 3787/3787/3787
f 3790/3790/3790 3789/3789/3789 3787/3787/3787
f 3793/3793/3793 3792/3792/3792 3791/3791/3791
f 3791/3791/3791 3794/3794/3794 3793/3793/3793
f 3797/3797/3797 3796/3796/3796 3795/3795/3795
f 3795/3795/3795 3798/3798/3798 3797/3797/3797
f 3798/3798/3798 3795/3795/3795 3799/3799/3799
f 3799/3799/3799 3800/3800/3800 3798/3798/3798
f 3803/3803/3803 3802/3802/3802 3801/3801/3801
f 3801/3801/3801 3804/3804/3804 3803/3803/3803
f 3805/3805/3805 3804/3804/3804 3801/3801/3801
f 3806/3806/3806 3804/3804/3804 3805/3805/3805
f 3809/3809/3809 3808/3808/3808 3807/3807/3807
f 3807/3807/3807 3808/3808/3808 3810/3810/3810
f 3808/3808/3808 3811/3811/3811 3810/3810/3810
f 3811/3811/3811 3812/3812/3812 3810/3810/3810
f 3812/3812/3812 3813/3813/3813 3810/3810/3810
f 3816/3816/3816 3815/3815/3815 3814/3814/3814
f 3814/3814/3814 3817/3817/3817 3816/3816/3816
f 3820/3820/3820 3819/3819/3819 3818/3818/3818
f 3818/3818/3818 3821/3821/3821 3820/3820/3820
f 3822/3822/3822 3820/3820/3820 3821/3821/3821
f 3821/3821/3821 3823/3823/3823 3822/3822/3822
f 3826/3826/3826 3825/3825/3825 3824/3824/3824
f 3824/3824/3824 3827/3827/3827 3826/3826/3826
f 3828/3828/3828 3827/3827/3827 3824/3824/3824
f 3824/3824/3824 3829/3829/3829 3828/3828/3828
f 3832/3832/3832 3831/3831/3831 3830/3830/3830
f 3830/3830/3830 3833/3833/3833 3832/3832/3832
f 3836/3836/3836 3835/3835/3835 3834/3834/3834
f 3837/3837/3837 3836/3836/3836 3834/3834/3834
f 3836/3836/3836 3837/3837/3837 3838/3838/3838
f 3838/3838/3838 3839/3839/3839 3836/3836/3836
f 3842/3842/3842 3841/3841/3841 3840/3840/3840
f 3840/3840/3840 3843/3843/3843 3842/3842/3842
f 3846/3846/3846 3845/3845/3845 3844/3844/3844
f 3844/3844/3844 3847/3847/3847 3846/3846/3846
f 3850/3850/3850 3849/3849/3849 3848/3848/3848
f 3849/3849/3849 3851/3851/3851 3848/3848/3848
f 3854/3854/3854 3853/3853/3853 3852/3852/3852
f 3852/3852/3852 3855/3855/3855 3854/3854/3854
f 3858/3858/3858 3857/3857/3857 3856/3856/3856
f 3856/3856/3856 3859/3859/3859 3858/3858/3858
f 3862/3862/3862 3861/3861/3861 3860/3860/3860
f 3862/3862/3862 3860/3860/3860 3863/3863/3863
f 3863/3863/3863 3864/3864/3864 3862/3862/3862
f 3863/3863/3863 3865/3865/3865 3864/3864/3864
f 3866/3866/3866 3865/3865/3865 3863/3863/3863
f 3865/3865/3865 3866/3866/3866 3867/3867/3867
f 3868/3868/3868 3865/3865/3865 3867/3867/3867
f 3869/3869/3869 3868/3868/3868 3867/3867/3867
f 3867/3867/3867 3870/3870/3870 3869/3869/3869
f 3873/3873/3873 3872/3872/3872 3871/3871/3871
f 3871/3871/3871 3874/3874/3874 3873/3873/3873
f 3877/3877/3877 3876/3876/3876 3875/3875/3875
f 3878/3878/3878 3875/3875/3875 3876/3876/3876
f 3876/3876/3876 3879/3879/3879 3878/3878/3878
f 3879/3879/3879 3880/3880/3880 3878/3878/3878
f 3878/3878/3878 3880/3880/3880 3881/3881/3881
f 3881/3881/3881 3880/3880/3880 3882/3882/3882
f 3880/3880/3880 3883/3883/3883 3882/3882/3882
f 3882/3882/3882 3883/3883/3883 3884/3884/3884
f 3884/3884/3884 3885/3885/3885 3882/3882/3882
f 3888/3888/3888 3887/3887/3887 3886/3886/3886
f 3886/3886/3886 3889/3889/3889 3888/3888/3888
f 3890/3890/3890 3889/3889/3889 3886/3886/3886
f 3886/3886/3886 3891/3891/3891 3890/3890/3890
f 3890/3890/3890 3891/3891/3891 3892/3892/3892
f 3892/3892/3892 3893/3893/3893 3890/3890/3890
f 3893/3893/3893 3892/3892/3892 3894/3894/3894
f 3894/3894/3894 3895/3895/3895 3893/3893/3893
f 3896/3896/3896 3895/3895/3895 3894/3894/3894
f 3897/3897/3897 3896/3896/3896 3894/3894/3894
f 3898/3898/3898 3896/3896/3896 3897/3897/3897
f 3899/3899/3899 3898/3898/3898 3897/3897/3897
f 3898/3898/3898 3899/3899/3899 3900/3900/3900
f 3900/3900/3900 3901/3901/3901 3898/3898/3898
f 3904/3904/3904 3903/3903/3903 3902/3902/3902
f 3904/3904/3904 3905/3905/3905 3903/3903/3903
f 3908/3908/3908 3907/3907/3907 3906/3906/3906
f 3906/3906/3906 3909/3909/3909 3908/3908/3908
f 3909/3909/3909 3906/3906/3906 3910/3910/3910
f 3910/3910/3910 3911/3911/3911 3909/3909/3909
f 3914/3914/3914 3913/3913/3913 3912/3912/3912
f 3912/3912/3912 3915/3915/3915 3914/3914/3914
f 3916/3916/3916 3915/3915/3915 3912/3912/3912
f 3912/3912/3912 3917/3917/3917 3916/3916/3916
f 3920/3920/3920 3919/3919/3919 3918/3918/3918
f 3918/3918/3918 3919/3919/3919 3921/3921/3921
f 3922/3922/3922 3918/3918/3918 3921/3921/3921
f 3921/3921/3921 3923/3923/3923 3922/3922/3922
f 3926/3926/3926 3925/3925/3925 3924/3924/3924
f 3925/3925/3925 3926/3926/3926 3927/3927/3927
f 3930/3930/3930 3929/3929/3929 3928/3928/3928
f 3930/3930/3930 3931/3931/3931 3929/3929/3929
f 3932/3932/3932 3931/3931/3931 3930/3930/3930
f 3930/3930/3930 3933/3933/3933 3932/3932/3932
f 3936/3936/3936 3935/3935/3935 3934/3934/3934
f 3935/3935/3935 3937/3937/3937 3934/3934/3934
f 3940/3940/3940 3939/3939/3939 3938/3938/3938
f 3938/3938/3938 3939/3939/3939 3941/3941/3941
f 3941/3941/3941 3942/3942/3942 3938/3938/3938
f 3945/3945/3945 3944/3944/3944 3943/3943/3943
f 3943/3943/3943 3946/3946/3946 3945/3945/3945
f 3949/3949/3949 3948/3948/3948 3947/3947/3947
f 3949/3949/3949 3950/3950/3950 3948/3948/3948
f 3949/3949/3949 3951/3951/3951 3950/3950/3950
f 3954/3954/3954 3953/3953/3953 3952/3952/3952
f 3952/3952/3952 3955/3955/3955 3954/3954/3954
f 3958/3958/3958 3957/3957/3957 3956/3956/3956
f 3956/3956/3956 3959/3959/3959 3958/3958/3958
f 3962/3962/3962 3961/3961/3961 3960/3960/3960
f 3960/3960/3960 3963/3963/3963 3962/3962/3962
f 3963/3963/3963 3964/3964/3964 3962/3962/3962
f 3963/3963/3963 3965/3965/3965 3964/3964/3964
f 3968/3968/3968 3967/3967/3967 3966/3966/3966
f 3966/3966/3966 3969/3969/3969 3968/3968/3968
f 3970/3970/3970 3968/3968/3968 3969/3969/3969
f 3970/3970/3970 3969/3969/3969 3971/3971/3971
f 3974/3974/3974 3973/3973/3973 3972/3972/3972
f 3972/3972/3972 3975/3975/3975 3974/3974/3974
f 3975/3975/3975 3972/3972/3972 3976/3976/3976
f 3976/3976/3976 3977/3977/3977 3975/3975/3975
f 3980/3980/3980 3979/3979/3979 3978/3978/3978
f 3980/3980/3980 3981/3981/3981 3979/3979/3979
f 3984/3984/3984 3983/3983/3983 3982/3982/3982
f 3982/3982/3982 3985/3985/3985 3984/3984/3984
f 3986/3986/3986 3984/3984/3984 3985/3985/3985
f 3985/3985/3985 3987/3987/3987 3986/3986/3986
f 3990/3990/3990 3989/3989/3989 3988/3988/3988
f 3990/3990/3990 3991/3991/3991 3989/3989/3989
f 3991/3991/3991 3992/3992/3992 3989/3989/3989
f 3991/3991/3991 3993/3993/3993 3992/3992/3992
f 3996/3996/3996 3995/3995/3995 3994/3994/3994
f 3994/3994/3994 3997/3997/3997 3996/3996/3996
f 4000/4000/4000 3999/3999/3999 3998/3998/3998
f 3998/3998/3998 4001/4001/4001 4000/4000/4000
f 4000/4000/4000 4001/4001/4001 4002/4002/4002
f 4002/4002/4002 4003/4003/4003 4000/4000/4000
f 4006/4006/4006 4005/4005/4005 4004/4004/4004
f 4005/4005/4005 4006/4006/4006 4007/4007/4007
f 4010/4010/4010 4009/4009/4009 4008/4008/4008
f 4011/4011/4011 4010/4010/4010 4008/4008/4008
f 4011/4011/4011 4008/4008/4008 4012/4012/4012
f 4012/4012/4012 4013/4013/4013 4011/4011/4011
f 4016/4016/4016 4015/4015/4015 4014/4014/4014
f 4016/4016/4016 4014/4014/4014 4017/4017/4017
f 4018/4018/4018 4016/4016/4016 4017/4017/4017
f 4017/4017/4017 4019/4019/4019 4018/4018/4018
f 4022/4022/4022 4021/4021/4021 4020/4020/4020
f 4020/4020/4020 4023/4023/4023 4022/4022/4022
f 4026/4026/4026 4025/4025/4025 4024/4024/4024
f 4024/4024/4024 4027/4027/4027 4026/4026/4026
f 4030/4030/4030 4029/4029/4029 4028/4028/4028
f 4030/4030/4030 4031/4031/4031 4029/4029/4029
f 4034/4034/4034 4033/4033/4033 4032/4032/4032
f 4035/4035/4035 4033/4033/4033 4034/4034/4034
f 4036/4036/4036 4035/4035/4035 4034/4034/4034
f 4035/4035/4035 4036/4036/4036 4037/4037/4037
f 4037/4037/4037 4036/4036/4036 4038/4038/4038
f 4038/4038/4038 4036/4036/4036 4039/4039/4039
f 4038/4038/4038 4039/4039/4039 4040/4040/4040
f 4036/4036/4036 4041/4041/4041 4039/4039/4039
f 4042/4042/4042 4039/4039/4039 4041/4041/4041
f 4045/4045/4045 4044/4044/4044 4043/4043/4043
f 4043/4043/4043 4046/4046/4046 4045/4045/4045
f 4049/4049/4049 4048/4048/4048 4047/4047/4047
f 4047/4047/4047 4050/4050/4050 4049/4049/4049
f 4053/4053/4053 4052/4052/4052 4051/4051/4051
f 4054/4054/4054 4051/4051/4051 4052/4052/4052
f 4051/4051/4051 4054/4054/4054 4055/4055/4055
f 4056/4056/4056 4051/4051/4051 4055/4055/4055
f 4051/4051/4051 4056/4056/4056 4057/4057/4057
f 4060/4060/4060 4059/4059/4059 4058/4058/4058
f 4060/4060/4060 4058/4058/4058 4061/4061/4061
f 4060/4060/4060 4061/4061/4061 4062/4062/4062
f 4065/4065/4065 4064/4064/4064 4063/4063/4063
f 4064/4064/4064 4066/4066/4066 4063/4063/4063
f 4063/4063/4063 4066/4066/4066 4067/4067/4067
f 4066/4066/4066 4068/4068/4068 4067/4067/4067
f 4071/4071/4071 4070/4070/4070 4069/4069/4069
f 4072/4072/4072 4071/4071/4071 4069/4069/4069
f 4072/4072/4072 4069/4069/4069 4073/4073/4073
f 4074/4074/4074 4071/4071/4071 4072/4072/4072
f 4072/4072/4072 4075/4075/4075 4074/4074/4074
f 4078/4078/4078 4077/4077/4077 4076/4076/4076
f 4076/4076/4076 4079/4079/4079 4078/4078/4078
f 4082/4082/4082 4081/4081/4081 4080/4080/4080
f 4081/4081/4081 4083/4083/4083 4080/4080/4080
f 4086/4086/4086 4085/4085/4085 4084/4084/4084
f 4087/4087/4087 4086/4086/4086 4084/4084/4084
f 4088/4088/4088 4087/4087/4087 4084/4084/4084
f 4084/4084/4084 4089/4089/4089 4088/4088/4088
f 4089/4089/4089 4084/4084/4084 4090/4090/4090
f 4093/4093/4093 4092/4092/4092 4091/4091/4091
f 4093/4093/4093 4094/4094/4094 4092/4092/4092
f 4097/4097/4097 4096/4096/4096 4095/4095/4095
f 4095/4095/4095 4096/4096/4096 4098/4098/4098
f 4099/4099/4099 4098/4098/4098 4096/4096/4096
f 4099/4099/4099 4100/4100/4100 4098/4098/4098
f 4103/4103/4103 4102/4102/4102 4101/4101/4101
f 4104/4104/4104 4103/4103/4103 4101/4101/4101
f 4105/4105/4105 4103/4103/4103 4104/4104/4104
f 4105/4105/4105 4104/4104/4104 4106/4106/4106
f 4109/4109/4109 4108/4108/4108 4107/4107/4107
f 4107/4107/4107 4110/4110/4110 4109/4109/4109
f 4113/4113/4113 4112/4112/4112 4111/4111/4111
f 4114/4114/4114 4113/4113/4113 4111/4111/4111
f 4114/4114/4114 4111/4111/4111 4115/4115/4115
f 4118/4118/4118 4117/4117/4117 4116/4116/4116
f 4116/4116/4116 4119/4119/4119 4118/4118/4118
f 4122/4122/4122 4121/4121/4121 4120/4120/4120
f 4123/4123/4123 4120/4120/4120 4121/4121/4121
f 4124/4124/4124 4123/4123/4123 4121/4121/4121
f 4121/4121/4121 4125/4125/4125 4124/4124/4124
f 4128/4128/4128 4127/4127/4127 4126/4126/4126
f 4126/4126/4126 4129/4129/4129 4128/4128/4128
f 4132/4132/4132 4131/4131/4131 4130/4130/4130
f 4130/4130/4130 4133/4133/4133 4132/4132/4132
f 4133/4133/4133 4134/4134/4134 4132/4132/4132
f 4134/4134/4134 4135/4135/4135 4132/4132/4132
f 4138/4138/4138 4137/4137/4137 4136/4136/4136
f 4136/4136/4136 4139/4139/4139 4138/4138/4138
f 4140/4140/4140 4139/4139/4139 4136/4136/4136
f 4136/4136/4136 4141/4141/4141 4140/4140/4140
f 4144/4144/4144 4143/4143/4143 4142/4142/4142
f 4142/4142/4142 4145/4145/4145 4144/4144/4144
f 4146/4146/4146 4145/4145/4145 4142/4142/4142
f 4142/4142/4142 4147/4147/4147 4146/4146/4146
f 4150/4150/4150 4149/4149/4149 4148/4148/4148
f 4148/4148/4148 4151/4151/4151 4150/4150/4150
f 4154/4154/4154 4153/4153/4153 4152/4152/4152
f 4153/4153/4153 4155/4155/4155 4152/4152/4152
f 4158/4158/4158 4157/4157/4157 4156/4156/4156
f 4156/4156/4156 4159/4159/4159 4158/4158/4158
f 4160/4160/4160 4158/4158/4158 4159/4159/4159
f 4159/4159/4159 4161/4161/4161 4160/4160/4160
f 4162/4162/4162 4160/4160/4160 4161/4161/4161
f 4161/4161/4161 4163/4163/4163 4162/4162/4162
f 4166/4166/4166 4165/4165/4165 4164/4164/4164
f 4164/4164/4164 4165/4165/4165 4167/4167/4167
f 4167/4167/4167 4168/4168/4168 4164/4164/4164
f 4168/4168/4168 4167/4167/4167 4169/4169/4169
f 4172/4172/4172 4171/4171/4171 4170/4170/4170
f 4173/4173/4173 4172/4172/4172 4170/4170/4170
f 4170/4170/4170 4174/4174/4174 4173/4173/4173
f 4173/4173/4173 4174/4174/4174 4175/4175/4175
f 4176/4176/4176 4174/4174/4174 4170/4170/4170
f 4170/4170/4170 4177/4177/4177 4176/4176/4176
f 4180/4180/4180 4179/4179/4179 4178/4178/4178
f 4178/4178/4178 4181/4181/4181 4180/4180/4180
f 4184/4184/4184 4183/4183/4183 4182/4182/4182
f 4183/4183/4183 4185/4185/4185 4182/4182/4182
f 4183/4183/4183 4186/4186/4186 4185/4185/4185
f 4186/4186/4186 4187/4187/4187 4185/4185/4185
f 4187/4187/4187 4188/4188/4188 4185/4185/4185
f 4191/4191/4191 4190/4190/4190 4189/4189/4189
f 4189/4189/4189 4192/4192/4192 4191/4191/4191
f 4195/4195/4195 4194/4194/4194 4193/4193/4193
f 4196/4196/4196 4193/4193/4193 4194/4194/4194
f 4197/4197/4197 4193/4193/4193 4196/4196/4196
f 4196/4196/4196 4198/4198/4198 4197/4197/4197
f 4201/4201/4201 4200/4200/4200 4199/4199/4199
f 4199/4199/4199 4202/4202/4202 4201/4201/4201
f 4202/4202/4202 4203/4203/4203 4201/4201/4201
f 4202/4202/4202 4204/4204/4204 4203/4203/4203
f 4207/4207/4207 4206/4206/4206 4205/4205/4205
f 4207/4207/4207 4205/4205/4205 4208/4208/4208
f 4209/4209/4209 4207/4207/4207 4208/4208/4208
f 4210/4210/4210 4209/4209/4209 4208/4208/4208
f 4211/4211/4211 4210/4210/4210 4208/4208/4208
f 4214/4214/4214 4213/4213/4213 4212/4212/4212
f 4212/4212/4212 4215/4215/4215 4214/4214/4214
f 4218/4218/4218 4217/4217/4217 4216/4216/4216
f 4216/4216/4216 4219/4219/4219 4218/4218/4218
f 4219/4219/4219 4216/4216/4216 4220/4220/4220
f 4220/4220/4220 4221/4221/4221 4219/4219/4219
f 4224/4224/4224 4223/4223/4223 4222/4222/4222
f 4222/4222/4222 4225/4225/4225 4224/4224/4224
f 4224/4224/4224 4225/4225/4225 4226/4226/4226
f 4226/4226/4226 4227/4227/4227 4224/4224/4224
f 4230/4230/4230 4229/4229/4229 4228/4228/4228
f 4228/4228/4228 4231/4231/4231 4230/4230/4230
f 4234/4234/4234 4233/4233/4233 4232/4232/4232
f 4234/4234/4234 4235/4235/4235 4233/4233/4233
f 4235/4235/4235 4234/4234/4234 4236/4236/4236
f 4237/4237/4237 4236/4236/4236 4234/4234/4234
f 4240/4240/4240 4239/4239/4239 4238/4238/4238
f 4238/4238/4238 4241/4241/4241 4240/4240/4240
f 4244/4244/4244 4243/4243/4243 4242/4242/4242
f 4242/4242/4242 4245/4245/4245 4244/4244/4244
f 4248/4248/4248 4247/4247/4247 4246/4246/4246
f 4248/4248/4248 4249/4249/4249 4247/4247/4247
f 4252/4252/4252 4251/4251/4251 4250/4250/4250
f 4250/4250/4250 4253/4253/4253 4252/4252/4252
f 4256/4256/4256 4255/4255/4255 4254/4254/4254
f 4254/4254/4254 4257/4257/4257 4256/4256/4256
f 4260/4260/4260 4259/4259/4259 4258/4258/4258
f 4261/4261/4261 4258/4258/4258 4259/4259/4259
f 4259/4259/4259 4262/4262/4262 4261/4261/4261
f 4263/4263/4263 4261/4261/4261 4262/4262/4262
f 4263/4263/4263 4264/4264/4264 4261/4261/4261
f 4264/4264/4264 4263/4263/4263 4265/4265/4265
f 4263/4263/4263 4266/4266/4266 4265/4265/4265
f 4265/4265/4265 4266/4266/4266 4267/4267/4267
f 4267/4267/4267 4268/4268/4268 4265/4265/4265
f 4271/4271/4271 4270/4270/4270 4269/4269/4269
f 4269/4269/4269 4272/4272/4272 4271/4271/4271
f 4275/4275/4275 4274/4274/4274 4273/4273/4273
f 4275/4275/4275 4273/4273/4273 4276/4276/4276
f 4276/4276/4276 4277/4277/4277 4275/4275/4275
f 4278/4278/4278 4277/4277/4277 4276/4276/4276
f 4278/4278/4278 4276/4276/4276 4279/4279/4279
f 4278/4278/4278 4279/4279/4279 4280/4280/4280
f 4281/4281/4281 4278/4278/4278 4280/4280/4280
f 4281/4281/4281 4280/4280/4280 4282/4282/4282
f 4283/4283/4283 4282/4282/4282 4280/4280/4280
f 4286/4286/4286 4285/4285/4285 4284/4284/4284
f 4284/4284/4284 4287/4287/4287 4286/4286/4286
f 4286/4286/4286 4287/4287/4287 4288/4288/4288
f 4288/4288/4288 4289/4289/4289 4286/4286/4286
f 4289/4289/4289 4288/4288/4288 4290/4290/4290
f 4291/4291/4291 4290/4290/4290 4288/4288/4288
f 4292/4292/4292 4290/4290/4290 4291/4291/4291
f 4291/4291/4291 4293/4293/4293 4292/4292/4292
f 4294/4294/4294 4292/4292/4292 4293/4293/4293
f 4294/4294/4294 4295/4295/4295 4292/4292/4292
f 4296/4296/4296 4295/4295/4295 4294/4294/4294
f 4295/4295/4295 4296/4296/4296 4297/4297/4297
f 4296/4296/4296 4298/4298/4298 4297/4297/4297
f 4299/4299/4299 4298/4298/4298 4296/4296/4296
f 4302/4302/4302 4301/4301/4301 4300/4300/4300
f 4303/4303/4303 4301/4301/4301 4302/4302/4302
f 4306/4306/4306 4305/4305/4305 4304/4304/4304
f 4304/4304/4304 4307/4307/4307 4306/4306/4306
f 4308/4308/4308 4306/4306/4306 4307/4307/4307
f 4307/4307/4307 4309/4309/4309 4308/4308/4308
f 4312/4312/4312 4311/4311/4311 4310/4310/4310
f 4310/4310/4310 4313/4313/4313 4312/4312/4312
f 4312/4312/4312 4313/4313/4313 4314/4314/4314
f 4314/4314/4314 4315/4315/4315 4312/4312/4312
f 4318/4318/4318 4317/4317/4317 4316/4316/4316
f 4317/4317/4317 4318/4318/4318 4319/4319/4319
f 4319/4319/4319 4318/4318/4318 4320/4320/4320
f 4320/4320/4320 4321/4321/4321 4319/4319/4319
f 4324/4324/4324 4323/4323/4323 4322/4322/4322
f 4323/4323/4323 4325/4325/4325 4322/4322/4322
f 4328/4328/4328 4327/4327/4327 4326/4326/4326
f 4329/4329/4329 4326/4326/4326 4327/4327/4327
f 4326/4326/4326 4329/4329/4329 4330/4330/4330
f 4330/4330/4330 4331/4331/4331 4326/4326/4326
f 4334/4334/4334 4333/4333/4333 4332/4332/4332
f 4332/4332/4332 4335/4335/4335 4334/4334/4334
f 4338/4338/4338 4337/4337/4337 4336/4336/4336
f 4339/4339/4339 4338/4338/4338 4336/4336/4336
f 4336/4336/4336 4340/4340/4340 4339/4339/4339
f 4343/4343/4343 4342/4342/4342 4341/4341/4341
f 4341/4341/4341 4344/4344/4344 4343/4343/4343
f 4347/4347/4347 4346/4346/4346 4345/4345/4345
f 4347/4347/4347 4348/4348/4348 4346/4346/4346
f 4348/4348/4348 4349/4349/4349 4346/4346/4346
f 4352/4352/4352 4351/4351/4351 4350/4350/4350
f 4350/4350/4350 4353/4353/4353 4352/4352/4352
f 4356/4356/4356 4355/4355/4355 4354/4354/4354
f 4354/4354/4354 4357/4357/4357 4356/4356/4356
f 4360/4360/4360 4359/4359/4359 4358/4358/4358
f 4361/4361/4361 4358/4358/4358 4359/4359/4359
f 4359/4359/4359 4362/4362/4362 4361/4361/4361
f 4363/4363/4363 4361/4361/4361 4362/4362/4362
f 4366/4366/4366 4365/4365/4365 4364/4364/4364
f 4367/4367/4367 4364/4364/4364 4365/4365/4365
f 4365/4365/4365 4368/4368/4368 4367/4367/4367
f 4369/4369/4369 4367/4367/4367 4368/4368/4368
f 4372/4372/4372 4371/4371/4371 4370/4370/4370
f 4372/4372/4372 4370/4370/4370 4373/4373/4373
f 4373/4373/4373 4374/4374/4374 4372/4372/4372
f 4373/4373/4373 4375/4375/4375 4374/4374/4374
f 4378/4378/4378 4377/4377/4377 4376/4376/4376
f 4379/4379/4379 4376/4376/4376 4377/4377/4377
f 4382/4382/4382 4381/4381/4381 4380/4380/4380
f 4383/4383/4383 4380/4380/4380 4381/4381/4381
f 4381/4381/4381 4384/4384/4384 4383/4383/4383
f 4384/4384/4384 4385/4385/4385 4383/4383/4383
f 4388/4388/4388 4387/4387/4387 4386/4386/4386
f 4386/4386/4386 4389/4389/4389 4388/4388/4388
f 4389/4389/4389 4386/4386/4386 4390/4390/4390
f 4390/4390/4390 4391/4391/4391 4389/4389/4389
f 4394/4394/4394 4393/4393/4393 4392/4392/4392
f 4392/4392/4392 4395/4395/4395 4394/4394/4394
f 4398/4398/4398 4397/4397/4397 4396/4396/4396
f 4399/4399/4399 4396/4396/4396 4397/4397/4397
f 4400/4400/4400 4399/4399/4399 4397/4397/4397
f 4397/4397/4397 4401/4401/4401 4400/4400/4400
f 4404/4404/4404 4403/4403/4403 4402/4402/4402
f 4403/4403/4403 4405/4405/4405 4402/4402/4402
f 4408/4408/4408 4407/4407/4407 4406/4406/4406
f 4408/4408/4408 4406/4406/4406 4409/4409/4409
f 4410/4410/4410 4408/4408/4408 4409/4409/4409
f 4409/4409/4409 4411/4411/4411 4410/4410/4410
f 4414/4414/4414 4413/4413/4413 4412/4412/4412
f 4412/4412/4412 4415/4415/4415 4414/4414/4414
f 4412/4412/4412 4416/4416/4416 4415/4415/4415
f 4416/4416/4416 4417/4417/4417 4415/4415/4415
f 4420/4420/4420 4419/4419/4419 4418/4418/4418
f 4418/4418/4418 4421/4421/4421 4420/4420/4420
f 4424/4424/4424 4423/4423/4423 4422/4422/4422
f 4422/4422/4422 4425/4425/4425 4424/4424/4424
f 4428/4428/4428 4427/4427/4427 4426/4426/4426
f 4429/4429/4429 4426/4426/4426 4427/4427/4427
f 4432/4432/4432 4431/4431/4431 4430/4430/4430
f 4430/4430/4430 4433/4433/4433 4432/4432/4432
f 4436/4436/4436 4435/4435/4435 4434/4434/4434
f 4435/4435/4435 4437/4437/4437 4434/4434/4434
f 4434/4434/4434 4437/4437/4437 4438/4438/4438
f 4434/4434/4434 4438/4438/4438 4439/4439/4439
f 4439/4439/4439 4438/4438/4438 4440/4440/4440
f 4441/4441/4441 4434/4434/4434 4439/4439/4439
f 4439/4439/4439 4442/4442/4442 4441/4441/4441
f 4445/4445/4445 4444/4444/4444 4443/4443/4443
f 4443/4443/4443 4446/4446/4446 4445/4445/4445
f 4449/4449/4449 4448/4448/4448 4447/4447/4447
f 4448/4448/4448 4450/4450/4450 4447/4447/4447
f 4453/4453/4453 4452/4452/4452 4451/4451/4451
f 4451/4451/4451 4454/4454/4454 4453/4453/4453
f 4451/4451/4451 4455/4455/4455 4454/4454/4454
f 4455/4455/4455 4451/4451/4451 4456/4456/4456
f 4456/4456/4456 4451/4451/4451 4457/4457/4457
f 4460/4460/4460 4459/4459/4459 4458/4458/4458
f 4458/4458/4458 4459/4459/4459 4461/4461/4461
f 4461/4461/4461 4459/4459/4459 4462/4462/4462
f 4465/4465/4465 4464/4464/4464 4463/4463/4463
f 4463/4463/4463 4466/4466/4466 4465/4465/4465
f 4469/4469/4469 4468/4468/4468 4467/4467/4467
f 4468/4468/4468 4469/4469/4469 4470/4470/4470
f 4470/4470/4470 4469/4469/4469 4471/4471/4471
f 4469/4469/4469 4472/4472/4472 4471/4471/4471
f 4471/4471/4471 4472/4472/4472 4473/4473/4473
f 4469/4469/4469 4474/4474/4474 4472/4472/4472
f 4475/4475/4475 4472/4472/4472 4474/4474/4474
f 4478/4478/4478 4477/4477/4477 4476/4476/4476
f 4476/4476/4476 4479/4479/4479 4478/4478/4478
f 4482/4482/4482 4481/4481/4481 4480/4480/4480
f 4480/4480/4480 4483/4483/4483 4482/4482/4482
f 4486/4486/4486 4485/4485/4485 4484/4484/4484
f 4485/4485/4485 4487/4487/4487 4484/4484/4484
f 4484/4484/4484 4487/4487/4487 4488/4488/4488
f 4488/4488/4488 4489/4489/4489 4484/4484/4484
f 4484/4484/4484 4489/4489/4489 4490/4490/4490
f 4493/4493/4493 4492/4492/4492 4491/4491/4491
f 4494/4494/4494 4492/4492/4492 4493/4493/4493
f 4497/4497/4497 4496/4496/4496 4495/4495/4495
f 4497/4497/4497 4495/4495/4495 4498/4498/4498
f 4499/4499/4499 4497/4497/4497 4498/4498/4498
f 4499/4499/4499 4498/4498/4498 4500/4500/4500
f 4503/4503/4503 4502/4502/4502 4501/4501/4501
f 4502/4502/4502 4504/4504/4504 4501/4501/4501
f 4505/4505/4505 4504/4504/4504 4502/4502/4502
f 4505/4505/4505 4506/4506/4506 4504/4504/4504
f 4509/4509/4509 4508/4508/4508 4507/4507/4507
f 4507/4507/4507 4510/4510/4510 4509/4509/4509
f 4513/4513/4513 4512/4512/4512 4511/4511/4511
f 4512/4512/4512 4514/4514/4514 4511/4511/4511
f 4511/4511/4511 4514/4514/4514 4515/4515/4515
f 4518/4518/4518 4517/4517/4517 4516/4516/4516
f 4516/4516/4516 4519/4519/4519 4518/4518/4518
f 4522/4522/4522 4521/4521/4521 4520/4520/4520
f 4520/4520/4520 4523/4523/4523 4522/4522/4522
f 4522/4522/4522 4523/4523/4523 4524/4524/4524
f 4524/4524/4524 4525/4525/4525 4522/4522/4522
f 4528/4528/4528 4527/4527/4527 4526/4526/4526
f 4526/4526/4526 4529/4529/4529 4528/4528/4528
f 4532/4532/4532 4531/4531/4531 4530/4530/4530
f 4530/4530/4530 4533/4533/4533 4532/4532/4532
f 4530/4530/4530 4534/4534/4534 4533/4533/4533
f 4534/4534/4534 4530/4530/4530 4535/4535/4535
f 4538/4538/4538 4537/4537/4537 4536/4536/4536
f 4536/4536/4536 4539/4539/4539 4538/4538/4538
f 4538/4538/4538 4539/4539/4539 4540/4540/4540
f 4540/4540/4540 4541/4541/4541 4538/4538/4538
f 4544/4544/4544 4543/4543/4543 4542/4542/4542
f 4545/4545/4545 4544/4544/4544 4542/4542/4542
f 4545/4545/4545 4542/4542/4542 4546/4546/4546
f 4546/4546/4546 4547/4547/4547 4545/4545/4545
f 4550/4550/4550 4549/4549/4549 4548/4548/4548
f 4549/4549/4549 4551/4551/4551 4548/4548/4548
f 4554/4554/4554 4553/4553/4553 4552/4552/4552
f 4554/4554/4554 4555/4555/4555 4553/4553/4553
f 4558/4558/4558 4557/4557/4557 4556/4556/4556
f 4556/4556/4556 4559/4559/4559 4558/4558/4558
f 4560/4560/4560 4559/4559/4559 4556/4556/4556
f 4561/4561/4561 4560/4560/4560 4556/4556/4556
f 4562/4562/4562 4560/4560/4560 4561/4561/4561
f 4563/4563/4563 4562/4562/4562 4561/4561/4561
f 4566/4566/4566 4565/4565/4565 4564/4564/4564
f 4567/4567/4567 4566/4566/4566 4564/4564/4564
f 4564/4564/4564 4568/4568/4568 4567/4567/4567
f 4567/4567/4567 4568/4568/4568 4569/4569/4569
f 4570/4570/4570 4566/4566/4566 4567/4567/4567
f 4567/4567/4567 4571/4571/4571 4570/4570/4570
f 4574/4574/4574 4573/4573/4573 4572/4572/4572
f 4572/4572/4572 4573/4573/4573 4575/4575/4575
f 4575/4575/4575 4576/4576/4576 4572/4572/4572
f 4576/4576/4576 4575/4575/4575 4577/4577/4577
f 4572/4572/4572 4576/4576/4576 4578/4578/4578
f 4578/4578/4578 4579/4579/4579 4572/4572/4572
f 4582/4582/4582 4581/4581/4581 4580/4580/4580
f 4580/4580/4580 4583/4583/4583 4582/4582/4582
f 4586/4586/4586 4585/4585/4585 4584/4584/4584
f 4587/4587/4587 4586/4586/4586 4584/4584/4584
f 4588/4588/4588 4586/4586/4586 4587/4587/4587
f 4589/4589/4589 4588/4588/4588 4587/4587/4587
f 4590/4590/4590 4589/4589/4589 4587/4587/4587
f 4593/4593/4593 4592/4592/4592 4591/4591/4591
f 4591/4591/4591 4594/4594/4594 4593/4593/4593
f 4597/4597/4597 4596/4596/4596 4595/4595/4595
f 4598/4598/4598 4596/4596/4596 4597/4597/4597
f 4598/4598/4598 4597/4597/4597 4599/4599/4599
f 4599/4599/4599 4600/4600/4600 4598/4598/4598
f 4603/4603/4603 4602/4602/4602 4601/4601/4601
f 4601/4601/4601 4604/4604/4604 4603/4603/4603
f 4605/4605/4605 4604/4604/4604 4601/4601/4601
f 4606/4606/4606 4604/4604/4604 4605/4605/4605
f 4609/4609/4609 4608/4608/4608 4607/4607/4607
f 4607/4607/4607 4608/4608/4608 4610/4610/4610
f 4608/4608/4608 4611/4611/4611 4610/4610/4610
f 4611/4611/4611 4612/4612/4612 4610/4610/4610
f 4612/4612/4612 4613/4613/4613 4610/4610/4610
f 4616/4616/4616 4615/4615/4615 4614/4614/4614
f 4614/4614/4614 4617/4617/4617 4616/4616/4616
f 4620/4620/4620 4619/4619/4619 4618/4618/4618
f 4618/4618/4618 4621/4621/4621 4620/4620/4620
f 4618/4618/4618 4622/4622/4622 4621/4621/4621
f 4621/4621/4621 4622/4622/4622 4623/4623/4623
f 4626/4626/4626 4625/4625/4625 4624/4624/4624
f 4624/4624/4624 4627/4627/4627 4626/4626/4626
f 4628/4628/4628 4627/4627/4627 4624/4624/4624
f 4628/4628/4628 4629/4629/4629 4627/4627/4627
f 4632/4632/4632 4631/4631/4631 4630/4630/4630
f 4631/4631/4631 4633/4633/4633 4630/4630/4630
f 4634/4634/4634 4633/4633/4633 4631/4631/4631
f 4631/4631/4631 4635/4635/4635 4634/4634/4634
f 4638/4638/4638 4637/4637/4637 4636/4636/4636
f 4639/4639/4639 4636/4636/4636 4637/4637/4637
f 4640/4640/4640 4636/4636/4636 4639/4639/4639
f 4639/4639/4639 4641/4641/4641 4640/4640/4640
f 4644/4644/4644 4643/4643/4643 4642/4642/4642
f 4642/4642/4642 4645/4645/4645 4644/4644/4644
f 4648/4648/4648 4647/4647/4647 4646/4646/4646
f 4647/4647/4647 4649/4649/4649 4646/4646/4646
f 4652/4652/4652 4651/4651/4651 4650/4650/4650
f 4650/4650/4650 4653/4653/4653 4652/4652/4652
f 4656/4656/4656 4655/4655/4655 4654/4654/4654
f 4656/4656/4656 4654/4654/4654 4657/4657/4657
f 4657/4657/4657 4658/4658/4658 4656/4656/4656
f 4657/4657/4657 4659/4659/4659 4658/4658/4658
f 4660/4660/4660 4659/4659/4659 4657/4657/4657
f 4659/4659/4659 4660/4660/4660 4661/4661/4661
f 4662/4662/4662 4659/4659/4659 4661/4661/4661
f 4663/4663/4663 4662/4662/4662 4661/4661/4661
f 4661/4661/4661 4664/4664/4664 4663/4663/4663
f 4667/4667/4667 4666/4666/4666 4665/4665/4665
f 4666/4666/4666 4668/4668/4668 4665/4665/4665
f 4669/4669/4669 4665/4665/4665 4668/4668/4668
f 4668/4668/4668 4670/4670/4670 4669/4669/4669
f 4673/4673/4673 4672/4672/4672 4671/4671/4671
f 4671/4671/4671 4674/4674/4674 4673/4673/4673
f 4677/4677/4677 4676/4676/4676 4675/4675/4675
f 4675/4675/4675 4678/4678/4678 4677/4677/4677
f 4679/4679/4679 4678/4678/4678 4675/4675/4675
f 4680/4680/4680 4678/4678/4678 4679/4679/4679
f 4683/4683/4683 4682/4682/4682 4681/4681/4681
f 4681/4681/4681 4684/4684/4684 4683/4683/4683
f 4687/4687/4687 4686/4686/4686 4685/4685/4685
f 4688/4688/4688 4685/4685/4685 4686/4686/4686
f 4686/4686/4686 4689/4689/4689 4688/4688/4688
f 4689/4689/4689 4690/4690/4690 4688/4688/4688
f 4688/4688/4688 4690/4690/4690 4691/4691/4691
f 4691/4691/4691 4690/4690/4690 4692/4692/4692
f 4690/4690/4690 4693/4693/4693 4692/4692/4692
f 4692/4692/4692 4693/4693/4693 4694/4694/4694
f 4694/4694/4694 4695/4695/4695 4692/4692/4692
f 4698/4698/4698 4697/4697/4697 4696/4696/4696
f 4697/4697/4697 4699/4699/4699 4696/4696/4696
f 4702/4702/4702 4701/4701/4701 4700/4700/4700
f 4700/4700/4700 4703/4703/4703 4702/4702/4702
f 4706/4706/4706 4705/4705/4705 4704/4704/4704
f 4706/4706/4706 4707/4707/4707 4705/4705/4705
f 4710/4710/4710 4709/4709/4709 4708/4708/4708
f 4708/4708/4708 4711/4711/4711 4710/4710/4710
f 4711/4711/4711 4708/4708/4708 4712/4712/4712
f 4712/4712/4712 4713/4713/4713 4711/4711/4711
f 4716/4716/4716 4715/4715/4715 4714/4714/4714
f 4714/4714/4714 4717/4717/4717 4716/4716/4716
f 4718/4718/4718 4717/4717/4717 4714/4714/4714
f 4714/4714/4714 4719/4719/4719 4718/4718/4718
f 4722/4722/4722 4721/4721/4721 4720/4720/4720
f 4721/4721/4721 4723/4723/4723 4720/4720/4720
f 4724/4724/4724 4720/4720/4720 4723/4723/4723
f 4723/4723/4723 4725/4725/4725 4724/4724/4724
f 4728/4728/4728 4727/4727/4727 4726/4726/4726
f 4726/4726/4726 4729/4729/4729 4728/4728/4728
f 4732/4732/4732 4731/4731/4731 4730/4730/4730
f 4732/4732/4732 4733/4733/4733 4731/4731/4731
f 4734/4734/4734 4733/4733/4733 4732/4732/4732
f 4732/4732/4732 4735/4735/4735 4734/4734/4734
f 4738/4738/4738 4737/4737/4737 4736/4736/4736
f 4736/4736/4736 4739/4739/4739 4738/4738/4738
f 4742/4742/4742 4741/4741/4741 4740/4740/4740
f 4740/4740/4740 4741/4741/4741 4743/4743/4743
f 4743/4743/4743 4744/4744/4744 4740/4740/4740
f 4747/4747/4747 4746/4746/4746 4745/4745/4745
f 4745/4745/4745 4748/4748/4748 4747/4747/4747
f 4751/4751/4751 4750/4750/4750 4749/4749/4749
f 4751/4751/4751 4752/4752/4752 4750/4750/4750
f 4751/4751/4751 4753/4753/4753 4752/4752/4752
f 4756/4756/4756 4755/4755/4755 4754/4754/4754
f 4754/4754/4754 4757/4757/4757 4756/4756/4756
f 4760/4760/4760 4759/4759/4759 4758/4758/4758
f 4758/4758/4758 4761/4761/4761 4760/4760/4760
f 4764/4764/4764 4763/4763/4763 4762/4762/4762
f 4764/4764/4764 4765/4765/4765 4763/4763/4763
f 4765/4765/4765 4766/4766/4766 4763/4763/4763
f 4765/4765/4765 4767/4767/4767 4766/4766/4766
f 4770/4770/4770 4769/4769/4769 4768/4768/4768
f 4770/4770/4770 4768/4768/4768 4771/4771/4771
f 4772/4772/4772 4770/4770/4770 4771/4771/4771
f 4772/4772/4772 4771/4771/4771 4773/4773/4773
f 4776/4776/4776 4775/4775/4775 4774/4774/4774
f 4774/4774/4774 4777/4777/4777 4776/4776/4776
f 4777/4777/4777 4774/4774/4774 4778/4778/4778
f 4778/4778/4778 4779/4779/4779 4777/4777/4777
f 4782/4782/4782 4781/4781/4781 4780/4780/4780
f 4782/4782/4782 4783/4783/4783 4781/4781/4781
f 4786/4786/4786 4785/4785/4785 4784/4784/4784
f 4784/4784/4784 4787/4787/4787 4786/4786/4786
f 4787/4787/4787 4788/4788/4788 4786/4786/4786
f 4787/4787/4787 4789/4789/4789 4788/4788/4788
f 4792/4792/4792 4791/4791/4791 4790/4790/4790
f 4792/4792/4792 4790/4790/4790 4793/4793/4793
f 4792/4792/4792 4793/4793/4793 4794/4794/4794
f 4794/4794/4794 4795/4795/4795 4792/4792/4792
f 4798/4798/4798 4797/4797/4797 4796/4796/4796
f 4796/4796/4796 4799/4799/4799 4798/4798/4798
f 4802/4802/4802 4801/4801/4801 4800/4800/4800
f 4803/4803/4803 4801/4801/4801 4802/4802/4802
f 4801/4801/4801 4803/4803/4803 4804/4804/4804
f 4804/4804/4804 4805/4805/4805 4801/4801/4801
f 4808/4808/4808 4807/4807/4807 4806/4806/4806
f 4807/4807/4807 4808/4808/4808 4809/4809/4809
f 4812/4812/4812 4811/4811/4811 4810/4810/4810
f 4813/4813/4813 4812/4812/4812 4810/4810/4810
f 4813/4813/4813 4810/4810/4810 4814/4814/4814
f 4814/4814/4814 4815/4815/4815 4813/4813/4813
f 4818/4818/4818 4817/4817/4817 4816/4816/4816
f 4818/4818/4818 4816/4816/4816 4819/4819/4819
f 4819/4819/4819 4820/4820/4820 4818/4818/4818
f 4819/4819/4819 4821/4821/4821 4820/4820/4820
f 4824/4824/4824 4823/4823/4823 4822/4822/4822
f 4825/4825/4825 4823/4823/4823 4824/4824/4824
f 4828/4828/4828 4827/4827/4827 4826/4826/4826
f 4829/4829/4829 4827/4827/4827 4828/4828/4828
f 4832/4832/4832 4831/4831/4831 4830/4830/4830
f 4832/4832/4832 4833/4833/4833 4831/4831/4831
f 4836/4836/4836 4835/4835/4835 4834/4834/4834
f 4835/4835/4835 4837/4837/4837 4834/4834/4834
f 4834/4834/4834 4837/4837/4837 4838/4838/4838
f 4837/4837/4837 4839/4839/4839 4838/4838/4838
f 4842/4842/4842 4841/4841/4841 4840/4840/4840
f 4840/4840/4840 4843/4843/4843 4842/4842/4842
f 4846/4846/4846 4845/4845/4845 4844/4844/4844
f 4844/4844/4844 4847/4847/4847 4846/4846/4846
f 4847/4847/4847 4848/4848/4848 4846/4846/4846
f 4846/4846/4846 4848/4848/4848 4849/4849/4849
f 4847/4847/4847 4850/4850/4850 4848/4848/4848
f 4853/4853/4853 4852/4852/4852 4851/4851/4851
f 4852/4852/4852 4854/4854/4854 4851/4851/4851
f 4857/4857/4857 4856/4856/4856 4855/4855/4855
f 4855/4855/4855 4858/4858/4858 4857/4857/4857
f 4855/4855/4855 4859/4859/4859 4858/4858/4858
f 4859/4859/4859 4855/4855/4855 4860/4860/4860
f 4860/4860/4860 4855/4855/4855 4861/4861/4861
f 4864/4864/4864 4863/4863/4863 4862/4862/4862
f 4862/4862/4862 4863/4863/4863 4865/4865/4865
f 4865/4865/4865 4863/4863/4863 4866/4866/4866
f 4869/4869/4869 4868/4868/4868 4867/4867/4867
f 4870/4870/4870 4868/4868/4868 4869/4869/4869
f 4871/4871/4871 4870/4870/4870 4869/4869/4869
f 4870/4870/4870 4871/4871/4871 4872/4872/4872
f 4872/4872/4872 4871/4871/4871 4873/4873/4873
f 4871/4871/4871 4874/4874/4874 4873/4873/4873
f 4873/4873/4873 4874/4874/4874 4875/4875/4875
f 4871/4871/4871 4876/4876/4876 4874/4874/4874
f 4877/4877/4877 4874/4874/4874 4876/4876/4876
f 4880/4880/4880 4879/4879/4879 4878/4878/4878
f 4880/4880/4880 4881/4881/4881 4879/4879/4879
f 4884/4884/4884 4883/4883/4883 4882/4882/4882
f 4882/4882/4882 4885/4885/4885 4884/4884/4884
f 4888/4888/4888 4887/4887/4887 4886/4886/4886
f 4887/4887/4887 4889/4889/4889 4886/4886/4886
f 4886/4886/4886 4889/4889/4889 4890/4890/4890
f 4890/4890/4890 4891/4891/4891 4886/4886/4886
f 4886/4886/4886 4891/4891/4891 4892/4892/4892
f 4895/4895/4895 4894/4894/4894 4893/4893/4893
f 4893/4893/4893 4896/4896/4896 4895/4895/4895
f 4899/4899/4899 4898/4898/4898 4897/4897/4897
f 4899/4899/4899 4897/4897/4897 4900/4900/4900
f 4900/4900/4900 4897/4897/4897 4901/4901/4901
f 4899/4899/4899 4900/4900/4900 4902/4902/4902
f 4903/4903/4903 4902/4902/4902 4900/4900/4900
f 4906/4906/4906 4905/4905/4905 4904/4904/4904
f 4905/4905/4905 4907/4907/4907 4904/4904/4904
f 4905/4905/4905 4908/4908/4908 4907/4907/4907
f 4907/4907/4907 4908/4908/4908 4909/4909/4909
f 4912/4912/4912 4911/4911/4911 4910/4910/4910
f 4910/4910/4910 4913/4913/4913 4912/4912/4912
f 4916/4916/4916 4915/4915/4915 4914/4914/4914
f 4915/4915/4915 4917/4917/4917 4914/4914/4914
f 4914/4914/4914 4917/4917/4917 4918/4918/4918
f 4921/4921/4921 4920/4920/4920 4919/4919/4919
f 4919/4919/4919 4922/4922/4922 4921/4921/4921
f 4925/4925/4925 4924/4924/4924 4923/4923/4923
f 4923/4923/4923 4926/4926/4926 4925/4925/4925
f 4927/4927/4927 4926/4926/4926 4923/4923/4923
f 4923/4923/4923 4928/4928/4928 4927/4927/4927
f 4931/4931/4931 4930/4930/4930 4929/4929/4929
f 4929/4929/4929 4932/4932/4932 4931/4931/4931
f 4935/4935/4935 4934/4934/4934 4933/4933/4933
f 4934/4934/4934 4935/4935/4935 4936/4936/4936
f 4934/4934/4934 4936/4936/4936 4937/4937/4937
f 4937/4937/4937 4938/4938/4938 4934/4934/4934
f 4941/4941/4941 4940/4940/4940 4939/4939/4939
f 4941/4941/4941 4939/4939/4939 4942/4942/4942
f 4943/4943/4943 4941/4941/4941 4942/4942/4942
f 4942/4942/4942 4944/4944/4944 4943/4943/4943
f 4947/4947/4947 4946/4946/4946 4945/4945/4945
f 4947/4947/4947 4945/4945/4945 4948/4948/4948
f 4948/4948/4948 4949/4949/4949 4947/4947/4947
f 4949/4949/4949 4950/4950/4950 4947/4947/4947
f 4953/4953/4953 4952/4952/4952 4951/4951/4951
f 4951/4951/4951 4954/4954/4954 4953/4953/4953
f 4957/4957/4957 4956/4956/4956 4955/4955/4955
f 4955/4955/4955 4958/4958/4958 4957/4957/4957
f 4961/4961/4961 4960/4960/4960 4959/4959/4959
f 4959/4959/4959 4960/4960/4960 4962/4962/4962
f 4962/4962/4962 4960/4960/4960 4963/4963/4963
f 4963/4963/4963 4964/4964/4964 4962/4962/4962
f 4964/4964/4964 4963/4963/4963 4965/4965/4965
f 4965/4965/4965 4966/4966/4966 4964/4964/4964
f 4969/4969/4969 4968/4968/4968 4967/4967/4967
f 4970/4970/4970 4969/4969/4969 4967/4967/4967
f 4967/4967/4967 4971/4971/4971 4970/4970/4970
f 4970/4970/4970 4971/4971/4971 4972/4972/4972
f 4973/4973/4973 4969/4969/4969 4970/4970/4970
f 4970/4970/4970 4974/4974/4974 4973/4973/4973
f 4977/4977/4977 4976/4976/4976 4975/4975/4975
f 4975/4975/4975 4976/4976/4976 4978/4978/4978
f 4978/4978/4978 4979/4979/4979 4975/4975/4975
f 4979/4979/4979 4978/4978/4978 4980/4980/4980
f 4983/4983/4983 4982/4982/4982 4981/4981/4981
f 4981/4981/4981 4984/4984/4984 4983/4983/4983
f 4987/4987/4987 4986/4986/4986 4985/4985/4985
f 4988/4988/4988 4987/4987/4987 4985/4985/4985
f 4989/4989/4989 4987/4987/4987 4988/4988/4988
f 4990/4990/4990 4989/4989/4989 4988/4988/4988
f 4991/4991/4991 4990/4990/4990 4988/4988/4988
f 4994/4994/4994 4993/4993/4993 4992/4992/4992
f 4992/4992/4992 4995/4995/4995 4994/4994/4994
f 4998/4998/4998 4997/4997/4997 4996/4996/4996
f 4996/4996/4996 4999/4999/4999 4998/4998/4998
f 4999/4999/4999 4996/4996/4996 5000/5000/5000
f 5000/5000/5000 5001/5001/5001 4999/4999/4999
f 5004/5004/5004 5003/5003/5003 5002/5002/5002
f 5002/5002/5002 5005/5005/5005 5004/5004/5004
f 5006/5006/5006 5005/5005/5005 5002/5002/5002
f 5007/5007/5007 5005/5005/5005 5006/5006/5006
f 5010/5010/5010 5009/5009/5009 5008/5008/5008
f 5008/5008/5008 5009/5009/5009 5011/5011/5011
f 5009/5009/5009 5012/5012/5012 5011/5011/5011
f 5012/5012/5012 5013/5013/5013 5011/5011/5011
f 5013/5013/5013 5014/5014/5014 5011/5011/5011
f 5017/5017/5017 5016/5016/5016 5015/5015/5015
f 5015/5015/5015 5018/5018/5018 5017/5017/5017
f 5021/5021/5021 5020/5020/5020 5019/5019/5019
f 5020/5020/5020 5021/5021/5021 5022/5022/5022
f 5023/5023/5023 5022/5022/5022 5021/5021/5021
f 5021/5021/5021 5024/5024/5024 5023/5023/5023
f 5027/5027/5027 5026/5026/5026 5025/5025/5025
f 5025/5025/5025 5028/5028/5028 5027/5027/5027
f 5029/5029/5029 5028/5028/5028 5025/5025/5025
f 5025/5025/5025 5030/5030/5030 5029/5029/5029
f 5033/5033/5033 5032/5032/5032 5031/5031/5031
f 5031/5031/5031 5034/5034/5034 5033/5033/5033
f 5034/5034/5034 5035/5035/5035 5033/5033/5033
f 5036/5036/5036 5033/5033/5033 5035/5035/5035
f 5039/5039/5039 5038/5038/5038 5037/5037/5037
f 5040/5040/5040 5039/5039/5039 5037/5037/5037
f 5039/5039/5039 5040/5040/5040 5041/5041/5041
f 5041/5041/5041 5042/5042/5042 5039/5039/5039
f 5045/5045/5045 5044/5044/5044 5043/5043/5043
f 5043/5043/5043 5046/5046/5046 5045/5045/5045
f 5049/5049/5049 5048/5048/5048 5047/5047/5047
f 5050/5050/5050 5048/5048/5048 5049/5049/5049
f 5053/5053/5053 5052/5052/5052 5051/5051/5051
f 5051/5051/5051 5054/5054/5054 5053/5053/5053
f 5057/5057/5057 5056/5056/5056 5055/5055/5055
f 5056/5056/5056 5058/5058/5058 5055/5055/5055
f 5061/5061/5061 5060/5060/5060 5059/5059/5059
f 5061/5061/5061 5059/5059/5059 5062/5062/5062
f 5062/5062/5062 5063/5063/5063 5061/5061/5061
f 5062/5062/5062 5064/5064/5064 5063/5063/5063
f 5065/5065/5065 5064/5064/5064 5062/5062/5062
f 5064/5064/5064 5065/5065/5065 5066/5066/5066
f 5067/5067/5067 5064/5064/5064 5066/5066/5066
f 5068/5068/5068 5067/5067/5067 5066/5066/5066
f 5066/5066/5066 5069/5069/5069 5068/5068/5068
f 5072/5072/5072 5071/5071/5071 5070/5070/5070
f 5070/5070/5070 5073/5073/5073 5072/5072/5072
f 5076/5076/5076 5075/5075/5075 5074/5074/5074
f 5077/5077/5077 5074/5074/5074 5075/5075/5075
f 5075/5075/5075 5078/5078/5078 5077/5077/5077
f 5078/5078/5078 5079/5079/5079 5077/5077/5077
f 5077/5077/5077 5079/5079/5079 5080/5080/5080
f 5080/5080/5080 5079/5079/5079 5081/5081/5081
f 5079/5079/5079 5082/5082/5082 5081/5081/5081
f 5081/5081/5081 5082/5082/5082 5083/5083/5083
f 5083/5083/5083 5084/5084/5084 5081/5081/5081
f 5087/5087/5087 5086/5086/5086 5085/5085/5085
f 5085/5085/5085 5088/5088/5088 5087/5087/5087
f 5089/5089/5089 5088/5088/5088 5085/5085/5085
f 5085/5085/5085 5090/5090/5090 5089/5089/5089
f 5091/5091/5091 5089/5089/5089 5090/5090/5090
f 5090/5090/5090 5092/5092/5092 5091/5091/5091
f 5093/5093/5093 5091/5091/5091 5092/5092/5092
f 5092/5092/5092 5094/5094/5094 5093/5093/5093
f 5093/5093/5093 5094/5094/5094 5095/5095/5095
f 5095/5095/5095 5096/5096/5096 5093/5093/5093
f 5099/5099/5099 5098/5098/5098 5097/5097/5097
f 5097/5097/5097 5100/5100/5100 5099/5099/5099
f 5103/5103/5103 5102/5102/5102 5101/5101/5101
f 5101/5101/5101 5104/5104/5104 5103/5103/5103
f 5107/5107/5107 5106/5106/5106 5105/5105/5105
f 5105/5105/5105 5108/5108/5108 5107/5107/5107
f 5111/5111/5111 5110/5110/5110 5109/5109/5109
f 5109/5109/5109 5112/5112/5112 5111/5111/5111
f 5112/5112/5112 5109/5109/5109 5113/5113/5113
f 5113/5113/5113 5114/5114/5114 5112/5112/5112
f 5117/5117/5117 5116/5116/5116 5115/5115/5115
f 5115/5115/5115 5118/5118/5118 5117/5117/5117
f 5118/5118/5118 5115/5115/5115 5119/5119/5119
f 5119/5119/5119 5120/5120/5120 5118/5118/5118
f 5123/5123/5123 5122/5122/5122 5121/5121/5121
f 5121/5121/5121 5122/5122/5122 5124/5124/5124
f 5125/5125/5125 5121/5121/5121 5124/5124/5124
f 5124/5124/5124 5126/5126/5126 5125/5125/5125
f 5129/5129/5129 5128/5128/5128 5127/5127/5127
f 5127/5127/5127 5130/5130/5130 5129/5129/5129
f 5133/5133/5133 5132/5132/5132 5131/5131/5131
f 5131/5131/5131 5134/5134/5134 5133/5133/5133
f 5134/5134/5134 5135/5135/5135 5133/5133/5133
f 5135/5135/5135 5136/5136/5136 5133/5133/5133
f 5139/5139/5139 5138/5138/5138 5137/5137/5137
f 5138/5138/5138 5140/5140/5140 5137/5137/5137
f 5143/5143/5143 5142/5142/5142 5141/5141/5141
f 5141/5141/5141 5142/5142/5142 5144/5144/5144
f 5144/5144/5144 5145/5145/5145 5141/5141/5141
f 5148/5148/5148 5147/5147/5147 5146/5146/5146
f 5146/5146/5146 5149/5149/5149 5148/5148/5148
f 5152/5152/5152 5151/5151/5151 5150/5150/5150
f 5152/5152/5152 5153/5153/5153 5151/5151/5151
f 5152/5152/5152 5154/5154/5154 5153/5153/5153
f 5157/5157/5157 5156/5156/5156 5155/5155/5155
f 5155/5155/5155 5158/5158/5158 5157/5157/5157
f 5161/5161/5161 5160/5160/5160 5159/5159/5159
f 5159/5159/5159 5162/5162/5162 5161/5161/5161
f 5165/5165/5165 5164/5164/5164 5163/5163/5163
f 5165/5165/5165 5163/5163/5163 5166/5166/5166
f 5167/5167/5167 5165/5165/5165 5166/5166/5166
f 5166/5166/5166 5168/5168/5168 5167/5167/5167
f 5171/5171/5171 5170/5170/5170 5169/5169/5169
f 5169/5169/5169 5172/5172/5172 5171/5171/5171
f 5175/5175/5175 5174/5174/5174 5173/5173/5173
f 5173/5173/5173 5176/5176/5176 5175/5175/5175
f 5177/5177/5177 5175/5175/5175 5176/5176/5176
f 5177/5177/5177 5176/5176/5176 5178/5178/5178
f 5181/5181/5181 5180/5180/5180 5179/5179/5179
f 5179/5179/5179 5182/5182/5182 5181/5181/5181
f 5182/5182/5182 5179/5179/5179 5183/5183/5183
f 5183/5183/5183 5184/5184/5184 5182/5182/5182
f 5187/5187/5187 5186/5186/5186 5185/5185/5185
f 5185/5185/5185 5188/5188/5188 5187/5187/5187
f 5191/5191/5191 5190/5190/5190 5189/5189/5189
f 5189/5189/5189 5192/5192/5192 5191/5191/5191
f 5192/5192/5192 5193/5193/5193 5191/5191/5191
f 5192/5192/5192 5194/5194/5194 5193/5193/5193
f 5197/5197/5197 5196/5196/5196 5195/5195/5195
f 5195/5195/5195 5198/5198/5198 5197/5197/5197
f 5198/5198/5198 5195/5195/5195 5199/5199/5199
f 5199/5199/5199 5200/5200/5200 5198/5198/5198
f 5203/5203/5203 5202/5202/5202 5201/5201/5201
f 5201/5201/5201 5204/5204/5204 5203/5203/5203
f 5207/5207/5207 5206/5206/5206 5205/5205/5205
f 5205/5205/5205 5208/5208/5208 5207/5207/5207
f 5209/5209/5209 5207/5207/5207 5208/5208/5208
f 5209/5209/5209 5208/5208/5208 5210/5210/5210
f 5213/5213/5213 5212/5212/5212 5211/5211/5211
f 5211/5211/5211 5214/5214/5214 5213/5213/5213
f 5217/5217/5217 5216/5216/5216 5215/5215/5215
f 5218/5218/5218 5217/5217/5217 5215/5215/5215
f 5215/5215/5215 5219/5219/5219 5218/5218/5218
f 5219/5219/5219 5220/5220/5220 5218/5218/5218
f 5223/5223/5223 5222/5222/5222 5221/5221/5221
f 5223/5223/5223 5221/5221/5221 5224/5224/5224
f 5225/5225/5225 5223/5223/5223 5224/5224/5224
f 5224/5224/5224 5226/5226/5226 5225/5225/5225
f 5229/5229/5229 5228/5228/5228 5227/5227/5227
f 5227/5227/5227 5230/5230/5230 5229/5229/5229
f 5233/5233/5233 5232/5232/5232 5231/5231/5231
f 5232/5232/5232 5233/5233/5233 5234/5234/5234
f 5237/5237/5237 5236/5236/5236 5235/5235/5235
f 5236/5236/5236 5237/5237/5237 5238/5238/5238
f 5241/5241/5241 5240/5240/5240 5239/5239/5239
f 5239/5239/5239 5242/5242/5242 5241/5241/5241
f 5245/5245/5245 5244/5244/5244 5243/5243/5243
f 5243/5243/5243 5246/5246/5246 5245/5245/5245
f 5249/5249/5249 5248/5248/5248 5247/5247/5247
f 5247/5247/5247 5250/5250/5250 5249/5249/5249
f 5253/5253/5253 5252/5252/5252 5251/5251/5251
f 5251/5251/5251 5254/5254/5254 5253/5253/5253
f 5253/5253/5253 5254/5254/5254 5255/5255/5255
f 5254/5254/5254 5256/5256/5256 5255/5255/5255
f 5255/5255/5255 5256/5256/5256 5257/5257/5257
f 5255/5255/5255 5257/5257/5257 5258/5258/5258
f 5258/5258/5258 5257/5257/5257 5259/5259/5259
f 5260/5260/5260 5255/5255/5255 5258/5258/5258
f 5258/5258/5258 5261/5261/5261 5260/5260/5260
f 5264/5264/5264 5263/5263/5263 5262/5262/5262
f 5262/5262/5262 5265/5265/5265 5264/5264/5264
f 5268/5268/5268 5267/5267/5267 5266/5266/5266
f 5267/5267/5267 5269/5269/5269 5266/5266/5266
f 5272/5272/5272 5271/5271/5271 5270/5270/5270
f 5270/5270/5270 5273/5273/5273 5272/5272/5272
f 5270/5270/5270 5274/5274/5274 5273/5273/5273
f 5274/5274/5274 5270/5270/5270 5275/5275/5275
f 5275/5275/5275 5270/5270/5270 5276/5276/5276
f 5279/5279/5279 5278/5278/5278 5277/5277/5277
f 5277/5277/5277 5278/5278/5278 5280/5280/5280
f 5280/5280/5280 5278/5278/5278 5281/5281/5281
f 5284/5284/5284 5283/5283/5283 5282/5282/5282
f 5283/5283/5283 5284/5284/5284 5285/5285/5285
f 5286/5286/5286 5285/5285/5285 5284/5284/5284
f 5285/5285/5285 5286/5286/5286 5287/5287/5287
f 5290/5290/5290 5289/5289/5289 5288/5288/5288
f 5289/5289/5289 5291/5291/5291 5288/5288/5288
f 5288/5288/5288 5291/5291/5291 5292/5292/5292
f 5289/5289/5289 5293/5293/5293 5291/5291/5291
f 5294/5294/5294 5291/5291/5291 5293/5293/5293
f 5297/5297/5297 5296/5296/5296 5295/5295/5295
f 5295/5295/5295 5298/5298/5298 5297/5297/5297
f 5301/5301/5301 5300/5300/5300 5299/5299/5299
f 5299/5299/5299 5302/5302/5302 5301/5301/5301
f 5305/5305/5305 5304/5304/5304 5303/5303/5303
f 5304/5304/5304 5306/5306/5306 5303/5303/5303
f 5303/5303/5303 5306/5306/5306 5307/5307/5307
f 5307/5307/5307 5308/5308/5308 5303/5303/5303
f 5303/5303/5303 5308/5308/5308 5309/5309/5309
f 5312/5312/5312 5311/5311/5311 5310/5310/5310
f 5313/5313/5313 5311/5311/5311 5312/5312/5312
f 5316/5316/5316 5315/5315/5315 5314/5314/5314
f 5316/5316/5316 5314/5314/5314 5317/5317/5317
f 5318/5318/5318 5316/5316/5316 5317/5317/5317
f 5318/5318/5318 5317/5317/5317 5319/5319/5319
f 5322/5322/5322 5321/5321/5321 5320/5320/5320
f 5321/5321/5321 5323/5323/5323 5320/5320/5320
f 5320/5320/5320 5323/5323/5323 5324/5324/5324
f 5325/5325/5325 5323/5323/5323 5321/5321/5321
f 5325/5325/5325 5326/5326/5326 5323/5323/5323
f 5329/5329/5329 5328/5328/5328 5327/5327/5327
f 5327/5327/5327 5330/5330/5330 5329/5329/5329
f 5333/5333/5333 5332/5332/5332 5331/5331/5331
f 5332/5332/5332 5334/5334/5334 5331/5331/5331
f 5331/5331/5331 5334/5334/5334 5335/5335/5335
f 5338/5338/5338 5337/5337/5337 5336/5336/5336
f 5336/5336/5336 5339/5339/5339 5338/5338/5338
f 5342/5342/5342 5341/5341/5341 5340/5340/5340
f 5340/5340/5340 5343/5343/5343 5342/5342/5342
f 5342/5342/5342 5343/5343/5343 5344/5344/5344
f 5344/5344/5344 5345/5345/5345 5342/5342/5342
f 5348/5348/5348 5347/5347/5347 5346/5346/5346
f 5346/5346/5346 5349/5349/5349 5348/5348/5348
f 5352/5352/5352 5351/5351/5351 5350/5350/5350
f 5350/5350/5350 5353/5353/5353 5352/5352/5352
f 5350/5350/5350 5354/5354/5354 5353/5353/5353
f 5354/5354/5354 5350/5350/5350 5355/5355/5355
f 5358/5358/5358 5357/5357/5357 5356/5356/5356
f 5356/5356/5356 5359/5359/5359 5358/5358/5358
f 5358/5358/5358 5359/5359/5359 5360/5360/5360
f 5360/5360/5360 5361/5361/5361 5358/5358/5358
f 5364/5364/5364 5363/5363/5363 5362/5362/5362
f 5365/5365/5365 5364/5364/5364 5362/5362/5362
f 5365/5365/5365 5362/5362/5362 5366/5366/5366
f 5366/5366/5366 5367/5367/5367 5365/5365/5365
f 5370/5370/5370 5369/5369/5369 5368/5368/5368
f 5371/5371/5371 5368/5368/5368 5369/5369/5369
f 5374/5374/5374 5373/5373/5373 5372/5372/5372
f 5373/5373/5373 5374/5374/5374 5375/5375/5375
f 5378/5378/5378 5377/5377/5377 5376/5376/5376
f 5376/5376/5376 5379/5379/5379 5378/5378/5378
f 5379/5379/5379 5376/5376/5376 5380/5380/5380
f 5380/5380/5380 5381/5381/5381 5379/5379/5379
f 5381/5381/5381 5380/5380/5380 5382/5382/5382
f 5382/5382/5382 5383/5383/5383 5381/5381/5381
f 5386/5386/5386 5385/5385/5385 5384/5384/5384
f 5384/5384/5384 5385/5385/5385 5387/5387/5387
f 5387/5387/5387 5388/5388/5388 5384/5384/5384
f 5388/5388/5388 5387/5387/5387 5389/5389/5389
f 5384/5384/5384 5388/5388/5388 5390/5390/5390
f 5390/5390/5390 5391/5391/5391 5384/5384/5384
f 5394/5394/5394 5393/5393/5393 5392/5392/5392
f 5392/5392/5392 5395/5395/5395 5394/5394/5394
f 5398/5398/5398 5397/5397/5397 5396/5396/5396
f 5399/5399/5399 5398/5398/5398 5396/5396/5396
f 5400/5400/5400 5398/5398/5398 5399/5399/5399
f 5401/5401/5401 5400/5400/5400 5399/5399/5399
f 5402/5402/5402 5401/5401/5401 5399/5399/5399
f 5405/5405/5405 5404/5404/5404 5403/5403/5403
f 5403/5403/5403 5406/5406/5406 5405/5405/5405
f 5409/5409/5409 5408/5408/5408 5407/5407/5407
f 5410/5410/5410 5408/5408/5408 5409/5409/5409
f 5410/5410/5410 5409/5409/5409 5411/5411/5411
f 5411/5411/5411 5412/5412/5412 5410/5410/5410
f 5415/5415/5415 5414/5414/5414 5413/5413/5413
f 5413/5413/5413 5416/5416/5416 5415/5415/5415
f 5417/5417/5417 5416/5416/5416 5413/5413/5413
f 5418/5418/5418 5416/5416/5416 5417/5417/5417
f 5421/5421/5421 5420/5420/5420 5419/5419/5419
f 5419/5419/5419 5420/5420/5420 5422/5422/5422
f 5420/5420/5420 5423/5423/5423 5422/5422/5422
f 5423/5423/5423 5424/5424/5424 5422/5422/5422
f 5424/5424/5424 5425/5425/5425 5422/5422/5422
f 5428/5428/5428 5427/5427/5427 5426/5426/5426
f 5426/5426/5426 5429/5429/5429 5428/5428/5428
f 5432/5432/5432 5431/5431/5431 5430/5430/5430
f 5430/5430/5430 5433/5433/5433 5432/5432/5432
f 5434/5434/5434 5432/5432/5432 5433/5433/5433
f 5433/5433/5433 5435/5435/5435 5434/5434/5434
f 5438/5438/5438 5437/5437/5437 5436/5436/5436
f 5436/5436/5436 5439/5439/5439 5438/5438/5438
f 5440/5440/5440 5439/5439/5439 5436/5436/5436
f 5436/5436/5436 5441/5441/5441 5440/5440/5440
f 5444/5444/5444 5443/5443/5443 5442/5442/5442
f 5445/5445/5445 5442/5442/5442 5443/5443/5443
f 5446/5446/5446 5445/5445/5445 5443/5443/5443
f 5443/5443/5443 5447/5447/5447 5446/5446/5446
f 5450/5450/5450 5449/5449/5449 5448/5448/5448
f 5451/5451/5451 5450/5450/5450 5448/5448/5448
f 5450/5450/5450 5451/5451/5451 5452/5452/5452
f 5452/5452/5452 5453/5453/5453 5450/5450/5450
f 5456/5456/5456 5455/5455/5455 5454/5454/5454
f 5454/5454/5454 5457/5457/5457 5456/5456/5456
f 5456/5456/5456 5457/5457/5457 5458/5458/5458
f 5458/5458/5458 5459/5459/5459 5456/5456/5456
f 5462/5462/5462 5461/5461/5461 5460/5460/5460
f 5460/5460/5460 5463/5463/5463 5462/5462/5462
f 5466/5466/5466 5465/5465/5465 5464/5464/5464
f 5464/5464/5464 5467/5467/5467 5466/5466/5466
f 5470/5470/5470 5469/5469/5469 5468/5468/5468
f 5468/5468/5468 5471/5471/5471 5470/5470/5470
f 5474/5474/5474 5473/5473/5473 5472/5472/5472
f 5474/5474/5474 5472/5472/5472 5475/5475/5475
f 5475/5475/5475 5476/5476/5476 5474/5474/5474
f 5475/5475/5475 5477/5477/5477 5476/5476/5476
f 5478/5478/5478 5477/5477/5477 5475/5475/5475
f 5477/5477/5477 5478/5478/5478 5479/5479/5479
f 5480/5480/5480 5477/5477/5477 5479/5479/5479
f 5481/5481/5481 5480/5480/5480 5479/5479/5479
f 5479/5479/5479 5482/5482/5482 5481/5481/5481
f 5485/5485/5485 5484/5484/5484 5483/5483/5483
f 5483/5483/5483 5486/5486/5486 5485/5485/5485
f 5489/5489/5489 5488/5488/5488 5487/5487/5487
f 5490/5490/5490 5487/5487/5487 5488/5488/5488
f 5488/5488/5488 5491/5491/5491 5490/5490/5490
f 5491/5491/5491 5492/5492/5492 5490/5490/5490
f 5490/5490/5490 5492/5492/5492 5493/5493/5493
f 5493/5493/5493 5492/5492/5492 5494/5494/5494
f 5492/5492/5492 5495/5495/5495 5494/5494/5494
f 5494/5494/5494 5495/5495/5495 5496/5496/5496
f 5496/5496/5496 5497/5497/5497 5494/5494/5494
f 5500/5500/5500 5499/5499/5499 5498/5498/5498
f 5498/5498/5498 5499/5499/5499 5501/5501/5501
f 5501/5501/5501 5499/5499/5499 5502/5502/5502
f 5502/5502/5502 5503/5503/5503 5501/5501/5501
f 5503/5503/5503 5502/5502/5502 5504/5504/5504
f 5502/5502/5502 5505/5505/5505 5504/5504/5504
f 5504/5504/5504 5505/5505/5505 5506/5506/5506
f 5505/5505/5505 5507/5507/5507 5506/5506/5506
f 5507/5507/5507 5508/5508/5508 5506/5506/5506
f 5506/5506/5506 5508/5508/5508 5509/5509/5509
f 5512/5512/5512 5511/5511/5511 5510/5510/5510
f 5513/5513/5513 5510/5510/5510 5511/5511/5511
f 5516/5516/5516 5515/5515/5515 5514/5514/5514
f 5514/5514/5514 5517/5517/5517 5516/5516/5516
f 5520/5520/5520 5519/5519/5519 5518/5518/5518
f 5520/5520/5520 5521/5521/5521 5519/5519/5519
f 5524/5524/5524 5523/5523/5523 5522/5522/5522
f 5522/5522/5522 5525/5525/5525 5524/5524/5524
f 5525/5525/5525 5522/5522/5522 5526/5526/5526
f 5526/5526/5526 5527/5527/5527 5525/5525/5525
f 5530/5530/5530 5529/5529/5529 5528/5528/5528
f 5528/5528/5528 5531/5531/5531 5530/5530/5530
f 5532/5532/5532 5531/5531/5531 5528/5528/5528
f 5533/5533/5533 5531/5531/5531 5532/5532/5532
f 5536/5536/5536 5535/5535/5535 5534/5534/5534
f 5534/5534/5534 5535/5535/5535 5537/5537/5537
f 5538/5538/5538 5534/5534/5534 5537/5537/5537
f 5537/5537/5537 5539/5539/5539 5538/5538/5538
f 5542/5542/5542 5541/5541/5541 5540/5540/5540
f 5540/5540/5540 5543/5543/5543 5542/5542/5542
f 5546/5546/5546 5545/5545/5545 5544/5544/5544
f 5546/5546/5546 5547/5547/5547 5545/5545/5545
f 5548/5548/5548 5547/5547/5547 5546/5546/5546
f 5546/5546/5546 5549/5549/5549 5548/5548/5548
f 5552/5552/5552 5551/5551/5551 5550/5550/5550
f 5550/5550/5550 5553/5553/5553 5552/5552/5552
f 5556/5556/5556 5555/5555/5555 5554/5554/5554
f 5554/5554/5554 5555/5555/5555 5557/5557/5557
f 5557/5557/5557 5558/5558/5558 5554/5554/5554
f 5561/5561/5561 5560/5560/5560 5559/5559/5559
f 5559/5559/5559 5562/5562/5562 5561/5561/5561
f 5565/5565/5565 5564/5564/5564 5563/5563/5563
f 5565/5565/5565 5566/5566/5566 5564/5564/5564
f 5565/5565/5565 5567/5567/5567 5566/5566/5566
f 5570/5570/5570 5569/5569/5569 5568/5568/5568
f 5568/5568/5568 5571/5571/5571 5570/5570/5570
f 5574/5574/5574 5573/5573/5573 5572/5572/5572
f 5572/5572/5572 5575/5575/5575 5574/5574/5574
f 5578/5578/5578 5577/5577/5577 5576/5576/5576
f 5578/5578/5578 5579/5579/5579 5577/5577/5577
f 5582/5582/5582 5581/5581/5581 5580/5580/5580
f 5582/5582/5582 5583/5583/5583 5581/5581/5581
f 5583/5583/5583 5584/5584/5584 5581/5581/5581
f 5583/5583/5583 5585/5585/5585 5584/5584/5584
f 5588/5588/5588 5587/5587/5587 5586/5586/5586
f 5588/5588/5588 5589/5589/5589 5587/5587/5587
f 5592/5592/5592 5591/5591/5591 5590/5590/5590
f 5590/5590/5590 5593/5593/5593 5592/5592/5592
f 5593/5593/5593 5590/5590/5590 5594/5594/5594
f 5594/5594/5594 5595/5595/5595 5593/5593/5593
f 5598/5598/5598 5597/5597/5597 5596/5596/5596
f 5598/5598/5598 5596/5596/5596 5599/5599/5599
f 5600/5600/5600 5598/5598/5598 5599/5599/5599
f 5600/5600/5600 5599/5599/5599 5601/5601/5601
f 5604/5604/5604 5603/5603/5603 5602/5602/5602
f 5602/5602/5602 5605/5605/5605 5604/5604/5604
f 5605/5605/5605 5606/5606/5606 5604/5604/5604
f 5605/5605/5605 5607/5607/5607 5606/5606/5606
f 5610/5610/5610 5609/5609/5609 5608/5608/5608
f 5610/5610/5610 5608/5608/5608 5611/5611/5611
f 5610/5610/5610 5611/5611/5611 5612/5612/5612
f 5612/5612/5612 5613/5613/5613 5610/5610/5610
f 5616/5616/5616 5615/5615/5615 5614/5614/5614
f 5614/5614/5614 5617/5617/5617 5616/5616/5616
f 5620/5620/5620 5619/5619/5619 5618/5618/5618
f 5620/5620/5620 5621/5621/5621 5619/5619/5619
f 5619/5619/5619 5621/5621/5621 5622/5622/5622
f 5622/5622/5622 5623/5623/5623 5619/5619/5619
f 5626/5626/5626 5625/5625/5625 5624/5624/5624
f 5625/5625/5625 5626/5626/5626 5627/5627/5627
f 5630/5630/5630 5629/5629/5629 5628/5628/5628
f 5631/5631/5631 5630/5630/5630 5628/5628/5628
f 5628/5628/5628 5632/5632/5632 5631/5631/5631
f 5632/5632/5632 5633/5633/5633 5631/5631/5631
f 5636/5636/5636 5635/5635/5635 5634/5634/5634
f 5636/5636/5636 5634/5634/5634 5637/5637/5637
f 5638/5638/5638 5636/5636/5636 5637/5637/5637
f 5637/5637/5637 5639/5639/5639 5638/5638/5638
f 5642/5642/5642 5641/5641/5641 5640/5640/5640
f 5640/5640/5640 5643/5643/5643 5642/5642/5642
f 5646/5646/5646 5645/5645/5645 5644/5644/5644
f 5644/5644/5644 5647/5647/5647 5646/5646/5646
f 5650/5650/5650 5649/5649/5649 5648/5648/5648
f 5649/5649/5649 5650/5650/5650 5651/5651/5651
f 5654/5654/5654 5653/5653/5653 5652/5652/5652
f 5652/5652/5652 5655/5655/5655 5654/5654/5654
f 5658/5658/5658 5657/5657/5657 5656/5656/5656
f 5659/5659/5659 5657/5657/5657 5658/5658/5658
f 5662/5662/5662 5661/5661/5661 5660/5660/5660
f 5663/5663/5663 5661/5661/5661 5662/5662/5662
f 5666/5666/5666 5665/5665/5665 5664/5664/5664
f 5664/5664/5664 5667/5667/5667 5666/5666/5666
f 5670/5670/5670 5669/5669/5669 5668/5668/5668
f 5669/5669/5669 5671/5671/5671 5668/5668/5668
f 5668/5668/5668 5671/5671/5671 5672/5672/5672
f 5668/5668/5668 5672/5672/5672 5673/5673/5673
f 5673/5673/5673 5672/5672/5672 5674/5674/5674
f 5675/5675/5675 5668/5668/5668 5673/5673/5673
f 5673/5673/5673 5676/5676/5676 5675/5675/5675
f 5679/5679/5679 5678/5678/5678 5677/5677/5677
f 5677/5677/5677 5680/5680/5680 5679/5679/5679
f 5683/5683/5683 5682/5682/5682 5681/5681/5681
f 5682/5682/5682 5684/5684/5684 5681/5681/5681
f 5687/5687/5687 5686/5686/5686 5685/5685/5685
f 5685/5685/5685 5688/5688/5688 5687/5687/5687
f 5685/5685/5685 5689/5689/5689 5688/5688/5688
f 5689/5689/5689 5685/5685/5685 5690/5690/5690
f 5690/5690/5690 5685/5685/5685 5691/5691/5691
f 5694/5694/5694 5693/5693/5693 5692/5692/5692
f 5692/5692/5692 5693/5693/5693 5695/5695/5695
f 5695/5695/5695 5693/5693/5693 5696/5696/5696
f 5699/5699/5699 5698/5698/5698 5697/5697/5697
f 5697/5697/5697 5700/5700/5700 5699/5699/5699
f 5703/5703/5703 5702/5702/5702 5701/5701/5701
f 5702/5702/5702 5703/5703/5703 5704/5704/5704
f 5704/5704/5704 5703/5703/5703 5705/5705/5705
f 5703/5703/5703 5706/5706/5706 5705/5705/5705
f 5705/5705/5705 5706/5706/5706 5707/5707/5707
f 5703/5703/5703 5708/5708/5708 5706/5706/5706
f 5709/5709/5709 5706/5706/5706 5708/5708/5708
f 5712/5712/5712 5711/5711/5711 5710/5710/5710
f 5712/5712/5712 5713/5713/5713 5711/5711/5711
f 5716/5716/5716 5715/5715/5715 5714/5714/5714
f 5714/5714/5714 5717/5717/5717 5716/5716/5716
f 5720/5720/5720 5719/5719/5719 5718/5718/5718
f 5719/5719/5719 5721/5721/5721 5718/5718/5718
f 5718/5718/5718 5721/5721/5721 5722/5722/5722
f 5722/5722/5722 5723/5723/5723 5718/5718/5718
f 5718/5718/5718 5723/5723/5723 5724/5724/5724
f 5727/5727/5727 5726/5726/5726 5725/5725/5725
f 5725/5725/5725 5728/5728/5728 5727/5727/5727
f 5731/5731/5731 5730/5730/5730 5729/5729/5729
f 5731/5731/5731 5729/5729/5729 5732/5732/5732
f 5731/5731/5731 5732/5732/5732 5733/5733/5733
f 5734/5734/5734 5733/5733/5733 5732/5732/5732
f 5737/5737/5737 5736/5736/5736 5735/5735/5735
f 5736/5736/5736 5738/5738/5738 5735/5735/5735
f 5736/5736/5736 5739/5739/5739 5738/5738/5738
f 5738/5738/5738 5739/5739/5739 5740/5740/5740
f 5743/5743/5743 5742/5742/5742 5741/5741/5741
f 5741/5741/5741 5744/5744/5744 5743/5743/5743
f 5747/5747/5747 5746/5746/5746 5745/5745/5745
f 5746/5746/5746 5748/5748/5748 5745/5745/5745
f 5745/5745/5745 5748/5748/5748 5749/5749/5749
f 5752/5752/5752 5751/5751/5751 5750/5750/5750
f 5750/5750/5750 5753/5753/5753 5752/5752/5752
f 5756/5756/5756 5755/5755/5755 5754/5754/5754
f 5754/5754/5754 5757/5757/5757 5756/5756/5756
f 5758/5758/5758 5757/5757/5757 5754/5754/5754
f 5754/5754/5754 5759/5759/5759 5758/5758/5758
f 5762/5762/5762 5761/5761/5761 5760/5760/5760
f 5760/5760/5760 5763/5763/5763 5762/5762/5762
f 5766/5766/5766 5765/5765/5765 5764/5764/5764
f 5765/5765/5765 5766/5766/5766 5767/5767/5767
f 5765/5765/5765 5767/5767/5767 5768/5768/5768
f 5768/5768/5768 5769/5769/5769 5765/5765/5765
f 5772/5772/5772 5771/5771/5771 5770/5770/5770
f 5770/5770/5770 5773/5773/5773 5772/5772/5772
f 5772/5772/5772 5773/5773/5773 5774/5774/5774
f 5774/5774/5774 5775/5775/5775 5772/5772/5772
f 5778/5778/5778 5777/5777/5777 5776/5776/5776
f 5778/5778/5778 5776/5776/5776 5779/5779/5779
f 5779/5779/5779 5780/5780/5780 5778/5778/5778
f 5780/5780/5780 5781/5781/5781 5778/5778/5778
f 5784/5784/5784 5783/5783/5783 5782/5782/5782
f 5782/5782/5782 5785/5785/5785 5784/5784/5784
f 5788/5788/5788 5787/5787/5787 5786/5786/5786
f 5786/5786/5786 5789/5789/5789 5788/5788/5788
f 5792/5792/5792 5791/5791/5791 5790/5790/5790
f 5791/5791/5791 5792/5792/5792 5793/5793/5793
f 5793/5793/5793 5792/5792/5792 5794/5794/5794
f 5794/5794/5794 5795/5795/5795 5793/5793/5793
f 5795/5795/5795 5794/5794/5794 5796/5796/5796
f 5796/5796/5796 5797/5797/5797 5795/5795/5795
f 5800/5800/5800 5799/5799/5799 5798/5798/5798
f 5801/5801/5801 5800/5800/5800 5798/5798/5798
f 5798/5798/5798 5802/5802/5802 5801/5801/5801
f 5801/5801/5801 5802/5802/5802 5803/5803/5803
f 5804/5804/5804 5800/5800/5800 5801/5801/5801
f 5801/5801/5801 5805/5805/5805 5804/5804/5804
f 5808/5808/5808 5807/5807/5807 5806/5806/5806
f 5806/5806/5806 5807/5807/5807 5809/5809/5809
f 5809/5809/5809 5810/5810/5810 5806/5806/5806
f 5810/5810/5810 5809/5809/5809 5811/5811/5811
f 5806/5806/5806 5810/5810/5810 5812/5812/5812
f 5812/5812/5812 5813/5813/5813 5806/5806/5806
f 5816/5816/5816 5815/5815/5815 5814/5814/5814
f 5814/5814/5814 5817/5817/5817 5816/5816/5816
f 5820/5820/5820 5819/5819/5819 5818/5818/5818
f 5821/5821/5821 5820/5820/5820 5818/5818/5818
f 5822/5822/5822 5820/5820/5820 5821/5821/5821
f 5823/5823/5823 5822/5822/5822 5821/5821/5821
f 5824/5824/5824 5823/5823/5823 5821/5821/5821
f 5827/5827/5827 5826/5826/5826 5825/5825/5825
f 5825/5825/5825 5828/5828/5828 5827/5827/5827
f 5831/5831/5831 5830/5830/5830 5829/5829/5829
f 5829/5829/5829 5832/5832/5832 5831/5831/5831
f 5832/5832/5832 5829/5829/5829 5833/5833/5833
f 5833/5833/5833 5834/5834/5834 5832/5832/5832
f 5837/5837/5837 5836/5836/5836 5835/5835/5835
f 5835/5835/5835 5838/5838/5838 5837/5837/5837
f 5839/5839/5839 5838/5838/5838 5835/5835/5835
f 5840/5840/5840 5838/5838/5838 5839/5839/5839
f 5843/5843/5843 5842/5842/5842 5841/5841/5841
f 5841/5841/5841 5842/5842/5842 5844/5844/5844
f 5842/5842/5842 5845/5845/5845 5844/5844/5844
f 5845/5845/5845 5846/5846/5846 5844/5844/5844
f 5846/5846/5846 5847/5847/5847 5844/5844/5844
f 5850/5850/5850 5849/5849/5849 5848/5848/5848
f 5848/5848/5848 5851/5851/5851 5850/5850/5850
f 5854/5854/5854 5853/5853/5853 5852/5852/5852
f 5852/5852/5852 5855/5855/5855 5854/5854/5854
f 5856/5856/5856 5854/5854/5854 5855/5855/5855
f 5855/5855/5855 5857/5857/5857 5856/5856/5856
f 5860/5860/5860 5859/5859/5859 5858/5858/5858
f 5858/5858/5858 5861/5861/5861 5860/5860/5860
f 5862/5862/5862 5861/5861/5861 5858/5858/5858
f 5862/5862/5862 5863/5863/5863 5861/5861/5861
f 5866/5866/5866 5865/5865/5865 5864/5864/5864
f 5864/5864/5864 5867/5867/5867 5866/5866/5866
f 5867/5867/5867 5868/5868/5868 5866/5866/5866
f 5868/5868/5868 5869/5869/5869 5866/5866/5866
f 5872/5872/5872 5871/5871/5871 5870/5870/5870
f 5873/5873/5873 5870/5870/5870 5871/5871/5871
f 5874/5874/5874 5870/5870/5870 5873/5873/5873
f 5873/5873/5873 5875/5875/5875 5874/5874/5874
f 5878/5878/5878 5877/5877/5877 5876/5876/5876
f 5876/5876/5876 5879/5879/5879 5878/5878/5878
f 5882/5882/5882 5881/5881/5881 5880/5880/5880
f 5880/5880/5880 5883/5883/5883 5882/5882/5882
f 5886/5886/5886 5885/5885/5885 5884/5884/5884
f 5885/5885/5885 5887/5887/5887 5884/5884/5884
f 5890/5890/5890 5889/5889/5889 5888/5888/5888
f 5890/5890/5890 5888/5888/5888 5891/5891/5891
f 5891/5891/5891 5892/5892/5892 5890/5890/5890
f 5891/5891/5891 5893/5893/5893 5892/5892/5892
f 5894/5894/5894 5893/5893/5893 5891/5891/5891
f 5893/5893/5893 5894/5894/5894 5895/5895/5895
f 5896/5896/5896 5893/5893/5893 5895/5895/5895
f 5897/5897/5897 5896/5896/5896 5895/5895/5895
f 5895/5895/5895 5898/5898/5898 5897/5897/5897
f 5901/5901/5901 5900/5900/5900 5899/5899/5899
f 5899/5899/5899 5902/5902/5902 5901/5901/5901
f 5902/5902/5902 5899/5899/5899 5903/5903/5903
f 5903/5903/5903 5904/5904/5904 5902/5902/5902
f 5907/5907/5907 5906/5906/5906 5905/5905/5905
f 5905/5905/5905 5908/5908/5908 5907/5907/5907
f 5911/5911/5911 5910/5910/5910 5909/5909/5909
f 5909/5909/5909 5912/5912/5912 5911/5911/5911
f 5912/5912/5912 5909/5909/5909 5913/5913/5913
f 5913/5913/5913 5914/5914/5914 5912/5912/5912
f 5917/5917/5917 5916/5916/5916 5915/5915/5915
f 5916/5916/5916 5918/5918/5918 5915/5915/5915
f 5921/5921/5921 5920/5920/5920 5919/5919/5919
f 5922/5922/5922 5919/5919/5919 5920/5920/5920
f 5920/5920/5920 5923/5923/5923 5922/5922/5922
f 5923/5923/5923 5924/5924/5924 5922/5922/5922
f 5922/5922/5922 5924/5924/5924 5925/5925/5925
f 5925/5925/5925 5924/5924/5924 5926/5926/5926
f 5924/5924/5924 5927/5927/5927 5926/5926/5926
f 5926/5926/5926 5927/5927/5927 5928/5928/5928
f 5928/5928/5928 5929/5929/5929 5926/5926/5926
f 5932/5932/5932 5931/5931/5931 5930/5930/5930
f 5930/5930/5930 5933/5933/5933 5932/5932/5932
f 5936/5936/5936 5935/5935/5935 5934/5934/5934
f 5935/5935/5935 5937/5937/5937 5934/5934/5934
f 5940/5940/5940 5939/5939/5939 5938/5938/5938
f 5938/5938/5938 5941/5941/5941 5940/5940/5940
f 5944/5944/5944 5943/5943/5943 5942/5942/5942
f 5942/5942/5942 5945/5945/5945 5944/5944/5944
f 5945/5945/5945 5942/5942/5942 5946/5946/5946
f 5946/5946/5946 5947/5947/5947 5945/5945/5945
f 5950/5950/5950 5949/5949/5949 5948/5948/5948
f 5948/5948/5948 5951/5951/5951 5950/5950/5950
f 5951/5951/5951 5948/5948/5948 5952/5952/5952
f 5952/5952/5952 5953/5953/5953 5951/5951/5951
f 5956/5956/5956 5955/5955/5955 5954/5954/5954
f 5955/5955/5955 5957/5957/5957 5954/5954/5954
f 5958/5958/5958 5954/5954/5954 5957/5957/5957
f 5957/5957/5957 5959/5959/5959 5958/5958/5958
f 5962/5962/5962 5961/5961/5961 5960/5960/5960
f 5961/5961/5961 5962/5962/5962 5963/5963/5963
f 5966/5966/5966 5965/5965/5965 5964/5964/5964
f 5964/5964/5964 5967/5967/5967 5966/5966/5966
f 5967/5967/5967 5968/5968/5968 5966/5966/5966
f 5968/5968/5968 5969/5969/5969 5966/5966/5966
f 5972/5972/5972 5971/5971/5971 5970/5970/5970
f 5971/5971/5971 5973/5973/5973 5970/5970/5970
f 5976/5976/5976 5975/5975/5975 5974/5974/5974
f 5974/5974/5974 5975/5975/5975 5977/5977/5977
f 5977/5977/5977 5978/5978/5978 5974/5974/5974
f 5981/5981/5981 5980/5980/5980 5979/5979/5979
f 5979/5979/5979 5982/5982/5982 5981/5981/5981
f 5985/5985/5985 5984/5984/5984 5983/5983/5983
f 5985/5985/5985 5986/5986/5986 5984/5984/5984
f 5985/5985/5985 5987/5987/5987 5986/5986/5986
f 5990/5990/5990 5989/5989/5989 5988/5988/5988
f 5988/5988/5988 5991/5991/5991 5990/5990/5990
f 5994/5994/5994 5993/5993/5993 5992/5992/5992
f 5992/5992/5992 5995/5995/5995 5994/5994/5994
f 5998/5998/5998 5997/5997/5997 5996/5996/5996
f 5996/5996/5996 5999/5999/5999 5998/5998/5998
f 5999/5999/5999 6000/6000/6000 5998/5998/5998
f 5999/5999/5999 6001/6001/6001 6000/6000/6000
f 6004/6004/6004 6003/6003/6003 6002/6002/6002
f 6004/6004/6004 6002/6002/6002 6005/6005/6005
f 6006/6006/6006 6004/6004/6004 6005/6005/6005
f 6006/6006/6006 6005/6005/6005 6007/6007/6007
f 6010/6010/6010 6009/6009/6009 6008/6008/6008
f 6008/6008/6008 6011/6011/6011 6010/6010/6010
f 6011/6011/6011 6008/6008/6008 6012/6012/6012
f 6012/6012/6012 6013/6013/6013 6011/6011/6011
f 6016/6016/6016 6015/6015/6015 6014/6014/6014
f 6016/6016/6016 6017/6017/6017 6015/6015/6015
f 6020/6020/6020 6019/6019/6019 6018/6018/6018
f 6018/6018/6018 6021/6021/6021 6020/6020/6020
f 6022/6022/6022 6020/6020/6020 6021/6021/6021
f 6021/6021/6021 6023/6023/6023 6022/6022/6022
f 6026/6026/6026 6025/6025/6025 6024/6024/6024
f 6027/6027/6027 6025/6025/6025 6026/6026/6026
f 6025/6025/6025 6027/6027/6027 6028/6028/6028
f 6028/6028/6028 6029/6029/6029 6025/6025/6025
f 6032/6032/6032 6031/6031/6031 6030/6030/6030
f 6030/6030/6030 6033/6033/6033 6032/6032/6032
f 6036/6036/6036 6035/6035/6035 6034/6034/6034
f 6036/6036/6036 6034/6034/6034 6037/6037/6037
f 6036/6036/6036 6037/6037/6037 6038/6038/6038
f 6038/6038/6038 6039/6039/6039 6036/6036/6036
f 6042/6042/6042 6041/6041/6041 6040/6040/6040
f 6040/6040/6040 6043/6043/6043 6042/6042/6042
f 6046/6046/6046 6045/6045/6045 6044/6044/6044
f 6047/6047/6047 6046/6046/6046 6044/6044/6044
f 6047/6047/6047 6044/6044/6044 6048/6048/6048
f 6048/6048/6048 6049/6049/6049 6047/6047/6047
f 6052/6052/6052 6051/6051/6051 6050/6050/6050
f 6052/6052/6052 6050/6050/6050 6053/6053/6053
f 6054/6054/6054 6052/6052/6052 6053/6053/6053
f 6053/6053/6053 6055/6055/6055 6054/6054/6054
f 6058/6058/6058 6057/6057/6057 6056/6056/6056
f 6056/6056/6056 6059/6059/6059 6058/6058/6058
f 6062/6062/6062 6061/6061/6061 6060/6060/6060
f 6060/6060/6060 6063/6063/6063 6062/6062/6062
f 6066/6066/6066 6065/6065/6065 6064/6064/6064
f 6066/6066/6066 6067/6067/6067 6065/6065/6065
f 6070/6070/6070 6069/6069/6069 6068/6068/6068
f 6071/6071/6071 6068/6068/6068 6069/6069/6069
f 6072/6072/6072 6068/6068/6068 6071/6071/6071
f 6068/6068/6068 6072/6072/6072 6073/6073/6073
f 6073/6073/6073 6072/6072/6072 6074/6074/6074
f 6075/6075/6075 6074/6074/6074 6072/6072/6072
f 6078/6078/6078 6077/6077/6077 6076/6076/6076
f 6079/6079/6079 6076/6076/6076 6077/6077/6077
f 6080/6080/6080 6076/6076/6076 6079/6079/6079
f 6076/6076/6076 6080/6080/6080 6081/6081/6081
f 6081/6081/6081 6080/6080/6080 6082/6082/6082
f 6083/6083/6083 6082/6082/6082 6080/6080/6080
f 6086/6086/6086 6085/6085/6085 6084/6084/6084
f 6085/6085/6085 6087/6087/6087 6084/6084/6084
f 6088/6088/6088 6087/6087/6087 6085/6085/6085
f 6089/6089/6089 6088/6088/6088 6085/6085/6085
f 6090/6090/6090 6087/6087/6087 6088/6088/6088
f 6091/6091/6091 6087/6087/6087 6090/6090/6090
f 6092/6092/6092 6087/6087/6087 6091/6091/6091
f 6093/6093/6093 6084/6084/6084 6087/6087/6087
f 6094/6094/6094 6093/6093/6093 6087/6087/6087
f 6084/6084/6084 6093/6093/6093 6095/6095/6095
f 6096/6096/6096 6093/6093/6093 6094/6094/6094
f 6097/6097/6097 6093/6093/6093 6096/6096/6096
f 6095/6095/6095 6093/6093/6093 6098/6098/6098
f 6099/6099/6099 6098/6098/6098 6093/6093/6093
f 6102/6102/6102 6101/6101/6101 6100/6100/6100
f 6100/6100/6100 6103/6103/6103 6102/6102/6102
f 6106/6106/6106 6105/6105/6105 6104/6104/6104
f 6106/6106/6106 6107/6107/6107 6105/6105/6105
f 6110/6110/6110 6109/6109/6109 6108/6108/6108
f 6110/6110/6110 6111/6111/6111 6109/6109/6109
f 6114/6114/6114 6113/6113/6113 6112/6112/6112
f 6112/6112/6112 6115/6115/6115 6114/6114/6114
f 6118/6118/6118 6117/6117/6117 6116/6116/6116
f 6116/6116/6116 6119/6119/6119 6118/6118/6118
f 6122/6122/6122 6121/6121/6121 6120/6120/6120
f 6123/6123/6123 6120/6120/6120 6121/6121/6121
f 6126/6126/6126 6125/6125/6125 6124/6124/6124
f 6124/6124/6124 6127/6127/6127 6126/6126/6126
f 6130/6130/6130 6129/6129/6129 6128/6128/6128
f 6128/6128/6128 6131/6131/6131 6130/6130/6130
f 6134/6134/6134 6133/6133/6133 6132/6132/6132
f 6134/6134/6134 6135/6135/6135 6133/6133/6133
f 6138/6138/6138 6137/6137/6137 6136/6136/6136
f 6136/6136/6136 6139/6139/6139 6138/6138/6138
f 6142/6142/6142 6141/6141/6141 6140/6140/6140
f 6140/6140/6140 6143/6143/6143 6142/6142/6142
f 6146/6146/6146 6145/6145/6145 6144/6144/6144
f 6146/6146/6146 6147/6147/6147 6145/6145/6145
f 6150/6150/6150 6149/6149/6149 6148/6148/6148
f 6148/6148/6148 6151/6151/6151 6150/6150/6150
f 6154/6154/6154 6153/6153/6153 6152/6152/6152
f 6152/6152/6152 6155/6155/6155 6154/6154/6154
f 6158/6158/6158 6157/6157/6157 6156/6156/6156
f 6156/6156/6156 6159/6159/6159 6158/6158/6158
f 6162/6162/6162 6161/6161/6161 6160/6160/6160
f 6160/6160/6160 6163/6163/6163 6162/6162/6162
f 6166/6166/6166 6165/6165/6165 6164/6164/6164
f 6167/6167/6167 6165/6165/6165 6166/6166/6166
f 6164/6164/6164 6168/6168/6168 6166/6166/6166
f 6166/6166/6166 6169/6169/6169 6167/6167/6167
f 6168/6168/6168 6164/6164/6164 6170/6170/6170
f 6170/6170/6170 6171/6171/6171 6168/6168/6168
f 6172/6172/6172 6171/6171/6171 6170/6170/6170
f 6170/6170/6170 6173/6173/6173 6172/6172/6172
f 6167/6167/6167 6169/6169/6169 6174/6174/6174
f 6169/6169/6169 6175/6175/6175 6174/6174/6174
f 6174/6174/6174 6175/6175/6175 6176/6176/6176
f 6176/6176/6176 6177/6177/6177 6174/6174/6174
f 6178/6178/6178 6172/6172/6172 6173/6173/6173
f 6177/6177/6177 6176/6176/6176 6178/6178/6178
f 6179/6179/6179 6178/6178/6178 6173/6173/6173
f 6178/6178/6178 6179/6179/6179 6177/6177/6177
f 6182/6182/6182 6181/6181/6181 6180/6180/6180
f 6181/6181/6181 6183/6183/6183 6180/6180/6180
f 6184/6184/6184 6182/6182/6182 6180/6180/6180
f 6183/6183/6183 6185/6185/6185 6180/6180/6180
f 6186/6186/6186 6184/6184/6184 6180/6180/6180
f 6185/6185/6185 6186/6186/6186 6180/6180/6180
f 6189/6189/6189 6188/6188/6188 6187/6187/6187
f 6188/6188/6188 6190/6190/6190 6187/6187/6187
f 6191/6191/6191 6189/6189/6189 6187/6187/6187
f 6190/6190/6190 6191/6191/6191 6187/6187/6187
f 6194/6194/6194 6193/6193/6193 6192/6192/6192
f 6192/6192/6192 6193/6193/6193 6195/6195/6195
f 6192/6192/6192 6196/6196/6196 6194/6194/6194
f 6195/6195/6195 6197/6197/6197 6192/6192/6192
f 6192/6192/6192 6197/6197/6197 6196/6196/6196
f 6197/6197/6197 6198/6198/6198 6196/6196/6196
f 6198/6198/6198 6199/6199/6199 6196/6196/6196
f 6200/6200/6200 6196/6196/6196 6199/6199/6199
f 6201/6201/6201 6194/6194/6194 6196/6196/6196
f 6201/6201/6201 6196/6196/6196 6200/6200/6200
f 6194/6194/6194 6201/6201/6201 6202/6202/6202
f 6202/6202/6202 6201/6201/6201 6200/6200/6200
f 6202/6202/6202 6200/6200/6200 6203/6203/6203
f 6204/6204/6204 6197/6197/6197 6195/6195/6195
f 6204/6204/6204 6198/6198/6198 6197/6197/6197
f 6195/6195/6195 6205/6205/6205 6204/6204/6204
f 6198/6198/6198 6204/6204/6204 6205/6205/6205
f 6205/6205/6205 6206/6206/6206 6198/6198/6198
f 6203/6203/6203 6200/6200/6200 6207/6207/6207
f 6207/6207/6207 6200/6200/6200 6199/6199/6199
f 6207/6207/6207 6208/6208/6208 6203/6203/6203
f 6208/6208/6208 6207/6207/6207 6199/6199/6199
f 6199/6199/6199 6209/6209/6209 6208/6208/6208
f 6209/6209/6209 6199/6199/6199 6210/6210/6210
f 6211/6211/6211 6198/6198/6198 6206/6206/6206
f 6206/6206/6206 6212/6212/6212 6211/6211/6211
f 6211/6211/6211 6213/6213/6213 6198/6198/6198
f 6213/6213/6213 6211/6211/6211 6212/6212/6212
f 6213/6213/6213 6199/6199/6199 6198/6198/6198
f 6212/6212/6212 6214/6214/6214 6213/6213/6213
f 6213/6213/6213 6214/6214/6214 6210/6210/6210
f 6215/6215/6215 6210/6210/6210 6199/6199/6199
f 6210/6210/6210 6215/6215/6215 6213/6213/6213
f 6215/6215/6215 6199/6199/6199 6213/6213/6213
f 6218/6218/6218 6217/6217/6217 6216/6216/6216
f 6219/6219/6219 6216/6216/6216 6217/6217/6217
f 6216/6216/6216 6219/6219/6219 6220/6220/6220
f 6221/6221/6221 6220/6220/6220 6219/6219/6219
f 6221/6221/6221 6222/6222/6222 6220/6220/6220
f 6222/6222/6222 6221/6221/6221 6223/6223/6223
f 6216/6216/6216 6224/6224/6224 6218/6218/6218
f 6220/6220/6220 6225/6225/6225 6216/6216/6216
f 6224/6224/6224 6216/6216/6216 6225/6225/6225
f 6220/6220/6220 6226/6226/6226 6225/6225/6225
f 6226/6226/6226 6220/6220/6220 6222/6222/6222
f 6225/6225/6225 6227/6227/6227 6224/6224/6224
f 6222/6222/6222 6228/6228/6228 6226/6226/6226
f 6229/6229/6229 6224/6224/6224 6227/6227/6227
f 6218/6218/6218 6224/6224/6224 6230/6230/6230
f 6230/6230/6230 6224/6224/6224 6229/6229/6229
f 6230/6230/6230 6231/6231/6231 6218/6218/6218
f 6230/6230/6230 6229/6229/6229 6232/6232/6232
f 6222/6222/6222 6233/6233/6233 6228/6228/6228
f 6223/6223/6223 6233/6233/6233 6222/6222/6222
f 6228/6228/6228 6233/6233/6233 6234/6234/6234
f 6235/6235/6235 6234/6234/6234 6233/6233/6233
f 6231/6231/6231 6230/6230/6230 6236/6236/6236
f 6232/6232/6232 6236/6236/6236 6230/6230/6230
f 6231/6231/6231 6236/6236/6236 6237/6237/6237
f 6237/6237/6237 6236/6236/6236 6238/6238/6238
f 6233/6233/6233 6223/6223/6223 6239/6239/6239
f 6233/6233/6233 6239/6239/6239 6235/6235/6235
f 6240/6240/6240 6239/6239/6239 6223/6223/6223
f 6241/6241/6241 6235/6235/6235 6239/6239/6239
f 6236/6236/6236 6232/6232/6232 6242/6242/6242
f 6242/6242/6242 6238/6238/6238 6236/6236/6236
f 6232/6232/6232 6243/6243/6243 6242/6242/6242
f 6238/6238/6238 6242/6242/6242 6244/6244/6244
f 6242/6242/6242 6243/6243/6243 6245/6245/6245
f 6239/6239/6239 6240/6240/6240 6246/6246/6246
f 6246/6246/6246 6241/6241/6241 6239/6239/6239
f 6247/6247/6247 6246/6246/6246 6240/6240/6240
f 6248/6248/6248 6241/6241/6241 6246/6246/6246
f 6246/6246/6246 6247/6247/6247 6249/6249/6249
f 6250/6250/6250 6244/6244/6244 6242/6242/6242
f 6245/6245/6245 6250/6250/6250 6242/6242/6242
f 6250/6250/6250 6245/6245/6245 6248/6248/6248
f 6249/6249/6249 6244/6244/6244 6250/6250/6250
f 6251/6251/6251 6248/6248/6248 6246/6246/6246
f 6248/6248/6248 6251/6251/6251 6250/6250/6250
f 6250/6250/6250 6251/6251/6251 6249/6249/6249
f 6249/6249/6249 6251/6251/6251 6246/6246/6246
f 6254/6254/6254 6253/6253/6253 6252/6252/6252
f 6255/6255/6255 6252/6252/6252 6253/6253/6253
f 6253/6253/6253 6256/6256/6256 6255/6255/6255
f 6257/6257/6257 6255/6255/6255 6256/6256/6256
f 6253/6253/6253 6258/6258/6258 6256/6256/6256
f 6259/6259/6259 6258/6258/6258 6253/6253/6253
f 6254/6254/6254 6259/6259/6259 6253/6253/6253
f 6260/6260/6260 6258/6258/6258 6259/6259/6259
f 6260/6260/6260 6259/6259/6259 6254/6254/6254
f 6254/6254/6254 6261/6261/6261 6260/6260/6260
f 6260/6260/6260 6261/6261/6261 6262/6262/6262
f 6260/6260/6260 6262/6262/6262 6258/6258/6258
f 6263/6263/6263 6258/6258/6258 6262/6262/6262
f 6256/6256/6256 6264/6264/6264 6257/6257/6257
f 6257/6257/6257 6264/6264/6264 6265/6265/6265
f 6265/6265/6265 6266/6266/6266 6257/6257/6257
f 6267/6267/6267 6266/6266/6266 6265/6265/6265
f 6256/6256/6256 6268/6268/6268 6264/6264/6264
f 6264/6264/6264 6268/6268/6268 6265/6265/6265
f 6256/6256/6256 6258/6258/6258 6268/6268/6268
f 6265/6265/6265 6269/6269/6269 6267/6267/6267
f 6269/6269/6269 6265/6265/6265 6268/6268/6268
f 6267/6267/6267 6269/6269/6269 6270/6270/6270
f 6268/6268/6268 6270/6270/6270 6269/6269/6269
f 6270/6270/6270 6268/6268/6268 6271/6271/6271
f 6268/6268/6268 6258/6258/6258 6271/6271/6271
f 6271/6271/6271 6272/6272/6272 6270/6270/6270
f 6272/6272/6272 6271/6271/6271 6273/6273/6273
f 6271/6271/6271 6274/6274/6274 6273/6273/6273
f 6263/6263/6263 6273/6273/6273 6274/6274/6274
f 6271/6271/6271 6258/6258/6258 6274/6274/6274
f 6274/6274/6274 6275/6275/6275 6263/6263/6263
f 6258/6258/6258 6263/6263/6263 6275/6275/6275
f 6275/6275/6275 6274/6274/6274 6258/6258/6258
f 6278/6278/6278 6277/6277/6277 6276/6276/6276
f 6279/6279/6279 6278/6278/6278 6276/6276/6276
f 6277/6277/6277 6280/6280/6280 6276/6276/6276
f 6281/6281/6281 6279/6279/6279 6276/6276/6276
f 6280/6280/6280 6282/6282/6282 6276/6276/6276
f 6283/6283/6283 6281/6281/6281 6276/6276/6276
f 6282/6282/6282 6284/6284/6284 6276/6276/6276
f 6285/6285/6285 6283/6283/6283 6276/6276/6276
f 6284/6284/6284 6286/6286/6286 6276/6276/6276
f 6287/6287/6287 6285/6285/6285 6276/6276/6276
f 6286/6286/6286 6288/6288/6288 6276/6276/6276
f 6288/6288/6288 6287/6287/6287 6276/6276/6276
f 6291/6291/6291 6290/6290/6290 6289/6289/6289
f 6292/6292/6292 6291/6291/6291 6289/6289/6289
f 6291/6291/6291 6293/6293/6293 6290/6290/6290
f 6294/6294/6294 6293/6293/6293 6291/6291/6291
f 6291/6291/6291 6295/6295/6295 6294/6294/6294
f 6295/6295/6295 6291/6291/6291 6292/6292/6292
f 6296/6296/6296 6292/6292/6292 6289/6289/6289
f 6296/6296/6296 6289/6289/6289 6297/6297/6297
f 6298/6298/6298 6296/6296/6296 6297/6297/6297
f 6296/6296/6296 6298/6298/6298 6299/6299/6299
f 6299/6299/6299 6300/6300/6300 6296/6296/6296
f 6292/6292/6292 6296/6296/6296 6300/6300/6300
f 6300/6300/6300 6301/6301/6301 6292/6292/6292
f 6292/6292/6292 6301/6301/6301 6302/6302/6302
f 6292/6292/6292 6303/6303/6303 6295/6295/6295
f 6302/6302/6302 6303/6303/6303 6292/6292/6292
f 6304/6304/6304 6295/6295/6295 6303/6303/6303
f 6303/6303/6303 6302/6302/6302 6305/6305/6305
f 6303/6303/6303 6306/6306/6306 6304/6304/6304
f 6305/6305/6305 6306/6306/6306 6303/6303/6303
f 6309/6309/6309 6308/6308/6308 6307/6307/6307
f 6310/6310/6310 6307/6307/6307 6308/6308/6308
f 6311/6311/6311 6308/6308/6308 6309/6309/6309
f 6312/6312/6312 6311/6311/6311 6309/6309/6309
f 6312/6312/6312 6313/6313/6313 6311/6311/6311
f 6313/6313/6313 6314/6314/6314 6311/6311/6311
f 6308/6308/6308 6315/6315/6315 6310/6310/6310
f 6315/6315/6315 6308/6308/6308 6311/6311/6311
f 6311/6311/6311 6314/6314/6314 6316/6316/6316
f 6311/6311/6311 6316/6316/6316 6315/6315/6315
f 6316/6316/6316 6314/6314/6314 6317/6317/6317
f 6316/6316/6316 6317/6317/6317 6315/6315/6315
f 6317/6317/6317 6314/6314/6314 6318/6318/6318
f 6319/6319/6319 6310/6310/6310 6315/6315/6315
f 6317/6317/6317 6319/6319/6319 6315/6315/6315
f 6320/6320/6320 6310/6310/6310 6319/6319/6319
f 6318/6318/6318 6321/6321/6321 6317/6317/6317
f 6321/6321/6321 6319/6319/6319 6317/6317/6317
f 6322/6322/6322 6321/6321/6321 6318/6318/6318
f 6319/6319/6319 6323/6323/6323 6320/6320/6320
f 6321/6321/6321 6323/6323/6323 6319/6319/6319
f 6321/6321/6321 6322/6322/6322 6323/6323/6323
f 6324/6324/6324 6320/6320/6320 6323/6323/6323
f 6322/6322/6322 6324/6324/6324 6323/6323/6323
f 6327/6327/6327 6326/6326/6326 6325/6325/6325
f 6325/6325/6325 6328/6328/6328 6327/6327/6327
f 6327/6327/6327 6329/6329/6329 6326/6326/6326
f 6327/6327/6327 6328/6328/6328 6330/6330/6330
f 6329/6329/6329 6327/6327/6327 6331/6331/6331
f 6330/6330/6330 6332/6332/6332 6327/6327/6327
f 6332/6332/6332 6331/6331/6331 6327/6327/6327
f 6335/6335/6335 6334/6334/6334 6333/6333/6333
f 6334/6334/6334 6335/6335/6335 6336/6336/6336
f 6335/6335/6335 6333/6333/6333 6337/6337/6337
f 6338/6338/6338 6337/6337/6337 6333/6333/6333
f 6338/6338/6338 6339/6339/6339 6337/6337/6337
f 6337/6337/6337 6339/6339/6339 6340/6340/6340
f 6340/6340/6340 6341/6341/6341 6337/6337/6337
f 6335/6335/6335 6337/6337/6337 6341/6341/6341
f 6340/6340/6340 6342/6342/6342 6341/6341/6341
f 6343/6343/6343 6336/6336/6336 6335/6335/6335
f 6341/6341/6341 6343/6343/6343 6335/6335/6335
f 6341/6341/6341 6342/6342/6342 6343/6343/6343
f 6343/6343/6343 6344/6344/6344 6336/6336/6336
f 6344/6344/6344 6343/6343/6343 6342/6342/6342
f 6347/6347/6347 6346/6346/6346 6345/6345/6345
f 6347/6347/6347 6345/6345/6345 6348/6348/6348
f 6346/6346/6346 6347/6347/6347 6349/6349/6349
f 6348/6348/6348 6350/6350/6350 6347/6347/6347
f 6351/6351/6351 6346/6346/6346 6349/6349/6349
f 6350/6350/6350 6348/6348/6348 6351/6351/6351
f 6351/6351/6351 6349/6349/6349 6352/6352/6352
f 6351/6351/6351 6352/6352/6352 6350/6350/6350
f 6355/6355/6355 6354/6354/6354 6353/6353/6353
f 6355/6355/6355 6356/6356/6356 6354/6354/6354
f 6353/6353/6353 6357/6357/6357 6355/6355/6355
f 6356/6356/6356 6355/6355/6355 6358/6358/6358
f 6357/6357/6357 6353/6353/6353 6359/6359/6359
f 6358/6358/6358 6359/6359/6359 6356/6356/6356
f 6359/6359/6359 6360/6360/6360 6357/6357/6357
f 6358/6358/6358 6360/6360/6360 6359/6359/6359
f 6363/6363/6363 6362/6362/6362 6361/6361/6361
f 6364/6364/6364 6362/6362/6362 6363/6363/6363
f 6361/6361/6361 6365/6365/6365 6363/6363/6363
f 6363/6363/6363 6366/6366/6366 6364/6364/6364
f 6361/6361/6361 6367/6367/6367 6365/6365/6365
f 6367/6367/6367 6364/6364/6364 6366/6366/6366
f 6368/6368/6368 6365/6365/6365 6367/6367/6367
f 6366/6366/6366 6368/6368/6368 6367/6367/6367
f 6371/6371/6371 6370/6370/6370 6369/6369/6369
f 6371/6371/6371 6369/6369/6369 6372/6372/6372
f 6370/6370/6370 6371/6371/6371 6373/6373/6373
f 6372/6372/6372 6374/6374/6374 6371/6371/6371
f 6373/6373/6373 6375/6375/6375 6370/6370/6370
f 6374/6374/6374 6372/6372/6372 6375/6375/6375
f 6375/6375/6375 6373/6373/6373 6376/6376/6376
f 6375/6375/6375 6376/6376/6376 6374/6374/6374
f 6379/6379/6379 6378/6378/6378 6377/6377/6377
f 6380/6380/6380 6378/6378/6378 6379/6379/6379
f 6377/6377/6377 6381/6381/6381 6379/6379/6379
f 6379/6379/6379 6382/6382/6382 6380/6380/6380
f 6381/6381/6381 6377/6377/6377 6383/6383/6383
f 6383/6383/6383 6384/6384/6384 6381/6381/6381
f 6384/6384/6384 6383/6383/6383 6385/6385/6385
f 6385/6385/6385 6386/6386/6386 6384/6384/6384
f 6386/6386/6386 6385/6385/6385 6387/6387/6387
f 6387/6387/6387 6388/6388/6388 6386/6386/6386
f 6388/6388/6388 6387/6387/6387 6389/6389/6389
f 6389/6389/6389 6390/6390/6390 6388/6388/6388
f 6390/6390/6390 6389/6389/6389 6391/6391/6391
f 6391/6391/6391 6392/6392/6392 6390/6390/6390
f 6380/6380/6380 6382/6382/6382 6393/6393/6393
f 6393/6393/6393 6394/6394/6394 6380/6380/6380
f 6392/6392/6392 6391/6391/6391 6395/6395/6395
f 6395/6395/6395 6396/6396/6396 6392/6392/6392
f 6396/6396/6396 6395/6395/6395 6397/6397/6397
f 6398/6398/6398 6397/6397/6397 6395/6395/6395
f 6397/6397/6397 6398/6398/6398 6399/6399/6399
f 6400/6400/6400 6399/6399/6399 6398/6398/6398
f 6401/6401/6401 6399/6399/6399 6400/6400/6400
f 6402/6402/6402 6401/6401/6401 6400/6400/6400
f 6403/6403/6403 6401/6401/6401 6402/6402/6402
f 6402/6402/6402 6404/6404/6404 6403/6403/6403
f 6394/6394/6394 6393/6393/6393 6405/6405/6405
f 6406/6406/6406 6405/6405/6405 6393/6393/6393
f 6407/6407/6407 6403/6403/6403 6404/6404/6404
f 6405/6405/6405 6406/6406/6406 6407/6407/6407
f 6404/6404/6404 6408/6408/6408 6407/6407/6407
f 6407/6407/6407 6408/6408/6408 6405/6405/6405
f 6411/6411/6411 6410/6410/6410 6409/6409/6409
f 6410/6410/6410 6412/6412/6412 6409/6409/6409
f 6413/6413/6413 6411/6411/6411 6409/6409/6409
f 6412/6412/6412 6414/6414/6414 6409/6409/6409
f 6415/6415/6415 6413/6413/6413 6409/6409/6409
f 6414/6414/6414 6416/6416/6416 6409/6409/6409
f 6417/6417/6417 6415/6415/6415 6409/6409/6409
f 6416/6416/6416 6418/6418/6418 6409/6409/6409
f 6419/6419/6419 6417/6417/6417 6409/6409/6409
f 6418/6418/6418 6419/6419/6419 6409/6409/6409
f 6422/6422/6422 6421/6421/6421 6420/6420/6420
f 6423/6423/6423 6422/6422/6422 6420/6420/6420
f 6421/6421/6421 6424/6424/6424 6420/6420/6420
f 6425/6425/6425 6423/6423/6423 6420/6420/6420
f 6424/6424/6424 6426/6426/6426 6420/6420/6420
f 6427/6427/6427 6425/6425/6425 6420/6420/6420
f 6426/6426/6426 6428/6428/6428 6420/6420/6420
f 6429/6429/6429 6427/6427/6427 6420/6420/6420
f 6428/6428/6428 6430/6430/6430 6420/6420/6420
f 6430/6430/6430 6429/6429/6429 6420/6420/6420
f 6433/6433/6433 6432/6432/6432 6431/6431/6431
f 6434/6434/6434 6432/6432/6432 6433/6433/6433
f 6431/6431/6431 6435/6435/6435 6433/6433/6433
f 6435/6435/6435 6431/6431/6431 6436/6436/6436
f 6433/6433/6433 6437/6437/6437 6434/6434/6434
f 6433/6433/6433 6435/6435/6435 6437/6437/6437
f 6438/6438/6438 6434/6434/6434 6437/6437/6437
f 6435/6435/6435 6439/6439/6439 6437/6437/6437
f 6440/6440/6440 6439/6439/6439 6435/6435/6435
f 6436/6436/6436 6440/6440/6440 6435/6435/6435
f 6440/6440/6440 6436/6436/6436 6441/6441/6441
f 6441/6441/6441 6439/6439/6439 6440/6440/6440
f 6439/6439/6439 6441/6441/6441 6442/6442/6442
f 6437/6437/6437 6443/6443/6443 6438/6438/6438
f 6444/6444/6444 6438/6438/6438 6443/6443/6443
f 6437/6437/6437 6445/6445/6445 6443/6443/6443
f 6445/6445/6445 6437/6437/6437 6439/6439/6439
f 6443/6443/6443 6446/6446/6446 6444/6444/6444
f 6443/6443/6443 6445/6445/6445 6446/6446/6446
f 6447/6447/6447 6444/6444/6444 6446/6446/6446
f 6446/6446/6446 6448/6448/6448 6447/6447/6447
f 6448/6448/6448 6446/6446/6446 6445/6445/6445
f 6449/6449/6449 6447/6447/6447 6448/6448/6448
f 6448/6448/6448 6445/6445/6445 6449/6449/6449
f 6449/6449/6449 6445/6445/6445 6450/6450/6450
f 6445/6445/6445 6439/6439/6439 6450/6450/6450
f 6449/6449/6449 6450/6450/6450 6451/6451/6451
f 6451/6451/6451 6450/6450/6450 6452/6452/6452
f 6450/6450/6450 6439/6439/6439 6452/6452/6452
f 6452/6452/6452 6453/6453/6453 6451/6451/6451
f 6442/6442/6442 6454/6454/6454 6439/6439/6439
f 6454/6454/6454 6442/6442/6442 6453/6453/6453
f 6453/6453/6453 6452/6452/6452 6454/6454/6454
f 6454/6454/6454 6452/6452/6452 6439/6439/6439
f 6457/6457/6457 6456/6456/6456 6455/6455/6455
f 6458/6458/6458 6456/6456/6456 6457/6457/6457
f 6455/6455/6455 6459/6459/6459 6457/6457/6457
f 6457/6457/6457 6460/6460/6460 6458/6458/6458
f 6461/6461/6461 6459/6459/6459 6455/6455/6455
f 6458/6458/6458 6460/6460/6460 6462/6462/6462
f 6455/6455/6455 6463/6463/6463 6461/6461/6461
f 6458/6458/6458 6462/6462/6462 6464/6464/6464
f 6465/6465/6465 6461/6461/6461 6463/6463/6463
f 6462/6462/6462 6466/6466/6466 6464/6464/6464
f 6463/6463/6463 6467/6467/6467 6465/6465/6465
f 6464/6464/6464 6466/6466/6466 6468/6468/6468
f 6469/6469/6469 6465/6465/6465 6467/6467/6467
f 6467/6467/6467 6470/6470/6470 6469/6469/6469
f 6468/6468/6468 6466/6466/6466 6471/6471/6471
f 6471/6471/6471 6472/6472/6472 6468/6468/6468
f 6469/6469/6469 6470/6470/6470 6473/6473/6473
f 6473/6473/6473 6474/6474/6474 6469/6469/6469
f 6475/6475/6475 6472/6472/6472 6471/6471/6471
f 6471/6471/6471 6476/6476/6476 6475/6475/6475
f 6477/6477/6477 6474/6474/6474 6473/6473/6473
f 6475/6475/6475 6476/6476/6476 6477/6477/6477
f 6473/6473/6473 6478/6478/6478 6477/6477/6477
f 6475/6475/6475 6477/6477/6477 6478/6478/6478
f 6481/6481/6481 6480/6480/6480 6479/6479/6479
f 6479/6479/6479 6482/6482/6482 6481/6481/6481
f 6480/6480/6480 6481/6481/6481 6483/6483/6483
f 6479/6479/6479 6484/6484/6484 6482/6482/6482
f 6483/6483/6483 6485/6485/6485 6480/6480/6480
f 6484/6484/6484 6486/6486/6486 6482/6482/6482
f 6486/6486/6486 6484/6484/6484 6485/6485/6485
f 6485/6485/6485 6483/6483/6483 6486/6486/6486
