g FX_Labor_Decagram_Cannon_Mesh
v -0.10315699 0.02217111 0.85654217
v -0.07084282 0.02217111 0.8888547
v -0.027189583 0.09267444 0.80731946
v -0.20290212 0.02217111 0.85654217
v -0.27886954 0.09267444 0.80731946
v -0.2352163 0.02217111 0.8888547
v -0.28120804 -0.25154033 0.56812245
v -0.27238014 -0.26036826 0.56812245
v -0.27238014 -0.25154033 0.5592946
v -0.2723802 -0.16858134 0.5592946
v -0.20572151 -0.25154024 0.55929464
v -0.20572159 -0.16858128 0.55929464
v -0.19689365 -0.16858128 0.5681225
v -0.19689359 -0.25154024 0.5681225
v -0.27238014 -0.25154033 0.7529666
v -0.27238014 -0.26036823 0.7441387
v -0.28120807 -0.25154033 0.7441387
v -0.20572151 -0.26036814 0.5681225
v -0.20572153 -0.2603681 0.7441388
v -0.19689363 -0.25154024 0.7441388
v -0.27238014 -0.26036826 0.56812245
v -0.19689359 -0.25154024 0.5681225
v -0.27238014 -0.25154033 0.5592946
v -0.20572151 -0.25154024 0.55929464
v -0.09864366 -0.0629282 0.3906565
v -0.10747155 -0.054100297 0.3906565
v -0.10747155 -0.06292821 0.38182864
v -0.27238014 -0.25154033 0.38182864
v -0.10747147 -0.25154027 0.3818286
v -0.27238023 -0.06292829 0.38182864
v -0.28120807 -0.25154033 0.39065653
v -0.28120813 -0.0629283 0.3906565
v 0.059054818 -0.059054807 0.22655782
v 0.058962267 -0.0378786 0.2429696
v 0.07715882 -0.03196023 0.22655782
v 0.07715882 0.03196024 0.22655782
v 0.05896225 0.037878606 0.2429696
v 0.059054807 0.059054818 0.22655782
v -0.077158816 -0.031960245 0.22655782
v -0.05896225 -0.0378786 0.2429696
v -0.059054807 -0.059054807 0.22655782
v -0.058962263 0.037878595 0.2429696
v -0.07715882 0.03196023 0.22655782
v -0.059054818 0.059054807 0.22655782
v 0.05101647 -0.10940515 0.17506976
v 0.0445968 -0.09563812 0.1909935
v 0.05480162 -0.09087958 0.18632953
v 0.054801606 -0.09087955 0.16381
v 0.0445968 -0.09563812 0.15914604
v -0.05101647 -0.10940515 0.17506976
v -0.05480162 -0.09087958 0.18632953
v -0.0445968 -0.09563812 0.1909935
v -0.0445968 -0.09563812 0.15914604
v -0.054801606 -0.09087955 0.16381
v 0.44048205 -0.6216646 0.00411579
v 0.4267317 -0.60527766 0.013322115
v 0.46748343 -0.6361111 0.00411579
v 0.47280967 -0.5945385 0.00411579
v 0.4823478 -0.6236383 0.00411579
v 0.45905936 -0.5781515 0.013322115
v -0.44048205 -0.6216646 0.00411579
v -0.46748343 -0.6361111 0.00411579
v -0.4267317 -0.60527766 0.013322115
v -0.47280967 -0.5945385 0.00411579
v -0.45905936 -0.5781515 0.013322115
v -0.4823478 -0.6236383 0.00411579
v 0.7646128 0.04571401 0.00411579
v 0.7433025 0.043849573 0.013322115
v 0.79193395 0.0595461 0.00411579
v 0.76093465 0.08775409 0.00411579
v 0.7902426 0.07887636 0.00411579
v 0.7396244 0.08588972 0.013322115
v 0.4011171 0.65255463 0.00411579
v 0.39042124 0.63402885 0.013322115
v 0.4054573 0.68286854 0.00411579
v -0.4011172 0.65255445 0.00411579
v -0.4054573 0.6828684 0.00411579
v -0.39042136 0.6340288 0.013322115
v -0.35037944 0.62706417 0.038997676
v -0.35138905 0.63461787 0.02825217
v -0.32951117 0.5975654 0.057367906
v -0.1791611 0.35677624 0.27547583
v -0.18091865 0.35056952 0.2908803
v -0.1958841 0.38299617 0.25219283
v -0.76093465 0.08775382 0.00411579
v -0.7396244 0.08588945 0.013322115
v -0.79024273 0.07887614 0.00411579
v -0.76461273 0.045713738 0.00411579
v -0.79193383 0.059545863 0.00411579
v -0.74330246 0.043849304 0.013322115
v -0.033056177 0.4130714 0.9265127
v -0.024160385 0.403381 1.0586976
v -0.033056177 0.4130714 1.0586976
v -0.024160385 0.403381 0.9265127
v -0.024160385 0.15801872 1.0586976
v -0.024160396 0.10302092 0.80731946
v -0.024160385 0.10302092 1.0155027
v -0.03213598 0.14664082 1.0590932
v -0.027189583 0.09267444 0.80731946
v -0.028608307 0.10302092 1.026506
v -0.06271223 0.10302092 1.0606099
v -0.027189597 0.09267444 1.0162358
v -0.058686703 0.02217111 0.93854344
v -0.07046978 0.02217111 0.98686963
v -0.07084282 0.02217111 0.8888547
v -0.07347131 0.012503445 0.9846571
v -0.07347131 0.012503578 0.8927912
v -0.10315699 0.02217111 0.85654217
v -0.10709658 0.012503578 0.85916585
v -0.10709658 -0.052059624 0.859166
v -0.07347129 -0.05205962 0.89279133
v -0.06116361 0.012503578 0.9387241
v -0.061163597 -0.05205962 0.9387243
v -0.07347129 -0.05205962 0.9846573
v -0.23558933 0.02217111 0.98686963
v -0.23306608 0.09267444 1.0619497
v -0.20117551 0.02217111 1.0212805
v -0.2788695 0.09267444 1.0162358
v -0.15302955 -0.052059606 1.0305903
v -0.19896251 -0.052059606 1.0182825
v -0.19896255 0.012503578 1.0182824
v -0.15302955 0.012503638 1.0305902
v -0.10709657 0.012503578 1.0182824
v -0.10709658 -0.052059606 1.0182825
v -0.15302955 0.022171091 1.0331496
v -0.07347131 0.012503445 0.9846571
v -0.07347129 -0.05205962 0.9846573
v -0.104883604 0.02217111 1.0212805
v -0.07046978 0.02217111 0.98686963
v -0.07299304 0.09267444 1.0619497
v -0.20117551 0.02217111 1.0212805
v -0.23258781 0.012503445 0.9846571
v -0.23558933 0.02217111 0.98686963
v -0.23306608 0.09267444 1.0619497
v -0.0737165 0.10302092 1.0650578
v -0.06271223 0.10302092 1.0606099
v -0.027189597 0.09267444 1.0162358
v -0.028608307 0.10302092 1.026506
v -0.03213598 0.14664082 1.0590932
v -0.23234262 0.10302092 1.0650578
v -0.2433469 0.10302092 1.0606099
v -0.27392313 0.14664082 1.0590932
v -0.033056177 0.15801872 1.0675933
v -0.024160385 0.15801872 1.0586976
v -0.27300295 0.15801872 1.0675933
v -0.2818987 0.15801872 1.0586976
v -0.27300295 0.403381 1.0675933
v -0.2818987 0.403381 1.0586976
v -0.27300295 0.4130714 1.0586976
v -0.033056177 0.403381 1.0675933
v -0.024160385 0.403381 1.0586976
v -0.033056177 0.4130714 1.0586976
v -0.27300295 0.4130714 1.0586976
v -0.033056177 0.4130714 0.9265127
v -0.033056177 0.4130714 1.0586976
v -0.27300295 0.4130714 0.9265127
v -0.27300295 0.4130714 1.0586976
v -0.2818987 0.403381 1.0586976
v -0.27300295 0.4130714 0.9265127
v -0.2818987 0.403381 0.9265127
v -0.2818987 0.15801872 1.0586976
v -0.2818987 0.10302092 0.80731946
v -0.2818987 0.10302092 1.0155027
v -0.27392313 0.14664082 1.0590932
v -0.27886954 0.09267444 0.80731946
v -0.27745077 0.10302092 1.026506
v -0.2433469 0.10302092 1.0606099
v -0.2788695 0.09267444 1.0162358
v -0.23306608 0.09267444 1.0619497
v -0.24737242 0.02217111 0.93854344
v -0.2352163 0.02217111 0.8888547
v -0.23558933 0.02217111 0.98686963
v -0.23258781 0.012503578 0.8927912
v -0.23258781 0.012503445 0.9846571
v -0.24489549 0.012503578 0.9387241
v -0.23258781 -0.05205962 0.89279133
v -0.19896251 -0.052059624 0.859166
v -0.19896251 0.012503578 0.85916585
v -0.24489549 -0.05205962 0.9387243
v -0.23258781 -0.05205962 0.9846573
v -0.19896251 -0.052059606 1.0182825
v -0.19896255 0.012503578 1.0182824
v -0.033056177 0.4130714 0.9265127
v -0.27300295 0.4130714 0.9265127
v -0.2818987 0.403381 0.9265127
v -0.024160385 0.403381 0.9265127
v -0.20290212 0.02217111 0.85654217
v -0.2352163 0.02217111 0.8888547
v -0.23258781 0.012503578 0.8927912
v -0.19896251 0.012503578 0.85916585
v -0.15302955 0.022171125 0.8444757
v -0.27886954 0.09267444 0.80731946
v -0.027189583 0.09267444 0.80731946
v -0.10315699 0.02217111 0.85654217
v -0.10709658 0.012503578 0.85916585
v -0.15302955 0.012503445 0.84685826
v -0.19896251 -0.052059624 0.859166
v -0.10709658 -0.052059624 0.859166
v -0.15302955 -0.052059624 0.84685826
v -0.027189597 0.09267444 1.0162358
v -0.07046978 0.02217111 0.98686963
v -0.07299304 0.09267444 1.0619497
v -0.104883604 0.02217111 1.0212805
v -0.031189267 0.41907015 0.9265127
v -0.27486986 0.41907015 0.9265127
v -0.2751511 0.41907024 0.8073571
v -0.030908026 0.41907024 0.8073571
v -0.031189267 0.41907015 0.9265127
v -0.030908026 0.41907024 0.8073571
v -0.018652722 0.40572146 0.80735946
v -0.018652737 0.4054157 0.92651296
v -0.018652737 0.2427662 0.92708814
v -0.018652737 0.2077991 0.8980441
v -0.01869063 0.09267452 0.8073194
v -0.018652737 0.15827747 0.89789045
v -0.28740638 0.40572146 0.80735946
v -0.2751511 0.41907024 0.8073571
v -0.27486986 0.41907015 0.9265127
v -0.2873685 0.4054157 0.92651296
v -0.2873685 0.2427662 0.92708814
v -0.2873685 0.2077991 0.8980441
v -0.28736848 0.09267452 0.8073194
v -0.2873685 0.15827747 0.89789045
v -0.030908026 0.41907024 0.8073571
v -0.2751511 0.41907024 0.8073571
v -0.28740638 0.40572146 0.80735946
v -0.018652722 0.40572146 0.80735946
v -0.28736848 0.09267452 0.8073194
v -0.01869063 0.09267452 0.8073194
v -0.2873685 0.4054157 0.92651296
v -0.27486986 0.41907015 0.9265127
v -0.031189267 0.41907015 0.9265127
v -0.018652737 0.4054157 0.92651296
v -0.018652737 0.2427662 0.92708814
v -0.2873685 0.2427662 0.92708814
v -0.018652737 0.2077991 0.8980441
v -0.2873685 0.2077991 0.8980441
v -0.018652737 0.15827747 0.89789045
v -0.2873685 0.15827747 0.89789045
v -0.2873685 0.15827747 0.89789045
v -0.018652737 0.15827747 0.89789045
v -0.01869063 0.09267452 0.8073194
v -0.28736848 0.09267452 0.8073194
v -0.19689363 -0.25154024 0.7441388
v -0.19689369 -0.16858128 0.7441388
v -0.19689359 -0.25154024 0.5681225
v -0.19689365 -0.16858128 0.5681225
v -0.2723802 -0.16858134 0.5592946
v -0.2723802 -0.15975347 0.5681225
v -0.2812081 -0.16858134 0.5681225
v -0.20572159 -0.16858128 0.55929464
v -0.20572159 -0.15975338 0.5681225
v -0.19689365 -0.16858128 0.5681225
v -0.27238023 -0.15975343 0.7441387
v -0.19689369 -0.16858128 0.7441388
v -0.20572159 -0.15975335 0.7441388
v -0.28120813 -0.16858134 0.7441387
v -0.27238023 -0.15975343 0.7441387
v -0.27238023 -0.16858134 0.7529666
v -0.2812081 -0.16858134 0.5681225
v -0.2723802 -0.15975347 0.5681225
v -0.28120807 -0.25154033 0.7441387
v -0.28120804 -0.25154033 0.56812245
v -0.27238014 -0.26036823 0.7441387
v -0.27238014 -0.26036826 0.56812245
v -0.2723802 -0.16858134 0.5592946
v -0.27238014 -0.25154033 0.5592946
v -0.28120813 -0.16858134 0.7441387
v -0.27238023 -0.16858134 0.7529666
v -0.28120807 -0.25154033 0.7441387
v -0.27238014 -0.25154033 0.7529666
v -0.20572153 -0.25154024 0.7529666
v -0.20572153 -0.2603681 0.7441388
v -0.27238014 -0.26036823 0.7441387
v -0.19689363 -0.25154024 0.7441388
v -0.19689369 -0.16858128 0.7441388
v -0.20572159 -0.16858128 0.7529666
v -0.27238023 -0.15975343 0.7441387
v -0.20572159 -0.15975335 0.7441388
v -0.18806562 -0.19032317 0.6462049
v -0.10747147 -0.1903233 0.64620495
v -0.10747155 -0.25154033 0.64620495
v -0.18806575 -0.25154027 0.6462049
v -0.098643586 -0.1903233 0.637377
v -0.098643556 -0.19032325 0.5681225
v -0.09864364 -0.25154033 0.5681225
v -0.09864366 -0.25154033 0.637377
v -0.10747154 -0.2603682 0.5681225
v -0.10747155 -0.26036826 0.637377
v -0.10747155 -0.25154033 0.64620495
v -0.10747147 -0.1903233 0.64620495
v -0.10747147 -0.1814954 0.637377
v -0.107471466 -0.18149535 0.5681225
v -0.107471466 -0.19032325 0.55929464
v -0.098643556 -0.19032325 0.5681225
v -0.10747147 -0.1814954 0.637377
v -0.098643586 -0.1903233 0.637377
v -0.18806562 -0.18149528 0.637377
v -0.18806562 -0.18149528 0.56812245
v -0.18806562 -0.19032317 0.6462049
v -0.10747147 -0.1903233 0.64620495
v -0.10747154 -0.25154033 0.55929464
v -0.10747154 -0.2603682 0.5681225
v -0.09864364 -0.25154033 0.5681225
v -0.1880657 -0.2603681 0.5681225
v -0.1880657 -0.25154027 0.5592946
v -0.19689359 -0.25154024 0.5681225
v -0.19689363 -0.25154027 0.637377
v -0.18806575 -0.26036817 0.637377
v -0.10747155 -0.26036826 0.637377
v -0.18806575 -0.25154027 0.6462049
v -0.10747155 -0.25154033 0.64620495
v -0.19689363 -0.25154027 0.637377
v -0.18806575 -0.25154027 0.6462049
v -0.18806575 -0.26036817 0.637377
v -0.19689351 -0.19032317 0.637377
v -0.18806562 -0.19032317 0.6462049
v -0.19689359 -0.25154024 0.5681225
v -0.18806562 -0.18149528 0.637377
v -0.19689351 -0.19032317 0.56812245
v -0.18806562 -0.18149528 0.56812245
v -0.09864364 -0.25154033 0.5681225
v -0.098643556 -0.19032325 0.5681225
v -0.107471466 -0.19032325 0.55929464
v -0.10747154 -0.25154033 0.55929464
v -0.18806562 -0.19032317 0.5592946
v -0.1880657 -0.25154027 0.5592946
v -0.107471466 -0.18149535 0.5681225
v -0.19689359 -0.25154024 0.5681225
v -0.18806562 -0.18149528 0.56812245
v -0.19689351 -0.19032317 0.56812245
v -0.2723802 -0.06292831 0.5709186
v -0.10747153 -0.062928215 0.57091856
v -0.10747144 -0.25154027 0.57091856
v -0.27238014 -0.25154033 0.57091856
v -0.28120807 -0.25154033 0.39065653
v -0.28120813 -0.0629283 0.3906565
v -0.2812081 -0.06292831 0.5620907
v -0.28120804 -0.25154033 0.5620907
v -0.27238014 -0.25154033 0.57091856
v -0.27238014 -0.26036826 0.5620907
v -0.2723802 -0.06292831 0.5709186
v -0.10747147 -0.25154027 0.3818286
v -0.10747147 -0.2603681 0.39065653
v -0.098643586 -0.25154024 0.39065653
v -0.27238014 -0.25154033 0.38182864
v -0.27238014 -0.2603682 0.39065653
v -0.28120807 -0.25154033 0.39065653
v -0.28120804 -0.25154033 0.5620907
v -0.27238014 -0.26036826 0.5620907
v -0.10747144 -0.26036817 0.5620907
v -0.27238014 -0.25154033 0.57091856
v -0.10747144 -0.25154027 0.57091856
v -0.10747153 -0.062928215 0.57091856
v -0.10747154 -0.054100327 0.5620907
v -0.09864364 -0.06292821 0.5620907
v -0.2723802 -0.06292831 0.5709186
v -0.2723802 -0.054100417 0.5620907
v -0.2812081 -0.06292831 0.5620907
v -0.10747155 -0.054100297 0.3906565
v -0.27238023 -0.0541004 0.39065653
v -0.28120813 -0.0629283 0.3906565
v -0.10747155 -0.06292821 0.38182864
v -0.27238023 -0.06292829 0.38182864
v -0.10747144 -0.25154027 0.57091856
v -0.10747153 -0.062928215 0.57091856
v -0.09864364 -0.06292821 0.5620907
v -0.09864355 -0.25154027 0.5620907
v -0.10747144 -0.26036817 0.5620907
v -0.098643586 -0.25154024 0.39065653
v -0.10747147 -0.2603681 0.39065653
v -0.09864366 -0.0629282 0.3906565
v -0.10747154 -0.054100327 0.5620907
v -0.10747155 -0.054100297 0.3906565
v -0.10747155 -0.06292821 0.38182864
v -0.10747147 -0.25154027 0.3818286
v 0.09251419 0.29322 0.68733686
v 0.27238023 0.29321998 0.68733686
v 0.27238017 0.15384099 0.68733686
v 0.09251415 0.15384105 0.68733686
v 0.27238014 0.1450131 0.678509
v 0.09251415 0.14501314 0.67850906
v 0.083686255 0.15384105 0.67850906
v 0.0836863 0.29322 0.67850906
v 0.09251419 0.30204794 0.67850906
v 0.09251414 0.14501314 0.55233544
v 0.09251415 0.14501314 0.67850906
v 0.27238014 0.1450131 0.678509
v 0.27238008 0.1450131 0.5523354
v 0.09251414 0.15384105 0.5435075
v 0.27238014 0.15384099 0.54350746
v 0.28120804 0.15384099 0.5523354
v 0.28120804 0.15384099 0.678509
v 0.27238014 0.15384099 0.54350746
v 0.09251419 0.29322 0.5435075
v 0.09251414 0.15384105 0.5435075
v 0.2723802 0.29321998 0.54350746
v 0.27238017 0.15384099 0.68733686
v 0.28120804 0.15384099 0.678509
v 0.27238014 0.1450131 0.678509
v 0.27238023 0.29321998 0.68733686
v 0.28120813 0.29321998 0.678509
v 0.27238023 0.30204788 0.678509
v 0.2723802 0.30204788 0.5523354
v 0.28120807 0.29321998 0.5523354
v 0.28120804 0.15384099 0.5523354
v 0.2723802 0.29321998 0.54350746
v 0.27238014 0.15384099 0.54350746
v 0.27238023 0.30204788 0.678509
v 0.27238023 0.29321998 0.68733686
v 0.09251419 0.29322 0.68733686
v 0.09251419 0.30204794 0.67850906
v 0.09251419 0.30204794 0.55233544
v 0.2723802 0.30204788 0.5523354
v 0.09251419 0.29322 0.5435075
v 0.2723802 0.29321998 0.54350746
v 0.083686255 0.15384105 0.67850906
v 0.09251415 0.14501314 0.67850906
v 0.09251414 0.14501314 0.55233544
v 0.08368625 0.15384105 0.55233544
v 0.09251414 0.15384105 0.5435075
v 0.0836863 0.29322 0.67850906
v 0.09251419 0.29322 0.5435075
v 0.08368629 0.29322 0.55233544
v 0.09251419 0.30204794 0.67850906
v 0.09251419 0.30204794 0.55233544
v 0.2723803 0.008964173 0.3840586
v 0.27238023 0.29321998 0.3840586
v 0.13111214 0.2932199 0.3840586
v 0.1311122 0.008964136 0.3840586
v 0.2723803 0.00013627298 0.3928865
v 0.1311122 0.00013623573 0.3928865
v 0.12228429 0.008964136 0.3928865
v 0.12228425 0.2932199 0.3928865
v 0.13111214 0.2932199 0.55233544
v 0.27238023 0.29321998 0.55233544
v 0.2723803 0.008964173 0.55233544
v 0.1311122 0.008964136 0.55233544
v 0.12228425 0.2932199 0.3928865
v 0.13111214 0.2932199 0.3840586
v 0.13111214 0.3020478 0.3928865
v 0.13111214 0.3020478 0.5435075
v 0.12228425 0.2932199 0.5435075
v 0.12228429 0.008964136 0.3928865
v 0.13111214 0.2932199 0.55233544
v 0.12228429 0.008964136 0.5435075
v 0.1311122 0.008964136 0.55233544
v 0.2723803 0.008964173 0.3840586
v 0.28120813 0.29321998 0.3928865
v 0.27238023 0.29321998 0.3840586
v 0.2812082 0.008964173 0.3928865
v 0.2723803 0.00013627298 0.3928865
v 0.2723803 0.00013627298 0.5435075
v 0.2812082 0.008964173 0.5435075
v 0.28120813 0.29321998 0.5435075
v 0.2723803 0.008964173 0.55233544
v 0.27238023 0.29321998 0.55233544
v 0.12228429 0.008964136 0.5435075
v 0.1311122 0.00013623573 0.3928865
v 0.12228429 0.008964136 0.3928865
v 0.1311122 0.00013623573 0.5435075
v 0.2723803 0.00013627298 0.3928865
v 0.1311122 0.008964136 0.55233544
v 0.2723803 0.00013627298 0.5435075
v 0.2723803 0.008964173 0.55233544
v 0.13111214 0.3020478 0.3928865
v 0.13111214 0.2932199 0.3840586
v 0.27238023 0.29321998 0.3840586
v 0.27238023 0.30204785 0.3928865
v 0.28120813 0.29321998 0.3928865
v 0.28120813 0.29321998 0.5435075
v 0.27238023 0.30204785 0.5435075
v 0.13111214 0.3020478 0.5435075
v 0.27238023 0.29321998 0.55233544
v 0.13111214 0.2932199 0.55233544
v 0.027014922 -0.2515403 0.66983306
v 0.27238023 -0.2515403 0.66983306
v 0.2723802 0.01779204 0.66983306
v 0.027014898 0.017792009 0.66983306
v 0.027014919 -0.26036823 0.93764687
v 0.27238023 -0.2603682 0.93764687
v 0.27238023 -0.2603682 0.6786609
v 0.027014919 -0.26036823 0.6786609
v 0.027014922 -0.2515403 0.66983306
v 0.27238023 -0.2515403 0.66983306
v 0.027014919 -0.26036823 0.93764687
v 0.018187035 -0.2515403 0.93764687
v 0.027014922 -0.2515403 0.94647473
v 0.027014919 -0.26036823 0.6786609
v 0.018187035 -0.2515403 0.6786609
v 0.018187 0.017792009 0.93764687
v 0.027014922 -0.2515403 0.66983306
v 0.018187 0.017792009 0.6786609
v 0.027014898 0.017792009 0.66983306
v 0.027014898 0.026619902 0.93764687
v 0.027014898 0.017792009 0.94647473
v 0.018187 0.017792009 0.93764687
v 0.018187 0.017792009 0.6786609
v 0.027014898 0.026619902 0.6786609
v 0.027014898 0.017792009 0.66983306
v 0.2723802 0.02661994 0.93764687
v 0.2723802 0.01779204 0.66983306
v 0.2723802 0.02661994 0.6786609
v 0.027014922 -0.2515403 0.94647473
v 0.018187035 -0.2515403 0.93764687
v 0.018187 0.017792009 0.93764687
v 0.027014898 0.017792009 0.94647473
v 0.2723802 0.01779204 0.94647473
v 0.2723802 0.02661994 0.93764687
v 0.027014898 0.026619902 0.93764687
v 0.27238023 -0.2515403 0.94647473
v 0.27238023 -0.2603682 0.93764687
v 0.027014919 -0.26036823 0.93764687
v -0.27238017 -0.24271238 0.40171444
v -0.26355225 -0.24271238 0.3928865
v -0.26355225 0.28439212 0.3928865
v -0.27238017 0.28439212 0.40171444
v -0.27238014 0.09726058 0.5716156
v -0.27238014 0.28439212 0.5716156
v -0.27238014 -0.08890068 0.68631834
v -0.27238017 -0.24271238 0.7981557
v -0.27238017 -0.08890068 0.7981557
v -0.2636368 -0.080157325 0.6899401
v -0.2636368 0.10088219 0.5803589
v -0.2636368 -0.080157325 0.7981557
v 0.26355225 -0.25154027 0.40171438
v 0.26355225 -0.24271238 0.39288646
v -0.26355225 -0.24271238 0.3928865
v -0.26355225 -0.2515403 0.40171444
v -0.27238017 -0.24271238 0.40171444
v -0.27238017 -0.24271238 0.7981557
v -0.26355225 -0.2515403 0.7981557
v -0.15191606 -0.25154027 0.7981557
v 0.027014915 -0.25154027 0.81616545
v 0.26355225 -0.25154027 0.81616545
v -0.08235463 -0.25154027 0.8161655
v -0.086833835 -0.24279693 0.82403755
v -0.15302955 -0.24279693 0.8068991
v -0.029976951 -0.25154027 0.8681159
v 0.027014906 -0.2515403 0.931005
v -0.037810422 -0.24279693 0.8726609
v -0.013166608 -0.25154027 0.9309456
v -0.022186954 -0.24279693 0.9310644
v 0.26355225 -0.24271238 0.39288646
v -0.26355225 0.28439212 0.3928865
v -0.26355225 -0.24271238 0.3928865
v 0.26355225 0.28439212 0.39288646
v -0.086833835 -0.08890068 0.82403755
v -0.037810422 -0.08890068 0.8726609
v -0.037810422 -0.24279693 0.8726609
v -0.086833835 -0.24279693 0.82403755
v -0.15302955 -0.08890068 0.8068991
v -0.15302955 -0.24279693 0.8068991
v -0.2636368 -0.24094385 0.8068991
v -0.2636368 -0.08890068 0.8068991
v -0.27238017 -0.08890068 0.7981557
v -0.27238017 -0.24271238 0.7981557
v -0.26355225 -0.2515403 0.7981557
v -0.15191606 -0.25154027 0.7981557
v 0.018187035 -0.24271238 0.93764687
v 0.027014906 -0.2515403 0.931005
v -0.013166608 -0.25154027 0.9309456
v -0.012838161 -0.24278167 0.93764687
v -0.022186954 -0.24279693 0.9310644
v -0.022186954 -0.08890068 0.9310644
v -0.012838157 -0.08890068 0.93764687
v 0.018187035 -0.08890068 0.93764687
v -0.013166608 -0.080157354 0.9309456
v 0.027014906 -0.080157325 0.931005
v -0.27238017 -0.08890068 0.7981557
v -0.2636368 -0.080157325 0.7981557
v -0.2636368 -0.08890068 0.8068991
v -0.15302955 -0.08890068 0.8068991
v -0.15191606 -0.08015736 0.7981557
v -0.2636368 -0.080157325 0.6899401
v 0.027014906 -0.080157325 0.6899401
v -0.086833835 -0.08890068 0.82403755
v -0.08235463 -0.080157354 0.8161655
v 0.027014906 -0.080157325 0.8161655
v -0.029976951 -0.080157354 0.8681159
v 0.027014906 -0.080157325 0.931005
v -0.037810422 -0.08890068 0.8726609
v -0.013166608 -0.080157354 0.9309456
v -0.022186954 -0.08890068 0.9310644
v -0.26355225 0.29322 0.5716156
v 0.03661579 0.29321998 0.5716154
v 0.027014915 0.28439203 0.5803588
v -0.26355225 0.28439203 0.5803589
v -0.27238014 0.28439212 0.5716156
v -0.2636368 0.10088219 0.5803589
v -0.27238014 0.09726058 0.5716156
v 0.027014906 0.10088219 0.5803589
v -0.2636368 -0.080157325 0.6899401
v 0.027014906 -0.080157325 0.6899401
v 0.037067182 0.1450131 0.67850906
v 0.027014915 0.1450131 0.6684568
v 0.037067182 0.28747943 0.5856562
v 0.26232788 0.1450131 0.6785091
v 0.26232788 0.2874795 0.5856563
v 0.26232788 0.084171444 0.72447264
v 0.037067182 0.08417144 0.72447264
v -0.022186954 -0.24279693 0.9310644
v -0.037810422 -0.08890068 0.8726609
v -0.022186954 -0.08890068 0.9310644
v -0.037810422 -0.24279693 0.8726609
v 0.26355225 0.28439212 0.39288646
v 0.27238014 0.28439212 0.40171438
v 0.26355225 0.29322 0.40171438
v -0.26355225 0.28439212 0.3928865
v -0.26355225 0.29322004 0.40171444
v -0.27238017 0.28439212 0.40171444
v -0.27238014 0.28439212 0.5716156
v -0.26355225 0.29322 0.5716156
v 0.03661579 0.29321998 0.5716154
v 0.26355222 0.29322 0.57161546
v 0.26232788 0.2874795 0.5856563
v 0.037067182 0.28747943 0.5856562
v 0.027014915 0.28439203 0.5803588
v 0.27238014 0.28439212 0.40171438
v 0.26355225 0.28439212 0.39288646
v 0.26355225 -0.24271238 0.39288646
v 0.27238014 -0.24271238 0.40171438
v 0.26355225 -0.25154027 0.40171438
v 0.26355225 -0.25154027 0.81616545
v 0.27238014 -0.24271238 0.81616545
v 0.27238008 0.077818945 0.7166245
v 0.27238014 0.004412329 0.81616545
v 0.26232788 0.01779201 0.81616545
v 0.26232788 0.084171444 0.72447264
v 0.26232788 0.1450131 0.6785091
v 0.27238014 0.1450131 0.66845685
v 0.26232788 0.2874795 0.5856563
v 0.27238014 0.2843921 0.57141566
v 0.26355225 0.29322 0.40171438
v 0.26355222 0.29322 0.57161546
v 0.26232788 0.084171444 0.72447264
v 0.26232788 0.01779201 0.81616545
v 0.037067186 0.017792009 0.81616545
v 0.037067182 0.08417144 0.72447264
v 0.027014915 0.077818945 0.7166245
v 0.037067186 0.017792009 0.81616545
v 0.02701492 0.004412329 0.81616545
v 0.037067182 0.08417144 0.72447264
v 0.037067182 0.1450131 0.67850906
v 0.027014915 0.1450131 0.6684568
v 0.027014906 -0.080157325 0.8161655
v 0.027014906 -0.080157325 0.6899401
v 0.02701492 0.004412329 0.81616545
v 0.027014915 0.077818945 0.7166245
v 0.027014906 0.10088219 0.5803589
v 0.027014915 0.1450131 0.6684568
v 0.027014915 0.28439203 0.5803588
v 0.21089582 0.076557845 0.83051664
v 0.27238023 0.076557815 0.8305166
v 0.27238017 0.026619855 0.8305166
v 0.21089576 0.026619902 0.83051664
v 0.20206791 0.076557845 0.8216888
v 0.21089582 0.08538578 0.8216888
v 0.20206788 0.026619902 0.8216888
v 0.28120804 0.026619846 0.82168865
v 0.28120807 0.076557815 0.7752861
v 0.28120804 0.026619846 0.7752861
v 0.28120813 0.076557815 0.82168865
v 0.27238017 0.026619855 0.8305166
v 0.27238023 0.076557815 0.8305166
v 0.20206788 0.026619902 0.8216888
v 0.21089576 0.026619902 0.83051664
v 0.21089576 0.01779201 0.8216888
v 0.21089576 0.01779201 0.77528626
v 0.20206788 0.026619902 0.77528626
v 0.21089576 0.026619902 0.76645833
v 0.20206791 0.076557845 0.8216888
v 0.2108958 0.076557845 0.76645833
v 0.20206791 0.076557845 0.77528626
v 0.21089582 0.08538578 0.8216888
v 0.2108958 0.08538578 0.77528626
v 0.2723802 0.0853857 0.7752861
v 0.28120807 0.076557815 0.7752861
v 0.28120813 0.076557815 0.82168865
v 0.27238023 0.0853857 0.82168865
v 0.27238023 0.076557815 0.8305166
v 0.2108958 0.08538578 0.77528626
v 0.21089582 0.076557845 0.83051664
v 0.21089582 0.08538578 0.8216888
v 0.27238008 0.017791957 0.7752861
v 0.21089576 0.026619902 0.76645833
v 0.21089576 0.01779201 0.77528626
v 0.27238014 0.026619855 0.76645833
v 0.28120804 0.026619846 0.7752861
v 0.2108958 0.076557845 0.76645833
v 0.2723802 0.076557815 0.76645833
v 0.28120807 0.076557815 0.7752861
v 0.2723802 0.0853857 0.7752861
v 0.2108958 0.08538578 0.77528626
v -0.31541824 -0.050901353 0.7985315
v -0.31541818 -0.050901413 0.7032402
v -0.3242461 -0.04207349 0.7032402
v -0.32424614 -0.04207346 0.7985315
v -0.31541824 -0.04207346 0.80735946
v -0.31541818 0.47628394 0.80735946
v -0.3242461 0.11901137 0.6048877
v -0.32424614 0.47628403 0.7985315
v -0.32424614 0.47628403 0.6048877
v 0.0093590915 0.48511183 0.6048877
v 0.018187016 0.47628403 0.6048877
v 0.018187016 0.47628403 0.7985315
v 0.0093590915 0.48511183 0.7985315
v 0.0093590915 0.47628394 0.80735946
v -0.09848155 0.48511183 0.73042035
v -0.31541818 0.48511183 0.6048877
v -0.056934908 0.48511183 0.7985315
v -0.056934908 0.47628394 0.80735946
v -0.0664731 0.47628394 0.7985315
v -0.10389587 0.47628394 0.7392484
v -0.20757757 0.48511183 0.73042035
v -0.20216325 0.47628394 0.7392484
v -0.23958603 0.47628394 0.7985315
v -0.31541818 0.48511183 0.7985315
v -0.32424614 0.47628403 0.6048877
v -0.32424614 0.47628403 0.7985315
v -0.31541818 0.47628394 0.80735946
v -0.24912421 0.47628394 0.80735946
v -0.2491242 0.48511183 0.7985315
v 0.009359121 -0.050901353 0.7985315
v 0.018187016 -0.04207346 0.7032402
v 0.009359121 -0.050901353 0.7032402
v 0.018187016 -0.04207346 0.7985315
v 0.009359121 -0.04207346 0.80735946
v 0.0093590915 0.47628394 0.80735946
v 0.018186972 0.1190114 0.6048877
v 0.018187016 0.47628403 0.7985315
v 0.018187016 0.47628403 0.6048877
v 0.009359121 -0.04207346 0.80735946
v -0.31541824 -0.050901353 0.7985315
v -0.31541824 -0.04207346 0.80735946
v 0.009359121 -0.050901353 0.7985315
v -0.31541818 -0.050901413 0.7032402
v 0.009359121 -0.050901353 0.7032402
v -0.23958603 0.47628394 0.7985315
v -0.20216325 0.09267454 0.7392484
v -0.23958603 0.092674494 0.7985315
v -0.20216325 0.47628394 0.7392484
v -0.20216325 0.47628394 0.7392484
v -0.10389587 0.47628394 0.7392484
v -0.10389587 0.09267454 0.7392484
v -0.20216325 0.09267454 0.7392484
v -0.24912421 0.09267452 0.80735946
v -0.23958603 0.092674494 0.7985315
v -0.056934908 0.09267452 0.80735946
v -0.0664731 0.09267452 0.7985315
v -0.10389587 0.09267454 0.7392484
v -0.20216325 0.09267454 0.7392484
v -0.056934908 0.09267452 0.80735946
v -0.0664731 0.09267452 0.7985315
v -0.0664731 0.47628394 0.7985315
v -0.056934908 0.47628394 0.80735946
v 0.0093590915 0.47628394 0.80735946
v 0.009359121 -0.04207346 0.80735946
v -0.31541824 -0.04207346 0.80735946
v -0.24912421 0.09267452 0.80735946
v -0.31541818 0.47628394 0.80735946
v -0.24912421 0.47628394 0.80735946
v -0.23958603 0.47628394 0.7985315
v -0.23958603 0.092674494 0.7985315
v -0.0664731 0.47628394 0.7985315
v -0.0664731 0.09267452 0.7985315
v -0.10389587 0.09267454 0.7392484
v -0.10389587 0.47628394 0.7392484
v -0.397107 0.3694926 0.62439495
v -0.37969622 0.3694926 0.62439495
v -0.397107 0.33725592 0.6566315
v -0.37969622 0.33725592 0.6566315
v -0.37086833 0.33917713 0.659959
v -0.37086833 0.37282005 0.6263161
v -0.37086833 0.29321998 0.67227316
v -0.397107 0.29321998 0.6684309
v -0.4009796 0.33552977 0.65364164
v -0.4009796 0.29321998 0.6649786
v -0.4009796 0.25091016 0.65364164
v -0.397107 0.24918395 0.6566315
v -0.37969622 0.29321998 0.6684309
v -0.37969622 0.24918395 0.6566315
v -0.37086833 0.24726285 0.659959
v -0.397107 0.3694926 0.62439495
v -0.397107 0.33725592 0.6566315
v -0.4009796 0.33552977 0.65364164
v -0.4009796 0.36650276 0.62266874
v -0.4009796 0.29321998 0.5803589
v -0.4009796 0.37783965 0.5803589
v -0.4009796 0.29321998 0.6649786
v -0.4009796 0.36650276 0.5380491
v -0.4009796 0.25091016 0.65364164
v -0.4009796 0.33552977 0.50707614
v -0.397107 0.33725592 0.5040864
v -0.397107 0.3694926 0.53632295
v -0.40097964 0.29321998 0.49573928
v -0.4009796 0.25091016 0.50707614
v -0.4009796 0.2199372 0.5380491
v -0.397107 0.24918395 0.5040864
v -0.397107 0.21694738 0.53632295
v -0.4009796 0.20860033 0.5803589
v -0.4009796 0.2199372 0.62266874
v -0.397107 0.21694738 0.62439495
v -0.397107 0.24918395 0.6566315
v -0.397107 0.21694738 0.53632295
v -0.37969622 0.21694738 0.53632295
v -0.397107 0.24918395 0.5040864
v -0.37969622 0.24918395 0.5040864
v -0.37086833 0.24726285 0.5007589
v -0.37086833 0.21361992 0.53440183
v -0.37086833 0.29321998 0.48844466
v -0.37969622 0.29321998 0.49228686
v -0.39710703 0.29321998 0.49228686
v -0.4009796 0.25091016 0.50707614
v -0.40097964 0.29321998 0.49573928
v -0.4009796 0.33552977 0.50707614
v -0.397107 0.33725592 0.5040864
v -0.37969622 0.33725592 0.5040864
v -0.397107 0.3694926 0.53632295
v -0.37086833 0.33917713 0.5007589
v -0.37969622 0.3694926 0.53632295
v -0.37086833 0.37282005 0.53440183
v -0.397107 0.24918395 0.6566315
v -0.37969622 0.24918395 0.6566315
v -0.397107 0.21694738 0.62439495
v -0.37969622 0.21694738 0.62439495
v -0.37086833 0.21361992 0.6263161
v -0.37086833 0.24726285 0.659959
v -0.37086833 0.20130575 0.5803589
v -0.397107 0.20514797 0.5803589
v -0.4009796 0.2199372 0.62266874
v -0.4009796 0.20860033 0.5803589
v -0.4009796 0.2199372 0.5380491
v -0.397107 0.21694738 0.53632295
v -0.37969622 0.20514797 0.5803589
v -0.37969622 0.21694738 0.53632295
v -0.37086833 0.21361992 0.53440183
v -0.05693494 0.22415893 0.6999762
v -0.3242461 0.17360274 0.64942
v -0.3242461 0.22415893 0.6999762
v -0.05693494 0.17360274 0.64942
v -0.048107002 0.22686607 0.6952873
v -0.048107002 0.17829162 0.64671284
v -0.3242461 0.15509789 0.5803589
v -0.33297488 0.1783224 0.6466951
v -0.33297488 0.16054767 0.5803589
v -0.33297488 0.1783224 0.5140228
v -0.05693494 0.15509789 0.5803589
v -0.048107002 0.16051213 0.5803589
v -0.048107002 0.17829162 0.51400506
v -0.3242461 0.17360274 0.51129794
v -0.33297488 0.22688383 0.46546137
v -0.3242461 0.22415893 0.46074173
v -0.05693494 0.17360274 0.5112979
v -0.048107002 0.22686607 0.4654306
v -0.05693494 0.22415893 0.46074164
v -0.37086833 0.3851342 0.5803589
v -0.37086833 0.37282005 0.6263161
v -0.37969622 0.3694926 0.62439495
v -0.37969622 0.381292 0.5803589
v -0.397107 0.3694926 0.62439495
v -0.37969622 0.3694926 0.53632295
v -0.37086833 0.37282005 0.53440183
v -0.397107 0.381292 0.5803589
v -0.4009796 0.36650276 0.62266874
v -0.397107 0.3694926 0.53632295
v -0.4009796 0.37783965 0.5803589
v -0.4009796 0.36650276 0.5380491
v -0.3242461 0.4128372 0.51129794
v -0.33297488 0.4081176 0.5140228
v -0.33297488 0.3595561 0.46546137
v -0.3242461 0.36228102 0.46074173
v -0.3242461 0.29322 0.4422368
v -0.33297488 0.29322 0.44768664
v -0.33297488 0.22688383 0.46546137
v -0.3242461 0.22415893 0.46074173
v -0.05693494 0.22415893 0.46074164
v -0.05693494 0.29322 0.4422368
v -0.05693494 0.36228102 0.46074164
v -0.048107002 0.22686607 0.4654306
v -0.048107002 0.35957393 0.4654306
v -0.048107035 0.29322 0.4476511
v -0.3242461 0.17360274 0.64942
v -0.33297488 0.1783224 0.6466951
v -0.3242461 0.22415893 0.6999762
v -0.33297488 0.22688383 0.6952565
v -0.32424605 0.29322 0.71848106
v -0.33297485 0.29322 0.7130313
v -0.05693494 0.22415893 0.6999762
v -0.33297488 0.3595561 0.6952565
v -0.05693494 0.29322 0.71848106
v -0.048107002 0.22686607 0.6952873
v -0.048106976 0.29322 0.71306676
v -0.048107002 0.35957393 0.6952873
v -0.05693494 0.36228102 0.6999762
v -0.3242461 0.36228102 0.6999762
v -0.33297488 0.4081176 0.6466951
v -0.3242461 0.4128372 0.64942
v -0.023920905 -0.1808786 0.952263
v -0.02125214 -0.19053939 0.94237447
v -0.02170081 -0.26379654 0.94237447
v -0.024488239 -0.27345818 0.952263
v -0.038928404 -0.27346033 1.0046005
v -0.03843738 -0.18088077 1.0048841
v -0.070737615 -0.2734585 1.0368845
v -0.07045367 -0.18087894 1.037376
v -0.077008076 -0.26500893 1.0433198
v -0.076776125 -0.1893278 1.0437213
v -0.0973866 -0.05477017 1.0570039
v -0.08729159 -0.06443134 1.0542653
v -0.08762671 -0.19132109 1.0536848
v -0.0977728 -0.20098239 1.0563351
v -0.15302029 -0.054770604 1.0718162
v -0.15302026 -0.20098284 1.071044
v -0.20585887 -0.20098074 1.0573047
v -0.20624515 -0.054768495 1.057974
v -0.21581216 -0.19131908 1.0547675
v -0.2161473 -0.06442935 1.0553479
v -0.02170081 -0.26379654 0.94237447
v -0.02125214 -0.19053939 0.94237447
v -0.028027698 -0.19050258 0.94054943
v -0.028476361 -0.26375973 0.94054943
v -0.08729159 -0.06443134 1.0542653
v -0.090408884 -0.06439469 1.0480262
v -0.09074402 -0.19128445 1.0474458
v -0.08762671 -0.19132109 1.0536848
v -0.2161473 -0.06442935 1.0553479
v -0.21581216 -0.19131908 1.0547675
v -0.214005 -0.19128345 1.0479871
v -0.2143401 -0.0643937 1.0485675
v -0.028476361 -0.26375973 0.94054943
v -0.024488239 -0.27345818 0.952263
v -0.02170081 -0.26379654 0.94237447
v -0.031227116 -0.2734211 0.95044774
v -0.04500539 -0.2734222 1.0010921
v -0.038928404 -0.27346033 1.0046005
v -0.070737615 -0.2734585 1.0368845
v -0.07565562 -0.2734213 1.0319797
v -0.081949614 -0.26497188 1.0383914
v -0.077008076 -0.26500893 1.0433198
v -0.214005 -0.19128345 1.0479871
v -0.21581216 -0.19131908 1.0547675
v -0.20585887 -0.20098074 1.0573047
v -0.20406146 -0.20094486 1.0505611
v -0.15302491 -0.20094593 1.0640267
v -0.15302026 -0.20098284 1.071044
v -0.0977728 -0.20098239 1.0563351
v -0.100886256 -0.20094573 1.0501037
v -0.09074402 -0.19128445 1.0474458
v -0.08762671 -0.19132109 1.0536848
v -0.030659951 -0.18084158 0.95044774
v -0.028027698 -0.19050258 0.94054943
v -0.02125214 -0.19053939 0.94237447
v -0.023920905 -0.1808786 0.952263
v -0.044514365 -0.18084262 1.0013756
v -0.03843738 -0.18088077 1.0048841
v -0.07045367 -0.18087894 1.037376
v -0.0753719 -0.18084174 1.032471
v -0.076776125 -0.1893278 1.0437213
v -0.08171777 -0.1892908 1.0387928
v -0.090408884 -0.06439469 1.0480262
v -0.08729159 -0.06443134 1.0542653
v -0.0973866 -0.05477017 1.0570039
v -0.100500084 -0.054733485 1.0507725
v -0.15302493 -0.0547337 1.0647992
v -0.15302029 -0.054770604 1.0718162
v -0.20624515 -0.054768495 1.057974
v -0.2044477 -0.054732636 1.0512301
v -0.2161473 -0.06442935 1.0553479
v -0.2143401 -0.0643937 1.0485675
v -0.08171777 -0.1892908 1.0387928
v -0.076776125 -0.1893278 1.0437213
v -0.081949614 -0.26497188 1.0383914
v -0.077008076 -0.26500893 1.0433198
v -0.028476361 -0.26375973 0.94054943
v -0.028027698 -0.19050258 0.94054943
v -0.030659951 -0.18084158 0.95044774
v -0.031227116 -0.2734211 0.95044774
v -0.04500539 -0.2734222 1.0010921
v -0.044514365 -0.18084262 1.0013756
v -0.07565562 -0.2734213 1.0319797
v -0.0753719 -0.18084174 1.032471
v -0.081949614 -0.26497188 1.0383914
v -0.08171777 -0.1892908 1.0387928
v -0.09074402 -0.19128445 1.0474458
v -0.090408884 -0.06439469 1.0480262
v -0.100500084 -0.054733485 1.0507725
v -0.100886256 -0.20094573 1.0501037
v -0.15302493 -0.0547337 1.0647992
v -0.15302491 -0.20094593 1.0640267
v -0.20406146 -0.20094486 1.0505611
v -0.2044477 -0.054732636 1.0512301
v -0.214005 -0.19128345 1.0479871
v -0.2143401 -0.0643937 1.0485675
v -0.051082358 -0.27338412 0.9975835
v -0.09350066 -0.0546968 1.0418314
v -0.04992249 -0.0546968 0.99825317
v -0.09417031 -0.2733841 1.0406715
v -0.15302955 -0.0546968 1.057782
v -0.15302955 -0.2733841 1.0564427
v -0.2118888 -0.2733841 1.0406715
v -0.21255843 -0.0546968 1.0418314
v -0.051082358 -0.27338412 0.87986493
v -0.04992249 -0.054696813 0.8791954
v -0.09350066 -0.054696813 0.8356172
v -0.09417031 -0.27338415 0.8367771
v -0.15302955 -0.054696813 0.8196665
v -0.15302955 -0.27338415 0.8210058
v -0.2118888 -0.27338415 0.8367771
v -0.21255843 -0.054696813 0.8356172
v -0.03397177 -0.054696806 0.9387243
v -0.04992249 -0.054696813 0.8791954
v -0.051082358 -0.27338412 0.87986493
v -0.035311073 -0.27338412 0.9387243
v -0.051082358 -0.27338412 0.9975835
v -0.04992249 -0.0546968 0.99825317
v -0.15302955 -0.32379767 0.86144555
v -0.11439018 -0.32379767 0.87179893
v -0.11439018 -0.2760213 0.87179893
v -0.15302955 -0.2760213 0.86144555
v -0.19166893 -0.2760213 0.87179893
v -0.19166893 -0.32379767 0.87179893
v -0.08610424 -0.2760213 0.9000849
v -0.11439018 -0.2760213 0.87179893
v -0.11439018 -0.32379767 0.87179893
v -0.08610424 -0.32379767 0.9000849
v -0.075750835 -0.2760213 0.9387243
v -0.075750835 -0.32379767 0.9387243
v -0.08610424 -0.2760213 0.97736365
v -0.08610424 -0.32379767 0.97736365
v -0.08610424 -0.2760213 0.97736365
v -0.08610424 -0.32379767 0.97736365
v -0.11439018 -0.2760213 1.0056496
v -0.11439018 -0.32379767 1.0056496
v -0.15302955 -0.2760213 1.016003
v -0.15302955 -0.32379767 1.016003
v -0.19166893 -0.32379767 1.0056496
v -0.19166893 -0.2760213 1.0056496
v -0.21995486 -0.32379767 0.97736365
v -0.21995486 -0.2760213 0.97736365
v -0.21255843 -0.0546968 1.0418314
v -0.2118888 -0.2733841 1.0406715
v -0.25497675 -0.27338412 0.9975835
v -0.25613663 -0.0546968 0.99825317
v -0.2720873 -0.054696806 0.9387243
v -0.27074805 -0.27338412 0.9387243
v -0.25497675 -0.27338412 0.87986493
v -0.25613663 -0.054696813 0.8791954
v -0.21255843 -0.054696813 0.8356172
v -0.2118888 -0.27338415 0.8367771
v -0.21995486 -0.2760213 0.9000849
v -0.19166893 -0.32379767 0.87179893
v -0.19166893 -0.2760213 0.87179893
v -0.21995486 -0.32379767 0.9000849
v -0.2303083 -0.2760213 0.9387243
v -0.2303083 -0.32379767 0.9387243
v -0.21995486 -0.2760213 0.97736365
v -0.21995486 -0.32379767 0.97736365
v -0.08320295 -0.9154318 0.9936816
v -0.07649635 -0.92336637 0.98688
v -0.078849845 -1.0097995 0.98552114
v -0.08593907 -1.0177392 0.992123
v -0.108561784 -0.91544074 1.0181394
v -0.10912065 -1.0177484 1.0148108
v -0.1530358 -0.91544247 1.0297883
v -0.15303291 -1.0177497 1.0265716
v -0.19695324 -1.0177487 1.0148023
v -0.11765583 -0.76628506 1.0253664
v -0.10835424 -0.77422005 1.0227113
v -0.15303858 -0.7662923 1.0344778
v -0.19856156 -0.91544163 1.017588
v -0.22910132 -1.0177486 0.98265874
v -0.20090634 -0.76629174 1.0216492
v -0.23188724 -0.91544163 0.9842668
v -0.23594865 -0.7662916 0.98661107
v -0.24363934 -0.9154321 0.942152
v -0.2378338 -1.0177413 0.95141476
v -0.24067207 -1.0098022 0.94215256
v -0.23188724 -0.91544163 0.9842668
v -0.22910132 -1.0177486 0.98265874
v -0.24574916 -0.76628417 0.951416
v -0.23594865 -0.7662916 0.98661107
v -0.24807939 -0.7742191 0.9421515
v -0.14033747 -0.32623824 0.8321559
v -0.14960535 -0.3341735 0.82983786
v -0.14960535 -0.52784425 0.8359272
v -0.14033891 -0.5357831 0.8387496
v -0.101520136 -0.53579074 0.849528
v -0.098226085 -0.32624605 0.8438223
v -0.24376848 -0.52784556 0.89029866
v -0.24904197 -0.33417475 0.887254
v -0.2516687 -0.3262393 0.89643925
v -0.24589555 -0.5357838 0.89975137
v -0.2626188 -0.32624617 0.9387292
v -0.25597867 -0.5357893 0.93989
v -0.2516658 -0.32623747 0.9810224
v -0.24354774 -0.53578013 0.98704284
v -0.24903859 -0.33417255 0.9902077
v -0.24947119 -0.65103036 0.95141286
v -0.2522369 -0.6430951 0.94197
v -0.24289732 -0.65103036 0.9759468
v -0.24062452 -0.6430934 0.9853603
v -0.058122505 -0.3262461 0.88392967
v -0.098226085 -0.32624605 0.8438223
v -0.101520136 -0.53579074 0.849528
v -0.06382822 -0.5357908 0.8872238
v -0.043440327 -0.32624605 0.93871397
v -0.050028734 -0.53579074 0.9387137
v -0.060103692 -0.53578305 0.97772115
v -0.05439259 -0.32623821 0.98101676
v -0.062292565 -0.52784425 0.98715734
v -0.057019085 -0.33417347 0.990202
v -0.06076835 -0.56308305 0.9001143
v -0.06347346 -0.57102 0.8909499
v -0.06469259 -0.615793 0.8916539
v -0.06241971 -0.62372994 0.90106755
v -0.053824004 -0.56308305 0.9260309
v -0.055730835 -0.62372994 0.9260309
v -0.051584557 -0.57102 0.93531996
v -0.05299229 -0.615793 0.93531996
v -0.24376848 -0.52784556 0.89029866
v -0.23741233 -0.52770877 0.8919872
v -0.24268581 -0.33403796 0.88894254
v -0.24904197 -0.33417475 0.887254
v -0.15131745 -0.3340373 0.8361877
v -0.15131745 -0.5277081 0.84227705
v -0.14960535 -0.52784425 0.8359272
v -0.14960535 -0.3341735 0.82983786
v -0.08320295 -0.9154318 0.9936816
v -0.108561784 -0.91544074 1.0181394
v -0.11131791 -0.9153002 1.0121683
v -0.087779835 -0.91529584 0.9890807
v -0.07649635 -0.92336637 0.98688
v -0.081134535 -0.92323166 0.98221755
v -0.24354774 -0.53578013 0.98704284
v -0.24903859 -0.33417255 0.9902077
v -0.24268413 -0.33403686 0.98851264
v -0.23719388 -0.53564453 0.98534554
v -0.24062452 -0.6430934 0.9853603
v -0.23427126 -0.642958 0.9836607
v -0.06469259 -0.615793 0.8916539
v -0.06347346 -0.57102 0.8909499
v -0.06982602 -0.57088387 0.8926521
v -0.071045145 -0.61565685 0.893356
v -0.24172996 -0.77408296 0.9404379
v -0.24807939 -0.7742191 0.9421515
v -0.24363934 -0.9154321 0.942152
v -0.23728994 -0.915296 0.94043815
v -0.24067207 -1.0098022 0.94215256
v -0.23432276 -1.0096661 0.9404384
v -0.07649635 -0.92336637 0.98688
v -0.08348803 -1.0096647 0.98085874
v -0.078849845 -1.0097995 0.98552114
v -0.081134535 -0.92323166 0.98221755
v -0.062292565 -0.52784425 0.98715734
v -0.06337427 -0.3340373 0.9885097
v -0.057019085 -0.33417347 0.990202
v -0.068647765 -0.5277081 0.98546517
v -0.24589555 -0.5357838 0.89975137
v -0.25597867 -0.5357893 0.93989
v -0.24942802 -0.5356491 0.93930715
v -0.23961231 -0.53564644 0.90142035
v -0.23741233 -0.52770877 0.8919872
v -0.24376848 -0.52784556 0.89029866
v -0.108561784 -0.91544074 1.0181394
v -0.10835424 -0.77422005 1.0227113
v -0.11010416 -0.7740834 1.0163767
v -0.11131791 -0.9153002 1.0121683
v -0.2522369 -0.6430951 0.94197
v -0.24587007 -0.64295876 0.94034714
v -0.24942802 -0.5356491 0.93930715
v -0.25597867 -0.5357893 0.93989
v -0.068647765 -0.5277081 0.98546517
v -0.062292565 -0.52784425 0.98715734
v -0.060103692 -0.53578305 0.97772115
v -0.06641688 -0.535646 0.97604
v -0.056605235 -0.5356499 0.9387191
v -0.050028734 -0.53579074 0.9387137
v -0.06952365 -0.5356499 0.89051205
v -0.06382822 -0.5357908 0.8872238
v -0.101520136 -0.53579074 0.849528
v -0.10481289 -0.5356499 0.8552209
v -0.14033891 -0.5357831 0.8387496
v -0.1420397 -0.535646 0.8450575
v -0.15131745 -0.5277081 0.84227705
v -0.14960535 -0.52784425 0.8359272
v -0.24807939 -0.7742191 0.9421515
v -0.24172996 -0.77408296 0.9404379
v -0.2394451 -0.7661469 0.94971466
v -0.24574916 -0.76628417 0.951416
v -0.23025617 -0.7661507 0.98331785
v -0.23594865 -0.7662916 0.98661107
v -0.19761808 -0.7661507 1.0159539
v -0.20090634 -0.76629174 1.0216492
v -0.15303858 -0.7662923 1.0344778
v -0.15303406 -0.766151 1.0279013
v -0.11765583 -0.76628506 1.0253664
v -0.1193371 -0.76614743 1.0190569
v -0.10835424 -0.77422005 1.0227113
v -0.11010416 -0.7740834 1.0163767
v -0.059344843 -0.61565685 0.9370221
v -0.05299229 -0.615793 0.93531996
v -0.055730835 -0.62372994 0.9260309
v -0.062083386 -0.6235938 0.92773306
v -0.06877227 -0.6235938 0.90276974
v -0.06241971 -0.62372994 0.90106755
v -0.071045145 -0.61565685 0.893356
v -0.06469259 -0.615793 0.8916539
v -0.051584557 -0.57102 0.93531996
v -0.05793712 -0.57088387 0.9370221
v -0.060176566 -0.5629469 0.92773306
v -0.053824004 -0.56308305 0.9260309
v -0.06076835 -0.56308305 0.9001143
v -0.0671209 -0.5629469 0.90181637
v -0.06347346 -0.57102 0.8909499
v -0.06982602 -0.57088387 0.8926521
v -0.24904197 -0.33417475 0.887254
v -0.24268581 -0.33403796 0.88894254
v -0.24535173 -0.32610175 0.8981172
v -0.2516687 -0.3262393 0.89643925
v -0.2560423 -0.32610518 0.9387268
v -0.2626188 -0.32624617 0.9387292
v -0.2516658 -0.32623747 0.9810224
v -0.24535029 -0.32610083 0.9793378
v -0.24903859 -0.33417255 0.9902077
v -0.24268413 -0.33403686 0.98851264
v -0.14203899 -0.3261012 0.83846647
v -0.15131745 -0.3340373 0.8361877
v -0.14960535 -0.3341735 0.82983786
v -0.14033747 -0.32623824 0.8321559
v -0.101518765 -0.32610515 0.8495152
v -0.098226085 -0.32624605 0.8438223
v -0.063817926 -0.32610518 0.88721776
v -0.058122505 -0.3262461 0.88392967
v -0.043440327 -0.32624605 0.93871397
v -0.050016828 -0.32610515 0.93871915
v -0.05439259 -0.32623821 0.98101676
v -0.06070847 -0.3261012 0.97933507
v -0.057019085 -0.33417347 0.990202
v -0.06337427 -0.3340373 0.9885097
v -0.078849845 -1.0097995 0.98552114
v -0.08348803 -1.0096647 0.98085874
v -0.08593907 -1.0177392 0.992123
v -0.09054076 -1.017603 0.9874973
v -0.11240153 -1.0176076 1.0091112
v -0.10912065 -1.0177484 1.0148108
v -0.15303124 -1.0176083 1.0199951
v -0.15303291 -1.0177497 1.0265716
v -0.19366498 -1.0176078 1.0091069
v -0.19695324 -1.0177487 1.0148023
v -0.22910132 -1.0177486 0.98265874
v -0.22340906 -1.0176077 0.97936505
v -0.2378338 -1.0177413 0.95141476
v -0.23153436 -1.0176041 0.94971395
v -0.23432276 -1.0096661 0.9404384
v -0.24067207 -1.0098022 0.94215256
v -0.24289732 -0.65103036 0.9759468
v -0.24062452 -0.6430934 0.9853603
v -0.23427126 -0.642958 0.9836607
v -0.23654409 -0.6508948 0.9742471
v -0.24311797 -0.6508948 0.9497131
v -0.24947119 -0.65103036 0.95141286
v -0.24587007 -0.64295876 0.94034714
v -0.2522369 -0.6430951 0.94197
v -0.05299229 -0.615793 0.93531996
v -0.05793712 -0.57088387 0.9370221
v -0.051584557 -0.57102 0.93531996
v -0.059344843 -0.61565685 0.9370221
v -0.23153436 -1.0176041 0.94971395
v -0.23728994 -0.915296 0.94043815
v -0.23432276 -1.0096661 0.9404384
v -0.2394451 -0.7661469 0.94971466
v -0.24172996 -0.77408296 0.9404379
v -0.22340906 -1.0176077 0.97936505
v -0.23025617 -0.7661507 0.98331785
v -0.19761808 -0.7661507 1.0159539
v -0.23025617 -0.7661507 0.98331785
v -0.22340906 -1.0176077 0.97936505
v -0.19366498 -1.0176078 1.0091069
v -0.15303406 -0.766151 1.0279013
v -0.15303124 -1.0176083 1.0199951
v -0.11131791 -0.9153002 1.0121683
v -0.11240153 -1.0176076 1.0091112
v -0.09054076 -1.017603 0.9874973
v -0.11010416 -0.7740834 1.0163767
v -0.1193371 -0.76614743 1.0190569
v -0.087779835 -0.91529584 0.9890807
v -0.08348803 -1.0096647 0.98085874
v -0.081134535 -0.92323166 0.98221755
v -0.24535173 -0.32610175 0.8981172
v -0.24268581 -0.33403796 0.88894254
v -0.23741233 -0.52770877 0.8919872
v -0.23961231 -0.53564644 0.90142035
v -0.2560423 -0.32610518 0.9387268
v -0.24942802 -0.5356491 0.93930715
v -0.24535029 -0.32610083 0.9793378
v -0.23654409 -0.6508948 0.9742471
v -0.24311797 -0.6508948 0.9497131
v -0.24587007 -0.64295876 0.94034714
v -0.23719388 -0.53564453 0.98534554
v -0.23427126 -0.642958 0.9836607
v -0.24268413 -0.33403686 0.98851264
v -0.071045145 -0.61565685 0.893356
v -0.06982602 -0.57088387 0.8926521
v -0.0671209 -0.5629469 0.90181637
v -0.06877227 -0.6235938 0.90276974
v -0.060176566 -0.5629469 0.92773306
v -0.062083386 -0.6235938 0.92773306
v -0.059344843 -0.61565685 0.9370221
v -0.05793712 -0.57088387 0.9370221
v -0.15131745 -0.5277081 0.84227705
v -0.15131745 -0.3340373 0.8361877
v -0.14203899 -0.3261012 0.83846647
v -0.1420397 -0.535646 0.8450575
v -0.10481289 -0.5356499 0.8552209
v -0.101518765 -0.32610515 0.8495152
v -0.10481289 -0.5356499 0.8552209
v -0.101518765 -0.32610515 0.8495152
v -0.063817926 -0.32610518 0.88721776
v -0.06952365 -0.5356499 0.89051205
v -0.050016828 -0.32610515 0.93871915
v -0.056605235 -0.5356499 0.9387191
v -0.06641688 -0.535646 0.97604
v -0.06070847 -0.3261012 0.97933507
v -0.068647765 -0.5277081 0.98546517
v -0.06337427 -0.3340373 0.9885097
v -0.08834234 -1.0174669 0.9013771
v -0.06951334 -0.32596424 0.890506
v -0.104811445 -0.32596424 0.85520804
v -0.11568238 -1.0174669 0.8740371
v -0.15302955 -0.32596424 0.842288
v -0.15302955 -1.0174669 0.8640298
v -0.19037671 -1.0174669 0.8740371
v -0.20124765 -0.32596424 0.85520804
v -0.21771678 -1.0174669 0.9013771
v -0.23654577 -0.32596424 0.890506
v -0.05659332 -0.32596424 0.9387243
v -0.06951334 -0.32596424 0.890506
v -0.08834234 -1.0174669 0.9013771
v -0.0783352 -1.0174669 0.9387243
v -0.08834234 -1.0174669 0.9760715
v -0.06951334 -0.32596424 0.9869424
v -0.11568238 -1.0174669 1.0034115
v -0.104811445 -0.32596424 1.0222405
v -0.11568238 -1.0174669 1.0034115
v -0.15302955 -0.32596424 1.0351605
v -0.104811445 -0.32596424 1.0222405
v -0.15302955 -1.0174669 1.0134187
v -0.19037671 -1.0174669 1.0034115
v -0.20124765 -0.32596424 1.0222405
v -0.21771678 -1.0174669 0.9760715
v -0.23654577 -0.32596424 0.9869424
v -0.10264299 -1.0196335 0.90963346
v -0.12099685 -0.95346624 0.8968247
v -0.104338646 -0.95346624 0.9184544
v -0.09484817 -1.0196335 0.9387243
v -0.100727126 -0.95346624 0.9455156
v -0.10264299 -1.0196335 0.967815
v -0.11113 -0.95346624 0.9707569
v -0.23654577 -0.32596424 0.890506
v -0.24946576 -0.32596424 0.9387243
v -0.21771678 -1.0174669 0.9013771
v -0.2277239 -1.0174669 0.9387243
v -0.21771678 -1.0174669 0.9760715
v -0.23654577 -0.32596424 0.9869424
v -0.19492908 -0.95346624 0.90669155
v -0.18212026 -1.0196335 0.8883377
v -0.2034161 -1.0196335 0.90963346
v -0.17329927 -0.95346624 0.8900333
v -0.15302955 -1.0196335 0.8805429
v -0.1462382 -0.95346624 0.88642186
v -0.123938866 -1.0196335 0.8883377
v -0.12099685 -0.95346624 0.8968247
v -0.10264299 -1.0196335 0.90963346
v -0.18506223 -0.95346624 0.98062384
v -0.2034161 -1.0196335 0.967815
v -0.18212026 -1.0196335 0.98911077
v -0.1598209 -0.95346624 0.9910266
v -0.15302955 -1.0196335 0.99690557
v -0.13275982 -0.95346624 0.98741513
v -0.123938866 -1.0196335 0.98911077
v -0.11113 -0.95346624 0.9707569
v -0.10264299 -1.0196335 0.967815
v -0.19492908 -0.95346624 0.90669155
v -0.2034161 -1.0196335 0.90963346
v -0.20533195 -0.95346624 0.9319328
v -0.21121095 -1.0196335 0.9387243
v -0.20172045 -0.95346624 0.958994
v -0.2034161 -1.0196335 0.967815
v -0.18506223 -0.95346624 0.98062384
v -0.11113 -0.95346624 0.9707569
v -0.1598209 -0.95346624 0.9910266
v -0.13275982 -0.95346624 0.98741513
v -0.1462382 -0.95346624 0.88642186
v -0.100727126 -0.95346624 0.9455156
v -0.104338646 -0.95346624 0.9184544
v -0.12099685 -0.95346624 0.8968247
v -0.20172045 -0.95346624 0.958994
v -0.18506223 -0.95346624 0.98062384
v -0.20533195 -0.95346624 0.9319328
v -0.19492908 -0.95346624 0.90669155
v -0.17329927 -0.95346624 0.8900333
v -0.037940018 0.037878606 0.25422746
v 0.037940018 0.037878606 0.25422746
v -0.03794 -0.0378786 0.25422746
v 0.03794 -0.0378786 0.25422746
v 0.05896223 0.037878603 0.27721798
v 0.05896225 0.037878606 0.2429696
v 0.058962267 -0.0378786 0.2429696
v 0.058962233 -0.037878606 0.27721798
v 0.058962215 -0.031865917 0.29778606
v 0.058962215 0.03186997 0.29778606
v 0.058962215 0.012174496 0.31209567
v 0.058962215 -0.012170447 0.31209567
v 0.03794 -0.0378786 0.25422746
v 0.037940018 0.037878606 0.25422746
v 0.037940018 0.037878606 0.27721798
v 0.03794 -0.0378786 0.27721798
v 0.037939984 -0.031865917 0.29778606
v 0.03793998 0.03186997 0.29778606
v 0.03793998 0.012174496 0.31209567
v 0.037939984 -0.012170447 0.31209567
v 0.058962215 -0.031865917 0.29778606
v 0.03794 -0.0378786 0.27721798
v 0.037939984 -0.031865917 0.29778606
v 0.058962233 -0.037878606 0.27721798
v 0.03794 -0.0378786 0.25422746
v 0.058962267 -0.0378786 0.2429696
v -0.05896225 -0.0378786 0.2429696
v -0.03794 -0.0378786 0.25422746
v -0.058962233 -0.037878606 0.27721798
v -0.03794 -0.0378786 0.27721798
v -0.05896223 -0.031865917 0.29778606
v -0.03793999 -0.031865917 0.29778606
v 0.058962215 -0.012170447 0.31209567
v 0.058962215 -0.031865917 0.29778606
v 0.037939984 -0.031865917 0.29778606
v 0.037939984 -0.012170447 0.31209567
v 0.058962215 0.012174496 0.31209567
v 0.03793998 0.012174496 0.31209567
v 0.058962215 0.03186997 0.29778606
v 0.03793998 0.03186997 0.29778606
v 0.058962215 0.03186997 0.29778606
v 0.03793998 0.03186997 0.29778606
v 0.037940018 0.037878606 0.27721798
v 0.05896223 0.037878603 0.27721798
v 0.037940018 0.037878606 0.25422746
v 0.05896225 0.037878606 0.2429696
v -0.037940018 0.037878606 0.25422746
v -0.058962263 0.037878595 0.2429696
v -0.05896223 0.037878603 0.27721798
v -0.037940018 0.037878606 0.27721798
v -0.058962215 0.03186997 0.29778606
v -0.037939988 0.03186997 0.29778606
v -0.058962233 -0.037878606 0.27721798
v -0.05896225 -0.0378786 0.2429696
v -0.058962263 0.037878595 0.2429696
v -0.05896223 0.037878603 0.27721798
v -0.05896223 -0.031865917 0.29778606
v -0.058962215 0.03186997 0.29778606
v -0.058962215 0.012174496 0.31209567
v -0.05896223 -0.012170447 0.31209567
v -0.037940018 0.037878606 0.27721798
v -0.037940018 0.037878606 0.25422746
v -0.03794 -0.0378786 0.25422746
v -0.03794 -0.0378786 0.27721798
v -0.03793999 -0.031865917 0.29778606
v -0.037939988 0.03186997 0.29778606
v -0.037939988 0.012174496 0.31209567
v -0.03793999 -0.012170447 0.31209567
v -0.05896223 -0.012170447 0.31209567
v -0.03793999 -0.031865917 0.29778606
v -0.05896223 -0.031865917 0.29778606
v -0.03793999 -0.012170447 0.31209567
v -0.058962215 0.012174496 0.31209567
v -0.037939988 0.012174496 0.31209567
v -0.058962215 0.03186997 0.29778606
v -0.037939988 0.03186997 0.29778606
v -0.059054807 -0.059054807 0.1685296
v -0.059054807 -0.059054807 0.22655782
v -0.03196023 -0.07715882 0.22655782
v -0.03196023 -0.07715882 0.1685296
v 6.0717955E-09 -0.08351612 0.22655782
v 6.0717955E-09 -0.08351612 0.1685296
v 0.031960238 -0.07715882 0.22655782
v 0.031960238 -0.07715882 0.1685296
v 0.059054818 -0.059054807 0.22655782
v 0.059054818 -0.059054807 0.1685296
v 0.059054807 0.059054818 0.22655782
v 0.031960227 0.07715882 0.22655782
v 0.059054807 0.059054818 0.1685296
v 0.031960227 0.07715882 0.1685296
v -6.5387864E-09 0.08351612 0.22655782
v -6.5387864E-09 0.08351612 0.1685296
v -0.031960245 0.07715882 0.22655782
v -0.031960245 0.07715882 0.1685296
v -0.059054818 0.059054807 0.22655782
v -0.059054818 0.059054807 0.1685296
v -0.059054807 -0.059054807 0.22655782
v -0.059054807 -0.059054807 0.1685296
v -0.077158816 -0.031960245 0.1685296
v -0.077158816 -0.031960245 0.22655782
v -0.08351613 -3.7252903E-09 0.1685296
v -0.08351613 -3.7252903E-09 0.22655782
v -0.07715882 0.03196023 0.1685296
v -0.07715882 0.03196023 0.22655782
v -0.059054818 0.059054807 0.1685296
v -0.059054818 0.059054807 0.22655782
v 0.059054807 0.059054818 0.22655782
v 0.059054807 0.059054818 0.1685296
v 0.07715882 0.03196024 0.1685296
v 0.07715882 0.03196024 0.22655782
v 0.08351613 3.7252903E-09 0.1685296
v 0.08351613 3.7252903E-09 0.22655782
v 0.07715882 -0.03196023 0.1685296
v 0.07715882 -0.03196023 0.22655782
v 0.059054818 -0.059054807 0.1685296
v 0.059054818 -0.059054807 0.22655782
v 0.07715882 -0.03196023 0.22655782
v 0.058962267 -0.0378786 0.2429696
v 0.08351613 3.7252903E-09 0.22655782
v 0.05896225 0.037878606 0.2429696
v 0.07715882 0.03196024 0.22655782
v -0.07715882 0.03196023 0.22655782
v -0.058962263 0.037878595 0.2429696
v -0.08351613 -3.7252903E-09 0.22655782
v -0.05896225 -0.0378786 0.2429696
v -0.077158816 -0.031960245 0.22655782
v 0.059054818 -0.059054807 0.22655782
v 0.031960238 -0.07715882 0.22655782
v 0.058962267 -0.0378786 0.2429696
v 6.0717955E-09 -0.08351612 0.22655782
v -0.05896225 -0.0378786 0.2429696
v -0.03196023 -0.07715882 0.22655782
v -0.059054807 -0.059054807 0.22655782
v -0.059054818 0.059054807 0.22655782
v -0.031960245 0.07715882 0.22655782
v -0.058962263 0.037878595 0.2429696
v -6.5387864E-09 0.08351612 0.22655782
v 0.05896225 0.037878606 0.2429696
v 0.031960227 0.07715882 0.22655782
v 0.059054807 0.059054818 0.22655782
v -0.07715882 0.03196023 0.1685296
v -0.08351613 -3.7252903E-09 0.1685296
v -0.077158816 -0.031960245 0.1685296
v -0.03196023 -0.07715882 0.1685296
v -0.059054807 -0.059054807 0.1685296
v 0.031960227 0.07715882 0.1685296
v -0.031960245 0.07715882 0.1685296
v -0.059054818 0.059054807 0.1685296
v -6.5387864E-09 0.08351612 0.1685296
v 0.07715882 -0.03196023 0.1685296
v 0.031960238 -0.07715882 0.1685296
v 6.0717955E-09 -0.08351612 0.1685296
v 0.059054818 -0.059054807 0.1685296
v 0.07715882 0.03196024 0.1685296
v 0.08351613 3.7252903E-09 0.1685296
v 0.059054807 0.059054818 0.1685296
v -2.541214E-09 0.034665484 0.27558634
v 0.024510762 0.024512788 0.27558634
v 0.024510762 0.024512788 0.39356047
v -2.541214E-09 0.034665484 0.39356047
v -0.024510767 0.024512788 0.27558634
v -0.024510767 0.024512788 0.39356047
v 0.034663454 2.0246953E-06 0.39356047
v 0.024510762 0.024512788 0.39356047
v 0.024510762 0.024512788 0.27558634
v 0.034663454 2.0246953E-06 0.27558634
v 0.024510762 -0.024508743 0.39356047
v 0.024510762 -0.024508743 0.27558634
v -2.541214E-09 -0.03466143 0.39356047
v 0.024510762 -0.024508743 0.39356047
v 0.024510762 -0.024508743 0.27558634
v -2.541214E-09 -0.03466143 0.27558634
v -0.024510767 -0.024508743 0.39356047
v -0.024510767 -0.024508743 0.27558634
v -0.03466346 2.0246953E-06 0.39356047
v -0.024510767 -0.024508743 0.39356047
v -0.024510767 -0.024508743 0.27558634
v -0.03466346 2.0246953E-06 0.27558634
v -0.024510767 0.024512788 0.39356047
v -0.024510767 0.024512788 0.27558634
v -0 0.043231018 0.31433412
v 0.030567514 0.030569538 0.31433412
v 0.030567514 0.030569538 0.32812804
v -0 0.043231018 0.32812804
v -0.030567514 0.030569538 0.31433412
v -0.030567514 0.030569538 0.32812804
v 0.04322899 2.0246953E-06 0.32812804
v 0.030567514 0.030569538 0.32812804
v 0.030567514 0.030569538 0.31433412
v 0.04322899 2.0246953E-06 0.31433412
v 0.030567514 -0.030565487 0.32812804
v 0.030567514 -0.030565487 0.31433412
v -0 -0.043226965 0.32812804
v 0.030567514 -0.030565487 0.32812804
v 0.030567514 -0.030565487 0.31433412
v -0 -0.043226965 0.31433412
v -0.030567514 -0.030565487 0.32812804
v -0.030567514 -0.030565487 0.31433412
v -0.04322899 2.0246953E-06 0.32812804
v -0.030567514 -0.030565487 0.32812804
v -0.030567514 -0.030565487 0.31433412
v -0.04322899 2.0246953E-06 0.31433412
v -0.030567514 0.030569538 0.32812804
v -0.030567514 0.030569538 0.31433412
v -0.030567514 0.030569538 0.32812804
v -0 0.043231018 0.32812804
v 0.030567514 0.030569538 0.32812804
v -0 -0.043226965 0.32812804
v 0.04322899 2.0246953E-06 0.32812804
v 0.030567514 -0.030565487 0.32812804
v -0.04322899 2.0246953E-06 0.32812804
v -0.030567514 -0.030565487 0.32812804
v 0.030567514 0.030569538 0.31433412
v -0 0.043231018 0.31433412
v -0.030567514 0.030569538 0.31433412
v -0 -0.043226965 0.31433412
v 0.04322899 2.0246953E-06 0.31433412
v 0.030567514 -0.030565487 0.31433412
v -0.04322899 2.0246953E-06 0.31433412
v -0.030567514 -0.030565487 0.31433412
v -0.045769203 0.024512796 0.25107566
v 0.045769203 0.024512796 0.25107566
v 0.045769196 0.034665484 0.2755864
v -0.045769203 0.034665484 0.2755864
v -0.045769203 0.024512794 0.30009717
v 0.045769196 0.024512794 0.30009717
v 0.045769203 2.0354055E-06 0.24092294
v 0.045769203 0.024512796 0.25107566
v -0.045769203 0.024512796 0.25107566
v -0.045769203 2.0354055E-06 0.24092294
v 0.045769203 -0.024508731 0.25107563
v -0.045769215 -0.024508731 0.25107563
v 0.045769203 -0.034661427 0.2755864
v 0.045769203 -0.024508731 0.25107563
v -0.045769215 -0.024508731 0.25107563
v -0.045769215 -0.034661427 0.2755864
v -0.045769203 -0.024508739 0.30009717
v 0.045769203 -0.024508739 0.30009717
v 0.045769203 2.0260923E-06 0.31024984
v 0.045769203 -0.024508739 0.30009717
v -0.045769203 -0.024508739 0.30009717
v -0.045769203 2.0260923E-06 0.31024984
v 0.045769196 0.024512794 0.30009717
v -0.045769203 0.024512794 0.30009717
v 0.058962215 -0.023833968 0.25990015
v 0.086068116 -0.023833968 0.25990015
v 0.086068116 -0.009102516 0.2491971
v 0.058962215 -0.009102516 0.2491971
v 0.086068116 0.009106563 0.2491971
v 0.058962215 0.009106563 0.2491971
v 0.086068116 0.023838019 0.25990015
v 0.058962215 0.023838019 0.25990015
v 0.086068116 0.02946493 0.277218
v 0.058962215 0.023838019 0.25990015
v 0.086068116 0.023838019 0.25990015
v 0.058962215 0.02946493 0.277218
v 0.086068094 0.023838019 0.29453585
v 0.05896221 0.023838019 0.29453585
v 0.086068116 -0.023833968 0.25990015
v 0.058962215 -0.023833968 0.25990015
v 0.058962215 -0.029460885 0.277218
v 0.086068116 -0.029460885 0.277218
v 0.058962215 -0.023833968 0.29453585
v 0.086068116 -0.023833968 0.29453585
v 0.05896221 0.023838019 0.29453585
v 0.086068094 0.023838019 0.29453585
v 0.086068094 0.009106563 0.3052389
v 0.05896221 0.009106563 0.3052389
v 0.058962215 -0.009102516 0.3052389
v 0.086068116 -0.009102516 0.3052389
v 0.086068116 -0.023833968 0.29453585
v 0.058962215 -0.023833968 0.29453585
v -0.05896223 -0.023833968 0.25990015
v -0.086068116 -0.009102516 0.2491971
v -0.086068116 -0.023833968 0.25990015
v -0.05896223 -0.009102516 0.2491971
v -0.086068116 0.009106563 0.2491971
v -0.05896223 0.009106563 0.2491971
v -0.086068116 0.023838019 0.25990015
v -0.05896223 0.023838019 0.25990015
v -0.086068116 0.02946493 0.277218
v -0.086068116 0.023838019 0.25990015
v -0.05896223 0.023838019 0.25990015
v -0.05896223 0.02946493 0.277218
v -0.086068094 0.023838019 0.29453585
v -0.058962215 0.023838019 0.29453585
v -0.05896223 -0.029460885 0.277218
v -0.05896223 -0.023833968 0.25990015
v -0.086068116 -0.023833968 0.25990015
v -0.086068116 -0.029460885 0.277218
v -0.05896223 -0.023833968 0.29453585
v -0.086068116 -0.023833968 0.29453585
v -0.058962215 0.023838019 0.29453585
v -0.086068094 0.009106563 0.3052389
v -0.086068094 0.023838019 0.29453585
v -0.058962215 0.009106563 0.3052389
v -0.05896223 -0.009102516 0.3052389
v -0.086068116 -0.009102516 0.3052389
v -0.086068116 -0.023833968 0.29453585
v -0.05896223 -0.023833968 0.29453585
v -0.07224777 -0.07224779 0.20971812
v -0.039100215 -0.09439626 0.20971812
v -0.07224777 -0.07224779 0.14042139
v -0.039100215 -0.09439626 0.14042139
v 7.1056374E-09 -0.10217378 0.20971812
v 7.1056374E-09 -0.10217378 0.14042139
v 0.039100222 -0.09439626 0.20971812
v 0.039100222 -0.09439626 0.14042139
v 0.07224779 -0.07224779 0.20971812
v 0.07224779 -0.07224779 0.14042139
v -0.09439626 -0.03910023 0.20971812
v -0.07224777 -0.07224779 0.20971812
v -0.09439626 -0.03910023 0.14042139
v -0.07224777 -0.07224779 0.14042139
v 0.07224779 -0.07224779 0.20971812
v 0.09439626 -0.039100215 0.20971812
v 0.07224779 -0.07224779 0.14042139
v 0.09439626 -0.039100215 0.14042139
v 0.0660958 -0.0660958 0.20971812
v 0.08635831 -0.035770785 0.20971812
v 0.09439626 -0.039100215 0.20971812
v 0.07224779 -0.07224779 0.20971812
v 0.039100222 -0.09439626 0.20971812
v 0.035770796 -0.08635831 0.20971812
v 6.9034676E-09 -0.09347358 0.20971812
v 7.1056374E-09 -0.10217378 0.20971812
v -0.039100215 -0.09439626 0.20971812
v -0.03577079 -0.08635831 0.20971812
v -0.07224777 -0.07224779 0.20971812
v -0.06609579 -0.0660958 0.20971812
v -0.08635829 -0.0357708 0.20971812
v -0.09439626 -0.03910023 0.20971812
v 0.09439626 -0.039100215 0.20971812
v 0.08635831 -0.035770785 0.20971812
v 0.08635831 -0.035770785 0.14042139
v 0.09439626 -0.039100215 0.14042139
v -0.08635829 -0.0357708 0.20971812
v -0.09439626 -0.03910023 0.20971812
v -0.09439626 -0.03910023 0.14042139
v -0.08635829 -0.0357708 0.14042139
v 0.09439626 -0.039100215 0.14042139
v 0.08635831 -0.035770785 0.14042139
v 0.0660958 -0.0660958 0.14042139
v 0.07224779 -0.07224779 0.14042139
v 0.039100222 -0.09439626 0.14042139
v 0.035770796 -0.08635831 0.14042139
v 6.9034676E-09 -0.09347358 0.14042139
v 7.1056374E-09 -0.10217378 0.14042139
v -0.039100215 -0.09439626 0.14042139
v -0.03577079 -0.08635831 0.14042139
v -0.07224777 -0.07224779 0.14042139
v -0.06609579 -0.0660958 0.14042139
v -0.08635829 -0.0357708 0.14042139
v -0.09439626 -0.03910023 0.14042139
v 0.0660958 -0.0660958 0.20971812
v 0.035770796 -0.08635831 0.20971812
v 0.0660958 -0.0660958 0.14042139
v 0.035770796 -0.08635831 0.14042139
v 6.9034676E-09 -0.09347358 0.20971812
v 6.9034676E-09 -0.09347358 0.14042139
v -0.03577079 -0.08635831 0.20971812
v -0.03577079 -0.08635831 0.14042139
v -0.06609579 -0.0660958 0.20971812
v -0.06609579 -0.0660958 0.14042139
v 0.08635831 -0.035770785 0.20971812
v 0.0660958 -0.0660958 0.20971812
v 0.08635831 -0.035770785 0.14042139
v 0.0660958 -0.0660958 0.14042139
v -0.06609579 -0.0660958 0.20971812
v -0.08635829 -0.0357708 0.20971812
v -0.06609579 -0.0660958 0.14042139
v -0.08635829 -0.0357708 0.14042139
v -0.05455527 -0.05455527 0.1685296
v -0.04072391 -0.04072391 0.15104112
v -0.05455527 0.05455527 0.1685296
v -0.04072391 0.04072391 0.15104112
v -0.05455527 0.05455527 0.1685296
v -0.04072391 0.04072391 0.15104112
v 0.05455527 0.05455527 0.1685296
v 0.04072391 0.04072391 0.15104112
v 0.05455527 0.05455527 0.1685296
v 0.04072391 0.04072391 0.15104112
v 0.05455527 -0.05455527 0.1685296
v 0.04072391 -0.04072391 0.15104112
v 0.05455527 -0.05455527 0.1685296
v 0.04072391 -0.04072391 0.15104112
v -0.05455527 -0.05455527 0.1685296
v -0.04072391 -0.04072391 0.15104112
v 0.04072391 0.04072391 0.11561961
v 0.04072391 0.04072391 0.15104112
v -0.04072391 0.04072391 0.15104112
v -0.04072391 0.04072391 0.11561961
v 0.04072391 -0.04072391 0.11561961
v -0.04072391 0.04072391 0.11561961
v -0.04072391 -0.04072391 0.11561961
v 0.04072391 0.04072391 0.11561961
v -0.04072391 0.04072391 0.11561961
v -0.04072391 0.04072391 0.15104112
v -0.04072391 -0.04072391 0.15104112
v -0.04072391 -0.04072391 0.11561961
v 0.04072391 -0.04072391 0.11561961
v 0.04072391 -0.04072391 0.15104112
v 0.04072391 0.04072391 0.15104112
v 0.04072391 0.04072391 0.11561961
v -0.04072391 -0.04072391 0.11561961
v -0.04072391 -0.04072391 0.15104112
v 0.04072391 -0.04072391 0.15104112
v 0.04072391 -0.04072391 0.11561961
v -0.07147026 0.077515736 0.35589644
v -0.07147026 0.10882852 0.38933513
v -0.07147026 -0.10339476 0.38933513
v -0.07147026 -0.13779947 0.35589644
v -0.07147026 -0.25087282 0.38933513
v -0.07147026 -0.25087282 0.35589644
v -0.06793473 -0.25440836 0.35589644
v -0.06793473 -0.25440836 0.38933513
v -0.06793473 -0.25087282 0.39287066
v -0.06793473 -0.10339476 0.39287066
v 0.06793473 -0.25440836 0.38933513
v 0.06793473 -0.25440836 0.35589644
v -0.06793473 -0.25440836 0.35589644
v -0.06793473 -0.25440836 0.38933513
v 0.06793473 -0.25087282 0.39287066
v -0.06793473 -0.25087282 0.39287066
v -0.06793473 -0.10339476 0.39287066
v 0.06793473 -0.10339476 0.39287066
v -0.06793473 -0.25087282 0.39287066
v 0.06793473 -0.25087282 0.39287066
v 0.07147026 -0.25087282 0.35589644
v 0.06793473 -0.25440836 0.35589644
v 0.06793473 -0.25440836 0.38933513
v 0.07147026 -0.25087282 0.38933513
v 0.06793473 -0.25087282 0.39287066
v 0.06793473 -0.10339476 0.39287066
v 0.07147026 -0.13779949 0.35589644
v 0.07147026 -0.10339476 0.38933513
v 0.07147026 0.077515736 0.35589644
v 0.07147026 0.10882852 0.38933513
v -0.07147026 0.10882852 0.38933513
v 0.07147026 0.077515736 0.35589644
v 0.07147026 0.10882852 0.38933513
v -0.07147026 0.077515736 0.35589644
v -0.06793473 -0.25440836 0.35589644
v 0.06793473 -0.25440836 0.35589644
v 0.07147026 -0.25087282 0.35589644
v -0.07147026 -0.25087282 0.35589644
v 0.07147026 -0.13779949 0.35589644
v -0.07147026 -0.13779947 0.35589644
v 0.07147026 0.077515736 0.35589644
v -0.07147026 0.077515736 0.35589644
v 0.07147026 -0.24104993 0.35589644
v 0.07147026 -0.06591047 0.35589644
v 0.07147026 -0.092188746 0.33019984
v 0.07147026 -0.24104993 0.33019984
v 0.06793473 -0.24458547 0.35589644
v 0.06793473 -0.24458547 0.33019984
v 0.06793473 -0.24458547 0.35589644
v -0.06793473 -0.24458547 0.33019984
v -0.06793473 -0.24458547 0.35589644
v 0.06793473 -0.24458547 0.33019984
v -0.07147026 -0.24104993 0.35589644
v -0.07147026 -0.092188746 0.33019984
v -0.07147026 -0.06591047 0.35589644
v -0.07147026 -0.24104993 0.33019984
v -0.06793473 -0.24458547 0.33019984
v -0.06793473 -0.24458547 0.35589644
v -0.06793473 -0.24458547 0.33019984
v 0.06793473 -0.24458547 0.33019984
v 0.07147026 -0.24104993 0.33019984
v -0.07147026 -0.24104993 0.33019984
v 0.07147026 -0.092188746 0.33019984
v -0.07147026 -0.092188746 0.33019984
v -0.07147026 -0.092188746 0.33019984
v 0.07147026 -0.092188746 0.33019984
v 0.07147026 -0.06591047 0.35589644
v -0.07147026 -0.06591047 0.35589644
v -0.05777766 -0.41047424 0.33843374
v -0.052203372 -0.41047424 0.34400803
v -0.05220339 -0.28165117 0.34400803
v -0.057777677 -0.28165117 0.33843374
v -0.063351944 -0.41047424 0.34400803
v -0.06335196 -0.28165117 0.34400803
v -0.05777766 -0.41047424 0.3495823
v -0.063351944 -0.41047424 0.34400803
v -0.06335196 -0.28165117 0.34400803
v -0.057777677 -0.28165117 0.3495823
v -0.052203372 -0.41047424 0.34400803
v -0.05220339 -0.28165117 0.34400803
v -0.057777677 -0.28165117 0.33843374
v -0.05220339 -0.28165117 0.34400803
v -0.057777677 -0.28165117 0.3495823
v -0.06335196 -0.28165117 0.34400803
v -0.02971292 -0.31216064 0.3486991
v -0.029712941 -0.2537901 0.34869906
v -0.027007446 -0.2537901 0.344013
v -0.027007438 -0.31216067 0.344013
v -0.029712927 -0.31216067 0.33932698
v -0.029712927 -0.2537901 0.33932698
v -0.035123907 -0.31216067 0.33932698
v -0.029712927 -0.31216067 0.33932698
v -0.029712927 -0.2537901 0.33932698
v -0.035123926 -0.2537901 0.33932692
v -0.035123907 -0.31216067 0.33932698
v -0.035123926 -0.2537901 0.33932692
v -0.037829407 -0.2537901 0.344013
v -0.037829403 -0.31216067 0.344013
v -0.03512392 -0.31216067 0.34869906
v -0.035123922 -0.2537901 0.34869906
v -0.03755968 -0.25420472 0.3351081
v -0.027277157 -0.25420472 0.3351081
v -0.027277157 -0.2390274 0.3351081
v -0.03755968 -0.2390274 0.3351081
v -0.02971292 -0.31216064 0.3486991
v -0.035123922 -0.2537901 0.34869906
v -0.029712941 -0.2537901 0.34869906
v -0.03512392 -0.31216067 0.34869906
v -0.022135898 -0.2390274 0.344013
v -0.027277157 -0.2390274 0.3351081
v -0.027277157 -0.25420472 0.3351081
v -0.022135898 -0.25420472 0.344013
v -0.027277166 -0.25420472 0.35291794
v -0.02727715 -0.2390274 0.35291797
v -0.02727715 -0.2390274 0.35291797
v -0.027277166 -0.25420472 0.35291794
v -0.037559696 -0.2390274 0.35291794
v -0.037559696 -0.25420472 0.35291794
v -0.042700954 -0.25420472 0.344013
v -0.03755968 -0.25420472 0.3351081
v -0.03755968 -0.2390274 0.3351081
v -0.042700954 -0.2390274 0.344013
v -0.037559696 -0.25420472 0.35291794
v -0.037559696 -0.2390274 0.35291794
v -0.037559696 -0.25420472 0.35291794
v -0.027277166 -0.25420472 0.35291794
v -0.022135898 -0.25420472 0.344013
v -0.03755968 -0.25420472 0.3351081
v -0.027277157 -0.25420472 0.3351081
v -0.042700954 -0.25420472 0.344013
v 0.07123624 -0.25154 0.5506286
v 0.07123624 -0.2697361 0.5506286
v 0.057356033 -0.25154 0.556378
v 0.057356033 -0.2697361 0.556378
v 0.04347582 -0.25154 0.5506286
v 0.04347582 -0.2697361 0.5506286
v 0.07123624 -0.2697361 0.5506286
v 0.07123624 -0.25154 0.5506286
v 0.07698561 -0.2697361 0.5367484
v 0.07698561 -0.25154 0.5367484
v 0.07123624 -0.2697361 0.5228682
v 0.07123624 -0.25154 0.5228682
v 0.057356033 -0.2697361 0.5171188
v 0.07123624 -0.2697361 0.5228682
v 0.07123624 -0.25154 0.5228682
v 0.057356033 -0.25154 0.5171188
v 0.04347582 -0.2697361 0.5228682
v 0.04347582 -0.25154 0.5228682
v 0.037726454 -0.2697361 0.5367484
v 0.04347582 -0.2697361 0.5228682
v 0.04347582 -0.25154 0.5228682
v 0.037726454 -0.25154 0.5367484
v 0.04347582 -0.2697361 0.5506286
v 0.04347582 -0.25154 0.5506286
v 0.057356033 -0.2697361 0.556378
v 0.07123624 -0.2697361 0.5506286
v 0.06827539 -0.26440537 0.5476678
v 0.057356033 -0.26440537 0.5521908
v 0.04643667 -0.26440537 0.5476678
v 0.04347582 -0.2697361 0.5506286
v 0.07698561 -0.2697361 0.5367484
v 0.06827539 -0.26440537 0.5476678
v 0.07123624 -0.2697361 0.5506286
v 0.07279835 -0.26440537 0.5367484
v 0.06827539 -0.26440537 0.525829
v 0.07123624 -0.2697361 0.5228682
v 0.06827539 -0.26440537 0.525829
v 0.07123624 -0.2697361 0.5228682
v 0.057356033 -0.2697361 0.5171188
v 0.057356033 -0.26440537 0.52130604
v 0.04643667 -0.26440537 0.525829
v 0.04347582 -0.2697361 0.5228682
v 0.037726454 -0.2697361 0.5367484
v 0.04643667 -0.26440537 0.525829
v 0.04347582 -0.2697361 0.5228682
v 0.041913718 -0.26440537 0.5367484
v 0.04643667 -0.26440537 0.5476678
v 0.04347582 -0.2697361 0.5506286
v 0.06761627 -0.2312847 0.54700863
v 0.057356033 -0.17707123 0.5512585
v 0.06761627 -0.17707123 0.54700863
v 0.057356033 -0.2312847 0.5512585
v 0.04709579 -0.17707123 0.54700863
v 0.04709579 -0.2312847 0.54700863
v 0.06761627 -0.17707123 0.54700863
v 0.07186622 -0.2312847 0.5367484
v 0.06761627 -0.2312847 0.54700863
v 0.07186622 -0.17707123 0.5367484
v 0.06761627 -0.2312847 0.5264882
v 0.06761627 -0.17707123 0.5264882
v 0.057356033 -0.2312847 0.5222382
v 0.06761627 -0.2312847 0.5264882
v 0.06761627 -0.17707123 0.5264882
v 0.057356033 -0.17707123 0.5222382
v 0.04709579 -0.2312847 0.5264882
v 0.04709579 -0.17707123 0.5264882
v 0.042845853 -0.2312847 0.5367484
v 0.04709579 -0.2312847 0.5264882
v 0.04709579 -0.17707123 0.5264882
v 0.042845853 -0.17707123 0.5367484
v 0.04709579 -0.2312847 0.54700863
v 0.04709579 -0.17707123 0.54700863
v 0.07123624 -0.27572188 0.6091788
v 0.057356033 -0.25153998 0.6149281
v 0.07123624 -0.25153998 0.6091788
v 0.057356033 -0.27572188 0.6149281
v 0.04347582 -0.25153998 0.6091788
v 0.04347582 -0.27572188 0.6091788
v 0.07123624 -0.25153998 0.6091788
v 0.07698561 -0.27572188 0.5952986
v 0.07123624 -0.27572188 0.6091788
v 0.07698561 -0.25153998 0.5952986
v 0.07123624 -0.27572188 0.5814184
v 0.07123624 -0.25153998 0.5814184
v 0.057356033 -0.27572188 0.575669
v 0.07123624 -0.27572188 0.5814184
v 0.07123624 -0.25153998 0.5814184
v 0.057356033 -0.25153998 0.575669
v 0.04347582 -0.27572188 0.5814184
v 0.04347582 -0.25153998 0.5814184
v 0.037726454 -0.27572188 0.5952986
v 0.04347582 -0.27572188 0.5814184
v 0.04347582 -0.25153998 0.5814184
v 0.037726454 -0.25153998 0.5952986
v 0.04347582 -0.27572188 0.6091788
v 0.04347582 -0.25153998 0.6091788
v 0.027461004 -0.26695684 0.5657463
v 0.027460987 -0.25153998 0.5657463
v 0.030166484 -0.25153998 0.5610602
v 0.030166484 -0.26695687 0.5610602
v 0.027461004 -0.26695687 0.5563742
v 0.027461 -0.25153998 0.5563742
v 0.022050023 -0.26695687 0.5563742
v 0.027461004 -0.26695687 0.5563742
v 0.027461 -0.25153998 0.5563742
v 0.02205 -0.25153998 0.5563742
v 0.019344527 -0.26695687 0.56106025
v 0.022050023 -0.26695687 0.5563742
v 0.02205 -0.25153998 0.5563742
v 0.019344522 -0.25153998 0.56106025
v 0.02205001 -0.26695687 0.5657463
v 0.022050008 -0.25153998 0.5657463
v 0.027461004 -0.26695684 0.5657463
v 0.022050008 -0.25153998 0.5657463
v 0.027460987 -0.25153998 0.5657463
v 0.02205001 -0.26695687 0.5657463
v 0.022050023 -0.26695687 0.5563742
v 0.030166484 -0.26695687 0.5610602
v 0.027461004 -0.26695687 0.5563742
v 0.02205001 -0.26695687 0.5657463
v 0.019344527 -0.26695687 0.56106025
v 0.027461004 -0.26695684 0.5657463
v 0.137165 0.22261374 0.38709387
v 0.15185224 0.2215071 0.4431685
v 0.1618431 0.21024922 0.4386522
v 0.14775176 0.2112576 0.38466215
v 0.1663339 0.22524856 0.4399961
v 0.15122943 0.22642398 0.38246197
v 0.12929691 0.20174772 0.3321656
v 0.13177943 0.21643448 0.3271566
v 0.11256584 0.18911193 0.29496732
v 0.11195562 0.20132452 0.28509644
v 0.095885895 0.1874543 0.27419117
v 0.10151234 0.179494 0.2860694
v 0.0791117 0.17236683 0.28127828
v 0.09069724 0.19127603 0.28745311
v 0.080495544 0.18190071 0.2931514
v 0.06806204 0.16200538 0.30847126
v 0.07336484 0.17518084 0.3141342
v 0.090503424 0.16985936 0.291809
v 0.05717598 0.15111607 0.3536253
v 0.08296164 0.16275783 0.31340984
v 0.06289353 0.16468889 0.35773242
v 0.04754207 0.14174034 0.4034122
v 0.07243895 0.15221667 0.3572008
v 0.05293126 0.15506516 0.40862632
v 0.06285351 0.14303128 0.40670577
v 0.137165 0.22261374 0.38709387
v 0.1663339 0.22524856 0.4399961
v 0.15185224 0.2215071 0.4431685
v 0.15122943 0.22642398 0.38246197
v 0.11832973 0.21292049 0.3335236
v 0.13177943 0.21643448 0.3271566
v 0.12929691 0.20174772 0.3321656
v 0.14775176 0.2112576 0.38466215
v 0.11256584 0.18911193 0.29496732
v 0.10154712 0.2002435 0.29624432
v 0.11195562 0.20132452 0.28509644
v 0.09069724 0.19127603 0.28745311
v 0.095885895 0.1874543 0.27419117
v 0.090503424 0.16985936 0.291809
v 0.10151234 0.179494 0.2860694
v 0.0791117 0.17236683 0.28127828
v 0.06806204 0.16200538 0.30847126
v 0.08296164 0.16275783 0.31340984
v 0.05717598 0.15111607 0.3536253
v 0.07243895 0.15221667 0.3572008
v 0.04754207 0.14174034 0.4034122
v 0.06285351 0.14303128 0.40670577
v 0.10151234 0.179494 0.2860694
v 0.090503424 0.16985936 0.291809
v 0.080495544 0.18190071 0.2931514
v 0.09069724 0.19127603 0.28745311
v 0.10154712 0.2002435 0.29624432
v 0.11256584 0.18911193 0.29496732
v 0.0067434977 0.15696914 0.35429278
v 0.0035086502 0.14477412 0.40363902
v 0.010304525 0.13224319 0.39702496
v 0.0130519075 0.14284103 0.3531436
v 0.021908889 0.15541926 0.3554429
v 0.018724538 0.1433897 0.40422305
v 0.024618272 0.15589137 0.32016212
v 0.015037626 0.1437771 0.32128638
v 0.009577772 0.15788674 0.31839135
v 0.027313584 0.1405877 0.28826526
v 0.0123716425 0.14275548 0.28592402
v 0.017138148 0.12987402 0.29285148
v 0.030017786 0.117436044 0.26250017
v 0.015010425 0.1186577 0.25993192
v 0.02002041 0.10932126 0.27090076
v 0.033329967 0.077401996 0.23486589
v 0.018307034 0.078073785 0.2321063
v 0.02336092 0.071033746 0.24518988
v 0.035251137 0.047710985 0.22032447
v 0.025215076 0.042442612 0.23114656
v 0.020250017 0.04802577 0.2174065
v 0.0067434977 0.15696914 0.35429278
v 0.018724538 0.1433897 0.40422305
v 0.0035086502 0.14477412 0.40363902
v 0.021908889 0.15541926 0.3554429
v 0.024618272 0.15589137 0.32016212
v 0.009577772 0.15788674 0.31839135
v 0.027313584 0.1405877 0.28826526
v 0.0123716425 0.14275548 0.28592402
v 0.030017786 0.117436044 0.26250017
v 0.015010425 0.1186577 0.25993192
v 0.030017786 0.117436044 0.26250017
v 0.015010425 0.1186577 0.25993192
v 0.018307034 0.078073785 0.2321063
v 0.033329967 0.077401996 0.23486589
v 0.020250017 0.04802577 0.2174065
v 0.035251137 0.047710985 0.22032447
v -0.013843998 0.14804502 0.37149298
v -0.006819509 0.15001489 0.42451057
v 0.0024089 0.13776198 0.42086363
v -0.0040147677 0.13573948 0.37198204
v 0.008191954 0.15222043 0.42268685
v -0.020740593 0.13361311 0.32122946
v 0.0010500074 0.15026073 0.36886886
v -0.010485612 0.12209907 0.32448366
v -0.027118906 0.10727979 0.27491283
v -0.0059316144 0.13567008 0.3180507
v -0.016443886 0.097433716 0.28105384
v -0.029364834 0.07187357 0.23915796
v -0.012326956 0.10924303 0.2715719
v -0.018456684 0.06505301 0.24828331
v -0.02706294 0.041302614 0.223198
v -0.014549162 0.07406116 0.2360383
v -0.016375035 0.03740949 0.23385231
v -0.012268575 0.043773368 0.22022624
v -0.013843998 0.14804502 0.37149298
v 0.008191954 0.15222043 0.42268685
v -0.006819509 0.15001489 0.42451057
v 0.0010500074 0.15026073 0.36886886
v -0.020740593 0.13361311 0.32122946
v -0.0059316144 0.13567008 0.3180507
v -0.027118906 0.10727979 0.27491283
v -0.012326956 0.10924303 0.2715719
v -0.029364834 0.07187357 0.23915796
v -0.014549162 0.07406116 0.2360383
v -0.012268575 0.043773368 0.22022624
v -0.014549162 0.07406116 0.2360383
v -0.029364834 0.07187357 0.23915796
v -0.02706294 0.041302614 0.223198
v 0.21360567 -0.26341033 0.4754368
v 0.20397133 -0.25153992 0.46101803
v 0.20397133 -0.26341033 0.46101803
v 0.21360567 -0.25153992 0.4754368
v 0.21698879 -0.26341033 0.492445
v 0.21698879 -0.25153992 0.492445
v 0.21360567 -0.26341033 0.5094531
v 0.21360567 -0.25153992 0.5094531
v 0.20397133 -0.26341033 0.5238719
v 0.20397133 -0.25153992 0.5238719
v 0.14111745 -0.25153992 0.46101803
v 0.14111745 -0.26341033 0.46101803
v 0.15553625 -0.26341033 0.4513837
v 0.15553625 -0.25153992 0.4513837
v 0.17254438 -0.26341033 0.44800055
v 0.17254438 -0.25153992 0.44800055
v 0.18955253 -0.26341033 0.4513837
v 0.18955253 -0.25153992 0.4513837
v 0.20397133 -0.26341033 0.46101803
v 0.20397133 -0.25153992 0.46101803
v 0.14111745 -0.25153992 0.5238719
v 0.14111745 -0.26341033 0.5238719
v 0.13148311 -0.26341033 0.5094531
v 0.13148311 -0.25153992 0.5094531
v 0.12809998 -0.26341033 0.492445
v 0.12809998 -0.25153992 0.492445
v 0.13148311 -0.26341033 0.4754368
v 0.13148311 -0.25153992 0.4754368
v 0.14111745 -0.26341033 0.46101803
v 0.14111745 -0.25153992 0.46101803
v 0.20397133 -0.25153992 0.5238719
v 0.20397133 -0.26341033 0.5238719
v 0.18955253 -0.26341033 0.5335063
v 0.18955253 -0.25153992 0.5335063
v 0.17254438 -0.26341033 0.5368894
v 0.17254438 -0.25153992 0.5368894
v 0.15553625 -0.26341033 0.5335063
v 0.15553625 -0.25153992 0.5335063
v 0.14111745 -0.26341033 0.5238719
v 0.14111745 -0.25153992 0.5238719
v 0.19889289 -0.2869147 0.4660964
v 0.19889289 -0.27850825 0.4660964
v 0.20697038 -0.27850825 0.47818524
v 0.20697038 -0.2869147 0.47818524
v 0.20980686 -0.27850825 0.4924449
v 0.20980686 -0.2869147 0.4924449
v 0.20697038 -0.27850825 0.5067047
v 0.20697038 -0.2869147 0.5067047
v 0.19889289 -0.27850825 0.5187935
v 0.19889289 -0.2869147 0.5187935
v 0.15828466 -0.27850825 0.4580189
v 0.14619586 -0.2869147 0.4660964
v 0.14619586 -0.27850825 0.4660964
v 0.15828466 -0.2869147 0.4580189
v 0.17254438 -0.27850825 0.4551825
v 0.17254438 -0.2869147 0.4551825
v 0.18680412 -0.27850825 0.4580189
v 0.18680412 -0.2869147 0.4580189
v 0.19889289 -0.27850825 0.4660964
v 0.19889289 -0.2869147 0.4660964
v 0.14619586 -0.27850825 0.5187935
v 0.13811837 -0.27850825 0.5067047
v 0.14619586 -0.2869147 0.5187935
v 0.13811837 -0.2869147 0.5067047
v 0.13528192 -0.27850825 0.4924449
v 0.13528192 -0.2869147 0.4924449
v 0.13811837 -0.27850825 0.47818524
v 0.13811837 -0.2869147 0.47818524
v 0.14619586 -0.27850825 0.4660964
v 0.14619586 -0.2869147 0.4660964
v 0.19889289 -0.2869147 0.5187935
v 0.19889289 -0.27850825 0.5187935
v 0.18680412 -0.27850825 0.526871
v 0.18680412 -0.2869147 0.526871
v 0.17254438 -0.27850825 0.5297074
v 0.17254438 -0.2869147 0.5297074
v 0.15828466 -0.27850825 0.526871
v 0.15828466 -0.2869147 0.526871
v 0.14619586 -0.27850825 0.5187935
v 0.14619586 -0.2869147 0.5187935
v 0.12916721 -0.29623607 0.47447756
v 0.14273033 -0.2869147 0.46263087
v 0.13934495 -0.29623607 0.45924547
v 0.13359042 -0.2869147 0.4763097
v 0.12559327 -0.29623607 0.492445
v 0.1303809 -0.2869147 0.492445
v 0.13359042 -0.2869147 0.5085802
v 0.12916721 -0.29623607 0.5104124
v 0.14273033 -0.2869147 0.52225906
v 0.13934495 -0.29623607 0.5256444
v 0.13934495 -0.29623607 0.5256444
v 0.15457697 -0.29623607 0.53582215
v 0.14273033 -0.2869147 0.52225906
v 0.15640911 -0.2869147 0.531399
v 0.17254438 -0.29623607 0.5393961
v 0.17254438 -0.2869147 0.5346085
v 0.18867965 -0.2869147 0.531399
v 0.1905118 -0.29623607 0.53582215
v 0.20235847 -0.2869147 0.52225906
v 0.20574385 -0.29623607 0.5256444
v 0.20235847 -0.2869147 0.52225906
v 0.20574385 -0.29623607 0.5256444
v 0.21592157 -0.29623607 0.5104124
v 0.21149835 -0.2869147 0.5085802
v 0.2194955 -0.29623607 0.492445
v 0.21470788 -0.2869147 0.492445
v 0.21149835 -0.2869147 0.4763097
v 0.21592157 -0.29623607 0.47447756
v 0.20235847 -0.2869147 0.46263087
v 0.20574385 -0.29623607 0.45924547
v 0.1905118 -0.29623607 0.44906783
v 0.20235847 -0.2869147 0.46263087
v 0.20574385 -0.29623607 0.45924547
v 0.18867965 -0.2869147 0.453491
v 0.17254438 -0.29623607 0.44549388
v 0.17254438 -0.2869147 0.45028147
v 0.15640911 -0.2869147 0.453491
v 0.15457697 -0.29623607 0.44906783
v 0.14273033 -0.2869147 0.46263087
v 0.13934495 -0.29623607 0.45924547
v 0.21293657 -0.29623607 0.4520527
v 0.21561033 -0.29623607 0.4480512
v 0.19707824 -0.29623607 0.43566847
v 0.1944045 -0.29623607 0.43967003
v 0.20574385 -0.29623607 0.45924547
v 0.22531934 -0.29623607 0.47058487
v 0.1905118 -0.29623607 0.44906783
v 0.17254438 -0.29623607 0.44549388
v 0.21592157 -0.29623607 0.47447756
v 0.17254438 -0.29623607 0.43532172
v 0.22966759 -0.29623607 0.492445
v 0.2194955 -0.29623607 0.492445
v 0.23003949 -0.29623607 0.46964598
v 0.23438776 -0.29623607 0.4915061
v 0.21592157 -0.29623607 0.5104124
v 0.22531934 -0.29623607 0.5143051
v 0.21293657 -0.29623607 0.53283715
v 0.20574385 -0.29623607 0.5256444
v 0.2293209 -0.29623607 0.51697886
v 0.21693817 -0.29623607 0.53551096
v 0.1905118 -0.29623607 0.53582215
v 0.1944045 -0.29623607 0.54521996
v 0.17254438 -0.29623607 0.5495682
v 0.19534339 -0.29623607 0.5499401
v 0.17348327 -0.29623607 0.5542884
v 0.17254438 -0.29623607 0.5393961
v 0.15068428 -0.29623607 0.54521996
v 0.15457697 -0.29623607 0.53582215
v 0.13215218 -0.29623607 0.53283715
v 0.13934495 -0.29623607 0.5256444
v 0.12916721 -0.29623607 0.5104124
v 0.12947842 -0.29623607 0.53683877
v 0.14801054 -0.29623607 0.54922146
v 0.11976944 -0.29623607 0.5143051
v 0.1154212 -0.29623607 0.492445
v 0.12559327 -0.29623607 0.492445
v 0.11504927 -0.29623607 0.51524395
v 0.11070103 -0.29623607 0.49338385
v 0.12916721 -0.29623607 0.47447756
v 0.11976944 -0.29623607 0.47058487
v 0.13934495 -0.29623607 0.45924547
v 0.13215218 -0.29623607 0.4520527
v 0.12815061 -0.29623607 0.44937903
v 0.11576787 -0.29623607 0.4679111
v 0.15068428 -0.29623607 0.43967003
v 0.15457697 -0.29623607 0.44906783
v 0.14974539 -0.29623607 0.43494987
v 0.17160548 -0.29623607 0.43060157
v 0.19707824 -0.27337533 0.43566847
v 0.21561033 -0.27337533 0.4480512
v 0.21293657 -0.2706505 0.4520527
v 0.1944045 -0.2706505 0.43967003
v 0.18955253 -0.26341033 0.4513837
v 0.20397133 -0.26341033 0.46101803
v 0.17254438 -0.26341033 0.44800055
v 0.22531934 -0.2706505 0.47058487
v 0.21360567 -0.26341033 0.4754368
v 0.17254438 -0.2706505 0.43532172
v 0.22966759 -0.2706505 0.492445
v 0.21698879 -0.26341033 0.492445
v 0.23003949 -0.27337533 0.46964598
v 0.23438776 -0.27337533 0.4915061
v 0.21360567 -0.26341033 0.5094531
v 0.22531934 -0.2706505 0.5143051
v 0.21293657 -0.2706505 0.53283715
v 0.20397133 -0.26341033 0.5238719
v 0.2293209 -0.27337533 0.51697886
v 0.21693817 -0.27337533 0.53551096
v 0.18955253 -0.26341033 0.5335063
v 0.1944045 -0.2706505 0.54521996
v 0.17254438 -0.2706505 0.5495682
v 0.17254438 -0.26341033 0.5368894
v 0.19534339 -0.27337533 0.5499401
v 0.17348327 -0.27337533 0.5542884
v 0.15553625 -0.26341033 0.5335063
v 0.15068428 -0.2706505 0.54521996
v 0.13215218 -0.2706505 0.53283715
v 0.14111745 -0.26341033 0.5238719
v 0.13148311 -0.26341033 0.5094531
v 0.12947842 -0.27337533 0.53683877
v 0.14801054 -0.27337533 0.54922146
v 0.11976944 -0.2706505 0.5143051
v 0.1154212 -0.2706505 0.492445
v 0.12809998 -0.26341033 0.492445
v 0.11504927 -0.27337533 0.51524395
v 0.11070103 -0.27337533 0.49338385
v 0.13148311 -0.26341033 0.4754368
v 0.11976944 -0.2706505 0.47058487
v 0.14111745 -0.26341033 0.46101803
v 0.13215218 -0.2706505 0.4520527
v 0.12815061 -0.27337533 0.44937903
v 0.11576787 -0.27337533 0.4679111
v 0.15068428 -0.2706505 0.43967003
v 0.15553625 -0.26341033 0.4513837
v 0.14974539 -0.27337533 0.43494987
v 0.17160548 -0.27337533 0.43060157
v 0.23003949 -0.27337533 0.46964598
v 0.22531934 -0.29623607 0.47058487
v 0.23003949 -0.29623607 0.46964598
v 0.22531934 -0.2706505 0.47058487
v 0.22531934 -0.2706505 0.47058487
v 0.21293657 -0.29623607 0.4520527
v 0.22531934 -0.29623607 0.47058487
v 0.21293657 -0.2706505 0.4520527
v 0.12947842 -0.27337533 0.53683877
v 0.12947842 -0.29623607 0.53683877
v 0.13215218 -0.29623607 0.53283715
v 0.13215218 -0.2706505 0.53283715
v 0.21693817 -0.27337533 0.53551096
v 0.21693817 -0.29623607 0.53551096
v 0.21293657 -0.29623607 0.53283715
v 0.21293657 -0.2706505 0.53283715
v 0.23438776 -0.27337533 0.4915061
v 0.23003949 -0.29623607 0.46964598
v 0.23438776 -0.29623607 0.4915061
v 0.23003949 -0.27337533 0.46964598
v 0.13215218 -0.2706505 0.53283715
v 0.13215218 -0.29623607 0.53283715
v 0.11976944 -0.2706505 0.5143051
v 0.11976944 -0.29623607 0.5143051
v 0.14801054 -0.27337533 0.54922146
v 0.15068428 -0.29623607 0.54521996
v 0.14801054 -0.29623607 0.54922146
v 0.15068428 -0.2706505 0.54521996
v 0.11504927 -0.27337533 0.51524395
v 0.11504927 -0.29623607 0.51524395
v 0.11070103 -0.27337533 0.49338385
v 0.11070103 -0.29623607 0.49338385
v 0.15068428 -0.29623607 0.43967003
v 0.14974539 -0.27337533 0.43494987
v 0.15068428 -0.2706505 0.43967003
v 0.14974539 -0.29623607 0.43494987
v 0.12815061 -0.27337533 0.44937903
v 0.11576787 -0.27337533 0.4679111
v 0.11576787 -0.29623607 0.4679111
v 0.12815061 -0.29623607 0.44937903
v 0.11504927 -0.27337533 0.51524395
v 0.11976944 -0.2706505 0.5143051
v 0.11976944 -0.29623607 0.5143051
v 0.11504927 -0.29623607 0.51524395
v 0.21693817 -0.27337533 0.53551096
v 0.2293209 -0.29623607 0.51697886
v 0.21693817 -0.29623607 0.53551096
v 0.2293209 -0.27337533 0.51697886
v 0.11576787 -0.27337533 0.4679111
v 0.11976944 -0.2706505 0.47058487
v 0.11976944 -0.29623607 0.47058487
v 0.11576787 -0.29623607 0.4679111
v 0.17160548 -0.29623607 0.43060157
v 0.17160548 -0.27337533 0.43060157
v 0.14974539 -0.29623607 0.43494987
v 0.14974539 -0.27337533 0.43494987
v 0.1944045 -0.29623607 0.43967003
v 0.1944045 -0.2706505 0.43967003
v 0.17254438 -0.29623607 0.43532172
v 0.17254438 -0.2706505 0.43532172
v 0.17348327 -0.27337533 0.5542884
v 0.17348327 -0.29623607 0.5542884
v 0.17254438 -0.29623607 0.5495682
v 0.17254438 -0.2706505 0.5495682
v 0.17348327 -0.27337533 0.5542884
v 0.19534339 -0.27337533 0.5499401
v 0.19534339 -0.29623607 0.5499401
v 0.17348327 -0.29623607 0.5542884
v 0.1154212 -0.29623607 0.492445
v 0.1154212 -0.2706505 0.492445
v 0.11070103 -0.27337533 0.49338385
v 0.11070103 -0.29623607 0.49338385
v 0.15068428 -0.29623607 0.43967003
v 0.15068428 -0.2706505 0.43967003
v 0.13215218 -0.29623607 0.4520527
v 0.13215218 -0.2706505 0.4520527
v 0.21561033 -0.29623607 0.4480512
v 0.21561033 -0.27337533 0.4480512
v 0.19707824 -0.29623607 0.43566847
v 0.19707824 -0.27337533 0.43566847
v 0.1154212 -0.2706505 0.492445
v 0.1154212 -0.29623607 0.492445
v 0.11976944 -0.2706505 0.47058487
v 0.11976944 -0.29623607 0.47058487
v 0.19534339 -0.27337533 0.5499401
v 0.1944045 -0.29623607 0.54521996
v 0.19534339 -0.29623607 0.5499401
v 0.1944045 -0.2706505 0.54521996
v 0.12947842 -0.27337533 0.53683877
v 0.14801054 -0.27337533 0.54922146
v 0.14801054 -0.29623607 0.54922146
v 0.12947842 -0.29623607 0.53683877
v 0.23438776 -0.27337533 0.4915061
v 0.23438776 -0.29623607 0.4915061
v 0.22966759 -0.29623607 0.492445
v 0.22966759 -0.2706505 0.492445
v 0.17254438 -0.29623607 0.43532172
v 0.17254438 -0.2706505 0.43532172
v 0.17160548 -0.27337533 0.43060157
v 0.17160548 -0.29623607 0.43060157
v 0.22531934 -0.2706505 0.5143051
v 0.22966759 -0.29623607 0.492445
v 0.22531934 -0.29623607 0.5143051
v 0.22966759 -0.2706505 0.492445
v 0.13215218 -0.29623607 0.4520527
v 0.13215218 -0.2706505 0.4520527
v 0.12815061 -0.27337533 0.44937903
v 0.12815061 -0.29623607 0.44937903
v 0.1944045 -0.2706505 0.54521996
v 0.21293657 -0.2706505 0.53283715
v 0.21293657 -0.29623607 0.53283715
v 0.1944045 -0.29623607 0.54521996
v 0.1944045 -0.29623607 0.43967003
v 0.19707824 -0.27337533 0.43566847
v 0.1944045 -0.2706505 0.43967003
v 0.19707824 -0.29623607 0.43566847
v 0.15068428 -0.2706505 0.54521996
v 0.17254438 -0.2706505 0.5495682
v 0.17254438 -0.29623607 0.5495682
v 0.15068428 -0.29623607 0.54521996
v 0.2293209 -0.27337533 0.51697886
v 0.22531934 -0.29623607 0.5143051
v 0.2293209 -0.29623607 0.51697886
v 0.22531934 -0.2706505 0.5143051
v 0.21293657 -0.29623607 0.4520527
v 0.21293657 -0.2706505 0.4520527
v 0.21561033 -0.27337533 0.4480512
v 0.21561033 -0.29623607 0.4480512
v 0.07275996 -0.07275995 0.18632953
v 0.07275996 -0.07275995 0.16381
v 0.039377406 -0.09506544 0.16381
v 0.039377406 -0.09506544 0.18632953
v -0 -0.1028981 0.16381
v -0 -0.1028981 0.18632953
v -0.039377406 -0.09506544 0.16381
v -0.039377406 -0.09506544 0.18632953
v -0.07275996 -0.07275995 0.16381
v -0.07275996 -0.07275995 0.18632953
v -0.059358887 0.05935889 0.20721512
v -0.059358887 0.05935889 0.18787237
v -0.032124784 0.07755612 0.18787237
v -0.032124784 0.07755612 0.20721512
v -0 0.08394614 0.18787237
v -0 0.08394614 0.20721512
v 0.032124784 0.07755612 0.18787237
v 0.032124784 0.07755612 0.20721512
v 0.059358887 0.05935889 0.18787237
v 0.059358887 0.05935889 0.20721512
v 0.05935889 -0.059358876 0.20721512
v 0.05935889 -0.059358876 0.18787237
v 0.032124802 -0.07755612 0.18787237
v 0.032124802 -0.07755612 0.20721512
v -0 -0.08394614 0.2072151
v -0 -0.08394614 0.18787237
v -0.032124802 -0.07755612 0.18787237
v -0.032124802 -0.07755612 0.20721512
v -0.05935889 -0.059358876 0.18787237
v -0.05935889 -0.059358876 0.20721512
v -0.059358887 0.05935889 0.20721512
v -0.07755612 0.032124806 0.20721512
v -0.059358887 0.05935889 0.18787237
v -0.07755612 0.032124806 0.18787237
v -0.08394615 3.742074E-09 0.2072151
v -0.08394615 3.742074E-09 0.18787237
v -0.07755612 -0.032124795 0.18787237
v -0.07755612 -0.032124795 0.20721512
v -0.05935889 -0.059358876 0.20721512
v -0.05935889 -0.059358876 0.18787237
v 0.05935889 -0.059358876 0.20721512
v 0.07755612 -0.032124795 0.20721512
v 0.05935889 -0.059358876 0.18787237
v 0.07755612 -0.032124795 0.18787237
v 0.08394615 3.742074E-09 0.2072151
v 0.08394615 3.742074E-09 0.18787237
v 0.07755612 0.032124806 0.18787237
v 0.07755612 0.032124806 0.20721512
v 0.059358887 0.05935889 0.20721512
v 0.059358887 0.05935889 0.18787237
v 0.116119824 -0.4243317 0.1494825
v 0.11894459 -0.44035193 0.090592116
v 0.12867343 -0.5174638 0.05899322
v 0.13040146 -0.52726215 0.060399234
v 0.10037539 -0.44362625 0.090592116
v 0.116119824 -0.4243317 0.1494825
v 0.09755054 -0.42760596 0.1494825
v 0.11894459 -0.44035193 0.090592116
v 0.12867343 -0.5174638 0.05899322
v 0.11894459 -0.44035193 0.090592116
v 0.10037539 -0.44362625 0.090592116
v 0.117607 -0.51941514 0.05899322
v 0.11933453 -0.52921355 0.060399234
v 0.13040146 -0.52726215 0.060399234
v 0.11517497 -0.41686553 0.12839481
v 0.11480533 -0.4258371 0.14444219
v 0.114305936 -0.42300528 0.15062787
v 0.113592096 -0.38760608 0.11054942
v 0.119867526 -0.4231948 0.10866718
v 0.1147792 -0.41079524 0.08740115
v 0.1121485 -0.39587572 0.08770253
v 0.11575196 -0.37672648 0.06618258
v 0.119577244 -0.39031163 0.079227835
v 0.1178422 -0.38288897 0.09476479
v 0.10936088 -0.35240752 0.071982056
v 0.10905276 -0.35032925 0.087674156
v 0.12386942 -0.40320048 0.13392873
v 0.12414433 -0.40459394 0.12776534
v 0.13008565 -0.4616828 0.06930435
v 0.12973723 -0.46003768 0.08261648
v 0.12716502 -0.42935064 0.07252407
v 0.1270567 -0.42388472 0.04770109
v 0.12437123 -0.39597353 0.0612885
v 0.12431473 -0.39818946 0.07795709
v 0.12570648 -0.4155654 0.08793277
v 0.10365852 -0.35472625 0.0864048
v 0.11409931 -0.4123808 0.068464786
v 0.11441794 -0.41418803 0.08652396
v 0.102199055 -0.34667018 0.07466781
v 0.12437123 -0.39597353 0.0612885
v 0.12001378 -0.39636058 0.061222285
v 0.1226993 -0.42427176 0.047634855
v 0.1270567 -0.42388472 0.04770109
v 0.13008565 -0.4616828 0.06930435
v 0.12572819 -0.4620697 0.06923813
v 0.11995731 -0.3985765 0.0778909
v 0.12001378 -0.39636058 0.061222285
v 0.12437123 -0.39597353 0.0612885
v 0.12431473 -0.39818946 0.07795709
v 0.12570648 -0.4155654 0.08793277
v 0.12134901 -0.4159524 0.08786656
v 0.11995731 -0.3985765 0.0778909
v 0.12431473 -0.39818946 0.07795709
v 0.122807585 -0.42973754 0.072457865
v 0.12134901 -0.4159524 0.08786656
v 0.12570648 -0.4155654 0.08793277
v 0.12716502 -0.42935064 0.07252407
v 0.12973723 -0.46003768 0.08261648
v 0.1253798 -0.4604247 0.08255026
v 0.122807585 -0.42973754 0.072457865
v 0.12716502 -0.42935064 0.07252407
v 0.12973723 -0.46003768 0.08261648
v 0.13008565 -0.4616828 0.06930435
v 0.12572819 -0.4620697 0.06923813
v 0.1253798 -0.4604247 0.08255026
v 0.122807585 -0.42973754 0.072457865
v 0.1253798 -0.4604247 0.08255026
v 0.12572819 -0.4620697 0.06923813
v 0.1226993 -0.42427176 0.047634855
v 0.12001378 -0.39636058 0.061222285
v 0.11995731 -0.3985765 0.0778909
v 0.12134901 -0.4159524 0.08786656
v 0.10494086 -0.35358566 0.07205132
v 0.10905276 -0.35032925 0.087674156
v 0.10463269 -0.3515073 0.087743364
v 0.10936088 -0.35240752 0.071982056
v 0.11944942 -0.40437853 0.13399798
v 0.10463269 -0.3515073 0.087743364
v 0.10905276 -0.35032925 0.087674156
v 0.12386942 -0.40320048 0.13392873
v 0.11972427 -0.405772 0.12783456
v 0.11944942 -0.40437853 0.13399798
v 0.12386942 -0.40320048 0.13392873
v 0.12414433 -0.40459394 0.12776534
v 0.1178422 -0.38288897 0.09476479
v 0.113422155 -0.38406715 0.09483404
v 0.1151572 -0.39148974 0.079297096
v 0.113422155 -0.38406715 0.09483404
v 0.1178422 -0.38288897 0.09476479
v 0.119577244 -0.39031163 0.079227835
v 0.1151572 -0.39148974 0.079297096
v 0.119577244 -0.39031163 0.079227835
v 0.11575196 -0.37672648 0.06618258
v 0.11133189 -0.37790453 0.06625181
v 0.10494086 -0.35358566 0.07205132
v 0.10936088 -0.35240752 0.071982056
v 0.113422155 -0.38406715 0.09483404
v 0.1151572 -0.39148974 0.079297096
v 0.11133189 -0.37790453 0.06625181
v 0.10494086 -0.35358566 0.07205132
v 0.10463269 -0.3515073 0.087743364
v 0.11944942 -0.40437853 0.13399798
v 0.11972427 -0.405772 0.12783456
v 0.09244438 -0.41360855 0.08534944
v 0.092452474 -0.41365463 0.06924823
v 0.116130665 -0.409432 0.08534944
v 0.116138816 -0.4094781 0.06924823
v 0.09244438 -0.41360855 0.08534944
v 0.116130665 -0.409432 0.08534944
v 0.118556544 -0.42319003 0.09382696
v 0.09487024 -0.42736658 0.09382696
v 0.11984999 -0.4305254 0.082038
v 0.12208858 -0.44322088 0.0868886
v 0.09840224 -0.4473974 0.0868886
v 0.09616366 -0.43470192 0.082038
v 0.12672387 -0.5102529 0.04110606
v 0.12785193 -0.51665026 0.052991137
v 0.12357671 -0.45166034 0.074223354
v 0.12230565 -0.44445193 0.059360966
v 0.11984999 -0.4305254 0.082038
v 0.12208858 -0.44322088 0.0868886
v 0.116138816 -0.4094781 0.06924823
v 0.116130665 -0.409432 0.08534944
v 0.118556544 -0.42319003 0.09382696
v 0.095361784 -0.41568476 0.068464786
v 0.11409931 -0.4123808 0.068464786
v 0.102199055 -0.34667018 0.07466781
v 0.084070005 -0.34986678 0.07466781
v 0.09930062 -0.42857093 0.14444219
v 0.11480533 -0.4258371 0.14444219
v 0.11517497 -0.41686553 0.12839481
v 0.095884845 -0.42026696 0.12839481
v 0.09364007 -0.42781943 0.10866718
v 0.119867526 -0.4231948 0.10866718
v 0.1147792 -0.41079524 0.08740115
v 0.09418059 -0.41442725 0.08740115
v 0.09418059 -0.41442725 0.08740115
v 0.1147792 -0.41079524 0.08740115
v 0.1121485 -0.39587572 0.08770253
v 0.09154989 -0.39950785 0.08770253
v 0.09755054 -0.42760596 0.1494825
v 0.11933453 -0.52921355 0.060399234
v 0.117607 -0.51941514 0.05899322
v 0.10037539 -0.44362625 0.090592116
v 0.09880142 -0.4257392 0.15062787
v 0.09930062 -0.42857093 0.14444219
v 0.095884845 -0.42026696 0.12839481
v 0.08736493 -0.3922306 0.11054942
v 0.09364007 -0.42781943 0.10866718
v 0.09418059 -0.41442725 0.08740115
v 0.09154989 -0.39950785 0.08770253
v 0.08175783 -0.38925174 0.09476479
v 0.08266613 -0.39682013 0.079227835
v 0.0816143 -0.3827458 0.06618258
v 0.079302385 -0.3577077 0.071982056
v 0.078881115 -0.35564932 0.087674156
v 0.08304099 -0.4103996 0.13392873
v 0.08325932 -0.4118031 0.12776534
v 0.08888805 -0.4360999 0.07252407
v 0.096966535 -0.46581602 0.08261648
v 0.097201794 -0.46748096 0.06930435
v 0.08712037 -0.43092665 0.04770109
v 0.08009772 -0.40378016 0.0612885
v 0.080908686 -0.4058431 0.07795709
v 0.08554382 -0.42264712 0.08793277
v 0.08545392 -0.3579362 0.0864048
v 0.09568045 -0.41749194 0.08652396
v 0.095361784 -0.41568476 0.068464786
v 0.084070005 -0.34986678 0.07466781
v 0.091347404 -0.42979994 0.047634855
v 0.08432475 -0.40265355 0.061222285
v 0.08009772 -0.40378016 0.0612885
v 0.08712037 -0.43092665 0.04770109
v 0.097201794 -0.46748096 0.06930435
v 0.101428814 -0.4663544 0.06923813
v 0.08432475 -0.40265355 0.061222285
v 0.085135676 -0.4047164 0.0778909
v 0.080908686 -0.4058431 0.07795709
v 0.08009772 -0.40378016 0.0612885
v 0.08977081 -0.42152053 0.08786656
v 0.08554382 -0.42264712 0.08793277
v 0.085135676 -0.4047164 0.0778909
v 0.080908686 -0.4058431 0.07795709
v 0.08554382 -0.42264712 0.08793277
v 0.08977081 -0.42152053 0.08786656
v 0.08888805 -0.4360999 0.07252407
v 0.093115054 -0.43497318 0.072457865
v 0.10119356 -0.4646894 0.08255026
v 0.096966535 -0.46581602 0.08261648
v 0.093115054 -0.43497318 0.072457865
v 0.08888805 -0.4360999 0.07252407
v 0.096966535 -0.46581602 0.08261648
v 0.10119356 -0.4646894 0.08255026
v 0.097201794 -0.46748096 0.06930435
v 0.101428814 -0.4663544 0.06923813
v 0.085135676 -0.4047164 0.0778909
v 0.093115054 -0.43497318 0.072457865
v 0.08977081 -0.42152053 0.08786656
v 0.08432475 -0.40265355 0.061222285
v 0.091347404 -0.42979994 0.047634855
v 0.101428814 -0.4663544 0.06923813
v 0.10119356 -0.4646894 0.08255026
v 0.083437525 -0.35524464 0.087743364
v 0.078881115 -0.35564932 0.087674156
v 0.079302385 -0.3577077 0.071982056
v 0.08385877 -0.357303 0.07205132
v 0.078881115 -0.35564932 0.087674156
v 0.083437525 -0.35524464 0.087743364
v 0.08759741 -0.40999487 0.13399798
v 0.08304099 -0.4103996 0.13392873
v 0.08759741 -0.40999487 0.13399798
v 0.08325932 -0.4118031 0.12776534
v 0.08304099 -0.4103996 0.13392873
v 0.08781571 -0.41139838 0.12783456
v 0.086314246 -0.388847 0.09483404
v 0.08175783 -0.38925174 0.09476479
v 0.08175783 -0.38925174 0.09476479
v 0.086314246 -0.388847 0.09483404
v 0.08266613 -0.39682013 0.079227835
v 0.087222524 -0.39641544 0.079297096
v 0.08266613 -0.39682013 0.079227835
v 0.087222524 -0.39641544 0.079297096
v 0.0816143 -0.3827458 0.06618258
v 0.08617072 -0.38234112 0.06625181
v 0.08385877 -0.357303 0.07205132
v 0.079302385 -0.3577077 0.071982056
v 0.08759741 -0.40999487 0.13399798
v 0.086314246 -0.388847 0.09483404
v 0.08781571 -0.41139838 0.12783456
v 0.083437525 -0.35524464 0.087743364
v 0.08385877 -0.357303 0.07205132
v 0.08617072 -0.38234112 0.06625181
v 0.087222524 -0.39641544 0.079297096
v 0.118556544 -0.42319003 0.09382696
v 0.09616366 -0.43470192 0.082038
v 0.09487024 -0.42736658 0.09382696
v 0.11984999 -0.4305254 0.082038
v 0.12208858 -0.44322088 0.0868886
v 0.09989034 -0.45583683 0.074223354
v 0.09840224 -0.4473974 0.0868886
v 0.12357671 -0.45166034 0.074223354
v 0.09989034 -0.45583683 0.074223354
v 0.12357671 -0.45166034 0.074223354
v 0.118100815 -0.5183696 0.052991137
v 0.12785193 -0.51665026 0.052991137
v 0.118100815 -0.5183696 0.052991137
v 0.12785193 -0.51665026 0.052991137
v 0.12672387 -0.5102529 0.04110606
v 0.11697277 -0.51197225 0.04110606
v 0.12230565 -0.44445193 0.059360966
v 0.116138816 -0.4094781 0.06924823
v 0.092452474 -0.41365463 0.06924823
v 0.098619305 -0.4486285 0.059360966
v 0.11697277 -0.51197225 0.04110606
v 0.12672387 -0.5102529 0.04110606
v 0.118100815 -0.5183696 0.052991137
v 0.11697277 -0.51197225 0.04110606
v 0.09989034 -0.45583683 0.074223354
v 0.098619305 -0.4486285 0.059360966
v 0.09616366 -0.43470192 0.082038
v 0.09840224 -0.4473974 0.0868886
v 0.092452474 -0.41365463 0.06924823
v 0.09244438 -0.41360855 0.08534944
v 0.09487024 -0.42736658 0.09382696
v 0.10365852 -0.35472625 0.0864048
v 0.08545392 -0.3579362 0.0864048
v 0.102199055 -0.34667018 0.07466781
v 0.084070005 -0.34986678 0.07466781
v 0.08545392 -0.3579362 0.0864048
v 0.10365852 -0.35472625 0.0864048
v 0.09568045 -0.41749194 0.08652396
v 0.11441794 -0.41418803 0.08652396
v 0.113592096 -0.38760608 0.11054942
v 0.08736493 -0.3922306 0.11054942
v 0.09154989 -0.39950785 0.08770253
v 0.1121485 -0.39587572 0.08770253
v 0.114305936 -0.42300528 0.15062787
v 0.09880142 -0.4257392 0.15062787
v 0.113592096 -0.38760608 0.11054942
v 0.08736493 -0.3922306 0.11054942
v 0.120626464 -0.42686263 0.15163657
v 0.1360869 -0.5484984 0.044804543
v 0.1212551 -0.55111355 0.044804543
v 0.094181314 -0.4315257 0.15163657
v 0.091864936 -0.4203156 0.16193938
v 0.11896907 -0.4155364 0.16193938
v 0.08982843 -0.41615868 0.16066915
v 0.11946107 -0.41093355 0.16066915
v 0.1212551 -0.55111355 0.044804543
v 0.1360869 -0.5484984 0.044804543
v 0.13672134 -0.547474 0.04206973
v 0.120308615 -0.5503679 0.04206973
v 0.12166478 -0.4247042 0.14876331
v 0.11896907 -0.4155364 0.16193938
v 0.11946107 -0.41093355 0.16066915
v 0.120626464 -0.42686263 0.15163657
v 0.1360869 -0.5484984 0.044804543
v 0.13672134 -0.547474 0.04206973
v 0.12850718 -0.4605043 0.1021519
v 0.12854132 -0.44388393 0.10127559
v 0.12358197 -0.4125815 0.13162255
v 0.09246735 -0.4298525 0.14876331
v 0.08982843 -0.41615868 0.16066915
v 0.091864936 -0.4203156 0.16193938
v 0.094181314 -0.4315257 0.15163657
v 0.1212551 -0.55111355 0.044804543
v 0.120308615 -0.5503679 0.04206973
v 0.09828197 -0.46583384 0.1021519
v 0.09256541 -0.45022747 0.10127559
v 0.0865196 -0.41911662 0.13162255
v 0.12166478 -0.4247042 0.14876331
v 0.11946107 -0.41093355 0.16066915
v 0.08982843 -0.41615868 0.16066915
v 0.09246735 -0.4298525 0.14876331
v 0.09246735 -0.4298525 0.14876331
v 0.12358197 -0.4125815 0.13162255
v 0.12166478 -0.4247042 0.14876331
v 0.0865196 -0.41911662 0.13162255
v 0.12854132 -0.44388393 0.10127559
v 0.12358197 -0.4125815 0.13162255
v 0.0865196 -0.41911662 0.13162255
v 0.09256541 -0.45022747 0.10127559
v 0.12850718 -0.4605043 0.1021519
v 0.09828197 -0.46583384 0.1021519
v 0.120308615 -0.5503679 0.04206973
v 0.13672134 -0.547474 0.04206973
v 0.059028577 -0.08890848 0.17506976
v 0.05480162 -0.09087958 0.18632953
v 0.051556997 -0.08392146 0.18632953
v 0.055783976 -0.081950404 0.17506976
v 0.051556997 -0.08392146 0.16381
v 0.054801606 -0.09087955 0.16381
v 0.051556997 -0.08392146 0.18632953
v 0.05480162 -0.09087958 0.18632953
v 0.0445968 -0.09563812 0.1909935
v 0.041352186 -0.088680066 0.1909935
v 0.031147387 -0.09343864 0.18632953
v 0.034392 -0.10039674 0.18632953
v 0.026920415 -0.09540971 0.17506976
v 0.031147387 -0.09343864 0.18632953
v 0.034392 -0.10039674 0.18632953
v 0.03016502 -0.10236781 0.17506976
v 0.034391988 -0.10039671 0.16381
v 0.031147378 -0.0934386 0.16381
v 0.031147378 -0.0934386 0.16381
v 0.034391988 -0.10039671 0.16381
v 0.0445968 -0.09563812 0.15914604
v 0.041352175 -0.08868001 0.15914604
v 0.051556997 -0.08392146 0.16381
v 0.054801606 -0.09087955 0.16381
v 0.084877744 -0.33881298 0.11440418
v 0.097660854 -0.33655894 0.11440418
v 0.08886393 -0.35933453 0.08817323
v 0.10093239 -0.35720652 0.08817323
v 0.100625955 -0.35493022 0.07523932
v 0.08837333 -0.3570906 0.07523932
v 0.09490841 -0.32097134 0.10103305
v 0.0821329 -0.32322398 0.10103305
v 0.08600049 -0.34417197 0.07543316
v 0.09843725 -0.34197906 0.07543316
v 0.09843725 -0.34197906 0.07543316
v 0.100625955 -0.35493022 0.07523932
v 0.10093239 -0.35720652 0.08817323
v 0.09490841 -0.32097134 0.10103305
v 0.097660854 -0.33655894 0.11440418
v 0.08886393 -0.35933453 0.08817323
v 0.08837333 -0.3570906 0.07523932
v 0.08600049 -0.34417197 0.07543316
v 0.0821329 -0.32322398 0.10103305
v 0.084877744 -0.33881298 0.11440418
v 0.05101647 -0.10940515 0.17506976
v 0.034392 -0.10039674 0.18632953
v 0.0445968 -0.09563812 0.1909935
v 0.03016502 -0.10236781 0.17506976
v 0.034391988 -0.10039671 0.16381
v 0.0445968 -0.09563812 0.15914604
v 0.05480162 -0.09087958 0.18632953
v 0.059028577 -0.08890848 0.17506976
v 0.054801606 -0.09087955 0.16381
v 0.07844915 -0.19120522 0.20541778
v 0.05321545 -0.19565463 0.20541778
v 0.05175017 -0.18734457 0.21249759
v 0.07698387 -0.18289514 0.21249759
v 0.037295684 -0.105369106 0.1915466
v 0.06252938 -0.10091972 0.1915466
v 0.06252938 -0.10091972 0.1915466
v 0.037295684 -0.105369106 0.1915466
v 0.037316825 -0.10548905 0.17639945
v 0.06255054 -0.10103966 0.17639945
v 0.05175017 -0.18734457 0.21249759
v 0.037316825 -0.10548905 0.17639945
v 0.037295684 -0.105369106 0.1915466
v 0.05321545 -0.19565463 0.20541778
v 0.07844915 -0.19120522 0.20541778
v 0.06255054 -0.10103966 0.17639945
v 0.037316825 -0.10548905 0.17639945
v 0.05321545 -0.19565463 0.20541778
v 0.07844915 -0.19120522 0.20541778
v 0.07698387 -0.18289514 0.21249759
v 0.06255054 -0.10103966 0.17639945
v 0.06252938 -0.10091972 0.1915466
v 0.035519656 -0.11037293 0.16538756
v 0.06590971 -0.105014354 0.16538756
v 0.06474513 -0.098409615 0.17457046
v 0.034355063 -0.10376819 0.17457046
v 0.034401435 -0.1040312 0.18527885
v 0.06479149 -0.098672606 0.18527885
v 0.085674874 -0.21710807 0.17164914
v 0.055589404 -0.22419414 0.16597319
v 0.055284794 -0.22246669 0.17164914
v 0.08597947 -0.21883559 0.16597319
v 0.06590971 -0.105014354 0.16538756
v 0.035519656 -0.11037293 0.16538756
v 0.051278237 -0.19974428 0.15901706
v 0.0816683 -0.19438569 0.15901706
v 0.08274941 -0.20051706 0.15364857
v 0.05235936 -0.20587562 0.15364857
v 0.036716256 -0.11715921 0.18494806
v 0.034401435 -0.1040312 0.18527885
v 0.06479149 -0.098672606 0.18527885
v 0.06710632 -0.11180062 0.18494806
v 0.055589404 -0.22419414 0.16597319
v 0.08597947 -0.21883559 0.16597319
v 0.08274941 -0.20051706 0.15364857
v 0.05235936 -0.20587562 0.15364857
v 0.085674874 -0.21710807 0.17164914
v 0.038306333 -0.126177 0.17401895
v 0.0686964 -0.12081842 0.17401895
v 0.055284794 -0.22246669 0.17164914
v 0.036716256 -0.11715921 0.18494806
v 0.034355063 -0.10376819 0.17457046
v 0.034401435 -0.1040312 0.18527885
v 0.038306333 -0.126177 0.17401895
v 0.035519656 -0.11037293 0.16538756
v 0.051278237 -0.19974428 0.15901706
v 0.055284794 -0.22246669 0.17164914
v 0.05235936 -0.20587562 0.15364857
v 0.055589404 -0.22419414 0.16597319
v 0.06710632 -0.11180062 0.18494806
v 0.038306333 -0.126177 0.17401895
v 0.036716256 -0.11715921 0.18494806
v 0.0686964 -0.12081842 0.17401895
v 0.06710632 -0.11180062 0.18494806
v 0.06479149 -0.098672606 0.18527885
v 0.06474513 -0.098409615 0.17457046
v 0.0686964 -0.12081842 0.17401895
v 0.06590971 -0.105014354 0.16538756
v 0.0816683 -0.19438569 0.15901706
v 0.085674874 -0.21710807 0.17164914
v 0.08274941 -0.20051706 0.15364857
v 0.08597947 -0.21883559 0.16597319
v 0.055714715 -0.11192885 0.17972912
v 0.07368988 -0.21387108 0.17722017
v 0.06543988 -0.21532576 0.17722017
v 0.047464717 -0.11338355 0.17972912
v 0.056893 -0.11861127 0.17180921
v 0.072918676 -0.20949735 0.16957238
v 0.07368988 -0.21387108 0.17722017
v 0.055714715 -0.11192885 0.17972912
v 0.048643015 -0.120065965 0.17180921
v 0.047464717 -0.11338355 0.17972912
v 0.06543988 -0.21532576 0.17722017
v 0.064668685 -0.21095207 0.16957238
v 0.08045287 -0.23532331 0.22023332
v 0.06642185 -0.23779735 0.22023332
v 0.07437355 -0.20084572 0.16800761
v 0.060342524 -0.20331977 0.16800761
v 0.06642185 -0.23779735 0.22023332
v 0.06732671 -0.24292915 0.21201947
v 0.062173765 -0.21370529 0.16775201
v 0.060342524 -0.20331977 0.16800761
v 0.08045287 -0.23532331 0.22023332
v 0.07437355 -0.20084572 0.16800761
v 0.07620481 -0.21123125 0.16775201
v 0.081357755 -0.2404551 0.21201947
v 0.07620481 -0.21123125 0.16775201
v 0.06732671 -0.24292915 0.21201947
v 0.081357755 -0.2404551 0.21201947
v 0.062173765 -0.21370529 0.16775201
v 0.0791847 -0.30980837 0.09681812
v 0.09308904 -0.30735672 0.09681812
v 0.07788098 -0.21085666 0.20210187
v 0.060470656 -0.21392658 0.20210187
v 0.06115982 -0.2179379 0.23265664
v 0.07860599 -0.21486169 0.23265664
v 0.082203776 -0.32674462 0.09845808
v 0.09604608 -0.3243039 0.09845807
v 0.09308904 -0.30735672 0.09681812
v 0.0791847 -0.30980837 0.09681812
v 0.082203776 -0.32674462 0.09845808
v 0.0791847 -0.30980837 0.09681812
v 0.060470656 -0.21392658 0.20210187
v 0.06115982 -0.2179379 0.23265664
v 0.09604608 -0.3243039 0.09845807
v 0.07860599 -0.21486169 0.23265664
v 0.07788098 -0.21085666 0.20210187
v 0.09308904 -0.30735672 0.09681812
v 0.059551228 -0.23255621 0.25026459
v 0.05600601 -0.21198744 0.2408376
v 0.058072194 -0.2239867 0.2510988
v 0.08034088 -0.33957678 0.08354504
v 0.082792796 -0.353475 0.09542962
v 0.059551228 -0.23255621 0.25026459
v 0.08511667 -0.22804832 0.25026459
v 0.082792796 -0.353475 0.09542962
v 0.104633376 -0.34962386 0.09542962
v 0.058072194 -0.2239867 0.2510988
v 0.08357557 -0.21948974 0.2510988
v 0.08511667 -0.22804832 0.25026459
v 0.059551228 -0.23255621 0.25026459
v 0.05600601 -0.21198744 0.2408376
v 0.08141315 -0.20750743 0.2408376
v 0.08357557 -0.21948974 0.2510988
v 0.058072194 -0.2239867 0.2510988
v 0.08511667 -0.22804832 0.25026459
v 0.10218395 -0.33572525 0.08354504
v 0.104633376 -0.34962386 0.09542962
v 0.08141315 -0.20750743 0.2408376
v 0.08357557 -0.21948974 0.2510988
v 0.08034088 -0.33957678 0.08354504
v 0.08141315 -0.20750743 0.2408376
v 0.05600601 -0.21198744 0.2408376
v 0.10218395 -0.33572525 0.08354504
v 0.08837333 -0.3570906 0.07523932
v 0.100625955 -0.35493022 0.07523932
v 0.09843725 -0.34197906 0.07543316
v 0.08600049 -0.34417197 0.07543316
v -0.116119824 -0.4243317 0.1494825
v -0.13040146 -0.52726215 0.060399234
v -0.12867343 -0.5174638 0.05899322
v -0.11894459 -0.44035193 0.090592116
v -0.09755054 -0.42760596 0.1494825
v -0.116119824 -0.4243317 0.1494825
v -0.10037539 -0.44362625 0.090592116
v -0.11894459 -0.44035193 0.090592116
v -0.10037539 -0.44362625 0.090592116
v -0.11894459 -0.44035193 0.090592116
v -0.12867343 -0.5174638 0.05899322
v -0.117607 -0.51941514 0.05899322
v -0.11933453 -0.52921355 0.060399234
v -0.13040146 -0.52726215 0.060399234
v -0.114305936 -0.42300528 0.15062787
v -0.11480533 -0.4258371 0.14444219
v -0.11517497 -0.41686553 0.12839481
v -0.113592096 -0.38760608 0.11054942
v -0.119867526 -0.4231948 0.10866718
v -0.1147792 -0.41079524 0.08740115
v -0.1121485 -0.39587572 0.08770253
v -0.1178422 -0.38288897 0.09476479
v -0.119577244 -0.39031163 0.079227835
v -0.11575196 -0.37672648 0.06618258
v -0.10936088 -0.35240752 0.071982056
v -0.10905276 -0.35032925 0.087674156
v -0.12386942 -0.40320048 0.13392873
v -0.12414433 -0.40459394 0.12776534
v -0.12716502 -0.42935064 0.07252407
v -0.12973723 -0.46003768 0.08261648
v -0.13008565 -0.4616828 0.06930435
v -0.1270567 -0.42388472 0.04770109
v -0.12437123 -0.39597353 0.0612885
v -0.12431473 -0.39818946 0.07795709
v -0.12570648 -0.4155654 0.08793277
v -0.10365852 -0.35472625 0.0864048
v -0.11441794 -0.41418803 0.08652396
v -0.11409931 -0.4123808 0.068464786
v -0.102199055 -0.34667018 0.07466781
v -0.12437123 -0.39597353 0.0612885
v -0.1226993 -0.42427176 0.047634855
v -0.12001378 -0.39636058 0.061222285
v -0.1270567 -0.42388472 0.04770109
v -0.13008565 -0.4616828 0.06930435
v -0.12572819 -0.4620697 0.06923813
v -0.11995731 -0.3985765 0.0778909
v -0.12431473 -0.39818946 0.07795709
v -0.12437123 -0.39597353 0.0612885
v -0.12001378 -0.39636058 0.061222285
v -0.12431473 -0.39818946 0.07795709
v -0.11995731 -0.3985765 0.0778909
v -0.12570648 -0.4155654 0.08793277
v -0.12134901 -0.4159524 0.08786656
v -0.12570648 -0.4155654 0.08793277
v -0.12134901 -0.4159524 0.08786656
v -0.122807585 -0.42973754 0.072457865
v -0.12716502 -0.42935064 0.07252407
v -0.12716502 -0.42935064 0.07252407
v -0.122807585 -0.42973754 0.072457865
v -0.12973723 -0.46003768 0.08261648
v -0.1253798 -0.4604247 0.08255026
v -0.12973723 -0.46003768 0.08261648
v -0.1253798 -0.4604247 0.08255026
v -0.12572819 -0.4620697 0.06923813
v -0.13008565 -0.4616828 0.06930435
v -0.12572819 -0.4620697 0.06923813
v -0.1253798 -0.4604247 0.08255026
v -0.122807585 -0.42973754 0.072457865
v -0.1226993 -0.42427176 0.047634855
v -0.12001378 -0.39636058 0.061222285
v -0.11995731 -0.3985765 0.0778909
v -0.12134901 -0.4159524 0.08786656
v -0.10463269 -0.3515073 0.087743364
v -0.10905276 -0.35032925 0.087674156
v -0.10494086 -0.35358566 0.07205132
v -0.10936088 -0.35240752 0.071982056
v -0.10905276 -0.35032925 0.087674156
v -0.10463269 -0.3515073 0.087743364
v -0.11944942 -0.40437853 0.13399798
v -0.12386942 -0.40320048 0.13392873
v -0.12386942 -0.40320048 0.13392873
v -0.11944942 -0.40437853 0.13399798
v -0.11972427 -0.405772 0.12783456
v -0.12414433 -0.40459394 0.12776534
v -0.1178422 -0.38288897 0.09476479
v -0.113422155 -0.38406715 0.09483404
v -0.1178422 -0.38288897 0.09476479
v -0.113422155 -0.38406715 0.09483404
v -0.1151572 -0.39148974 0.079297096
v -0.119577244 -0.39031163 0.079227835
v -0.119577244 -0.39031163 0.079227835
v -0.1151572 -0.39148974 0.079297096
v -0.11575196 -0.37672648 0.06618258
v -0.11133189 -0.37790453 0.06625181
v -0.10494086 -0.35358566 0.07205132
v -0.10936088 -0.35240752 0.071982056
v -0.11133189 -0.37790453 0.06625181
v -0.1151572 -0.39148974 0.079297096
v -0.113422155 -0.38406715 0.09483404
v -0.10494086 -0.35358566 0.07205132
v -0.10463269 -0.3515073 0.087743364
v -0.11944942 -0.40437853 0.13399798
v -0.11972427 -0.405772 0.12783456
v -0.09244438 -0.41360855 0.08534944
v -0.116130665 -0.409432 0.08534944
v -0.092452474 -0.41365463 0.06924823
v -0.116138816 -0.4094781 0.06924823
v -0.09244438 -0.41360855 0.08534944
v -0.118556544 -0.42319003 0.09382696
v -0.116130665 -0.409432 0.08534944
v -0.09487024 -0.42736658 0.09382696
v -0.11984999 -0.4305254 0.082038
v -0.09616366 -0.43470192 0.082038
v -0.09840224 -0.4473974 0.0868886
v -0.12208858 -0.44322088 0.0868886
v -0.12785193 -0.51665026 0.052991137
v -0.12672387 -0.5102529 0.04110606
v -0.12357671 -0.45166034 0.074223354
v -0.12230565 -0.44445193 0.059360966
v -0.11984999 -0.4305254 0.082038
v -0.12208858 -0.44322088 0.0868886
v -0.116138816 -0.4094781 0.06924823
v -0.116130665 -0.409432 0.08534944
v -0.118556544 -0.42319003 0.09382696
v -0.11409931 -0.4123808 0.068464786
v -0.095361784 -0.41568476 0.068464786
v -0.102199055 -0.34667018 0.07466781
v -0.084070005 -0.34986678 0.07466781
v -0.09930062 -0.42857093 0.14444219
v -0.11517497 -0.41686553 0.12839481
v -0.11480533 -0.4258371 0.14444219
v -0.095884845 -0.42026696 0.12839481
v -0.09364007 -0.42781943 0.10866718
v -0.119867526 -0.4231948 0.10866718
v -0.1147792 -0.41079524 0.08740115
v -0.09418059 -0.41442725 0.08740115
v -0.09418059 -0.41442725 0.08740115
v -0.1121485 -0.39587572 0.08770253
v -0.1147792 -0.41079524 0.08740115
v -0.09154989 -0.39950785 0.08770253
v -0.09755054 -0.42760596 0.1494825
v -0.10037539 -0.44362625 0.090592116
v -0.117607 -0.51941514 0.05899322
v -0.11933453 -0.52921355 0.060399234
v -0.095884845 -0.42026696 0.12839481
v -0.09930062 -0.42857093 0.14444219
v -0.09880142 -0.4257392 0.15062787
v -0.08736493 -0.3922306 0.11054942
v -0.09364007 -0.42781943 0.10866718
v -0.09418059 -0.41442725 0.08740115
v -0.09154989 -0.39950785 0.08770253
v -0.0816143 -0.3827458 0.06618258
v -0.08266613 -0.39682013 0.079227835
v -0.08175783 -0.38925174 0.09476479
v -0.079302385 -0.3577077 0.071982056
v -0.078881115 -0.35564932 0.087674156
v -0.08304099 -0.4103996 0.13392873
v -0.08325932 -0.4118031 0.12776534
v -0.097201794 -0.46748096 0.06930435
v -0.096966535 -0.46581602 0.08261648
v -0.08888805 -0.4360999 0.07252407
v -0.08712037 -0.43092665 0.04770109
v -0.08009772 -0.40378016 0.0612885
v -0.080908686 -0.4058431 0.07795709
v -0.08554382 -0.42264712 0.08793277
v -0.08545392 -0.3579362 0.0864048
v -0.095361784 -0.41568476 0.068464786
v -0.09568045 -0.41749194 0.08652396
v -0.084070005 -0.34986678 0.07466781
v -0.08009772 -0.40378016 0.0612885
v -0.08432475 -0.40265355 0.061222285
v -0.091347404 -0.42979994 0.047634855
v -0.08712037 -0.43092665 0.04770109
v -0.097201794 -0.46748096 0.06930435
v -0.101428814 -0.4663544 0.06923813
v -0.08432475 -0.40265355 0.061222285
v -0.080908686 -0.4058431 0.07795709
v -0.085135676 -0.4047164 0.0778909
v -0.08009772 -0.40378016 0.0612885
v -0.085135676 -0.4047164 0.0778909
v -0.080908686 -0.4058431 0.07795709
v -0.08554382 -0.42264712 0.08793277
v -0.08977081 -0.42152053 0.08786656
v -0.08977081 -0.42152053 0.08786656
v -0.08554382 -0.42264712 0.08793277
v -0.08888805 -0.4360999 0.07252407
v -0.093115054 -0.43497318 0.072457865
v -0.093115054 -0.43497318 0.072457865
v -0.08888805 -0.4360999 0.07252407
v -0.096966535 -0.46581602 0.08261648
v -0.10119356 -0.4646894 0.08255026
v -0.10119356 -0.4646894 0.08255026
v -0.096966535 -0.46581602 0.08261648
v -0.097201794 -0.46748096 0.06930435
v -0.101428814 -0.4663544 0.06923813
v -0.085135676 -0.4047164 0.0778909
v -0.08977081 -0.42152053 0.08786656
v -0.093115054 -0.43497318 0.072457865
v -0.08432475 -0.40265355 0.061222285
v -0.091347404 -0.42979994 0.047634855
v -0.101428814 -0.4663544 0.06923813
v -0.10119356 -0.4646894 0.08255026
v -0.083437525 -0.35524464 0.087743364
v -0.08385877 -0.357303 0.07205132
v -0.079302385 -0.3577077 0.071982056
v -0.078881115 -0.35564932 0.087674156
v -0.078881115 -0.35564932 0.087674156
v -0.08304099 -0.4103996 0.13392873
v -0.08759741 -0.40999487 0.13399798
v -0.083437525 -0.35524464 0.087743364
v -0.08759741 -0.40999487 0.13399798
v -0.08304099 -0.4103996 0.13392873
v -0.08325932 -0.4118031 0.12776534
v -0.08781571 -0.41139838 0.12783456
v -0.086314246 -0.388847 0.09483404
v -0.08175783 -0.38925174 0.09476479
v -0.086314246 -0.388847 0.09483404
v -0.08175783 -0.38925174 0.09476479
v -0.08266613 -0.39682013 0.079227835
v -0.087222524 -0.39641544 0.079297096
v -0.087222524 -0.39641544 0.079297096
v -0.08266613 -0.39682013 0.079227835
v -0.0816143 -0.3827458 0.06618258
v -0.08617072 -0.38234112 0.06625181
v -0.08385877 -0.357303 0.07205132
v -0.079302385 -0.3577077 0.071982056
v -0.08759741 -0.40999487 0.13399798
v -0.08781571 -0.41139838 0.12783456
v -0.086314246 -0.388847 0.09483404
v -0.083437525 -0.35524464 0.087743364
v -0.08385877 -0.357303 0.07205132
v -0.08617072 -0.38234112 0.06625181
v -0.087222524 -0.39641544 0.079297096
v -0.118556544 -0.42319003 0.09382696
v -0.09487024 -0.42736658 0.09382696
v -0.09616366 -0.43470192 0.082038
v -0.11984999 -0.4305254 0.082038
v -0.12208858 -0.44322088 0.0868886
v -0.09840224 -0.4473974 0.0868886
v -0.09989034 -0.45583683 0.074223354
v -0.12357671 -0.45166034 0.074223354
v -0.12357671 -0.45166034 0.074223354
v -0.09989034 -0.45583683 0.074223354
v -0.118100815 -0.5183696 0.052991137
v -0.12785193 -0.51665026 0.052991137
v -0.118100815 -0.5183696 0.052991137
v -0.11697277 -0.51197225 0.04110606
v -0.12672387 -0.5102529 0.04110606
v -0.12785193 -0.51665026 0.052991137
v -0.092452474 -0.41365463 0.06924823
v -0.116138816 -0.4094781 0.06924823
v -0.12230565 -0.44445193 0.059360966
v -0.098619305 -0.4486285 0.059360966
v -0.11697277 -0.51197225 0.04110606
v -0.12672387 -0.5102529 0.04110606
v -0.11697277 -0.51197225 0.04110606
v -0.118100815 -0.5183696 0.052991137
v -0.09989034 -0.45583683 0.074223354
v -0.098619305 -0.4486285 0.059360966
v -0.09616366 -0.43470192 0.082038
v -0.09840224 -0.4473974 0.0868886
v -0.092452474 -0.41365463 0.06924823
v -0.09244438 -0.41360855 0.08534944
v -0.09487024 -0.42736658 0.09382696
v -0.10365852 -0.35472625 0.0864048
v -0.102199055 -0.34667018 0.07466781
v -0.08545392 -0.3579362 0.0864048
v -0.084070005 -0.34986678 0.07466781
v -0.10365852 -0.35472625 0.0864048
v -0.08545392 -0.3579362 0.0864048
v -0.09568045 -0.41749194 0.08652396
v -0.11441794 -0.41418803 0.08652396
v -0.113592096 -0.38760608 0.11054942
v -0.1121485 -0.39587572 0.08770253
v -0.09154989 -0.39950785 0.08770253
v -0.08736493 -0.3922306 0.11054942
v -0.113592096 -0.38760608 0.11054942
v -0.09880142 -0.4257392 0.15062787
v -0.114305936 -0.42300528 0.15062787
v -0.08736493 -0.3922306 0.11054942
v -0.1212551 -0.55111355 0.044804543
v -0.1360869 -0.5484984 0.044804543
v -0.120626464 -0.42686263 0.15163657
v -0.094181314 -0.4315257 0.15163657
v -0.091864936 -0.4203156 0.16193938
v -0.11896907 -0.4155364 0.16193938
v -0.08982843 -0.41615868 0.16066915
v -0.11946107 -0.41093355 0.16066915
v -0.1212551 -0.55111355 0.044804543
v -0.13672134 -0.547474 0.04206973
v -0.1360869 -0.5484984 0.044804543
v -0.120308615 -0.5503679 0.04206973
v -0.12166478 -0.4247042 0.14876331
v -0.11946107 -0.41093355 0.16066915
v -0.11896907 -0.4155364 0.16193938
v -0.120626464 -0.42686263 0.15163657
v -0.1360869 -0.5484984 0.044804543
v -0.13672134 -0.547474 0.04206973
v -0.12850718 -0.4605043 0.1021519
v -0.12854132 -0.44388393 0.10127559
v -0.12358197 -0.4125815 0.13162255
v -0.09246735 -0.4298525 0.14876331
v -0.091864936 -0.4203156 0.16193938
v -0.08982843 -0.41615868 0.16066915
v -0.094181314 -0.4315257 0.15163657
v -0.1212551 -0.55111355 0.044804543
v -0.120308615 -0.5503679 0.04206973
v -0.09828197 -0.46583384 0.1021519
v -0.09256541 -0.45022747 0.10127559
v -0.0865196 -0.41911662 0.13162255
v -0.12166478 -0.4247042 0.14876331
v -0.09246735 -0.4298525 0.14876331
v -0.08982843 -0.41615868 0.16066915
v -0.11946107 -0.41093355 0.16066915
v -0.0865196 -0.41911662 0.13162255
v -0.09246735 -0.4298525 0.14876331
v -0.12358197 -0.4125815 0.13162255
v -0.12166478 -0.4247042 0.14876331
v -0.0865196 -0.41911662 0.13162255
v -0.12358197 -0.4125815 0.13162255
v -0.12854132 -0.44388393 0.10127559
v -0.09256541 -0.45022747 0.10127559
v -0.12850718 -0.4605043 0.1021519
v -0.09828197 -0.46583384 0.1021519
v -0.120308615 -0.5503679 0.04206973
v -0.13672134 -0.547474 0.04206973
v -0.051556997 -0.08392146 0.18632953
v -0.05480162 -0.09087958 0.18632953
v -0.059028577 -0.08890848 0.17506976
v -0.055783976 -0.081950404 0.17506976
v -0.051556997 -0.08392146 0.16381
v -0.054801606 -0.09087955 0.16381
v -0.0445968 -0.09563812 0.1909935
v -0.05480162 -0.09087958 0.18632953
v -0.051556997 -0.08392146 0.18632953
v -0.041352186 -0.088680066 0.1909935
v -0.031147387 -0.09343864 0.18632953
v -0.034392 -0.10039674 0.18632953
v -0.034392 -0.10039674 0.18632953
v -0.031147387 -0.09343864 0.18632953
v -0.026920415 -0.09540971 0.17506976
v -0.03016502 -0.10236781 0.17506976
v -0.034391988 -0.10039671 0.16381
v -0.031147378 -0.0934386 0.16381
v -0.0445968 -0.09563812 0.15914604
v -0.034391988 -0.10039671 0.16381
v -0.031147378 -0.0934386 0.16381
v -0.041352175 -0.08868001 0.15914604
v -0.051556997 -0.08392146 0.16381
v -0.054801606 -0.09087955 0.16381
v -0.08886393 -0.35933453 0.08817323
v -0.097660854 -0.33655894 0.11440418
v -0.084877744 -0.33881298 0.11440418
v -0.10093239 -0.35720652 0.08817323
v -0.100625955 -0.35493022 0.07523932
v -0.08837333 -0.3570906 0.07523932
v -0.08600049 -0.34417197 0.07543316
v -0.0821329 -0.32322398 0.10103305
v -0.09490841 -0.32097134 0.10103305
v -0.09843725 -0.34197906 0.07543316
v -0.09490841 -0.32097134 0.10103305
v -0.097660854 -0.33655894 0.11440418
v -0.10093239 -0.35720652 0.08817323
v -0.09843725 -0.34197906 0.07543316
v -0.100625955 -0.35493022 0.07523932
v -0.08886393 -0.35933453 0.08817323
v -0.084877744 -0.33881298 0.11440418
v -0.0821329 -0.32322398 0.10103305
v -0.08600049 -0.34417197 0.07543316
v -0.08837333 -0.3570906 0.07523932
v -0.05101647 -0.10940515 0.17506976
v -0.0445968 -0.09563812 0.1909935
v -0.034392 -0.10039674 0.18632953
v -0.03016502 -0.10236781 0.17506976
v -0.034391988 -0.10039671 0.16381
v -0.0445968 -0.09563812 0.15914604
v -0.05101647 -0.10940515 0.17506976
v -0.059028577 -0.08890848 0.17506976
v -0.05480162 -0.09087958 0.18632953
v -0.054801606 -0.09087955 0.16381
v -0.05175017 -0.18734457 0.21249759
v -0.05321545 -0.19565463 0.20541778
v -0.07844915 -0.19120522 0.20541778
v -0.07698387 -0.18289514 0.21249759
v -0.037295684 -0.105369106 0.1915466
v -0.06252938 -0.10091972 0.1915466
v -0.06252938 -0.10091972 0.1915466
v -0.06255054 -0.10103966 0.17639945
v -0.037316825 -0.10548905 0.17639945
v -0.037295684 -0.105369106 0.1915466
v -0.05175017 -0.18734457 0.21249759
v -0.037295684 -0.105369106 0.1915466
v -0.037316825 -0.10548905 0.17639945
v -0.05321545 -0.19565463 0.20541778
v -0.07844915 -0.19120522 0.20541778
v -0.05321545 -0.19565463 0.20541778
v -0.037316825 -0.10548905 0.17639945
v -0.06255054 -0.10103966 0.17639945
v -0.06255054 -0.10103966 0.17639945
v -0.06252938 -0.10091972 0.1915466
v -0.07698387 -0.18289514 0.21249759
v -0.07844915 -0.19120522 0.20541778
v -0.06474513 -0.098409615 0.17457046
v -0.06590971 -0.105014354 0.16538756
v -0.035519656 -0.11037293 0.16538756
v -0.034355063 -0.10376819 0.17457046
v -0.034401435 -0.1040312 0.18527885
v -0.06479149 -0.098672606 0.18527885
v -0.085674874 -0.21710807 0.17164914
v -0.055284794 -0.22246669 0.17164914
v -0.055589404 -0.22419414 0.16597319
v -0.08597947 -0.21883559 0.16597319
v -0.051278237 -0.19974428 0.15901706
v -0.035519656 -0.11037293 0.16538756
v -0.06590971 -0.105014354 0.16538756
v -0.0816683 -0.19438569 0.15901706
v -0.08274941 -0.20051706 0.15364857
v -0.05235936 -0.20587562 0.15364857
v -0.034401435 -0.1040312 0.18527885
v -0.036716256 -0.11715921 0.18494806
v -0.06479149 -0.098672606 0.18527885
v -0.06710632 -0.11180062 0.18494806
v -0.055589404 -0.22419414 0.16597319
v -0.08274941 -0.20051706 0.15364857
v -0.08597947 -0.21883559 0.16597319
v -0.05235936 -0.20587562 0.15364857
v -0.0686964 -0.12081842 0.17401895
v -0.038306333 -0.126177 0.17401895
v -0.085674874 -0.21710807 0.17164914
v -0.055284794 -0.22246669 0.17164914
v -0.036716256 -0.11715921 0.18494806
v -0.034401435 -0.1040312 0.18527885
v -0.034355063 -0.10376819 0.17457046
v -0.038306333 -0.126177 0.17401895
v -0.035519656 -0.11037293 0.16538756
v -0.051278237 -0.19974428 0.15901706
v -0.055284794 -0.22246669 0.17164914
v -0.05235936 -0.20587562 0.15364857
v -0.055589404 -0.22419414 0.16597319
v -0.06710632 -0.11180062 0.18494806
v -0.036716256 -0.11715921 0.18494806
v -0.038306333 -0.126177 0.17401895
v -0.0686964 -0.12081842 0.17401895
v -0.06474513 -0.098409615 0.17457046
v -0.06479149 -0.098672606 0.18527885
v -0.06710632 -0.11180062 0.18494806
v -0.0686964 -0.12081842 0.17401895
v -0.06590971 -0.105014354 0.16538756
v -0.0816683 -0.19438569 0.15901706
v -0.085674874 -0.21710807 0.17164914
v -0.08274941 -0.20051706 0.15364857
v -0.08597947 -0.21883559 0.16597319
v -0.055714715 -0.11192885 0.17972912
v -0.047464717 -0.11338355 0.17972912
v -0.06543988 -0.21532576 0.17722017
v -0.07368988 -0.21387108 0.17722017
v -0.07368988 -0.21387108 0.17722017
v -0.056893 -0.11861127 0.17180921
v -0.055714715 -0.11192885 0.17972912
v -0.072918676 -0.20949735 0.16957238
v -0.06543988 -0.21532576 0.17722017
v -0.047464717 -0.11338355 0.17972912
v -0.048643015 -0.120065965 0.17180921
v -0.064668685 -0.21095207 0.16957238
v -0.07437355 -0.20084572 0.16800761
v -0.06642185 -0.23779735 0.22023332
v -0.08045287 -0.23532331 0.22023332
v -0.060342524 -0.20331977 0.16800761
v -0.062173765 -0.21370529 0.16775201
v -0.06732671 -0.24292915 0.21201947
v -0.06642185 -0.23779735 0.22023332
v -0.060342524 -0.20331977 0.16800761
v -0.08045287 -0.23532331 0.22023332
v -0.07620481 -0.21123125 0.16775201
v -0.07437355 -0.20084572 0.16800761
v -0.081357755 -0.2404551 0.21201947
v -0.081357755 -0.2404551 0.21201947
v -0.06732671 -0.24292915 0.21201947
v -0.07620481 -0.21123125 0.16775201
v -0.062173765 -0.21370529 0.16775201
v -0.09308904 -0.30735672 0.09681812
v -0.0791847 -0.30980837 0.09681812
v -0.07788098 -0.21085666 0.20210187
v -0.060470656 -0.21392658 0.20210187
v -0.06115982 -0.2179379 0.23265664
v -0.07860599 -0.21486169 0.23265664
v -0.09308904 -0.30735672 0.09681812
v -0.09604608 -0.3243039 0.09845807
v -0.082203776 -0.32674462 0.09845808
v -0.0791847 -0.30980837 0.09681812
v -0.082203776 -0.32674462 0.09845808
v -0.06115982 -0.2179379 0.23265664
v -0.060470656 -0.21392658 0.20210187
v -0.0791847 -0.30980837 0.09681812
v -0.09604608 -0.3243039 0.09845807
v -0.09308904 -0.30735672 0.09681812
v -0.07788098 -0.21085666 0.20210187
v -0.07860599 -0.21486169 0.23265664
v -0.05600601 -0.21198744 0.2408376
v -0.059551228 -0.23255621 0.25026459
v -0.058072194 -0.2239867 0.2510988
v -0.08034088 -0.33957678 0.08354504
v -0.082792796 -0.353475 0.09542962
v -0.082792796 -0.353475 0.09542962
v -0.08511667 -0.22804832 0.25026459
v -0.059551228 -0.23255621 0.25026459
v -0.104633376 -0.34962386 0.09542962
v -0.058072194 -0.2239867 0.2510988
v -0.059551228 -0.23255621 0.25026459
v -0.08511667 -0.22804832 0.25026459
v -0.08357557 -0.21948974 0.2510988
v -0.05600601 -0.21198744 0.2408376
v -0.058072194 -0.2239867 0.2510988
v -0.08357557 -0.21948974 0.2510988
v -0.08141315 -0.20750743 0.2408376
v -0.10218395 -0.33572525 0.08354504
v -0.08511667 -0.22804832 0.25026459
v -0.104633376 -0.34962386 0.09542962
v -0.08141315 -0.20750743 0.2408376
v -0.08357557 -0.21948974 0.2510988
v -0.05600601 -0.21198744 0.2408376
v -0.08141315 -0.20750743 0.2408376
v -0.08034088 -0.33957678 0.08354504
v -0.10218395 -0.33572525 0.08354504
v -0.09843725 -0.34197906 0.07543316
v -0.100625955 -0.35493022 0.07523932
v -0.08837333 -0.3570906 0.07523932
v -0.08600049 -0.34417197 0.07543316
v 0.4784832 -0.6303683 0.00411579
v 0.4823478 -0.6236383 0.00411579
v 0.4784832 -0.6303683 0
v 0.48234767 -0.6236382 0
v 0.47280967 -0.5945385 0.00411579
v 0.47280967 -0.5945385 0
v 0.42163473 -0.53446037 0
v 0.4440365 -0.5607294 0.013322129
v 0.41825107 -0.5304279 0.01332216
v 0.45905936 -0.5781515 0.013322115
v 0.4440365 -0.5607294 0.019677103
v 0.41218287 -0.5874577 0.013322129
v 0.38681936 -0.55680233 0.01332216
v 0.4010615 -0.54523724 0.01332216
v 0.431033 -0.5810642 0.013322129
v 0.43446696 -0.578183 0.019677103
v 0.4440365 -0.5607294 0.013322129
v 0.4440365 -0.5607294 0.019677103
v 0.43446696 -0.578183 0.013322129
v 0.43446696 -0.578183 0.013322129
v 0.43446696 -0.578183 0.019677103
v 0.45932934 -0.6076516 0.013322129
v 0.4784832 -0.6303683 0.00411579
v 0.4784832 -0.6303683 0
v 0.40777236 -0.546478 0
v 0.4043886 -0.54244536 0.01332216
v 0.47478217 -0.63347375 0
v 0.44048205 -0.6216646 0
v 0.46748343 -0.636111 0
v 0.4044451 -0.5492697 0
v 0.390203 -0.5608348 0
v 0.47478217 -0.63347375 0.00411579
v 0.47478217 -0.63347375 0
v 0.46748343 -0.6361111 0.00411579
v 0.46748343 -0.636111 0
v 0.44048205 -0.6216646 0.00411579
v 0.44048205 -0.6216646 0
v 0.390203 -0.5608348 0
v 0.44048205 -0.6216646 0.00411579
v 0.44048205 -0.6216646 0
v 0.41218287 -0.5874577 0.013322129
v 0.38681936 -0.55680233 0.01332216
v 0.4267317 -0.60527766 0.013322115
v 0.41218287 -0.5874577 0.019677103
v 0.41825107 -0.5304279 0.01332216
v 0.4043886 -0.54244536 0.01332216
v 0.40777236 -0.546478 0
v 0.42163473 -0.53446037 0
v 0.431033 -0.5810642 0.019677103
v 0.41218287 -0.5874577 0.019677103
v 0.41218287 -0.5874577 0.013322129
v 0.431033 -0.5810642 0.013322129
v 0.431033 -0.5810642 0.013322129
v 0.45573685 -0.61066633 0.013322129
v 0.431033 -0.5810642 0.019677103
v 0.47478217 -0.63347375 0.00411579
v 0.47478217 -0.63347375 0
v 0.4044451 -0.5492697 0
v 0.4010615 -0.54523724 0.01332216
v 0.38681936 -0.55680233 0.01332216
v 0.390203 -0.5608348 0
v 0.4010615 -0.54523724 0.01332216
v 0.4044451 -0.5492697 0
v 0.4823478 -0.6236383 0.00411579
v 0.4784832 -0.6303683 0.00411579
v 0.45932934 -0.6076516 0.013322129
v 0.45905936 -0.5781515 0.013322115
v 0.43446696 -0.578183 0.019677103
v 0.4440365 -0.5607294 0.019677103
v 0.46748343 -0.6361111 0.00411579
v 0.45573685 -0.61066633 0.013322129
v 0.47478217 -0.63347375 0.00411579
v 0.4267317 -0.60527766 0.013322115
v 0.431033 -0.5810642 0.019677103
v 0.41218287 -0.5874577 0.019677103
v 0.4440365 -0.5607294 0.013322129
v 0.43446696 -0.578183 0.013322129
v 0.4043886 -0.54244536 0.01332216
v 0.41825107 -0.5304279 0.01332216
v 0.47280967 -0.5945385 0
v 0.4784832 -0.6303683 0
v 0.48234767 -0.6236382 0
v 0.40777236 -0.546478 0
v 0.42163473 -0.53446037 0
v 0.4303645 -0.548902 0.014634609
v 0.42292204 -0.5400322 0.014634623
v 0.39546657 -0.56307 0.014634623
v 0.40290916 -0.5719397 0.014634609
v 0.39546657 -0.56307 0.014634623
v 0.42292204 -0.5400322 0.014634623
v 0.4192007 -0.53559726 0.024661988
v 0.3917452 -0.55863523 0.024661988
v 0.39546657 -0.56307 0.034689322
v 0.42292204 -0.5400322 0.034689307
v 0.40290946 -0.5719394 0.034689307
v 0.39546657 -0.56307 0.034689322
v 0.42292204 -0.5400322 0.034689307
v 0.4303645 -0.548902 0.034689307
v 0.40663037 -0.5763745 0.024661958
v 0.40290946 -0.5719394 0.034689307
v 0.4303645 -0.548902 0.034689307
v 0.43408588 -0.5533367 0.024661958
v 0.4303645 -0.548902 0.014634609
v 0.40290916 -0.5719397 0.014634609
v 0.42292204 -0.5400322 0.014634623
v 0.4303645 -0.548902 0.014634609
v 0.43408588 -0.5533367 0.024661958
v 0.4192007 -0.53559726 0.024661988
v 0.42292204 -0.5400322 0.034689307
v 0.4303645 -0.548902 0.034689307
v 0.40290916 -0.5719397 0.014634609
v 0.39546657 -0.56307 0.014634623
v 0.3917452 -0.55863523 0.024661988
v 0.40663037 -0.5763745 0.024661958
v 0.40290946 -0.5719394 0.034689307
v 0.39546657 -0.56307 0.034689322
v 0.4338822 -0.5652686 0.038997676
v 0.42072234 -0.58550954 0.02825217
v 0.41841635 -0.57824594 0.038997676
v 0.440635 -0.56880075 0.02825217
v 0.23845483 -0.31193212 0.27547583
v 0.23202129 -0.31146076 0.2908803
v 0.20286424 -0.34179607 0.27547583
v 0.20351732 -0.3353785 0.2908803
v 0.440635 -0.56880075 0.02825217
v 0.39274272 -0.55281913 0.057367906
v 0.42072234 -0.58550954 0.02825217
v 0.41329974 -0.5355696 0.057367906
v 0.3778399 -0.5368008 0.061871022
v 0.40011275 -0.51811165 0.061871022
v 0.2230878 -0.36544245 0.22854686
v 0.25823015 -0.33595452 0.22854686
v 0.41841635 -0.57824594 0.038997676
v 0.42072234 -0.58550954 0.02825217
v 0.39274272 -0.55281913 0.057367906
v 0.22388622 -0.36471373 0.25219283
v 0.20351732 -0.3353785 0.2908803
v 0.20286424 -0.34179607 0.27547583
v 0.25737396 -0.33661434 0.25219283
v 0.23202129 -0.31146076 0.2908803
v 0.23845483 -0.31193212 0.27547583
v 0.4338822 -0.5652686 0.038997676
v 0.41329974 -0.5355696 0.057367906
v 0.440635 -0.56880075 0.02825217
v 0.40011275 -0.51811165 0.061871022
v 0.25823015 -0.33595452 0.22854686
v 0.23845483 -0.31193212 0.27547583
v 0.20286424 -0.34179607 0.27547583
v 0.22388622 -0.36471373 0.25219283
v 0.25737396 -0.33661434 0.25219283
v 0.36386153 -0.5102652 0.06371176
v 0.36989012 -0.51744986 0.070036896
v 0.38010848 -0.5292206 0.060440853
v 0.4149966 -0.5680298 0.016294122
v 0.39270148 -0.5436183 0.06427583
v 0.4211925 -0.57541376 0.034827277
v 0.42189503 -0.5762511 0.021434039
v 0.38243622 -0.5069225 0.070036896
v 0.36989012 -0.51744986 0.070036896
v 0.36386153 -0.5102652 0.06371176
v 0.37640753 -0.4997378 0.06371176
v 0.4149966 -0.5680298 0.016294122
v 0.42189503 -0.5762511 0.021434039
v 0.43131363 -0.5683479 0.021434039
v 0.4244151 -0.5601266 0.016294122
v 0.36386153 -0.5102652 0.06371176
v 0.37640753 -0.4997378 0.06371176
v 0.38010848 -0.5292206 0.060440853
v 0.36989012 -0.51744986 0.070036896
v 0.38243622 -0.5069225 0.070036896
v 0.39225367 -0.5190296 0.060440853
v 0.39270148 -0.5436183 0.06427583
v 0.40424597 -0.5339313 0.06427583
v 0.37640753 -0.4997378 0.06371176
v 0.39225367 -0.5190296 0.060440853
v 0.38243622 -0.5069225 0.070036896
v 0.4244151 -0.5601266 0.016294122
v 0.40424597 -0.5339313 0.06427583
v 0.43061098 -0.56751066 0.034827277
v 0.43131363 -0.5683479 0.021434039
v 0.43061098 -0.56751066 0.034827277
v 0.43131363 -0.5683479 0.021434039
v 0.42189503 -0.5762511 0.021434039
v 0.4211925 -0.57541376 0.034827277
v 0.23837548 -0.32408103 0.22489432
v 0.21484241 -0.34382764 0.22489432
v 0.2535511 -0.38489723 0.19111887
v 0.2720995 -0.3693333 0.19111887
v 0.2719 -0.40611908 0.1942837
v 0.28981265 -0.39108855 0.1942837
v 0.22947796 -0.36166382 0.24826509
v 0.2719 -0.40611908 0.1942837
v 0.2535511 -0.38489723 0.19111887
v 0.21484241 -0.34382764 0.22489432
v 0.20400622 -0.3319344 0.24869996
v 0.21048072 -0.34020975 0.2615755
v 0.23556997 -0.31915736 0.2615755
v 0.21048072 -0.34020975 0.2615755
v 0.20400622 -0.3319344 0.24869996
v 0.22854465 -0.31134424 0.24869996
v 0.2720995 -0.3693333 0.19111887
v 0.28981265 -0.39108855 0.1942837
v 0.2533993 -0.34159145 0.24826509
v 0.23837548 -0.32408103 0.22489432
v 0.22854465 -0.31134424 0.24869996
v 0.23556997 -0.31915736 0.2615755
v 0.22388622 -0.36471373 0.25219283
v 0.39274272 -0.55281913 0.057367906
v 0.3778399 -0.5368008 0.061871022
v 0.2230878 -0.36544245 0.22854686
v 0.22854465 -0.31134424 0.24869996
v 0.20400622 -0.3319344 0.24869996
v 0.21484241 -0.34382764 0.22489432
v 0.23837548 -0.32408103 0.22489432
v 0.22947796 -0.36166382 0.24826509
v 0.23556997 -0.31915736 0.2615755
v 0.2533993 -0.34159145 0.24826509
v 0.21048072 -0.34020975 0.2615755
v 0.41841635 -0.57824594 0.038997676
v 0.20351732 -0.3353785 0.2908803
v 0.23202129 -0.31146076 0.2908803
v 0.4338822 -0.5652686 0.038997676
v 0.25737396 -0.33661434 0.25219283
v 0.22388622 -0.36471373 0.25219283
v 0.2230878 -0.36544245 0.22854686
v 0.25823015 -0.33595452 0.22854686
v 0.0893923 -0.1447744 0.13067934
v 0.07915156 -0.13212809 0.110401
v 0.10020107 -0.15812203 0.10149875
v 0.12919582 -0.19392757 0.15511557
v 0.16758312 -0.24133195 0.14912266
v 0.18985584 -0.2688365 0.18649206
v 0.13271035 -0.19826768 0.1751391
v 0.22160968 -0.3078846 0.22967163
v 0.22996156 -0.3181983 0.21529186
v 0.24318628 -0.33395892 0.23427707
v 0.23483442 -0.3236452 0.24865684
v 0.20180337 -0.32450396 0.22967163
v 0.109288976 -0.21792053 0.1751391
v 0.13271035 -0.19826768 0.1751391
v 0.22160968 -0.3078846 0.22967163
v 0.06413047 -0.16597158 0.13067934
v 0.07539846 -0.17893392 0.10149875
v 0.053454593 -0.15369043 0.110401
v 0.10562513 -0.21370575 0.15511557
v 0.14564343 -0.25974157 0.14912266
v 0.16886248 -0.286452 0.18649206
v 0.109288976 -0.21792053 0.1751391
v 0.20180337 -0.32450396 0.22967163
v 0.21051013 -0.33451998 0.21529186
v 0.22373486 -0.35028064 0.23427707
v 0.21502808 -0.34026465 0.24865684
v 0.0893923 -0.1447744 0.13067934
v 0.12919582 -0.19392757 0.15511557
v 0.10562513 -0.21370575 0.15511557
v 0.06413047 -0.16597158 0.13067934
v 0.053454593 -0.15369043 0.110401
v 0.07915156 -0.13212809 0.110401
v 0.10020107 -0.15812203 0.10149875
v 0.07539846 -0.17893392 0.10149875
v 0.16758312 -0.24133195 0.14912266
v 0.14564343 -0.25974157 0.14912266
v 0.16886248 -0.286452 0.18649206
v 0.18985584 -0.2688365 0.18649206
v 0.21051013 -0.33451998 0.21529186
v 0.22996156 -0.3181983 0.21529186
v 0.24318628 -0.33395892 0.23427707
v 0.22373486 -0.35028064 0.23427707
v 0.13271035 -0.19826768 0.1751391
v 0.109288976 -0.21792053 0.1751391
v 0.12919582 -0.19392757 0.15511557
v 0.10562513 -0.21370575 0.15511557
v 0.05179806 -0.14199144 0.13349685
v 0.11467632 -0.21432461 0.17048803
v 0.10670163 -0.20515074 0.12649235
v 0.058180504 -0.14933358 0.093149066
v 0.04056589 -0.1290703 0.11019772
v 0.04300162 -0.13187228 0.10047839
v 0.058180504 -0.14933358 0.093149066
v 0.10670163 -0.20515074 0.12649235
v 0.12058385 -0.19350214 0.12649235
v 0.07404028 -0.13602565 0.093149066
v 0.05948004 -0.11804524 0.10047839
v 0.04300162 -0.13187228 0.10047839
v 0.06791797 -0.12846524 0.13349685
v 0.12058385 -0.19350214 0.12649235
v 0.12823357 -0.20294873 0.17048803
v 0.07404028 -0.13602565 0.093149066
v 0.05714359 -0.115159996 0.11019772
v 0.05948004 -0.11804524 0.10047839
v 0.12823357 -0.20294873 0.17048803
v 0.11467632 -0.21432461 0.17048803
v 0.06791797 -0.12846524 0.13349685
v 0.05179806 -0.14199144 0.13349685
v 0.06791797 -0.12846524 0.13349685
v 0.05179806 -0.14199144 0.13349685
v 0.05714359 -0.115159996 0.11019772
v 0.04056589 -0.1290703 0.11019772
v 0.04300162 -0.13187228 0.10047839
v 0.05948004 -0.11804524 0.10047839
v 0.07154041 -0.13180867 0.13633123
v 0.02430644 -0.13180864 0.11019316
v 0.024306437 -0.13180868 0.13633123
v 0.07154041 -0.13180862 0.11019316
v 0.07154041 -0.07003132 0.091331005
v 0.07154041 -0.13180867 0.13633123
v 0.07154041 -0.07003126 0.13633123
v 0.07154041 -0.13180862 0.11019316
v 0.07154041 -0.12100523 0.091331005
v 0.024306435 -0.070031285 0.13633123
v 0.07154041 -0.07003126 0.13633123
v 0.07154041 -0.13180867 0.13633123
v 0.024306437 -0.13180868 0.13633123
v 0.024306435 -0.070031285 0.13633123
v 0.024306437 -0.13180868 0.13633123
v 0.024306433 -0.07003133 0.091331005
v 0.02430644 -0.13180864 0.11019316
v 0.024306444 -0.121005245 0.091331005
v 0.07154041 -0.13180862 0.11019316
v 0.07154041 -0.12100523 0.091331005
v 0.024306444 -0.121005245 0.091331005
v 0.02430644 -0.13180864 0.11019316
v 0.07154041 -0.12100523 0.091331005
v 0.07154041 -0.07003132 0.091331005
v 0.024306433 -0.07003133 0.091331005
v 0.024306444 -0.121005245 0.091331005
v 0.035677087 -0.027608873 0.09806192
v 0.035677087 -0.027608873 0.14698282
v 0.023430757 -0.048820127 0.14698282
v 0.023430757 -0.048820127 0.09806192
v 0.035677094 -0.070031375 0.14698282
v 0.035677094 -0.070031375 0.09806192
v 0.06016975 -0.027608864 0.14698282
v 0.06016975 -0.027608864 0.09806192
v 0.07241608 -0.04882011 0.09806192
v 0.07241608 -0.04882011 0.14698282
v 0.060169738 -0.07003135 0.09806192
v 0.060169738 -0.07003135 0.14698282
v 0.060169738 -0.07003135 0.09806192
v 0.07241608 -0.04882011 0.09806192
v 0.06016975 -0.027608864 0.09806192
v 0.035677087 -0.027608873 0.09806192
v 0.035677094 -0.070031375 0.09806192
v 0.023430757 -0.048820127 0.09806192
v 0.035677094 -0.070031375 0.14698282
v 0.060169738 -0.07003135 0.14698282
v 0.035677094 -0.070031375 0.09806192
v 0.060169738 -0.07003135 0.09806192
v 0.035677094 -0.070031375 0.14698282
v 0.023430757 -0.048820127 0.14698282
v 0.035677087 -0.027608873 0.14698282
v 0.060169738 -0.07003135 0.14698282
v 0.06016975 -0.027608864 0.14698282
v 0.07241608 -0.04882011 0.14698282
v 0.26415777 -0.35144252 0.19577137
v 0.25696886 -0.34287512 0.19277465
v 0.23731118 -0.37396947 0.19577137
v 0.2301223 -0.36540207 0.19277465
v 0.25170612 -0.33660322 0.20096195
v 0.22485954 -0.35913017 0.20096195
v 0.22678582 -0.36142585 0.21214597
v 0.22485954 -0.35913017 0.20096195
v 0.25170612 -0.33660322 0.20096195
v 0.25363243 -0.33889884 0.21214597
v 0.22678582 -0.36142585 0.21214597
v 0.25363243 -0.33889884 0.21214597
v 0.2608213 -0.34746638 0.21514273
v 0.23397481 -0.36999327 0.21514273
v 0.23923747 -0.3762651 0.20695539
v 0.26608402 -0.35373822 0.20695539
v 0.23731118 -0.37396947 0.19577137
v 0.23923747 -0.3762651 0.20695539
v 0.26415777 -0.35144252 0.19577137
v 0.26608402 -0.35373822 0.20695539
v 0.25170612 -0.33660322 0.20096195
v 0.25696886 -0.34287512 0.19277465
v 0.26415777 -0.35144252 0.19577137
v 0.26608402 -0.35373822 0.20695539
v 0.25363243 -0.33889884 0.21214597
v 0.2608213 -0.34746638 0.21514273
v 0.22678582 -0.36142585 0.21214597
v 0.23397481 -0.36999327 0.21514273
v 0.23923747 -0.3762651 0.20695539
v 0.22485954 -0.35913017 0.20096195
v 0.23731118 -0.37396947 0.19577137
v 0.2301223 -0.36540207 0.19277465
v 0.024306435 -0.070031285 0.13633123
v 0.024306433 -0.07003133 0.091331005
v 0.07154041 -0.07003132 0.091331005
v 0.07154041 -0.07003126 0.13633123
v 0.22160968 -0.3078846 0.22967163
v 0.23483442 -0.3236452 0.24865684
v 0.21502808 -0.34026465 0.24865684
v 0.20180337 -0.32450396 0.22967163
v 0.06016975 -0.027608864 0.14698282
v 0.035677087 -0.027608873 0.14698282
v 0.06016975 -0.027608864 0.09806192
v 0.035677087 -0.027608873 0.09806192
v -0.4784832 -0.6303683 0.00411579
v -0.4784832 -0.6303683 0
v -0.4823478 -0.6236383 0.00411579
v -0.48234767 -0.6236382 0
v -0.47280967 -0.5945385 0.00411579
v -0.47280967 -0.5945385 0
v -0.42163473 -0.53446037 0
v -0.4440365 -0.5607294 0.013322129
v -0.41825107 -0.5304279 0.01332216
v -0.45905936 -0.5781515 0.013322115
v -0.4440365 -0.5607294 0.019677103
v -0.4010615 -0.54523724 0.01332216
v -0.38681936 -0.55680233 0.01332216
v -0.41218287 -0.5874577 0.013322129
v -0.431033 -0.5810642 0.013322129
v -0.43446696 -0.578183 0.019677103
v -0.4440365 -0.5607294 0.019677103
v -0.4440365 -0.5607294 0.013322129
v -0.43446696 -0.578183 0.013322129
v -0.43446696 -0.578183 0.013322129
v -0.45932934 -0.6076516 0.013322129
v -0.43446696 -0.578183 0.019677103
v -0.4784832 -0.6303683 0.00411579
v -0.4784832 -0.6303683 0
v -0.40777236 -0.546478 0
v -0.4043886 -0.54244536 0.01332216
v -0.47478217 -0.63347375 0
v -0.46748343 -0.636111 0
v -0.44048205 -0.6216646 0
v -0.4044451 -0.5492697 0
v -0.390203 -0.5608348 0
v -0.46748343 -0.6361111 0.00411579
v -0.47478217 -0.63347375 0
v -0.47478217 -0.63347375 0.00411579
v -0.46748343 -0.636111 0
v -0.44048205 -0.6216646 0.00411579
v -0.44048205 -0.6216646 0
v -0.390203 -0.5608348 0
v -0.44048205 -0.6216646 0
v -0.44048205 -0.6216646 0.00411579
v -0.41218287 -0.5874577 0.013322129
v -0.38681936 -0.55680233 0.01332216
v -0.4267317 -0.60527766 0.013322115
v -0.41218287 -0.5874577 0.019677103
v -0.40777236 -0.546478 0
v -0.4043886 -0.54244536 0.01332216
v -0.41825107 -0.5304279 0.01332216
v -0.42163473 -0.53446037 0
v -0.431033 -0.5810642 0.019677103
v -0.41218287 -0.5874577 0.013322129
v -0.41218287 -0.5874577 0.019677103
v -0.431033 -0.5810642 0.013322129
v -0.431033 -0.5810642 0.013322129
v -0.431033 -0.5810642 0.019677103
v -0.45573685 -0.61066633 0.013322129
v -0.47478217 -0.63347375 0.00411579
v -0.47478217 -0.63347375 0
v -0.4044451 -0.5492697 0
v -0.4010615 -0.54523724 0.01332216
v -0.38681936 -0.55680233 0.01332216
v -0.4010615 -0.54523724 0.01332216
v -0.390203 -0.5608348 0
v -0.4044451 -0.5492697 0
v -0.4823478 -0.6236383 0.00411579
v -0.45932934 -0.6076516 0.013322129
v -0.4784832 -0.6303683 0.00411579
v -0.45905936 -0.5781515 0.013322115
v -0.43446696 -0.578183 0.019677103
v -0.4440365 -0.5607294 0.019677103
v -0.46748343 -0.6361111 0.00411579
v -0.47478217 -0.63347375 0.00411579
v -0.45573685 -0.61066633 0.013322129
v -0.4267317 -0.60527766 0.013322115
v -0.431033 -0.5810642 0.019677103
v -0.41218287 -0.5874577 0.019677103
v -0.4043886 -0.54244536 0.01332216
v -0.43446696 -0.578183 0.013322129
v -0.4440365 -0.5607294 0.013322129
v -0.41825107 -0.5304279 0.01332216
v -0.47280967 -0.5945385 0
v -0.48234767 -0.6236382 0
v -0.4784832 -0.6303683 0
v -0.40777236 -0.546478 0
v -0.42163473 -0.53446037 0
v -0.39546657 -0.56307 0.014634623
v -0.42292204 -0.5400322 0.014634623
v -0.4303645 -0.548902 0.014634609
v -0.40290916 -0.5719397 0.014634609
v -0.39546657 -0.56307 0.014634623
v -0.4192007 -0.53559726 0.024661988
v -0.42292204 -0.5400322 0.014634623
v -0.3917452 -0.55863523 0.024661988
v -0.39546657 -0.56307 0.034689322
v -0.42292204 -0.5400322 0.034689307
v -0.40290946 -0.5719394 0.034689307
v -0.4303645 -0.548902 0.034689307
v -0.42292204 -0.5400322 0.034689307
v -0.39546657 -0.56307 0.034689322
v -0.4303645 -0.548902 0.034689307
v -0.40290946 -0.5719394 0.034689307
v -0.40663037 -0.5763745 0.024661958
v -0.43408588 -0.5533367 0.024661958
v -0.4303645 -0.548902 0.014634609
v -0.40290916 -0.5719397 0.014634609
v -0.43408588 -0.5533367 0.024661958
v -0.4303645 -0.548902 0.014634609
v -0.42292204 -0.5400322 0.014634623
v -0.4192007 -0.53559726 0.024661988
v -0.42292204 -0.5400322 0.034689307
v -0.4303645 -0.548902 0.034689307
v -0.3917452 -0.55863523 0.024661988
v -0.39546657 -0.56307 0.014634623
v -0.40290916 -0.5719397 0.014634609
v -0.40663037 -0.5763745 0.024661958
v -0.40290946 -0.5719394 0.034689307
v -0.39546657 -0.56307 0.034689322
v -0.4338822 -0.5652686 0.038997676
v -0.41841635 -0.57824594 0.038997676
v -0.42072234 -0.58550954 0.02825217
v -0.440635 -0.56880075 0.02825217
v -0.23202129 -0.31146076 0.2908803
v -0.20286424 -0.34179607 0.27547583
v -0.20351732 -0.3353785 0.2908803
v -0.23845483 -0.31193212 0.27547583
v -0.440635 -0.56880075 0.02825217
v -0.42072234 -0.58550954 0.02825217
v -0.39274272 -0.55281913 0.057367906
v -0.41329974 -0.5355696 0.057367906
v -0.3778399 -0.5368008 0.061871022
v -0.40011275 -0.51811165 0.061871022
v -0.2230878 -0.36544245 0.22854686
v -0.25823015 -0.33595452 0.22854686
v -0.41841635 -0.57824594 0.038997676
v -0.39274272 -0.55281913 0.057367906
v -0.42072234 -0.58550954 0.02825217
v -0.22388622 -0.36471373 0.25219283
v -0.20351732 -0.3353785 0.2908803
v -0.20286424 -0.34179607 0.27547583
v -0.25737396 -0.33661434 0.25219283
v -0.23845483 -0.31193212 0.27547583
v -0.23202129 -0.31146076 0.2908803
v -0.4338822 -0.5652686 0.038997676
v -0.41329974 -0.5355696 0.057367906
v -0.440635 -0.56880075 0.02825217
v -0.40011275 -0.51811165 0.061871022
v -0.25823015 -0.33595452 0.22854686
v -0.23845483 -0.31193212 0.27547583
v -0.25737396 -0.33661434 0.25219283
v -0.22388622 -0.36471373 0.25219283
v -0.20286424 -0.34179607 0.27547583
v -0.36386153 -0.5102652 0.06371176
v -0.38010848 -0.5292206 0.060440853
v -0.36989012 -0.51744986 0.070036896
v -0.4149966 -0.5680298 0.016294122
v -0.39270148 -0.5436183 0.06427583
v -0.4211925 -0.57541376 0.034827277
v -0.42189503 -0.5762511 0.021434039
v -0.36386153 -0.5102652 0.06371176
v -0.36989012 -0.51744986 0.070036896
v -0.38243622 -0.5069225 0.070036896
v -0.37640753 -0.4997378 0.06371176
v -0.4149966 -0.5680298 0.016294122
v -0.43131363 -0.5683479 0.021434039
v -0.42189503 -0.5762511 0.021434039
v -0.4244151 -0.5601266 0.016294122
v -0.36386153 -0.5102652 0.06371176
v -0.37640753 -0.4997378 0.06371176
v -0.38243622 -0.5069225 0.070036896
v -0.36989012 -0.51744986 0.070036896
v -0.38010848 -0.5292206 0.060440853
v -0.39225367 -0.5190296 0.060440853
v -0.39270148 -0.5436183 0.06427583
v -0.40424597 -0.5339313 0.06427583
v -0.37640753 -0.4997378 0.06371176
v -0.38243622 -0.5069225 0.070036896
v -0.39225367 -0.5190296 0.060440853
v -0.4244151 -0.5601266 0.016294122
v -0.40424597 -0.5339313 0.06427583
v -0.43061098 -0.56751066 0.034827277
v -0.43131363 -0.5683479 0.021434039
v -0.43061098 -0.56751066 0.034827277
v -0.4211925 -0.57541376 0.034827277
v -0.42189503 -0.5762511 0.021434039
v -0.43131363 -0.5683479 0.021434039
v -0.2535511 -0.38489723 0.19111887
v -0.21484241 -0.34382764 0.22489432
v -0.23837548 -0.32408103 0.22489432
v -0.2720995 -0.3693333 0.19111887
v -0.2719 -0.40611908 0.1942837
v -0.28981265 -0.39108855 0.1942837
v -0.2535511 -0.38489723 0.19111887
v -0.2719 -0.40611908 0.1942837
v -0.22947796 -0.36166382 0.24826509
v -0.21484241 -0.34382764 0.22489432
v -0.20400622 -0.3319344 0.24869996
v -0.21048072 -0.34020975 0.2615755
v -0.20400622 -0.3319344 0.24869996
v -0.21048072 -0.34020975 0.2615755
v -0.23556997 -0.31915736 0.2615755
v -0.22854465 -0.31134424 0.24869996
v -0.28981265 -0.39108855 0.1942837
v -0.2720995 -0.3693333 0.19111887
v -0.2533993 -0.34159145 0.24826509
v -0.23837548 -0.32408103 0.22489432
v -0.22854465 -0.31134424 0.24869996
v -0.23556997 -0.31915736 0.2615755
v -0.3778399 -0.5368008 0.061871022
v -0.39274272 -0.55281913 0.057367906
v -0.22388622 -0.36471373 0.25219283
v -0.2230878 -0.36544245 0.22854686
v -0.21484241 -0.34382764 0.22489432
v -0.20400622 -0.3319344 0.24869996
v -0.22854465 -0.31134424 0.24869996
v -0.23837548 -0.32408103 0.22489432
v -0.21048072 -0.34020975 0.2615755
v -0.22947796 -0.36166382 0.24826509
v -0.23556997 -0.31915736 0.2615755
v -0.2533993 -0.34159145 0.24826509
v -0.23202129 -0.31146076 0.2908803
v -0.20351732 -0.3353785 0.2908803
v -0.41841635 -0.57824594 0.038997676
v -0.4338822 -0.5652686 0.038997676
v -0.25737396 -0.33661434 0.25219283
v -0.25823015 -0.33595452 0.22854686
v -0.2230878 -0.36544245 0.22854686
v -0.22388622 -0.36471373 0.25219283
v -0.0893923 -0.1447744 0.13067934
v -0.10020107 -0.15812203 0.10149875
v -0.07915156 -0.13212809 0.110401
v -0.12919582 -0.19392757 0.15511557
v -0.16758312 -0.24133195 0.14912266
v -0.18985584 -0.2688365 0.18649206
v -0.13271035 -0.19826768 0.1751391
v -0.22160968 -0.3078846 0.22967163
v -0.22996156 -0.3181983 0.21529186
v -0.24318628 -0.33395892 0.23427707
v -0.23483442 -0.3236452 0.24865684
v -0.20180337 -0.32450396 0.22967163
v -0.22160968 -0.3078846 0.22967163
v -0.13271035 -0.19826768 0.1751391
v -0.109288976 -0.21792053 0.1751391
v -0.06413047 -0.16597158 0.13067934
v -0.053454593 -0.15369043 0.110401
v -0.07539846 -0.17893392 0.10149875
v -0.10562513 -0.21370575 0.15511557
v -0.14564343 -0.25974157 0.14912266
v -0.16886248 -0.286452 0.18649206
v -0.109288976 -0.21792053 0.1751391
v -0.20180337 -0.32450396 0.22967163
v -0.21051013 -0.33451998 0.21529186
v -0.22373486 -0.35028064 0.23427707
v -0.21502808 -0.34026465 0.24865684
v -0.10562513 -0.21370575 0.15511557
v -0.12919582 -0.19392757 0.15511557
v -0.0893923 -0.1447744 0.13067934
v -0.06413047 -0.16597158 0.13067934
v -0.053454593 -0.15369043 0.110401
v -0.07915156 -0.13212809 0.110401
v -0.10020107 -0.15812203 0.10149875
v -0.07539846 -0.17893392 0.10149875
v -0.16758312 -0.24133195 0.14912266
v -0.14564343 -0.25974157 0.14912266
v -0.16886248 -0.286452 0.18649206
v -0.18985584 -0.2688365 0.18649206
v -0.21051013 -0.33451998 0.21529186
v -0.22996156 -0.3181983 0.21529186
v -0.24318628 -0.33395892 0.23427707
v -0.22373486 -0.35028064 0.23427707
v -0.13271035 -0.19826768 0.1751391
v -0.12919582 -0.19392757 0.15511557
v -0.109288976 -0.21792053 0.1751391
v -0.10562513 -0.21370575 0.15511557
v -0.10670163 -0.20515074 0.12649235
v -0.11467632 -0.21432461 0.17048803
v -0.05179806 -0.14199144 0.13349685
v -0.058180504 -0.14933358 0.093149066
v -0.04056589 -0.1290703 0.11019772
v -0.04300162 -0.13187228 0.10047839
v -0.12058385 -0.19350214 0.12649235
v -0.10670163 -0.20515074 0.12649235
v -0.058180504 -0.14933358 0.093149066
v -0.07404028 -0.13602565 0.093149066
v -0.05948004 -0.11804524 0.10047839
v -0.04300162 -0.13187228 0.10047839
v -0.12823357 -0.20294873 0.17048803
v -0.12058385 -0.19350214 0.12649235
v -0.06791797 -0.12846524 0.13349685
v -0.07404028 -0.13602565 0.093149066
v -0.05714359 -0.115159996 0.11019772
v -0.05948004 -0.11804524 0.10047839
v -0.11467632 -0.21432461 0.17048803
v -0.06791797 -0.12846524 0.13349685
v -0.05179806 -0.14199144 0.13349685
v -0.12823357 -0.20294873 0.17048803
v -0.05714359 -0.115159996 0.11019772
v -0.05179806 -0.14199144 0.13349685
v -0.06791797 -0.12846524 0.13349685
v -0.04056589 -0.1290703 0.11019772
v -0.04300162 -0.13187228 0.10047839
v -0.05948004 -0.11804524 0.10047839
v -0.07154041 -0.13180867 0.13633123
v -0.024306437 -0.13180868 0.13633123
v -0.02430644 -0.13180864 0.11019316
v -0.07154041 -0.13180862 0.11019316
v -0.07154041 -0.07003132 0.091331005
v -0.07154041 -0.07003126 0.13633123
v -0.07154041 -0.13180867 0.13633123
v -0.07154041 -0.13180862 0.11019316
v -0.07154041 -0.12100523 0.091331005
v -0.024306435 -0.070031285 0.13633123
v -0.024306437 -0.13180868 0.13633123
v -0.07154041 -0.13180867 0.13633123
v -0.07154041 -0.07003126 0.13633123
v -0.024306435 -0.070031285 0.13633123
v -0.024306433 -0.07003133 0.091331005
v -0.024306437 -0.13180868 0.13633123
v -0.02430644 -0.13180864 0.11019316
v -0.024306444 -0.121005245 0.091331005
v -0.07154041 -0.13180862 0.11019316
v -0.02430644 -0.13180864 0.11019316
v -0.024306444 -0.121005245 0.091331005
v -0.07154041 -0.12100523 0.091331005
v -0.07154041 -0.12100523 0.091331005
v -0.024306444 -0.121005245 0.091331005
v -0.024306433 -0.07003133 0.091331005
v -0.07154041 -0.07003132 0.091331005
v -0.035677087 -0.027608873 0.09806192
v -0.023430757 -0.048820127 0.14698282
v -0.035677087 -0.027608873 0.14698282
v -0.023430757 -0.048820127 0.09806192
v -0.035677094 -0.070031375 0.14698282
v -0.035677094 -0.070031375 0.09806192
v -0.06016975 -0.027608864 0.14698282
v -0.07241608 -0.04882011 0.09806192
v -0.06016975 -0.027608864 0.09806192
v -0.07241608 -0.04882011 0.14698282
v -0.060169738 -0.07003135 0.09806192
v -0.060169738 -0.07003135 0.14698282
v -0.035677094 -0.070031375 0.09806192
v -0.023430757 -0.048820127 0.09806192
v -0.035677087 -0.027608873 0.09806192
v -0.060169738 -0.07003135 0.09806192
v -0.06016975 -0.027608864 0.09806192
v -0.07241608 -0.04882011 0.09806192
v -0.035677094 -0.070031375 0.09806192
v -0.060169738 -0.07003135 0.14698282
v -0.035677094 -0.070031375 0.14698282
v -0.060169738 -0.07003135 0.09806192
v -0.035677094 -0.070031375 0.14698282
v -0.035677087 -0.027608873 0.14698282
v -0.023430757 -0.048820127 0.14698282
v -0.060169738 -0.07003135 0.14698282
v -0.06016975 -0.027608864 0.14698282
v -0.07241608 -0.04882011 0.14698282
v -0.25696886 -0.34287512 0.19277465
v -0.26415777 -0.35144252 0.19577137
v -0.23731118 -0.37396947 0.19577137
v -0.2301223 -0.36540207 0.19277465
v -0.25170612 -0.33660322 0.20096195
v -0.22485954 -0.35913017 0.20096195
v -0.22678582 -0.36142585 0.21214597
v -0.25363243 -0.33889884 0.21214597
v -0.25170612 -0.33660322 0.20096195
v -0.22485954 -0.35913017 0.20096195
v -0.22678582 -0.36142585 0.21214597
v -0.2608213 -0.34746638 0.21514273
v -0.25363243 -0.33889884 0.21214597
v -0.23397481 -0.36999327 0.21514273
v -0.23923747 -0.3762651 0.20695539
v -0.26608402 -0.35373822 0.20695539
v -0.23923747 -0.3762651 0.20695539
v -0.26415777 -0.35144252 0.19577137
v -0.26608402 -0.35373822 0.20695539
v -0.23731118 -0.37396947 0.19577137
v -0.26415777 -0.35144252 0.19577137
v -0.25696886 -0.34287512 0.19277465
v -0.25170612 -0.33660322 0.20096195
v -0.26608402 -0.35373822 0.20695539
v -0.25363243 -0.33889884 0.21214597
v -0.2608213 -0.34746638 0.21514273
v -0.22485954 -0.35913017 0.20096195
v -0.2301223 -0.36540207 0.19277465
v -0.23731118 -0.37396947 0.19577137
v -0.23923747 -0.3762651 0.20695539
v -0.22678582 -0.36142585 0.21214597
v -0.23397481 -0.36999327 0.21514273
v -0.024306435 -0.070031285 0.13633123
v -0.07154041 -0.07003126 0.13633123
v -0.07154041 -0.07003132 0.091331005
v -0.024306433 -0.07003133 0.091331005
v -0.22160968 -0.3078846 0.22967163
v -0.20180337 -0.32450396 0.22967163
v -0.21502808 -0.34026465 0.24865684
v -0.23483442 -0.3236452 0.24865684
v -0.06016975 -0.027608864 0.09806192
v -0.035677087 -0.027608873 0.14698282
v -0.06016975 -0.027608864 0.14698282
v -0.035677087 -0.027608873 0.09806192
v 0.79353887 0.07185049 0.00411579
v 0.7902426 0.07887636 0.00411579
v 0.79024243 0.078876324 0
v 0.79353887 0.07185049 0
v 0.76093465 0.08775409 0.00411579
v 0.79024243 0.078876324 0
v 0.7902426 0.07887636 0.00411579
v 0.76093465 0.08775409 0
v 0.6823688 0.0802935 0
v 0.7167362 0.08357666 0.013322129
v 0.6771248 0.079834685 0.01332216
v 0.7396244 0.08588972 0.013322115
v 0.7167362 0.08357666 0.019677103
v 0.67939633 0.057259515 0.01332216
v 0.7259351 0.06126123 0.013322129
v 0.7203604 0.042152986 0.013322129
v 0.68070096 0.038959637 0.01332216
v 0.72554463 0.06572678 0.019677103
v 0.7167362 0.08357666 0.013322129
v 0.7167362 0.08357666 0.019677103
v 0.72554463 0.06572678 0.013322129
v 0.72554463 0.06572678 0.013322129
v 0.72554463 0.06572678 0.019677103
v 0.7639444 0.06919028 0.013322129
v 0.79353887 0.07185049 0.00411579
v 0.79353887 0.07185049 0
v 0.684262 0.062045086 0
v 0.67901784 0.0615863 0.01332216
v 0.79395986 0.06703763 0
v 0.7646128 0.04571401 0
v 0.7919339 0.05954612 0
v 0.68464035 0.057718314 0
v 0.68594503 0.039418414 0
v 0.7919339 0.05954612 0
v 0.79193395 0.0595461 0.00411579
v 0.79395986 0.06703763 0.00411579
v 0.79395986 0.06703763 0
v 0.79193395 0.0595461 0.00411579
v 0.7919339 0.05954612 0
v 0.7646128 0.04571401 0.00411579
v 0.7646128 0.04571401 0
v 0.68594503 0.039418414 0
v 0.7203604 0.042152986 0.013322129
v 0.68070096 0.038959637 0.01332216
v 0.7433025 0.043849573 0.013322115
v 0.7203604 0.042152986 0.019677103
v 0.6771248 0.079834685 0.01332216
v 0.67901784 0.0615863 0.01332216
v 0.684262 0.062045086 0
v 0.6823688 0.0802935 0
v 0.7259351 0.06126123 0.019677103
v 0.7203604 0.042152986 0.019677103
v 0.7203604 0.042152986 0.013322129
v 0.7259351 0.06126123 0.013322129
v 0.7259351 0.06126123 0.013322129
v 0.76435316 0.06451837 0.013322129
v 0.7259351 0.06126123 0.019677103
v 0.79395986 0.06703763 0.00411579
v 0.79395986 0.06703763 0
v 0.68464035 0.057718314 0
v 0.67939633 0.057259515 0.01332216
v 0.68070096 0.038959637 0.01332216
v 0.68594503 0.039418414 0
v 0.67939633 0.057259515 0.01332216
v 0.68464035 0.057718314 0
v 0.7902426 0.07887636 0.00411579
v 0.79353887 0.07185049 0.00411579
v 0.7639444 0.06919028 0.013322129
v 0.7396244 0.08588972 0.013322115
v 0.72554463 0.06572678 0.019677103
v 0.7167362 0.08357666 0.019677103
v 0.79193395 0.0595461 0.00411579
v 0.76435316 0.06451837 0.013322129
v 0.79395986 0.06703763 0.00411579
v 0.7433025 0.043849573 0.013322115
v 0.7259351 0.06126123 0.019677103
v 0.7203604 0.042152986 0.019677103
v 0.67901784 0.0615863 0.01332216
v 0.6771248 0.079834685 0.01332216
v 0.7167362 0.08357666 0.013322129
v 0.72554463 0.06572678 0.013322129
v 0.76093465 0.08775409 0
v 0.79353887 0.07185049 0
v 0.79024243 0.078876324 0
v 0.684262 0.062045086 0
v 0.6823688 0.0802935 0
v 0.69079506 0.042448 0.014634623
v 0.70232964 0.04345714 0.014634609
v 0.69920594 0.07916118 0.014634609
v 0.68767136 0.07815212 0.014634623
v 0.69079506 0.042448 0.014634623
v 0.68767136 0.07815212 0.014634623
v 0.68190396 0.07764755 0.024661988
v 0.6850278 0.041943386 0.024661988
v 0.69079506 0.042448 0.034689322
v 0.68767136 0.07815212 0.034689307
v 0.68767136 0.07815212 0.034689307
v 0.69920594 0.07916118 0.034689307
v 0.70232946 0.043457612 0.034689307
v 0.69079506 0.042448 0.034689322
v 0.70809674 0.043961696 0.024661958
v 0.70232946 0.043457612 0.034689307
v 0.69920594 0.07916118 0.034689307
v 0.70497304 0.079665825 0.024661958
v 0.69920594 0.07916118 0.014634609
v 0.70232964 0.04345714 0.014634609
v 0.68767136 0.07815212 0.014634623
v 0.69920594 0.07916118 0.014634609
v 0.70497304 0.079665825 0.024661958
v 0.68190396 0.07764755 0.024661988
v 0.68767136 0.07815212 0.034689307
v 0.69920594 0.07916118 0.034689307
v 0.70809674 0.043961696 0.024661958
v 0.70232964 0.04345714 0.014634609
v 0.69079506 0.042448 0.014634623
v 0.6850278 0.041943386 0.024661988
v 0.70232946 0.043457612 0.034689307
v 0.69079506 0.042448 0.034689322
v 0.72366256 0.050265506 0.02825217
v 0.71463025 0.072655216 0.038997676
v 0.7213969 0.07616077 0.02825217
v 0.7163899 0.05254278 0.038997676
v 0.39501667 0.057878293 0.27547583
v 0.39094043 0.052878592 0.2908803
v 0.39906585 0.011594925 0.27547583
v 0.3941835 0.015810847 0.2908803
v 0.68083555 0.046096463 0.057367906
v 0.72366256 0.050265506 0.02825217
v 0.7213969 0.07616077 0.02825217
v 0.6784968 0.07282971 0.057367906
v 0.6566323 0.07204102 0.061871022
v 0.65916634 0.04307645 0.061871022
v 0.42603728 0.060298584 0.22854686
v 0.4300356 0.014598073 0.22854686
v 0.7163899 0.05254278 0.038997676
v 0.72366256 0.050265506 0.02825217
v 0.68083555 0.046096463 0.057367906
v 0.42989662 0.015670065 0.25219283
v 0.3941835 0.015810847 0.2908803
v 0.39906585 0.011594925 0.27547583
v 0.65916634 0.04307645 0.061871022
v 0.4300356 0.014598073 0.22854686
v 0.42608672 0.059218768 0.25219283
v 0.39094043 0.052878592 0.2908803
v 0.39501667 0.057878293 0.27547583
v 0.71463025 0.072655216 0.038997676
v 0.6784968 0.07282971 0.057367906
v 0.7213969 0.07616077 0.02825217
v 0.6566323 0.07204102 0.061871022
v 0.42603728 0.060298584 0.22854686
v 0.42989662 0.015670065 0.25219283
v 0.42608672 0.059218768 0.25219283
v 0.39501667 0.057878293 0.27547583
v 0.39906585 0.011594925 0.27547583
v 0.62941194 0.046846345 0.06371176
v 0.6387552 0.047663674 0.070036896
v 0.65425813 0.049282685 0.060440853
v 0.7060599 0.055601195 0.016294122
v 0.6732751 0.051340003 0.06427583
v 0.7156623 0.056441322 0.034827277
v 0.7167511 0.05653654 0.021434039
v 0.6373278 0.06397905 0.070036896
v 0.6387552 0.047663674 0.070036896
v 0.62941194 0.046846345 0.06371176
v 0.6279845 0.06316163 0.06371176
v 0.7167511 0.05653654 0.021434039
v 0.7156795 0.068784885 0.021434039
v 0.7060599 0.055601195 0.016294122
v 0.70498824 0.06784954 0.016294122
v 0.62941194 0.046846345 0.06371176
v 0.6279845 0.06316163 0.06371176
v 0.65425813 0.049282685 0.060440853
v 0.6387552 0.047663674 0.070036896
v 0.6373278 0.06397905 0.070036896
v 0.65287644 0.065076664 0.060440853
v 0.6732751 0.051340003 0.06427583
v 0.6719617 0.06635295 0.06427583
v 0.6279845 0.06316163 0.06371176
v 0.65287644 0.065076664 0.060440853
v 0.6373278 0.06397905 0.070036896
v 0.70498824 0.06784954 0.016294122
v 0.6719617 0.06635295 0.06427583
v 0.7145907 0.06868957 0.034827277
v 0.7156795 0.068784885 0.021434039
v 0.7145907 0.06868957 0.034827277
v 0.7156795 0.068784885 0.021434039
v 0.7167511 0.05653654 0.021434039
v 0.7156623 0.056441322 0.034827277
v 0.46133468 0.05251439 0.19111887
v 0.40492293 0.05084498 0.22489432
v 0.4076004 0.020241592 0.22489432
v 0.46344504 0.02839333 0.19111887
v 0.48931548 0.054545864 0.1942837
v 0.49135348 0.031251535 0.1942837
v 0.43060553 0.02199993 0.24826509
v 0.49135348 0.031251535 0.1942837
v 0.46344504 0.02839333 0.19111887
v 0.4076004 0.020241592 0.22489432
v 0.40213504 0.018743845 0.2615755
v 0.39164263 0.018186793 0.24869996
v 0.40213504 0.018743845 0.2615755
v 0.3888508 0.050097533 0.24869996
v 0.39928046 0.051370915 0.2615755
v 0.39164263 0.018186793 0.24869996
v 0.4076004 0.020241592 0.22489432
v 0.40492293 0.05084498 0.22489432
v 0.42788395 0.05310817 0.24826509
v 0.46133468 0.05251439 0.19111887
v 0.48931548 0.054545864 0.1942837
v 0.40492293 0.05084498 0.22489432
v 0.39928046 0.051370915 0.2615755
v 0.3888508 0.050097533 0.24869996
v 0.42788395 0.05310817 0.24826509
v 0.43060553 0.02199993 0.24826509
v 0.40213504 0.018743845 0.2615755
v 0.39928046 0.051370915 0.2615755
v 0.71463025 0.072655216 0.038997676
v 0.3941835 0.015810847 0.2908803
v 0.39094043 0.052878592 0.2908803
v 0.7163899 0.05254278 0.038997676
v 0.42608672 0.059218768 0.25219283
v 0.42989662 0.015670065 0.25219283
v 0.4300356 0.014598073 0.22854686
v 0.42603728 0.060298584 0.22854686
v 0.17259029 0.031651177 0.13067934
v 0.15635718 0.030516066 0.110401
v 0.1897237 0.032849275 0.10149875
v 0.23568456 0.036063172 0.15511557
v 0.296534 0.040318187 0.14912266
v 0.33183947 0.04278699 0.18649206
v 0.24125563 0.03645274 0.1751391
v 0.38203913 0.0464011 0.22967163
v 0.3952781 0.04732686 0.21529186
v 0.4157738 0.049120005 0.23427707
v 0.4025348 0.04819426 0.24865684
v 0.3974911 0.02203143 0.21529186
v 0.33183947 0.04278699 0.18649206
v 0.33422798 0.015486377 0.18649206
v 0.3952781 0.04732686 0.21529186
v 0.4179869 0.023824576 0.23427707
v 0.4157738 0.049120005 0.23427707
v 0.33422798 0.015486377 0.18649206
v 0.33183947 0.04278699 0.18649206
v 0.296534 0.040318187 0.14912266
v 0.2990302 0.011786923 0.14912266
v 0.19254561 0.0005949568 0.10149875
v 0.2990302 0.011786923 0.14912266
v 0.296534 0.040318187 0.14912266
v 0.1897237 0.032849275 0.10149875
v 0.15928084 -0.0029013082 0.110401
v 0.15635718 0.030516066 0.110401
v 0.24125563 0.03645274 0.1751391
v 0.38203913 0.0464011 0.22967163
v 0.3842925 0.020644216 0.22967163
v 0.24392036 0.0059946645 0.1751391
v 0.17546439 -0.001200336 0.13067934
v 0.19254561 0.0005949568 0.10149875
v 0.15928084 -0.0029013082 0.110401
v 0.23836629 0.0054109097 0.15511557
v 0.2990302 0.011786923 0.14912266
v 0.33422798 0.015486377 0.18649206
v 0.24392036 0.0059946645 0.1751391
v 0.3842925 0.020644216 0.22967163
v 0.3974911 0.02203143 0.21529186
v 0.4179869 0.023824576 0.23427707
v 0.4047882 0.022437334 0.24865684
v 0.17546439 -0.001200336 0.13067934
v 0.15635718 0.030516066 0.110401
v 0.17259029 0.031651177 0.13067934
v 0.15928084 -0.0029013082 0.110401
v 0.17259029 0.031651177 0.13067934
v 0.23568456 0.036063172 0.15511557
v 0.23836629 0.0054109097 0.15511557
v 0.17546439 -0.001200336 0.13067934
v 0.24125563 0.03645274 0.1751391
v 0.24392036 0.0059946645 0.1751391
v 0.23568456 0.036063172 0.15511557
v 0.23836629 0.0054109097 0.15511557
v 0.14874746 0.0024520026 0.13349685
v 0.24406481 0.012470254 0.17048803
v 0.23197593 0.01119967 0.12649235
v 0.1584226 0.0034689019 0.093149066
v 0.13172054 0.00066241063 0.11019772
v 0.13541287 0.001050488 0.10047839
v 0.1584226 0.0034689019 0.093149066
v 0.23197593 0.01119967 0.12649235
v 0.23039643 0.029252669 0.12649235
v 0.15661816 0.024093606 0.093149066
v 0.13353808 0.022479681 0.10047839
v 0.13541287 0.001050488 0.10047839
v 0.14691342 0.023414973 0.13349685
v 0.23039643 0.029252669 0.12649235
v 0.24252237 0.03010061 0.17048803
v 0.15661816 0.024093606 0.093149066
v 0.12983449 0.022220692 0.11019772
v 0.13353808 0.022479681 0.10047839
v 0.14691342 0.023414973 0.13349685
v 0.24252237 0.03010061 0.17048803
v 0.24406481 0.012470254 0.17048803
v 0.14874746 0.0024520026 0.13349685
v 0.14691342 0.023414973 0.13349685
v 0.14874746 0.0024520026 0.13349685
v 0.12983449 0.022220692 0.11019772
v 0.13172054 0.00066241063 0.11019772
v 0.13541287 0.001050488 0.10047839
v 0.13353808 0.022479681 0.10047839
v 0.14215484 -0.0112702595 0.13633123
v 0.13803811 0.035783976 0.13633123
v 0.13803807 0.035783973 0.11019316
v 0.1421548 -0.0112702595 0.11019316
v 0.07649586 0.030399727 0.091331005
v 0.13803811 0.035783976 0.13633123
v 0.0764958 0.030399716 0.13633123
v 0.13803807 0.035783973 0.11019316
v 0.1272758 0.034842398 0.091331005
v 0.13803811 0.035783976 0.13633123
v 0.14215484 -0.0112702595 0.13633123
v 0.080612525 -0.016654512 0.13633123
v 0.0764958 0.030399716 0.13633123
v 0.080612525 -0.016654512 0.13633123
v 0.14215484 -0.0112702595 0.13633123
v 0.08061257 -0.01665451 0.091331005
v 0.1421548 -0.0112702595 0.11019316
v 0.13139252 -0.012211829 0.091331005
v 0.1421548 -0.0112702595 0.11019316
v 0.13803807 0.035783973 0.11019316
v 0.1272758 0.034842398 0.091331005
v 0.13139252 -0.012211829 0.091331005
v 0.08061257 -0.01665451 0.091331005
v 0.13139252 -0.012211829 0.091331005
v 0.1272758 0.034842398 0.091331005
v 0.07649586 0.030399727 0.091331005
v 0.037360527 -0.009024483 0.14698282
v 0.0595584 -0.01937553 0.14698282
v 0.037360527 -0.009024483 0.09806192
v 0.0595584 -0.01937553 0.09806192
v 0.0796216 -0.0053271116 0.14698282
v 0.0796216 -0.0053271116 0.09806192
v 0.035225846 0.015374977 0.14698282
v 0.035225846 0.015374977 0.09806192
v 0.055289034 0.029423391 0.09806192
v 0.055289034 0.029423391 0.14698282
v 0.07748691 0.019072339 0.09806192
v 0.07748691 0.019072339 0.14698282
v 0.07748691 0.019072339 0.09806192
v 0.055289034 0.029423391 0.09806192
v 0.035225846 0.015374977 0.09806192
v 0.037360527 -0.009024483 0.09806192
v 0.0796216 -0.0053271116 0.09806192
v 0.0595584 -0.01937553 0.09806192
v 0.0796216 -0.0053271116 0.14698282
v 0.07748691 0.019072339 0.14698282
v 0.0796216 -0.0053271116 0.09806192
v 0.07748691 0.019072339 0.09806192
v 0.035225846 0.015374977 0.14698282
v 0.055289034 0.029423391 0.14698282
v 0.07748691 0.019072339 0.14698282
v 0.037360527 -0.009024483 0.14698282
v 0.0796216 -0.0053271116 0.14698282
v 0.0595584 -0.01937553 0.14698282
v 0.44517863 0.021358311 0.19577137
v 0.44212428 0.05627062 0.19577137
v 0.4309829 0.055295885 0.19277465
v 0.43403733 0.020383555 0.19277465
v 0.42588112 0.019669998 0.20096195
v 0.42282668 0.05458231 0.20096195
v 0.4288665 0.019931156 0.21214597
v 0.42588112 0.019669998 0.20096195
v 0.42282668 0.05458231 0.20096195
v 0.42581204 0.05484352 0.21214597
v 0.42581204 0.05484352 0.21214597
v 0.43695346 0.055818215 0.21514273
v 0.4288665 0.019931156 0.21214597
v 0.44000795 0.020905923 0.21514273
v 0.44816405 0.021619502 0.20695539
v 0.44510967 0.056531787 0.20695539
v 0.44517863 0.021358311 0.19577137
v 0.44816405 0.021619502 0.20695539
v 0.44212428 0.05627062 0.19577137
v 0.44510967 0.056531787 0.20695539
v 0.42282668 0.05458231 0.20096195
v 0.4309829 0.055295885 0.19277465
v 0.44212428 0.05627062 0.19577137
v 0.44510967 0.056531787 0.20695539
v 0.42581204 0.05484352 0.21214597
v 0.43695346 0.055818215 0.21514273
v 0.4288665 0.019931156 0.21214597
v 0.44000795 0.020905923 0.21514273
v 0.44816405 0.021619502 0.20695539
v 0.42588112 0.019669998 0.20096195
v 0.44517863 0.021358311 0.19577137
v 0.43403733 0.020383555 0.19277465
v 0.080612525 -0.016654512 0.13633123
v 0.08061257 -0.01665451 0.091331005
v 0.0764958 0.030399716 0.13633123
v 0.07649586 0.030399727 0.091331005
v 0.4025348 0.04819426 0.24865684
v 0.4047882 0.022437334 0.24865684
v 0.38203913 0.0464011 0.22967163
v 0.3842925 0.020644216 0.22967163
v 0.035225846 0.015374977 0.14698282
v 0.037360527 -0.009024483 0.14698282
v 0.035225846 0.015374977 0.09806192
v 0.037360527 -0.009024483 0.09806192
v 0.3886528 0.69257057 0.00411579
v 0.39629874 0.69124085 0
v 0.39629874 0.69124085 0.00411579
v 0.3886527 0.6925704 0
v 0.36457023 0.6736549 0.00411579
v 0.36457023 0.6736549 0
v 0.378652 0.6142627 0.013322129
v 0.35852015 0.579944 0.01332216
v 0.34278148 0.58937174 0.01332216
v 0.36619696 0.62978923 0.013322129
v 0.35387436 0.65512925 0.013322115
v 0.34264103 0.63505363 0.019677103
v 0.34264103 0.63505363 0.013322129
v 0.36457023 0.6736549 0.00411579
v 0.32561806 0.6050183 0
v 0.32298607 0.6004595 0.01332216
v 0.36457023 0.6736549 0
v 0.36231503 0.6320307 0.019677103
v 0.34264103 0.63505363 0.013322129
v 0.34264103 0.63505363 0.019677103
v 0.36231503 0.6320307 0.013322129
v 0.36231503 0.6320307 0.013322129
v 0.36231503 0.6320307 0.019677103
v 0.3815031 0.66547257 0.013322129
v 0.39629874 0.69124085 0.00411579
v 0.39629874 0.69124085 0
v 0.3416521 0.5961022 0
v 0.33902004 0.5915433 0.01332216
v 0.40048262 0.68882513 0
v 0.4011171 0.65255463 0
v 0.40545723 0.68286854 0
v 0.34541348 0.5939305 0
v 0.36115217 0.5845028 0
v 0.40048262 0.68882513 0.00411579
v 0.40048262 0.68882513 0
v 0.4054573 0.68286854 0.00411579
v 0.40545723 0.68286854 0
v 0.4011171 0.65255463 0.00411579
v 0.4011171 0.65255463 0
v 0.36115217 0.5845028 0
v 0.378652 0.6142627 0.013322129
v 0.35852015 0.579944 0.01332216
v 0.39042124 0.63402885 0.013322115
v 0.378652 0.6142627 0.019677103
v 0.32298607 0.6004595 0.01332216
v 0.33902004 0.5915433 0.01332216
v 0.32561806 0.6050183 0
v 0.3416521 0.5961022 0
v 0.36619696 0.62978923 0.019677103
v 0.378652 0.6142627 0.019677103
v 0.378652 0.6142627 0.013322129
v 0.36619696 0.62978923 0.013322129
v 0.36619696 0.62978923 0.013322129
v 0.3855646 0.6631277 0.013322129
v 0.36619696 0.62978923 0.019677103
v 0.40048262 0.68882513 0.00411579
v 0.40048262 0.68882513 0
v 0.34541348 0.5939305 0
v 0.34278148 0.58937174 0.01332216
v 0.34541348 0.5939305 0
v 0.34278148 0.58937174 0.01332216
v 0.35852015 0.579944 0.01332216
v 0.36115217 0.5845028 0
v 0.3886528 0.69257057 0.00411579
v 0.39629874 0.69124085 0.00411579
v 0.3815031 0.66547257 0.013322129
v 0.35387436 0.65512925 0.013322115
v 0.36457023 0.6736549 0.00411579
v 0.36231503 0.6320307 0.019677103
v 0.34264103 0.63505363 0.019677103
v 0.4054573 0.68286854 0.00411579
v 0.3855646 0.6631277 0.013322129
v 0.40048262 0.68882513 0.00411579
v 0.39042124 0.63402885 0.013322115
v 0.36619696 0.62978923 0.019677103
v 0.378652 0.6142627 0.019677103
v 0.33902004 0.5915433 0.01332216
v 0.32298607 0.6004595 0.01332216
v 0.34264103 0.63505363 0.013322129
v 0.36231503 0.6320307 0.013322129
v 0.36457023 0.6736549 0
v 0.39629874 0.69124085 0
v 0.3886527 0.6925704 0
v 0.3416521 0.5961022 0
v 0.32561806 0.6050183 0
v 0.33620295 0.61816096 0.014634609
v 0.33041358 0.6081337 0.014634623
v 0.36145228 0.59021336 0.014634623
v 0.36724165 0.60024077 0.014634609
v 0.35855773 0.5851997 0.024661988
v 0.36145228 0.59021336 0.014634623
v 0.33041358 0.6081337 0.014634623
v 0.3275189 0.60311997 0.024661988
v 0.33041358 0.6081337 0.034689307
v 0.36145228 0.59021336 0.034689322
v 0.36724123 0.600241 0.034689307
v 0.36145228 0.59021336 0.034689322
v 0.33041358 0.6081337 0.034689307
v 0.33620295 0.61816096 0.034689307
v 0.33620295 0.61816096 0.034689307
v 0.3390975 0.62317467 0.024661958
v 0.36724123 0.600241 0.034689307
v 0.37013617 0.6052543 0.024661958
v 0.36724165 0.60024077 0.014634609
v 0.33620295 0.61816096 0.014634609
v 0.33620295 0.61816096 0.034689307
v 0.33041358 0.6081337 0.034689307
v 0.3275189 0.60311997 0.024661988
v 0.3390975 0.62317467 0.024661958
v 0.33041358 0.6081337 0.014634623
v 0.33620295 0.61816096 0.014634609
v 0.36145228 0.59021336 0.034689322
v 0.36724123 0.600241 0.034689307
v 0.37013617 0.6052543 0.024661958
v 0.35855773 0.5851997 0.024661988
v 0.36145228 0.59021336 0.014634623
v 0.36724165 0.60024077 0.014634609
v 0.3678638 0.6169696 0.038997676
v 0.3503794 0.62706417 0.038997676
v 0.351389 0.6346178 0.02825217
v 0.3739006 0.6216208 0.02825217
v 0.17916109 0.3567763 0.27547583
v 0.18091859 0.35056958 0.2908803
v 0.21314283 0.33196494 0.2908803
v 0.21939674 0.33354613 0.27547583
v 0.351389 0.6346178 0.02825217
v 0.35275123 0.58414775 0.057367906
v 0.3739006 0.6216208 0.02825217
v 0.32951114 0.5975655 0.057367906
v 0.3427961 0.56466514 0.061871022
v 0.31761622 0.5792027 0.061871022
v 0.23470022 0.36063766 0.22854686
v 0.19497117 0.38357517 0.22854686
v 0.3678638 0.6169696 0.038997676
v 0.3739006 0.6216208 0.02825217
v 0.35275123 0.58414775 0.057367906
v 0.23374239 0.36113867 0.25219283
v 0.21314283 0.33196494 0.2908803
v 0.21939674 0.33354613 0.27547583
v 0.3427961 0.56466514 0.061871022
v 0.23470022 0.36063766 0.22854686
v 0.1958841 0.3829963 0.25219283
v 0.18091859 0.35056958 0.2908803
v 0.17916109 0.3567763 0.27547583
v 0.3503794 0.62706417 0.038997676
v 0.32951114 0.5975655 0.057367906
v 0.351389 0.6346178 0.02825217
v 0.17916109 0.3567763 0.27547583
v 0.21939674 0.33354613 0.27547583
v 0.23374239 0.36113867 0.25219283
v 0.1958841 0.3829963 0.25219283
v 0.32264155 0.54245406 0.06371176
v 0.32733107 0.5505764 0.070036896
v 0.33489695 0.5642043 0.060440853
v 0.35943335 0.610262 0.016294122
v 0.34411946 0.5809622 0.06427583
v 0.36425295 0.61860967 0.034827277
v 0.3647994 0.6195562 0.021434039
v 0.32264155 0.54245406 0.06371176
v 0.30845812 0.55064285 0.06371176
v 0.31314757 0.55876523 0.070036896
v 0.32733107 0.5505764 0.070036896
v 0.35943335 0.610262 0.016294122
v 0.3647994 0.6195562 0.021434039
v 0.35415158 0.6257037 0.021434039
v 0.34878546 0.6164095 0.016294122
v 0.32264155 0.54245406 0.06371176
v 0.30845812 0.55064285 0.06371176
v 0.33489695 0.5642043 0.060440853
v 0.32733107 0.5505764 0.070036896
v 0.31314757 0.55876523 0.070036896
v 0.32116678 0.57213145 0.060440853
v 0.34411946 0.5809622 0.06427583
v 0.3310682 0.5884973 0.06427583
v 0.30845812 0.55064285 0.06371176
v 0.32116678 0.57213145 0.060440853
v 0.31314757 0.55876523 0.070036896
v 0.34878546 0.6164095 0.016294122
v 0.3310682 0.5884973 0.06427583
v 0.35360512 0.6247572 0.034827277
v 0.35415158 0.6257037 0.021434039
v 0.36425295 0.61860967 0.034827277
v 0.35360512 0.6247572 0.034827277
v 0.35415158 0.6257037 0.021434039
v 0.3647994 0.6195562 0.021434039
v 0.19060443 0.36085692 0.22489432
v 0.21720903 0.34549683 0.22489432
v 0.22159341 0.40802428 0.19111887
v 0.24256267 0.39591768 0.19111887
v 0.25622898 0.42041838 0.1942837
v 0.23597842 0.43211 0.1942837
v 0.22896388 0.36535007 0.24826509
v 0.25622898 0.42041838 0.1942837
v 0.24256267 0.39591768 0.19111887
v 0.21720903 0.34549683 0.22489432
v 0.20973922 0.3312464 0.24869996
v 0.21530107 0.34016076 0.2615755
v 0.18693729 0.3565366 0.2615755
v 0.21530107 0.34016076 0.2615755
v 0.20973922 0.3312464 0.24869996
v 0.18199815 0.3472627 0.24869996
v 0.19060443 0.36085692 0.22489432
v 0.21720903 0.34549683 0.22489432
v 0.22159341 0.40802428 0.19111887
v 0.23597842 0.43211 0.1942837
v 0.20192045 0.38096362 0.24826509
v 0.19060443 0.36085692 0.22489432
v 0.18199815 0.3472627 0.24869996
v 0.18693729 0.3565366 0.2615755
v 0.31761622 0.5792027 0.061871022
v 0.32951114 0.5975655 0.057367906
v 0.1958841 0.3829963 0.25219283
v 0.19497117 0.38357517 0.22854686
v 0.21530107 0.34016076 0.2615755
v 0.18693729 0.3565366 0.2615755
v 0.22896388 0.36535007 0.24826509
v 0.20192045 0.38096362 0.24826509
v 0.3503794 0.62706417 0.038997676
v 0.3678638 0.6169696 0.038997676
v 0.21314283 0.33196494 0.2908803
v 0.18091859 0.35056958 0.2908803
v 0.23374239 0.36113867 0.25219283
v 0.19497117 0.38357517 0.22854686
v 0.1958841 0.3829963 0.25219283
v 0.23470022 0.36063766 0.22854686
v 0.073066585 0.15953204 0.13067934
v 0.064685486 0.1455836 0.110401
v 0.08191248 0.17425413 0.10149875
v 0.10564189 0.21374649 0.15511557
v 0.13705818 0.26603204 0.14912266
v 0.15528627 0.29636866 0.18649206
v 0.1085182 0.21853347 0.1751391
v 0.18111905 0.33956274 0.22967163
v 0.18795425 0.35093844 0.21529186
v 0.19824126 0.36875606 0.23427707
v 0.19140606 0.35738036 0.24865684
v 0.20351036 0.326635 0.22967163
v 0.13499641 0.20324627 0.1751391
v 0.1085182 0.21853347 0.1751391
v 0.18111905 0.33956274 0.22967163
v 0.10162549 0.14304355 0.13067934
v 0.10995225 0.15806538 0.10149875
v 0.09373632 0.1288111 0.110401
v 0.13228893 0.19836183 0.15511557
v 0.16186137 0.2517119 0.14912266
v 0.17901959 0.28266618 0.18649206
v 0.13499641 0.20324627 0.1751391
v 0.20351036 0.326635 0.22967163
v 0.20994441 0.3382424 0.21529186
v 0.22023146 0.35606006 0.23427707
v 0.21379739 0.34445265 0.24865684
v 0.08191248 0.17425413 0.10149875
v 0.064685486 0.1455836 0.110401
v 0.09373632 0.1288111 0.110401
v 0.10995225 0.15806538 0.10149875
v 0.16186137 0.2517119 0.14912266
v 0.13705818 0.26603204 0.14912266
v 0.17901959 0.28266618 0.18649206
v 0.15528627 0.29636866 0.18649206
v 0.20994441 0.3382424 0.21529186
v 0.18795425 0.35093844 0.21529186
v 0.19824126 0.36875606 0.23427707
v 0.22023146 0.35606006 0.23427707
v 0.073066585 0.15953204 0.13067934
v 0.10162549 0.14304355 0.13067934
v 0.09373632 0.1288111 0.110401
v 0.064685486 0.1455836 0.110401
v 0.10564189 0.21374649 0.15511557
v 0.13228893 0.19836183 0.15511557
v 0.10162549 0.14304355 0.13067934
v 0.073066585 0.15953204 0.13067934
v 0.1085182 0.21853347 0.1751391
v 0.13499641 0.20324627 0.1751391
v 0.13228893 0.19836183 0.15511557
v 0.10564189 0.21374649 0.15511557
v 0.08330946 0.12325319 0.13349685
v 0.12977478 0.20707883 0.17048803
v 0.12388168 0.19644743 0.12649235
v 0.088025905 0.13176188 0.093149066
v 0.075009175 0.1082791 0.11019772
v 0.076809116 0.11152628 0.10047839
v 0.088025905 0.13176188 0.093149066
v 0.12388168 0.19644743 0.12649235
v 0.108187586 0.20550838 0.12649235
v 0.07009615 0.14211361 0.093149066
v 0.076809116 0.11152628 0.10047839
v 0.058180008 0.122281805 0.10047839
v 0.06508564 0.13377471 0.13349685
v 0.108187586 0.20550838 0.12649235
v 0.114448115 0.21592769 0.17048803
v 0.07009615 0.14211361 0.093149066
v 0.056267865 0.11909945 0.11019772
v 0.058180008 0.122281805 0.10047839
v 0.114448115 0.21592769 0.17048803
v 0.12977478 0.20707883 0.17048803
v 0.08330946 0.12325319 0.13349685
v 0.06508564 0.13377471 0.13349685
v 0.06508564 0.13377471 0.13349685
v 0.08330946 0.12325319 0.13349685
v 0.075009175 0.1082791 0.11019772
v 0.056267865 0.11909945 0.11019772
v 0.058180008 0.122281805 0.10047839
v 0.076809116 0.11152628 0.10047839
v 0.049862884 0.13359906 0.13633123
v 0.09076869 0.10998205 0.11019316
v 0.09076871 0.10998208 0.13633123
v 0.04986286 0.13359901 0.11019316
v 0.01897422 0.080098316 0.091331005
v 0.049862884 0.13359906 0.13633123
v 0.018974192 0.08009825 0.13633123
v 0.04986286 0.13359901 0.11019316
v 0.04446117 0.124243 0.091331005
v 0.05988002 0.056481283 0.13633123
v 0.018974192 0.08009825 0.13633123
v 0.049862884 0.13359906 0.13633123
v 0.09076871 0.10998208 0.13633123
v 0.05988002 0.056481283 0.13633123
v 0.09076871 0.10998208 0.13633123
v 0.05988004 0.056481328 0.091331005
v 0.09076869 0.10998205 0.11019316
v 0.08536698 0.10062604 0.091331005
v 0.08536698 0.10062604 0.091331005
v 0.09076869 0.10998205 0.11019316
v 0.04986286 0.13359901 0.11019316
v 0.04446117 0.124243 0.091331005
v 0.04446117 0.124243 0.091331005
v 0.01897422 0.080098316 0.091331005
v 0.05988004 0.056481328 0.091331005
v 0.08536698 0.10062604 0.091331005
v 0.050032794 0.037674043 0.14698282
v 0.050032794 0.037674043 0.09806192
v 0.02882154 0.02542772 0.09806192
v 0.02882154 0.02542772 0.14698282
v 0.0076102666 0.037674047 0.09806192
v 0.0076102666 0.037674047 0.14698282
v 0.0076102517 0.06216669 0.09806192
v 0.0076102517 0.06216669 0.14698282
v 0.0076102666 0.037674047 0.14698282
v 0.0076102666 0.037674047 0.09806192
v 0.0076102517 0.06216669 0.14698282
v 0.0076102517 0.06216669 0.09806192
v 0.028821515 0.07441301 0.09806192
v 0.028821515 0.07441301 0.14698282
v 0.050032776 0.06216668 0.09806192
v 0.050032776 0.06216668 0.14698282
v 0.02882154 0.02542772 0.09806192
v 0.050032794 0.037674043 0.09806192
v 0.050032776 0.06216668 0.09806192
v 0.028821515 0.07441301 0.09806192
v 0.0076102666 0.037674047 0.09806192
v 0.0076102517 0.06216669 0.09806192
v 0.050032794 0.037674043 0.09806192
v 0.050032794 0.037674043 0.14698282
v 0.050032776 0.06216668 0.14698282
v 0.050032776 0.06216668 0.09806192
v 0.0076102666 0.037674047 0.14698282
v 0.0076102517 0.06216669 0.14698282
v 0.028821515 0.07441301 0.14698282
v 0.02882154 0.02542772 0.14698282
v 0.050032776 0.06216668 0.14698282
v 0.050032794 0.037674043 0.14698282
v 0.23225634 0.3672341 0.19277465
v 0.23784828 0.37691966 0.19577137
v 0.20749782 0.39444247 0.19577137
v 0.20190588 0.38475695 0.19277465
v 0.22816263 0.36014366 0.20096195
v 0.19781217 0.37766647 0.20096195
v 0.19931053 0.38026175 0.21214597
v 0.22966102 0.36273894 0.21214597
v 0.22816263 0.36014366 0.20096195
v 0.19781217 0.37766647 0.20096195
v 0.22966102 0.36273894 0.21214597
v 0.19931053 0.38026175 0.21214597
v 0.2049026 0.38994738 0.21514273
v 0.23525302 0.3724246 0.21514273
v 0.20899625 0.3970378 0.20695539
v 0.23934667 0.37951496 0.20695539
v 0.23784828 0.37691966 0.19577137
v 0.23934667 0.37951496 0.20695539
v 0.20899625 0.3970378 0.20695539
v 0.20749782 0.39444247 0.19577137
v 0.19781217 0.37766647 0.20096195
v 0.20190588 0.38475695 0.19277465
v 0.20749782 0.39444247 0.19577137
v 0.20899625 0.3970378 0.20695539
v 0.19931053 0.38026175 0.21214597
v 0.2049026 0.38994738 0.21514273
v 0.22966102 0.36273894 0.21214597
v 0.23525302 0.3724246 0.21514273
v 0.23934667 0.37951496 0.20695539
v 0.22816263 0.36014366 0.20096195
v 0.23784828 0.37691966 0.19577137
v 0.23225634 0.3672341 0.19277465
v 0.22520551 0.3900675 0.21313262
v 0.23061216 0.38856918 0.20788631
v 0.1411508 0.23361754 0.15994406
v 0.13574415 0.23511583 0.16519038
v 0.22120468 0.3940006 0.20788631
v 0.22520551 0.3900675 0.21313262
v 0.13174331 0.23904899 0.15994406
v 0.13574415 0.23511583 0.16519038
v 0.2266113 0.39250228 0.20263994
v 0.22120468 0.3940006 0.20788631
v 0.13714992 0.23755066 0.15469772
v 0.13174331 0.23904899 0.15994406
v 0.13714992 0.23755066 0.15469772
v 0.1411508 0.23361754 0.15994406
v 0.23061216 0.38856918 0.20788631
v 0.2266113 0.39250228 0.20263994
v 0.05988002 0.056481283 0.13633123
v 0.05988004 0.056481328 0.091331005
v 0.01897422 0.080098316 0.091331005
v 0.018974192 0.08009825 0.13633123
v 0.21379739 0.34445265 0.24865684
v 0.20351036 0.326635 0.22967163
v 0.18111905 0.33956274 0.22967163
v 0.19140606 0.35738036 0.24865684
v -0.40048277 0.6888252 0
v -0.40048277 0.6888252 0.00411579
v -0.4054573 0.6828684 0.00411579
v -0.40545726 0.6828684 0
v -0.4011172 0.65255445 0.00411579
v -0.4011172 0.65255445 0
v -0.36115217 0.5845027 0
v -0.37865207 0.61426264 0.013322129
v -0.35852015 0.5799439 0.01332216
v -0.39042136 0.6340288 0.013322115
v -0.37865207 0.61426264 0.019677103
v -0.3390201 0.5915433 0.01332216
v -0.36231497 0.6320305 0.013322129
v -0.34264106 0.6350535 0.013322129
v -0.32298613 0.6004595 0.01332216
v -0.3661971 0.6297894 0.019677103
v -0.37865207 0.61426264 0.013322129
v -0.37865207 0.61426264 0.019677103
v -0.3661971 0.6297894 0.013322129
v -0.3661971 0.6297894 0.013322129
v -0.3661971 0.6297894 0.019677103
v -0.3855646 0.66312766 0.013322129
v -0.40048277 0.6888252 0.00411579
v -0.40048277 0.6888252 0
v -0.3454136 0.59393054 0
v -0.3427815 0.58937156 0.01332216
v -0.39629874 0.69124067 0
v -0.36457035 0.67365485 0
v -0.38865292 0.69257057 0
v -0.3416521 0.59610206 0
v -0.32561812 0.6050184 0
v -0.39629874 0.69124067 0.00411579
v -0.39629874 0.69124067 0
v -0.38865292 0.6925706 0.00411579
v -0.38865292 0.69257057 0
v -0.36457035 0.67365485 0.00411579
v -0.36457035 0.67365485 0
v -0.32561812 0.6050184 0
v -0.36457035 0.67365485 0.00411579
v -0.36457035 0.67365485 0
v -0.34264106 0.6350535 0.013322129
v -0.32298613 0.6004595 0.01332216
v -0.3538744 0.65512913 0.013322115
v -0.34264106 0.6350535 0.019677103
v -0.35852015 0.5799439 0.01332216
v -0.3427815 0.58937156 0.01332216
v -0.3454136 0.59393054 0
v -0.36115217 0.5845027 0
v -0.36231497 0.6320305 0.019677103
v -0.34264106 0.6350535 0.019677103
v -0.34264106 0.6350535 0.013322129
v -0.36231497 0.6320305 0.013322129
v -0.36231497 0.6320305 0.013322129
v -0.38150316 0.6654726 0.013322129
v -0.36231497 0.6320305 0.019677103
v -0.39629874 0.69124067 0.00411579
v -0.39629874 0.69124067 0
v -0.3416521 0.59610206 0
v -0.3390201 0.5915433 0.01332216
v -0.32298613 0.6004595 0.01332216
v -0.32561812 0.6050184 0
v -0.3390201 0.5915433 0.01332216
v -0.3416521 0.59610206 0
v -0.4054573 0.6828684 0.00411579
v -0.40048277 0.6888252 0.00411579
v -0.3855646 0.66312766 0.013322129
v -0.39042136 0.6340288 0.013322115
v -0.3661971 0.6297894 0.019677103
v -0.37865207 0.61426264 0.019677103
v -0.38865292 0.6925706 0.00411579
v -0.38150316 0.6654726 0.013322129
v -0.39629874 0.69124067 0.00411579
v -0.3538744 0.65512913 0.013322115
v -0.36457035 0.67365485 0.00411579
v -0.36231497 0.6320305 0.019677103
v -0.34264106 0.6350535 0.019677103
v -0.3427815 0.58937156 0.01332216
v -0.35852015 0.5799439 0.01332216
v -0.37865207 0.61426264 0.013322129
v -0.3661971 0.6297894 0.013322129
v -0.4011172 0.65255445 0
v -0.40048277 0.6888252 0
v -0.40545726 0.6828684 0
v -0.3454136 0.59393054 0
v -0.36115217 0.5845027 0
v -0.33041358 0.60813355 0.014634623
v -0.3362029 0.61816096 0.014634609
v -0.3672416 0.60024077 0.014634609
v -0.3614524 0.59021336 0.014634623
v -0.33041358 0.60813355 0.014634623
v -0.3614524 0.59021336 0.014634623
v -0.35855773 0.58519965 0.024661988
v -0.3275189 0.60311997 0.024661988
v -0.33041358 0.60813355 0.034689322
v -0.3614524 0.59021336 0.034689307
v -0.3614524 0.59021336 0.034689307
v -0.3672416 0.60024077 0.034689307
v -0.3362033 0.61816067 0.034689307
v -0.33041358 0.60813355 0.034689322
v -0.33909747 0.62317455 0.024661958
v -0.3362033 0.61816067 0.034689307
v -0.3672416 0.60024077 0.034689307
v -0.37013632 0.60525435 0.024661958
v -0.3672416 0.60024077 0.014634609
v -0.3362029 0.61816096 0.014634609
v -0.3614524 0.59021336 0.014634623
v -0.3672416 0.60024077 0.014634609
v -0.37013632 0.60525435 0.024661958
v -0.35855773 0.58519965 0.024661988
v -0.3614524 0.59021336 0.034689307
v -0.3672416 0.60024077 0.034689307
v -0.33909747 0.62317455 0.024661958
v -0.3362029 0.61816096 0.014634609
v -0.33041358 0.60813355 0.014634623
v -0.3275189 0.60311997 0.024661988
v -0.3362033 0.61816067 0.034689307
v -0.33041358 0.60813355 0.034689322
v -0.36786383 0.6169696 0.038997676
v -0.35138905 0.63461787 0.02825217
v -0.35037944 0.62706417 0.038997676
v -0.3739006 0.6216207 0.02825217
v -0.21939681 0.33354622 0.27547583
v -0.21314287 0.33196488 0.2908803
v -0.1791611 0.35677624 0.27547583
v -0.18091865 0.35056952 0.2908803
v -0.32951117 0.5975654 0.057367906
v -0.35138905 0.63461787 0.02825217
v -0.3739006 0.6216207 0.02825217
v -0.35275123 0.5841477 0.057367906
v -0.31761628 0.57920265 0.061871022
v -0.34279612 0.5646651 0.061871022
v -0.19497125 0.38357517 0.22854686
v -0.23470023 0.36063758 0.22854686
v -0.23374248 0.36113876 0.25219283
v -0.21314287 0.33196488 0.2908803
v -0.21939681 0.33354622 0.27547583
v -0.36786383 0.6169696 0.038997676
v -0.35275123 0.5841477 0.057367906
v -0.3739006 0.6216207 0.02825217
v -0.34279612 0.5646651 0.061871022
v -0.23470023 0.36063758 0.22854686
v -0.1958841 0.38299617 0.25219283
v -0.23374248 0.36113876 0.25219283
v -0.21939681 0.33354622 0.27547583
v -0.1791611 0.35677624 0.27547583
v -0.3084582 0.5506428 0.06371176
v -0.3131476 0.55876523 0.070036896
v -0.32116675 0.57213145 0.060440853
v -0.34878558 0.6164094 0.016294122
v -0.33106822 0.5884972 0.06427583
v -0.35360518 0.6247571 0.034827277
v -0.35415164 0.6257037 0.021434039
v -0.32733107 0.5505764 0.070036896
v -0.3131476 0.55876523 0.070036896
v -0.3084582 0.5506428 0.06371176
v -0.32264164 0.542454 0.06371176
v -0.35415164 0.6257037 0.021434039
v -0.36479953 0.6195561 0.021434039
v -0.34878558 0.6164094 0.016294122
v -0.3594335 0.6102618 0.016294122
v -0.3084582 0.5506428 0.06371176
v -0.32264164 0.542454 0.06371176
v -0.32116675 0.57213145 0.060440853
v -0.3131476 0.55876523 0.070036896
v -0.32733107 0.5505764 0.070036896
v -0.33489695 0.5642044 0.060440853
v -0.33106822 0.5884972 0.06427583
v -0.34411952 0.5809621 0.06427583
v -0.32264164 0.542454 0.06371176
v -0.33489695 0.5642044 0.060440853
v -0.32733107 0.5505764 0.070036896
v -0.3594335 0.6102618 0.016294122
v -0.34411952 0.5809621 0.06427583
v -0.36425295 0.6186096 0.034827277
v -0.36479953 0.6195561 0.021434039
v -0.36425295 0.6186096 0.034827277
v -0.36479953 0.6195561 0.021434039
v -0.35415164 0.6257037 0.021434039
v -0.35360518 0.6247571 0.034827277
v -0.21720907 0.34549677 0.22489432
v -0.19060451 0.36085692 0.22489432
v -0.22159347 0.40802428 0.19111887
v -0.24256271 0.39591768 0.19111887
v -0.2359785 0.43210998 0.1942837
v -0.25622904 0.42041835 0.1942837
v -0.20192051 0.3809636 0.24826509
v -0.2359785 0.43210998 0.1942837
v -0.22159347 0.40802428 0.19111887
v -0.19060451 0.36085692 0.22489432
v -0.1819982 0.34726268 0.24869996
v -0.18693733 0.3565366 0.2615755
v -0.18693733 0.3565366 0.2615755
v -0.20973928 0.3312464 0.24869996
v -0.21530113 0.34016076 0.2615755
v -0.1819982 0.34726268 0.24869996
v -0.19060451 0.36085692 0.22489432
v -0.21720907 0.34549677 0.22489432
v -0.24256271 0.39591768 0.19111887
v -0.25622904 0.42041835 0.1942837
v -0.22896394 0.36535004 0.24826509
v -0.21720907 0.34549677 0.22489432
v -0.20973928 0.3312464 0.24869996
v -0.21530113 0.34016076 0.2615755
v -0.31761628 0.57920265 0.061871022
v -0.19497125 0.38357517 0.22854686
v -0.1958841 0.38299617 0.25219283
v -0.32951117 0.5975654 0.057367906
v -0.35037944 0.62706417 0.038997676
v -0.18091865 0.35056952 0.2908803
v -0.21530113 0.34016076 0.2615755
v -0.22896394 0.36535004 0.24826509
v -0.20192051 0.3809636 0.24826509
v -0.18693733 0.3565366 0.2615755
v -0.21314287 0.33196488 0.2908803
v -0.36786383 0.6169696 0.038997676
v -0.35037944 0.62706417 0.038997676
v -0.18091865 0.35056952 0.2908803
v -0.23374248 0.36113876 0.25219283
v -0.1958841 0.38299617 0.25219283
v -0.19497125 0.38357517 0.22854686
v -0.23470023 0.36063758 0.22854686
v -0.101625524 0.14304356 0.13067934
v -0.09373636 0.12881109 0.110401
v -0.109952256 0.15806535 0.10149875
v -0.13228895 0.1983618 0.15511557
v -0.16186137 0.25171188 0.14912266
v -0.17901964 0.28266618 0.18649206
v -0.13499646 0.20324625 0.1751391
v -0.20351043 0.32663506 0.22967163
v -0.20994447 0.33824238 0.21529186
v -0.22023147 0.35605994 0.23427707
v -0.21379745 0.34445265 0.24865684
v -0.13499646 0.20324625 0.1751391
v -0.20351043 0.32663506 0.22967163
v -0.18111905 0.33956268 0.22967163
v -0.108518206 0.21853344 0.1751391
v -0.0730666 0.15953204 0.13067934
v -0.08191252 0.17425413 0.10149875
v -0.06468552 0.1455836 0.110401
v -0.105641924 0.21374649 0.15511557
v -0.13705821 0.266032 0.14912266
v -0.15528628 0.2963686 0.18649206
v -0.108518206 0.21853344 0.1751391
v -0.18111905 0.33956268 0.22967163
v -0.1879543 0.3509384 0.21529186
v -0.19824132 0.36875606 0.23427707
v -0.19140607 0.3573803 0.24865684
v -0.06468552 0.1455836 0.110401
v -0.109952256 0.15806535 0.10149875
v -0.09373636 0.12881109 0.110401
v -0.08191252 0.17425413 0.10149875
v -0.16186137 0.25171188 0.14912266
v -0.13705821 0.266032 0.14912266
v -0.15528628 0.2963686 0.18649206
v -0.17901964 0.28266618 0.18649206
v -0.1879543 0.3509384 0.21529186
v -0.20994447 0.33824238 0.21529186
v -0.22023147 0.35605994 0.23427707
v -0.19824132 0.36875606 0.23427707
v -0.0730666 0.15953204 0.13067934
v -0.09373636 0.12881109 0.110401
v -0.101625524 0.14304356 0.13067934
v -0.06468552 0.1455836 0.110401
v -0.101625524 0.14304356 0.13067934
v -0.13228895 0.1983618 0.15511557
v -0.105641924 0.21374649 0.15511557
v -0.0730666 0.15953204 0.13067934
v -0.13499646 0.20324625 0.1751391
v -0.108518206 0.21853344 0.1751391
v -0.13228895 0.1983618 0.15511557
v -0.105641924 0.21374649 0.15511557
v -0.065085664 0.13377471 0.13349685
v -0.11444815 0.21592768 0.17048803
v -0.10818762 0.2055084 0.12649235
v -0.07009619 0.14211363 0.093149066
v -0.056267865 0.11909939 0.11019772
v -0.058180027 0.12228179 0.10047839
v -0.07009619 0.14211363 0.093149066
v -0.10818762 0.2055084 0.12649235
v -0.1238817 0.19644739 0.12649235
v -0.08802593 0.13176186 0.093149066
v -0.058180027 0.12228179 0.10047839
v -0.07680915 0.111526266 0.10047839
v -0.08330948 0.12325318 0.13349685
v -0.1238817 0.19644739 0.12649235
v -0.12977481 0.20707883 0.17048803
v -0.08802593 0.13176186 0.093149066
v -0.07500921 0.10827913 0.11019772
v -0.07680915 0.111526266 0.10047839
v -0.08330948 0.12325318 0.13349685
v -0.12977481 0.20707883 0.17048803
v -0.11444815 0.21592768 0.17048803
v -0.065085664 0.13377471 0.13349685
v -0.08330948 0.12325318 0.13349685
v -0.065085664 0.13377471 0.13349685
v -0.07500921 0.10827913 0.11019772
v -0.056267865 0.11909939 0.11019772
v -0.058180027 0.12228179 0.10047839
v -0.07680915 0.111526266 0.10047839
v -0.049862918 0.13359906 0.13633123
v -0.090768725 0.10998205 0.13633123
v -0.09076871 0.10998201 0.11019316
v -0.0498629 0.13359901 0.11019316
v -0.05988006 0.056481317 0.091331005
v -0.090768725 0.10998205 0.13633123
v -0.059880026 0.05648126 0.13633123
v -0.09076871 0.10998201 0.11019316
v -0.08536701 0.10062601 0.091331005
v -0.090768725 0.10998205 0.13633123
v -0.049862918 0.13359906 0.13633123
v -0.018974217 0.08009826 0.13633123
v -0.059880026 0.05648126 0.13633123
v -0.018974217 0.08009826 0.13633123
v -0.049862918 0.13359906 0.13633123
v -0.01897424 0.0800983 0.091331005
v -0.0498629 0.13359901 0.11019316
v -0.044461206 0.124243 0.091331005
v -0.0498629 0.13359901 0.11019316
v -0.09076871 0.10998201 0.11019316
v -0.08536701 0.10062601 0.091331005
v -0.044461206 0.124243 0.091331005
v -0.01897424 0.0800983 0.091331005
v -0.044461206 0.124243 0.091331005
v -0.08536701 0.10062601 0.091331005
v -0.05988006 0.056481317 0.091331005
v -0.0076102847 0.037674047 0.14698282
v -0.007610279 0.062166695 0.14698282
v -0.0076102847 0.037674047 0.09806192
v -0.007610279 0.062166695 0.09806192
v -0.05003281 0.037674017 0.14698282
v -0.028821548 0.025427707 0.14698282
v -0.05003281 0.037674017 0.09806192
v -0.028821548 0.025427707 0.09806192
v -0.0076102847 0.037674047 0.14698282
v -0.0076102847 0.037674047 0.09806192
v -0.050032794 0.062166672 0.14698282
v -0.05003281 0.037674017 0.14698282
v -0.050032794 0.062166672 0.09806192
v -0.05003281 0.037674017 0.09806192
v -0.050032794 0.062166672 0.09806192
v -0.05003281 0.037674017 0.09806192
v -0.028821548 0.025427707 0.09806192
v -0.0076102847 0.037674047 0.09806192
v -0.02882154 0.07441301 0.09806192
v -0.007610279 0.062166695 0.09806192
v -0.050032794 0.062166672 0.14698282
v -0.050032794 0.062166672 0.09806192
v -0.02882154 0.07441301 0.09806192
v -0.02882154 0.07441301 0.14698282
v -0.007610279 0.062166695 0.09806192
v -0.007610279 0.062166695 0.14698282
v -0.028821548 0.025427707 0.14698282
v -0.05003281 0.037674017 0.14698282
v -0.050032794 0.062166672 0.14698282
v -0.0076102847 0.037674047 0.14698282
v -0.02882154 0.07441301 0.14698282
v -0.007610279 0.062166695 0.14698282
v -0.20749788 0.39444247 0.19577137
v -0.23784831 0.37691966 0.19577137
v -0.23225637 0.3672341 0.19277465
v -0.20190589 0.38475695 0.19277465
v -0.19781223 0.37766638 0.20096195
v -0.22816266 0.36014357 0.20096195
v -0.1993106 0.38026175 0.21214597
v -0.19781223 0.37766638 0.20096195
v -0.22816266 0.36014357 0.20096195
v -0.22966108 0.36273888 0.21214597
v -0.22966108 0.36273888 0.21214597
v -0.23525302 0.37242454 0.21514273
v -0.1993106 0.38026175 0.21214597
v -0.2049026 0.38994738 0.21514273
v -0.20899625 0.39703768 0.20695539
v -0.23934667 0.37951496 0.20695539
v -0.20749788 0.39444247 0.19577137
v -0.20899625 0.39703768 0.20695539
v -0.23784831 0.37691966 0.19577137
v -0.23934667 0.37951496 0.20695539
v -0.22816266 0.36014357 0.20096195
v -0.23225637 0.3672341 0.19277465
v -0.23784831 0.37691966 0.19577137
v -0.23934667 0.37951496 0.20695539
v -0.22966108 0.36273888 0.21214597
v -0.23525302 0.37242454 0.21514273
v -0.1993106 0.38026175 0.21214597
v -0.2049026 0.38994738 0.21514273
v -0.20899625 0.39703768 0.20695539
v -0.19781223 0.37766638 0.20096195
v -0.20749788 0.39444247 0.19577137
v -0.20190589 0.38475695 0.19277465
v -0.13174334 0.23904896 0.15994406
v -0.1357442 0.23511583 0.16519038
v -0.22520559 0.39006743 0.21313262
v -0.22120471 0.3940006 0.20788631
v -0.14115086 0.23361754 0.15994406
v -0.23061217 0.38856918 0.20788631
v -0.22520559 0.39006743 0.21313262
v -0.1357442 0.23511583 0.16519038
v -0.2266113 0.39250228 0.20263994
v -0.23061217 0.38856918 0.20788631
v -0.13714994 0.23755063 0.15469772
v -0.14115086 0.23361754 0.15994406
v -0.13714994 0.23755063 0.15469772
v -0.13174334 0.23904896 0.15994406
v -0.22120471 0.3940006 0.20788631
v -0.2266113 0.39250228 0.20263994
v -0.018974217 0.08009826 0.13633123
v -0.01897424 0.0800983 0.091331005
v -0.059880026 0.05648126 0.13633123
v -0.05988006 0.056481317 0.091331005
v -0.21379745 0.34445265 0.24865684
v -0.19140607 0.3573803 0.24865684
v -0.20351043 0.32663506 0.22967163
v -0.18111905 0.33956268 0.22967163
v -0.79396003 0.06703738 0.00411579
v -0.79193383 0.059545863 0.00411579
v -0.7919337 0.059545882 0
v -0.79396003 0.06703738 0
v -0.76461273 0.045713738 0.00411579
v -0.7919337 0.059545882 0
v -0.79193383 0.059545863 0.00411579
v -0.76461273 0.045713738 0
v -0.6859449 0.039418202 0
v -0.7203604 0.042152748 0.013322129
v -0.6807009 0.03895943 0.01332216
v -0.74330246 0.043849304 0.013322115
v -0.7203604 0.042152748 0.019677103
v -0.7167362 0.08357642 0.013322129
v -0.6771249 0.07983449 0.01332216
v -0.67901784 0.061586097 0.01332216
v -0.72554433 0.065726526 0.013322129
v -0.7259353 0.06126101 0.019677103
v -0.7203604 0.042152748 0.013322129
v -0.7203604 0.042152748 0.019677103
v -0.7259353 0.06126101 0.013322129
v -0.7259353 0.06126101 0.013322129
v -0.7259353 0.06126101 0.019677103
v -0.76435316 0.06451815 0.013322129
v -0.79396003 0.06703738 0.00411579
v -0.79396003 0.06703738 0
v -0.68464047 0.057718113 0
v -0.67939633 0.057259295 0.01332216
v -0.79353887 0.07185025 0
v -0.76093465 0.08775382 0
v -0.7902427 0.0788761 0
v -0.68426186 0.062044866 0
v -0.68236893 0.08029329 0
v -0.79353887 0.07185025 0.00411579
v -0.79353887 0.07185025 0
v -0.7902427 0.0788761 0
v -0.79024273 0.07887614 0.00411579
v -0.79024273 0.07887614 0.00411579
v -0.7902427 0.0788761 0
v -0.76093465 0.08775382 0.00411579
v -0.76093465 0.08775382 0
v -0.68236893 0.08029329 0
v -0.7167362 0.08357642 0.013322129
v -0.6771249 0.07983449 0.01332216
v -0.7396244 0.08588945 0.013322115
v -0.7167362 0.08357642 0.019677103
v -0.6807009 0.03895943 0.01332216
v -0.67939633 0.057259295 0.01332216
v -0.6859449 0.039418202 0
v -0.68464047 0.057718113 0
v -0.72554433 0.065726526 0.019677103
v -0.7167362 0.08357642 0.019677103
v -0.7167362 0.08357642 0.013322129
v -0.72554433 0.065726526 0.013322129
v -0.72554433 0.065726526 0.013322129
v -0.76394445 0.06919008 0.013322129
v -0.72554433 0.065726526 0.019677103
v -0.79353887 0.07185025 0.00411579
v -0.79353887 0.07185025 0
v -0.68426186 0.062044866 0
v -0.67901784 0.061586097 0.01332216
v -0.6771249 0.07983449 0.01332216
v -0.68236893 0.08029329 0
v -0.68426186 0.062044866 0
v -0.67901784 0.061586097 0.01332216
v -0.79193383 0.059545863 0.00411579
v -0.79396003 0.06703738 0.00411579
v -0.76435316 0.06451815 0.013322129
v -0.74330246 0.043849304 0.013322115
v -0.7259353 0.06126101 0.019677103
v -0.7203604 0.042152748 0.019677103
v -0.79024273 0.07887614 0.00411579
v -0.76394445 0.06919008 0.013322129
v -0.79353887 0.07185025 0.00411579
v -0.7396244 0.08588945 0.013322115
v -0.72554433 0.065726526 0.019677103
v -0.7167362 0.08357642 0.019677103
v -0.67939633 0.057259295 0.01332216
v -0.6807009 0.03895943 0.01332216
v -0.7203604 0.042152748 0.013322129
v -0.7259353 0.06126101 0.013322129
v -0.76461273 0.045713738 0
v -0.79396003 0.06703738 0
v -0.7919337 0.059545882 0
v -0.68464047 0.057718113 0
v -0.6859449 0.039418202 0
v -0.70232946 0.043457035 0.014634609
v -0.69079506 0.04244782 0.014634623
v -0.68767136 0.07815193 0.014634623
v -0.69920594 0.07916107 0.014634609
v -0.68190396 0.07764741 0.024661988
v -0.68767136 0.07815193 0.014634623
v -0.69079506 0.04244782 0.014634623
v -0.68502766 0.04194325 0.024661988
v -0.69079506 0.04244782 0.034689307
v -0.68767136 0.07815193 0.034689322
v -0.69920594 0.0791606 0.034689307
v -0.68767136 0.07815193 0.034689322
v -0.69079506 0.04244782 0.034689307
v -0.70232946 0.043457035 0.034689307
v -0.70232946 0.043457035 0.034689307
v -0.70809674 0.04396153 0.024661958
v -0.69920594 0.0791606 0.034689307
v -0.70497304 0.07966563 0.024661958
v -0.69920594 0.07916107 0.014634609
v -0.70232946 0.043457035 0.014634609
v -0.69079506 0.04244782 0.014634623
v -0.70232946 0.043457035 0.014634609
v -0.70809674 0.04396153 0.024661958
v -0.68502766 0.04194325 0.024661988
v -0.69079506 0.04244782 0.034689307
v -0.70232946 0.043457035 0.034689307
v -0.68767136 0.07815193 0.034689322
v -0.69920594 0.0791606 0.034689307
v -0.70497304 0.07966563 0.024661958
v -0.68190396 0.07764741 0.024661988
v -0.68767136 0.07815193 0.014634623
v -0.69920594 0.07916107 0.014634609
v -0.7236625 0.05026528 0.02825217
v -0.721397 0.07616056 0.02825217
v -0.71463025 0.07265501 0.038997676
v -0.7163899 0.052542575 0.038997676
v -0.39906588 0.011594783 0.27547583
v -0.39418343 0.015810702 0.2908803
v -0.39094046 0.052878454 0.2908803
v -0.39501658 0.057878144 0.27547583
v -0.721397 0.07616056 0.02825217
v -0.7236625 0.05026528 0.02825217
v -0.6784968 0.07282948 0.057367906
v -0.68083555 0.046096228 0.057367906
v -0.6566323 0.07204078 0.061871022
v -0.65916634 0.043076213 0.061871022
v -0.42603728 0.060298447 0.22854686
v -0.4300355 0.014597923 0.22854686
v -0.71463025 0.07265501 0.038997676
v -0.721397 0.07616056 0.02825217
v -0.6784968 0.07282948 0.057367906
v -0.4260866 0.05921861 0.25219283
v -0.39094046 0.052878454 0.2908803
v -0.39501658 0.057878144 0.27547583
v -0.6566323 0.07204078 0.061871022
v -0.42603728 0.060298447 0.22854686
v -0.42989668 0.015669923 0.25219283
v -0.39418343 0.015810702 0.2908803
v -0.39906588 0.011594783 0.27547583
v -0.7163899 0.052542575 0.038997676
v -0.68083555 0.046096228 0.057367906
v -0.7236625 0.05026528 0.02825217
v -0.65916634 0.043076213 0.061871022
v -0.4300355 0.014597923 0.22854686
v -0.39906588 0.011594783 0.27547583
v -0.39501658 0.057878144 0.27547583
v -0.4260866 0.05921861 0.25219283
v -0.42989668 0.015669923 0.25219283
v -0.6279845 0.06316137 0.06371176
v -0.6373278 0.06397889 0.070036896
v -0.65287626 0.06507652 0.060440853
v -0.7049883 0.06784927 0.016294122
v -0.6719617 0.06635273 0.06427583
v -0.7145907 0.06868934 0.034827277
v -0.7156795 0.06878464 0.021434039
v -0.6279845 0.06316137 0.06371176
v -0.62941194 0.046846088 0.06371176
v -0.6387552 0.047663506 0.070036896
v -0.6373278 0.06397889 0.070036896
v -0.7049883 0.06784927 0.016294122
v -0.7156795 0.06878464 0.021434039
v -0.7167511 0.0565363 0.021434039
v -0.7060597 0.05560092 0.016294122
v -0.6279845 0.06316137 0.06371176
v -0.62941194 0.046846088 0.06371176
v -0.65287626 0.06507652 0.060440853
v -0.6373278 0.06397889 0.070036896
v -0.6387552 0.047663506 0.070036896
v -0.6542582 0.04928256 0.060440853
v -0.6719617 0.06635273 0.06427583
v -0.6732751 0.051339786 0.06427583
v -0.62941194 0.046846088 0.06371176
v -0.6542582 0.04928256 0.060440853
v -0.6387552 0.047663506 0.070036896
v -0.7060597 0.05560092 0.016294122
v -0.6732751 0.051339786 0.06427583
v -0.7156623 0.05644109 0.034827277
v -0.7167511 0.0565363 0.021434039
v -0.7145907 0.06868934 0.034827277
v -0.7156623 0.05644109 0.034827277
v -0.7167511 0.0565363 0.021434039
v -0.7156795 0.06878464 0.021434039
v -0.4076004 0.020241458 0.22489432
v -0.40492293 0.050844844 0.22489432
v -0.46133468 0.052514248 0.19111887
v -0.46344504 0.028393187 0.19111887
v -0.48931548 0.054545697 0.1942837
v -0.49135348 0.031251375 0.1942837
v -0.42788395 0.053108018 0.24826509
v -0.48931548 0.054545697 0.1942837
v -0.46133468 0.052514248 0.19111887
v -0.40492293 0.050844844 0.22489432
v -0.39928055 0.05137078 0.2615755
v -0.3888508 0.0500974 0.24869996
v -0.402135 0.018743714 0.2615755
v -0.39928055 0.05137078 0.2615755
v -0.3888508 0.0500974 0.24869996
v -0.39164263 0.018186662 0.24869996
v -0.4076004 0.020241458 0.22489432
v -0.40492293 0.050844844 0.22489432
v -0.43060553 0.02199977 0.24826509
v -0.46344504 0.028393187 0.19111887
v -0.49135348 0.031251375 0.1942837
v -0.4076004 0.020241458 0.22489432
v -0.402135 0.018743714 0.2615755
v -0.39164263 0.018186662 0.24869996
v -0.39928055 0.05137078 0.2615755
v -0.402135 0.018743714 0.2615755
v -0.43060553 0.02199977 0.24826509
v -0.42788395 0.053108018 0.24826509
v -0.71463025 0.07265501 0.038997676
v -0.39094046 0.052878454 0.2908803
v -0.39418343 0.015810702 0.2908803
v -0.7163899 0.052542575 0.038997676
v -0.4260866 0.05921861 0.25219283
v -0.4300355 0.014597923 0.22854686
v -0.42989668 0.015669923 0.25219283
v -0.42603728 0.060298447 0.22854686
v -0.17546442 -0.0012003994 0.13067934
v -0.15928082 -0.0029013767 0.110401
v -0.19254558 0.000594886 0.10149875
v -0.23836629 0.005410822 0.15511557
v -0.29903018 0.011786824 0.14912266
v -0.334228 0.015486251 0.18649206
v -0.24392036 0.0059945714 0.1751391
v -0.3842925 0.020644097 0.22967163
v -0.3974911 0.022031315 0.21529186
v -0.41798687 0.023824448 0.23427707
v -0.4047883 0.022437219 0.24865684
v -0.3974911 0.022031315 0.21529186
v -0.334228 0.015486251 0.18649206
v -0.33183947 0.04278686 0.18649206
v -0.3952781 0.04732675 0.21529186
v -0.41798687 0.023824448 0.23427707
v -0.41577384 0.049119882 0.23427707
v -0.334228 0.015486251 0.18649206
v -0.29903018 0.011786824 0.14912266
v -0.29653406 0.040318087 0.14912266
v -0.33183947 0.04278686 0.18649206
v -0.18972373 0.032849208 0.10149875
v -0.29653406 0.040318087 0.14912266
v -0.29903018 0.011786824 0.14912266
v -0.19254558 0.000594886 0.10149875
v -0.1563572 0.030516002 0.110401
v -0.15928082 -0.0029013767 0.110401
v -0.24125563 0.036452644 0.1751391
v -0.3842925 0.020644097 0.22967163
v -0.3820391 0.04640097 0.22967163
v -0.24392036 0.0059945714 0.1751391
v -0.17259027 0.031651113 0.13067934
v -0.18972373 0.032849208 0.10149875
v -0.1563572 0.030516002 0.110401
v -0.2356846 0.036063086 0.15511557
v -0.29653406 0.040318087 0.14912266
v -0.33183947 0.04278686 0.18649206
v -0.24125563 0.036452644 0.1751391
v -0.3820391 0.04640097 0.22967163
v -0.3952781 0.04732675 0.21529186
v -0.41577384 0.049119882 0.23427707
v -0.4025348 0.04819414 0.24865684
v -0.17546442 -0.0012003994 0.13067934
v -0.17259027 0.031651113 0.13067934
v -0.1563572 0.030516002 0.110401
v -0.15928082 -0.0029013767 0.110401
v -0.17259027 0.031651113 0.13067934
v -0.23836629 0.005410822 0.15511557
v -0.2356846 0.036063086 0.15511557
v -0.17546442 -0.0012003994 0.13067934
v -0.24392036 0.0059945714 0.1751391
v -0.24125563 0.036452644 0.1751391
v -0.2356846 0.036063086 0.15511557
v -0.23836629 0.005410822 0.15511557
v -0.14691344 0.02341492 0.13349685
v -0.24252233 0.030100519 0.17048803
v -0.2303965 0.029252592 0.12649235
v -0.1566182 0.024093537 0.093149066
v -0.12983444 0.022220638 0.11019772
v -0.13353807 0.022479622 0.10047839
v -0.1566182 0.024093537 0.093149066
v -0.2303965 0.029252592 0.12649235
v -0.2319759 0.011199582 0.12649235
v -0.15842257 0.0034688339 0.093149066
v -0.13353807 0.022479622 0.10047839
v -0.13541289 0.0010504304 0.10047839
v -0.14874744 0.002451947 0.13349685
v -0.2319759 0.011199582 0.12649235
v -0.24406482 0.012470166 0.17048803
v -0.15842257 0.0034688339 0.093149066
v -0.13172059 0.00066236407 0.11019772
v -0.13541289 0.0010504304 0.10047839
v -0.24406482 0.012470166 0.17048803
v -0.24252233 0.030100519 0.17048803
v -0.14874744 0.002451947 0.13349685
v -0.14691344 0.02341492 0.13349685
v -0.14874744 0.002451947 0.13349685
v -0.14691344 0.02341492 0.13349685
v -0.12983444 0.022220638 0.11019772
v -0.13172059 0.00066236407 0.11019772
v -0.13541289 0.0010504304 0.10047839
v -0.13353807 0.022479622 0.10047839
v -0.1421548 -0.01127032 0.13633123
v -0.1380381 0.03578391 0.11019316
v -0.13803814 0.035783913 0.13633123
v -0.14215477 -0.011270325 0.11019316
v -0.08061257 -0.01665455 0.091331005
v -0.1421548 -0.01127032 0.13633123
v -0.0806125 -0.016654547 0.13633123
v -0.14215477 -0.011270325 0.11019316
v -0.1313925 -0.012211899 0.091331005
v -0.07649582 0.030399682 0.13633123
v -0.0806125 -0.016654547 0.13633123
v -0.1421548 -0.01127032 0.13633123
v -0.13803814 0.035783913 0.13633123
v -0.07649582 0.030399682 0.13633123
v -0.13803814 0.035783913 0.13633123
v -0.07649587 0.03039969 0.091331005
v -0.1380381 0.03578391 0.11019316
v -0.12727582 0.03484233 0.091331005
v -0.14215477 -0.011270325 0.11019316
v -0.1313925 -0.012211899 0.091331005
v -0.12727582 0.03484233 0.091331005
v -0.1380381 0.03578391 0.11019316
v -0.1313925 -0.012211899 0.091331005
v -0.08061257 -0.01665455 0.091331005
v -0.07649587 0.03039969 0.091331005
v -0.12727582 0.03484233 0.091331005
v -0.035225857 0.015374955 0.09806192
v -0.035225857 0.015374955 0.14698282
v -0.055289052 0.02942336 0.14698282
v -0.055289052 0.02942336 0.09806192
v -0.077486925 0.019072298 0.14698282
v -0.077486925 0.019072298 0.09806192
v -0.037360515 -0.009024506 0.14698282
v -0.037360515 -0.009024506 0.09806192
v -0.05955838 -0.019375565 0.09806192
v -0.05955838 -0.019375565 0.14698282
v -0.07962158 -0.005327153 0.09806192
v -0.07962158 -0.005327153 0.14698282
v -0.035225857 0.015374955 0.09806192
v -0.055289052 0.02942336 0.09806192
v -0.077486925 0.019072298 0.09806192
v -0.07962158 -0.005327153 0.09806192
v -0.037360515 -0.009024506 0.09806192
v -0.05955838 -0.019375565 0.09806192
v -0.077486925 0.019072298 0.14698282
v -0.07962158 -0.005327153 0.14698282
v -0.077486925 0.019072298 0.09806192
v -0.07962158 -0.005327153 0.09806192
v -0.077486925 0.019072298 0.14698282
v -0.055289052 0.02942336 0.14698282
v -0.035225857 0.015374955 0.14698282
v -0.07962158 -0.005327153 0.14698282
v -0.037360515 -0.009024506 0.14698282
v -0.05955838 -0.019375565 0.14698282
v -0.44517872 0.021358166 0.19577137
v -0.43403733 0.020383425 0.19277465
v -0.44212425 0.05627048 0.19577137
v -0.4309829 0.055295747 0.19277465
v -0.42282668 0.05458216 0.20096195
v -0.42588112 0.01966985 0.20096195
v -0.42886645 0.019931003 0.21214597
v -0.42581207 0.054843377 0.21214597
v -0.42282668 0.05458216 0.20096195
v -0.42588112 0.01966985 0.20096195
v -0.42581207 0.054843377 0.21214597
v -0.42886645 0.019931003 0.21214597
v -0.44000793 0.020905811 0.21514273
v -0.43695346 0.055818103 0.21514273
v -0.44510964 0.056531657 0.20695539
v -0.4481641 0.02161938 0.20695539
v -0.44212425 0.05627048 0.19577137
v -0.44510964 0.056531657 0.20695539
v -0.4481641 0.02161938 0.20695539
v -0.44517872 0.021358166 0.19577137
v -0.42588112 0.01966985 0.20096195
v -0.43403733 0.020383425 0.19277465
v -0.44517872 0.021358166 0.19577137
v -0.4481641 0.02161938 0.20695539
v -0.42886645 0.019931003 0.21214597
v -0.44000793 0.020905811 0.21514273
v -0.42581207 0.054843377 0.21214597
v -0.43695346 0.055818103 0.21514273
v -0.44510964 0.056531657 0.20695539
v -0.42282668 0.05458216 0.20096195
v -0.44212425 0.05627048 0.19577137
v -0.4309829 0.055295747 0.19277465
v -0.07649582 0.030399682 0.13633123
v -0.07649587 0.03039969 0.091331005
v -0.08061257 -0.01665455 0.091331005
v -0.0806125 -0.016654547 0.13633123
v -0.3820391 0.04640097 0.22967163
v -0.3842925 0.020644097 0.22967163
v -0.4047883 0.022437219 0.24865684
v -0.4025348 0.04819414 0.24865684
v -0.037360515 -0.009024506 0.14698282
v -0.035225857 0.015374955 0.14698282
v -0.037360515 -0.009024506 0.09806192
v -0.035225857 0.015374955 0.09806192
v 0.04643667 -0.26440537 0.525829
v 0.06827539 -0.26440537 0.525829
v 0.057356033 -0.26440537 0.52130604
v 0.07279835 -0.26440537 0.5367484
v 0.06827539 -0.26440537 0.5476678
v 0.041913718 -0.26440537 0.5367484
v 0.04643667 -0.26440537 0.5476678
v 0.057356033 -0.26440537 0.5521908
v 0.04643667 -0.27419806 0.5843792
v 0.06827539 -0.27419806 0.5843792
v 0.057356033 -0.27419806 0.5798562
v 0.07279835 -0.27419806 0.5952986
v 0.06827539 -0.27419806 0.606218
v 0.041913718 -0.27419806 0.5952986
v 0.04643667 -0.27419806 0.606218
v 0.057356033 -0.27419806 0.61074096
v 0.19889289 -0.27850825 0.5187935
v 0.17254438 -0.27850825 0.5297074
v 0.18680412 -0.27850825 0.526871
v 0.14619586 -0.27850825 0.4660964
v 0.14619586 -0.27850825 0.5187935
v 0.15828466 -0.27850825 0.526871
v 0.13811837 -0.27850825 0.5067047
v 0.13528192 -0.27850825 0.4924449
v 0.13811837 -0.27850825 0.47818524
v 0.19889289 -0.27850825 0.4660964
v 0.15828466 -0.27850825 0.4580189
v 0.20697038 -0.27850825 0.5067047
v 0.17254438 -0.27850825 0.4551825
v 0.18680412 -0.27850825 0.4580189
v 0.20980686 -0.27850825 0.4924449
v 0.20697038 -0.27850825 0.47818524
v 0.08493246 -0.23698343 0.22049682
v 0.08467375 -0.2355162 0.22519761
v 0.073913194 -0.17449003 0.20555799
v 0.07411751 -0.17564876 0.2007579
v 0.051965237 -0.17955476 0.2007579
v 0.051760927 -0.17839605 0.20555799
v 0.06278019 -0.24088947 0.22049682
v 0.06252149 -0.23942225 0.22519761
v 0.07197204 -0.17602706 0.2007579
v 0.07176773 -0.17486833 0.20555799
v 0.082787 -0.23736173 0.22049682
v 0.082528286 -0.2358945 0.22519761
v 0.064925656 -0.24051116 0.22049682
v 0.06466695 -0.23904394 0.22519761
v 0.053906392 -0.17801777 0.20555799
v 0.054110706 -0.1791765 0.2007579
v 0.053906392 -0.17801777 0.20555799
v 0.06466695 -0.23904394 0.22519761
v 0.06252149 -0.23942225 0.22519761
v 0.051760927 -0.17839605 0.20555799
v 0.054110706 -0.1791765 0.2007579
v 0.06278019 -0.24088947 0.22049682
v 0.064925656 -0.24051116 0.22049682
v 0.051965237 -0.17955476 0.2007579
v 0.07176773 -0.17486833 0.20555799
v 0.073913194 -0.17449003 0.20555799
v 0.08467375 -0.2355162 0.22519761
v 0.082528286 -0.2358945 0.22519761
v 0.082787 -0.23736173 0.22049682
v 0.08493246 -0.23698343 0.22049682
v 0.07411751 -0.17564876 0.2007579
v 0.07197204 -0.17602706 0.2007579
v -0.07411751 -0.17564876 0.2007579
v -0.073913194 -0.17449003 0.20555799
v -0.08493246 -0.23698343 0.22049682
v -0.08467375 -0.2355162 0.22519761
v -0.06278019 -0.24088947 0.22049682
v -0.06252149 -0.23942225 0.22519761
v -0.051760927 -0.17839605 0.20555799
v -0.051965237 -0.17955476 0.2007579
v -0.082787 -0.23736173 0.22049682
v -0.082528286 -0.2358945 0.22519761
v -0.07176773 -0.17486833 0.20555799
v -0.07197204 -0.17602706 0.2007579
v -0.054110706 -0.1791765 0.2007579
v -0.053906392 -0.17801777 0.20555799
v -0.064925656 -0.24051116 0.22049682
v -0.06466695 -0.23904394 0.22519761
v -0.053906392 -0.17801777 0.20555799
v -0.051760927 -0.17839605 0.20555799
v -0.06252149 -0.23942225 0.22519761
v -0.06466695 -0.23904394 0.22519761
v -0.054110706 -0.1791765 0.2007579
v -0.064925656 -0.24051116 0.22049682
v -0.06278019 -0.24088947 0.22049682
v -0.051965237 -0.17955476 0.2007579
v -0.07176773 -0.17486833 0.20555799
v -0.082528286 -0.2358945 0.22519761
v -0.08467375 -0.2355162 0.22519761
v -0.073913194 -0.17449003 0.20555799
v -0.082787 -0.23736173 0.22049682
v -0.07197204 -0.17602706 0.2007579
v -0.07411751 -0.17564876 0.2007579
v -0.08493246 -0.23698343 0.22049682
v 0.04347582 -0.27572188 0.5814184
v 0.037726454 -0.27572188 0.5952986
v 0.041913718 -0.27419806 0.5952986
v 0.04347582 -0.27572188 0.6091788
v 0.04643667 -0.27419806 0.5843792
v 0.04643667 -0.27419806 0.606218
v 0.057356033 -0.27572188 0.575669
v 0.057356033 -0.27419806 0.5798562
v 0.06827539 -0.27419806 0.5843792
v 0.07123624 -0.27572188 0.5814184
v 0.057356033 -0.27572188 0.6149281
v 0.057356033 -0.27419806 0.61074096
v 0.06827539 -0.27419806 0.606218
v 0.07123624 -0.27572188 0.6091788
v 0.07279835 -0.27419806 0.5952986
v 0.07698561 -0.27572188 0.5952986
v -0.032418422 -0.3166389 0.344013
v -0.037829403 -0.31216067 0.344013
v -0.03512392 -0.31216067 0.34869906
v -0.035123907 -0.31216067 0.33932698
v -0.02971292 -0.31216064 0.3486991
v -0.029712927 -0.31216067 0.33932698
v -0.027007438 -0.31216067 0.344013
v -0.05777766 -0.4129454 0.34400803
v -0.05777766 -0.41047424 0.33843374
v -0.063351944 -0.41047424 0.34400803
v -0.052203372 -0.41047424 0.34400803
v -0.05777766 -0.41047424 0.3495823
v -0.24681625 -0.32379767 0.9387243
v -0.24946576 -0.32596424 0.9387243
v -0.23654577 -0.32596424 0.890506
v -0.23654577 -0.32596424 0.9869424
v -0.23425119 -0.32379767 0.8918308
v -0.23425119 -0.32379767 0.98561764
v -0.15302955 -0.32379767 1.032511
v -0.071807906 -0.32379767 0.8918308
v -0.15302955 -0.32379767 0.84493756
v -0.19992292 -0.32379767 0.8575026
v -0.20124765 -0.32596424 0.85520804
v -0.15302955 -0.32596424 0.842288
v -0.19992292 -0.32379767 1.019946
v -0.20124765 -0.32596424 1.0222405
v -0.15302955 -0.32596424 1.0351605
v -0.1061362 -0.32379767 0.8575026
v -0.104811445 -0.32596424 0.85520804
v -0.06951334 -0.32596424 0.890506
v -0.05659332 -0.32596424 0.9387243
v -0.1061362 -0.32379767 1.019946
v -0.104811445 -0.32596424 1.0222405
v -0.071807906 -0.32379767 0.98561764
v -0.06951334 -0.32596424 0.9869424
v -0.059242852 -0.32379767 0.9387243
v -0.22493815 -1.0196335 0.9387243
v -0.2277239 -1.0174669 0.9387243
v -0.21771678 -1.0174669 0.9760715
v -0.21771678 -1.0174669 0.9013771
v -0.2153042 -1.0196335 0.90277
v -0.19037671 -1.0174669 0.8740371
v -0.18898386 -1.0196335 0.8764496
v -0.15302955 -1.0174669 0.8640298
v -0.2153042 -1.0196335 0.9746786
v -0.21121095 -1.0196335 0.9387243
v -0.2034161 -1.0196335 0.90963346
v -0.2034161 -1.0196335 0.967815
v -0.18212026 -1.0196335 0.8883377
v -0.18212026 -1.0196335 0.98911077
v -0.18898386 -1.0196335 1.000999
v -0.19037671 -1.0174669 1.0034115
v -0.15302955 -1.0196335 0.99690557
v -0.15302955 -1.0196335 0.8668157
v -0.15302955 -1.0196335 0.8805429
v -0.123938866 -1.0196335 0.8883377
v -0.15302955 -1.0196335 1.0106329
v -0.15302955 -1.0174669 1.0134187
v -0.11568238 -1.0174669 1.0034115
v -0.11707525 -1.0196335 0.8764496
v -0.11568238 -1.0174669 0.8740371
v -0.10264299 -1.0196335 0.90963346
v -0.11707525 -1.0196335 1.000999
v -0.123938866 -1.0196335 0.98911077
v -0.08834234 -1.0174669 0.9760715
v -0.10264299 -1.0196335 0.967815
v -0.0907549 -1.0196335 0.90277
v -0.08834234 -1.0174669 0.9013771
v -0.09484817 -1.0196335 0.9387243
v -0.0783352 -1.0174669 0.9387243
v -0.0907549 -1.0196335 0.9746786
v -0.081120975 -1.0196335 0.9387243
v -0.25497675 -0.27338412 0.9975835
v -0.25245234 -0.2760213 0.996126
v -0.27074805 -0.27338412 0.9387243
v -0.2118888 -0.2733841 1.0406715
v -0.21043132 -0.2760213 1.0381471
v -0.15302955 -0.2733841 1.0564427
v -0.21043132 -0.27602133 0.83930135
v -0.2678331 -0.2760213 0.9387243
v -0.25245234 -0.2760213 0.88132244
v -0.25497675 -0.27338412 0.87986493
v -0.2118888 -0.27338415 0.8367771
v -0.15302955 -0.27338415 0.8210058
v -0.15302955 -0.2760213 1.0535278
v -0.095627785 -0.2760213 1.0381471
v -0.09417031 -0.2733841 1.0406715
v -0.051082358 -0.27338412 0.9975835
v -0.038226016 -0.2760213 0.9387243
v -0.05360677 -0.2760213 0.996126
v -0.035311073 -0.27338412 0.9387243
v -0.05360677 -0.2760213 0.88132244
v -0.051082358 -0.27338412 0.87986493
v -0.09417031 -0.27338415 0.8367771
v -0.095627785 -0.27602133 0.83930135
v -0.15302955 -0.27602133 0.8239207
v -0.048107002 0.29322 0.5803589
v -0.048107002 0.40814838 0.51400506
v -0.048107002 0.35957393 0.4654306
v -0.048107035 0.29322 0.4476511
v -0.048107002 0.42592788 0.5803589
v -0.048107002 0.22686607 0.4654306
v -0.048107002 0.40814838 0.64671284
v -0.048107002 0.17829162 0.51400506
v -0.048107002 0.35957393 0.6952873
v -0.048107002 0.16051213 0.5803589
v -0.048106976 0.29322 0.71306676
v -0.048107002 0.17829162 0.64671284
v -0.048107002 0.22686607 0.6952873
v -0.3242461 0.4128372 0.64942
v -0.33297488 0.4081176 0.6466951
v -0.3242461 0.43134212 0.5803589
v -0.05693494 0.43134212 0.5803589
v -0.33297488 0.42589232 0.5803589
v -0.33297488 0.4081176 0.5140228
v -0.3242461 0.4128372 0.51129794
v -0.05693494 0.4128372 0.64942
v -0.3242461 0.36228102 0.6999762
v -0.05693494 0.36228102 0.6999762
v -0.048107002 0.35957393 0.6952873
v -0.048107002 0.40814838 0.64671284
v -0.048107002 0.42592788 0.5803589
v -0.048107002 0.40814838 0.51400506
v -0.05693494 0.4128372 0.5112979
v -0.3242461 0.36228102 0.46074173
v -0.048107002 0.35957393 0.4654306
v -0.05693494 0.36228102 0.46074164
v 0.018187016 -0.04207346 0.7032402
v 0.009359121 -0.04207346 0.69441235
v 0.009359121 -0.050901353 0.7032402
v 0.018186972 0.1190114 0.6048877
v -0.31541818 -0.04207349 0.69441235
v -0.31541818 -0.050901413 0.7032402
v -0.3242461 -0.04207349 0.7032402
v -0.3242461 0.11901137 0.6048877
v 0.0093590915 0.11275044 0.5997738
v -0.31541818 0.11275044 0.5997738
v -0.31541818 0.12629098 0.59605986
v -0.32424614 0.47628403 0.6048877
v 0.0093590915 0.12629098 0.59605986
v 0.018187016 0.47628403 0.6048877
v -0.31541818 0.47628394 0.59605986
v -0.31541818 0.48511183 0.6048877
v 0.0093590915 0.47628394 0.59605986
v 0.0093590915 0.48511183 0.6048877
v 0.21089576 0.026619902 0.83051664
v 0.27238017 0.026619855 0.8305166
v 0.27238014 0.017791957 0.82168865
v 0.21089576 0.01779201 0.8216888
v 0.28120804 0.026619846 0.82168865
v 0.21089576 0.01779201 0.77528626
v 0.28120804 0.026619846 0.7752861
v 0.27238008 0.017791957 0.7752861
v 0.2723802 0.02661994 0.6786609
v 0.2723802 0.01779204 0.66983306
v 0.2812081 0.01779204 0.6786609
v 0.27238023 -0.2515403 0.66983306
v 0.2812081 0.01779204 0.93764687
v 0.2723802 0.02661994 0.93764687
v 0.2723802 0.01779204 0.94647473
v 0.27238023 -0.2515403 0.94647473
v 0.28120813 -0.2515403 0.93764687
v 0.27238023 -0.2603682 0.93764687
v 0.28120813 -0.2515403 0.6786609
v 0.27238023 -0.2603682 0.6786609
v -0.45057094 0.03396754 0.20788631
v -0.44869715 0.039255764 0.21313262
v -0.27232912 0.018373434 0.15994406
v -0.45149794 0.03950081 0.20263994
v -0.27045527 0.023661667 0.16519038
v -0.27325606 0.023906708 0.15469772
v -0.44962418 0.04478903 0.20788631
v -0.27138233 0.029194951 0.15994406
v 0.27045527 0.023661777 0.16519038
v 0.27138236 0.029195057 0.15994406
v 0.44962418 0.044789165 0.20788631
v 0.27325606 0.023906812 0.15469772
v 0.44869715 0.039255902 0.21313262
v 0.45149794 0.039500937 0.20263994
v 0.2723291 0.018373536 0.15994406
v 0.45057094 0.033967674 0.20788631
v -0.25905445 -0.3641716 0.20788631
v -0.25579736 -0.36873972 0.20263994
v -0.14078803 -0.23167695 0.15469772
v -0.25073305 -0.3711541 0.20788631
v -0.14404519 -0.22710888 0.15994406
v -0.13572374 -0.23409136 0.15994406
v -0.25399017 -0.366586 0.21313262
v -0.13898084 -0.22952321 0.16519038
v 0.25579736 -0.36873972 0.20263994
v 0.25905445 -0.3641716 0.20788631
v 0.14078803 -0.23167695 0.15469772
v 0.25073305 -0.3711541 0.20788631
v 0.14404519 -0.22710888 0.15994406
v 0.13572374 -0.23409136 0.15994406
v 0.25399017 -0.366586 0.21313262
v 0.13898084 -0.22952321 0.16519038
v 0.14273033 -0.2869147 0.52225906
v 0.15640911 -0.2869147 0.531399
v 0.15828466 -0.2869147 0.526871
v 0.17254438 -0.2869147 0.5346085
v 0.14619586 -0.2869147 0.5187935
v 0.17254438 -0.2869147 0.5297074
v 0.13359042 -0.2869147 0.5085802
v 0.13811837 -0.2869147 0.5067047
v 0.1303809 -0.2869147 0.492445
v 0.13528192 -0.2869147 0.4924449
v 0.13359042 -0.2869147 0.4763097
v 0.13811837 -0.2869147 0.47818524
v 0.14273033 -0.2869147 0.46263087
v 0.14619586 -0.2869147 0.4660964
v 0.15640911 -0.2869147 0.453491
v 0.15828466 -0.2869147 0.4580189
v 0.18680412 -0.2869147 0.526871
v 0.18867965 -0.2869147 0.531399
v 0.17254438 -0.2869147 0.45028147
v 0.17254438 -0.2869147 0.4551825
v 0.18680412 -0.2869147 0.4580189
v 0.18867965 -0.2869147 0.453491
v 0.19889289 -0.2869147 0.4660964
v 0.20235847 -0.2869147 0.46263087
v 0.20697038 -0.2869147 0.47818524
v 0.21149835 -0.2869147 0.4763097
v 0.20980686 -0.2869147 0.4924449
v 0.21470788 -0.2869147 0.492445
v 0.20235847 -0.2869147 0.52225906
v 0.19889289 -0.2869147 0.5187935
v 0.20697038 -0.2869147 0.5067047
v 0.21149835 -0.2869147 0.5085802
v -0.0860681 2.023764E-06 0.27721804
v -0.086068116 0.009106563 0.2491971
v -0.086068116 0.023838019 0.25990015
v -0.086068116 -0.009102516 0.2491971
v -0.086068116 0.02946493 0.277218
v -0.086068116 -0.023833968 0.25990015
v -0.086068094 0.023838019 0.29453585
v -0.086068116 -0.029460885 0.277218
v -0.086068094 0.009106563 0.3052389
v -0.086068116 -0.023833968 0.29453585
v -0.086068116 -0.009102516 0.3052389
v 0.0860681 2.023764E-06 0.27721804
v 0.086068116 0.023838019 0.25990015
v 0.086068116 0.009106563 0.2491971
v 0.086068116 -0.009102516 0.2491971
v 0.086068116 0.02946493 0.277218
v 0.086068116 -0.023833968 0.25990015
v 0.086068094 0.023838019 0.29453585
v 0.086068116 -0.029460885 0.277218
v 0.086068094 0.009106563 0.3052389
v 0.086068116 -0.023833968 0.29453585
v 0.086068116 -0.009102516 0.3052389
v -0.09350066 -0.0546968 1.0418314
v -0.15302955 -0.0546968 1.057782
v -0.15302955 -0.052059606 1.0548995
v -0.21255843 -0.0546968 1.0418314
v -0.09494197 -0.052059606 1.0393349
v -0.04992249 -0.0546968 0.99825317
v -0.21111715 -0.052059606 1.0393349
v -0.25613663 -0.0546968 0.99825317
v -0.03685441 -0.052059606 0.9387243
v -0.052418936 -0.052059606 0.9968118
v -0.03397177 -0.054696806 0.9387243
v -0.04992249 -0.054696813 0.8791954
v -0.25364017 -0.052059606 0.9968118
v -0.2720873 -0.054696806 0.9387243
v -0.21111715 -0.05205962 0.8381136
v -0.2692047 -0.052059606 0.9387243
v -0.25613663 -0.054696813 0.8791954
v -0.25364017 -0.05205962 0.8806366
v -0.21255843 -0.054696813 0.8356172
v -0.15302955 -0.05205962 0.8225491
v -0.15302955 -0.054696813 0.8196665
v -0.09494197 -0.05205962 0.8381136
v -0.09350066 -0.054696813 0.8356172
v -0.052418936 -0.05205962 0.8806366
v -0.33297488 0.22688383 0.46546137
v -0.33297488 0.29322 0.44768664
v -0.37086833 0.29321998 0.48844466
v -0.33297488 0.3595561 0.46546137
v -0.37086833 0.24726285 0.5007589
v -0.37086833 0.33917713 0.5007589
v -0.37086833 0.21361992 0.53440183
v -0.37086833 0.37282005 0.53440183
v -0.33297488 0.1783224 0.5140228
v -0.33297488 0.4081176 0.5140228
v -0.37086833 0.20130575 0.5803589
v -0.37086833 0.3851342 0.5803589
v -0.33297488 0.16054767 0.5803589
v -0.33297488 0.42589232 0.5803589
v -0.37086833 0.21361992 0.6263161
v -0.33297488 0.1783224 0.6466951
v -0.37086833 0.37282005 0.6263161
v -0.33297488 0.4081176 0.6466951
v -0.33297488 0.22688383 0.6952565
v -0.37086833 0.24726285 0.659959
v -0.33297488 0.3595561 0.6952565
v -0.37086833 0.33917713 0.659959
v -0.37086833 0.29321998 0.67227316
v -0.33297485 0.29322 0.7130313
v -0.05777766 -0.28693426 0.3474745
v -0.06124411 -0.28693426 0.34400803
v -0.06124412 -0.2390274 0.34400803
v -0.057777677 -0.2390274 0.3474745
v -0.057777677 -0.2390274 0.34054157
v -0.054311212 -0.28693426 0.34400803
v -0.05777766 -0.28693426 0.34054157
v -0.054311227 -0.2390274 0.34400803
vt 0.4350586 0.7993164
vt 0.45532227 0.82910156
vt 0.48291016 0.75341797
vt 0.37231445 0.7993164
vt 0.3244629 0.75341797
vt 0.35180664 0.82910156
vt 0.32299805 0.44848633
vt 0.32836914 0.44335938
vt 0.32836914 0.44848633
vt 0.32836914 0.4970703
vt 0.37036133 0.44848633
vt 0.37036133 0.4970703
vt 0.37597656 0.4970703
vt 0.37597656 0.44848633
vt 0.32836914 0.7026367
vt 0.32836914 0.69433594
vt 0.32299805 0.69433594
vt 0.37036133 0.53027344
vt 0.37036133 0.69433594
vt 0.37597656 0.69433594
vt 0.32836914 0.53027344
vt 0.37597656 0.53027344
vt 0.32836914 0.52197266
vt 0.37036133 0.52197266
vt 0.43798828 0.55859375
vt 0.43237305 0.56396484
vt 0.43237305 0.55859375
vt 0.32836914 0.44848633
vt 0.43237305 0.44848633
vt 0.32836914 0.55859375
vt 0.32299805 0.44848633
vt 0.32299805 0.55859375
vt 0.56103516 0.21142578
vt 0.5732422 0.22668457
vt 0.57666016 0.21142578
vt 0.6142578 0.21142578
vt 0.6176758 0.22668457
vt 0.6298828 0.21142578
vt 0.57666016 0.21142578
vt 0.5732422 0.22668457
vt 0.56103516 0.21142578
vt 0.6176758 0.22668457
vt 0.6142578 0.21142578
vt 0.6298828 0.21142578
vt 0.53222656 0.5317383
vt 0.5283203 0.5395508
vt 0.53466797 0.54248047
vt 0.53466797 0.54248047
vt 0.5283203 0.5395508
vt 0.46777344 0.5317383
vt 0.46557617 0.54248047
vt 0.47192383 0.5395508
vt 0.47192383 0.5395508
vt 0.46557617 0.54248047
vt 0.77734375 0.0038394928
vt 0.7685547 0.012428284
vt 0.7944336 0.0038394928
vt 0.24829102 0.0038394928
vt 0.23132324 0.0038394928
vt 0.2578125 0.012428284
vt 0.22265625 0.0038394928
vt 0.2055664 0.0038394928
vt 0.23132324 0.012428284
vt 0.24829102 0.0038394928
vt 0.2578125 0.012428284
vt 0.23132324 0.0038394928
vt 0.9814453 0.0038394928
vt 0.9682617 0.012428284
vt 0.99853516 0.0038394928
vt 0.9790039 0.0038394928
vt 0.9975586 0.0038394928
vt 0.9658203 0.012428284
vt 0.9765625 0.0038394928
vt 0.9658203 0.012428284
vt 0.9941406 0.0038394928
vt 0.9765625 0.0038394928
vt 0.9941406 0.0038394928
vt 0.9658203 0.012428284
vt 0.27929688 0.036376953
vt 0.2788086 0.026351929
vt 0.29248047 0.053527832
vt 0.38720703 0.25708008
vt 0.38598633 0.27148438
vt 0.37670898 0.23535156
vt 0.02079773 0.0038394928
vt 0.034210205 0.012428284
vt 0.0023403168 0.0038394928
vt 0.018478394 0.0038394928
vt 0.0012760162 0.0038394928
vt 0.03189087 0.012428284
vt 0.83691406 0.8642578
vt 0.8310547 0.98779297
vt 0.83691406 0.98779297
vt 0.8310547 0.8642578
vt 0.6879883 0.98779297
vt 0.6557617 0.75341797
vt 0.6557617 0.9472656
vt 0.68115234 0.98828125
vt 0.64941406 0.75341797
vt 0.6557617 0.95751953
vt 0.6557617 0.9897461
vt 0.64941406 0.9482422
vt 0.60839844 0.8754883
vt 0.60839844 0.92089844
vt 0.60839844 0.82910156
vt 0.60302734 0.91845703
vt 0.60302734 0.8330078
vt 0.60839844 0.7993164
vt 0.60302734 0.8017578
vt 0.5649414 0.8017578
vt 0.5649414 0.8330078
vt 0.60302734 0.87597656
vt 0.5649414 0.87597656
vt 0.5649414 0.91845703
vt 0.3515625 0.92089844
vt 0.35327148 0.99072266
vt 0.37329102 0.9526367
vt 0.3244629 0.9482422
vt 0.40356445 0.5649414
vt 0.37475586 0.5649414
vt 0.37475586 0.60302734
vt 0.40356445 0.60302734
vt 0.4326172 0.60302734
vt 0.4326172 0.5649414
vt 0.40356445 0.60839844
vt 0.45361328 0.60302734
vt 0.45361328 0.5649414
vt 0.4338379 0.60839844
vt 0.4555664 0.60839844
vt 0.45410156 0.64941406
vt 0.37329102 0.60839844
vt 0.35351562 0.60302734
vt 0.3515625 0.60839844
vt 0.35327148 0.64941406
vt 0.45361328 0.6557617
vt 0.46044922 0.6557617
vt 0.48291016 0.64941406
vt 0.4819336 0.6557617
vt 0.47973633 0.68115234
vt 0.35375977 0.6557617
vt 0.3466797 0.6557617
vt 0.32739258 0.68115234
vt 0.47924805 0.6879883
vt 0.48486328 0.6879883
vt 0.328125 0.6879883
vt 0.32250977 0.6879883
vt 0.328125 0.8310547
vt 0.32250977 0.8310547
vt 0.328125 0.83691406
vt 0.47924805 0.8310547
vt 0.48486328 0.8310547
vt 0.47924805 0.83691406
vt 0.328125 0.98779297
vt 0.47924805 0.8642578
vt 0.47924805 0.98779297
vt 0.328125 0.8642578
vt 0.83691406 0.98779297
vt 0.8310547 0.98779297
vt 0.83691406 0.8642578
vt 0.8310547 0.8642578
vt 0.6879883 0.98779297
vt 0.6557617 0.75341797
vt 0.6557617 0.9472656
vt 0.68115234 0.98828125
vt 0.64941406 0.75341797
vt 0.6557617 0.95751953
vt 0.6557617 0.9897461
vt 0.64941406 0.9482422
vt 0.64941406 0.99072266
vt 0.60839844 0.8754883
vt 0.60839844 0.82910156
vt 0.60839844 0.92089844
vt 0.60302734 0.8330078
vt 0.60302734 0.91845703
vt 0.60302734 0.87597656
vt 0.5649414 0.8330078
vt 0.5649414 0.8017578
vt 0.60302734 0.8017578
vt 0.5649414 0.87597656
vt 0.5649414 0.91845703
vt 0.5649414 0.9501953
vt 0.60302734 0.9501953
vt 0.47924805 0.83691406
vt 0.328125 0.83691406
vt 0.32250977 0.8310547
vt 0.48486328 0.8310547
vt 0.37231445 0.60839844
vt 0.35180664 0.60839844
vt 0.35351562 0.60302734
vt 0.37475586 0.60302734
vt 0.40356445 0.60839844
vt 0.3244629 0.64941406
vt 0.48291016 0.64941406
vt 0.4350586 0.60839844
vt 0.4326172 0.60302734
vt 0.40356445 0.60302734
vt 0.37475586 0.5649414
vt 0.4326172 0.5649414
vt 0.40356445 0.5649414
vt 0.48291016 0.9482422
vt 0.4555664 0.92089844
vt 0.45410156 0.99072266
vt 0.4338379 0.9526367
vt 0.48046875 0.8642578
vt 0.3269043 0.8642578
vt 0.32666016 0.75341797
vt 0.48046875 0.75341797
vt 0.84033203 0.8642578
vt 0.84033203 0.75341797
vt 0.83251953 0.75341797
vt 0.83251953 0.8642578
vt 0.7373047 0.8647461
vt 0.7167969 0.8378906
vt 0.64941406 0.75341797
vt 0.6879883 0.8378906
vt 0.83251953 0.75341797
vt 0.84033203 0.75341797
vt 0.84033203 0.8642578
vt 0.83251953 0.8642578
vt 0.7373047 0.8647461
vt 0.7167969 0.8378906
vt 0.64941406 0.75341797
vt 0.6879883 0.8378906
vt 0.48046875 0.84033203
vt 0.32666016 0.84033203
vt 0.3190918 0.83251953
vt 0.48828125 0.83251953
vt 0.3190918 0.64941406
vt 0.48828125 0.64941406
vt 0.3190918 0.83251953
vt 0.3269043 0.84033203
vt 0.48046875 0.84033203
vt 0.48828125 0.83251953
vt 0.48828125 0.7373047
vt 0.3190918 0.7373047
vt 0.48828125 0.7167969
vt 0.3190918 0.7167969
vt 0.48828125 0.6879883
vt 0.3190918 0.6879883
vt 0.3190918 0.8378906
vt 0.48828125 0.8378906
vt 0.48828125 0.75341797
vt 0.3190918 0.75341797
vt 0.44848633 0.69433594
vt 0.4970703 0.69433594
vt 0.44848633 0.53027344
vt 0.4970703 0.53027344
vt 0.32836914 0.52197266
vt 0.32836914 0.53027344
vt 0.32299805 0.53027344
vt 0.37036133 0.52197266
vt 0.37036133 0.53027344
vt 0.37597656 0.53027344
vt 0.32836914 0.69433594
vt 0.37597656 0.69433594
vt 0.37036133 0.69433594
vt 0.4970703 0.69433594
vt 0.5024414 0.69433594
vt 0.4970703 0.7026367
vt 0.4970703 0.53027344
vt 0.5024414 0.53027344
vt 0.44848633 0.69433594
vt 0.44848633 0.53027344
vt 0.44335938 0.69433594
vt 0.44335938 0.53027344
vt 0.4970703 0.52197266
vt 0.44848633 0.52197266
vt 0.32299805 0.4970703
vt 0.32836914 0.4970703
vt 0.32299805 0.44848633
vt 0.32836914 0.44848633
vt 0.37036133 0.44848633
vt 0.37036133 0.44335938
vt 0.32836914 0.44335938
vt 0.37597656 0.44848633
vt 0.37597656 0.4970703
vt 0.37036133 0.4970703
vt 0.32836914 0.5024414
vt 0.37036133 0.5024414
vt 0.3815918 0.484375
vt 0.43237305 0.484375
vt 0.43237305 0.44848633
vt 0.3815918 0.44848633
vt 0.484375 0.59472656
vt 0.484375 0.53027344
vt 0.44848633 0.53027344
vt 0.44848633 0.59472656
vt 0.44335938 0.53027344
vt 0.44335938 0.59472656
vt 0.44848633 0.60302734
vt 0.484375 0.60302734
vt 0.48950195 0.59472656
vt 0.43237305 0.53027344
vt 0.43237305 0.52197266
vt 0.43798828 0.53027344
vt 0.43237305 0.59472656
vt 0.43798828 0.59472656
vt 0.3815918 0.59472656
vt 0.3815918 0.53027344
vt 0.3815918 0.60302734
vt 0.43237305 0.60302734
vt 0.43237305 0.52197266
vt 0.43237305 0.53027344
vt 0.43798828 0.53027344
vt 0.3815918 0.53027344
vt 0.3815918 0.52197266
vt 0.37597656 0.53027344
vt 0.37597656 0.59472656
vt 0.3815918 0.59472656
vt 0.43237305 0.59472656
vt 0.3815918 0.60302734
vt 0.43237305 0.60302734
vt 0.44848633 0.59472656
vt 0.44848633 0.60302734
vt 0.44335938 0.59472656
vt 0.484375 0.59472656
vt 0.484375 0.60302734
vt 0.44848633 0.53027344
vt 0.48950195 0.59472656
vt 0.484375 0.53027344
vt 0.48950195 0.53027344
vt 0.43798828 0.44848633
vt 0.43798828 0.484375
vt 0.43237305 0.484375
vt 0.43237305 0.44848633
vt 0.3815918 0.484375
vt 0.3815918 0.44848633
vt 0.43237305 0.48950195
vt 0.37597656 0.44848633
vt 0.3815918 0.48950195
vt 0.37597656 0.484375
vt 0.32836914 0.55859375
vt 0.43237305 0.55859375
vt 0.43237305 0.44848633
vt 0.32836914 0.44848633
vt 0.44848633 0.36450195
vt 0.55859375 0.36450195
vt 0.55859375 0.52441406
vt 0.44848633 0.52441406
vt 0.44848633 0.53271484
vt 0.44335938 0.52441406
vt 0.55859375 0.53271484
vt 0.43237305 0.35620117
vt 0.43237305 0.36450195
vt 0.43798828 0.36450195
vt 0.32836914 0.35620117
vt 0.32836914 0.36450195
vt 0.32299805 0.36450195
vt 0.32299805 0.52441406
vt 0.32836914 0.52441406
vt 0.43237305 0.52441406
vt 0.32836914 0.53271484
vt 0.43237305 0.53271484
vt 0.43237305 0.53271484
vt 0.43237305 0.52441406
vt 0.43798828 0.52441406
vt 0.32836914 0.53271484
vt 0.32836914 0.52441406
vt 0.32299805 0.52441406
vt 0.43237305 0.36450195
vt 0.32836914 0.36450195
vt 0.32299805 0.36450195
vt 0.43237305 0.35620117
vt 0.32836914 0.35620117
vt 0.44848633 0.53271484
vt 0.55859375 0.53271484
vt 0.55859375 0.52441406
vt 0.44848633 0.52441406
vt 0.44335938 0.52441406
vt 0.44848633 0.36450195
vt 0.44335938 0.36450195
vt 0.55859375 0.36450195
vt 0.56396484 0.52441406
vt 0.56396484 0.36450195
vt 0.55859375 0.35620117
vt 0.44848633 0.35620117
vt 0.55810547 0.76660156
vt 0.6713867 0.76660156
vt 0.6713867 0.6855469
vt 0.55810547 0.6855469
vt 0.6713867 0.6801758
vt 0.55810547 0.6801758
vt 0.5527344 0.6855469
vt 0.5527344 0.76660156
vt 0.55810547 0.77197266
vt 0.55810547 0.5151367
vt 0.55810547 0.6328125
vt 0.6713867 0.6328125
vt 0.6713867 0.5151367
vt 0.55810547 0.5073242
vt 0.6713867 0.5073242
vt 0.6772461 0.5151367
vt 0.6772461 0.6328125
vt 0.6713867 0.6855469
vt 0.55810547 0.76660156
vt 0.55810547 0.6855469
vt 0.6713867 0.76660156
vt 0.6855469 0.6411133
vt 0.6855469 0.6328125
vt 0.6801758 0.6328125
vt 0.76660156 0.6411133
vt 0.76660156 0.6328125
vt 0.77197266 0.6328125
vt 0.77197266 0.5151367
vt 0.76660156 0.5151367
vt 0.6855469 0.5151367
vt 0.76660156 0.5073242
vt 0.6855469 0.5073242
vt 0.6713867 0.6328125
vt 0.6713867 0.6411133
vt 0.55810547 0.6411133
vt 0.55810547 0.6328125
vt 0.55810547 0.5151367
vt 0.6713867 0.5151367
vt 0.55810547 0.5073242
vt 0.6713867 0.5073242
vt 0.6855469 0.6328125
vt 0.6801758 0.6328125
vt 0.6801758 0.5151367
vt 0.6855469 0.5151367
vt 0.6855469 0.5073242
vt 0.76660156 0.6328125
vt 0.76660156 0.5073242
vt 0.76660156 0.5151367
vt 0.77197266 0.6328125
vt 0.77197266 0.5151367
vt 0.6713867 0.60058594
vt 0.6713867 0.76660156
vt 0.58251953 0.76660156
vt 0.58251953 0.60058594
vt 0.6713867 0.5957031
vt 0.58251953 0.5957031
vt 0.57714844 0.60058594
vt 0.57714844 0.76660156
vt 0.58251953 0.76660156
vt 0.6713867 0.76660156
vt 0.6713867 0.60058594
vt 0.58251953 0.60058594
vt 0.76660156 0.36645508
vt 0.76660156 0.35839844
vt 0.77197266 0.36645508
vt 0.77197266 0.5073242
vt 0.76660156 0.5073242
vt 0.60058594 0.36645508
vt 0.76660156 0.5151367
vt 0.60058594 0.5073242
vt 0.60058594 0.5151367
vt 0.60058594 0.35839844
vt 0.76660156 0.36645508
vt 0.76660156 0.35839844
vt 0.60058594 0.36645508
vt 0.5957031 0.36645508
vt 0.5957031 0.5073242
vt 0.60058594 0.5073242
vt 0.76660156 0.5073242
vt 0.60058594 0.5151367
vt 0.76660156 0.5151367
vt 0.57714844 0.5073242
vt 0.58251953 0.36645508
vt 0.57714844 0.36645508
vt 0.58251953 0.5073242
vt 0.6713867 0.36645508
vt 0.58251953 0.5151367
vt 0.6713867 0.5073242
vt 0.6713867 0.5151367
vt 0.58251953 0.36645508
vt 0.58251953 0.35839844
vt 0.6713867 0.35839844
vt 0.6713867 0.36645508
vt 0.6772461 0.36645508
vt 0.6772461 0.5073242
vt 0.6713867 0.5073242
vt 0.58251953 0.5073242
vt 0.6713867 0.5151367
vt 0.58251953 0.5151367
vt 0.51708984 0.44848633
vt 0.6713867 0.44848633
vt 0.6713867 0.60595703
vt 0.51708984 0.60595703
vt 0.51708984 0.875
vt 0.6713867 0.875
vt 0.6713867 0.6333008
vt 0.51708984 0.6333008
vt 0.51708984 0.625
vt 0.6713867 0.625
vt 0.44335938 0.875
vt 0.44848633 0.875
vt 0.44848633 0.8833008
vt 0.44335938 0.6333008
vt 0.44848633 0.6333008
vt 0.60595703 0.875
vt 0.44848633 0.625
vt 0.60595703 0.6333008
vt 0.60595703 0.625
vt 0.51708984 0.875
vt 0.51708984 0.8833008
vt 0.51123047 0.875
vt 0.51123047 0.6333008
vt 0.51708984 0.6333008
vt 0.51708984 0.625
vt 0.6713867 0.875
vt 0.6713867 0.625
vt 0.6713867 0.6333008
vt 0.51708984 0.44848633
vt 0.51123047 0.44848633
vt 0.51123047 0.60595703
vt 0.51708984 0.60595703
vt 0.6713867 0.60595703
vt 0.6713867 0.61083984
vt 0.51708984 0.61083984
vt 0.6713867 0.44848633
vt 0.6713867 0.44335938
vt 0.51708984 0.44335938
vt 0.45385742 0.37475586
vt 0.45385742 0.36645508
vt 0.76171875 0.36645508
vt 0.76171875 0.37475586
vt 0.65234375 0.5332031
vt 0.76171875 0.5332031
vt 0.54345703 0.6401367
vt 0.45385742 0.7446289
vt 0.54345703 0.7446289
vt 0.5488281 0.6435547
vt 0.6542969 0.5415039
vt 0.5488281 0.7446289
vt 0.6660156 0.37475586
vt 0.6660156 0.36645508
vt 0.33398438 0.36645508
vt 0.33398438 0.37475586
vt 0.32836914 0.37475586
vt 0.32836914 0.7446289
vt 0.33398438 0.7446289
vt 0.40429688 0.7446289
vt 0.51708984 0.76171875
vt 0.6660156 0.76171875
vt 0.4482422 0.76171875
vt 0.4453125 0.76904297
vt 0.40356445 0.7529297
vt 0.48120117 0.8100586
vt 0.51708984 0.86865234
vt 0.47607422 0.81396484
vt 0.49169922 0.86865234
vt 0.48608398 0.86865234
vt 0.6660156 0.45385742
vt 0.33398438 0.76171875
vt 0.33398438 0.45385742
vt 0.6660156 0.76171875
vt 0.4453125 0.54345703
vt 0.47607422 0.54345703
vt 0.47607422 0.45361328
vt 0.4453125 0.45361328
vt 0.40356445 0.54345703
vt 0.40356445 0.45361328
vt 0.33398438 0.45483398
vt 0.33398438 0.54345703
vt 0.32836914 0.54345703
vt 0.32836914 0.45385742
vt 0.33398438 0.44848633
vt 0.40429688 0.44848633
vt 0.51123047 0.45385742
vt 0.51708984 0.44848633
vt 0.49169922 0.44848633
vt 0.49194336 0.45361328
vt 0.48608398 0.45361328
vt 0.48608398 0.54345703
vt 0.49194336 0.54345703
vt 0.51123047 0.54345703
vt 0.49169922 0.5488281
vt 0.51708984 0.5488281
vt 0.32836914 0.7446289
vt 0.33398438 0.7446289
vt 0.33398438 0.7529297
vt 0.40356445 0.7529297
vt 0.40429688 0.7446289
vt 0.33398438 0.6435547
vt 0.51708984 0.6435547
vt 0.4453125 0.76904297
vt 0.4482422 0.76171875
vt 0.51708984 0.76171875
vt 0.48120117 0.8100586
vt 0.51708984 0.86865234
vt 0.47607422 0.81396484
vt 0.49169922 0.86865234
vt 0.48608398 0.86865234
vt 0.33398438 0.76660156
vt 0.5229492 0.76660156
vt 0.51708984 0.76171875
vt 0.33398438 0.76171875
vt 0.32836914 0.76171875
vt 0.33398438 0.6542969
vt 0.32836914 0.65234375
vt 0.51708984 0.6542969
vt 0.33398438 0.5488281
vt 0.51708984 0.5488281
vt 0.5234375 0.6801758
vt 0.51708984 0.6801758
vt 0.5234375 0.7631836
vt 0.66503906 0.6801758
vt 0.66503906 0.7631836
vt 0.66503906 0.64453125
vt 0.5234375 0.64453125
vt 0.45361328 0.86865234
vt 0.54345703 0.81396484
vt 0.54345703 0.86865234
vt 0.45361328 0.81396484
vt 0.6660156 0.36645508
vt 0.6713867 0.37475586
vt 0.6660156 0.37475586
vt 0.33398438 0.36645508
vt 0.33398438 0.37475586
vt 0.32836914 0.37475586
vt 0.32836914 0.5332031
vt 0.33398438 0.5332031
vt 0.5229492 0.5332031
vt 0.6660156 0.5332031
vt 0.66503906 0.5463867
vt 0.5234375 0.5463867
vt 0.51708984 0.5415039
vt 0.76171875 0.37475586
vt 0.76171875 0.36645508
vt 0.45385742 0.36645508
vt 0.45385742 0.37475586
vt 0.44848633 0.37475586
vt 0.44848633 0.76171875
vt 0.45385742 0.76171875
vt 0.6411133 0.66845703
vt 0.59814453 0.76171875
vt 0.60595703 0.76171875
vt 0.64453125 0.67578125
vt 0.6801758 0.6328125
vt 0.6801758 0.62353516
vt 0.7631836 0.5463867
vt 0.76171875 0.5332031
vt 0.76660156 0.37475586
vt 0.76660156 0.5332031
vt 0.66503906 0.67578125
vt 0.66503906 0.76171875
vt 0.5234375 0.76171875
vt 0.5234375 0.67578125
vt 0.6411133 0.66845703
vt 0.60595703 0.76171875
vt 0.59814453 0.76171875
vt 0.64453125 0.67578125
vt 0.6801758 0.6328125
vt 0.6801758 0.62353516
vt 0.5488281 0.76171875
vt 0.5488281 0.6435547
vt 0.59814453 0.76171875
vt 0.6411133 0.66845703
vt 0.6542969 0.5415039
vt 0.6801758 0.62353516
vt 0.76171875 0.5415039
vt 0.6328125 0.6401367
vt 0.6713867 0.6401367
vt 0.6713867 0.61083984
vt 0.6328125 0.61083984
vt 0.6274414 0.6401367
vt 0.6328125 0.6455078
vt 0.6274414 0.61083984
vt 0.61083984 0.76660156
vt 0.6401367 0.72314453
vt 0.61083984 0.72314453
vt 0.6401367 0.76660156
vt 0.61083984 0.77490234
vt 0.6401367 0.77490234
vt 0.61083984 0.76660156
vt 0.61083984 0.77490234
vt 0.60595703 0.76660156
vt 0.60595703 0.72314453
vt 0.61083984 0.72314453
vt 0.61083984 0.71533203
vt 0.6401367 0.76660156
vt 0.6401367 0.71533203
vt 0.6401367 0.72314453
vt 0.6455078 0.76660156
vt 0.6455078 0.72314453
vt 0.6713867 0.72314453
vt 0.6772461 0.72314453
vt 0.6772461 0.76660156
vt 0.6713867 0.76660156
vt 0.6713867 0.77490234
vt 0.6328125 0.72314453
vt 0.6328125 0.77490234
vt 0.6328125 0.76660156
vt 0.6713867 0.60595703
vt 0.6328125 0.61083984
vt 0.6328125 0.60595703
vt 0.6713867 0.61083984
vt 0.6772461 0.61083984
vt 0.6328125 0.6401367
vt 0.6713867 0.6401367
vt 0.6772461 0.6401367
vt 0.6713867 0.6455078
vt 0.6328125 0.6455078
vt 0.56591797 0.7451172
vt 0.56591797 0.65625
vt 0.5708008 0.65625
vt 0.5708008 0.7451172
vt 0.5708008 0.75341797
vt 0.87353516 0.75341797
vt 0.66503906 0.5644531
vt 0.87353516 0.7451172
vt 0.87353516 0.5644531
vt 0.5058594 0.5644531
vt 0.51123047 0.5644531
vt 0.51123047 0.7451172
vt 0.5058594 0.7451172
vt 0.5058594 0.75341797
vt 0.43798828 0.6816406
vt 0.30126953 0.5644531
vt 0.46411133 0.7451172
vt 0.46411133 0.75341797
vt 0.45825195 0.7451172
vt 0.4345703 0.6899414
vt 0.36938477 0.6816406
vt 0.37280273 0.6899414
vt 0.3491211 0.7451172
vt 0.30126953 0.7451172
vt 0.29589844 0.5644531
vt 0.29589844 0.7451172
vt 0.30126953 0.75341797
vt 0.34301758 0.75341797
vt 0.34301758 0.7451172
vt 0.56591797 0.7451172
vt 0.5708008 0.65625
vt 0.56591797 0.65625
vt 0.5708008 0.7451172
vt 0.5708008 0.75341797
vt 0.87353516 0.75341797
vt 0.66503906 0.5644531
vt 0.87353516 0.7451172
vt 0.87353516 0.5644531
vt 0.5058594 0.75341797
vt 0.30126953 0.7451172
vt 0.30126953 0.75341797
vt 0.5058594 0.7451172
vt 0.30126953 0.65625
vt 0.5058594 0.65625
vt 0.87353516 0.7451172
vt 0.64941406 0.6899414
vt 0.64941406 0.7451172
vt 0.87353516 0.6899414
vt 0.37280273 0.87353516
vt 0.4345703 0.87353516
vt 0.4345703 0.64941406
vt 0.37280273 0.64941406
vt 0.34301758 0.75341797
vt 0.3491211 0.7451172
vt 0.46411133 0.75341797
vt 0.45825195 0.7451172
vt 0.4345703 0.6899414
vt 0.37280273 0.6899414
vt 0.46411133 0.64941406
vt 0.45825195 0.64941406
vt 0.45825195 0.87353516
vt 0.46411133 0.87353516
vt 0.5058594 0.87353516
vt 0.5058594 0.5708008
vt 0.30126953 0.5708008
vt 0.34301758 0.64941406
vt 0.30126953 0.87353516
vt 0.34301758 0.87353516
vt 0.3491211 0.87353516
vt 0.3491211 0.64941406
vt 0.87353516 0.7451172
vt 0.64941406 0.7451172
vt 0.64941406 0.6899414
vt 0.87353516 0.6899414
vt 0.24987793 0.81152344
vt 0.26098633 0.81152344
vt 0.24987793 0.79248047
vt 0.26098633 0.79248047
vt 0.26635742 0.79345703
vt 0.26635742 0.81347656
vt 0.26635742 0.76660156
vt 0.24987793 0.76660156
vt 0.24743652 0.7915039
vt 0.24743652 0.76660156
vt 0.24743652 0.7421875
vt 0.24987793 0.74121094
vt 0.26098633 0.76660156
vt 0.26098633 0.74121094
vt 0.26635742 0.7397461
vt 0.81152344 0.58251953
vt 0.79248047 0.61279297
vt 0.7915039 0.6098633
vt 0.8095703 0.5810547
vt 0.76660156 0.5415039
vt 0.81640625 0.5415039
vt 0.76660156 0.62060547
vt 0.8095703 0.5019531
vt 0.7421875 0.6098633
vt 0.7915039 0.47314453
vt 0.79248047 0.47021484
vt 0.81152344 0.5004883
vt 0.76660156 0.46240234
vt 0.7421875 0.47314453
vt 0.7241211 0.5019531
vt 0.74121094 0.47021484
vt 0.72216797 0.5004883
vt 0.71728516 0.5415039
vt 0.7241211 0.5810547
vt 0.72216797 0.58251953
vt 0.74121094 0.61279297
vt 0.24987793 0.72216797
vt 0.26098633 0.72216797
vt 0.24987793 0.74121094
vt 0.26098633 0.74121094
vt 0.26635742 0.7397461
vt 0.26635742 0.72021484
vt 0.26635742 0.76660156
vt 0.26098633 0.76660156
vt 0.24987793 0.76660156
vt 0.24743652 0.7421875
vt 0.24743652 0.76660156
vt 0.24743652 0.7915039
vt 0.24987793 0.79248047
vt 0.26098633 0.79248047
vt 0.24987793 0.81152344
vt 0.26635742 0.79345703
vt 0.26098633 0.81152344
vt 0.26635742 0.81347656
vt 0.24987793 0.61279297
vt 0.26098633 0.61279297
vt 0.24987793 0.58251953
vt 0.26098633 0.58251953
vt 0.26635742 0.58447266
vt 0.26635742 0.61572266
vt 0.26635742 0.5415039
vt 0.24987793 0.5415039
vt 0.24743652 0.5810547
vt 0.24743652 0.5415039
vt 0.24743652 0.5019531
vt 0.24987793 0.5004883
vt 0.26098633 0.5415039
vt 0.26098633 0.5004883
vt 0.26635742 0.49853516
vt 0.46411133 0.65283203
vt 0.29589844 0.60595703
vt 0.29589844 0.65283203
vt 0.46411133 0.60595703
vt 0.46972656 0.6489258
vt 0.46972656 0.6035156
vt 0.29589844 0.5415039
vt 0.2902832 0.6035156
vt 0.2902832 0.5415039
vt 0.2902832 0.4794922
vt 0.46411133 0.5415039
vt 0.46972656 0.5415039
vt 0.46972656 0.4794922
vt 0.29589844 0.47705078
vt 0.2902832 0.43432617
vt 0.29589844 0.42993164
vt 0.46411133 0.47705078
vt 0.46972656 0.43432617
vt 0.46411133 0.42993164
vt 0.26635742 0.5415039
vt 0.26635742 0.58447266
vt 0.26098633 0.58251953
vt 0.26098633 0.5415039
vt 0.24987793 0.58251953
vt 0.26098633 0.5004883
vt 0.26635742 0.49853516
vt 0.24987793 0.5415039
vt 0.24743652 0.5810547
vt 0.24987793 0.5004883
vt 0.24743652 0.5415039
vt 0.24743652 0.5019531
vt 0.29589844 0.8364258
vt 0.2902832 0.8339844
vt 0.2902832 0.80566406
vt 0.29589844 0.8071289
vt 0.29589844 0.76660156
vt 0.2902832 0.76660156
vt 0.2902832 0.72802734
vt 0.29589844 0.7265625
vt 0.46411133 0.7265625
vt 0.46411133 0.76660156
vt 0.46411133 0.8071289
vt 0.46972656 0.72802734
vt 0.46972656 0.80566406
vt 0.46972656 0.76660156
vt 0.29589844 0.69677734
vt 0.2902832 0.69970703
vt 0.29589844 0.7265625
vt 0.2902832 0.72802734
vt 0.29589844 0.76660156
vt 0.2902832 0.76660156
vt 0.46411133 0.7265625
vt 0.2902832 0.80566406
vt 0.46411133 0.76660156
vt 0.46972656 0.72802734
vt 0.46972656 0.76660156
vt 0.46972656 0.80566406
vt 0.46411133 0.8071289
vt 0.29589844 0.8071289
vt 0.2902832 0.8339844
vt 0.29589844 0.8364258
vt 0.48999023 0.8886719
vt 0.48413086 0.87939453
vt 0.44140625 0.87939453
vt 0.43579102 0.8886719
vt 0.43579102 0.9375
vt 0.4897461 0.9375
vt 0.43579102 0.96728516
vt 0.48999023 0.96777344
vt 0.44067383 0.9736328
vt 0.48486328 0.9736328
vt 0.4387207 0.56347656
vt 0.44506836 0.55810547
vt 0.44482422 0.48388672
vt 0.43847656 0.47802734
vt 0.40356445 0.56347656
vt 0.40356445 0.47802734
vt 0.37036133 0.47802734
vt 0.3701172 0.56347656
vt 0.36401367 0.48388672
vt 0.36376953 0.55810547
vt 0.48632812 0.44140625
vt 0.48657227 0.48413086
vt 0.48242188 0.48413086
vt 0.48217773 0.44140625
vt 0.55810547 0.98339844
vt 0.55810547 0.97802734
vt 0.48388672 0.9770508
vt 0.48388672 0.98291016
vt 0.55810547 0.9848633
vt 0.48388672 0.9838867
vt 0.48388672 0.97753906
vt 0.55810547 0.9785156
vt 0.48217773 0.8774414
vt 0.48461914 0.8886719
vt 0.48632812 0.87939453
vt 0.4802246 0.88671875
vt 0.4716797 0.93408203
vt 0.47558594 0.9375
vt 0.4555664 0.96728516
vt 0.45239258 0.9628906
vt 0.44848633 0.96875
vt 0.45141602 0.9736328
vt 0.36523438 0.97753906
vt 0.36401367 0.9838867
vt 0.37036133 0.9863281
vt 0.37158203 0.97998047
vt 0.40356445 0.9926758
vt 0.40356445 0.9995117
vt 0.43847656 0.98535156
vt 0.43652344 0.97998047
vt 0.4428711 0.9770508
vt 0.44482422 0.98291016
vt 0.4807129 0.88671875
vt 0.48242188 0.8774414
vt 0.48657227 0.87939453
vt 0.48486328 0.8886719
vt 0.47192383 0.93408203
vt 0.47583008 0.9375
vt 0.4555664 0.96777344
vt 0.45263672 0.9633789
vt 0.45166016 0.9736328
vt 0.44848633 0.9692383
vt 0.44311523 0.97802734
vt 0.44506836 0.98339844
vt 0.4387207 0.9863281
vt 0.43676758 0.98046875
vt 0.40356445 0.99365234
vt 0.40356445 1
vt 0.3701172 0.9873047
vt 0.3713379 0.98095703
vt 0.36376953 0.9848633
vt 0.36499023 0.9785156
vt 0.44848633 0.48486328
vt 0.45166016 0.48486328
vt 0.44848633 0.44067383
vt 0.45141602 0.44067383
vt 0.44140625 0.8774414
vt 0.48413086 0.8774414
vt 0.48999023 0.88671875
vt 0.43579102 0.88671875
vt 0.43579102 0.93408203
vt 0.48999023 0.93408203
vt 0.43579102 0.9628906
vt 0.48999023 0.9633789
vt 0.44067383 0.96875
vt 0.48486328 0.9692383
vt 0.4428711 0.48388672
vt 0.44311523 0.55810547
vt 0.43676758 0.56347656
vt 0.43652344 0.47802734
vt 0.40356445 0.56347656
vt 0.40356445 0.47802734
vt 0.37158203 0.47802734
vt 0.3713379 0.56347656
vt 0.36523438 0.48388672
vt 0.36499023 0.55810547
vt 0.46777344 0.43579102
vt 0.4411621 0.56347656
vt 0.46850586 0.56347656
vt 0.44067383 0.43579102
vt 0.40356445 0.56347656
vt 0.40356445 0.43579102
vt 0.36645508 0.43579102
vt 0.36621094 0.56347656
vt 0.46777344 0.43579102
vt 0.46850586 0.56347656
vt 0.4411621 0.56347656
vt 0.44067383 0.43579102
vt 0.40356445 0.56347656
vt 0.40356445 0.43579102
vt 0.36645508 0.43579102
vt 0.36621094 0.56347656
vt 0.56347656 0.87597656
vt 0.56347656 0.8203125
vt 0.43579102 0.8208008
vt 0.43579102 0.87597656
vt 0.43579102 0.93066406
vt 0.56347656 0.93115234
vt 0.40356445 0.40649414
vt 0.42797852 0.40649414
vt 0.42797852 0.43432617
vt 0.40356445 0.43432617
vt 0.37939453 0.43432617
vt 0.37939453 0.40649414
vt 0.43432617 0.83984375
vt 0.43432617 0.81347656
vt 0.40649414 0.81347656
vt 0.40649414 0.83984375
vt 0.43432617 0.87597656
vt 0.40649414 0.87597656
vt 0.43432617 0.9121094
vt 0.40649414 0.9121094
vt 0.44580078 0.43432617
vt 0.44580078 0.40649414
vt 0.42797852 0.43432617
vt 0.42797852 0.40649414
vt 0.40356445 0.43432617
vt 0.40356445 0.40649414
vt 0.37939453 0.40649414
vt 0.37939453 0.43432617
vt 0.36157227 0.40649414
vt 0.36157227 0.43432617
vt 0.56347656 0.97216797
vt 0.43579102 0.9707031
vt 0.43579102 0.93066406
vt 0.56347656 0.93115234
vt 0.56347656 0.87597656
vt 0.43579102 0.87597656
vt 0.43579102 0.8208008
vt 0.56347656 0.8203125
vt 0.56347656 0.77978516
vt 0.43579102 0.7807617
vt 0.43432617 0.83984375
vt 0.40649414 0.81347656
vt 0.43432617 0.81347656
vt 0.40649414 0.83984375
vt 0.43432617 0.87597656
vt 0.40649414 0.87597656
vt 0.43432617 0.9121094
vt 0.40649414 0.9121094
vt 0.44750977 0.06085205
vt 0.4519043 0.05621338
vt 0.45043945 0.005744934
vt 0.44580078 0.0011062622
vt 0.43164062 0.06085205
vt 0.43139648 0.0011014938
vt 0.40356445 0.06085205
vt 0.40356445 0.0011005402
vt 0.37597656 0.0011005402
vt 0.4260254 0.14794922
vt 0.43188477 0.14331055
vt 0.40356445 0.14794922
vt 0.375 0.06085205
vt 0.3557129 0.0011005402
vt 0.37353516 0.14794922
vt 0.3540039 0.06085205
vt 0.35131836 0.14794922
vt 0.06085205 0.87890625
vt 0.0011053085 0.8876953
vt 0.0057411194 0.87890625
vt 0.06085205 0.91845703
vt 0.0011005402 0.9169922
vt 0.14794922 0.8876953
vt 0.14794922 0.92041016
vt 0.14331055 0.87890625
vt 0.4116211 0.4050293
vt 0.40576172 0.40039062
vt 0.40576172 0.28710938
vt 0.4116211 0.2824707
vt 0.43603516 0.2824707
vt 0.43823242 0.4050293
vt 0.28710938 0.8305664
vt 0.40039062 0.8276367
vt 0.4050293 0.8364258
vt 0.2824707 0.83935547
vt 0.4050293 0.87597656
vt 0.2824707 0.8769531
vt 0.4050293 0.91552734
vt 0.2824707 0.92089844
vt 0.40039062 0.9238281
vt 0.21533203 0.8876953
vt 0.2199707 0.87890625
vt 0.21533203 0.91064453
vt 0.2199707 0.9194336
vt 0.4050293 0.82470703
vt 0.4050293 0.7871094
vt 0.2824707 0.79248047
vt 0.2824707 0.8276367
vt 0.4050293 0.87597656
vt 0.2824707 0.87597656
vt 0.2824707 0.9121094
vt 0.4050293 0.91552734
vt 0.28710938 0.92089844
vt 0.40039062 0.9238281
vt 0.26660156 0.83984375
vt 0.2619629 0.8310547
vt 0.23583984 0.83203125
vt 0.23120117 0.8408203
vt 0.26660156 0.86376953
vt 0.23120117 0.86376953
vt 0.2619629 0.8725586
vt 0.23583984 0.8725586
vt 0.34643555 0.28710938
vt 0.35058594 0.28735352
vt 0.34716797 0.40039062
vt 0.34326172 0.40039062
vt 0.40039062 0.78027344
vt 0.28735352 0.78564453
vt 0.28710938 0.77978516
vt 0.40039062 0.77441406
vt 0.44750977 0.9272461
vt 0.43164062 0.94970703
vt 0.42993164 0.94433594
vt 0.44482422 0.92285156
vt 0.4519043 0.92089844
vt 0.4489746 0.9165039
vt 0.3466797 0.2824707
vt 0.34326172 0.40039062
vt 0.34716797 0.40039062
vt 0.35058594 0.28271484
vt 0.34838867 0.2199707
vt 0.35253906 0.2199707
vt 0.45922852 0.23583984
vt 0.45996094 0.2619629
vt 0.4560547 0.26220703
vt 0.45532227 0.23596191
vt 0.34765625 0.14343262
vt 0.34375 0.14331055
vt 0.3466797 0.06085205
vt 0.35058594 0.060943604
vt 0.34838867 0.0057411194
vt 0.35253906 0.005821228
vt 0.05621338 0.92089844
vt 0.005821228 0.91503906
vt 0.005744934 0.9194336
vt 0.05630493 0.9165039
vt 0.46069336 0.28710938
vt 0.46020508 0.40039062
vt 0.46411133 0.40039062
vt 0.4567871 0.28735352
vt 0.34521484 0.83935547
vt 0.3388672 0.8769531
vt 0.34301758 0.87646484
vt 0.3491211 0.8408203
vt 0.35058594 0.83203125
vt 0.34643555 0.8305664
vt 0.06085205 0.94970703
vt 0.14331055 0.95410156
vt 0.14343262 0.9482422
vt 0.060943604 0.94433594
vt 0.34106445 0.2199707
vt 0.34521484 0.2199707
vt 0.34301758 0.28271484
vt 0.3388672 0.2824707
vt 0.4567871 0.9194336
vt 0.46069336 0.92089844
vt 0.4621582 0.9121094
vt 0.45825195 0.91064453
vt 0.46435547 0.87597656
vt 0.46850586 0.87597656
vt 0.45629883 0.8310547
vt 0.4597168 0.8276367
vt 0.43603516 0.79248047
vt 0.43408203 0.79785156
vt 0.4116211 0.78271484
vt 0.41064453 0.7885742
vt 0.40478516 0.78564453
vt 0.40576172 0.77978516
vt 0.34375 0.87890625
vt 0.34765625 0.8774414
vt 0.3491211 0.88623047
vt 0.34521484 0.8876953
vt 0.35498047 0.91748047
vt 0.35131836 0.92041016
vt 0.37548828 0.9477539
vt 0.37353516 0.953125
vt 0.40356445 0.96533203
vt 0.40356445 0.9589844
vt 0.4260254 0.95654297
vt 0.4248047 0.9506836
vt 0.43188477 0.95410156
vt 0.43066406 0.9482422
vt 0.46264648 0.87402344
vt 0.46655273 0.8725586
vt 0.46484375 0.86376953
vt 0.4609375 0.86572266
vt 0.4567871 0.84228516
vt 0.46069336 0.8408203
vt 0.45532227 0.8334961
vt 0.45922852 0.83203125
vt 0.4675293 0.8725586
vt 0.46362305 0.87402344
vt 0.4621582 0.86572266
vt 0.46606445 0.86376953
vt 0.46166992 0.83984375
vt 0.45776367 0.8413086
vt 0.45996094 0.8310547
vt 0.4560547 0.8330078
vt 0.34326172 0.8276367
vt 0.34716797 0.82958984
vt 0.34545898 0.8378906
vt 0.34155273 0.8364258
vt 0.3388672 0.87597656
vt 0.3347168 0.87597656
vt 0.34155273 0.91552734
vt 0.34545898 0.9135742
vt 0.34326172 0.9238281
vt 0.34716797 0.9223633
vt 0.41064453 0.78222656
vt 0.40478516 0.78027344
vt 0.40576172 0.77441406
vt 0.4116211 0.7763672
vt 0.43603516 0.79248047
vt 0.43823242 0.7871094
vt 0.4597168 0.8276367
vt 0.4633789 0.82470703
vt 0.47265625 0.87597656
vt 0.46850586 0.87597656
vt 0.4658203 0.91552734
vt 0.46166992 0.9135742
vt 0.46411133 0.9238281
vt 0.46020508 0.9223633
vt 0.45043945 0.9194336
vt 0.44750977 0.91503906
vt 0.44580078 0.92578125
vt 0.4428711 0.9213867
vt 0.42919922 0.94140625
vt 0.43139648 0.94677734
vt 0.40356445 0.95166016
vt 0.40356445 0.9580078
vt 0.3779297 0.94140625
vt 0.37597656 0.94677734
vt 0.3557129 0.9169922
vt 0.359375 0.9135742
vt 0.3503418 0.8876953
vt 0.35424805 0.88623047
vt 0.35253906 0.8774414
vt 0.34838867 0.87890625
vt 0.34692383 0.91064453
vt 0.34838867 0.9194336
vt 0.35253906 0.91796875
vt 0.35107422 0.9091797
vt 0.34692383 0.88623047
vt 0.34277344 0.8876953
vt 0.34521484 0.8774414
vt 0.34106445 0.87890625
vt 0.46655273 0.23583984
vt 0.46362305 0.26220703
vt 0.4675293 0.2619629
vt 0.46264648 0.23596191
vt 0.0011854172 0.88623047
vt 0.060943604 0.8774414
vt 0.005821228 0.8774414
vt 0.14807129 0.88623047
vt 0.14343262 0.8774414
vt 0.0011835098 0.9135742
vt 0.14807129 0.91748047
vt 0.37548828 0.14807129
vt 0.35498047 0.14807129
vt 0.359375 0.0011835098
vt 0.3779297 0.0011835098
vt 0.40356445 0.14807129
vt 0.40356445 0.0011825562
vt 0.42993164 0.060943604
vt 0.42919922 0.0011835098
vt 0.4428711 0.0011854172
vt 0.43066406 0.14343262
vt 0.4248047 0.14807129
vt 0.44482422 0.060943604
vt 0.44750977 0.005821228
vt 0.4489746 0.05630493
vt 0.4050293 0.8378906
vt 0.40039062 0.82958984
vt 0.28735352 0.83203125
vt 0.28271484 0.8408203
vt 0.4050293 0.87597656
vt 0.28271484 0.87646484
vt 0.4050293 0.9135742
vt 0.21533203 0.9091797
vt 0.21533203 0.88623047
vt 0.2199707 0.8774414
vt 0.28271484 0.9194336
vt 0.2199707 0.91796875
vt 0.40039062 0.9223633
vt 0.23596191 0.8334961
vt 0.26220703 0.8330078
vt 0.2668457 0.8413086
vt 0.23132324 0.84228516
vt 0.2668457 0.86572266
vt 0.23132324 0.86572266
vt 0.23596191 0.87402344
vt 0.26220703 0.87402344
vt 0.40478516 0.28735352
vt 0.40478516 0.40039062
vt 0.41064453 0.4050293
vt 0.41064453 0.28271484
vt 0.43408203 0.28271484
vt 0.43603516 0.4050293
vt 0.28271484 0.79785156
vt 0.4050293 0.79248047
vt 0.4050293 0.8276367
vt 0.28271484 0.8310547
vt 0.4050293 0.87597656
vt 0.28271484 0.87597656
vt 0.28271484 0.91064453
vt 0.4050293 0.9135742
vt 0.28735352 0.9194336
vt 0.40039062 0.9223633
vt 0.44433594 0.0012655258
vt 0.45629883 0.4050293
vt 0.43408203 0.4050293
vt 0.4272461 0.0012655258
vt 0.40356445 0.4050293
vt 0.40356445 0.0012655258
vt 0.38012695 0.0012655258
vt 0.37329102 0.4050293
vt 0.36279297 0.0012655258
vt 0.35107422 0.4050293
vt 0.4050293 0.87597656
vt 0.4050293 0.8310547
vt 0.0012655258 0.8408203
vt 0.0012655258 0.87597656
vt 0.0012655258 0.91064453
vt 0.4050293 0.92089844
vt 0.0012655258 0.93603516
vt 0.4050293 0.9536133
vt 0.4272461 0.0012655258
vt 0.40356445 0.4050293
vt 0.43408203 0.4050293
vt 0.40356445 0.0012655258
vt 0.38012695 0.0012655258
vt 0.37329102 0.4050293
vt 0.36279297 0.0012655258
vt 0.35107422 0.4050293
vt 0 0.8486328
vt 0.038635254 0.83691406
vt 0.038635254 0.8569336
vt 0 0.87597656
vt 0.038635254 0.8823242
vt 0 0.90283203
vt 0.038635254 0.9057617
vt 0.4050293 0.8310547
vt 0.4050293 0.87597656
vt 0.0012655258 0.8408203
vt 0.0012655258 0.87597656
vt 0.0012655258 0.91064453
vt 0.4050293 0.92089844
vt 0.37719727 0.038635254
vt 0.3852539 0
vt 0.37182617 0
vt 0.39086914 0.038635254
vt 0.40356445 0
vt 0.40795898 0.038635254
vt 0.421875 0
vt 0.42382812 0.038635254
vt 0.43530273 0
vt 0.38354492 0.038635254
vt 0.37182617 0
vt 0.3852539 0
vt 0.39941406 0.038635254
vt 0.40356445 0
vt 0.4165039 0.038635254
vt 0.421875 0
vt 0.42993164 0.038635254
vt 0.43530273 0
vt 0.038635254 0.8457031
vt 0 0.8486328
vt 0.038635254 0.8696289
vt 0 0.87597656
vt 0.038635254 0.89453125
vt 0 0.90283203
vt 0.038635254 0.91503906
vt 0.42993164 0.9057617
vt 0.39941406 0.9248047
vt 0.4165039 0.9213867
vt 0.40795898 0.82714844
vt 0.43652344 0.8823242
vt 0.43432617 0.8569336
vt 0.42382812 0.83691406
vt 0.37304688 0.89453125
vt 0.38354492 0.91503906
vt 0.37060547 0.8696289
vt 0.37719727 0.8457031
vt 0.39086914 0.8305664
vt 0.47607422 0.6176758
vt 0.5239258 0.6176758
vt 0.47607422 0.5732422
vt 0.5239258 0.5732422
vt 0.6176758 0.25854492
vt 0.6176758 0.22668457
vt 0.5732422 0.22668457
vt 0.5732422 0.25854492
vt 0.57666016 0.27783203
vt 0.6142578 0.27783203
vt 0.60253906 0.29125977
vt 0.5883789 0.29125977
vt 0.5732422 0.23718262
vt 0.6176758 0.23718262
vt 0.6176758 0.25854492
vt 0.5732422 0.25854492
vt 0.57666016 0.27783203
vt 0.6142578 0.27783203
vt 0.60253906 0.29125977
vt 0.5883789 0.29125977
vt 0.5371094 0.27783203
vt 0.5239258 0.25854492
vt 0.5239258 0.27783203
vt 0.5371094 0.25854492
vt 0.5239258 0.23718262
vt 0.5371094 0.22668457
vt 0.46289062 0.22668457
vt 0.47607422 0.23718262
vt 0.46289062 0.25854492
vt 0.47607422 0.25854492
vt 0.46289062 0.27783203
vt 0.47607422 0.27783203
vt 0.5371094 0.5883789
vt 0.5371094 0.57666016
vt 0.5239258 0.57666016
vt 0.5239258 0.5883789
vt 0.5371094 0.60253906
vt 0.5239258 0.60253906
vt 0.5371094 0.6142578
vt 0.5239258 0.6142578
vt 0.5371094 0.27783203
vt 0.5239258 0.27783203
vt 0.5239258 0.25854492
vt 0.5371094 0.25854492
vt 0.5239258 0.23718262
vt 0.5371094 0.22668457
vt 0.47607422 0.23718262
vt 0.46289062 0.22668457
vt 0.46289062 0.25854492
vt 0.47607422 0.25854492
vt 0.46289062 0.27783203
vt 0.47607422 0.27783203
vt 0.5732422 0.25854492
vt 0.5732422 0.22668457
vt 0.6176758 0.22668457
vt 0.6176758 0.25854492
vt 0.57666016 0.27783203
vt 0.6142578 0.27783203
vt 0.60253906 0.29125977
vt 0.5883789 0.29125977
vt 0.6176758 0.25854492
vt 0.6176758 0.23718262
vt 0.5732422 0.23718262
vt 0.5732422 0.25854492
vt 0.57666016 0.27783203
vt 0.6142578 0.27783203
vt 0.60253906 0.29125977
vt 0.5883789 0.29125977
vt 0.46289062 0.5883789
vt 0.47607422 0.57666016
vt 0.46289062 0.57666016
vt 0.47607422 0.5883789
vt 0.46289062 0.60253906
vt 0.47607422 0.60253906
vt 0.46289062 0.6142578
vt 0.47607422 0.6142578
vt 0.46289062 0.15722656
vt 0.46289062 0.21142578
vt 0.47998047 0.21142578
vt 0.47998047 0.15722656
vt 0.5 0.21142578
vt 0.5 0.15722656
vt 0.52001953 0.21142578
vt 0.52001953 0.15722656
vt 0.5371094 0.21142578
vt 0.5371094 0.15722656
vt 0.5371094 0.21142578
vt 0.52001953 0.21142578
vt 0.5371094 0.15722656
vt 0.52001953 0.15722656
vt 0.5 0.21142578
vt 0.5 0.15722656
vt 0.47998047 0.21142578
vt 0.47998047 0.15722656
vt 0.46289062 0.21142578
vt 0.46289062 0.15722656
vt 0.56103516 0.21142578
vt 0.56103516 0.15722656
vt 0.57666016 0.15722656
vt 0.57666016 0.21142578
vt 0.5957031 0.15722656
vt 0.5957031 0.21142578
vt 0.6142578 0.15722656
vt 0.6142578 0.21142578
vt 0.6298828 0.15722656
vt 0.6298828 0.21142578
vt 0.6298828 0.21142578
vt 0.6298828 0.15722656
vt 0.6142578 0.15722656
vt 0.6142578 0.21142578
vt 0.5957031 0.15722656
vt 0.5957031 0.21142578
vt 0.57666016 0.15722656
vt 0.57666016 0.21142578
vt 0.56103516 0.15722656
vt 0.56103516 0.21142578
vt 0.5488281 0.57666016
vt 0.5371094 0.5732422
vt 0.5527344 0.5957031
vt 0.5371094 0.6176758
vt 0.5488281 0.6142578
vt 0.45141602 0.6142578
vt 0.46289062 0.6176758
vt 0.44750977 0.5957031
vt 0.46289062 0.5732422
vt 0.45141602 0.57666016
vt 0.5371094 0.56103516
vt 0.52001953 0.55029297
vt 0.5371094 0.5732422
vt 0.5 0.546875
vt 0.46289062 0.5732422
vt 0.47998047 0.55029297
vt 0.46289062 0.56103516
vt 0.46289062 0.6298828
vt 0.47998047 0.640625
vt 0.46289062 0.6176758
vt 0.5 0.64404297
vt 0.5371094 0.6176758
vt 0.52001953 0.640625
vt 0.5371094 0.6298828
vt 0.45141602 0.6142578
vt 0.44750977 0.5957031
vt 0.45141602 0.57666016
vt 0.47998047 0.55029297
vt 0.46289062 0.56103516
vt 0.52001953 0.640625
vt 0.47998047 0.640625
vt 0.46289062 0.6298828
vt 0.5 0.64404297
vt 0.5488281 0.57666016
vt 0.52001953 0.55029297
vt 0.5 0.546875
vt 0.5371094 0.56103516
vt 0.5488281 0.6142578
vt 0.5527344 0.5957031
vt 0.5371094 0.6298828
vt 0.5 0.25708008
vt 0.515625 0.25708008
vt 0.515625 0.3671875
vt 0.5 0.3671875
vt 0.48461914 0.25708008
vt 0.48461914 0.3671875
vt 0.5957031 0.3671875
vt 0.6098633 0.3671875
vt 0.6098633 0.25708008
vt 0.5957031 0.25708008
vt 0.5810547 0.3671875
vt 0.5810547 0.25708008
vt 0.5 0.3671875
vt 0.515625 0.3671875
vt 0.515625 0.25708008
vt 0.5 0.25708008
vt 0.48461914 0.3671875
vt 0.48461914 0.25708008
vt 0.5957031 0.3671875
vt 0.5810547 0.3671875
vt 0.5810547 0.25708008
vt 0.5957031 0.25708008
vt 0.6098633 0.3671875
vt 0.6098633 0.25708008
vt 0.5 0.2932129
vt 0.51904297 0.2932129
vt 0.51904297 0.30615234
vt 0.5 0.30615234
vt 0.4807129 0.2932129
vt 0.4807129 0.30615234
vt 0.5957031 0.30615234
vt 0.61328125 0.30615234
vt 0.61328125 0.2932129
vt 0.5957031 0.2932129
vt 0.5776367 0.30615234
vt 0.5776367 0.2932129
vt 0.5 0.30615234
vt 0.51904297 0.30615234
vt 0.51904297 0.2932129
vt 0.5 0.2932129
vt 0.4807129 0.30615234
vt 0.4807129 0.2932129
vt 0.5957031 0.30615234
vt 0.5776367 0.30615234
vt 0.5776367 0.2932129
vt 0.5957031 0.2932129
vt 0.61328125 0.30615234
vt 0.61328125 0.2932129
vt 0.4807129 0.61328125
vt 0.5 0.62060547
vt 0.51904297 0.61328125
vt 0.5 0.5703125
vt 0.52734375 0.5957031
vt 0.51904297 0.5776367
vt 0.47265625 0.5957031
vt 0.4807129 0.5776367
vt 0.51904297 0.61328125
vt 0.5 0.62060547
vt 0.4807129 0.61328125
vt 0.5 0.5703125
vt 0.52734375 0.5957031
vt 0.51904297 0.5776367
vt 0.47265625 0.5957031
vt 0.4807129 0.5776367
vt 0.4711914 0.23425293
vt 0.5288086 0.23425293
vt 0.5288086 0.25708008
vt 0.4711914 0.25708008
vt 0.4711914 0.2800293
vt 0.5288086 0.2800293
vt 0.5288086 0.5957031
vt 0.5288086 0.6098633
vt 0.4711914 0.6098633
vt 0.4711914 0.5957031
vt 0.5288086 0.5810547
vt 0.4711914 0.5810547
vt 0.5288086 0.25708008
vt 0.5288086 0.23425293
vt 0.4711914 0.23425293
vt 0.4711914 0.25708008
vt 0.4711914 0.2800293
vt 0.5288086 0.2800293
vt 0.5288086 0.5957031
vt 0.5288086 0.5810547
vt 0.4711914 0.5810547
vt 0.4711914 0.5957031
vt 0.5288086 0.6098633
vt 0.4711914 0.6098633
vt 0.5371094 0.58154297
vt 0.5541992 0.58154297
vt 0.5541992 0.59033203
vt 0.5371094 0.59033203
vt 0.5541992 0.60058594
vt 0.5371094 0.60058594
vt 0.5541992 0.609375
vt 0.5371094 0.609375
vt 0.5541992 0.25854492
vt 0.5371094 0.24243164
vt 0.5541992 0.24243164
vt 0.5371094 0.25854492
vt 0.5541992 0.27490234
vt 0.5371094 0.27490234
vt 0.5541992 0.24243164
vt 0.5371094 0.24243164
vt 0.5371094 0.25854492
vt 0.5541992 0.25854492
vt 0.5371094 0.27490234
vt 0.5541992 0.27490234
vt 0.5371094 0.609375
vt 0.5541992 0.609375
vt 0.5541992 0.60058594
vt 0.5371094 0.60058594
vt 0.5371094 0.59033203
vt 0.5541992 0.59033203
vt 0.5541992 0.58154297
vt 0.5371094 0.58154297
vt 0.46289062 0.58154297
vt 0.44580078 0.59033203
vt 0.44580078 0.58154297
vt 0.46289062 0.59033203
vt 0.44580078 0.60058594
vt 0.46289062 0.60058594
vt 0.44580078 0.609375
vt 0.46289062 0.609375
vt 0.44580078 0.25854492
vt 0.44580078 0.24243164
vt 0.46289062 0.24243164
vt 0.46289062 0.25854492
vt 0.44580078 0.27490234
vt 0.46289062 0.27490234
vt 0.46289062 0.25854492
vt 0.46289062 0.24243164
vt 0.44580078 0.24243164
vt 0.44580078 0.25854492
vt 0.46289062 0.27490234
vt 0.44580078 0.27490234
vt 0.46289062 0.609375
vt 0.44580078 0.60058594
vt 0.44580078 0.609375
vt 0.46289062 0.60058594
vt 0.46289062 0.59033203
vt 0.44580078 0.59033203
vt 0.44580078 0.58154297
vt 0.46289062 0.58154297
vt 0.45458984 0.19567871
vt 0.4753418 0.19567871
vt 0.45458984 0.13098145
vt 0.4753418 0.13098145
vt 0.5 0.19567871
vt 0.5 0.13098145
vt 0.52441406 0.19567871
vt 0.52441406 0.13098145
vt 0.54541016 0.19567871
vt 0.54541016 0.13098145
vt 0.5727539 0.19567871
vt 0.55322266 0.19567871
vt 0.5727539 0.13098145
vt 0.55322266 0.13098145
vt 0.55322266 0.19567871
vt 0.5727539 0.19567871
vt 0.55322266 0.13098145
vt 0.5727539 0.13098145
vt 0.5415039 0.5571289
vt 0.5541992 0.57470703
vt 0.5595703 0.5727539
vt 0.54541016 0.55322266
vt 0.52441406 0.54052734
vt 0.52246094 0.5449219
vt 0.5 0.5410156
vt 0.5 0.53564453
vt 0.4753418 0.54052734
vt 0.47753906 0.5449219
vt 0.45458984 0.55322266
vt 0.4584961 0.5571289
vt 0.44555664 0.57470703
vt 0.44067383 0.5727539
vt 0.5595703 0.19567871
vt 0.5541992 0.19567871
vt 0.5541992 0.13098145
vt 0.5595703 0.13098145
vt 0.44555664 0.19567871
vt 0.44067383 0.19567871
vt 0.44067383 0.13098145
vt 0.44555664 0.13098145
vt 0.5595703 0.5727539
vt 0.5541992 0.57470703
vt 0.5415039 0.5571289
vt 0.54541016 0.55322266
vt 0.52441406 0.54052734
vt 0.52246094 0.5449219
vt 0.5 0.5410156
vt 0.5 0.53564453
vt 0.4753418 0.54052734
vt 0.47753906 0.5449219
vt 0.45458984 0.55322266
vt 0.4584961 0.5571289
vt 0.44555664 0.57470703
vt 0.44067383 0.5727539
vt 0.5415039 0.19567871
vt 0.52246094 0.19567871
vt 0.5415039 0.13098145
vt 0.52246094 0.13098145
vt 0.5 0.19567871
vt 0.5 0.13098145
vt 0.47753906 0.19567871
vt 0.47753906 0.13098145
vt 0.4584961 0.19567871
vt 0.4584961 0.13098145
vt 0.57470703 0.19567871
vt 0.5571289 0.19567871
vt 0.57470703 0.13098145
vt 0.5571289 0.13098145
vt 0.5571289 0.19567871
vt 0.57470703 0.19567871
vt 0.5571289 0.13098145
vt 0.57470703 0.13098145
vt 0.56347656 0.15722656
vt 0.57177734 0.14086914
vt 0.6274414 0.15722656
vt 0.6191406 0.14086914
vt 0.46557617 0.15722656
vt 0.47436523 0.14086914
vt 0.5341797 0.15722656
vt 0.5258789 0.14086914
vt 0.6274414 0.15722656
vt 0.6191406 0.14086914
vt 0.56347656 0.15722656
vt 0.57177734 0.14086914
vt 0.5341797 0.15722656
vt 0.5258789 0.14086914
vt 0.46557617 0.15722656
vt 0.47436523 0.14086914
vt 0.5258789 0.10784912
vt 0.5258789 0.14086914
vt 0.47436523 0.14086914
vt 0.47436523 0.10784912
vt 0.5258789 0.57177734
vt 0.47436523 0.6191406
vt 0.47436523 0.57177734
vt 0.5258789 0.6191406
vt 0.6191406 0.10784912
vt 0.6191406 0.14086914
vt 0.57177734 0.14086914
vt 0.57177734 0.10784912
vt 0.57177734 0.10784912
vt 0.57177734 0.14086914
vt 0.6191406 0.14086914
vt 0.6191406 0.10784912
vt 0.47436523 0.10784912
vt 0.47436523 0.14086914
vt 0.5258789 0.14086914
vt 0.5258789 0.10784912
vt 0.640625 0.33203125
vt 0.6591797 0.36328125
vt 0.53515625 0.36328125
vt 0.5151367 0.33203125
vt 0.4489746 0.36328125
vt 0.4489746 0.33203125
vt 0.44702148 0.33203125
vt 0.44702148 0.36328125
vt 0.4489746 0.36645508
vt 0.53515625 0.36645508
vt 0.54296875 0.36328125
vt 0.54296875 0.33203125
vt 0.4572754 0.33203125
vt 0.4572754 0.36328125
vt 0.54296875 0.36645508
vt 0.4572754 0.36645508
vt 0.4572754 0.53515625
vt 0.54296875 0.53515625
vt 0.4572754 0.4489746
vt 0.54296875 0.4489746
vt 0.4489746 0.33203125
vt 0.44702148 0.33203125
vt 0.44702148 0.36328125
vt 0.4489746 0.36328125
vt 0.4489746 0.36645508
vt 0.53515625 0.36645508
vt 0.5151367 0.33203125
vt 0.53515625 0.36328125
vt 0.640625 0.33203125
vt 0.6591797 0.36328125
vt 0.45507812 0.36328125
vt 0.5449219 0.33203125
vt 0.5449219 0.36328125
vt 0.45507812 0.33203125
vt 0.4572754 0.44702148
vt 0.54296875 0.44702148
vt 0.5449219 0.4489746
vt 0.45507812 0.4489746
vt 0.5449219 0.5151367
vt 0.45507812 0.5151367
vt 0.5449219 0.640625
vt 0.45507812 0.640625
vt 0.45483398 0.33203125
vt 0.5571289 0.33203125
vt 0.5415039 0.30810547
vt 0.45483398 0.30810547
vt 0.45263672 0.33203125
vt 0.45263672 0.30810547
vt 0.54296875 0.33203125
vt 0.4572754 0.30810547
vt 0.4572754 0.33203125
vt 0.54296875 0.30810547
vt 0.45483398 0.33203125
vt 0.5415039 0.30810547
vt 0.5571289 0.33203125
vt 0.45483398 0.30810547
vt 0.45263672 0.30810547
vt 0.45263672 0.33203125
vt 0.4572754 0.45263672
vt 0.54296875 0.45263672
vt 0.5449219 0.45483398
vt 0.45507812 0.45483398
vt 0.5449219 0.5415039
vt 0.45507812 0.5415039
vt 0.45507812 0.5415039
vt 0.5449219 0.5415039
vt 0.5449219 0.5571289
vt 0.45507812 0.5571289
vt 0.46362305 0.3557129
vt 0.46704102 0.3557129
vt 0.46704102 0.4309082
vt 0.46362305 0.4309082
vt 0.46020508 0.3557129
vt 0.46020508 0.4309082
vt 0.3557129 0.32617188
vt 0.3557129 0.32104492
vt 0.4309082 0.32104492
vt 0.4309082 0.32617188
vt 0.3557129 0.32104492
vt 0.4309082 0.32104492
vt 0.46362305 0.31567383
vt 0.46704102 0.32104492
vt 0.46362305 0.32617188
vt 0.46020508 0.32104492
vt 0.41308594 0.32543945
vt 0.44726562 0.32543945
vt 0.44726562 0.32104492
vt 0.41308594 0.32104492
vt 0.41308594 0.3166504
vt 0.44726562 0.3166504
vt 0.4777832 0.41308594
vt 0.48120117 0.41308594
vt 0.48120117 0.44726562
vt 0.4777832 0.44726562
vt 0.41308594 0.3166504
vt 0.44726562 0.3166504
vt 0.44726562 0.32104492
vt 0.41308594 0.32104492
vt 0.41308594 0.32543945
vt 0.44726562 0.32543945
vt 0.47631836 0.44702148
vt 0.48291016 0.44702148
vt 0.48291016 0.45581055
vt 0.47631836 0.45581055
vt 0.48120117 0.41308594
vt 0.4777832 0.44726562
vt 0.48120117 0.44726562
vt 0.4777832 0.41308594
vt 0.45581055 0.32104492
vt 0.45581055 0.31274414
vt 0.44702148 0.31274414
vt 0.44702148 0.32104492
vt 0.44702148 0.3293457
vt 0.45581055 0.3293457
vt 0.48291016 0.45581055
vt 0.48291016 0.44702148
vt 0.47631836 0.45581055
vt 0.47631836 0.44702148
vt 0.44702148 0.32104492
vt 0.44702148 0.31274414
vt 0.45581055 0.31274414
vt 0.45581055 0.32104492
vt 0.44702148 0.3293457
vt 0.45581055 0.3293457
vt 0.47631836 0.3293457
vt 0.48291016 0.3293457
vt 0.48608398 0.32104492
vt 0.47631836 0.31274414
vt 0.48291016 0.31274414
vt 0.47314453 0.32104492
vt 0.5449219 0.44848633
vt 0.5449219 0.43798828
vt 0.5361328 0.44848633
vt 0.5361328 0.43798828
vt 0.52734375 0.44848633
vt 0.52734375 0.43798828
vt 0.43798828 0.5136719
vt 0.44848633 0.5136719
vt 0.43798828 0.50097656
vt 0.44848633 0.50097656
vt 0.43798828 0.48779297
vt 0.44848633 0.48779297
vt 0.5361328 0.43798828
vt 0.5449219 0.43798828
vt 0.5449219 0.44848633
vt 0.5361328 0.44848633
vt 0.52734375 0.43798828
vt 0.52734375 0.44848633
vt 0.43798828 0.50097656
vt 0.43798828 0.48779297
vt 0.44848633 0.48779297
vt 0.44848633 0.50097656
vt 0.43798828 0.5136719
vt 0.44848633 0.5136719
vt 0.5361328 0.43798828
vt 0.5449219 0.43798828
vt 0.54296875 0.4411621
vt 0.5361328 0.4411621
vt 0.5292969 0.4411621
vt 0.52734375 0.43798828
vt 0.43798828 0.50097656
vt 0.4411621 0.5107422
vt 0.43798828 0.5136719
vt 0.4411621 0.50097656
vt 0.4411621 0.49047852
vt 0.43798828 0.48779297
vt 0.54296875 0.4411621
vt 0.5449219 0.43798828
vt 0.5361328 0.43798828
vt 0.5361328 0.4411621
vt 0.5292969 0.4411621
vt 0.52734375 0.43798828
vt 0.43798828 0.50097656
vt 0.4411621 0.49047852
vt 0.43798828 0.48779297
vt 0.4411621 0.50097656
vt 0.4411621 0.5107422
vt 0.43798828 0.5136719
vt 0.54248047 0.46044922
vt 0.5361328 0.4921875
vt 0.54248047 0.4921875
vt 0.5361328 0.46044922
vt 0.52978516 0.4921875
vt 0.52978516 0.46044922
vt 0.4921875 0.5102539
vt 0.46044922 0.50097656
vt 0.46044922 0.5102539
vt 0.4921875 0.50097656
vt 0.46044922 0.49121094
vt 0.4921875 0.49121094
vt 0.5361328 0.46044922
vt 0.54248047 0.46044922
vt 0.54248047 0.4921875
vt 0.5361328 0.4921875
vt 0.52978516 0.46044922
vt 0.52978516 0.4921875
vt 0.46044922 0.50097656
vt 0.46044922 0.49121094
vt 0.4921875 0.49121094
vt 0.4921875 0.50097656
vt 0.46044922 0.5102539
vt 0.4921875 0.5102539
vt 0.5449219 0.4345703
vt 0.5361328 0.44848633
vt 0.5449219 0.44848633
vt 0.5361328 0.4345703
vt 0.52734375 0.44848633
vt 0.52734375 0.4345703
vt 0.44848633 0.5683594
vt 0.4345703 0.5551758
vt 0.4345703 0.5683594
vt 0.44848633 0.5551758
vt 0.4345703 0.54248047
vt 0.44848633 0.54248047
vt 0.5361328 0.4345703
vt 0.5449219 0.4345703
vt 0.5449219 0.44848633
vt 0.5361328 0.44848633
vt 0.52734375 0.4345703
vt 0.52734375 0.44848633
vt 0.4345703 0.5551758
vt 0.4345703 0.54248047
vt 0.44848633 0.54248047
vt 0.44848633 0.5551758
vt 0.4345703 0.5683594
vt 0.44848633 0.5683594
vt 0.43969727 0.52783203
vt 0.44848633 0.52783203
vt 0.44848633 0.5234375
vt 0.43969727 0.5234375
vt 0.43969727 0.51904297
vt 0.44848633 0.51904297
vt 0.5136719 0.43969727
vt 0.51708984 0.43969727
vt 0.51708984 0.44848633
vt 0.5136719 0.44848633
vt 0.43969727 0.5234375
vt 0.43969727 0.51904297
vt 0.44848633 0.51904297
vt 0.44848633 0.5234375
vt 0.43969727 0.52783203
vt 0.44848633 0.52783203
vt 0.51708984 0.43969727
vt 0.5136719 0.44848633
vt 0.51708984 0.44848633
vt 0.5136719 0.43969727
vt 0.5136719 0.51904297
vt 0.51904297 0.5234375
vt 0.51708984 0.51904297
vt 0.5136719 0.52783203
vt 0.51220703 0.5234375
vt 0.51708984 0.52783203
vt 0.72558594 0.36108398
vt 0.72509766 0.41357422
vt 0.7182617 0.4091797
vt 0.71875 0.35888672
vt 0.7270508 0.4104004
vt 0.72753906 0.3569336
vt 0.7133789 0.30981445
vt 0.7216797 0.30517578
vt 0.7060547 0.27514648
vt 0.7128906 0.26611328
vt 0.7050781 0.25585938
vt 0.7001953 0.2668457
vt 0.69628906 0.26245117
vt 0.70703125 0.26831055
vt 0.70166016 0.2734375
vt 0.6899414 0.2878418
vt 0.6977539 0.29296875
vt 0.6948242 0.2722168
vt 0.68359375 0.32983398
vt 0.6904297 0.29248047
vt 0.69189453 0.33374023
vt 0.67822266 0.37646484
vt 0.6845703 0.33325195
vt 0.68603516 0.38134766
vt 0.6791992 0.37939453
vt 0.5864258 0.36108398
vt 0.60498047 0.4104004
vt 0.5957031 0.41357422
vt 0.59521484 0.3569336
vt 0.57470703 0.3112793
vt 0.5830078 0.30517578
vt 0.58154297 0.30981445
vt 0.5932617 0.35888672
vt 0.5708008 0.27514648
vt 0.56396484 0.2763672
vt 0.5703125 0.26611328
vt 0.5571289 0.26831055
vt 0.5605469 0.25585938
vt 0.5571289 0.2722168
vt 0.56396484 0.2668457
vt 0.5498047 0.26245117
vt 0.54296875 0.2878418
vt 0.5522461 0.29248047
vt 0.5361328 0.32983398
vt 0.54541016 0.33325195
vt 0.52978516 0.37646484
vt 0.5395508 0.37939453
vt 0.56396484 0.7001953
vt 0.5571289 0.6948242
vt 0.55078125 0.70166016
vt 0.5571289 0.70703125
vt 0.56396484 0.71240234
vt 0.5708008 0.7060547
vt 0.6870117 0.3305664
vt 0.6801758 0.37670898
vt 0.67285156 0.37036133
vt 0.67871094 0.32958984
vt 0.68652344 0.33154297
vt 0.6791992 0.37719727
vt 0.68652344 0.29882812
vt 0.6796875 0.2998047
vt 0.6875 0.29711914
vt 0.6777344 0.26904297
vt 0.67871094 0.2668457
vt 0.6713867 0.27319336
vt 0.6640625 0.24487305
vt 0.66503906 0.24255371
vt 0.6591797 0.25268555
vt 0.640625 0.21911621
vt 0.6411133 0.21655273
vt 0.63720703 0.22875977
vt 0.62353516 0.2055664
vt 0.6201172 0.21569824
vt 0.62353516 0.20288086
vt 0.50439453 0.3305664
vt 0.51171875 0.37719727
vt 0.5024414 0.37670898
vt 0.5136719 0.33154297
vt 0.515625 0.29882812
vt 0.5058594 0.29711914
vt 0.51708984 0.26904297
vt 0.5078125 0.2668457
vt 0.51904297 0.24487305
vt 0.50927734 0.24255371
vt 0.51904297 0.6640625
vt 0.50927734 0.66503906
vt 0.51171875 0.6411133
vt 0.5209961 0.640625
vt 0.5126953 0.62353516
vt 0.52197266 0.62353516
vt 0.6821289 0.3466797
vt 0.68310547 0.3959961
vt 0.67578125 0.39257812
vt 0.6748047 0.34716797
vt 0.6845703 0.3942871
vt 0.67333984 0.2998047
vt 0.68310547 0.34423828
vt 0.6669922 0.30273438
vt 0.6582031 0.2565918
vt 0.6748047 0.29663086
vt 0.65234375 0.26220703
vt 0.6376953 0.22314453
vt 0.6591797 0.25341797
vt 0.6333008 0.23168945
vt 0.6196289 0.20825195
vt 0.6386719 0.22021484
vt 0.6171875 0.21813965
vt 0.62109375 0.20544434
vt 0.49121094 0.3466797
vt 0.5053711 0.3942871
vt 0.49560547 0.3959961
vt 0.5004883 0.34423828
vt 0.48706055 0.2998047
vt 0.4963379 0.29663086
vt 0.48291016 0.2565918
vt 0.4921875 0.25341797
vt 0.4814453 0.22314453
vt 0.49072266 0.22021484
vt 0.4921875 0.62109375
vt 0.49072266 0.6386719
vt 0.4814453 0.6376953
vt 0.48291016 0.6196289
vt 0.4416504 0.44360352
vt 0.44848633 0.43017578
vt 0.4416504 0.43017578
vt 0.44848633 0.44360352
vt 0.4416504 0.45947266
vt 0.44848633 0.45947266
vt 0.4416504 0.4753418
vt 0.44848633 0.4753418
vt 0.4416504 0.48876953
vt 0.44848633 0.48876953
vt 0.5888672 0.44848633
vt 0.5888672 0.4416504
vt 0.59814453 0.4416504
vt 0.59814453 0.44848633
vt 0.6088867 0.4416504
vt 0.6088867 0.44848633
vt 0.6191406 0.4416504
vt 0.6191406 0.44848633
vt 0.62841797 0.4416504
vt 0.62841797 0.44848633
vt 0.44848633 0.48876953
vt 0.4416504 0.48876953
vt 0.4416504 0.4753418
vt 0.44848633 0.4753418
vt 0.4416504 0.45947266
vt 0.44848633 0.45947266
vt 0.4416504 0.44360352
vt 0.44848633 0.44360352
vt 0.4416504 0.43017578
vt 0.44848633 0.43017578
vt 0.62841797 0.44848633
vt 0.62841797 0.4416504
vt 0.6191406 0.4416504
vt 0.6191406 0.44848633
vt 0.6088867 0.4416504
vt 0.6088867 0.44848633
vt 0.59814453 0.4416504
vt 0.59814453 0.44848633
vt 0.5888672 0.4416504
vt 0.5888672 0.44848633
vt 0.42797852 0.43481445
vt 0.43286133 0.43481445
vt 0.43286133 0.44604492
vt 0.42797852 0.44604492
vt 0.43286133 0.45947266
vt 0.42797852 0.45947266
vt 0.43286133 0.47265625
vt 0.42797852 0.47265625
vt 0.43286133 0.48413086
vt 0.42797852 0.48413086
vt 0.5996094 0.43286133
vt 0.59228516 0.42797852
vt 0.59228516 0.43286133
vt 0.5996094 0.42797852
vt 0.6088867 0.43286133
vt 0.6088867 0.42797852
vt 0.6176758 0.43286133
vt 0.6176758 0.42797852
vt 0.6254883 0.43286133
vt 0.6254883 0.42797852
vt 0.43286133 0.48413086
vt 0.43286133 0.47265625
vt 0.42797852 0.48413086
vt 0.42797852 0.47265625
vt 0.43286133 0.45947266
vt 0.42797852 0.45947266
vt 0.43286133 0.44604492
vt 0.42797852 0.44604492
vt 0.43286133 0.43481445
vt 0.42797852 0.43481445
vt 0.6254883 0.42797852
vt 0.6254883 0.43286133
vt 0.6176758 0.43286133
vt 0.6176758 0.42797852
vt 0.6088867 0.43286133
vt 0.6088867 0.42797852
vt 0.5996094 0.43286133
vt 0.5996094 0.42797852
vt 0.59228516 0.43286133
vt 0.59228516 0.42797852
vt 0.42260742 0.44262695
vt 0.42797852 0.43164062
vt 0.42260742 0.4284668
vt 0.42797852 0.44433594
vt 0.42260742 0.45947266
vt 0.42797852 0.45947266
vt 0.42797852 0.47460938
vt 0.42260742 0.47631836
vt 0.42797852 0.4873047
vt 0.42260742 0.49047852
vt 0.5878906 0.42260742
vt 0.59716797 0.42260742
vt 0.58984375 0.42797852
vt 0.5986328 0.42797852
vt 0.6088867 0.42260742
vt 0.6088867 0.42797852
vt 0.61865234 0.42797852
vt 0.6201172 0.42260742
vt 0.6274414 0.42797852
vt 0.62939453 0.42260742
vt 0.42797852 0.4873047
vt 0.42260742 0.49047852
vt 0.42260742 0.47631836
vt 0.42797852 0.47460938
vt 0.42260742 0.45947266
vt 0.42797852 0.45947266
vt 0.42797852 0.44433594
vt 0.42260742 0.44262695
vt 0.42797852 0.43164062
vt 0.42260742 0.4284668
vt 0.6201172 0.42260742
vt 0.6274414 0.42797852
vt 0.62939453 0.42260742
vt 0.61865234 0.42797852
vt 0.6088867 0.42260742
vt 0.6088867 0.42797852
vt 0.5986328 0.42797852
vt 0.59716797 0.42260742
vt 0.58984375 0.42797852
vt 0.5878906 0.42260742
vt 0.63427734 0.421875
vt 0.6357422 0.41796875
vt 0.62402344 0.40649414
vt 0.6225586 0.41015625
vt 0.62939453 0.4284668
vt 0.64208984 0.43896484
vt 0.6201172 0.4189453
vt 0.6088867 0.41552734
vt 0.6357422 0.44262695
vt 0.6088867 0.40625
vt 0.64453125 0.45947266
vt 0.6381836 0.45947266
vt 0.64501953 0.43823242
vt 0.64746094 0.4584961
vt 0.6357422 0.47631836
vt 0.64208984 0.47973633
vt 0.63427734 0.4970703
vt 0.62939453 0.49047852
vt 0.64453125 0.48242188
vt 0.63671875 0.49951172
vt 0.6201172 0.5
vt 0.6225586 0.50878906
vt 0.6088867 0.5126953
vt 0.6230469 0.5131836
vt 0.609375 0.51708984
vt 0.6088867 0.50341797
vt 0.59472656 0.50878906
vt 0.59716797 0.5
vt 0.5830078 0.4970703
vt 0.5878906 0.49047852
vt 0.58154297 0.47631836
vt 0.58154297 0.50097656
vt 0.5932617 0.51220703
vt 0.5751953 0.47973633
vt 0.5727539 0.45947266
vt 0.57910156 0.45947266
vt 0.5722656 0.4807129
vt 0.5698242 0.46020508
vt 0.58154297 0.44262695
vt 0.5751953 0.43896484
vt 0.5878906 0.4284668
vt 0.5830078 0.421875
vt 0.5805664 0.41918945
vt 0.5727539 0.43652344
vt 0.59472656 0.41015625
vt 0.59716797 0.4189453
vt 0.5942383 0.40576172
vt 0.60791016 0.40185547
vt 0.62402344 0.40649414
vt 0.6357422 0.41796875
vt 0.63427734 0.421875
vt 0.6225586 0.41015625
vt 0.6191406 0.42114258
vt 0.62841797 0.43017578
vt 0.6088867 0.41796875
vt 0.64208984 0.43896484
vt 0.63427734 0.44360352
vt 0.6088867 0.40625
vt 0.64453125 0.45947266
vt 0.63671875 0.45947266
vt 0.64501953 0.43823242
vt 0.64746094 0.4584961
vt 0.63427734 0.4753418
vt 0.64208984 0.47973633
vt 0.63427734 0.4970703
vt 0.62841797 0.48876953
vt 0.64453125 0.48242188
vt 0.63671875 0.49951172
vt 0.6191406 0.49780273
vt 0.6225586 0.50878906
vt 0.6088867 0.5126953
vt 0.6088867 0.50097656
vt 0.6230469 0.5131836
vt 0.609375 0.51708984
vt 0.59814453 0.49780273
vt 0.59472656 0.50878906
vt 0.5830078 0.4970703
vt 0.5888672 0.48876953
vt 0.5830078 0.4753418
vt 0.58154297 0.50097656
vt 0.5932617 0.51220703
vt 0.5751953 0.47973633
vt 0.5727539 0.45947266
vt 0.5805664 0.45947266
vt 0.5722656 0.4807129
vt 0.5698242 0.46020508
vt 0.5830078 0.44360352
vt 0.5751953 0.43896484
vt 0.5888672 0.43017578
vt 0.5830078 0.421875
vt 0.5805664 0.41918945
vt 0.5727539 0.43652344
vt 0.59472656 0.41015625
vt 0.59814453 0.42114258
vt 0.5942383 0.40576172
vt 0.60791016 0.40185547
vt 0.64501953 0.43579102
vt 0.64208984 0.42260742
vt 0.64501953 0.42260742
vt 0.64208984 0.4375
vt 0.4375 0.43896484
vt 0.42260742 0.421875
vt 0.42260742 0.43896484
vt 0.4375 0.421875
vt 0.43579102 0.50097656
vt 0.42260742 0.50097656
vt 0.42260742 0.4970703
vt 0.4375 0.4970703
vt 0.63671875 0.43579102
vt 0.63671875 0.42260742
vt 0.63427734 0.42260742
vt 0.63427734 0.4375
vt 0.43579102 0.4584961
vt 0.42260742 0.43823242
vt 0.42260742 0.4584961
vt 0.43579102 0.43823242
vt 0.4375 0.4970703
vt 0.42260742 0.4970703
vt 0.4375 0.47973633
vt 0.42260742 0.47973633
vt 0.43579102 0.51220703
vt 0.42260742 0.50878906
vt 0.42260742 0.51220703
vt 0.4375 0.50878906
vt 0.43579102 0.4807129
vt 0.42260742 0.4807129
vt 0.43579102 0.46020508
vt 0.42260742 0.46020508
vt 0.42260742 0.41015625
vt 0.43579102 0.40576172
vt 0.4375 0.41015625
vt 0.42260742 0.40576172
vt 0.43579102 0.41918945
vt 0.43579102 0.43652344
vt 0.42260742 0.43652344
vt 0.42260742 0.41918945
vt 0.5722656 0.43579102
vt 0.5751953 0.4375
vt 0.5751953 0.42260742
vt 0.5722656 0.42260742
vt 0.43579102 0.49951172
vt 0.42260742 0.48242188
vt 0.42260742 0.49951172
vt 0.43579102 0.48242188
vt 0.5727539 0.43579102
vt 0.5751953 0.4375
vt 0.5751953 0.42260742
vt 0.5727539 0.42260742
vt 0.60791016 0.42260742
vt 0.60791016 0.43579102
vt 0.5942383 0.42260742
vt 0.5942383 0.43579102
vt 0.6225586 0.42260742
vt 0.6225586 0.4375
vt 0.6088867 0.42260742
vt 0.6088867 0.4375
vt 0.43579102 0.51708984
vt 0.42260742 0.51708984
vt 0.42260742 0.5126953
vt 0.4375 0.5126953
vt 0.609375 0.43579102
vt 0.6230469 0.43579102
vt 0.6230469 0.42260742
vt 0.609375 0.42260742
vt 0.5727539 0.42260742
vt 0.5727539 0.4375
vt 0.5698242 0.43579102
vt 0.5698242 0.42260742
vt 0.59472656 0.42260742
vt 0.59472656 0.4375
vt 0.5830078 0.42260742
vt 0.5830078 0.4375
vt 0.6357422 0.42260742
vt 0.6357422 0.43579102
vt 0.62402344 0.42260742
vt 0.62402344 0.43579102
vt 0.4375 0.45947266
vt 0.42260742 0.45947266
vt 0.4375 0.43896484
vt 0.42260742 0.43896484
vt 0.43579102 0.5131836
vt 0.42260742 0.50878906
vt 0.42260742 0.5131836
vt 0.4375 0.50878906
vt 0.58154297 0.43579102
vt 0.5932617 0.43579102
vt 0.5932617 0.42260742
vt 0.58154297 0.42260742
vt 0.64746094 0.43579102
vt 0.64746094 0.42260742
vt 0.64453125 0.42260742
vt 0.64453125 0.4375
vt 0.42260742 0.40625
vt 0.4375 0.40625
vt 0.43579102 0.40185547
vt 0.42260742 0.40185547
vt 0.4375 0.47973633
vt 0.42260742 0.45947266
vt 0.42260742 0.47973633
vt 0.4375 0.45947266
vt 0.5830078 0.42260742
vt 0.5830078 0.4375
vt 0.5805664 0.43579102
vt 0.5805664 0.42260742
vt 0.6225586 0.4375
vt 0.63427734 0.4375
vt 0.63427734 0.42260742
vt 0.6225586 0.42260742
vt 0.42260742 0.41015625
vt 0.43579102 0.40649414
vt 0.4375 0.41015625
vt 0.42260742 0.40649414
vt 0.59472656 0.4375
vt 0.6088867 0.4375
vt 0.6088867 0.42260742
vt 0.59472656 0.42260742
vt 0.64453125 0.43579102
vt 0.64208984 0.42260742
vt 0.64453125 0.42260742
vt 0.64208984 0.4375
vt 0.42260742 0.421875
vt 0.4375 0.421875
vt 0.43579102 0.41796875
vt 0.42260742 0.41796875
vt 0.54589844 0.17382812
vt 0.54589844 0.15283203
vt 0.52490234 0.15283203
vt 0.52490234 0.17382812
vt 0.5 0.15283203
vt 0.5 0.17382812
vt 0.47509766 0.15283203
vt 0.47509766 0.17382812
vt 0.45410156 0.15283203
vt 0.45410156 0.17382812
vt 0.46264648 0.19335938
vt 0.46264648 0.17529297
vt 0.47973633 0.17529297
vt 0.47973633 0.19335938
vt 0.5 0.17529297
vt 0.5 0.19335938
vt 0.52001953 0.17529297
vt 0.52001953 0.19335938
vt 0.53759766 0.17529297
vt 0.53759766 0.19335938
vt 0.53759766 0.19335938
vt 0.53759766 0.17529297
vt 0.52001953 0.17529297
vt 0.52001953 0.19335938
vt 0.5 0.19335938
vt 0.5 0.17529297
vt 0.47973633 0.17529297
vt 0.47973633 0.19335938
vt 0.46264648 0.17529297
vt 0.46264648 0.19335938
vt 0.6303711 0.19335938
vt 0.6142578 0.19335938
vt 0.6303711 0.17529297
vt 0.6142578 0.17529297
vt 0.5957031 0.19335938
vt 0.5957031 0.17529297
vt 0.57666016 0.17529297
vt 0.57666016 0.19335938
vt 0.56103516 0.19335938
vt 0.56103516 0.17529297
vt 0.56103516 0.19335938
vt 0.57666016 0.19335938
vt 0.56103516 0.17529297
vt 0.57666016 0.17529297
vt 0.5957031 0.19335938
vt 0.5957031 0.17529297
vt 0.6142578 0.17529297
vt 0.6142578 0.19335938
vt 0.6303711 0.19335938
vt 0.6303711 0.17529297
vt 0.34765625 0.13952637
vt 0.3383789 0.08453369
vt 0.2932129 0.05505371
vt 0.28759766 0.056365967
vt 0.5629883 0.08453369
vt 0.5732422 0.13952637
vt 0.56152344 0.13952637
vt 0.57470703 0.08453369
vt 0.5810547 0.2932129
vt 0.57470703 0.3383789
vt 0.5629883 0.33642578
vt 0.57421875 0.29223633
vt 0.5751953 0.28637695
vt 0.58203125 0.28759766
vt 0.35205078 0.11981201
vt 0.34692383 0.13476562
vt 0.34838867 0.14050293
vt 0.36914062 0.103149414
vt 0.34838867 0.101379395
vt 0.35546875 0.08154297
vt 0.3642578 0.081848145
vt 0.37548828 0.06173706
vt 0.36743164 0.073913574
vt 0.37182617 0.08843994
vt 0.38964844 0.06713867
vt 0.39086914 0.08178711
vt 0.36010742 0.124938965
vt 0.35913086 0.11920166
vt 0.32592773 0.06463623
vt 0.3269043 0.0770874
vt 0.34472656 0.06768799
vt 0.3479004 0.04449463
vt 0.3642578 0.05718994
vt 0.3630371 0.072753906
vt 0.3527832 0.08203125
vt 0.38842773 0.08062744
vt 0.35473633 0.06390381
vt 0.35351562 0.08074951
vt 0.3930664 0.06964111
vt 0.578125 0.3642578
vt 0.5756836 0.36401367
vt 0.57714844 0.34765625
vt 0.5800781 0.3479004
vt 0.58203125 0.32592773
vt 0.57910156 0.3256836
vt 0.5756836 0.07269287
vt 0.5756836 0.057128906
vt 0.578125 0.05718994
vt 0.578125 0.072753906
vt 0.57910156 0.3527832
vt 0.57666016 0.35253906
vt 0.5756836 0.36279297
vt 0.578125 0.3630371
vt 0.57714844 0.06762695
vt 0.57666016 0.081970215
vt 0.57910156 0.08203125
vt 0.5800781 0.06768799
vt 0.58154297 0.3269043
vt 0.57910156 0.32666016
vt 0.57714844 0.34448242
vt 0.5800781 0.34472656
vt 0.58154297 0.0770874
vt 0.58203125 0.06463623
vt 0.57910156 0.064575195
vt 0.57910156 0.07702637
vt 0.34448242 0.06762695
vt 0.32666016 0.07702637
vt 0.3256836 0.064575195
vt 0.34765625 0.044433594
vt 0.36401367 0.057128906
vt 0.36279297 0.07269287
vt 0.35253906 0.081970215
vt 0.56591797 0.06719971
vt 0.56884766 0.08178711
vt 0.56591797 0.081848145
vt 0.56884766 0.06713867
vt 0.5751953 0.359375
vt 0.56591797 0.39013672
vt 0.56884766 0.39086914
vt 0.578125 0.36010742
vt 0.5751953 0.119262695
vt 0.5751953 0.125
vt 0.578125 0.124938965
vt 0.578125 0.11920166
vt 0.57421875 0.08843994
vt 0.57128906 0.08850098
vt 0.5727539 0.07397461
vt 0.57128906 0.08850098
vt 0.57421875 0.08843994
vt 0.5751953 0.073913574
vt 0.5727539 0.36694336
vt 0.5751953 0.36743164
vt 0.5727539 0.37548828
vt 0.5703125 0.37475586
vt 0.56591797 0.38891602
vt 0.56884766 0.38964844
vt 0.37109375 0.08850098
vt 0.36694336 0.07397461
vt 0.37475586 0.061798096
vt 0.38891602 0.06719971
vt 0.39013672 0.081848145
vt 0.359375 0.125
vt 0.35864258 0.119262695
vt 0.55810547 0.07965088
vt 0.55810547 0.06463623
vt 0.5732422 0.07965088
vt 0.5732422 0.06463623
vt 0.55810547 0.3540039
vt 0.5732422 0.3564453
vt 0.57470703 0.34838867
vt 0.5595703 0.34594727
vt 0.5756836 0.34399414
vt 0.57666016 0.33666992
vt 0.5620117 0.33422852
vt 0.5605469 0.34155273
vt 0.29760742 0.038360596
vt 0.29370117 0.049438477
vt 0.3317871 0.0692749
vt 0.3359375 0.055389404
vt 0.34399414 0.076538086
vt 0.33666992 0.08105469
vt 0.3564453 0.06463623
vt 0.3564453 0.07965088
vt 0.34838867 0.087524414
vt 0.5600586 0.3527832
vt 0.57177734 0.35473633
vt 0.5644531 0.3930664
vt 0.5527344 0.39111328
vt 0.5625 0.13476562
vt 0.5722656 0.13476562
vt 0.5727539 0.11981201
vt 0.5605469 0.11981201
vt 0.55908203 0.101379395
vt 0.5756836 0.101379395
vt 0.5722656 0.08154297
vt 0.55908203 0.08154297
vt 0.55908203 0.35351562
vt 0.5722656 0.35546875
vt 0.5708008 0.3642578
vt 0.5576172 0.36206055
vt 0.34570312 0.13952637
vt 0.28637695 0.056365967
vt 0.29223633 0.05505371
vt 0.33642578 0.08453369
vt 0.34692383 0.14050293
vt 0.34521484 0.13476562
vt 0.35009766 0.11981201
vt 0.36645508 0.103149414
vt 0.34570312 0.101379395
vt 0.35351562 0.08154297
vt 0.36206055 0.081848145
vt 0.36816406 0.08843994
vt 0.36376953 0.073913574
vt 0.3720703 0.06173706
vt 0.3864746 0.06713867
vt 0.3876953 0.08178711
vt 0.3557129 0.124938965
vt 0.35498047 0.11920166
vt 0.3408203 0.06768799
vt 0.32348633 0.0770874
vt 0.32250977 0.06463623
vt 0.34375 0.04449463
vt 0.35961914 0.05718994
vt 0.35839844 0.072753906
vt 0.3486328 0.08203125
vt 0.3864746 0.08062744
vt 0.3515625 0.08074951
vt 0.3527832 0.06390381
vt 0.39111328 0.06964111
vt 0.5576172 0.34448242
vt 0.55322266 0.36035156
vt 0.55029297 0.35961914
vt 0.5546875 0.34375
vt 0.56103516 0.32250977
vt 0.56396484 0.3232422
vt 0.55322266 0.057128906
vt 0.55371094 0.07269287
vt 0.55078125 0.072753906
vt 0.55029297 0.05718994
vt 0.5566406 0.34936523
vt 0.55371094 0.3486328
vt 0.55371094 0.35913086
vt 0.55078125 0.35839844
vt 0.55371094 0.08203125
vt 0.5566406 0.081970215
vt 0.55615234 0.06768799
vt 0.55859375 0.06762695
vt 0.56396484 0.32421875
vt 0.56103516 0.32348633
vt 0.55859375 0.34155273
vt 0.55615234 0.3408203
vt 0.56103516 0.0770874
vt 0.56396484 0.07702637
vt 0.56103516 0.06463623
vt 0.56396484 0.064575195
vt 0.35913086 0.07269287
vt 0.34155273 0.06762695
vt 0.34936523 0.081970215
vt 0.36035156 0.057128906
vt 0.34448242 0.044433594
vt 0.3232422 0.064575195
vt 0.32421875 0.07702637
vt 0.5527344 0.081848145
vt 0.5498047 0.08178711
vt 0.5498047 0.06713867
vt 0.5527344 0.06719971
vt 0.5498047 0.3876953
vt 0.5527344 0.38793945
vt 0.5551758 0.35595703
vt 0.5522461 0.3557129
vt 0.5551758 0.125
vt 0.5522461 0.11920166
vt 0.5522461 0.124938965
vt 0.5551758 0.119262695
vt 0.5541992 0.08850098
vt 0.55126953 0.08843994
vt 0.55126953 0.08843994
vt 0.5541992 0.08850098
vt 0.5522461 0.073913574
vt 0.5546875 0.07397461
vt 0.5522461 0.36376953
vt 0.5546875 0.36401367
vt 0.55126953 0.3720703
vt 0.5541992 0.37231445
vt 0.5527344 0.38671875
vt 0.5498047 0.3864746
vt 0.35595703 0.125
vt 0.3684082 0.08850098
vt 0.3552246 0.119262695
vt 0.38793945 0.081848145
vt 0.38671875 0.06719971
vt 0.37231445 0.061798096
vt 0.36401367 0.07397461
vt 0.57470703 0.087524414
vt 0.5605469 0.076538086
vt 0.5595703 0.087524414
vt 0.5756836 0.076538086
vt 0.57666016 0.08105469
vt 0.5629883 0.0692749
vt 0.5620117 0.08105469
vt 0.5776367 0.0692749
vt 0.5629883 0.3293457
vt 0.5776367 0.3317871
vt 0.57421875 0.2927246
vt 0.5805664 0.29370117
vt 0.57421875 0.049438477
vt 0.5805664 0.049438477
vt 0.57958984 0.038360596
vt 0.57373047 0.038360596
vt 0.57714844 0.3359375
vt 0.5732422 0.3564453
vt 0.55810547 0.3540039
vt 0.5620117 0.3334961
vt 0.57373047 0.29638672
vt 0.57958984 0.29760742
vt 0.2927246 0.049438477
vt 0.29638672 0.038360596
vt 0.3293457 0.0692749
vt 0.3334961 0.055389404
vt 0.34155273 0.076538086
vt 0.33422852 0.08105469
vt 0.3540039 0.06463623
vt 0.3540039 0.07965088
vt 0.34594727 0.087524414
vt 0.5654297 0.08062744
vt 0.55371094 0.08062744
vt 0.5644531 0.06964111
vt 0.5527344 0.06964111
vt 0.55371094 0.3864746
vt 0.5654297 0.38842773
vt 0.5600586 0.3515625
vt 0.5722656 0.35351562
vt 0.57177734 0.103149414
vt 0.5551758 0.103149414
vt 0.5576172 0.081848145
vt 0.5708008 0.081848145
vt 0.57177734 0.14050293
vt 0.5620117 0.14050293
vt 0.57177734 0.103149414
vt 0.5551758 0.103149414
vt 0.5761719 0.3461914
vt 0.5859375 0.27514648
vt 0.5761719 0.27368164
vt 0.55908203 0.34350586
vt 0.5576172 0.35009766
vt 0.57470703 0.3527832
vt 0.5566406 0.35253906
vt 0.5751953 0.35546875
vt 0.5761719 0.041809082
vt 0.5859375 0.041809082
vt 0.5859375 0.039245605
vt 0.5756836 0.039245605
vt 0.3474121 0.13879395
vt 0.3527832 0.15112305
vt 0.35546875 0.14990234
vt 0.3461914 0.14147949
vt 0.27514648 0.041809082
vt 0.2758789 0.039245605
vt 0.32666016 0.095336914
vt 0.33618164 0.09448242
vt 0.3544922 0.122802734
vt 0.34448242 0.13879395
vt 0.35253906 0.14990234
vt 0.35009766 0.15112305
vt 0.34350586 0.14147949
vt 0.27368164 0.041809082
vt 0.27416992 0.039245605
vt 0.32348633 0.095336914
vt 0.33251953 0.09448242
vt 0.35083008 0.122802734
vt 0.57666016 0.3474121
vt 0.5751953 0.35546875
vt 0.5566406 0.35253906
vt 0.55810547 0.34448242
vt 0.55810547 0.13879395
vt 0.5776367 0.122802734
vt 0.57666016 0.13879395
vt 0.5546875 0.122802734
vt 0.5810547 0.33618164
vt 0.5776367 0.3544922
vt 0.5546875 0.35083008
vt 0.55810547 0.33251953
vt 0.5810547 0.32666016
vt 0.5620117 0.32348633
vt 0.5756836 0.27416992
vt 0.5859375 0.2758789
vt 0.54345703 0.16333008
vt 0.54248047 0.17382812
vt 0.5463867 0.17382812
vt 0.54785156 0.16333008
vt 0.5463867 0.15283203
vt 0.54248047 0.15283203
vt 0.53222656 0.5463867
vt 0.53466797 0.54248047
vt 0.5283203 0.5395508
vt 0.5258789 0.5439453
vt 0.51953125 0.5410156
vt 0.5214844 0.5371094
vt 0.5395508 0.16333008
vt 0.5410156 0.17382812
vt 0.5371094 0.17382812
vt 0.53564453 0.16333008
vt 0.5371094 0.15283203
vt 0.5410156 0.15283203
vt 0.51953125 0.5410156
vt 0.5214844 0.5371094
vt 0.5283203 0.5395508
vt 0.5258789 0.5439453
vt 0.53222656 0.5463867
vt 0.53466797 0.54248047
vt 0.55322266 0.10675049
vt 0.56152344 0.10675049
vt 0.55615234 0.08227539
vt 0.56347656 0.08227539
vt 0.56347656 0.07019043
vt 0.55566406 0.07019043
vt 0.5595703 0.09423828
vt 0.5517578 0.09423828
vt 0.5541992 0.070373535
vt 0.5620117 0.070373535
vt 0.39575195 0.070373535
vt 0.3881836 0.07019043
vt 0.3869629 0.08227539
vt 0.40795898 0.09423828
vt 0.39892578 0.10675049
vt 0.3857422 0.08227539
vt 0.3869629 0.07019043
vt 0.39453125 0.070373535
vt 0.40673828 0.09423828
vt 0.39770508 0.10675049
vt 0.53222656 0.16333008
vt 0.5214844 0.17382812
vt 0.5283203 0.17822266
vt 0.51904297 0.16333008
vt 0.5214844 0.15283203
vt 0.5283203 0.1484375
vt 0.54248047 0.17382812
vt 0.54345703 0.16333008
vt 0.54248047 0.15283203
vt 0.5493164 0.48388672
vt 0.5336914 0.48120117
vt 0.53271484 0.48608398
vt 0.54833984 0.48876953
vt 0.5234375 0.5341797
vt 0.5395508 0.5366211
vt 0.5395508 0.17871094
vt 0.5234375 0.17871094
vt 0.5234375 0.16455078
vt 0.5395508 0.16455078
vt 0.48608398 0.19824219
vt 0.5336914 0.16455078
vt 0.5341797 0.17871094
vt 0.48120117 0.19165039
vt 0.5493164 0.48388672
vt 0.5395508 0.5366211
vt 0.5234375 0.5336914
vt 0.5336914 0.48120117
vt 0.48388672 0.19165039
vt 0.48876953 0.19824219
vt 0.5366211 0.16455078
vt 0.5366211 0.17871094
vt 0.52246094 0.15429688
vt 0.5415039 0.15429688
vt 0.5410156 0.1628418
vt 0.5214844 0.1628418
vt 0.5214844 0.17285156
vt 0.5410156 0.17285156
vt 0.55371094 0.16015625
vt 0.53515625 0.15490723
vt 0.53466797 0.16015625
vt 0.5541992 0.15490723
vt 0.5415039 0.5341797
vt 0.52246094 0.53125
vt 0.53222656 0.47875977
vt 0.55126953 0.4819336
vt 0.5522461 0.47851562
vt 0.5332031 0.4753418
vt 0.5229492 0.52685547
vt 0.5214844 0.53466797
vt 0.5410156 0.53808594
vt 0.54248047 0.53027344
vt 0.53515625 0.4645996
vt 0.5541992 0.46777344
vt 0.5522461 0.47851562
vt 0.5332031 0.4753418
vt 0.55371094 0.46875
vt 0.5239258 0.52197266
vt 0.54345703 0.52490234
vt 0.53466797 0.46557617
vt 0.52685547 0.17260742
vt 0.53466797 0.1628418
vt 0.53466797 0.17285156
vt 0.52197266 0.16235352
vt 0.53125 0.15429688
vt 0.47875977 0.14831543
vt 0.46557617 0.16015625
vt 0.4753418 0.14331055
vt 0.4645996 0.15490723
vt 0.54248047 0.17260742
vt 0.5239258 0.16235352
vt 0.5229492 0.17260742
vt 0.54345703 0.16235352
vt 0.53027344 0.17260742
vt 0.53808594 0.17285156
vt 0.53808594 0.1628418
vt 0.52490234 0.16235352
vt 0.5341797 0.15429688
vt 0.4819336 0.14831543
vt 0.46875 0.16015625
vt 0.47851562 0.14331055
vt 0.46777344 0.15490723
vt 0.53515625 0.53027344
vt 0.5463867 0.47070312
vt 0.5410156 0.46972656
vt 0.52978516 0.5292969
vt 0.5263672 0.16027832
vt 0.47314453 0.15820312
vt 0.47070312 0.16540527
vt 0.53027344 0.16772461
vt 0.5253906 0.16027832
vt 0.5292969 0.16772461
vt 0.46972656 0.16540527
vt 0.4724121 0.15820312
vt 0.55078125 0.20544434
vt 0.5419922 0.20544434
vt 0.546875 0.15673828
vt 0.53808594 0.15673828
vt 0.45654297 0.20544434
vt 0.45361328 0.1977539
vt 0.47070312 0.15649414
vt 0.47680664 0.15673828
vt 0.4580078 0.20544434
vt 0.47827148 0.15673828
vt 0.47216797 0.15649414
vt 0.45507812 0.1977539
vt 0.54785156 0.15649414
vt 0.54248047 0.1977539
vt 0.55126953 0.1977539
vt 0.5390625 0.15649414
vt 0.5498047 0.09033203
vt 0.55859375 0.09033203
vt 0.5488281 0.18859863
vt 0.53808594 0.18859863
vt 0.5385742 0.21704102
vt 0.5493164 0.21704102
vt 0.5517578 0.40478516
vt 0.5605469 0.40600586
vt 0.55859375 0.41601562
vt 0.5498047 0.41455078
vt 0.40478516 0.09185791
vt 0.41455078 0.09033203
vt 0.47045898 0.18859863
vt 0.46826172 0.21704102
vt 0.40600586 0.09185791
vt 0.4699707 0.21704102
vt 0.4724121 0.18859863
vt 0.41601562 0.09033203
vt 0.4597168 0.23352051
vt 0.4716797 0.22473145
vt 0.4645996 0.23425293
vt 0.3972168 0.077941895
vt 0.38916016 0.08905029
vt 0.53759766 0.23352051
vt 0.55371094 0.23352051
vt 0.5522461 0.08905029
vt 0.56591797 0.08905029
vt 0.5366211 0.4645996
vt 0.5527344 0.46728516
vt 0.55371094 0.46240234
vt 0.53759766 0.4597168
vt 0.53515625 0.4716797
vt 0.55126953 0.47436523
vt 0.5527344 0.46728516
vt 0.5366211 0.4645996
vt 0.46240234 0.23352051
vt 0.39941406 0.077941895
vt 0.39135742 0.08905029
vt 0.47436523 0.22473145
vt 0.46728516 0.23425293
vt 0.55078125 0.077941895
vt 0.55126953 0.22473145
vt 0.53515625 0.22473145
vt 0.5644531 0.077941895
vt 0.55566406 0.3869629
vt 0.56347656 0.3881836
vt 0.5620117 0.39575195
vt 0.5541992 0.39453125
vt 0.34765625 0.13952637
vt 0.28759766 0.056365967
vt 0.2932129 0.05505371
vt 0.3383789 0.08453369
vt 0.43847656 0.13952637
vt 0.4267578 0.13952637
vt 0.43676758 0.08453369
vt 0.42504883 0.08453369
vt 0.43676758 0.33642578
vt 0.42504883 0.3383789
vt 0.4189453 0.2932129
vt 0.4260254 0.29223633
vt 0.4248047 0.28637695
vt 0.41796875 0.28759766
vt 0.34838867 0.14050293
vt 0.34692383 0.13476562
vt 0.35205078 0.11981201
vt 0.36914062 0.103149414
vt 0.34838867 0.101379395
vt 0.35546875 0.08154297
vt 0.3642578 0.081848145
vt 0.37182617 0.08843994
vt 0.36743164 0.073913574
vt 0.37548828 0.06173706
vt 0.38964844 0.06713867
vt 0.39086914 0.08178711
vt 0.36010742 0.124938965
vt 0.35913086 0.11920166
vt 0.34472656 0.06768799
vt 0.3269043 0.0770874
vt 0.32592773 0.06463623
vt 0.3479004 0.04449463
vt 0.3642578 0.05718994
vt 0.3630371 0.072753906
vt 0.3527832 0.08203125
vt 0.38842773 0.08062744
vt 0.35351562 0.08074951
vt 0.35473633 0.06390381
vt 0.3930664 0.06964111
vt 0.42163086 0.3642578
vt 0.42285156 0.34765625
vt 0.4243164 0.36401367
vt 0.41992188 0.3479004
vt 0.41796875 0.32592773
vt 0.42089844 0.3256836
vt 0.42456055 0.07269287
vt 0.42163086 0.072753906
vt 0.42163086 0.05718994
vt 0.4243164 0.057128906
vt 0.42163086 0.3630371
vt 0.42456055 0.36279297
vt 0.42089844 0.3527832
vt 0.42358398 0.35253906
vt 0.42089844 0.08203125
vt 0.42358398 0.081970215
vt 0.42260742 0.06762695
vt 0.41992188 0.06768799
vt 0.41992188 0.34472656
vt 0.42260742 0.34448242
vt 0.4182129 0.3269043
vt 0.42114258 0.32666016
vt 0.4182129 0.0770874
vt 0.42114258 0.07702637
vt 0.42089844 0.064575195
vt 0.41796875 0.06463623
vt 0.3256836 0.064575195
vt 0.32666016 0.07702637
vt 0.34448242 0.06762695
vt 0.34765625 0.044433594
vt 0.36401367 0.057128906
vt 0.36279297 0.07269287
vt 0.35253906 0.081970215
vt 0.43408203 0.081848145
vt 0.43139648 0.08178711
vt 0.4338379 0.06719971
vt 0.43115234 0.06713867
vt 0.43139648 0.39086914
vt 0.43408203 0.39013672
vt 0.4248047 0.359375
vt 0.421875 0.36010742
vt 0.421875 0.124938965
vt 0.4248047 0.125
vt 0.42456055 0.119262695
vt 0.421875 0.11920166
vt 0.42578125 0.08843994
vt 0.4284668 0.08850098
vt 0.42578125 0.08843994
vt 0.4284668 0.08850098
vt 0.42749023 0.07397461
vt 0.4248047 0.073913574
vt 0.4248047 0.36743164
vt 0.42749023 0.36694336
vt 0.42700195 0.37548828
vt 0.42993164 0.37475586
vt 0.4338379 0.38891602
vt 0.43115234 0.38964844
vt 0.37475586 0.061798096
vt 0.36694336 0.07397461
vt 0.37109375 0.08850098
vt 0.38891602 0.06719971
vt 0.39013672 0.081848145
vt 0.359375 0.125
vt 0.35864258 0.119262695
vt 0.44189453 0.07965088
vt 0.4267578 0.07965088
vt 0.44189453 0.06463623
vt 0.4267578 0.06463623
vt 0.44189453 0.3540039
vt 0.42529297 0.34838867
vt 0.4267578 0.3564453
vt 0.44018555 0.34594727
vt 0.42456055 0.34399414
vt 0.43945312 0.34155273
vt 0.43798828 0.33422852
vt 0.4230957 0.33666992
vt 0.29370117 0.049438477
vt 0.29760742 0.038360596
vt 0.3317871 0.0692749
vt 0.3359375 0.055389404
vt 0.34399414 0.076538086
vt 0.33666992 0.08105469
vt 0.3564453 0.06463623
vt 0.3564453 0.07965088
vt 0.34838867 0.087524414
vt 0.42822266 0.35473633
vt 0.4399414 0.3527832
vt 0.43554688 0.3930664
vt 0.44702148 0.39111328
vt 0.4375 0.13476562
vt 0.42749023 0.11981201
vt 0.42773438 0.13476562
vt 0.43969727 0.11981201
vt 0.44091797 0.101379395
vt 0.42456055 0.101379395
vt 0.42773438 0.08154297
vt 0.44067383 0.08154297
vt 0.44067383 0.35351562
vt 0.42944336 0.3642578
vt 0.42773438 0.35546875
vt 0.4423828 0.36206055
vt 0.34570312 0.13952637
vt 0.33642578 0.08453369
vt 0.29223633 0.05505371
vt 0.28637695 0.056365967
vt 0.35009766 0.11981201
vt 0.34521484 0.13476562
vt 0.34692383 0.14050293
vt 0.36645508 0.103149414
vt 0.34570312 0.101379395
vt 0.35351562 0.08154297
vt 0.36206055 0.081848145
vt 0.3720703 0.06173706
vt 0.36376953 0.073913574
vt 0.36816406 0.08843994
vt 0.3864746 0.06713867
vt 0.3876953 0.08178711
vt 0.3557129 0.124938965
vt 0.35498047 0.11920166
vt 0.32250977 0.06463623
vt 0.32348633 0.0770874
vt 0.3408203 0.06768799
vt 0.34375 0.04449463
vt 0.35961914 0.05718994
vt 0.35839844 0.072753906
vt 0.3486328 0.08203125
vt 0.3864746 0.08062744
vt 0.3527832 0.06390381
vt 0.3515625 0.08074951
vt 0.39111328 0.06964111
vt 0.4494629 0.35961914
vt 0.44677734 0.36035156
vt 0.4423828 0.34448242
vt 0.44506836 0.34375
vt 0.4387207 0.32250977
vt 0.43603516 0.3232422
vt 0.44677734 0.057128906
vt 0.4489746 0.072753906
vt 0.44628906 0.07269287
vt 0.4494629 0.05718994
vt 0.44628906 0.35913086
vt 0.4489746 0.35839844
vt 0.44604492 0.3486328
vt 0.44335938 0.34936523
vt 0.44335938 0.081970215
vt 0.44604492 0.08203125
vt 0.4440918 0.06768799
vt 0.44140625 0.06762695
vt 0.44140625 0.34155273
vt 0.4440918 0.3408203
vt 0.43896484 0.32348633
vt 0.4362793 0.32421875
vt 0.4362793 0.07702637
vt 0.43896484 0.0770874
vt 0.4387207 0.06463623
vt 0.43603516 0.064575195
vt 0.35913086 0.07269287
vt 0.34936523 0.081970215
vt 0.34155273 0.06762695
vt 0.36035156 0.057128906
vt 0.34448242 0.044433594
vt 0.3232422 0.064575195
vt 0.32421875 0.07702637
vt 0.44750977 0.081848145
vt 0.44726562 0.06719971
vt 0.44995117 0.06713867
vt 0.45043945 0.08178711
vt 0.45043945 0.3876953
vt 0.4477539 0.3557129
vt 0.44482422 0.35595703
vt 0.44750977 0.38793945
vt 0.44482422 0.125
vt 0.4477539 0.124938965
vt 0.44750977 0.11920166
vt 0.44458008 0.119262695
vt 0.44555664 0.08850098
vt 0.44848633 0.08843994
vt 0.44555664 0.08850098
vt 0.44848633 0.08843994
vt 0.44799805 0.073913574
vt 0.44506836 0.07397461
vt 0.44506836 0.36401367
vt 0.44799805 0.36376953
vt 0.44848633 0.3720703
vt 0.44580078 0.37231445
vt 0.44726562 0.38671875
vt 0.44995117 0.3864746
vt 0.35595703 0.125
vt 0.3552246 0.119262695
vt 0.3684082 0.08850098
vt 0.38793945 0.081848145
vt 0.38671875 0.06719971
vt 0.37231445 0.061798096
vt 0.36401367 0.07397461
vt 0.42529297 0.087524414
vt 0.44018555 0.087524414
vt 0.43945312 0.076538086
vt 0.42456055 0.076538086
vt 0.4230957 0.08105469
vt 0.43798828 0.08105469
vt 0.43701172 0.0692749
vt 0.42211914 0.0692749
vt 0.42211914 0.3317871
vt 0.43701172 0.3293457
vt 0.4255371 0.2927246
vt 0.4194336 0.29370117
vt 0.4255371 0.049438477
vt 0.42626953 0.038360596
vt 0.42016602 0.038360596
vt 0.4194336 0.049438477
vt 0.44189453 0.3540039
vt 0.4267578 0.3564453
vt 0.4230957 0.3359375
vt 0.43798828 0.3334961
vt 0.42626953 0.29638672
vt 0.42016602 0.29760742
vt 0.29638672 0.038360596
vt 0.2927246 0.049438477
vt 0.3293457 0.0692749
vt 0.3334961 0.055389404
vt 0.34155273 0.076538086
vt 0.33422852 0.08105469
vt 0.3540039 0.06463623
vt 0.3540039 0.07965088
vt 0.34594727 0.087524414
vt 0.43481445 0.08062744
vt 0.43554688 0.06964111
vt 0.44628906 0.08062744
vt 0.44702148 0.06964111
vt 0.43481445 0.38842773
vt 0.44628906 0.3864746
vt 0.43969727 0.3515625
vt 0.42797852 0.35351562
vt 0.4284668 0.103149414
vt 0.42944336 0.081848145
vt 0.4423828 0.081848145
vt 0.44506836 0.103149414
vt 0.4284668 0.103149414
vt 0.43774414 0.14050293
vt 0.42797852 0.14050293
vt 0.44506836 0.103149414
vt 0.42358398 0.27368164
vt 0.41430664 0.27514648
vt 0.42407227 0.3461914
vt 0.44067383 0.34350586
vt 0.44213867 0.35009766
vt 0.42504883 0.3527832
vt 0.44335938 0.35253906
vt 0.4248047 0.35546875
vt 0.42358398 0.041809082
vt 0.41381836 0.039245605
vt 0.41430664 0.041809082
vt 0.4243164 0.039245605
vt 0.3474121 0.13879395
vt 0.35546875 0.14990234
vt 0.3527832 0.15112305
vt 0.3461914 0.14147949
vt 0.27514648 0.041809082
vt 0.2758789 0.039245605
vt 0.32666016 0.095336914
vt 0.33618164 0.09448242
vt 0.3544922 0.122802734
vt 0.34448242 0.13879395
vt 0.35009766 0.15112305
vt 0.35253906 0.14990234
vt 0.34350586 0.14147949
vt 0.27368164 0.041809082
vt 0.27416992 0.039245605
vt 0.32348633 0.095336914
vt 0.33251953 0.09448242
vt 0.35083008 0.122802734
vt 0.42333984 0.3474121
vt 0.4416504 0.34448242
vt 0.44335938 0.35253906
vt 0.4248047 0.35546875
vt 0.44555664 0.122802734
vt 0.4416504 0.13879395
vt 0.42211914 0.122802734
vt 0.42333984 0.13879395
vt 0.44555664 0.35083008
vt 0.42211914 0.3544922
vt 0.4189453 0.33618164
vt 0.4416504 0.33251953
vt 0.41918945 0.32666016
vt 0.43798828 0.32348633
vt 0.4243164 0.27416992
vt 0.41381836 0.2758789
vt 0.5463867 0.17382812
vt 0.54248047 0.17382812
vt 0.54345703 0.16333008
vt 0.54785156 0.16333008
vt 0.5463867 0.15283203
vt 0.54248047 0.15283203
vt 0.47192383 0.5395508
vt 0.46557617 0.54248047
vt 0.4675293 0.5463867
vt 0.47387695 0.5439453
vt 0.48046875 0.5410156
vt 0.47827148 0.5371094
vt 0.5371094 0.17382812
vt 0.5410156 0.17382812
vt 0.5395508 0.16333008
vt 0.53564453 0.16333008
vt 0.5371094 0.15283203
vt 0.5410156 0.15283203
vt 0.47192383 0.5395508
vt 0.47827148 0.5371094
vt 0.48046875 0.5410156
vt 0.47387695 0.5439453
vt 0.4675293 0.5463867
vt 0.46557617 0.54248047
vt 0.4440918 0.08227539
vt 0.43847656 0.10675049
vt 0.4465332 0.10675049
vt 0.43652344 0.08227539
vt 0.43652344 0.07019043
vt 0.44433594 0.07019043
vt 0.44580078 0.070373535
vt 0.4482422 0.09423828
vt 0.44018555 0.09423828
vt 0.43798828 0.070373535
vt 0.40795898 0.09423828
vt 0.39892578 0.10675049
vt 0.3869629 0.08227539
vt 0.39575195 0.070373535
vt 0.3881836 0.07019043
vt 0.3857422 0.08227539
vt 0.39770508 0.10675049
vt 0.40673828 0.09423828
vt 0.39453125 0.070373535
vt 0.3869629 0.07019043
vt 0.46777344 0.16333008
vt 0.47192383 0.17822266
vt 0.47827148 0.17382812
vt 0.48095703 0.16333008
vt 0.47827148 0.15283203
vt 0.47192383 0.1484375
vt 0.5317383 0.16333008
vt 0.54345703 0.16333008
vt 0.54248047 0.17382812
vt 0.54248047 0.15283203
vt 0.4675293 0.48608398
vt 0.46655273 0.48120117
vt 0.4506836 0.48388672
vt 0.45141602 0.48876953
vt 0.4765625 0.5341797
vt 0.46069336 0.5366211
vt 0.46069336 0.17871094
vt 0.46069336 0.16455078
vt 0.4765625 0.16455078
vt 0.4765625 0.17871094
vt 0.48608398 0.19824219
vt 0.5341797 0.17871094
vt 0.5336914 0.16455078
vt 0.48120117 0.19165039
vt 0.4506836 0.48388672
vt 0.46655273 0.48120117
vt 0.4765625 0.5336914
vt 0.46069336 0.5366211
vt 0.5366211 0.16455078
vt 0.5366211 0.17871094
vt 0.48876953 0.19824219
vt 0.48388672 0.19165039
vt 0.45922852 0.1628418
vt 0.4584961 0.15429688
vt 0.47753906 0.15429688
vt 0.47827148 0.1628418
vt 0.47827148 0.17285156
vt 0.45922852 0.17285156
vt 0.44604492 0.16015625
vt 0.4650879 0.16015625
vt 0.4650879 0.15490723
vt 0.44580078 0.15490723
vt 0.46777344 0.47875977
vt 0.47753906 0.53125
vt 0.4584961 0.5341797
vt 0.44848633 0.4819336
vt 0.44799805 0.47851562
vt 0.46704102 0.4753418
vt 0.47827148 0.53466797
vt 0.47680664 0.52685547
vt 0.45922852 0.53808594
vt 0.45776367 0.53027344
vt 0.4650879 0.4645996
vt 0.44799805 0.47851562
vt 0.44580078 0.46777344
vt 0.46704102 0.4753418
vt 0.4567871 0.52490234
vt 0.47583008 0.52197266
vt 0.44604492 0.46875
vt 0.4650879 0.46557617
vt 0.52685547 0.17260742
vt 0.53466797 0.17285156
vt 0.53466797 0.1628418
vt 0.52197266 0.16235352
vt 0.53125 0.15429688
vt 0.47875977 0.14831543
vt 0.46557617 0.16015625
vt 0.4753418 0.14331055
vt 0.4645996 0.15490723
vt 0.45776367 0.17260742
vt 0.47680664 0.17260742
vt 0.47583008 0.16235352
vt 0.4567871 0.16235352
vt 0.53808594 0.1628418
vt 0.53808594 0.17285156
vt 0.53027344 0.17260742
vt 0.52490234 0.16235352
vt 0.5341797 0.15429688
vt 0.4819336 0.14831543
vt 0.46875 0.16015625
vt 0.47851562 0.14331055
vt 0.46777344 0.15490723
vt 0.46484375 0.53027344
vt 0.47021484 0.5292969
vt 0.45874023 0.46972656
vt 0.45361328 0.47070312
vt 0.47070312 0.16540527
vt 0.5263672 0.16027832
vt 0.53027344 0.16772461
vt 0.47314453 0.15820312
vt 0.46972656 0.16540527
vt 0.5292969 0.16772461
vt 0.5253906 0.16027832
vt 0.4724121 0.15820312
vt 0.453125 0.15673828
vt 0.45825195 0.20544434
vt 0.44921875 0.20544434
vt 0.46191406 0.15673828
vt 0.47070312 0.15649414
vt 0.45361328 0.1977539
vt 0.45654297 0.20544434
vt 0.47680664 0.15673828
vt 0.4580078 0.20544434
vt 0.47216797 0.15649414
vt 0.47827148 0.15673828
vt 0.45507812 0.1977539
vt 0.44873047 0.1977539
vt 0.45751953 0.1977539
vt 0.4519043 0.15649414
vt 0.4609375 0.15649414
vt 0.44140625 0.09033203
vt 0.4501953 0.09033203
vt 0.45092773 0.18859863
vt 0.46191406 0.18859863
vt 0.46142578 0.21704102
vt 0.45043945 0.21704102
vt 0.44140625 0.41601562
vt 0.43945312 0.40600586
vt 0.4482422 0.40478516
vt 0.4501953 0.41455078
vt 0.40478516 0.09185791
vt 0.46826172 0.21704102
vt 0.47045898 0.18859863
vt 0.41455078 0.09033203
vt 0.40600586 0.09185791
vt 0.41601562 0.09033203
vt 0.4724121 0.18859863
vt 0.4699707 0.21704102
vt 0.4716797 0.22473145
vt 0.4597168 0.23352051
vt 0.4645996 0.23425293
vt 0.3972168 0.077941895
vt 0.38916016 0.08905029
vt 0.4477539 0.08905029
vt 0.44628906 0.23352051
vt 0.46240234 0.23352051
vt 0.43408203 0.08905029
vt 0.4633789 0.4645996
vt 0.46240234 0.4597168
vt 0.44628906 0.46240234
vt 0.44726562 0.46728516
vt 0.46484375 0.4716797
vt 0.4633789 0.4645996
vt 0.44726562 0.46728516
vt 0.44873047 0.47436523
vt 0.39941406 0.077941895
vt 0.46240234 0.23352051
vt 0.39135742 0.08905029
vt 0.47436523 0.22473145
vt 0.46728516 0.23425293
vt 0.46484375 0.22473145
vt 0.44873047 0.22473145
vt 0.4494629 0.077941895
vt 0.43554688 0.077941895
vt 0.43798828 0.39575195
vt 0.43652344 0.3881836
vt 0.44433594 0.3869629
vt 0.44580078 0.39453125
vt 0.22729492 0.0038394928
vt 0.23132324 0.0038394928
vt 0.22729492 -5.9604645E-08
vt 0.23132324 -5.9604645E-08
vt 0.24829102 0.0038394928
vt 0.24829102 -5.9604645E-08
vt 0.28344727 -5.9604645E-08
vt 0.2680664 0.012428284
vt 0.28564453 0.012428284
vt 0.2578125 0.012428284
vt 0.2680664 0.018356323
vt 0.7597656 0.2524414
vt 0.74365234 0.27026367
vt 0.7524414 0.2770996
vt 0.7714844 0.25610352
vt 0.2578125 0.018356323
vt 0.2680664 0.012428284
vt 0.2680664 0.018356323
vt 0.2578125 0.012428284
vt 0.2578125 0.012428284
vt 0.2578125 0.018356323
vt 0.24060059 0.012428284
vt 0.22729492 0.0038394928
vt 0.22729492 -5.9604645E-08
vt 0.2763672 -5.9604645E-08
vt 0.2788086 0.012428284
vt 0.7988281 0.22558594
vt 0.77734375 0.23242188
vt 0.7944336 0.22399902
vt 0.7548828 0.2746582
vt 0.74560547 0.2680664
vt 0.7988281 0.0038394928
vt 0.7988281 -5.9604645E-08
vt 0.7944336 0.0038394928
vt 0.7944336 -5.9604645E-08
vt 0.77734375 0.0038394928
vt 0.77734375 -5.9604645E-08
vt 0.2680664 -5.9604645E-08
vt 0.23242188 0.0038394928
vt 0.23242188 -5.9604645E-08
vt 0.2524414 0.012428284
vt 0.27026367 0.012428284
vt 0.24194336 0.012428284
vt 0.2524414 0.018356323
vt 0.7631836 0.012428284
vt 0.7548828 0.012428284
vt 0.75683594 -5.9604645E-08
vt 0.765625 -5.9604645E-08
vt 0.7714844 0.018356323
vt 0.7597656 0.018356323
vt 0.7597656 0.012428284
vt 0.7714844 0.012428284
vt 0.25610352 0.012428284
vt 0.2388916 0.012428284
vt 0.25610352 0.018356323
vt 0.22558594 0.0038394928
vt 0.22558594 -5.9604645E-08
vt 0.2746582 -5.9604645E-08
vt 0.2770996 0.012428284
vt 0.74365234 0.012428284
vt 0.74560547 -5.9604645E-08
vt 0.7524414 0.012428284
vt 0.7548828 -5.9604645E-08
vt 0.80371094 0.23132324
vt 0.80126953 0.22729492
vt 0.7890625 0.24060059
vt 0.7890625 0.2578125
vt 0.7734375 0.2578125
vt 0.77978516 0.2680664
vt 0.7944336 0.22399902
vt 0.7871094 0.2388916
vt 0.7988281 0.22558594
vt 0.7685547 0.24194336
vt 0.7714844 0.25610352
vt 0.7597656 0.2524414
vt 0.77978516 0.2680664
vt 0.7734375 0.2578125
vt 0.7548828 0.2788086
vt 0.7631836 0.28564453
vt 0.79785156 0.24829102
vt 0.80126953 0.22729492
vt 0.80371094 0.23132324
vt 0.75683594 0.2763672
vt 0.765625 0.28344727
vt 0.7709961 0.27490234
vt 0.7661133 0.2800293
vt 0.74902344 0.26660156
vt 0.75390625 0.2614746
vt 0.74902344 0.013656616
vt 0.7661133 0.013656616
vt 0.76416016 0.023010254
vt 0.74658203 0.023010254
vt 0.74902344 0.03237915
vt 0.7661133 0.03237915
vt 0.75390625 0.2614746
vt 0.74902344 0.26660156
vt 0.7661133 0.2800293
vt 0.7709961 0.27490234
vt 0.7558594 0.023010254
vt 0.75390625 0.03237915
vt 0.7709961 0.03237915
vt 0.7734375 0.023010254
vt 0.7709961 0.013656616
vt 0.75390625 0.013656616
vt 0.2800293 0.013656616
vt 0.27490234 0.013656616
vt 0.2722168 0.023010254
vt 0.28271484 0.023010254
vt 0.2800293 0.03237915
vt 0.27490234 0.03237915
vt 0.2614746 0.013656616
vt 0.26660156 0.013656616
vt 0.2692871 0.023010254
vt 0.25878906 0.023010254
vt 0.2614746 0.03237915
vt 0.26660156 0.03237915
vt 0.7734375 0.036376953
vt 0.7651367 0.026351929
vt 0.7636719 0.036376953
vt 0.77734375 0.026351929
vt 0.6503906 0.25708008
vt 0.6459961 0.27148438
vt 0.6279297 0.25708008
vt 0.6279297 0.27148438
vt 0.77734375 0.2631836
vt 0.7475586 0.27270508
vt 0.7651367 0.2536621
vt 0.7602539 0.28271484
vt 0.73779297 0.28198242
vt 0.7519531 0.29296875
vt 0.640625 0.38208008
vt 0.66259766 0.39941406
vt 0.7636719 0.036376953
vt 0.7651367 0.026351929
vt 0.7475586 0.053527832
vt 0.6411133 0.23535156
vt 0.6279297 0.27148438
vt 0.6279297 0.25708008
vt 0.39892578 0.23535156
vt 0.41357422 0.27148438
vt 0.41333008 0.25708008
vt 0.26538086 0.036376953
vt 0.28271484 0.053527832
vt 0.2631836 0.026351929
vt 0.29296875 0.057739258
vt 0.39941406 0.21325684
vt 0.6503906 0.41333008
vt 0.6279297 0.3959961
vt 0.6411133 0.38256836
vt 0.6621094 0.39892578
vt 0.29760742 0.059448242
vt 0.2932129 0.06536865
vt 0.28637695 0.056396484
vt 0.26367188 0.015205383
vt 0.27807617 0.05996704
vt 0.25952148 0.03250122
vt 0.2590332 0.020004272
vt 0.74072266 0.29956055
vt 0.73291016 0.2932129
vt 0.7290039 0.29760742
vt 0.7368164 0.30371094
vt 0.76123047 0.26367188
vt 0.765625 0.2590332
vt 0.7714844 0.26367188
vt 0.76708984 0.26831055
vt 0.7290039 0.29760742
vt 0.7368164 0.30371094
vt 0.7392578 0.28637695
vt 0.73291016 0.2932129
vt 0.74072266 0.29956055
vt 0.7470703 0.29248047
vt 0.7470703 0.27807617
vt 0.75439453 0.2836914
vt 0.30371094 0.059448242
vt 0.29248047 0.056396484
vt 0.29956055 0.06536865
vt 0.26831055 0.015205383
vt 0.2836914 0.05996704
vt 0.26416016 0.03250122
vt 0.26367188 0.020004272
vt 0.7709961 0.03250122
vt 0.7714844 0.020004272
vt 0.765625 0.020004272
vt 0.7651367 0.03250122
vt 0.64990234 0.40625
vt 0.6352539 0.3947754
vt 0.65966797 0.37060547
vt 0.6713867 0.3798828
vt 0.6713867 0.35839844
vt 0.6826172 0.3671875
vt 0.38427734 0.23168945
vt 0.35839844 0.18127441
vt 0.37060547 0.17834473
vt 0.3947754 0.20983887
vt 0.40161133 0.23205566
vt 0.39672852 0.24401855
vt 0.6484375 0.4091797
vt 0.6323242 0.39672852
vt 0.62841797 0.40161133
vt 0.64404297 0.41357422
vt 0.3798828 0.17834473
vt 0.3671875 0.18127441
vt 0.3959961 0.23168945
vt 0.40625 0.20983887
vt 0.41357422 0.23205566
vt 0.4091797 0.24401855
vt 0.38256836 0.23535156
vt 0.27270508 0.053527832
vt 0.28198242 0.057739258
vt 0.38208008 0.21325684
vt 0.64404297 0.23205566
vt 0.62841797 0.23205566
vt 0.6352539 0.20983887
vt 0.64990234 0.20983887
vt 0.64453125 0.38427734
vt 0.6484375 0.4091797
vt 0.65966797 0.3959961
vt 0.6323242 0.39672852
vt 0.7636719 0.2578125
vt 0.6279297 0.3996582
vt 0.6459961 0.41357422
vt 0.7734375 0.26538086
vt 0.6621094 0.23535156
vt 0.6411133 0.23535156
vt 0.640625 0.21325684
vt 0.66259766 0.21325684
vt 0.5107422 0.12194824
vt 0.5185547 0.103027344
vt 0.5029297 0.09472656
vt 0.48217773 0.14477539
vt 0.45458984 0.13916016
vt 0.43847656 0.1739502
vt 0.47973633 0.16345215
vt 0.41577148 0.2142334
vt 0.40966797 0.20080566
vt 0.40039062 0.21862793
vt 0.40649414 0.23205566
vt 0.6269531 0.40600586
vt 0.56884766 0.46826172
vt 0.5834961 0.47973633
vt 0.63964844 0.41577148
vt 0.49853516 0.12194824
vt 0.4909668 0.09472656
vt 0.5058594 0.103027344
vt 0.47070312 0.14477539
vt 0.44384766 0.13916016
vt 0.42822266 0.1739502
vt 0.46826172 0.16345215
vt 0.40600586 0.2142334
vt 0.40014648 0.20080566
vt 0.39086914 0.21862793
vt 0.39672852 0.23205566
vt 0.55615234 0.5107422
vt 0.58154297 0.48217773
vt 0.56640625 0.47070312
vt 0.54052734 0.49853516
vt 0.5336914 0.5058594
vt 0.5498047 0.5185547
vt 0.5629883 0.5029297
vt 0.5473633 0.4909668
vt 0.60546875 0.45458984
vt 0.5917969 0.44384766
vt 0.6064453 0.42822266
vt 0.6196289 0.43847656
vt 0.6328125 0.40014648
vt 0.64501953 0.40966797
vt 0.6533203 0.40039062
vt 0.6411133 0.39086914
vt 0.5834961 0.16345215
vt 0.56884766 0.16345215
vt 0.58154297 0.14477539
vt 0.56640625 0.14477539
vt 0.5126953 0.124572754
vt 0.47021484 0.15905762
vt 0.47558594 0.11804199
vt 0.5083008 0.08691406
vt 0.52001953 0.10284424
vt 0.5185547 0.09375
vt 0.5366211 0.5083008
vt 0.5673828 0.47558594
vt 0.5761719 0.48242188
vt 0.5463867 0.5161133
vt 0.53759766 0.5263672
vt 0.52685547 0.5185547
vt 0.5205078 0.124572754
vt 0.48242188 0.11804199
vt 0.47705078 0.15905762
vt 0.5161133 0.08691406
vt 0.5283203 0.10284424
vt 0.5263672 0.09375
vt 0.5805664 0.47705078
vt 0.5722656 0.47021484
vt 0.54296875 0.5205078
vt 0.53271484 0.5126953
vt 0.54296875 0.124572754
vt 0.53271484 0.124572754
vt 0.5361328 0.10284424
vt 0.5253906 0.10284424
vt 0.52685547 0.09375
vt 0.53759766 0.09375
vt 0.5449219 0.12719727
vt 0.5151367 0.1027832
vt 0.5151367 0.12719727
vt 0.5449219 0.1027832
vt 0.5546875 0.08520508
vt 0.5185547 0.12719727
vt 0.5546875 0.12719727
vt 0.5185547 0.1027832
vt 0.52490234 0.08520508
vt 0.5151367 0.5546875
vt 0.5449219 0.5546875
vt 0.5449219 0.5185547
vt 0.5151367 0.5185547
vt 0.5546875 0.12719727
vt 0.5185547 0.12719727
vt 0.5546875 0.08520508
vt 0.5185547 0.1027832
vt 0.52490234 0.08520508
vt 0.5449219 0.1027832
vt 0.5449219 0.08520508
vt 0.5151367 0.08520508
vt 0.5151367 0.1027832
vt 0.5449219 0.52490234
vt 0.5449219 0.5546875
vt 0.5151367 0.5546875
vt 0.5151367 0.52490234
vt 0.57958984 0.0914917
vt 0.57958984 0.13708496
vt 0.56689453 0.13708496
vt 0.56689453 0.0914917
vt 0.5546875 0.13708496
vt 0.5546875 0.0914917
vt 0.57958984 0.13708496
vt 0.57958984 0.0914917
vt 0.56689453 0.0914917
vt 0.56689453 0.13708496
vt 0.5546875 0.0914917
vt 0.5546875 0.13708496
vt 0.53808594 0.5546875
vt 0.54541016 0.56689453
vt 0.53808594 0.57958984
vt 0.52246094 0.57958984
vt 0.52246094 0.5546875
vt 0.51464844 0.56689453
vt 0.52246094 0.13708496
vt 0.53808594 0.13708496
vt 0.52246094 0.0914917
vt 0.53808594 0.0914917
vt 0.52246094 0.5546875
vt 0.51464844 0.56689453
vt 0.52246094 0.57958984
vt 0.53808594 0.5546875
vt 0.53808594 0.57958984
vt 0.54541016 0.56689453
vt 0.6665039 0.39013672
vt 0.6616211 0.39526367
vt 0.64941406 0.37719727
vt 0.64501953 0.38208008
vt 0.6586914 0.39892578
vt 0.64160156 0.3857422
vt 0.6425781 0.19787598
vt 0.64160156 0.1875
vt 0.6586914 0.1875
vt 0.65966797 0.19787598
vt 0.6425781 0.38452148
vt 0.65966797 0.39746094
vt 0.6640625 0.39257812
vt 0.64746094 0.37939453
vt 0.6508789 0.37573242
vt 0.66748047 0.38891602
vt 0.64941406 0.18261719
vt 0.6508789 0.19311523
vt 0.6665039 0.18261719
vt 0.66748047 0.19311523
vt 0.39892578 0.1875
vt 0.39526367 0.17980957
vt 0.39013672 0.18261719
vt 0.38891602 0.19311523
vt 0.39746094 0.19787598
vt 0.39257812 0.2006836
vt 0.38452148 0.19787598
vt 0.37939453 0.2006836
vt 0.37573242 0.19311523
vt 0.3857422 0.1875
vt 0.37719727 0.18261719
vt 0.38208008 0.17980957
vt 0.5151367 0.12719727
vt 0.5151367 0.08520508
vt 0.5449219 0.08520508
vt 0.5449219 0.12719727
vt 0.63964844 0.41577148
vt 0.6479492 0.40649414
vt 0.6352539 0.39672852
vt 0.6269531 0.40600586
vt 0.53808594 0.13708496
vt 0.52246094 0.13708496
vt 0.53808594 0.0914917
vt 0.52246094 0.0914917
vt 0.22729492 0.0038394928
vt 0.22729492 -5.9604645E-08
vt 0.23132324 0.0038394928
vt 0.23132324 -5.9604645E-08
vt 0.24829102 0.0038394928
vt 0.24829102 -5.9604645E-08
vt 0.28344727 -5.9604645E-08
vt 0.2680664 0.012428284
vt 0.28564453 0.012428284
vt 0.2578125 0.012428284
vt 0.2680664 0.018356323
vt 0.24743652 0.2770996
vt 0.25634766 0.27026367
vt 0.24047852 0.2524414
vt 0.22851562 0.25610352
vt 0.2578125 0.018356323
vt 0.2680664 0.018356323
vt 0.2680664 0.012428284
vt 0.2578125 0.012428284
vt 0.2578125 0.012428284
vt 0.24060059 0.012428284
vt 0.2578125 0.018356323
vt 0.22729492 0.0038394928
vt 0.22729492 -5.9604645E-08
vt 0.2763672 -5.9604645E-08
vt 0.2788086 0.012428284
vt 0.2010498 0.22558594
vt 0.2055664 0.22399902
vt 0.22265625 0.23242188
vt 0.24523926 0.2746582
vt 0.2541504 0.2680664
vt 0.2055664 0.0038394928
vt 0.2010498 -5.9604645E-08
vt 0.2010498 0.0038394928
vt 0.2055664 -5.9604645E-08
vt 0.22265625 0.0038394928
vt 0.22265625 -5.9604645E-08
vt 0.2680664 -5.9604645E-08
vt 0.23242188 -5.9604645E-08
vt 0.23242188 0.0038394928
vt 0.2524414 0.012428284
vt 0.27026367 0.012428284
vt 0.24194336 0.012428284
vt 0.2524414 0.018356323
vt 0.24316406 -5.9604645E-08
vt 0.24536133 0.012428284
vt 0.23657227 0.012428284
vt 0.23449707 -5.9604645E-08
vt 0.22851562 0.018356323
vt 0.24047852 0.012428284
vt 0.24047852 0.018356323
vt 0.22851562 0.012428284
vt 0.25610352 0.012428284
vt 0.25610352 0.018356323
vt 0.2388916 0.012428284
vt 0.22558594 0.0038394928
vt 0.22558594 -5.9604645E-08
vt 0.2746582 -5.9604645E-08
vt 0.2770996 0.012428284
vt 0.25634766 0.012428284
vt 0.24743652 0.012428284
vt 0.2541504 -5.9604645E-08
vt 0.24523926 -5.9604645E-08
vt 0.19628906 0.23132324
vt 0.21069336 0.24060059
vt 0.19873047 0.22729492
vt 0.2109375 0.2578125
vt 0.22644043 0.2578125
vt 0.22033691 0.2680664
vt 0.2055664 0.22399902
vt 0.2010498 0.22558594
vt 0.2130127 0.2388916
vt 0.23132324 0.24194336
vt 0.22851562 0.25610352
vt 0.24047852 0.2524414
vt 0.24536133 0.2788086
vt 0.22644043 0.2578125
vt 0.22033691 0.2680664
vt 0.23657227 0.28564453
vt 0.20227051 0.24829102
vt 0.19628906 0.23132324
vt 0.19873047 0.22729492
vt 0.24316406 0.2763672
vt 0.23449707 0.28344727
vt 0.25097656 0.26660156
vt 0.23364258 0.2800293
vt 0.2290039 0.27490234
vt 0.24621582 0.2614746
vt 0.25097656 0.013656616
vt 0.23596191 0.023010254
vt 0.23364258 0.013656616
vt 0.25341797 0.023010254
vt 0.25097656 0.03237915
vt 0.23364258 0.03237915
vt 0.24621582 0.2614746
vt 0.2290039 0.27490234
vt 0.23364258 0.2800293
vt 0.25097656 0.26660156
vt 0.2290039 0.03237915
vt 0.24621582 0.03237915
vt 0.24389648 0.023010254
vt 0.22668457 0.023010254
vt 0.2290039 0.013656616
vt 0.24621582 0.013656616
vt 0.2722168 0.023010254
vt 0.27490234 0.013656616
vt 0.2800293 0.013656616
vt 0.28271484 0.023010254
vt 0.2800293 0.03237915
vt 0.27490234 0.03237915
vt 0.2692871 0.023010254
vt 0.26660156 0.013656616
vt 0.2614746 0.013656616
vt 0.25878906 0.023010254
vt 0.2614746 0.03237915
vt 0.26660156 0.03237915
vt 0.22680664 0.036376953
vt 0.2364502 0.036376953
vt 0.23510742 0.026351929
vt 0.22253418 0.026351929
vt 0.3540039 0.27148438
vt 0.37231445 0.25708008
vt 0.37182617 0.27148438
vt 0.34985352 0.25708008
vt 0.22253418 0.2631836
vt 0.23510742 0.2536621
vt 0.25268555 0.27270508
vt 0.2397461 0.28271484
vt 0.2619629 0.28198242
vt 0.24804688 0.29296875
vt 0.35961914 0.38208008
vt 0.33740234 0.39941406
vt 0.2364502 0.036376953
vt 0.25268555 0.053527832
vt 0.23510742 0.026351929
vt 0.35888672 0.23535156
vt 0.37182617 0.27148438
vt 0.37231445 0.25708008
vt 0.39892578 0.23535156
vt 0.41333008 0.25708008
vt 0.41357422 0.27148438
vt 0.26538086 0.036376953
vt 0.28271484 0.053527832
vt 0.2631836 0.026351929
vt 0.29296875 0.057739258
vt 0.39941406 0.21325684
vt 0.34985352 0.41333008
vt 0.33789062 0.39892578
vt 0.35888672 0.38256836
vt 0.37231445 0.3959961
vt 0.29760742 0.059448242
vt 0.28637695 0.056396484
vt 0.2932129 0.06536865
vt 0.26367188 0.015205383
vt 0.27807617 0.05996704
vt 0.25952148 0.03250122
vt 0.2590332 0.020004272
vt 0.27075195 0.29760742
vt 0.26708984 0.2932129
vt 0.25927734 0.29956055
vt 0.26293945 0.30371094
vt 0.23864746 0.26367188
vt 0.22839355 0.26367188
vt 0.23425293 0.2590332
vt 0.23266602 0.26831055
vt 0.27075195 0.29760742
vt 0.26293945 0.30371094
vt 0.25927734 0.29956055
vt 0.26708984 0.2932129
vt 0.2607422 0.28637695
vt 0.2529297 0.29248047
vt 0.25268555 0.27807617
vt 0.2454834 0.2836914
vt 0.30371094 0.059448242
vt 0.29956055 0.06536865
vt 0.29248047 0.056396484
vt 0.26831055 0.015205383
vt 0.2836914 0.05996704
vt 0.26416016 0.03250122
vt 0.26367188 0.020004272
vt 0.22875977 0.03250122
vt 0.23474121 0.03250122
vt 0.23425293 0.020004272
vt 0.22839355 0.020004272
vt 0.34033203 0.37060547
vt 0.3647461 0.3947754
vt 0.34985352 0.40625
vt 0.32861328 0.3798828
vt 0.32885742 0.35839844
vt 0.3173828 0.3671875
vt 0.37060547 0.17834473
vt 0.35839844 0.18127441
vt 0.38427734 0.23168945
vt 0.3947754 0.20983887
vt 0.40161133 0.23205566
vt 0.39672852 0.24401855
vt 0.37158203 0.40161133
vt 0.36743164 0.39672852
vt 0.3515625 0.4091797
vt 0.35595703 0.41357422
vt 0.3671875 0.18127441
vt 0.3798828 0.17834473
vt 0.3959961 0.23168945
vt 0.40625 0.20983887
vt 0.41357422 0.23205566
vt 0.4091797 0.24401855
vt 0.28198242 0.057739258
vt 0.27270508 0.053527832
vt 0.38256836 0.23535156
vt 0.38208008 0.21325684
vt 0.3647461 0.20983887
vt 0.37158203 0.23205566
vt 0.35595703 0.23205566
vt 0.34985352 0.20983887
vt 0.36743164 0.39672852
vt 0.35546875 0.38427734
vt 0.3515625 0.4091797
vt 0.34033203 0.3959961
vt 0.3540039 0.41357422
vt 0.37182617 0.3996582
vt 0.2364502 0.2578125
vt 0.22680664 0.26538086
vt 0.33789062 0.23535156
vt 0.33740234 0.21325684
vt 0.35961914 0.21325684
vt 0.35888672 0.23535156
vt 0.5107422 0.12194824
vt 0.5029297 0.09472656
vt 0.5185547 0.103027344
vt 0.48217773 0.14477539
vt 0.45458984 0.13916016
vt 0.43847656 0.1739502
vt 0.47973633 0.16345215
vt 0.41577148 0.2142334
vt 0.40966797 0.20080566
vt 0.40039062 0.21862793
vt 0.40649414 0.23205566
vt 0.37280273 0.40600586
vt 0.36035156 0.41577148
vt 0.4165039 0.47973633
vt 0.43115234 0.46826172
vt 0.49853516 0.12194824
vt 0.5058594 0.103027344
vt 0.4909668 0.09472656
vt 0.47070312 0.14477539
vt 0.44384766 0.13916016
vt 0.42822266 0.1739502
vt 0.46826172 0.16345215
vt 0.40600586 0.2142334
vt 0.40014648 0.20080566
vt 0.39086914 0.21862793
vt 0.39672852 0.23205566
vt 0.43359375 0.47070312
vt 0.41870117 0.48217773
vt 0.44360352 0.5107422
vt 0.4597168 0.49853516
vt 0.4663086 0.5058594
vt 0.4501953 0.5185547
vt 0.43701172 0.5029297
vt 0.45263672 0.4909668
vt 0.39453125 0.45458984
vt 0.40820312 0.44384766
vt 0.3935547 0.42822266
vt 0.3803711 0.43847656
vt 0.36743164 0.40014648
vt 0.3552246 0.40966797
vt 0.34692383 0.40039062
vt 0.35913086 0.39086914
vt 0.4165039 0.16345215
vt 0.41870117 0.14477539
vt 0.43115234 0.16345215
vt 0.43359375 0.14477539
vt 0.47558594 0.11804199
vt 0.47021484 0.15905762
vt 0.5126953 0.124572754
vt 0.5083008 0.08691406
vt 0.52001953 0.10284424
vt 0.5185547 0.09375
vt 0.42407227 0.48242188
vt 0.43286133 0.47558594
vt 0.4633789 0.5083008
vt 0.45336914 0.5161133
vt 0.46264648 0.5263672
vt 0.4729004 0.5185547
vt 0.47705078 0.15905762
vt 0.48242188 0.11804199
vt 0.5205078 0.124572754
vt 0.5161133 0.08691406
vt 0.5283203 0.10284424
vt 0.5263672 0.09375
vt 0.42773438 0.47021484
vt 0.4572754 0.5205078
vt 0.46728516 0.5126953
vt 0.41918945 0.47705078
vt 0.46411133 0.10284424
vt 0.46728516 0.124572754
vt 0.4572754 0.124572754
vt 0.47436523 0.10284424
vt 0.4729004 0.09375
vt 0.46264648 0.09375
vt 0.45483398 0.12719727
vt 0.48461914 0.12719727
vt 0.48461914 0.1027832
vt 0.45483398 0.1027832
vt 0.5546875 0.08520508
vt 0.5546875 0.12719727
vt 0.5185547 0.12719727
vt 0.5185547 0.1027832
vt 0.52490234 0.08520508
vt 0.48461914 0.5546875
vt 0.48461914 0.5185547
vt 0.45483398 0.5185547
vt 0.45483398 0.5546875
vt 0.5546875 0.12719727
vt 0.5546875 0.08520508
vt 0.5185547 0.12719727
vt 0.5185547 0.1027832
vt 0.52490234 0.08520508
vt 0.45483398 0.1027832
vt 0.48461914 0.1027832
vt 0.48461914 0.08520508
vt 0.45483398 0.08520508
vt 0.45483398 0.52490234
vt 0.48461914 0.52490234
vt 0.48461914 0.5546875
vt 0.45483398 0.5546875
vt 0.57958984 0.0914917
vt 0.56689453 0.13708496
vt 0.57958984 0.13708496
vt 0.56689453 0.0914917
vt 0.5546875 0.13708496
vt 0.5546875 0.0914917
vt 0.57958984 0.13708496
vt 0.56689453 0.0914917
vt 0.57958984 0.0914917
vt 0.56689453 0.13708496
vt 0.5546875 0.0914917
vt 0.5546875 0.13708496
vt 0.47753906 0.5546875
vt 0.48535156 0.56689453
vt 0.47753906 0.57958984
vt 0.4621582 0.5546875
vt 0.4621582 0.57958984
vt 0.4543457 0.56689453
vt 0.47753906 0.0914917
vt 0.4621582 0.13708496
vt 0.47753906 0.13708496
vt 0.4621582 0.0914917
vt 0.47753906 0.5546875
vt 0.47753906 0.57958984
vt 0.48535156 0.56689453
vt 0.4621582 0.5546875
vt 0.4621582 0.57958984
vt 0.4543457 0.56689453
vt 0.33813477 0.39526367
vt 0.33374023 0.39013672
vt 0.35058594 0.37719727
vt 0.35498047 0.38208008
vt 0.34155273 0.39892578
vt 0.35839844 0.3857422
vt 0.35717773 0.19787598
vt 0.34033203 0.19787598
vt 0.34155273 0.1875
vt 0.35839844 0.1875
vt 0.35717773 0.38452148
vt 0.33569336 0.39257812
vt 0.34033203 0.39746094
vt 0.35253906 0.37939453
vt 0.34936523 0.37573242
vt 0.33251953 0.38891602
vt 0.34936523 0.19311523
vt 0.33374023 0.18261719
vt 0.33251953 0.19311523
vt 0.35058594 0.18261719
vt 0.39013672 0.18261719
vt 0.39526367 0.17980957
vt 0.39892578 0.1875
vt 0.38891602 0.19311523
vt 0.39746094 0.19787598
vt 0.39257812 0.2006836
vt 0.3857422 0.1875
vt 0.38208008 0.17980957
vt 0.37719727 0.18261719
vt 0.37573242 0.19311523
vt 0.38452148 0.19787598
vt 0.37939453 0.2006836
vt 0.48461914 0.12719727
vt 0.45483398 0.12719727
vt 0.45483398 0.08520508
vt 0.48461914 0.08520508
vt 0.36035156 0.41577148
vt 0.37280273 0.40600586
vt 0.36450195 0.39672852
vt 0.35205078 0.40649414
vt 0.4621582 0.0914917
vt 0.47753906 0.13708496
vt 0.4621582 0.13708496
vt 0.47753906 0.0914917
vt 0.6376953 0.0038394928
vt 0.64160156 0.0038394928
vt 0.64160156 -5.9604645E-08
vt 0.6376953 -5.9604645E-08
vt 0.9790039 0.0038394928
vt 0.9975586 -5.9604645E-08
vt 0.9975586 0.0038394928
vt 0.9790039 -5.9604645E-08
vt 0.9296875 -5.9604645E-08
vt 0.9511719 0.012428284
vt 0.92626953 0.012428284
vt 0.9658203 0.012428284
vt 0.9511719 0.018356323
vt 0.9277344 0.62890625
vt 0.95703125 0.63134766
vt 0.9536133 0.6201172
vt 0.92871094 0.61816406
vt 0.63378906 0.018356323
vt 0.64453125 0.012428284
vt 0.64453125 0.018356323
vt 0.63378906 0.012428284
vt 0.95703125 0.012428284
vt 0.95703125 0.018356323
vt 0.98095703 0.012428284
vt 0.9995117 0.0038394928
vt 0.9995117 -5.9604645E-08
vt 0.93115234 -5.9604645E-08
vt 0.9277344 0.012428284
vt 1 0.6347656
vt 0.9814453 0.6220703
vt 0.99853516 0.6303711
vt 0.93115234 0.62939453
vt 0.9321289 0.61865234
vt 0.6303711 -5.9604645E-08
vt 0.6303711 0.0038394928
vt 0.6347656 0.0038394928
vt 0.6347656 -5.9604645E-08
vt 0.99853516 0.0038394928
vt 0.99853516 -5.9604645E-08
vt 0.9814453 0.0038394928
vt 0.9814453 -5.9604645E-08
vt 0.9321289 -5.9604645E-08
vt 0.9536133 0.012428284
vt 0.92871094 0.012428284
vt 0.9682617 0.012428284
vt 0.9536133 0.018356323
vt 0.64208984 0.012428284
vt 0.63134766 0.012428284
vt 0.63183594 -5.9604645E-08
vt 0.6425781 -5.9604645E-08
vt 0.63134766 0.018356323
vt 0.6201172 0.018356323
vt 0.6201172 0.012428284
vt 0.63134766 0.012428284
vt 0.95703125 0.012428284
vt 0.9814453 0.012428284
vt 0.95703125 0.018356323
vt 1 0.0038394928
vt 1 -5.9604645E-08
vt 0.93115234 -5.9604645E-08
vt 0.9277344 0.012428284
vt 0.61816406 0.012428284
vt 0.61865234 -5.9604645E-08
vt 0.62890625 0.012428284
vt 0.62939453 -5.9604645E-08
vt 0.9975586 0.64160156
vt 0.9995117 0.6376953
vt 0.98095703 0.6357422
vt 0.9658203 0.6455078
vt 0.95703125 0.63378906
vt 0.9511719 0.64453125
vt 0.99853516 0.6303711
vt 0.9814453 0.6333008
vt 1 0.6347656
vt 0.9682617 0.62109375
vt 0.95703125 0.63134766
vt 0.9536133 0.6201172
vt 0.9277344 0.63134766
vt 0.92626953 0.64208984
vt 0.9511719 0.64453125
vt 0.95703125 0.63378906
vt 0.9790039 0.64697266
vt 0.9995117 0.6376953
vt 0.9975586 0.64160156
vt 0.93115234 0.63183594
vt 0.9296875 0.6425781
vt 0.9350586 0.6201172
vt 0.9423828 0.62109375
vt 0.9404297 0.64160156
vt 0.93310547 0.6411133
vt 0.6201172 0.013656616
vt 0.6411133 0.013656616
vt 0.640625 0.023010254
vt 0.6201172 0.023010254
vt 0.6201172 0.03237915
vt 0.6411133 0.03237915
vt 0.93310547 0.6411133
vt 0.9404297 0.64160156
vt 0.9423828 0.62109375
vt 0.9350586 0.6201172
vt 0.62109375 0.023010254
vt 0.62109375 0.03237915
vt 0.64160156 0.03237915
vt 0.64208984 0.023010254
vt 0.64160156 0.013656616
vt 0.62109375 0.013656616
vt 0.93310547 0.013656616
vt 0.9404297 0.013656616
vt 0.94384766 0.023010254
vt 0.9291992 0.023010254
vt 0.93310547 0.03237915
vt 0.9404297 0.03237915
vt 0.9458008 0.023010254
vt 0.9423828 0.013656616
vt 0.9350586 0.013656616
vt 0.9316406 0.023010254
vt 0.9423828 0.03237915
vt 0.9350586 0.03237915
vt 0.625 0.026351929
vt 0.6381836 0.036376953
vt 0.6401367 0.026351929
vt 0.62597656 0.036376953
vt 0.62939453 0.25708008
vt 0.62646484 0.27148438
vt 0.6020508 0.25708008
vt 0.60498047 0.27148438
vt 0.92871094 0.6225586
vt 0.9555664 0.625
vt 0.95410156 0.6401367
vt 0.9272461 0.6381836
vt 0.9135742 0.6376953
vt 0.91503906 0.62060547
vt 0.7680664 0.6308594
vt 0.7709961 0.6040039
vt 0.9511719 0.036376953
vt 0.9555664 0.026351929
vt 0.92871094 0.053527832
vt 0.7705078 0.23535156
vt 0.7480469 0.27148438
vt 0.75146484 0.25708008
vt 0.91503906 0.057739258
vt 0.7709961 0.21325684
vt 0.7685547 0.23535156
vt 0.74609375 0.27148438
vt 0.74853516 0.25708008
vt 0.9501953 0.036376953
vt 0.9272461 0.053527832
vt 0.95410156 0.026351929
vt 0.9135742 0.057739258
vt 0.7680664 0.21325684
vt 0.7705078 0.6044922
vt 0.7685547 0.6298828
vt 0.74853516 0.62939453
vt 0.75146484 0.6020508
vt 0.8964844 0.059448242
vt 0.90234375 0.06536865
vt 0.9121094 0.056396484
vt 0.9448242 0.015205383
vt 0.9238281 0.05996704
vt 0.9506836 0.03250122
vt 0.9511719 0.020004272
vt 0.9013672 0.6328125
vt 0.90234375 0.62353516
vt 0.8964844 0.6230469
vt 0.8955078 0.6323242
vt 0.9511719 0.62841797
vt 0.9506836 0.6357422
vt 0.9448242 0.6279297
vt 0.94384766 0.6352539
vt 0.8964844 0.6230469
vt 0.8955078 0.6323242
vt 0.9121094 0.6245117
vt 0.90234375 0.62353516
vt 0.9013672 0.6328125
vt 0.9111328 0.6333008
vt 0.9238281 0.6254883
vt 0.92333984 0.63427734
vt 0.8955078 0.059448242
vt 0.9111328 0.056396484
vt 0.9013672 0.06536865
vt 0.94384766 0.015205383
vt 0.92333984 0.05996704
vt 0.9501953 0.03250122
vt 0.9506836 0.020004272
vt 0.6357422 0.03250122
vt 0.6357422 0.020004272
vt 0.62841797 0.020004272
vt 0.62841797 0.03250122
vt 0.79052734 0.62597656
vt 0.7548828 0.625
vt 0.75683594 0.6074219
vt 0.7919922 0.6123047
vt 0.80810547 0.6274414
vt 0.8095703 0.61376953
vt 0.7709961 0.23168945
vt 0.8095703 0.18127441
vt 0.7919922 0.17834473
vt 0.75683594 0.20983887
vt 0.75341797 0.24401855
vt 0.74658203 0.23205566
vt 0.6064453 0.24401855
vt 0.625 0.23205566
vt 0.6254883 0.24401855
vt 0.60595703 0.23205566
vt 0.6074219 0.20983887
vt 0.625 0.20983887
vt 0.76953125 0.23168945
vt 0.79052734 0.17834473
vt 0.80810547 0.18127441
vt 0.7548828 0.20983887
vt 0.75146484 0.24401855
vt 0.7451172 0.23205566
vt 0.76953125 0.62646484
vt 0.7709961 0.60839844
vt 0.75341797 0.6064453
vt 0.75146484 0.6254883
vt 0.9501953 0.6381836
vt 0.7480469 0.60498047
vt 0.74609375 0.62646484
vt 0.9511719 0.62597656
vt 0.6298828 0.23535156
vt 0.6044922 0.23535156
vt 0.6040039 0.21325684
vt 0.6308594 0.21325684
vt 0.6088867 0.12194824
vt 0.5986328 0.103027344
vt 0.6196289 0.09472656
vt 0.6484375 0.14477539
vt 0.68652344 0.13916016
vt 0.7089844 0.1739502
vt 0.65185547 0.16345215
vt 0.74072266 0.2142334
vt 0.74902344 0.20080566
vt 0.76171875 0.21862793
vt 0.75341797 0.23205566
vt 0.7504883 0.60839844
vt 0.7089844 0.62060547
vt 0.7104492 0.6044922
vt 0.74902344 0.6230469
vt 0.7631836 0.609375
vt 0.76171875 0.62402344
vt 0.6044922 0.1739502
vt 0.62060547 0.1739502
vt 0.6191406 0.13916016
vt 0.60253906 0.13916016
vt 0.62109375 0.5957031
vt 0.68847656 0.60253906
vt 0.68652344 0.6191406
vt 0.6196289 0.6147461
vt 0.60009766 0.59375
vt 0.5986328 0.61328125
vt 0.65185547 0.6166992
vt 0.74072266 0.6225586
vt 0.7421875 0.6074219
vt 0.6538086 0.5991211
vt 0.61035156 0.12194824
vt 0.62109375 0.09472656
vt 0.60009766 0.103027344
vt 0.64990234 0.14477539
vt 0.68847656 0.13916016
vt 0.7104492 0.1739502
vt 0.6538086 0.16345215
vt 0.7421875 0.2142334
vt 0.7504883 0.20080566
vt 0.7631836 0.21862793
vt 0.7548828 0.23205566
vt 0.59472656 0.12194824
vt 0.61328125 0.103027344
vt 0.61376953 0.12194824
vt 0.59375 0.103027344
vt 0.6088867 0.61376953
vt 0.6484375 0.6166992
vt 0.64990234 0.5986328
vt 0.61035156 0.59472656
vt 0.6166992 0.16345215
vt 0.5991211 0.16345215
vt 0.6166992 0.14477539
vt 0.5986328 0.14477539
vt 0.59375 0.124572754
vt 0.6538086 0.15905762
vt 0.6459961 0.11804199
vt 0.5996094 0.08691406
vt 0.5830078 0.10284424
vt 0.5854492 0.09375
vt 0.5996094 0.59765625
vt 0.6459961 0.6020508
vt 0.64501953 0.61279297
vt 0.5986328 0.609375
vt 0.5839844 0.60839844
vt 0.5854492 0.5961914
vt 0.59228516 0.124572754
vt 0.64501953 0.11804199
vt 0.65283203 0.15905762
vt 0.5986328 0.08691406
vt 0.58154297 0.10284424
vt 0.5839844 0.09375
vt 0.59228516 0.609375
vt 0.65283203 0.61328125
vt 0.6538086 0.60302734
vt 0.59375 0.59716797
vt 0.609375 0.124572754
vt 0.59716797 0.124572754
vt 0.60839844 0.10284424
vt 0.5957031 0.10284424
vt 0.5961914 0.09375
vt 0.60839844 0.09375
vt 0.5888672 0.12719727
vt 0.61621094 0.12719727
vt 0.61621094 0.1027832
vt 0.5888672 0.1027832
vt 0.54833984 0.08520508
vt 0.58691406 0.12719727
vt 0.54833984 0.12719727
vt 0.58691406 0.1027832
vt 0.5800781 0.08520508
vt 0.58691406 0.61621094
vt 0.58935547 0.5888672
vt 0.55078125 0.5859375
vt 0.54833984 0.61328125
vt 0.55078125 0.12719727
vt 0.58935547 0.12719727
vt 0.55078125 0.08520508
vt 0.58935547 0.1027832
vt 0.58251953 0.08520508
vt 0.5888672 0.1027832
vt 0.61621094 0.1027832
vt 0.61572266 0.08520508
vt 0.5883789 0.08520508
vt 0.55078125 0.5859375
vt 0.58251953 0.5883789
vt 0.5800781 0.61572266
vt 0.54833984 0.61328125
vt 0.5234375 0.13708496
vt 0.53759766 0.13708496
vt 0.5234375 0.0914917
vt 0.53759766 0.0914917
vt 0.55029297 0.13708496
vt 0.55029297 0.0914917
vt 0.52197266 0.13708496
vt 0.52197266 0.0914917
vt 0.53466797 0.0914917
vt 0.53466797 0.13708496
vt 0.5488281 0.0914917
vt 0.5488281 0.13708496
vt 0.5488281 0.6064453
vt 0.53466797 0.61279297
vt 0.52197266 0.6044922
vt 0.5234375 0.59033203
vt 0.55029297 0.59228516
vt 0.53759766 0.5839844
vt 0.59228516 0.13708496
vt 0.6064453 0.13708496
vt 0.59228516 0.0914917
vt 0.6064453 0.0914917
vt 0.52197266 0.6044922
vt 0.53466797 0.61279297
vt 0.5488281 0.6064453
vt 0.5234375 0.59033203
vt 0.55029297 0.59228516
vt 0.53759766 0.5839844
vt 0.78027344 0.60791016
vt 0.7783203 0.62841797
vt 0.7714844 0.6279297
vt 0.7734375 0.6074219
vt 0.7680664 0.6069336
vt 0.7661133 0.6274414
vt 0.6069336 0.19787598
vt 0.6069336 0.1875
vt 0.6274414 0.1875
vt 0.6274414 0.19787598
vt 0.7680664 0.6274414
vt 0.7753906 0.6279297
vt 0.77001953 0.6069336
vt 0.77685547 0.60791016
vt 0.78222656 0.60791016
vt 0.78027344 0.62841797
vt 0.60791016 0.18261719
vt 0.60791016 0.19311523
vt 0.62841797 0.18261719
vt 0.62841797 0.19311523
vt 0.7661133 0.1875
vt 0.7714844 0.17980957
vt 0.7783203 0.18261719
vt 0.78027344 0.19311523
vt 0.7680664 0.19787598
vt 0.7753906 0.2006836
vt 0.77001953 0.19787598
vt 0.77685547 0.2006836
vt 0.78222656 0.19311523
vt 0.7680664 0.1875
vt 0.78027344 0.18261719
vt 0.7734375 0.17980957
vt 0.5859375 0.12719727
vt 0.5859375 0.08520508
vt 0.61328125 0.12719727
vt 0.61328125 0.08520508
vt 0.75341797 0.62353516
vt 0.7548828 0.60839844
vt 0.74072266 0.6225586
vt 0.7421875 0.6074219
vt 0.6044922 0.13708496
vt 0.59033203 0.13708496
vt 0.6044922 0.0914917
vt 0.59033203 0.0914917
vt 0.7446289 0.0038394928
vt 0.7495117 -5.9604645E-08
vt 0.7495117 0.0038394928
vt 0.7446289 -5.9604645E-08
vt 0.7294922 0.0038394928
vt 0.7294922 -5.9604645E-08
vt 0.73828125 0.95410156
vt 0.72558594 0.93408203
vt 0.7158203 0.9399414
vt 0.73046875 0.9633789
vt 0.97802734 0.012428284
vt 0.9663086 0.018356323
vt 0.9663086 0.012428284
vt 0.98876953 0.0038394928
vt 0.94873047 -5.9604645E-08
vt 0.94628906 0.012428284
vt 0.98876953 -5.9604645E-08
vt 0.72802734 0.018356323
vt 0.7158203 0.012428284
vt 0.7158203 0.018356323
vt 0.72802734 0.012428284
vt 0.96484375 0.012428284
vt 0.96484375 0.018356323
vt 0.984375 0.012428284
vt 0.99902344 0.0038394928
vt 0.99902344 -5.9604645E-08
vt 0.94384766 -5.9604645E-08
vt 0.94091797 0.012428284
vt 0.7524414 0.9980469
vt 0.7524414 0.9765625
vt 0.7553711 0.9941406
vt 0.71728516 0.9423828
vt 0.72753906 0.9370117
vt 0.9980469 0.0038394928
vt 0.9980469 -5.9604645E-08
vt 0.9941406 0.0038394928
vt 0.9941406 -5.9604645E-08
vt 0.9765625 0.0038394928
vt 0.9765625 -5.9604645E-08
vt 0.9370117 -5.9604645E-08
vt 0.95410156 0.012428284
vt 0.93408203 0.012428284
vt 0.9658203 0.012428284
vt 0.95410156 0.018356323
vt 0.7036133 0.012428284
vt 0.7133789 0.012428284
vt 0.7050781 -5.9604645E-08
vt 0.71533203 -5.9604645E-08
vt 0.9633789 0.018356323
vt 0.95410156 0.018356323
vt 0.95410156 0.012428284
vt 0.9633789 0.012428284
vt 0.9633789 0.012428284
vt 0.98291016 0.012428284
vt 0.9633789 0.018356323
vt 0.9980469 0.0038394928
vt 0.9980469 -5.9604645E-08
vt 0.9423828 -5.9604645E-08
vt 0.9399414 0.012428284
vt 0.71728516 -5.9604645E-08
vt 0.7158203 0.012428284
vt 0.72558594 0.012428284
vt 0.72753906 -5.9604645E-08
vt 0.7446289 1
vt 0.7495117 0.99902344
vt 0.7402344 0.984375
vt 0.72265625 0.97802734
vt 0.7294922 0.98876953
vt 0.72802734 0.96484375
vt 0.7158203 0.9663086
vt 0.7553711 0.9941406
vt 0.7426758 0.98291016
vt 0.7524414 0.9980469
vt 0.74609375 0.9658203
vt 0.73046875 0.9633789
vt 0.73828125 0.95410156
vt 0.7133789 0.94091797
vt 0.7036133 0.94628906
vt 0.7158203 0.9663086
vt 0.72802734 0.96484375
vt 0.7294922 0.98876953
vt 0.7495117 0.99902344
vt 0.7446289 1
vt 0.71533203 0.94384766
vt 0.7050781 0.94873047
vt 0.71191406 0.95654297
vt 0.7080078 0.9506836
vt 0.72753906 0.9404297
vt 0.7314453 0.94628906
vt 0.72558594 0.023010254
vt 0.72753906 0.013656616
vt 0.7080078 0.013656616
vt 0.7060547 0.023010254
vt 0.7080078 0.03237915
vt 0.72753906 0.03237915
vt 0.7314453 0.94628906
vt 0.72753906 0.9404297
vt 0.7080078 0.9506836
vt 0.71191406 0.95654297
vt 0.71191406 0.03237915
vt 0.7133789 0.023010254
vt 0.7314453 0.03237915
vt 0.73291016 0.023010254
vt 0.7314453 0.013656616
vt 0.71191406 0.013656616
vt 0.95654297 0.03237915
vt 0.9506836 0.03237915
vt 0.9477539 0.023010254
vt 0.95947266 0.023010254
vt 0.9506836 0.013656616
vt 0.95654297 0.013656616
vt 0.9404297 0.03237915
vt 0.94628906 0.03237915
vt 0.94921875 0.023010254
vt 0.9375 0.023010254
vt 0.9404297 0.013656616
vt 0.94628906 0.013656616
vt 0.7314453 0.036376953
vt 0.7207031 0.036376953
vt 0.7211914 0.026351929
vt 0.73535156 0.026351929
vt 0.61279297 0.25708008
vt 0.61376953 0.27148438
vt 0.63427734 0.27148438
vt 0.6381836 0.25708008
vt 0.7211914 0.9663086
vt 0.72216797 0.93652344
vt 0.73535156 0.9584961
vt 0.70751953 0.94433594
vt 0.7158203 0.92529297
vt 0.7001953 0.93359375
vt 0.6479492 0.80615234
vt 0.6225586 0.81933594
vt 0.9560547 0.036376953
vt 0.9584961 0.026351929
vt 0.93652344 0.053527832
vt 0.8066406 0.23535156
vt 0.7895508 0.27148438
vt 0.79052734 0.25708008
vt 0.92529297 0.057739258
vt 0.80615234 0.21325684
vt 0.62353516 0.23535156
vt 0.61376953 0.27148438
vt 0.61279297 0.25708008
vt 0.7207031 0.036376953
vt 0.70751953 0.053527832
vt 0.7211914 0.026351929
vt 0.61279297 0.80371094
vt 0.6381836 0.79052734
vt 0.64697266 0.8066406
vt 0.62353516 0.81933594
vt 0.9121094 0.059448242
vt 0.9169922 0.06536865
vt 0.9248047 0.056396484
vt 0.95214844 0.015205383
vt 0.9350586 0.05996704
vt 0.95703125 0.03250122
vt 0.95751953 0.020004272
vt 0.703125 0.9121094
vt 0.69433594 0.9169922
vt 0.6972656 0.921875
vt 0.7060547 0.9169922
vt 0.7265625 0.95214844
vt 0.7294922 0.95751953
vt 0.72314453 0.9609375
vt 0.71972656 0.9555664
vt 0.703125 0.9121094
vt 0.69433594 0.9169922
vt 0.7109375 0.9248047
vt 0.7060547 0.9169922
vt 0.6972656 0.921875
vt 0.70214844 0.9296875
vt 0.7167969 0.9350586
vt 0.7084961 0.9394531
vt 0.9169922 0.059448242
vt 0.9296875 0.056396484
vt 0.921875 0.06536865
vt 0.9555664 0.015205383
vt 0.9394531 0.05996704
vt 0.9604492 0.03250122
vt 0.9609375 0.020004272
vt 0.7294922 0.03250122
vt 0.72265625 0.03250122
vt 0.72314453 0.020004272
vt 0.7294922 0.020004272
vt 0.6201172 0.80615234
vt 0.63671875 0.7973633
vt 0.63964844 0.8339844
vt 0.65283203 0.82666016
vt 0.6611328 0.8408203
vt 0.6484375 0.84765625
vt 0.80908203 0.23168945
vt 0.8408203 0.18127441
vt 0.82666016 0.17834473
vt 0.7973633 0.20983887
vt 0.7890625 0.23205566
vt 0.7939453 0.24401855
vt 0.6176758 0.24401855
vt 0.6357422 0.24401855
vt 0.6323242 0.23205566
vt 0.6147461 0.23205566
vt 0.6201172 0.20983887
vt 0.63671875 0.20983887
vt 0.8339844 0.17834473
vt 0.84765625 0.18127441
vt 0.8178711 0.23168945
vt 0.80615234 0.20983887
vt 0.79833984 0.23205566
vt 0.80371094 0.24401855
vt 0.93359375 0.057739258
vt 0.94433594 0.053527832
vt 0.81933594 0.23535156
vt 0.81933594 0.21325684
vt 0.6357422 0.7939453
vt 0.6176758 0.80371094
vt 0.64404297 0.80908203
vt 0.6269531 0.8178711
vt 0.7207031 0.96191406
vt 0.7314453 0.9560547
vt 0.63427734 0.7895508
vt 0.61376953 0.80029297
vt 0.64697266 0.23535156
vt 0.6225586 0.21325684
vt 0.62353516 0.23535156
vt 0.6479492 0.21325684
vt 0.68847656 0.12194824
vt 0.68066406 0.103027344
vt 0.6972656 0.09472656
vt 0.72021484 0.14477539
vt 0.75097656 0.13916016
vt 0.7685547 0.1739502
vt 0.72314453 0.16345215
vt 0.7939453 0.2142334
vt 0.80029297 0.20080566
vt 0.81103516 0.21862793
vt 0.8041992 0.23205566
vt 0.6279297 0.7861328
vt 0.58496094 0.71435547
vt 0.5683594 0.72314453
vt 0.6142578 0.7939453
vt 0.6791992 0.12194824
vt 0.6879883 0.09472656
vt 0.67089844 0.103027344
vt 0.7114258 0.14477539
vt 0.7426758 0.13916016
vt 0.7607422 0.1739502
vt 0.71435547 0.16345215
vt 0.7861328 0.2142334
vt 0.79296875 0.20080566
vt 0.80322266 0.21862793
vt 0.796875 0.23205566
vt 0.5517578 0.6972656
vt 0.54052734 0.68066406
vt 0.55908203 0.67089844
vt 0.56933594 0.6879883
vt 0.6020508 0.7426758
vt 0.5864258 0.75097656
vt 0.61279297 0.7607422
vt 0.59765625 0.7685547
vt 0.6323242 0.79296875
vt 0.61816406 0.80029297
vt 0.625 0.81103516
vt 0.6386719 0.80322266
vt 0.54589844 0.12194824
vt 0.56396484 0.12194824
vt 0.55908203 0.103027344
vt 0.54052734 0.103027344
vt 0.56640625 0.72021484
vt 0.5834961 0.7114258
vt 0.56396484 0.6791992
vt 0.54589844 0.68847656
vt 0.5683594 0.16345215
vt 0.58496094 0.16345215
vt 0.5834961 0.14477539
vt 0.56640625 0.14477539
vt 0.66748047 0.124572754
vt 0.7163086 0.15905762
vt 0.7104492 0.11804199
vt 0.6723633 0.08691406
vt 0.6586914 0.10284424
vt 0.66064453 0.09375
vt 0.55566406 0.6723633
vt 0.578125 0.7104492
vt 0.5683594 0.71533203
vt 0.5439453 0.67871094
vt 0.54833984 0.66064453
vt 0.5366211 0.6669922
vt 0.6738281 0.124572754
vt 0.71533203 0.11804199
vt 0.7216797 0.15905762
vt 0.67871094 0.08691406
vt 0.66503906 0.10284424
vt 0.6669922 0.09375
vt 0.5722656 0.7216797
vt 0.58154297 0.7163086
vt 0.5522461 0.66748047
vt 0.5410156 0.6738281
vt 0.5410156 0.124572754
vt 0.5522461 0.124572754
vt 0.5473633 0.10284424
vt 0.53564453 0.10284424
vt 0.5366211 0.09375
vt 0.54833984 0.09375
vt 0.53125 0.12719727
vt 0.5571289 0.1027832
vt 0.5571289 0.12719727
vt 0.53125 0.1027832
vt 0.64208984 0.08520508
vt 0.67333984 0.12719727
vt 0.64208984 0.12719727
vt 0.67333984 0.1027832
vt 0.66796875 0.08520508
vt 0.53759766 0.62841797
vt 0.51171875 0.64208984
vt 0.53125 0.67333984
vt 0.5571289 0.65966797
vt 0.62841797 0.12719727
vt 0.65966797 0.12719727
vt 0.62841797 0.08520508
vt 0.65966797 0.1027832
vt 0.6542969 0.08520508
vt 0.55371094 0.08520508
vt 0.5571289 0.1027832
vt 0.53125 0.1027832
vt 0.52783203 0.08520508
vt 0.52783203 0.66796875
vt 0.51171875 0.64208984
vt 0.53759766 0.62841797
vt 0.55371094 0.6542969
vt 0.5317383 0.13708496
vt 0.5317383 0.0914917
vt 0.5180664 0.0914917
vt 0.5180664 0.13708496
vt 0.5048828 0.0914917
vt 0.5048828 0.13708496
vt 0.63183594 0.0914917
vt 0.63183594 0.13708496
vt 0.6176758 0.13708496
vt 0.6176758 0.0914917
vt 0.5048828 0.13708496
vt 0.5048828 0.0914917
vt 0.5180664 0.0914917
vt 0.5180664 0.13708496
vt 0.5317383 0.0914917
vt 0.5317383 0.13708496
vt 0.5180664 0.61035156
vt 0.5317383 0.6176758
vt 0.5317383 0.63183594
vt 0.5180664 0.63916016
vt 0.5048828 0.6176758
vt 0.5048828 0.63183594
vt 0.6176758 0.0914917
vt 0.6176758 0.13708496
vt 0.63183594 0.13708496
vt 0.63183594 0.0914917
vt 0.5048828 0.6176758
vt 0.5048828 0.63183594
vt 0.5180664 0.63916016
vt 0.5180664 0.61035156
vt 0.5317383 0.63183594
vt 0.5317383 0.6176758
vt 0.6464844 0.8100586
vt 0.64990234 0.8154297
vt 0.6308594 0.8256836
vt 0.6269531 0.8203125
vt 0.6435547 0.80566406
vt 0.6245117 0.81591797
vt 0.6254883 0.19787598
vt 0.64453125 0.19787598
vt 0.6435547 0.1875
vt 0.6245117 0.1875
vt 0.64453125 0.8071289
vt 0.6254883 0.8173828
vt 0.62890625 0.8232422
vt 0.6479492 0.8129883
vt 0.63183594 0.8276367
vt 0.6508789 0.8173828
vt 0.64990234 0.18261719
vt 0.6508789 0.19311523
vt 0.63183594 0.19311523
vt 0.6308594 0.18261719
vt 0.81591797 0.1875
vt 0.8203125 0.17980957
vt 0.8256836 0.18261719
vt 0.8276367 0.19311523
vt 0.8173828 0.19787598
vt 0.8232422 0.2006836
vt 0.8071289 0.19787598
vt 0.8129883 0.2006836
vt 0.8173828 0.19311523
vt 0.80566406 0.1875
vt 0.8154297 0.18261719
vt 0.8100586 0.17980957
vt 0.64160156 0.8232422
vt 0.64501953 0.8222656
vt 0.5888672 0.7319336
vt 0.5854492 0.73291016
vt 0.8256836 0.19396973
vt 0.8232422 0.19885254
vt 0.73535156 0.14916992
vt 0.73291016 0.1541748
vt 0.6425781 0.82470703
vt 0.63916016 0.8256836
vt 0.5864258 0.734375
vt 0.5830078 0.73535156
vt 0.734375 0.14428711
vt 0.7319336 0.14916992
vt 0.8222656 0.19396973
vt 0.82470703 0.18908691
vt 0.53759766 0.12719727
vt 0.53759766 0.08520508
vt 0.51171875 0.08520508
vt 0.51171875 0.12719727
vt 0.6347656 0.796875
vt 0.6279297 0.7861328
vt 0.6142578 0.7939453
vt 0.62060547 0.8041992
vt 0.9980469 -5.9604645E-08
vt 0.9980469 0.0038394928
vt 0.9941406 0.0038394928
vt 0.9941406 -5.9604645E-08
vt 0.9765625 0.0038394928
vt 0.9765625 -5.9604645E-08
vt 0.9370117 -5.9604645E-08
vt 0.95410156 0.012428284
vt 0.93408203 0.012428284
vt 0.9658203 0.012428284
vt 0.95410156 0.018356323
vt 0.2866211 0.94091797
vt 0.27172852 0.96484375
vt 0.2841797 0.9663086
vt 0.29663086 0.94628906
vt 0.9633789 0.018356323
vt 0.95410156 0.012428284
vt 0.95410156 0.018356323
vt 0.9633789 0.012428284
vt 0.9633789 0.012428284
vt 0.9633789 0.018356323
vt 0.98291016 0.012428284
vt 0.9980469 0.0038394928
vt 0.9980469 -5.9604645E-08
vt 0.9423828 -5.9604645E-08
vt 0.9399414 0.012428284
vt 0.25048828 0.99902344
vt 0.2705078 0.98876953
vt 0.25512695 1
vt 0.2849121 0.94384766
vt 0.29492188 0.94873047
vt 0.25048828 0.0038394928
vt 0.25048828 -5.9604645E-08
vt 0.25512695 0.0038394928
vt 0.25512695 -5.9604645E-08
vt 0.2705078 0.0038394928
vt 0.2705078 -5.9604645E-08
vt 0.94873047 -5.9604645E-08
vt 0.98876953 0.0038394928
vt 0.98876953 -5.9604645E-08
vt 0.9663086 0.012428284
vt 0.94628906 0.012428284
vt 0.97802734 0.012428284
vt 0.9663086 0.018356323
vt 0.27416992 0.012428284
vt 0.2841797 0.012428284
vt 0.2824707 -5.9604645E-08
vt 0.27246094 -5.9604645E-08
vt 0.27172852 0.018356323
vt 0.2841797 0.018356323
vt 0.2841797 0.012428284
vt 0.27172852 0.012428284
vt 0.96484375 0.012428284
vt 0.984375 0.012428284
vt 0.96484375 0.018356323
vt 0.99902344 0.0038394928
vt 0.99902344 -5.9604645E-08
vt 0.94384766 -5.9604645E-08
vt 0.94091797 0.012428284
vt 0.29663086 0.012428284
vt 0.29492188 -5.9604645E-08
vt 0.2866211 0.012428284
vt 0.2849121 -5.9604645E-08
vt 0.2446289 0.9941406
vt 0.24780273 0.9980469
vt 0.25708008 0.98291016
vt 0.2541504 0.9658203
vt 0.2692871 0.9633789
vt 0.2614746 0.95410156
vt 0.25512695 1
vt 0.25976562 0.984375
vt 0.25048828 0.99902344
vt 0.2770996 0.97802734
vt 0.2705078 0.98876953
vt 0.27172852 0.96484375
vt 0.2841797 0.9663086
vt 0.2841797 0.9399414
vt 0.27416992 0.93408203
vt 0.2614746 0.95410156
vt 0.2692871 0.9633789
vt 0.24743652 0.9765625
vt 0.24780273 0.9980469
vt 0.2446289 0.9941406
vt 0.2824707 0.9423828
vt 0.27246094 0.9370117
vt 0.2919922 0.9506836
vt 0.28833008 0.95654297
vt 0.26879883 0.94628906
vt 0.27246094 0.9404297
vt 0.2919922 0.013656616
vt 0.27246094 0.013656616
vt 0.27416992 0.023010254
vt 0.29370117 0.023010254
vt 0.2919922 0.03237915
vt 0.27246094 0.03237915
vt 0.27246094 0.9404297
vt 0.26879883 0.94628906
vt 0.28833008 0.95654297
vt 0.2919922 0.9506836
vt 0.28637695 0.023010254
vt 0.28833008 0.03237915
vt 0.26879883 0.03237915
vt 0.2668457 0.023010254
vt 0.26879883 0.013656616
vt 0.28833008 0.013656616
vt 0.9404297 0.013656616
vt 0.94628906 0.013656616
vt 0.94921875 0.023010254
vt 0.9375 0.023010254
vt 0.9404297 0.03237915
vt 0.94628906 0.03237915
vt 0.95947266 0.023010254
vt 0.95654297 0.013656616
vt 0.9506836 0.013656616
vt 0.9477539 0.023010254
vt 0.95654297 0.03237915
vt 0.9506836 0.03237915
vt 0.26831055 0.036376953
vt 0.2788086 0.026351929
vt 0.27929688 0.036376953
vt 0.26464844 0.026351929
vt 0.3618164 0.25708008
vt 0.36572266 0.27148438
vt 0.38720703 0.25708008
vt 0.38598633 0.27148438
vt 0.29248047 0.94433594
vt 0.2788086 0.9663086
vt 0.26464844 0.9584961
vt 0.27783203 0.93652344
vt 0.30004883 0.93359375
vt 0.2841797 0.92529297
vt 0.37719727 0.81933594
vt 0.35229492 0.80615234
vt 0.8066406 0.23535156
vt 0.7895508 0.27148438
vt 0.79052734 0.25708008
vt 0.9560547 0.036376953
vt 0.93652344 0.053527832
vt 0.9584961 0.026351929
vt 0.92529297 0.057739258
vt 0.80615234 0.21325684
vt 0.37670898 0.81933594
vt 0.3527832 0.8066406
vt 0.3618164 0.79052734
vt 0.38720703 0.80371094
vt 0.9169922 0.059448242
vt 0.921875 0.06536865
vt 0.9296875 0.056396484
vt 0.9555664 0.015205383
vt 0.9394531 0.05996704
vt 0.9604492 0.03250122
vt 0.9609375 0.020004272
vt 0.2939453 0.9169922
vt 0.30273438 0.921875
vt 0.30566406 0.9169922
vt 0.296875 0.9121094
vt 0.27685547 0.9609375
vt 0.27026367 0.95751953
vt 0.28027344 0.9555664
vt 0.27368164 0.95214844
vt 0.30566406 0.9169922
vt 0.296875 0.9121094
vt 0.29785156 0.9296875
vt 0.30273438 0.921875
vt 0.2939453 0.9169922
vt 0.2890625 0.9248047
vt 0.2915039 0.9394531
vt 0.28320312 0.9350586
vt 0.9121094 0.059448242
vt 0.9248047 0.056396484
vt 0.9169922 0.06536865
vt 0.95214844 0.015205383
vt 0.9350586 0.05996704
vt 0.95703125 0.03250122
vt 0.95751953 0.020004272
vt 0.2705078 0.03250122
vt 0.27026367 0.020004272
vt 0.27685547 0.020004272
vt 0.27734375 0.03250122
vt 0.36328125 0.7973633
vt 0.3798828 0.80615234
vt 0.36035156 0.8339844
vt 0.34716797 0.82666016
vt 0.35131836 0.84765625
vt 0.33862305 0.8408203
vt 0.8178711 0.23168945
vt 0.84765625 0.18127441
vt 0.8339844 0.17834473
vt 0.80615234 0.20983887
vt 0.79833984 0.23205566
vt 0.80371094 0.24401855
vt 0.38232422 0.24401855
vt 0.36791992 0.23205566
vt 0.36450195 0.24401855
vt 0.38549805 0.23205566
vt 0.3798828 0.20983887
vt 0.36328125 0.20983887
vt 0.82666016 0.17834473
vt 0.8408203 0.18127441
vt 0.80908203 0.23168945
vt 0.7973633 0.20983887
vt 0.7890625 0.23205566
vt 0.7939453 0.24401855
vt 0.93359375 0.057739258
vt 0.81933594 0.21325684
vt 0.81933594 0.23535156
vt 0.94433594 0.053527832
vt 0.96191406 0.036376953
vt 0.80029297 0.27148438
vt 0.36450195 0.7939453
vt 0.3557129 0.80908203
vt 0.37280273 0.8178711
vt 0.38232422 0.80371094
vt 0.36572266 0.7895508
vt 0.26831055 0.9560547
vt 0.27929688 0.96191406
vt 0.38598633 0.80029297
vt 0.3527832 0.23535156
vt 0.37670898 0.23535156
vt 0.37719727 0.21325684
vt 0.35229492 0.21325684
vt 0.6791992 0.12194824
vt 0.67089844 0.103027344
vt 0.6879883 0.09472656
vt 0.7114258 0.14477539
vt 0.7426758 0.13916016
vt 0.7607422 0.1739502
vt 0.71435547 0.16345215
vt 0.7861328 0.2142334
vt 0.79296875 0.20080566
vt 0.80322266 0.21862793
vt 0.796875 0.23205566
vt 0.41503906 0.71435547
vt 0.37182617 0.7861328
vt 0.38598633 0.7939453
vt 0.43164062 0.72314453
vt 0.68847656 0.12194824
vt 0.6972656 0.09472656
vt 0.68066406 0.103027344
vt 0.72021484 0.14477539
vt 0.75097656 0.13916016
vt 0.7685547 0.1739502
vt 0.72314453 0.16345215
vt 0.7939453 0.2142334
vt 0.80029297 0.20080566
vt 0.81103516 0.21862793
vt 0.8041992 0.23205566
vt 0.45922852 0.68066406
vt 0.43066406 0.6879883
vt 0.44091797 0.67089844
vt 0.44848633 0.6972656
vt 0.39794922 0.7426758
vt 0.41357422 0.75097656
vt 0.4020996 0.7685547
vt 0.38720703 0.7607422
vt 0.3815918 0.80029297
vt 0.36767578 0.79296875
vt 0.36132812 0.80322266
vt 0.37524414 0.81103516
vt 0.45410156 0.12194824
vt 0.44091797 0.103027344
vt 0.43603516 0.12194824
vt 0.45922852 0.103027344
vt 0.43603516 0.6791992
vt 0.41674805 0.7114258
vt 0.4333496 0.72021484
vt 0.45410156 0.68847656
vt 0.41503906 0.16345215
vt 0.43164062 0.16345215
vt 0.41674805 0.14477539
vt 0.4333496 0.14477539
vt 0.6738281 0.124572754
vt 0.7216797 0.15905762
vt 0.71533203 0.11804199
vt 0.67871094 0.08691406
vt 0.66503906 0.10284424
vt 0.6669922 0.09375
vt 0.45581055 0.67871094
vt 0.43188477 0.71533203
vt 0.421875 0.7104492
vt 0.44458008 0.6723633
vt 0.4633789 0.6669922
vt 0.45166016 0.66064453
vt 0.66748047 0.124572754
vt 0.7104492 0.11804199
vt 0.7163086 0.15905762
vt 0.6723633 0.08691406
vt 0.6586914 0.10284424
vt 0.66064453 0.09375
vt 0.44750977 0.66748047
vt 0.4182129 0.7163086
vt 0.42797852 0.7216797
vt 0.45898438 0.6738281
vt 0.44750977 0.124572754
vt 0.45898438 0.124572754
vt 0.45288086 0.10284424
vt 0.4645996 0.10284424
vt 0.4633789 0.09375
vt 0.45166016 0.09375
vt 0.46850586 0.12719727
vt 0.4428711 0.12719727
vt 0.4428711 0.1027832
vt 0.46850586 0.1027832
vt 0.62841797 0.08520508
vt 0.65966797 0.12719727
vt 0.62841797 0.12719727
vt 0.65966797 0.1027832
vt 0.6542969 0.08520508
vt 0.4428711 0.65966797
vt 0.46850586 0.67333984
vt 0.4880371 0.64208984
vt 0.46240234 0.62841797
vt 0.64208984 0.12719727
vt 0.67333984 0.12719727
vt 0.64208984 0.08520508
vt 0.67333984 0.1027832
vt 0.66796875 0.08520508
vt 0.46850586 0.1027832
vt 0.4428711 0.1027832
vt 0.44628906 0.08520508
vt 0.47192383 0.08520508
vt 0.4880371 0.64208984
vt 0.47192383 0.66796875
vt 0.44628906 0.6542969
vt 0.46240234 0.62841797
vt 0.6176758 0.13708496
vt 0.63183594 0.13708496
vt 0.6176758 0.0914917
vt 0.63183594 0.0914917
vt 0.46850586 0.13708496
vt 0.4819336 0.13708496
vt 0.46850586 0.0914917
vt 0.4819336 0.0914917
vt 0.4951172 0.13708496
vt 0.4951172 0.0914917
vt 0.63183594 0.13708496
vt 0.6176758 0.13708496
vt 0.63183594 0.0914917
vt 0.6176758 0.0914917
vt 0.46850586 0.63183594
vt 0.46850586 0.6176758
vt 0.4819336 0.61035156
vt 0.4951172 0.6176758
vt 0.4819336 0.63916016
vt 0.4951172 0.63183594
vt 0.46850586 0.13708496
vt 0.46850586 0.0914917
vt 0.4819336 0.0914917
vt 0.4819336 0.13708496
vt 0.4951172 0.0914917
vt 0.4951172 0.13708496
vt 0.4819336 0.61035156
vt 0.46850586 0.6176758
vt 0.46850586 0.63183594
vt 0.4951172 0.6176758
vt 0.4819336 0.63916016
vt 0.4951172 0.63183594
vt 0.36938477 0.8256836
vt 0.35009766 0.8154297
vt 0.35375977 0.8100586
vt 0.37280273 0.8203125
vt 0.37548828 0.81591797
vt 0.35620117 0.80566406
vt 0.37451172 0.19787598
vt 0.37548828 0.1875
vt 0.35620117 0.1875
vt 0.35546875 0.19787598
vt 0.35546875 0.8071289
vt 0.35180664 0.8129883
vt 0.37451172 0.8173828
vt 0.3708496 0.8232422
vt 0.3684082 0.8276367
vt 0.34936523 0.8173828
vt 0.36938477 0.18261719
vt 0.3684082 0.19311523
vt 0.35009766 0.18261719
vt 0.34936523 0.19311523
vt 0.80566406 0.1875
vt 0.8100586 0.17980957
vt 0.8154297 0.18261719
vt 0.8173828 0.19311523
vt 0.8071289 0.19787598
vt 0.8129883 0.2006836
vt 0.8173828 0.19787598
vt 0.8232422 0.2006836
vt 0.8276367 0.19311523
vt 0.81591797 0.1875
vt 0.8256836 0.18261719
vt 0.8203125 0.17980957
vt 0.73535156 0.14916992
vt 0.73291016 0.1541748
vt 0.8232422 0.19885254
vt 0.8256836 0.19396973
vt 0.4111328 0.7319336
vt 0.35473633 0.8222656
vt 0.3581543 0.8232422
vt 0.41455078 0.73291016
vt 0.82470703 0.18908691
vt 0.8222656 0.19396973
vt 0.734375 0.14428711
vt 0.7319336 0.14916992
vt 0.41357422 0.734375
vt 0.4169922 0.73535156
vt 0.3605957 0.8256836
vt 0.35717773 0.82470703
vt 0.4880371 0.12719727
vt 0.4880371 0.08520508
vt 0.46240234 0.12719727
vt 0.46240234 0.08520508
vt 0.36547852 0.796875
vt 0.37939453 0.8041992
vt 0.37182617 0.7861328
vt 0.38598633 0.7939453
vt 0.6347656 0.0038394928
vt 0.6303711 0.0038394928
vt 0.6303711 -5.9604645E-08
vt 0.6347656 -5.9604645E-08
vt 0.018478394 0.0038394928
vt 0.0012760162 -5.9604645E-08
vt 0.0012760162 0.0038394928
vt 0.018478394 -5.9604645E-08
vt 0.067993164 -5.9604645E-08
vt 0.0463562 0.012428284
vt 0.0713501 0.012428284
vt 0.03189087 0.012428284
vt 0.0463562 0.018356323
vt 0.04864502 0.64453125
vt 0.07354736 0.64208984
vt 0.072387695 0.63134766
vt 0.04309082 0.63378906
vt 0.63134766 0.018356323
vt 0.6201172 0.012428284
vt 0.6201172 0.018356323
vt 0.63134766 0.012428284
vt 0.04284668 0.012428284
vt 0.04284668 0.018356323
vt 0.01864624 0.012428284
vt 0 0.0038394928
vt 0 -5.9604645E-08
vt 0.068847656 -5.9604645E-08
vt 0.072143555 0.012428284
vt 0.00026512146 0.6376953
vt 0.02079773 0.64697266
vt 0.0023403168 0.64160156
vt 0.0690918 0.63183594
vt 0.070251465 0.6425781
vt 0.6376953 0.0038394928
vt 0.6376953 -5.9604645E-08
vt 0.64160156 -5.9604645E-08
vt 0.64160156 0.0038394928
vt 0.0023403168 0.0038394928
vt 0.0023403168 -5.9604645E-08
vt 0.02079773 0.0038394928
vt 0.02079773 -5.9604645E-08
vt 0.070251465 -5.9604645E-08
vt 0.04864502 0.012428284
vt 0.07354736 0.012428284
vt 0.034210205 0.012428284
vt 0.04864502 0.018356323
vt 0.61816406 0.012428284
vt 0.62890625 0.012428284
vt 0.61865234 -5.9604645E-08
vt 0.62939453 -5.9604645E-08
vt 0.63378906 0.018356323
vt 0.64453125 0.018356323
vt 0.64453125 0.012428284
vt 0.63378906 0.012428284
vt 0.04309082 0.012428284
vt 0.01890564 0.012428284
vt 0.04309082 0.018356323
vt 0.00026512146 0.0038394928
vt 0.00026512146 -5.9604645E-08
vt 0.0690918 -5.9604645E-08
vt 0.072387695 0.012428284
vt 0.64208984 0.012428284
vt 0.6425781 -5.9604645E-08
vt 0.63183594 -5.9604645E-08
vt 0.63134766 0.012428284
vt 0.0012760162 0.6303711
vt 0 0.6347656
vt 0.01864624 0.6333008
vt 0.03189087 0.62109375
vt 0.04284668 0.63134766
vt 0.0463562 0.6201172
vt 0.0023403168 0.64160156
vt 0.01890564 0.6357422
vt 0.00026512146 0.6376953
vt 0.034210205 0.6455078
vt 0.04309082 0.63378906
vt 0.04864502 0.64453125
vt 0.072143555 0.62890625
vt 0.0713501 0.61816406
vt 0.0463562 0.6201172
vt 0.04284668 0.63134766
vt 0.018478394 0.6220703
vt 0 0.6347656
vt 0.0012760162 0.6303711
vt 0.068847656 0.62939453
vt 0.067993164 0.61865234
vt 0.05770874 0.62109375
vt 0.064941406 0.6201172
vt 0.06695557 0.6411133
vt 0.059661865 0.64160156
vt 0.640625 0.023010254
vt 0.6411133 0.013656616
vt 0.6201172 0.013656616
vt 0.6201172 0.023010254
vt 0.6201172 0.03237915
vt 0.6411133 0.03237915
vt 0.059661865 0.64160156
vt 0.06695557 0.6411133
vt 0.064941406 0.6201172
vt 0.05770874 0.62109375
vt 0.62109375 0.03237915
vt 0.62109375 0.023010254
vt 0.64160156 0.03237915
vt 0.64208984 0.023010254
vt 0.64160156 0.013656616
vt 0.62109375 0.013656616
vt 0.064941406 0.013656616
vt 0.05770874 0.013656616
vt 0.05407715 0.023010254
vt 0.068603516 0.023010254
vt 0.064941406 0.03237915
vt 0.05770874 0.03237915
vt 0.06695557 0.03237915
vt 0.059661865 0.03237915
vt 0.056030273 0.023010254
vt 0.07055664 0.023010254
vt 0.06695557 0.013656616
vt 0.059661865 0.013656616
vt 0.625 0.026351929
vt 0.6401367 0.026351929
vt 0.6381836 0.036376953
vt 0.62597656 0.036376953
vt 0.6020508 0.25708008
vt 0.60498047 0.27148438
vt 0.62646484 0.27148438
vt 0.62939453 0.25708008
vt 0.045684814 0.6401367
vt 0.044281006 0.625
vt 0.07269287 0.6381836
vt 0.07122803 0.6225586
vt 0.08648682 0.6376953
vt 0.0848999 0.62060547
vt 0.23168945 0.6308594
vt 0.22912598 0.6040039
vt 0.049957275 0.036376953
vt 0.045684814 0.026351929
vt 0.07269287 0.053527832
vt 0.23168945 0.23535156
vt 0.25390625 0.27148438
vt 0.2512207 0.25708008
vt 0.08648682 0.057739258
vt 0.23168945 0.21325684
vt 0.22924805 0.23535156
vt 0.25170898 0.27148438
vt 0.24865723 0.25708008
vt 0.048858643 0.036376953
vt 0.07122803 0.053527832
vt 0.044281006 0.026351929
vt 0.0848999 0.057739258
vt 0.22912598 0.21325684
vt 0.24865723 0.6020508
vt 0.2512207 0.62939453
vt 0.23168945 0.6298828
vt 0.22924805 0.6044922
vt 0.10455322 0.059448242
vt 0.09863281 0.06536865
vt 0.08886719 0.056396484
vt 0.056030273 0.015205383
vt 0.07684326 0.05996704
vt 0.049987793 0.03250122
vt 0.04928589 0.020004272
vt 0.10455322 0.6323242
vt 0.103637695 0.6230469
vt 0.097717285 0.62353516
vt 0.09863281 0.6328125
vt 0.056030273 0.6352539
vt 0.04928589 0.6357422
vt 0.048614502 0.62841797
vt 0.055358887 0.6279297
vt 0.10455322 0.6323242
vt 0.103637695 0.6230469
vt 0.08886719 0.6333008
vt 0.09863281 0.6328125
vt 0.097717285 0.62353516
vt 0.08795166 0.6245117
vt 0.07684326 0.63427734
vt 0.07598877 0.6254883
vt 0.103637695 0.059448242
vt 0.08795166 0.056396484
vt 0.097717285 0.06536865
vt 0.055358887 0.015205383
vt 0.07598877 0.05996704
vt 0.049316406 0.03250122
vt 0.048614502 0.020004272
vt 0.6357422 0.03250122
vt 0.62841797 0.03250122
vt 0.62841797 0.020004272
vt 0.6357422 0.020004272
vt 0.24328613 0.6074219
vt 0.24499512 0.625
vt 0.20947266 0.62597656
vt 0.20812988 0.6123047
vt 0.19189453 0.6274414
vt 0.19055176 0.61376953
vt 0.23059082 0.23168945
vt 0.19189453 0.18127441
vt 0.20947266 0.17834473
vt 0.24499512 0.20983887
vt 0.24853516 0.24401855
vt 0.25512695 0.23205566
vt 0.6064453 0.24401855
vt 0.6254883 0.24401855
vt 0.625 0.23205566
vt 0.60595703 0.23205566
vt 0.6074219 0.20983887
vt 0.625 0.20983887
vt 0.22888184 0.23168945
vt 0.20812988 0.17834473
vt 0.19055176 0.18127441
vt 0.24328613 0.20983887
vt 0.2467041 0.24401855
vt 0.25341797 0.23205566
vt 0.24853516 0.6254883
vt 0.2467041 0.6064453
vt 0.22888184 0.60839844
vt 0.23059082 0.62646484
vt 0.049957275 0.6381836
vt 0.25390625 0.62646484
vt 0.25170898 0.60498047
vt 0.048858643 0.62597656
vt 0.6298828 0.23535156
vt 0.6040039 0.21325684
vt 0.6044922 0.23535156
vt 0.6308594 0.21325684
vt 0.3894043 0.12194824
vt 0.3996582 0.103027344
vt 0.3786621 0.09472656
vt 0.34985352 0.14477539
vt 0.31176758 0.13916016
vt 0.28955078 0.1739502
vt 0.34643555 0.16345215
vt 0.25805664 0.2142334
vt 0.24963379 0.20080566
vt 0.2368164 0.21862793
vt 0.24511719 0.23205566
vt 0.24963379 0.60839844
vt 0.28955078 0.6044922
vt 0.29101562 0.62060547
vt 0.25097656 0.6230469
vt 0.2368164 0.609375
vt 0.23815918 0.62402344
vt 0.6044922 0.1739502
vt 0.60253906 0.13916016
vt 0.6191406 0.13916016
vt 0.62060547 0.1739502
vt 0.38061523 0.6147461
vt 0.31323242 0.6191406
vt 0.31176758 0.60253906
vt 0.3786621 0.5957031
vt 0.40161133 0.61328125
vt 0.3996582 0.59375
vt 0.34814453 0.6166992
vt 0.25805664 0.6074219
vt 0.25952148 0.6225586
vt 0.34643555 0.5991211
vt 0.39135742 0.12194824
vt 0.38061523 0.09472656
vt 0.40161133 0.103027344
vt 0.3515625 0.14477539
vt 0.31323242 0.13916016
vt 0.29101562 0.1739502
vt 0.34814453 0.16345215
vt 0.25952148 0.2142334
vt 0.25097656 0.20080566
vt 0.23815918 0.21862793
vt 0.24645996 0.23205566
vt 0.59472656 0.12194824
vt 0.61376953 0.12194824
vt 0.61328125 0.103027344
vt 0.59375 0.103027344
vt 0.39135742 0.61376953
vt 0.34985352 0.5986328
vt 0.3515625 0.6166992
vt 0.3894043 0.59472656
vt 0.5991211 0.16345215
vt 0.6166992 0.16345215
vt 0.6166992 0.14477539
vt 0.5986328 0.14477539
vt 0.4074707 0.124572754
vt 0.34716797 0.15905762
vt 0.35498047 0.11804199
vt 0.4013672 0.08691406
vt 0.4182129 0.10284424
vt 0.41601562 0.09375
vt 0.4013672 0.609375
vt 0.35498047 0.61279297
vt 0.3540039 0.6020508
vt 0.40014648 0.59765625
vt 0.41601562 0.60839844
vt 0.41479492 0.5961914
vt 0.40625 0.124572754
vt 0.3540039 0.11804199
vt 0.3461914 0.15905762
vt 0.40014648 0.08691406
vt 0.4169922 0.10284424
vt 0.41479492 0.09375
vt 0.3461914 0.60302734
vt 0.34716797 0.61328125
vt 0.40625 0.59716797
vt 0.4074707 0.609375
vt 0.59716797 0.124572754
vt 0.609375 0.124572754
vt 0.60839844 0.10284424
vt 0.5957031 0.10284424
vt 0.5961914 0.09375
vt 0.60839844 0.09375
vt 0.5888672 0.12719727
vt 0.61621094 0.1027832
vt 0.61621094 0.12719727
vt 0.5888672 0.1027832
vt 0.44921875 0.08520508
vt 0.4104004 0.12719727
vt 0.44921875 0.12719727
vt 0.4104004 0.1027832
vt 0.41723633 0.08520508
vt 0.4519043 0.61328125
vt 0.44921875 0.5859375
vt 0.4104004 0.5888672
vt 0.41308594 0.61621094
vt 0.4519043 0.12719727
vt 0.41308594 0.12719727
vt 0.4519043 0.08520508
vt 0.41308594 0.1027832
vt 0.41992188 0.08520508
vt 0.5888672 0.1027832
vt 0.5883789 0.08520508
vt 0.61572266 0.08520508
vt 0.61621094 0.1027832
vt 0.41723633 0.5883789
vt 0.44921875 0.5859375
vt 0.4519043 0.61328125
vt 0.41992188 0.61572266
vt 0.4777832 0.0914917
vt 0.4777832 0.13708496
vt 0.4650879 0.13708496
vt 0.4650879 0.0914917
vt 0.45117188 0.13708496
vt 0.45117188 0.0914917
vt 0.4765625 0.13708496
vt 0.4765625 0.0914917
vt 0.46240234 0.0914917
vt 0.46240234 0.13708496
vt 0.44995117 0.0914917
vt 0.44995117 0.13708496
vt 0.4777832 0.6044922
vt 0.4650879 0.61279297
vt 0.45117188 0.6064453
vt 0.44995117 0.59228516
vt 0.4765625 0.59033203
vt 0.46240234 0.5839844
vt 0.6064453 0.13708496
vt 0.59228516 0.13708496
vt 0.6064453 0.0914917
vt 0.59228516 0.0914917
vt 0.45117188 0.6064453
vt 0.4650879 0.61279297
vt 0.4777832 0.6044922
vt 0.44995117 0.59228516
vt 0.4765625 0.59033203
vt 0.46240234 0.5839844
vt 0.21960449 0.60791016
vt 0.22668457 0.6074219
vt 0.22155762 0.62841797
vt 0.2286377 0.6279297
vt 0.23376465 0.6274414
vt 0.23181152 0.6069336
vt 0.6069336 0.19787598
vt 0.6274414 0.19787598
vt 0.6274414 0.1875
vt 0.6069336 0.1875
vt 0.23181152 0.6274414
vt 0.2298584 0.6069336
vt 0.22290039 0.60791016
vt 0.22485352 0.6279297
vt 0.21972656 0.62841797
vt 0.21777344 0.60791016
vt 0.62841797 0.18261719
vt 0.62841797 0.19311523
vt 0.60791016 0.19311523
vt 0.60791016 0.18261719
vt 0.23181152 0.1875
vt 0.22668457 0.17980957
vt 0.21960449 0.18261719
vt 0.21777344 0.19311523
vt 0.2298584 0.19787598
vt 0.22290039 0.2006836
vt 0.23181152 0.19787598
vt 0.22485352 0.2006836
vt 0.21972656 0.19311523
vt 0.23376465 0.1875
vt 0.22155762 0.18261719
vt 0.2286377 0.17980957
vt 0.61328125 0.12719727
vt 0.61328125 0.08520508
vt 0.5859375 0.08520508
vt 0.5859375 0.12719727
vt 0.25952148 0.6225586
vt 0.25805664 0.6074219
vt 0.24511719 0.60839844
vt 0.24645996 0.62353516
vt 0.59033203 0.13708496
vt 0.6044922 0.13708496
vt 0.59033203 0.0914917
vt 0.6044922 0.0914917
vt 0.5292969 0.49047852
vt 0.54296875 0.49047852
vt 0.5361328 0.48632812
vt 0.54589844 0.50097656
vt 0.54296875 0.5107422
vt 0.5263672 0.50097656
vt 0.5292969 0.5107422
vt 0.5361328 0.5151367
vt 0.5292969 0.54541016
vt 0.54296875 0.54541016
vt 0.5361328 0.5410156
vt 0.54589844 0.5551758
vt 0.54296875 0.5654297
vt 0.5263672 0.5551758
vt 0.5292969 0.5654297
vt 0.5361328 0.5698242
vt 0.6254883 0.48413086
vt 0.6088867 0.49414062
vt 0.6176758 0.49145508
vt 0.59228516 0.43481445
vt 0.59228516 0.48413086
vt 0.5996094 0.49145508
vt 0.58691406 0.47265625
vt 0.58496094 0.45947266
vt 0.58691406 0.44604492
vt 0.6254883 0.43481445
vt 0.5996094 0.4272461
vt 0.6303711 0.47265625
vt 0.6088867 0.4248047
vt 0.6176758 0.4272461
vt 0.6323242 0.45947266
vt 0.6303711 0.44604492
vt 0.45703125 0.20568848
vt 0.4580078 0.21008301
vt 0.49365234 0.19177246
vt 0.49291992 0.18725586
vt 0.49072266 0.18725586
vt 0.49121094 0.19177246
vt 0.45483398 0.20568848
vt 0.4555664 0.21008301
vt 0.49267578 0.18725586
vt 0.4934082 0.19177246
vt 0.4567871 0.20568848
vt 0.45776367 0.21008301
vt 0.45507812 0.20568848
vt 0.45581055 0.21008301
vt 0.49145508 0.19177246
vt 0.4909668 0.18725586
vt 0.5341797 0.49145508
vt 0.54052734 0.45581055
vt 0.5395508 0.4555664
vt 0.53271484 0.49121094
vt 0.5341797 0.4909668
vt 0.5395508 0.45483398
vt 0.5410156 0.45507812
vt 0.53271484 0.49072266
vt 0.54541016 0.4934082
vt 0.5463867 0.49365234
vt 0.55322266 0.4580078
vt 0.5517578 0.45776367
vt 0.5522461 0.4567871
vt 0.55371094 0.45703125
vt 0.546875 0.49291992
vt 0.54541016 0.49267578
vt 0.49291992 0.18725586
vt 0.49365234 0.19177246
vt 0.45703125 0.20568848
vt 0.4580078 0.21008301
vt 0.45483398 0.20568848
vt 0.4555664 0.21008301
vt 0.49121094 0.19177246
vt 0.49072266 0.18725586
vt 0.4567871 0.20568848
vt 0.45776367 0.21008301
vt 0.4934082 0.19177246
vt 0.49267578 0.18725586
vt 0.4909668 0.18725586
vt 0.49145508 0.19177246
vt 0.45507812 0.20568848
vt 0.45581055 0.21008301
vt 0.46606445 0.49145508
vt 0.46728516 0.49121094
vt 0.46069336 0.4555664
vt 0.45922852 0.45581055
vt 0.4658203 0.4909668
vt 0.45922852 0.45507812
vt 0.46044922 0.45483398
vt 0.46728516 0.49072266
vt 0.45483398 0.4934082
vt 0.44799805 0.45776367
vt 0.44677734 0.4580078
vt 0.45336914 0.49365234
vt 0.4477539 0.4567871
vt 0.45458984 0.49267578
vt 0.45336914 0.49291992
vt 0.4465332 0.45703125
vt 0.52734375 0.54248047
vt 0.5239258 0.5551758
vt 0.5263672 0.5551758
vt 0.52734375 0.5683594
vt 0.5292969 0.54541016
vt 0.5292969 0.5654297
vt 0.5361328 0.5371094
vt 0.5361328 0.5410156
vt 0.54296875 0.54541016
vt 0.5449219 0.54248047
vt 0.5361328 0.57373047
vt 0.5361328 0.5698242
vt 0.54296875 0.5654297
vt 0.5449219 0.5683594
vt 0.54589844 0.5551758
vt 0.54833984 0.5551758
vt 0.4794922 0.32104492
vt 0.47607422 0.32104492
vt 0.4777832 0.32543945
vt 0.4777832 0.3166504
vt 0.48120117 0.32543945
vt 0.48120117 0.3166504
vt 0.48291016 0.32104492
vt 0.46362305 0.32104492
vt 0.46362305 0.31567383
vt 0.46020508 0.32104492
vt 0.46704102 0.32104492
vt 0.46362305 0.32617188
vt 0.34448242 0.87597656
vt 0.34301758 0.87597656
vt 0.35107422 0.8310547
vt 0.35107422 0.92089844
vt 0.35253906 0.83203125
vt 0.35253906 0.9194336
vt 0.40356445 0.9633789
vt 0.45483398 0.83203125
vt 0.40356445 0.78808594
vt 0.37402344 0.7998047
vt 0.37329102 0.79785156
vt 0.40356445 0.78564453
vt 0.37402344 0.95166016
vt 0.37329102 0.9536133
vt 0.40356445 0.9658203
vt 0.43310547 0.7998047
vt 0.43408203 0.79785156
vt 0.45629883 0.8310547
vt 0.46435547 0.87597656
vt 0.43310547 0.95166016
vt 0.43408203 0.9536133
vt 0.45483398 0.9194336
vt 0.45629883 0.92089844
vt 0.46264648 0.87597656
vt 0.35839844 0.87597656
vt 0.35668945 0.87597656
vt 0.36279297 0.91064453
vt 0.36279297 0.8408203
vt 0.36450195 0.84228516
vt 0.38012695 0.8154297
vt 0.38110352 0.8178711
vt 0.40356445 0.80615234
vt 0.36450195 0.9091797
vt 0.36694336 0.87597656
vt 0.37182617 0.8486328
vt 0.37182617 0.90283203
vt 0.3852539 0.8286133
vt 0.3852539 0.92285156
vt 0.38110352 0.93408203
vt 0.38012695 0.93603516
vt 0.40356445 0.9301758
vt 0.40356445 0.80859375
vt 0.40356445 0.82177734
vt 0.421875 0.8286133
vt 0.40356445 0.9428711
vt 0.40356445 0.9453125
vt 0.4272461 0.93603516
vt 0.42626953 0.8178711
vt 0.4272461 0.8154297
vt 0.43530273 0.8486328
vt 0.42626953 0.93408203
vt 0.421875 0.92285156
vt 0.44433594 0.91064453
vt 0.43530273 0.90283203
vt 0.4428711 0.84228516
vt 0.44433594 0.8408203
vt 0.44018555 0.87597656
vt 0.4506836 0.87597656
vt 0.4428711 0.9091797
vt 0.4489746 0.87597656
vt 0.33935547 0.93066406
vt 0.34106445 0.9291992
vt 0.32958984 0.87597656
vt 0.36645508 0.9707031
vt 0.36743164 0.96875
vt 0.40356445 0.98583984
vt 0.36743164 0.7832031
vt 0.33129883 0.87597656
vt 0.34106445 0.8222656
vt 0.33935547 0.8208008
vt 0.36645508 0.7807617
vt 0.40356445 0.7661133
vt 0.40356445 0.98291016
vt 0.43969727 0.96875
vt 0.44067383 0.9707031
vt 0.46777344 0.93066406
vt 0.47583008 0.87597656
vt 0.4663086 0.9291992
vt 0.4777832 0.87597656
vt 0.4663086 0.8222656
vt 0.46777344 0.8208008
vt 0.44067383 0.7807617
vt 0.43969727 0.7832031
vt 0.40356445 0.7685547
vt 0.76660156 0.5415039
vt 0.8339844 0.4794922
vt 0.80566406 0.43432617
vt 0.76660156 0.4177246
vt 0.8442383 0.5415039
vt 0.72802734 0.43432617
vt 0.8339844 0.6035156
vt 0.69970703 0.4794922
vt 0.80566406 0.6489258
vt 0.6894531 0.5415039
vt 0.76660156 0.66552734
vt 0.69970703 0.6035156
vt 0.72802734 0.6489258
vt 0.29589844 0.60595703
vt 0.2902832 0.6035156
vt 0.29589844 0.5415039
vt 0.46411133 0.5415039
vt 0.2902832 0.5415039
vt 0.2902832 0.4794922
vt 0.29589844 0.47705078
vt 0.46411133 0.60595703
vt 0.29589844 0.65283203
vt 0.46411133 0.65283203
vt 0.46972656 0.6489258
vt 0.46972656 0.6035156
vt 0.46972656 0.5415039
vt 0.46972656 0.4794922
vt 0.46411133 0.47705078
vt 0.29589844 0.42993164
vt 0.46972656 0.43432617
vt 0.46411133 0.42993164
vt 0.51123047 0.5708008
vt 0.5058594 0.5708008
vt 0.5058594 0.56591797
vt 0.51123047 0.66503906
vt 0.30126953 0.5708008
vt 0.30126953 0.56591797
vt 0.29589844 0.5708008
vt 0.29589844 0.66503906
vt 0.5058594 0.6611328
vt 0.30126953 0.6611328
vt 0.30126953 0.6694336
vt 0.29589844 0.87353516
vt 0.5058594 0.6694336
vt 0.51123047 0.87353516
vt 0.30126953 0.87353516
vt 0.30126953 0.87890625
vt 0.5058594 0.87353516
vt 0.5058594 0.87890625
vt 0.6328125 0.77490234
vt 0.6713867 0.77490234
vt 0.6713867 0.76660156
vt 0.6328125 0.76660156
vt 0.6772461 0.76660156
vt 0.6328125 0.72314453
vt 0.6772461 0.72314453
vt 0.6713867 0.72314453
vt 0.61083984 0.6333008
vt 0.60595703 0.625
vt 0.60595703 0.6333008
vt 0.44848633 0.625
vt 0.60595703 0.875
vt 0.61083984 0.875
vt 0.60595703 0.8833008
vt 0.44848633 0.8833008
vt 0.44848633 0.875
vt 0.44335938 0.875
vt 0.44848633 0.6333008
vt 0.44335938 0.6333008
vt 0.2163086 0.19396973
vt 0.21740723 0.19885254
vt 0.32861328 0.14916992
vt 0.21569824 0.18908691
vt 0.32958984 0.1541748
vt 0.32788086 0.14428711
vt 0.21679688 0.19396973
vt 0.32910156 0.14916992
vt 0.67041016 0.1541748
vt 0.67089844 0.14916992
vt 0.7832031 0.19396973
vt 0.671875 0.14428711
vt 0.78271484 0.19885254
vt 0.7841797 0.18908691
vt 0.6713867 0.14916992
vt 0.7836914 0.19396973
vt 0.33691406 0.3828125
vt 0.3388672 0.38012695
vt 0.41137695 0.46020508
vt 0.34204102 0.3786621
vt 0.4091797 0.46289062
vt 0.41455078 0.45874023
vt 0.3400879 0.38134766
vt 0.41259766 0.46142578
vt 0.6611328 0.38012695
vt 0.66308594 0.3828125
vt 0.5888672 0.46020508
vt 0.65771484 0.3786621
vt 0.5908203 0.46289062
vt 0.5854492 0.45874023
vt 0.66015625 0.38134766
vt 0.58740234 0.46142578
vt 0.58984375 0.4873047
vt 0.5986328 0.4958496
vt 0.5996094 0.49145508
vt 0.6088867 0.4987793
vt 0.59228516 0.48413086
vt 0.6088867 0.49414062
vt 0.5839844 0.47460938
vt 0.58691406 0.47265625
vt 0.58203125 0.45947266
vt 0.58496094 0.45947266
vt 0.5839844 0.44433594
vt 0.58691406 0.44604492
vt 0.58984375 0.43164062
vt 0.59228516 0.43481445
vt 0.5986328 0.4230957
vt 0.5996094 0.4272461
vt 0.6176758 0.49145508
vt 0.61865234 0.4958496
vt 0.6088867 0.42016602
vt 0.6088867 0.4248047
vt 0.6176758 0.4272461
vt 0.61865234 0.4230957
vt 0.6254883 0.43481445
vt 0.6274414 0.43164062
vt 0.6303711 0.44604492
vt 0.6333008 0.44433594
vt 0.6323242 0.45947266
vt 0.6352539 0.45947266
vt 0.6274414 0.4873047
vt 0.6254883 0.48413086
vt 0.6303711 0.47265625
vt 0.6333008 0.47460938
vt 0.5957031 0.25854492
vt 0.60058594 0.23254395
vt 0.609375 0.24243164
vt 0.59033203 0.23254395
vt 0.61279297 0.25854492
vt 0.58154297 0.24243164
vt 0.609375 0.27490234
vt 0.578125 0.25854492
vt 0.60058594 0.28466797
vt 0.58154297 0.27490234
vt 0.59033203 0.28466797
vt 0.5957031 0.25854492
vt 0.609375 0.24243164
vt 0.60058594 0.23254395
vt 0.59033203 0.23254395
vt 0.61279297 0.25854492
vt 0.58154297 0.24243164
vt 0.609375 0.27490234
vt 0.578125 0.25854492
vt 0.60058594 0.28466797
vt 0.58154297 0.27490234
vt 0.59033203 0.28466797
vt 0.4411621 0.97216797
vt 0.40356445 0.9868164
vt 0.40356445 0.984375
vt 0.36621094 0.97216797
vt 0.44018555 0.96972656
vt 0.46850586 0.93115234
vt 0.36694336 0.96972656
vt 0.33862305 0.93115234
vt 0.47680664 0.87597656
vt 0.46704102 0.9301758
vt 0.47851562 0.87597656
vt 0.46850586 0.8203125
vt 0.34033203 0.9301758
vt 0.32861328 0.87597656
vt 0.36694336 0.7817383
vt 0.3305664 0.87597656
vt 0.33862305 0.8203125
vt 0.34033203 0.82177734
vt 0.36621094 0.77978516
vt 0.40356445 0.7675781
vt 0.40356445 0.76464844
vt 0.44018555 0.7817383
vt 0.4411621 0.77978516
vt 0.46704102 0.82177734
vt 0.72802734 0.43432617
vt 0.76660156 0.4177246
vt 0.76660156 0.45581055
vt 0.80566406 0.43432617
vt 0.7397461 0.46728516
vt 0.79345703 0.46728516
vt 0.72021484 0.49853516
vt 0.81347656 0.49853516
vt 0.69970703 0.4794922
vt 0.8339844 0.4794922
vt 0.7128906 0.5415039
vt 0.8203125 0.5415039
vt 0.6894531 0.5415039
vt 0.8442383 0.5415039
vt 0.72021484 0.58447266
vt 0.69970703 0.6035156
vt 0.81347656 0.58447266
vt 0.8339844 0.6035156
vt 0.72802734 0.6484375
vt 0.7397461 0.61572266
vt 0.80566406 0.6484375
vt 0.79345703 0.61572266
vt 0.76660156 0.6274414
vt 0.76660156 0.66503906
vt 0.42797852 0.32421875
vt 0.42797852 0.32104492
vt 0.45581055 0.32104492
vt 0.45581055 0.32421875
vt 0.45581055 0.31762695
vt 0.42797852 0.32104492
vt 0.42797852 0.31762695
vt 0.45581055 0.32104492
vn 0.28076172 -0.7373047 -0.6142578
vn 0.6303711 -0.72265625 -0.28295898
vn 0.5175781 -0.6699219 -0.5317383
vn -0.2841797 -0.73828125 -0.6118164
vn -0.5175781 -0.67041016 -0.5317383
vn -0.6298828 -0.72314453 -0.28393555
vn -1 0 0
vn -0 -1 0
vn -0 0 -1
vn -0 0 -1
vn -0 0 -1
vn -0 0 -1
vn 1 0 0
vn 1 0 0
vn -0 0 1
vn -0 -1 0
vn -1 0 0
vn -0 -1 0
vn -0 -1 0
vn 1 0 0
vn -0 -1 0
vn 1 0 0
vn -0 0 -1
vn -0 0 -1
vn 1 -4.7683716E-05 0
vn -9.536743E-05 1 0
vn -0 0 -1
vn -0 0 -1
vn -0 0 -1
vn -0 0 -1
vn -1 0 0
vn -1 -4.7683716E-05 0
vn 0.64941406 -0.00023841858 0.7602539
vn 0.64990234 -0.0010251999 0.7597656
vn 0.6503906 -0.0009775162 0.7597656
vn 0.64990234 0.0010967255 0.7597656
vn 0.6503906 0.001001358 0.7597656
vn 0.64990234 0.00014305115 0.7602539
vn -0.64990234 -0.0010490417 0.7602539
vn -0.6503906 -0.0009536743 0.7597656
vn -0.64941406 -0.00014305115 0.7602539
vn -0.64990234 0.0009775162 0.7597656
vn -0.6503906 0.00088214874 0.7597656
vn -0.64941406 0.00023841858 0.7602539
vn 0.42236328 -0.90625 -0.00038146973
vn 0.30615234 -0.6557617 0.6904297
vn 0.7480469 -0.44970703 0.4885254
vn 0.7480469 -0.44970703 -0.4885254
vn 0.30615234 -0.6557617 -0.6904297
vn -0.42236328 -0.90625 -0.0005722046
vn -0.7480469 -0.44970703 0.4885254
vn -0.30615234 -0.6557617 0.6904297
vn -0.30615234 -0.6557617 -0.6904297
vn -0.7480469 -0.44970703 -0.4885254
vn -0.35668945 -0.6669922 0.6542969
vn -0.0423584 -0.31811523 0.9472656
vn 0.024795532 -0.35351562 0.9350586
vn 0.71875 0.23571777 0.6542969
vn 0.34399414 -0.08581543 0.9350586
vn 0.32055664 -0.01373291 0.9472656
vn 0.35668945 -0.6669922 0.6542969
vn -0.024795532 -0.35351562 0.9350586
vn 0.04196167 -0.31811523 0.9472656
vn -0.71875 0.23571777 0.6542969
vn -0.32055664 -0.01373291 0.9472656
vn -0.34399414 -0.08581543 0.9350586
vn 0.34179688 -0.6748047 0.6542969
vn 0.23657227 -0.21691895 0.9472656
vn 0.30371094 -0.18273926 0.9350586
vn 0.21899414 0.7241211 0.6542969
vn 0.26782227 0.23266602 0.9350586
vn 0.1953125 0.25463867 0.9472656
vn 0.74902344 -0.107543945 0.6538086
vn 0.31323242 0.06903076 0.9472656
vn 0.3239746 0.14416504 0.9350586
vn -0.74902344 -0.107543945 0.6538086
vn -0.3239746 0.14416504 0.9350586
vn -0.31323242 0.06903076 0.9472656
vn 0.5991211 0.6845703 0.41601562
vn 0.59277344 0.68408203 0.42504883
vn 0.6928711 0.6694336 0.26831055
vn 0.61328125 0.7055664 0.3544922
vn 0.62939453 0.69970703 0.33789062
vn 0.7109375 0.66064453 0.24230957
vn -0.21899414 0.7241211 0.6542969
vn -0.1953125 0.25463867 0.9472656
vn -0.26782227 0.23266602 0.9350586
vn -0.34179688 -0.6748047 0.6542969
vn -0.30371094 -0.18261719 0.9350586
vn -0.23657227 -0.21691895 0.9472656
vn 0.019470215 1 0.008392334
vn 1 -0.017929077 0.0038146973
vn 0.02166748 0.9995117 0.0061035156
vn 1 -0.0064849854 -0.00076293945
vn 1 0.019546509 0.0038146973
vn 1 0.014595032 -0.0045776367
vn 1 0.0054359436 -0.0030517578
vn 0.6386719 -0.4272461 0.6401367
vn 0.5175781 -0.6699219 -0.5317383
vn 0.64160156 -0.42749023 0.63720703
vn 0.6376953 -0.42700195 0.6411133
vn 0.7392578 -0.56884766 0.36010742
vn 0.859375 -0.5107422 0.020599365
vn 0.7026367 -0.5986328 0.38452148
vn 0.6303711 -0.72265625 -0.28295898
vn 0.86572266 0.015365601 0.5004883
vn 0.8652344 0.016494751 -0.50146484
vn 0.28076172 -0.7373047 -0.6142578
vn 0.50097656 0.01638794 -0.8652344
vn 0.5 0 -0.86621094
vn 0.86621094 0 -0.49975586
vn 1 0.013664246 -0.00076293945
vn 1 0 0
vn 0.86621094 0 0.49975586
vn -0.70166016 -0.5986328 0.38671875
vn -0.36914062 -0.55908203 0.7421875
vn -0.3840332 -0.58984375 0.7104492
vn -0.7392578 -0.56884766 0.36010742
vn -9.536743E-05 0 1
vn -0.5 0 0.86621094
vn -0.5 0.015472412 0.86572266
vn 0.0005722046 0.013801575 1
vn 0.5 0.015457153 0.86572266
vn 0.5 0 0.86621094
vn 0.000667572 -0.47998047 0.8774414
vn 0.86572266 0.015342712 0.5004883
vn 0.86621094 0 0.49975586
vn 0.3840332 -0.58984375 0.7104492
vn 0.7026367 -0.5986328 0.38452148
vn 0.37304688 -0.5576172 0.7416992
vn -0.3840332 -0.58984375 0.7104492
vn -0.86572266 0.015342712 0.5004883
vn -0.70166016 -0.5986328 0.38671875
vn -0.36914062 -0.55908203 0.7421875
vn 0.00667572 -0.03414917 0.9995117
vn 0.63720703 -0.4267578 0.64160156
vn 0.7392578 -0.5683594 0.36083984
vn 0.64160156 -0.42749023 0.63720703
vn 0.6386719 -0.4272461 0.6401367
vn -0.005531311 -0.035095215 0.9995117
vn -0.63916016 -0.42260742 0.6425781
vn -0.6401367 -0.4272461 0.6386719
vn -7.1525574E-05 -0.008865356 1
vn 1 0.019546509 0.0038146973
vn 0.004196167 -0.021362305 1
vn -1 -0.0042915344 -0.005340576
vn -0.004005432 -0.017929077 1
vn -1 -0.020599365 0.006866455
vn -0.0059127808 0.9995117 0.021362305
vn -0.0007867813 -0.012962341 1
vn 1 -0.017929077 0.0038146973
vn 0.021713257 0.9995117 0.0061035156
vn -0.0059127808 0.9995117 0.021362305
vn 0.01953125 1 0.008392334
vn 0.02166748 0.9995117 0.0061035156
vn -0.019454956 1 0.008392334
vn -0.0059127808 0.9995117 0.021362305
vn -1 -0.020599365 0.006866455
vn -0.019454956 1 0.008392334
vn -1 -0.0064849854 -0.00076293945
vn -1 -0.0042915344 -0.005340576
vn -1 0.014595032 -0.005340576
vn -1 0.011734009 0.0045776367
vn -0.6401367 -0.4272461 0.6386719
vn -0.5175781 -0.67041016 -0.5317383
vn -0.6425781 -0.42285156 0.63916016
vn -0.63916016 -0.42285156 0.6425781
vn -0.7392578 -0.56884766 0.36010742
vn -0.36914062 -0.55908203 0.7421875
vn -0.859375 -0.51123047 0.017547607
vn -0.6298828 -0.72314453 -0.28393555
vn -0.70166016 -0.5986328 0.38671875
vn -0.86572266 0.016601562 -0.5004883
vn -0.86572266 0.015342712 0.5004883
vn -1 0.013664246 0
vn -0.86621094 0 -0.49975586
vn -0.5 0 -0.86572266
vn -0.5024414 0.016204834 -0.8647461
vn -1 0 0
vn -0.86621094 0 0.49975586
vn -0.5 0 0.86572266
vn -0.5 0.0154953 0.86572266
vn 0.019500732 1 0.008392334
vn -0.019638062 1 0.008392334
vn -1 -0.0061035156 -0.00076293945
vn 1 -0.0064849854 -0.00076293945
vn -0.2841797 -0.73828125 -0.6118164
vn -0.6298828 -0.72314453 -0.28393555
vn -0.86572266 0.016586304 -0.5004883
vn -0.5024414 0.016189575 -0.8647461
vn 0.004196167 -0.56689453 -0.82373047
vn -0.5175781 -0.67041016 -0.5317383
vn 0.5175781 -0.6699219 -0.5317383
vn 0.28076172 -0.7373047 -0.6142578
vn 0.5 0.01638794 -0.86572266
vn -0 0.013504028 -1
vn -0.5 0 -0.86621094
vn 0.5 -9.536743E-05 -0.86621094
vn -9.536743E-05 9.536743E-05 -1
vn 0.7392578 -0.56884766 0.36010742
vn 0.7026367 -0.5986328 0.38452148
vn 0.37304688 -0.5576172 0.7416992
vn 0.3840332 -0.58984375 0.7104492
vn 0.019546509 1 -0.0076293945
vn -0.011062622 1 -0.0038146973
vn -0.019638062 1 0.0076293945
vn 0.011161804 1 0.0038146973
vn 0.019500732 1 -0.0076293945
vn 0.011138916 1 0.0038146973
vn 0.99853516 -0.045410156 -0.022125244
vn 1 -0.020599365 0.0061035156
vn 1 -0.0104904175 -0.0015258789
vn 0.9995117 0.028411865 0.022125244
vn 1 0.0102005005 -0.016784668
vn 1 0.008773804 0.0045776367
vn -0.99853516 -0.045410156 -0.021362305
vn -0.019638062 1 0.0076293945
vn -0.011062622 1 -0.0038146973
vn -1 -0.020599365 0.0061035156
vn -1 0.008773804 0.0061035156
vn -1 -0.0036239624 0.009918213
vn -1 0.0015258789 0.00076293945
vn -1 -0.00047683716 0
vn 0.011253357 1 0.0038146973
vn -0.019638062 1 0.0076293945
vn -0.99853516 -0.045410156 -0.021362305
vn 0.99853516 -0.045410156 -0.022125244
vn -1 0.0015258789 0.00076293945
vn 1 0.0102005005 -0.016784668
vn -1 -0.020599365 0.0061035156
vn -0.011062622 1 -0.0038146973
vn 0.01953125 1 -0.0076293945
vn 1 -0.020217896 0.0061035156
vn 1 -0.0104904175 -0.0015258789
vn -1 0.008773804 0.0061035156
vn 0.9995117 0.028411865 0.022125244
vn -1 -0.0036239624 0.009918213
vn 1 0.008773804 0.0045776367
vn -1 -0.0005722046 0
vn -1 -0.000667572 0
vn 1 0.008773804 0.0045776367
vn 1 0.0102005005 -0.016784668
vn -1 0.0015258789 0.00076293945
vn 1 0 0
vn 1 0 0
vn 1 0 0
vn 1 0 0
vn -0 0 -1
vn -0 1 0
vn -1 0 0
vn -0 0 -1
vn -0 1 0
vn 1 0 0
vn -0 1 0
vn 1 0 0
vn -0 1 0
vn -1 0 0
vn -0 1 0
vn -0 0 1
vn -1 0 0
vn -0 1 -0.00038146973
vn -1 0 0
vn -1 0 0
vn -0 -1 0
vn -0 -1 0
vn -0 0 -1
vn -0 0 -1
vn -1 0 0
vn -0 0 1
vn -1 0 0
vn -0 0 1
vn -0 0 1
vn -0 -1 0
vn -0 -1 0
vn 1 0 0
vn 1 0 0
vn -0 0 1
vn -0 1 0
vn -0 1 0
vn -0 0 1
vn -0 0 1
vn -0 0 1
vn -0 0 1
vn 1 0 0
vn 1 0 0
vn 1 0 0
vn 1 0 0
vn -9.536743E-05 -1 0
vn 9.536743E-05 -1 0
vn -0 0 1
vn -0 0 1
vn 9.536743E-05 1 0
vn -0 1 0
vn -0 0 -1
vn 1 0 0
vn -0 1 0
vn 1 0 0
vn -0 1 0
vn -0 1 0
vn -0 0 1
vn -0 0 1
vn -0 0 -1
vn -0 -1 0
vn 1 0 0
vn -0 -1 0
vn -0 0 -1
vn -1 0 0
vn -1 0 0
vn -0 -1 0
vn -0 -1 0
vn -0 0 1
vn -0 0 1
vn -1 0 0
vn -0 0 1
vn -0 -1 0
vn -1 0 0
vn -0 0 1
vn -1 0 0
vn -0 1 0
vn -1 0 0
vn -0 1 0
vn 1 0 0
vn 1 0 0
vn -0 0 -1
vn -0 0 -1
vn -0 0 -1
vn -0 0 -1
vn -0 1 0
vn -1 0 0
vn -0 1 0
vn -1 0 0
vn -0 0 1
vn -0 0 1
vn -0 0 1
vn -0 0 1
vn -1 0 0
vn -1 0 0
vn -1 0 0
vn -1 0 0
vn -0 0 1
vn -0 -1 0
vn -0 -4.7683716E-05 1
vn -0 0 -1
vn -0 -1 0
vn 1 0 0
vn -0 0 -1
vn -0 -1 0
vn -1 0 0
vn -1 0 0
vn -0 -1 0
vn -0 -1 0
vn -0 0 1
vn -0 0 1
vn -0 -4.7683716E-05 1
vn -0 1 0
vn 1 4.7683716E-05 0
vn -0 4.7683716E-05 1
vn -0 1 0
vn -1 -4.7683716E-05 0
vn -0 1 0
vn -0 1 0
vn -1 4.7683716E-05 0
vn -0 -4.7683716E-05 -1
vn -0 -4.7683716E-05 -1
vn -0 0 1
vn -0 -4.7683716E-05 1
vn 1 0 0
vn 1 0 0
vn -0 -1 0
vn 1 0 0
vn -9.536743E-05 -1 0
vn 1 0 0
vn -0 1 0
vn -9.536743E-05 1 0
vn -9.536743E-05 0.0002861023 -1
vn -0 0 -1
vn -0 0 1
vn -0 0 1
vn -0 0 1
vn -0 0 1
vn -0 -1 0
vn -0 -1 0
vn -1 0 0
vn -1 0 0
vn 9.536743E-05 1 0
vn -0 -1 0
vn -0 -1 0
vn -0 -1 0
vn -0 -1 0
vn -0 0 -1
vn -0 0 -1
vn 1 0 0
vn 1 9.536743E-05 0
vn -0 0 -1
vn -0 0 -1
vn -0 0 -1
vn -0 0 -1
vn -0 0 1
vn 1 0 0
vn -0 -1 0
vn -0 0 1
vn 1 0 0
vn -0 1 0
vn -0 1 0
vn 1 0 0
vn 1 0 0
vn -0 0 -1
vn -0 0 -1
vn -0 1 0
vn -0 0 1
vn -0 0 1
vn -0 1 0
vn -0 1 0
vn -0 1 0
vn -0 0 -1
vn -0 0 -1
vn -1 0 0
vn 9.536743E-05 -1 0
vn -0 -1 0
vn -1 0 0
vn -0 0 -1
vn -1 0 0
vn -0 0 -1
vn -1 0 0
vn 9.536743E-05 1 0
vn -9.536743E-05 1 0
vn -0 0 -1
vn -0 0 -1
vn -0 0 -1
vn -0 0 -1
vn -0 -1 0
vn 9.536743E-05 -1 0
vn -1 4.172325E-05 0
vn -1 0 0
vn -0 0 1
vn -0 0 1
vn -0 0 1
vn -0 0 1
vn -1 0 0
vn -0 0 -1
vn -0 1 0
vn -0 1 0
vn -1 0 0
vn -1 0 0
vn -0 0 1
vn -1 0 0
vn -0 3.5762787E-05 1
vn -0 4.172325E-05 -1
vn 1 0 0
vn -0 0 -1
vn 1 0 0
vn -0 -1 0
vn -0 -1 0
vn 1 0 0
vn 1 0 0
vn -0 -4.7683716E-05 1
vn -0 0 1
vn -1 -4.7683716E-05 0
vn 9.536743E-05 -1 0
vn -1 7.1525574E-05 0
vn -9.536743E-05 -1 0
vn -0 -1 0
vn -0 4.172325E-05 1
vn -0 -1 0
vn -0 2.3841858E-05 1
vn -0 1 0
vn -0 0 -1
vn -0 0 -1
vn -0 1 0
vn 1 0 0
vn 1 0 0
vn -0 1 0
vn -0 1 0
vn -0 0 1
vn -0 0 1
vn -0.3305664 0.41796875 -0.8461914
vn -0.4182129 -0.33032227 -0.8461914
vn 0.33032227 -0.4182129 -0.8461914
vn 0.4182129 0.3305664 -0.8461914
vn -0 -1 0
vn -0 -1 0
vn -0 -1 0
vn -0 -1 0
vn -0.3305664 0.41796875 -0.8461914
vn -0.4182129 -0.33032227 -0.8461914
vn 2.3841858E-05 -1 0
vn -1 0 0
vn -4.7683716E-05 0 1
vn -0 -1 0
vn -1 0 0
vn -1 0 0
vn -0.3305664 0.41796875 -0.8461914
vn -1 0 0
vn 0.4182129 0.3305664 -0.8461914
vn -0 1 0
vn 2.3841858E-05 4.7683716E-05 1
vn -1 -8.34465E-05 0
vn -1 4.7683716E-05 0
vn -0 1 0
vn 0.4182129 0.3305664 -0.8461914
vn -0 1 0
vn 0.33032227 -0.4182129 -0.8461914
vn -0 1 0
vn -0 0 1
vn -1 -0.00019073486 0
vn -1 -3.5762787E-05 0
vn -0 0 1
vn -0 0 1
vn -0 1 0
vn 2.3841858E-05 1 0
vn -0 0 1
vn -0 -1 0
vn 2.3841858E-05 -1 0
vn -1 0 0
vn -0 0 -1
vn -0 0 -1
vn -1 0 0
vn -1 0 0
vn -1 0 0
vn -1 0 0
vn -1 0 0
vn -1 0 0
vn 0.00019073486 1 0
vn -0 0.26464844 0.96435547
vn -0 1 0
vn -0 -1 0
vn -0 0 -1
vn -0 0 -1
vn -0 -1 0
vn -1 0 0
vn -1 0 0
vn -0 -1 0
vn 9.536743E-05 -1 0
vn -0 -1 0
vn -0 -1 0
vn -0 -1 0
vn -0.4946289 0 0.8691406
vn -0.1270752 -0.00019073486 0.9916992
vn -0 -1 0
vn -0 -1 0
vn -0.8652344 0 0.50146484
vn 7.1525574E-05 -1 0
vn -0.9658203 0 0.25854492
vn -0 0 -1
vn -0 0 -1
vn -0 0 -1
vn -0 0 -1
vn -0.4946289 0 0.8691406
vn -0.8647461 0 0.5019531
vn -0.8647461 0 0.5019531
vn -0.4946289 0 0.8691406
vn -0.12634277 0.0002861023 0.9921875
vn -0.1270752 0 0.9916992
vn -0 0 1
vn -0 0 1
vn -1 0 0
vn -1 0 0
vn -0 -1 0
vn -0 -1 0
vn -2.3841858E-05 -0.00019073486 1
vn -9.536743E-05 -1 0
vn -4.7683716E-05 -1 0
vn -0 0 1
vn -0.9658203 0 0.25854492
vn -0.9658203 -9.536743E-05 0.25854492
vn -2.3841858E-05 0 1
vn 0.00019073486 0.0002861023 1
vn -9.536743E-05 1 0
vn -0.0002861023 1 0
vn -1 9.536743E-05 0
vn -0 1 0
vn -0 0 1
vn -0.12634277 0.0002861023 0.9921875
vn -0 1 0
vn 0.00019073486 1 0
vn -0 1 0
vn -0.4946289 0 0.8691406
vn -9.536743E-05 1 0
vn -0 1 0
vn -0 1 0
vn -0 1 0
vn -0.8647461 0 0.5019531
vn -1.1920929E-05 1 0
vn -0.9658203 -9.536743E-05 0.25854492
vn -0 1 0
vn -4.7683716E-05 1 0.00038146973
vn -0 0 1
vn -0 0 1
vn -1 0 0
vn -0 0.2644043 0.96435547
vn -1 9.536743E-05 0.00038146973
vn -0 0.26879883 0.9633789
vn 0.00019073486 1 0
vn -0 1 0
vn -0.00030994415 0.5732422 0.81933594
vn -0.7783203 0.08239746 0.6225586
vn -0.000333786 0.5463867 0.83740234
vn -0 0.57421875 0.8183594
vn -0 0.54589844 0.8378906
vn -0 0.71240234 0.70166016
vn -0.0002861023 0.71435547 0.69970703
vn -0.9658203 0 0.25854492
vn -0.8652344 0 0.50146484
vn -0.9658203 0 0.25854492
vn -0.8652344 0 0.50146484
vn -0 0 -1
vn 1 0 0
vn -0 1 0
vn -0 0 -1
vn -0 1 0
vn -1 0 0
vn -1 0 0
vn -0 1 0
vn -9.536743E-05 1 0.00038146973
vn -0 1 0
vn -0 0.54589844 0.8378906
vn -0.00019073486 0.5463867 0.83740234
vn 0.00011920929 -0.00019073486 1
vn 1 0 0
vn -0 0 -1
vn -0 0 -1
vn 1 0 0
vn -0 -1 0
vn 0.00019073486 -1 0
vn 1 -0.00019073486 0
vn 1 0 0
vn 1 0.00022649765 0
vn -0 0.8095703 0.58691406
vn 0.00019073486 0.71240234 0.70166016
vn 0.00019073486 0.57421875 0.8183594
vn 1 0 0
vn -0 0.54589844 0.8378906
vn 1 0 0
vn -0 1 0
vn -0 1 0
vn 0.00038146973 0.71240234 0.70166016
vn -0 0.8095703 0.58691406
vn -2.3841858E-05 0.80859375 0.5883789
vn -0 0.71435547 0.69970703
vn -0.7817383 0.19873047 0.5913086
vn -0 0.80859375 0.5883789
vn -0.5444336 0.5546875 0.62939453
vn -0.00026226044 0.71435547 0.69970703
vn -0.0002861023 0.5732422 0.81933594
vn -0.7783203 0.08239746 0.6225586
vn -1 0 0
vn -1 0 0
vn -1 0 0
vn -1 0 0
vn -1 0 0
vn -1 0 0
vn -1 0 0
vn -0 0 1
vn -0 0 1
vn -0 0 1
vn -0 0 1
vn -1 -4.7683716E-05 0
vn -0 1 0
vn -1 2.3841858E-05 0
vn 1 0 0
vn 1 0 0
vn 1 0 0
vn 1 0 0
vn -0 2.3841858E-05 1
vn -0 -4.7683716E-05 1
vn -1 0 0
vn -0 4.7683716E-05 1
vn -0 -1 0
vn -0 -1 0
vn -1 0 0
vn -0 -4.7683716E-05 -1
vn -1 0 0
vn -0 -4.7683716E-05 -1
vn -1 0 0
vn -0 1 0
vn -0 1 0
vn -0 1 0
vn 1 -9.536743E-05 0
vn 1 4.7683716E-05 0
vn -0 1 0
vn -0 -4.7683716E-05 1
vn -0 1 0
vn -0 0 1
vn -0 1 0
vn -0 -1 0
vn -0 0 -1
vn -0 -1 0
vn -0 0 -1
vn 1 -4.7683716E-05 0
vn -0 0 -1
vn -0 0 -1
vn 1 -4.7683716E-05 0
vn -0 1 0
vn -0 1 0
vn -0 -1 0
vn -0 -1 0
vn -1 9.536743E-05 0
vn -1 9.536743E-05 0
vn -0 -4.7683716E-05 1
vn -0 0 1
vn -1 0 0
vn -1 0 0
vn -1 0 0
vn -7.748604E-05 1 0
vn 1 0 0
vn 1 0 0
vn 4.7683716E-05 1 0
vn -4.7683716E-05 0 1
vn -9.536743E-05 1 0
vn -0 1 0
vn 9.536743E-05 1 0
vn 4.7683716E-05 0 1
vn -0.84521484 0 0.5341797
vn -0.48266602 0 0.87597656
vn -0 1 0
vn 0.48291016 0 0.8754883
vn 0.8457031 0 0.5341797
vn -0 1 0
vn -1 0 0
vn -1 0 0
vn -0 0 1
vn -0 0 1
vn -0 1 0
vn -4.7683716E-05 -1 0
vn 1 0 0
vn -2.3841858E-05 -1 0
vn 1 -4.7683716E-05 0
vn -7.1525574E-05 4.7683716E-05 1
vn -0.00011920929 0 1
vn 1 0 0
vn 1 0 0
vn 1 0 0
vn -3.5762787E-05 0 1
vn -0 -1 0
vn -0 0 1
vn -3.5762787E-05 -1 0
vn -0 -1 0
vn -0 -1 0
vn 0.8457031 0 0.5341797
vn 0.48291016 -9.536743E-05 0.8754883
vn 0.8457031 0 0.5341797
vn 0.48266602 0 0.87597656
vn 0.48266602 0 0.87597656
vn -0.48266602 0 0.87597656
vn -0.48266602 -9.536743E-05 0.87597656
vn 0.48291016 0 0.8754883
vn 0.00019073486 9.536743E-05 1
vn 0.8457031 -9.536743E-05 0.5341797
vn -0.00023841858 9.536743E-05 1
vn -0.84521484 -0.00019073486 0.5341797
vn -0.48266602 -0.00019073486 0.87597656
vn 0.48291016 -0.00019073486 0.8754883
vn -0 0 1
vn -0.84521484 -9.536743E-05 0.5341797
vn -0.84521484 0.00038146973 0.5341797
vn -0 0 1
vn -0 0 1
vn -0 0 1
vn -0 0 1
vn 0.00019073486 0 1
vn -0 0 1
vn -0 0 1
vn 0.8457031 0.00038146973 0.5341797
vn 0.8457031 -0.00019073486 0.5341797
vn -0.84521484 0 0.5341797
vn -0.84521484 0 0.5341797
vn -0.48266602 0 0.87597656
vn -0.48266602 0 0.87597656
vn -0 0.86572266 0.5
vn -0 0.86572266 0.5
vn -0.00038146973 0.5 0.86572266
vn -0 0.5 0.86572266
vn -0.7324219 0.34057617 0.58984375
vn -0.7324219 0.58984375 0.34057617
vn -0.7319336 0 0.68115234
vn -0 0 1
vn -1 0.00038146973 0
vn -1 0 0
vn -1 0 0
vn -0.00038146973 -0.5 0.86621094
vn -0 0 1
vn -0 -0.5 0.86621094
vn -0.7324219 -0.34033203 0.58984375
vn -0.00038146973 0.86572266 0.5
vn -0 0.5 0.86572266
vn -1 0 0
vn -1 0 0
vn -1 0 0
vn -1 0 0
vn -1 0 0
vn -1 0 0
vn -1 0 0
vn -1 0 0
vn -0 0.5 -0.86572266
vn -0.00038146973 0.86572266 -0.5
vn -1 0 0
vn -1 0 0
vn -1 0 0
vn -0.00038146973 -0.5 -0.86572266
vn -0 -0.86572266 -0.5
vn -1 0 0
vn -1 0 0
vn -0.00038146973 -0.86572266 0.5
vn -0 -0.5 0.86621094
vn -0.00038146973 -0.86572266 -0.5
vn -0 -0.86572266 -0.5
vn -0 -0.5 -0.86621094
vn -0 -0.5 -0.86621094
vn -0.7324219 -0.34057617 -0.58984375
vn -0.7324219 -0.58984375 -0.34033203
vn -0.7324219 0 -0.68066406
vn -0 0 -1
vn -0.00038146973 0 -1
vn -1 0 0
vn -1 0.00019073486 0
vn -1 0 0
vn -0.00038146973 0.5 -0.86572266
vn -0 0.5 -0.86572266
vn -0.00038146973 0.86572266 -0.5
vn -0.7319336 0.34057617 -0.58984375
vn -0 0.86572266 -0.5
vn -0.7324219 0.58984375 -0.34057617
vn -0.00038146973 -0.5 0.86621094
vn -0 -0.5 0.86621094
vn -0 -0.86572266 0.5
vn -0 -0.86572266 0.5
vn -0.7324219 -0.58984375 0.34033203
vn -0.7324219 -0.34033203 0.58984375
vn -0.7324219 -0.68066406 0
vn -0 -1 0
vn -1 0 0
vn -1 0 0
vn -1 0 0
vn -0.00038146973 -0.86572266 -0.5
vn -0 -1 0
vn -0 -0.86572266 -0.5
vn -0.7324219 -0.58984375 -0.34033203
vn 0.00019073486 -0.5 0.86621094
vn -0 -0.86621094 0.49975586
vn -0 -0.5 0.86572266
vn 0.00019073486 -0.86621094 0.49975586
vn 1 0 0
vn 1 0 0
vn -0 -1 0
vn -0.7324219 -0.58984375 0.34033203
vn -0.7319336 -0.68115234 0
vn -0.7319336 -0.58984375 -0.34057617
vn 0.00019073486 -1 0
vn 1 0 0
vn 1 0 0
vn -0 -0.86572266 -0.5
vn -0.7319336 -0.34057617 -0.58984375
vn -0 -0.5 -0.86572266
vn 0.00019073486 -0.86572266 -0.5
vn 1 0 0
vn 0.00019073486 -0.5 -0.86621094
vn -0.7324219 0.68066406 0
vn -0.7324219 0.58984375 0.34057617
vn -0 0.86572266 0.5
vn -0 1 0
vn -0 0.86572266 0.5
vn -0 0.86572266 -0.5
vn -0.7324219 0.58984375 -0.34057617
vn -0 1 0
vn -1 0 0
vn -0 0.86572266 -0.5
vn -1 0 0
vn -1 0 0
vn -0 0.86572266 -0.5
vn -0.7319336 0.58984375 -0.34057617
vn -0.7319336 0.34057617 -0.58984375
vn -0 0.5 -0.86572266
vn -0 0 -1
vn -0.7324219 0 -0.68115234
vn -0.7324219 -0.34057617 -0.58984375
vn -0.00038146973 -0.5 -0.86621094
vn 0.00019073486 -0.5 -0.86572266
vn 0.00019073486 0 -1
vn 0.00019073486 0.5 -0.86572266
vn 1 0 0
vn 1 0 0
vn 1 0 0
vn -0 -0.86621094 0.49975586
vn -0.7324219 -0.58984375 0.34033203
vn -0 -0.5 0.86621094
vn -0.7324219 -0.34057617 0.58984375
vn -0 0 1
vn -0.7319336 0 0.68115234
vn 0.00019073486 -0.5 0.86572266
vn -0.7319336 0.34057617 0.58984375
vn 0.00019073486 -0.00019073486 1
vn 1 0 0
vn 1 0 0
vn 1 0 0
vn 0.00019073486 0.49975586 0.86621094
vn -0.00038146973 0.5 0.86572266
vn -0.7324219 0.58984375 0.34033203
vn -0 0.86621094 0.49975586
vn 0.9946289 -0.0011444092 0.10144043
vn 1 -0.007247925 -0.0038146973
vn 1 -0.015449524 0.0022888184
vn 0.99658203 -0.0064849854 0.08013916
vn 0.86621094 -0.0064849854 0.49975586
vn 0.86621094 -0.0061035156 0.49975586
vn 0.6464844 -0.0118255615 0.7626953
vn 0.62890625 -0.008010864 0.77734375
vn 0.5698242 -0.004005432 0.82177734
vn 0.57421875 0.0019073486 0.81884766
vn 0.4272461 0.0005722046 0.9042969
vn 0.5024414 -0.0076293945 0.8642578
vn 0.49731445 -0.013923645 0.8671875
vn 0.4477539 -0.005531311 0.89404297
vn -0 -0.0051956177 1
vn -0 -0.0059127808 1
vn -0.4091797 -0.011253357 0.9121094
vn -0.43017578 -0.0053901672 0.90283203
vn -0.5029297 -0.0051498413 0.8642578
vn -0.49780273 0.0036239624 0.8671875
vn 1 -0.015640259 0.0022888184
vn 1 -0.007247925 -0.0038146973
vn -0.41748047 0.3112793 -0.8535156
vn -0.42138672 -0.30566406 -0.8540039
vn 0.5024414 -0.0076293945 0.8642578
vn 0.45214844 0.30639648 -0.8378906
vn 0.45043945 -0.30029297 -0.8408203
vn 0.49731445 -0.013923645 0.8671875
vn -0.49780273 0.0035762787 0.8671875
vn -0.5029297 -0.0051498413 0.8642578
vn -0.5292969 -0.3059082 -0.7915039
vn -0.53027344 0.31079102 -0.7890625
vn -0.42138672 -0.30566406 -0.8540039
vn 0.99658203 -0.0064849854 0.08013916
vn 1 -0.015640259 0.0022888184
vn -0.54003906 -0.7158203 -0.4423828
vn -0.5576172 -0.7651367 -0.32202148
vn 0.86621094 -0.0064849854 0.49975586
vn 0.6464844 -0.0118255615 0.7626953
vn -0.6533203 -0.7158203 -0.24645996
vn -0.9501953 -0.30566406 0.062561035
vn 0.5698242 -0.004005432 0.82177734
vn -0.5292969 -0.3059082 -0.7915039
vn -0.5029297 -0.0051498413 0.8642578
vn -0.4091797 -0.011253357 0.9121094
vn -0.113098145 -0.7167969 -0.6879883
vn -0.0009536743 -0.765625 -0.6430664
vn 9.536743E-05 -0.0059127808 1
vn 0.4477539 -0.005531311 0.89404297
vn 0.06329346 -0.70947266 -0.70166016
vn 0.45043945 -0.30004883 -0.8408203
vn 0.49731445 -0.013923645 0.8671875
vn -0.53222656 0.72314453 -0.44018555
vn -0.41748047 0.3112793 -0.8535156
vn 1 -0.00705719 -0.0038146973
vn 0.9946289 -0.0011444092 0.10144043
vn -0.5493164 0.7729492 -0.3173828
vn 0.86621094 -0.0061035156 0.49975586
vn 0.62890625 -0.008010864 0.77734375
vn -0.64746094 0.72314453 -0.24035645
vn 0.57421875 0.0019073486 0.81884766
vn -0.9482422 0.3112793 0.06561279
vn 0.45214844 0.30615234 -0.8378906
vn 0.5024414 -0.0076293945 0.8642578
vn 0.42749023 0.0005722046 0.9038086
vn 0.06573486 0.7158203 -0.6948242
vn -0.0008583069 0.7734375 -0.63378906
vn -0 -0.0051956177 1
vn -0.43017578 -0.0053901672 0.90283203
vn -0.11541748 0.72265625 -0.68115234
vn -0.49780273 0.0036239624 0.8671875
vn -0.53027344 0.31079102 -0.7885742
vn -0.9482422 0.3112793 0.06561279
vn 0.57421875 0.0019073486 0.81884766
vn -0.9501953 -0.30566406 0.062561035
vn 0.5698242 -0.004005432 0.82177734
vn -0.42138672 -0.30566406 -0.8540039
vn -0.41748047 0.3112793 -0.8535156
vn -0.53222656 0.72314453 -0.44018555
vn -0.54003906 -0.7163086 -0.4416504
vn -0.5571289 -0.765625 -0.32202148
vn -0.5488281 0.7734375 -0.3173828
vn -0.65283203 -0.7163086 -0.24645996
vn -0.64746094 0.72314453 -0.24035645
vn -0.9501953 -0.30566406 0.062561035
vn -0.9482422 0.3112793 0.06561279
vn 0.45043945 -0.30004883 -0.8408203
vn 0.4519043 0.30639648 -0.8378906
vn 0.06561279 0.7167969 -0.69433594
vn 0.06323242 -0.70947266 -0.70166016
vn -0.0009536743 0.7734375 -0.63378906
vn -0.0009536743 -0.76660156 -0.6425781
vn -0.11291504 -0.7167969 -0.6879883
vn -0.11541748 0.72265625 -0.68115234
vn -0.5292969 -0.30615234 -0.7910156
vn -0.53027344 0.31079102 -0.7885742
vn 0.86621094 -0.018875122 0.49975586
vn 0.5 0.006916046 0.86621094
vn 0.8652344 0.0069618225 0.50146484
vn 0.50097656 -0.01889038 0.8652344
vn 0.0012397766 0.0069618225 1
vn -0 -0.01889038 1
vn -0.5 -0.018875122 0.86572266
vn -0.50097656 0.0069618225 0.8652344
vn 0.8652344 -0.018875122 -0.50146484
vn 0.86621094 0.006916046 -0.49975586
vn 0.5 0.006916046 -0.86621094
vn 0.49853516 -0.018875122 -0.8666992
vn 0.0012397766 0.0069618225 -1
vn 9.5427036E-05 -0.01889038 -1
vn -0.5 -0.018875122 -0.86572266
vn -0.49902344 0.0069618225 -0.8666992
vn 1 0.006916046 0
vn 0.86621094 0.006916046 -0.49975586
vn 0.8652344 -0.018875122 -0.50146484
vn 1 -0.018875122 -0.0015258789
vn 0.86621094 -0.018875122 0.49975586
vn 0.8652344 0.0069618225 0.50146484
vn 9.536743E-05 0 -1
vn 0.5 0 -0.86621094
vn 0.5 0 -0.86621094
vn 9.536743E-05 0 -1
vn -0.5 0 -0.86621094
vn -0.5 0 -0.86621094
vn 0.86621094 0 -0.49975586
vn 0.5 0 -0.86621094
vn 0.5 0 -0.86621094
vn 0.86621094 0 -0.49975586
vn 1 0 0
vn 1 0 0
vn 0.86621094 0 0.49975586
vn 0.86621094 0 0.49975586
vn 0.86621094 0 0.49975586
vn 0.86621094 0 0.49975586
vn 0.5 0 0.86621094
vn 0.5 0 0.86621094
vn 9.536743E-05 0 1
vn 9.536743E-05 0 1
vn -0.5 0 0.86572266
vn -0.5 0 0.86572266
vn -0.86621094 0 0.49975586
vn -0.86621094 0 0.49975586
vn -0.50097656 0.0069618225 0.8652344
vn -0.5 -0.018875122 0.86572266
vn -0.8652344 -0.018875122 0.50097656
vn -0.86621094 0.006916046 0.49975586
vn -1 0.0069618225 -0.0015258789
vn -1 -0.018875122 0
vn -0.86621094 -0.01889038 -0.49975586
vn -0.8652344 0.0069618225 -0.50097656
vn -0.49902344 0.0069618225 -0.8666992
vn -0.5 -0.018875122 -0.86572266
vn -0.86621094 0 -0.49975586
vn -0.5 0 -0.86572266
vn -0.5 0 -0.86572266
vn -0.86621094 0 -0.49975586
vn -1 0 0
vn -1 0 0
vn -0.86621094 0 0.49975586
vn -0.86621094 0 0.49975586
vn 0.7661133 -0.01373291 0.6425781
vn 0.87158203 -0.032043457 0.48901367
vn 0.86035156 -0.0579834 0.50634766
vn 0.8046875 -0.02746582 0.59277344
vn 0.50146484 -0.031280518 0.8642578
vn 0.49804688 -0.02822876 0.8666992
vn -0 -0.032043457 0.9995117
vn 9.536743E-05 -0.02822876 0.9995117
vn -0.49951172 -0.02822876 0.86572266
vn 0.36279297 -0.019073486 0.9316406
vn 0.5107422 -0.031280518 0.8588867
vn -0 -0.02822876 0.9995117
vn -0.49951172 -0.031280518 0.86572266
vn -0.86572266 -0.02822876 0.49975586
vn -0.49951172 -0.02822876 0.86572266
vn -0.86572266 -0.032043457 0.49975586
vn -0.86328125 -0.02822876 0.50439453
vn -0.9995117 -0.032043457 0.0015258789
vn -0.98583984 -0.04043579 0.16333008
vn -0.9995117 -0.02746582 -0.010681152
vn -0.86572266 -0.032043457 0.49975586
vn -0.86572266 -0.02822876 0.49975586
vn -0.9951172 -0.030517578 0.09460449
vn -0.86328125 -0.02822876 0.50439453
vn -1 -0.0015258789 0.006866455
vn 0.14978027 -0.012207031 -0.98876953
vn -0.012870789 -0.030899048 -0.9995117
vn 0.008293152 -0.05682373 -0.99853516
vn 0.08905029 -0.02708435 -0.99560547
vn 0.50341797 -0.02708435 -0.86376953
vn 0.49951172 -0.02670288 -0.86572266
vn -0.86035156 -0.026321411 -0.50878906
vn -0.8691406 0 -0.49438477
vn -0.90185547 -0.02822876 -0.4309082
vn -0.93359375 -0.04348755 -0.35620117
vn -0.9995117 -0.02670288 0.006866455
vn -0.9995117 -0.030899048 0.0015258789
vn -0.92089844 -0.018692017 0.38989258
vn -0.86572266 -0.033966064 0.49902344
vn -0.8691406 0 0.49438477
vn -0.98876953 -0.038909912 0.14416504
vn -0.9995117 -0.02670288 -0.011444092
vn -0.9248047 -0.036621094 0.3791504
vn -0.86328125 -0.036621094 0.50341797
vn 0.86572266 -0.02670288 -0.49975586
vn 0.49951172 -0.02670288 -0.86572266
vn 0.50341797 -0.02708435 -0.86376953
vn 0.86572266 -0.02708435 -0.49975586
vn 0.9995117 -0.02670288 -0.0045776367
vn 0.9995117 -0.02708435 0
vn 0.93359375 -0.04348755 0.35620117
vn 0.90185547 -0.02822876 0.43115234
vn 0.8598633 -0.025939941 0.5097656
vn 0.8691406 0 0.49438477
vn 0.93408203 -0.01335144 -0.35717773
vn 0.8588867 -0.03164673 -0.51123047
vn 0.86865234 -0.05722046 -0.4921875
vn 0.9082031 -0.02670288 -0.41796875
vn 0.99121094 -0.020217896 -0.13049316
vn 0.99365234 -0.030517578 -0.10986328
vn 0.9995117 -0.032043457 0.012969971
vn 0.9995117 -0.036621094 0.0045776367
vn -0.8598633 -0.025939941 -0.5097656
vn 0.79052734 -0.32080078 -0.52197266
vn 0.7739258 0.34594727 -0.53027344
vn -0.8691406 0 -0.49438477
vn -0.8457031 0.34594727 0.40673828
vn -0.8466797 -0.32055664 0.42504883
vn 0.008201599 -0.05682373 -0.99853516
vn -0.012969971 -0.030899048 -0.9995117
vn 0.765625 -0.01373291 0.6430664
vn 0.50146484 -0.031280518 0.8642578
vn 0.60595703 0.57373047 -0.55078125
vn 0.37231445 0.6538086 -0.6586914
vn 0.87158203 -0.032043457 0.48901367
vn 0.56933594 0.27856445 -0.7734375
vn -0.86572266 -0.033966064 0.49902344
vn -0.8691406 0 0.49438477
vn 0.77490234 0.34594727 0.5288086
vn 0.8652344 0.015640259 0.50146484
vn -0.86328125 -0.036621094 0.50341797
vn 0.79248047 -0.32055664 0.51904297
vn 0.86865234 -0.05722046 -0.4921875
vn 0.8588867 -0.03164673 -0.51123047
vn -0.7763672 0.34643555 -0.5263672
vn -0.79248047 -0.3203125 -0.5185547
vn 0.036224365 0.27148438 -0.96191406
vn -1 -0.0015258789 0.0061035156
vn -0.9995117 -0.032043457 0.0015258789
vn 0.07324219 0.019073486 -0.9970703
vn -0.9995117 -0.02746582 -0.010681152
vn 0.04711914 -0.25708008 -0.96533203
vn 0.87158203 -0.032043457 0.48901367
vn 0.56103516 -0.24035645 -0.7919922
vn 0.86035156 -0.0579834 0.50634766
vn 0.56933594 0.27856445 -0.7734375
vn 0.8598633 -0.025939941 0.5097656
vn -0.77441406 0.34594727 0.5292969
vn 0.8691406 -0.00038146973 0.49438477
vn -0.7910156 -0.3203125 0.5209961
vn -0.93359375 -0.04348755 -0.35620117
vn -0.9995117 -0.030517578 0.00076293945
vn 0.8520508 -0.35473633 -0.3852539
vn 0.70214844 -0.70751953 -0.08392334
vn 0.79052734 -0.3203125 -0.52197266
vn -0.86035156 -0.026321411 -0.50878906
vn 0.50146484 -0.031280518 0.8642578
vn 0.51123047 -0.031280518 0.8588867
vn 0.73291016 0.29907227 -0.6113281
vn 0.60595703 0.57373047 -0.55078125
vn -0.9995117 -0.02670288 -0.011444092
vn 0.45629883 -0.32055664 -0.8300781
vn 0.8520508 -0.35473633 -0.3852539
vn -0.9995117 -0.030899048 0.0015258789
vn -0.7910156 -0.3203125 0.5209961
vn 0.8598633 -0.025939941 0.5097656
vn 0.93359375 -0.043121338 0.35620117
vn -0.70166016 -0.70751953 0.08312988
vn -0.62402344 -0.5371094 -0.5678711
vn 0.9995117 -0.02708435 0
vn 0.4260254 -0.8691406 -0.25170898
vn 0.86572266 -0.02708435 -0.49975586
vn 0.50341797 -0.02708435 -0.86376953
vn -0.8046875 -0.5371094 0.2524414
vn 0.08917236 -0.02708435 -0.99560547
vn -0.42285156 -0.70751953 0.56591797
vn -0.8466797 -0.32055664 0.42504883
vn 0.008293152 -0.05718994 -0.99853516
vn -1 -0.0015258789 0.006866455
vn 0.036224365 0.27148438 -0.96191406
vn 0.15515137 0.67578125 -0.7207031
vn -0.9951172 -0.030517578 0.09460449
vn -0.021942139 0.49829102 -0.8666992
vn -0.86328125 -0.02822876 0.50439453
vn -0.30297852 0.8720703 0.38452148
vn -0.49951172 -0.02822876 0.86572266
vn -9.536743E-05 -0.02822876 0.9995117
vn -0.26416016 0.7583008 -0.5957031
vn 0.36279297 -0.019073486 0.9316406
vn 0.44799805 0.68066406 -0.57958984
vn 0.5107422 -0.031280518 0.8588867
vn 0.73291016 0.29907227 -0.6113281
vn -0.4272461 -0.32055664 0.84521484
vn 0.9995117 -0.036621094 0.0045776367
vn 0.99365234 -0.030517578 -0.10986328
vn -0.5673828 -0.70751953 0.42114258
vn -0.70214844 -0.70751953 -0.08087158
vn 0.9082031 -0.02670288 -0.41796875
vn -0.79248047 -0.3203125 -0.5185547
vn 0.86865234 -0.05722046 -0.4921875
vn 0.9995117 -0.031677246 0.012969971
vn -0.4086914 0.34594727 0.84472656
vn -0.53027344 0.7402344 0.4128418
vn 0.99121094 -0.020217896 -0.13049316
vn 0.93408203 -0.01335144 -0.35717773
vn -0.66552734 0.7402344 -0.09234619
vn 0.8588867 -0.03164673 -0.51123047
vn -0.7763672 0.34594727 -0.52734375
vn -0.8691406 0 -0.49438477
vn 0.7739258 0.34594727 -0.53027344
vn 0.66552734 0.7402344 -0.09539795
vn -0.90234375 -0.02822876 -0.43041992
vn 0.6176758 0.7866211 -0.00076293945
vn -0.9995117 -0.02670288 0.006866455
vn -0.92089844 -0.018692017 0.38989258
vn 0.66552734 0.7402344 0.09387207
vn -0.8691406 0 0.49438477
vn 0.77490234 0.34594727 0.5288086
vn -0.41479492 0.74072266 0.5288086
vn -0.8457031 0.34594727 0.40673828
vn -0.012870789 -0.030899048 -0.9995117
vn 0.1496582 -0.012207031 -0.98876953
vn 0.2088623 0.55566406 0.8046875
vn 0.49951172 -0.02670288 -0.86572266
vn 0.4970703 0.81689453 -0.29296875
vn 0.86572266 -0.02670288 -0.49975586
vn 0.9995117 -0.02670288 -0.0045776367
vn -0.58984375 0.55566406 0.5859375
vn 0.90185547 -0.02822876 0.43115234
vn -0.66552734 0.7402344 0.09460449
vn 0.8691406 0 0.49438477
vn -0.77441406 0.34594727 0.5292969
vn 0.86035156 -0.0579834 0.50634766
vn 0.56103516 -0.24035645 -0.7919922
vn 0.8046875 -0.02746582 0.59277344
vn 0.3581543 -0.6386719 -0.68115234
vn 0.47094727 -0.5463867 -0.6928711
vn 0.49926758 -0.02822876 0.86621094
vn 0.8310547 -0.3449707 -0.43652344
vn 9.536743E-05 -0.02822876 0.9995117
vn 0.8911133 -0.4416504 -0.103759766
vn -0.49951172 -0.02822876 0.86572266
vn -0.86572266 -0.02822876 0.49975586
vn -0.1315918 -0.9160156 -0.37841797
vn -0.98583984 -0.04043579 0.16333008
vn 0.19750977 -0.63623047 -0.74609375
vn 0.04711914 -0.25708008 -0.96533203
vn -0.9995117 -0.02746582 -0.010681152
vn -0.9248047 -0.036621094 0.3791504
vn -0.86328125 -0.036621094 0.50341797
vn 0.79248047 -0.32055664 0.51904297
vn 0.70166016 -0.7080078 0.08087158
vn 0.5698242 -0.7080078 -0.41748047
vn -0.98876953 -0.038909912 0.14416504
vn 0.45629883 -0.32055664 -0.8300781
vn -0.9995117 -0.02670288 -0.011444092
vn 0.9995117 -0.036621094 0.0045776367
vn -0.40844727 0.34643555 0.8442383
vn 0.9995117 -0.031677246 0.012969971
vn -0.4272461 -0.32055664 0.84521484
vn 0.19750977 -0.63623047 -0.74609375
vn 0.07342529 0.019073486 -0.9970703
vn 0.04711914 -0.25708008 -0.96533203
vn 0.15527344 0.67626953 -0.72021484
vn 0.036224365 0.27148438 -0.96191406
vn -0.1315918 -0.9160156 -0.3791504
vn -0.021942139 0.49829102 -0.8666992
vn -0.30297852 0.8720703 0.38452148
vn -0.021942139 0.49829102 -0.8666992
vn -0.1315918 -0.9160156 -0.3791504
vn 0.8911133 -0.4416504 -0.103759766
vn -0.26416016 0.7583008 -0.5957031
vn 0.8310547 -0.3449707 -0.43652344
vn 0.60595703 0.57373047 -0.55078125
vn 0.47094727 -0.5463867 -0.6928711
vn 0.3581543 -0.6386719 -0.68115234
vn 0.73291016 0.29907227 -0.6113281
vn 0.44799805 0.68066406 -0.57958984
vn 0.37231445 0.6538086 -0.6586914
vn 0.56103516 -0.24035645 -0.7919922
vn 0.56933594 0.27856445 -0.7734375
vn 0.66552734 0.7402344 -0.09539795
vn 0.7739258 0.34594727 -0.53027344
vn 0.79052734 -0.32080078 -0.52197266
vn 0.70166016 -0.70751953 -0.08392334
vn 0.6176758 0.7866211 -0.00076293945
vn 0.8520508 -0.35473633 -0.3852539
vn 0.66552734 0.7402344 0.09387207
vn 0.70166016 -0.7080078 0.08087158
vn 0.5698242 -0.7080078 -0.41748047
vn 0.45629883 -0.32055664 -0.8300781
vn 0.8652344 0.015640259 0.50146484
vn 0.79248047 -0.32055664 0.51904297
vn 0.77490234 0.34594727 0.5288086
vn -0.79248047 -0.3203125 -0.5185547
vn -0.7758789 0.34643555 -0.52734375
vn -0.66552734 0.7402344 -0.09234619
vn -0.70166016 -0.7080078 -0.08087158
vn -0.53027344 0.7402344 0.4128418
vn -0.56689453 -0.7080078 0.42114258
vn -0.42700195 -0.32080078 0.84521484
vn -0.4086914 0.34594727 0.84472656
vn -0.8466797 -0.32055664 0.42504883
vn -0.8457031 0.34594727 0.40673828
vn -0.41479492 0.74072266 0.5288086
vn -0.42285156 -0.70751953 0.56591797
vn -0.8046875 -0.5371094 0.2524414
vn 0.20898438 0.55566406 0.8046875
vn -0.8046875 -0.5371094 0.2524414
vn 0.2088623 0.55566406 0.8046875
vn 0.49975586 0.81689453 -0.28833008
vn 0.4284668 -0.8691406 -0.2479248
vn -0.58984375 0.55566406 0.5859375
vn -0.62402344 -0.5371094 -0.5678711
vn -0.70166016 -0.70751953 0.08312988
vn -0.66552734 0.7402344 0.09460449
vn -0.7910156 -0.3203125 0.5209961
vn -0.77441406 0.34594727 0.5292969
vn 0.8623047 -0.067871094 -0.5019531
vn 0.86621094 0.009918213 -0.49975586
vn 0.5 0.009918213 -0.86621094
vn 0.49536133 -0.06793213 -0.86621094
vn 0.0037174225 0.009918213 -1
vn -0 -0.067871094 -0.9975586
vn -0.49829102 -0.067871094 -0.8642578
vn -0.4963379 0.009918213 -0.86816406
vn -0.86376953 -0.067871094 -0.49902344
vn -0.86376953 0.009918213 -0.50341797
vn 1 0.009918213 0
vn 0.86621094 0.009918213 -0.49975586
vn 0.8623047 -0.067871094 -0.5019531
vn 0.9975586 -0.067871094 -0.0038146973
vn 0.86621094 -0.06793213 0.4951172
vn 0.86621094 0.009918213 0.49975586
vn 0.5024414 -0.067871094 0.8618164
vn 0.5 0.009918213 0.86572266
vn 0.5019531 -0.067871094 0.8623047
vn 9.536743E-05 0.009918213 1
vn 0.5 0.009918213 0.86621094
vn 0.004005432 -0.067871094 0.9975586
vn -0.49926758 -0.06793213 0.86376953
vn -0.5029297 0.009918213 0.8642578
vn -0.86376953 -0.067871094 0.49902344
vn -0.8676758 0.009918213 0.49658203
vn -0.47387695 -0.7963867 0.37548828
vn -0.72509766 -0.08392334 0.68359375
vn -0.96972656 -0.08392334 0.22961426
vn -0.59814453 -0.7963867 0.08850098
vn -0.95458984 -0.0847168 -0.2861328
vn -0.5620117 -0.7963867 -0.22277832
vn -0.68359375 -0.08392334 -0.7246094
vn -0.8642578 0.009918213 -0.5029297
vn -1 0.009918213 -0.0038146973
vn -0.86376953 -0.067871094 -0.49902344
vn -0.9975586 -0.067871094 0
vn -0.86376953 -0.067871094 0.49902344
vn -0.8676758 0.009918213 0.49658203
vn 0.68359375 -0.08392334 0.7246094
vn 0.37548828 -0.7963867 0.47387695
vn 0.5620117 -0.7963867 0.22277832
vn 0.21582031 -0.30371094 0.92822266
vn 0.07873535 -0.71191406 0.6982422
vn -0.2861328 -0.08392334 0.95458984
vn -0.22241211 -0.7963867 0.5625
vn -0.72509766 -0.08392334 0.68359375
vn -0.47387695 -0.7963867 0.37548828
vn 0.72509766 -0.08392334 -0.68359375
vn 0.4736328 -0.796875 -0.37548828
vn 0.22253418 -0.796875 -0.56152344
vn 0.2861328 -0.08392334 -0.95458984
vn -0.21520996 -0.7973633 -0.56396484
vn -0.21618652 -0.30371094 -0.9277344
vn -0.37548828 -0.7963867 -0.47387695
vn -0.68359375 -0.08392334 -0.7246094
vn -0.5625 -0.7963867 -0.2220459
vn 0.68359375 -0.08392334 0.7246094
vn 0.5620117 -0.7963867 0.22277832
vn 0.95458984 -0.08392334 0.2861328
vn 0.59814453 -0.7963867 -0.08850098
vn 0.96972656 -0.08392334 -0.22961426
vn 0.4736328 -0.796875 -0.37548828
vn 0.72509766 -0.08392334 -0.68359375
vn -0 -1 0
vn -0 -1 0
vn -0.09625244 -0.9682617 -0.23120117
vn -0 -1 0
vn -0 -1 0
vn -0 -1 0
vn -0 -1 0
vn -0 -1 0
vn -0 -1 0
vn -0 -1 0
vn -0 -1 0
vn 0.09613037 -0.9682617 0.23120117
vn -0 0 1
vn -0 0 1
vn -0 0 1
vn -0 0 1
vn 1 0 0
vn 1 0 0
vn 1 0 0
vn 1 0 0
vn 1 0 0
vn 1 0 0
vn 1 0 0
vn 1 0 0
vn -1 0 0
vn -1 0 0
vn -1 0 0
vn -1 0 0
vn -1 0 0
vn -1 0 0
vn -1 0 0
vn -1 0 0
vn -0 -0.8178711 0.5751953
vn -0 -0.9897461 0.14111328
vn 2.3841858E-05 -0.8178711 0.5751953
vn -0 -0.9897461 0.14111328
vn -0 -1 0
vn -0 -1 0
vn -0 -1 0
vn -0 -1 0
vn -0 -0.9897461 0.14111328
vn -0 -0.9897461 0.14111328
vn -0 -0.8178711 0.5751953
vn -2.3841858E-05 -0.8178711 0.5751953
vn -0 -0.3095703 0.9506836
vn -0 -0.8173828 0.5761719
vn 2.3841858E-05 -0.8173828 0.5761719
vn 2.3841858E-05 -0.3095703 0.9506836
vn -0 0.30859375 0.9511719
vn 2.3841858E-05 0.30859375 0.9511719
vn -0 0.8173828 0.5761719
vn 2.3841858E-05 0.8173828 0.5761719
vn -0.00014305115 0.8178711 0.5751953
vn 2.3841858E-05 0.8178711 0.5751953
vn -0 0.9897461 0.14111328
vn -0 0.9897461 0.14111328
vn -0 1 0
vn -0 1 0
vn -0 1 0
vn -0 1 0
vn -0 0.9897461 0.14111328
vn -0 0.9897461 0.14111328
vn -0 0.8178711 0.5751953
vn -2.3841858E-05 0.8178711 0.5751953
vn -1 0 0
vn -1 0 0
vn -1 0 0
vn -1 0 0
vn -1 0 0
vn -1 0 0
vn -1 0 0
vn -1 0 0
vn 1 0 0
vn 1 0 0
vn 1 0 0
vn 1 0 0
vn 1 0 0
vn 1 0 0
vn 1 0 0
vn 1 0 0
vn -0 -0.3095703 0.9506836
vn -2.3841858E-05 -0.8173828 0.5761719
vn -0 -0.8173828 0.5761719
vn -2.3841858E-05 -0.3095703 0.9506836
vn -0 0.30859375 0.9511719
vn -2.3841858E-05 0.30859375 0.9511719
vn 0.00014305115 0.8173828 0.5761719
vn -2.3841858E-05 0.8173828 0.5761719
vn -0.70654297 -0.70751953 0
vn -0.70654297 -0.70751953 0
vn -0.38232422 -0.9243164 0
vn -0.38232422 -0.9243164 0
vn 0.00052165985 -1 0
vn 0.00052165985 -1 0
vn 0.38232422 -0.9243164 0
vn 0.38232422 -0.9243164 0
vn 0.70654297 -0.70751953 0
vn 0.70654297 -0.70751953 0
vn 0.70654297 0.70751953 0
vn 0.38232422 0.9243164 0
vn 0.70654297 0.70751953 0
vn 0.38232422 0.9243164 0
vn -0.00052165985 1 0
vn -0.00052165985 1 0
vn -0.38232422 0.9243164 0
vn -0.38232422 0.9243164 0
vn -0.70654297 0.70751953 0
vn -0.70654297 0.70751953 0
vn -0.70751953 -0.70654297 0
vn -0.70751953 -0.70654297 0
vn -0.9238281 -0.38305664 0
vn -0.9238281 -0.38305664 0
vn -1 -0.0005221367 0.00019073486
vn -1 -0.0005221367 0
vn -0.9243164 0.38232422 0
vn -0.9243164 0.38232422 0
vn -0.70751953 0.70654297 0.00019073486
vn -0.70751953 0.70654297 0
vn 0.70751953 0.70654297 0
vn 0.70751953 0.70654297 0
vn 0.9238281 0.38305664 0
vn 0.9238281 0.38305664 0
vn 1 -0.0005221367 0
vn 1 -0.0005221367 0
vn 0.9243164 -0.38232422 0
vn 0.9243164 -0.38232422 0
vn 0.70751953 -0.70654297 0.00019073486
vn 0.70751953 -0.70654297 0
vn 0.6503906 -0.0014066696 0.7597656
vn 0.64990234 -0.001001358 0.7602539
vn 0.64941406 9.119511E-06 0.7602539
vn 0.64990234 0.001001358 0.7602539
vn 0.64990234 0.0015735626 0.7597656
vn -0.6503906 0.0013589859 0.7597656
vn -0.6503906 0.0014066696 0.7597656
vn -0.64990234 0.00045871735 0.7597656
vn -0.6503906 -0.0014066696 0.7597656
vn -0.64990234 -0.0015258789 0.7597656
vn -0 -0.40673828 0.9135742
vn 0.0005722046 -0.40698242 0.9135742
vn 0.000667572 -0.40698242 0.9135742
vn -7.075071E-05 -0.40673828 0.9135742
vn -0.00071525574 -0.40698242 0.9135742
vn -0.0006198883 -0.40698242 0.9135742
vn -0 -0.40673828 0.9135742
vn -0 0.40673828 0.9135742
vn -0.00054836273 0.40698242 0.9135742
vn -0.0006198883 0.40698242 0.9135742
vn 3.296137E-05 0.40673828 0.9135742
vn 0.0006198883 0.40698242 0.9135742
vn 0.00054836273 0.40698242 0.9135742
vn -0 0.40673828 0.9135742
vn -0 0 -1
vn -0 0 -1
vn -0 0 -1
vn -0 0 -1
vn -0 0 -1
vn -0 0 -1
vn -0 0 -1
vn -0 0 -1
vn -0 0 -1
vn -0 0 -1
vn -0 0 -1
vn -0 0 -1
vn -0 0 -1
vn -0 0 -1
vn -0 0 -1
vn -0 0 -1
vn 0.00051546097 1 0
vn 0.70654297 0.70751953 0
vn 0.70654297 0.70751953 0
vn 0.00051546097 1 0
vn -0.70654297 0.70751953 0
vn -0.70654297 0.70751953 0
vn 1 0.00051546097 0
vn 0.70751953 0.70654297 0
vn 0.70751953 0.70654297 0
vn 1 0.00051546097 0
vn 0.70751953 -0.70654297 0
vn 0.70751953 -0.70654297 0
vn 0.00051498413 -1 0
vn 0.70654297 -0.70751953 0
vn 0.70654297 -0.70751953 0
vn 0.00051498413 -1 0
vn -0.70654297 -0.70751953 0
vn -0.70654297 -0.70751953 0
vn -1 -0.00051546097 0
vn -0.70751953 -0.70654297 0
vn -0.70751953 -0.70654297 0
vn -1 -0.00051546097 0
vn -0.70751953 0.70654297 0
vn -0.70751953 0.70654297 0.00019073486
vn 0.00051546097 1 0
vn 0.70654297 0.70751953 0
vn 0.70654297 0.70751953 0
vn 0.00051546097 1 0
vn -0.70654297 0.70751953 0
vn -0.70654297 0.70751953 0
vn 1 0.0005159378 0
vn 0.70751953 0.70654297 0
vn 0.70751953 0.70654297 0
vn 1 0.0005159378 0
vn 0.70751953 -0.70654297 0
vn 0.70751953 -0.70654297 0
vn 0.00051546097 -1 0
vn 0.70654297 -0.70751953 0
vn 0.70654297 -0.70751953 0
vn 0.00051546097 -1 0
vn -0.70654297 -0.70751953 0
vn -0.70654297 -0.70751953 0
vn -1 -0.00051498413 0
vn -0.70751953 -0.70654297 0
vn -0.70751953 -0.70654297 0
vn -1 -0.00051498413 0
vn -0.70751953 0.70654297 0
vn -0.70751953 0.70654297 0
vn -0 0 1
vn -0 0 1
vn -0 0 1
vn -0 0 1
vn -0 0 1
vn -0 0 1
vn -0 0 1
vn -0 0 1
vn -0 0 -1
vn -0 0 -1
vn -0 0 -1
vn -0 0 -1
vn -0 0 -1
vn -0 0 -1
vn -0 0 -1
vn -0 0 -1
vn -0 0.70751953 -0.70654297
vn -0 0.70751953 -0.70654297
vn -0 1 -0.0005722046
vn -0 1 -0.0005722046
vn -0 0.70751953 0.70654297
vn -0 0.70751953 0.70654297
vn -0 0.0005159378 -1
vn -0 0.70654297 -0.70751953
vn -0 0.70654297 -0.70751953
vn -0 0.0005159378 -1
vn -0 -0.70654297 -0.70751953
vn -0 -0.70654297 -0.70751953
vn -0 -1 -0.0005722046
vn -0 -0.70751953 -0.70654297
vn -0 -0.70751953 -0.70654297
vn -0 -1 -0.0005722046
vn -0 -0.70751953 0.70654297
vn -0 -0.70751953 0.70654297
vn -0 -0.0005145073 1
vn -0 -0.70654297 0.70751953
vn -0 -0.70654297 0.70751953
vn 0.00023841858 -0.0005145073 1
vn -0 0.70654297 0.70751953
vn -0 0.70654297 0.70751953
vn -0 -0.80859375 -0.5883789
vn -0 -0.80859375 -0.5883789
vn -0 -0.3095703 -0.9506836
vn -0 -0.3095703 -0.9506836
vn -0 0.3095703 -0.9506836
vn 0.00014305115 0.3095703 -0.9506836
vn -0 0.80859375 -0.5883789
vn -0 0.80859375 -0.5883789
vn -0 1 -0.0005722046
vn -0 0.80908203 -0.58740234
vn -0 0.80908203 -0.58740234
vn -0 1 -0.0005722046
vn -0.00019073486 0.80908203 0.58740234
vn -0 0.80908203 0.58740234
vn -0 -0.80908203 -0.58740234
vn -0 -0.80908203 -0.58740234
vn -0 -1 -0.0005722046
vn -0 -1 -0.0005722046
vn -0 -0.8095703 0.58740234
vn -0 -0.8095703 0.58740234
vn -0 0.80859375 0.5883789
vn -0 0.80859375 0.5883789
vn -0 0.30859375 0.9511719
vn -0 0.30859375 0.9511719
vn -0 -0.30859375 0.9511719
vn -0 -0.30859375 0.9511719
vn -0 -0.80859375 0.5883789
vn -0 -0.80859375 0.5883789
vn -0 -0.80859375 -0.5883789
vn -0 -0.3095703 -0.9506836
vn -0 -0.80859375 -0.5883789
vn -0 -0.3095703 -0.9506836
vn -0 0.3095703 -0.9506836
vn -0 0.3095703 -0.9506836
vn -0 0.80859375 -0.5883789
vn -0 0.80859375 -0.5883789
vn -0 1 -0.0005722046
vn -0 0.80908203 -0.58740234
vn -0 0.80908203 -0.58740234
vn -0 1 -0.0005722046
vn -0 0.8095703 0.58740234
vn -0 0.80908203 0.58740234
vn -0 -1 -0.0005722046
vn -0 -0.80908203 -0.58740234
vn -0 -0.80908203 -0.58740234
vn -0 -1 -0.0005722046
vn -0 -0.8095703 0.58740234
vn 9.536743E-05 -0.8095703 0.58740234
vn -0 0.80859375 0.5883789
vn -0 0.30859375 0.9511719
vn -0 0.80859375 0.5883789
vn -0 0.30859375 0.9511719
vn -0 -0.30859375 0.9511719
vn -0 -0.30859375 0.9511719
vn -0 -0.80859375 0.5883789
vn -0 -0.80859375 0.5883789
vn -0.70654297 -0.70751953 -0.00038146973
vn -0.38208008 -0.9243164 -0.00038146973
vn -0.70654297 -0.70751953 0.00038146973
vn -0.38208008 -0.9243164 0.00038146973
vn -0.0005698204 -1 -0.00038146973
vn -0.00052165985 -1 0.00038146973
vn 0.38330078 -0.9238281 -0.00038146973
vn 0.38330078 -0.9238281 0.00038146973
vn 0.70654297 -0.70751953 -0.00038146973
vn 0.70654297 -0.70751953 0.00038146973
vn -0.83154297 -0.55566406 0
vn -0.70751953 -0.70654297 -0.00038146973
vn -0.83154297 -0.55566406 0
vn -0.70751953 -0.70654297 0.00038146973
vn 0.70751953 -0.70654297 -0.00038146973
vn 0.83154297 -0.55566406 0
vn 0.70751953 -0.70654297 0.00038146973
vn 0.83154297 -0.55566406 0
vn -0 0 1
vn 0.25439453 0.6142578 0.7470703
vn 0.83154297 -0.55566406 0
vn 0.70703125 -0.70703125 -0.00038146973
vn 0.38256836 -0.9238281 -0.00038146973
vn -0 0 1
vn -3.5762787E-07 0 1
vn 1.9848347E-05 -1 -0.00038146973
vn -0.38256836 -0.9238281 -0.00038146973
vn -0 0 1
vn -0.70703125 -0.70703125 -0.00038146973
vn -0 0 1
vn -0.25439453 0.6142578 0.7470703
vn -0.83154297 -0.55566406 0
vn 0.83154297 -0.55566406 0
vn 0.2541504 0.61328125 0.7475586
vn 0.2541504 0.61328125 -0.7475586
vn 0.83154297 -0.55566406 0
vn -0.2541504 0.61328125 0.7475586
vn -0.83154297 -0.55566406 0
vn -0.83154297 -0.55566406 9.536743E-05
vn -0.2541504 0.61328125 -0.7475586
vn 0.83154297 -0.55566406 -9.536743E-05
vn 0.25439453 0.6142578 -0.7470703
vn -0 0 -1
vn 0.70703125 -0.70703125 0.00047683716
vn 0.38256836 -0.9238281 0.00047683716
vn -0 0 -1
vn -0 0 -1
vn 1.4901161E-05 -1 0.00047683716
vn -0.38256836 -0.9238281 0.00047683716
vn -0 0 -1
vn -0.70703125 -0.70703125 0.00047683716
vn -0 0 -1
vn -0.25439453 0.6142578 -0.7470703
vn -0.83154297 -0.55566406 0
vn -0.70654297 0.70751953 0
vn -0.38330078 0.9238281 0
vn -0.70654297 0.70751953 0
vn -0.38330078 0.9238281 0
vn -0.00052165985 1 0
vn -0.00052165985 1 0
vn 0.38208008 0.9243164 0
vn 0.38208008 0.9243164 0
vn 0.70654297 0.70751953 0
vn 0.70654297 0.70751953 0
vn -0.83154297 0.55566406 0
vn -0.70751953 0.70654297 0
vn -0.83154297 0.55566406 0
vn -0.70751953 0.70654297 0
vn 0.70751953 0.70654297 0
vn 0.83154297 0.55566406 0
vn 0.70751953 0.70654297 0
vn 0.83154297 0.55566406 0
vn -0.4711914 -0.4711914 -0.74560547
vn -0.4711914 -0.4711914 -0.74560547
vn -0.4711914 0.4711914 -0.74560547
vn -0.4711914 0.4711914 -0.74560547
vn -0.4711914 0.4711914 -0.74560547
vn -0.4711914 0.4711914 -0.74560547
vn 0.4711914 0.4711914 -0.74560547
vn 0.4711914 0.4711914 -0.74560547
vn 0.4711914 0.4711914 -0.74560547
vn 0.4711914 0.4711914 -0.74560547
vn 0.4711914 -0.4711914 -0.74560547
vn 0.4711914 -0.4711914 -0.74560547
vn 0.4711914 -0.4711914 -0.74560547
vn 0.4711914 -0.4711914 -0.74560547
vn -0.4711914 -0.4711914 -0.74560547
vn -0.4711914 -0.4711914 -0.74560547
vn 0.70751953 0.70654297 0
vn 0.70751953 0.70654297 0
vn -0.70751953 0.70654297 0
vn -0.70751953 0.70654297 0
vn -0 0 -1
vn -0 0 -1
vn -0 0 -1
vn -0 0 -1
vn -0.70654297 0.70751953 0
vn -0.70654297 0.70751953 0
vn -0.70654297 -0.70751953 0
vn -0.70654297 -0.70751953 0
vn 0.70654297 -0.70751953 0
vn 0.70654297 -0.70751953 0
vn 0.70654297 0.70751953 0
vn 0.70654297 0.70751953 0
vn -0.70751953 -0.70654297 0
vn -0.70751953 -0.70654297 0
vn 0.70751953 -0.70654297 0
vn 0.70751953 -0.70654297 0
vn -1 0 0
vn -1 0 0
vn -1 -9.536743E-05 0.0011444092
vn -1 0 0
vn -1 0 0
vn -1 0 0
vn -0.00042915344 -1 0
vn 4.7683716E-05 -1 0
vn -4.7683716E-05 0 1
vn -0.00042915344 0 1
vn -0 -1 0
vn 0.0009059906 -1 0
vn -0.0009059906 -1 0
vn -0 -1 0
vn -4.7683716E-05 0.0005722046 1
vn 4.7683716E-05 0.0005722046 1
vn -0.00081062317 0.00019073486 1
vn 0.0008583069 0 1
vn -0 0 1
vn -0 0 1
vn 1 0 0
vn 0.00042915344 -1 0
vn 4.7683716E-05 -1 0
vn 1 0 0
vn -4.7683716E-05 0 1
vn 0.00042915344 0 1
vn 1 0 0
vn 1 0 0.00076293945
vn 1 0 0
vn 1 0 0
vn -0 0.72998047 -0.68359375
vn -0 0.72998047 -0.68359375
vn -0 0.72998047 -0.68359375
vn -0 0.72998047 -0.68359375
vn -0 0 -1
vn -0 0 -1
vn -0 0 -1
vn -0 0 -1
vn -0 0 -1
vn -0 0 -1
vn -0 0 -1
vn -0 0 -1
vn 1 -0.00076293945 0
vn 1 0 0
vn 1 0 0
vn 1 -0.00076293945 0
vn 0.00019073486 -1 0
vn 0.00019073486 -1 0
vn 0.000667572 -1 0
vn -0.000667572 -1 0
vn -0.000667572 -1 0
vn 0.000667572 -1 0
vn -1 -0.00076293945 0
vn -1 0 0
vn -1 0 0
vn -1 -0.00076293945 0
vn -0.00019073486 -1 0
vn -0.00019073486 -1 0
vn -0 0 -1
vn -0 0 -1
vn -0 0 -1
vn -0 0 -1
vn -0 0 -1
vn -0 0 -1
vn -0 0.69921875 -0.71484375
vn -0 0.69921875 -0.71484375
vn -0 0.69921875 -0.71484375
vn -0 0.69921875 -0.71484375
vn -0.00047683716 -0.45581055 -0.8901367
vn 0.8901367 -0.45581055 0.00038146973
vn 1 0 0.00038146973
vn -0.0005245209 0 -1
vn -0.8901367 -0.45581055 0.00038146973
vn -1 0 0.00038146973
vn 0.00047683716 -0.45581055 0.8901367
vn -0.8901367 -0.45581055 -0.00038146973
vn -1 0 -0.00038146973
vn 0.0005245209 0 1
vn 0.8901367 -0.45581055 -0.00038146973
vn 1 0 -0.00038146973
vn -0 1 0
vn -0 1 0
vn -0 1 0
vn -0 1 0
vn 0.46166992 -0.38110352 0.80126953
vn 0.5 0 0.86572266
vn 1 0 0
vn 0.9248047 -0.38085938 -0.00038146973
vn 0.46166992 -0.38085938 -0.80126953
vn 0.5 0 -0.86572266
vn -0.46289062 -0.38085938 -0.80029297
vn 0.46289062 -0.38110352 -0.80029297
vn 0.5 0 -0.86572266
vn -0.5 0 -0.86572266
vn -0.46166992 -0.38110352 -0.80126953
vn -0.5 0 -0.86572266
vn -1 0 0
vn -0.9243164 -0.38110352 0.00038146973
vn -0.4621582 -0.38110352 0.80078125
vn -0.5 -0.00019073486 0.86572266
vn -0.5 0 -0.86572266
vn 0.5 0 -0.86572266
vn 0.5 0 -0.86572266
vn -0.5 0 -0.86572266
vn 0.46289062 -0.38085938 0.80029297
vn -0.5 0 0.86572266
vn 0.5 0 0.86572266
vn -0.46289062 -0.38110352 0.80029297
vn 1 0 0
vn 0.5 0 -0.86572266
vn 0.5 0 -0.86572266
vn 1 0 0
vn 0.5 0 0.86572266
vn 0.5 0 0.86572266
vn 0.5 0 0.86572266
vn 0.5 0 0.86572266
vn -0.5 0 0.86572266
vn -0.5 0 0.86572266
vn -1 0 0
vn -0.5 0 -0.86572266
vn -0.5 0 -0.86572266
vn -1 0 0
vn -0.5 0 0.86572266
vn -0.5 0 0.86572266
vn -0 -1 0
vn -0 -1 0
vn -0 -1 0
vn -0 -1 0
vn -0 -1 0
vn -0 -1 0
vn 0.70654297 -0.00019073486 0.70751953
vn 0.70654297 0 0.70751953
vn 0.0005245209 0 1
vn 0.0005245209 0 1
vn -0.70654297 0 0.70751953
vn -0.70654297 0.00019073486 0.70751953
vn 0.70751953 0 0.70703125
vn 0.70751953 0 0.70703125
vn 1 0 0.00038146973
vn 1 0 0.00038146973
vn 0.70751953 0 -0.70703125
vn 0.70751953 0 -0.70703125
vn 0.0005245209 0 -1
vn 0.70654297 0.00019073486 -0.70751953
vn 0.70654297 0 -0.70751953
vn 0.0005245209 0 -1
vn -0.70654297 0 -0.70751953
vn -0.70654297 0 -0.70751953
vn -1 0 -0.00038146973
vn -0.70751953 0 -0.70703125
vn -0.70751953 0 -0.70703125
vn -1 0 -0.00038146973
vn -0.70751953 0 0.70703125
vn -0.70751953 0 0.70703125
vn -0.0005245209 -0.6176758 -0.7866211
vn -0.55566406 -0.6176758 -0.5566406
vn -0.55566406 -0.6176758 -0.5566406
vn -0.0005245209 -0.6176758 -0.7866211
vn 0.55566406 -0.6176758 -0.5566406
vn 0.55566406 -0.6176758 -0.5566406
vn -0.7861328 -0.6176758 -0.00038146973
vn -0.5566406 -0.6176758 -0.55566406
vn -0.55615234 -0.6176758 -0.55566406
vn -0.7861328 -0.6176758 -0.00038146973
vn -0.55615234 -0.6176758 0.55566406
vn -0.55615234 -0.6176758 0.55566406
vn -0.55566406 -0.6176758 0.5566406
vn -0.55566406 -0.6176758 0.5566406
vn -0.0005245209 -0.6176758 0.7866211
vn -0.0005245209 -0.6176758 0.7866211
vn 0.55566406 -0.6176758 0.5566406
vn 0.55566406 -0.6176758 0.5566406
vn 0.7861328 -0.6176758 0.00038146973
vn 0.5566406 -0.6176758 0.55566406
vn 0.55615234 -0.6176758 0.55566406
vn 0.7861328 -0.6176758 0.00038146973
vn 0.55615234 -0.6176758 -0.55566406
vn 0.55615234 -0.6176758 -0.55566406
vn 0.70654297 0 0.70751953
vn 0.0005245209 0 1
vn 0.70654297 -0.00019073486 0.70751953
vn 0.0005245209 0 1
vn -0.70654297 0 0.70751953
vn -0.70654297 0 0.70751953
vn 0.70751953 0 0.70703125
vn 1 0 0.00038146973
vn 0.70751953 0.00019073486 0.70703125
vn 1 0 0.00038146973
vn 0.70751953 0 -0.70703125
vn 0.70751953 0 -0.70703125
vn 0.0005245209 0 -1
vn 0.70654297 0 -0.70751953
vn 0.70654297 0 -0.70751953
vn 0.0005245209 0 -1
vn -0.70654297 0 -0.70751953
vn -0.70654297 0 -0.70751953
vn -1 0 -0.00038146973
vn -0.70751953 0 -0.70703125
vn -0.70751953 0 -0.70703125
vn -1 0 -0.00038146973
vn -0.70751953 0 0.70703125
vn -0.70751953 0 0.70703125
vn 0.70654297 0 0.70751953
vn 0.0005245209 0 1
vn 0.70654297 -0.00019073486 0.70751953
vn 0.0005245209 0.00019073486 1
vn -0.70654297 0 0.70751953
vn -0.70654297 0 0.70751953
vn 0.70751953 0 0.70703125
vn 1 0 0.00038146973
vn 0.70751953 0 0.70703125
vn 1 0 0.00038146973
vn 0.70751953 0 -0.70703125
vn 0.70751953 0 -0.70703125
vn 0.0005245209 0 -1
vn 0.70654297 0.00019073486 -0.70751953
vn 0.70654297 0 -0.70751953
vn 0.0005245209 -0.00019073486 -1
vn -0.70654297 0 -0.70751953
vn -0.70654297 -0.00019073486 -0.70751953
vn -1 0 -0.00038146973
vn -0.70751953 0 -0.70703125
vn -0.70751953 0 -0.70703125
vn -1 0 -0.00038146973
vn -0.70751953 0 0.70703125
vn -0.70751953 0 0.70703125
vn 0.46166992 -0.3815918 0.80078125
vn 0.5 0 0.86621094
vn 1 0 0
vn 0.9243164 -0.3815918 -0.00038146973
vn 0.46166992 -0.3815918 -0.80078125
vn 0.5 0 -0.86572266
vn -0.46240234 -0.3815918 -0.80029297
vn 0.46240234 -0.3815918 -0.80029297
vn 0.5 0 -0.86572266
vn -0.5 0 -0.86572266
vn -0.9243164 -0.3815918 0.00038146973
vn -0.46166992 -0.3815918 -0.80078125
vn -0.5 0 -0.86621094
vn -1 0 0
vn -0.46166992 -0.3815918 0.80078125
vn -0.5 0 0.86572266
vn 0.46240234 -0.3815918 0.80029297
vn -0.5 0 0.86572266
vn 0.5 0 0.86572266
vn -0.46240234 -0.3815918 0.80029297
vn -0.4621582 -0.38183594 -0.80029297
vn 0.9243164 -0.38183594 0
vn 0.4621582 -0.38183594 -0.80029297
vn -0.4621582 -0.38183594 0.80029297
vn -0.9243164 -0.38183594 0
vn 0.4621582 -0.38183594 0.80029297
vn -0.91015625 0.32739258 0.2529297
vn -0.89941406 0.3322754 0.2836914
vn 0.2277832 -0.95410156 -0.19372559
vn 0.29345703 -0.9560547 -0.01449585
vn 0.6875 0.72314453 -0.06677246
vn 0.6489258 0.71728516 -0.25439453
vn 0.33544922 -0.93652344 0.1026001
vn 0.5966797 0.68310547 -0.42163086
vn 0.4753418 -0.8647461 0.16174316
vn 0.44091797 0.53564453 -0.72021484
vn -0.004386902 0.13562012 -0.99072266
vn 0.6411133 -0.75341797 0.14587402
vn -0.53271484 -0.34570312 -0.77246094
vn -0.6386719 0.68066406 0.35888672
vn -0.39916992 0.86621094 0.30078125
vn -0.7519531 -0.5307617 -0.39086914
vn -0.17932129 0.9609375 0.20983887
vn 0.765625 -0.6274414 0.14343262
vn -0.77685547 -0.5600586 -0.28833008
vn 0.8857422 -0.44873047 0.11694336
vn -0.1508789 0.97265625 0.17541504
vn -0.7675781 -0.5566406 -0.3173828
vn 0.8984375 -0.42651367 0.103759766
vn -0.1842041 0.9555664 0.23046875
vn 0.93896484 -0.32470703 0.11328125
vn -0.91015625 0.328125 0.2529297
vn 0.6870117 0.7236328 -0.06677246
vn -0.89941406 0.33276367 0.28393555
vn 0.6484375 0.71728516 -0.2548828
vn -0.90625 0.32055664 0.27612305
vn 0.5966797 0.68310547 -0.42163086
vn 0.33496094 -0.93652344 0.1026001
vn 0.29370117 -0.9555664 -0.01449585
vn 0.47485352 -0.8652344 0.1619873
vn -0.828125 0.4423828 0.34448242
vn 0.44091797 0.53564453 -0.72021484
vn -0.63916016 0.6801758 0.35888672
vn -0.004386902 0.13562012 -0.99072266
vn 0.7651367 -0.6274414 0.14367676
vn 0.64160156 -0.75341797 0.14587402
vn -0.53271484 -0.34570312 -0.77246094
vn -0.7519531 -0.5307617 -0.39086914
vn 0.8857422 -0.4494629 0.116760254
vn -0.77685547 -0.5600586 -0.28833008
vn 0.8984375 -0.42700195 0.103759766
vn -0.7675781 -0.5571289 -0.3173828
vn 0.93896484 -0.3251953 0.11328125
vn 0.6411133 -0.75341797 0.14550781
vn 0.7651367 -0.6279297 0.14379883
vn -0.39941406 0.86621094 0.3010254
vn -0.63916016 0.68066406 0.35839844
vn -0.8276367 0.44262695 0.34472656
vn 0.47509766 -0.8647461 0.16210938
vn -0.78271484 0.62158203 0.026321411
vn -0.7973633 0.5786133 0.17016602
vn -0.08050537 -0.9355469 -0.34375
vn -0.1071167 -0.984375 -0.13891602
vn 0.8833008 0.45263672 0.1217041
vn 0.8691406 0.44384766 0.21862793
vn 0.88183594 0.47045898 -0.031280518
vn -0.17895508 -0.9633789 0.20031738
vn -0.7163086 0.66748047 -0.20251465
vn 0.91748047 0.3630371 -0.16271973
vn -0.71240234 0.55078125 -0.43554688
vn -0.22033691 -0.81103516 0.5415039
vn 0.9213867 0.30395508 -0.2421875
vn -0.72314453 0.41308594 -0.55371094
vn -0.19909668 -0.6513672 0.7324219
vn 0.92578125 0.24023438 -0.29174805
vn -0.73583984 0.30151367 -0.6064453
vn -0.18615723 -0.5048828 0.84277344
vn 0.9296875 0.2084961 -0.30419922
vn -0.18688965 -0.44213867 0.8774414
vn -0.74072266 0.25585938 -0.62109375
vn -0.78271484 0.6220703 0.02670288
vn 0.86865234 0.44433594 0.21862793
vn -0.7973633 0.57910156 0.17016602
vn 0.8833008 0.45288086 0.1217041
vn 0.88183594 0.47070312 -0.03164673
vn -0.7163086 0.66796875 -0.20251465
vn 0.91748047 0.3635254 -0.1628418
vn -0.71191406 0.55078125 -0.43554688
vn 0.9213867 0.30419922 -0.24267578
vn -0.72265625 0.41333008 -0.5541992
vn 0.9213867 0.30419922 -0.24267578
vn -0.72265625 0.41333008 -0.5541992
vn -0.73535156 0.3017578 -0.6069336
vn 0.92578125 0.24047852 -0.29223633
vn -0.74072266 0.25585938 -0.62109375
vn 0.9296875 0.20861816 -0.30419922
vn -0.90625 0.4194336 0.05645752
vn -0.86328125 0.45996094 0.20825195
vn 0.14245605 -0.9692383 -0.2010498
vn 0.18444824 -0.9741211 0.1315918
vn 0.7338867 0.67871094 0.029754639
vn -0.92089844 0.38842773 -0.036224365
vn 0.72509766 0.6582031 -0.20336914
vn 0.21691895 -0.90966797 0.35351562
vn -0.9355469 0.3215332 -0.14587402
vn 0.7011719 0.6171875 -0.35717773
vn 0.23474121 -0.7861328 0.57177734
vn -0.94091797 0.19335938 -0.27783203
vn 0.67089844 0.5551758 -0.4921875
vn 0.24353027 -0.5732422 0.78222656
vn -0.94970703 0.085632324 -0.30126953
vn 0.6513672 0.45532227 -0.6069336
vn 0.25268555 -0.43286133 0.8652344
vn 0.69140625 0.37451172 -0.6176758
vn -0.9057617 0.41992188 0.05645752
vn 0.73339844 0.6791992 0.029754639
vn -0.86279297 0.46044922 0.20825195
vn 0.7246094 0.6586914 -0.20336914
vn -0.92041016 0.38891602 -0.036254883
vn 0.7006836 0.6176758 -0.35717773
vn -0.9355469 0.32202148 -0.14611816
vn 0.67041016 0.5551758 -0.4921875
vn -0.94091797 0.19372559 -0.2783203
vn 0.6508789 0.45532227 -0.6074219
vn 0.69091797 0.37475586 -0.61816406
vn 0.6508789 0.4555664 -0.6074219
vn -0.94091797 0.19372559 -0.2783203
vn -0.94970703 0.085998535 -0.30151367
vn 0.9238281 0 -0.38305664
vn 0.70751953 0 -0.70703125
vn 0.70751953 0 -0.70703125
vn 0.9238281 0 -0.38305664
vn 1 0 0.00038146973
vn 1 0 0.00038146973
vn 0.9243164 0 0.38232422
vn 0.9243164 0 0.38232422
vn 0.70751953 0 0.70703125
vn 0.70751953 0 0.70703125
vn -0.70654297 0 -0.70751953
vn -0.70654297 0 -0.70751953
vn -0.38330078 0 -0.9238281
vn -0.38330078 0 -0.9238281
vn 0.0005722046 0 -1
vn 0.0005722046 0 -1
vn 0.38232422 0 -0.9238281
vn 0.38232422 0 -0.9238281
vn 0.70654297 0.00019073486 -0.70751953
vn 0.70654297 0 -0.70751953
vn -0.70751953 0 0.70703125
vn -0.70751953 0 0.70703125
vn -0.9243164 0 0.38232422
vn -0.9243164 0 0.38232422
vn -1 0 0.00038146973
vn -1 0 0.00038146973
vn -0.9243164 0 -0.38232422
vn -0.9243164 0 -0.38232422
vn -0.70751953 0 -0.70703125
vn -0.70751953 0 -0.70703125
vn 0.70654297 0 0.70751953
vn 0.70654297 0 0.70751953
vn 0.38330078 0 0.9238281
vn 0.38330078 0 0.9238281
vn 0.0005722046 0 1
vn 0.0005722046 0 1
vn -0.38330078 0 0.9238281
vn -0.38330078 0 0.9238281
vn -0.70654297 0 0.70751953
vn -0.70654297 0 0.70751953
vn -0.70751953 0 0.70703125
vn -0.70751953 0 0.70703125
vn -0.9238281 0 0.38305664
vn -0.9238281 0 0.38305664
vn -1 0 -0.00038146973
vn -1 0 -0.00038146973
vn -0.9243164 0 -0.38232422
vn -0.9243164 0 -0.38232422
vn -0.70751953 0 -0.70703125
vn -0.70751953 0 -0.70703125
vn 0.38330078 0 0.9238281
vn 0.70654297 0 0.70751953
vn 0.70654297 0 0.70751953
vn 0.38330078 0 0.9238281
vn 0.0005722046 0 1
vn 0.0005722046 0 1
vn -0.38330078 0 0.9238281
vn -0.38330078 0 0.9238281
vn -0.70654297 0 0.70751953
vn -0.70654297 0 0.70751953
vn 0.70751953 0 -0.70703125
vn 0.9243164 0 -0.38232422
vn 0.70751953 0 -0.70703125
vn 0.9243164 0 -0.38232422
vn 1 0 -0.00038146973
vn 1 0 -0.00038146973
vn 0.9243164 0 0.38232422
vn 0.9243164 0 0.38232422
vn 0.70751953 0 0.70703125
vn 0.70751953 0 0.70703125
vn -0.70654297 0 -0.70751953
vn -0.70654297 0 -0.70751953
vn -0.38330078 0 -0.9238281
vn -0.38330078 0 -0.9238281
vn -0.0005722046 0 -1
vn -0.0005722046 0 -1
vn 0.38232422 0 -0.9238281
vn 0.38232422 0 -0.9238281
vn 0.70654297 0 -0.70751953
vn 0.70654297 0 -0.70751953
vn 0.82177734 -0.4567871 0.34106445
vn 0.62939453 -0.4567871 0.62890625
vn 0.62939453 -0.4567871 0.62890625
vn 0.82177734 -0.4567871 0.34106445
vn 0.88964844 -0.4567871 0.00038146973
vn 0.88964844 -0.4567871 0.00038146973
vn 0.82177734 -0.4567871 -0.34106445
vn 0.82177734 -0.4567871 -0.34106445
vn 0.62939453 -0.4567871 -0.62890625
vn 0.62939453 -0.4567871 -0.62890625
vn 0.62841797 -0.4567871 -0.62939453
vn 0.33984375 -0.4567871 -0.8222656
vn 0.62841797 -0.4567871 -0.62939453
vn 0.33984375 -0.4567871 -0.8222656
vn 0.0005722046 -0.4567871 -0.88964844
vn 0.0005722046 -0.4567871 -0.88964844
vn -0.33984375 -0.4567871 -0.8222656
vn -0.33984375 -0.4567871 -0.8222656
vn -0.62841797 -0.4567871 -0.62939453
vn -0.62841797 -0.4567871 -0.62939453
vn -0.62939453 -0.4567871 -0.62841797
vn -0.62939453 -0.4567871 -0.62841797
vn -0.82177734 -0.4567871 -0.34106445
vn -0.82177734 -0.4567871 -0.34106445
vn -0.88964844 -0.4567871 0.00038146973
vn -0.88964844 -0.4567871 0.00038146973
vn -0.8222656 -0.4567871 0.33984375
vn -0.8222656 -0.4567871 0.33984375
vn -0.62939453 -0.4567871 0.62841797
vn -0.62939453 -0.4567871 0.62841797
vn -0.3408203 -0.4567871 0.82177734
vn -0.62841797 -0.4567871 0.62939453
vn -0.62841797 -0.4567871 0.62939453
vn -0.3408203 -0.4567871 0.82177734
vn -0.0005722046 -0.4567871 0.88964844
vn -0.0005722046 -0.4567871 0.88964844
vn 0.3408203 -0.4567871 0.82177734
vn 0.3408203 -0.4567871 0.82177734
vn 0.62841797 -0.4567871 0.62939453
vn 0.62841797 -0.4567871 0.62939453
vn -0 -1 0
vn -0 -1 0
vn -0 -1 0
vn -0 -1 0
vn -0 -1 0
vn -0 -1 0
vn -0 -1 0
vn -0 -1 0
vn -0 -1 0
vn -0 -1 0
vn -0 -1 0
vn -0 -1 0
vn -0 -1 0
vn -0 -1 0
vn -0 -1 0
vn -0 -1 0
vn -0 -1 0
vn -0 -1 0
vn -0 -1 0
vn -0 -1 0
vn -0 -1 0
vn -0 -1 0
vn -0 -1 0
vn -0 -1 0
vn -0 -1 0
vn -0 -1 0
vn -0 -1 0
vn -0 -1 0
vn -0 -1 0
vn -0 -1 0
vn -0 -1 0
vn -0 -1 0
vn -0 -1 0
vn -0 -1 0
vn -0 -1 0
vn -0 -1 0
vn -0 -1 0
vn -0 -1 0
vn -0 -1 0
vn -0 -1 0
vn -0 -1 0
vn -0 -1 0
vn -0 -1 0
vn -0 -1 0
vn -0 -1 0
vn -0 -1 0
vn -0 -1 0
vn -0 -1 0
vn 0.27368164 0.8701172 -0.40966797
vn 0.27368164 0.8701172 -0.40966797
vn 0.3232422 0.8701172 -0.37231445
vn 0.22033691 0.8701172 -0.44091797
vn 0.18920898 0.86816406 -0.4584961
vn 0.35009766 0.86865234 -0.35107422
vn -0.0005722046 0.86816406 -0.4958496
vn 0.4675293 0.8701172 -0.15673828
vn 0.4580078 0.86816406 -0.19030762
vn -0.034729004 0.8701172 -0.49169922
vn 0.49194336 0.8701172 -0.034729004
vn 0.4958496 0.86816406 -0.00038146973
vn 0.4831543 0.8701172 -0.09613037
vn 0.4831543 0.8701172 -0.09613037
vn 0.45825195 0.86816406 0.18920898
vn 0.44140625 0.8701172 0.21972656
vn 0.37231445 0.8701172 0.3232422
vn 0.35107422 0.86865234 0.35009766
vn 0.40966797 0.8701172 0.27392578
vn 0.40966797 0.8701172 0.27392578
vn 0.19018555 0.86865234 0.45776367
vn 0.15661621 0.8701172 0.46777344
vn 0.034729004 0.8701172 0.49169922
vn 0.00019073486 0.86816406 0.4958496
vn 0.09613037 0.8701172 0.48339844
vn 0.09613037 0.8701172 0.48339844
vn -0.19006348 0.86816406 0.4580078
vn -0.22033691 0.8701172 0.44091797
vn -0.3232422 0.8701172 0.37231445
vn -0.3503418 0.86816406 0.35083008
vn -0.4580078 0.86816406 0.19030762
vn -0.27368164 0.8701172 0.40966797
vn -0.27368164 0.8701172 0.40966797
vn -0.4675293 0.8701172 0.15673828
vn -0.49194336 0.8701172 0.034332275
vn -0.4958496 0.86816406 -0.00038146973
vn -0.4831543 0.8701172 0.09613037
vn -0.4831543 0.8701172 0.09613037
vn -0.45825195 0.86816406 -0.18920898
vn -0.44140625 0.8701172 -0.21972656
vn -0.35107422 0.86865234 -0.35009766
vn -0.37231445 0.8701172 -0.3232422
vn -0.40966797 0.8701172 -0.27392578
vn -0.40966797 0.8701172 -0.27392578
vn -0.15673828 0.8701172 -0.46777344
vn -0.19030762 0.86865234 -0.45776367
vn -0.09613037 0.8701172 -0.48339844
vn -0.09613037 0.8701172 -0.48339844
vn -0.19506836 0 -0.98095703
vn -0.19506836 0 -0.98095703
vn -0.19506836 0 -0.98095703
vn -0.19506836 0 -0.98095703
vn 0.83154297 0 -0.5551758
vn 0.83154297 0 -0.5551758
vn 0.83154297 0 -0.5551758
vn 0.83154297 0 -0.5551758
vn -0.83154297 0 -0.55566406
vn -0.83154297 0 -0.55566406
vn -0.83154297 0 -0.55566406
vn -0.83154297 0 -0.55566406
vn -0.55566406 0 0.83154297
vn -0.55566406 0 0.83154297
vn -0.55566406 0 0.83154297
vn -0.55566406 0 0.83154297
vn 0.98095703 0 -0.19494629
vn 0.98095703 0 -0.19494629
vn 0.98095703 0 -0.19494629
vn 0.98095703 0 -0.19494629
vn -0.83154297 0 0.55566406
vn -0.83154297 0 0.55566406
vn -0.83154297 0 0.55566406
vn -0.83154297 0 0.55566406
vn 0.83154297 0 0.55566406
vn 0.83154297 0 0.55566406
vn 0.83154297 0 0.55566406
vn 0.83154297 0 0.55566406
vn -0.98095703 0 0.19494629
vn -0.98095703 0 0.19494629
vn -0.98095703 0 0.19494629
vn -0.98095703 0 0.19494629
vn -0.98095703 0 0.19494629
vn -0.98095703 0 0.19494629
vn -0.98095703 0 0.19494629
vn -0.98095703 0 0.19494629
vn -0.83154297 0 -0.55566406
vn -0.83154297 0 -0.55566406
vn -0.83154297 0 -0.55566406
vn -0.83154297 0 -0.55566406
vn 0.19506836 0 0.98095703
vn 0.19506836 0 0.98095703
vn 0.19506836 0 0.98095703
vn 0.19506836 0 0.98095703
vn 0.83154297 0 0.5551758
vn 0.83154297 0 0.5551758
vn 0.83154297 0 0.5551758
vn 0.83154297 0 0.5551758
vn -0.55566406 0 0.83154297
vn -0.55566406 0 0.83154297
vn -0.55566406 0 0.83154297
vn -0.55566406 0 0.83154297
vn -0.19506836 0 -0.98095703
vn -0.19506836 0 -0.98095703
vn -0.19506836 0 -0.98095703
vn -0.19506836 0 -0.98095703
vn 0.19506836 0 -0.98095703
vn 0.19506836 0 -0.98095703
vn 0.19506836 0 -0.98095703
vn 0.19506836 0 -0.98095703
vn -0.98095703 0 0.19494629
vn -0.98095703 0 0.19494629
vn -0.98095703 0 0.19494629
vn -0.98095703 0 0.19494629
vn 0.19506836 0 0.98095703
vn 0.19506836 0 0.98095703
vn 0.19506836 0 0.98095703
vn 0.19506836 0 0.98095703
vn -0.19506836 0 -0.98095703
vn -0.19506836 0 -0.98095703
vn -0.19506836 0 -0.98095703
vn -0.19506836 0 -0.98095703
vn -0.55566406 0 -0.83154297
vn -0.55566406 0 -0.83154297
vn -0.55566406 0 -0.83154297
vn -0.55566406 0 -0.83154297
vn 0.55566406 0 -0.83154297
vn 0.55566406 0 -0.83154297
vn 0.55566406 0 -0.83154297
vn 0.55566406 0 -0.83154297
vn -0.98095703 0 -0.19494629
vn -0.98095703 0 -0.19494629
vn -0.98095703 0 -0.19494629
vn -0.98095703 0 -0.19494629
vn 0.98095703 0 -0.19494629
vn 0.98095703 0 -0.19494629
vn 0.98095703 0 -0.19494629
vn 0.98095703 0 -0.19494629
vn -0.55566406 0 0.83154297
vn -0.55566406 0 0.83154297
vn -0.55566406 0 0.83154297
vn -0.55566406 0 0.83154297
vn 0.19506836 0 0.98095703
vn 0.19506836 0 0.98095703
vn 0.19506836 0 0.98095703
vn 0.19506836 0 0.98095703
vn 0.98095703 0 -0.19494629
vn 0.98095703 0 -0.19494629
vn 0.98095703 0 -0.19494629
vn 0.98095703 0 -0.19494629
vn 0.98095703 0 0.19494629
vn 0.98095703 0 0.19494629
vn 0.98095703 0 0.19494629
vn 0.98095703 0 0.19494629
vn 0.55566406 0 -0.83154297
vn 0.55566406 0 -0.83154297
vn 0.55566406 0 -0.83154297
vn 0.55566406 0 -0.83154297
vn 0.55566406 0 0.83154297
vn 0.55566406 0 0.83154297
vn 0.55566406 0 0.83154297
vn 0.55566406 0 0.83154297
vn -0.83154297 0 -0.5551758
vn -0.83154297 0 -0.5551758
vn -0.83154297 0 -0.5551758
vn -0.83154297 0 -0.5551758
vn -0.19506836 0 0.98095703
vn -0.19506836 0 0.98095703
vn -0.19506836 0 0.98095703
vn -0.19506836 0 0.98095703
vn 0.55566406 0 -0.83154297
vn 0.55566406 0 -0.83154297
vn 0.55566406 0 -0.83154297
vn 0.55566406 0 -0.83154297
vn 0.83154297 0 0.5551758
vn 0.83154297 0 0.5551758
vn 0.83154297 0 0.5551758
vn 0.83154297 0 0.5551758
vn 0.70654297 -0.70751953 0
vn 0.70654297 -0.70751953 0
vn 0.38208008 -0.9243164 0
vn 0.38208008 -0.9243164 0
vn 0.00052165985 -1 0
vn 0.00052165985 -1 0
vn -0.38330078 -0.9238281 0
vn -0.38330078 -0.9238281 0
vn -0.70654297 -0.70751953 0
vn -0.70654297 -0.70751953 0
vn -0.70654297 0.70751953 0
vn -0.70654297 0.70751953 0
vn -0.38305664 0.9238281 0
vn -0.38305664 0.9238281 0
vn 0.00052165985 1 0
vn 0.000521183 1 0
vn 0.38305664 0.9238281 0
vn 0.38305664 0.9238281 0
vn 0.70654297 0.70751953 0
vn 0.70654297 0.70751953 0
vn 0.70654297 -0.70751953 0
vn 0.70654297 -0.70751953 0
vn 0.38232422 -0.9243164 0
vn 0.38232422 -0.9243164 0
vn 0.000521183 -1 0
vn 0.000521183 -1 0
vn -0.38305664 -0.9238281 0
vn -0.38305664 -0.9238281 0
vn -0.70654297 -0.70751953 0
vn -0.70654297 -0.70751953 0
vn -0.70751953 0.70654297 0
vn -0.9238281 0.38305664 0
vn -0.70751953 0.70654297 0
vn -0.9238281 0.38305664 0
vn -1 0.00052165985 0
vn -1 0.00052165985 0
vn -0.9243164 -0.38232422 0
vn -0.9243164 -0.38232422 0
vn -0.70751953 -0.70654297 0
vn -0.70751953 -0.70654297 0
vn 0.70751953 -0.70654297 0
vn 0.9238281 -0.38305664 0
vn 0.70751953 -0.70654297 0
vn 0.9238281 -0.38305664 0
vn 1 0.00052165985 0
vn 1 0.00052165985 0
vn 0.9243164 0.38232422 0
vn 0.9243164 0.38232422 0
vn 0.70751953 0.70654297 0
vn 0.70751953 0.70654297 0
vn 0.9916992 0.12890625 0.004673004
vn 0.9916992 0.12890625 0.004673004
vn 0.9916992 0.12890625 0.004722595
vn 0.9916992 0.12890625 0.004722595
vn -0.13061523 0.7402344 -0.6591797
vn -0.1673584 0.94921875 -0.26635742
vn -0.1673584 0.94921875 -0.26635742
vn -0.13061523 0.7402344 -0.6591797
vn -0.022033691 0.12512207 -0.9916992
vn -0.13061523 0.7402344 -0.6591797
vn -0.13061523 0.7402344 -0.6591797
vn -0.022125244 0.12512207 -0.9916992
vn 0.02432251 -0.13769531 -0.9902344
vn 0.02432251 -0.13769531 -0.9902344
vn 0.98828125 0.11291504 0.1026001
vn 0.9941406 0.08734131 0.06304932
vn 0.9941406 0.08734131 0.06304932
vn 0.9868164 0.16137695 -0.011154175
vn 0.9848633 0.17126465 0.032714844
vn 0.97558594 0.17773438 -0.12792969
vn 0.97558594 0.17773438 -0.12792969
vn 0.9663086 0.25756836 -0.015113831
vn 0.9663086 0.25756836 -0.015113831
vn 0.9663086 0.25756836 -0.015159607
vn 0.9663086 0.25756836 -0.015113831
vn 0.9663086 0.25756836 -0.015159607
vn 0.9663086 0.25756836 -0.015159607
vn 0.9663086 0.25756836 -0.015159607
vn 0.99609375 0.08850098 0.015113831
vn 0.99609375 0.08850098 0.015167236
vn 0.99609375 0.08850098 0.015113831
vn 0.99609375 0.08850098 0.015113831
vn 0.99609375 0.08850098 0.015113831
vn 0.99609375 0.08850098 0.015113831
vn 0.99609375 0.08850098 0.015167236
vn 0.9838867 0.17810059 0.0002861023
vn 0.9838867 0.17810059 0.00023841858
vn 0.9838867 0.17810059 0.0002861023
vn 0.9838867 0.17810059 0.00023841858
vn -0.024978638 0.43554688 -0.89990234
vn -0.024978638 0.43554688 -0.89990234
vn 0.01802063 -0.03164673 -0.9995117
vn 0.01802063 -0.03164673 -0.9995117
vn 0.0569458 -0.4921875 -0.86865234
vn 0.0569458 -0.4921875 -0.86865234
vn -0.081848145 0.8261719 0.5571289
vn -0.089660645 0.9873047 0.13098145
vn -0.089660645 0.9873047 0.13098145
vn -0.08190918 0.8261719 0.5571289
vn -0.057037354 0.49365234 0.8676758
vn -0.057037354 0.49365234 0.8676758
vn -0.081726074 0.8261719 0.5571289
vn -0.08190918 0.8261719 0.5571289
vn 0.05569458 -0.7416992 0.66845703
vn 0.05569458 -0.7416992 0.66845703
vn 0.05569458 -0.7416992 0.66845703
vn 0.05569458 -0.7416992 0.66845703
vn -0.041870117 0.30908203 0.9501953
vn -0.041870117 0.30908203 0.9501953
vn -0.041870117 0.30908203 0.9501953
vn -0.041870117 0.30908203 0.9501953
vn 0.0859375 -0.98828125 0.12438965
vn 0.0859375 -0.98828125 0.12445068
vn 0.0859375 -0.98828125 0.12445068
vn 0.0859375 -0.98828125 0.12438965
vn -0.99609375 -0.08850098 -0.015113831
vn -0.99609375 -0.08850098 -0.015167236
vn -0.99609375 -0.08850098 -0.015113831
vn -0.99609375 -0.08850098 -0.015113831
vn -0.99609375 -0.08850098 -0.015113831
vn -0.99609375 -0.08850098 -0.015113831
vn -0.99609375 -0.08850098 -0.015167236
vn -0.25708008 0.95751953 -0.13183594
vn -0.23510742 0.90234375 0.36083984
vn -0.23486328 0.90234375 0.36083984
vn -0.25708008 0.95751953 -0.13183594
vn -0.15478516 0.6254883 0.76464844
vn -0.23486328 0.90234375 0.36083984
vn -0.23486328 0.90234375 0.36083984
vn -0.15478516 0.6254883 0.76464844
vn 0.25024414 -0.9501953 -0.18554688
vn 0.25439453 -0.94091797 0.22399902
vn 0.25439453 -0.94091797 0.22399902
vn 0.25024414 -0.9501953 -0.18554688
vn 0.20422363 -0.7993164 -0.5649414
vn 0.20422363 -0.7993164 -0.5649414
vn 0.2376709 -0.86572266 0.44018555
vn 0.2376709 -0.86572266 0.44018555
vn 0.2376709 -0.86572266 0.44018555
vn 0.2376709 -0.86572266 0.44018555
vn 0.16418457 -0.6586914 -0.734375
vn 0.16418457 -0.6586914 -0.734375
vn 0.051971436 -0.25170898 -0.9663086
vn 0.05206299 -0.25170898 -0.9663086
vn -0.07208252 0.21325684 -0.9741211
vn -0.07208252 0.21325684 -0.9741211
vn -0.9663086 -0.25756836 0.015159607
vn -0.9663086 -0.25756836 0.015113831
vn -0.9663086 -0.25756836 0.015113831
vn -0.9663086 -0.25756836 0.015113831
vn -0.9663086 -0.25756836 0.015159607
vn -0.9663086 -0.25756836 0.015159607
vn -0.9663086 -0.25756836 0.015159607
vn -0.15148926 0.8588867 0.48901367
vn -0.17358398 0.9848633 -0.0029087067
vn -0.15148926 0.8588867 0.48901367
vn -0.17358398 0.9848633 -0.0029087067
vn -0.15148926 0.8588867 0.48901367
vn -0.15148926 0.8588867 0.48901367
vn -0.090148926 0.5107422 0.85498047
vn -0.090148926 0.5107422 0.85498047
vn -0.06112671 0.3466797 0.93603516
vn -0.06112671 0.3466797 0.93603516
vn -0.06112671 0.3466797 0.93603516
vn -0.06112671 0.3466797 0.93603516
vn 0.99560547 0.08087158 -0.048217773
vn 0.99560547 0.08087158 -0.048217773
vn 0.99121094 0.13195801 -0.021743774
vn 0.99072266 0.13269043 -0.021270752
vn 0.9848633 0.17358398 0
vn 0.9848633 0.17358398 0
vn 0.9848633 0.17358398 0
vn 0.9848633 0.17358398 0
vn 0.9848633 0.17358398 0
vn -0.016021729 0.09118652 -0.99560547
vn -0.016021729 0.09118652 -0.99560547
vn -0.016021729 0.09118652 -0.99560547
vn -0.016021729 0.09118652 -0.99560547
vn 0.15246582 -0.8642578 -0.47973633
vn 0.15246582 -0.8642578 -0.47973633
vn 0.17346191 -0.9838867 -0.040527344
vn 0.17346191 -0.9838867 -0.040527344
vn 0.17248535 -0.9785156 -0.11303711
vn 0.17248535 -0.9785156 -0.11303711
vn 0.08618164 -0.48901367 -0.86816406
vn 0.08618164 -0.48901367 -0.86816406
vn 0.08618164 -0.48901367 -0.86816406
vn 0.08618164 -0.48901367 -0.86816406
vn -0.0034332275 0.019454956 -1
vn -0.0034332275 0.019454956 -1
vn -0.9760742 -0.21777344 0.004673004
vn -0.9760742 -0.21777344 0.0047187805
vn -0.9760742 -0.21777344 0.0047187805
vn -0.9760742 -0.21777344 0.004673004
vn -0.96435547 -0.2578125 0.06304932
vn -0.96435547 -0.2578125 0.06304932
vn -0.96728516 -0.2319336 0.1026001
vn -0.9824219 -0.18579102 -0.011154175
vn -0.9838867 -0.17590332 0.032714844
vn -0.97753906 -0.16674805 -0.12792969
vn -0.97753906 -0.16674805 -0.12792969
vn -0.99609375 -0.08850098 -0.015167236
vn -0.99609375 -0.08850098 -0.015113831
vn -0.99609375 -0.08850098 -0.015113831
vn -0.99609375 -0.08850098 -0.015113831
vn -0.99609375 -0.08850098 -0.015159607
vn -0.99609375 -0.08850098 -0.015167236
vn -0.99609375 -0.08850098 -0.015167236
vn -0.9663086 -0.25756836 0.015113831
vn -0.9663086 -0.25756836 0.015159607
vn -0.9663086 -0.25756836 0.015113831
vn -0.9663086 -0.25756836 0.015113831
vn -0.9663086 -0.25756836 0.015113831
vn -0.9663086 -0.25756836 0.015113831
vn -0.9663086 -0.25756836 0.015159607
vn -0.98583984 -0.16894531 0.0002861023
vn -0.98583984 -0.16894531 0.0002861023
vn -0.98583984 -0.16894531 0.00023841858
vn -0.98583984 -0.16894531 0.00023841858
vn -0.006008148 -0.036254883 -0.9995117
vn -0.12548828 0.41796875 -0.89990234
vn -0.12548828 0.41796875 -0.89990234
vn -0.006008148 -0.036254883 -0.9995117
vn 0.11480713 -0.48168945 -0.86865234
vn 0.11480713 -0.48168945 -0.86865234
vn -0.25341797 0.9584961 0.13085938
vn -0.20581055 0.8046875 0.5571289
vn -0.20568848 0.8046875 0.5571289
vn -0.25341797 0.9584961 0.13085938
vn -0.11517334 0.48339844 0.8676758
vn -0.11517334 0.48339844 0.8676758
vn -0.20568848 0.8046875 0.5571289
vn -0.20568848 0.8046875 0.5571289
vn 0.20117188 -0.7158203 0.66845703
vn 0.20117188 -0.7158203 0.66845703
vn 0.20117188 -0.7158203 0.66845703
vn 0.20117188 -0.7158203 0.66845703
vn -0.06628418 0.3046875 0.9501953
vn -0.06628418 0.3046875 0.9501953
vn -0.06628418 0.3046875 0.9501953
vn -0.06628418 0.3046875 0.9501953
vn 0.25732422 -0.9584961 0.12438965
vn 0.25732422 -0.9584961 0.12438965
vn 0.25732422 -0.9584961 0.12438965
vn 0.25732422 -0.9584961 0.12438965
vn 0.9663086 0.25756836 -0.015113831
vn 0.9663086 0.25756836 -0.015113831
vn 0.9663086 0.25756836 -0.015159607
vn 0.9663086 0.25756836 -0.015113831
vn 0.9663086 0.25756836 -0.015113831
vn 0.9663086 0.25756836 -0.015113831
vn 0.9663086 0.25756836 -0.015159607
vn -0.08795166 0.92871094 0.36083984
vn -0.08795166 0.92871094 0.36083984
vn -0.08569336 0.98779297 -0.13183594
vn -0.085754395 0.98779297 -0.13183594
vn -0.08795166 0.92822266 0.36083984
vn -0.08795166 0.92822266 0.36083984
vn -0.06854248 0.640625 0.76464844
vn -0.06854248 0.640625 0.76464844
vn 0.08288574 -0.9711914 0.22399902
vn 0.08972168 -0.9785156 -0.18554688
vn 0.08288574 -0.9711914 0.22399902
vn 0.08972168 -0.9785156 -0.18554688
vn 0.08154297 -0.82128906 -0.5649414
vn 0.08154297 -0.82128906 -0.5649414
vn 0.072753906 -0.89501953 0.44018555
vn 0.072753906 -0.89501953 0.44018555
vn 0.072753906 -0.89501953 0.44018555
vn 0.072753906 -0.89501953 0.44018555
vn 0.07116699 -0.67529297 -0.734375
vn 0.07116699 -0.67529297 -0.734375
vn 0.03729248 -0.25439453 -0.9663086
vn 0.03729248 -0.25439453 -0.9663086
vn -0.0051498413 0.22509766 -0.9741211
vn -0.0051994324 0.22509766 -0.9741211
vn 0.99609375 0.08850098 0.015167236
vn 0.99609375 0.08850098 0.015167236
vn 0.99609375 0.08850098 0.015167236
vn 0.99609375 0.08850098 0.015167236
vn 0.99609375 0.08850098 0.015113831
vn 0.99609375 0.08850098 0.015113831
vn 0.99609375 0.08850098 0.015113831
vn 0.14672852 -0.83251953 0.5341797
vn 0.14672852 -0.83251953 0.5341797
vn 0.14672852 -0.83251953 0.5341797
vn 0.14672852 -0.83251953 0.5341797
vn 0.14379883 -0.8154297 0.5605469
vn 0.10626221 -0.60253906 0.7910156
vn 0.14379883 -0.8154297 0.5605469
vn 0.10626221 -0.60253906 0.7910156
vn 0.10614014 -0.6020508 0.7915039
vn 0.10614014 -0.6020508 0.7915039
vn 0.05407715 -0.30664062 0.9501953
vn 0.05407715 -0.30664062 0.9501953
vn 0.15234375 -0.8642578 -0.47973633
vn 0.15234375 -0.8642578 -0.47973633
vn 0.15234375 -0.8642578 -0.47973633
vn 0.15234375 -0.8642578 -0.47973633
vn -0.046539307 0.26391602 -0.9633789
vn -0.046539307 0.26391602 -0.9633789
vn -0.046539307 0.26391602 -0.9633789
vn -0.046539307 0.26391602 -0.9633789
vn -0.046539307 0.26391602 -0.9633789
vn -0.046539307 0.26391602 -0.9633789
vn -0.9628906 -0.26464844 -0.048217773
vn -0.9628906 -0.26464844 -0.048217773
vn -0.9765625 -0.21472168 -0.021743774
vn -0.9765625 -0.21398926 -0.021270752
vn -0.9848633 -0.17358398 0
vn -0.9848633 -0.17358398 0
vn -0.9848633 -0.17358398 0
vn -0.9848633 -0.17358398 0
vn -0.9848633 -0.17358398 0
vn -0.14233398 0.8076172 0.5722656
vn -0.14233398 0.8076172 0.5722656
vn -0.14233398 0.8076172 0.5722656
vn -0.14233398 0.8076172 0.5722656
vn -0.00038146973 0.0019073486 1
vn -0.00038146973 0.0019073486 1
vn -0.00038146973 0.0019073486 1
vn -0.00038146973 0.0019073486 1
vn -0.16418457 0.93066406 -0.32666016
vn -0.16418457 0.93066406 -0.32666016
vn -0.16418457 0.93066406 -0.32666016
vn -0.16418457 0.93066406 -0.32666016
vn -0.13085938 0.7416992 0.65771484
vn -0.13085938 0.7416992 0.65771484
vn -0.13085938 0.7416992 0.65771484
vn -0.13085938 0.7416992 0.65771484
vn 0.11517334 -0.6533203 0.7480469
vn 0.11291504 -0.6464844 0.75439453
vn 0.114990234 -0.6459961 0.75439453
vn 0.11517334 -0.6533203 0.7480469
vn 0.11755371 -0.65966797 0.7426758
vn 0.115112305 -0.65966797 0.7426758
vn -0.5366211 -0.025558472 0.84375
vn 0.5126953 0.15942383 0.84375
vn 0.11529541 -0.6464844 0.75390625
vn 0.11291504 -0.64697266 0.75390625
vn 0.9453125 -0.31811523 0.07098389
vn -0.77978516 -0.6220703 0.07080078
vn 0.9873047 -0.005340576 0.16015625
vn 0.115600586 -0.65966797 0.7426758
vn 0.51220703 0.15942383 0.84375
vn 0.11566162 -0.6533203 0.74853516
vn 0.11328125 -0.6464844 0.75439453
vn 0.9458008 -0.3173828 0.07141113
vn 0.98828125 -0.0061035156 0.15112305
vn 0.99072266 0.017929077 0.1361084
vn 0.99072266 0.017929077 0.1361084
vn -0.92578125 -0.3425293 0.16015625
vn -0.5361328 -0.025177002 0.84375
vn 0.117004395 -0.65966797 0.7426758
vn 0.114746094 -0.6533203 0.7480469
vn 0.11462402 -0.6459961 0.75439453
vn -0.77978516 -0.62158203 0.0713501
vn -0.9267578 -0.34399414 0.15112305
vn -0.9370117 -0.32202148 0.1361084
vn -0.9370117 -0.32202148 0.1361084
vn -0.17297363 0.98095703 -0.086120605
vn -0.11273193 0.63964844 -0.7607422
vn -0.11273193 0.63964844 -0.7607422
vn -0.18127441 0.9794922 -0.086120605
vn -0.17297363 0.98095703 -0.0871582
vn -0.17150879 0.97265625 -0.15686035
vn -0.17260742 0.98095703 -0.0871582
vn -0.17150879 0.97265625 -0.15686035
vn -0.064819336 0.36816406 -0.9277344
vn -0.17150879 0.97265625 -0.15588379
vn -0.17150879 0.97265625 -0.15588379
vn -0.064941406 0.36816406 -0.9277344
vn -0.042816162 0.24304199 -0.9692383
vn -0.042999268 0.24304199 -0.9692383
vn -0.09863281 0.55908203 -0.8232422
vn -0.09863281 0.55908203 -0.8232422
vn 0.90625 0.42260742 0.0005722046
vn 0.6411133 0.29907227 0.70654297
vn 0.6411133 0.29907227 0.70654297
vn 0.90625 0.42236328 0.0005722046
vn 0.6411133 0.29907227 -0.70654297
vn 0.6411133 0.29907227 -0.70654297
vn 0.640625 0.29858398 0.70751953
vn 0.640625 0.29858398 0.70751953
vn 0.00047683716 0.00019073486 1
vn 0.00047683716 0.00019073486 1
vn -0.640625 -0.29858398 0.70751953
vn -0.640625 -0.29858398 0.70751953
vn -0.90625 -0.42260742 0.0005722046
vn -0.6411133 -0.29907227 0.70654297
vn -0.6411133 -0.29907227 0.70654297
vn -0.90625 -0.42260742 0.0005722046
vn -0.6411133 -0.29907227 -0.70654297
vn -0.6411133 -0.29907227 -0.70654297
vn -0.640625 -0.29858398 -0.70751953
vn -0.640625 -0.29858398 -0.70751953
vn -0.00047683716 -0.00019073486 -1
vn -0.00047683716 -0.00019073486 -1
vn 0.640625 0.29858398 -0.70751953
vn 0.640625 0.29858398 -0.70751953
vn 0.13562012 -0.76953125 0.62402344
vn 0.13562012 -0.76953125 0.62402344
vn 0.14440918 -0.8120117 0.56591797
vn 0.14208984 -0.8120117 0.56591797
vn 0.05569458 -0.31201172 -0.9482422
vn 0.16174316 -0.8642578 -0.47607422
vn -0.14929199 0.8330078 -0.53271484
vn -0.117004395 0.65625 -0.74560547
vn -0.12390137 0.69189453 -0.7114258
vn -0.122558594 0.6923828 -0.7109375
vn 0.9868164 0.16247559 -0.0095825195
vn 0.9863281 0.16442871 -0.010398865
vn 0.9873047 0.15759277 -0.004386902
vn 0.9863281 0.16516113 -0.0022888184
vn 0.9863281 0.16516113 -0.0022888184
vn -0.9819336 -0.1895752 -0.004386902
vn -0.9819336 -0.1895752 -0.0018596649
vn -0.98291016 -0.18469238 -0.009536743
vn -0.98339844 -0.18200684 -0.0022888184
vn -0.98339844 -0.18200684 -0.0022888184
vn 0.42285156 -0.90625 -0.0005722046
vn -0.13623047 -0.8618164 0.4885254
vn 0.30541992 -0.65625 0.6904297
vn -0.31982422 -0.9472656 0.0005722046
vn -0.13684082 -0.8623047 -0.48779297
vn 0.30541992 -0.65625 -0.6904297
vn 0.74853516 -0.4494629 0.48779297
vn 0.93115234 -0.36401367 0.0005722046
vn 0.74853516 -0.4494629 -0.48779297
vn 0.1116333 -0.6333008 0.7661133
vn 0.1116333 -0.6333008 0.7661133
vn 0.038909912 -0.22045898 0.9746094
vn 0.038848877 -0.22045898 0.9746094
vn -0.042388916 0.24047852 0.96972656
vn -0.042388916 0.24047852 0.96972656
vn -0.17370605 0.9848633 -0.008010864
vn -0.17358398 0.9848633 -0.008010864
vn -0.17358398 0.9848633 -0.008010864
vn -0.17370605 0.9848633 -0.008010864
vn -0.9848633 -0.17358398 0
vn -0.9848633 -0.17370605 0
vn -0.9848633 -0.17370605 0
vn -0.9848633 -0.17358398 0
vn 0.052459717 -0.29760742 -0.953125
vn 0.052459717 -0.29760742 -0.953125
vn 0.052459717 -0.29760742 -0.953125
vn 0.052459717 -0.29760742 -0.953125
vn 0.9848633 0.17358398 0
vn 0.9848633 0.17358398 0
vn 0.9848633 0.17370605 0
vn 0.9848633 0.17370605 0
vn -0.14025879 0.79541016 -0.58984375
vn -0.14025879 0.79541016 -0.58984375
vn -0.16577148 0.9399414 -0.29882812
vn -0.16564941 0.9399414 -0.29882812
vn -0.17358398 0.984375 0.024993896
vn -0.17358398 0.984375 0.024993896
vn 0.16589355 -0.94091797 0.29516602
vn 0.16589355 -0.94091797 0.29516602
vn 0.16589355 -0.94091797 0.29516602
vn 0.16589355 -0.94091797 0.29516602
vn -0.012161255 0.06896973 -0.9975586
vn -0.012161255 0.06896973 -0.9975586
vn -0.066101074 0.37451172 -0.9248047
vn -0.066101074 0.37451172 -0.9248047
vn -0.11340332 0.6430664 -0.7573242
vn -0.11340332 0.6430664 -0.7573242
vn 0.0043144226 -0.024414062 0.9995117
vn 0.0043144226 -0.024414062 0.9995117
vn 0.0042915344 -0.024414062 0.9995117
vn 0.0042915344 -0.024414062 0.9995117
vn 0.09588623 -0.5439453 -0.8334961
vn 0.095947266 -0.5439453 -0.8334961
vn 0.095947266 -0.5439453 -0.8334961
vn 0.09588623 -0.5439453 -0.8334961
vn 0.004196167 -0.023849487 0.9995117
vn 0.004219055 -0.023849487 0.9995117
vn 0.004196167 -0.023849487 0.9995117
vn 0.004196167 -0.023849487 0.9995117
vn -0.9848633 -0.17370605 0
vn -0.9848633 -0.17370605 0
vn -0.9848633 -0.17370605 0
vn -0.9848633 -0.17370605 0
vn -0.9848633 -0.17370605 0
vn -0.9848633 -0.17358398 0
vn -0.9848633 -0.17358398 0
vn -0.9848633 -0.17358398 0
vn -0.9848633 -0.17358398 0
vn 0.13305664 -0.7548828 0.64208984
vn 0.13305664 -0.7548828 0.64208984
vn 0.13305664 -0.7548828 0.64208984
vn 0.13305664 -0.7548828 0.64208984
vn 0.9848633 0.17370605 0
vn 0.9848633 0.17370605 0
vn 0.9848633 0.17370605 0
vn 0.9848633 0.17370605 0
vn 0.9848633 0.17370605 0
vn 0.9848633 0.17358398 0
vn 0.9848633 0.17358398 0
vn 0.9848633 0.17358398 0
vn 0.9848633 0.17358398 0
vn 0.004196167 -0.023849487 0.9995117
vn 0.004196167 -0.023849487 0.9995117
vn 0.004196167 -0.023849487 0.9995117
vn 0.004196167 -0.023849487 0.9995117
vn 0.9848633 0.17370605 0
vn 0.9848633 0.17358398 0
vn 0.9848633 0.17358398 0
vn 0.9848633 0.17370605 0
vn -0.9848633 -0.17370605 0
vn -0.9848633 -0.17370605 0
vn -0.9848633 -0.17358398 0
vn -0.9848633 -0.17358398 0
vn -0.14416504 0.8178711 0.5566406
vn -0.14428711 0.8178711 0.5566406
vn -0.14428711 0.8178711 0.5566406
vn -0.14428711 0.8178711 0.5566406
vn -0.9848633 -0.17358398 0
vn -0.9848633 -0.17358398 0
vn -0.9848633 -0.17358398 0
vn -0.9848633 -0.17358398 0
vn 0.9848633 0.17358398 0
vn 0.9848633 0.17358398 0
vn 0.9848633 0.17358398 0
vn 0.9848633 0.17358398 0
vn 0.14428711 -0.8178711 -0.5566406
vn 0.14428711 -0.8178711 -0.5566406
vn 0.14416504 -0.8178711 -0.5566406
vn 0.14428711 -0.8178711 -0.5566406
vn -0.062194824 0.3527832 -0.93359375
vn -0.062194824 0.3527832 -0.93359375
vn -0.16552734 0.93896484 -0.3010254
vn -0.16564941 0.93896484 -0.3010254
vn -0.1697998 0.9765625 0.13317871
vn -0.17041016 0.9765625 0.13049316
vn -0.010681152 0.058746338 -0.9980469
vn -0.1104126 -0.0049591064 -0.99365234
vn -0.062072754 0.35253906 -0.93359375
vn -0.062194824 0.35253906 -0.93359375
vn -0.98291016 -0.18347168 -0.0062942505
vn -0.98291016 -0.18371582 -0.0062942505
vn -0.98291016 -0.18371582 -0.0062942505
vn -0.98291016 -0.18371582 -0.0062942505
vn 0.9863281 0.16369629 -0.0062942505
vn 0.9863281 0.16369629 -0.0062942505
vn 0.9863281 0.16369629 -0.0062942505
vn 0.9863281 0.16369629 -0.0062942505
vn -0.9838867 -0.17834473 -0.00667572
vn -0.9838867 -0.17834473 -0.00667572
vn -0.9838867 -0.17810059 -0.006866455
vn -0.9824219 -0.18725586 -0.009246826
vn -0.98339844 -0.18041992 -0.011634827
vn 0.13586426 -0.7709961 0.6225586
vn 0.13586426 -0.7709961 0.6225586
vn 0.13586426 -0.7709961 0.6220703
vn 0.13586426 -0.7709961 0.6220703
vn 0.016586304 -0.094055176 0.99560547
vn 0.016586304 -0.094055176 0.99560547
vn 0.016586304 -0.094055176 0.99560547
vn 0.016586304 -0.094055176 0.99560547
vn -0.11193848 0.6347656 0.76464844
vn -0.11187744 0.6347656 0.76464844
vn -0.11187744 0.6347656 0.76464844
vn -0.11193848 0.6347656 0.76464844
vn 0.98583984 0.16845703 -0.00705719
vn 0.9868164 0.16015625 -0.009246826
vn 0.9873047 0.15979004 -0.009346008
vn 0.98535156 0.16894531 -0.006866455
vn 0.98535156 0.16894531 -0.006866455
vn -0.13391113 0.75927734 -0.63671875
vn -0.13391113 0.75927734 -0.63671875
vn -0.13391113 0.75927734 -0.63671875
vn -0.13391113 0.75927734 -0.63671875
vn 0.16174316 -0.86376953 -0.47680664
vn 0.055511475 -0.31079102 -0.94873047
vn -0.122558594 0.6923828 -0.7109375
vn -0.12390137 0.69189453 -0.7114258
vn -0.9916992 0.12890625 0.004673004
vn -0.9916992 0.12890625 0.004722595
vn -0.9916992 0.12890625 0.004722595
vn -0.9916992 0.12890625 0.004673004
vn 0.1673584 0.94921875 -0.26635742
vn 0.1673584 0.94921875 -0.26635742
vn 0.13061523 0.7402344 -0.6591797
vn 0.13061523 0.7402344 -0.6591797
vn 0.13061523 0.7402344 -0.6591797
vn 0.13061523 0.7402344 -0.6591797
vn 0.022033691 0.12512207 -0.9916992
vn 0.022125244 0.12512207 -0.9916992
vn -0.02432251 -0.13769531 -0.9902344
vn -0.02432251 -0.13769531 -0.9902344
vn -0.9941406 0.08734131 0.06304932
vn -0.9941406 0.08734131 0.06304932
vn -0.98828125 0.11291504 0.1026001
vn -0.9868164 0.16137695 -0.011062622
vn -0.9848633 0.17126465 0.032714844
vn -0.97558594 0.17773438 -0.12792969
vn -0.97558594 0.17773438 -0.12792969
vn -0.9663086 0.25756836 -0.015159607
vn -0.9663086 0.25756836 -0.015113831
vn -0.9663086 0.25756836 -0.015113831
vn -0.9663086 0.25756836 -0.015113831
vn -0.9663086 0.25756836 -0.015159607
vn -0.9663086 0.25756836 -0.015159607
vn -0.9663086 0.25756836 -0.015159607
vn -0.99609375 0.08850098 0.015113831
vn -0.99609375 0.08850098 0.015167236
vn -0.99609375 0.08850098 0.015113831
vn -0.99609375 0.08850098 0.015113831
vn -0.99609375 0.08850098 0.015113831
vn -0.99609375 0.08850098 0.015113831
vn -0.99609375 0.08850098 0.015167236
vn -0.9838867 0.17810059 0.0002861023
vn -0.9838867 0.17810059 0.0002861023
vn -0.9838867 0.17810059 0.00023841858
vn -0.9838867 0.17810059 0.00023841858
vn 0.024978638 0.43554688 -0.89990234
vn -0.01802063 -0.03164673 -0.9995117
vn 0.024978638 0.43554688 -0.89990234
vn -0.017837524 -0.032043457 -0.9995117
vn -0.0569458 -0.4921875 -0.86865234
vn -0.0569458 -0.4921875 -0.86865234
vn 0.081848145 0.8261719 0.5571289
vn 0.08190918 0.8261719 0.5571289
vn 0.089660645 0.9873047 0.13098145
vn 0.089660645 0.9873047 0.13098145
vn 0.08190918 0.8261719 0.5571289
vn 0.081848145 0.8261719 0.5571289
vn 0.057037354 0.49365234 0.8676758
vn 0.057037354 0.49365234 0.8676758
vn -0.05569458 -0.7416992 0.66845703
vn -0.05569458 -0.7416992 0.66845703
vn -0.05569458 -0.7416992 0.66845703
vn -0.05569458 -0.7416992 0.66845703
vn 0.041870117 0.30908203 0.9501953
vn 0.041870117 0.30908203 0.9501953
vn 0.041870117 0.30908203 0.9501953
vn 0.041870117 0.30908203 0.9501953
vn -0.0859375 -0.98828125 0.12438965
vn -0.0859375 -0.98828125 0.12438965
vn -0.0859375 -0.98828125 0.12445068
vn -0.0859375 -0.98828125 0.12445068
vn 0.99609375 -0.08850098 -0.015113831
vn 0.99609375 -0.08850098 -0.015167236
vn 0.99609375 -0.08850098 -0.015113831
vn 0.99609375 -0.08850098 -0.015113831
vn 0.99609375 -0.08850098 -0.015113831
vn 0.99609375 -0.08850098 -0.015113831
vn 0.99609375 -0.08850098 -0.015167236
vn 0.23486328 0.90234375 0.36083984
vn 0.23486328 0.90234375 0.36083984
vn 0.25708008 0.95751953 -0.13183594
vn 0.25708008 0.95751953 -0.13183594
vn 0.23486328 0.90234375 0.36083984
vn 0.23486328 0.90234375 0.36083984
vn 0.15478516 0.6254883 0.76464844
vn 0.15478516 0.6254883 0.76464844
vn -0.25439453 -0.94091797 0.22399902
vn -0.25439453 -0.94091797 0.22399902
vn -0.25024414 -0.9501953 -0.18554688
vn -0.25024414 -0.9501953 -0.18554688
vn -0.20422363 -0.7993164 -0.5649414
vn -0.20422363 -0.7993164 -0.5649414
vn -0.2376709 -0.86572266 0.44018555
vn -0.2376709 -0.86572266 0.44018555
vn -0.2376709 -0.86572266 0.44018555
vn -0.2376709 -0.86572266 0.44018555
vn -0.16418457 -0.6586914 -0.734375
vn -0.16418457 -0.6586914 -0.734375
vn -0.051971436 -0.25170898 -0.9663086
vn -0.05215454 -0.25170898 -0.9663086
vn 0.07208252 0.21325684 -0.9741211
vn 0.07208252 0.21325684 -0.9741211
vn 0.9663086 -0.25756836 0.015113831
vn 0.9663086 -0.25756836 0.015113831
vn 0.9663086 -0.25756836 0.015159607
vn 0.9663086 -0.25756836 0.015113831
vn 0.9663086 -0.25756836 0.015159607
vn 0.9663086 -0.25756836 0.015159607
vn 0.9663086 -0.25756836 0.015159607
vn 0.15148926 0.8588867 0.48901367
vn 0.15148926 0.8588867 0.48901367
vn 0.17358398 0.9848633 -0.0029087067
vn 0.17358398 0.9848633 -0.0029087067
vn 0.15148926 0.8588867 0.48901367
vn 0.090148926 0.5107422 0.85498047
vn 0.15148926 0.8588867 0.48901367
vn 0.090148926 0.5107422 0.85498047
vn 0.06112671 0.3466797 0.93603516
vn 0.06112671 0.3466797 0.93603516
vn 0.06112671 0.3466797 0.93603516
vn 0.06112671 0.3466797 0.93603516
vn -0.99560547 0.08087158 -0.048217773
vn -0.99560547 0.08087158 -0.048217773
vn -0.99121094 0.13195801 -0.021743774
vn -0.99072266 0.13269043 -0.021270752
vn -0.9848633 0.17358398 0
vn -0.9848633 0.17358398 0
vn -0.9848633 0.17358398 0
vn -0.9848633 0.17358398 0
vn -0.9848633 0.17358398 0
vn 0.016021729 0.09118652 -0.99560547
vn 0.016021729 0.09118652 -0.99560547
vn 0.016021729 0.09118652 -0.99560547
vn 0.016021729 0.09118652 -0.99560547
vn -0.15246582 -0.8642578 -0.47973633
vn -0.17346191 -0.9838867 -0.040527344
vn -0.15246582 -0.8642578 -0.47973633
vn -0.17346191 -0.9838867 -0.040527344
vn -0.17248535 -0.9785156 -0.11303711
vn -0.17260742 -0.9785156 -0.11303711
vn -0.08618164 -0.48901367 -0.86816406
vn -0.08618164 -0.48901367 -0.86816406
vn -0.08618164 -0.48901367 -0.86816406
vn 0.0034332275 0.019454956 -1
vn -0.08660889 -0.48901367 -0.86816406
vn 0.0034332275 0.019454956 -1
vn 0.9760742 -0.21777344 0.004673004
vn 0.9760742 -0.21777344 0.004673004
vn 0.9760742 -0.21777344 0.0047187805
vn 0.9760742 -0.21777344 0.0047187805
vn 0.96728516 -0.2319336 0.1026001
vn 0.96435547 -0.2578125 0.06304932
vn 0.96435547 -0.2578125 0.06304932
vn 0.9824219 -0.18615723 -0.011154175
vn 0.9838867 -0.17590332 0.032714844
vn 0.97753906 -0.16674805 -0.12792969
vn 0.97753906 -0.16674805 -0.12792969
vn 0.99609375 -0.08850098 -0.015113831
vn 0.99609375 -0.08850098 -0.015113831
vn 0.99609375 -0.08850098 -0.015167236
vn 0.99609375 -0.08850098 -0.015113831
vn 0.99609375 -0.08850098 -0.015159607
vn 0.99609375 -0.08850098 -0.015167236
vn 0.99609375 -0.08850098 -0.015167236
vn 0.9663086 -0.25756836 0.015113831
vn 0.9663086 -0.25756836 0.015159607
vn 0.9663086 -0.25756836 0.015113831
vn 0.9663086 -0.25756836 0.015113831
vn 0.9663086 -0.25756836 0.015113831
vn 0.9663086 -0.25756836 0.015113831
vn 0.9663086 -0.25756836 0.015159607
vn 0.98583984 -0.16894531 0.0002861023
vn 0.98583984 -0.16894531 0.00023841858
vn 0.98583984 -0.16894531 0.0002861023
vn 0.98583984 -0.16894531 0.00023841858
vn 0.12548828 0.4177246 -0.89990234
vn 0.12548828 0.4177246 -0.89990234
vn 0.006008148 -0.036254883 -0.9995117
vn 0.006008148 -0.036254883 -0.9995117
vn -0.11480713 -0.48168945 -0.86865234
vn -0.11480713 -0.48168945 -0.86865234
vn 0.25341797 0.9584961 0.13085938
vn 0.20568848 0.8046875 0.5571289
vn 0.20568848 0.8046875 0.5571289
vn 0.25341797 0.9584961 0.13085938
vn 0.20568848 0.8046875 0.5571289
vn 0.20568848 0.8046875 0.5571289
vn 0.11517334 0.48339844 0.8676758
vn 0.11517334 0.48339844 0.8676758
vn -0.20117188 -0.7158203 0.6689453
vn -0.20117188 -0.7158203 0.6689453
vn -0.20117188 -0.7158203 0.6689453
vn -0.20117188 -0.7158203 0.6689453
vn 0.06628418 0.3046875 0.9501953
vn 0.06628418 0.3046875 0.9501953
vn 0.06628418 0.3046875 0.9501953
vn 0.06628418 0.3046875 0.9501953
vn -0.25732422 -0.9584961 0.12438965
vn -0.25732422 -0.9584961 0.12438965
vn -0.25732422 -0.9584961 0.12438965
vn -0.25732422 -0.9584961 0.12438965
vn -0.9663086 0.25756836 -0.015113831
vn -0.9663086 0.25756836 -0.015159607
vn -0.9663086 0.25756836 -0.015113831
vn -0.9663086 0.25756836 -0.015113831
vn -0.9663086 0.25756836 -0.015113831
vn -0.9663086 0.25756836 -0.015113831
vn -0.9663086 0.25756836 -0.015159607
vn 0.08795166 0.92871094 0.36083984
vn 0.085754395 0.98779297 -0.13183594
vn 0.08569336 0.98779297 -0.13183594
vn 0.08795166 0.92822266 0.36083984
vn 0.08795166 0.92822266 0.36083984
vn 0.06854248 0.640625 0.76464844
vn 0.06854248 0.640625 0.76464844
vn 0.08795166 0.92822266 0.36083984
vn -0.08288574 -0.9711914 0.22399902
vn -0.08288574 -0.9711914 0.22399902
vn -0.08972168 -0.9785156 -0.18554688
vn -0.08972168 -0.9785156 -0.18554688
vn -0.08154297 -0.82128906 -0.5649414
vn -0.08154297 -0.82128906 -0.5649414
vn -0.072753906 -0.89501953 0.44018555
vn -0.072753906 -0.89501953 0.44018555
vn -0.072753906 -0.89501953 0.44018555
vn -0.072753906 -0.89501953 0.44018555
vn -0.07116699 -0.67529297 -0.734375
vn -0.07116699 -0.67529297 -0.734375
vn -0.037475586 -0.25439453 -0.9663086
vn -0.03729248 -0.25439453 -0.9663086
vn 0.0051498413 0.22509766 -0.9741211
vn 0.0051994324 0.22509766 -0.9741211
vn -0.99609375 0.08850098 0.015167236
vn -0.99609375 0.08850098 0.015167236
vn -0.99609375 0.08850098 0.015167236
vn -0.99609375 0.08850098 0.015167236
vn -0.99609375 0.08850098 0.015113831
vn -0.99609375 0.08850098 0.015113831
vn -0.99609375 0.08850098 0.015113831
vn -0.14672852 -0.83251953 0.5341797
vn -0.14672852 -0.83251953 0.5341797
vn -0.14672852 -0.83251953 0.5341797
vn -0.14672852 -0.83251953 0.5341797
vn -0.14379883 -0.8154297 0.5605469
vn -0.14379883 -0.8154297 0.5605469
vn -0.10626221 -0.60253906 0.7910156
vn -0.10626221 -0.60253906 0.7910156
vn -0.10614014 -0.6020508 0.7915039
vn -0.10614014 -0.6020508 0.7915039
vn -0.05407715 -0.30664062 0.9501953
vn -0.05407715 -0.30664062 0.9501953
vn -0.15234375 -0.8642578 -0.47973633
vn -0.15234375 -0.8642578 -0.47973633
vn -0.15234375 -0.8642578 -0.47973633
vn -0.15234375 -0.8642578 -0.47973633
vn 0.046539307 0.26391602 -0.9633789
vn 0.046539307 0.26391602 -0.9633789
vn 0.046539307 0.26391602 -0.9633789
vn 0.046539307 0.26391602 -0.9633789
vn 0.046539307 0.26391602 -0.9633789
vn 0.046539307 0.26391602 -0.9633789
vn 0.9628906 -0.26464844 -0.048217773
vn 0.9628906 -0.26464844 -0.048217773
vn 0.9765625 -0.21472168 -0.021743774
vn 0.9765625 -0.21398926 -0.021270752
vn 0.9848633 -0.17358398 0
vn 0.9848633 -0.17358398 0
vn 0.9848633 -0.17358398 0
vn 0.9848633 -0.17358398 0
vn 0.9848633 -0.17358398 0
vn 0.14233398 0.8076172 0.5722656
vn 0.14233398 0.8076172 0.5722656
vn 0.14233398 0.8076172 0.5722656
vn 0.14233398 0.8076172 0.5722656
vn 0.00038146973 0.0019073486 1
vn 0.00038146973 0.0019073486 1
vn 0.00038146973 0.0019073486 1
vn 0.00038146973 0.0019073486 1
vn 0.16418457 0.93066406 -0.32666016
vn 0.16418457 0.93066406 -0.32666016
vn 0.16418457 0.93066406 -0.32666016
vn 0.16418457 0.93066406 -0.32666016
vn 0.13085938 0.7416992 0.65771484
vn 0.13085938 0.7416992 0.65771484
vn 0.13085938 0.7416992 0.65771484
vn 0.13085938 0.7416992 0.65771484
vn -0.115112305 -0.6459961 0.75439453
vn -0.11291504 -0.6464844 0.75439453
vn -0.115112305 -0.6533203 0.7480469
vn -0.11517334 -0.6533203 0.7480469
vn -0.11767578 -0.65966797 0.7421875
vn -0.115112305 -0.66015625 0.7421875
vn 0.5366211 -0.025558472 0.84375
vn -0.5126953 0.15942383 0.84375
vn -0.11529541 -0.6464844 0.75390625
vn -0.9453125 -0.31811523 0.07080078
vn -0.11279297 -0.64697266 0.75390625
vn 0.77978516 -0.6220703 0.07092285
vn -0.9873047 -0.005340576 0.16015625
vn -0.51220703 0.15942383 0.84375
vn -0.115600586 -0.66015625 0.7421875
vn -0.11566162 -0.6533203 0.74853516
vn -0.11328125 -0.6464844 0.75439453
vn -0.9458008 -0.3173828 0.0713501
vn -0.98828125 -0.0061035156 0.15112305
vn -0.99072266 0.017929077 0.1361084
vn -0.99072266 0.017929077 0.1361084
vn 0.92578125 -0.3425293 0.16015625
vn -0.117126465 -0.65966797 0.7426758
vn 0.5361328 -0.025177002 0.84375
vn -0.114746094 -0.6533203 0.7480469
vn -0.114746094 -0.6459961 0.75439453
vn 0.77978516 -0.62158203 0.0713501
vn 0.9267578 -0.34399414 0.15112305
vn 0.9370117 -0.32202148 0.1361084
vn 0.9370117 -0.32202148 0.1361084
vn 0.16467285 0.9824219 -0.086120605
vn 0.17297363 0.98095703 -0.086120605
vn 0.11273193 0.63964844 -0.7607422
vn 0.11273193 0.63964844 -0.7607422
vn 0.17150879 0.97265625 -0.15686035
vn 0.17333984 0.98095703 -0.0871582
vn 0.17150879 0.97265625 -0.15686035
vn 0.17297363 0.98095703 -0.0871582
vn 0.17150879 0.97265625 -0.15588379
vn 0.17150879 0.97265625 -0.15588379
vn 0.064819336 0.36816406 -0.9277344
vn 0.064941406 0.36816406 -0.9277344
vn 0.042633057 0.24304199 -0.9692383
vn 0.042816162 0.24304199 -0.9692383
vn 0.09863281 0.55908203 -0.8232422
vn 0.09863281 0.55908203 -0.8232422
vn -0.6411133 0.29882812 0.70654297
vn -0.6411133 0.29907227 0.70654297
vn -0.90625 0.42285156 0.0005722046
vn -0.90625 0.42260742 0.0005722046
vn -0.6411133 0.29907227 -0.70654297
vn -0.6411133 0.29907227 -0.70654297
vn -0.00047683716 0.00019073486 1
vn -0.640625 0.29858398 0.70751953
vn -0.640625 0.29858398 0.70751953
vn -0.00047683716 0.00019073486 1
vn 0.640625 -0.29882812 0.70751953
vn 0.640625 -0.29858398 0.70751953
vn 0.6411133 -0.29907227 0.70654297
vn 0.6411133 -0.29907227 0.70654297
vn 0.90625 -0.42260742 0.0005722046
vn 0.90625 -0.42260742 0.0005722046
vn 0.6411133 -0.29907227 -0.70654297
vn 0.6411133 -0.29907227 -0.70654297
vn 0.00047683716 -0.00019073486 -1
vn 0.640625 -0.29858398 -0.70751953
vn 0.640625 -0.29858398 -0.70751953
vn 0.00047683716 -0.00019073486 -1
vn -0.640625 0.29858398 -0.70751953
vn -0.640625 0.29858398 -0.70751953
vn -0.14440918 -0.8120117 0.56591797
vn -0.13574219 -0.76953125 0.62402344
vn -0.13574219 -0.76953125 0.62402344
vn -0.14208984 -0.8120117 0.56591797
vn -0.058258057 -0.31176758 -0.9482422
vn -0.16174316 -0.8642578 -0.47607422
vn 0.12390137 0.69140625 -0.7114258
vn 0.114990234 0.6567383 -0.74560547
vn 0.14929199 0.8330078 -0.53271484
vn 0.12023926 0.6928711 -0.7109375
vn -0.9863281 0.16516113 -0.0022888184
vn -0.9863281 0.16516113 -0.0022888184
vn -0.9873047 0.15759277 -0.004386902
vn -0.9868164 0.16247559 -0.0095825195
vn -0.9863281 0.16442871 -0.010398865
vn 0.9819336 -0.1895752 -0.004386902
vn 0.98339844 -0.18200684 -0.0022888184
vn 0.98339844 -0.18200684 -0.0022888184
vn 0.98291016 -0.18469238 -0.009536743
vn 0.9819336 -0.1895752 -0.0018596649
vn -0.42285156 -0.90625 -0.00038146973
vn -0.30541992 -0.65625 0.6904297
vn 0.13623047 -0.8618164 0.4885254
vn 0.31982422 -0.9472656 0.0005722046
vn 0.13684082 -0.8623047 -0.48779297
vn -0.30541992 -0.65625 -0.6904297
vn -0.42211914 -0.9067383 -0.00019073486
vn -0.93115234 -0.36401367 0.0005722046
vn -0.74853516 -0.4494629 0.48779297
vn -0.74853516 -0.4494629 -0.48779297
vn -0.038909912 -0.22045898 0.9746094
vn -0.1116333 -0.6333008 0.7661133
vn -0.1116333 -0.6333008 0.7661133
vn -0.038848877 -0.22045898 0.9746094
vn 0.042388916 0.24047852 0.96972656
vn 0.042388916 0.24047852 0.96972656
vn 0.17370605 0.9848633 -0.008010864
vn 0.17370605 0.9848633 -0.008010864
vn 0.17358398 0.9848633 -0.008010864
vn 0.17358398 0.9848633 -0.008010864
vn 0.9848633 -0.17358398 0
vn 0.9848633 -0.17370605 0
vn 0.9848633 -0.17370605 0
vn 0.9848633 -0.17358398 0
vn -0.052459717 -0.29760742 -0.953125
vn -0.052459717 -0.29760742 -0.953125
vn -0.052459717 -0.29760742 -0.953125
vn -0.052459717 -0.29760742 -0.953125
vn -0.9848633 0.17370605 0
vn -0.9848633 0.17370605 0
vn -0.9848633 0.17358398 0
vn -0.9848633 0.17358398 0
vn 0.16577148 0.9399414 -0.29882812
vn 0.14025879 0.79541016 -0.58984375
vn 0.14025879 0.79541016 -0.58984375
vn 0.16564941 0.9399414 -0.29882812
vn 0.17358398 0.984375 0.024993896
vn 0.17358398 0.984375 0.024993896
vn -0.16589355 -0.94091797 0.29516602
vn -0.16589355 -0.94091797 0.29516602
vn -0.16589355 -0.94091797 0.29516602
vn -0.16589355 -0.94091797 0.29516602
vn 0.066101074 0.37451172 -0.9248047
vn 0.012161255 0.06896973 -0.9975586
vn 0.012161255 0.06896973 -0.9975586
vn 0.066101074 0.37451172 -0.9248047
vn 0.11340332 0.6430664 -0.7573242
vn 0.11340332 0.6430664 -0.7573242
vn -0.0043144226 -0.024414062 0.9995117
vn -0.0043144226 -0.024414062 0.9995117
vn -0.0042915344 -0.024414062 0.9995117
vn -0.0042915344 -0.024414062 0.9995117
vn -0.09588623 -0.5439453 -0.8334961
vn -0.095947266 -0.5439453 -0.8334961
vn -0.095947266 -0.5439453 -0.8334961
vn -0.09588623 -0.5439453 -0.8334961
vn -0.004196167 -0.023849487 0.9995117
vn -0.004196167 -0.023849487 0.9995117
vn -0.004196167 -0.023849487 0.9995117
vn -0.004196167 -0.023849487 0.9995117
vn 0.9848633 -0.17370605 0
vn 0.9848633 -0.17370605 0
vn 0.9848633 -0.17370605 0
vn 0.9848633 -0.17370605 0
vn 0.9848633 -0.17370605 0
vn 0.9848633 -0.17358398 0
vn 0.9848633 -0.17358398 0
vn 0.9848633 -0.17358398 0
vn 0.9848633 -0.17358398 0
vn -0.13305664 -0.7548828 0.64208984
vn -0.13305664 -0.7548828 0.64208984
vn -0.13305664 -0.7548828 0.64208984
vn -0.13305664 -0.7548828 0.64208984
vn -0.9848633 0.17370605 0
vn -0.9848633 0.17370605 0
vn -0.9848633 0.17370605 0
vn -0.9848633 0.17370605 0
vn -0.9848633 0.17370605 0
vn -0.9848633 0.17358398 0
vn -0.9848633 0.17358398 0
vn -0.9848633 0.17358398 0
vn -0.9848633 0.17358398 0
vn -0.004196167 -0.023849487 0.9995117
vn -0.004196167 -0.023849487 0.9995117
vn -0.004196167 -0.023849487 0.9995117
vn -0.004196167 -0.023849487 0.9995117
vn -0.9848633 0.17358398 0
vn -0.9848633 0.17370605 0
vn -0.9848633 0.17370605 0
vn -0.9848633 0.17358398 0
vn 0.9848633 -0.17358398 0
vn 0.9848633 -0.17370605 0
vn 0.9848633 -0.17370605 0
vn 0.9848633 -0.17358398 0
vn 0.14428711 0.8178711 0.5566406
vn 0.14428711 0.8178711 0.5566406
vn 0.14416504 0.8178711 0.5566406
vn 0.14428711 0.8178711 0.5566406
vn 0.9848633 -0.17358398 0
vn 0.9848633 -0.17358398 0
vn 0.9848633 -0.17358398 0
vn 0.9848633 -0.17358398 0
vn -0.9848633 0.17358398 0
vn -0.9848633 0.17358398 0
vn -0.9848633 0.17358398 0
vn -0.9848633 0.17358398 0
vn -0.14416504 -0.8178711 -0.5566406
vn -0.14428711 -0.8178711 -0.5566406
vn -0.14428711 -0.8178711 -0.5566406
vn -0.14428711 -0.8178711 -0.5566406
vn 0.062194824 0.3527832 -0.93359375
vn 0.062194824 0.3527832 -0.93359375
vn 0.16552734 0.93896484 -0.3010254
vn 0.16564941 0.93896484 -0.3010254
vn 0.17004395 0.9765625 0.13317871
vn 0.17041016 0.9765625 0.13049316
vn 0.062194824 0.35253906 -0.93359375
vn 0.11053467 -0.005340576 -0.99365234
vn 0.010681152 0.058746338 -0.9980469
vn 0.062194824 0.35253906 -0.93359375
vn 0.98291016 -0.18347168 -0.0062942505
vn 0.98291016 -0.18371582 -0.0062942505
vn 0.98291016 -0.18371582 -0.0062942505
vn 0.98291016 -0.18371582 -0.0062942505
vn -0.9863281 0.16369629 -0.0062942505
vn -0.9863281 0.16369629 -0.0062942505
vn -0.9863281 0.16369629 -0.0062942505
vn -0.9863281 0.16369629 -0.0062942505
vn 0.9838867 -0.17810059 -0.006866455
vn 0.9838867 -0.17810059 -0.00667572
vn 0.9838867 -0.17810059 -0.006866455
vn 0.9824219 -0.18688965 -0.009254456
vn 0.98339844 -0.18041992 -0.011634827
vn -0.13586426 -0.7709961 0.6220703
vn -0.13586426 -0.7709961 0.6225586
vn -0.13586426 -0.7709961 0.6225586
vn -0.13586426 -0.7709961 0.6220703
vn -0.016586304 -0.094055176 0.99560547
vn -0.016586304 -0.094055176 0.99560547
vn -0.016586304 -0.094055176 0.99560547
vn -0.016586304 -0.094055176 0.99560547
vn 0.11193848 0.6347656 0.76464844
vn 0.11193848 0.6347656 0.76464844
vn 0.11187744 0.6347656 0.76464844
vn 0.11187744 0.6347656 0.76464844
vn -0.9868164 0.16015625 -0.009246826
vn -0.98535156 0.16918945 -0.006866455
vn -0.9873047 0.15979004 -0.009346008
vn -0.98535156 0.16894531 -0.006866455
vn -0.98535156 0.16894531 -0.006866455
vn 0.13391113 0.75927734 -0.63671875
vn 0.13391113 0.75927734 -0.63671875
vn 0.13391113 0.75927734 -0.63671875
vn 0.13391113 0.75927734 -0.63671875
vn 0.12036133 0.6928711 -0.7109375
vn -0.058166504 -0.31054688 -0.94873047
vn -0.16174316 -0.86376953 -0.47680664
vn 0.12390137 0.69189453 -0.7114258
vn 0.8671875 -0.49780273 -2.0861626E-05
vn 0.9946289 -0.1026001 -3.874302E-05
vn 0.8671875 -0.49780273 -2.1874905E-05
vn 0.9946289 -0.1026001 -1.013279E-06
vn 0.86083984 0.5083008 -0.0019407272
vn 0.8725586 0.48876953 -1.6093254E-06
vn 0.76171875 0.6479492 -0.0024604797
vn 0.7597656 0.64990234 -0.0025043488
vn 0.76171875 0.6479492 -0.0027427673
vn 0.75683594 0.65283203 -0.028427124
vn 0.7573242 0.6533203 0
vn -0 0 1
vn -0 0 1
vn -0 0 1
vn -0 0 1
vn -0.8769531 0.4807129 0
vn -0.8769531 0.4807129 0
vn -0.8769531 0.4807129 0
vn -0.8769531 0.4807129 0
vn -0.76464844 -0.64453125 -0.00076293945
vn -0.76464844 -0.64453125 0
vn -0.76464844 -0.64453125 0.0009889603
vn -0.76464844 -0.64453125 -0.0011892319
vn -0.76464844 -0.64453125 -0.0014152527
vn -0.7651367 -0.64404297 0.00023698807
vn -0.7651367 -0.64404297 0.0005841255
vn -0 0 -1
vn -0 0 -1
vn -0 0 -1
vn -0.35253906 0.4338379 -0.82910156
vn -0.35620117 0.4387207 -0.8251953
vn 0.33984375 -0.9404297 -1.4901161E-05
vn 0.33984375 -0.9404297 -1.4603138E-05
vn -0.07171631 -0.9975586 -3.2782555E-05
vn -0.07171631 -0.9975586 4.827976E-06
vn -0.6503906 -0.7597656 -0.0019435883
vn -0.6328125 -0.77441406 -5.3048134E-06
vn -0.7705078 -0.63720703 -0.0024585724
vn -0.6508789 -0.75878906 -0.0019216537
vn -0.63378906 -0.7734375 -1.847744E-05
vn -0.77197266 -0.6357422 -0.0024795532
vn -0.7705078 -0.63720703 -0.002729416
vn -0.77441406 -0.6323242 -0.028411865
vn -0.77441406 -0.6323242 0
vn -0.609375 0.7026367 -0.36743164
vn -0.609375 0.7026367 -0.36743164
vn -0.36621094 0.42236328 -0.82910156
vn -0.3701172 0.4267578 -0.8251953
vn -0.32104492 0.9472656 0
vn -0.32104492 0.9472656 0
vn -0.32104492 0.9472656 0
vn -0.32104492 0.9472656 0
vn 0.7675781 0.6411133 -0.0009417534
vn 0.7675781 0.640625 0.00047683716
vn 0.7675781 0.640625 0
vn 0.7675781 0.6411133 -0.0014190674
vn 0.7675781 0.6411133 -0.001420021
vn 0.76708984 0.64160156 0.00023186207
vn 0.76708984 0.64160156 0.0005841255
vn -0.5864258 0.72216797 -0.3671875
vn -0.35620117 0.4387207 -0.8251953
vn -0.5864258 0.72216797 -0.3671875
vn -0.35205078 0.4338379 -0.82958984
vn 0.34375 -0.08618164 0.9350586
vn 0.27148438 -0.15600586 0.94970703
vn 0.33764648 -0.022125244 0.94091797
vn 0.32055664 -0.01373291 0.9472656
vn 0.24987793 -0.049591064 0.9667969
vn 0.24987793 -0.049591064 0.9667969
vn 0.025177002 -0.35351562 0.9350586
vn -0.037017822 -0.33642578 0.94091797
vn 0.10644531 -0.2944336 0.94970703
vn -0.0423584 -0.31811523 0.9472656
vn 0.005340576 -0.2548828 0.9667969
vn 0.005340576 -0.2548828 0.9667969
vn -0 0 1
vn -0 0 1
vn -0 0 1
vn -0 0 1
vn -0 0 -1
vn -0 0 -1
vn -0 0 -1
vn -0.36621094 0.42236328 -0.82910156
vn -0.3701172 0.4267578 -0.8251953
vn 0.32128906 -0.38305664 -0.86621094
vn -0.3215332 0.38305664 -0.86621094
vn -0.32128906 0.38305664 -0.86621094
vn 0.3215332 -0.38305664 -0.86621094
vn -0.32128906 0.38305664 -0.86621094
vn -0.3215332 0.38305664 -0.86621094
vn -0.6425781 0.7661133 -2.3841858E-05
vn -0.6425781 0.7661133 -2.3841858E-05
vn -0.32128906 0.38305664 0.86621094
vn -0.3215332 0.38305664 0.86621094
vn 0.3215332 -0.38305664 0.86621094
vn -0.3215332 0.38305664 0.86621094
vn -0.3215332 0.38305664 0.86621094
vn 0.32128906 -0.38305664 0.86621094
vn 0.6425781 -0.7661133 0
vn 0.3215332 -0.38305664 0.86621094
vn 0.32128906 -0.38305664 0.86621094
vn 0.6425781 -0.7661133 0
vn 0.32128906 -0.38305664 -0.86621094
vn 0.3215332 -0.38305664 -0.86621094
vn 0.7661133 0.6425781 0
vn 0.7661133 0.6425781 0
vn 0.7661133 0.6425781 0
vn 0.7661133 0.6425781 0
vn 0.7661133 0.6425781 0
vn 0.7661133 0.6425781 0
vn -0.7661133 -0.6425781 1.1920929E-05
vn -0.7661133 -0.6425781 1.1920929E-05
vn -0.7661133 -0.6425781 0
vn -0.7661133 -0.6425781 0
vn -0.7661133 -0.6425781 0
vn -0.7661133 -0.6425781 0
vn 0.47680664 -0.5683594 0.67041016
vn 0.53759766 -0.640625 0.54833984
vn 0.47680664 -0.5683594 0.67041016
vn 0.53759766 -0.640625 0.54833984
vn -0.6171875 0.73535156 -0.28027344
vn -0.6171875 0.73535156 -0.28027344
vn -0.6171875 0.73535156 -0.28027344
vn -0.6171875 0.73535156 -0.28027344
vn -0.36010742 0.42919922 -0.828125
vn -0.2479248 0.2956543 -0.9223633
vn -0.36010742 0.42919922 -0.828125
vn -0.24914551 0.2944336 -0.92285156
vn -0.26245117 0.31274414 -0.91259766
vn -0.26245117 0.31274414 -0.91259766
vn -0.57128906 0.68066406 -0.4584961
vn -0.57128906 0.68066406 -0.4584961
vn -0.47070312 -0.77783203 0.41625977
vn -0.4650879 -0.77685547 0.42504883
vn -0.56591797 -0.7792969 0.26831055
vn -0.5854492 -0.7734375 0.24182129
vn -0.49829102 -0.79833984 0.33789062
vn -0.4814453 -0.8017578 0.3544922
vn 0.86376953 0.44213867 0.2421875
vn 0.8725586 0.35229492 0.33789062
vn 0.8730469 0.33496094 0.3544922
vn 0.84814453 0.32885742 0.41577148
vn 0.86572266 0.42260742 0.26757812
vn 0.84521484 0.3232422 0.42529297
vn 0.80566406 0.5908203 0.040527344
vn 0.80566406 0.5908203 0.04043579
vn -0.38549805 0.45947266 -0.80029297
vn -0.38549805 0.45922852 -0.80029297
vn -0.5751953 0.6855469 -0.44677734
vn -0.5751953 0.6855469 -0.44677734
vn -0.7607422 -0.6484375 -0.020401001
vn -0.7602539 -0.64941406 -0.013015747
vn -0.75927734 -0.6503906 -0.026275635
vn -0.7558594 -0.6542969 -0.010223389
vn -0.7504883 -0.66064453 -0.0124435425
vn -0.75439453 -0.6567383 -0.0093688965
vn -0.7661133 -0.6425781 0
vn -0.359375 0.4284668 0.82910156
vn -0.359375 0.4284668 0.82910156
vn -0.359375 0.4284668 0.82910156
vn -0.359375 0.4284668 0.82910156
vn -0.036224365 0.04309082 -0.99853516
vn 0.5571289 -0.6640625 -0.49829102
vn 0.5571289 -0.6640625 -0.49829102
vn -0.036224365 0.04309082 -0.99853516
vn -0.33691406 0.4013672 -0.8515625
vn -0.33691406 0.4013672 -0.8515625
vn 0.115600586 -0.13769531 0.9838867
vn 0.33691406 -0.40161133 0.8515625
vn 0.33691406 -0.40161133 0.8515625
vn 0.115600586 -0.13769531 0.9838867
vn -0.1262207 0.15063477 0.98046875
vn -0.1262207 0.15063477 0.98046875
vn 0.7709961 0.63671875 -0.020355225
vn 0.77246094 0.6347656 -0.0262146
vn 0.7714844 0.6357422 -0.013015747
vn 0.7758789 0.6308594 -0.010215759
vn 0.7807617 0.6245117 -0.012916565
vn 0.77734375 0.62890625 -0.009346008
vn 0.7661133 0.6425781 0
vn 0.640625 -0.7636719 0.08148193
vn 0.5571289 -0.6640625 -0.49829102
vn 0.5571289 -0.6640625 -0.49829102
vn 0.640625 -0.7636719 0.08148193
vn -0.44433594 0.5292969 -0.72265625
vn -0.44433594 0.5292969 -0.72265625
vn -0.14099121 0.16821289 -0.97558594
vn -0.14099121 0.16821289 -0.97558594
vn 0.07208252 -0.08581543 -0.99365234
vn 0.07208252 -0.08581543 -0.99365234
vn -0.7529297 -0.65722656 -0.037200928
vn -0.7475586 -0.66259766 -0.04559326
vn -0.7475586 -0.66259766 -0.04559326
vn -0.75390625 -0.65625 -0.035858154
vn -0.75927734 -0.64990234 -0.026138306
vn -0.75927734 -0.64990234 -0.026138306
vn -0.49829102 0.59375 0.63183594
vn -0.49829102 0.59375 0.63183594
vn -0.64160156 0.76464844 0.055114746
vn -0.64160156 0.76464844 0.055114746
vn 0.78222656 0.62158203 -0.04559326
vn 0.78222656 0.62158203 -0.04559326
vn 0.77783203 0.6269531 -0.037200928
vn 0.77734375 0.62841797 -0.035858154
vn 0.77197266 0.6347656 -0.026138306
vn 0.77197266 0.6347656 -0.026138306
vn -0.5859375 -0.7734375 0.24145508
vn -0.56640625 -0.7792969 0.26757812
vn -0.72216797 -0.69091797 0.040527344
vn -0.7216797 -0.69091797 0.04043579
vn -0.64160156 0.76464844 0.05606079
vn -0.64160156 0.76464844 0.05606079
vn -0.44482422 0.52978516 -0.72216797
vn -0.44482422 0.52978516 -0.72216797
vn 0.27075195 -0.3227539 0.9067383
vn 0.27075195 -0.3227539 0.9067383
vn 0.27075195 -0.3227539 0.9067383
vn 0.27075195 -0.3227539 0.9067383
vn 0.4765625 -0.5678711 0.6713867
vn 0.39453125 -0.4699707 0.7895508
vn 0.39453125 -0.4699707 0.7895508
vn 0.4765625 -0.5678711 0.6713867
vn -0.5751953 0.6855469 -0.44677734
vn -0.5751953 0.6855469 -0.44677734
vn -0.57128906 0.68066406 -0.4584961
vn -0.57128906 0.68066406 -0.4584961
vn 0.77734375 0.62939453 0
vn 0.77734375 0.62939453 0
vn 0.77734375 0.62939453 0
vn 0.77734375 0.62939453 0
vn 0.77734375 0.62939453 0
vn 0.77734375 0.62890625 -0.0024795532
vn 0.77734375 0.62939453 -0.00038146973
vn 0.7739258 0.6328125 -0.0045776367
vn 0.7734375 0.63378906 -0.005340576
vn 0.7709961 0.63671875 -0.008773804
vn 0.7709961 0.63671875 -0.008773804
vn -0.23181152 0.27612305 0.9326172
vn -0.23181152 0.27612305 0.9326172
vn -0.23181152 0.27612305 0.9326172
vn -0.23181152 0.27612305 0.9326172
vn -0.7548828 -0.65625 0
vn -0.7548828 -0.65625 0
vn -0.7548828 -0.65625 0
vn -0.7548828 -0.65625 0
vn -0.7548828 -0.65625 0
vn -0.75439453 -0.65625 -0.0017166138
vn -0.7548828 -0.65625 -0.00076293945
vn -0.7578125 -0.65234375 -0.0045776367
vn -0.75878906 -0.6513672 -0.005340576
vn -0.7607422 -0.6489258 -0.008773804
vn -0.7607422 -0.6489258 -0.008773804
vn -0.38110352 0.45410156 0.8051758
vn -0.23168945 0.27612305 0.9326172
vn -0.23168945 0.27612305 0.9326172
vn -0.38110352 0.45410156 0.8051758
vn -0.6113281 0.7285156 -0.30908203
vn -0.6113281 0.7285156 -0.30908203
vn 0.048828125 -0.058166504 -0.9970703
vn 0.048828125 -0.058166504 -0.9970703
vn 0.37060547 -0.4416504 -0.81689453
vn 0.37060547 -0.4416504 -0.8173828
vn 0.37353516 -0.44506836 -0.81396484
vn 0.37353516 -0.44506836 -0.81396484
vn 0.3544922 -0.42236328 -0.83447266
vn 0.3544922 -0.42236328 -0.83447266
vn 0.43579102 -0.51953125 -0.7348633
vn 0.43579102 -0.51953125 -0.7348633
vn -0.6191406 0.73779297 0.2685547
vn -0.6191406 0.73779297 0.2685547
vn -0.6191406 0.73779297 0.2685547
vn -0.6191406 0.73779297 0.2685547
vn -0.7548828 -0.65625 0
vn -0.7548828 -0.65625 0
vn -0.7548828 -0.65625 0
vn -0.7548828 -0.65625 0
vn -0.7548828 -0.65625 0
vn -0.7548828 -0.65625 0
vn 0.03527832 -0.042053223 -0.99853516
vn 0.26416016 -0.3149414 -0.9116211
vn 0.26416016 -0.3149414 -0.9116211
vn 0.035339355 -0.042053223 -0.99853516
vn -0.4428711 0.52783203 -0.72509766
vn -0.4428711 0.52783203 -0.72509766
vn 0.77734375 0.62939453 0
vn 0.77734375 0.62939453 0
vn 0.77734375 0.62939453 0
vn 0.77734375 0.62939453 0
vn 0.77734375 0.62939453 0
vn 0.77734375 0.62939453 0
vn -0.23144531 0.2758789 0.93310547
vn -0.23144531 0.2758789 0.93310547
vn -0.39135742 0.46655273 0.79296875
vn -0.39135742 0.46655273 0.79296875
vn -0.3918457 0.46704102 0.79248047
vn -0.3918457 0.46704102 0.79248047
vn -0.63720703 0.75927734 0.13330078
vn -0.63720703 0.75927734 0.13330078
vn -0.4428711 0.52783203 -0.72509766
vn -0.4428711 0.52783203 -0.72509766
vn -0 -1 0
vn -0 -1 0
vn -0 -1 0
vn -0 -1 0
vn 1 0 0
vn 1 0 0
vn 1 0 0
vn 1 0 0
vn 1 0 0
vn -0 0 1
vn -0 0 1
vn -0 0 1
vn -0 0 1
vn -1 0 0
vn -1 0 0
vn -1 0 0
vn -1 0 0
vn -1 0 0
vn -0 -0.8676758 -0.4970703
vn -0.00019073486 -0.50146484 -0.8652344
vn 2.3841858E-05 -0.50146484 -0.8652344
vn -0 -0.8676758 -0.4970703
vn -4.7683716E-05 -0.50146484 -0.8652344
vn -4.7683716E-05 0.70751953 -0.70654297
vn 2.3841858E-05 0.70751953 -0.70654297
vn 2.3841858E-05 -0.50146484 -0.8652344
vn -0.5 0.86621094 0
vn -0.5 0.86621094 0
vn -1 0 0
vn -1 0 0
vn -0.5 -0.86621094 0
vn -0.5 -0.86621094 0
vn 0.5 0.86621094 -0.00019073486
vn 0.5 0.86621094 0
vn 1 0 0
vn 1 0 0
vn 0.5 -0.86621094 0
vn 0.5 -0.86621094 0
vn -0 0 -1
vn -0 0 -1
vn -0 0 -1
vn -0 0 -1
vn -0 0 -1
vn -0 0 -1
vn -0.5 -0.86621094 0
vn 0.5 -0.86621094 0
vn -0.5 -0.86621094 0
vn 0.5 -0.86621094 0
vn -0 0 1
vn -0 0 1
vn -0 0 1
vn -0 0 1
vn -0 0 1
vn -0 0 1
vn 0.45458984 -0.5415039 -0.70703125
vn -0.1665039 0.19799805 -0.9658203
vn 0.45458984 -0.5415039 -0.70703125
vn -0.16638184 0.19836426 -0.9658203
vn -0.62060547 0.7402344 -0.25878906
vn -0.62060547 0.7402344 -0.25878906
vn -0.45458984 0.5415039 0.70703125
vn -0.62060547 0.7402344 -0.25878906
vn -0.62060547 0.7402344 -0.25878906
vn -0.45458984 0.5415039 0.70703125
vn -0.45458984 0.5415039 0.70703125
vn -0.45458984 0.5415039 0.70703125
vn 0.16638184 -0.19836426 0.9658203
vn 0.16638184 -0.19836426 0.9658203
vn 0.62060547 -0.7402344 0.25878906
vn 0.62060547 -0.7402344 0.25878906
vn 0.45458984 -0.5415039 -0.70703125
vn 0.62060547 -0.7402344 0.25878906
vn 0.45458984 -0.5415039 -0.70703125
vn 0.62060547 -0.7402344 0.25878906
vn 0.7661133 0.6425781 0
vn 0.7661133 0.6425781 0
vn 0.7661133 0.6425781 0
vn 0.7661133 0.6425781 0
vn 0.7661133 0.6425781 0
vn 0.7661133 0.6425781 0
vn -0.7661133 -0.6425781 0
vn -0.7661133 -0.6425781 0
vn -0.7661133 -0.6425781 0
vn -0.7661133 -0.6425781 0
vn -0.7661133 -0.6425781 0
vn -0.7661133 -0.6425781 0
vn -0 1 0
vn 2.3841858E-05 0.70654297 -0.70751953
vn -4.7683716E-05 0.70654297 -0.70751953
vn -0 1 0
vn -0.43579102 0.51953125 0.7348633
vn -0.43579102 0.51953125 0.7348633
vn -0.43579102 0.51953125 0.7348633
vn -0.43579102 0.51953125 0.7348633
vn 0.5 0.86621094 0
vn -0.5 0.86621094 0
vn 0.5 0.86621094 0
vn -0.5 0.86621094 0
vn -0.8671875 -0.49780273 -2.0861626E-05
vn -0.8671875 -0.49780273 -2.1874905E-05
vn -0.9946289 -0.1026001 -3.874302E-05
vn -0.9946289 -0.1026001 0.00017416477
vn -0.86083984 0.5083008 -0.0019369125
vn -0.8725586 0.48876953 -4.172325E-07
vn -0.76171875 0.6479492 -0.0024604797
vn -0.7597656 0.64990234 -0.0025043488
vn -0.76171875 0.6479492 -0.0027427673
vn -0.75683594 0.65283203 -0.028427124
vn -0.7573242 0.6533203 0
vn -0 0 1
vn -0 0 1
vn -0 0 1
vn -0 0 1
vn 0.8769531 0.4807129 0
vn 0.8769531 0.4807129 0
vn 0.8769531 0.4807129 0
vn 0.8769531 0.4807129 0
vn 0.76464844 -0.64453125 -0.00076293945
vn 0.76464844 -0.64453125 0.0009889603
vn 0.76464844 -0.64453125 0
vn 0.76464844 -0.64453125 -0.0011892319
vn 0.76464844 -0.64453125 -0.0014152527
vn 0.7651367 -0.64404297 0.00014913082
vn 0.7651367 -0.64404297 0.0005841255
vn -0 0 -1
vn -0 0 -1
vn -0 0 -1
vn 0.35205078 0.4338379 -0.82958984
vn 0.35620117 0.4387207 -0.8251953
vn 0.07171631 -0.9975586 -3.2782555E-05
vn -0.33984375 -0.9404297 -1.4603138E-05
vn -0.33984375 -0.9404297 -1.4901161E-05
vn 0.07171631 -0.9975586 -5.3584576E-05
vn 0.6503906 -0.7597656 -0.0019435883
vn 0.6328125 -0.77441406 -5.2452087E-06
vn 0.7705078 -0.63720703 -0.002363205
vn 0.63378906 -0.7734375 9.179115E-06
vn 0.6508789 -0.75878906 -0.0019283295
vn 0.77197266 -0.6357422 -0.0024795532
vn 0.7705078 -0.63720703 -0.002729416
vn 0.77441406 -0.6323242 -0.028411865
vn 0.77441406 -0.6323242 0
vn 0.36621094 0.42236328 -0.82910156
vn 0.609375 0.7026367 -0.36743164
vn 0.609375 0.7026367 -0.36743164
vn 0.3701172 0.4267578 -0.8251953
vn 0.32104492 0.9472656 0
vn 0.32104492 0.9472656 0
vn 0.32104492 0.9472656 0
vn 0.32104492 0.9472656 0
vn -0.7675781 0.6411133 -0.0014190674
vn -0.7675781 0.640625 0
vn -0.7675781 0.640625 0.00047683716
vn -0.7675781 0.6411133 -0.0009508133
vn -0.7675781 0.6411133 -0.001420021
vn -0.76708984 0.64160156 0.00023186207
vn -0.76708984 0.64160156 0.0005841255
vn 0.5864258 0.72216797 -0.3671875
vn 0.5864258 0.72216797 -0.3671875
vn 0.35620117 0.4387207 -0.8251953
vn 0.35205078 0.4338379 -0.82958984
vn -0.34375 -0.08618164 0.9350586
vn -0.33764648 -0.022125244 0.94091797
vn -0.27148438 -0.15600586 0.94970703
vn -0.32055664 -0.01373291 0.9472656
vn -0.24987793 -0.049591064 0.9667969
vn -0.24987793 -0.049591064 0.9667969
vn -0.025177002 -0.35351562 0.9350586
vn -0.10644531 -0.2944336 0.94970703
vn 0.037017822 -0.33642578 0.94091797
vn 0.0423584 -0.31811523 0.9472656
vn -0.005340576 -0.2548828 0.9667969
vn -0.005340576 -0.2548828 0.9667969
vn -0 0 1
vn -0 0 1
vn -0 0 1
vn -0 0 1
vn -0 0 -1
vn -0 0 -1
vn -0 0 -1
vn 0.36621094 0.42236328 -0.82910156
vn 0.3701172 0.4267578 -0.8251953
vn 0.32128906 0.38305664 -0.86621094
vn 0.3215332 0.38305664 -0.86621094
vn -0.32128906 -0.38305664 -0.86621094
vn -0.3215332 -0.38305664 -0.86621094
vn 0.32128906 0.38305664 -0.86621094
vn 0.6425781 0.7661133 -2.3841858E-05
vn 0.3215332 0.38305664 -0.86621094
vn 0.6425781 0.7661133 -2.3841858E-05
vn 0.32128906 0.38305664 0.86621094
vn 0.3215332 0.38305664 0.86621094
vn -0.3215332 -0.38305664 0.86621094
vn -0.32128906 -0.38305664 0.86621094
vn 0.3215332 0.38305664 0.86621094
vn 0.3215332 0.38305664 0.86621094
vn -0.32128906 -0.38305664 0.86621094
vn -0.3215332 -0.38305664 0.86621094
vn -0.6425781 -0.7661133 0
vn -0.6425781 -0.7661133 0
vn -0.32128906 -0.38305664 -0.86621094
vn -0.3215332 -0.38305664 -0.86621094
vn -0.7661133 0.6425781 0
vn -0.7661133 0.6425781 0
vn -0.7661133 0.6425781 0
vn -0.7661133 0.6425781 0
vn -0.7661133 0.6425781 0
vn -0.7661133 0.6425781 0
vn 0.7661133 -0.6425781 0
vn 0.7661133 -0.6425781 1.1920929E-05
vn 0.7661133 -0.6425781 1.1920929E-05
vn 0.7661133 -0.6425781 0
vn 0.7661133 -0.6425781 0
vn 0.7661133 -0.6425781 0
vn -0.47680664 -0.5683594 0.67041016
vn -0.47680664 -0.5683594 0.67041016
vn -0.53759766 -0.640625 0.54833984
vn -0.53759766 -0.640625 0.54833984
vn 0.6171875 0.73535156 -0.28027344
vn 0.6171875 0.73535156 -0.28027344
vn 0.6171875 0.73535156 -0.28027344
vn 0.6171875 0.73535156 -0.28027344
vn 0.36010742 0.42919922 -0.828125
vn 0.36010742 0.42919922 -0.828125
vn 0.24682617 0.29638672 -0.92285156
vn 0.2479248 0.2956543 -0.9223633
vn 0.26245117 0.31274414 -0.91259766
vn 0.26245117 0.31274414 -0.91259766
vn 0.57128906 0.68066406 -0.4584961
vn 0.57128906 0.68066406 -0.4584961
vn 0.47070312 -0.77783203 0.41625977
vn 0.56591797 -0.7792969 0.26831055
vn 0.4650879 -0.77685547 0.42504883
vn 0.5854492 -0.7734375 0.24182129
vn 0.49829102 -0.79833984 0.33789062
vn 0.4814453 -0.8017578 0.3544922
vn -0.86376953 0.44213867 0.2421875
vn -0.8730469 0.33496094 0.3544922
vn -0.8725586 0.35229492 0.33789062
vn -0.84814453 0.32885742 0.41577148
vn -0.86572266 0.42260742 0.26757812
vn -0.84521484 0.3232422 0.42529297
vn -0.80566406 0.5908203 0.040527344
vn -0.80566406 0.5908203 0.04043579
vn 0.38549805 0.45947266 -0.80029297
vn 0.5751953 0.6855469 -0.44677734
vn 0.5751953 0.6855469 -0.44677734
vn 0.38549805 0.45922852 -0.80029297
vn 0.7607422 -0.6484375 -0.020401001
vn 0.75927734 -0.6503906 -0.026275635
vn 0.7602539 -0.64941406 -0.013015747
vn 0.7558594 -0.6542969 -0.010223389
vn 0.7504883 -0.66064453 -0.0124435425
vn 0.75439453 -0.6567383 -0.009346008
vn 0.7661133 -0.6425781 0
vn 0.359375 0.4284668 0.82910156
vn 0.359375 0.4284668 0.82910156
vn 0.359375 0.4284668 0.82910156
vn 0.359375 0.4284668 0.82910156
vn 0.035858154 0.043121338 -0.99853516
vn -0.5571289 -0.6640625 -0.49829102
vn -0.5571289 -0.6640625 -0.49829102
vn 0.036224365 0.04309082 -0.99853516
vn 0.33691406 0.4013672 -0.8515625
vn 0.33691406 0.4013672 -0.8515625
vn -0.33691406 -0.40161133 0.8515625
vn -0.33691406 -0.40161133 0.8515625
vn -0.115600586 -0.13769531 0.9838867
vn -0.115600586 -0.13769531 0.9838867
vn 0.1262207 0.15063477 0.98046875
vn 0.1262207 0.15063477 0.98046875
vn -0.7709961 0.63671875 -0.020355225
vn -0.7714844 0.6357422 -0.013015747
vn -0.77246094 0.6347656 -0.0262146
vn -0.7758789 0.6308594 -0.010215759
vn -0.7807617 0.625 -0.012969971
vn -0.77734375 0.62890625 -0.009346008
vn -0.7661133 0.6425781 0
vn -0.640625 -0.7636719 0.08148193
vn -0.640625 -0.7636719 0.08148193
vn -0.5571289 -0.6640625 -0.49829102
vn -0.5571289 -0.6640625 -0.49829102
vn 0.14099121 0.16821289 -0.97558594
vn 0.44433594 0.5292969 -0.72265625
vn 0.44433594 0.5292969 -0.72265625
vn 0.14099121 0.16821289 -0.97558594
vn -0.07208252 -0.08581543 -0.99365234
vn -0.07208252 -0.08581543 -0.99365234
vn 0.7475586 -0.66259766 -0.04559326
vn 0.7475586 -0.66259766 -0.04559326
vn 0.7529297 -0.65722656 -0.037200928
vn 0.75390625 -0.65625 -0.035858154
vn 0.75927734 -0.64990234 -0.026138306
vn 0.75927734 -0.64990234 -0.026138306
vn 0.64160156 0.76464844 0.055114746
vn 0.49829102 0.59375 0.63183594
vn 0.49829102 0.59375 0.63183594
vn 0.64160156 0.76464844 0.055114746
vn -0.78222656 0.62158203 -0.04559326
vn -0.78222656 0.62158203 -0.04559326
vn -0.77783203 0.6269531 -0.037200928
vn -0.77734375 0.62841797 -0.035858154
vn -0.77197266 0.6347656 -0.026138306
vn -0.77197266 0.6347656 -0.026138306
vn 0.72216797 -0.69091797 0.04046631
vn 0.56640625 -0.7792969 0.26757812
vn 0.5859375 -0.7734375 0.24145508
vn 0.7216797 -0.69091797 0.04043579
vn 0.44482422 0.52978516 -0.72216797
vn 0.64160156 0.76464844 0.05606079
vn 0.64160156 0.76464844 0.05606079
vn 0.44482422 0.52978516 -0.72216797
vn -0.27075195 -0.3227539 0.9067383
vn -0.27075195 -0.3227539 0.9067383
vn -0.27075195 -0.3227539 0.9067383
vn -0.27075195 -0.3227539 0.9067383
vn -0.39453125 -0.4699707 0.7895508
vn -0.39453125 -0.4699707 0.7895508
vn -0.4765625 -0.5678711 0.6713867
vn -0.4765625 -0.5678711 0.6713867
vn 0.5751953 0.6855469 -0.44677734
vn 0.57128906 0.68066406 -0.4584961
vn 0.57128906 0.68066406 -0.4584961
vn 0.5751953 0.6855469 -0.44677734
vn -0.77734375 0.62939453 0
vn -0.77734375 0.62939453 0
vn -0.77734375 0.62939453 0
vn -0.77734375 0.62939453 0
vn -0.77734375 0.62939453 0
vn -0.77734375 0.62890625 -0.002861023
vn -0.77734375 0.62939453 -0.00038146973
vn -0.7739258 0.6328125 -0.0045776367
vn -0.7734375 0.63378906 -0.005340576
vn -0.7709961 0.63671875 -0.008773804
vn -0.7709961 0.63671875 -0.008773804
vn 0.23181152 0.27612305 0.9326172
vn 0.23181152 0.27612305 0.9326172
vn 0.23181152 0.27612305 0.9326172
vn 0.23181152 0.27612305 0.9326172
vn 0.7548828 -0.65625 0
vn 0.7548828 -0.65625 0
vn 0.7548828 -0.65625 0
vn 0.7548828 -0.65625 0
vn 0.7548828 -0.65625 0
vn 0.75439453 -0.65625 -0.0020980835
vn 0.7548828 -0.65625 -0.00038146973
vn 0.7578125 -0.65234375 -0.0045776367
vn 0.75878906 -0.6513672 -0.005340576
vn 0.7607422 -0.6489258 -0.008773804
vn 0.7607422 -0.6489258 -0.008773804
vn 0.23168945 0.27612305 0.9326172
vn 0.23168945 0.27612305 0.9326172
vn 0.38110352 0.45410156 0.8051758
vn 0.38110352 0.45410156 0.8051758
vn 0.6113281 0.7285156 -0.30908203
vn 0.6113281 0.7285156 -0.30908203
vn -0.048828125 -0.058166504 -0.9970703
vn -0.048828125 -0.058166504 -0.9970703
vn -0.37060547 -0.4416504 -0.81689453
vn -0.37060547 -0.4416504 -0.8173828
vn -0.37353516 -0.44506836 -0.81396484
vn -0.37353516 -0.44506836 -0.81396484
vn -0.3544922 -0.42236328 -0.83447266
vn -0.3544922 -0.42236328 -0.83447266
vn -0.43579102 -0.51953125 -0.7348633
vn -0.43579102 -0.51953125 -0.7348633
vn 0.6191406 0.73779297 0.2685547
vn 0.6191406 0.73779297 0.2685547
vn 0.6191406 0.73779297 0.2685547
vn 0.6191406 0.73779297 0.2685547
vn 0.7548828 -0.65625 0
vn 0.7548828 -0.65625 0
vn 0.7548828 -0.65625 0
vn 0.7548828 -0.65625 0
vn 0.7548828 -0.65625 0
vn 0.7548828 -0.65625 0
vn -0.26416016 -0.3149414 -0.9116211
vn -0.26416016 -0.3149414 -0.9116211
vn -0.03527832 -0.042053223 -0.99853516
vn -0.035339355 -0.042053223 -0.99853516
vn 0.4428711 0.52783203 -0.72509766
vn 0.4428711 0.52783203 -0.72509766
vn -0.77734375 0.62939453 0
vn -0.77734375 0.62939453 0
vn -0.77734375 0.62939453 0
vn -0.77734375 0.62939453 0
vn -0.77734375 0.62939453 0
vn -0.77734375 0.62939453 0
vn 0.23144531 0.2758789 0.93310547
vn 0.39135742 0.4663086 0.79345703
vn 0.39135742 0.46655273 0.79296875
vn 0.23144531 0.2758789 0.93310547
vn 0.63720703 0.75927734 0.13330078
vn 0.3918457 0.46704102 0.79248047
vn 0.3918457 0.46704102 0.79248047
vn 0.63720703 0.75927734 0.13330078
vn 0.4428711 0.52783203 -0.72509766
vn 0.4428711 0.52783203 -0.72509766
vn -0 -1 0
vn -0 -1 0
vn -0 -1 0
vn -0 -1 0
vn -1 0 0
vn -1 0 0
vn -1 0 0
vn -1 0 0
vn -1 0 0
vn -0 0 1
vn -0 0 1
vn -0 0 1
vn -0 0 1
vn 1 0 0
vn 1 0 0
vn 1 0 0
vn 1 0 0
vn 1 0 0
vn -0 -0.8676758 -0.4970703
vn -0 -0.8676758 -0.4970703
vn -2.3841858E-05 -0.50146484 -0.8652344
vn 4.7683716E-05 -0.50146484 -0.8652344
vn 4.7683716E-05 -0.50146484 -0.8652344
vn -2.3841858E-05 -0.50146484 -0.8652344
vn -2.3841858E-05 0.70751953 -0.70654297
vn 4.7683716E-05 0.70751953 -0.70654297
vn 0.5 0.86621094 0
vn 1 0 0
vn 0.5 0.86621094 0
vn 1 0 0
vn 0.5 -0.86621094 0
vn 0.5 -0.86621094 0
vn -0.5 0.86621094 0
vn -1 0 0
vn -0.5 0.86621094 0.00019073486
vn -1 0 0
vn -0.5 -0.86621094 0
vn -0.5 -0.86621094 0
vn -0 0 -1
vn -0 0 -1
vn -0 0 -1
vn -0 0 -1
vn -0 0 -1
vn -0 0 -1
vn 0.5 -0.86621094 0
vn -0.5 -0.86621094 0
vn 0.5 -0.86621094 0
vn -0.5 -0.86621094 0
vn -0 0 1
vn -0 0 1
vn -0 0 1
vn -0 0 1
vn -0 0 1
vn -0 0 1
vn 0.16638184 0.19836426 -0.9658203
vn -0.45458984 -0.5415039 -0.70703125
vn -0.45458984 -0.5415039 -0.70703125
vn 0.16638184 0.19836426 -0.9658203
vn 0.62060547 0.7402344 -0.25878906
vn 0.62060547 0.7402344 -0.25878906
vn 0.45458984 0.5415039 0.70703125
vn 0.45458984 0.5415039 0.70703125
vn 0.62060547 0.7402344 -0.25878906
vn 0.62060547 0.7402344 -0.25878906
vn 0.45458984 0.5415039 0.70703125
vn -0.16638184 -0.19836426 0.9658203
vn 0.45458984 0.5415039 0.70703125
vn -0.16638184 -0.19836426 0.9658203
vn -0.62060547 -0.7402344 0.25878906
vn -0.62060547 -0.7402344 0.25878906
vn -0.62060547 -0.7402344 0.25878906
vn -0.45458984 -0.5415039 -0.70703125
vn -0.62109375 -0.7397461 0.25878906
vn -0.45458984 -0.5415039 -0.70703125
vn -0.7661133 0.6425781 0
vn -0.7661133 0.6425781 0
vn -0.7661133 0.6425781 0
vn -0.7661133 0.6425781 0
vn -0.7661133 0.6425781 0
vn -0.7661133 0.6425781 0
vn 0.7661133 -0.6425781 0
vn 0.7661133 -0.6425781 0
vn 0.7661133 -0.6425781 0
vn 0.7661133 -0.6425781 0
vn 0.7661133 -0.6425781 0
vn 0.7661133 -0.6425781 0
vn -0 1 0
vn -0 1 0
vn 4.7683716E-05 0.70654297 -0.70751953
vn -2.3841858E-05 0.70654297 -0.70751953
vn 0.43579102 0.51953125 0.7348633
vn 0.43579102 0.51953125 0.7348633
vn 0.43579102 0.51953125 0.7348633
vn 0.43579102 0.51953125 0.7348633
vn -0.5 0.86621094 0
vn 0.5 0.86621094 0
vn -0.5 0.86621094 0
vn 0.5 0.86621094 0
vn 0.90527344 0.4243164 -2.0861626E-05
vn 0.65478516 0.7558594 -3.5762787E-05
vn 0.65478516 0.7558594 3.0994415E-06
vn 0.90527344 0.4243164 -2.092123E-05
vn 0.07702637 0.9970703 -0.0019340515
vn 0.6538086 0.75683594 2.0861626E-06
vn 0.6538086 0.75683594 -3.5762787E-05
vn 0.099975586 0.9951172 1.9669533E-06
vn -0.09387207 0.99560547 -0.0023670197
vn -0.09692383 0.9951172 -0.0025043488
vn -0.093811035 0.99560547 -0.002729416
vn -0.10070801 0.9946289 -0.028427124
vn -0.10070801 0.9951172 0
vn -0 0 1
vn -0 0 1
vn -0 0 1
vn -0 0 1
vn -0.8964844 -0.4428711 0
vn -0.8964844 -0.4428711 0
vn -0.8964844 -0.4428711 0
vn -0.8964844 -0.4428711 0
vn 0.0892334 -0.99609375 -0.00076293945
vn 0.090026855 -0.99609375 0
vn 0.090026855 -0.99609375 0.0009899139
vn 0.0892334 -0.99609375 -0.0011920929
vn 0.0892334 -0.99609375 -0.00141716
vn 0.0892334 -0.99609375 -0.0007944107
vn 0.08850098 -0.99609375 0.0005841255
vn -0 0 -1
vn -0 0 -1
vn -0 0 -1
vn -0.5576172 -0.039733887 -0.82910156
vn -0.56396484 -0.040161133 -0.82470703
vn 0.7758789 -0.6308594 0.00018715858
vn 0.7758789 -0.6308594 -2.682209E-05
vn 0.96533203 -0.26123047 -8.940697E-06
vn 0.96533203 -0.26123047 -8.225441E-06
vn 0.7753906 -0.63183594 -2.682209E-05
vn 0.7753906 -0.63183594 1.1861324E-05
vn 0.24951172 -0.9682617 -0.0019340515
vn 0.27172852 -0.96240234 4.23193E-06
vn 0.08013916 -0.99658203 -0.0023670197
vn 0.077819824 -0.9970703 -0.0024547577
vn 0.08013916 -0.99658203 -0.002729416
vn 0.07397461 -0.9970703 -0.028411865
vn 0.074035645 -0.9970703 0
vn -0.92529297 -0.09588623 -0.36694336
vn -0.92529297 -0.09588623 -0.36694336
vn -0.55615234 -0.05770874 -0.82910156
vn -0.5625 -0.058258057 -0.82470703
vn -0.95996094 0.28027344 0
vn -0.95996094 0.28027344 0
vn -0.95996094 0.28027344 0
vn -0.95996094 0.28027344 0
vn -0.0847168 0.99658203 -0.0014190674
vn -0.0847168 0.99658203 0.0008583069
vn -0.0847168 0.99658203 0
vn -0.0847168 0.99658203 -0.0014190674
vn -0.0847168 0.99658203 -0.0014181137
vn -0.08544922 0.99658203 -0.0003478527
vn -0.08544922 0.99658203 0.0005841255
vn -0.9277344 -0.06616211 -0.36743164
vn -0.56396484 -0.040161133 -0.82470703
vn -0.9277344 -0.06616211 -0.36743164
vn -0.5576172 -0.039733887 -0.82910156
vn 0.26782227 0.23217773 0.9350586
vn 0.28393555 0.13293457 0.94970703
vn 0.21203613 0.26416016 0.94091797
vn 0.1953125 0.25463867 0.9472656
vn 0.18383789 0.1763916 0.9667969
vn 0.18383789 0.1763916 0.9667969
vn 0.30371094 -0.18225098 0.9350586
vn 0.2541504 -0.2232666 0.94091797
vn 0.3022461 -0.081726074 0.94970703
vn 0.23657227 -0.21691895 0.9472656
vn 0.2121582 -0.14172363 0.9667969
vn 0.2121582 -0.14172363 0.9667969
vn -0 0 1
vn -0 0 1
vn -0 0 1
vn -0 0 1
vn -0 0 -1
vn -0 0 -1
vn -0 0 -1
vn -0.55615234 -0.05770874 -0.82910156
vn -0.5625 -0.05834961 -0.82470703
vn -0.49829102 -0.043548584 -0.86621094
vn 0.49829102 0.04373169 -0.86572266
vn 0.49829102 0.043548584 -0.86621094
vn -0.49829102 -0.0435791 -0.86621094
vn -0.49829102 -0.043548584 -0.86621094
vn -0.49829102 -0.0435791 -0.86621094
vn -0.99609375 -0.0871582 -2.3841858E-05
vn -0.99609375 -0.08709717 -2.3841858E-05
vn -0.49829102 -0.043548584 0.86621094
vn -0.49829102 -0.0435791 0.86572266
vn -0.49829102 -0.0435791 0.86572266
vn 0.49829102 0.043548584 0.86621094
vn 0.49829102 0.0435791 0.86572266
vn -0.49829102 -0.043640137 0.86572266
vn 0.99609375 0.0871582 0
vn 0.49829102 0.043762207 0.86572266
vn 0.49829102 0.043548584 0.86621094
vn 0.99609375 0.08709717 0
vn 0.49829102 0.043548584 -0.86621094
vn 0.49829102 0.0435791 -0.86621094
vn -0.0869751 0.99609375 0
vn -0.0869751 0.99609375 0
vn -0.0869751 0.99609375 0
vn -0.0869751 0.99609375 0
vn -0.0869751 0.99609375 0
vn -0.0869751 0.99609375 0
vn 0.0869751 -0.99609375 0
vn 0.0869751 -0.99609375 1.1920929E-05
vn 0.0869751 -0.99609375 1.1920929E-05
vn 0.0869751 -0.99609375 0
vn 0.0869751 -0.99609375 0
vn 0.0869751 -0.99609375 0
vn 0.8330078 0.07293701 0.54833984
vn 0.7392578 0.06463623 0.67041016
vn 0.8330078 0.07293701 0.54833984
vn 0.7392578 0.06463623 0.67041016
vn -0.9560547 -0.0836792 -0.28027344
vn -0.9560547 -0.0836792 -0.28027344
vn -0.9560547 -0.0836792 -0.28027344
vn -0.9560547 -0.0836792 -0.28027344
vn -0.38452148 -0.03363037 -0.9223633
vn -0.55859375 -0.048828125 -0.828125
vn -0.55859375 -0.048828125 -0.828125
vn -0.38378906 -0.035186768 -0.92285156
vn -0.40673828 -0.035583496 -0.91308594
vn -0.40673828 -0.035583496 -0.91308594
vn -0.8852539 -0.07745361 -0.4584961
vn -0.8852539 -0.07739258 -0.4584961
vn 0.36694336 -0.83203125 0.41601562
vn 0.36938477 -0.8261719 0.42529297
vn 0.31347656 -0.91064453 0.26831055
vn 0.29760742 -0.9238281 0.24145508
vn 0.36816406 -0.86621094 0.33789062
vn 0.38061523 -0.8540039 0.3544922
vn 0.15185547 -0.98779297 0.040527344
vn 0.15185547 -0.98779297 0.04043579
vn 0.13354492 0.9609375 0.2421875
vn 0.21203613 0.9169922 0.33789062
vn 0.2265625 0.90722656 0.3544922
vn 0.21740723 0.8828125 0.41601562
vn 0.15026855 0.95166016 0.26757812
vn 0.22045898 0.8779297 0.42529297
vn -0.022125244 0.99902344 0.040527344
vn -0.022125244 0.99902344 0.04043579
vn -0.8911133 -0.07800293 -0.44702148
vn -0.8911133 -0.077941895 -0.44702148
vn -0.59765625 -0.05227661 -0.80029297
vn -0.59765625 -0.05227661 -0.80029297
vn 0.0949707 -0.9951172 -0.020309448
vn 0.09576416 -0.9951172 -0.013015747
vn 0.09765625 -0.9951172 -0.026229858
vn 0.10223389 -0.9946289 -0.010231018
vn 0.11065674 -0.99365234 -0.012924194
vn 0.105285645 -0.9946289 -0.0093688965
vn 0.0869751 -0.99609375 0
vn -0.5571289 -0.048736572 0.82910156
vn -0.5571289 -0.048736572 0.82910156
vn -0.5571289 -0.048736572 0.82910156
vn -0.5571289 -0.048736572 0.82910156
vn 0.86376953 0.07574463 -0.49829102
vn 0.86376953 0.07556152 -0.49829102
vn -0.05569458 -0.004863739 -0.99853516
vn -0.05569458 -0.0049095154 -0.99853516
vn -0.52197266 -0.04562378 -0.8520508
vn -0.52197266 -0.04562378 -0.8520508
vn 0.17932129 0.015686035 0.9838867
vn 0.52246094 0.045684814 0.8515625
vn 0.52246094 0.045684814 0.8515625
vn 0.17932129 0.015640259 0.9838867
vn -0.19604492 -0.017120361 0.98046875
vn -0.19604492 -0.017120361 0.98046875
vn -0.0793457 0.99658203 -0.020355225
vn -0.07702637 0.99658203 -0.026184082
vn -0.078552246 0.99658203 -0.013015747
vn -0.07171631 0.9975586 -0.010231018
vn -0.064086914 0.9980469 -0.012779236
vn -0.06939697 0.9975586 -0.009346008
vn -0.0869751 0.99609375 0
vn 0.9926758 0.08709717 0.0814209
vn 0.86376953 0.07556152 -0.49829102
vn 0.86376953 0.07556152 -0.49829102
vn 0.9926758 0.08709717 0.0814209
vn -0.21862793 -0.019119263 -0.97558594
vn -0.68847656 -0.06021118 -0.72265625
vn -0.68847656 -0.0602417 -0.72265625
vn -0.21862793 -0.019104004 -0.97558594
vn 0.11175537 0.009773254 -0.99365234
vn 0.11175537 0.009773254 -0.99365234
vn 0.10681152 -0.99365234 -0.037384033
vn 0.113708496 -0.9926758 -0.04559326
vn 0.113708496 -0.9926758 -0.04559326
vn 0.105285645 -0.99365234 -0.035858154
vn 0.09686279 -0.9951172 -0.026123047
vn 0.09686279 -0.9951172 -0.026123047
vn -0.77197266 -0.06750488 0.63183594
vn -0.9946289 -0.0869751 0.055114746
vn -0.77197266 -0.06750488 0.63183594
vn -0.9946289 -0.08709717 0.055145264
vn -0.6894531 -0.060333252 -0.72216797
vn -0.6894531 -0.060333252 -0.72216797
vn -0.06750488 0.9970703 -0.037200928
vn -0.060272217 0.9970703 -0.04559326
vn -0.060272217 0.9970703 -0.04559326
vn -0.06866455 0.9970703 -0.035858154
vn -0.07702637 0.99658203 -0.026123047
vn -0.07702637 0.99658203 -0.026123047
vn 0.41967773 0.036712646 0.9067383
vn 0.41967773 0.036712646 0.9067383
vn 0.41967773 0.036743164 0.9067383
vn 0.41967773 0.036712646 0.9067383
vn 0.73828125 0.06463623 0.67089844
vn 0.6113281 0.053466797 0.7895508
vn 0.6113281 0.053466797 0.7895508
vn 0.73828125 0.06463623 0.67089844
vn -0.8911133 -0.07800293 -0.44677734
vn -0.8911133 -0.07800293 -0.44677734
vn -0.8852539 -0.07739258 -0.4584961
vn -0.8852539 -0.07745361 -0.4584961
vn -0.06982422 0.9975586 0
vn -0.06970215 0.9975586 0
vn -0.06982422 0.9975586 0
vn -0.06982422 0.9975586 0
vn -0.06982422 0.9975586 0
vn -0.06939697 0.9975586 -0.002861023
vn -0.06964111 0.9975586 -0.00076293945
vn -0.074401855 0.9970703 -0.0045776367
vn -0.07556152 0.9970703 -0.005340576
vn -0.07897949 0.9970703 -0.008773804
vn -0.07897949 0.9970703 -0.008773804
vn 0.5493164 0.048065186 -0.83447266
vn 0.5786133 0.05065918 -0.81396484
vn 0.5786133 0.05065918 -0.81396484
vn 0.5493164 0.048065186 -0.83447266
vn 0.67578125 0.05911255 -0.7348633
vn 0.67578125 0.059143066 -0.7348633
vn 0.57958984 0.048431396 -0.81347656
vn 0.57958984 0.050720215 -0.8129883
vn 0.57421875 0.05026245 -0.81689453
vn 0.57421875 0.050231934 -0.81689453
vn 0.07574463 0.006603241 -0.9970703
vn 0.5732422 0.050201416 -0.8178711
vn 0.5732422 0.0501709 -0.8178711
vn 0.07574463 0.006603241 -0.9970703
vn -0.9472656 -0.08282471 -0.30908203
vn -0.9472656 -0.08294678 -0.30908203
vn -0.35913086 -0.031433105 0.9326172
vn -0.35888672 -0.031433105 0.9326172
vn -0.35888672 -0.031433105 0.9326172
vn -0.35913086 -0.031433105 0.9326172
vn 0.10449219 -0.9946289 0
vn 0.10449219 -0.9946289 0
vn 0.10455322 -0.9946289 0
vn 0.10455322 -0.9946289 0
vn 0.10449219 -0.9946289 0
vn 0.10455322 -0.9946289 -0.0015258789
vn 0.10455322 -0.9946289 -0.00038146973
vn 0.09991455 -0.9951172 -0.0045776367
vn 0.09881592 -0.9951172 -0.005340576
vn 0.0949707 -0.99560547 -0.008773804
vn 0.0949707 -0.99560547 -0.008773804
vn -0.59033203 -0.05166626 0.8051758
vn -0.9472656 -0.08288574 -0.30908203
vn -0.59033203 -0.05166626 0.8051758
vn -0.9472656 -0.08288574 -0.30908203
vn -0.58984375 -0.051605225 0.80615234
vn -0.35913086 -0.031433105 0.9326172
vn -0.35913086 -0.031402588 0.9326172
vn -0.58984375 -0.051605225 0.80615234
vn -0.95947266 -0.08392334 0.2685547
vn -0.95947266 -0.083984375 0.2685547
vn -0.95947266 -0.08392334 0.2685547
vn -0.95947266 -0.08392334 0.2685547
vn 0.10449219 -0.9946289 0
vn 0.10449219 -0.9946289 0
vn 0.10449219 -0.9946289 0
vn 0.10455322 -0.9946289 0
vn 0.10449219 -0.9946289 0
vn 0.10455322 -0.9946289 0
vn 0.054748535 0.0047683716 -0.99853516
vn 0.40942383 0.035827637 -0.9116211
vn 0.40942383 0.035827637 -0.9116211
vn 0.054748535 0.004814148 -0.99853516
vn -0.68603516 -0.060028076 -0.72509766
vn -0.68603516 -0.060028076 -0.72509766
vn -0.06970215 0.9975586 0
vn -0.06982422 0.9975586 0
vn -0.06982422 0.9975586 0
vn -0.06970215 0.9975586 0
vn -0.06970215 0.9975586 0
vn -0.06970215 0.9975586 0
vn -0.6064453 -0.05307007 0.79296875
vn -0.35888672 -0.03137207 0.93310547
vn -0.35888672 -0.031402588 0.93310547
vn -0.6064453 -0.053100586 0.79296875
vn -0.6074219 -0.05316162 0.79248047
vn -0.6074219 -0.053131104 0.79248047
vn -0.9873047 -0.08642578 0.13330078
vn -0.9873047 -0.086364746 0.13330078
vn -0.68603516 -0.060058594 -0.72509766
vn -0.68603516 -0.060028076 -0.72509766
vn 0.99609375 0.0871582 0
vn 0.99609375 0.0871582 0
vn 0.99609375 0.0871582 0
vn 0.99609375 0.0871582 0
vn -0.0871582 0.99609375 0
vn -0.0871582 0.99609375 0
vn -0.0871582 0.99609375 0
vn -0.0871582 0.99609375 0
vn -0.0871582 0.99609375 0
vn -0 0 1
vn -0 0 1
vn -0 0 1
vn -0 0 1
vn 0.0871582 -0.99609375 0
vn 0.0871582 -0.99609375 0
vn 0.0871582 -0.99609375 0
vn 0.0871582 -0.99609375 0
vn 0.0871582 -0.99609375 0
vn 0.8642578 0.07562256 -0.4970703
vn 0.8642578 0.07562256 -0.4970703
vn 0.49951172 0.043670654 -0.8652344
vn 0.49951172 0.04373169 -0.8652344
vn -0.70458984 -0.061645508 -0.70654297
vn 0.49951172 0.04373169 -0.8652344
vn 0.49951172 0.043670654 -0.8652344
vn -0.70458984 -0.061706543 -0.70654297
vn -0.81933594 -0.57373047 0
vn 0.08709717 -0.99609375 0
vn -0.81933594 -0.57373047 0
vn 0.08709717 -0.99609375 0
vn 0.90625 -0.42260742 -0.0002861023
vn 0.90625 -0.42260742 0
vn -0.90625 0.42260742 0
vn -0.90625 0.42260742 0
vn -0.0871582 0.99609375 0
vn -0.0871582 0.99609375 0
vn 0.81933594 0.57373047 0.00019073486
vn 0.81933594 0.57373047 0
vn -0 0 -1
vn -0 0 -1
vn -0 0 -1
vn -0 0 -1
vn -0 0 -1
vn -0 0 -1
vn 0.90625 -0.42260742 0
vn 0.81933594 0.57373047 0
vn 0.90625 -0.42260742 0
vn 0.81933594 0.57373047 0
vn -0 0 1
vn -0 0 1
vn -0 0 1
vn -0 0 1
vn -0 0 1
vn -0 0 1
vn 0.70458984 0.061645508 -0.70703125
vn 0.70458984 0.06161499 -0.70703125
vn -0.2578125 -0.022598267 -0.9658203
vn -0.2578125 -0.022537231 -0.9658203
vn -0.96240234 -0.084228516 -0.25878906
vn -0.96240234 -0.084228516 -0.25878906
vn -0.70458984 -0.06161499 0.70703125
vn -0.96240234 -0.084228516 -0.25878906
vn -0.96240234 -0.084228516 -0.25878906
vn -0.70458984 -0.061645508 0.70703125
vn -0.70458984 -0.061645508 0.70703125
vn 0.2578125 0.02255249 0.9658203
vn -0.70458984 -0.06161499 0.70703125
vn 0.2578125 0.022583008 0.9658203
vn 0.96240234 0.08428955 0.25878906
vn 0.96240234 0.08416748 0.25878906
vn 0.70458984 0.061645508 -0.70703125
vn 0.96240234 0.08428955 0.25878906
vn 0.70458984 0.06161499 -0.70703125
vn 0.96240234 0.08416748 0.25878906
vn -0.0869751 0.99609375 0
vn -0.0869751 0.99609375 0
vn -0.0869751 0.99609375 0
vn -0.0869751 0.99609375 0
vn -0.0869751 0.99609375 0
vn -0.0869751 0.99609375 0
vn 0.0869751 -0.99609375 0
vn 0.0869751 -0.99609375 0
vn 0.0869751 -0.99609375 0
vn 0.0869751 -0.99609375 0
vn 0.0869751 -0.99609375 0
vn 0.0869751 -0.99609375 0
vn -0.99609375 -0.0871582 0
vn -0.70410156 -0.061553955 -0.70751953
vn -0.99609375 -0.0871582 0
vn -0.70410156 -0.061645508 -0.70751953
vn -0.67578125 -0.059143066 0.7348633
vn -0.67578125 -0.05911255 0.7348633
vn -0.67578125 -0.059143066 0.7348633
vn -0.67578125 -0.05911255 0.7348633
vn -0.90625 0.42260742 0
vn -0.81933594 -0.57373047 0
vn -0.90625 0.42260742 0
vn -0.81933594 -0.57373047 0
vn -0.24377441 0.96972656 -0.000333786
vn 0.17126465 0.98535156 -2.9206276E-05
vn 0.17126465 0.98535156 -2.9802322E-05
vn -0.24377441 0.96972656 -6.1929226E-05
vn -0.77197266 0.6357422 -0.0019426346
vn -0.7578125 0.65234375 -5.2452087E-06
vn -0 0 1
vn -0 0 1
vn -0 0 1
vn -0 0 1
vn -0.8720703 0.48828125 -0.028411865
vn -0.8725586 0.48828125 0
vn -0.87060547 0.49169922 -0.0025024414
vn -0.7729492 0.6347656 -0.002035141
vn -0.8696289 0.49414062 -0.0023651123
vn -0.8696289 0.49414062 -0.002729416
vn -0.7583008 0.65185547 9.23872E-06
vn -0.15185547 -0.98828125 0
vn -0.15185547 -0.98828125 0
vn -0.15185547 -0.98828125 0
vn -0.15185547 -0.98828125 0
vn 0.8671875 -0.49780273 -0.000667572
vn 0.8671875 -0.49780273 0
vn 0.8676758 -0.4975586 0.0009899139
vn 0.8671875 -0.49829102 -0.0012369156
vn 0.8671875 -0.49829102 -0.0014152527
vn 0.8666992 -0.49853516 0.00028252602
vn 0.8666992 -0.49853516 0.0005841255
vn -0 0 -1
vn -0 0 -1
vn -0 0 -1
vn -0.28735352 -0.4794922 -0.82910156
vn -0.2902832 -0.48486328 -0.8251953
vn 0.7675781 0.6411133 -5.9604645E-06
vn 0.7675781 0.6411133 -7.3313713E-06
vn 0.96191406 0.27392578 -2.9802322E-05
vn 0.96191406 0.27392578 1.0311604E-05
vn 0.93652344 -0.35083008 -0.0019340515
vn 0.94433594 -0.32958984 2.2649765E-06
vn 0.8623047 -0.50634766 -0.0023174286
vn 0.8613281 -0.5083008 -0.0025024414
vn 0.86279297 -0.5058594 -0.002729416
vn 0.8588867 -0.51171875 -0.028427124
vn 0.859375 -0.51171875 0
vn -0.4519043 -0.8129883 -0.36743164
vn -0.4519043 -0.8129883 -0.36743164
vn -0.2746582 -0.49365234 -0.8251953
vn -0.27172852 -0.48828125 -0.82910156
vn -0.78027344 -0.6254883 0
vn -0.78027344 -0.6254883 0
vn -0.78027344 -0.6254883 0
vn -0.78027344 -0.6254883 0
vn -0.8647461 0.5019531 -0.0014190674
vn -0.8647461 0.5019531 0
vn -0.8647461 0.5024414 0
vn -0.8647461 0.5019531 -0.0014190674
vn -0.8647461 0.5019531 -0.0014181137
vn -0.8652344 0.50146484 1.2397766E-05
vn -0.8652344 0.50146484 0.0005841255
vn -0.28735352 -0.4794922 -0.82910156
vn -0.47802734 -0.79785156 -0.3671875
vn -0.47802734 -0.79785156 -0.3671875
vn -0.2902832 -0.48486328 -0.8251953
vn -0.036621094 0.35253906 0.9350586
vn 0.053771973 0.30810547 0.94970703
vn -0.0949707 0.32495117 0.94091797
vn -0.09692383 0.3059082 0.9472656
vn -0.46728516 0.59521484 0.6538086
vn -0.038909912 0.25170898 0.9667969
vn -0.038909912 0.25170898 0.9667969
vn 0.32348633 0.14416504 0.9350586
vn 0.32885742 0.080078125 0.94091797
vn 0.24035645 0.2006836 0.94970703
vn 0.31323242 0.06903076 0.9472656
vn 0.2376709 0.092285156 0.9667969
vn 0.2376709 0.092285156 0.9667969
vn -0 0 1
vn -0 0 1
vn -0 0 1
vn -0 0 1
vn -0 0 -1
vn -0 0 -1
vn -0 0 -1
vn -0.27172852 -0.48828125 -0.82910156
vn -0.2746582 -0.49389648 -0.82470703
vn 0.24987793 0.43286133 -0.86621094
vn -0.24987793 -0.43286133 -0.86621094
vn -0.24987793 -0.43286133 -0.86621094
vn 0.24987793 0.43286133 -0.86621094
vn -0.5 -0.86572266 -2.3841858E-05
vn -0.24987793 -0.43286133 -0.86621094
vn -0.24987793 -0.43286133 -0.86621094
vn -0.5 -0.86572266 -2.3841858E-05
vn -0.24987793 -0.43286133 0.86621094
vn -0.24987793 -0.43286133 0.86621094
vn 0.24987793 0.43286133 0.86621094
vn -0.24987793 -0.43286133 0.86621094
vn -0.24987793 -0.43286133 0.86621094
vn 0.24987793 0.43286133 0.86621094
vn 0.24987793 0.43286133 0.86621094
vn 0.5 0.86572266 0
vn 0.24987793 0.43286133 0.86621094
vn 0.5 0.86572266 2.3841858E-05
vn 0.24987793 0.43286133 -0.86621094
vn 0.24987793 0.43286133 -0.86621094
vn -0.86572266 0.5 0
vn -0.86572266 0.5 0
vn -0.86572266 0.5 0
vn -0.86572266 0.5 0
vn -0.86572266 0.5 0
vn -0.86572266 0.5 0
vn 0.86572266 -0.5 2.3841858E-05
vn 0.86572266 -0.5 2.3841858E-05
vn 0.86572266 -0.5 2.3841858E-05
vn 0.86572266 -0.5 2.3841858E-05
vn 0.86572266 -0.5 1.1920929E-05
vn 0.86572266 -0.5 1.1920929E-05
vn 0.3708496 0.6425781 0.67089844
vn 0.3708496 0.6425781 0.67089844
vn 0.4182129 0.7241211 0.54833984
vn 0.4182129 0.7241211 0.54833984
vn -0.47998047 -0.83154297 -0.28027344
vn -0.47998047 -0.83154297 -0.28027344
vn -0.47998047 -0.83154297 -0.28027344
vn -0.47998047 -0.83154297 -0.28027344
vn -0.28027344 -0.48510742 -0.828125
vn -0.19299316 -0.33422852 -0.9223633
vn -0.28027344 -0.48510742 -0.828125
vn -0.19152832 -0.33496094 -0.9223633
vn -0.20410156 -0.35351562 -0.91308594
vn -0.20410156 -0.35351562 -0.91308594
vn -0.44433594 -0.76953125 -0.4584961
vn -0.44433594 -0.76953125 -0.4584961
vn 0.89208984 -0.17626953 0.41577148
vn 0.8886719 -0.17126465 0.42504883
vn 0.92626953 -0.26513672 0.26831055
vn 0.9272461 -0.2861328 0.24145508
vn 0.92089844 -0.1953125 0.33789062
vn 0.91796875 -0.17810059 0.3544922
vn 0.8959961 -0.44213867 0.040527344
vn 0.8959961 -0.44213867 0.04043579
vn -0.7109375 0.66064453 0.24230957
vn -0.62939453 0.69970703 0.33789062
vn -0.61328125 0.7055664 0.3544922
vn -0.5991211 0.6845703 0.41601562
vn -0.6928711 0.6694336 0.26831055
vn -0.59277344 0.68408203 0.42504883
vn -0.2998047 -0.51904297 -0.80029297
vn -0.2998047 -0.51904297 -0.80029297
vn -0.44726562 -0.77490234 -0.44677734
vn -0.44726562 -0.77490234 -0.44677734
vn 0.8696289 -0.49316406 -0.020401001
vn 0.8701172 -0.49243164 -0.013015747
vn 0.87060547 -0.4909668 -0.026229858
vn 0.87353516 -0.4868164 -0.010215759
vn 0.8774414 -0.4794922 -0.012825012
vn 0.8745117 -0.484375 -0.0093688965
vn 0.86572266 -0.5 0
vn -0.27954102 -0.48413086 0.82910156
vn -0.27954102 -0.48413086 0.82910156
vn -0.27954102 -0.48413086 0.82910156
vn -0.27954102 -0.48413086 0.82910156
vn -0.02822876 -0.048461914 -0.99853516
vn 0.43359375 0.75097656 -0.49780273
vn 0.43359375 0.75097656 -0.49780273
vn -0.02822876 -0.048461914 -0.99853516
vn -0.2619629 -0.45361328 -0.8520508
vn -0.2619629 -0.45361328 -0.8520508
vn 0.090026855 0.15563965 0.9838867
vn 0.2619629 0.45385742 0.8515625
vn 0.2619629 0.45385742 0.8515625
vn 0.090026855 0.15563965 0.9838867
vn -0.09844971 -0.17016602 0.98046875
vn -0.09844971 -0.17016602 0.98046875
vn -0.8618164 0.50683594 -0.020355225
vn -0.86035156 0.50878906 -0.026229858
vn -0.8618164 0.5073242 -0.013015747
vn -0.85839844 0.5131836 -0.010231018
vn -0.8540039 0.52001953 -0.012779236
vn -0.8569336 0.515625 -0.009346008
vn -0.86572266 0.5 0
vn 0.49829102 0.86328125 0.08129883
vn 0.49829102 0.86328125 0.08129883
vn 0.43359375 0.75097656 -0.49780273
vn 0.4333496 0.75097656 -0.49804688
vn -0.34570312 -0.5986328 -0.72265625
vn -0.34570312 -0.5986328 -0.72265625
vn -0.109680176 -0.1899414 -0.97558594
vn -0.109680176 -0.1899414 -0.97558594
vn 0.05606079 0.09729004 -0.99365234
vn 0.05606079 0.09729004 -0.99365234
vn 0.875 -0.48266602 -0.037200928
vn 0.87841797 -0.47607422 -0.04559326
vn 0.87841797 -0.47607422 -0.04559326
vn 0.8745117 -0.48364258 -0.035858154
vn 0.87060547 -0.49121094 -0.026123047
vn 0.87060547 -0.49121094 -0.026123047
vn -0.38745117 -0.67089844 0.6323242
vn -0.38745117 -0.67089844 0.6323242
vn -0.49902344 -0.8647461 0.055114746
vn -0.49926758 -0.8647461 0.055114746
vn -0.34594727 -0.5991211 -0.7216797
vn -0.34594727 -0.5991211 -0.7216797
vn -0.8515625 0.52246094 -0.04559326
vn -0.8515625 0.52246094 -0.04559326
vn -0.85546875 0.51660156 -0.037200928
vn -0.8564453 0.5151367 -0.035858154
vn -0.86083984 0.5083008 -0.026138306
vn -0.86083984 0.5083008 -0.026138306
vn -0.8310547 0.5551758 0.040527344
vn -0.6933594 0.6689453 0.26782227
vn -0.7114258 0.66015625 0.24145508
vn -0.8310547 0.5551758 0.04043579
vn 0.21081543 0.36499023 0.9067383
vn 0.21081543 0.36499023 0.9067383
vn 0.21081543 0.36499023 0.9067383
vn 0.21081543 0.36499023 0.9067383
vn 0.37036133 0.64208984 0.6713867
vn 0.37036133 0.64208984 0.6713867
vn 0.30664062 0.53125 0.7895508
vn 0.30664062 0.53125 0.7895508
vn -0.44726562 -0.77490234 -0.44677734
vn -0.44433594 -0.76953125 -0.4584961
vn -0.44726562 -0.77490234 -0.44677734
vn -0.44433594 -0.76953125 -0.4584961
vn -0.8569336 0.5151367 0
vn -0.8569336 0.5151367 0
vn -0.8574219 0.5151367 0
vn -0.8574219 0.5151367 0
vn -0.8574219 0.5151367 0
vn -0.8569336 0.5151367 -0.002861023
vn -0.8569336 0.5151367 -0.00038146973
vn -0.859375 0.51123047 -0.0045776367
vn -0.86035156 0.5102539 -0.005340576
vn -0.8618164 0.50683594 -0.008773804
vn -0.8618164 0.50683594 -0.008773804
vn -0.18017578 -0.31201172 0.9326172
vn -0.18029785 -0.31225586 0.9326172
vn -0.18029785 -0.31225586 0.9326172
vn -0.18017578 -0.31201172 0.9326172
vn 0.8745117 -0.48486328 0
vn 0.8745117 -0.48486328 0
vn 0.8745117 -0.48486328 0
vn 0.8745117 -0.48486328 0
vn 0.8745117 -0.48486328 0
vn 0.8745117 -0.48461914 -0.0020980835
vn 0.8745117 -0.48486328 -0.00038146973
vn 0.8720703 -0.48901367 -0.0045776367
vn 0.87158203 -0.4897461 -0.005340576
vn 0.8701172 -0.49291992 -0.008773804
vn 0.8701172 -0.49291992 -0.008773804
vn 0.03805542 0.0657959 -0.9970703
vn -0.47558594 -0.82373047 -0.30908203
vn -0.47558594 -0.82373047 -0.30908203
vn 0.03805542 0.0657959 -0.9970703
vn 0.28808594 0.49902344 -0.8173828
vn 0.28808594 0.49902344 -0.8173828
vn 0.29052734 0.50341797 -0.81396484
vn 0.29052734 0.5029297 -0.81396484
vn 0.27563477 0.47753906 -0.83447266
vn 0.27563477 0.47753906 -0.83447266
vn 0.33911133 0.58740234 -0.7348633
vn 0.33911133 0.58740234 -0.7348633
vn -0.29638672 -0.5131836 0.8051758
vn -0.29638672 -0.5131836 0.8051758
vn -0.47558594 -0.82373047 -0.30908203
vn -0.47558594 -0.82373047 -0.30908203
vn -0.18029785 -0.31225586 0.9326172
vn -0.18029785 -0.31225586 0.9326172
vn -0.29589844 -0.5126953 0.80615234
vn -0.29589844 -0.5126953 0.80615234
vn -0.48168945 -0.83447266 0.2685547
vn -0.48168945 -0.83447266 0.2685547
vn -0.48168945 -0.8339844 0.2685547
vn -0.48168945 -0.8339844 0.2685547
vn 0.8745117 -0.48486328 0
vn 0.8745117 -0.48486328 0
vn 0.8745117 -0.48486328 0
vn 0.8745117 -0.48486328 0
vn 0.8745117 -0.48486328 0
vn 0.8745117 -0.48486328 0
vn 0.02746582 0.047576904 -0.99853516
vn 0.2055664 0.35595703 -0.9116211
vn 0.2055664 0.35595703 -0.9116211
vn 0.02746582 0.047576904 -0.99853516
vn -0.34448242 -0.5966797 -0.72509766
vn -0.34448242 -0.5966797 -0.72509766
vn -0.8569336 0.5151367 0
vn -0.8574219 0.5151367 0
vn -0.8574219 0.5151367 0
vn -0.8569336 0.5151367 0
vn -0.8569336 0.5151367 0
vn -0.8569336 0.5151367 0
vn -0.18005371 -0.31176758 0.93310547
vn -0.18005371 -0.31176758 0.93310547
vn -0.30444336 -0.52734375 0.79296875
vn -0.30444336 -0.52734375 0.79296875
vn -0.30493164 -0.52783203 0.79248047
vn -0.30493164 -0.52783203 0.79248047
vn -0.49560547 -0.85839844 0.13330078
vn -0.49560547 -0.85839844 0.13330078
vn -0.34448242 -0.5966797 -0.72509766
vn -0.34448242 -0.5966797 -0.72509766
vn 0.5 0.86621094 0
vn 0.5 0.86621094 0
vn 0.5 0.86621094 0
vn 0.5 0.86621094 0
vn -0.86621094 0.5 0
vn -0.86621094 0.5 0
vn -0.86621094 0.5 0
vn -0.86621094 0.5 0
vn -0.86621094 0.5 0
vn -0 0 1
vn -0 0 1
vn -0 0 1
vn -0 0 1
vn 0.86621094 -0.5 0
vn 0.86621094 -0.5 0
vn 0.86621094 -0.5 0
vn 0.86621094 -0.5 0
vn 0.86621094 -0.5 0
vn 0.25073242 0.43432617 -0.8652344
vn 0.4338379 0.75146484 -0.4970703
vn 0.4338379 0.75146484 -0.4970703
vn 0.25073242 0.43432617 -0.8652344
vn 0.25073242 0.43432617 -0.8652344
vn -0.35351562 -0.61279297 -0.70654297
vn -0.35375977 -0.61279297 -0.70654297
vn 0.25073242 0.43432617 -0.8652344
vn 0.86621094 -0.5 0
vn 0.86621094 -0.5 0
vn 2.3841858E-05 -1 0
vn 2.3841858E-05 -1 0
vn -0.86621094 -0.5 0
vn -0.86621094 -0.5 0
vn -0.86621094 0.5 0
vn -0.86621094 0.5 0
vn -0.86621094 -0.5 0
vn -0.86621094 -0.5 0
vn -0.86621094 0.5 0
vn -0.86621094 0.5 0
vn -2.3841858E-05 1 0
vn -2.3841858E-05 1 0
vn 0.86621094 0.5 0
vn 0.86621094 0.5 0
vn -0 0 -1
vn -0 0 -1
vn -0 0 -1
vn -0 0 -1
vn -0 0 -1
vn -0 0 -1
vn 0.86621094 -0.5 0
vn 0.86621094 -0.5 0
vn 0.86621094 0.5 0
vn 0.86621094 0.5 0
vn -0 0 1
vn -0 0 1
vn -0 0 1
vn -0 0 1
vn -0 0 1
vn -0 0 1
vn -0.1295166 -0.22424316 -0.9658203
vn 0.35351562 0.6123047 -0.70703125
vn 0.35375977 0.6123047 -0.70703125
vn -0.12927246 -0.22436523 -0.9658203
vn -0.48291016 -0.8364258 -0.25878906
vn -0.48291016 -0.8364258 -0.25878906
vn -0.35375977 -0.6123047 0.70703125
vn -0.35375977 -0.6123047 0.70703125
vn -0.48291016 -0.8364258 -0.25878906
vn -0.48291016 -0.8364258 -0.25878906
vn -0.35375977 -0.6123047 0.70703125
vn -0.35351562 -0.6123047 0.70703125
vn 0.1295166 0.22424316 0.9658203
vn 0.12927246 0.22436523 0.9658203
vn 0.48291016 0.8364258 0.25878906
vn 0.48291016 0.8364258 0.25878906
vn 0.35375977 0.6123047 -0.70703125
vn 0.48291016 0.8364258 0.25878906
vn 0.48291016 0.8364258 0.25878906
vn 0.35375977 0.6123047 -0.70703125
vn -0.86572266 0.5 0
vn -0.86572266 0.5 0
vn -0.86572266 0.5 0
vn -0.86572266 0.5 0
vn -0.86572266 0.5 0
vn -0.86572266 0.5 0
vn 0.86572266 -0.5 0
vn 0.86572266 -0.5 0
vn 0.86572266 -0.5 0
vn 0.86572266 -0.5 0
vn 0.86572266 -0.5 0
vn 0.86572266 -0.5 0
vn -0.12988281 -0.22387695 0.9658203
vn 0.86572266 -0.5 -0.0005722046
vn 0.86621094 -0.5 -0.00047683716
vn -0.12976074 -0.22387695 0.9658203
vn -0.86572266 0.5 -0.0005722046
vn -0.12890625 -0.22436523 0.9658203
vn -0.86572266 0.5 -0.00047683716
vn -0.12890625 -0.22436523 0.9658203
vn 0.12988281 0.22387695 -0.9658203
vn -0.86621094 0.49975586 0.00038146973
vn 0.12988281 0.22387695 -0.9658203
vn -0.86621094 0.5 0.00047683716
vn 0.12902832 0.2244873 -0.9658203
vn 0.86572266 -0.5 0.00047683716
vn 0.86572266 -0.5 0.00038146973
vn 0.12890625 0.22436523 -0.9658203
vn -0.5 -0.86621094 0
vn -0.35327148 -0.6123047 -0.70751953
vn -0.35327148 -0.6123047 -0.70751953
vn -0.5 -0.86621094 0
vn -0.33911133 -0.58740234 0.7348633
vn -0.33911133 -0.58740234 0.7348633
vn -0.33911133 -0.58740234 0.7348633
vn -0.33911133 -0.58740234 0.7348633
vn -0.7675781 0.6411133 -7.2717667E-06
vn -0.7675781 0.6411133 -5.9604645E-06
vn -0.96191406 0.27392578 -0.00020265579
vn -0.96191406 0.27392578 1.1622906E-05
vn -0.93652344 -0.35083008 -0.0019311905
vn -0.94433594 -0.32958984 5.6028366E-06
vn -0.8623047 -0.50634766 -0.0024585724
vn -0.8613281 -0.5083008 -0.0025024414
vn -0.86279297 -0.5058594 -0.002729416
vn -0.8588867 -0.51171875 -0.028411865
vn -0.859375 -0.51171875 0
vn -0 0 1
vn -0 0 1
vn -0 0 1
vn -0 0 1
vn 0.78027344 -0.6254883 0
vn 0.78027344 -0.6254883 0
vn 0.78027344 -0.6254883 0
vn 0.78027344 -0.6254883 0
vn 0.8647461 0.5019531 -0.00046491623
vn 0.8647461 0.5024414 0
vn 0.8647461 0.5019531 0.001001358
vn 0.8647461 0.5019531 -0.0011739731
vn 0.8647461 0.5019531 -0.0014238358
vn 0.8652344 0.50146484 -0.0003528595
vn 0.8652344 0.50146484 0.0005841255
vn -0 0 -1
vn -0 0 -1
vn -0 0 -1
vn 0.27172852 -0.48828125 -0.82910156
vn 0.2746582 -0.49389648 -0.82470703
vn -0.17126465 0.98535156 0
vn -0.17126465 0.98535156 0
vn 0.24377441 0.96972656 -2.0861626E-05
vn 0.24377441 0.96972656 -0.00021517277
vn 0.77197266 0.6357422 -0.0019283295
vn 0.7578125 0.65234375 9.179115E-06
vn 0.8696289 0.49414062 -0.0025081635
vn 0.7734375 0.63427734 -0.0019226074
vn 0.7583008 0.65185547 9.23872E-06
vn 0.87060547 0.49169922 -0.0024795532
vn 0.8696289 0.49414062 -0.002729416
vn 0.8720703 0.48828125 -0.028411865
vn 0.8725586 0.48828125 0
vn 0.47802734 -0.79785156 -0.3671875
vn 0.47802734 -0.79785156 -0.3671875
vn 0.28735352 -0.4794922 -0.82910156
vn 0.2902832 -0.48486328 -0.8251953
vn 0.15185547 -0.98828125 0
vn 0.15185547 -0.98828125 0
vn 0.15185547 -0.98828125 0
vn 0.15185547 -0.98828125 0
vn -0.8671875 -0.49829102 -0.0014181137
vn -0.8676758 -0.4975586 0.000667572
vn -0.8671875 -0.49780273 0
vn -0.8671875 -0.49829102 -0.0014181137
vn -0.8671875 -0.49829102 -0.0014190674
vn -0.8666992 -0.49853516 0.00023293495
vn -0.8666992 -0.49853516 0.0005841255
vn 0.4519043 -0.8129883 -0.36743164
vn 0.2746582 -0.49365234 -0.8251953
vn 0.4519043 -0.8129883 -0.36743164
vn 0.27172852 -0.48828125 -0.82910156
vn -0.32348633 0.14416504 0.9350586
vn -0.24035645 0.2006836 0.94970703
vn -0.32885742 0.080078125 0.94091797
vn -0.31323242 0.06903076 0.9472656
vn -0.2376709 0.092285156 0.9667969
vn -0.2376709 0.092285156 0.9667969
vn 0.036621094 0.35253906 0.9350586
vn 0.0949707 0.32495117 0.94091797
vn -0.053771973 0.30810547 0.94970703
vn 0.09692383 0.3059082 0.9472656
vn 0.46728516 0.59521484 0.6538086
vn 0.038909912 0.25170898 0.9667969
vn 0.038909912 0.25170898 0.9667969
vn -0 0 1
vn -0 0 1
vn -0 0 1
vn -0 0 1
vn -0 0 -1
vn -0 0 -1
vn -0 0 -1
vn 0.28735352 -0.4794922 -0.82910156
vn 0.2902832 -0.48486328 -0.8251953
vn 0.24987793 -0.43286133 -0.86621094
vn -0.24987793 0.43286133 -0.86621094
vn -0.24987793 0.43286133 -0.86621094
vn 0.24987793 -0.43286133 -0.86621094
vn 0.24987793 -0.43286133 -0.86621094
vn 0.24987793 -0.43286133 -0.86621094
vn 0.5 -0.86572266 0
vn 0.5 -0.86572266 0
vn 0.24987793 -0.43286133 0.86621094
vn 0.24987793 -0.43286133 0.86621094
vn 0.24987793 -0.43286133 0.86621094
vn -0.24987793 0.43286133 0.86621094
vn -0.24987793 0.43286133 0.86621094
vn 0.25024414 -0.43286133 0.86621094
vn -0.5 0.86572266 -4.7683716E-05
vn -0.24987793 0.43286133 0.86621094
vn -0.24987793 0.43286133 0.86621094
vn -0.5 0.86572266 0
vn -0.24987793 0.43286133 -0.86621094
vn -0.24987793 0.43286133 -0.86621094
vn -0.86572266 -0.5 0
vn -0.86572266 -0.5 0
vn -0.86572266 -0.5 0
vn -0.86572266 -0.5 0
vn -0.86572266 -0.5 0
vn -0.86572266 -0.5 0
vn 0.86572266 0.5 2.3841858E-05
vn 0.86572266 0.5 1.1920929E-05
vn 0.86572266 0.5 1.1920929E-05
vn 0.86572266 0.5 2.3841858E-05
vn 0.86572266 0.5 2.3841858E-05
vn 0.86572266 0.5 2.3841858E-05
vn -0.3708496 0.6425781 0.67089844
vn -0.4182129 0.7241211 0.54833984
vn -0.3708496 0.6425781 0.67089844
vn -0.4182129 0.7241211 0.54833984
vn 0.47998047 -0.83154297 -0.28027344
vn 0.47998047 -0.83154297 -0.28027344
vn 0.47998047 -0.83154297 -0.28027344
vn 0.47998047 -0.83154297 -0.28027344
vn 0.19299316 -0.33422852 -0.9223633
vn 0.28027344 -0.48510742 -0.828125
vn 0.28027344 -0.48510742 -0.828125
vn 0.19421387 -0.3334961 -0.9223633
vn 0.20410156 -0.35351562 -0.91308594
vn 0.20410156 -0.35351562 -0.91308594
vn 0.44433594 -0.76953125 -0.4584961
vn 0.44433594 -0.76953125 -0.4584961
vn -0.9272461 -0.2854004 0.2421875
vn -0.92089844 -0.1953125 0.33789062
vn -0.91796875 -0.17810059 0.3544922
vn -0.89208984 -0.17663574 0.41577148
vn -0.92626953 -0.26586914 0.26757812
vn -0.8886719 -0.17126465 0.42504883
vn -0.8959961 -0.44213867 0.040527344
vn -0.8959961 -0.44213867 0.04043579
vn 0.44726562 -0.77490234 -0.44677734
vn 0.44726562 -0.77490234 -0.44677734
vn 0.2998047 -0.51904297 -0.80029297
vn 0.2998047 -0.51904297 -0.80029297
vn 0.8618164 0.50683594 -0.02041626
vn 0.8618164 0.5073242 -0.013015747
vn 0.86035156 0.50878906 -0.026229858
vn 0.85839844 0.5131836 -0.010215759
vn 0.8540039 0.5205078 -0.012634277
vn 0.8569336 0.515625 -0.009346008
vn 0.86572266 0.5 0
vn 0.27954102 -0.48413086 0.82910156
vn 0.27954102 -0.48413086 0.82910156
vn 0.27954102 -0.48413086 0.82910156
vn 0.27954102 -0.48413086 0.82910156
vn -0.4333496 0.75097656 -0.49804688
vn -0.43359375 0.75097656 -0.49780273
vn 0.02822876 -0.048461914 -0.99853516
vn 0.02822876 -0.048461914 -0.99853516
vn 0.2619629 -0.45361328 -0.8520508
vn 0.2619629 -0.45361328 -0.8520508
vn -0.090026855 0.15563965 0.9838867
vn -0.2619629 0.45385742 0.8515625
vn -0.2619629 0.45385742 0.8515625
vn -0.090026855 0.15563965 0.9838867
vn 0.09844971 -0.17016602 0.98046875
vn 0.09844971 -0.17016602 0.98046875
vn -0.8696289 -0.49316406 -0.020309448
vn -0.87060547 -0.4909668 -0.026168823
vn -0.8701172 -0.49243164 -0.013015747
vn -0.87353516 -0.4868164 -0.010215759
vn -0.8774414 -0.47973633 -0.012924194
vn -0.8745117 -0.484375 -0.009346008
vn -0.86572266 -0.5 0
vn -0.49829102 0.86328125 0.08129883
vn -0.4333496 0.75097656 -0.49804688
vn -0.4338379 0.75097656 -0.49829102
vn -0.49829102 0.86328125 0.08129883
vn 0.34570312 -0.5986328 -0.72265625
vn 0.34570312 -0.5986328 -0.72265625
vn 0.109680176 -0.1899414 -0.97558594
vn 0.109680176 -0.1899414 -0.97558594
vn -0.05606079 0.09729004 -0.99365234
vn -0.05606079 0.09729004 -0.99365234
vn 0.85546875 0.51660156 -0.037200928
vn 0.8515625 0.52246094 -0.04559326
vn 0.8515625 0.52246094 -0.04559326
vn 0.8564453 0.5151367 -0.035858154
vn 0.86083984 0.5083008 -0.026138306
vn 0.86083984 0.5083008 -0.026138306
vn 0.38745117 -0.67089844 0.6323242
vn 0.49902344 -0.8647461 0.055114746
vn 0.38745117 -0.67089844 0.6323242
vn 0.49926758 -0.8647461 0.055114746
vn 0.34594727 -0.5991211 -0.7216797
vn 0.34594727 -0.5991211 -0.7216797
vn -0.87841797 -0.47607422 -0.04559326
vn -0.87841797 -0.47607422 -0.04559326
vn -0.875 -0.48266602 -0.037200928
vn -0.8745117 -0.48364258 -0.035858154
vn -0.87060547 -0.49121094 -0.026123047
vn -0.87060547 -0.49121094 -0.026123047
vn 0.8310547 0.5551758 0.040527344
vn 0.8310547 0.5551758 0.04043579
vn 0.7114258 0.66015625 0.24145508
vn 0.6933594 0.6689453 0.26782227
vn 0.5991211 0.6845703 0.41552734
vn 0.62939453 0.69970703 0.33789062
vn -0.21081543 0.36499023 0.9067383
vn -0.21081543 0.36499023 0.9067383
vn -0.21081543 0.36499023 0.9067383
vn -0.21081543 0.36499023 0.9067383
vn -0.30664062 0.53125 0.7895508
vn -0.3708496 0.64208984 0.67089844
vn -0.37036133 0.64208984 0.6713867
vn -0.30664062 0.53125 0.7895508
vn 0.44726562 -0.77490234 -0.44677734
vn 0.44726562 -0.77490234 -0.44677734
vn 0.44433594 -0.76953125 -0.4584961
vn 0.44433594 -0.76953125 -0.4584961
vn -0.8745117 -0.48486328 0
vn -0.8745117 -0.48486328 0
vn -0.8745117 -0.48486328 0
vn -0.8745117 -0.48486328 0
vn -0.8745117 -0.48486328 0
vn -0.875 -0.48461914 -0.002861023
vn -0.8745117 -0.48486328 -0.00038146973
vn -0.8720703 -0.48901367 -0.0045776367
vn -0.87158203 -0.4897461 -0.005340576
vn -0.8701172 -0.49291992 -0.008773804
vn -0.8701172 -0.49291992 -0.008773804
vn 0.18029785 -0.31225586 0.9326172
vn 0.18017578 -0.31201172 0.9326172
vn 0.18017578 -0.31201172 0.9326172
vn 0.18029785 -0.31225586 0.9326172
vn 0.8569336 0.5151367 0
vn 0.8574219 0.5151367 0
vn 0.8569336 0.5151367 0
vn 0.8574219 0.5151367 0
vn 0.8574219 0.5151367 0
vn 0.8569336 0.5151367 -0.0019073486
vn 0.8569336 0.5151367 -0.00038146973
vn 0.859375 0.51123047 -0.0045776367
vn 0.86035156 0.5102539 -0.005340576
vn 0.8618164 0.50683594 -0.008773804
vn 0.8618164 0.50683594 -0.008773804
vn 0.47558594 -0.82373047 -0.30908203
vn -0.037963867 0.0657959 -0.9970703
vn 0.47558594 -0.82373047 -0.30908203
vn -0.037963867 0.0657959 -0.9970703
vn -0.28808594 0.49902344 -0.8173828
vn -0.28808594 0.49902344 -0.8173828
vn -0.29052734 0.5029297 -0.81396484
vn -0.29052734 0.50341797 -0.81396484
vn -0.27563477 0.47753906 -0.83447266
vn -0.27563477 0.47753906 -0.83447266
vn -0.33911133 0.58740234 -0.7348633
vn -0.33911133 0.58740234 -0.7348633
vn 0.29638672 -0.5131836 0.8051758
vn 0.47558594 -0.82373047 -0.30908203
vn 0.29638672 -0.5131836 0.8051758
vn 0.47558594 -0.82373047 -0.30908203
vn 0.29589844 -0.5126953 0.80615234
vn 0.18029785 -0.31225586 0.9326172
vn 0.18029785 -0.31225586 0.9326172
vn 0.29589844 -0.5126953 0.80615234
vn 0.48168945 -0.83447266 0.2685547
vn 0.48168945 -0.83447266 0.2685547
vn 0.48168945 -0.8339844 0.2685547
vn 0.48168945 -0.8339844 0.2685547
vn 0.8569336 0.5151367 0
vn 0.8574219 0.5151367 0
vn 0.8574219 0.5151367 0
vn 0.8569336 0.5151367 0
vn 0.8569336 0.5151367 0
vn 0.8569336 0.5151367 0
vn -0.02746582 0.047576904 -0.99853516
vn -0.2055664 0.35595703 -0.9116211
vn -0.2055664 0.35595703 -0.9116211
vn -0.02746582 0.047576904 -0.99853516
vn 0.34448242 -0.5966797 -0.72509766
vn 0.34448242 -0.5966797 -0.72509766
vn -0.8745117 -0.48486328 0
vn -0.8745117 -0.48486328 0
vn -0.8745117 -0.48486328 0
vn -0.8745117 -0.48486328 0
vn -0.8745117 -0.48486328 0
vn -0.8745117 -0.48486328 0
vn 0.30444336 -0.52734375 0.79296875
vn 0.18005371 -0.31176758 0.93310547
vn 0.18005371 -0.31176758 0.93310547
vn 0.30444336 -0.52734375 0.79296875
vn 0.30493164 -0.52783203 0.79248047
vn 0.30493164 -0.52783203 0.79248047
vn 0.49560547 -0.85839844 0.13330078
vn 0.49560547 -0.85839844 0.13330078
vn 0.34448242 -0.5966797 -0.72509766
vn 0.34448242 -0.5966797 -0.72509766
vn -0.5 0.86621094 0
vn -0.5 0.86621094 0
vn -0.5 0.86621094 0
vn -0.5 0.86621094 0
vn -0.86621094 -0.5 0
vn -0.86621094 -0.5 0
vn -0.86621094 -0.5 0
vn -0.86621094 -0.5 0
vn -0.86621094 -0.5 0
vn -0 0 1
vn -0 0 1
vn -0 0 1
vn -0 0 1
vn 0.86621094 0.5 0
vn 0.86621094 0.5 0
vn 0.86621094 0.5 0
vn 0.86621094 0.5 0
vn 0.86621094 0.5 0
vn -0.4338379 0.75146484 -0.4970703
vn -0.4338379 0.75146484 -0.4970703
vn -0.25073242 0.43432617 -0.8652344
vn -0.25073242 0.43432617 -0.8652344
vn 0.35375977 -0.61279297 -0.70654297
vn -0.25073242 0.43432617 -0.8652344
vn -0.25073242 0.43432617 -0.8652344
vn 0.3540039 -0.6123047 -0.70654297
vn 0.86621094 -0.5 0
vn 0.86621094 0.5 0
vn 0.86621094 -0.5 0
vn 0.86621094 0.5 0
vn -0.86621094 -0.5 0
vn -2.3841858E-05 -1 0
vn -0.86621094 -0.5 0
vn -2.3841858E-05 -1 0
vn 0.86621094 -0.5 0
vn 0.86621094 -0.5 0
vn -0.86621094 0.5 0
vn -0.86621094 -0.5 0
vn -0.86621094 0.5 0
vn -0.86621094 -0.5 0
vn -0 0 -1
vn -0 0 -1
vn -0 0 -1
vn -0 0 -1
vn -0 0 -1
vn -0 0 -1
vn -0.86621094 0.5 0
vn -0.86621094 0.5 0
vn -2.3841858E-05 1 0
vn -2.3841858E-05 1 0
vn 0.86621094 0.5 0
vn 0.86621094 0.5 0
vn -0 0 1
vn -0 0 1
vn -0 0 1
vn -0 0 1
vn -0 0 1
vn -0 0 1
vn -0.35375977 0.6123047 -0.70703125
vn -0.35351562 0.6123047 -0.70703125
vn 0.1295166 -0.22424316 -0.9658203
vn 0.12927246 -0.22436523 -0.9658203
vn 0.48291016 -0.8364258 -0.25878906
vn 0.48291016 -0.8364258 -0.25878906
vn 0.35375977 -0.6123047 0.70703125
vn 0.48291016 -0.8364258 -0.25878906
vn 0.48291016 -0.8364258 -0.25878906
vn 0.35375977 -0.6123047 0.70703125
vn 0.35375977 -0.6123047 0.70703125
vn -0.12927246 0.22436523 0.9658203
vn 0.35351562 -0.6123047 0.70703125
vn -0.1295166 0.22424316 0.9658203
vn -0.48291016 0.8364258 0.25878906
vn -0.48291016 0.8364258 0.25878906
vn -0.35375977 0.6123047 -0.70703125
vn -0.48291016 0.8364258 0.25878906
vn -0.35375977 0.6123047 -0.70703125
vn -0.48291016 0.8364258 0.25878906
vn -0.86572266 -0.5 0
vn -0.86572266 -0.5 0
vn -0.86572266 -0.5 0
vn -0.86572266 -0.5 0
vn -0.86572266 -0.5 0
vn -0.86572266 -0.5 0
vn 0.86572266 0.5 0
vn 0.86572266 0.5 0
vn 0.86572266 0.5 0
vn 0.86572266 0.5 0
vn 0.86572266 0.5 0
vn 0.86572266 0.5 0
vn 0.86572266 0.5 -0.00047683716
vn 0.12890625 -0.22436523 0.9658203
vn 0.12890625 -0.22436523 0.9658203
vn 0.86621094 0.49975586 -0.0005722046
vn -0.86621094 -0.5 -0.00047683716
vn -0.86572266 -0.5 -0.0005722046
vn 0.13012695 -0.22424316 0.9658203
vn 0.12976074 -0.22387695 0.9658203
vn -0.12890625 0.22436523 -0.9658203
vn -0.86572266 -0.5004883 0.00038146973
vn -0.12902832 0.2244873 -0.9658203
vn -0.86572266 -0.5 0.00047683716
vn -0.12988281 0.22387695 -0.9658203
vn 0.86621094 0.5 0.00047683716
vn 0.86621094 0.49975586 0.0005722046
vn -0.12988281 0.22387695 -0.9658203
vn 0.5 -0.86621094 0
vn 0.35327148 -0.6123047 -0.70751953
vn 0.5 -0.86621094 0
vn 0.35327148 -0.6123047 -0.70751953
vn 0.33911133 -0.58740234 0.7348633
vn 0.33911133 -0.58740234 0.7348633
vn 0.33911133 -0.58740234 0.7348633
vn 0.33911133 -0.58740234 0.7348633
vn -0.96533203 -0.26123047 -1.4901161E-05
vn -0.7758789 -0.6308594 -3.2782555E-05
vn -0.7758789 -0.6308594 7.033348E-06
vn -0.96533203 -0.26123047 -1.4603138E-05
vn -0.24951172 -0.9682617 -0.0019369125
vn -0.7753906 -0.63183594 0.000121474266
vn -0.7753906 -0.63183594 -3.5762787E-05
vn -0.27172852 -0.96240234 1.7881393E-07
vn -0.08013916 -0.99658203 -0.0024585724
vn -0.077819824 -0.9970703 -0.0025024414
vn -0.08013916 -0.99658203 -0.002729416
vn -0.07397461 -0.9970703 -0.028411865
vn -0.074035645 -0.9970703 0
vn -0 0 1
vn -0 0 1
vn -0 0 1
vn -0 0 1
vn 0.95996094 0.28027344 0
vn 0.95996094 0.28027344 0
vn 0.95996094 0.28027344 0
vn 0.95996094 0.28027344 0
vn 0.0847168 0.99658203 -0.0006198883
vn 0.0847168 0.99658203 0
vn 0.0847168 0.99658203 0.0009899139
vn 0.0847168 0.99658203 -0.0011892319
vn 0.0847168 0.99658203 -0.00141716
vn 0.08544922 0.99658203 -0.0003039837
vn 0.08544922 0.99658203 0.00059604645
vn -0 0 -1
vn -0 0 -1
vn -0 0 -1
vn 0.55615234 -0.05770874 -0.82910156
vn 0.5625 -0.058258057 -0.82470703
vn -0.90527344 0.4243164 -8.940697E-06
vn -0.90527344 0.4243164 -9.119511E-06
vn -0.65478516 0.7558594 1.0609627E-05
vn -0.65478516 0.7558594 -2.9802322E-05
vn -0.6538086 0.75683594 -2.9802322E-05
vn -0.6538086 0.75683594 1.0073185E-05
vn -0.07702637 0.9970703 -0.0019340515
vn -0.099975586 0.9951172 2.3245811E-06
vn 0.09387207 0.99560547 -0.0025081635
vn 0.09692383 0.9951172 -0.0025043488
vn 0.093811035 0.99560547 -0.002729416
vn 0.10070801 0.9946289 -0.028427124
vn 0.10070801 0.9951172 0
vn 0.9277344 -0.06616211 -0.36743164
vn 0.9277344 -0.06616211 -0.36743164
vn 0.56396484 -0.040161133 -0.82470703
vn 0.5576172 -0.039733887 -0.82910156
vn 0.8964844 -0.4428711 0
vn 0.8964844 -0.4428711 0
vn 0.8964844 -0.4428711 0
vn 0.8964844 -0.4428711 0
vn -0.0892334 -0.99609375 -0.0014181137
vn -0.090026855 -0.99609375 0.0009536743
vn -0.090026855 -0.99609375 0
vn -0.0892334 -0.99609375 -0.0014181137
vn -0.0892334 -0.99609375 -0.00141716
vn -0.08850098 -0.99609375 0.00023269653
vn -0.08850098 -0.99609375 0.00059604645
vn 0.92529297 -0.095825195 -0.36694336
vn 0.5625 -0.058258057 -0.82470703
vn 0.55615234 -0.05770874 -0.82910156
vn 0.92529297 -0.095825195 -0.36694336
vn -0.30371094 -0.18225098 0.9350586
vn -0.3022461 -0.081726074 0.94970703
vn -0.2541504 -0.2232666 0.94091797
vn -0.23657227 -0.21691895 0.9472656
vn -0.2121582 -0.14172363 0.9667969
vn -0.2121582 -0.14172363 0.9667969
vn -0.26782227 0.23217773 0.9350586
vn -0.21203613 0.26416016 0.94091797
vn -0.28393555 0.13293457 0.94970703
vn -0.1953125 0.25463867 0.9472656
vn -0.18383789 0.1763916 0.9667969
vn -0.18383789 0.1763916 0.9667969
vn -0 0 1
vn -0 0 1
vn -0 0 1
vn -0 0 1
vn -0 0 -1
vn -0 0 -1
vn -0 0 -1
vn 0.5576172 -0.039733887 -0.82910156
vn 0.56396484 -0.040161133 -0.82470703
vn -0.49829102 0.0435791 -0.86621094
vn 0.49829102 -0.043548584 -0.86621094
vn 0.49829102 -0.0435791 -0.86621094
vn -0.49829102 0.043548584 -0.86621094
vn 0.99609375 -0.0871582 2.3841858E-05
vn 0.49829102 -0.0435791 -0.86621094
vn 0.49829102 -0.043548584 -0.86621094
vn 0.99609375 -0.08709717 2.3841858E-05
vn 0.49829102 -0.043548584 0.86621094
vn 0.49829102 -0.0435791 0.86572266
vn -0.49829102 0.043548584 0.86621094
vn 0.49829102 -0.043548584 0.86621094
vn 0.49829102 -0.043548584 0.86621094
vn -0.49829102 0.0435791 0.86572266
vn -0.49829102 0.0435791 0.86572266
vn -0.99609375 0.0871582 0
vn -0.49829102 0.043548584 0.86621094
vn -0.99609375 0.08709717 2.3841858E-05
vn -0.49829102 0.043548584 -0.86621094
vn -0.49829102 0.043304443 -0.86621094
vn -0.0869751 -0.99609375 0
vn -0.0869751 -0.99609375 0
vn -0.0869751 -0.99609375 0
vn -0.0869751 -0.99609375 0
vn -0.0869751 -0.99609375 0
vn -0.0869751 -0.99609375 0
vn 0.0869751 0.99609375 0
vn 0.0869751 0.99609375 0
vn 0.0869751 0.99609375 0
vn 0.0869751 0.99609375 0
vn 0.0869751 0.99609375 1.1920929E-05
vn 0.0869751 0.99609375 1.1920929E-05
vn -0.8330078 0.07287598 0.54833984
vn -0.8330078 0.07287598 0.54833984
vn -0.7392578 0.06463623 0.67041016
vn -0.7392578 0.06463623 0.67041016
vn 0.9560547 -0.0836792 -0.28027344
vn 0.9560547 -0.0836792 -0.28027344
vn 0.9560547 -0.0836792 -0.28027344
vn 0.9560547 -0.0836792 -0.28027344
vn 0.55859375 -0.048828125 -0.828125
vn 0.55859375 -0.048828125 -0.828125
vn 0.38452148 -0.03363037 -0.9223633
vn 0.38452148 -0.032043457 -0.9223633
vn 0.40673828 -0.035583496 -0.91308594
vn 0.40673828 -0.035583496 -0.91308594
vn 0.8852539 -0.07745361 -0.4584961
vn 0.8852539 -0.07739258 -0.4584961
vn -0.21740723 0.8828125 0.41601562
vn -0.22045898 0.8779297 0.42504883
vn -0.15112305 0.9511719 0.26831055
vn -0.13269043 0.9614258 0.24145508
vn -0.21203613 0.9169922 0.33789062
vn -0.2265625 0.90722656 0.3544922
vn 0.022125244 0.99902344 0.040527344
vn 0.022125244 0.99902344 0.04043579
vn -0.29833984 -0.92333984 0.2421875
vn -0.36816406 -0.86621094 0.33789062
vn -0.38061523 -0.8540039 0.3544922
vn -0.36694336 -0.83203125 0.41601562
vn -0.31347656 -0.9111328 0.26757812
vn -0.36938477 -0.8261719 0.42529297
vn -0.15185547 -0.98779297 0.040527344
vn -0.15185547 -0.98779297 0.04043579
vn 0.59765625 -0.05227661 -0.80029297
vn 0.59765625 -0.05227661 -0.80029297
vn 0.8911133 -0.077941895 -0.44702148
vn 0.8911133 -0.07800293 -0.44702148
vn 0.0793457 0.99658203 -0.020355225
vn 0.078552246 0.99658203 -0.013015747
vn 0.07702637 0.99658203 -0.026184082
vn 0.07171631 0.9975586 -0.010231018
vn 0.06329346 0.9980469 -0.0124435425
vn 0.06939697 0.9975586 -0.009346008
vn 0.0869751 0.99609375 0
vn 0.5571289 -0.048736572 0.82910156
vn 0.5571289 -0.048736572 0.82910156
vn 0.5571289 -0.048736572 0.82910156
vn 0.5571289 -0.048736572 0.82910156
vn 0.05569458 -0.0049095154 -0.99853516
vn -0.86376953 0.07537842 -0.49829102
vn -0.86376953 0.07556152 -0.49829102
vn 0.05569458 -0.004863739 -0.99853516
vn 0.52197266 -0.04562378 -0.8520508
vn 0.52197266 -0.04562378 -0.8520508
vn -0.17932129 0.015640259 0.9838867
vn -0.52246094 0.045684814 0.8515625
vn -0.52246094 0.045684814 0.8515625
vn -0.17932129 0.015686035 0.9838867
vn 0.19604492 -0.017120361 0.98046875
vn 0.19604492 -0.017120361 0.98046875
vn -0.0949707 -0.9951172 -0.020355225
vn -0.09765625 -0.9951172 -0.026184082
vn -0.09576416 -0.9951172 -0.013015747
vn -0.10223389 -0.9946289 -0.010215759
vn -0.11065674 -0.99365234 -0.012924194
vn -0.105285645 -0.9946289 -0.009346008
vn -0.0869751 -0.99609375 0
vn -0.9926758 0.08709717 0.0814209
vn -0.9926758 0.08709717 0.0814209
vn -0.86376953 0.07556152 -0.49829102
vn -0.86376953 0.07556152 -0.49829102
vn 0.68847656 -0.0602417 -0.72265625
vn 0.68847656 -0.06021118 -0.72265625
vn 0.21862793 -0.019119263 -0.97558594
vn 0.21862793 -0.019119263 -0.97558594
vn -0.11175537 0.009773254 -0.99365234
vn -0.11175537 0.009773254 -0.99365234
vn 0.06750488 0.9970703 -0.037200928
vn 0.060272217 0.9970703 -0.04559326
vn 0.060272217 0.9970703 -0.04559326
vn 0.06866455 0.9970703 -0.035858154
vn 0.07702637 0.99658203 -0.026123047
vn 0.07702637 0.99658203 -0.026123047
vn 0.77197266 -0.06750488 0.63183594
vn 0.77197266 -0.06750488 0.63183594
vn 0.9946289 -0.08703613 0.055145264
vn 0.9946289 -0.08709717 0.055145264
vn 0.6894531 -0.060333252 -0.72216797
vn 0.6894531 -0.060272217 -0.72216797
vn -0.10644531 -0.99365234 -0.037200928
vn -0.113708496 -0.9926758 -0.04559326
vn -0.113708496 -0.9926758 -0.04559326
vn -0.105285645 -0.99365234 -0.035858154
vn -0.09686279 -0.9951172 -0.026123047
vn -0.09686279 -0.9951172 -0.026123047
vn -0.41967773 0.036712646 0.9067383
vn -0.41967773 0.036743164 0.9067383
vn -0.41967773 0.036712646 0.9067383
vn -0.41967773 0.036712646 0.9067383
vn -0.73828125 0.06463623 0.67089844
vn -0.6113281 0.053466797 0.7895508
vn -0.6113281 0.053466797 0.7895508
vn -0.73828125 0.06463623 0.67089844
vn 0.8911133 -0.07800293 -0.44677734
vn 0.8852539 -0.07745361 -0.4584961
vn 0.8911133 -0.078063965 -0.44677734
vn 0.8852539 -0.07745361 -0.4584961
vn -0.10449219 -0.9946289 0
vn -0.10455322 -0.9946289 0
vn -0.10449219 -0.9946289 0
vn -0.10455322 -0.9946289 0
vn -0.10449219 -0.9946289 0
vn -0.10491943 -0.9946289 -0.0022888184
vn -0.10455322 -0.9946289 -0.00038146973
vn -0.09991455 -0.9951172 -0.0045776367
vn -0.09881592 -0.9951172 -0.005340576
vn -0.0949707 -0.99560547 -0.008773804
vn -0.0949707 -0.99560547 -0.008773804
vn -0.5493164 0.048034668 -0.83447266
vn -0.5786133 0.05065918 -0.81396484
vn -0.5786133 0.05065918 -0.81396484
vn -0.5493164 0.048065186 -0.83447266
vn -0.67578125 0.05911255 -0.7348633
vn -0.67578125 0.059143066 -0.7348633
vn -0.57958984 0.050720215 -0.8129883
vn -0.57421875 0.050231934 -0.81689453
vn -0.57421875 0.05026245 -0.81689453
vn -0.57958984 0.052978516 -0.81347656
vn -0.07574463 0.006652832 -0.9970703
vn -0.5732422 0.0501709 -0.8178711
vn -0.5732422 0.0501709 -0.8178711
vn -0.07574463 0.006641388 -0.9970703
vn 0.9472656 -0.08294678 -0.30908203
vn 0.9472656 -0.08282471 -0.30908203
vn 0.35913086 -0.031433105 0.9326172
vn 0.35888672 -0.031433105 0.9326172
vn 0.35888672 -0.031433105 0.9326172
vn 0.35913086 -0.031433105 0.9326172
vn 0.06982422 0.9975586 0
vn 0.06982422 0.9975586 0
vn 0.06970215 0.9975586 0
vn 0.06982422 0.9975586 0
vn 0.06982422 0.9975586 0
vn 0.06939697 0.9975586 -0.0020980835
vn 0.06964111 0.9975586 -0.00076293945
vn 0.074401855 0.9970703 -0.0045776367
vn 0.07556152 0.9970703 -0.005340576
vn 0.0793457 0.99658203 -0.008773804
vn 0.0793457 0.99658203 -0.008773804
vn 0.59033203 -0.05166626 0.8051758
vn 0.59033203 -0.05166626 0.8051758
vn 0.9472656 -0.08288574 -0.30908203
vn 0.9472656 -0.08288574 -0.30908203
vn 0.58984375 -0.051574707 0.80615234
vn 0.35913086 -0.031402588 0.9326172
vn 0.35913086 -0.031433105 0.9326172
vn 0.58984375 -0.051605225 0.80615234
vn 0.95947266 -0.083984375 0.2685547
vn 0.95947266 -0.08392334 0.2685547
vn 0.95947266 -0.08392334 0.2685547
vn 0.95947266 -0.08392334 0.2685547
vn 0.06970215 0.9975586 0
vn 0.06982422 0.9975586 0
vn 0.06982422 0.9975586 0
vn 0.06970215 0.9975586 0
vn 0.06970215 0.9975586 0
vn 0.06970215 0.9975586 0
vn -0.054748535 0.004814148 -0.99853516
vn -0.40942383 0.035827637 -0.9116211
vn -0.40942383 0.035827637 -0.9116211
vn -0.054748535 0.004760742 -0.99853516
vn 0.68603516 -0.060028076 -0.72509766
vn 0.68603516 -0.060058594 -0.72509766
vn -0.10449219 -0.9946289 0
vn -0.10449219 -0.9946289 0
vn -0.10449219 -0.9946289 0
vn -0.10455322 -0.9946289 0
vn -0.10449219 -0.9946289 0
vn -0.10449219 -0.9946289 0
vn 0.35888672 -0.031402588 0.93310547
vn 0.35888672 -0.03137207 0.93310547
vn 0.6064453 -0.053100586 0.79296875
vn 0.6064453 -0.05303955 0.79296875
vn 0.6074219 -0.053131104 0.79248047
vn 0.6074219 -0.05316162 0.79248047
vn 0.9873047 -0.08642578 0.13330078
vn 0.9873047 -0.08630371 0.13330078
vn 0.68603516 -0.060058594 -0.72509766
vn 0.68603516 -0.060028076 -0.72509766
vn -0.99609375 0.0871582 0
vn -0.99609375 0.0871582 0
vn -0.99609375 0.0871582 0
vn -0.99609375 0.0871582 0
vn -0.0871582 -0.99609375 0
vn -0.0871582 -0.99609375 0
vn -0.0871582 -0.99609375 0
vn -0.0871582 -0.99609375 0
vn -0.0871582 -0.99609375 0
vn -0 0 1
vn -0 0 1
vn -0 0 1
vn -0 0 1
vn 0.0871582 0.99609375 0
vn 0.0871582 0.99609375 0
vn 0.0871582 0.99609375 0
vn 0.0871582 0.99609375 0
vn 0.0871582 0.99609375 0
vn -0.8642578 0.07562256 -0.4970703
vn -0.49951172 0.04373169 -0.8652344
vn -0.49951172 0.043670654 -0.8652344
vn -0.8642578 0.07562256 -0.4970703
vn -0.49951172 0.04373169 -0.8652344
vn 0.70458984 -0.061645508 -0.70654297
vn 0.70458984 -0.061706543 -0.70654297
vn -0.49951172 0.043670654 -0.8652344
vn 0.90625 0.42260742 0
vn 0.90625 0.42260742 0
vn 0.0871582 0.99609375 0
vn 0.0871582 0.99609375 0
vn -0.81933594 0.57373047 0
vn -0.81933594 0.57373047 0
vn 0.81933594 -0.57373047 0
vn 0.81933594 -0.57373047 0
vn -0.08709717 -0.99609375 0
vn -0.08709717 -0.99609375 0
vn -0.90625 -0.42260742 0
vn -0.90625 -0.42260742 0
vn -0 0 -1
vn -0 0 -1
vn -0 0 -1
vn -0 0 -1
vn -0 0 -1
vn -0 0 -1
vn -0.81933594 0.57373047 0
vn -0.90625 -0.42260742 0
vn -0.81933594 0.57373047 0
vn -0.90625 -0.42260742 0
vn -0 0 1
vn -0 0 1
vn -0 0 1
vn -0 0 1
vn -0 0 1
vn -0 0 1
vn -0.70458984 0.061645508 -0.70703125
vn 0.2578125 -0.022537231 -0.9658203
vn -0.70458984 0.061462402 -0.70703125
vn 0.2578125 -0.022598267 -0.9658203
vn 0.96240234 -0.084228516 -0.25878906
vn 0.96240234 -0.084228516 -0.25878906
vn 0.70458984 -0.06161499 0.70703125
vn 0.70458984 -0.061645508 0.70703125
vn 0.96240234 -0.084228516 -0.25878906
vn 0.96240234 -0.084228516 -0.25878906
vn 0.70458984 -0.061645508 0.70703125
vn 0.70458984 -0.06161499 0.70703125
vn -0.2578125 0.022583008 0.9658203
vn -0.2578125 0.02255249 0.9658203
vn -0.96240234 0.08416748 0.25878906
vn -0.96240234 0.08428955 0.25878906
vn -0.70458984 0.06161499 -0.70703125
vn -0.96240234 0.08416748 0.25878906
vn -0.96240234 0.08428955 0.25878906
vn -0.70458984 0.061645508 -0.70703125
vn -0.0869751 -0.99609375 0
vn -0.0869751 -0.99609375 0
vn -0.0869751 -0.99609375 0
vn -0.0869751 -0.99609375 0
vn -0.0869751 -0.99609375 0
vn -0.0869751 -0.99609375 0
vn 0.0869751 0.99609375 0
vn 0.0869751 0.99609375 0
vn 0.0869751 0.99609375 0
vn 0.0869751 0.99609375 0
vn 0.0869751 0.99609375 0
vn 0.0869751 0.99609375 0
vn 0.99609375 -0.0871582 0
vn 0.70410156 -0.061645508 -0.70751953
vn 0.70410156 -0.061553955 -0.70751953
vn 0.99609375 -0.0871582 0
vn 0.67578125 -0.059143066 0.7348633
vn 0.67578125 -0.05911255 0.7348633
vn 0.67578125 -0.05911255 0.7348633
vn 0.67578125 -0.059143066 0.7348633
vn 0.81933594 -0.57373047 0
vn 0.90625 0.42260742 0
vn 0.81933594 -0.57373047 0
vn 0.90625 0.42260742 0
vn -0 -1 0
vn -0 -1 0
vn -0 -1 0
vn -0 -1 0
vn -0 -1 0
vn -0 -1 0
vn -0 -1 0
vn -0 -1 0
vn -0 -1 0
vn -0 -1 0
vn -0 -1 0
vn -0 -1 0
vn -0 -1 0
vn -0 -1 0
vn -0 -1 0
vn -0 -1 0
vn -0 -1 0
vn -0 -1 0
vn -0 -1 0
vn -0 -1 0
vn -0 -1 0
vn -0 -1 0
vn -0 -1 0
vn -0 -1 0
vn -0 -1 0
vn -0 -1 0
vn -0 -1 0
vn -0 -1 0
vn -0 -1 0
vn -0 -1 0
vn -0 -1 0
vn -0 -1 0
vn 0.9848633 0.17358398 0
vn 0.9848633 0.17358398 0
vn 0.9848633 0.17358398 0
vn 0.9848633 0.17358398 0
vn -0.9848633 -0.17358398 0
vn -0.9848633 -0.17358398 0
vn -0.9848633 -0.17358398 0
vn -0.9848633 -0.17358398 0
vn -0.9848633 -0.17358398 0
vn -0.9848633 -0.17358398 0
vn -0.9848633 -0.17358398 0
vn -0.9848633 -0.17358398 0
vn 0.9848633 0.17358398 0
vn 0.9848633 0.17358398 0
vn 0.9848633 0.17358398 0
vn 0.9848633 0.17358398 0
vn -0.052459717 0.29760742 0.953125
vn -0.052459717 0.29760742 0.953125
vn -0.052459717 0.29760742 0.953125
vn -0.052459717 0.29760742 0.953125
vn 0.052459717 -0.29760742 -0.953125
vn 0.052459717 -0.29760742 -0.953125
vn 0.052459717 -0.29760742 -0.953125
vn 0.052459717 -0.29760742 -0.953125
vn -0.052459717 0.29760742 0.953125
vn -0.052459717 0.29760742 0.953125
vn -0.052459717 0.29760742 0.953125
vn -0.052459717 0.29760742 0.953125
vn 0.052459717 -0.29760742 -0.953125
vn 0.052459717 -0.29760742 -0.953125
vn 0.052459717 -0.29760742 -0.953125
vn 0.052459717 -0.29760742 -0.953125
vn -0.9848633 0.17358398 0
vn -0.9848633 0.17358398 0
vn -0.9848633 0.17358398 0
vn -0.9848633 0.17358398 0
vn 0.9848633 -0.17358398 0
vn 0.9848633 -0.17358398 0
vn 0.9848633 -0.17358398 0
vn 0.9848633 -0.17358398 0
vn 0.9848633 -0.17358398 0
vn 0.9848633 -0.17358398 0
vn 0.9848633 -0.17358398 0
vn 0.9848633 -0.17358398 0
vn -0.9848633 0.17358398 0
vn -0.9848633 0.17358398 0
vn -0.9848633 0.17358398 0
vn -0.9848633 0.17358398 0
vn 0.052459717 0.29760742 0.953125
vn 0.052459717 0.29760742 0.953125
vn 0.052459717 0.29760742 0.953125
vn 0.052459717 0.29760742 0.953125
vn -0.052459717 -0.29760742 -0.953125
vn -0.052459717 -0.29760742 -0.953125
vn -0.052459717 -0.29760742 -0.953125
vn -0.052459717 -0.29760742 -0.953125
vn 0.052459717 0.29760742 0.953125
vn 0.052459717 0.29760742 0.953125
vn 0.052459717 0.29760742 0.953125
vn 0.052459717 0.29760742 0.953125
vn -0.052459717 -0.29760742 -0.953125
vn -0.052459717 -0.29760742 -0.953125
vn -0.052459717 -0.29760742 -0.953125
vn -0.052459717 -0.29760742 -0.953125
vn 0.24145508 -0.9394531 0.2421875
vn 0.34204102 -0.9399414 0.00038146973
vn 0.34204102 -0.9399414 0.00038146973
vn 0.2421875 -0.9399414 -0.24145508
vn 0.24145508 -0.9394531 0.2421875
vn 0.2421875 -0.9399414 -0.24145508
vn -0.00047683716 -0.9394531 0.34228516
vn -0.00047683716 -0.9399414 0.34179688
vn -0.2421875 -0.9399414 0.24145508
vn -0.2421875 -0.9399414 0.24145508
vn -0.00047683716 -0.9399414 -0.34179688
vn -0.00047683716 -0.9394531 -0.34228516
vn -0.24145508 -0.9394531 -0.2421875
vn -0.24145508 -0.9394531 -0.2421875
vn -0.34204102 -0.9399414 -0.00038146973
vn -0.34204102 -0.9399414 -0.00038146973
vn -0.0004529953 -1 -0.00038146973
vn -0.9248047 -0.38061523 0
vn -0.46240234 -0.38061523 0.80078125
vn -0.46240234 -0.38061523 -0.80078125
vn 0.46240234 -0.38061523 0.80078125
vn 0.46240234 -0.38061523 -0.80078125
vn 0.9248047 -0.38061523 0
vn -4.7683716E-05 -1 0
vn -0.0002861023 -0.45507812 -0.890625
vn -0.890625 -0.45507812 0.00038146973
vn 0.890625 -0.45507812 0.00038146973
vn -0.00023841858 -0.45507812 0.890625
vn 0.047088623 0.99902344 0.0022888184
vn -1 0.009918213 -0.0038146973
vn -0.86376953 0.009918213 -0.50341797
vn -0.8676758 0.009918213 0.49658203
vn 0.038330078 0.99902344 0.025177002
vn 0.041778564 0.99902344 -0.021362305
vn -0 0.99902344 -0.045776367
vn -0.03942871 0.99902344 0.022888184
vn -0.0022888184 0.99902344 0.046539307
vn 0.02154541 0.99902344 0.04196167
vn -0.4963379 0.009918213 -0.86816406
vn 0.00381279 0.009918213 -1
vn 0.025558472 0.99902344 -0.03967285
vn -0.5029297 0.009918213 0.8642578
vn -0 0.009918213 1
vn -0.023544312 0.99902344 0.04043579
vn 0.5 0.009918213 -0.86572266
vn 0.86621094 0.009918213 -0.49975586
vn 1 0.009918213 0
vn -0.023376465 0.99902344 -0.04119873
vn 0.5 0.009918213 0.86621094
vn -0.04071045 0.99902344 -0.023651123
vn 0.86621094 0.009918213 0.49975586
vn -0.047058105 0.99902344 0
vn -0.37109375 -0.92871094 0
vn -0.9975586 -0.067871094 0
vn -0.86376953 -0.067871094 0.49902344
vn -0.86376953 -0.067871094 -0.49902344
vn -0.3215332 -0.92871094 -0.1854248
vn -0.49926758 -0.06793213 -0.86376953
vn -0.18566895 -0.92871094 -0.32128906
vn -0 -0.067871094 -0.9975586
vn -0.3215332 -0.92871094 0.1854248
vn 0.59814453 -0.7963867 -0.08850098
vn 0.5620117 -0.796875 0.2220459
vn 0.4736328 -0.796875 -0.37548828
vn 0.37548828 -0.7963867 0.47387695
vn 0.22241211 -0.7963867 -0.5625
vn -0.18566895 -0.92871094 0.32128906
vn -0.49829102 -0.067871094 0.8642578
vn -0.21520996 -0.7973633 -0.56396484
vn 0.10546875 -0.9326172 -0.34472656
vn 0.07873535 -0.71191406 0.6982422
vn -0.22241211 -0.7963867 0.5625
vn -0 -0.9633789 0.26782227
vn 0.0039100647 -0.067871094 0.9975586
vn 0.5024414 -0.067871094 0.8618164
vn 0.18566895 -0.92871094 -0.32128906
vn 0.49536133 -0.06793213 -0.86621094
vn -0.47387695 -0.7963867 0.37548828
vn 0.18566895 -0.92871094 0.32128906
vn -0.37548828 -0.7963867 -0.47387695
vn 0.86621094 -0.06793213 0.4951172
vn -0.5620117 -0.7963867 -0.22277832
vn 0.3215332 -0.92871094 -0.1854248
vn 0.8623047 -0.067871094 -0.5019531
vn -0.59814453 -0.7963867 0.08850098
vn 0.9975586 -0.067871094 -0.0038146973
vn 0.3215332 -0.92871094 0.1854248
vn 0.37109375 -0.92871094 0
vn -0.8652344 -0.018692017 0.50097656
vn 0.012588501 -1 -0.006866455
vn -1 -0.018875122 0
vn -0.5 -0.018875122 0.86572266
vn 0.00705719 -1 -0.012207031
vn -0 -0.01889038 1
vn 0.00705719 -1 0.012207031
vn 0.0146865845 -1 0
vn 0.012779236 -1 0.0076293945
vn -0.86621094 -0.01889038 -0.49975586
vn -0.5 -0.018875122 -0.86572266
vn -0 -0.01889038 -1
vn -0.00076293945 -1 -0.01449585
vn -0.0079193115 -1 -0.012207031
vn 0.50097656 -0.018692017 0.8652344
vn 0.86621094 -0.018875122 0.49975586
vn -0.014183044 -1 0.00076293945
vn -0.013160706 -1 -0.006866455
vn 1 -0.018692017 -0.0015258789
vn -0.012207031 -1 0.0076293945
vn 0.8652344 -0.018692017 -0.50146484
vn 0.49853516 -0.018692017 -0.8666992
vn -0.00667572 -1 0.012969971
vn -0.00019073486 -1 0.01449585
vn 1 0 0
vn 1 0 0
vn 1 0 0
vn 1 0 0
vn 1 0 0
vn 1 0 0
vn 1 0 0
vn 1 0 0
vn 1 0 0
vn 1 0 0
vn 1 0 0
vn 1 0 0
vn 1 0 0
vn -0 0.86621094 0.49975586
vn -0.7324219 0.58984375 0.34033203
vn -0 1 0
vn 0.00019073486 1 0
vn -0.7324219 0.68115234 0
vn -0.7319336 0.58984375 -0.34057617
vn -0 0.86572266 -0.5
vn 0.00019073486 0.86621094 0.49975586
vn -0 0.5 0.86572266
vn 0.00014305115 0.49975586 0.86621094
vn 1 0 0
vn 1 0 0
vn 1 0 0
vn 1 0 0
vn 0.00014305115 0.86621094 -0.49975586
vn -0.00038146973 0.5 -0.86572266
vn 1 0 0
vn 0.00019073486 0.5 -0.86572266
vn 1 -4.7683716E-05 0
vn 0.00017881393 -0.52197266 -0.85302734
vn 4.7683716E-05 -1 0
vn 1 0 0
vn -0.00019073486 -0.52197266 -0.85302734
vn -0 -1 0
vn -1 4.7683716E-05 0
vn -1 9.536743E-05 0
vn 0.00032186508 -0.5214844 -0.8535156
vn -0 -0.5214844 -0.8535156
vn -0 0 -1
vn -1 0 0
vn -0 0 -1
vn 1 0 0
vn -0 0 -1
vn -0 1 0
vn 5.364418E-05 0 -1
vn -4.7683716E-05 1 0
vn -0 7.1525574E-05 1
vn -0 -4.7683716E-05 1
vn -0 -1 0
vn -0 -1 0
vn 1 4.7683716E-05 0
vn -0 -1 0
vn 1 2.3841858E-05 0
vn -0 -1 0
vn -0 1 0
vn 0.33032227 -0.4182129 -0.8461914
vn 1 5.9604645E-05 0
vn -0.41796875 -0.33032227 -0.8461914
vn 1 -4.7683716E-05 0
vn -0 1 0
vn -0 -4.7683716E-05 1
vn -0 0 1
vn 1 0 0
vn -0 -1 0
vn 1 0 0
vn -0 -1 0
vn -0.08734131 -0.99609375 -0.0005722046
vn 0.2578125 -0.02305603 0.9658203
vn -0.087524414 -0.99609375 -0.00038146973
vn -0.2578125 0.02305603 -0.9658203
vn 0.2578125 -0.02305603 0.9658203
vn -0.2578125 0.02305603 -0.9658203
vn 0.0869751 0.99609375 -0.0005722046
vn 0.0869751 0.99609375 -0.00047683716
vn -0.2578125 -0.02204895 0.9658203
vn -0.0869751 0.99609375 -0.00047683716
vn -0.0869751 0.99609375 -0.0005722046
vn 0.25805664 0.022079468 -0.9658203
vn -0.2578125 -0.02204895 0.9658203
vn 0.2578125 0.02204895 -0.9658203
vn 0.08734131 -0.99609375 -0.00047683716
vn 0.08734131 -0.99609375 -0.0005722046
vn -0.7661133 0.6425781 -0.0005722046
vn -0.16589355 -0.19873047 -0.9658203
vn -0.16601562 -0.1986084 -0.9658203
vn 0.7661133 -0.6425781 -0.0005722046
vn -0.7661133 0.6425781 -0.00047683716
vn 0.7661133 -0.6430664 -0.00047683716
vn 0.1661377 0.19873047 0.9658203
vn 0.16589355 0.1986084 0.9658203
vn 0.16589355 -0.19873047 -0.9658203
vn 0.7661133 0.6425781 -0.0005722046
vn 0.16625977 -0.19873047 -0.9658203
vn -0.7661133 -0.6425781 -0.0005722046
vn 0.7661133 0.6425781 -0.00047683716
vn -0.7661133 -0.6430664 -0.00047683716
vn -0.16589355 0.19873047 0.9658203
vn -0.16589355 0.1986084 0.9658203
vn -0 -1 0
vn -0 -1 0
vn -0 -1 0
vn -0 -1 0
vn -0 -1 0
vn -0 -1 0
vn -0 -1 0
vn -0 -1 0
vn -0 -1 0
vn -0 -1 0
vn -0 -1 0
vn -0 -1 0
vn -0 -1 0
vn -0 -1 0
vn -0 -1 0
vn -0 -1 0
vn -0 -1 0
vn -0 -1 0
vn -0 -1 0
vn -0 -1 0
vn -0 -1 0
vn -0 -1 0
vn -0 -1 0
vn -0 -1 0
vn -0 -1 0
vn -0 -1 0
vn -0 -1 0
vn -0 -1 0
vn -0 -1 0
vn -0 -1 0
vn -0 -1 0
vn -0 -1 0
vn -1 -9.536743E-07 0
vn -1 0 0
vn -1 0 0
vn -1 0 0
vn -1 0 0
vn -1 0 0
vn -1 0 0
vn -1 0 0
vn -1 0 0
vn -1 0 0
vn -1 0 0
vn 1 -9.536743E-07 0
vn 1 0 0
vn 1 0 0
vn 1 0 0
vn 1 0 0
vn 1 0 0
vn 1 0 0
vn 1 0 0
vn 1 0 0
vn 1 0 0
vn 1 0 0
vn 0.5 0.006916046 0.86621094
vn 0.0011444092 0.0069122314 1
vn -0 1 -0.01449585
vn -0.50097656 0.006916046 0.8652344
vn -0.0067710876 1 -0.012969971
vn 0.8652344 0.006916046 0.50146484
vn 0.007247925 1 -0.012207031
vn -0.86621094 0.006916046 0.49975586
vn -0.014305115 1 -0.00076293945
vn -0.012496948 1 -0.008392334
vn 1 0.006916046 0
vn 0.86621094 0.006916046 -0.49975586
vn 0.012588501 1 -0.0076293945
vn -1 0.0069122314 -0.0015258789
vn 0.0074386597 1 0.012207031
vn 0.0146865845 1 0
vn -0.8652344 0.0069122314 -0.50097656
vn 0.012779236 1 0.0076293945
vn -0.49902344 0.0069122314 -0.8666992
vn -0.00076293945 1 0.01449585
vn 0.0011444092 0.0069122314 -1
vn -0.008010864 1 0.012207031
vn 0.5 0.006916046 -0.86621094
vn -0.013206482 1 0.006866455
vn -0.7324219 -0.34033203 -0.58984375
vn -0.7324219 0 -0.68066406
vn -0.7324219 0 -0.68066406
vn -0.7324219 0.34057617 -0.58984375
vn -0.7324219 -0.34057617 -0.58984375
vn -0.7324219 0.34057617 -0.58984375
vn -0.7324219 -0.58984375 -0.34033203
vn -0.7324219 0.58984375 -0.34057617
vn -0.7324219 -0.58984375 -0.34057617
vn -0.7324219 0.58984375 -0.34057617
vn -0.7324219 -0.68066406 0
vn -0.7324219 0.68066406 0
vn -0.7324219 -0.68066406 0
vn -0.7324219 0.68066406 0
vn -0.7324219 -0.58984375 0.34057617
vn -0.7324219 -0.58984375 0.34033203
vn -0.7324219 0.58984375 0.34057617
vn -0.7324219 0.58984375 0.34033203
vn -0.7324219 -0.34033203 0.58984375
vn -0.7324219 -0.34033203 0.58984375
vn -0.7324219 0.34057617 0.58984375
vn -0.7324219 0.34057617 0.58984375
vn -0.7319336 0 0.68115234
vn -0.7319336 0 0.68115234
vn 0.0005245209 0 1
vn -1 0 -0.00038146973
vn -1 0 -0.00038146973
vn 0.0005245209 -0.00038146973 1
vn -0.00047683716 -0.00038146973 -1
vn 1 0 0.00038146973
vn -0.00047683716 0 -1
vn 1 0 0.00038146973
g FX_Labor_Decagram_Cannon_Mesh_0
f 3/3/3 2/2/2 1/1/1
f 6/6/6 5/5/5 4/4/4
f 9/9/9 8/8/8 7/7/7
f 11/11/11 9/9/9 10/10/10
f 10/10/10 12/12/12 11/11/11
f 11/11/11 12/12/12 13/13/13
f 13/13/13 14/14/14 11/11/11
f 17/17/17 16/16/16 15/15/15
f 19/19/19 16/16/16 18/18/18
f 18/18/18 20/20/20 19/19/19
f 21/21/21 18/18/18 16/16/16
f 18/18/18 22/22/22 20/20/20
f 18/18/18 21/21/21 23/23/23
f 24/24/24 22/22/22 18/18/18
f 23/23/23 24/24/24 18/18/18
f 27/27/27 26/26/26 25/25/25
f 27/27/27 29/29/29 28/28/28
f 28/28/28 30/30/30 27/27/27
f 30/30/30 28/28/28 31/31/31
f 31/31/31 32/32/32 30/30/30
f 35/35/35 34/34/34 33/33/33
f 38/38/38 37/37/37 36/36/36
f 41/41/41 40/40/40 39/39/39
f 44/44/44 43/43/43 42/42/42
f 47/47/47 46/46/46 45/45/45
f 49/49/49 48/48/48 45/45/45
f 52/52/52 51/51/51 50/50/50
f 54/54/54 53/53/53 50/50/50
f 57/57/57 56/56/56 55/55/55
f 60/60/60 59/59/59 58/58/58
f 63/63/63 62/62/62 61/61/61
f 66/66/66 65/65/65 64/64/64
f 69/69/69 68/68/68 67/67/67
f 72/72/72 71/71/71 70/70/70
f 75/75/75 74/74/74 73/73/73
f 78/78/78 77/77/77 76/76/76
f 81/81/81 80/80/80 79/79/79
f 84/84/84 83/83/83 82/82/82
f 87/87/87 86/86/86 85/85/85
f 90/90/90 89/89/89 88/88/88
f 93/93/93 92/92/92 91/91/91
f 94/94/94 91/91/91 92/92/92
f 95/95/95 94/94/94 92/92/92
f 94/94/94 95/95/95 96/96/96
f 95/95/95 97/97/97 96/96/96
f 95/95/95 98/98/98 97/97/97
f 99/99/99 96/96/96 97/97/97
f 100/100/100 97/97/97 98/98/98
f 98/98/98 101/101/101 100/100/100
f 102/102/102 97/97/97 100/100/100
f 97/97/97 102/102/102 99/99/99
f 102/102/102 103/103/103 99/99/99
f 104/104/104 103/103/103 102/102/102
f 105/105/105 99/99/99 103/103/103
f 104/104/104 106/106/106 103/103/103
f 107/107/107 105/105/105 103/103/103
f 108/108/108 105/105/105 107/107/107
f 109/109/109 108/108/108 107/107/107
f 110/110/110 109/109/109 107/107/107
f 111/111/111 110/110/110 107/107/107
f 103/103/103 112/112/112 107/107/107
f 111/111/111 107/107/107 112/112/112
f 112/112/112 103/103/103 106/106/106
f 111/111/111 112/112/112 113/113/113
f 113/113/113 112/112/112 106/106/106
f 113/113/113 106/106/106 114/114/114
f 117/117/117 116/116/116 115/115/115
f 116/116/116 118/118/118 115/115/115
f 121/121/121 120/120/120 119/119/119
f 119/119/119 122/122/122 121/121/121
f 123/123/123 122/122/122 119/119/119
f 119/119/119 124/124/124 123/123/123
f 121/121/121 122/122/122 125/125/125
f 125/125/125 122/122/122 123/123/123
f 126/126/126 123/123/123 124/124/124
f 124/124/124 127/127/127 126/126/126
f 128/128/128 123/123/123 126/126/126
f 123/123/123 128/128/128 125/125/125
f 126/126/126 129/129/129 128/128/128
f 128/128/128 130/130/130 125/125/125
f 131/131/131 121/121/121 125/125/125
f 132/132/132 121/121/121 131/131/131
f 133/133/133 132/132/132 131/131/131
f 134/134/134 131/131/131 125/125/125
f 125/125/125 130/130/130 134/134/134
f 134/134/134 130/130/130 135/135/135
f 135/135/135 130/130/130 136/136/136
f 136/136/136 130/130/130 137/137/137
f 137/137/137 138/138/138 136/136/136
f 135/135/135 136/136/136 139/139/139
f 140/140/140 134/134/134 135/135/135
f 134/134/134 140/140/140 141/141/141
f 142/142/142 141/141/141 140/140/140
f 135/135/135 139/139/139 143/143/143
f 140/140/140 135/135/135 143/143/143
f 143/143/143 139/139/139 144/144/144
f 145/145/145 142/142/142 140/140/140
f 143/143/143 145/145/145 140/140/140
f 142/142/142 145/145/145 146/146/146
f 146/146/146 145/145/145 147/147/147
f 145/145/145 143/143/143 147/147/147
f 147/147/147 148/148/148 146/146/146
f 148/148/148 147/147/147 149/149/149
f 143/143/143 144/144/144 150/150/150
f 147/147/147 143/143/143 150/150/150
f 150/150/150 149/149/149 147/147/147
f 151/151/151 150/150/150 144/144/144
f 149/149/149 150/150/150 152/152/152
f 150/150/150 151/151/151 152/152/152
f 155/155/155 154/154/154 153/153/153
f 154/154/154 156/156/156 153/153/153
f 159/159/159 158/158/158 157/157/157
f 159/159/159 160/160/160 158/158/158
f 158/158/158 160/160/160 161/161/161
f 160/160/160 162/162/162 161/161/161
f 163/163/163 161/161/161 162/162/162
f 163/163/163 164/164/164 161/161/161
f 163/163/163 162/162/162 165/165/165
f 163/163/163 166/166/166 164/164/164
f 167/167/167 164/164/164 166/166/166
f 163/163/163 168/168/168 166/166/166
f 167/167/167 166/166/166 168/168/168
f 165/165/165 168/168/168 163/163/163
f 168/168/168 169/169/169 167/167/167
f 170/170/170 168/168/168 165/165/165
f 165/165/165 171/171/171 170/170/170
f 170/170/170 172/172/172 168/168/168
f 171/171/171 173/173/173 170/170/170
f 174/174/174 172/172/172 170/170/170
f 175/175/175 170/170/170 173/173/173
f 170/170/170 175/175/175 174/174/174
f 173/173/173 176/176/176 175/175/175
f 173/173/173 177/177/177 176/176/176
f 177/177/177 173/173/173 178/178/178
f 175/175/175 176/176/176 179/179/179
f 175/175/175 179/179/179 174/174/174
f 174/174/174 179/179/179 180/180/180
f 174/174/174 180/180/180 181/181/181
f 181/181/181 182/182/182 174/174/174
f 185/185/185 184/184/184 183/183/183
f 185/185/185 183/183/183 186/186/186
f 189/189/189 188/188/188 187/187/187
f 187/187/187 190/190/190 189/189/189
f 190/190/190 187/187/187 191/191/191
f 191/191/191 187/187/187 192/192/192
f 193/193/193 191/191/191 192/192/192
f 194/194/194 191/191/191 193/193/193
f 191/191/191 194/194/194 195/195/195
f 191/191/191 196/196/196 190/190/190
f 196/196/196 191/191/191 195/195/195
f 197/197/197 190/190/190 196/196/196
f 196/196/196 195/195/195 198/198/198
f 196/196/196 199/199/199 197/197/197
f 198/198/198 199/199/199 196/196/196
f 202/202/202 201/201/201 200/200/200
f 202/202/202 203/203/203 201/201/201
f 206/206/206 205/205/205 204/204/204
f 204/204/204 207/207/207 206/206/206
f 210/210/210 209/209/209 208/208/208
f 208/208/208 211/211/211 210/210/210
f 211/211/211 212/212/212 210/210/210
f 212/212/212 213/213/213 210/210/210
f 210/210/210 213/213/213 214/214/214
f 214/214/214 213/213/213 215/215/215
f 218/218/218 217/217/217 216/216/216
f 216/216/216 219/219/219 218/218/218
f 219/219/219 216/216/216 220/220/220
f 220/220/220 216/216/216 221/221/221
f 222/222/222 221/221/221 216/216/216
f 223/223/223 221/221/221 222/222/222
f 226/226/226 225/225/225 224/224/224
f 224/224/224 227/227/227 226/226/226
f 228/228/228 226/226/226 227/227/227
f 227/227/227 229/229/229 228/228/228
f 232/232/232 231/231/231 230/230/230
f 230/230/230 233/233/233 232/232/232
f 234/234/234 233/233/233 230/230/230
f 230/230/230 235/235/235 234/234/234
f 236/236/236 234/234/234 235/235/235
f 235/235/235 237/237/237 236/236/236
f 238/238/238 236/236/236 237/237/237
f 237/237/237 239/239/239 238/238/238
f 242/242/242 241/241/241 240/240/240
f 240/240/240 243/243/243 242/242/242
f 246/246/246 245/245/245 244/244/244
f 246/246/246 247/247/247 245/245/245
f 250/250/250 249/249/249 248/248/248
f 251/251/251 248/248/248 249/249/249
f 249/249/249 252/252/252 251/251/251
f 252/252/252 253/253/253 251/251/251
f 252/252/252 249/249/249 254/254/254
f 255/255/255 253/253/253 252/252/252
f 254/254/254 256/256/256 252/252/252
f 252/252/252 256/256/256 255/255/255
f 259/259/259 258/258/258 257/257/257
f 260/260/260 257/257/257 258/258/258
f 258/258/258 261/261/261 260/260/260
f 260/260/260 262/262/262 257/257/257
f 260/260/260 263/263/263 262/262/262
f 263/263/263 264/264/264 262/262/262
f 263/263/263 265/265/265 264/264/264
f 263/263/263 260/260/260 266/266/266
f 266/266/266 267/267/267 263/263/263
f 270/270/270 269/269/269 268/268/268
f 270/270/270 271/271/271 269/269/269
f 271/271/271 272/272/272 269/269/269
f 273/273/273 272/272/272 271/271/271
f 271/271/271 274/274/274 273/273/273
f 275/275/275 272/272/272 273/273/273
f 272/272/272 275/275/275 276/276/276
f 269/269/269 272/272/272 277/277/277
f 272/272/272 276/276/276 277/277/277
f 277/277/277 278/278/278 269/269/269
f 276/276/276 279/279/279 277/277/277
f 278/278/278 277/277/277 279/279/279
f 282/282/282 281/281/281 280/280/280
f 280/280/280 283/283/283 282/282/282
f 286/286/286 285/285/285 284/284/284
f 284/284/284 287/287/287 286/286/286
f 288/288/288 286/286/286 287/287/287
f 287/287/287 289/289/289 288/288/288
f 289/289/289 287/287/287 290/290/290
f 290/290/290 287/287/287 291/291/291
f 287/287/287 284/284/284 291/291/291
f 291/291/291 284/284/284 292/292/292
f 295/295/295 294/294/294 293/293/293
f 295/295/295 293/293/293 296/296/296
f 296/296/296 297/297/297 295/295/295
f 298/298/298 296/296/296 293/293/293
f 293/293/293 299/299/299 298/298/298
f 296/296/296 298/298/298 300/300/300
f 301/301/301 296/296/296 300/300/300
f 304/304/304 303/303/303 302/302/302
f 302/302/302 303/303/303 305/305/305
f 305/305/305 306/306/306 302/302/302
f 305/305/305 307/307/307 306/306/306
f 307/307/307 305/305/305 308/308/308
f 309/309/309 308/308/308 305/305/305
f 305/305/305 303/303/303 310/310/310
f 309/309/309 305/305/305 310/310/310
f 311/311/311 309/309/309 310/310/310
f 310/310/310 312/312/312 311/311/311
f 315/315/315 314/314/314 313/313/313
f 316/316/316 313/313/313 314/314/314
f 317/317/317 316/316/316 314/314/314
f 316/316/316 318/318/318 313/313/313
f 319/319/319 316/316/316 317/317/317
f 320/320/320 318/318/318 316/316/316
f 320/320/320 316/316/316 319/319/319
f 319/319/319 321/321/321 320/320/320
f 324/324/324 323/323/323 322/322/322
f 322/322/322 325/325/325 324/324/324
f 326/326/326 324/324/324 325/325/325
f 327/327/327 326/326/326 325/325/325
f 328/328/328 324/324/324 326/326/326
f 327/327/327 329/329/329 326/326/326
f 326/326/326 330/330/330 328/328/328
f 331/331/331 326/326/326 329/329/329
f 330/330/330 326/326/326 331/331/331
f 334/334/334 333/333/333 332/332/332
f 332/332/332 335/335/335 334/334/334
f 338/338/338 337/337/337 336/336/336
f 336/336/336 339/339/339 338/338/338
f 338/338/338 339/339/339 340/340/340
f 339/339/339 341/341/341 340/340/340
f 340/340/340 342/342/342 338/338/338
f 345/345/345 344/344/344 343/343/343
f 346/346/346 343/343/343 344/344/344
f 344/344/344 347/347/347 346/346/346
f 347/347/347 348/348/348 346/346/346
f 349/349/349 348/348/348 347/347/347
f 347/347/347 350/350/350 349/349/349
f 350/350/350 347/347/347 344/344/344
f 344/344/344 351/351/351 350/350/350
f 352/352/352 350/350/350 351/351/351
f 351/351/351 353/353/353 352/352/352
f 356/356/356 355/355/355 354/354/354
f 357/357/357 354/354/354 355/355/355
f 355/355/355 358/358/358 357/357/357
f 359/359/359 357/357/357 358/358/358
f 358/358/358 355/355/355 360/360/360
f 361/361/361 359/359/359 358/358/358
f 360/360/360 361/361/361 358/358/358
f 361/361/361 362/362/362 359/359/359
f 361/361/361 360/360/360 363/363/363
f 364/364/364 362/362/362 361/361/361
f 363/363/363 364/364/364 361/361/361
f 367/367/367 366/366/366 365/365/365
f 365/365/365 368/368/368 367/367/367
f 365/365/365 369/369/369 368/368/368
f 370/370/370 368/368/368 369/369/369
f 370/370/370 367/367/367 368/368/368
f 369/369/369 371/371/371 370/370/370
f 370/370/370 372/372/372 367/367/367
f 372/372/372 373/373/373 367/367/367
f 372/372/372 374/374/374 373/373/373
f 370/370/370 375/375/375 372/372/372
f 375/375/375 370/370/370 376/376/376
f 379/379/379 378/378/378 377/377/377
f 377/377/377 380/380/380 379/379/379
f 381/381/381 379/379/379 380/380/380
f 380/380/380 382/382/382 381/381/381
f 382/382/382 380/380/380 383/383/383
f 384/384/384 383/383/383 380/380/380
f 380/380/380 377/377/377 384/384/384
f 385/385/385 384/384/384 377/377/377
f 388/388/388 387/387/387 386/386/386
f 386/386/386 389/389/389 388/388/388
f 386/386/386 390/390/390 389/389/389
f 390/390/390 391/391/391 389/389/389
f 389/389/389 391/391/391 392/392/392
f 389/389/389 392/392/392 388/388/388
f 393/393/393 388/388/388 392/392/392
f 396/396/396 395/395/395 394/394/394
f 395/395/395 397/397/397 394/394/394
f 400/400/400 399/399/399 398/398/398
f 398/398/398 399/399/399 401/401/401
f 399/399/399 402/402/402 401/401/401
f 403/403/403 401/401/401 402/402/402
f 404/404/404 403/403/403 402/402/402
f 399/399/399 405/405/405 402/402/402
f 402/402/402 405/405/405 404/404/404
f 406/406/406 405/405/405 399/399/399
f 405/405/405 407/407/407 404/404/404
f 406/406/406 408/408/408 405/405/405
f 408/408/408 407/407/407 405/405/405
f 411/411/411 410/410/410 409/409/409
f 412/412/412 411/411/411 409/409/409
f 409/409/409 413/413/413 412/412/412
f 414/414/414 413/413/413 409/409/409
f 415/415/415 413/413/413 414/414/414
f 414/414/414 416/416/416 415/415/415
f 419/419/419 418/418/418 417/417/417
f 417/417/417 420/420/420 419/419/419
f 421/421/421 419/419/419 420/420/420
f 422/422/422 420/420/420 417/417/417
f 423/423/423 421/421/421 420/420/420
f 424/424/424 420/420/420 422/422/422
f 424/424/424 423/423/423 420/420/420
f 424/424/424 422/422/422 425/425/425
f 423/423/423 424/424/424 426/426/426
f 425/425/425 426/426/426 424/424/424
f 429/429/429 428/428/428 427/427/427
f 429/429/429 427/427/427 430/430/430
f 430/430/430 427/427/427 431/431/431
f 432/432/432 430/430/430 431/431/431
f 432/432/432 433/433/433 430/430/430
f 429/429/429 430/430/430 433/433/433
f 433/433/433 434/434/434 429/429/429
f 437/437/437 436/436/436 435/435/435
f 435/435/435 438/438/438 437/437/437
f 441/441/441 440/440/440 439/439/439
f 441/441/441 439/439/439 442/442/442
f 443/443/443 442/442/442 439/439/439
f 443/443/443 439/439/439 444/444/444
f 445/445/445 442/442/442 443/443/443
f 444/444/444 446/446/446 443/443/443
f 447/447/447 445/445/445 443/443/443
f 443/443/443 446/446/446 447/447/447
f 450/450/450 449/449/449 448/448/448
f 451/451/451 448/448/448 449/449/449
f 452/452/452 448/448/448 451/451/451
f 452/452/452 451/451/451 453/453/453
f 454/454/454 451/451/451 449/449/449
f 454/454/454 453/453/453 451/451/451
f 449/449/449 455/455/455 454/454/454
f 454/454/454 456/456/456 453/453/453
f 454/454/454 455/455/455 457/457/457
f 457/457/457 456/456/456 454/454/454
f 460/460/460 459/459/459 458/458/458
f 461/461/461 458/458/458 459/459/459
f 461/461/461 459/459/459 462/462/462
f 463/463/463 458/458/458 461/461/461
f 462/462/462 464/464/464 461/461/461
f 463/463/463 461/461/461 465/465/465
f 461/461/461 464/464/464 465/465/465
f 468/468/468 467/467/467 466/466/466
f 469/469/469 468/468/468 466/466/466
f 469/469/469 470/470/470 468/468/468
f 471/471/471 470/470/470 469/469/469
f 472/472/472 469/469/469 466/466/466
f 469/469/469 472/472/472 471/471/471
f 466/466/466 473/473/473 472/472/472
f 472/472/472 474/474/474 471/471/471
f 472/472/472 473/473/473 475/475/475
f 474/474/474 472/472/472 475/475/475
f 478/478/478 477/477/477 476/476/476
f 476/476/476 479/479/479 478/478/478
f 482/482/482 481/481/481 480/480/480
f 480/480/480 483/483/483 482/482/482
f 483/483/483 484/484/484 482/482/482
f 484/484/484 485/485/485 482/482/482
f 488/488/488 487/487/487 486/486/486
f 486/486/486 487/487/487 489/489/489
f 490/490/490 489/489/489 487/487/487
f 490/490/490 487/487/487 491/491/491
f 490/490/490 492/492/492 489/489/489
f 491/491/491 493/493/493 490/490/490
f 494/494/494 492/492/492 490/490/490
f 493/493/493 494/494/494 490/490/490
f 497/497/497 496/496/496 495/495/495
f 498/498/498 497/497/497 495/495/495
f 495/495/495 499/499/499 498/498/498
f 498/498/498 499/499/499 500/500/500
f 499/499/499 495/495/495 501/501/501
f 502/502/502 500/500/500 499/499/499
f 501/501/501 503/503/503 499/499/499
f 503/503/503 502/502/502 499/499/499
f 506/506/506 505/505/505 504/504/504
f 507/507/507 506/506/506 504/504/504
f 508/508/508 507/507/507 504/504/504
f 508/508/508 509/509/509 507/507/507
f 509/509/509 510/510/510 507/507/507
f 504/504/504 511/511/511 508/508/508
f 512/512/512 511/511/511 504/504/504
f 504/504/504 513/513/513 512/512/512
f 516/516/516 515/515/515 514/514/514
f 514/514/514 517/517/517 516/516/516
f 514/514/514 518/518/518 517/517/517
f 519/519/519 517/517/517 518/518/518
f 518/518/518 514/514/514 520/520/520
f 521/521/521 520/520/520 514/514/514
f 522/522/522 520/520/520 521/521/521
f 520/520/520 523/523/523 518/518/518
f 523/523/523 520/520/520 522/522/522
f 523/523/523 524/524/524 518/518/518
f 522/522/522 525/525/525 523/523/523
f 528/528/528 527/527/527 526/526/526
f 529/529/529 528/528/528 526/526/526
f 529/529/529 530/530/530 528/528/528
f 531/531/531 530/530/530 529/529/529
f 529/529/529 532/532/532 531/531/531
f 532/532/532 529/529/529 533/533/533
f 529/529/529 526/526/526 534/534/534
f 535/535/535 534/534/534 526/526/526
f 533/533/533 529/529/529 536/536/536
f 529/529/529 534/534/534 536/536/536
f 533/533/533 536/536/536 537/537/537
f 537/537/537 538/538/538 533/533/533
f 536/536/536 534/534/534 539/539/539
f 537/537/537 536/536/536 539/539/539
f 540/540/540 539/539/539 534/534/534
f 539/539/539 541/541/541 537/537/537
f 542/542/542 539/539/539 540/540/540
f 542/542/542 541/541/541 539/539/539
f 542/542/542 543/543/543 541/541/541
f 546/546/546 545/545/545 544/544/544
f 545/545/545 547/547/547 544/544/544
f 550/550/550 549/549/549 548/548/548
f 548/548/548 551/551/551 550/550/550
f 551/551/551 548/548/548 552/552/552
f 552/552/552 553/553/553 551/551/551
f 554/554/554 553/553/553 552/552/552
f 552/552/552 555/555/555 554/554/554
f 554/554/554 555/555/555 556/556/556
f 556/556/556 557/557/557 554/554/554
f 557/557/557 558/558/558 554/554/554
f 554/554/554 558/558/558 553/553/553
f 558/558/558 559/559/559 553/553/553
f 562/562/562 561/561/561 560/560/560
f 563/563/563 562/562/562 560/560/560
f 564/564/564 562/562/562 563/563/563
f 564/564/564 563/563/563 565/565/565
f 566/566/566 563/563/563 560/560/560
f 566/566/566 565/565/565 563/563/563
f 560/560/560 567/567/567 566/566/566
f 566/566/566 568/568/568 565/565/565
f 568/568/568 566/566/566 567/567/567
f 567/567/567 569/569/569 568/568/568
f 572/572/572 571/571/571 570/570/570
f 571/571/571 572/572/572 573/573/573
f 573/573/573 574/574/574 571/571/571
f 575/575/575 571/571/571 574/574/574
f 574/574/574 576/576/576 575/575/575
f 574/574/574 573/573/573 577/577/577
f 576/576/576 574/574/574 578/578/578
f 577/577/577 578/578/578 574/574/574
f 578/578/578 579/579/579 576/576/576
f 580/580/580 578/578/578 577/577/577
f 578/578/578 580/580/580 579/579/579
f 580/580/580 581/581/581 579/579/579
f 577/577/577 582/582/582 580/580/580
f 583/583/583 581/581/581 580/580/580
f 580/580/580 582/582/582 583/583/583
f 584/584/584 583/583/583 582/582/582
f 587/587/587 586/586/586 585/585/585
f 585/585/585 588/588/588 587/587/587
f 589/589/589 588/588/588 585/585/585
f 590/590/590 588/588/588 589/589/589
f 591/591/591 590/590/590 589/589/589
f 588/588/588 590/590/590 592/592/592
f 592/592/592 587/587/587 588/588/588
f 593/593/593 592/592/592 590/590/590
f 593/593/593 594/594/594 592/592/592
f 596/596/596 595/595/595 587/587/587
f 597/597/597 587/587/587 595/595/595
f 597/597/597 595/595/595 598/598/598
f 598/598/598 599/599/599 597/597/597
f 600/600/600 598/598/598 595/595/595
f 595/595/595 601/601/601 600/600/600
f 604/604/604 603/603/603 602/602/602
f 603/603/603 605/605/605 602/602/602
f 608/608/608 607/607/607 606/606/606
f 608/608/608 606/606/606 609/609/609
f 609/609/609 610/610/610 608/608/608
f 610/610/610 609/609/609 611/611/611
f 610/610/610 611/611/611 612/612/612
f 612/612/612 613/613/613 610/610/610
f 610/610/610 613/613/613 614/614/614
f 614/614/614 608/608/608 610/610/610
f 614/614/614 615/615/615 608/608/608
f 614/614/614 616/616/616 615/615/615
f 616/616/616 614/614/614 617/617/617
f 617/617/617 614/614/614 618/618/618
f 621/621/621 620/620/620 619/619/619
f 622/622/622 621/621/621 619/619/619
f 623/623/623 621/621/621 622/622/622
f 623/623/623 622/622/622 624/624/624
f 625/625/625 624/624/624 622/622/622
f 622/622/622 626/626/626 625/625/625
f 625/625/625 626/626/626 627/627/627
f 628/628/628 627/627/627 626/626/626
f 626/626/626 629/629/629 628/628/628
f 629/629/629 626/626/626 630/630/630
f 631/631/631 626/626/626 622/622/622
f 631/631/631 630/630/630 626/626/626
f 619/619/619 631/631/631 622/622/622
f 630/630/630 631/631/631 632/632/632
f 633/633/633 631/631/631 619/619/619
f 633/633/633 632/632/632 631/631/631
f 633/633/633 619/619/619 634/634/634
f 633/633/633 635/635/635 632/632/632
f 634/634/634 635/635/635 633/633/633
f 638/638/638 637/637/637 636/636/636
f 636/636/636 639/639/639 638/638/638
f 642/642/642 641/641/641 640/640/640
f 643/643/643 640/640/640 641/641/641
f 640/640/640 643/643/643 644/644/644
f 644/644/644 645/645/645 640/640/640
f 648/648/648 647/647/647 646/646/646
f 649/649/649 647/647/647 648/648/648
f 647/647/647 649/649/649 650/650/650
f 651/651/651 650/650/650 649/649/649
f 650/650/650 651/651/651 652/652/652
f 655/655/655 654/654/654 653/653/653
f 653/653/653 656/656/656 655/655/655
f 656/656/656 653/653/653 657/657/657
f 658/658/658 657/657/657 653/653/653
f 657/657/657 659/659/659 656/656/656
f 662/662/662 661/661/661 660/660/660
f 660/660/660 661/661/661 663/663/663
f 664/664/664 660/660/660 663/663/663
f 663/663/663 665/665/665 664/664/664
f 668/668/668 667/667/667 666/666/666
f 669/669/669 668/668/668 666/666/666
f 666/666/666 670/670/670 669/669/669
f 671/671/671 669/669/669 670/670/670
f 672/672/672 670/670/670 666/666/666
f 673/673/673 671/671/671 670/670/670
f 674/674/674 670/670/670 672/672/672
f 674/674/674 673/673/673 670/670/670
f 674/674/674 672/672/672 675/675/675
f 673/673/673 674/674/674 676/676/676
f 675/675/675 676/676/676 674/674/674
f 679/679/679 678/678/678 677/677/677
f 677/677/677 680/680/680 679/679/679
f 680/680/680 681/681/681 679/679/679
f 677/677/677 682/682/682 680/680/680
f 683/683/683 681/681/681 680/680/680
f 680/680/680 682/682/682 684/684/684
f 684/684/684 683/683/683 680/680/680
f 687/687/687 686/686/686 685/685/685
f 686/686/686 688/688/688 685/685/685
f 685/685/685 688/688/688 689/689/689
f 686/686/686 690/690/690 688/688/688
f 689/689/689 688/688/688 691/691/691
f 690/690/690 691/691/691 688/688/688
f 691/691/691 692/692/692 689/689/689
f 692/692/692 691/691/691 693/693/693
f 693/693/693 691/691/691 690/690/690
f 690/690/690 694/694/694 693/693/693
f 697/697/697 696/696/696 695/695/695
f 695/695/695 698/698/698 697/697/697
f 699/699/699 698/698/698 695/695/695
f 698/698/698 699/699/699 700/700/700
f 697/697/697 698/698/698 701/701/701
f 700/700/700 702/702/702 698/698/698
f 701/701/701 698/698/698 702/702/702
f 701/701/701 702/702/702 703/703/703
f 706/706/706 705/705/705 704/704/704
f 704/704/704 707/707/707 706/706/706
f 707/707/707 708/708/708 706/706/706
f 704/704/704 709/709/709 707/707/707
f 709/709/709 704/704/704 710/710/710
f 708/708/708 707/707/707 711/711/711
f 709/709/709 711/711/711 707/707/707
f 711/711/711 712/712/712 708/708/708
f 712/712/712 711/711/711 713/713/713
f 709/709/709 713/713/713 711/711/711
f 709/709/709 714/714/714 713/713/713
f 715/715/715 714/714/714 709/709/709
f 710/710/710 715/715/715 709/709/709
f 715/715/715 716/716/716 714/714/714
f 717/717/717 716/716/716 715/715/715
f 715/715/715 710/710/710 718/718/718
f 710/710/710 719/719/719 718/718/718
f 720/720/720 718/718/718 719/719/719
f 721/721/721 718/718/718 720/720/720
f 718/718/718 721/721/721 722/722/722
f 715/715/715 723/723/723 717/717/717
f 717/717/717 723/723/723 722/722/722
f 718/718/718 723/723/723 715/715/715
f 722/722/722 723/723/723 718/718/718
f 726/726/726 725/725/725 724/724/724
f 727/727/727 724/724/724 725/725/725
f 727/727/727 728/728/728 724/724/724
f 729/729/729 728/728/728 727/727/727
f 725/725/725 730/730/730 727/727/727
f 727/727/727 731/731/731 729/729/729
f 727/727/727 730/730/730 731/731/731
f 731/731/731 730/730/730 732/732/732
f 735/735/735 734/734/734 733/733/733
f 734/734/734 736/736/736 733/733/733
f 736/736/736 734/734/734 737/737/737
f 737/737/737 738/738/738 736/736/736
f 741/741/741 740/740/740 739/739/739
f 740/740/740 742/742/742 739/739/739
f 745/745/745 744/744/744 743/743/743
f 743/743/743 746/746/746 745/745/745
f 749/749/749 748/748/748 747/747/747
f 749/749/749 750/750/750 748/748/748
f 748/748/748 750/750/750 751/751/751
f 751/751/751 752/752/752 748/748/748
f 755/755/755 754/754/754 753/753/753
f 753/753/753 756/756/756 755/755/755
f 757/757/757 756/756/756 753/753/753
f 753/753/753 758/758/758 757/757/757
f 758/758/758 753/753/753 759/759/759
f 753/753/753 760/760/760 759/759/759
f 759/759/759 760/760/760 761/761/761
f 762/762/762 761/761/761 760/760/760
f 763/763/763 762/762/762 760/760/760
f 760/760/760 764/764/764 763/763/763
f 767/767/767 766/766/766 765/765/765
f 765/765/765 768/768/768 767/767/767
f 771/771/771 770/770/770 769/769/769
f 771/771/771 772/772/772 770/770/770
f 772/772/772 773/773/773 770/770/770
f 774/774/774 770/770/770 773/773/773
f 773/773/773 772/772/772 775/775/775
f 776/776/776 772/772/772 771/771/771
f 776/776/776 771/771/771 777/777/777
f 777/777/777 778/778/778 776/776/776
f 776/776/776 778/778/778 779/779/779
f 779/779/779 780/780/780 776/776/776
f 776/776/776 781/781/781 772/772/772
f 781/781/781 776/776/776 780/780/780
f 781/781/781 775/775/775 772/772/772
f 780/780/780 782/782/782 781/781/781
f 775/775/775 781/781/781 782/782/782
f 782/782/782 783/783/783 775/775/775
f 786/786/786 785/785/785 784/784/784
f 784/784/784 787/787/787 786/786/786
f 786/786/786 787/787/787 788/788/788
f 787/787/787 789/789/789 788/788/788
f 790/790/790 786/786/786 788/788/788
f 789/789/789 791/791/791 788/788/788
f 792/792/792 790/790/790 788/788/788
f 791/791/791 793/793/793 788/788/788
f 794/794/794 793/793/793 791/791/791
f 791/791/791 795/795/795 794/794/794
f 793/793/793 796/796/796 788/788/788
f 796/796/796 797/797/797 788/788/788
f 797/797/797 798/798/798 788/788/788
f 797/797/797 799/799/799 798/798/798
f 800/800/800 798/798/798 799/799/799
f 798/798/798 801/801/801 788/788/788
f 801/801/801 802/802/802 788/788/788
f 802/802/802 792/792/792 788/788/788
f 802/802/802 803/803/803 792/792/792
f 804/804/804 792/792/792 803/803/803
f 807/807/807 806/806/806 805/805/805
f 807/807/807 808/808/808 806/806/806
f 808/808/808 809/809/809 806/806/806
f 810/810/810 806/806/806 809/809/809
f 809/809/809 808/808/808 811/811/811
f 812/812/812 808/808/808 807/807/807
f 812/812/812 811/811/811 808/808/808
f 807/807/807 813/813/813 812/812/812
f 813/813/813 807/807/807 814/814/814
f 814/814/814 815/815/815 813/813/813
f 813/813/813 815/815/815 816/816/816
f 816/816/816 817/817/817 813/813/813
f 812/812/812 813/813/813 817/817/817
f 811/811/811 812/812/812 818/818/818
f 817/817/817 818/818/818 812/812/812
f 819/819/819 818/818/818 817/817/817
f 818/818/818 820/820/820 811/811/811
f 819/819/819 821/821/821 818/818/818
f 820/820/820 818/818/818 821/821/821
f 821/821/821 822/822/822 820/820/820
f 825/825/825 824/824/824 823/823/823
f 825/825/825 826/826/826 824/824/824
f 826/826/826 827/827/827 824/824/824
f 828/828/828 824/824/824 827/827/827
f 827/827/827 826/826/826 829/829/829
f 826/826/826 825/825/825 830/830/830
f 830/830/830 825/825/825 831/831/831
f 831/831/831 832/832/832 830/830/830
f 830/830/830 832/832/832 833/833/833
f 833/833/833 834/834/834 830/830/830
f 830/830/830 835/835/835 826/826/826
f 834/834/834 835/835/835 830/830/830
f 835/835/835 829/829/829 826/826/826
f 834/834/834 836/836/836 835/835/835
f 829/829/829 835/835/835 836/836/836
f 836/836/836 837/837/837 829/829/829
f 840/840/840 839/839/839 838/838/838
f 839/839/839 841/841/841 838/838/838
f 842/842/842 838/838/838 841/841/841
f 841/841/841 843/843/843 842/842/842
f 839/839/839 844/844/844 841/841/841
f 844/844/844 839/839/839 845/845/845
f 845/845/845 846/846/846 844/844/844
f 847/847/847 844/844/844 846/846/846
f 843/843/843 841/841/841 848/848/848
f 844/844/844 848/848/848 841/841/841
f 848/848/848 849/849/849 843/843/843
f 849/849/849 848/848/848 850/850/850
f 844/844/844 847/847/847 851/851/851
f 848/848/848 844/844/844 851/851/851
f 852/852/852 851/851/851 847/847/847
f 851/851/851 852/852/852 853/853/853
f 854/854/854 850/850/850 848/848/848
f 851/851/851 854/854/854 848/848/848
f 851/851/851 853/853/853 854/854/854
f 850/850/850 854/854/854 855/855/855
f 853/853/853 856/856/856 854/854/854
f 856/856/856 855/855/855 854/854/854
f 859/859/859 858/858/858 857/857/857
f 857/857/857 860/860/860 859/859/859
f 860/860/860 861/861/861 859/859/859
f 862/862/862 860/860/860 857/857/857
f 857/857/857 863/863/863 862/862/862
f 860/860/860 864/864/864 861/861/861
f 862/862/862 864/864/864 860/860/860
f 865/865/865 861/861/861 864/864/864
f 862/862/862 866/866/866 864/864/864
f 864/864/864 867/867/867 865/865/865
f 866/866/866 868/868/868 864/864/864
f 867/867/867 864/864/864 868/868/868
f 871/871/871 870/870/870 869/869/869
f 869/869/869 872/872/872 871/871/871
f 873/873/873 871/871/871 872/872/872
f 871/871/871 873/873/873 874/874/874
f 875/875/875 874/874/874 873/873/873
f 873/873/873 876/876/876 875/875/875
f 876/876/876 873/873/873 877/877/877
f 873/873/873 872/872/872 878/878/878
f 873/873/873 878/878/878 877/877/877
f 872/872/872 879/879/879 878/878/878
f 880/880/880 877/877/877 878/878/878
f 879/879/879 881/881/881 878/878/878
f 878/878/878 882/882/882 880/880/880
f 882/882/882 878/878/878 881/881/881
f 885/885/885 884/884/884 883/883/883
f 884/884/884 885/885/885 886/886/886
f 887/887/887 886/886/886 885/885/885
f 887/887/887 888/888/888 886/886/886
f 887/887/887 885/885/885 889/889/889
f 890/890/890 888/888/888 887/887/887
f 889/889/889 891/891/891 887/887/887
f 889/889/889 892/892/892 891/891/891
f 893/893/893 891/891/891 892/892/892
f 891/891/891 893/893/893 894/894/894
f 894/894/894 895/895/895 891/891/891
f 887/887/887 891/891/891 895/895/895
f 896/896/896 887/887/887 895/895/895
f 887/887/887 896/896/896 890/890/890
f 897/897/897 890/890/890 896/896/896
f 896/896/896 898/898/898 897/897/897
f 901/901/901 900/900/900 899/899/899
f 899/899/899 902/902/902 901/901/901
f 903/903/903 902/902/902 899/899/899
f 899/899/899 904/904/904 903/903/903
f 905/905/905 903/903/903 904/904/904
f 904/904/904 906/906/906 905/905/905
f 906/906/906 907/907/907 905/905/905
f 906/906/906 908/908/908 907/907/907
f 911/911/911 910/910/910 909/909/909
f 912/912/912 911/911/911 909/909/909
f 909/909/909 913/913/913 912/912/912
f 914/914/914 912/912/912 913/913/913
f 915/915/915 914/914/914 913/913/913
f 915/915/915 913/913/913 916/916/916
f 916/916/916 917/917/917 915/915/915
f 916/916/916 918/918/918 917/917/917
f 921/921/921 920/920/920 919/919/919
f 919/919/919 922/922/922 921/921/921
f 925/925/925 924/924/924 923/923/923
f 923/923/923 926/926/926 925/925/925
f 929/929/929 928/928/928 927/927/927
f 927/927/927 930/930/930 929/929/929
f 933/933/933 932/932/932 931/931/931
f 931/931/931 932/932/932 934/934/934
f 934/934/934 932/932/932 935/935/935
f 936/936/936 935/935/935 932/932/932
f 935/935/935 936/936/936 937/937/937
f 937/937/937 938/938/938 935/935/935
f 939/939/939 938/938/938 937/937/937
f 937/937/937 940/940/940 939/939/939
f 943/943/943 942/942/942 941/941/941
f 941/941/941 944/944/944 943/943/943
f 943/943/943 944/944/944 945/945/945
f 945/945/945 946/946/946 943/943/943
f 946/946/946 945/945/945 947/947/947
f 945/945/945 948/948/948 947/947/947
f 947/947/947 948/948/948 949/949/949
f 949/949/949 950/950/950 947/947/947
f 953/953/953 952/952/952 951/951/951
f 953/953/953 951/951/951 954/954/954
f 954/954/954 951/951/951 955/955/955
f 955/955/955 956/956/956 954/954/954
f 956/956/956 955/955/955 957/957/957
f 958/958/958 957/957/957 955/955/955
f 959/959/959 957/957/957 958/958/958
f 958/958/958 960/960/960 959/959/959
f 963/963/963 962/962/962 961/961/961
f 961/961/961 964/964/964 963/963/963
f 963/963/963 964/964/964 965/965/965
f 965/965/965 966/966/966 963/963/963
f 966/966/966 965/965/965 967/967/967
f 965/965/965 968/968/968 967/967/967
f 969/969/969 967/967/967 968/968/968
f 968/968/968 970/970/970 969/969/969
f 973/973/973 972/972/972 971/971/971
f 973/973/973 974/974/974 972/972/972
f 977/977/977 976/976/976 975/975/975
f 975/975/975 978/978/978 977/977/977
f 977/977/977 978/978/978 979/979/979
f 980/980/980 977/977/977 979/979/979
f 980/980/980 979/979/979 981/981/981
f 982/982/982 980/980/980 981/981/981
f 981/981/981 983/983/983 982/982/982
f 983/983/983 984/984/984 982/982/982
f 987/987/987 986/986/986 985/985/985
f 985/985/985 988/988/988 987/987/987
f 989/989/989 987/987/987 988/988/988
f 988/988/988 990/990/990 989/989/989
f 989/989/989 990/990/990 991/991/991
f 991/991/991 992/992/992 989/989/989
f 991/991/991 993/993/993 992/992/992
f 993/993/993 994/994/994 992/992/992
f 997/997/997 996/996/996 995/995/995
f 998/998/998 995/995/995 996/996/996
f 996/996/996 999/999/999 998/998/998
f 1000/1000/1000 998/998/998 999/999/999
f 1001/1001/1001 1000/1000/1000 999/999/999
f 1001/1001/1001 999/999/999 1002/1002/1002
f 1005/1005/1005 1004/1004/1004 1003/1003/1003
f 1003/1003/1003 1006/1006/1006 1005/1005/1005
f 1007/1007/1007 1005/1005/1005 1006/1006/1006
f 1006/1006/1006 1008/1008/1008 1007/1007/1007
f 1007/1007/1007 1008/1008/1008 1009/1009/1009
f 1009/1009/1009 1010/1010/1010 1007/1007/1007
f 1013/1013/1013 1012/1012/1012 1011/1011/1011
f 1014/1014/1014 1013/1013/1013 1011/1011/1011
f 1015/1015/1015 1014/1014/1014 1011/1011/1011
f 1011/1011/1011 1016/1016/1016 1015/1015/1015
f 1019/1019/1019 1018/1018/1018 1017/1017/1017
f 1017/1017/1017 1020/1020/1020 1019/1019/1019
f 1021/1021/1021 1020/1020/1020 1017/1017/1017
f 1022/1022/1022 1021/1021/1021 1017/1017/1017
f 1025/1025/1025 1024/1024/1024 1023/1023/1023
f 1025/1025/1025 1023/1023/1023 1026/1026/1026
f 1026/1026/1026 1023/1023/1023 1027/1027/1027
f 1026/1026/1026 1027/1027/1027 1028/1028/1028
f 1028/1028/1028 1027/1027/1027 1029/1029/1029
f 1028/1028/1028 1029/1029/1029 1030/1030/1030
f 1033/1033/1033 1032/1032/1032 1031/1031/1031
f 1034/1034/1034 1032/1032/1032 1033/1033/1033
f 1035/1035/1035 1034/1034/1034 1033/1033/1033
f 1036/1036/1036 1034/1034/1034 1035/1035/1035
f 1037/1037/1037 1036/1036/1036 1035/1035/1035
f 1035/1035/1035 1038/1038/1038 1037/1037/1037
f 1039/1039/1039 1037/1037/1037 1038/1038/1038
f 1039/1039/1039 1038/1038/1038 1040/1040/1040
f 1043/1043/1043 1042/1042/1042 1041/1041/1041
f 1043/1043/1043 1041/1041/1041 1044/1044/1044
f 1043/1043/1043 1044/1044/1044 1045/1045/1045
f 1045/1045/1045 1046/1046/1046 1043/1043/1043
f 1045/1045/1045 1047/1047/1047 1046/1046/1046
f 1047/1047/1047 1045/1045/1045 1048/1048/1048
f 1047/1047/1047 1048/1048/1048 1049/1049/1049
f 1049/1049/1049 1050/1050/1050 1047/1047/1047
f 1053/1053/1053 1052/1052/1052 1051/1051/1051
f 1051/1051/1051 1052/1052/1052 1054/1054/1054
f 1051/1051/1051 1054/1054/1054 1055/1055/1055
f 1055/1055/1055 1054/1054/1054 1056/1056/1056
f 1055/1055/1055 1056/1056/1056 1057/1057/1057
f 1057/1057/1057 1056/1056/1056 1058/1058/1058
f 1061/1061/1061 1060/1060/1060 1059/1059/1059
f 1062/1062/1062 1061/1061/1061 1059/1059/1059
f 1059/1059/1059 1063/1063/1063 1062/1062/1062
f 1064/1064/1064 1062/1062/1062 1063/1063/1063
f 1063/1063/1063 1065/1065/1065 1064/1064/1064
f 1066/1066/1066 1064/1064/1064 1065/1065/1065
f 1067/1067/1067 1066/1066/1066 1065/1065/1065
f 1063/1063/1063 1068/1068/1068 1065/1065/1065
f 1063/1063/1063 1069/1069/1069 1068/1068/1068
f 1065/1065/1065 1068/1068/1068 1070/1070/1070
f 1067/1067/1067 1065/1065/1065 1071/1071/1071
f 1071/1071/1071 1065/1065/1065 1070/1070/1070
f 1072/1072/1072 1067/1067/1067 1071/1071/1071
f 1071/1071/1071 1070/1070/1070 1073/1073/1073
f 1072/1072/1072 1071/1071/1071 1074/1074/1074
f 1074/1074/1074 1071/1071/1071 1073/1073/1073
f 1074/1074/1074 1073/1073/1073 1075/1075/1075
f 1078/1078/1078 1077/1077/1077 1076/1076/1076
f 1077/1077/1077 1079/1079/1079 1076/1076/1076
f 1079/1079/1079 1077/1077/1077 1080/1080/1080
f 1081/1081/1081 1076/1076/1076 1079/1079/1079
f 1079/1079/1079 1082/1082/1082 1081/1081/1081
f 1083/1083/1083 1076/1076/1076 1081/1081/1081
f 1086/1086/1086 1085/1085/1085 1084/1084/1084
f 1087/1087/1087 1086/1086/1086 1084/1084/1084
f 1088/1088/1088 1087/1087/1087 1084/1084/1084
f 1084/1084/1084 1089/1089/1089 1088/1088/1088
f 1092/1092/1092 1091/1091/1091 1090/1090/1090
f 1092/1092/1092 1090/1090/1090 1093/1093/1093
f 1093/1093/1093 1094/1094/1094 1092/1092/1092
f 1094/1094/1094 1093/1093/1093 1095/1095/1095
f 1095/1095/1095 1096/1096/1096 1094/1094/1094
f 1096/1096/1096 1095/1095/1095 1097/1097/1097
f 1096/1096/1096 1097/1097/1097 1098/1098/1098
f 1099/1099/1099 1097/1097/1097 1095/1095/1095
f 1100/1100/1100 1099/1099/1099 1095/1095/1095
f 1097/1097/1097 1099/1099/1099 1101/1101/1101
f 1097/1097/1097 1101/1101/1101 1102/1102/1102
f 1105/1105/1105 1104/1104/1104 1103/1103/1103
f 1106/1106/1106 1105/1105/1105 1103/1103/1103
f 1106/1106/1106 1103/1103/1103 1107/1107/1107
f 1107/1107/1107 1108/1108/1108 1106/1106/1106
f 1109/1109/1109 1108/1108/1108 1107/1107/1107
f 1107/1107/1107 1110/1110/1110 1109/1109/1109
f 1111/1111/1111 1109/1109/1109 1110/1110/1110
f 1110/1110/1110 1112/1112/1112 1111/1111/1111
f 1115/1115/1115 1114/1114/1114 1113/1113/1113
f 1113/1113/1113 1116/1116/1116 1115/1115/1115
f 1116/1116/1116 1113/1113/1113 1117/1117/1117
f 1117/1117/1117 1118/1118/1118 1116/1116/1116
f 1118/1118/1118 1117/1117/1117 1119/1119/1119
f 1119/1119/1119 1120/1120/1120 1118/1118/1118
f 1123/1123/1123 1122/1122/1122 1121/1121/1121
f 1121/1121/1121 1124/1124/1124 1123/1123/1123
f 1127/1127/1127 1126/1126/1126 1125/1125/1125
f 1125/1125/1125 1128/1128/1128 1127/1127/1127
f 1131/1131/1131 1130/1130/1130 1129/1129/1129
f 1129/1129/1129 1132/1132/1132 1131/1131/1131
f 1132/1132/1132 1129/1129/1129 1133/1133/1133
f 1133/1133/1133 1134/1134/1134 1132/1132/1132
f 1137/1137/1137 1136/1136/1136 1135/1135/1135
f 1135/1135/1135 1138/1138/1138 1137/1137/1137
f 1138/1138/1138 1135/1135/1135 1139/1139/1139
f 1139/1139/1139 1140/1140/1140 1138/1138/1138
f 1143/1143/1143 1142/1142/1142 1141/1141/1141
f 1141/1141/1141 1144/1144/1144 1143/1143/1143
f 1147/1147/1147 1146/1146/1146 1145/1145/1145
f 1145/1145/1145 1148/1148/1148 1147/1147/1147
f 1149/1149/1149 1147/1147/1147 1148/1148/1148
f 1148/1148/1148 1150/1150/1150 1149/1149/1149
f 1153/1153/1153 1152/1152/1152 1151/1151/1151
f 1152/1152/1152 1154/1154/1154 1151/1151/1151
f 1157/1157/1157 1156/1156/1156 1155/1155/1155
f 1158/1158/1158 1155/1155/1155 1156/1156/1156
f 1161/1161/1161 1160/1160/1160 1159/1159/1159
f 1159/1159/1159 1162/1162/1162 1161/1161/1161
f 1163/1163/1163 1162/1162/1162 1159/1159/1159
f 1159/1159/1159 1164/1164/1164 1163/1163/1163
f 1167/1167/1167 1166/1166/1166 1165/1165/1165
f 1165/1165/1165 1168/1168/1168 1167/1167/1167
f 1171/1171/1171 1170/1170/1170 1169/1169/1169
f 1169/1169/1169 1172/1172/1172 1171/1171/1171
f 1175/1175/1175 1174/1174/1174 1173/1173/1173
f 1173/1173/1173 1176/1176/1176 1175/1175/1175
f 1175/1175/1175 1176/1176/1176 1177/1177/1177
f 1177/1177/1177 1178/1178/1178 1175/1175/1175
f 1178/1178/1178 1177/1177/1177 1179/1179/1179
f 1179/1179/1179 1180/1180/1180 1178/1178/1178
f 1180/1180/1180 1179/1179/1179 1181/1181/1181
f 1179/1179/1179 1182/1182/1182 1181/1181/1181
f 1183/1183/1183 1181/1181/1181 1182/1182/1182
f 1182/1182/1182 1184/1184/1184 1183/1183/1183
f 1183/1183/1183 1184/1184/1184 1185/1185/1185
f 1183/1183/1183 1185/1185/1185 1186/1186/1186
f 1189/1189/1189 1188/1188/1188 1187/1187/1187
f 1187/1187/1187 1190/1190/1190 1189/1189/1189
f 1189/1189/1189 1190/1190/1190 1191/1191/1191
f 1192/1192/1192 1191/1191/1191 1190/1190/1190
f 1193/1193/1193 1191/1191/1191 1192/1192/1192
f 1192/1192/1192 1194/1194/1194 1193/1193/1193
f 1193/1193/1193 1194/1194/1194 1195/1195/1195
f 1195/1195/1195 1196/1196/1196 1193/1193/1193
f 1196/1196/1196 1195/1195/1195 1197/1197/1197
f 1197/1197/1197 1198/1198/1198 1196/1196/1196
f 1198/1198/1198 1197/1197/1197 1199/1199/1199
f 1198/1198/1198 1199/1199/1199 1200/1200/1200
f 1203/1203/1203 1202/1202/1202 1201/1201/1201
f 1201/1201/1201 1204/1204/1204 1203/1203/1203
f 1203/1203/1203 1204/1204/1204 1205/1205/1205
f 1205/1205/1205 1206/1206/1206 1203/1203/1203
f 1206/1206/1206 1205/1205/1205 1207/1207/1207
f 1207/1207/1207 1208/1208/1208 1206/1206/1206
f 1211/1211/1211 1210/1210/1210 1209/1209/1209
f 1209/1209/1209 1212/1212/1212 1211/1211/1211
f 1211/1211/1211 1212/1212/1212 1213/1213/1213
f 1213/1213/1213 1214/1214/1214 1211/1211/1211
f 1214/1214/1214 1213/1213/1213 1215/1215/1215
f 1215/1215/1215 1216/1216/1216 1214/1214/1214
f 1219/1219/1219 1218/1218/1218 1217/1217/1217
f 1217/1217/1217 1220/1220/1220 1219/1219/1219
f 1219/1219/1219 1220/1220/1220 1221/1221/1221
f 1222/1222/1222 1221/1221/1221 1220/1220/1220
f 1221/1221/1221 1222/1222/1222 1223/1223/1223
f 1223/1223/1223 1224/1224/1224 1221/1221/1221
f 1224/1224/1224 1223/1223/1223 1225/1225/1225
f 1225/1225/1225 1226/1226/1226 1224/1224/1224
f 1229/1229/1229 1228/1228/1228 1227/1227/1227
f 1227/1227/1227 1230/1230/1230 1229/1229/1229
f 1230/1230/1230 1227/1227/1227 1231/1231/1231
f 1231/1231/1231 1232/1232/1232 1230/1230/1230
f 1232/1232/1232 1231/1231/1231 1233/1233/1233
f 1233/1233/1233 1234/1234/1234 1232/1232/1232
f 1234/1234/1234 1233/1233/1233 1235/1235/1235
f 1233/1233/1233 1236/1236/1236 1235/1235/1235
f 1237/1237/1237 1235/1235/1235 1236/1236/1236
f 1236/1236/1236 1238/1238/1238 1237/1237/1237
f 1239/1239/1239 1237/1237/1237 1238/1238/1238
f 1238/1238/1238 1240/1240/1240 1239/1239/1239
f 1243/1243/1243 1242/1242/1242 1241/1241/1241
f 1243/1243/1243 1244/1244/1244 1242/1242/1242
f 1245/1245/1245 1244/1244/1244 1243/1243/1243
f 1243/1243/1243 1246/1246/1246 1245/1245/1245
f 1247/1247/1247 1245/1245/1245 1246/1246/1246
f 1248/1248/1248 1247/1247/1247 1246/1246/1246
f 1249/1249/1249 1247/1247/1247 1248/1248/1248
f 1250/1250/1250 1249/1249/1249 1248/1248/1248
f 1249/1249/1249 1250/1250/1250 1251/1251/1251
f 1251/1251/1251 1252/1252/1252 1249/1249/1249
f 1252/1252/1252 1251/1251/1251 1253/1253/1253
f 1253/1253/1253 1254/1254/1254 1252/1252/1252
f 1255/1255/1255 1254/1254/1254 1253/1253/1253
f 1253/1253/1253 1256/1256/1256 1255/1255/1255
f 1259/1259/1259 1258/1258/1258 1257/1257/1257
f 1257/1257/1257 1260/1260/1260 1259/1259/1259
f 1261/1261/1261 1260/1260/1260 1257/1257/1257
f 1257/1257/1257 1262/1262/1262 1261/1261/1261
f 1263/1263/1263 1261/1261/1261 1262/1262/1262
f 1262/1262/1262 1264/1264/1264 1263/1263/1263
f 1267/1267/1267 1266/1266/1266 1265/1265/1265
f 1268/1268/1268 1265/1265/1265 1266/1266/1266
f 1271/1271/1271 1270/1270/1270 1269/1269/1269
f 1269/1269/1269 1270/1270/1270 1272/1272/1272
f 1272/1272/1272 1270/1270/1270 1273/1273/1273
f 1274/1274/1274 1269/1269/1269 1272/1272/1272
f 1272/1272/1272 1275/1275/1275 1274/1274/1274
f 1278/1278/1278 1277/1277/1277 1276/1276/1276
f 1276/1276/1276 1279/1279/1279 1278/1278/1278
f 1279/1279/1279 1276/1276/1276 1280/1280/1280
f 1280/1280/1280 1281/1281/1281 1279/1279/1279
f 1280/1280/1280 1282/1282/1282 1281/1281/1281
f 1281/1281/1281 1282/1282/1282 1283/1283/1283
f 1282/1282/1282 1284/1284/1284 1283/1283/1283
f 1285/1285/1285 1282/1282/1282 1280/1280/1280
f 1280/1280/1280 1286/1286/1286 1285/1285/1285
f 1282/1282/1282 1287/1287/1287 1284/1284/1284
f 1287/1287/1287 1288/1288/1288 1284/1284/1284
f 1287/1287/1287 1289/1289/1289 1288/1288/1288
f 1292/1292/1292 1291/1291/1291 1290/1290/1290
f 1293/1293/1293 1292/1292/1292 1290/1290/1290
f 1293/1293/1293 1290/1290/1290 1294/1294/1294
f 1295/1295/1295 1293/1293/1293 1294/1294/1294
f 1296/1296/1296 1295/1295/1295 1294/1294/1294
f 1297/1297/1297 1295/1295/1295 1296/1296/1296
f 1298/1298/1298 1295/1295/1295 1297/1297/1297
f 1298/1298/1298 1299/1299/1299 1295/1295/1295
f 1297/1297/1297 1296/1296/1296 1300/1300/1300
f 1301/1301/1301 1297/1297/1297 1300/1300/1300
f 1300/1300/1300 1296/1296/1296 1302/1302/1302
f 1305/1305/1305 1304/1304/1304 1303/1303/1303
f 1303/1303/1303 1306/1306/1306 1305/1305/1305
f 1307/1307/1307 1305/1305/1305 1306/1306/1306
f 1306/1306/1306 1308/1308/1308 1307/1307/1307
f 1307/1307/1307 1308/1308/1308 1309/1309/1309
f 1310/1310/1310 1307/1307/1307 1309/1309/1309
f 1313/1313/1313 1312/1312/1312 1311/1311/1311
f 1311/1311/1311 1314/1314/1314 1313/1313/1313
f 1314/1314/1314 1315/1315/1315 1313/1313/1313
f 1316/1316/1316 1313/1313/1313 1315/1315/1315
f 1319/1319/1319 1318/1318/1318 1317/1317/1317
f 1317/1317/1317 1320/1320/1320 1319/1319/1319
f 1321/1321/1321 1319/1319/1319 1320/1320/1320
f 1320/1320/1320 1322/1322/1322 1321/1321/1321
f 1321/1321/1321 1322/1322/1322 1323/1323/1323
f 1324/1324/1324 1321/1321/1321 1323/1323/1323
f 1324/1324/1324 1323/1323/1323 1325/1325/1325
f 1326/1326/1326 1324/1324/1324 1325/1325/1325
f 1329/1329/1329 1328/1328/1328 1327/1327/1327
f 1327/1327/1327 1330/1330/1330 1329/1329/1329
f 1331/1331/1331 1329/1329/1329 1330/1330/1330
f 1330/1330/1330 1332/1332/1332 1331/1331/1331
f 1331/1331/1331 1332/1332/1332 1333/1333/1333
f 1333/1333/1333 1334/1334/1334 1331/1331/1331
f 1334/1334/1334 1333/1333/1333 1335/1335/1335
f 1335/1335/1335 1336/1336/1336 1334/1334/1334
f 1339/1339/1339 1338/1338/1338 1337/1337/1337
f 1337/1337/1337 1340/1340/1340 1339/1339/1339
f 1341/1341/1341 1340/1340/1340 1337/1337/1337
f 1337/1337/1337 1342/1342/1342 1341/1341/1341
f 1343/1343/1343 1341/1341/1341 1342/1342/1342
f 1342/1342/1342 1344/1344/1344 1343/1343/1343
f 1347/1347/1347 1346/1346/1346 1345/1345/1345
f 1348/1348/1348 1345/1345/1345 1346/1346/1346
f 1349/1349/1349 1348/1348/1348 1346/1346/1346
f 1346/1346/1346 1350/1350/1350 1349/1349/1349
f 1351/1351/1351 1349/1349/1349 1350/1350/1350
f 1351/1351/1351 1350/1350/1350 1352/1352/1352
f 1355/1355/1355 1354/1354/1354 1353/1353/1353
f 1356/1356/1356 1355/1355/1355 1353/1353/1353
f 1357/1357/1357 1355/1355/1355 1356/1356/1356
f 1358/1358/1358 1357/1357/1357 1356/1356/1356
f 1359/1359/1359 1357/1357/1357 1358/1358/1358
f 1362/1362/1362 1361/1361/1361 1360/1360/1360
f 1361/1361/1361 1362/1362/1362 1363/1363/1363
f 1361/1361/1361 1363/1363/1363 1364/1364/1364
f 1364/1364/1364 1365/1365/1365 1361/1361/1361
f 1368/1368/1368 1367/1367/1367 1366/1366/1366
f 1366/1366/1366 1367/1367/1367 1369/1369/1369
f 1367/1367/1367 1370/1370/1370 1369/1369/1369
f 1371/1371/1371 1369/1369/1369 1370/1370/1370
f 1372/1372/1372 1371/1371/1371 1370/1370/1370
f 1373/1373/1373 1371/1371/1371 1372/1372/1372
f 1374/1374/1374 1373/1373/1373 1372/1372/1372
f 1377/1377/1377 1376/1376/1376 1375/1375/1375
f 1378/1378/1378 1377/1377/1377 1375/1375/1375
f 1379/1379/1379 1377/1377/1377 1378/1378/1378
f 1380/1380/1380 1379/1379/1379 1378/1378/1378
f 1379/1379/1379 1380/1380/1380 1381/1381/1381
f 1380/1380/1380 1382/1382/1382 1381/1381/1381
f 1381/1381/1381 1382/1382/1382 1383/1383/1383
f 1386/1386/1386 1385/1385/1385 1384/1384/1384
f 1387/1387/1387 1385/1385/1385 1386/1386/1386
f 1388/1388/1388 1387/1387/1387 1386/1386/1386
f 1389/1389/1389 1387/1387/1387 1388/1388/1388
f 1390/1390/1390 1389/1389/1389 1388/1388/1388
f 1393/1393/1393 1392/1392/1392 1391/1391/1391
f 1392/1392/1392 1394/1394/1394 1391/1391/1391
f 1391/1391/1391 1394/1394/1394 1395/1395/1395
f 1395/1395/1395 1394/1394/1394 1396/1396/1396
f 1397/1397/1397 1396/1396/1396 1394/1394/1394
f 1398/1398/1398 1394/1394/1394 1392/1392/1392
f 1399/1399/1399 1398/1398/1398 1392/1392/1392
f 1400/1400/1400 1394/1394/1394 1398/1398/1398
f 1401/1401/1401 1394/1394/1394 1400/1400/1400
f 1402/1402/1402 1394/1394/1394 1401/1401/1401
f 1405/1405/1405 1404/1404/1404 1403/1403/1403
f 1405/1405/1405 1406/1406/1406 1404/1404/1404
f 1409/1409/1409 1408/1408/1408 1407/1407/1407
f 1410/1410/1410 1409/1409/1409 1407/1407/1407
f 1411/1411/1411 1410/1410/1410 1407/1407/1407
f 1407/1407/1407 1412/1412/1412 1411/1411/1411
f 1411/1411/1411 1412/1412/1412 1413/1413/1413
f 1414/1414/1414 1411/1411/1411 1413/1413/1413
f 1417/1417/1417 1416/1416/1416 1415/1415/1415
f 1415/1415/1415 1418/1418/1418 1417/1417/1417
f 1417/1417/1417 1418/1418/1418 1419/1419/1419
f 1419/1419/1419 1420/1420/1420 1417/1417/1417
f 1419/1419/1419 1421/1421/1421 1420/1420/1420
f 1419/1419/1419 1422/1422/1422 1421/1421/1421
f 1425/1425/1425 1424/1424/1424 1423/1423/1423
f 1424/1424/1424 1426/1426/1426 1423/1423/1423
f 1424/1424/1424 1427/1427/1427 1426/1426/1426
f 1427/1427/1427 1428/1428/1428 1426/1426/1426
f 1428/1428/1428 1427/1427/1427 1429/1429/1429
f 1427/1427/1427 1430/1430/1430 1429/1429/1429
f 1429/1429/1429 1430/1430/1430 1431/1431/1431
f 1430/1430/1430 1432/1432/1432 1431/1431/1431
f 1433/1433/1433 1431/1431/1431 1432/1432/1432
f 1432/1432/1432 1434/1434/1434 1433/1433/1433
f 1437/1437/1437 1436/1436/1436 1435/1435/1435
f 1437/1437/1437 1435/1435/1435 1438/1438/1438
f 1438/1438/1438 1435/1435/1435 1439/1439/1439
f 1438/1438/1438 1439/1439/1439 1440/1440/1440
f 1440/1440/1440 1439/1439/1439 1441/1441/1441
f 1440/1440/1440 1441/1441/1441 1442/1442/1442
f 1445/1445/1445 1444/1444/1444 1443/1443/1443
f 1443/1443/1443 1446/1446/1446 1445/1445/1445
f 1447/1447/1447 1445/1445/1445 1446/1446/1446
f 1446/1446/1446 1448/1448/1448 1447/1447/1447
f 1449/1449/1449 1447/1447/1447 1448/1448/1448
f 1448/1448/1448 1450/1450/1450 1449/1449/1449
f 1449/1449/1449 1450/1450/1450 1451/1451/1451
f 1451/1451/1451 1452/1452/1452 1449/1449/1449
f 1452/1452/1452 1451/1451/1451 1453/1453/1453
f 1453/1453/1453 1454/1454/1454 1452/1452/1452
f 1457/1457/1457 1456/1456/1456 1455/1455/1455
f 1455/1455/1455 1458/1458/1458 1457/1457/1457
f 1458/1458/1458 1455/1455/1455 1459/1459/1459
f 1459/1459/1459 1460/1460/1460 1458/1458/1458
f 1459/1459/1459 1461/1461/1461 1460/1460/1460
f 1459/1459/1459 1462/1462/1462 1461/1461/1461
f 1465/1465/1465 1464/1464/1464 1463/1463/1463
f 1466/1466/1466 1465/1465/1465 1463/1463/1463
f 1467/1467/1467 1466/1466/1466 1463/1463/1463
f 1463/1463/1463 1468/1468/1468 1467/1467/1467
f 1467/1467/1467 1468/1468/1468 1469/1469/1469
f 1470/1470/1470 1467/1467/1467 1469/1469/1469
f 1473/1473/1473 1472/1472/1472 1471/1471/1471
f 1471/1471/1471 1472/1472/1472 1474/1474/1474
f 1471/1471/1471 1474/1474/1474 1475/1475/1475
f 1475/1475/1475 1474/1474/1474 1476/1476/1476
f 1475/1475/1475 1476/1476/1476 1477/1477/1477
f 1477/1477/1477 1476/1476/1476 1478/1478/1478
f 1481/1481/1481 1480/1480/1480 1479/1479/1479
f 1479/1479/1479 1482/1482/1482 1481/1481/1481
f 1482/1482/1482 1483/1483/1483 1481/1481/1481
f 1482/1482/1482 1484/1484/1484 1483/1483/1483
f 1484/1484/1484 1485/1485/1485 1483/1483/1483
f 1484/1484/1484 1486/1486/1486 1485/1485/1485
f 1486/1486/1486 1487/1487/1487 1485/1485/1485
f 1486/1486/1486 1488/1488/1488 1487/1487/1487
f 1491/1491/1491 1490/1490/1490 1489/1489/1489
f 1491/1491/1491 1492/1492/1492 1490/1490/1490
f 1492/1492/1492 1493/1493/1493 1490/1490/1490
f 1492/1492/1492 1494/1494/1494 1493/1493/1493
f 1494/1494/1494 1495/1495/1495 1493/1493/1493
f 1494/1494/1494 1496/1496/1496 1495/1495/1495
f 1496/1496/1496 1497/1497/1497 1495/1495/1495
f 1496/1496/1496 1498/1498/1498 1497/1497/1497
f 1501/1501/1501 1500/1500/1500 1499/1499/1499
f 1499/1499/1499 1502/1502/1502 1501/1501/1501
f 1503/1503/1503 1501/1501/1501 1502/1502/1502
f 1503/1503/1503 1502/1502/1502 1504/1504/1504
f 1505/1505/1505 1503/1503/1503 1504/1504/1504
f 1505/1505/1505 1504/1504/1504 1506/1506/1506
f 1507/1507/1507 1505/1505/1505 1506/1506/1506
f 1506/1506/1506 1508/1508/1508 1507/1507/1507
f 1511/1511/1511 1510/1510/1510 1509/1509/1509
f 1511/1511/1511 1509/1509/1509 1512/1512/1512
f 1513/1513/1513 1511/1511/1511 1512/1512/1512
f 1512/1512/1512 1514/1514/1514 1513/1513/1513
f 1515/1515/1515 1513/1513/1513 1514/1514/1514
f 1515/1515/1515 1514/1514/1514 1516/1516/1516
f 1517/1517/1517 1515/1515/1515 1516/1516/1516
f 1516/1516/1516 1518/1518/1518 1517/1517/1517
f 1521/1521/1521 1520/1520/1520 1519/1519/1519
f 1520/1520/1520 1521/1521/1521 1522/1522/1522
f 1523/1523/1523 1522/1522/1522 1521/1521/1521
f 1526/1526/1526 1525/1525/1525 1524/1524/1524
f 1525/1525/1525 1526/1526/1526 1527/1527/1527
f 1528/1528/1528 1527/1527/1527 1526/1526/1526
f 1531/1531/1531 1530/1530/1530 1529/1529/1529
f 1531/1531/1531 1532/1532/1532 1530/1530/1530
f 1533/1533/1533 1532/1532/1532 1531/1531/1531
f 1532/1532/1532 1533/1533/1533 1534/1534/1534
f 1535/1535/1535 1534/1534/1534 1533/1533/1533
f 1538/1538/1538 1537/1537/1537 1536/1536/1536
f 1538/1538/1538 1539/1539/1539 1537/1537/1537
f 1540/1540/1540 1539/1539/1539 1538/1538/1538
f 1539/1539/1539 1540/1540/1540 1541/1541/1541
f 1542/1542/1542 1541/1541/1541 1540/1540/1540
f 1545/1545/1545 1544/1544/1544 1543/1543/1543
f 1546/1546/1546 1545/1545/1545 1543/1543/1543
f 1546/1546/1546 1547/1547/1547 1545/1545/1545
f 1546/1546/1546 1543/1543/1543 1548/1548/1548
f 1549/1549/1549 1548/1548/1548 1543/1543/1543
f 1543/1543/1543 1550/1550/1550 1549/1549/1549
f 1549/1549/1549 1551/1551/1551 1548/1548/1548
f 1548/1548/1548 1552/1552/1552 1546/1546/1546
f 1552/1552/1552 1553/1553/1553 1546/1546/1546
f 1553/1553/1553 1554/1554/1554 1546/1546/1546
f 1552/1552/1552 1555/1555/1555 1553/1553/1553
f 1548/1548/1548 1556/1556/1556 1552/1552/1552
f 1556/1556/1556 1557/1557/1557 1552/1552/1552
f 1548/1548/1548 1558/1558/1558 1556/1556/1556
f 1561/1561/1561 1560/1560/1560 1559/1559/1559
f 1559/1559/1559 1562/1562/1562 1561/1561/1561
f 1562/1562/1562 1559/1559/1559 1563/1563/1563
f 1563/1563/1563 1564/1564/1564 1562/1562/1562
f 1567/1567/1567 1566/1566/1566 1565/1565/1565
f 1565/1565/1565 1568/1568/1568 1567/1567/1567
f 1568/1568/1568 1565/1565/1565 1569/1569/1569
f 1569/1569/1569 1570/1570/1570 1568/1568/1568
f 1573/1573/1573 1572/1572/1572 1571/1571/1571
f 1571/1571/1571 1574/1574/1574 1573/1573/1573
f 1574/1574/1574 1571/1571/1571 1575/1575/1575
f 1575/1575/1575 1576/1576/1576 1574/1574/1574
f 1579/1579/1579 1578/1578/1578 1577/1577/1577
f 1577/1577/1577 1580/1580/1580 1579/1579/1579
f 1580/1580/1580 1577/1577/1577 1581/1581/1581
f 1581/1581/1581 1582/1582/1582 1580/1580/1580
f 1585/1585/1585 1584/1584/1584 1583/1583/1583
f 1583/1583/1583 1586/1586/1586 1585/1585/1585
f 1586/1586/1586 1583/1583/1583 1587/1587/1587
f 1587/1587/1587 1588/1588/1588 1586/1586/1586
f 1591/1591/1591 1590/1590/1590 1589/1589/1589
f 1589/1589/1589 1592/1592/1592 1591/1591/1591
f 1592/1592/1592 1589/1589/1589 1593/1593/1593
f 1593/1593/1593 1594/1594/1594 1592/1592/1592
f 1597/1597/1597 1596/1596/1596 1595/1595/1595
f 1595/1595/1595 1598/1598/1598 1597/1597/1597
f 1598/1598/1598 1595/1595/1595 1599/1599/1599
f 1599/1599/1599 1600/1600/1600 1598/1598/1598
f 1603/1603/1603 1602/1602/1602 1601/1601/1601
f 1601/1601/1601 1604/1604/1604 1603/1603/1603
f 1604/1604/1604 1601/1601/1601 1605/1605/1605
f 1605/1605/1605 1606/1606/1606 1604/1604/1604
f 1609/1609/1609 1608/1608/1608 1607/1607/1607
f 1607/1607/1607 1610/1610/1610 1609/1609/1609
f 1611/1611/1611 1609/1609/1609 1610/1610/1610
f 1610/1610/1610 1612/1612/1612 1611/1611/1611
f 1607/1607/1607 1613/1613/1613 1610/1610/1610
f 1613/1613/1613 1614/1614/1614 1610/1610/1610
f 1617/1617/1617 1616/1616/1616 1615/1615/1615
f 1617/1617/1617 1615/1615/1615 1618/1618/1618
f 1618/1618/1618 1615/1615/1615 1619/1619/1619
f 1619/1619/1619 1620/1620/1620 1618/1618/1618
f 1618/1618/1618 1621/1621/1621 1617/1617/1617
f 1618/1618/1618 1622/1622/1622 1621/1621/1621
f 1625/1625/1625 1624/1624/1624 1623/1623/1623
f 1623/1623/1623 1626/1626/1626 1625/1625/1625
f 1625/1625/1625 1626/1626/1626 1627/1627/1627
f 1628/1628/1628 1625/1625/1625 1627/1627/1627
f 1631/1631/1631 1630/1630/1630 1629/1629/1629
f 1632/1632/1632 1631/1631/1631 1629/1629/1629
f 1632/1632/1632 1629/1629/1629 1633/1633/1633
f 1634/1634/1634 1632/1632/1632 1633/1633/1633
f 1637/1637/1637 1636/1636/1636 1635/1635/1635
f 1638/1638/1638 1637/1637/1637 1635/1635/1635
f 1639/1639/1639 1638/1638/1638 1635/1635/1635
f 1635/1635/1635 1640/1640/1640 1639/1639/1639
f 1643/1643/1643 1642/1642/1642 1641/1641/1641
f 1644/1644/1644 1643/1643/1643 1641/1641/1641
f 1644/1644/1644 1641/1641/1641 1645/1645/1645
f 1646/1646/1646 1644/1644/1644 1645/1645/1645
f 1649/1649/1649 1648/1648/1648 1647/1647/1647
f 1647/1647/1647 1650/1650/1650 1649/1649/1649
f 1651/1651/1651 1649/1649/1649 1650/1650/1650
f 1650/1650/1650 1652/1652/1652 1651/1651/1651
f 1653/1653/1653 1651/1651/1651 1652/1652/1652
f 1652/1652/1652 1654/1654/1654 1653/1653/1653
f 1657/1657/1657 1656/1656/1656 1655/1655/1655
f 1655/1655/1655 1656/1656/1656 1658/1658/1658
f 1655/1655/1655 1658/1658/1658 1659/1659/1659
f 1659/1659/1659 1658/1658/1658 1660/1660/1660
f 1663/1663/1663 1662/1662/1662 1661/1661/1661
f 1661/1661/1661 1664/1664/1664 1663/1663/1663
f 1665/1665/1665 1663/1663/1663 1664/1664/1664
f 1664/1664/1664 1666/1666/1666 1665/1665/1665
f 1669/1669/1669 1668/1668/1668 1667/1667/1667
f 1667/1667/1667 1670/1670/1670 1669/1669/1669
f 1669/1669/1669 1670/1670/1670 1671/1671/1671
f 1671/1671/1671 1672/1672/1672 1669/1669/1669
f 1673/1673/1673 1672/1672/1672 1671/1671/1671
f 1671/1671/1671 1674/1674/1674 1673/1673/1673
f 1677/1677/1677 1676/1676/1676 1675/1675/1675
f 1676/1676/1676 1678/1678/1678 1675/1675/1675
f 1676/1676/1676 1679/1679/1679 1678/1678/1678
f 1679/1679/1679 1680/1680/1680 1678/1678/1678
f 1679/1679/1679 1681/1681/1681 1680/1680/1680
f 1681/1681/1681 1682/1682/1682 1680/1680/1680
f 1685/1685/1685 1684/1684/1684 1683/1683/1683
f 1683/1683/1683 1686/1686/1686 1685/1685/1685
f 1686/1686/1686 1683/1683/1683 1687/1687/1687
f 1686/1686/1686 1687/1687/1687 1688/1688/1688
f 1691/1691/1691 1690/1690/1690 1689/1689/1689
f 1692/1692/1692 1691/1691/1691 1689/1689/1689
f 1692/1692/1692 1689/1689/1689 1693/1693/1693
f 1694/1694/1694 1692/1692/1692 1693/1693/1693
f 1697/1697/1697 1696/1696/1696 1695/1695/1695
f 1696/1696/1696 1698/1698/1698 1695/1695/1695
f 1699/1699/1699 1698/1698/1698 1696/1696/1696
f 1696/1696/1696 1700/1700/1700 1699/1699/1699
f 1700/1700/1700 1701/1701/1701 1699/1699/1699
f 1701/1701/1701 1702/1702/1702 1699/1699/1699
f 1705/1705/1705 1704/1704/1704 1703/1703/1703
f 1705/1705/1705 1706/1706/1706 1704/1704/1704
f 1706/1706/1706 1707/1707/1707 1704/1704/1704
f 1706/1706/1706 1708/1708/1708 1707/1707/1707
f 1708/1708/1708 1709/1709/1709 1707/1707/1707
f 1708/1708/1708 1710/1710/1710 1709/1709/1709
f 1711/1711/1711 1709/1709/1709 1710/1710/1710
f 1710/1710/1710 1712/1712/1712 1711/1711/1711
f 1715/1715/1715 1714/1714/1714 1713/1713/1713
f 1715/1715/1715 1716/1716/1716 1714/1714/1714
f 1719/1719/1719 1718/1718/1718 1717/1717/1717
f 1719/1719/1719 1720/1720/1720 1718/1718/1718
f 1723/1723/1723 1722/1722/1722 1721/1721/1721
f 1721/1721/1721 1724/1724/1724 1723/1723/1723
f 1725/1725/1725 1724/1724/1724 1721/1721/1721
f 1721/1721/1721 1726/1726/1726 1725/1725/1725
f 1725/1725/1725 1726/1726/1726 1727/1727/1727
f 1727/1727/1727 1728/1728/1728 1725/1725/1725
f 1729/1729/1729 1728/1728/1728 1727/1727/1727
f 1730/1730/1730 1729/1729/1729 1727/1727/1727
f 1729/1729/1729 1730/1730/1730 1731/1731/1731
f 1732/1732/1732 1731/1731/1731 1730/1730/1730
f 1731/1731/1731 1732/1732/1732 1733/1733/1733
f 1733/1733/1733 1734/1734/1734 1731/1731/1731
f 1737/1737/1737 1736/1736/1736 1735/1735/1735
f 1735/1735/1735 1738/1738/1738 1737/1737/1737
f 1741/1741/1741 1740/1740/1740 1739/1739/1739
f 1739/1739/1739 1742/1742/1742 1741/1741/1741
f 1745/1745/1745 1744/1744/1744 1743/1743/1743
f 1743/1743/1743 1746/1746/1746 1745/1745/1745
f 1745/1745/1745 1746/1746/1746 1747/1747/1747
f 1747/1747/1747 1748/1748/1748 1745/1745/1745
f 1749/1749/1749 1748/1748/1748 1747/1747/1747
f 1750/1750/1750 1749/1749/1749 1747/1747/1747
f 1749/1749/1749 1750/1750/1750 1751/1751/1751
f 1751/1751/1751 1752/1752/1752 1749/1749/1749
f 1752/1752/1752 1751/1751/1751 1753/1753/1753
f 1753/1753/1753 1754/1754/1754 1752/1752/1752
f 1754/1754/1754 1753/1753/1753 1755/1755/1755
f 1753/1753/1753 1756/1756/1756 1755/1755/1755
f 1759/1759/1759 1758/1758/1758 1757/1757/1757
f 1759/1759/1759 1760/1760/1760 1758/1758/1758
f 1760/1760/1760 1761/1761/1761 1758/1758/1758
f 1760/1760/1760 1762/1762/1762 1761/1761/1761
f 1762/1762/1762 1763/1763/1763 1761/1761/1761
f 1762/1762/1762 1764/1764/1764 1763/1763/1763
f 1764/1764/1764 1765/1765/1765 1763/1763/1763
f 1764/1764/1764 1766/1766/1766 1765/1765/1765
f 1769/1769/1769 1768/1768/1768 1767/1767/1767
f 1769/1769/1769 1770/1770/1770 1768/1768/1768
f 1773/1773/1773 1772/1772/1772 1771/1771/1771
f 1773/1773/1773 1774/1774/1774 1772/1772/1772
f 1777/1777/1777 1776/1776/1776 1775/1775/1775
f 1777/1777/1777 1778/1778/1778 1776/1776/1776
f 1781/1781/1781 1780/1780/1780 1779/1779/1779
f 1781/1781/1781 1782/1782/1782 1780/1780/1780
f 1785/1785/1785 1784/1784/1784 1783/1783/1783
f 1785/1785/1785 1786/1786/1786 1784/1784/1784
f 1789/1789/1789 1788/1788/1788 1787/1787/1787
f 1789/1789/1789 1790/1790/1790 1788/1788/1788
f 1793/1793/1793 1792/1792/1792 1791/1791/1791
f 1791/1791/1791 1794/1794/1794 1793/1793/1793
f 1797/1797/1797 1796/1796/1796 1795/1795/1795
f 1796/1796/1796 1798/1798/1798 1795/1795/1795
f 1801/1801/1801 1800/1800/1800 1799/1799/1799
f 1799/1799/1799 1802/1802/1802 1801/1801/1801
f 1805/1805/1805 1804/1804/1804 1803/1803/1803
f 1803/1803/1803 1806/1806/1806 1805/1805/1805
f 1809/1809/1809 1808/1808/1808 1807/1807/1807
f 1807/1807/1807 1810/1810/1810 1809/1809/1809
f 1813/1813/1813 1812/1812/1812 1811/1811/1811
f 1811/1811/1811 1814/1814/1814 1813/1813/1813
f 1815/1815/1815 1813/1813/1813 1814/1814/1814
f 1814/1814/1814 1816/1816/1816 1815/1815/1815
f 1816/1816/1816 1817/1817/1817 1815/1815/1815
f 1818/1818/1818 1815/1815/1815 1817/1817/1817
f 1815/1815/1815 1818/1818/1818 1819/1819/1819
f 1813/1813/1813 1815/1815/1815 1819/1819/1819
f 1820/1820/1820 1813/1813/1813 1819/1819/1819
f 1823/1823/1823 1822/1822/1822 1821/1821/1821
f 1824/1824/1824 1823/1823/1823 1821/1821/1821
f 1824/1824/1824 1821/1821/1821 1825/1825/1825
f 1826/1826/1826 1824/1824/1824 1825/1825/1825
f 1829/1829/1829 1828/1828/1828 1827/1827/1827
f 1829/1829/1829 1830/1830/1830 1828/1828/1828
f 1833/1833/1833 1832/1832/1832 1831/1831/1831
f 1831/1831/1831 1834/1834/1834 1833/1833/1833
f 1833/1833/1833 1834/1834/1834 1835/1835/1835
f 1835/1835/1835 1834/1834/1834 1836/1836/1836
f 1834/1834/1834 1831/1831/1831 1837/1837/1837
f 1834/1834/1834 1838/1838/1838 1836/1836/1836
f 1837/1837/1837 1838/1838/1838 1834/1834/1834
f 1838/1838/1838 1837/1837/1837 1839/1839/1839
f 1839/1839/1839 1840/1840/1840 1838/1838/1838
f 1843/1843/1843 1842/1842/1842 1841/1841/1841
f 1842/1842/1842 1844/1844/1844 1841/1841/1841
f 1847/1847/1847 1846/1846/1846 1845/1845/1845
f 1845/1845/1845 1848/1848/1848 1847/1847/1847
f 1849/1849/1849 1847/1847/1847 1848/1848/1848
f 1848/1848/1848 1850/1850/1850 1849/1849/1849
f 1851/1851/1851 1849/1849/1849 1850/1850/1850
f 1850/1850/1850 1852/1852/1852 1851/1851/1851
f 1855/1855/1855 1854/1854/1854 1853/1853/1853
f 1853/1853/1853 1856/1856/1856 1855/1855/1855
f 1856/1856/1856 1853/1853/1853 1857/1857/1857
f 1857/1857/1857 1858/1858/1858 1856/1856/1856
f 1861/1861/1861 1860/1860/1860 1859/1859/1859
f 1860/1860/1860 1862/1862/1862 1859/1859/1859
f 1865/1865/1865 1864/1864/1864 1863/1863/1863
f 1864/1864/1864 1866/1866/1866 1863/1863/1863
f 1866/1866/1866 1867/1867/1867 1863/1863/1863
f 1868/1868/1868 1863/1863/1863 1867/1867/1867
f 1871/1871/1871 1870/1870/1870 1869/1869/1869
f 1869/1869/1869 1872/1872/1872 1871/1871/1871
f 1873/1873/1873 1871/1871/1871 1872/1872/1872
f 1872/1872/1872 1874/1874/1874 1873/1873/1873
f 1877/1877/1877 1876/1876/1876 1875/1875/1875
f 1875/1875/1875 1878/1878/1878 1877/1877/1877
f 1881/1881/1881 1880/1880/1880 1879/1879/1879
f 1879/1879/1879 1882/1882/1882 1881/1881/1881
f 1879/1879/1879 1883/1883/1883 1882/1882/1882
f 1884/1884/1884 1882/1882/1882 1883/1883/1883
f 1887/1887/1887 1886/1886/1886 1885/1885/1885
f 1888/1888/1888 1887/1887/1887 1885/1885/1885
f 1885/1885/1885 1889/1889/1889 1888/1888/1888
f 1889/1889/1889 1890/1890/1890 1888/1888/1888
f 1893/1893/1893 1892/1892/1892 1891/1891/1891
f 1891/1891/1891 1894/1894/1894 1893/1893/1893
f 1897/1897/1897 1896/1896/1896 1895/1895/1895
f 1895/1895/1895 1898/1898/1898 1897/1897/1897
f 1898/1898/1898 1899/1899/1899 1897/1897/1897
f 1899/1899/1899 1900/1900/1900 1897/1897/1897
f 1903/1903/1903 1902/1902/1902 1901/1901/1901
f 1901/1901/1901 1904/1904/1904 1903/1903/1903
f 1907/1907/1907 1906/1906/1906 1905/1905/1905
f 1905/1905/1905 1908/1908/1908 1907/1907/1907
f 1907/1907/1907 1908/1908/1908 1909/1909/1909
f 1910/1910/1910 1907/1907/1907 1909/1909/1909
f 1913/1913/1913 1912/1912/1912 1911/1911/1911
f 1911/1911/1911 1914/1914/1914 1913/1913/1913
f 1917/1917/1917 1916/1916/1916 1915/1915/1915
f 1918/1918/1918 1915/1915/1915 1916/1916/1916
f 1921/1921/1921 1920/1920/1920 1919/1919/1919
f 1919/1919/1919 1922/1922/1922 1921/1921/1921
f 1923/1923/1923 1922/1922/1922 1919/1919/1919
f 1919/1919/1919 1924/1924/1924 1923/1923/1923
f 1927/1927/1927 1926/1926/1926 1925/1925/1925
f 1928/1928/1928 1926/1926/1926 1927/1927/1927
f 1931/1931/1931 1930/1930/1930 1929/1929/1929
f 1932/1932/1932 1931/1931/1931 1929/1929/1929
f 1932/1932/1932 1929/1929/1929 1933/1933/1933
f 1934/1934/1934 1932/1932/1932 1933/1933/1933
f 1937/1937/1937 1936/1936/1936 1935/1935/1935
f 1935/1935/1935 1938/1938/1938 1937/1937/1937
f 1938/1938/1938 1939/1939/1939 1937/1937/1937
f 1935/1935/1935 1940/1940/1940 1938/1938/1938
f 1943/1943/1943 1942/1942/1942 1941/1941/1941
f 1944/1944/1944 1942/1942/1942 1943/1943/1943
f 1945/1945/1945 1944/1944/1944 1943/1943/1943
f 1946/1946/1946 1944/1944/1944 1945/1945/1945
f 1949/1949/1949 1948/1948/1948 1947/1947/1947
f 1949/1949/1949 1950/1950/1950 1948/1948/1948
f 1951/1951/1951 1950/1950/1950 1949/1949/1949
f 1951/1951/1951 1952/1952/1952 1950/1950/1950
f 1955/1955/1955 1954/1954/1954 1953/1953/1953
f 1953/1953/1953 1956/1956/1956 1955/1955/1955
f 1956/1956/1956 1953/1953/1953 1957/1957/1957
f 1957/1957/1957 1958/1958/1958 1956/1956/1956
f 1961/1961/1961 1960/1960/1960 1959/1959/1959
f 1962/1962/1962 1961/1961/1961 1959/1959/1959
f 1962/1962/1962 1959/1959/1959 1963/1963/1963
f 1964/1964/1964 1962/1962/1962 1963/1963/1963
f 1967/1967/1967 1966/1966/1966 1965/1965/1965
f 1965/1965/1965 1968/1968/1968 1967/1967/1967
f 1969/1969/1969 1968/1968/1968 1965/1965/1965
f 1970/1970/1970 1969/1969/1969 1965/1965/1965
f 1973/1973/1973 1972/1972/1972 1971/1971/1971
f 1974/1974/1974 1971/1971/1971 1972/1972/1972
f 1971/1971/1971 1974/1974/1974 1975/1975/1975
f 1975/1975/1975 1976/1976/1976 1971/1971/1971
f 1979/1979/1979 1978/1978/1978 1977/1977/1977
f 1980/1980/1980 1979/1979/1979 1977/1977/1977
f 1979/1979/1979 1980/1980/1980 1981/1981/1981
f 1981/1981/1981 1982/1982/1982 1979/1979/1979
f 1985/1985/1985 1984/1984/1984 1983/1983/1983
f 1984/1984/1984 1986/1986/1986 1983/1983/1983
f 1983/1983/1983 1986/1986/1986 1987/1987/1987
f 1987/1987/1987 1988/1988/1988 1983/1983/1983
f 1991/1991/1991 1990/1990/1990 1989/1989/1989
f 1992/1992/1992 1989/1989/1989 1990/1990/1990
f 1990/1990/1990 1993/1993/1993 1992/1992/1992
f 1994/1994/1994 1992/1992/1992 1993/1993/1993
f 1997/1997/1997 1996/1996/1996 1995/1995/1995
f 1996/1996/1996 1998/1998/1998 1995/1995/1995
f 1996/1996/1996 1999/1999/1999 1998/1998/1998
f 1999/1999/1999 2000/2000/2000 1998/1998/1998
f 2003/2003/2003 2002/2002/2002 2001/2001/2001
f 2001/2001/2001 2004/2004/2004 2003/2003/2003
f 2004/2004/2004 2001/2001/2001 2005/2005/2005
f 2005/2005/2005 2006/2006/2006 2004/2004/2004
f 2009/2009/2009 2008/2008/2008 2007/2007/2007
f 2010/2010/2010 2009/2009/2009 2007/2007/2007
f 2010/2010/2010 2007/2007/2007 2011/2011/2011
f 2012/2012/2012 2010/2010/2010 2011/2011/2011
f 2015/2015/2015 2014/2014/2014 2013/2013/2013
f 2016/2016/2016 2013/2013/2013 2014/2014/2014
f 2014/2014/2014 2017/2017/2017 2016/2016/2016
f 2018/2018/2018 2016/2016/2016 2017/2017/2017
f 2021/2021/2021 2020/2020/2020 2019/2019/2019
f 2020/2020/2020 2022/2022/2022 2019/2019/2019
f 2020/2020/2020 2023/2023/2023 2022/2022/2022
f 2023/2023/2023 2024/2024/2024 2022/2022/2022
f 2027/2027/2027 2026/2026/2026 2025/2025/2025
f 2025/2025/2025 2028/2028/2028 2027/2027/2027
f 2028/2028/2028 2025/2025/2025 2029/2029/2029
f 2029/2029/2029 2030/2030/2030 2028/2028/2028
f 2033/2033/2033 2032/2032/2032 2031/2031/2031
f 2034/2034/2034 2033/2033/2033 2031/2031/2031
f 2034/2034/2034 2031/2031/2031 2035/2035/2035
f 2036/2036/2036 2034/2034/2034 2035/2035/2035
f 2039/2039/2039 2038/2038/2038 2037/2037/2037
f 2037/2037/2037 2040/2040/2040 2039/2039/2039
f 2040/2040/2040 2041/2041/2041 2039/2039/2039
f 2041/2041/2041 2042/2042/2042 2039/2039/2039
f 2045/2045/2045 2044/2044/2044 2043/2043/2043
f 2043/2043/2043 2046/2046/2046 2045/2045/2045
f 2049/2049/2049 2048/2048/2048 2047/2047/2047
f 2050/2050/2050 2049/2049/2049 2047/2047/2047
f 2050/2050/2050 2047/2047/2047 2051/2051/2051
f 2052/2052/2052 2050/2050/2050 2051/2051/2051
f 2055/2055/2055 2054/2054/2054 2053/2053/2053
f 2056/2056/2056 2053/2053/2053 2054/2054/2054
f 2059/2059/2059 2058/2058/2058 2057/2057/2057
f 2057/2057/2057 2058/2058/2058 2060/2060/2060
f 2061/2061/2061 2057/2057/2057 2060/2060/2060
f 2062/2062/2062 2060/2060/2060 2058/2058/2058
f 2065/2065/2065 2064/2064/2064 2063/2063/2063
f 2063/2063/2063 2066/2066/2066 2065/2065/2065
f 2067/2067/2067 2065/2065/2065 2066/2066/2066
f 2066/2066/2066 2068/2068/2068 2067/2067/2067
f 2068/2068/2068 2066/2066/2066 2069/2069/2069
f 2069/2069/2069 2070/2070/2070 2068/2068/2068
f 2070/2070/2070 2069/2069/2069 2071/2071/2071
f 2071/2071/2071 2072/2072/2072 2070/2070/2070
f 2073/2073/2073 2072/2072/2072 2071/2071/2071
f 2071/2071/2071 2074/2074/2074 2073/2073/2073
f 2076/2076/2076 2073/2073/2073 2075/2075/2075
f 2075/2075/2075 2077/2077/2077 2076/2076/2076
f 2077/2077/2077 2075/2075/2075 2078/2078/2078
f 2078/2078/2078 2079/2079/2079 2077/2077/2077
f 2080/2080/2080 2077/2077/2077 2079/2079/2079
f 2079/2079/2079 2078/2078/2078 2081/2081/2081
f 2079/2079/2079 2082/2082/2082 2080/2080/2080
f 2081/2081/2081 2083/2083/2083 2079/2079/2079
f 2082/2082/2082 2079/2079/2079 2083/2083/2083
f 2083/2083/2083 2081/2081/2081 2084/2084/2084
f 2083/2083/2083 2085/2085/2085 2082/2082/2082
f 2084/2084/2084 2086/2086/2086 2083/2083/2083
f 2085/2085/2085 2083/2083/2083 2086/2086/2086
f 2086/2086/2086 2087/2087/2087 2085/2085/2085
f 2090/2090/2090 2089/2089/2089 2088/2088/2088
f 2091/2091/2091 2088/2088/2088 2089/2089/2089
f 2092/2092/2092 2088/2088/2088 2091/2091/2091
f 2093/2093/2093 2092/2092/2092 2091/2091/2091
f 2092/2092/2092 2094/2094/2094 2088/2088/2088
f 2095/2095/2095 2088/2088/2088 2094/2094/2094
f 2094/2094/2094 2092/2092/2092 2096/2096/2096
f 2097/2097/2097 2096/2096/2096 2092/2092/2092
f 2097/2097/2097 2092/2092/2092 2093/2093/2093
f 2098/2098/2098 2097/2097/2097 2093/2093/2093
f 2099/2099/2099 2097/2097/2097 2098/2098/2098
f 2098/2098/2098 2100/2100/2100 2099/2099/2099
f 2100/2100/2100 2102/2102/2102 2101/2101/2101
f 2101/2101/2101 2103/2103/2103 2100/2100/2100
f 2103/2103/2103 2101/2101/2101 2104/2104/2104
f 2101/2101/2101 2105/2105/2105 2104/2104/2104
f 2104/2104/2104 2105/2105/2105 2106/2106/2106
f 2105/2105/2105 2107/2107/2107 2106/2106/2106
f 2108/2108/2108 2106/2106/2106 2107/2107/2107
f 2107/2107/2107 2109/2109/2109 2108/2108/2108
f 2112/2112/2112 2111/2111/2111 2110/2110/2110
f 2110/2110/2110 2113/2113/2113 2112/2112/2112
f 2114/2114/2114 2113/2113/2113 2110/2110/2110
f 2110/2110/2110 2115/2115/2115 2114/2114/2114
f 2118/2118/2118 2117/2117/2117 2116/2116/2116
f 2116/2116/2116 2119/2119/2119 2118/2118/2118
f 2119/2119/2119 2120/2120/2120 2118/2118/2118
f 2121/2121/2121 2118/2118/2118 2120/2120/2120
f 2120/2120/2120 2119/2119/2119 2122/2122/2122
f 2119/2119/2119 2116/2116/2116 2123/2123/2123
f 2123/2123/2123 2122/2122/2122 2119/2119/2119
f 2124/2124/2124 2123/2123/2123 2116/2116/2116
f 2122/2122/2122 2123/2123/2123 2125/2125/2125
f 2123/2123/2123 2124/2124/2124 2126/2126/2126
f 2123/2123/2123 2127/2127/2127 2125/2125/2125
f 2126/2126/2126 2127/2127/2127 2123/2123/2123
f 2125/2125/2125 2127/2127/2127 2128/2128/2128
f 2127/2127/2127 2126/2126/2126 2129/2129/2129
f 2127/2127/2127 2130/2130/2130 2128/2128/2128
f 2129/2129/2129 2130/2130/2130 2127/2127/2127
f 2131/2131/2131 2128/2128/2128 2130/2130/2130
f 2130/2130/2130 2129/2129/2129 2132/2132/2132
f 2130/2130/2130 2133/2133/2133 2131/2131/2131
f 2132/2132/2132 2133/2133/2133 2130/2130/2130
f 2134/2134/2134 2131/2131/2131 2133/2133/2133
f 2133/2133/2133 2135/2135/2135 2134/2134/2134
f 2135/2135/2135 2133/2133/2133 2132/2132/2132
f 2132/2132/2132 2136/2136/2136 2135/2135/2135
f 2139/2139/2139 2138/2138/2138 2137/2137/2137
f 2140/2140/2140 2137/2137/2137 2138/2138/2138
f 2137/2137/2137 2140/2140/2140 2141/2141/2141
f 2141/2141/2141 2142/2142/2142 2137/2137/2137
f 2142/2142/2142 2141/2141/2141 2143/2143/2143
f 2143/2143/2143 2144/2144/2144 2142/2142/2142
f 2144/2144/2144 2143/2143/2143 2145/2145/2145
f 2145/2145/2145 2146/2146/2146 2144/2144/2144
f 2149/2149/2149 2148/2148/2148 2147/2147/2147
f 2147/2147/2147 2150/2150/2150 2149/2149/2149
f 2151/2151/2151 2149/2149/2149 2150/2150/2150
f 2150/2150/2150 2152/2152/2152 2151/2151/2151
f 2155/2155/2155 2154/2154/2154 2153/2153/2153
f 2153/2153/2153 2156/2156/2156 2155/2155/2155
f 2157/2157/2157 2155/2155/2155 2156/2156/2156
f 2156/2156/2156 2153/2153/2153 2158/2158/2158
f 2156/2156/2156 2159/2159/2159 2157/2157/2157
f 2158/2158/2158 2160/2160/2160 2156/2156/2156
f 2159/2159/2159 2156/2156/2156 2160/2160/2160
f 2160/2160/2160 2158/2158/2158 2161/2161/2161
f 2160/2160/2160 2162/2162/2162 2159/2159/2159
f 2161/2161/2161 2163/2163/2163 2160/2160/2160
f 2162/2162/2162 2160/2160/2160 2163/2163/2163
f 2163/2163/2163 2161/2161/2161 2164/2164/2164
f 2163/2163/2163 2165/2165/2165 2162/2162/2162
f 2164/2164/2164 2166/2166/2166 2163/2163/2163
f 2165/2165/2165 2163/2163/2163 2166/2166/2166
f 2166/2166/2166 2164/2164/2164 2167/2167/2167
f 2166/2166/2166 2168/2168/2168 2165/2165/2165
f 2167/2167/2167 2169/2169/2169 2166/2166/2166
f 2170/2170/2170 2168/2168/2168 2166/2166/2166
f 2166/2166/2166 2169/2169/2169 2170/2170/2170
f 2173/2173/2173 2172/2172/2172 2171/2171/2171
f 2174/2174/2174 2171/2171/2171 2172/2172/2172
f 2171/2171/2171 2174/2174/2174 2175/2175/2175
f 2176/2176/2176 2175/2175/2175 2174/2174/2174
f 2175/2175/2175 2176/2176/2176 2177/2177/2177
f 2178/2178/2178 2177/2177/2177 2176/2176/2176
f 2177/2177/2177 2178/2178/2178 2179/2179/2179
f 2180/2180/2180 2179/2179/2179 2178/2178/2178
f 2183/2183/2183 2182/2182/2182 2181/2181/2181
f 2181/2181/2181 2184/2184/2184 2183/2183/2183
f 2187/2187/2187 2186/2186/2186 2185/2185/2185
f 2185/2185/2185 2186/2186/2186 2188/2188/2188
f 2185/2185/2185 2188/2188/2188 2189/2189/2189
f 2189/2189/2189 2188/2188/2188 2190/2190/2190
f 2189/2189/2189 2190/2190/2190 2191/2191/2191
f 2191/2191/2191 2190/2190/2190 2192/2192/2192
f 2191/2191/2191 2192/2192/2192 2193/2193/2193
f 2193/2193/2193 2192/2192/2192 2194/2194/2194
f 2197/2197/2197 2196/2196/2196 2195/2195/2195
f 2195/2195/2195 2198/2198/2198 2197/2197/2197
f 2198/2198/2198 2199/2199/2199 2197/2197/2197
f 2198/2198/2198 2200/2200/2200 2199/2199/2199
f 2200/2200/2200 2201/2201/2201 2199/2199/2199
f 2200/2200/2200 2202/2202/2202 2201/2201/2201
f 2203/2203/2203 2201/2201/2201 2202/2202/2202
f 2202/2202/2202 2204/2204/2204 2203/2203/2203
f 2207/2207/2207 2206/2206/2206 2205/2205/2205
f 2205/2205/2205 2208/2208/2208 2207/2207/2207
f 2209/2209/2209 2207/2207/2207 2208/2208/2208
f 2208/2208/2208 2210/2210/2210 2209/2209/2209
f 2211/2211/2211 2209/2209/2209 2210/2210/2210
f 2210/2210/2210 2212/2212/2212 2211/2211/2211
f 2213/2213/2213 2211/2211/2211 2212/2212/2212
f 2212/2212/2212 2214/2214/2214 2213/2213/2213
f 2217/2217/2217 2216/2216/2216 2215/2215/2215
f 2218/2218/2218 2217/2217/2217 2215/2215/2215
f 2219/2219/2219 2217/2217/2217 2218/2218/2218
f 2220/2220/2220 2219/2219/2219 2218/2218/2218
f 2221/2221/2221 2219/2219/2219 2220/2220/2220
f 2222/2222/2222 2221/2221/2221 2220/2220/2220
f 2223/2223/2223 2221/2221/2221 2222/2222/2222
f 2224/2224/2224 2223/2223/2223 2222/2222/2222
f 2227/2227/2227 2226/2226/2226 2225/2225/2225
f 2225/2225/2225 2228/2228/2228 2227/2227/2227
f 2229/2229/2229 2227/2227/2227 2228/2228/2228
f 2228/2228/2228 2230/2230/2230 2229/2229/2229
f 2231/2231/2231 2229/2229/2229 2230/2230/2230
f 2230/2230/2230 2232/2232/2232 2231/2231/2231
f 2233/2233/2233 2231/2231/2231 2232/2232/2232
f 2232/2232/2232 2234/2234/2234 2233/2233/2233
f 2237/2237/2237 2236/2236/2236 2235/2235/2235
f 2236/2236/2236 2238/2238/2238 2235/2235/2235
f 2235/2235/2235 2238/2238/2238 2239/2239/2239
f 2238/2238/2238 2240/2240/2240 2239/2239/2239
f 2239/2239/2239 2240/2240/2240 2241/2241/2241
f 2240/2240/2240 2242/2242/2242 2241/2241/2241
f 2241/2241/2241 2242/2242/2242 2243/2243/2243
f 2242/2242/2242 2244/2244/2244 2243/2243/2243
f 2247/2247/2247 2246/2246/2246 2245/2245/2245
f 2248/2248/2248 2246/2246/2246 2247/2247/2247
f 2248/2248/2248 2249/2249/2249 2246/2246/2246
f 2250/2250/2250 2249/2249/2249 2248/2248/2248
f 2250/2250/2250 2251/2251/2251 2249/2249/2249
f 2252/2252/2252 2251/2251/2251 2250/2250/2250
f 2252/2252/2252 2253/2253/2253 2251/2251/2251
f 2254/2254/2254 2253/2253/2253 2252/2252/2252
f 2257/2257/2257 2256/2256/2256 2255/2255/2255
f 2257/2257/2257 2255/2255/2255 2258/2258/2258
f 2259/2259/2259 2257/2257/2257 2258/2258/2258
f 2258/2258/2258 2260/2260/2260 2259/2259/2259
f 2261/2261/2261 2259/2259/2259 2260/2260/2260
f 2260/2260/2260 2262/2262/2262 2261/2261/2261
f 2263/2263/2263 2261/2261/2261 2262/2262/2262
f 2262/2262/2262 2264/2264/2264 2263/2263/2263
f 2267/2267/2267 2266/2266/2266 2265/2265/2265
f 2265/2265/2265 2266/2266/2266 2268/2268/2268
f 2265/2265/2265 2268/2268/2268 2269/2269/2269
f 2269/2269/2269 2268/2268/2268 2270/2270/2270
f 2269/2269/2269 2270/2270/2270 2271/2271/2271
f 2271/2271/2271 2272/2272/2272 2269/2269/2269
f 2272/2272/2272 2271/2271/2271 2273/2273/2273
f 2273/2273/2273 2274/2274/2274 2272/2272/2272
f 2277/2277/2277 2276/2276/2276 2275/2275/2275
f 2277/2277/2277 2278/2278/2278 2276/2276/2276
f 2278/2278/2278 2279/2279/2279 2276/2276/2276
f 2278/2278/2278 2280/2280/2280 2279/2279/2279
f 2279/2279/2279 2280/2280/2280 2281/2281/2281
f 2281/2281/2281 2282/2282/2282 2279/2279/2279
f 2282/2282/2282 2281/2281/2281 2283/2283/2283
f 2283/2283/2283 2284/2284/2284 2282/2282/2282
f 2287/2287/2287 2286/2286/2286 2285/2285/2285
f 2285/2285/2285 2288/2288/2288 2287/2287/2287
f 2289/2289/2289 2287/2287/2287 2288/2288/2288
f 2288/2288/2288 2290/2290/2290 2289/2289/2289
f 2289/2289/2289 2290/2290/2290 2291/2291/2291
f 2291/2291/2291 2292/2292/2292 2289/2289/2289
f 2292/2292/2292 2291/2291/2291 2293/2293/2293
f 2293/2293/2293 2294/2294/2294 2292/2292/2292
f 2297/2297/2297 2296/2296/2296 2295/2295/2295
f 2298/2298/2298 2295/2295/2295 2296/2296/2296
f 2299/2299/2299 2295/2295/2295 2298/2298/2298
f 2300/2300/2300 2299/2299/2299 2298/2298/2298
f 2299/2299/2299 2300/2300/2300 2301/2301/2301
f 2301/2301/2301 2302/2302/2302 2299/2299/2299
f 2302/2302/2302 2301/2301/2301 2303/2303/2303
f 2303/2303/2303 2304/2304/2304 2302/2302/2302
f 2307/2307/2307 2306/2306/2306 2305/2305/2305
f 2305/2305/2305 2308/2308/2308 2307/2307/2307
f 2308/2308/2308 2305/2305/2305 2309/2309/2309
f 2309/2309/2309 2305/2305/2305 2310/2310/2310
f 2309/2309/2309 2311/2311/2311 2308/2308/2308
f 2308/2308/2308 2311/2311/2311 2312/2312/2312
f 2310/2310/2310 2313/2313/2313 2309/2309/2309
f 2312/2312/2312 2314/2314/2314 2308/2308/2308
f 2313/2313/2313 2310/2310/2310 2315/2315/2315
f 2315/2315/2315 2316/2316/2316 2313/2313/2313
f 2310/2310/2310 2317/2317/2317 2315/2315/2315
f 2318/2318/2318 2315/2315/2315 2317/2317/2317
f 2316/2316/2316 2315/2315/2315 2319/2319/2319
f 2315/2315/2315 2320/2320/2320 2319/2319/2319
f 2319/2319/2319 2320/2320/2320 2321/2321/2321
f 2321/2321/2321 2322/2322/2322 2319/2319/2319
f 2321/2321/2321 2320/2320/2320 2323/2323/2323
f 2323/2323/2323 2324/2324/2324 2321/2321/2321
f 2325/2325/2325 2322/2322/2322 2321/2321/2321
f 2321/2321/2321 2326/2326/2326 2325/2325/2325
f 2325/2325/2325 2326/2326/2326 2327/2327/2327
f 2327/2327/2327 2326/2326/2326 2328/2328/2328
f 2329/2329/2329 2327/2327/2327 2328/2328/2328
f 2327/2327/2327 2330/2330/2330 2325/2325/2325
f 2330/2330/2330 2327/2327/2327 2331/2331/2331
f 2331/2331/2331 2332/2332/2332 2330/2330/2330
f 2332/2332/2332 2331/2331/2331 2333/2333/2333
f 2333/2333/2333 2334/2334/2334 2332/2332/2332
f 2334/2334/2334 2333/2333/2333 2335/2335/2335
f 2336/2336/2336 2333/2333/2333 2331/2331/2331
f 2331/2331/2331 2337/2337/2337 2336/2336/2336
f 2333/2333/2333 2338/2338/2338 2335/2335/2335
f 2335/2335/2335 2338/2338/2338 2339/2339/2339
f 2339/2339/2339 2340/2340/2340 2335/2335/2335
f 2339/2339/2339 2338/2338/2338 2341/2341/2341
f 2341/2341/2341 2342/2342/2342 2339/2339/2339
f 2343/2343/2343 2340/2340/2340 2339/2339/2339
f 2344/2344/2344 2343/2343/2343 2339/2339/2339
f 2345/2345/2345 2343/2343/2343 2344/2344/2344
f 2346/2346/2346 2345/2345/2345 2344/2344/2344
f 2347/2347/2347 2346/2346/2346 2344/2344/2344
f 2344/2344/2344 2348/2348/2348 2347/2347/2347
f 2345/2345/2345 2346/2346/2346 2349/2349/2349
f 2349/2349/2349 2350/2350/2350 2345/2345/2345
f 2350/2350/2350 2349/2349/2349 2312/2312/2312
f 2349/2349/2349 2314/2314/2314 2312/2312/2312
f 2349/2349/2349 2351/2351/2351 2314/2314/2314
f 2351/2351/2351 2352/2352/2352 2314/2314/2314
f 2355/2355/2355 2354/2354/2354 2353/2353/2353
f 2355/2355/2355 2353/2353/2353 2356/2356/2356
f 2355/2355/2355 2356/2356/2356 2357/2357/2357
f 2357/2357/2357 2358/2358/2358 2355/2355/2355
f 2359/2359/2359 2357/2357/2357 2356/2356/2356
f 2360/2360/2360 2355/2355/2355 2358/2358/2358
f 2358/2358/2358 2361/2361/2361 2360/2360/2360
f 2356/2356/2356 2362/2362/2362 2359/2359/2359
f 2363/2363/2363 2360/2360/2360 2361/2361/2361
f 2361/2361/2361 2364/2364/2364 2363/2363/2363
f 2365/2365/2365 2360/2360/2360 2363/2363/2363
f 2363/2363/2363 2366/2366/2366 2365/2365/2365
f 2363/2363/2363 2364/2364/2364 2367/2367/2367
f 2363/2363/2363 2367/2367/2367 2368/2368/2368
f 2369/2369/2369 2368/2368/2368 2367/2367/2367
f 2367/2367/2367 2370/2370/2370 2369/2369/2369
f 2369/2369/2369 2371/2371/2371 2368/2368/2368
f 2371/2371/2371 2369/2369/2369 2372/2372/2372
f 2373/2373/2373 2369/2369/2369 2370/2370/2370
f 2373/2373/2373 2374/2374/2374 2369/2369/2369
f 2375/2375/2375 2374/2374/2374 2373/2373/2373
f 2373/2373/2373 2376/2376/2376 2375/2375/2375
f 2377/2377/2377 2374/2374/2374 2375/2375/2375
f 2375/2375/2375 2378/2378/2378 2377/2377/2377
f 2375/2375/2375 2376/2376/2376 2379/2379/2379
f 2379/2379/2379 2380/2380/2380 2375/2375/2375
f 2381/2381/2381 2380/2380/2380 2379/2379/2379
f 2379/2379/2379 2382/2382/2382 2381/2381/2381
f 2381/2381/2381 2382/2382/2382 2383/2383/2383
f 2380/2380/2380 2381/2381/2381 2384/2384/2384
f 2384/2384/2384 2385/2385/2385 2380/2380/2380
f 2381/2381/2381 2383/2383/2383 2386/2386/2386
f 2387/2387/2387 2386/2386/2386 2383/2383/2383
f 2383/2383/2383 2388/2388/2388 2387/2387/2387
f 2387/2387/2387 2389/2389/2389 2386/2386/2386
f 2390/2390/2390 2389/2389/2389 2387/2387/2387
f 2387/2387/2387 2388/2388/2388 2391/2391/2391
f 2391/2391/2391 2392/2392/2392 2387/2387/2387
f 2392/2392/2392 2391/2391/2391 2393/2393/2393
f 2393/2393/2393 2394/2394/2394 2392/2392/2392
f 2392/2392/2392 2394/2394/2394 2395/2395/2395
f 2395/2395/2395 2396/2396/2396 2392/2392/2392
f 2397/2397/2397 2394/2394/2394 2393/2393/2393
f 2393/2393/2393 2398/2398/2398 2397/2397/2397
f 2397/2397/2397 2398/2398/2398 2359/2359/2359
f 2397/2397/2397 2359/2359/2359 2362/2362/2362
f 2362/2362/2362 2399/2399/2399 2397/2397/2397
f 2399/2399/2399 2362/2362/2362 2400/2400/2400
f 2403/2403/2403 2402/2402/2402 2401/2401/2401
f 2404/2404/2404 2401/2401/2401 2402/2402/2402
f 2407/2407/2407 2406/2406/2406 2405/2405/2405
f 2406/2406/2406 2408/2408/2408 2405/2405/2405
f 2411/2411/2411 2410/2410/2410 2409/2409/2409
f 2409/2409/2409 2412/2412/2412 2411/2411/2411
f 2415/2415/2415 2414/2414/2414 2413/2413/2413
f 2413/2413/2413 2416/2416/2416 2415/2415/2415
f 2419/2419/2419 2418/2418/2418 2417/2417/2417
f 2418/2418/2418 2420/2420/2420 2417/2417/2417
f 2423/2423/2423 2422/2422/2422 2421/2421/2421
f 2423/2423/2423 2424/2424/2424 2422/2422/2422
f 2427/2427/2427 2426/2426/2426 2425/2425/2425
f 2428/2428/2428 2425/2425/2425 2426/2426/2426
f 2431/2431/2431 2430/2430/2430 2429/2429/2429
f 2431/2431/2431 2432/2432/2432 2430/2430/2430
f 2435/2435/2435 2434/2434/2434 2433/2433/2433
f 2434/2434/2434 2436/2436/2436 2433/2433/2433
f 2439/2439/2439 2438/2438/2438 2437/2437/2437
f 2437/2437/2437 2440/2440/2440 2439/2439/2439
f 2443/2443/2443 2442/2442/2442 2441/2441/2441
f 2441/2441/2441 2444/2444/2444 2443/2443/2443
f 2447/2447/2447 2446/2446/2446 2445/2445/2445
f 2446/2446/2446 2448/2448/2448 2445/2445/2445
f 2451/2451/2451 2450/2450/2450 2449/2449/2449
f 2449/2449/2449 2452/2452/2452 2451/2451/2451
f 2455/2455/2455 2454/2454/2454 2453/2453/2453
f 2456/2456/2456 2454/2454/2454 2455/2455/2455
f 2459/2459/2459 2458/2458/2458 2457/2457/2457
f 2460/2460/2460 2458/2458/2458 2459/2459/2459
f 2463/2463/2463 2462/2462/2462 2461/2461/2461
f 2461/2461/2461 2464/2464/2464 2463/2463/2463
f 2467/2467/2467 2466/2466/2466 2465/2465/2465
f 2465/2465/2465 2468/2468/2468 2467/2467/2467
f 2471/2471/2471 2470/2470/2470 2469/2469/2469
f 2469/2469/2469 2472/2472/2472 2471/2471/2471
f 2475/2475/2475 2474/2474/2474 2473/2473/2473
f 2476/2476/2476 2474/2474/2474 2475/2475/2475
f 2479/2479/2479 2478/2478/2478 2477/2477/2477
f 2480/2480/2480 2478/2478/2478 2479/2479/2479
f 2483/2483/2483 2482/2482/2482 2481/2481/2481
f 2483/2483/2483 2484/2484/2484 2482/2482/2482
f 2487/2487/2487 2486/2486/2486 2485/2485/2485
f 2488/2488/2488 2485/2485/2485 2486/2486/2486
f 2491/2491/2491 2490/2490/2490 2489/2489/2489
f 2489/2489/2489 2492/2492/2492 2491/2491/2491
f 2495/2495/2495 2494/2494/2494 2493/2493/2493
f 2493/2493/2493 2496/2496/2496 2495/2495/2495
f 2499/2499/2499 2498/2498/2498 2497/2497/2497
f 2497/2497/2497 2500/2500/2500 2499/2499/2499
f 2503/2503/2503 2502/2502/2502 2501/2501/2501
f 2502/2502/2502 2504/2504/2504 2501/2501/2501
f 2507/2507/2507 2506/2506/2506 2505/2505/2505
f 2505/2505/2505 2508/2508/2508 2507/2507/2507
f 2511/2511/2511 2510/2510/2510 2509/2509/2509
f 2509/2509/2509 2512/2512/2512 2511/2511/2511
f 2515/2515/2515 2514/2514/2514 2513/2513/2513
f 2514/2514/2514 2516/2516/2516 2513/2513/2513
f 2519/2519/2519 2518/2518/2518 2517/2517/2517
f 2517/2517/2517 2520/2520/2520 2519/2519/2519
f 2523/2523/2523 2522/2522/2522 2521/2521/2521
f 2524/2524/2524 2521/2521/2521 2522/2522/2522
f 2527/2527/2527 2526/2526/2526 2525/2525/2525
f 2525/2525/2525 2528/2528/2528 2527/2527/2527
f 2531/2531/2531 2530/2530/2530 2529/2529/2529
f 2531/2531/2531 2529/2529/2529 2532/2532/2532
f 2533/2533/2533 2531/2531/2531 2532/2532/2532
f 2534/2534/2534 2533/2533/2533 2532/2532/2532
f 2535/2535/2535 2533/2533/2533 2534/2534/2534
f 2536/2536/2536 2535/2535/2535 2534/2534/2534
f 2537/2537/2537 2535/2535/2535 2536/2536/2536
f 2537/2537/2537 2536/2536/2536 2538/2538/2538
f 2541/2541/2541 2540/2540/2540 2539/2539/2539
f 2541/2541/2541 2539/2539/2539 2542/2542/2542
f 2543/2543/2543 2541/2541/2541 2542/2542/2542
f 2543/2543/2543 2542/2542/2542 2544/2544/2544
f 2545/2545/2545 2543/2543/2543 2544/2544/2544
f 2544/2544/2544 2546/2546/2546 2545/2545/2545
f 2547/2547/2547 2545/2545/2545 2546/2546/2546
f 2546/2546/2546 2548/2548/2548 2547/2547/2547
f 2551/2551/2551 2550/2550/2550 2549/2549/2549
f 2549/2549/2549 2552/2552/2552 2551/2551/2551
f 2551/2551/2551 2552/2552/2552 2553/2553/2553
f 2553/2553/2553 2554/2554/2554 2551/2551/2551
f 2555/2555/2555 2554/2554/2554 2553/2553/2553
f 2555/2555/2555 2553/2553/2553 2556/2556/2556
f 2557/2557/2557 2555/2555/2555 2556/2556/2556
f 2557/2557/2557 2556/2556/2556 2558/2558/2558
f 2561/2561/2561 2560/2560/2560 2559/2559/2559
f 2561/2561/2561 2562/2562/2562 2560/2560/2560
f 2562/2562/2562 2563/2563/2563 2560/2560/2560
f 2562/2562/2562 2564/2564/2564 2563/2563/2563
f 2563/2563/2563 2564/2564/2564 2565/2565/2565
f 2565/2565/2565 2566/2566/2566 2563/2563/2563
f 2565/2565/2565 2567/2567/2567 2566/2566/2566
f 2565/2565/2565 2568/2568/2568 2567/2567/2567
f 2571/2571/2571 2570/2570/2570 2569/2569/2569
f 2571/2571/2571 2572/2572/2572 2570/2570/2570
f 2572/2572/2572 2573/2573/2573 2570/2570/2570
f 2572/2572/2572 2574/2574/2574 2573/2573/2573
f 2573/2573/2573 2574/2574/2574 2575/2575/2575
f 2575/2575/2575 2576/2576/2576 2573/2573/2573
f 2575/2575/2575 2577/2577/2577 2576/2576/2576
f 2575/2575/2575 2578/2578/2578 2577/2577/2577
f 2581/2581/2581 2580/2580/2580 2579/2579/2579
f 2579/2579/2579 2582/2582/2582 2581/2581/2581
f 2585/2585/2585 2584/2584/2584 2583/2583/2583
f 2586/2586/2586 2583/2583/2583 2584/2584/2584
f 2589/2589/2589 2588/2588/2588 2587/2587/2587
f 2587/2587/2587 2590/2590/2590 2589/2589/2589
f 2591/2591/2591 2590/2590/2590 2587/2587/2587
f 2587/2587/2587 2592/2592/2592 2591/2591/2591
f 2595/2595/2595 2594/2594/2594 2593/2593/2593
f 2593/2593/2593 2596/2596/2596 2595/2595/2595
f 2597/2597/2597 2596/2596/2596 2593/2593/2593
f 2596/2596/2596 2597/2597/2597 2598/2598/2598
f 2598/2598/2598 2599/2599/2599 2596/2596/2596
f 2602/2602/2602 2601/2601/2601 2600/2600/2600
f 2600/2600/2600 2603/2603/2603 2602/2602/2602
f 2603/2603/2603 2604/2604/2604 2602/2602/2602
f 2605/2605/2605 2602/2602/2602 2604/2604/2604
f 2606/2606/2606 2602/2602/2602 2605/2605/2605
f 2609/2609/2609 2608/2608/2608 2607/2607/2607
f 2607/2607/2607 2610/2610/2610 2609/2609/2609
f 2610/2610/2610 2611/2611/2611 2609/2609/2609
f 2611/2611/2611 2612/2612/2612 2609/2609/2609
f 2613/2613/2613 2609/2609/2609 2612/2612/2612
f 2616/2616/2616 2615/2615/2615 2614/2614/2614
f 2617/2617/2617 2614/2614/2614 2615/2615/2615
f 2620/2620/2620 2619/2619/2619 2618/2618/2618
f 2618/2618/2618 2621/2621/2621 2620/2620/2620
f 2620/2620/2620 2621/2621/2621 2622/2622/2622
f 2622/2622/2622 2623/2623/2623 2620/2620/2620
f 2626/2626/2626 2625/2625/2625 2624/2624/2624
f 2624/2624/2624 2627/2627/2627 2626/2626/2626
f 2630/2630/2630 2629/2629/2629 2628/2628/2628
f 2628/2628/2628 2631/2631/2631 2630/2630/2630
f 2634/2634/2634 2633/2633/2633 2632/2632/2632
f 2632/2632/2632 2635/2635/2635 2634/2634/2634
f 2638/2638/2638 2637/2637/2637 2636/2636/2636
f 2636/2636/2636 2639/2639/2639 2638/2638/2638
f 2642/2642/2642 2641/2641/2641 2640/2640/2640
f 2640/2640/2640 2643/2643/2643 2642/2642/2642
f 2646/2646/2646 2645/2645/2645 2644/2644/2644
f 2644/2644/2644 2647/2647/2647 2646/2646/2646
f 2644/2644/2644 2648/2648/2648 2647/2647/2647
f 2649/2649/2649 2648/2648/2648 2644/2644/2644
f 2650/2650/2650 2649/2649/2649 2644/2644/2644
f 2653/2653/2653 2652/2652/2652 2651/2651/2651
f 2654/2654/2654 2651/2651/2651 2652/2652/2652
f 2657/2657/2657 2656/2656/2656 2655/2655/2655
f 2655/2655/2655 2658/2658/2658 2657/2657/2657
f 2661/2661/2661 2660/2660/2660 2659/2659/2659
f 2659/2659/2659 2662/2662/2662 2661/2661/2661
f 2663/2663/2663 2662/2662/2662 2659/2659/2659
f 2659/2659/2659 2664/2664/2664 2663/2663/2663
f 2667/2667/2667 2666/2666/2666 2665/2665/2665
f 2665/2665/2665 2668/2668/2668 2667/2667/2667
f 2671/2671/2671 2670/2670/2670 2669/2669/2669
f 2669/2669/2669 2672/2672/2672 2671/2671/2671
f 2671/2671/2671 2672/2672/2672 2673/2673/2673
f 2673/2673/2673 2674/2674/2674 2671/2671/2671
f 2677/2677/2677 2676/2676/2676 2675/2675/2675
f 2675/2675/2675 2678/2678/2678 2677/2677/2677
f 2678/2678/2678 2675/2675/2675 2679/2679/2679
f 2680/2680/2680 2679/2679/2679 2675/2675/2675
f 2681/2681/2681 2680/2680/2680 2675/2675/2675
f 2684/2684/2684 2683/2683/2683 2682/2682/2682
f 2685/2685/2685 2683/2683/2683 2684/2684/2684
f 2688/2688/2688 2687/2687/2687 2686/2686/2686
f 2686/2686/2686 2689/2689/2689 2688/2688/2688
f 2692/2692/2692 2691/2691/2691 2690/2690/2690
f 2690/2690/2690 2693/2693/2693 2692/2692/2692
f 2696/2696/2696 2695/2695/2695 2694/2694/2694
f 2694/2694/2694 2697/2697/2697 2696/2696/2696
f 2696/2696/2696 2697/2697/2697 2698/2698/2698
f 2699/2699/2699 2696/2696/2696 2698/2698/2698
f 2698/2698/2698 2697/2697/2697 2700/2700/2700
f 2701/2701/2701 2698/2698/2698 2700/2700/2700
f 2702/2702/2702 2698/2698/2698 2701/2701/2701
f 2705/2705/2705 2704/2704/2704 2703/2703/2703
f 2703/2703/2703 2706/2706/2706 2705/2705/2705
f 2709/2709/2709 2708/2708/2708 2707/2707/2707
f 2707/2707/2707 2710/2710/2710 2709/2709/2709
f 2710/2710/2710 2711/2711/2711 2709/2709/2709
f 2712/2712/2712 2709/2709/2709 2711/2711/2711
f 2713/2713/2713 2712/2712/2712 2711/2711/2711
f 2711/2711/2711 2714/2714/2714 2713/2713/2713
f 2717/2717/2717 2716/2716/2716 2715/2715/2715
f 2715/2715/2715 2718/2718/2718 2717/2717/2717
f 2721/2721/2721 2720/2720/2720 2719/2719/2719
f 2719/2719/2719 2722/2722/2722 2721/2721/2721
f 2725/2725/2725 2724/2724/2724 2723/2723/2723
f 2723/2723/2723 2726/2726/2726 2725/2725/2725
f 2726/2726/2726 2727/2727/2727 2725/2725/2725
f 2728/2728/2728 2727/2727/2727 2726/2726/2726
f 2726/2726/2726 2729/2729/2729 2728/2728/2728
f 2732/2732/2732 2731/2731/2731 2730/2730/2730
f 2730/2730/2730 2733/2733/2733 2732/2732/2732
f 2733/2733/2733 2730/2730/2730 2734/2734/2734
f 2735/2735/2735 2734/2734/2734 2730/2730/2730
f 2736/2736/2736 2735/2735/2735 2730/2730/2730
f 2739/2739/2739 2738/2738/2738 2737/2737/2737
f 2737/2737/2737 2740/2740/2740 2739/2739/2739
f 2737/2737/2737 2741/2741/2741 2740/2740/2740
f 2742/2742/2742 2741/2741/2741 2737/2737/2737
f 2743/2743/2743 2742/2742/2742 2737/2737/2737
f 2746/2746/2746 2745/2745/2745 2744/2744/2744
f 2744/2744/2744 2747/2747/2747 2746/2746/2746
f 2750/2750/2750 2749/2749/2749 2748/2748/2748
f 2750/2750/2750 2748/2748/2748 2751/2751/2751
f 2752/2752/2752 2751/2751/2751 2748/2748/2748
f 2748/2748/2748 2753/2753/2753 2752/2752/2752
f 2756/2756/2756 2755/2755/2755 2754/2754/2754
f 2754/2754/2754 2757/2757/2757 2756/2756/2756
f 2760/2760/2760 2759/2759/2759 2758/2758/2758
f 2759/2759/2759 2760/2760/2760 2761/2761/2761
f 2764/2764/2764 2763/2763/2763 2762/2762/2762
f 2765/2765/2765 2763/2763/2763 2764/2764/2764
f 2768/2768/2768 2767/2767/2767 2766/2766/2766
f 2767/2767/2767 2768/2768/2768 2769/2769/2769
f 2772/2772/2772 2771/2771/2771 2770/2770/2770
f 2772/2772/2772 2773/2773/2773 2771/2771/2771
f 2776/2776/2776 2775/2775/2775 2774/2774/2774
f 2777/2777/2777 2774/2774/2774 2775/2775/2775
f 2778/2778/2778 2777/2777/2777 2775/2775/2775
f 2779/2779/2779 2778/2778/2778 2775/2775/2775
f 2775/2775/2775 2780/2780/2780 2779/2779/2779
f 2783/2783/2783 2782/2782/2782 2781/2781/2781
f 2781/2781/2781 2784/2784/2784 2783/2783/2783
f 2787/2787/2787 2786/2786/2786 2785/2785/2785
f 2785/2785/2785 2788/2788/2788 2787/2787/2787
f 2791/2791/2791 2790/2790/2790 2789/2789/2789
f 2790/2790/2790 2792/2792/2792 2789/2789/2789
f 2793/2793/2793 2792/2792/2792 2790/2790/2790
f 2790/2790/2790 2794/2794/2794 2793/2793/2793
f 2797/2797/2797 2796/2796/2796 2795/2795/2795
f 2797/2797/2797 2798/2798/2798 2796/2796/2796
f 2801/2801/2801 2800/2800/2800 2799/2799/2799
f 2801/2801/2801 2802/2802/2802 2800/2800/2800
f 2803/2803/2803 2802/2802/2802 2801/2801/2801
f 2801/2801/2801 2804/2804/2804 2803/2803/2803
f 2807/2807/2807 2806/2806/2806 2805/2805/2805
f 2805/2805/2805 2806/2806/2806 2808/2808/2808
f 2809/2809/2809 2808/2808/2808 2806/2806/2806
f 2810/2810/2810 2809/2809/2809 2806/2806/2806
f 2806/2806/2806 2811/2811/2811 2810/2810/2810
f 2814/2814/2814 2813/2813/2813 2812/2812/2812
f 2813/2813/2813 2815/2815/2815 2812/2812/2812
f 2818/2818/2818 2817/2817/2817 2816/2816/2816
f 2817/2817/2817 2819/2819/2819 2816/2816/2816
f 2822/2822/2822 2821/2821/2821 2820/2820/2820
f 2822/2822/2822 2823/2823/2823 2821/2821/2821
f 2826/2826/2826 2825/2825/2825 2824/2824/2824
f 2824/2824/2824 2827/2827/2827 2826/2826/2826
f 2830/2830/2830 2829/2829/2829 2828/2828/2828
f 2828/2828/2828 2831/2831/2831 2830/2830/2830
f 2832/2832/2832 2831/2831/2831 2828/2828/2828
f 2828/2828/2828 2833/2833/2833 2832/2832/2832
f 2836/2836/2836 2835/2835/2835 2834/2834/2834
f 2837/2837/2837 2835/2835/2835 2836/2836/2836
f 2837/2837/2837 2836/2836/2836 2838/2838/2838
f 2836/2836/2836 2839/2839/2839 2838/2838/2838
f 2837/2837/2837 2838/2838/2838 2840/2840/2840
f 2838/2838/2838 2841/2841/2841 2840/2840/2840
f 2838/2838/2838 2842/2842/2842 2841/2841/2841
f 2845/2845/2845 2844/2844/2844 2843/2843/2843
f 2845/2845/2845 2846/2846/2846 2844/2844/2844
f 2849/2849/2849 2848/2848/2848 2847/2847/2847
f 2850/2850/2850 2848/2848/2848 2849/2849/2849
f 2853/2853/2853 2852/2852/2852 2851/2851/2851
f 2851/2851/2851 2854/2854/2854 2853/2853/2853
f 2857/2857/2857 2856/2856/2856 2855/2855/2855
f 2857/2857/2857 2858/2858/2858 2856/2856/2856
f 2861/2861/2861 2860/2860/2860 2859/2859/2859
f 2859/2859/2859 2862/2862/2862 2861/2861/2861
f 2859/2859/2859 2863/2863/2863 2862/2862/2862
f 2863/2863/2863 2859/2859/2859 2864/2864/2864
f 2864/2864/2864 2865/2865/2865 2863/2863/2863
f 2864/2864/2864 2866/2866/2866 2865/2865/2865
f 2869/2869/2869 2868/2868/2868 2867/2867/2867
f 2867/2867/2867 2870/2870/2870 2869/2869/2869
f 2873/2873/2873 2872/2872/2872 2871/2871/2871
f 2872/2872/2872 2874/2874/2874 2871/2871/2871
f 2875/2875/2875 2871/2871/2871 2874/2874/2874
f 2871/2871/2871 2875/2875/2875 2876/2876/2876
f 2871/2871/2871 2876/2876/2876 2877/2877/2877
f 2871/2871/2871 2877/2877/2877 2878/2878/2878
f 2878/2878/2878 2879/2879/2879 2871/2871/2871
f 2882/2882/2882 2881/2881/2881 2880/2880/2880
f 2882/2882/2882 2880/2880/2880 2883/2883/2883
f 2884/2884/2884 2883/2883/2883 2880/2880/2880
f 2880/2880/2880 2885/2885/2885 2884/2884/2884
f 2885/2885/2885 2880/2880/2880 2886/2886/2886
f 2887/2887/2887 2886/2886/2886 2880/2880/2880
f 2880/2880/2880 2888/2888/2888 2887/2887/2887
f 2891/2891/2891 2890/2890/2890 2889/2889/2889
f 2889/2889/2889 2892/2892/2892 2891/2891/2891
f 2895/2895/2895 2894/2894/2894 2893/2893/2893
f 2894/2894/2894 2896/2896/2896 2893/2893/2893
f 2899/2899/2899 2898/2898/2898 2897/2897/2897
f 2897/2897/2897 2900/2900/2900 2899/2899/2899
f 2900/2900/2900 2897/2897/2897 2901/2901/2901
f 2901/2901/2901 2902/2902/2902 2900/2900/2900
f 2902/2902/2902 2901/2901/2901 2903/2903/2903
f 2904/2904/2904 2903/2903/2903 2901/2901/2901
f 2907/2907/2907 2906/2906/2906 2905/2905/2905
f 2905/2905/2905 2908/2908/2908 2907/2907/2907
f 2909/2909/2909 2908/2908/2908 2905/2905/2905
f 2905/2905/2905 2910/2910/2910 2909/2909/2909
f 2913/2913/2913 2912/2912/2912 2911/2911/2911
f 2911/2911/2911 2914/2914/2914 2913/2913/2913
f 2913/2913/2913 2914/2914/2914 2915/2915/2915
f 2915/2915/2915 2916/2916/2916 2913/2913/2913
f 2919/2919/2919 2918/2918/2918 2917/2917/2917
f 2917/2917/2917 2920/2920/2920 2919/2919/2919
f 2920/2920/2920 2917/2917/2917 2921/2921/2921
f 2922/2922/2922 2921/2921/2921 2917/2917/2917
f 2925/2925/2925 2924/2924/2924 2923/2923/2923
f 2923/2923/2923 2926/2926/2926 2925/2925/2925
f 2925/2925/2925 2926/2926/2926 2927/2927/2927
f 2927/2927/2927 2928/2928/2928 2925/2925/2925
f 2931/2931/2931 2930/2930/2930 2929/2929/2929
f 2931/2931/2931 2932/2932/2932 2930/2930/2930
f 2933/2933/2933 2932/2932/2932 2931/2931/2931
f 2931/2931/2931 2934/2934/2934 2933/2933/2933
f 2937/2937/2937 2936/2936/2936 2935/2935/2935
f 2935/2935/2935 2938/2938/2938 2937/2937/2937
f 2941/2941/2941 2940/2940/2940 2939/2939/2939
f 2939/2939/2939 2942/2942/2942 2941/2941/2941
f 2943/2943/2943 2941/2941/2941 2942/2942/2942
f 2946/2946/2946 2945/2945/2945 2944/2944/2944
f 2947/2947/2947 2946/2946/2946 2944/2944/2944
f 2944/2944/2944 2948/2948/2948 2947/2947/2947
f 2951/2951/2951 2950/2950/2950 2949/2949/2949
f 2950/2950/2950 2952/2952/2952 2949/2949/2949
f 2952/2952/2952 2953/2953/2953 2949/2949/2949
f 2953/2953/2953 2954/2954/2954 2949/2949/2949
f 2956/2956/2956 2955/2955/2955 2949/2949/2949
f 2957/2957/2957 2956/2956/2956 2949/2949/2949
f 2960/2960/2960 2959/2959/2959 2958/2958/2958
f 2958/2958/2958 2961/2961/2961 2960/2960/2960
f 2962/2962/2962 2960/2960/2960 2961/2961/2961
f 2961/2961/2961 2963/2963/2963 2962/2962/2962
f 2966/2966/2966 2965/2965/2965 2964/2964/2964
f 2964/2964/2964 2967/2967/2967 2966/2966/2966
f 2970/2970/2970 2969/2969/2969 2968/2968/2968
f 2971/2971/2971 2968/2968/2968 2969/2969/2969
f 2974/2974/2974 2973/2973/2973 2972/2972/2972
f 2972/2972/2972 2975/2975/2975 2974/2974/2974
f 2978/2978/2978 2977/2977/2977 2976/2976/2976
f 2977/2977/2977 2978/2978/2978 2979/2979/2979
f 2982/2982/2982 2981/2981/2981 2980/2980/2980
f 2980/2980/2980 2983/2983/2983 2982/2982/2982
f 2982/2982/2982 2983/2983/2983 2984/2984/2984
f 2985/2985/2985 2982/2982/2982 2984/2984/2984
f 2988/2988/2988 2987/2987/2987 2986/2986/2986
f 2987/2987/2987 2989/2989/2989 2986/2986/2986
f 2992/2992/2992 2991/2991/2991 2990/2990/2990
f 2990/2990/2990 2993/2993/2993 2992/2992/2992
f 2992/2992/2992 2993/2993/2993 2994/2994/2994
f 2994/2994/2994 2995/2995/2995 2992/2992/2992
f 2998/2998/2998 2997/2997/2997 2996/2996/2996
f 2996/2996/2996 2999/2999/2999 2998/2998/2998
f 3002/3002/3002 3001/3001/3001 3000/3000/3000
f 3000/3000/3000 3003/3003/3003 3002/3002/3002
f 3006/3006/3006 3005/3005/3005 3004/3004/3004
f 3007/3007/3007 3004/3004/3004 3005/3005/3005
f 3010/3010/3010 3009/3009/3009 3008/3008/3008
f 3011/3011/3011 3008/3008/3008 3009/3009/3009
f 3009/3009/3009 3012/3012/3012 3011/3011/3011
f 3012/3012/3012 3013/3013/3013 3011/3011/3011
f 3011/3011/3011 3013/3013/3013 3014/3014/3014
f 3015/3015/3015 3014/3014/3014 3013/3013/3013
f 3016/3016/3016 3014/3014/3014 3015/3015/3015
f 3019/3019/3019 3018/3018/3018 3017/3017/3017
f 3018/3018/3018 3020/3020/3020 3017/3017/3017
f 3023/3023/3023 3022/3022/3022 3021/3021/3021
f 3021/3021/3021 3024/3024/3024 3023/3023/3023
f 3023/3023/3023 3024/3024/3024 3025/3025/3025
f 3025/3025/3025 3024/3024/3024 3026/3026/3026
f 3027/3027/3027 3026/3026/3026 3024/3024/3024
f 3028/3028/3028 3026/3026/3026 3027/3027/3027
f 3029/3029/3029 3028/3028/3028 3027/3027/3027
f 3032/3032/3032 3031/3031/3031 3030/3030/3030
f 3030/3030/3030 3033/3033/3033 3032/3032/3032
f 3036/3036/3036 3035/3035/3035 3034/3034/3034
f 3036/3036/3036 3034/3034/3034 3037/3037/3037
f 3040/3040/3040 3039/3039/3039 3038/3038/3038
f 3038/3038/3038 3041/3041/3041 3040/3040/3040
f 3044/3044/3044 3043/3043/3043 3042/3042/3042
f 3044/3044/3044 3045/3045/3045 3043/3043/3043
f 3048/3048/3048 3047/3047/3047 3046/3046/3046
f 3046/3046/3046 3049/3049/3049 3048/3048/3048
f 3052/3052/3052 3051/3051/3051 3050/3050/3050
f 3050/3050/3050 3053/3053/3053 3052/3052/3052
f 3056/3056/3056 3055/3055/3055 3054/3054/3054
f 3057/3057/3057 3054/3054/3054 3055/3055/3055
f 3060/3060/3060 3059/3059/3059 3058/3058/3058
f 3058/3058/3058 3061/3061/3061 3060/3060/3060
f 3060/3060/3060 3061/3061/3061 3062/3062/3062
f 3060/3060/3060 3062/3062/3062 3063/3063/3063
f 3066/3066/3066 3065/3065/3065 3064/3064/3064
f 3064/3064/3064 3067/3067/3067 3066/3066/3066
f 3070/3070/3070 3069/3069/3069 3068/3068/3068
f 3068/3068/3068 3071/3071/3071 3070/3070/3070
f 3074/3074/3074 3073/3073/3073 3072/3072/3072
f 3072/3072/3072 3075/3075/3075 3074/3074/3074
f 3078/3078/3078 3077/3077/3077 3076/3076/3076
f 3079/3079/3079 3076/3076/3076 3077/3077/3077
f 3080/3080/3080 3076/3076/3076 3079/3079/3079
f 3083/3083/3083 3082/3082/3082 3081/3081/3081
f 3083/3083/3083 3084/3084/3084 3082/3082/3082
f 3087/3087/3087 3086/3086/3086 3085/3085/3085
f 3085/3085/3085 3088/3088/3088 3087/3087/3087
f 3091/3091/3091 3090/3090/3090 3089/3089/3089
f 3089/3089/3089 3092/3092/3092 3091/3091/3091
f 3095/3095/3095 3094/3094/3094 3093/3093/3093
f 3096/3096/3096 3093/3093/3093 3094/3094/3094
f 3097/3097/3097 3093/3093/3093 3096/3096/3096
f 3100/3100/3100 3099/3099/3099 3098/3098/3098
f 3101/3101/3101 3098/3098/3098 3099/3099/3099
f 3104/3104/3104 3103/3103/3103 3102/3102/3102
f 3102/3102/3102 3105/3105/3105 3104/3104/3104
f 3108/3108/3108 3107/3107/3107 3106/3106/3106
f 3106/3106/3106 3109/3109/3109 3108/3108/3108
f 3112/3112/3112 3111/3111/3111 3110/3110/3110
f 3112/3112/3112 3113/3113/3113 3111/3111/3111
f 3116/3116/3116 3115/3115/3115 3114/3114/3114
f 3114/3114/3114 3117/3117/3117 3116/3116/3116
f 3116/3116/3116 3117/3117/3117 3118/3118/3118
f 3118/3118/3118 3119/3119/3119 3116/3116/3116
f 3122/3122/3122 3121/3121/3121 3120/3120/3120
f 3120/3120/3120 3123/3123/3123 3122/3122/3122
f 3123/3123/3123 3124/3124/3124 3122/3122/3122
f 3125/3125/3125 3124/3124/3124 3123/3123/3123
f 3123/3123/3123 3126/3126/3126 3125/3125/3125
f 3129/3129/3129 3128/3128/3128 3127/3127/3127
f 3127/3127/3127 3130/3130/3130 3129/3129/3129
f 3131/3131/3131 3130/3130/3130 3127/3127/3127
f 3127/3127/3127 3132/3132/3132 3131/3131/3131
f 3127/3127/3127 3133/3133/3133 3132/3132/3132
f 3136/3136/3136 3135/3135/3135 3134/3134/3134
f 3134/3134/3134 3137/3137/3137 3136/3136/3136
f 3138/3138/3138 3137/3137/3137 3134/3134/3134
f 3139/3139/3139 3138/3138/3138 3134/3134/3134
f 3134/3134/3134 3140/3140/3140 3139/3139/3139
f 3143/3143/3143 3142/3142/3142 3141/3141/3141
f 3141/3141/3141 3144/3144/3144 3143/3143/3143
f 3147/3147/3147 3146/3146/3146 3145/3145/3145
f 3145/3145/3145 3146/3146/3146 3148/3148/3148
f 3149/3149/3149 3148/3148/3148 3146/3146/3146
f 3146/3146/3146 3150/3150/3150 3149/3149/3149
f 3153/3153/3153 3152/3152/3152 3151/3151/3151
f 3151/3151/3151 3154/3154/3154 3153/3153/3153
f 3157/3157/3157 3156/3156/3156 3155/3155/3155
f 3157/3157/3157 3158/3158/3158 3156/3156/3156
f 3161/3161/3161 3160/3160/3160 3159/3159/3159
f 3159/3159/3159 3162/3162/3162 3161/3161/3161
f 3165/3165/3165 3164/3164/3164 3163/3163/3163
f 3165/3165/3165 3166/3166/3166 3164/3164/3164
f 3169/3169/3169 3168/3168/3168 3167/3167/3167
f 3167/3167/3167 3170/3170/3170 3169/3169/3169
f 3173/3173/3173 3172/3172/3172 3171/3171/3171
f 3171/3171/3171 3174/3174/3174 3173/3173/3173
f 3175/3175/3175 3173/3173/3173 3174/3174/3174
f 3173/3173/3173 3175/3175/3175 3176/3176/3176
f 3176/3176/3176 3177/3177/3177 3173/3173/3173
f 3180/3180/3180 3179/3179/3179 3178/3178/3178
f 3180/3180/3180 3181/3181/3181 3179/3179/3179
f 3184/3184/3184 3183/3183/3183 3182/3182/3182
f 3182/3182/3182 3185/3185/3185 3184/3184/3184
f 3188/3188/3188 3187/3187/3187 3186/3186/3186
f 3186/3186/3186 3189/3189/3189 3188/3188/3188
f 3190/3190/3190 3188/3188/3188 3189/3189/3189
f 3188/3188/3188 3190/3190/3190 3191/3191/3191
f 3194/3194/3194 3193/3193/3193 3192/3192/3192
f 3192/3192/3192 3195/3195/3195 3194/3194/3194
f 3198/3198/3198 3197/3197/3197 3196/3196/3196
f 3199/3199/3199 3197/3197/3197 3198/3198/3198
f 3200/3200/3200 3199/3199/3199 3198/3198/3198
f 3198/3198/3198 3201/3201/3201 3200/3200/3200
f 3204/3204/3204 3203/3203/3203 3202/3202/3202
f 3202/3202/3202 3205/3205/3205 3204/3204/3204
f 3204/3204/3204 3205/3205/3205 3206/3206/3206
f 3206/3206/3206 3207/3207/3207 3204/3204/3204
f 3207/3207/3207 3208/3208/3208 3204/3204/3204
f 3211/3211/3211 3210/3210/3210 3209/3209/3209
f 3211/3211/3211 3212/3212/3212 3210/3210/3210
f 3215/3215/3215 3214/3214/3214 3213/3213/3213
f 3214/3214/3214 3216/3216/3216 3213/3213/3213
f 3219/3219/3219 3218/3218/3218 3217/3217/3217
f 3217/3217/3217 3220/3220/3220 3219/3219/3219
f 3223/3223/3223 3222/3222/3222 3221/3221/3221
f 3222/3222/3222 3223/3223/3223 3224/3224/3224
f 3224/3224/3224 3223/3223/3223 3225/3225/3225
f 3223/3223/3223 3226/3226/3226 3225/3225/3225
f 3224/3224/3224 3225/3225/3225 3227/3227/3227
f 3225/3225/3225 3228/3228/3228 3227/3227/3227
f 3225/3225/3225 3229/3229/3229 3228/3228/3228
f 3232/3232/3232 3231/3231/3231 3230/3230/3230
f 3233/3233/3233 3231/3231/3231 3232/3232/3232
f 3236/3236/3236 3235/3235/3235 3234/3234/3234
f 3237/3237/3237 3234/3234/3234 3235/3235/3235
f 3238/3238/3238 3237/3237/3237 3235/3235/3235
f 3235/3235/3235 3239/3239/3239 3238/3238/3238
f 3239/3239/3239 3240/3240/3240 3238/3238/3238
f 3240/3240/3240 3241/3241/3241 3238/3238/3238
f 3244/3244/3244 3243/3243/3243 3242/3242/3242
f 3243/3243/3243 3245/3245/3245 3242/3242/3242
f 3248/3248/3248 3247/3247/3247 3246/3246/3246
f 3246/3246/3246 3249/3249/3249 3248/3248/3248
f 3252/3252/3252 3251/3251/3251 3250/3250/3250
f 3250/3250/3250 3253/3253/3253 3252/3252/3252
f 3254/3254/3254 3253/3253/3253 3250/3250/3250
f 3253/3253/3253 3254/3254/3254 3255/3255/3255
f 3255/3255/3255 3256/3256/3256 3253/3253/3253
f 3259/3259/3259 3258/3258/3258 3257/3257/3257
f 3257/3257/3257 3260/3260/3260 3259/3259/3259
f 3259/3259/3259 3260/3260/3260 3261/3261/3261
f 3261/3261/3261 3262/3262/3262 3259/3259/3259
f 3262/3262/3262 3263/3263/3263 3259/3259/3259
f 3266/3266/3266 3265/3265/3265 3264/3264/3264
f 3264/3264/3264 3267/3267/3267 3266/3266/3266
f 3268/3268/3268 3266/3266/3266 3267/3267/3267
f 3266/3266/3266 3268/3268/3268 3269/3269/3269
f 3269/3269/3269 3270/3270/3270 3266/3266/3266
f 3273/3273/3273 3272/3272/3272 3271/3271/3271
f 3274/3274/3274 3271/3271/3271 3272/3272/3272
f 3277/3277/3277 3276/3276/3276 3275/3275/3275
f 3275/3275/3275 3278/3278/3278 3277/3277/3277
f 3277/3277/3277 3278/3278/3278 3279/3279/3279
f 3279/3279/3279 3280/3280/3280 3277/3277/3277
f 3283/3283/3283 3282/3282/3282 3281/3281/3281
f 3284/3284/3284 3281/3281/3281 3282/3282/3282
f 3287/3287/3287 3286/3286/3286 3285/3285/3285
f 3285/3285/3285 3288/3288/3288 3287/3287/3287
f 3291/3291/3291 3290/3290/3290 3289/3289/3289
f 3289/3289/3289 3292/3292/3292 3291/3291/3291
f 3295/3295/3295 3294/3294/3294 3293/3293/3293
f 3293/3293/3293 3296/3296/3296 3295/3295/3295
f 3299/3299/3299 3298/3298/3298 3297/3297/3297
f 3297/3297/3297 3300/3300/3300 3299/3299/3299
f 3303/3303/3303 3302/3302/3302 3301/3301/3301
f 3301/3301/3301 3304/3304/3304 3303/3303/3303
f 3304/3304/3304 3305/3305/3305 3303/3303/3303
f 3303/3303/3303 3305/3305/3305 3306/3306/3306
f 3306/3306/3306 3307/3307/3307 3303/3303/3303
f 3310/3310/3310 3309/3309/3309 3308/3308/3308
f 3308/3308/3308 3311/3311/3311 3310/3310/3310
f 3314/3314/3314 3313/3313/3313 3312/3312/3312
f 3312/3312/3312 3315/3315/3315 3314/3314/3314
f 3318/3318/3318 3317/3317/3317 3316/3316/3316
f 3316/3316/3316 3319/3319/3319 3318/3318/3318
f 3318/3318/3318 3319/3319/3319 3320/3320/3320
f 3320/3320/3320 3321/3321/3321 3318/3318/3318
f 3324/3324/3324 3323/3323/3323 3322/3322/3322
f 3322/3322/3322 3325/3325/3325 3324/3324/3324
f 3328/3328/3328 3327/3327/3327 3326/3326/3326
f 3326/3326/3326 3329/3329/3329 3328/3328/3328
f 3328/3328/3328 3329/3329/3329 3330/3330/3330
f 3330/3330/3330 3331/3331/3331 3328/3328/3328
f 3334/3334/3334 3333/3333/3333 3332/3332/3332
f 3334/3334/3334 3332/3332/3332 3335/3335/3335
f 3335/3335/3335 3336/3336/3336 3334/3334/3334
f 3334/3334/3334 3336/3336/3336 3337/3337/3337
f 3337/3337/3337 3338/3338/3338 3334/3334/3334
f 3341/3341/3341 3340/3340/3340 3339/3339/3339
f 3339/3339/3339 3342/3342/3342 3341/3341/3341
f 3345/3345/3345 3344/3344/3344 3343/3343/3343
f 3343/3343/3343 3346/3346/3346 3345/3345/3345
f 3349/3349/3349 3348/3348/3348 3347/3347/3347
f 3347/3347/3347 3350/3350/3350 3349/3349/3349
f 3353/3353/3353 3352/3352/3352 3351/3351/3351
f 3351/3351/3351 3354/3354/3354 3353/3353/3353
f 3357/3357/3357 3356/3356/3356 3355/3355/3355
f 3355/3355/3355 3358/3358/3358 3357/3357/3357
f 3357/3357/3357 3358/3358/3358 3359/3359/3359
f 3359/3359/3359 3360/3360/3360 3357/3357/3357
f 3363/3363/3363 3362/3362/3362 3361/3361/3361
f 3361/3361/3361 3364/3364/3364 3363/3363/3363
f 3363/3363/3363 3364/3364/3364 3365/3365/3365
f 3366/3366/3366 3363/3363/3363 3365/3365/3365
f 3365/3365/3365 3364/3364/3364 3367/3367/3367
f 3368/3368/3368 3365/3365/3365 3367/3367/3367
f 3369/3369/3369 3365/3365/3365 3368/3368/3368
f 3372/3372/3372 3371/3371/3371 3370/3370/3370
f 3373/3373/3373 3371/3371/3371 3372/3372/3372
f 3376/3376/3376 3375/3375/3375 3374/3374/3374
f 3374/3374/3374 3377/3377/3377 3376/3376/3376
f 3380/3380/3380 3379/3379/3379 3378/3378/3378
f 3378/3378/3378 3381/3381/3381 3380/3380/3380
f 3384/3384/3384 3383/3383/3383 3382/3382/3382
f 3385/3385/3385 3382/3382/3382 3383/3383/3383
f 3388/3388/3388 3387/3387/3387 3386/3386/3386
f 3386/3386/3386 3389/3389/3389 3388/3388/3388
f 3388/3388/3388 3389/3389/3389 3390/3390/3390
f 3391/3391/3391 3388/3388/3388 3390/3390/3390
f 3391/3391/3391 3390/3390/3390 3392/3392/3392
f 3393/3393/3393 3391/3391/3391 3392/3392/3392
f 3396/3396/3396 3395/3395/3395 3394/3394/3394
f 3397/3397/3397 3394/3394/3394 3395/3395/3395
f 3400/3400/3400 3399/3399/3399 3398/3398/3398
f 3400/3400/3400 3398/3398/3398 3401/3401/3401
f 3402/3402/3402 3401/3401/3401 3398/3398/3398
f 3398/3398/3398 3403/3403/3403 3402/3402/3402
f 3403/3403/3403 3398/3398/3398 3404/3404/3404
f 3405/3405/3405 3404/3404/3404 3398/3398/3398
f 3398/3398/3398 3406/3406/3406 3405/3405/3405
f 3409/3409/3409 3408/3408/3408 3407/3407/3407
f 3408/3408/3408 3410/3410/3410 3407/3407/3407
f 3407/3407/3407 3410/3410/3410 3411/3411/3411
f 3411/3411/3411 3412/3412/3412 3407/3407/3407
f 3407/3407/3407 3412/3412/3412 3413/3413/3413
f 3407/3407/3407 3413/3413/3413 3414/3414/3414
f 3414/3414/3414 3415/3415/3415 3407/3407/3407
f 3418/3418/3418 3417/3417/3417 3416/3416/3416
f 3416/3416/3416 3419/3419/3419 3418/3418/3418
f 3422/3422/3422 3421/3421/3421 3420/3420/3420
f 3421/3421/3421 3422/3422/3422 3423/3423/3423
f 3426/3426/3426 3425/3425/3425 3424/3424/3424
f 3424/3424/3424 3427/3427/3427 3426/3426/3426
f 3428/3428/3428 3426/3426/3426 3427/3427/3427
f 3427/3427/3427 3429/3429/3429 3428/3428/3428
f 3428/3428/3428 3429/3429/3429 3430/3430/3430
f 3430/3430/3430 3431/3431/3431 3428/3428/3428
f 3434/3434/3434 3433/3433/3433 3432/3432/3432
f 3432/3432/3432 3435/3435/3435 3434/3434/3434
f 3436/3436/3436 3434/3434/3434 3435/3435/3435
f 3437/3437/3437 3434/3434/3434 3436/3436/3436
f 3440/3440/3440 3439/3439/3439 3438/3438/3438
f 3440/3440/3440 3438/3438/3438 3441/3441/3441
f 3442/3442/3442 3441/3441/3441 3438/3438/3438
f 3438/3438/3438 3443/3443/3443 3442/3442/3442
f 3446/3446/3446 3445/3445/3445 3444/3444/3444
f 3444/3444/3444 3447/3447/3447 3446/3446/3446
f 3448/3448/3448 3446/3446/3446 3447/3447/3447
f 3448/3448/3448 3449/3449/3449 3446/3446/3446
f 3452/3452/3452 3451/3451/3451 3450/3450/3450
f 3453/3453/3453 3452/3452/3452 3450/3450/3450
f 3454/3454/3454 3453/3453/3453 3450/3450/3450
f 3450/3450/3450 3455/3455/3455 3454/3454/3454
f 3458/3458/3458 3457/3457/3457 3456/3456/3456
f 3459/3459/3459 3456/3456/3456 3457/3457/3457
f 3456/3456/3456 3459/3459/3459 3460/3460/3460
f 3460/3460/3460 3461/3461/3461 3456/3456/3456
f 3464/3464/3464 3463/3463/3463 3462/3462/3462
f 3462/3462/3462 3465/3465/3465 3464/3464/3464
f 3468/3468/3468 3467/3467/3467 3466/3466/3466
f 3468/3468/3468 3466/3466/3466 3469/3469/3469
f 3469/3469/3469 3470/3470/3470 3468/3468/3468
f 3473/3473/3473 3472/3472/3472 3471/3471/3471
f 3471/3471/3471 3474/3474/3474 3473/3473/3473
f 3471/3471/3471 3475/3475/3475 3474/3474/3474
f 3478/3478/3478 3477/3477/3477 3476/3476/3476
f 3479/3479/3479 3478/3478/3478 3476/3476/3476
f 3480/3480/3480 3479/3479/3479 3476/3476/3476
f 3481/3481/3481 3480/3480/3480 3476/3476/3476
f 3484/3484/3484 3483/3483/3483 3482/3482/3482
f 3483/3483/3483 3485/3485/3485 3482/3482/3482
f 3488/3488/3488 3487/3487/3487 3486/3486/3486
f 3486/3486/3486 3489/3489/3489 3488/3488/3488
f 3489/3489/3489 3486/3486/3486 3490/3490/3490
f 3490/3490/3490 3491/3491/3491 3489/3489/3489
f 3494/3494/3494 3493/3493/3493 3492/3492/3492
f 3492/3492/3492 3495/3495/3495 3494/3494/3494
f 3498/3498/3498 3497/3497/3497 3496/3496/3496
f 3498/3498/3498 3496/3496/3496 3499/3499/3499
f 3502/3502/3502 3501/3501/3501 3500/3500/3500
f 3500/3500/3500 3503/3503/3503 3502/3502/3502
f 3506/3506/3506 3505/3505/3505 3504/3504/3504
f 3507/3507/3507 3506/3506/3506 3504/3504/3504
f 3510/3510/3510 3509/3509/3509 3508/3508/3508
f 3511/3511/3511 3510/3510/3510 3508/3508/3508
f 3512/3512/3512 3511/3511/3511 3508/3508/3508
f 3508/3508/3508 3513/3513/3513 3512/3512/3512
f 3516/3516/3516 3515/3515/3515 3514/3514/3514
f 3514/3514/3514 3517/3517/3517 3516/3516/3516
f 3520/3520/3520 3519/3519/3519 3518/3518/3518
f 3518/3518/3518 3521/3521/3521 3520/3520/3520
f 3522/3522/3522 3521/3521/3521 3518/3518/3518
f 3518/3518/3518 3523/3523/3523 3522/3522/3522
f 3526/3526/3526 3525/3525/3525 3524/3524/3524
f 3527/3527/3527 3525/3525/3525 3526/3526/3526
f 3530/3530/3530 3529/3529/3529 3528/3528/3528
f 3529/3529/3529 3531/3531/3531 3528/3528/3528
f 3534/3534/3534 3533/3533/3533 3532/3532/3532
f 3534/3534/3534 3535/3535/3535 3533/3533/3533
f 3538/3538/3538 3537/3537/3537 3536/3536/3536
f 3536/3536/3536 3539/3539/3539 3538/3538/3538
f 3538/3538/3538 3539/3539/3539 3540/3540/3540
f 3540/3540/3540 3539/3539/3539 3541/3541/3541
f 3542/3542/3542 3541/3541/3541 3539/3539/3539
f 3542/3542/3542 3543/3543/3543 3541/3541/3541
f 3544/3544/3544 3543/3543/3543 3542/3542/3542
f 3547/3547/3547 3546/3546/3546 3545/3545/3545
f 3545/3545/3545 3548/3548/3548 3547/3547/3547
f 3551/3551/3551 3550/3550/3550 3549/3549/3549
f 3549/3549/3549 3552/3552/3552 3551/3551/3551
f 3553/3553/3553 3552/3552/3552 3549/3549/3549
f 3554/3554/3554 3552/3552/3552 3553/3553/3553
f 3552/3552/3552 3554/3554/3554 3555/3555/3555
f 3556/3556/3556 3555/3555/3555 3554/3554/3554
f 3557/3557/3557 3555/3555/3555 3556/3556/3556
f 3560/3560/3560 3559/3559/3559 3558/3558/3558
f 3558/3558/3558 3561/3561/3561 3560/3560/3560
f 3564/3564/3564 3563/3563/3563 3562/3562/3562
f 3563/3563/3563 3565/3565/3565 3562/3562/3562
f 3568/3568/3568 3567/3567/3567 3566/3566/3566
f 3566/3566/3566 3569/3569/3569 3568/3568/3568
f 3572/3572/3572 3571/3571/3571 3570/3570/3570
f 3573/3573/3573 3570/3570/3570 3571/3571/3571
f 3576/3576/3576 3575/3575/3575 3574/3574/3574
f 3574/3574/3574 3577/3577/3577 3576/3576/3576
f 3580/3580/3580 3579/3579/3579 3578/3578/3578
f 3579/3579/3579 3581/3581/3581 3578/3578/3578
f 3584/3584/3584 3583/3583/3583 3582/3582/3582
f 3584/3584/3584 3585/3585/3585 3583/3583/3583
f 3588/3588/3588 3587/3587/3587 3586/3586/3586
f 3587/3587/3587 3588/3588/3588 3589/3589/3589
f 3589/3589/3589 3588/3588/3588 3590/3590/3590
f 3591/3591/3591 3590/3590/3590 3588/3588/3588
f 3594/3594/3594 3593/3593/3593 3592/3592/3592
f 3592/3592/3592 3595/3595/3595 3594/3594/3594
f 3598/3598/3598 3597/3597/3597 3596/3596/3596
f 3596/3596/3596 3599/3599/3599 3598/3598/3598
f 3602/3602/3602 3601/3601/3601 3600/3600/3600
f 3600/3600/3600 3603/3603/3603 3602/3602/3602
f 3606/3606/3606 3605/3605/3605 3604/3604/3604
f 3604/3604/3604 3605/3605/3605 3607/3607/3607
f 3607/3607/3607 3605/3605/3605 3608/3608/3608
f 3611/3611/3611 3610/3610/3610 3609/3609/3609
f 3612/3612/3612 3609/3609/3609 3610/3610/3610
f 3615/3615/3615 3614/3614/3614 3613/3613/3613
f 3613/3613/3613 3616/3616/3616 3615/3615/3615
f 3619/3619/3619 3618/3618/3618 3617/3617/3617
f 3617/3617/3617 3620/3620/3620 3619/3619/3619
f 3623/3623/3623 3622/3622/3622 3621/3621/3621
f 3621/3621/3621 3622/3622/3622 3624/3624/3624
f 3624/3624/3624 3622/3622/3622 3625/3625/3625
f 3628/3628/3628 3627/3627/3627 3626/3626/3626
f 3628/3628/3628 3629/3629/3629 3627/3627/3627
f 3632/3632/3632 3631/3631/3631 3630/3630/3630
f 3630/3630/3630 3633/3633/3633 3632/3632/3632
f 3636/3636/3636 3635/3635/3635 3634/3634/3634
f 3636/3636/3636 3637/3637/3637 3635/3635/3635
f 3635/3635/3635 3637/3637/3637 3638/3638/3638
f 3637/3637/3637 3639/3639/3639 3638/3638/3638
f 3638/3638/3638 3639/3639/3639 3640/3640/3640
f 3638/3638/3638 3640/3640/3640 3641/3641/3641
f 3641/3641/3641 3640/3640/3640 3642/3642/3642
f 3643/3643/3643 3638/3638/3638 3641/3641/3641
f 3641/3641/3641 3644/3644/3644 3643/3643/3643
f 3647/3647/3647 3646/3646/3646 3645/3645/3645
f 3645/3645/3645 3648/3648/3648 3647/3647/3647
f 3651/3651/3651 3650/3650/3650 3649/3649/3649
f 3650/3650/3650 3652/3652/3652 3649/3649/3649
f 3655/3655/3655 3654/3654/3654 3653/3653/3653
f 3653/3653/3653 3656/3656/3656 3655/3655/3655
f 3653/3653/3653 3657/3657/3657 3656/3656/3656
f 3657/3657/3657 3653/3653/3653 3658/3658/3658
f 3658/3658/3658 3653/3653/3653 3659/3659/3659
f 3662/3662/3662 3661/3661/3661 3660/3660/3660
f 3660/3660/3660 3661/3661/3661 3663/3663/3663
f 3663/3663/3663 3661/3661/3661 3664/3664/3664
f 3667/3667/3667 3666/3666/3666 3665/3665/3665
f 3666/3666/3666 3667/3667/3667 3668/3668/3668
f 3669/3669/3669 3668/3668/3668 3667/3667/3667
f 3668/3668/3668 3669/3669/3669 3670/3670/3670
f 3673/3673/3673 3672/3672/3672 3671/3671/3671
f 3672/3672/3672 3674/3674/3674 3671/3671/3671
f 3671/3671/3671 3674/3674/3674 3675/3675/3675
f 3672/3672/3672 3676/3676/3676 3674/3674/3674
f 3677/3677/3677 3674/3674/3674 3676/3676/3676
f 3680/3680/3680 3679/3679/3679 3678/3678/3678
f 3678/3678/3678 3681/3681/3681 3680/3680/3680
f 3684/3684/3684 3683/3683/3683 3682/3682/3682
f 3682/3682/3682 3685/3685/3685 3684/3684/3684
f 3688/3688/3688 3687/3687/3687 3686/3686/3686
f 3687/3687/3687 3689/3689/3689 3686/3686/3686
f 3686/3686/3686 3689/3689/3689 3690/3690/3690
f 3690/3690/3690 3691/3691/3691 3686/3686/3686
f 3686/3686/3686 3691/3691/3691 3692/3692/3692
f 3695/3695/3695 3694/3694/3694 3693/3693/3693
f 3696/3696/3696 3694/3694/3694 3695/3695/3695
f 3699/3699/3699 3698/3698/3698 3697/3697/3697
f 3699/3699/3699 3697/3697/3697 3700/3700/3700
f 3699/3699/3699 3700/3700/3700 3701/3701/3701
f 3702/3702/3702 3701/3701/3701 3700/3700/3700
f 3705/3705/3705 3704/3704/3704 3703/3703/3703
f 3704/3704/3704 3706/3706/3706 3703/3703/3703
f 3704/3704/3704 3707/3707/3707 3706/3706/3706
f 3706/3706/3706 3707/3707/3707 3708/3708/3708
f 3711/3711/3711 3710/3710/3710 3709/3709/3709
f 3709/3709/3709 3712/3712/3712 3711/3711/3711
f 3715/3715/3715 3714/3714/3714 3713/3713/3713
f 3714/3714/3714 3716/3716/3716 3713/3713/3713
f 3713/3713/3713 3716/3716/3716 3717/3717/3717
f 3720/3720/3720 3719/3719/3719 3718/3718/3718
f 3718/3718/3718 3721/3721/3721 3720/3720/3720
f 3724/3724/3724 3723/3723/3723 3722/3722/3722
f 3722/3722/3722 3725/3725/3725 3724/3724/3724
f 3724/3724/3724 3725/3725/3725 3726/3726/3726
f 3726/3726/3726 3727/3727/3727 3724/3724/3724
f 3730/3730/3730 3729/3729/3729 3728/3728/3728
f 3728/3728/3728 3731/3731/3731 3730/3730/3730
f 3734/3734/3734 3733/3733/3733 3732/3732/3732
f 3732/3732/3732 3735/3735/3735 3734/3734/3734
f 3732/3732/3732 3736/3736/3736 3735/3735/3735
f 3736/3736/3736 3732/3732/3732 3737/3737/3737
f 3740/3740/3740 3739/3739/3739 3738/3738/3738
f 3738/3738/3738 3741/3741/3741 3740/3740/3740
f 3740/3740/3740 3741/3741/3741 3742/3742/3742
f 3742/3742/3742 3743/3743/3743 3740/3740/3740
f 3746/3746/3746 3745/3745/3745 3744/3744/3744
f 3744/3744/3744 3747/3747/3747 3746/3746/3746
f 3746/3746/3746 3747/3747/3747 3748/3748/3748
f 3748/3748/3748 3749/3749/3749 3746/3746/3746
f 3752/3752/3752 3751/3751/3751 3750/3750/3750
f 3753/3753/3753 3750/3750/3750 3751/3751/3751
f 3756/3756/3756 3755/3755/3755 3754/3754/3754
f 3755/3755/3755 3756/3756/3756 3757/3757/3757
f 3760/3760/3760 3759/3759/3759 3758/3758/3758
f 3758/3758/3758 3759/3759/3759 3761/3761/3761
f 3761/3761/3761 3759/3759/3759 3762/3762/3762
f 3762/3762/3762 3763/3763/3763 3761/3761/3761
f 3763/3763/3763 3762/3762/3762 3764/3764/3764
f 3764/3764/3764 3765/3765/3765 3763/3763/3763
f 3768/3768/3768 3767/3767/3767 3766/3766/3766
f 3769/3769/3769 3768/3768/3768 3766/3766/3766
f 3766/3766/3766 3770/3770/3770 3769/3769/3769
f 3769/3769/3769 3770/3770/3770 3771/3771/3771
f 3774/3774/3774 3773/3773/3773 3772/3772/3772
f 3772/3772/3772 3773/3773/3773 3775/3775/3775
f 3775/3775/3775 3776/3776/3776 3772/3772/3772
f 3776/3776/3776 3775/3775/3775 3777/3777/3777
f 3772/3772/3772 3776/3776/3776 3778/3778/3778
f 3778/3778/3778 3779/3779/3779 3772/3772/3772
f 3782/3782/3782 3781/3781/3781 3780/3780/3780
f 3780/3780/3780 3783/3783/3783 3782/3782/3782
f 3786/3786/3786 3785/3785/3785 3784/3784/3784
f 3787/3787/3787 3786/3786/3786 3784/3784/3784
f 3788/3788/3788 3786/3786/3786 3787/3787/3787
f 3789/3789/3789 3788/3788/3788 3787/3787/3787
f 3790/3790/3790 3789/3789/3789 3787/3787/3787
f 3793/3793/3793 3792/3792/3792 3791/3791/3791
f 3791/3791/3791 3794/3794/3794 3793/3793/3793
f 3797/3797/3797 3796/3796/3796 3795/3795/3795
f 3795/3795/3795 3798/3798/3798 3797/3797/3797
f 3798/3798/3798 3795/3795/3795 3799/3799/3799
f 3799/3799/3799 3800/3800/3800 3798/3798/3798
f 3803/3803/3803 3802/3802/3802 3801/3801/3801
f 3801/3801/3801 3804/3804/3804 3803/3803/3803
f 3805/3805/3805 3804/3804/3804 3801/3801/3801
f 3806/3806/3806 3804/3804/3804 3805/3805/3805
f 3809/3809/3809 3808/3808/3808 3807/3807/3807
f 3807/3807/3807 3808/3808/3808 3810/3810/3810
f 3808/3808/3808 3811/3811/3811 3810/3810/3810
f 3811/3811/3811 3812/3812/3812 3810/3810/3810
f 3812/3812/3812 3813/3813/3813 3810/3810/3810
f 3816/3816/3816 3815/3815/3815 3814/3814/3814
f 3814/3814/3814 3817/3817/3817 3816/3816/3816
f 3820/3820/3820 3819/3819/3819 3818/3818/3818
f 3818/3818/3818 3821/3821/3821 3820/3820/3820
f 3822/3822/3822 3820/3820/3820 3821/3821/3821
f 3821/3821/3821 3823/3823/3823 3822/3822/3822
f 3826/3826/3826 3825/3825/3825 3824/3824/3824
f 3824/3824/3824 3827/3827/3827 3826/3826/3826
f 3828/3828/3828 3827/3827/3827 3824/3824/3824
f 3824/3824/3824 3829/3829/3829 3828/3828/3828
f 3832/3832/3832 3831/3831/3831 3830/3830/3830
f 3830/3830/3830 3833/3833/3833 3832/3832/3832
f 3836/3836/3836 3835/3835/3835 3834/3834/3834
f 3837/3837/3837 3836/3836/3836 3834/3834/3834
f 3836/3836/3836 3837/3837/3837 3838/3838/3838
f 3838/3838/3838 3839/3839/3839 3836/3836/3836
f 3842/3842/3842 3841/3841/3841 3840/3840/3840
f 3840/3840/3840 3843/3843/3843 3842/3842/3842
f 3846/3846/3846 3845/3845/3845 3844/3844/3844
f 3844/3844/3844 3847/3847/3847 3846/3846/3846
f 3850/3850/3850 3849/3849/3849 3848/3848/3848
f 3849/3849/3849 3851/3851/3851 3848/3848/3848
f 3854/3854/3854 3853/3853/3853 3852/3852/3852
f 3852/3852/3852 3855/3855/3855 3854/3854/3854
f 3858/3858/3858 3857/3857/3857 3856/3856/3856
f 3856/3856/3856 3859/3859/3859 3858/3858/3858
f 3862/3862/3862 3861/3861/3861 3860/3860/3860
f 3862/3862/3862 3860/3860/3860 3863/3863/3863
f 3863/3863/3863 3864/3864/3864 3862/3862/3862
f 3863/3863/3863 3865/3865/3865 3864/3864/3864
f 3866/3866/3866 3865/3865/3865 3863/3863/3863
f 3865/3865/3865 3866/3866/3866 3867/3867/3867
f 3868/3868/3868 3865/3865/3865 3867/3867/3867
f 3869/3869/3869 3868/3868/3868 3867/3867/3867
f 3867/3867/3867 3870/3870/3870 3869/3869/3869
f 3873/3873/3873 3872/3872/3872 3871/3871/3871
f 3871/3871/3871 3874/3874/3874 3873/3873/3873
f 3877/3877/3877 3876/3876/3876 3875/3875/3875
f 3878/3878/3878 3875/3875/3875 3876/3876/3876
f 3876/3876/3876 3879/3879/3879 3878/3878/3878
f 3879/3879/3879 3880/3880/3880 3878/3878/3878
f 3878/3878/3878 3880/3880/3880 3881/3881/3881
f 3881/3881/3881 3880/3880/3880 3882/3882/3882
f 3880/3880/3880 3883/3883/3883 3882/3882/3882
f 3882/3882/3882 3883/3883/3883 3884/3884/3884
f 3884/3884/3884 3885/3885/3885 3882/3882/3882
f 3888/3888/3888 3887/3887/3887 3886/3886/3886
f 3886/3886/3886 3889/3889/3889 3888/3888/3888
f 3890/3890/3890 3889/3889/3889 3886/3886/3886
f 3886/3886/3886 3891/3891/3891 3890/3890/3890
f 3890/3890/3890 3891/3891/3891 3892/3892/3892
f 3892/3892/3892 3893/3893/3893 3890/3890/3890
f 3893/3893/3893 3892/3892/3892 3894/3894/3894
f 3894/3894/3894 3895/3895/3895 3893/3893/3893
f 3896/3896/3896 3895/3895/3895 3894/3894/3894
f 3897/3897/3897 3896/3896/3896 3894/3894/3894
f 3898/3898/3898 3896/3896/3896 3897/3897/3897
f 3899/3899/3899 3898/3898/3898 3897/3897/3897
f 3898/3898/3898 3899/3899/3899 3900/3900/3900
f 3900/3900/3900 3901/3901/3901 3898/3898/3898
f 3904/3904/3904 3903/3903/3903 3902/3902/3902
f 3904/3904/3904 3905/3905/3905 3903/3903/3903
f 3908/3908/3908 3907/3907/3907 3906/3906/3906
f 3906/3906/3906 3909/3909/3909 3908/3908/3908
f 3909/3909/3909 3906/3906/3906 3910/3910/3910
f 3910/3910/3910 3911/3911/3911 3909/3909/3909
f 3914/3914/3914 3913/3913/3913 3912/3912/3912
f 3912/3912/3912 3915/3915/3915 3914/3914/3914
f 3916/3916/3916 3915/3915/3915 3912/3912/3912
f 3912/3912/3912 3917/3917/3917 3916/3916/3916
f 3920/3920/3920 3919/3919/3919 3918/3918/3918
f 3918/3918/3918 3919/3919/3919 3921/3921/3921
f 3922/3922/3922 3918/3918/3918 3921/3921/3921
f 3921/3921/3921 3923/3923/3923 3922/3922/3922
f 3926/3926/3926 3925/3925/3925 3924/3924/3924
f 3925/3925/3925 3926/3926/3926 3927/3927/3927
f 3930/3930/3930 3929/3929/3929 3928/3928/3928
f 3930/3930/3930 3931/3931/3931 3929/3929/3929
f 3932/3932/3932 3931/3931/3931 3930/3930/3930
f 3930/3930/3930 3933/3933/3933 3932/3932/3932
f 3936/3936/3936 3935/3935/3935 3934/3934/3934
f 3935/3935/3935 3937/3937/3937 3934/3934/3934
f 3940/3940/3940 3939/3939/3939 3938/3938/3938
f 3938/3938/3938 3939/3939/3939 3941/3941/3941
f 3941/3941/3941 3942/3942/3942 3938/3938/3938
f 3945/3945/3945 3944/3944/3944 3943/3943/3943
f 3943/3943/3943 3946/3946/3946 3945/3945/3945
f 3949/3949/3949 3948/3948/3948 3947/3947/3947
f 3949/3949/3949 3950/3950/3950 3948/3948/3948
f 3949/3949/3949 3951/3951/3951 3950/3950/3950
f 3954/3954/3954 3953/3953/3953 3952/3952/3952
f 3952/3952/3952 3955/3955/3955 3954/3954/3954
f 3958/3958/3958 3957/3957/3957 3956/3956/3956
f 3956/3956/3956 3959/3959/3959 3958/3958/3958
f 3962/3962/3962 3961/3961/3961 3960/3960/3960
f 3960/3960/3960 3963/3963/3963 3962/3962/3962
f 3963/3963/3963 3964/3964/3964 3962/3962/3962
f 3963/3963/3963 3965/3965/3965 3964/3964/3964
f 3968/3968/3968 3967/3967/3967 3966/3966/3966
f 3966/3966/3966 3969/3969/3969 3968/3968/3968
f 3970/3970/3970 3968/3968/3968 3969/3969/3969
f 3970/3970/3970 3969/3969/3969 3971/3971/3971
f 3974/3974/3974 3973/3973/3973 3972/3972/3972
f 3972/3972/3972 3975/3975/3975 3974/3974/3974
f 3975/3975/3975 3972/3972/3972 3976/3976/3976
f 3976/3976/3976 3977/3977/3977 3975/3975/3975
f 3980/3980/3980 3979/3979/3979 3978/3978/3978
f 3980/3980/3980 3981/3981/3981 3979/3979/3979
f 3984/3984/3984 3983/3983/3983 3982/3982/3982
f 3982/3982/3982 3985/3985/3985 3984/3984/3984
f 3986/3986/3986 3984/3984/3984 3985/3985/3985
f 3985/3985/3985 3987/3987/3987 3986/3986/3986
f 3990/3990/3990 3989/3989/3989 3988/3988/3988
f 3990/3990/3990 3991/3991/3991 3989/3989/3989
f 3991/3991/3991 3992/3992/3992 3989/3989/3989
f 3991/3991/3991 3993/3993/3993 3992/3992/3992
f 3996/3996/3996 3995/3995/3995 3994/3994/3994
f 3994/3994/3994 3997/3997/3997 3996/3996/3996
f 4000/4000/4000 3999/3999/3999 3998/3998/3998
f 3998/3998/3998 4001/4001/4001 4000/4000/4000
f 4000/4000/4000 4001/4001/4001 4002/4002/4002
f 4002/4002/4002 4003/4003/4003 4000/4000/4000
f 4006/4006/4006 4005/4005/4005 4004/4004/4004
f 4005/4005/4005 4006/4006/4006 4007/4007/4007
f 4010/4010/4010 4009/4009/4009 4008/4008/4008
f 4011/4011/4011 4010/4010/4010 4008/4008/4008
f 4011/4011/4011 4008/4008/4008 4012/4012/4012
f 4012/4012/4012 4013/4013/4013 4011/4011/4011
f 4016/4016/4016 4015/4015/4015 4014/4014/4014
f 4016/4016/4016 4014/4014/4014 4017/4017/4017
f 4018/4018/4018 4016/4016/4016 4017/4017/4017
f 4017/4017/4017 4019/4019/4019 4018/4018/4018
f 4022/4022/4022 4021/4021/4021 4020/4020/4020
f 4020/4020/4020 4023/4023/4023 4022/4022/4022
f 4026/4026/4026 4025/4025/4025 4024/4024/4024
f 4024/4024/4024 4027/4027/4027 4026/4026/4026
f 4030/4030/4030 4029/4029/4029 4028/4028/4028
f 4030/4030/4030 4031/4031/4031 4029/4029/4029
f 4034/4034/4034 4033/4033/4033 4032/4032/4032
f 4035/4035/4035 4033/4033/4033 4034/4034/4034
f 4036/4036/4036 4035/4035/4035 4034/4034/4034
f 4035/4035/4035 4036/4036/4036 4037/4037/4037
f 4037/4037/4037 4036/4036/4036 4038/4038/4038
f 4038/4038/4038 4036/4036/4036 4039/4039/4039
f 4038/4038/4038 4039/4039/4039 4040/4040/4040
f 4036/4036/4036 4041/4041/4041 4039/4039/4039
f 4042/4042/4042 4039/4039/4039 4041/4041/4041
f 4045/4045/4045 4044/4044/4044 4043/4043/4043
f 4043/4043/4043 4046/4046/4046 4045/4045/4045
f 4049/4049/4049 4048/4048/4048 4047/4047/4047
f 4047/4047/4047 4050/4050/4050 4049/4049/4049
f 4053/4053/4053 4052/4052/4052 4051/4051/4051
f 4054/4054/4054 4051/4051/4051 4052/4052/4052
f 4051/4051/4051 4054/4054/4054 4055/4055/4055
f 4056/4056/4056 4051/4051/4051 4055/4055/4055
f 4051/4051/4051 4056/4056/4056 4057/4057/4057
f 4060/4060/4060 4059/4059/4059 4058/4058/4058
f 4060/4060/4060 4058/4058/4058 4061/4061/4061
f 4060/4060/4060 4061/4061/4061 4062/4062/4062
f 4065/4065/4065 4064/4064/4064 4063/4063/4063
f 4064/4064/4064 4066/4066/4066 4063/4063/4063
f 4063/4063/4063 4066/4066/4066 4067/4067/4067
f 4066/4066/4066 4068/4068/4068 4067/4067/4067
f 4071/4071/4071 4070/4070/4070 4069/4069/4069
f 4072/4072/4072 4071/4071/4071 4069/4069/4069
f 4072/4072/4072 4069/4069/4069 4073/4073/4073
f 4074/4074/4074 4071/4071/4071 4072/4072/4072
f 4072/4072/4072 4075/4075/4075 4074/4074/4074
f 4078/4078/4078 4077/4077/4077 4076/4076/4076
f 4076/4076/4076 4079/4079/4079 4078/4078/4078
f 4082/4082/4082 4081/4081/4081 4080/4080/4080
f 4081/4081/4081 4083/4083/4083 4080/4080/4080
f 4086/4086/4086 4085/4085/4085 4084/4084/4084
f 4087/4087/4087 4086/4086/4086 4084/4084/4084
f 4088/4088/4088 4087/4087/4087 4084/4084/4084
f 4084/4084/4084 4089/4089/4089 4088/4088/4088
f 4089/4089/4089 4084/4084/4084 4090/4090/4090
f 4093/4093/4093 4092/4092/4092 4091/4091/4091
f 4093/4093/4093 4094/4094/4094 4092/4092/4092
f 4097/4097/4097 4096/4096/4096 4095/4095/4095
f 4095/4095/4095 4096/4096/4096 4098/4098/4098
f 4099/4099/4099 4098/4098/4098 4096/4096/4096
f 4099/4099/4099 4100/4100/4100 4098/4098/4098
f 4103/4103/4103 4102/4102/4102 4101/4101/4101
f 4104/4104/4104 4103/4103/4103 4101/4101/4101
f 4105/4105/4105 4103/4103/4103 4104/4104/4104
f 4105/4105/4105 4104/4104/4104 4106/4106/4106
f 4109/4109/4109 4108/4108/4108 4107/4107/4107
f 4107/4107/4107 4110/4110/4110 4109/4109/4109
f 4113/4113/4113 4112/4112/4112 4111/4111/4111
f 4114/4114/4114 4113/4113/4113 4111/4111/4111
f 4114/4114/4114 4111/4111/4111 4115/4115/4115
f 4118/4118/4118 4117/4117/4117 4116/4116/4116
f 4116/4116/4116 4119/4119/4119 4118/4118/4118
f 4122/4122/4122 4121/4121/4121 4120/4120/4120
f 4123/4123/4123 4120/4120/4120 4121/4121/4121
f 4124/4124/4124 4123/4123/4123 4121/4121/4121
f 4121/4121/4121 4125/4125/4125 4124/4124/4124
f 4128/4128/4128 4127/4127/4127 4126/4126/4126
f 4126/4126/4126 4129/4129/4129 4128/4128/4128
f 4132/4132/4132 4131/4131/4131 4130/4130/4130
f 4130/4130/4130 4133/4133/4133 4132/4132/4132
f 4133/4133/4133 4134/4134/4134 4132/4132/4132
f 4134/4134/4134 4135/4135/4135 4132/4132/4132
f 4138/4138/4138 4137/4137/4137 4136/4136/4136
f 4136/4136/4136 4139/4139/4139 4138/4138/4138
f 4140/4140/4140 4139/4139/4139 4136/4136/4136
f 4136/4136/4136 4141/4141/4141 4140/4140/4140
f 4144/4144/4144 4143/4143/4143 4142/4142/4142
f 4142/4142/4142 4145/4145/4145 4144/4144/4144
f 4146/4146/4146 4145/4145/4145 4142/4142/4142
f 4142/4142/4142 4147/4147/4147 4146/4146/4146
f 4150/4150/4150 4149/4149/4149 4148/4148/4148
f 4148/4148/4148 4151/4151/4151 4150/4150/4150
f 4154/4154/4154 4153/4153/4153 4152/4152/4152
f 4153/4153/4153 4155/4155/4155 4152/4152/4152
f 4158/4158/4158 4157/4157/4157 4156/4156/4156
f 4156/4156/4156 4159/4159/4159 4158/4158/4158
f 4160/4160/4160 4158/4158/4158 4159/4159/4159
f 4159/4159/4159 4161/4161/4161 4160/4160/4160
f 4162/4162/4162 4160/4160/4160 4161/4161/4161
f 4161/4161/4161 4163/4163/4163 4162/4162/4162
f 4166/4166/4166 4165/4165/4165 4164/4164/4164
f 4164/4164/4164 4165/4165/4165 4167/4167/4167
f 4167/4167/4167 4168/4168/4168 4164/4164/4164
f 4168/4168/4168 4167/4167/4167 4169/4169/4169
f 4172/4172/4172 4171/4171/4171 4170/4170/4170
f 4173/4173/4173 4172/4172/4172 4170/4170/4170
f 4170/4170/4170 4174/4174/4174 4173/4173/4173
f 4173/4173/4173 4174/4174/4174 4175/4175/4175
f 4176/4176/4176 4174/4174/4174 4170/4170/4170
f 4170/4170/4170 4177/4177/4177 4176/4176/4176
f 4180/4180/4180 4179/4179/4179 4178/4178/4178
f 4178/4178/4178 4181/4181/4181 4180/4180/4180
f 4184/4184/4184 4183/4183/4183 4182/4182/4182
f 4183/4183/4183 4185/4185/4185 4182/4182/4182
f 4183/4183/4183 4186/4186/4186 4185/4185/4185
f 4186/4186/4186 4187/4187/4187 4185/4185/4185
f 4187/4187/4187 4188/4188/4188 4185/4185/4185
f 4191/4191/4191 4190/4190/4190 4189/4189/4189
f 4189/4189/4189 4192/4192/4192 4191/4191/4191
f 4195/4195/4195 4194/4194/4194 4193/4193/4193
f 4196/4196/4196 4193/4193/4193 4194/4194/4194
f 4197/4197/4197 4193/4193/4193 4196/4196/4196
f 4196/4196/4196 4198/4198/4198 4197/4197/4197
f 4201/4201/4201 4200/4200/4200 4199/4199/4199
f 4199/4199/4199 4202/4202/4202 4201/4201/4201
f 4202/4202/4202 4203/4203/4203 4201/4201/4201
f 4202/4202/4202 4204/4204/4204 4203/4203/4203
f 4207/4207/4207 4206/4206/4206 4205/4205/4205
f 4207/4207/4207 4205/4205/4205 4208/4208/4208
f 4209/4209/4209 4207/4207/4207 4208/4208/4208
f 4210/4210/4210 4209/4209/4209 4208/4208/4208
f 4211/4211/4211 4210/4210/4210 4208/4208/4208
f 4214/4214/4214 4213/4213/4213 4212/4212/4212
f 4212/4212/4212 4215/4215/4215 4214/4214/4214
f 4218/4218/4218 4217/4217/4217 4216/4216/4216
f 4216/4216/4216 4219/4219/4219 4218/4218/4218
f 4219/4219/4219 4216/4216/4216 4220/4220/4220
f 4220/4220/4220 4221/4221/4221 4219/4219/4219
f 4224/4224/4224 4223/4223/4223 4222/4222/4222
f 4222/4222/4222 4225/4225/4225 4224/4224/4224
f 4224/4224/4224 4225/4225/4225 4226/4226/4226
f 4226/4226/4226 4227/4227/4227 4224/4224/4224
f 4230/4230/4230 4229/4229/4229 4228/4228/4228
f 4228/4228/4228 4231/4231/4231 4230/4230/4230
f 4234/4234/4234 4233/4233/4233 4232/4232/4232
f 4234/4234/4234 4235/4235/4235 4233/4233/4233
f 4235/4235/4235 4234/4234/4234 4236/4236/4236
f 4237/4237/4237 4236/4236/4236 4234/4234/4234
f 4240/4240/4240 4239/4239/4239 4238/4238/4238
f 4238/4238/4238 4241/4241/4241 4240/4240/4240
f 4244/4244/4244 4243/4243/4243 4242/4242/4242
f 4242/4242/4242 4245/4245/4245 4244/4244/4244
f 4248/4248/4248 4247/4247/4247 4246/4246/4246
f 4248/4248/4248 4249/4249/4249 4247/4247/4247
f 4252/4252/4252 4251/4251/4251 4250/4250/4250
f 4250/4250/4250 4253/4253/4253 4252/4252/4252
f 4256/4256/4256 4255/4255/4255 4254/4254/4254
f 4254/4254/4254 4257/4257/4257 4256/4256/4256
f 4260/4260/4260 4259/4259/4259 4258/4258/4258
f 4261/4261/4261 4258/4258/4258 4259/4259/4259
f 4259/4259/4259 4262/4262/4262 4261/4261/4261
f 4263/4263/4263 4261/4261/4261 4262/4262/4262
f 4263/4263/4263 4264/4264/4264 4261/4261/4261
f 4264/4264/4264 4263/4263/4263 4265/4265/4265
f 4263/4263/4263 4266/4266/4266 4265/4265/4265
f 4265/4265/4265 4266/4266/4266 4267/4267/4267
f 4267/4267/4267 4268/4268/4268 4265/4265/4265
f 4271/4271/4271 4270/4270/4270 4269/4269/4269
f 4269/4269/4269 4272/4272/4272 4271/4271/4271
f 4275/4275/4275 4274/4274/4274 4273/4273/4273
f 4275/4275/4275 4273/4273/4273 4276/4276/4276
f 4276/4276/4276 4277/4277/4277 4275/4275/4275
f 4278/4278/4278 4277/4277/4277 4276/4276/4276
f 4278/4278/4278 4276/4276/4276 4279/4279/4279
f 4278/4278/4278 4279/4279/4279 4280/4280/4280
f 4281/4281/4281 4278/4278/4278 4280/4280/4280
f 4281/4281/4281 4280/4280/4280 4282/4282/4282
f 4283/4283/4283 4282/4282/4282 4280/4280/4280
f 4286/4286/4286 4285/4285/4285 4284/4284/4284
f 4284/4284/4284 4287/4287/4287 4286/4286/4286
f 4286/4286/4286 4287/4287/4287 4288/4288/4288
f 4288/4288/4288 4289/4289/4289 4286/4286/4286
f 4289/4289/4289 4288/4288/4288 4290/4290/4290
f 4291/4291/4291 4290/4290/4290 4288/4288/4288
f 4292/4292/4292 4290/4290/4290 4291/4291/4291
f 4291/4291/4291 4293/4293/4293 4292/4292/4292
f 4294/4294/4294 4292/4292/4292 4293/4293/4293
f 4294/4294/4294 4295/4295/4295 4292/4292/4292
f 4296/4296/4296 4295/4295/4295 4294/4294/4294
f 4295/4295/4295 4296/4296/4296 4297/4297/4297
f 4296/4296/4296 4298/4298/4298 4297/4297/4297
f 4299/4299/4299 4298/4298/4298 4296/4296/4296
f 4302/4302/4302 4301/4301/4301 4300/4300/4300
f 4303/4303/4303 4301/4301/4301 4302/4302/4302
f 4306/4306/4306 4305/4305/4305 4304/4304/4304
f 4304/4304/4304 4307/4307/4307 4306/4306/4306
f 4308/4308/4308 4306/4306/4306 4307/4307/4307
f 4307/4307/4307 4309/4309/4309 4308/4308/4308
f 4312/4312/4312 4311/4311/4311 4310/4310/4310
f 4310/4310/4310 4313/4313/4313 4312/4312/4312
f 4312/4312/4312 4313/4313/4313 4314/4314/4314
f 4314/4314/4314 4315/4315/4315 4312/4312/4312
f 4318/4318/4318 4317/4317/4317 4316/4316/4316
f 4317/4317/4317 4318/4318/4318 4319/4319/4319
f 4319/4319/4319 4318/4318/4318 4320/4320/4320
f 4320/4320/4320 4321/4321/4321 4319/4319/4319
f 4324/4324/4324 4323/4323/4323 4322/4322/4322
f 4323/4323/4323 4325/4325/4325 4322/4322/4322
f 4328/4328/4328 4327/4327/4327 4326/4326/4326
f 4329/4329/4329 4326/4326/4326 4327/4327/4327
f 4326/4326/4326 4329/4329/4329 4330/4330/4330
f 4330/4330/4330 4331/4331/4331 4326/4326/4326
f 4334/4334/4334 4333/4333/4333 4332/4332/4332
f 4332/4332/4332 4335/4335/4335 4334/4334/4334
f 4338/4338/4338 4337/4337/4337 4336/4336/4336
f 4339/4339/4339 4338/4338/4338 4336/4336/4336
f 4336/4336/4336 4340/4340/4340 4339/4339/4339
f 4343/4343/4343 4342/4342/4342 4341/4341/4341
f 4341/4341/4341 4344/4344/4344 4343/4343/4343
f 4347/4347/4347 4346/4346/4346 4345/4345/4345
f 4347/4347/4347 4348/4348/4348 4346/4346/4346
f 4348/4348/4348 4349/4349/4349 4346/4346/4346
f 4352/4352/4352 4351/4351/4351 4350/4350/4350
f 4350/4350/4350 4353/4353/4353 4352/4352/4352
f 4356/4356/4356 4355/4355/4355 4354/4354/4354
f 4354/4354/4354 4357/4357/4357 4356/4356/4356
f 4360/4360/4360 4359/4359/4359 4358/4358/4358
f 4361/4361/4361 4358/4358/4358 4359/4359/4359
f 4359/4359/4359 4362/4362/4362 4361/4361/4361
f 4363/4363/4363 4361/4361/4361 4362/4362/4362
f 4366/4366/4366 4365/4365/4365 4364/4364/4364
f 4367/4367/4367 4364/4364/4364 4365/4365/4365
f 4365/4365/4365 4368/4368/4368 4367/4367/4367
f 4369/4369/4369 4367/4367/4367 4368/4368/4368
f 4372/4372/4372 4371/4371/4371 4370/4370/4370
f 4372/4372/4372 4370/4370/4370 4373/4373/4373
f 4373/4373/4373 4374/4374/4374 4372/4372/4372
f 4373/4373/4373 4375/4375/4375 4374/4374/4374
f 4378/4378/4378 4377/4377/4377 4376/4376/4376
f 4379/4379/4379 4376/4376/4376 4377/4377/4377
f 4382/4382/4382 4381/4381/4381 4380/4380/4380
f 4383/4383/4383 4380/4380/4380 4381/4381/4381
f 4381/4381/4381 4384/4384/4384 4383/4383/4383
f 4384/4384/4384 4385/4385/4385 4383/4383/4383
f 4388/4388/4388 4387/4387/4387 4386/4386/4386
f 4386/4386/4386 4389/4389/4389 4388/4388/4388
f 4389/4389/4389 4386/4386/4386 4390/4390/4390
f 4390/4390/4390 4391/4391/4391 4389/4389/4389
f 4394/4394/4394 4393/4393/4393 4392/4392/4392
f 4392/4392/4392 4395/4395/4395 4394/4394/4394
f 4398/4398/4398 4397/4397/4397 4396/4396/4396
f 4399/4399/4399 4396/4396/4396 4397/4397/4397
f 4400/4400/4400 4399/4399/4399 4397/4397/4397
f 4397/4397/4397 4401/4401/4401 4400/4400/4400
f 4404/4404/4404 4403/4403/4403 4402/4402/4402
f 4403/4403/4403 4405/4405/4405 4402/4402/4402
f 4408/4408/4408 4407/4407/4407 4406/4406/4406
f 4408/4408/4408 4406/4406/4406 4409/4409/4409
f 4410/4410/4410 4408/4408/4408 4409/4409/4409
f 4409/4409/4409 4411/4411/4411 4410/4410/4410
f 4414/4414/4414 4413/4413/4413 4412/4412/4412
f 4412/4412/4412 4415/4415/4415 4414/4414/4414
f 4412/4412/4412 4416/4416/4416 4415/4415/4415
f 4416/4416/4416 4417/4417/4417 4415/4415/4415
f 4420/4420/4420 4419/4419/4419 4418/4418/4418
f 4418/4418/4418 4421/4421/4421 4420/4420/4420
f 4424/4424/4424 4423/4423/4423 4422/4422/4422
f 4422/4422/4422 4425/4425/4425 4424/4424/4424
f 4428/4428/4428 4427/4427/4427 4426/4426/4426
f 4429/4429/4429 4426/4426/4426 4427/4427/4427
f 4432/4432/4432 4431/4431/4431 4430/4430/4430
f 4430/4430/4430 4433/4433/4433 4432/4432/4432
f 4436/4436/4436 4435/4435/4435 4434/4434/4434
f 4435/4435/4435 4437/4437/4437 4434/4434/4434
f 4434/4434/4434 4437/4437/4437 4438/4438/4438
f 4434/4434/4434 4438/4438/4438 4439/4439/4439
f 4439/4439/4439 4438/4438/4438 4440/4440/4440
f 4441/4441/4441 4434/4434/4434 4439/4439/4439
f 4439/4439/4439 4442/4442/4442 4441/4441/4441
f 4445/4445/4445 4444/4444/4444 4443/4443/4443
f 4443/4443/4443 4446/4446/4446 4445/4445/4445
f 4449/4449/4449 4448/4448/4448 4447/4447/4447
f 4448/4448/4448 4450/4450/4450 4447/4447/4447
f 4453/4453/4453 4452/4452/4452 4451/4451/4451
f 4451/4451/4451 4454/4454/4454 4453/4453/4453
f 4451/4451/4451 4455/4455/4455 4454/4454/4454
f 4455/4455/4455 4451/4451/4451 4456/4456/4456
f 4456/4456/4456 4451/4451/4451 4457/4457/4457
f 4460/4460/4460 4459/4459/4459 4458/4458/4458
f 4458/4458/4458 4459/4459/4459 4461/4461/4461
f 4461/4461/4461 4459/4459/4459 4462/4462/4462
f 4465/4465/4465 4464/4464/4464 4463/4463/4463
f 4463/4463/4463 4466/4466/4466 4465/4465/4465
f 4469/4469/4469 4468/4468/4468 4467/4467/4467
f 4468/4468/4468 4469/4469/4469 4470/4470/4470
f 4470/4470/4470 4469/4469/4469 4471/4471/4471
f 4469/4469/4469 4472/4472/4472 4471/4471/4471
f 4471/4471/4471 4472/4472/4472 4473/4473/4473
f 4469/4469/4469 4474/4474/4474 4472/4472/4472
f 4475/4475/4475 4472/4472/4472 4474/4474/4474
f 4478/4478/4478 4477/4477/4477 4476/4476/4476
f 4476/4476/4476 4479/4479/4479 4478/4478/4478
f 4482/4482/4482 4481/4481/4481 4480/4480/4480
f 4480/4480/4480 4483/4483/4483 4482/4482/4482
f 4486/4486/4486 4485/4485/4485 4484/4484/4484
f 4485/4485/4485 4487/4487/4487 4484/4484/4484
f 4484/4484/4484 4487/4487/4487 4488/4488/4488
f 4488/4488/4488 4489/4489/4489 4484/4484/4484
f 4484/4484/4484 4489/4489/4489 4490/4490/4490
f 4493/4493/4493 4492/4492/4492 4491/4491/4491
f 4494/4494/4494 4492/4492/4492 4493/4493/4493
f 4497/4497/4497 4496/4496/4496 4495/4495/4495
f 4497/4497/4497 4495/4495/4495 4498/4498/4498
f 4499/4499/4499 4497/4497/4497 4498/4498/4498
f 4499/4499/4499 4498/4498/4498 4500/4500/4500
f 4503/4503/4503 4502/4502/4502 4501/4501/4501
f 4502/4502/4502 4504/4504/4504 4501/4501/4501
f 4505/4505/4505 4504/4504/4504 4502/4502/4502
f 4505/4505/4505 4506/4506/4506 4504/4504/4504
f 4509/4509/4509 4508/4508/4508 4507/4507/4507
f 4507/4507/4507 4510/4510/4510 4509/4509/4509
f 4513/4513/4513 4512/4512/4512 4511/4511/4511
f 4512/4512/4512 4514/4514/4514 4511/4511/4511
f 4511/4511/4511 4514/4514/4514 4515/4515/4515
f 4518/4518/4518 4517/4517/4517 4516/4516/4516
f 4516/4516/4516 4519/4519/4519 4518/4518/4518
f 4522/4522/4522 4521/4521/4521 4520/4520/4520
f 4520/4520/4520 4523/4523/4523 4522/4522/4522
f 4522/4522/4522 4523/4523/4523 4524/4524/4524
f 4524/4524/4524 4525/4525/4525 4522/4522/4522
f 4528/4528/4528 4527/4527/4527 4526/4526/4526
f 4526/4526/4526 4529/4529/4529 4528/4528/4528
f 4532/4532/4532 4531/4531/4531 4530/4530/4530
f 4530/4530/4530 4533/4533/4533 4532/4532/4532
f 4530/4530/4530 4534/4534/4534 4533/4533/4533
f 4534/4534/4534 4530/4530/4530 4535/4535/4535
f 4538/4538/4538 4537/4537/4537 4536/4536/4536
f 4536/4536/4536 4539/4539/4539 4538/4538/4538
f 4538/4538/4538 4539/4539/4539 4540/4540/4540
f 4540/4540/4540 4541/4541/4541 4538/4538/4538
f 4544/4544/4544 4543/4543/4543 4542/4542/4542
f 4545/4545/4545 4544/4544/4544 4542/4542/4542
f 4545/4545/4545 4542/4542/4542 4546/4546/4546
f 4546/4546/4546 4547/4547/4547 4545/4545/4545
f 4550/4550/4550 4549/4549/4549 4548/4548/4548
f 4549/4549/4549 4551/4551/4551 4548/4548/4548
f 4554/4554/4554 4553/4553/4553 4552/4552/4552
f 4554/4554/4554 4555/4555/4555 4553/4553/4553
f 4558/4558/4558 4557/4557/4557 4556/4556/4556
f 4556/4556/4556 4559/4559/4559 4558/4558/4558
f 4560/4560/4560 4559/4559/4559 4556/4556/4556
f 4561/4561/4561 4560/4560/4560 4556/4556/4556
f 4562/4562/4562 4560/4560/4560 4561/4561/4561
f 4563/4563/4563 4562/4562/4562 4561/4561/4561
f 4566/4566/4566 4565/4565/4565 4564/4564/4564
f 4567/4567/4567 4566/4566/4566 4564/4564/4564
f 4564/4564/4564 4568/4568/4568 4567/4567/4567
f 4567/4567/4567 4568/4568/4568 4569/4569/4569
f 4570/4570/4570 4566/4566/4566 4567/4567/4567
f 4567/4567/4567 4571/4571/4571 4570/4570/4570
f 4574/4574/4574 4573/4573/4573 4572/4572/4572
f 4572/4572/4572 4573/4573/4573 4575/4575/4575
f 4575/4575/4575 4576/4576/4576 4572/4572/4572
f 4576/4576/4576 4575/4575/4575 4577/4577/4577
f 4572/4572/4572 4576/4576/4576 4578/4578/4578
f 4578/4578/4578 4579/4579/4579 4572/4572/4572
f 4582/4582/4582 4581/4581/4581 4580/4580/4580
f 4580/4580/4580 4583/4583/4583 4582/4582/4582
f 4586/4586/4586 4585/4585/4585 4584/4584/4584
f 4587/4587/4587 4586/4586/4586 4584/4584/4584
f 4588/4588/4588 4586/4586/4586 4587/4587/4587
f 4589/4589/4589 4588/4588/4588 4587/4587/4587
f 4590/4590/4590 4589/4589/4589 4587/4587/4587
f 4593/4593/4593 4592/4592/4592 4591/4591/4591
f 4591/4591/4591 4594/4594/4594 4593/4593/4593
f 4597/4597/4597 4596/4596/4596 4595/4595/4595
f 4598/4598/4598 4596/4596/4596 4597/4597/4597
f 4598/4598/4598 4597/4597/4597 4599/4599/4599
f 4599/4599/4599 4600/4600/4600 4598/4598/4598
f 4603/4603/4603 4602/4602/4602 4601/4601/4601
f 4601/4601/4601 4604/4604/4604 4603/4603/4603
f 4605/4605/4605 4604/4604/4604 4601/4601/4601
f 4606/4606/4606 4604/4604/4604 4605/4605/4605
f 4609/4609/4609 4608/4608/4608 4607/4607/4607
f 4607/4607/4607 4608/4608/4608 4610/4610/4610
f 4608/4608/4608 4611/4611/4611 4610/4610/4610
f 4611/4611/4611 4612/4612/4612 4610/4610/4610
f 4612/4612/4612 4613/4613/4613 4610/4610/4610
f 4616/4616/4616 4615/4615/4615 4614/4614/4614
f 4614/4614/4614 4617/4617/4617 4616/4616/4616
f 4620/4620/4620 4619/4619/4619 4618/4618/4618
f 4618/4618/4618 4621/4621/4621 4620/4620/4620
f 4618/4618/4618 4622/4622/4622 4621/4621/4621
f 4621/4621/4621 4622/4622/4622 4623/4623/4623
f 4626/4626/4626 4625/4625/4625 4624/4624/4624
f 4624/4624/4624 4627/4627/4627 4626/4626/4626
f 4628/4628/4628 4627/4627/4627 4624/4624/4624
f 4628/4628/4628 4629/4629/4629 4627/4627/4627
f 4632/4632/4632 4631/4631/4631 4630/4630/4630
f 4631/4631/4631 4633/4633/4633 4630/4630/4630
f 4634/4634/4634 4633/4633/4633 4631/4631/4631
f 4631/4631/4631 4635/4635/4635 4634/4634/4634
f 4638/4638/4638 4637/4637/4637 4636/4636/4636
f 4639/4639/4639 4636/4636/4636 4637/4637/4637
f 4640/4640/4640 4636/4636/4636 4639/4639/4639
f 4639/4639/4639 4641/4641/4641 4640/4640/4640
f 4644/4644/4644 4643/4643/4643 4642/4642/4642
f 4642/4642/4642 4645/4645/4645 4644/4644/4644
f 4648/4648/4648 4647/4647/4647 4646/4646/4646
f 4647/4647/4647 4649/4649/4649 4646/4646/4646
f 4652/4652/4652 4651/4651/4651 4650/4650/4650
f 4650/4650/4650 4653/4653/4653 4652/4652/4652
f 4656/4656/4656 4655/4655/4655 4654/4654/4654
f 4656/4656/4656 4654/4654/4654 4657/4657/4657
f 4657/4657/4657 4658/4658/4658 4656/4656/4656
f 4657/4657/4657 4659/4659/4659 4658/4658/4658
f 4660/4660/4660 4659/4659/4659 4657/4657/4657
f 4659/4659/4659 4660/4660/4660 4661/4661/4661
f 4662/4662/4662 4659/4659/4659 4661/4661/4661
f 4663/4663/4663 4662/4662/4662 4661/4661/4661
f 4661/4661/4661 4664/4664/4664 4663/4663/4663
f 4667/4667/4667 4666/4666/4666 4665/4665/4665
f 4666/4666/4666 4668/4668/4668 4665/4665/4665
f 4669/4669/4669 4665/4665/4665 4668/4668/4668
f 4668/4668/4668 4670/4670/4670 4669/4669/4669
f 4673/4673/4673 4672/4672/4672 4671/4671/4671
f 4671/4671/4671 4674/4674/4674 4673/4673/4673
f 4677/4677/4677 4676/4676/4676 4675/4675/4675
f 4675/4675/4675 4678/4678/4678 4677/4677/4677
f 4679/4679/4679 4678/4678/4678 4675/4675/4675
f 4680/4680/4680 4678/4678/4678 4679/4679/4679
f 4683/4683/4683 4682/4682/4682 4681/4681/4681
f 4681/4681/4681 4684/4684/4684 4683/4683/4683
f 4687/4687/4687 4686/4686/4686 4685/4685/4685
f 4688/4688/4688 4685/4685/4685 4686/4686/4686
f 4686/4686/4686 4689/4689/4689 4688/4688/4688
f 4689/4689/4689 4690/4690/4690 4688/4688/4688
f 4688/4688/4688 4690/4690/4690 4691/4691/4691
f 4691/4691/4691 4690/4690/4690 4692/4692/4692
f 4690/4690/4690 4693/4693/4693 4692/4692/4692
f 4692/4692/4692 4693/4693/4693 4694/4694/4694
f 4694/4694/4694 4695/4695/4695 4692/4692/4692
f 4698/4698/4698 4697/4697/4697 4696/4696/4696
f 4697/4697/4697 4699/4699/4699 4696/4696/4696
f 4702/4702/4702 4701/4701/4701 4700/4700/4700
f 4700/4700/4700 4703/4703/4703 4702/4702/4702
f 4706/4706/4706 4705/4705/4705 4704/4704/4704
f 4706/4706/4706 4707/4707/4707 4705/4705/4705
f 4710/4710/4710 4709/4709/4709 4708/4708/4708
f 4708/4708/4708 4711/4711/4711 4710/4710/4710
f 4711/4711/4711 4708/4708/4708 4712/4712/4712
f 4712/4712/4712 4713/4713/4713 4711/4711/4711
f 4716/4716/4716 4715/4715/4715 4714/4714/4714
f 4714/4714/4714 4717/4717/4717 4716/4716/4716
f 4718/4718/4718 4717/4717/4717 4714/4714/4714
f 4714/4714/4714 4719/4719/4719 4718/4718/4718
f 4722/4722/4722 4721/4721/4721 4720/4720/4720
f 4721/4721/4721 4723/4723/4723 4720/4720/4720
f 4724/4724/4724 4720/4720/4720 4723/4723/4723
f 4723/4723/4723 4725/4725/4725 4724/4724/4724
f 4728/4728/4728 4727/4727/4727 4726/4726/4726
f 4726/4726/4726 4729/4729/4729 4728/4728/4728
f 4732/4732/4732 4731/4731/4731 4730/4730/4730
f 4732/4732/4732 4733/4733/4733 4731/4731/4731
f 4734/4734/4734 4733/4733/4733 4732/4732/4732
f 4732/4732/4732 4735/4735/4735 4734/4734/4734
f 4738/4738/4738 4737/4737/4737 4736/4736/4736
f 4736/4736/4736 4739/4739/4739 4738/4738/4738
f 4742/4742/4742 4741/4741/4741 4740/4740/4740
f 4740/4740/4740 4741/4741/4741 4743/4743/4743
f 4743/4743/4743 4744/4744/4744 4740/4740/4740
f 4747/4747/4747 4746/4746/4746 4745/4745/4745
f 4745/4745/4745 4748/4748/4748 4747/4747/4747
f 4751/4751/4751 4750/4750/4750 4749/4749/4749
f 4751/4751/4751 4752/4752/4752 4750/4750/4750
f 4751/4751/4751 4753/4753/4753 4752/4752/4752
f 4756/4756/4756 4755/4755/4755 4754/4754/4754
f 4754/4754/4754 4757/4757/4757 4756/4756/4756
f 4760/4760/4760 4759/4759/4759 4758/4758/4758
f 4758/4758/4758 4761/4761/4761 4760/4760/4760
f 4764/4764/4764 4763/4763/4763 4762/4762/4762
f 4764/4764/4764 4765/4765/4765 4763/4763/4763
f 4765/4765/4765 4766/4766/4766 4763/4763/4763
f 4765/4765/4765 4767/4767/4767 4766/4766/4766
f 4770/4770/4770 4769/4769/4769 4768/4768/4768
f 4770/4770/4770 4768/4768/4768 4771/4771/4771
f 4772/4772/4772 4770/4770/4770 4771/4771/4771
f 4772/4772/4772 4771/4771/4771 4773/4773/4773
f 4776/4776/4776 4775/4775/4775 4774/4774/4774
f 4774/4774/4774 4777/4777/4777 4776/4776/4776
f 4777/4777/4777 4774/4774/4774 4778/4778/4778
f 4778/4778/4778 4779/4779/4779 4777/4777/4777
f 4782/4782/4782 4781/4781/4781 4780/4780/4780
f 4782/4782/4782 4783/4783/4783 4781/4781/4781
f 4786/4786/4786 4785/4785/4785 4784/4784/4784
f 4784/4784/4784 4787/4787/4787 4786/4786/4786
f 4787/4787/4787 4788/4788/4788 4786/4786/4786
f 4787/4787/4787 4789/4789/4789 4788/4788/4788
f 4792/4792/4792 4791/4791/4791 4790/4790/4790
f 4792/4792/4792 4790/4790/4790 4793/4793/4793
f 4792/4792/4792 4793/4793/4793 4794/4794/4794
f 4794/4794/4794 4795/4795/4795 4792/4792/4792
f 4798/4798/4798 4797/4797/4797 4796/4796/4796
f 4796/4796/4796 4799/4799/4799 4798/4798/4798
f 4802/4802/4802 4801/4801/4801 4800/4800/4800
f 4803/4803/4803 4801/4801/4801 4802/4802/4802
f 4801/4801/4801 4803/4803/4803 4804/4804/4804
f 4804/4804/4804 4805/4805/4805 4801/4801/4801
f 4808/4808/4808 4807/4807/4807 4806/4806/4806
f 4807/4807/4807 4808/4808/4808 4809/4809/4809
f 4812/4812/4812 4811/4811/4811 4810/4810/4810
f 4813/4813/4813 4812/4812/4812 4810/4810/4810
f 4813/4813/4813 4810/4810/4810 4814/4814/4814
f 4814/4814/4814 4815/4815/4815 4813/4813/4813
f 4818/4818/4818 4817/4817/4817 4816/4816/4816
f 4818/4818/4818 4816/4816/4816 4819/4819/4819
f 4819/4819/4819 4820/4820/4820 4818/4818/4818
f 4819/4819/4819 4821/4821/4821 4820/4820/4820
f 4824/4824/4824 4823/4823/4823 4822/4822/4822
f 4825/4825/4825 4823/4823/4823 4824/4824/4824
f 4828/4828/4828 4827/4827/4827 4826/4826/4826
f 4829/4829/4829 4827/4827/4827 4828/4828/4828
f 4832/4832/4832 4831/4831/4831 4830/4830/4830
f 4832/4832/4832 4833/4833/4833 4831/4831/4831
f 4836/4836/4836 4835/4835/4835 4834/4834/4834
f 4835/4835/4835 4837/4837/4837 4834/4834/4834
f 4834/4834/4834 4837/4837/4837 4838/4838/4838
f 4837/4837/4837 4839/4839/4839 4838/4838/4838
f 4842/4842/4842 4841/4841/4841 4840/4840/4840
f 4840/4840/4840 4843/4843/4843 4842/4842/4842
f 4846/4846/4846 4845/4845/4845 4844/4844/4844
f 4844/4844/4844 4847/4847/4847 4846/4846/4846
f 4847/4847/4847 4848/4848/4848 4846/4846/4846
f 4846/4846/4846 4848/4848/4848 4849/4849/4849
f 4847/4847/4847 4850/4850/4850 4848/4848/4848
f 4853/4853/4853 4852/4852/4852 4851/4851/4851
f 4852/4852/4852 4854/4854/4854 4851/4851/4851
f 4857/4857/4857 4856/4856/4856 4855/4855/4855
f 4855/4855/4855 4858/4858/4858 4857/4857/4857
f 4855/4855/4855 4859/4859/4859 4858/4858/4858
f 4859/4859/4859 4855/4855/4855 4860/4860/4860
f 4860/4860/4860 4855/4855/4855 4861/4861/4861
f 4864/4864/4864 4863/4863/4863 4862/4862/4862
f 4862/4862/4862 4863/4863/4863 4865/4865/4865
f 4865/4865/4865 4863/4863/4863 4866/4866/4866
f 4869/4869/4869 4868/4868/4868 4867/4867/4867
f 4870/4870/4870 4868/4868/4868 4869/4869/4869
f 4871/4871/4871 4870/4870/4870 4869/4869/4869
f 4870/4870/4870 4871/4871/4871 4872/4872/4872
f 4872/4872/4872 4871/4871/4871 4873/4873/4873
f 4871/4871/4871 4874/4874/4874 4873/4873/4873
f 4873/4873/4873 4874/4874/4874 4875/4875/4875
f 4871/4871/4871 4876/4876/4876 4874/4874/4874
f 4877/4877/4877 4874/4874/4874 4876/4876/4876
f 4880/4880/4880 4879/4879/4879 4878/4878/4878
f 4880/4880/4880 4881/4881/4881 4879/4879/4879
f 4884/4884/4884 4883/4883/4883 4882/4882/4882
f 4882/4882/4882 4885/4885/4885 4884/4884/4884
f 4888/4888/4888 4887/4887/4887 4886/4886/4886
f 4887/4887/4887 4889/4889/4889 4886/4886/4886
f 4886/4886/4886 4889/4889/4889 4890/4890/4890
f 4890/4890/4890 4891/4891/4891 4886/4886/4886
f 4886/4886/4886 4891/4891/4891 4892/4892/4892
f 4895/4895/4895 4894/4894/4894 4893/4893/4893
f 4893/4893/4893 4896/4896/4896 4895/4895/4895
f 4899/4899/4899 4898/4898/4898 4897/4897/4897
f 4899/4899/4899 4897/4897/4897 4900/4900/4900
f 4900/4900/4900 4897/4897/4897 4901/4901/4901
f 4899/4899/4899 4900/4900/4900 4902/4902/4902
f 4903/4903/4903 4902/4902/4902 4900/4900/4900
f 4906/4906/4906 4905/4905/4905 4904/4904/4904
f 4905/4905/4905 4907/4907/4907 4904/4904/4904
f 4905/4905/4905 4908/4908/4908 4907/4907/4907
f 4907/4907/4907 4908/4908/4908 4909/4909/4909
f 4912/4912/4912 4911/4911/4911 4910/4910/4910
f 4910/4910/4910 4913/4913/4913 4912/4912/4912
f 4916/4916/4916 4915/4915/4915 4914/4914/4914
f 4915/4915/4915 4917/4917/4917 4914/4914/4914
f 4914/4914/4914 4917/4917/4917 4918/4918/4918
f 4921/4921/4921 4920/4920/4920 4919/4919/4919
f 4919/4919/4919 4922/4922/4922 4921/4921/4921
f 4925/4925/4925 4924/4924/4924 4923/4923/4923
f 4923/4923/4923 4926/4926/4926 4925/4925/4925
f 4927/4927/4927 4926/4926/4926 4923/4923/4923
f 4923/4923/4923 4928/4928/4928 4927/4927/4927
f 4931/4931/4931 4930/4930/4930 4929/4929/4929
f 4929/4929/4929 4932/4932/4932 4931/4931/4931
f 4935/4935/4935 4934/4934/4934 4933/4933/4933
f 4934/4934/4934 4935/4935/4935 4936/4936/4936
f 4934/4934/4934 4936/4936/4936 4937/4937/4937
f 4937/4937/4937 4938/4938/4938 4934/4934/4934
f 4941/4941/4941 4940/4940/4940 4939/4939/4939
f 4941/4941/4941 4939/4939/4939 4942/4942/4942
f 4943/4943/4943 4941/4941/4941 4942/4942/4942
f 4942/4942/4942 4944/4944/4944 4943/4943/4943
f 4947/4947/4947 4946/4946/4946 4945/4945/4945
f 4947/4947/4947 4945/4945/4945 4948/4948/4948
f 4948/4948/4948 4949/4949/4949 4947/4947/4947
f 4949/4949/4949 4950/4950/4950 4947/4947/4947
f 4953/4953/4953 4952/4952/4952 4951/4951/4951
f 4951/4951/4951 4954/4954/4954 4953/4953/4953
f 4957/4957/4957 4956/4956/4956 4955/4955/4955
f 4955/4955/4955 4958/4958/4958 4957/4957/4957
f 4961/4961/4961 4960/4960/4960 4959/4959/4959
f 4959/4959/4959 4960/4960/4960 4962/4962/4962
f 4962/4962/4962 4960/4960/4960 4963/4963/4963
f 4963/4963/4963 4964/4964/4964 4962/4962/4962
f 4964/4964/4964 4963/4963/4963 4965/4965/4965
f 4965/4965/4965 4966/4966/4966 4964/4964/4964
f 4969/4969/4969 4968/4968/4968 4967/4967/4967
f 4970/4970/4970 4969/4969/4969 4967/4967/4967
f 4967/4967/4967 4971/4971/4971 4970/4970/4970
f 4970/4970/4970 4971/4971/4971 4972/4972/4972
f 4973/4973/4973 4969/4969/4969 4970/4970/4970
f 4970/4970/4970 4974/4974/4974 4973/4973/4973
f 4977/4977/4977 4976/4976/4976 4975/4975/4975
f 4975/4975/4975 4976/4976/4976 4978/4978/4978
f 4978/4978/4978 4979/4979/4979 4975/4975/4975
f 4979/4979/4979 4978/4978/4978 4980/4980/4980
f 4983/4983/4983 4982/4982/4982 4981/4981/4981
f 4981/4981/4981 4984/4984/4984 4983/4983/4983
f 4987/4987/4987 4986/4986/4986 4985/4985/4985
f 4988/4988/4988 4987/4987/4987 4985/4985/4985
f 4989/4989/4989 4987/4987/4987 4988/4988/4988
f 4990/4990/4990 4989/4989/4989 4988/4988/4988
f 4991/4991/4991 4990/4990/4990 4988/4988/4988
f 4994/4994/4994 4993/4993/4993 4992/4992/4992
f 4992/4992/4992 4995/4995/4995 4994/4994/4994
f 4998/4998/4998 4997/4997/4997 4996/4996/4996
f 4996/4996/4996 4999/4999/4999 4998/4998/4998
f 4999/4999/4999 4996/4996/4996 5000/5000/5000
f 5000/5000/5000 5001/5001/5001 4999/4999/4999
f 5004/5004/5004 5003/5003/5003 5002/5002/5002
f 5002/5002/5002 5005/5005/5005 5004/5004/5004
f 5006/5006/5006 5005/5005/5005 5002/5002/5002
f 5007/5007/5007 5005/5005/5005 5006/5006/5006
f 5010/5010/5010 5009/5009/5009 5008/5008/5008
f 5008/5008/5008 5009/5009/5009 5011/5011/5011
f 5009/5009/5009 5012/5012/5012 5011/5011/5011
f 5012/5012/5012 5013/5013/5013 5011/5011/5011
f 5013/5013/5013 5014/5014/5014 5011/5011/5011
f 5017/5017/5017 5016/5016/5016 5015/5015/5015
f 5015/5015/5015 5018/5018/5018 5017/5017/5017
f 5021/5021/5021 5020/5020/5020 5019/5019/5019
f 5020/5020/5020 5021/5021/5021 5022/5022/5022
f 5023/5023/5023 5022/5022/5022 5021/5021/5021
f 5021/5021/5021 5024/5024/5024 5023/5023/5023
f 5027/5027/5027 5026/5026/5026 5025/5025/5025
f 5025/5025/5025 5028/5028/5028 5027/5027/5027
f 5029/5029/5029 5028/5028/5028 5025/5025/5025
f 5025/5025/5025 5030/5030/5030 5029/5029/5029
f 5033/5033/5033 5032/5032/5032 5031/5031/5031
f 5031/5031/5031 5034/5034/5034 5033/5033/5033
f 5034/5034/5034 5035/5035/5035 5033/5033/5033
f 5036/5036/5036 5033/5033/5033 5035/5035/5035
f 5039/5039/5039 5038/5038/5038 5037/5037/5037
f 5040/5040/5040 5039/5039/5039 5037/5037/5037
f 5039/5039/5039 5040/5040/5040 5041/5041/5041
f 5041/5041/5041 5042/5042/5042 5039/5039/5039
f 5045/5045/5045 5044/5044/5044 5043/5043/5043
f 5043/5043/5043 5046/5046/5046 5045/5045/5045
f 5049/5049/5049 5048/5048/5048 5047/5047/5047
f 5050/5050/5050 5048/5048/5048 5049/5049/5049
f 5053/5053/5053 5052/5052/5052 5051/5051/5051
f 5051/5051/5051 5054/5054/5054 5053/5053/5053
f 5057/5057/5057 5056/5056/5056 5055/5055/5055
f 5056/5056/5056 5058/5058/5058 5055/5055/5055
f 5061/5061/5061 5060/5060/5060 5059/5059/5059
f 5061/5061/5061 5059/5059/5059 5062/5062/5062
f 5062/5062/5062 5063/5063/5063 5061/5061/5061
f 5062/5062/5062 5064/5064/5064 5063/5063/5063
f 5065/5065/5065 5064/5064/5064 5062/5062/5062
f 5064/5064/5064 5065/5065/5065 5066/5066/5066
f 5067/5067/5067 5064/5064/5064 5066/5066/5066
f 5068/5068/5068 5067/5067/5067 5066/5066/5066
f 5066/5066/5066 5069/5069/5069 5068/5068/5068
f 5072/5072/5072 5071/5071/5071 5070/5070/5070
f 5070/5070/5070 5073/5073/5073 5072/5072/5072
f 5076/5076/5076 5075/5075/5075 5074/5074/5074
f 5077/5077/5077 5074/5074/5074 5075/5075/5075
f 5075/5075/5075 5078/5078/5078 5077/5077/5077
f 5078/5078/5078 5079/5079/5079 5077/5077/5077
f 5077/5077/5077 5079/5079/5079 5080/5080/5080
f 5080/5080/5080 5079/5079/5079 5081/5081/5081
f 5079/5079/5079 5082/5082/5082 5081/5081/5081
f 5081/5081/5081 5082/5082/5082 5083/5083/5083
f 5083/5083/5083 5084/5084/5084 5081/5081/5081
f 5087/5087/5087 5086/5086/5086 5085/5085/5085
f 5085/5085/5085 5088/5088/5088 5087/5087/5087
f 5089/5089/5089 5088/5088/5088 5085/5085/5085
f 5085/5085/5085 5090/5090/5090 5089/5089/5089
f 5091/5091/5091 5089/5089/5089 5090/5090/5090
f 5090/5090/5090 5092/5092/5092 5091/5091/5091
f 5093/5093/5093 5091/5091/5091 5092/5092/5092
f 5092/5092/5092 5094/5094/5094 5093/5093/5093
f 5093/5093/5093 5094/5094/5094 5095/5095/5095
f 5095/5095/5095 5096/5096/5096 5093/5093/5093
f 5099/5099/5099 5098/5098/5098 5097/5097/5097
f 5097/5097/5097 5100/5100/5100 5099/5099/5099
f 5103/5103/5103 5102/5102/5102 5101/5101/5101
f 5101/5101/5101 5104/5104/5104 5103/5103/5103
f 5107/5107/5107 5106/5106/5106 5105/5105/5105
f 5105/5105/5105 5108/5108/5108 5107/5107/5107
f 5111/5111/5111 5110/5110/5110 5109/5109/5109
f 5109/5109/5109 5112/5112/5112 5111/5111/5111
f 5112/5112/5112 5109/5109/5109 5113/5113/5113
f 5113/5113/5113 5114/5114/5114 5112/5112/5112
f 5117/5117/5117 5116/5116/5116 5115/5115/5115
f 5115/5115/5115 5118/5118/5118 5117/5117/5117
f 5118/5118/5118 5115/5115/5115 5119/5119/5119
f 5119/5119/5119 5120/5120/5120 5118/5118/5118
f 5123/5123/5123 5122/5122/5122 5121/5121/5121
f 5121/5121/5121 5122/5122/5122 5124/5124/5124
f 5125/5125/5125 5121/5121/5121 5124/5124/5124
f 5124/5124/5124 5126/5126/5126 5125/5125/5125
f 5129/5129/5129 5128/5128/5128 5127/5127/5127
f 5127/5127/5127 5130/5130/5130 5129/5129/5129
f 5133/5133/5133 5132/5132/5132 5131/5131/5131
f 5131/5131/5131 5134/5134/5134 5133/5133/5133
f 5134/5134/5134 5135/5135/5135 5133/5133/5133
f 5135/5135/5135 5136/5136/5136 5133/5133/5133
f 5139/5139/5139 5138/5138/5138 5137/5137/5137
f 5138/5138/5138 5140/5140/5140 5137/5137/5137
f 5143/5143/5143 5142/5142/5142 5141/5141/5141
f 5141/5141/5141 5142/5142/5142 5144/5144/5144
f 5144/5144/5144 5145/5145/5145 5141/5141/5141
f 5148/5148/5148 5147/5147/5147 5146/5146/5146
f 5146/5146/5146 5149/5149/5149 5148/5148/5148
f 5152/5152/5152 5151/5151/5151 5150/5150/5150
f 5152/5152/5152 5153/5153/5153 5151/5151/5151
f 5152/5152/5152 5154/5154/5154 5153/5153/5153
f 5157/5157/5157 5156/5156/5156 5155/5155/5155
f 5155/5155/5155 5158/5158/5158 5157/5157/5157
f 5161/5161/5161 5160/5160/5160 5159/5159/5159
f 5159/5159/5159 5162/5162/5162 5161/5161/5161
f 5165/5165/5165 5164/5164/5164 5163/5163/5163
f 5165/5165/5165 5163/5163/5163 5166/5166/5166
f 5167/5167/5167 5165/5165/5165 5166/5166/5166
f 5166/5166/5166 5168/5168/5168 5167/5167/5167
f 5171/5171/5171 5170/5170/5170 5169/5169/5169
f 5169/5169/5169 5172/5172/5172 5171/5171/5171
f 5175/5175/5175 5174/5174/5174 5173/5173/5173
f 5173/5173/5173 5176/5176/5176 5175/5175/5175
f 5177/5177/5177 5175/5175/5175 5176/5176/5176
f 5177/5177/5177 5176/5176/5176 5178/5178/5178
f 5181/5181/5181 5180/5180/5180 5179/5179/5179
f 5179/5179/5179 5182/5182/5182 5181/5181/5181
f 5182/5182/5182 5179/5179/5179 5183/5183/5183
f 5183/5183/5183 5184/5184/5184 5182/5182/5182
f 5187/5187/5187 5186/5186/5186 5185/5185/5185
f 5185/5185/5185 5188/5188/5188 5187/5187/5187
f 5191/5191/5191 5190/5190/5190 5189/5189/5189
f 5189/5189/5189 5192/5192/5192 5191/5191/5191
f 5192/5192/5192 5193/5193/5193 5191/5191/5191
f 5192/5192/5192 5194/5194/5194 5193/5193/5193
f 5197/5197/5197 5196/5196/5196 5195/5195/5195
f 5195/5195/5195 5198/5198/5198 5197/5197/5197
f 5198/5198/5198 5195/5195/5195 5199/5199/5199
f 5199/5199/5199 5200/5200/5200 5198/5198/5198
f 5203/5203/5203 5202/5202/5202 5201/5201/5201
f 5201/5201/5201 5204/5204/5204 5203/5203/5203
f 5207/5207/5207 5206/5206/5206 5205/5205/5205
f 5205/5205/5205 5208/5208/5208 5207/5207/5207
f 5209/5209/5209 5207/5207/5207 5208/5208/5208
f 5209/5209/5209 5208/5208/5208 5210/5210/5210
f 5213/5213/5213 5212/5212/5212 5211/5211/5211
f 5211/5211/5211 5214/5214/5214 5213/5213/5213
f 5217/5217/5217 5216/5216/5216 5215/5215/5215
f 5218/5218/5218 5217/5217/5217 5215/5215/5215
f 5215/5215/5215 5219/5219/5219 5218/5218/5218
f 5219/5219/5219 5220/5220/5220 5218/5218/5218
f 5223/5223/5223 5222/5222/5222 5221/5221/5221
f 5223/5223/5223 5221/5221/5221 5224/5224/5224
f 5225/5225/5225 5223/5223/5223 5224/5224/5224
f 5224/5224/5224 5226/5226/5226 5225/5225/5225
f 5229/5229/5229 5228/5228/5228 5227/5227/5227
f 5227/5227/5227 5230/5230/5230 5229/5229/5229
f 5233/5233/5233 5232/5232/5232 5231/5231/5231
f 5232/5232/5232 5233/5233/5233 5234/5234/5234
f 5237/5237/5237 5236/5236/5236 5235/5235/5235
f 5236/5236/5236 5237/5237/5237 5238/5238/5238
f 5241/5241/5241 5240/5240/5240 5239/5239/5239
f 5239/5239/5239 5242/5242/5242 5241/5241/5241
f 5245/5245/5245 5244/5244/5244 5243/5243/5243
f 5243/5243/5243 5246/5246/5246 5245/5245/5245
f 5249/5249/5249 5248/5248/5248 5247/5247/5247
f 5247/5247/5247 5250/5250/5250 5249/5249/5249
f 5253/5253/5253 5252/5252/5252 5251/5251/5251
f 5251/5251/5251 5254/5254/5254 5253/5253/5253
f 5253/5253/5253 5254/5254/5254 5255/5255/5255
f 5254/5254/5254 5256/5256/5256 5255/5255/5255
f 5255/5255/5255 5256/5256/5256 5257/5257/5257
f 5255/5255/5255 5257/5257/5257 5258/5258/5258
f 5258/5258/5258 5257/5257/5257 5259/5259/5259
f 5260/5260/5260 5255/5255/5255 5258/5258/5258
f 5258/5258/5258 5261/5261/5261 5260/5260/5260
f 5264/5264/5264 5263/5263/5263 5262/5262/5262
f 5262/5262/5262 5265/5265/5265 5264/5264/5264
f 5268/5268/5268 5267/5267/5267 5266/5266/5266
f 5267/5267/5267 5269/5269/5269 5266/5266/5266
f 5272/5272/5272 5271/5271/5271 5270/5270/5270
f 5270/5270/5270 5273/5273/5273 5272/5272/5272
f 5270/5270/5270 5274/5274/5274 5273/5273/5273
f 5274/5274/5274 5270/5270/5270 5275/5275/5275
f 5275/5275/5275 5270/5270/5270 5276/5276/5276
f 5279/5279/5279 5278/5278/5278 5277/5277/5277
f 5277/5277/5277 5278/5278/5278 5280/5280/5280
f 5280/5280/5280 5278/5278/5278 5281/5281/5281
f 5284/5284/5284 5283/5283/5283 5282/5282/5282
f 5283/5283/5283 5284/5284/5284 5285/5285/5285
f 5286/5286/5286 5285/5285/5285 5284/5284/5284
f 5285/5285/5285 5286/5286/5286 5287/5287/5287
f 5290/5290/5290 5289/5289/5289 5288/5288/5288
f 5289/5289/5289 5291/5291/5291 5288/5288/5288
f 5288/5288/5288 5291/5291/5291 5292/5292/5292
f 5289/5289/5289 5293/5293/5293 5291/5291/5291
f 5294/5294/5294 5291/5291/5291 5293/5293/5293
f 5297/5297/5297 5296/5296/5296 5295/5295/5295
f 5295/5295/5295 5298/5298/5298 5297/5297/5297
f 5301/5301/5301 5300/5300/5300 5299/5299/5299
f 5299/5299/5299 5302/5302/5302 5301/5301/5301
f 5305/5305/5305 5304/5304/5304 5303/5303/5303
f 5304/5304/5304 5306/5306/5306 5303/5303/5303
f 5303/5303/5303 5306/5306/5306 5307/5307/5307
f 5307/5307/5307 5308/5308/5308 5303/5303/5303
f 5303/5303/5303 5308/5308/5308 5309/5309/5309
f 5312/5312/5312 5311/5311/5311 5310/5310/5310
f 5313/5313/5313 5311/5311/5311 5312/5312/5312
f 5316/5316/5316 5315/5315/5315 5314/5314/5314
f 5316/5316/5316 5314/5314/5314 5317/5317/5317
f 5318/5318/5318 5316/5316/5316 5317/5317/5317
f 5318/5318/5318 5317/5317/5317 5319/5319/5319
f 5322/5322/5322 5321/5321/5321 5320/5320/5320
f 5321/5321/5321 5323/5323/5323 5320/5320/5320
f 5320/5320/5320 5323/5323/5323 5324/5324/5324
f 5325/5325/5325 5323/5323/5323 5321/5321/5321
f 5325/5325/5325 5326/5326/5326 5323/5323/5323
f 5329/5329/5329 5328/5328/5328 5327/5327/5327
f 5327/5327/5327 5330/5330/5330 5329/5329/5329
f 5333/5333/5333 5332/5332/5332 5331/5331/5331
f 5332/5332/5332 5334/5334/5334 5331/5331/5331
f 5331/5331/5331 5334/5334/5334 5335/5335/5335
f 5338/5338/5338 5337/5337/5337 5336/5336/5336
f 5336/5336/5336 5339/5339/5339 5338/5338/5338
f 5342/5342/5342 5341/5341/5341 5340/5340/5340
f 5340/5340/5340 5343/5343/5343 5342/5342/5342
f 5342/5342/5342 5343/5343/5343 5344/5344/5344
f 5344/5344/5344 5345/5345/5345 5342/5342/5342
f 5348/5348/5348 5347/5347/5347 5346/5346/5346
f 5346/5346/5346 5349/5349/5349 5348/5348/5348
f 5352/5352/5352 5351/5351/5351 5350/5350/5350
f 5350/5350/5350 5353/5353/5353 5352/5352/5352
f 5350/5350/5350 5354/5354/5354 5353/5353/5353
f 5354/5354/5354 5350/5350/5350 5355/5355/5355
f 5358/5358/5358 5357/5357/5357 5356/5356/5356
f 5356/5356/5356 5359/5359/5359 5358/5358/5358
f 5358/5358/5358 5359/5359/5359 5360/5360/5360
f 5360/5360/5360 5361/5361/5361 5358/5358/5358
f 5364/5364/5364 5363/5363/5363 5362/5362/5362
f 5365/5365/5365 5364/5364/5364 5362/5362/5362
f 5365/5365/5365 5362/5362/5362 5366/5366/5366
f 5366/5366/5366 5367/5367/5367 5365/5365/5365
f 5370/5370/5370 5369/5369/5369 5368/5368/5368
f 5371/5371/5371 5368/5368/5368 5369/5369/5369
f 5374/5374/5374 5373/5373/5373 5372/5372/5372
f 5373/5373/5373 5374/5374/5374 5375/5375/5375
f 5378/5378/5378 5377/5377/5377 5376/5376/5376
f 5376/5376/5376 5379/5379/5379 5378/5378/5378
f 5379/5379/5379 5376/5376/5376 5380/5380/5380
f 5380/5380/5380 5381/5381/5381 5379/5379/5379
f 5381/5381/5381 5380/5380/5380 5382/5382/5382
f 5382/5382/5382 5383/5383/5383 5381/5381/5381
f 5386/5386/5386 5385/5385/5385 5384/5384/5384
f 5384/5384/5384 5385/5385/5385 5387/5387/5387
f 5387/5387/5387 5388/5388/5388 5384/5384/5384
f 5388/5388/5388 5387/5387/5387 5389/5389/5389
f 5384/5384/5384 5388/5388/5388 5390/5390/5390
f 5390/5390/5390 5391/5391/5391 5384/5384/5384
f 5394/5394/5394 5393/5393/5393 5392/5392/5392
f 5392/5392/5392 5395/5395/5395 5394/5394/5394
f 5398/5398/5398 5397/5397/5397 5396/5396/5396
f 5399/5399/5399 5398/5398/5398 5396/5396/5396
f 5400/5400/5400 5398/5398/5398 5399/5399/5399
f 5401/5401/5401 5400/5400/5400 5399/5399/5399
f 5402/5402/5402 5401/5401/5401 5399/5399/5399
f 5405/5405/5405 5404/5404/5404 5403/5403/5403
f 5403/5403/5403 5406/5406/5406 5405/5405/5405
f 5409/5409/5409 5408/5408/5408 5407/5407/5407
f 5410/5410/5410 5408/5408/5408 5409/5409/5409
f 5410/5410/5410 5409/5409/5409 5411/5411/5411
f 5411/5411/5411 5412/5412/5412 5410/5410/5410
f 5415/5415/5415 5414/5414/5414 5413/5413/5413
f 5413/5413/5413 5416/5416/5416 5415/5415/5415
f 5417/5417/5417 5416/5416/5416 5413/5413/5413
f 5418/5418/5418 5416/5416/5416 5417/5417/5417
f 5421/5421/5421 5420/5420/5420 5419/5419/5419
f 5419/5419/5419 5420/5420/5420 5422/5422/5422
f 5420/5420/5420 5423/5423/5423 5422/5422/5422
f 5423/5423/5423 5424/5424/5424 5422/5422/5422
f 5424/5424/5424 5425/5425/5425 5422/5422/5422
f 5428/5428/5428 5427/5427/5427 5426/5426/5426
f 5426/5426/5426 5429/5429/5429 5428/5428/5428
f 5432/5432/5432 5431/5431/5431 5430/5430/5430
f 5430/5430/5430 5433/5433/5433 5432/5432/5432
f 5434/5434/5434 5432/5432/5432 5433/5433/5433
f 5433/5433/5433 5435/5435/5435 5434/5434/5434
f 5438/5438/5438 5437/5437/5437 5436/5436/5436
f 5436/5436/5436 5439/5439/5439 5438/5438/5438
f 5440/5440/5440 5439/5439/5439 5436/5436/5436
f 5436/5436/5436 5441/5441/5441 5440/5440/5440
f 5444/5444/5444 5443/5443/5443 5442/5442/5442
f 5445/5445/5445 5442/5442/5442 5443/5443/5443
f 5446/5446/5446 5445/5445/5445 5443/5443/5443
f 5443/5443/5443 5447/5447/5447 5446/5446/5446
f 5450/5450/5450 5449/5449/5449 5448/5448/5448
f 5451/5451/5451 5450/5450/5450 5448/5448/5448
f 5450/5450/5450 5451/5451/5451 5452/5452/5452
f 5452/5452/5452 5453/5453/5453 5450/5450/5450
f 5456/5456/5456 5455/5455/5455 5454/5454/5454
f 5454/5454/5454 5457/5457/5457 5456/5456/5456
f 5456/5456/5456 5457/5457/5457 5458/5458/5458
f 5458/5458/5458 5459/5459/5459 5456/5456/5456
f 5462/5462/5462 5461/5461/5461 5460/5460/5460
f 5460/5460/5460 5463/5463/5463 5462/5462/5462
f 5466/5466/5466 5465/5465/5465 5464/5464/5464
f 5464/5464/5464 5467/5467/5467 5466/5466/5466
f 5470/5470/5470 5469/5469/5469 5468/5468/5468
f 5468/5468/5468 5471/5471/5471 5470/5470/5470
f 5474/5474/5474 5473/5473/5473 5472/5472/5472
f 5474/5474/5474 5472/5472/5472 5475/5475/5475
f 5475/5475/5475 5476/5476/5476 5474/5474/5474
f 5475/5475/5475 5477/5477/5477 5476/5476/5476
f 5478/5478/5478 5477/5477/5477 5475/5475/5475
f 5477/5477/5477 5478/5478/5478 5479/5479/5479
f 5480/5480/5480 5477/5477/5477 5479/5479/5479
f 5481/5481/5481 5480/5480/5480 5479/5479/5479
f 5479/5479/5479 5482/5482/5482 5481/5481/5481
f 5485/5485/5485 5484/5484/5484 5483/5483/5483
f 5483/5483/5483 5486/5486/5486 5485/5485/5485
f 5489/5489/5489 5488/5488/5488 5487/5487/5487
f 5490/5490/5490 5487/5487/5487 5488/5488/5488
f 5488/5488/5488 5491/5491/5491 5490/5490/5490
f 5491/5491/5491 5492/5492/5492 5490/5490/5490
f 5490/5490/5490 5492/5492/5492 5493/5493/5493
f 5493/5493/5493 5492/5492/5492 5494/5494/5494
f 5492/5492/5492 5495/5495/5495 5494/5494/5494
f 5494/5494/5494 5495/5495/5495 5496/5496/5496
f 5496/5496/5496 5497/5497/5497 5494/5494/5494
f 5500/5500/5500 5499/5499/5499 5498/5498/5498
f 5498/5498/5498 5499/5499/5499 5501/5501/5501
f 5501/5501/5501 5499/5499/5499 5502/5502/5502
f 5502/5502/5502 5503/5503/5503 5501/5501/5501
f 5503/5503/5503 5502/5502/5502 5504/5504/5504
f 5502/5502/5502 5505/5505/5505 5504/5504/5504
f 5504/5504/5504 5505/5505/5505 5506/5506/5506
f 5505/5505/5505 5507/5507/5507 5506/5506/5506
f 5507/5507/5507 5508/5508/5508 5506/5506/5506
f 5506/5506/5506 5508/5508/5508 5509/5509/5509
f 5512/5512/5512 5511/5511/5511 5510/5510/5510
f 5513/5513/5513 5510/5510/5510 5511/5511/5511
f 5516/5516/5516 5515/5515/5515 5514/5514/5514
f 5514/5514/5514 5517/5517/5517 5516/5516/5516
f 5520/5520/5520 5519/5519/5519 5518/5518/5518
f 5520/5520/5520 5521/5521/5521 5519/5519/5519
f 5524/5524/5524 5523/5523/5523 5522/5522/5522
f 5522/5522/5522 5525/5525/5525 5524/5524/5524
f 5525/5525/5525 5522/5522/5522 5526/5526/5526
f 5526/5526/5526 5527/5527/5527 5525/5525/5525
f 5530/5530/5530 5529/5529/5529 5528/5528/5528
f 5528/5528/5528 5531/5531/5531 5530/5530/5530
f 5532/5532/5532 5531/5531/5531 5528/5528/5528
f 5533/5533/5533 5531/5531/5531 5532/5532/5532
f 5536/5536/5536 5535/5535/5535 5534/5534/5534
f 5534/5534/5534 5535/5535/5535 5537/5537/5537
f 5538/5538/5538 5534/5534/5534 5537/5537/5537
f 5537/5537/5537 5539/5539/5539 5538/5538/5538
f 5542/5542/5542 5541/5541/5541 5540/5540/5540
f 5540/5540/5540 5543/5543/5543 5542/5542/5542
f 5546/5546/5546 5545/5545/5545 5544/5544/5544
f 5546/5546/5546 5547/5547/5547 5545/5545/5545
f 5548/5548/5548 5547/5547/5547 5546/5546/5546
f 5546/5546/5546 5549/5549/5549 5548/5548/5548
f 5552/5552/5552 5551/5551/5551 5550/5550/5550
f 5550/5550/5550 5553/5553/5553 5552/5552/5552
f 5556/5556/5556 5555/5555/5555 5554/5554/5554
f 5554/5554/5554 5555/5555/5555 5557/5557/5557
f 5557/5557/5557 5558/5558/5558 5554/5554/5554
f 5561/5561/5561 5560/5560/5560 5559/5559/5559
f 5559/5559/5559 5562/5562/5562 5561/5561/5561
f 5565/5565/5565 5564/5564/5564 5563/5563/5563
f 5565/5565/5565 5566/5566/5566 5564/5564/5564
f 5565/5565/5565 5567/5567/5567 5566/5566/5566
f 5570/5570/5570 5569/5569/5569 5568/5568/5568
f 5568/5568/5568 5571/5571/5571 5570/5570/5570
f 5574/5574/5574 5573/5573/5573 5572/5572/5572
f 5572/5572/5572 5575/5575/5575 5574/5574/5574
f 5578/5578/5578 5577/5577/5577 5576/5576/5576
f 5578/5578/5578 5579/5579/5579 5577/5577/5577
f 5582/5582/5582 5581/5581/5581 5580/5580/5580
f 5582/5582/5582 5583/5583/5583 5581/5581/5581
f 5583/5583/5583 5584/5584/5584 5581/5581/5581
f 5583/5583/5583 5585/5585/5585 5584/5584/5584
f 5588/5588/5588 5587/5587/5587 5586/5586/5586
f 5588/5588/5588 5589/5589/5589 5587/5587/5587
f 5592/5592/5592 5591/5591/5591 5590/5590/5590
f 5590/5590/5590 5593/5593/5593 5592/5592/5592
f 5593/5593/5593 5590/5590/5590 5594/5594/5594
f 5594/5594/5594 5595/5595/5595 5593/5593/5593
f 5598/5598/5598 5597/5597/5597 5596/5596/5596
f 5598/5598/5598 5596/5596/5596 5599/5599/5599
f 5600/5600/5600 5598/5598/5598 5599/5599/5599
f 5600/5600/5600 5599/5599/5599 5601/5601/5601
f 5604/5604/5604 5603/5603/5603 5602/5602/5602
f 5602/5602/5602 5605/5605/5605 5604/5604/5604
f 5605/5605/5605 5606/5606/5606 5604/5604/5604
f 5605/5605/5605 5607/5607/5607 5606/5606/5606
f 5610/5610/5610 5609/5609/5609 5608/5608/5608
f 5610/5610/5610 5608/5608/5608 5611/5611/5611
f 5610/5610/5610 5611/5611/5611 5612/5612/5612
f 5612/5612/5612 5613/5613/5613 5610/5610/5610
f 5616/5616/5616 5615/5615/5615 5614/5614/5614
f 5614/5614/5614 5617/5617/5617 5616/5616/5616
f 5620/5620/5620 5619/5619/5619 5618/5618/5618
f 5620/5620/5620 5621/5621/5621 5619/5619/5619
f 5619/5619/5619 5621/5621/5621 5622/5622/5622
f 5622/5622/5622 5623/5623/5623 5619/5619/5619
f 5626/5626/5626 5625/5625/5625 5624/5624/5624
f 5625/5625/5625 5626/5626/5626 5627/5627/5627
f 5630/5630/5630 5629/5629/5629 5628/5628/5628
f 5631/5631/5631 5630/5630/5630 5628/5628/5628
f 5628/5628/5628 5632/5632/5632 5631/5631/5631
f 5632/5632/5632 5633/5633/5633 5631/5631/5631
f 5636/5636/5636 5635/5635/5635 5634/5634/5634
f 5636/5636/5636 5634/5634/5634 5637/5637/5637
f 5638/5638/5638 5636/5636/5636 5637/5637/5637
f 5637/5637/5637 5639/5639/5639 5638/5638/5638
f 5642/5642/5642 5641/5641/5641 5640/5640/5640
f 5640/5640/5640 5643/5643/5643 5642/5642/5642
f 5646/5646/5646 5645/5645/5645 5644/5644/5644
f 5644/5644/5644 5647/5647/5647 5646/5646/5646
f 5650/5650/5650 5649/5649/5649 5648/5648/5648
f 5649/5649/5649 5650/5650/5650 5651/5651/5651
f 5654/5654/5654 5653/5653/5653 5652/5652/5652
f 5652/5652/5652 5655/5655/5655 5654/5654/5654
f 5658/5658/5658 5657/5657/5657 5656/5656/5656
f 5659/5659/5659 5657/5657/5657 5658/5658/5658
f 5662/5662/5662 5661/5661/5661 5660/5660/5660
f 5663/5663/5663 5661/5661/5661 5662/5662/5662
f 5666/5666/5666 5665/5665/5665 5664/5664/5664
f 5664/5664/5664 5667/5667/5667 5666/5666/5666
f 5670/5670/5670 5669/5669/5669 5668/5668/5668
f 5669/5669/5669 5671/5671/5671 5668/5668/5668
f 5668/5668/5668 5671/5671/5671 5672/5672/5672
f 5668/5668/5668 5672/5672/5672 5673/5673/5673
f 5673/5673/5673 5672/5672/5672 5674/5674/5674
f 5675/5675/5675 5668/5668/5668 5673/5673/5673
f 5673/5673/5673 5676/5676/5676 5675/5675/5675
f 5679/5679/5679 5678/5678/5678 5677/5677/5677
f 5677/5677/5677 5680/5680/5680 5679/5679/5679
f 5683/5683/5683 5682/5682/5682 5681/5681/5681
f 5682/5682/5682 5684/5684/5684 5681/5681/5681
f 5687/5687/5687 5686/5686/5686 5685/5685/5685
f 5685/5685/5685 5688/5688/5688 5687/5687/5687
f 5685/5685/5685 5689/5689/5689 5688/5688/5688
f 5689/5689/5689 5685/5685/5685 5690/5690/5690
f 5690/5690/5690 5685/5685/5685 5691/5691/5691
f 5694/5694/5694 5693/5693/5693 5692/5692/5692
f 5692/5692/5692 5693/5693/5693 5695/5695/5695
f 5695/5695/5695 5693/5693/5693 5696/5696/5696
f 5699/5699/5699 5698/5698/5698 5697/5697/5697
f 5697/5697/5697 5700/5700/5700 5699/5699/5699
f 5703/5703/5703 5702/5702/5702 5701/5701/5701
f 5702/5702/5702 5703/5703/5703 5704/5704/5704
f 5704/5704/5704 5703/5703/5703 5705/5705/5705
f 5703/5703/5703 5706/5706/5706 5705/5705/5705
f 5705/5705/5705 5706/5706/5706 5707/5707/5707
f 5703/5703/5703 5708/5708/5708 5706/5706/5706
f 5709/5709/5709 5706/5706/5706 5708/5708/5708
f 5712/5712/5712 5711/5711/5711 5710/5710/5710
f 5712/5712/5712 5713/5713/5713 5711/5711/5711
f 5716/5716/5716 5715/5715/5715 5714/5714/5714
f 5714/5714/5714 5717/5717/5717 5716/5716/5716
f 5720/5720/5720 5719/5719/5719 5718/5718/5718
f 5719/5719/5719 5721/5721/5721 5718/5718/5718
f 5718/5718/5718 5721/5721/5721 5722/5722/5722
f 5722/5722/5722 5723/5723/5723 5718/5718/5718
f 5718/5718/5718 5723/5723/5723 5724/5724/5724
f 5727/5727/5727 5726/5726/5726 5725/5725/5725
f 5725/5725/5725 5728/5728/5728 5727/5727/5727
f 5731/5731/5731 5730/5730/5730 5729/5729/5729
f 5731/5731/5731 5729/5729/5729 5732/5732/5732
f 5731/5731/5731 5732/5732/5732 5733/5733/5733
f 5734/5734/5734 5733/5733/5733 5732/5732/5732
f 5737/5737/5737 5736/5736/5736 5735/5735/5735
f 5736/5736/5736 5738/5738/5738 5735/5735/5735
f 5736/5736/5736 5739/5739/5739 5738/5738/5738
f 5738/5738/5738 5739/5739/5739 5740/5740/5740
f 5743/5743/5743 5742/5742/5742 5741/5741/5741
f 5741/5741/5741 5744/5744/5744 5743/5743/5743
f 5747/5747/5747 5746/5746/5746 5745/5745/5745
f 5746/5746/5746 5748/5748/5748 5745/5745/5745
f 5745/5745/5745 5748/5748/5748 5749/5749/5749
f 5752/5752/5752 5751/5751/5751 5750/5750/5750
f 5750/5750/5750 5753/5753/5753 5752/5752/5752
f 5756/5756/5756 5755/5755/5755 5754/5754/5754
f 5754/5754/5754 5757/5757/5757 5756/5756/5756
f 5758/5758/5758 5757/5757/5757 5754/5754/5754
f 5754/5754/5754 5759/5759/5759 5758/5758/5758
f 5762/5762/5762 5761/5761/5761 5760/5760/5760
f 5760/5760/5760 5763/5763/5763 5762/5762/5762
f 5766/5766/5766 5765/5765/5765 5764/5764/5764
f 5765/5765/5765 5766/5766/5766 5767/5767/5767
f 5765/5765/5765 5767/5767/5767 5768/5768/5768
f 5768/5768/5768 5769/5769/5769 5765/5765/5765
f 5772/5772/5772 5771/5771/5771 5770/5770/5770
f 5770/5770/5770 5773/5773/5773 5772/5772/5772
f 5772/5772/5772 5773/5773/5773 5774/5774/5774
f 5774/5774/5774 5775/5775/5775 5772/5772/5772
f 5778/5778/5778 5777/5777/5777 5776/5776/5776
f 5778/5778/5778 5776/5776/5776 5779/5779/5779
f 5779/5779/5779 5780/5780/5780 5778/5778/5778
f 5780/5780/5780 5781/5781/5781 5778/5778/5778
f 5784/5784/5784 5783/5783/5783 5782/5782/5782
f 5782/5782/5782 5785/5785/5785 5784/5784/5784
f 5788/5788/5788 5787/5787/5787 5786/5786/5786
f 5786/5786/5786 5789/5789/5789 5788/5788/5788
f 5792/5792/5792 5791/5791/5791 5790/5790/5790
f 5791/5791/5791 5792/5792/5792 5793/5793/5793
f 5793/5793/5793 5792/5792/5792 5794/5794/5794
f 5794/5794/5794 5795/5795/5795 5793/5793/5793
f 5795/5795/5795 5794/5794/5794 5796/5796/5796
f 5796/5796/5796 5797/5797/5797 5795/5795/5795
f 5800/5800/5800 5799/5799/5799 5798/5798/5798
f 5801/5801/5801 5800/5800/5800 5798/5798/5798
f 5798/5798/5798 5802/5802/5802 5801/5801/5801
f 5801/5801/5801 5802/5802/5802 5803/5803/5803
f 5804/5804/5804 5800/5800/5800 5801/5801/5801
f 5801/5801/5801 5805/5805/5805 5804/5804/5804
f 5808/5808/5808 5807/5807/5807 5806/5806/5806
f 5806/5806/5806 5807/5807/5807 5809/5809/5809
f 5809/5809/5809 5810/5810/5810 5806/5806/5806
f 5810/5810/5810 5809/5809/5809 5811/5811/5811
f 5806/5806/5806 5810/5810/5810 5812/5812/5812
f 5812/5812/5812 5813/5813/5813 5806/5806/5806
f 5816/5816/5816 5815/5815/5815 5814/5814/5814
f 5814/5814/5814 5817/5817/5817 5816/5816/5816
f 5820/5820/5820 5819/5819/5819 5818/5818/5818
f 5821/5821/5821 5820/5820/5820 5818/5818/5818
f 5822/5822/5822 5820/5820/5820 5821/5821/5821
f 5823/5823/5823 5822/5822/5822 5821/5821/5821
f 5824/5824/5824 5823/5823/5823 5821/5821/5821
f 5827/5827/5827 5826/5826/5826 5825/5825/5825
f 5825/5825/5825 5828/5828/5828 5827/5827/5827
f 5831/5831/5831 5830/5830/5830 5829/5829/5829
f 5829/5829/5829 5832/5832/5832 5831/5831/5831
f 5832/5832/5832 5829/5829/5829 5833/5833/5833
f 5833/5833/5833 5834/5834/5834 5832/5832/5832
f 5837/5837/5837 5836/5836/5836 5835/5835/5835
f 5835/5835/5835 5838/5838/5838 5837/5837/5837
f 5839/5839/5839 5838/5838/5838 5835/5835/5835
f 5840/5840/5840 5838/5838/5838 5839/5839/5839
f 5843/5843/5843 5842/5842/5842 5841/5841/5841
f 5841/5841/5841 5842/5842/5842 5844/5844/5844
f 5842/5842/5842 5845/5845/5845 5844/5844/5844
f 5845/5845/5845 5846/5846/5846 5844/5844/5844
f 5846/5846/5846 5847/5847/5847 5844/5844/5844
f 5850/5850/5850 5849/5849/5849 5848/5848/5848
f 5848/5848/5848 5851/5851/5851 5850/5850/5850
f 5854/5854/5854 5853/5853/5853 5852/5852/5852
f 5852/5852/5852 5855/5855/5855 5854/5854/5854
f 5856/5856/5856 5854/5854/5854 5855/5855/5855
f 5855/5855/5855 5857/5857/5857 5856/5856/5856
f 5860/5860/5860 5859/5859/5859 5858/5858/5858
f 5858/5858/5858 5861/5861/5861 5860/5860/5860
f 5862/5862/5862 5861/5861/5861 5858/5858/5858
f 5862/5862/5862 5863/5863/5863 5861/5861/5861
f 5866/5866/5866 5865/5865/5865 5864/5864/5864
f 5864/5864/5864 5867/5867/5867 5866/5866/5866
f 5867/5867/5867 5868/5868/5868 5866/5866/5866
f 5868/5868/5868 5869/5869/5869 5866/5866/5866
f 5872/5872/5872 5871/5871/5871 5870/5870/5870
f 5873/5873/5873 5870/5870/5870 5871/5871/5871
f 5874/5874/5874 5870/5870/5870 5873/5873/5873
f 5873/5873/5873 5875/5875/5875 5874/5874/5874
f 5878/5878/5878 5877/5877/5877 5876/5876/5876
f 5876/5876/5876 5879/5879/5879 5878/5878/5878
f 5882/5882/5882 5881/5881/5881 5880/5880/5880
f 5880/5880/5880 5883/5883/5883 5882/5882/5882
f 5886/5886/5886 5885/5885/5885 5884/5884/5884
f 5885/5885/5885 5887/5887/5887 5884/5884/5884
f 5890/5890/5890 5889/5889/5889 5888/5888/5888
f 5890/5890/5890 5888/5888/5888 5891/5891/5891
f 5891/5891/5891 5892/5892/5892 5890/5890/5890
f 5891/5891/5891 5893/5893/5893 5892/5892/5892
f 5894/5894/5894 5893/5893/5893 5891/5891/5891
f 5893/5893/5893 5894/5894/5894 5895/5895/5895
f 5896/5896/5896 5893/5893/5893 5895/5895/5895
f 5897/5897/5897 5896/5896/5896 5895/5895/5895
f 5895/5895/5895 5898/5898/5898 5897/5897/5897
f 5901/5901/5901 5900/5900/5900 5899/5899/5899
f 5899/5899/5899 5902/5902/5902 5901/5901/5901
f 5902/5902/5902 5899/5899/5899 5903/5903/5903
f 5903/5903/5903 5904/5904/5904 5902/5902/5902
f 5907/5907/5907 5906/5906/5906 5905/5905/5905
f 5905/5905/5905 5908/5908/5908 5907/5907/5907
f 5911/5911/5911 5910/5910/5910 5909/5909/5909
f 5909/5909/5909 5912/5912/5912 5911/5911/5911
f 5912/5912/5912 5909/5909/5909 5913/5913/5913
f 5913/5913/5913 5914/5914/5914 5912/5912/5912
f 5917/5917/5917 5916/5916/5916 5915/5915/5915
f 5916/5916/5916 5918/5918/5918 5915/5915/5915
f 5921/5921/5921 5920/5920/5920 5919/5919/5919
f 5922/5922/5922 5919/5919/5919 5920/5920/5920
f 5920/5920/5920 5923/5923/5923 5922/5922/5922
f 5923/5923/5923 5924/5924/5924 5922/5922/5922
f 5922/5922/5922 5924/5924/5924 5925/5925/5925
f 5925/5925/5925 5924/5924/5924 5926/5926/5926
f 5924/5924/5924 5927/5927/5927 5926/5926/5926
f 5926/5926/5926 5927/5927/5927 5928/5928/5928
f 5928/5928/5928 5929/5929/5929 5926/5926/5926
f 5932/5932/5932 5931/5931/5931 5930/5930/5930
f 5930/5930/5930 5933/5933/5933 5932/5932/5932
f 5936/5936/5936 5935/5935/5935 5934/5934/5934
f 5935/5935/5935 5937/5937/5937 5934/5934/5934
f 5940/5940/5940 5939/5939/5939 5938/5938/5938
f 5938/5938/5938 5941/5941/5941 5940/5940/5940
f 5944/5944/5944 5943/5943/5943 5942/5942/5942
f 5942/5942/5942 5945/5945/5945 5944/5944/5944
f 5945/5945/5945 5942/5942/5942 5946/5946/5946
f 5946/5946/5946 5947/5947/5947 5945/5945/5945
f 5950/5950/5950 5949/5949/5949 5948/5948/5948
f 5948/5948/5948 5951/5951/5951 5950/5950/5950
f 5951/5951/5951 5948/5948/5948 5952/5952/5952
f 5952/5952/5952 5953/5953/5953 5951/5951/5951
f 5956/5956/5956 5955/5955/5955 5954/5954/5954
f 5955/5955/5955 5957/5957/5957 5954/5954/5954
f 5958/5958/5958 5954/5954/5954 5957/5957/5957
f 5957/5957/5957 5959/5959/5959 5958/5958/5958
f 5962/5962/5962 5961/5961/5961 5960/5960/5960
f 5961/5961/5961 5962/5962/5962 5963/5963/5963
f 5966/5966/5966 5965/5965/5965 5964/5964/5964
f 5964/5964/5964 5967/5967/5967 5966/5966/5966
f 5967/5967/5967 5968/5968/5968 5966/5966/5966
f 5968/5968/5968 5969/5969/5969 5966/5966/5966
f 5972/5972/5972 5971/5971/5971 5970/5970/5970
f 5971/5971/5971 5973/5973/5973 5970/5970/5970
f 5976/5976/5976 5975/5975/5975 5974/5974/5974
f 5974/5974/5974 5975/5975/5975 5977/5977/5977
f 5977/5977/5977 5978/5978/5978 5974/5974/5974
f 5981/5981/5981 5980/5980/5980 5979/5979/5979
f 5979/5979/5979 5982/5982/5982 5981/5981/5981
f 5985/5985/5985 5984/5984/5984 5983/5983/5983
f 5985/5985/5985 5986/5986/5986 5984/5984/5984
f 5985/5985/5985 5987/5987/5987 5986/5986/5986
f 5990/5990/5990 5989/5989/5989 5988/5988/5988
f 5988/5988/5988 5991/5991/5991 5990/5990/5990
f 5994/5994/5994 5993/5993/5993 5992/5992/5992
f 5992/5992/5992 5995/5995/5995 5994/5994/5994
f 5998/5998/5998 5997/5997/5997 5996/5996/5996
f 5996/5996/5996 5999/5999/5999 5998/5998/5998
f 5999/5999/5999 6000/6000/6000 5998/5998/5998
f 5999/5999/5999 6001/6001/6001 6000/6000/6000
f 6004/6004/6004 6003/6003/6003 6002/6002/6002
f 6004/6004/6004 6002/6002/6002 6005/6005/6005
f 6006/6006/6006 6004/6004/6004 6005/6005/6005
f 6006/6006/6006 6005/6005/6005 6007/6007/6007
f 6010/6010/6010 6009/6009/6009 6008/6008/6008
f 6008/6008/6008 6011/6011/6011 6010/6010/6010
f 6011/6011/6011 6008/6008/6008 6012/6012/6012
f 6012/6012/6012 6013/6013/6013 6011/6011/6011
f 6016/6016/6016 6015/6015/6015 6014/6014/6014
f 6016/6016/6016 6017/6017/6017 6015/6015/6015
f 6020/6020/6020 6019/6019/6019 6018/6018/6018
f 6018/6018/6018 6021/6021/6021 6020/6020/6020
f 6022/6022/6022 6020/6020/6020 6021/6021/6021
f 6021/6021/6021 6023/6023/6023 6022/6022/6022
f 6026/6026/6026 6025/6025/6025 6024/6024/6024
f 6027/6027/6027 6025/6025/6025 6026/6026/6026
f 6025/6025/6025 6027/6027/6027 6028/6028/6028
f 6028/6028/6028 6029/6029/6029 6025/6025/6025
f 6032/6032/6032 6031/6031/6031 6030/6030/6030
f 6030/6030/6030 6033/6033/6033 6032/6032/6032
f 6036/6036/6036 6035/6035/6035 6034/6034/6034
f 6036/6036/6036 6034/6034/6034 6037/6037/6037
f 6036/6036/6036 6037/6037/6037 6038/6038/6038
f 6038/6038/6038 6039/6039/6039 6036/6036/6036
f 6042/6042/6042 6041/6041/6041 6040/6040/6040
f 6040/6040/6040 6043/6043/6043 6042/6042/6042
f 6046/6046/6046 6045/6045/6045 6044/6044/6044
f 6047/6047/6047 6046/6046/6046 6044/6044/6044
f 6047/6047/6047 6044/6044/6044 6048/6048/6048
f 6048/6048/6048 6049/6049/6049 6047/6047/6047
f 6052/6052/6052 6051/6051/6051 6050/6050/6050
f 6052/6052/6052 6050/6050/6050 6053/6053/6053
f 6054/6054/6054 6052/6052/6052 6053/6053/6053
f 6053/6053/6053 6055/6055/6055 6054/6054/6054
f 6058/6058/6058 6057/6057/6057 6056/6056/6056
f 6056/6056/6056 6059/6059/6059 6058/6058/6058
f 6062/6062/6062 6061/6061/6061 6060/6060/6060
f 6060/6060/6060 6063/6063/6063 6062/6062/6062
f 6066/6066/6066 6065/6065/6065 6064/6064/6064
f 6066/6066/6066 6067/6067/6067 6065/6065/6065
f 6070/6070/6070 6069/6069/6069 6068/6068/6068
f 6071/6071/6071 6068/6068/6068 6069/6069/6069
f 6072/6072/6072 6068/6068/6068 6071/6071/6071
f 6068/6068/6068 6072/6072/6072 6073/6073/6073
f 6073/6073/6073 6072/6072/6072 6074/6074/6074
f 6075/6075/6075 6074/6074/6074 6072/6072/6072
f 6078/6078/6078 6077/6077/6077 6076/6076/6076
f 6079/6079/6079 6076/6076/6076 6077/6077/6077
f 6080/6080/6080 6076/6076/6076 6079/6079/6079
f 6076/6076/6076 6080/6080/6080 6081/6081/6081
f 6081/6081/6081 6080/6080/6080 6082/6082/6082
f 6083/6083/6083 6082/6082/6082 6080/6080/6080
f 6086/6086/6086 6085/6085/6085 6084/6084/6084
f 6085/6085/6085 6087/6087/6087 6084/6084/6084
f 6088/6088/6088 6087/6087/6087 6085/6085/6085
f 6089/6089/6089 6088/6088/6088 6085/6085/6085
f 6090/6090/6090 6087/6087/6087 6088/6088/6088
f 6091/6091/6091 6087/6087/6087 6090/6090/6090
f 6092/6092/6092 6087/6087/6087 6091/6091/6091
f 6093/6093/6093 6084/6084/6084 6087/6087/6087
f 6094/6094/6094 6093/6093/6093 6087/6087/6087
f 6084/6084/6084 6093/6093/6093 6095/6095/6095
f 6096/6096/6096 6093/6093/6093 6094/6094/6094
f 6097/6097/6097 6093/6093/6093 6096/6096/6096
f 6095/6095/6095 6093/6093/6093 6098/6098/6098
f 6099/6099/6099 6098/6098/6098 6093/6093/6093
f 6102/6102/6102 6101/6101/6101 6100/6100/6100
f 6100/6100/6100 6103/6103/6103 6102/6102/6102
f 6106/6106/6106 6105/6105/6105 6104/6104/6104
f 6106/6106/6106 6107/6107/6107 6105/6105/6105
f 6110/6110/6110 6109/6109/6109 6108/6108/6108
f 6110/6110/6110 6111/6111/6111 6109/6109/6109
f 6114/6114/6114 6113/6113/6113 6112/6112/6112
f 6112/6112/6112 6115/6115/6115 6114/6114/6114
f 6118/6118/6118 6117/6117/6117 6116/6116/6116
f 6116/6116/6116 6119/6119/6119 6118/6118/6118
f 6122/6122/6122 6121/6121/6121 6120/6120/6120
f 6123/6123/6123 6120/6120/6120 6121/6121/6121
f 6126/6126/6126 6125/6125/6125 6124/6124/6124
f 6124/6124/6124 6127/6127/6127 6126/6126/6126
f 6130/6130/6130 6129/6129/6129 6128/6128/6128
f 6128/6128/6128 6131/6131/6131 6130/6130/6130
f 6134/6134/6134 6133/6133/6133 6132/6132/6132
f 6134/6134/6134 6135/6135/6135 6133/6133/6133
f 6138/6138/6138 6137/6137/6137 6136/6136/6136
f 6136/6136/6136 6139/6139/6139 6138/6138/6138
f 6142/6142/6142 6141/6141/6141 6140/6140/6140
f 6140/6140/6140 6143/6143/6143 6142/6142/6142
f 6146/6146/6146 6145/6145/6145 6144/6144/6144
f 6146/6146/6146 6147/6147/6147 6145/6145/6145
f 6150/6150/6150 6149/6149/6149 6148/6148/6148
f 6148/6148/6148 6151/6151/6151 6150/6150/6150
f 6154/6154/6154 6153/6153/6153 6152/6152/6152
f 6152/6152/6152 6155/6155/6155 6154/6154/6154
f 6158/6158/6158 6157/6157/6157 6156/6156/6156
f 6156/6156/6156 6159/6159/6159 6158/6158/6158
f 6162/6162/6162 6161/6161/6161 6160/6160/6160
f 6160/6160/6160 6163/6163/6163 6162/6162/6162
f 6166/6166/6166 6165/6165/6165 6164/6164/6164
f 6167/6167/6167 6165/6165/6165 6166/6166/6166
f 6164/6164/6164 6168/6168/6168 6166/6166/6166
f 6166/6166/6166 6169/6169/6169 6167/6167/6167
f 6168/6168/6168 6164/6164/6164 6170/6170/6170
f 6170/6170/6170 6171/6171/6171 6168/6168/6168
f 6172/6172/6172 6171/6171/6171 6170/6170/6170
f 6170/6170/6170 6173/6173/6173 6172/6172/6172
f 6167/6167/6167 6169/6169/6169 6174/6174/6174
f 6169/6169/6169 6175/6175/6175 6174/6174/6174
f 6174/6174/6174 6175/6175/6175 6176/6176/6176
f 6176/6176/6176 6177/6177/6177 6174/6174/6174
f 6178/6178/6178 6172/6172/6172 6173/6173/6173
f 6177/6177/6177 6176/6176/6176 6178/6178/6178
f 6179/6179/6179 6178/6178/6178 6173/6173/6173
f 6178/6178/6178 6179/6179/6179 6177/6177/6177
f 6182/6182/6182 6181/6181/6181 6180/6180/6180
f 6181/6181/6181 6183/6183/6183 6180/6180/6180
f 6184/6184/6184 6182/6182/6182 6180/6180/6180
f 6183/6183/6183 6185/6185/6185 6180/6180/6180
f 6186/6186/6186 6184/6184/6184 6180/6180/6180
f 6185/6185/6185 6186/6186/6186 6180/6180/6180
f 6189/6189/6189 6188/6188/6188 6187/6187/6187
f 6188/6188/6188 6190/6190/6190 6187/6187/6187
f 6191/6191/6191 6189/6189/6189 6187/6187/6187
f 6190/6190/6190 6191/6191/6191 6187/6187/6187
f 6194/6194/6194 6193/6193/6193 6192/6192/6192
f 6192/6192/6192 6193/6193/6193 6195/6195/6195
f 6192/6192/6192 6196/6196/6196 6194/6194/6194
f 6195/6195/6195 6197/6197/6197 6192/6192/6192
f 6192/6192/6192 6197/6197/6197 6196/6196/6196
f 6197/6197/6197 6198/6198/6198 6196/6196/6196
f 6198/6198/6198 6199/6199/6199 6196/6196/6196
f 6200/6200/6200 6196/6196/6196 6199/6199/6199
f 6201/6201/6201 6194/6194/6194 6196/6196/6196
f 6201/6201/6201 6196/6196/6196 6200/6200/6200
f 6194/6194/6194 6201/6201/6201 6202/6202/6202
f 6202/6202/6202 6201/6201/6201 6200/6200/6200
f 6202/6202/6202 6200/6200/6200 6203/6203/6203
f 6204/6204/6204 6197/6197/6197 6195/6195/6195
f 6204/6204/6204 6198/6198/6198 6197/6197/6197
f 6195/6195/6195 6205/6205/6205 6204/6204/6204
f 6198/6198/6198 6204/6204/6204 6205/6205/6205
f 6205/6205/6205 6206/6206/6206 6198/6198/6198
f 6203/6203/6203 6200/6200/6200 6207/6207/6207
f 6207/6207/6207 6200/6200/6200 6199/6199/6199
f 6207/6207/6207 6208/6208/6208 6203/6203/6203
f 6208/6208/6208 6207/6207/6207 6199/6199/6199
f 6199/6199/6199 6209/6209/6209 6208/6208/6208
f 6209/6209/6209 6199/6199/6199 6210/6210/6210
f 6211/6211/6211 6198/6198/6198 6206/6206/6206
f 6206/6206/6206 6212/6212/6212 6211/6211/6211
f 6211/6211/6211 6213/6213/6213 6198/6198/6198
f 6213/6213/6213 6211/6211/6211 6212/6212/6212
f 6213/6213/6213 6199/6199/6199 6198/6198/6198
f 6212/6212/6212 6214/6214/6214 6213/6213/6213
f 6213/6213/6213 6214/6214/6214 6210/6210/6210
f 6215/6215/6215 6210/6210/6210 6199/6199/6199
f 6210/6210/6210 6215/6215/6215 6213/6213/6213
f 6215/6215/6215 6199/6199/6199 6213/6213/6213
f 6218/6218/6218 6217/6217/6217 6216/6216/6216
f 6219/6219/6219 6216/6216/6216 6217/6217/6217
f 6216/6216/6216 6219/6219/6219 6220/6220/6220
f 6221/6221/6221 6220/6220/6220 6219/6219/6219
f 6221/6221/6221 6222/6222/6222 6220/6220/6220
f 6222/6222/6222 6221/6221/6221 6223/6223/6223
f 6216/6216/6216 6224/6224/6224 6218/6218/6218
f 6220/6220/6220 6225/6225/6225 6216/6216/6216
f 6224/6224/6224 6216/6216/6216 6225/6225/6225
f 6220/6220/6220 6226/6226/6226 6225/6225/6225
f 6226/6226/6226 6220/6220/6220 6222/6222/6222
f 6225/6225/6225 6227/6227/6227 6224/6224/6224
f 6222/6222/6222 6228/6228/6228 6226/6226/6226
f 6229/6229/6229 6224/6224/6224 6227/6227/6227
f 6218/6218/6218 6224/6224/6224 6230/6230/6230
f 6230/6230/6230 6224/6224/6224 6229/6229/6229
f 6230/6230/6230 6231/6231/6231 6218/6218/6218
f 6230/6230/6230 6229/6229/6229 6232/6232/6232
f 6222/6222/6222 6233/6233/6233 6228/6228/6228
f 6223/6223/6223 6233/6233/6233 6222/6222/6222
f 6228/6228/6228 6233/6233/6233 6234/6234/6234
f 6235/6235/6235 6234/6234/6234 6233/6233/6233
f 6231/6231/6231 6230/6230/6230 6236/6236/6236
f 6232/6232/6232 6236/6236/6236 6230/6230/6230
f 6231/6231/6231 6236/6236/6236 6237/6237/6237
f 6237/6237/6237 6236/6236/6236 6238/6238/6238
f 6233/6233/6233 6223/6223/6223 6239/6239/6239
f 6233/6233/6233 6239/6239/6239 6235/6235/6235
f 6240/6240/6240 6239/6239/6239 6223/6223/6223
f 6241/6241/6241 6235/6235/6235 6239/6239/6239
f 6236/6236/6236 6232/6232/6232 6242/6242/6242
f 6242/6242/6242 6238/6238/6238 6236/6236/6236
f 6232/6232/6232 6243/6243/6243 6242/6242/6242
f 6238/6238/6238 6242/6242/6242 6244/6244/6244
f 6242/6242/6242 6243/6243/6243 6245/6245/6245
f 6239/6239/6239 6240/6240/6240 6246/6246/6246
f 6246/6246/6246 6241/6241/6241 6239/6239/6239
f 6247/6247/6247 6246/6246/6246 6240/6240/6240
f 6248/6248/6248 6241/6241/6241 6246/6246/6246
f 6246/6246/6246 6247/6247/6247 6249/6249/6249
f 6250/6250/6250 6244/6244/6244 6242/6242/6242
f 6245/6245/6245 6250/6250/6250 6242/6242/6242
f 6250/6250/6250 6245/6245/6245 6248/6248/6248
f 6249/6249/6249 6244/6244/6244 6250/6250/6250
f 6251/6251/6251 6248/6248/6248 6246/6246/6246
f 6248/6248/6248 6251/6251/6251 6250/6250/6250
f 6250/6250/6250 6251/6251/6251 6249/6249/6249
f 6249/6249/6249 6251/6251/6251 6246/6246/6246
f 6254/6254/6254 6253/6253/6253 6252/6252/6252
f 6255/6255/6255 6252/6252/6252 6253/6253/6253
f 6253/6253/6253 6256/6256/6256 6255/6255/6255
f 6257/6257/6257 6255/6255/6255 6256/6256/6256
f 6253/6253/6253 6258/6258/6258 6256/6256/6256
f 6259/6259/6259 6258/6258/6258 6253/6253/6253
f 6254/6254/6254 6259/6259/6259 6253/6253/6253
f 6260/6260/6260 6258/6258/6258 6259/6259/6259
f 6260/6260/6260 6259/6259/6259 6254/6254/6254
f 6254/6254/6254 6261/6261/6261 6260/6260/6260
f 6260/6260/6260 6261/6261/6261 6262/6262/6262
f 6260/6260/6260 6262/6262/6262 6258/6258/6258
f 6263/6263/6263 6258/6258/6258 6262/6262/6262
f 6256/6256/6256 6264/6264/6264 6257/6257/6257
f 6257/6257/6257 6264/6264/6264 6265/6265/6265
f 6265/6265/6265 6266/6266/6266 6257/6257/6257
f 6267/6267/6267 6266/6266/6266 6265/6265/6265
f 6256/6256/6256 6268/6268/6268 6264/6264/6264
f 6264/6264/6264 6268/6268/6268 6265/6265/6265
f 6256/6256/6256 6258/6258/6258 6268/6268/6268
f 6265/6265/6265 6269/6269/6269 6267/6267/6267
f 6269/6269/6269 6265/6265/6265 6268/6268/6268
f 6267/6267/6267 6269/6269/6269 6270/6270/6270
f 6268/6268/6268 6270/6270/6270 6269/6269/6269
f 6270/6270/6270 6268/6268/6268 6271/6271/6271
f 6268/6268/6268 6258/6258/6258 6271/6271/6271
f 6271/6271/6271 6272/6272/6272 6270/6270/6270
f 6272/6272/6272 6271/6271/6271 6273/6273/6273
f 6271/6271/6271 6274/6274/6274 6273/6273/6273
f 6263/6263/6263 6273/6273/6273 6274/6274/6274
f 6271/6271/6271 6258/6258/6258 6274/6274/6274
f 6274/6274/6274 6275/6275/6275 6263/6263/6263
f 6258/6258/6258 6263/6263/6263 6275/6275/6275
f 6275/6275/6275 6274/6274/6274 6258/6258/6258
f 6278/6278/6278 6277/6277/6277 6276/6276/6276
f 6279/6279/6279 6278/6278/6278 6276/6276/6276
f 6277/6277/6277 6280/6280/6280 6276/6276/6276
f 6281/6281/6281 6279/6279/6279 6276/6276/6276
f 6280/6280/6280 6282/6282/6282 6276/6276/6276
f 6283/6283/6283 6281/6281/6281 6276/6276/6276
f 6282/6282/6282 6284/6284/6284 6276/6276/6276
f 6285/6285/6285 6283/6283/6283 6276/6276/6276
f 6284/6284/6284 6286/6286/6286 6276/6276/6276
f 6287/6287/6287 6285/6285/6285 6276/6276/6276
f 6286/6286/6286 6288/6288/6288 6276/6276/6276
f 6288/6288/6288 6287/6287/6287 6276/6276/6276
f 6291/6291/6291 6290/6290/6290 6289/6289/6289
f 6292/6292/6292 6291/6291/6291 6289/6289/6289
f 6291/6291/6291 6293/6293/6293 6290/6290/6290
f 6294/6294/6294 6293/6293/6293 6291/6291/6291
f 6291/6291/6291 6295/6295/6295 6294/6294/6294
f 6295/6295/6295 6291/6291/6291 6292/6292/6292
f 6296/6296/6296 6292/6292/6292 6289/6289/6289
f 6296/6296/6296 6289/6289/6289 6297/6297/6297
f 6298/6298/6298 6296/6296/6296 6297/6297/6297
f 6296/6296/6296 6298/6298/6298 6299/6299/6299
f 6299/6299/6299 6300/6300/6300 6296/6296/6296
f 6292/6292/6292 6296/6296/6296 6300/6300/6300
f 6300/6300/6300 6301/6301/6301 6292/6292/6292
f 6292/6292/6292 6301/6301/6301 6302/6302/6302
f 6292/6292/6292 6303/6303/6303 6295/6295/6295
f 6302/6302/6302 6303/6303/6303 6292/6292/6292
f 6304/6304/6304 6295/6295/6295 6303/6303/6303
f 6303/6303/6303 6302/6302/6302 6305/6305/6305
f 6303/6303/6303 6306/6306/6306 6304/6304/6304
f 6305/6305/6305 6306/6306/6306 6303/6303/6303
f 6309/6309/6309 6308/6308/6308 6307/6307/6307
f 6310/6310/6310 6307/6307/6307 6308/6308/6308
f 6311/6311/6311 6308/6308/6308 6309/6309/6309
f 6312/6312/6312 6311/6311/6311 6309/6309/6309
f 6312/6312/6312 6313/6313/6313 6311/6311/6311
f 6313/6313/6313 6314/6314/6314 6311/6311/6311
f 6308/6308/6308 6315/6315/6315 6310/6310/6310
f 6315/6315/6315 6308/6308/6308 6311/6311/6311
f 6311/6311/6311 6314/6314/6314 6316/6316/6316
f 6311/6311/6311 6316/6316/6316 6315/6315/6315
f 6316/6316/6316 6314/6314/6314 6317/6317/6317
f 6316/6316/6316 6317/6317/6317 6315/6315/6315
f 6317/6317/6317 6314/6314/6314 6318/6318/6318
f 6319/6319/6319 6310/6310/6310 6315/6315/6315
f 6317/6317/6317 6319/6319/6319 6315/6315/6315
f 6320/6320/6320 6310/6310/6310 6319/6319/6319
f 6318/6318/6318 6321/6321/6321 6317/6317/6317
f 6321/6321/6321 6319/6319/6319 6317/6317/6317
f 6322/6322/6322 6321/6321/6321 6318/6318/6318
f 6319/6319/6319 6323/6323/6323 6320/6320/6320
f 6321/6321/6321 6323/6323/6323 6319/6319/6319
f 6321/6321/6321 6322/6322/6322 6323/6323/6323
f 6324/6324/6324 6320/6320/6320 6323/6323/6323
f 6322/6322/6322 6324/6324/6324 6323/6323/6323
f 6327/6327/6327 6326/6326/6326 6325/6325/6325
f 6325/6325/6325 6328/6328/6328 6327/6327/6327
f 6327/6327/6327 6329/6329/6329 6326/6326/6326
f 6327/6327/6327 6328/6328/6328 6330/6330/6330
f 6329/6329/6329 6327/6327/6327 6331/6331/6331
f 6330/6330/6330 6332/6332/6332 6327/6327/6327
f 6332/6332/6332 6331/6331/6331 6327/6327/6327
f 6335/6335/6335 6334/6334/6334 6333/6333/6333
f 6334/6334/6334 6335/6335/6335 6336/6336/6336
f 6335/6335/6335 6333/6333/6333 6337/6337/6337
f 6338/6338/6338 6337/6337/6337 6333/6333/6333
f 6338/6338/6338 6339/6339/6339 6337/6337/6337
f 6337/6337/6337 6339/6339/6339 6340/6340/6340
f 6340/6340/6340 6341/6341/6341 6337/6337/6337
f 6335/6335/6335 6337/6337/6337 6341/6341/6341
f 6340/6340/6340 6342/6342/6342 6341/6341/6341
f 6343/6343/6343 6336/6336/6336 6335/6335/6335
f 6341/6341/6341 6343/6343/6343 6335/6335/6335
f 6341/6341/6341 6342/6342/6342 6343/6343/6343
f 6343/6343/6343 6344/6344/6344 6336/6336/6336
f 6344/6344/6344 6343/6343/6343 6342/6342/6342
f 6347/6347/6347 6346/6346/6346 6345/6345/6345
f 6347/6347/6347 6345/6345/6345 6348/6348/6348
f 6346/6346/6346 6347/6347/6347 6349/6349/6349
f 6348/6348/6348 6350/6350/6350 6347/6347/6347
f 6351/6351/6351 6346/6346/6346 6349/6349/6349
f 6350/6350/6350 6348/6348/6348 6351/6351/6351
f 6351/6351/6351 6349/6349/6349 6352/6352/6352
f 6351/6351/6351 6352/6352/6352 6350/6350/6350
f 6355/6355/6355 6354/6354/6354 6353/6353/6353
f 6355/6355/6355 6356/6356/6356 6354/6354/6354
f 6353/6353/6353 6357/6357/6357 6355/6355/6355
f 6356/6356/6356 6355/6355/6355 6358/6358/6358
f 6357/6357/6357 6353/6353/6353 6359/6359/6359
f 6358/6358/6358 6359/6359/6359 6356/6356/6356
f 6359/6359/6359 6360/6360/6360 6357/6357/6357
f 6358/6358/6358 6360/6360/6360 6359/6359/6359
f 6363/6363/6363 6362/6362/6362 6361/6361/6361
f 6364/6364/6364 6362/6362/6362 6363/6363/6363
f 6361/6361/6361 6365/6365/6365 6363/6363/6363
f 6363/6363/6363 6366/6366/6366 6364/6364/6364
f 6361/6361/6361 6367/6367/6367 6365/6365/6365
f 6367/6367/6367 6364/6364/6364 6366/6366/6366
f 6368/6368/6368 6365/6365/6365 6367/6367/6367
f 6366/6366/6366 6368/6368/6368 6367/6367/6367
f 6371/6371/6371 6370/6370/6370 6369/6369/6369
f 6371/6371/6371 6369/6369/6369 6372/6372/6372
f 6370/6370/6370 6371/6371/6371 6373/6373/6373
f 6372/6372/6372 6374/6374/6374 6371/6371/6371
f 6373/6373/6373 6375/6375/6375 6370/6370/6370
f 6374/6374/6374 6372/6372/6372 6375/6375/6375
f 6375/6375/6375 6373/6373/6373 6376/6376/6376
f 6375/6375/6375 6376/6376/6376 6374/6374/6374
f 6379/6379/6379 6378/6378/6378 6377/6377/6377
f 6380/6380/6380 6378/6378/6378 6379/6379/6379
f 6377/6377/6377 6381/6381/6381 6379/6379/6379
f 6379/6379/6379 6382/6382/6382 6380/6380/6380
f 6381/6381/6381 6377/6377/6377 6383/6383/6383
f 6383/6383/6383 6384/6384/6384 6381/6381/6381
f 6384/6384/6384 6383/6383/6383 6385/6385/6385
f 6385/6385/6385 6386/6386/6386 6384/6384/6384
f 6386/6386/6386 6385/6385/6385 6387/6387/6387
f 6387/6387/6387 6388/6388/6388 6386/6386/6386
f 6388/6388/6388 6387/6387/6387 6389/6389/6389
f 6389/6389/6389 6390/6390/6390 6388/6388/6388
f 6390/6390/6390 6389/6389/6389 6391/6391/6391
f 6391/6391/6391 6392/6392/6392 6390/6390/6390
f 6380/6380/6380 6382/6382/6382 6393/6393/6393
f 6393/6393/6393 6394/6394/6394 6380/6380/6380
f 6392/6392/6392 6391/6391/6391 6395/6395/6395
f 6395/6395/6395 6396/6396/6396 6392/6392/6392
f 6396/6396/6396 6395/6395/6395 6397/6397/6397
f 6398/6398/6398 6397/6397/6397 6395/6395/6395
f 6397/6397/6397 6398/6398/6398 6399/6399/6399
f 6400/6400/6400 6399/6399/6399 6398/6398/6398
f 6401/6401/6401 6399/6399/6399 6400/6400/6400
f 6402/6402/6402 6401/6401/6401 6400/6400/6400
f 6403/6403/6403 6401/6401/6401 6402/6402/6402
f 6402/6402/6402 6404/6404/6404 6403/6403/6403
f 6394/6394/6394 6393/6393/6393 6405/6405/6405
f 6406/6406/6406 6405/6405/6405 6393/6393/6393
f 6407/6407/6407 6403/6403/6403 6404/6404/6404
f 6405/6405/6405 6406/6406/6406 6407/6407/6407
f 6404/6404/6404 6408/6408/6408 6407/6407/6407
f 6407/6407/6407 6408/6408/6408 6405/6405/6405
f 6411/6411/6411 6410/6410/6410 6409/6409/6409
f 6410/6410/6410 6412/6412/6412 6409/6409/6409
f 6413/6413/6413 6411/6411/6411 6409/6409/6409
f 6412/6412/6412 6414/6414/6414 6409/6409/6409
f 6415/6415/6415 6413/6413/6413 6409/6409/6409
f 6414/6414/6414 6416/6416/6416 6409/6409/6409
f 6417/6417/6417 6415/6415/6415 6409/6409/6409
f 6416/6416/6416 6418/6418/6418 6409/6409/6409
f 6419/6419/6419 6417/6417/6417 6409/6409/6409
f 6418/6418/6418 6419/6419/6419 6409/6409/6409
f 6422/6422/6422 6421/6421/6421 6420/6420/6420
f 6423/6423/6423 6422/6422/6422 6420/6420/6420
f 6421/6421/6421 6424/6424/6424 6420/6420/6420
f 6425/6425/6425 6423/6423/6423 6420/6420/6420
f 6424/6424/6424 6426/6426/6426 6420/6420/6420
f 6427/6427/6427 6425/6425/6425 6420/6420/6420
f 6426/6426/6426 6428/6428/6428 6420/6420/6420
f 6429/6429/6429 6427/6427/6427 6420/6420/6420
f 6428/6428/6428 6430/6430/6430 6420/6420/6420
f 6430/6430/6430 6429/6429/6429 6420/6420/6420
f 6433/6433/6433 6432/6432/6432 6431/6431/6431
f 6434/6434/6434 6432/6432/6432 6433/6433/6433
f 6431/6431/6431 6435/6435/6435 6433/6433/6433
f 6435/6435/6435 6431/6431/6431 6436/6436/6436
f 6433/6433/6433 6437/6437/6437 6434/6434/6434
f 6433/6433/6433 6435/6435/6435 6437/6437/6437
f 6438/6438/6438 6434/6434/6434 6437/6437/6437
f 6435/6435/6435 6439/6439/6439 6437/6437/6437
f 6440/6440/6440 6439/6439/6439 6435/6435/6435
f 6436/6436/6436 6440/6440/6440 6435/6435/6435
f 6440/6440/6440 6436/6436/6436 6441/6441/6441
f 6441/6441/6441 6439/6439/6439 6440/6440/6440
f 6439/6439/6439 6441/6441/6441 6442/6442/6442
f 6437/6437/6437 6443/6443/6443 6438/6438/6438
f 6444/6444/6444 6438/6438/6438 6443/6443/6443
f 6437/6437/6437 6445/6445/6445 6443/6443/6443
f 6445/6445/6445 6437/6437/6437 6439/6439/6439
f 6443/6443/6443 6446/6446/6446 6444/6444/6444
f 6443/6443/6443 6445/6445/6445 6446/6446/6446
f 6447/6447/6447 6444/6444/6444 6446/6446/6446
f 6446/6446/6446 6448/6448/6448 6447/6447/6447
f 6448/6448/6448 6446/6446/6446 6445/6445/6445
f 6449/6449/6449 6447/6447/6447 6448/6448/6448
f 6448/6448/6448 6445/6445/6445 6449/6449/6449
f 6449/6449/6449 6445/6445/6445 6450/6450/6450
f 6445/6445/6445 6439/6439/6439 6450/6450/6450
f 6449/6449/6449 6450/6450/6450 6451/6451/6451
f 6451/6451/6451 6450/6450/6450 6452/6452/6452
f 6450/6450/6450 6439/6439/6439 6452/6452/6452
f 6452/6452/6452 6453/6453/6453 6451/6451/6451
f 6442/6442/6442 6454/6454/6454 6439/6439/6439
f 6454/6454/6454 6442/6442/6442 6453/6453/6453
f 6453/6453/6453 6452/6452/6452 6454/6454/6454
f 6454/6454/6454 6452/6452/6452 6439/6439/6439
f 6457/6457/6457 6456/6456/6456 6455/6455/6455
f 6458/6458/6458 6456/6456/6456 6457/6457/6457
f 6455/6455/6455 6459/6459/6459 6457/6457/6457
f 6457/6457/6457 6460/6460/6460 6458/6458/6458
f 6461/6461/6461 6459/6459/6459 6455/6455/6455
f 6458/6458/6458 6460/6460/6460 6462/6462/6462
f 6455/6455/6455 6463/6463/6463 6461/6461/6461
f 6458/6458/6458 6462/6462/6462 6464/6464/6464
f 6465/6465/6465 6461/6461/6461 6463/6463/6463
f 6462/6462/6462 6466/6466/6466 6464/6464/6464
f 6463/6463/6463 6467/6467/6467 6465/6465/6465
f 6464/6464/6464 6466/6466/6466 6468/6468/6468
f 6469/6469/6469 6465/6465/6465 6467/6467/6467
f 6467/6467/6467 6470/6470/6470 6469/6469/6469
f 6468/6468/6468 6466/6466/6466 6471/6471/6471
f 6471/6471/6471 6472/6472/6472 6468/6468/6468
f 6469/6469/6469 6470/6470/6470 6473/6473/6473
f 6473/6473/6473 6474/6474/6474 6469/6469/6469
f 6475/6475/6475 6472/6472/6472 6471/6471/6471
f 6471/6471/6471 6476/6476/6476 6475/6475/6475
f 6477/6477/6477 6474/6474/6474 6473/6473/6473
f 6475/6475/6475 6476/6476/6476 6477/6477/6477
f 6473/6473/6473 6478/6478/6478 6477/6477/6477
f 6475/6475/6475 6477/6477/6477 6478/6478/6478
f 6481/6481/6481 6480/6480/6480 6479/6479/6479
f 6479/6479/6479 6482/6482/6482 6481/6481/6481
f 6480/6480/6480 6481/6481/6481 6483/6483/6483
f 6479/6479/6479 6484/6484/6484 6482/6482/6482
f 6483/6483/6483 6485/6485/6485 6480/6480/6480
f 6484/6484/6484 6486/6486/6486 6482/6482/6482
f 6486/6486/6486 6484/6484/6484 6485/6485/6485
f 6485/6485/6485 6483/6483/6483 6486/6486/6486
