g OL_CH0331_Weapon
v -0.062823616 0.0009052864 0.005632634
v -0.062846504 0.0009052864 0.0008474874
v -0.062105883 0.0009052864 0.006200671
v -0.05887895 0.0009052864 0.006264858
v -0.062105883 0.0009052864 0.006200671
v -0.058878943 0.0009052863 -0.0007604265
v 0.0053118467 -0.0035204408 0.0300008
v 0.005237775 -0.003521708 0.019122506
v 0.00020676135 -0.003521708 0.022516005
v 0.0016520738 -0.0035204154 0.029951697
v 0.0053118467 -0.003520426 0.048632722
v 0.001652069 -0.003520426 0.048903063
v 0.0020880795 -0.003520425 0.056231506
v -0.0013729619 -0.003520425 0.05423328
v -0.005006132 -0.003520426 0.06168161
v -0.006491513 -0.0035204252 0.05795333
v -0.014031441 -0.0035204273 0.062841855
v -0.013990972 -0.0035204252 0.058255572
v -0.018550033 -0.0035204296 0.06514691
v -0.018529551 -0.0035204252 0.05559714
v 0.005877342 0.0019732802 0.030000083
v 0.0058006905 0.001974562 0.01874281
v 0.0058006905 -0.0025945432 0.01874281
v 0.005877342 -0.002593261 0.030000083
v 0.0058773374 0.0019732802 0.048747715
v 0.0058773374 -0.002593261 0.048747715
v 0.0025505542 0.0019732788 0.056589305
v 0.0025505542 -0.0025932598 0.056589305
v -0.004782653 0.0019732802 0.062223017
v -0.004782653 -0.002593261 0.062223017
v -0.013861944 0.0019732811 0.0633902
v -0.013861944 -0.0025932621 0.0633902
v -0.0185514 0.001973284 0.06578242
v -0.0185514 -0.0025932644 0.06578242
v -0.00030253408 0.001974562 0.022859538
v 0.0010865831 -0.002593261 0.030006148
v -0.00030253408 -0.0025945432 0.022859538
v 0.0010865831 0.0019732802 0.030006148
v 0.0010865784 -0.002593261 0.048753787
v 0.0010865784 0.0019732802 0.048753787
v -0.0018043851 -0.0025932598 0.053847764
v -0.0018043851 0.0019732788 0.053847764
v -0.006685419 -0.0025932598 0.0573952
v -0.006685419 0.0019732788 0.0573952
v -0.013848161 -0.0025932598 0.057683866
v -0.013848161 0.0019732788 0.057683866
v -0.018528147 -0.0025932598 0.05494261
v -0.018528147 0.0019732788 0.05494261
v 0.0053118514 0.00290046 0.0300008
v 0.00020676135 0.0029017276 0.022516005
v 0.005237775 0.0029017276 0.019122506
v 0.0016520738 0.0029004347 0.029951697
v 0.0053118467 0.0029004454 0.048632722
v 0.001652069 0.0029004454 0.048903063
v 0.0020880795 0.0029004442 0.056231506
v -0.0013729619 0.0029004442 0.05423328
v -0.005006132 0.0029004454 0.06168161
v -0.006491513 0.0029004444 0.05795333
v -0.014031441 0.0029004465 0.062841855
v -0.013990972 0.0029004444 0.058255572
v -0.018550033 0.0029004489 0.06514691
v -0.018529551 0.0029004444 0.05559714
v -0.031288367 0.0084815575 0.0008947325
v -0.031288374 0.008481553 0.034834493
v -0.029937075 0.0069263256 0.034827884
v -0.029937072 0.006926329 0.00088812347
v -0.028584918 0.008481549 0.03482126
v -0.027727224 0.0084815575 -0.009671425
v -0.028584914 0.008481556 0.00088150025
v -0.026455164 0.0069263303 -0.0092154695
v -0.02613806 0.008481547 -0.010098872
v -0.025182283 0.008481556 -0.008759227
v -0.028584914 0.008481556 0.00088150025
v -0.028584918 0.008481549 0.03482126
v -0.029936217 0.010036776 0.03482787
v -0.029936213 0.0100367805 0.00088810443
v -0.031288374 0.008481553 0.034834493
v -0.025182283 0.008481556 -0.008759227
v -0.031288367 0.0084815575 0.0008947325
v -0.026454348 0.0100367805 -0.009215188
v -0.02613806 0.008481547 -0.010098872
v -0.027727224 0.0084815575 -0.009671425
v -0.026988754 0.009229127 0.03869785
v -0.030618971 0.009229119 0.055363387
v -0.030618971 0.009229127 0.03870463
v -0.024806865 0.009229119 0.055376753
v -0.029354313 0.009229115 0.056616135
v -0.025953094 0.009229115 0.056615643
v -0.030998548 0.010395761 0.037366137
v -0.027683634 0.010395762 0.033867743
v -0.027226774 0.010395758 0.037359357
v -0.030998547 0.010395763 0.03388098
v -0.032188267 0.009229129 0.03388098
v -0.032188267 0.009229127 0.038704626
v -0.027339222 0.007990539 0.033867743
v -0.032188267 0.009229129 0.03388098
v -0.032188267 0.00799054 0.03388098
v -0.030998547 0.010395763 0.03388098
v -0.027683634 0.010395762 0.033867743
v -0.032188267 0.00799054 0.03388098
v -0.032188267 0.009229129 0.03388098
v -0.032188267 0.009229127 0.038704626
v -0.032188267 0.007990536 0.038969915
v -0.030998548 0.007990536 0.038969915
v -0.030618971 0.009229127 0.03870463
v -0.030998548 0.00799053 0.055363383
v -0.030618971 0.009229119 0.055363387
v -0.029354313 0.009229115 0.056616135
v -0.029354313 0.007990528 0.057007384
v -0.025953094 0.009229115 0.056615643
v -0.025953094 0.007990528 0.057006888
v -0.024806865 0.009229119 0.055376753
v -0.024525525 0.00799053 0.055376753
v -0.026707418 0.007990536 0.038963135
v -0.026988754 0.009229127 0.03869785
v -0.027226774 0.010395758 0.037359357
v -0.027339222 0.007990539 0.033867743
v -0.027683634 0.010395762 0.033867743
v -0.032188267 0.009229127 0.038704626
v -0.030998548 0.010395761 0.037366137
v -0.030618971 0.009229127 0.03870463
v -0.027226774 0.010395758 0.037359357
v -0.026988754 0.009229127 0.03869785
v -0.014692032 -0.00888698 0.021347655
v -0.016412381 -0.00888698 0.019904127
v -0.0185227 -0.00888698 0.020672206
v -0.01891267 -0.00888698 0.022883851
v -0.015082002 -0.00888698 0.023559308
v -0.017192325 -0.00888698 0.024327392
v -0.023491545 -0.00888698 0.048371386
v -0.025211897 -0.00888698 0.04692785
v -0.027322212 -0.00888698 0.047695942
v -0.027712185 -0.00888698 0.04990758
v -0.023881515 -0.00888698 0.050583046
v -0.025991835 -0.00888698 0.051351123
v -0.022947075 -0.008885758 -0.02097283
v -0.023964304 -0.008885758 -0.021826386
v -0.025212143 -0.008885758 -0.021372218
v -0.02544273 -0.008885758 -0.020064473
v -0.023177661 -0.008885758 -0.019665083
v -0.024425482 -0.008885758 -0.019210916
v -0.0185227 0.0082669975 0.020672206
v -0.016412381 0.0082669975 0.019904127
v -0.014692032 0.0082669975 0.021347655
v -0.01891267 0.0082669975 0.022883851
v -0.015082002 0.0082669975 0.023559308
v -0.017192325 0.0082669975 0.024327392
v -0.027322212 0.0082669975 0.047695942
v -0.025211897 0.0082669975 0.04692785
v -0.023491545 0.0082669975 0.048371386
v -0.027712185 0.0082669975 0.04990758
v -0.023881515 0.0082669975 0.050583046
v -0.025991835 0.0082669975 0.051351123
v -0.025212143 0.008265777 -0.021372218
v -0.023964304 0.008265777 -0.021826386
v -0.022947075 0.008265777 -0.02097283
v -0.02544273 0.008265777 -0.020064473
v -0.023177661 0.008265777 -0.019665083
v -0.024425482 0.008265777 -0.019210916
v -0.004978847 -0.0092684515 0.01995315
v -0.0024979543 -0.0092684515 0.022034874
v 0.00054531096 -0.0092684515 0.020927215
v 0.001107688 -0.0092684515 0.017737836
v -0.0044164704 -0.0092684515 0.016763773
v -0.0013732051 -0.0092684515 0.015656123
v -0.0021841477 -0.0092684515 0.013454037
v -0.005227413 -0.0092684515 0.014561686
v -0.003981876 -0.0092684515 0.013258147
v -0.013059442 -0.009865778 0.016254177
v -0.0072419737 -0.009865777 0.014364681
v -0.007013292 -0.009865776 0.012653742
v -0.02004678 -0.009865778 0.008644662
v -0.005037265 -0.009865776 0.010720406
v -0.02196748 -0.009865778 -0.0022681856
v 0.035173066 -0.009865771 -0.02686603
v -0.001966915 -0.009865775 0.01104249
v 0.03720244 -0.009865774 -0.025871605
v 0.04472428 -0.009865775 -0.0040813494
v -0.00091764925 -0.009865776 0.012433042
v 0.035792086 -0.008186096 -0.028219495
v -0.02330426 -0.008186103 -0.002941923
v -0.022230513 -0.0094985925 -0.0026506996
v 0.035013355 -0.009498811 -0.027293209
v 0.03644097 -0.008186097 -0.028259424
v 0.035593636 -0.00960743 -0.027236246
v 0.037342153 -0.009607431 -0.026379446
v 0.038300052 -0.008186098 -0.027348446
v -0.00076855655 -0.008186101 0.013278026
v 0.04624789 -0.008186099 -0.0036211489
v 0.045033973 -0.009468228 -0.0037380503
v -0.00074889656 -0.009468491 0.01282762
v 0.04656036 -0.008186099 -0.0040533873
v 0.038663104 -0.008186099 -0.026931157
v 0.0377119 -0.009597497 -0.025968928
v 0.04523595 -0.009597498 -0.004172277
v -0.021431686 -0.008186102 0.008942661
v -0.020564813 -0.009566108 0.008577061
v -0.022461612 -0.009563931 -0.0022065067
v -0.023586022 -0.008186103 -0.0025011587
v -0.006841364 -0.008186101 0.015194621
v -0.007163181 -0.009464027 0.014784712
v -0.0129726 -0.009465511 0.016673231
v -0.013524999 -0.008186101 0.01728848
v -0.0022046089 -0.008186099 0.01183177
v -0.0012251234 -0.008186101 0.01312983
v -0.0012087536 -0.009431464 0.012680826
v -0.0021397017 -0.009453694 0.01143867
v -0.0048132655 -0.008186102 0.011576919
v -0.004905357 -0.009461416 0.011150637
v -0.006650481 -0.009452534 0.012873211
v -0.0063579176 -0.008186099 0.013135171
v -0.006849303 -0.009440077 0.014406266
v -0.006533804 -0.008186101 0.014802484
v -0.014062731 -0.008186101 0.017188054
v -0.01347409 -0.009548164 0.016525159
v -0.020314965 -0.009548119 0.009075112
v -0.021180965 -0.008186102 0.009439406
v -0.000118575095 -0.010395762 0.013048758
v 0.00014311314 -0.009702499 0.01293139
v -0.0053394698 -0.009702497 0.004234619
v -0.005708327 -0.010395761 0.0041819904
v -0.0050304555 -0.009702497 0.0035692833
v -0.0052245283 -0.010395761 0.0031690216
v -0.0041104457 -0.009702497 0.0035394144
v -0.0040015937 -0.010395761 0.003235259
v 0.0017033529 -0.009702499 0.012383527
v 0.0019646548 -0.010395762 0.012299961
v 0.0036831568 -0.010395763 0.011674904
v 0.0039526937 -0.009702502 0.011572566
v -0.0016087389 -0.009702497 0.0028008842
v -0.0019781876 -0.010395758 0.0027456426
v -0.0012997246 -0.009702497 0.0021355534
v -0.0014943933 -0.010395758 0.0017326736
v -0.00037971497 -0.009702494 0.0021056794
v -0.00027145862 -0.010395756 0.001798911
v 0.005364337 -0.009702502 0.011063232
v 0.005611377 -0.010395763 0.010972896
v 0.007387633 -0.010395769 0.010340171
v 0.007676759 -0.009702503 0.010245542
v 0.0022040557 -0.009702497 0.0015301227
v 0.0018357276 -0.010395759 0.0014761686
v 0.0025130652 -0.009702497 0.0008647871
v 0.0023195266 -0.010395759 0.00046320437
v 0.0034330797 -0.009702497 0.0008349132
v 0.0035424565 -0.010395759 0.00052943703
v 0.009179768 -0.0097025 0.009711876
v 0.009442449 -0.010395766 0.009608192
v -0.013059442 0.009245796 0.016254177
v -0.007013292 0.009245795 0.012653742
v -0.0072419737 0.009245795 0.014364681
v -0.02004678 0.009245796 0.008644662
v -0.005037265 0.009245795 0.010720406
v -0.02196748 0.009245796 -0.0022681856
v 0.035173066 0.00924579 -0.02686603
v -0.001966915 0.009245793 0.01104249
v 0.03720244 0.009245792 -0.025871605
v 0.04472428 0.009245793 -0.0040813494
v -0.00091764925 0.009245795 0.012433042
v -0.022230513 0.008878611 -0.0026506996
v -0.02330426 0.007566122 -0.002941923
v 0.035792086 0.007566115 -0.028219495
v 0.035013355 0.008878831 -0.027293209
v 0.03644097 0.007566116 -0.028259424
v 0.038300052 0.0075661168 -0.027348446
v 0.037342153 0.008987449 -0.026379446
v 0.035593636 0.008987448 -0.027236246
v 0.045033973 0.008848247 -0.0037380503
v 0.04624789 0.007566118 -0.0036211489
v -0.00076855655 0.00756612 0.013278026
v -0.00074889656 0.00884851 0.01282762
v 0.0377119 0.008977516 -0.025968928
v 0.038663104 0.0075661177 -0.026931157
v 0.04656036 0.007566118 -0.0040533873
v 0.04523595 0.008977517 -0.004172277
v -0.021431686 0.0075661205 0.008942661
v -0.023586022 0.007566122 -0.0025011587
v -0.022461612 0.008943951 -0.0022065067
v -0.020564813 0.008946126 0.008577061
v -0.006841364 0.00756612 0.015194621
v -0.013524999 0.00756612 0.01728848
v -0.0129726 0.0088455295 0.016673231
v -0.007163181 0.008844046 0.014784712
v -0.0012087536 0.008811482 0.012680826
v -0.0012251234 0.007566119 0.01312983
v -0.0022046089 0.0075661177 0.01183177
v -0.0021397017 0.008833713 0.01143867
v -0.0048132655 0.0075661205 0.011576919
v -0.004905357 0.0088414345 0.011150637
v -0.006650481 0.0088325525 0.012873211
v -0.0063579176 0.007566118 0.013135171
v -0.006849303 0.008820095 0.014406266
v -0.006533804 0.00756612 0.014802484
v -0.014062731 0.00756612 0.017188054
v -0.021180965 0.0075661205 0.009439406
v -0.020314965 0.008928139 0.009075112
v -0.01347409 0.0089281835 0.016525159
v -0.000118575095 0.00977578 0.013048758
v -0.0053394698 0.009082516 0.004234619
v 0.00014311314 0.009082518 0.01293139
v -0.005708327 0.009775779 0.0041819904
v -0.0050304555 0.009082516 0.0035692833
v -0.0052245283 0.009775779 0.0031690216
v -0.0041104457 0.009082516 0.0035394144
v -0.0040015937 0.009775779 0.003235259
v 0.0017033529 0.009082518 0.012383527
v 0.0019646548 0.00977578 0.012299961
v 0.0036831568 0.009775783 0.011674904
v -0.0016087389 0.009082516 0.0028008842
v 0.0039526937 0.00908252 0.011572566
v -0.0019781876 0.009775776 0.0027456426
v -0.0012997246 0.009082516 0.0021355534
v -0.0014943933 0.009775776 0.0017326736
v -0.00037971497 0.009082513 0.0021056794
v -0.00027145862 0.009775775 0.001798911
v 0.005364337 0.00908252 0.011063232
v 0.005611377 0.009775783 0.010972896
v 0.007387633 0.009775788 0.010340171
v 0.0022040557 0.009082516 0.0015301227
v 0.007676759 0.009082521 0.010245542
v 0.0018357276 0.009775778 0.0014761686
v 0.0025130652 0.009082516 0.0008647871
v 0.0023195266 0.009775778 0.00046320437
v 0.0034330797 0.009082516 0.0008349132
v 0.0035424565 0.009775778 0.00052943703
v 0.009179768 0.0090825185 0.009711876
v 0.009442449 0.009775785 0.009608192
v -0.012947153 -0.009992911 0.0011560249
v -0.0136825275 -0.009992911 0.0010263586
v -0.014572182 -0.009992911 0.0065027904
v -0.01383681 -0.009992911 0.0066324566
v 0.034823593 -0.009992908 -0.01647539
v 0.034088224 -0.009992908 -0.016605062
v 0.03319857 -0.009992908 -0.0111286305
v 0.033933938 -0.009992908 -0.010998954
v -0.0147713255 0.00954827 0.0029707765
v -0.013530335 0.00954827 0.0025190972
v -0.012518668 0.00954827 0.003367977
v -0.015000651 0.00954827 0.00427135
v -0.012747993 0.00954827 0.00466856
v -0.013988986 0.00954827 0.005120239
v 0.032999422 0.009548268 -0.014660644
v 0.034240413 0.009548266 -0.015112324
v 0.03525208 0.009548268 -0.014263439
v 0.032770105 0.009548268 -0.013360066
v 0.035022758 0.009548266 -0.012962856
v 0.03378177 0.009548266 -0.012511177
v 0.0058006905 -0.0025945432 0.01874281
v 0.005237775 -0.003521708 0.019122506
v 0.0053118467 -0.0035204408 0.0300008
v 0.005877342 -0.002593261 0.030000083
v 0.0053118467 -0.003520426 0.048632722
v 0.0058773374 -0.002593261 0.048747715
v 0.0020880795 -0.003520425 0.056231506
v 0.0025505542 -0.0025932598 0.056589305
v -0.005006132 -0.003520426 0.06168161
v -0.004782653 -0.002593261 0.062223017
v -0.014031441 -0.0035204273 0.062841855
v -0.013861944 -0.0025932621 0.0633902
v -0.018550033 -0.0035204296 0.06514691
v -0.0185514 -0.0025932644 0.06578242
v 0.0010865831 -0.002593261 0.030006148
v 0.00020676135 -0.003521708 0.022516005
v -0.00030253408 -0.0025945432 0.022859538
v 0.0016520738 -0.0035204154 0.029951697
v 0.0010865784 -0.002593261 0.048753787
v 0.001652069 -0.003520426 0.048903063
v -0.0018043851 -0.0025932598 0.053847764
v -0.0013729619 -0.003520425 0.05423328
v -0.006685419 -0.0025932598 0.0573952
v -0.006491513 -0.0035204252 0.05795333
v -0.013848161 -0.0025932598 0.057683866
v -0.013990972 -0.0035204252 0.058255572
v -0.018528147 -0.0025932598 0.05494261
v -0.018529551 -0.0035204252 0.05559714
v -0.00030253408 0.001974562 0.022859538
v 0.00020676135 0.0029017276 0.022516005
v 0.0016520738 0.0029004347 0.029951697
v 0.0010865831 0.0019732802 0.030006148
v 0.001652069 0.0029004454 0.048903063
v 0.0010865784 0.0019732802 0.048753787
v -0.0013729619 0.0029004442 0.05423328
v -0.0018043851 0.0019732788 0.053847764
v -0.006491513 0.0029004444 0.05795333
v -0.006685419 0.0019732788 0.0573952
v -0.013990972 0.0029004444 0.058255572
v -0.013848161 0.0019732788 0.057683866
v -0.018529551 0.0029004444 0.05559714
v -0.018528147 0.0019732788 0.05494261
v 0.005877342 0.0019732802 0.030000083
v 0.005237775 0.0029017276 0.019122506
v 0.0058006905 0.001974562 0.01874281
v 0.0053118514 0.00290046 0.0300008
v 0.0058773374 0.0019732802 0.048747715
v 0.0053118467 0.0029004454 0.048632722
v 0.0025505542 0.0019732788 0.056589305
v 0.0020880795 0.0029004442 0.056231506
v -0.004782653 0.0019732802 0.062223017
v -0.005006132 0.0029004454 0.06168161
v -0.013861944 0.0019732811 0.0633902
v -0.014031441 0.0029004465 0.062841855
v -0.0185514 0.001973284 0.06578242
v -0.018550033 0.0029004489 0.06514691
v -0.022461612 -0.009563931 -0.0022065067
v -0.02330426 -0.008186103 -0.002941923
v -0.023586022 -0.008186103 -0.0025011587
v -0.022230513 -0.0094985925 -0.0026506996
v -0.02196748 -0.009865778 -0.0022681856
v -0.020564813 -0.009566108 0.008577061
v 0.035173066 -0.009865771 -0.02686603
v -0.02004678 -0.009865778 0.008644662
v 0.035013355 -0.009498811 -0.027293209
v -0.020314965 -0.009548119 0.009075112
v -0.021431686 -0.008186102 0.008942661
v -0.021180965 -0.008186102 0.009439406
v -0.01347409 -0.009548164 0.016525159
v -0.013059442 -0.009865778 0.016254177
v 0.035593636 -0.00960743 -0.027236246
v 0.03720244 -0.009865774 -0.025871605
v 0.03644097 -0.008186097 -0.028259424
v 0.035792086 -0.008186096 -0.028219495
v 0.037342153 -0.009607431 -0.026379446
v -0.0129726 -0.009465511 0.016673231
v -0.014062731 -0.008186101 0.017188054
v -0.013524999 -0.008186101 0.01728848
v -0.007163181 -0.009464027 0.014784712
v -0.0072419737 -0.009865777 0.014364681
v 0.0377119 -0.009597497 -0.025968928
v 0.04472428 -0.009865775 -0.0040813494
v 0.038663104 -0.008186099 -0.026931157
v 0.038300052 -0.008186098 -0.027348446
v 0.04523595 -0.009597498 -0.004172277
v -0.006849303 -0.009440077 0.014406266
v -0.006841364 -0.008186101 0.015194621
v -0.006533804 -0.008186101 0.014802484
v -0.006650481 -0.009452534 0.012873211
v -0.007013292 -0.009865776 0.012653742
v -0.004905357 -0.009461416 0.011150637
v -0.005037265 -0.009865776 0.010720406
v -0.0021397017 -0.009453694 0.01143867
v -0.001966915 -0.009865775 0.01104249
v -0.0012087536 -0.009431464 0.012680826
v -0.00091764925 -0.009865776 0.012433042
v 0.045033973 -0.009468228 -0.0037380503
v 0.04624789 -0.008186099 -0.0036211489
v 0.04656036 -0.008186099 -0.0040533873
v -0.00074889656 -0.009468491 0.01282762
v -0.0012251234 -0.008186101 0.01312983
v -0.00076855655 -0.008186101 0.013278026
v 0.035593636 0.008987448 -0.027236246
v 0.035792086 0.007566115 -0.028219495
v 0.03644097 0.007566116 -0.028259424
v 0.035013355 0.008878831 -0.027293209
v 0.035173066 0.00924579 -0.02686603
v 0.037342153 0.008987449 -0.026379446
v -0.02196748 0.009245796 -0.0022681856
v 0.03720244 0.009245792 -0.025871605
v -0.022230513 0.008878611 -0.0026506996
v 0.0377119 0.008977516 -0.025968928
v 0.038300052 0.0075661168 -0.027348446
v 0.038663104 0.0075661177 -0.026931157
v 0.04523595 0.008977517 -0.004172277
v 0.04472428 0.009245793 -0.0040813494
v -0.022461612 0.008943951 -0.0022065067
v -0.02004678 0.009245796 0.008644662
v -0.023586022 0.007566122 -0.0025011587
v -0.02330426 0.007566122 -0.002941923
v -0.020564813 0.008946126 0.008577061
v 0.045033973 0.008848247 -0.0037380503
v 0.04656036 0.007566118 -0.0040533873
v 0.04624789 0.007566118 -0.0036211489
v -0.00074889656 0.00884851 0.01282762
v -0.00091764925 0.009245795 0.012433042
v -0.020314965 0.008928139 0.009075112
v -0.013059442 0.009245796 0.016254177
v -0.021180965 0.0075661205 0.009439406
v -0.021431686 0.0075661205 0.008942661
v -0.01347409 0.0089281835 0.016525159
v -0.0012087536 0.008811482 0.012680826
v -0.00076855655 0.00756612 0.013278026
v -0.0012251234 0.007566119 0.01312983
v -0.0021397017 0.008833713 0.01143867
v -0.001966915 0.009245793 0.01104249
v -0.004905357 0.0088414345 0.011150637
v -0.005037265 0.009245795 0.010720406
v -0.006650481 0.0088325525 0.012873211
v -0.007013292 0.009245795 0.012653742
v -0.006849303 0.008820095 0.014406266
v -0.0072419737 0.009245795 0.014364681
v -0.0129726 0.0088455295 0.016673231
v -0.013524999 0.00756612 0.01728848
v -0.014062731 0.00756612 0.017188054
v -0.007163181 0.008844046 0.014784712
v -0.006533804 0.00756612 0.014802484
v -0.006841364 0.00756612 0.015194621
v -0.00018735885 -0.0019553741 0.035586152
v 0.00075467105 -0.0019553741 0.03508625
v 0.0010298013 -0.001955374 0.028951969
v -0.002935319 -0.0019553741 0.033844203
v 0.0003992176 -0.0019553741 0.024668712
v -0.0031798028 -0.0019553741 0.020180363
v -0.012980146 -0.0019553741 0.018735256
v -0.013055024 -0.0019553741 0.03384955
v -0.015766282 -0.001955374 0.0363106
v -0.018913455 -0.0019553741 0.018735256
v -0.018913459 -0.0019553741 0.042361166
v -0.012980146 -0.00030999025 0.018735256
v -0.012980146 -0.0019553741 0.018735256
v -0.0031798028 -0.0019553741 0.020180363
v -0.0031798028 -0.0003099903 0.020180363
v -0.002935319 -0.0003099903 0.033844203
v -0.002935319 -0.0019553741 0.033844203
v -0.013055024 -0.0019553741 0.03384955
v -0.013055024 -0.00030999025 0.03384955
v -0.0031798028 -0.0003099903 0.020180363
v -0.0031798028 -0.0019553741 0.020180363
v 0.0003992176 -0.0019553741 0.024668712
v 0.0003992176 -0.0003099903 0.024668712
v -0.00018735885 -0.0003099903 0.035586152
v -0.00018735885 -0.0019553741 0.035586152
v -0.002935319 -0.0019553741 0.033844203
v -0.002935319 -0.0003099903 0.033844203
v 0.0003992176 -0.0003099903 0.024668712
v 0.0003992176 -0.0019553741 0.024668712
v 0.0010298013 -0.001955374 0.028951969
v 0.0010298013 -0.00030999017 0.028951969
v 0.00075467105 -0.0003099903 0.03508625
v 0.00075467105 -0.0019553741 0.03508625
v -0.00018735885 -0.0019553741 0.035586152
v -0.00018735885 -0.0003099903 0.035586152
v -0.013055024 -0.00030999025 0.03384955
v -0.013055024 -0.0019553741 0.03384955
v -0.015766282 -0.001955374 0.0363106
v -0.015766282 -0.0003099903 0.0363106
v -0.018913455 -0.0003099903 0.018735256
v -0.018913455 -0.0019553741 0.018735256
v -0.012980146 -0.0019553741 0.018735256
v -0.012980146 -0.00030999025 0.018735256
v -0.015766282 -0.0003099903 0.0363106
v -0.015766282 -0.001955374 0.0363106
v -0.018913459 -0.0019553741 0.042361166
v -0.018913459 -0.0003099903 0.042361166
v -0.018913459 -0.0003099903 0.042361166
v -0.018913459 -0.0019553741 0.042361166
v -0.018913455 -0.0019553741 0.018735256
v -0.018913455 -0.0003099903 0.018735256
v 0.0010298013 -0.00030999017 0.028951969
v 0.0010298013 -0.001955374 0.028951969
v 0.00075467105 -0.0019553741 0.03508625
v 0.00075467105 -0.0003099903 0.03508625
v -0.018913459 -0.0003099903 0.042361166
v -0.018913455 -0.0003099903 0.018735256
v -0.015766282 -0.0003099903 0.0363106
v -0.013055024 -0.00030999025 0.03384955
v -0.012980146 -0.00030999025 0.018735256
v -0.0031798028 -0.0003099903 0.020180363
v -0.002935319 -0.0003099903 0.033844203
v 0.0003992176 -0.0003099903 0.024668712
v 0.0010298013 -0.00030999017 0.028951969
v 0.00075467105 -0.0003099903 0.03508625
v -0.00018735885 -0.0003099903 0.035586152
v -0.00750123 -0.007837646 0.021064276
v -0.0026271057 -0.007837646 0.023034282
v 0.0024123 -0.007837645 0.021277951
v 0.0082236575 -0.007837645 0.014227366
v -0.013585658 -0.007837646 0.02162013
v -0.029630428 -0.007837646 -0.004398942
v -0.020697221 -0.007837647 0.025053127
v 0.03374188 -0.007837642 -0.03295938
v 0.03884844 -0.007837642 -0.03155411
v 0.048370097 -0.007837641 -0.0008808279
v 0.034172967 -0.0076580998 -0.0340805
v -0.030776307 -0.0068255845 -0.0076090097
v -0.029985804 -0.0076405006 -0.005459976
v 0.03531176 -0.0068255817 -0.03658049
v 0.03898841 -0.0068255817 -0.03508244
v 0.039129004 -0.0076619694 -0.032557722
v -0.012770772 -0.0068255854 0.024980068
v -0.02034122 -0.007672123 0.02612707
v -0.019370152 -0.006825587 0.028818276
v -0.013281648 -0.007653992 0.022716803
v -0.008005099 -0.0068255854 0.024802545
v -0.0076692915 -0.00764693 0.022203214
v -0.0025788306 -0.0076621305 0.024203353
v -0.0018149519 -0.0068255845 0.026855683
v 0.0030829716 -0.0076698796 0.022219505
v 0.0049015568 -0.006825587 0.024516221
v 0.010649032 -0.0068255845 0.016916456
v 0.008916864 -0.0076485467 0.015142774
v 0.048992515 -0.007582211 -0.0005176544
v 0.049712166 -0.006825582 0.0021093749
v -0.012770772 0.006205604 0.024980068
v -0.019370152 -0.006825587 0.028818276
v -0.019370152 0.006205606 0.028818276
v -0.012770772 -0.0068255854 0.024980068
v -0.008005099 -0.0068255854 0.024802545
v -0.008005099 0.006205604 0.024802545
v -0.0018149519 -0.0068255845 0.026855683
v -0.0018149519 0.0062056035 0.026855683
v 0.0049015568 0.006205606 0.024516221
v 0.0049015568 -0.006825587 0.024516221
v 0.010649032 0.0062056035 0.016916456
v 0.010649032 -0.0068255845 0.016916456
v 0.049712166 -0.006825582 0.0021093749
v 0.049712166 0.006205601 0.0021093749
v 0.0024123 0.007217664 0.021277951
v -0.0026271057 0.0072176647 0.023034282
v -0.00750123 0.0072176647 0.021064276
v 0.0082236575 0.007217664 0.014227366
v -0.013585658 0.0072176647 0.02162013
v -0.029630428 0.0072176647 -0.004398942
v -0.020697221 0.007217665 0.025053127
v 0.03374188 0.0072176605 -0.03295938
v 0.03884844 0.0072176596 -0.03155411
v 0.048370097 0.0072176596 -0.0008808279
v 0.034172967 0.007038119 -0.0340805
v -0.029985804 0.007020519 -0.005459976
v -0.030776307 0.0062056035 -0.0076090097
v 0.03531176 0.0062056 -0.03658049
v 0.03898841 0.0062056 -0.03508244
v 0.039129004 0.007041987 -0.032557722
v -0.012770772 0.006205604 0.024980068
v -0.019370152 0.006205606 0.028818276
v -0.02034122 0.0070521417 0.02612707
v -0.013281648 0.0070340107 0.022716803
v -0.008005099 0.006205604 0.024802545
v -0.0076692915 0.007026949 0.022203214
v -0.0025788306 0.007042149 0.024203353
v -0.0018149519 0.0062056035 0.026855683
v 0.0030829716 0.007049898 0.022219505
v 0.0049015568 0.006205606 0.024516221
v 0.010649032 0.0062056035 0.016916456
v 0.008916864 0.0070285653 0.015142774
v 0.048992515 0.006962229 -0.0005176544
v 0.049712166 0.006205601 0.0021093749
v -0.030776307 0.0062056035 -0.0076090097
v -0.030776307 -0.0068255845 -0.0076090097
v 0.03531176 -0.0068255817 -0.03658049
v 0.03531176 0.0062056 -0.03658049
v 0.03898841 0.0062056 -0.03508244
v 0.03898841 -0.0068255817 -0.03508244
v 0.03374188 -0.007837642 -0.03295938
v -0.029985804 -0.0076405006 -0.005459976
v -0.029630428 -0.007837646 -0.004398942
v 0.034172967 -0.0076580998 -0.0340805
v 0.03884844 -0.007837642 -0.03155411
v 0.039129004 -0.0076619694 -0.032557722
v 0.048370097 -0.007837641 -0.0008808279
v 0.048992515 -0.007582211 -0.0005176544
v 0.0082236575 -0.007837645 0.014227366
v 0.008916864 -0.0076485467 0.015142774
v 0.0024123 -0.007837645 0.021277951
v 0.0030829716 -0.0076698796 0.022219505
v -0.0026271057 -0.007837646 0.023034282
v -0.0025788306 -0.0076621305 0.024203353
v -0.00750123 -0.007837646 0.021064276
v -0.0076692915 -0.00764693 0.022203214
v -0.013585658 -0.007837646 0.02162013
v -0.013281648 -0.007653992 0.022716803
v -0.020697221 -0.007837647 0.025053127
v -0.02034122 -0.007672123 0.02612707
v -0.029630428 0.0072176647 -0.004398942
v -0.029985804 0.007020519 -0.005459976
v 0.034172967 0.007038119 -0.0340805
v 0.03374188 0.0072176605 -0.03295938
v 0.039129004 0.007041987 -0.032557722
v 0.03884844 0.0072176596 -0.03155411
v 0.048992515 0.006962229 -0.0005176544
v 0.048370097 0.0072176596 -0.0008808279
v 0.008916864 0.0070285653 0.015142774
v 0.0082236575 0.007217664 0.014227366
v 0.0030829716 0.007049898 0.022219505
v 0.0024123 0.007217664 0.021277951
v -0.0025788306 0.007042149 0.024203353
v -0.0026271057 0.0072176647 0.023034282
v -0.0076692915 0.007026949 0.022203214
v -0.00750123 0.0072176647 0.021064276
v -0.013281648 0.0070340107 0.022716803
v -0.013585658 0.0072176647 0.02162013
v -0.02034122 0.0070521417 0.02612707
v -0.020697221 0.007217665 0.025053127
v -0.017116385 -0.008745524 -0.012390847
v -0.023784852 -0.008745524 -0.02578688
v -0.028708637 -0.008745524 -0.021585612
v -0.030717997 -0.008745524 -0.012190223
v -0.018229315 -0.008745524 -0.008732657
v -0.026133057 -0.008745526 -0.0043006707
v -0.037403684 -0.008745524 -0.010581188
v -0.037403703 -0.00878686 0.09419865
v -0.023503717 -0.008745524 0.010800151
v -0.020442676 -0.008789564 0.0941962
v -0.019858964 -0.008745524 0.03198409
v -0.018475492 -0.008745532 0.028173588
v -0.018289505 -0.008745524 0.018153943
v -0.01519818 -0.008745527 0.020204129
v -0.015219268 -0.008745297 0.0257536
v -0.013746328 -0.008745547 0.023003979
v -0.016241418 -0.008575895 -0.01242166
v -0.021811616 -0.007944239 -0.027470555
v -0.023147473 -0.008592731 -0.026330722
v -0.014704692 -0.007944239 -0.012298417
v -0.01603771 -0.007944239 -0.007860407
v -0.017491413 -0.008570437 -0.008290739
v -0.02424963 -0.00794424 -0.0029737758
v -0.025341155 -0.008562746 -0.003825817
v -0.022792283 -0.008522211 0.01038557
v -0.022084095 -0.007944239 0.009534497
v -0.016887914 -0.007944239 0.016668387
v -0.017706437 -0.008541071 0.01754818
v -0.014530017 -0.00856595 0.019681282
v -0.013180768 -0.007944239 0.019030226
v -0.01284728 -0.00857943 0.023010263
v -0.011256738 -0.007944239 0.023022057
v -0.013191885 -0.007944239 0.027176522
v -0.0145610785 -0.008579913 0.026293699
v -0.01596646 -0.007944239 0.029380674
v -0.017755128 -0.008601804 0.028646888
v -0.016625833 -0.007944239 0.032552373
v -0.01902233 -0.008593151 0.0321351
v -0.01659986 -0.0069443015 0.09134327
v -0.019761775 -0.008645281 0.093960635
v -0.03071401 -0.0049911044 0.0946218
v -0.037403703 -0.008091654 0.09462277
v -0.037403703 -0.0049911044 0.09462277
v -0.020406734 -0.008091654 0.0946203
v -0.03071401 0.0043711234 0.0946218
v -0.020406734 0.0074716723 0.0946203
v -0.037403703 0.0074716723 0.09462277
v -0.037403703 0.0043711234 0.09462277
v -0.030717997 -0.004989505 -0.012190223
v -0.037403684 -0.004989505 -0.010581188
v -0.037403684 -0.008745524 -0.010581188
v -0.030717997 -0.008745524 -0.012190223
v -0.028708637 -0.008745524 -0.021585612
v -0.030717997 0.004369524 -0.012190223
v -0.028708637 0.008125543 -0.021585612
v -0.023784852 -0.008745524 -0.02578688
v -0.030717997 0.008125543 -0.012190223
v -0.037403684 0.008125543 -0.010581188
v -0.037403684 0.004369524 -0.010581188
v -0.023784852 0.008125543 -0.02578688
v -0.023147473 0.00797275 -0.026330722
v -0.023147473 -0.008592731 -0.026330722
v -0.021811616 0.007324258 -0.027470555
v -0.021811616 -0.007944239 -0.027470555
v -0.037403684 -0.004989505 -0.010581188
v -0.03071401 -0.0049911044 0.0946218
v -0.037403703 -0.0049911044 0.09462277
v -0.030717997 -0.004989505 -0.012190223
v -0.030717997 0.004369524 -0.012190223
v -0.03071401 0.0043711234 0.0946218
v -0.037403684 0.004369524 -0.010581188
v -0.037403703 0.0043711234 0.09462277
v -0.019663695 0.0072970963 0.09436173
v -0.016599623 0.005596841 0.09187812
v -0.016599623 -0.0062168227 0.09187812
v -0.019663695 -0.007917077 0.09436173
v -0.028708637 0.008125543 -0.021585612
v -0.023784852 0.008125543 -0.02578688
v -0.017116385 0.008125543 -0.012390847
v -0.030717997 0.008125543 -0.012190223
v -0.018229315 0.008125543 -0.008732657
v -0.026133057 0.0081255445 -0.0043006707
v -0.037403684 0.008125543 -0.010581188
v -0.037403703 0.0081668785 0.09419865
v -0.02350372 0.008125543 0.010800151
v -0.020442676 0.008169582 0.0941962
v -0.019858964 0.008125543 0.03198409
v -0.018475492 0.00812555 0.028173588
v -0.018289505 0.008125543 0.018153943
v -0.01519818 0.008125545 0.020204129
v -0.015219268 0.008125315 0.0257536
v -0.013746328 0.008125566 0.02300398
v -0.021811616 0.007324258 -0.027470555
v -0.016241418 0.007955913 -0.01242166
v -0.023147473 0.00797275 -0.026330722
v -0.014704692 0.007324258 -0.012298417
v -0.01603771 0.007324258 -0.007860407
v -0.017491413 0.007950456 -0.008290739
v -0.02424963 0.0073242593 -0.0029737758
v -0.025341155 0.007942765 -0.003825817
v -0.022792283 0.007902229 0.01038557
v -0.022084095 0.007324258 0.009534497
v -0.016887914 0.007324258 0.016668387
v -0.017706437 0.00792109 0.01754818
v -0.014530017 0.007945969 0.019681282
v -0.013180768 0.007324258 0.019030226
v -0.01284728 0.007959449 0.023010263
v -0.011256738 0.007324258 0.023022057
v -0.013191885 0.007324258 0.027176522
v -0.0145610785 0.007959931 0.026293699
v -0.01596646 0.007324258 0.029380674
v -0.017755128 0.007981823 0.028646888
v -0.016625833 0.007324258 0.032552373
v -0.01902233 0.00797317 0.0321351
v -0.01659986 0.00632432 0.09134327
v -0.019761775 0.008025301 0.093960635
v -0.021811616 0.007324258 -0.027470555
v -0.021811616 -0.007944239 -0.027470555
v -0.014704692 -0.007944239 -0.012298417
v -0.014704692 0.007324258 -0.012298417
v -0.01603771 0.007324258 -0.007860407
v -0.01603771 -0.007944239 -0.007860407
v -0.02424963 0.0073242593 -0.0029737758
v -0.02424963 -0.00794424 -0.0029737758
v -0.022084095 -0.007944239 0.009534497
v -0.022084095 0.007324258 0.009534497
v -0.016887914 0.007324258 0.016668387
v -0.016887914 -0.007944239 0.016668387
v -0.013180768 0.007324258 0.019030226
v -0.013180768 -0.007944239 0.019030226
v -0.011256738 -0.007944239 0.023022057
v -0.011256738 0.007324258 0.023022057
v -0.013191885 0.007324258 0.027176522
v -0.013191885 -0.007944239 0.027176522
v -0.01596646 -0.007944239 0.029380674
v -0.01596646 0.007324258 0.029380674
v -0.016625833 -0.007944239 0.032552373
v -0.016625833 0.007324258 0.032552373
v -0.01659986 -0.0069443015 0.09134327
v -0.01659986 0.00632432 0.09134327
v -0.016599623 0.005596841 0.09187812
v -0.016599623 -0.0062168227 0.09187812
v -0.023147473 -0.008592731 -0.026330722
v -0.023784852 -0.008745524 -0.02578688
v -0.017116385 -0.008745524 -0.012390847
v -0.016241418 -0.008575895 -0.01242166
v -0.018229315 -0.008745524 -0.008732657
v -0.017491413 -0.008570437 -0.008290739
v -0.026133057 -0.008745526 -0.0043006707
v -0.025341155 -0.008562746 -0.003825817
v -0.023503717 -0.008745524 0.010800151
v -0.022792283 -0.008522211 0.01038557
v -0.018289505 -0.008745524 0.018153943
v -0.017706437 -0.008541071 0.01754818
v -0.01519818 -0.008745527 0.020204129
v -0.014530017 -0.00856595 0.019681282
v -0.013746328 -0.008745547 0.023003979
v -0.01284728 -0.00857943 0.023010263
v -0.015219268 -0.008745297 0.0257536
v -0.0145610785 -0.008579913 0.026293699
v -0.018475492 -0.008745532 0.028173588
v -0.017755128 -0.008601804 0.028646888
v -0.019858964 -0.008745524 0.03198409
v -0.01902233 -0.008593151 0.0321351
v -0.019761775 -0.008645281 0.093960635
v -0.020442676 -0.008789564 0.0941962
v -0.019663695 -0.007917077 0.09436173
v -0.016599623 -0.0062168227 0.09187812
v -0.01659986 -0.0069443015 0.09134327
v -0.020406734 -0.008091654 0.0946203
v -0.037403703 -0.00878686 0.09419865
v -0.037403703 -0.008091654 0.09462277
v -0.019663695 0.0072970963 0.09436173
v -0.020406734 0.0074716723 0.0946203
v -0.019761775 0.008025301 0.093960635
v -0.01659986 0.00632432 0.09134327
v -0.016599623 0.005596841 0.09187812
v -0.020442676 0.008169582 0.0941962
v -0.037403703 0.0074716723 0.09462277
v -0.037403703 0.0081668785 0.09419865
v -0.01902233 0.00797317 0.0321351
v -0.019858964 0.008125543 0.03198409
v -0.018475492 0.00812555 0.028173588
v -0.017755128 0.007981823 0.028646888
v -0.015219268 0.008125315 0.0257536
v -0.0145610785 0.007959931 0.026293699
v -0.013746328 0.008125566 0.02300398
v -0.01284728 0.007959449 0.023010263
v -0.01519818 0.008125545 0.020204129
v -0.014530017 0.007945969 0.019681282
v -0.018289505 0.008125543 0.018153943
v -0.017706437 0.00792109 0.01754818
v -0.02350372 0.008125543 0.010800151
v -0.022792283 0.007902229 0.01038557
v -0.026133057 0.0081255445 -0.0043006707
v -0.025341155 0.007942765 -0.003825817
v -0.018229315 0.008125543 -0.008732657
v -0.017491413 0.007950456 -0.008290739
v -0.017116385 0.008125543 -0.012390847
v -0.016241418 0.007955913 -0.01242166
v -0.023784852 0.008125543 -0.02578688
v -0.023147473 0.00797275 -0.026330722
v -0.05401951 -0.0035233072 -0.023508962
v -0.056331865 -0.0035233076 -0.021839041
v -0.050002698 -0.0035233072 -0.016465725
v -0.05701002 -0.0035233076 -0.017659044
v -0.05585574 -0.0035233079 -0.012816949
v -0.05211265 -0.0035233076 -0.009257965
v -0.04538574 -0.0035233072 -0.011535344
v -0.042142957 -0.0035233062 -0.0049163294
v -0.04116455 -0.0035233062 -0.01049715
v -0.03345954 -0.0035233062 -0.009135256
v -0.054561265 -0.0035233076 -0.0058602234
v -0.05559125 -0.0035233076 -0.0025296116
v 0.007019658 -0.0038081051 -0.008099985
v 0.005830569 -0.0038081056 -0.022382034
v 0.0043741986 -0.0038081056 -0.024618085
v 0.0027772475 -0.0038081056 -0.024431871
v -0.0067129517 -0.0038081056 -0.019010471
v -0.017572401 -0.0038081047 -0.01457345
v -0.03248115 -0.0038081037 -0.00858829
v -0.03057209 -0.0038081035 -0.022409825
v -0.023971865 -0.0038081047 -0.029781727
v -0.05401951 0.0029033264 -0.023508962
v -0.050002698 0.0029033264 -0.016465725
v -0.056331865 0.0029033269 -0.021839041
v -0.05701002 0.0029033269 -0.017659044
v -0.05585574 0.0029033269 -0.012816949
v -0.05211265 0.0029033264 -0.009257965
v -0.04538574 0.0029033264 -0.011535344
v -0.042142957 0.0029033255 -0.0049163294
v -0.04116455 0.0029033246 -0.01049715
v -0.03345954 0.0029033255 -0.009135256
v -0.054561265 0.0029033264 -0.0058602234
v -0.05559125 0.0029033269 -0.0025296116
v 0.007019658 0.0031881242 -0.008099985
v 0.0043741986 0.0031881249 -0.024618085
v 0.005830569 0.0031881249 -0.022382034
v 0.0027772475 0.0031881249 -0.024431871
v -0.0067129517 0.0031881249 -0.019010471
v -0.017572401 0.0031881237 -0.01457345
v -0.03248115 0.0031881228 -0.00858829
v -0.03057209 0.0031881228 -0.022409825
v -0.023971865 0.0031881237 -0.029781727
v -0.06118141 -0.0015255284 0.12019571
v -0.06157605 -0.0015255284 0.12322661
v -0.05887897 -0.0015255278 0.11769921
v -0.05887897 -0.0015255278 0.12931383
v -0.06118119 -0.0015255284 0.12637141
v -0.058878943 -0.001525348 -0.0007604265
v -0.062105883 -0.0015253484 0.006200671
v -0.05887895 -0.001525348 0.006264858
v -0.062846504 -0.0015253486 0.0008474874
v -0.062823616 -0.0015253486 0.005632634
v -0.05887897 0.0009056275 0.11769921
v -0.05887897 0.0009056275 0.12931383
v -0.06118119 0.00090562773 0.12637141
v -0.06118141 0.0009056275 0.12019571
v -0.06157605 0.0009056275 0.12322661
v -0.046229124 -0.0072920597 0.06603737
v -0.04623158 -0.0072920597 0.04120216
v -0.051670365 -0.0072920606 0.04120216
v -0.05167037 -0.0072920606 0.066037364
v -0.05250122 -0.00714683 0.066037364
v -0.052501217 -0.00714683 0.04120216
v -0.058456853 -0.005020285 0.041202158
v -0.058456857 -0.005020285 0.066037364
v -0.05886359 -0.004362556 0.066037364
v -0.058863588 -0.004362556 0.041202158
v -0.058863588 0.0013691076 0.041202158
v -0.05886359 0.0013691076 0.066037364
v -0.05250122 -0.00714683 0.066037364
v -0.05167037 -0.0072920606 0.066037364
v -0.051670365 -0.0072920606 0.04120216
v -0.052501217 -0.00714683 0.04120216
v -0.05886359 -0.004362556 0.066037364
v -0.058456857 -0.005020285 0.066037364
v -0.058456853 -0.005020285 0.041202158
v -0.058863588 -0.004362556 0.041202158
v -0.02176814 -0.0076295445 0.13404404
v -0.021296097 -0.0076295445 0.08952827
v -0.037844326 -0.007629545 0.08952366
v -0.03786975 -0.007629544 0.13404405
v -0.020824952 0.006215648 0.08896295
v -0.017964177 -0.005363563 0.088963576
v -0.017964177 0.004743582 0.088963576
v -0.020824952 -0.00683563 0.08896295
v -0.03840901 -0.006835631 0.088957995
v -0.0384045 0.00048392353 0.08895817
v -0.0384045 0.006215649 0.08895817
v -0.038435563 0.006215649 0.13460955
v -0.038435563 -0.00683563 0.13460955
v -0.021774104 0.006215648 0.13460952
v -0.021774104 -0.00683563 0.13460952
v -0.0174053 0.004504245 0.08952915
v -0.0174053 -0.005124225 0.08952915
v -0.017897537 -0.005124225 0.13161479
v -0.017897537 0.004504245 0.13161479
v -0.018359771 0.0047058878 0.13251519
v -0.018359771 -0.0053258687 0.13251519
v -0.020753 -0.006565338 0.13427457
v -0.020753 0.0059453556 0.13427457
v -0.020200107 -0.0073544183 0.089528576
v -0.02066654 -0.007354818 0.1335251
v -0.01843119 -0.0061930567 0.1318811
v -0.01793578 -0.0061932784 0.089529075
v -0.02176814 0.007009562 0.13404404
v -0.03786969 0.0070095626 0.13404405
v -0.037839394 0.0070095626 0.089523844
v -0.0212961 0.007009562 0.089528285
v -0.020200107 0.0067344354 0.089528576
v -0.01793578 0.0055732965 0.089529075
v -0.01843119 0.005573075 0.1318811
v -0.02066654 0.0067348354 0.1335251
v -0.024077179 -0.0075615076 0.098869
v -0.024079358 -0.007561505 0.13461418
v -0.02354851 -0.007561507 0.13461417
v -0.023516135 -0.0075615076 0.098035015
v -0.02407718 0.0069415257 0.098869
v -0.023516137 0.0069415257 0.09803503
v -0.023548517 0.0069415253 0.13461417
v -0.024079358 0.0069415253 0.13461418
v -0.024077179 -0.0075615076 0.098869
v -0.024644854 -0.00808663 0.13461941
v -0.024079358 -0.007561505 0.13461418
v -0.024642657 -0.008304144 0.098696485
v -0.023516135 -0.0075615076 0.098035015
v -0.022949005 -0.008304146 0.09617889
v -0.022983197 -0.008086772 0.13461941
v -0.02354851 -0.007561507 0.13461417
v -0.023516137 0.0069415257 0.09803503
v -0.0229832 0.007466791 0.13461941
v -0.023548517 0.0069415253 0.13461417
v -0.022949008 0.007684165 0.09617889
v -0.024642657 0.0076841633 0.098696485
v -0.02407718 0.0069415257 0.098869
v -0.024079358 0.0069415253 0.13461418
v -0.024644854 0.0074666515 0.13461941
v -0.047773875 0.009125478 0.12569655
v -0.047773875 0.009125478 0.12790725
v -0.050395288 0.009125477 0.12929225
v -0.050395284 0.009125477 0.11425909
v -0.047773875 0.009125478 0.12308207
v -0.04036519 0.0091254795 0.1270978
v -0.041821234 0.009125479 0.12885115
v -0.047773875 0.009125478 0.12126926
v -0.047773875 0.009125478 0.11864593
v -0.040558472 0.0091254795 0.12265681
v -0.041946698 0.009125479 0.12448397
v -0.047773875 0.009125478 0.11695372
v -0.04777387 0.009125478 0.11425909
v -0.04028654 0.0091254795 0.11877361
v -0.041946698 0.009125479 0.12032747
v -0.04777387 -0.0097331405 0.11830734
v -0.04777387 -0.0097331405 0.116096646
v -0.050395284 -0.0097331405 0.11471163
v -0.050395284 -0.0097331405 0.1297448
v -0.04777387 -0.0097331405 0.12092182
v -0.040365186 -0.0097331405 0.11690611
v -0.04182123 -0.0097331405 0.11515275
v -0.04777387 -0.0097331405 0.12273463
v -0.04777387 -0.0097331405 0.12535796
v -0.040558465 -0.0097331405 0.121347085
v -0.04194669 -0.0097331405 0.11951992
v -0.04777387 -0.0097331405 0.12705016
v -0.04777387 -0.0097331405 0.1297448
v -0.040286534 -0.0097331405 0.12523027
v -0.041946698 -0.0097331405 0.123676434
v -0.031053847 -0.007743725 0.10872928
v -0.031043291 -0.007743725 0.09531603
v -0.035635624 -0.007743725 0.10231658
v -0.035651155 -0.007743725 0.10875618
v -0.035651937 -0.007743725 0.1099514
v -0.035656616 -0.007743725 0.11694445
v -0.031057559 -0.007743725 0.116927
v -0.03105438 -0.007743725 0.10992586
v -0.035657335 -0.007743725 0.118042774
v -0.035661872 -0.007743725 0.12471
v -0.031061133 -0.007743726 0.12470168
v -0.031058049 -0.007743725 0.11802658
v -0.035662606 -0.007743725 0.12583187
v -0.03566669 -0.007743725 0.13250332
v -0.03106441 -0.007743725 0.13250332
v -0.031061633 -0.007743726 0.12582481
v -0.031053847 0.0071237436 0.10872928
v -0.035651155 0.0071237436 0.10875618
v -0.035635624 0.0071237436 0.10231658
v -0.031043291 0.0071237436 0.09531603
v -0.035651937 0.0071237436 0.1099514
v -0.03105438 0.0071237436 0.10992586
v -0.031057559 0.0071237436 0.116927
v -0.035656616 0.0071237436 0.11694445
v -0.035657335 0.0071237436 0.118042774
v -0.031058049 0.0071237436 0.11802658
v -0.031061133 0.007123745 0.12470168
v -0.035661872 0.0071237436 0.12471
v -0.035662606 0.0071237436 0.12583187
v -0.031061633 0.007123745 0.12582481
v -0.03106441 0.0071237436 0.13250332
v -0.03566669 0.0071237436 0.13250332
v -0.03306001 -0.010099063 0.004252076
v -0.033064306 -0.009186828 0.0028582907
v -0.051931877 -0.009186828 0.009983506
v -0.051931877 -0.010099063 0.011331
v -0.033064306 -0.009186828 0.0028582907
v -0.03306861 -0.010099063 0.0014645004
v -0.051931877 -0.010099063 0.008636016
v -0.051931877 -0.009186828 0.009983506
v -0.03306001 -0.010099063 0.009272299
v -0.03306431 -0.009186828 0.007878513
v -0.051931877 -0.009186828 0.015003729
v -0.051931877 -0.010099063 0.016351223
v -0.03306431 -0.009186828 0.007878513
v -0.03306861 -0.010099063 0.0064847227
v -0.051931877 -0.010099063 0.013656239
v -0.051931877 -0.009186828 0.015003729
v -0.03306001 -0.010099063 0.014204768
v -0.03306431 -0.009186828 0.012810979
v -0.05193188 -0.009186828 0.019936198
v -0.05193188 -0.010099063 0.021283688
v -0.03306431 -0.009186828 0.012810979
v -0.03306861 -0.010099063 0.011417193
v -0.051931877 -0.010099063 0.018588709
v -0.05193188 -0.009186828 0.019936198
v -0.033060014 -0.010099063 0.01913724
v -0.033064313 -0.009186828 0.01774345
v -0.05193188 -0.009186828 0.024868669
v -0.05193188 -0.010099063 0.026216159
v -0.033064313 -0.009186828 0.01774345
v -0.03306861 -0.010099063 0.016349664
v -0.05193188 -0.010099063 0.023521177
v -0.05193188 -0.009186828 0.024868669
v -0.033060014 -0.010099063 0.024069704
v -0.033064313 -0.009186828 0.022675917
v -0.05193188 -0.009186828 0.029801136
v -0.05193188 -0.010099063 0.03114863
v -0.033064313 -0.009186828 0.022675917
v -0.03306861 -0.010099063 0.021282129
v -0.05193188 -0.010099063 0.028453648
v -0.05193188 -0.009186828 0.029801136
v -0.033060014 -0.010099063 0.029002175
v -0.033064313 -0.009186828 0.027608387
v -0.05193188 -0.009186828 0.03473361
v -0.05193188 -0.010099063 0.036081098
v -0.033064313 -0.009186828 0.027608387
v -0.033068612 -0.010099063 0.026214596
v -0.05193188 -0.010099063 0.03338612
v -0.05193188 -0.009186828 0.03473361
v -0.03306001 0.009479081 0.004252076
v -0.051931877 0.009479081 0.011331
v -0.051931877 0.008566845 0.009983506
v -0.033064306 0.008566845 0.0028582907
v -0.033064306 0.008566845 0.0028582907
v -0.051931877 0.008566845 0.009983506
v -0.051931877 0.009479081 0.008636016
v -0.03306861 0.009479081 0.0014645004
v -0.03306001 0.009479081 0.009272299
v -0.051931877 0.009479081 0.016351223
v -0.051931877 0.008566845 0.015003729
v -0.03306431 0.008566845 0.007878513
v -0.03306431 0.008566845 0.007878513
v -0.051931877 0.008566845 0.015003729
v -0.051931877 0.009479081 0.013656239
v -0.03306861 0.009479081 0.0064847227
v -0.03306001 0.009479081 0.014204768
v -0.05193188 0.009479081 0.021283688
v -0.05193188 0.008566845 0.019936198
v -0.03306431 0.008566845 0.012810979
v -0.03306431 0.008566845 0.012810979
v -0.05193188 0.008566845 0.019936198
v -0.051931877 0.009479081 0.018588709
v -0.03306861 0.009479081 0.011417193
v -0.033060014 0.009479081 0.01913724
v -0.05193188 0.009479081 0.026216159
v -0.05193188 0.008566845 0.024868669
v -0.033064313 0.008566845 0.01774345
v -0.033064313 0.008566845 0.01774345
v -0.05193188 0.008566845 0.024868669
v -0.05193188 0.009479081 0.023521177
v -0.03306861 0.009479081 0.016349664
v -0.033060014 0.009479081 0.024069704
v -0.05193188 0.009479081 0.03114863
v -0.05193188 0.008566845 0.029801136
v -0.033064313 0.008566845 0.022675917
v -0.033064313 0.008566845 0.022675917
v -0.05193188 0.008566845 0.029801136
v -0.05193188 0.009479081 0.028453648
v -0.03306861 0.009479081 0.021282129
v -0.033060014 0.009479081 0.029002175
v -0.05193188 0.009479081 0.036081098
v -0.05193188 0.008566845 0.03473361
v -0.033064313 0.008566845 0.027608387
v -0.033064313 0.008566845 0.027608387
v -0.05193188 0.008566845 0.03473361
v -0.05193188 0.009479081 0.03338612
v -0.033068612 0.009479081 0.026214596
v -0.03796919 -0.009661125 0.1000901
v -0.051542815 -0.009661338 0.13404123
v -0.037969198 -0.009661334 0.13404123
v -0.04901905 -0.009649286 0.063997306
v -0.05152911 -0.009649197 0.0639977
v -0.037657823 -0.009661133 0.0990263
v -0.047748413 -0.009649501 0.06242998
v -0.04775093 -0.009649465 0.044516057
v -0.03722685 -0.009661332 -0.01039659
v -0.032691818 -0.00966133 0.09098289
v -0.03253717 -0.009661336 -0.011504268
v -0.049066294 -0.009649208 0.04330223
v -0.051587045 -0.0096611995 -0.004342284
v -0.051529154 -0.009649217 0.043302946
v -0.05259953 -0.0093945265 0.043303158
v -0.05258244 -0.00942056 -0.0039305305
v -0.058717497 -0.0063080816 -0.0014461994
v -0.05871755 -0.0063082543 0.043303765
v -0.05871755 -0.006308241 0.06399787
v -0.05871771 -0.006308805 0.13404123
v -0.05261262 -0.009405529 0.13404123
v -0.052599486 -0.009394487 0.0639978
v -0.031971682 -0.004425458 -0.0122188805
v -0.037403684 -0.008867423 -0.010935869
v -0.031971682 -0.008867423 -0.0122188805
v -0.037403684 -0.004425458 -0.010935869
v -0.05198094 -0.008746977 -0.0047311783
v -0.052108277 -0.0044254595 -0.0046880865
v -0.05399781 -0.0031669214 -0.0036484764
v -0.05871642 -0.005468484 -0.0020268916
v -0.05399781 0.0025469414 -0.0036484764
v -0.05871642 0.004848503 -0.0020268916
v -0.051980924 0.0081269955 -0.004731183
v -0.052108277 0.0038054793 -0.0046880865
v -0.037403684 0.0038054776 -0.010935869
v -0.037403684 0.008247439 -0.010935869
v -0.031971682 0.0038054772 -0.0122188805
v -0.031971682 0.008247438 -0.0122188805
v -0.031971697 -0.008867423 0.090628184
v -0.032183744 -0.004425458 0.090723895
v -0.031971682 -0.004425458 -0.0122188805
v -0.031971682 -0.008867423 -0.0122188805
v -0.03796919 0.009041353 0.1000901
v -0.037969194 0.009041353 0.13404123
v -0.051542815 0.009041355 0.13404123
v -0.037657823 0.009041353 0.0990263
v -0.051587205 0.009041355 -0.004342284
v -0.03722685 0.009041353 -0.01039659
v -0.03269182 0.009041352 0.0909829
v -0.03253717 0.009041352 -0.011504268
v -0.052612618 0.008785546 0.13404123
v -0.05871771 0.0056888247 0.13404123
v -0.058717683 0.0056888247 -0.0014461994
v -0.052582614 0.008800755 -0.003930526
v -0.059249546 0.004625141 0.13404123
v -0.059249546 -0.005245122 0.13404123
v -0.05924954 -0.005245122 0.06400108
v -0.05924954 6.872736E-05 0.0640225
v -0.059249524 0.004625141 -0.0012724638
v -0.05924953 6.872736E-05 0.04323188
v -0.05924953 -0.005245122 0.0432944
v -0.059249524 -0.005245122 -0.0012724638
v -0.037969194 0.008247439 0.13460673
v -0.037969198 -0.008867419 0.13460673
v -0.051443797 -0.008867425 0.13460673
v -0.05144379 0.008247442 0.13460673
v -0.0525136 0.0079916315 0.13460673
v -0.052513603 -0.008611615 0.13460673
v -0.058684062 -0.005481731 0.13460673
v -0.058684062 0.00486175 0.13460673
v -0.031971697 0.008247438 0.090628184
v -0.031971682 0.008247438 -0.0122188805
v -0.031971682 0.0038054772 -0.0122188805
v -0.032183744 0.0038054772 0.090723895
v -0.037098795 0.008247439 0.099201895
v -0.032276604 0.008247438 0.09166992
v -0.032276604 0.0040696384 0.09166992
v -0.037098795 -0.008867423 0.099201895
v -0.032276604 -0.0046896194 0.09166992
v -0.032276604 -0.008867423 0.09166992
v -0.032183744 -0.004425458 0.090723895
v -0.032183744 0.0038054772 0.090723895
v -0.037403703 0.008247439 0.100243635
v -0.037403703 -0.008867423 0.100243635
v -0.037403706 -0.00886742 0.13404123
v -0.037403706 0.008247439 0.13404123
v -0.037394647 -0.004425458 -0.004488249
v -0.04187889 -0.004425458 0.08245523
v -0.04187889 0.0038054772 0.08245523
v -0.037394647 0.0038054776 -0.004488249
v -0.052087996 -0.004425458 0.0019851923
v -0.052087996 0.0038054776 0.0019851923
v -0.032276604 -0.0046896194 0.09166992
v -0.032183744 -0.004425458 0.090723895
v -0.031971697 -0.008867423 0.090628184
v -0.032276604 -0.008867423 0.09166992
v -0.032691818 -0.00966133 0.09098289
v -0.037098795 -0.008867423 0.099201895
v -0.03253717 -0.009661336 -0.011504268
v -0.031971682 -0.008867423 -0.0122188805
v -0.037403684 -0.008867423 -0.010935869
v -0.03722685 -0.009661332 -0.01039659
v -0.05198094 -0.008746977 -0.0047311783
v -0.037657823 -0.009661133 0.0990263
v -0.051587045 -0.0096611995 -0.004342284
v -0.037403703 -0.008867423 0.100243635
v -0.03796919 -0.009661125 0.1000901
v -0.037403703 0.008247439 0.100243635
v -0.037403706 -0.00886742 0.13404123
v -0.037098795 0.008247439 0.099201895
v -0.037969198 -0.009661334 0.13404123
v -0.05258244 -0.00942056 -0.0039305305
v -0.058717497 -0.0063080816 -0.0014461994
v -0.05259953 -0.0093945265 0.043303158
v -0.05871642 -0.005468484 -0.0020268916
v -0.051529154 -0.009649217 0.043302946
v -0.059249524 -0.005245122 -0.0012724638
v -0.05871642 0.004848503 -0.0020268916
v -0.05924953 -0.005245122 0.0432944
v -0.059249524 0.004625141 -0.0012724638
v -0.05871755 -0.0063082543 0.043303765
v -0.052500825 -0.008600439 0.04386655
v -0.051430497 -0.008860944 0.04386704
v -0.058684047 -0.0054807304 0.043866485
v -0.05924953 6.872736E-05 0.04323188
v -0.058723927 -0.001017971 0.043811325
v -0.05924954 6.872736E-05 0.0640225
v -0.058723915 -0.0010179837 0.06345222
v -0.049066294 -0.009649208 0.04330223
v -0.04913524 -0.008884394 0.043869007
v -0.048316382 -0.008879839 0.044623833
v -0.04775093 -0.009649465 0.044516057
v -0.048313927 -0.008898096 0.062413033
v -0.047748413 -0.009649501 0.06242998
v -0.05924954 -0.005245122 0.06400108
v -0.04913603 -0.008884611 0.06343039
v -0.04901905 -0.009649286 0.063997306
v -0.05152911 -0.009649197 0.0639977
v -0.058684047 -0.005480726 0.063433334
v -0.0514305 -0.008860984 0.06343226
v -0.05871755 -0.006308241 0.06399787
v -0.052500825 -0.008600434 0.06343276
v -0.059249546 -0.005245122 0.13404123
v -0.052599486 -0.009394487 0.0639978
v -0.05261262 -0.009405529 0.13404123
v -0.05871771 -0.006308805 0.13404123
v -0.051542815 -0.009661338 0.13404123
v -0.058684062 -0.005481731 0.13460673
v -0.059249546 0.004625141 0.13404123
v -0.052513603 -0.008611615 0.13460673
v -0.058684062 0.00486175 0.13460673
v -0.051443797 -0.008867425 0.13460673
v -0.0525136 0.0079916315 0.13460673
v -0.037969198 -0.008867419 0.13460673
v -0.037969194 0.008247439 0.13460673
v -0.037403706 0.008247439 0.13404123
v -0.05144379 0.008247442 0.13460673
v -0.05871771 0.0056888247 0.13404123
v -0.037969194 0.009041353 0.13404123
v -0.03796919 0.009041353 0.1000901
v -0.037657823 0.009041353 0.0990263
v -0.03269182 0.009041352 0.0909829
v -0.051542815 0.009041355 0.13404123
v -0.032276604 0.008247438 0.09166992
v -0.052612618 0.008785546 0.13404123
v -0.058717683 0.0056888247 -0.0014461994
v -0.052582614 0.008800755 -0.003930526
v -0.051980924 0.0081269955 -0.004731183
v -0.051587205 0.009041355 -0.004342284
v -0.03722685 0.009041353 -0.01039659
v -0.037403684 0.008247439 -0.010935869
v -0.031971682 0.008247438 -0.0122188805
v -0.03253717 0.009041352 -0.011504268
v -0.031971697 0.008247438 0.090628184
v -0.032183744 0.0038054772 0.090723895
v -0.032276604 0.0040696384 0.09166992
v -0.0042393636 -0.002606295 0.12472277
v -0.0029136084 -0.00031002384 0.124722786
v -0.0042393636 0.0019862473 0.12472277
v -0.006890864 -0.0026062944 0.12472277
v -0.006890864 0.0019862473 0.12472277
v -0.008216617 -0.00031002384 0.12472277
v -0.006890864 -0.002606295 0.12616651
v -0.0042393636 -0.0026062967 0.13172849
v -0.0042393636 -0.0026062953 0.12616651
v -0.006890864 -0.0026062967 0.13172849
v -0.0042887544 -0.0025207421 0.13182798
v -0.008216617 -0.00031002416 0.12616651
v -0.0068414733 -0.0025207421 0.13182798
v -0.0082166195 -0.0003100259 0.13172849
v -0.006890864 0.0019862466 0.12616651
v -0.008117833 -0.00031002593 0.13182798
v -0.006890864 0.0019862452 0.13172849
v -0.0042393636 0.0019862466 0.12616651
v -0.0068414733 0.0019006905 0.13182798
v -0.0042393636 0.001986245 0.13172849
v -0.0029136084 -0.00031002416 0.12616651
v -0.0042887544 0.0019006901 0.13182798
v -0.0029136084 -0.0003100259 0.1317285
v -0.0042393636 -0.0026062953 0.12616651
v -0.0030123997 -0.00031002593 0.13182798
v -0.0042393636 -0.0026062967 0.13172849
v -0.0042887544 -0.0025207421 0.13182798
v -0.006890864 -0.0026062944 0.12472277
v -0.0042393636 -0.002606295 0.12586652
v -0.0042393636 -0.002606295 0.12472277
v -0.006890864 -0.0026062946 0.12586652
v -0.004497571 -0.00215906 0.12601651
v -0.008216617 -0.00031002384 0.12472277
v -0.006632657 -0.0021590595 0.12601651
v -0.008216617 -0.0003100241 0.12586652
v -0.006890864 0.0019862473 0.12472277
v -0.007700195 -0.00031002445 0.12601651
v -0.006890864 0.001986247 0.12586652
v -0.0042393636 0.0019862473 0.12472277
v -0.006632657 0.0015390113 0.12601651
v -0.0042393636 0.0019862466 0.12586652
v -0.0029136084 -0.00031002384 0.124722786
v -0.004497571 0.001539011 0.12601651
v -0.0029136084 -0.0003100241 0.12586652
v -0.0042393636 -0.002606295 0.12472277
v -0.0034300326 -0.00031002445 0.12601651
v -0.0042393636 -0.002606295 0.12586652
v -0.004497571 -0.00215906 0.12601651
v -0.004497571 -0.00215906 0.12601651
v -0.0042393636 -0.0026062953 0.12616651
v -0.0029136084 -0.00031002416 0.12616651
v -0.0034300326 -0.00031002445 0.12601651
v -0.0042393636 0.0019862466 0.12616651
v -0.004497571 0.001539011 0.12601651
v -0.006890864 0.0019862466 0.12616651
v -0.006632657 0.0015390113 0.12601651
v -0.008216617 -0.00031002416 0.12616651
v -0.007700195 -0.00031002445 0.12601651
v -0.006890864 -0.002606295 0.12616651
v -0.006632657 -0.0021590595 0.12601651
v -0.0042393636 -0.0026062953 0.12616651
v -0.004497571 -0.00215906 0.12601651
v 0.048926607 0.0047493684 -0.0031682586
v 0.050873455 0.004749367 -0.0040908144
v 0.050873455 -0.005369348 -0.0040908144
v 0.048926607 -0.0053693494 -0.0031682586
v 0.05127849 -0.006296513 -0.0049085137
v 0.04010691 -0.006296532 -0.031481043
v 0.048756745 -0.0062965155 -0.003713536
v 0.04322492 -0.006296532 -0.033012375
v 0.04527696 -0.006296521 -0.032952104
v 0.05454013 -0.0062965117 -0.0046525095
v 0.05589211 -0.006296514 -0.006216235
v 0.048926607 -0.0053693494 -0.0031682586
v 0.048756745 0.005676534 -0.003713536
v 0.048926607 0.0047493684 -0.0031682586
v 0.048756745 -0.0062965155 -0.003713536
v 0.04010691 -0.006296532 -0.031481043
v 0.04010691 0.005676551 -0.031481043
v 0.0399367 -0.0053693675 -0.032027457
v 0.0399367 0.0047493866 -0.032027457
v 0.051948227 0.004749366 -0.0042887162
v 0.05421716 0.0047493656 -0.004110632
v 0.05421716 -0.0053693466 -0.004110632
v 0.051948227 -0.005369347 -0.0042887162
v 0.04587397 -0.0053693564 -0.032980848
v 0.056335643 -0.0053693494 -0.0066315457
v 0.056335643 0.0047493684 -0.0066315457
v 0.04587397 0.0047493754 -0.032980848
v 0.055150762 0.0047493656 -0.004494152
v 0.056174465 0.0047493675 -0.005678196
v 0.056174465 -0.0053693485 -0.005678196
v 0.055150762 -0.0053693466 -0.004494152
v 0.05127849 0.0056765317 -0.0049085137
v 0.048756745 0.005676534 -0.003713536
v 0.04010691 0.005676551 -0.031481043
v 0.04322492 0.005676551 -0.033012375
v 0.04527696 0.00567654 -0.032952104
v 0.05454013 0.0056765303 -0.0046525095
v 0.05589211 0.0056765326 -0.006216235
v 0.0399367 -0.0053693675 -0.032027457
v 0.04310143 0.0047493866 -0.033581737
v 0.0399367 0.0047493866 -0.032027457
v 0.04310143 -0.0053693675 -0.033581737
v 0.045100063 0.0047493777 -0.03352303
v 0.045100063 -0.0053693587 -0.03352303
v 0.048756745 -0.0062965155 -0.003713536
v 0.048926607 -0.0053693494 -0.0031682586
v 0.050873455 -0.005369348 -0.0040908144
v 0.05127849 -0.006296513 -0.0049085137
v 0.051948227 -0.005369347 -0.0042887162
v 0.050873455 0.004749367 -0.0040908144
v 0.05421716 -0.0053693466 -0.004110632
v 0.051948227 0.004749366 -0.0042887162
v 0.05454013 -0.0062965117 -0.0046525095
v 0.05127849 0.0056765317 -0.0049085137
v 0.048926607 0.0047493684 -0.0031682586
v 0.048756745 0.005676534 -0.003713536
v 0.05454013 0.0056765303 -0.0046525095
v 0.05421716 0.0047493656 -0.004110632
v 0.055150762 -0.0053693466 -0.004494152
v 0.055150762 0.0047493656 -0.004494152
v 0.056174465 -0.0053693485 -0.005678196
v 0.05589211 0.0056765326 -0.006216235
v 0.05589211 -0.006296514 -0.006216235
v 0.056174465 0.0047493675 -0.005678196
v 0.056335643 -0.0053693494 -0.0066315457
v 0.056335643 0.0047493684 -0.0066315457
v 0.04587397 -0.0053693564 -0.032980848
v 0.04527696 0.00567654 -0.032952104
v 0.04527696 -0.006296521 -0.032952104
v 0.04587397 0.0047493754 -0.032980848
v 0.045100063 -0.0053693587 -0.03352303
v 0.04310143 -0.0053693675 -0.033581737
v 0.04322492 -0.006296532 -0.033012375
v 0.0399367 -0.0053693675 -0.032027457
v 0.04010691 -0.006296532 -0.031481043
v 0.045100063 0.0047493777 -0.03352303
v 0.04322492 0.005676551 -0.033012375
v 0.04310143 0.0047493866 -0.033581737
v 0.04010691 0.005676551 -0.031481043
v 0.0399367 0.0047493866 -0.032027457
v -0.020121636 -0.004924341 0.025488218
v 0.04950865 -0.0049243397 -0.0048138616
v 0.04112261 -0.0049243523 -0.031481
v -0.02877148 -0.0049243546 -0.0012099647
v -0.024656886 -0.000309994 0.026957583
v -0.033306733 -0.00030999372 0.00025939464
v -0.020121636 0.004304354 0.025488218
v -0.02877148 0.0043043676 -0.0012099647
v 0.04950865 0.004304357 -0.0048138616
v 0.04112261 0.0043043694 -0.031481
v -0.020121636 -0.004924341 0.025488218
v 0.04950865 0.004304357 -0.0048138616
v 0.04950865 -0.0049243397 -0.0048138616
v -0.020121636 0.004304354 0.025488218
v -0.024656886 -0.000309994 0.026957583
v -0.02877148 0.0043043676 -0.0012099647
v 0.04112261 -0.0049243523 -0.031481
v 0.04112261 0.0043043694 -0.031481
v -0.02877148 -0.0049243546 -0.0012099647
v -0.033306733 -0.00030999372 0.00025939464
v -0.05399781 0.0025469414 -0.0036484764
v -0.05399781 -0.0031669214 -0.0036484764
v -0.052087996 -0.004425458 0.0019851923
v -0.052108277 -0.0044254595 -0.0046880865
v -0.052087996 0.0038054776 0.0019851923
v -0.052108277 0.0038054793 -0.0046880865
v -0.037394647 -0.004425458 -0.004488249
v -0.037394647 0.0038054776 -0.004488249
v -0.037403684 -0.004425458 -0.010935869
v -0.031971682 -0.004425458 -0.0122188805
v -0.032183744 -0.004425458 0.090723895
v -0.04187889 -0.004425458 0.08245523
v -0.037403684 0.0038054776 -0.010935869
v -0.031971682 0.0038054772 -0.0122188805
v -0.032183744 0.0038054772 0.090723895
v -0.04187889 0.0038054772 0.08245523
v -0.031043291 0.0071237436 0.09531603
v -0.030809907 0.0076466715 0.10925606
v -0.031053847 0.0071237436 0.10872928
v -0.035651155 0.0071237436 0.10875618
v -0.030798225 0.0076466715 0.0944153
v -0.035896484 0.0076466715 0.10928581
v -0.035879303 0.0076466715 0.10216088
v -0.035635624 0.0071237436 0.10231658
v -0.030809907 -0.008266653 0.10925606
v -0.031043291 -0.007743725 0.09531603
v -0.031053847 -0.007743725 0.10872928
v -0.035651155 -0.007743725 0.10875618
v -0.030798225 -0.008266653 0.0944153
v -0.035896484 -0.008266653 0.10928581
v -0.035879303 -0.008266653 0.10216088
v -0.035635624 -0.007743725 0.10231658
v -0.047213167 -0.010099345 0.12632915
v -0.04777387 -0.0097331405 0.12535796
v -0.04777387 -0.0097331405 0.12705016
v -0.041946698 -0.0097331405 0.123676434
v -0.047213167 -0.010099345 0.12548824
v -0.041836075 -0.010151609 0.12316943
v -0.040558465 -0.0097331405 0.121347085
v -0.039956573 -0.010151609 0.121493034
v -0.041836075 -0.010151609 0.118994586
v -0.04194669 -0.0097331405 0.11951992
v -0.040286534 -0.0097331405 0.12523027
v -0.039673813 -0.010151609 0.12534653
v -0.047213167 -0.010099345 0.122000426
v -0.04777387 -0.0097331405 0.12273463
v -0.04777387 -0.0097331405 0.12092182
v -0.047213167 -0.010099345 0.12106947
v -0.04777387 -0.010151612 0.13014507
v -0.04777387 -0.0097331405 0.1297448
v -0.050395284 -0.0097331405 0.1297448
v -0.050937936 -0.010151612 0.13014507
v -0.040365186 -0.0097331405 0.11690611
v -0.039736286 -0.010151609 0.11713108
v -0.041710608 -0.010151609 0.11466106
v -0.04182123 -0.0097331405 0.11515275
v -0.050395284 -0.0097331405 0.11471163
v -0.050937932 -0.010151612 0.11385881
v -0.047281105 -0.010151612 0.1157456
v -0.04777387 -0.0097331405 0.116096646
v -0.047216758 -0.010151612 0.1176388
v -0.04777387 -0.0097331405 0.11830734
v -0.047213167 0.009491684 0.11767473
v -0.047773875 0.009125478 0.11864593
v -0.047773875 0.009125478 0.11695372
v -0.041946698 0.009125479 0.12032747
v -0.047213167 0.009491684 0.11851566
v -0.041836075 0.00954395 0.12083446
v -0.040558472 0.0091254795 0.12265681
v -0.039956577 0.009543951 0.12251085
v -0.04183608 0.00954395 0.1250093
v -0.041946698 0.009125479 0.12448397
v -0.04028654 0.0091254795 0.11877361
v -0.039673816 0.009543951 0.118657365
v -0.047213167 0.009491684 0.12200346
v -0.047773875 0.009125478 0.12126926
v -0.047773875 0.009125478 0.12308207
v -0.047213167 0.009491684 0.122934416
v -0.04777387 0.009543949 0.11385881
v -0.04777387 0.009125478 0.11425909
v -0.050395284 0.009125477 0.11425909
v -0.050937936 0.009543947 0.11385881
v -0.04036519 0.0091254795 0.1270978
v -0.03973629 0.009543951 0.12687282
v -0.041710615 0.00954395 0.12934282
v -0.041821234 0.009125479 0.12885115
v -0.050395288 0.009125477 0.12929225
v -0.050937943 0.009543947 0.13014509
v -0.047281113 0.009543949 0.12825829
v -0.047773875 0.009125478 0.12790725
v -0.04721676 0.009543949 0.12636508
v -0.047773875 0.009125478 0.12569655
v -0.03345954 0.0029033255 -0.009135256
v -0.03345954 -0.0035233062 -0.009135256
v -0.042142957 -0.0035233062 -0.0049163294
v -0.04116455 -0.0035233062 -0.01049715
v -0.042142957 0.0029033255 -0.0049163294
v -0.04116455 0.0029033246 -0.01049715
v -0.05559125 0.0029033269 -0.0025296116
v -0.05559125 -0.0035233076 -0.0025296116
v -0.04538574 -0.0035233072 -0.011535344
v -0.04538574 0.0029033264 -0.011535344
v -0.050002698 0.0029033264 -0.016465725
v -0.050002698 -0.0035233072 -0.016465725
v -0.054561265 -0.0035233076 -0.0058602234
v -0.054561265 0.0029033264 -0.0058602234
v -0.05401951 0.0029033264 -0.023508962
v -0.05401951 -0.0035233072 -0.023508962
v -0.05211265 0.0029033264 -0.009257965
v -0.05211265 -0.0035233076 -0.009257965
v -0.05585574 -0.0035233079 -0.012816949
v -0.05585574 0.0029033269 -0.012816949
v -0.05701002 -0.0035233076 -0.017659044
v -0.05701002 0.0029033269 -0.017659044
v -0.056331865 -0.0035233076 -0.021839041
v -0.056331865 0.0029033269 -0.021839041
v 0.0043741986 -0.0038081056 -0.024618085
v 0.0027772475 0.0031881249 -0.024431871
v 0.0027772475 -0.0038081056 -0.024431871
v -0.0067129517 -0.0038081056 -0.019010471
v 0.0043741986 0.0031881249 -0.024618085
v -0.0067129517 0.0031881249 -0.019010471
v 0.005830569 -0.0038081056 -0.022382034
v 0.005830569 0.0031881249 -0.022382034
v 0.007019658 0.0031881242 -0.008099985
v 0.007019658 -0.0038081051 -0.008099985
v -0.03248115 0.0031881228 -0.00858829
v -0.03248115 -0.0038081037 -0.00858829
v -0.017572401 -0.0038081047 -0.01457345
v -0.017572401 0.0031881237 -0.01457345
v -0.023971865 0.0031881237 -0.029781727
v -0.023971865 -0.0038081047 -0.029781727
v -0.03057209 0.0031881228 -0.022409825
v -0.03057209 -0.0038081035 -0.022409825
v 0.048926633 0.005676547 -0.003168254
v 0.049712166 -0.006825582 0.0021093749
v 0.049712166 0.006205601 0.0021093749
v 0.048992515 0.006962229 -0.0005176544
v 0.039129004 0.007041987 -0.032557722
v 0.039936766 0.005676547 -0.03202745
v 0.03898841 0.0062056 -0.03508244
v 0.048926633 -0.0062965285 -0.003168254
v 0.048992515 -0.007582211 -0.0005176544
v 0.039129004 -0.0076619694 -0.032557722
v 0.039936766 -0.0062965285 -0.03202745
v 0.03898841 -0.0068255817 -0.03508244
v -0.028611552 -0.0034327193 0.13733761
v -0.030414458 -0.00030999098 0.13482693
v -0.026808646 -0.00030999185 0.13733761
v -0.03221737 -0.0034327193 0.13733761
v -0.028611552 0.0028127388 0.13733761
v -0.034020275 -0.00030999104 0.1373376
v -0.03221737 0.002812738 0.13733761
v -0.052457497 -0.0003099901 0.13733898
v -0.04776413 -0.00030998987 0.1348283
v -0.05011081 -0.0043745693 0.13733898
v -0.05011081 0.0037545902 0.13733898
v -0.045417443 -0.0043745693 0.13733898
v -0.045417443 0.0037545906 0.13733898
v -0.043070756 -0.00030999063 0.13733898
v -0.05206233 -0.0045755594 0.06343232
v -0.058684047 -0.005480726 0.063433334
v -0.052500825 -0.008600434 0.06343276
v -0.058723915 -0.0010179837 0.06345222
v -0.0514305 -0.008860984 0.06343226
v -0.058723927 -0.001017971 0.043811325
v -0.048313927 -0.004765701 0.06342248
v -0.04913603 -0.008884611 0.06343039
v -0.048313927 -0.008898096 0.062413033
v -0.048316382 -0.004765701 0.043875627
v -0.048316382 -0.008879839 0.044623833
v -0.04913524 -0.008884394 0.043869007
v -0.051430497 -0.008860944 0.04386704
v -0.052062195 -0.0045755673 0.04386696
v -0.058684047 -0.0054807304 0.043866485
v -0.052500825 -0.008600439 0.04386655
v -0.0384045 0.006215649 0.08895817
v -0.03786969 0.0070095626 0.13404405
v -0.038435563 0.006215649 0.13460955
v -0.037839394 0.0070095626 0.089523844
v -0.02176814 0.007009562 0.13404404
v -0.020824952 0.006215648 0.08896295
v -0.0212961 0.007009562 0.089528285
v -0.021774104 0.006215648 0.13460952
v -0.020200107 0.0067344354 0.089528576
v -0.017964177 0.004743582 0.088963576
v -0.02066654 0.0067348354 0.1335251
v -0.01793578 0.0055732965 0.089529075
v -0.020753 0.0059453556 0.13427457
v -0.01843119 0.005573075 0.1318811
v -0.020753 -0.006565338 0.13427457
v -0.018359771 0.0047058878 0.13251519
v -0.021774104 -0.00683563 0.13460952
v -0.0174053 0.004504245 0.08952915
v -0.017964177 -0.005363563 0.088963576
v -0.017897537 0.004504245 0.13161479
v -0.017897537 -0.005124225 0.13161479
v -0.0174053 -0.005124225 0.08952915
v -0.018359771 -0.0053258687 0.13251519
v -0.01793578 -0.0061932784 0.089529075
v -0.020824952 -0.00683563 0.08896295
v -0.01843119 -0.0061930567 0.1318811
v -0.02066654 -0.007354818 0.1335251
v -0.020200107 -0.0073544183 0.089528576
v -0.02176814 -0.0076295445 0.13404404
v -0.03786975 -0.007629544 0.13404405
v -0.038435563 -0.00683563 0.13460955
v -0.037844326 -0.007629545 0.08952366
v -0.03840901 -0.006835631 0.088957995
v -0.021296097 -0.0076295445 0.08952827
v -0.03081662 0.0076466748 0.12546924
v -0.03106441 0.0071237436 0.13250332
v -0.031061633 0.007123745 0.12582481
v -0.030819692 0.0076466715 0.13285851
v -0.035907254 0.0076466715 0.12547706
v -0.03566669 0.0071237436 0.13250332
v -0.035662606 0.0071237436 0.12583187
v -0.03591177 0.0076466715 0.1328585
v -0.035906892 0.0076466715 0.12506545
v -0.035657335 0.0071237436 0.118042774
v -0.035661872 0.0071237436 0.12471
v -0.03590187 0.0076466715 0.11768864
v -0.030816518 0.0076466748 0.12505622
v -0.031058049 0.0071237436 0.11802658
v -0.031061133 0.007123745 0.12470168
v -0.030813107 0.0076466715 0.11767072
v -0.035901554 0.0076466715 0.11731769
v -0.035651937 0.0071237436 0.1099514
v -0.035656616 0.0071237436 0.11694445
v -0.035896376 0.0076466715 0.10958042
v -0.030813044 0.0076466715 0.11729841
v -0.03105438 0.0071237436 0.10992586
v -0.031057559 0.0071237436 0.116927
v -0.030809522 0.0076466715 0.10955216
v -0.03081662 -0.008266657 0.12546924
v -0.031061633 -0.007743726 0.12582481
v -0.03106441 -0.007743725 0.13250332
v -0.030819692 -0.008266653 0.13285851
v -0.035907254 -0.008266653 0.12547706
v -0.03566669 -0.007743725 0.13250332
v -0.035662606 -0.007743725 0.12583187
v -0.03591177 -0.008266653 0.1328585
v -0.035906892 -0.008266653 0.12506545
v -0.035661872 -0.007743725 0.12471
v -0.035657335 -0.007743725 0.118042774
v -0.03590187 -0.008266653 0.11768864
v -0.030816518 -0.008266657 0.12505622
v -0.031058049 -0.007743725 0.11802658
v -0.031061133 -0.007743726 0.12470168
v -0.030813107 -0.008266653 0.11767072
v -0.035901554 -0.008266653 0.11731769
v -0.035656616 -0.007743725 0.11694445
v -0.035651937 -0.007743725 0.1099514
v -0.035896376 -0.008266653 0.10958042
v -0.030813044 -0.008266653 0.11729841
v -0.03105438 -0.007743725 0.10992586
v -0.031057559 -0.007743725 0.116927
v -0.030809522 -0.008266653 0.10955216
v -0.058878943 0.0009052863 -0.0007604265
v -0.058878943 -0.001525348 -0.0007604265
v -0.05887895 -0.001525348 0.006264858
v -0.05887895 0.0009052864 0.006264858
v -0.062846504 0.0009052864 0.0008474874
v -0.062105883 -0.0015253484 0.006200671
v -0.062846504 -0.0015253486 0.0008474874
v -0.062105883 0.0009052864 0.006200671
v -0.062823616 0.0009052864 0.005632634
v -0.062823616 -0.0015253486 0.005632634
v -0.05887897 0.0009056275 0.12931383
v -0.05887897 -0.0015255278 0.12931383
v -0.06118119 -0.0015255284 0.12637141
v -0.06118119 0.00090562773 0.12637141
v -0.05887897 0.0009056275 0.11769921
v -0.06157605 -0.0015255284 0.12322661
v -0.05887897 -0.0015255278 0.11769921
v -0.06157605 0.0009056275 0.12322661
v -0.06118141 0.0009056275 0.12019571
v -0.06118141 -0.0015255284 0.12019571
v -0.0075097797 0.0056765443 0.020792007
v 0.048926633 0.005676547 -0.003168254
v 0.039936766 0.005676547 -0.03202745
v -0.016499657 0.005676543 -0.008067183
v 0.039936766 -0.0062965285 -0.03202745
v -0.016499657 -0.006296531 -0.008067183
v 0.048926633 -0.0062965285 -0.003168254
v -0.0075097797 -0.006296529 0.020792007
v -0.026808646 -0.00030999185 0.13733761
v -0.02459491 -0.00030999217 0.13684985
v -0.027504684 -0.0053498712 0.13684987
v -0.028611552 -0.0034327193 0.13733761
v -0.028611552 0.0028127388 0.13733761
v -0.033324238 -0.005349871 0.13684985
v -0.027504684 0.0047298893 0.13684985
v -0.03221737 -0.0034327193 0.13733761
v -0.03221737 0.002812738 0.13733761
v -0.036234017 -0.00030999098 0.13684985
v -0.033324238 0.00472989 0.13684985
v -0.034020275 -0.00030999104 0.1373376
v -0.05011081 -0.0043745693 0.13733898
v -0.05120879 -0.006276325 0.13685124
v -0.05465346 -0.00030998985 0.13685124
v -0.052457497 -0.0003099901 0.13733898
v -0.045417443 -0.0043745693 0.13733898
v -0.05120879 0.0056563457 0.13685124
v -0.044319462 -0.006276325 0.13685124
v -0.05011081 0.0037545902 0.13733898
v -0.043070756 -0.00030999063 0.13733898
v -0.044319462 0.0056563467 0.13685124
v -0.040874794 -0.0003099912 0.13685124
v -0.045417443 0.0037545906 0.13733898
v -0.033500683 0.005035494 0.13588877
v -0.02732824 0.0050354777 0.007864165
v -0.027328243 0.005035494 0.13588877
v -0.033500675 0.005035478 0.007864174
v -0.024242027 -0.00031000716 0.007864165
v -0.036586903 -0.0003099909 0.13588877
v -0.02424203 -0.00030999215 0.13588877
v -0.036586896 -0.0003100059 0.007864174
v -0.02732824 -0.005655493 0.007864179
v -0.033500675 -0.005655477 0.13588877
v -0.027328243 -0.005655477 0.13588877
v -0.033500675 -0.005655492 0.007864174
v -0.051417664 0.0060181282 0.13588694
v -0.044110578 0.006018113 0.007708707
v -0.044110585 0.0060181287 0.13588694
v -0.05141766 0.006018112 0.007708707
v -0.040457036 -0.00031000614 0.007708707
v -0.05507121 -0.0003099897 0.13588694
v -0.040457044 -0.00030999118 0.13588694
v -0.055071205 -0.0003100047 0.007708707
v -0.044110578 -0.006638125 0.007708707
v -0.051417667 -0.00663811 0.13588694
v -0.044110585 -0.00663811 0.13588694
v -0.051417664 -0.0066381264 0.007708707
v -0.004614439 -0.00753635 0.016722713
v -0.0044164704 -0.0092684515 0.016763773
v -0.005227413 -0.0092684515 0.014561686
v -0.005236664 -0.00753635 0.020251516
v -0.005511689 -0.00753635 0.014286265
v -0.004978847 -0.0092684515 0.01995315
v -0.003981876 -0.0092684515 0.013258147
v -0.0024917412 -0.00753635 0.022554783
v -0.0041335914 -0.00753635 0.01284399
v -0.0024979543 -0.0092684515 0.022034874
v -0.0021841477 -0.0092684515 0.013454037
v 0.00087540626 -0.00753635 0.02132924
v -0.0021445416 -0.0075363494 0.013060732
v 0.00054531096 -0.0092684515 0.020927215
v -0.0013732051 -0.0092684515 0.015656123
v 0.0014976359 -0.00753635 0.017800435
v -0.0012472868 -0.00753635 0.015497169
v 0.001107688 -0.0092684515 0.017737836
v -0.02288581 0.008080466 -0.01942019
v -0.024491645 0.008080466 -0.01883572
v -0.024425482 0.008265777 -0.019210916
v -0.023177661 0.008265777 -0.019665083
v -0.02544273 0.008265777 -0.020064473
v -0.022589061 0.008080466 -0.021103129
v -0.025800748 0.008080466 -0.019934172
v -0.022947075 0.008265777 -0.02097283
v -0.025212143 0.008265777 -0.021372218
v -0.023898158 0.008080466 -0.02220158
v -0.025504 0.008080466 -0.02161711
v -0.023964304 0.008265777 -0.021826386
v -0.023565277 0.008081825 0.0508484
v -0.026063532 0.008081825 0.05175768
v -0.025991835 0.0082669975 0.051351123
v -0.023881515 0.0082669975 0.050583046
v -0.027712185 0.0082669975 0.04990758
v -0.023103619 0.008081825 0.04823019
v -0.028100124 0.008081825 0.050048776
v -0.023491545 0.0082669975 0.048371386
v -0.027322212 0.0082669975 0.047695942
v -0.025140217 0.008081825 0.046521306
v -0.027638465 0.008081825 0.04743057
v -0.025211897 0.0082669975 0.04692785
v -0.014765761 0.008081825 0.02382467
v -0.017264012 0.008081825 0.024733948
v -0.017192325 0.0082669975 0.024327392
v -0.015082002 0.0082669975 0.023559308
v -0.01891267 0.0082669975 0.022883851
v -0.014304103 0.008081825 0.021206459
v -0.019300606 0.008081825 0.023025045
v -0.014692032 0.0082669975 0.021347655
v -0.0185227 0.0082669975 0.020672206
v -0.016340697 0.008081825 0.019497575
v -0.018838946 0.008081825 0.020406846
v -0.016412381 0.0082669975 0.019904127
v -0.02288581 0.008080466 -0.01942019
v -0.02288581 -0.008700447 -0.01942019
v -0.024491645 -0.008700447 -0.01883572
v -0.022589061 0.008080466 -0.021103129
v -0.024491645 0.008080466 -0.01883572
v -0.022589061 -0.008700447 -0.021103129
v -0.025800748 -0.008700447 -0.019934172
v -0.023898158 0.008080466 -0.02220158
v -0.025800748 0.008080466 -0.019934172
v -0.023898158 -0.008700447 -0.02220158
v -0.025504 -0.008700447 -0.02161711
v -0.025504 0.008080466 -0.02161711
v -0.02288581 -0.008700447 -0.01942019
v -0.023177661 -0.008885758 -0.019665083
v -0.024425482 -0.008885758 -0.019210916
v -0.022589061 -0.008700447 -0.021103129
v -0.024491645 -0.008700447 -0.01883572
v -0.022947075 -0.008885758 -0.02097283
v -0.02544273 -0.008885758 -0.020064473
v -0.023898158 -0.008700447 -0.02220158
v -0.025800748 -0.008700447 -0.019934172
v -0.023964304 -0.008885758 -0.021826386
v -0.025212143 -0.008885758 -0.021372218
v -0.025504 -0.008700447 -0.02161711
v -0.023565277 0.008081825 0.0508484
v -0.023565277 -0.008701807 0.0508484
v -0.026063532 -0.008701807 0.05175768
v -0.023103619 0.008081825 0.04823019
v -0.026063532 0.008081825 0.05175768
v -0.023103619 -0.008701807 0.04823019
v -0.028100124 -0.008701807 0.050048776
v -0.025140217 0.008081825 0.046521306
v -0.028100124 0.008081825 0.050048776
v -0.025140217 -0.008701807 0.046521306
v -0.027638465 -0.008701807 0.04743057
v -0.027638465 0.008081825 0.04743057
v -0.023565277 -0.008701807 0.0508484
v -0.023881515 -0.00888698 0.050583046
v -0.025991835 -0.00888698 0.051351123
v -0.023103619 -0.008701807 0.04823019
v -0.026063532 -0.008701807 0.05175768
v -0.023491545 -0.00888698 0.048371386
v -0.027712185 -0.00888698 0.04990758
v -0.025140217 -0.008701807 0.046521306
v -0.028100124 -0.008701807 0.050048776
v -0.025211897 -0.00888698 0.04692785
v -0.027322212 -0.00888698 0.047695942
v -0.027638465 -0.008701807 0.04743057
v -0.014765761 0.008081825 0.02382467
v -0.014765761 -0.008701807 0.02382467
v -0.017264012 -0.008701807 0.024733948
v -0.014304103 0.008081825 0.021206459
v -0.017264012 0.008081825 0.024733948
v -0.014304103 -0.008701807 0.021206459
v -0.019300606 -0.008701807 0.023025045
v -0.016340697 0.008081825 0.019497575
v -0.019300606 0.008081825 0.023025045
v -0.016340697 -0.008701807 0.019497575
v -0.018838946 -0.008701807 0.020406846
v -0.018838946 0.008081825 0.020406846
v -0.014765761 -0.008701807 0.02382467
v -0.015082002 -0.00888698 0.023559308
v -0.017192325 -0.00888698 0.024327392
v -0.014304103 -0.008701807 0.021206459
v -0.017264012 -0.008701807 0.024733948
v -0.014692032 -0.00888698 0.021347655
v -0.01891267 -0.00888698 0.022883851
v -0.016340697 -0.008701807 0.019497575
v -0.019300606 -0.008701807 0.023025045
v -0.016412381 -0.00888698 0.019904127
v -0.0185227 -0.00888698 0.020672206
v -0.018838946 -0.008701807 0.020406846
v -0.0042887544 0.0019006901 0.13182798
v -0.0042887544 0.0019006896 0.13342948
v -0.0068414733 0.0019006899 0.13342948
v -0.0068414733 0.0019006905 0.13182798
v -0.0030123997 -0.00031002593 0.13182798
v -0.008117833 -0.0003100261 0.13342948
v -0.008117833 -0.00031002593 0.13182798
v -0.0030123997 -0.0003100261 0.1334295
v -0.0042887544 -0.0025207421 0.13182798
v -0.005565114 -0.00031002637 0.1349333
v -0.0068414733 -0.0025207424 0.13342948
v -0.0068414733 -0.0025207421 0.13182798
v -0.0042887544 -0.0025207424 0.13342948
v -0.033500683 0.005035494 0.13588877
v -0.027328243 0.005035494 0.13588877
v -0.027504684 0.0047298893 0.13684985
v -0.033324238 0.00472989 0.13684985
v -0.02459491 -0.00030999217 0.13684985
v -0.036586903 -0.0003099909 0.13588877
v -0.02424203 -0.00030999215 0.13588877
v -0.036234017 -0.00030999098 0.13684985
v -0.027504684 -0.0053498712 0.13684987
v -0.033500675 -0.005655477 0.13588877
v -0.027328243 -0.005655477 0.13588877
v -0.033324238 -0.005349871 0.13684985
v -0.051417667 -0.00663811 0.13588694
v -0.05507121 -0.0003099897 0.13588694
v -0.05465346 -0.00030998985 0.13685124
v -0.05120879 -0.006276325 0.13685124
v -0.05120879 0.0056563457 0.13685124
v -0.044110585 -0.00663811 0.13588694
v -0.051417664 0.0060181282 0.13588694
v -0.044319462 -0.006276325 0.13685124
v -0.044319462 0.0056563467 0.13685124
v -0.040457044 -0.00030999118 0.13588694
v -0.044110585 0.0060181287 0.13588694
v -0.040874794 -0.0003099912 0.13685124
v 0.033528827 0.009115183 -0.011076717
v 0.036513723 0.009763194 -0.011711783
v 0.03344378 0.009763194 -0.010594429
v 0.036138568 0.009115183 -0.012026572
v 0.037081018 0.009763194 -0.014929127
v 0.03140135 0.009115185 -0.012861886
v 0.030941157 0.009763194 -0.012694387
v 0.03662083 0.009115185 -0.014761629
v 0.034578376 0.009763194 -0.01702906
v 0.031883605 0.009115185 -0.015596928
v 0.031508453 0.009763194 -0.015911723
v 0.034493335 0.009115183 -0.016546778
v -0.014241929 0.009115185 0.0065547037
v -0.011257033 0.009763196 0.0059196376
v -0.014326968 0.009763196 0.0070369863
v -0.0116321845 0.009115185 0.0056048487
v -0.010689733 0.009763196 0.0027022935
v -0.016369406 0.0091151865 0.004769535
v -0.0168296 0.009763196 0.0049370336
v -0.011149923 0.0091151865 0.0028697918
v -0.01319237 0.009763195 0.000602355
v -0.015887149 0.0091151865 0.0020344877
v -0.0162623 0.009763196 0.0017196989
v -0.013277411 0.009115185 0.0010846376
v 0.033528827 -0.009735164 -0.011076717
v 0.03344378 -0.010383176 -0.010594429
v 0.036513723 -0.010383176 -0.011711783
v 0.036138568 -0.009735164 -0.012026572
v 0.037081018 -0.010383176 -0.014929127
v 0.03140135 -0.009735165 -0.012861886
v 0.030941157 -0.010383176 -0.012694387
v 0.03662083 -0.009735165 -0.014761629
v 0.034578376 -0.010383176 -0.01702906
v 0.031883605 -0.009735165 -0.015596928
v 0.031508453 -0.010383176 -0.015911723
v 0.034493335 -0.009735164 -0.016546778
v -0.014241929 -0.009735166 0.0065547037
v -0.014326968 -0.010383178 0.0070369863
v -0.011257033 -0.010383178 0.0059196376
v -0.0116321845 -0.009735166 0.0056048487
v -0.010689733 -0.010383178 0.0027022935
v -0.016369406 -0.009735167 0.004769535
v -0.0168296 -0.010383178 0.0049370336
v -0.011149923 -0.009735167 0.0028697918
v -0.01319237 -0.010383177 0.000602355
v -0.015887149 -0.009735167 0.0020344877
v -0.0162623 -0.010383178 0.0017196989
v -0.013277411 -0.009735166 0.0010846376
vt 0.030258179 0.028915405
vt 0.031677246 0.027572632
vt 0.031585693 0.028915405
vt 0.03137207 0.030258179
vt 0.029922485 0.027572632
vt 0.03225708 0.028915405
vt 0.030578613 0.022872925
vt 0.030593872 0.022338867
vt 0.030593872 0.022583008
vt 0.030578613 0.022918701
vt 0.030563354 0.023773193
vt 0.030563354 0.023834229
vt 0.030548096 0.02418518
vt 0.030548096 0.024124146
vt 0.030548096 0.024536133
vt 0.030548096 0.024368286
vt 0.030548096 0.02470398
vt 0.030548096 0.024490356
vt 0.030532837 0.024887085
vt 0.030548096 0.024414062
vt 0.032043457 0.022857666
vt 0.032073975 0.022323608
vt 0.030838013 0.022323608
vt 0.030838013 0.022857666
vt 0.032043457 0.023773193
vt 0.030807495 0.023773193
vt 0.03201294 0.02418518
vt 0.030792236 0.02418518
vt 0.03201294 0.02456665
vt 0.030792236 0.02456665
vt 0.03201294 0.024734497
vt 0.030792236 0.024734497
vt 0.03201294 0.024917603
vt 0.030792236 0.024917603
vt 0.032073975 0.022598267
vt 0.030838013 0.02293396
vt 0.030838013 0.022598267
vt 0.032043457 0.02293396
vt 0.030807495 0.023834229
vt 0.032043457 0.023834229
vt 0.030807495 0.024108887
vt 0.03201294 0.024124146
vt 0.030792236 0.024353027
vt 0.03201294 0.024353027
vt 0.030792236 0.024459839
vt 0.03201294 0.024459839
vt 0.030807495 0.024383545
vt 0.03201294 0.024383545
vt 0.032287598 0.022872925
vt 0.032318115 0.022583008
vt 0.032318115 0.022354126
vt 0.032287598 0.022918701
vt 0.032287598 0.023773193
vt 0.032287598 0.023834229
vt 0.03225708 0.02418518
vt 0.03225708 0.024124146
vt 0.03225708 0.024536133
vt 0.03225708 0.024383545
vt 0.03225708 0.024719238
vt 0.03225708 0.024490356
vt 0.03225708 0.024887085
vt 0.03225708 0.024414062
vt 0.022064209 0.028518677
vt 0.0138168335 0.024017334
vt 0.014152527 0.02331543
vt 0.022399902 0.027816772
vt 0.0138168335 0.023086548
vt 0.024642944 0.028686523
vt 0.022064209 0.02758789
vt 0.024856567 0.027954102
vt 0.024734497 0.028198242
vt 0.024414062 0.027679443
vt 0.022064209 0.02758789
vt 0.0138168335 0.023086548
vt 0.01348114 0.023788452
vt 0.021728516 0.028289795
vt 0.0138168335 0.024017334
vt 0.024414062 0.027679443
vt 0.022064209 0.028518677
vt 0.02418518 0.028411865
vt 0.024734497 0.028198242
vt 0.024642944 0.028686523
vt 0.020019531 0.026382446
vt 0.015960693 0.025436401
vt 0.020004272 0.027633667
vt 0.015960693 0.023422241
vt 0.015655518 0.02482605
vt 0.015655518 0.023651123
vt 0.020080566 0.028121948
vt 0.020935059 0.027435303
vt 0.020080566 0.026824951
vt 0.020935059 0.028579712
vt 0.0211792 0.028823853
vt 0.020004272 0.028182983
vt 0.021453857 0.02696228
vt 0.0211792 0.028823853
vt 0.021453857 0.028640747
vt 0.020935059 0.028579712
vt 0.020935059 0.027435303
vt 0.021453857 0.028640747
vt 0.0211792 0.028823853
vt 0.020004272 0.028182983
vt 0.020217896 0.027954102
vt 0.020217896 0.027542114
vt 0.020004272 0.027633667
vt 0.016220093 0.025375366
vt 0.015960693 0.025436401
vt 0.015655518 0.02482605
vt 0.015823364 0.02458191
vt 0.015655518 0.023651123
vt 0.015823364 0.023406982
vt 0.015960693 0.023422241
vt 0.016220093 0.023132324
vt 0.020217896 0.026062012
vt 0.020019531 0.026382446
vt 0.020080566 0.026824951
vt 0.021453857 0.02696228
vt 0.020935059 0.027435303
vt 0.020004272 0.028182983
vt 0.020080566 0.028121948
vt 0.020004272 0.027633667
vt 0.020080566 0.026824951
vt 0.020019531 0.026382446
vt 0.016189575 0.015655518
vt 0.016174316 0.015701294
vt 0.016189575 0.01574707
vt 0.01625061 0.01574707
vt 0.01625061 0.015655518
vt 0.016281128 0.015701294
vt 0.016204834 0.015731812
vt 0.016174316 0.015777588
vt 0.016204834 0.015823364
vt 0.01625061 0.015823364
vt 0.01625061 0.015731812
vt 0.016281128 0.015777588
vt 0.016296387 0.015716553
vt 0.016281128 0.015731812
vt 0.016296387 0.01576233
vt 0.016326904 0.01576233
vt 0.016326904 0.015716553
vt 0.016342163 0.015731812
vt 0.016418457 0.015808105
vt 0.01637268 0.015777588
vt 0.016326904 0.015808105
vt 0.016418457 0.01586914
vt 0.016326904 0.015853882
vt 0.016357422 0.0158844
vt 0.016418457 0.015899658
vt 0.01637268 0.01586914
vt 0.016326904 0.0158844
vt 0.016418457 0.015945435
vt 0.016326904 0.015945435
vt 0.01637268 0.015975952
vt 0.016479492 0.015853882
vt 0.016448975 0.015838623
vt 0.016433716 0.015853882
vt 0.016479492 0.0158844
vt 0.016418457 0.0158844
vt 0.016448975 0.015899658
vt 0.018539429 0.027038574
vt 0.018035889 0.025909424
vt 0.018295288 0.024993896
vt 0.019073486 0.025222778
vt 0.019317627 0.027267456
vt 0.019577026 0.026367188
vt 0.020111084 0.026931763
vt 0.019851685 0.02784729
vt 0.02015686 0.02758789
vt 0.12463379 0.02418518
vt 0.124572754 0.023742676
vt 0.12445068 0.0236969
vt 0.12426758 0.024612427
vt 0.12438965 0.023544312
vt 0.1237793 0.024658203
vt 0.1227417 0.020202637
vt 0.12438965 0.02331543
vt 0.1227417 0.020065308
vt 0.12371826 0.019729614
vt 0.12445068 0.023254395
vt 0.109680176 0.020141602
vt 0.11077881 0.024749756
vt 0.12097168 0.024673462
vt 0.11987305 0.020217896
vt 0.109680176 0.020095825
vt 0.12072754 0.02017212
vt 0.12072754 0.020050049
vt 0.10974121 0.019973755
vt 0.11151123 0.023254395
vt 0.11077881 0.019622803
vt 0.120666504 0.019714355
vt 0.121398926 0.023239136
vt 0.11077881 0.019607544
vt 0.10974121 0.019943237
vt 0.120666504 0.02003479
vt 0.12164307 0.019699097
vt 0.111328125 0.024719238
vt 0.12194824 0.024658203
vt 0.12145996 0.02468872
vt 0.110839844 0.024765015
vt 0.1116333 0.023712158
vt 0.12145996 0.023742676
vt 0.12158203 0.02418518
vt 0.111694336 0.024230957
vt 0.111450195 0.023345947
vt 0.11151123 0.023284912
vt 0.12109375 0.023269653
vt 0.12121582 0.023330688
vt 0.111450195 0.023529053
vt 0.121276855 0.023529053
vt 0.121276855 0.02368164
vt 0.11151123 0.023666382
vt 0.121276855 0.023712158
vt 0.111572266 0.0236969
vt 0.111694336 0.024261475
vt 0.12219238 0.024215698
vt 0.12188721 0.024642944
vt 0.111328125 0.02470398
vt 0.112976074 0.03353882
vt 0.11376953 0.033325195
vt 0.11065674 0.033599854
vt 0.10986328 0.033843994
vt 0.1104126 0.03326416
vt 0.10949707 0.033294678
vt 0.1104126 0.03277588
vt 0.10949707 0.032714844
vt 0.113586426 0.03237915
vt 0.11273193 0.032287598
vt 0.11248779 0.03125
vt 0.11328125 0.031021118
vt 0.11016846 0.031311035
vt 0.109313965 0.031555176
vt 0.10992432 0.030975342
vt 0.108947754 0.03100586
vt 0.10992432 0.03050232
vt 0.10900879 0.030410767
vt 0.113098145 0.030166626
vt 0.11224365 0.030075073
vt 0.11199951 0.029006958
vt 0.11279297 0.028762817
vt 0.10974121 0.029037476
vt 0.10888672 0.029266357
vt 0.10949707 0.028686523
vt 0.10852051 0.0287323
vt 0.10949707 0.028213501
vt 0.10852051 0.028137207
vt 0.11260986 0.027862549
vt 0.11175537 0.027755737
vt 0.122924805 0.02418518
vt 0.12310791 0.0236969
vt 0.12298584 0.023742676
vt 0.123291016 0.024627686
vt 0.123168945 0.023544312
vt 0.1237793 0.024658203
vt 0.124816895 0.020202637
vt 0.123168945 0.02331543
vt 0.124816895 0.020065308
vt 0.12384033 0.019729614
vt 0.12310791 0.023254395
vt 0.120910645 0.024673462
vt 0.11077881 0.024749756
vt 0.11193848 0.02015686
vt 0.12200928 0.020217896
vt 0.11193848 0.020095825
vt 0.11187744 0.019973755
vt 0.122802734 0.020050049
vt 0.12286377 0.02017212
vt 0.12072754 0.019714355
vt 0.110839844 0.019622803
vt 0.11010742 0.023254395
vt 0.11999512 0.023239136
vt 0.1227417 0.02003479
vt 0.11187744 0.019958496
vt 0.110839844 0.019607544
vt 0.12176514 0.019699097
vt 0.11029053 0.024719238
vt 0.11077881 0.024765015
vt 0.121398926 0.02468872
vt 0.12097168 0.024658203
vt 0.10998535 0.023712158
vt 0.10992432 0.024230957
vt 0.11981201 0.02418518
vt 0.11987305 0.023742676
vt 0.11975098 0.023284912
vt 0.11010742 0.023284912
vt 0.11016846 0.023345947
vt 0.11993408 0.023330688
vt 0.11016846 0.023529053
vt 0.12005615 0.023529053
vt 0.11987305 0.02368164
vt 0.11010742 0.023666382
vt 0.11975098 0.023712158
vt 0.11004639 0.0236969
vt 0.10992432 0.024261475
vt 0.11022949 0.024719238
vt 0.120788574 0.024642944
vt 0.1204834 0.024215698
vt 0.11352539 0.03326416
vt 0.109558105 0.033447266
vt 0.1126709 0.033172607
vt 0.1104126 0.03353882
vt 0.109375 0.033081055
vt 0.11004639 0.03302002
vt 0.109313965 0.03262329
vt 0.11004639 0.032409668
vt 0.11248779 0.032226562
vt 0.11328125 0.03201294
vt 0.11303711 0.030960083
vt 0.109069824 0.031143188
vt 0.11218262 0.030853271
vt 0.10986328 0.03125
vt 0.10882568 0.030807495
vt 0.10949707 0.030731201
vt 0.10882568 0.030334473
vt 0.109558105 0.030136108
vt 0.11199951 0.02999878
vt 0.11279297 0.029785156
vt 0.11254883 0.028717041
vt 0.10864258 0.028869629
vt 0.111694336 0.02861023
vt 0.109436035 0.02897644
vt 0.10839844 0.028518677
vt 0.109069824 0.028442383
vt 0.10839844 0.028045654
vt 0.109069824 0.02784729
vt 0.11151123 0.027694702
vt 0.11230469 0.02748108
vt 0.16381836 0.029296875
vt 0.16381836 0.029632568
vt 0.16577148 0.03164673
vt 0.16577148 0.031311035
vt 0.16369629 0.029556274
vt 0.16369629 0.029891968
vt 0.16564941 0.031921387
vt 0.16564941 0.031585693
vt 0.3076172 0.026657104
vt 0.3095703 0.023468018
vt 0.3076172 0.02027893
vt 0.30395508 0.026657104
vt 0.30395508 0.02027893
vt 0.3022461 0.023468018
vt 0.3076172 0.026657104
vt 0.3095703 0.023468018
vt 0.3076172 0.02027893
vt 0.30395508 0.026657104
vt 0.30395508 0.02027893
vt 0.3022461 0.023468018
vt 0.030838013 0.08404541
vt 0.030593872 0.084106445
vt 0.030578613 0.08459473
vt 0.030838013 0.08459473
vt 0.030563354 0.085510254
vt 0.030807495 0.085510254
vt 0.030548096 0.0859375
vt 0.030792236 0.0859375
vt 0.030548096 0.08630371
vt 0.030792236 0.08630371
vt 0.030548096 0.08642578
vt 0.030792236 0.08648682
vt 0.030532837 0.08660889
vt 0.030792236 0.08666992
vt 0.030838013 0.08465576
vt 0.030593872 0.08428955
vt 0.030838013 0.084350586
vt 0.030578613 0.08465576
vt 0.030807495 0.08557129
vt 0.030563354 0.08557129
vt 0.030807495 0.085876465
vt 0.030548096 0.085876465
vt 0.030792236 0.086120605
vt 0.030548096 0.086120605
vt 0.030792236 0.08618164
vt 0.030548096 0.086242676
vt 0.030807495 0.086120605
vt 0.030548096 0.08618164
vt 0.032073975 0.084350586
vt 0.032318115 0.084350586
vt 0.032287598 0.08465576
vt 0.032043457 0.08465576
vt 0.032287598 0.08557129
vt 0.032043457 0.08557129
vt 0.03225708 0.085876465
vt 0.03201294 0.085876465
vt 0.03225708 0.086120605
vt 0.03201294 0.086120605
vt 0.03225708 0.086242676
vt 0.03201294 0.08618164
vt 0.03225708 0.08618164
vt 0.03201294 0.086120605
vt 0.032043457 0.08459473
vt 0.032318115 0.084106445
vt 0.032073975 0.08404541
vt 0.032287598 0.08459473
vt 0.032043457 0.085510254
vt 0.032287598 0.085510254
vt 0.03201294 0.0859375
vt 0.03225708 0.0859375
vt 0.03201294 0.08630371
vt 0.03225708 0.08630371
vt 0.03201294 0.08648682
vt 0.03225708 0.08642578
vt 0.03201294 0.08666992
vt 0.03225708 0.08660889
vt 0.12145996 0.08642578
vt 0.11077881 0.08648682
vt 0.110839844 0.08648682
vt 0.12097168 0.08642578
vt 0.1237793 0.086364746
vt 0.12194824 0.08642578
vt 0.1227417 0.081970215
vt 0.12426758 0.086364746
vt 0.11987305 0.081970215
vt 0.12188721 0.086364746
vt 0.111328125 0.08648682
vt 0.111328125 0.08642578
vt 0.12219238 0.0859375
vt 0.12463379 0.0859375
vt 0.12072754 0.08190918
vt 0.1227417 0.08178711
vt 0.109680176 0.081848145
vt 0.109680176 0.08190918
vt 0.12072754 0.08178711
vt 0.12158203 0.0859375
vt 0.111694336 0.085998535
vt 0.111694336 0.085998535
vt 0.12145996 0.08544922
vt 0.124572754 0.085510254
vt 0.120666504 0.08178711
vt 0.12371826 0.08148193
vt 0.10974121 0.08166504
vt 0.10974121 0.081726074
vt 0.12164307 0.0814209
vt 0.121276855 0.08544922
vt 0.1116333 0.08544922
vt 0.111572266 0.08544922
vt 0.121276855 0.08544922
vt 0.12445068 0.08544922
vt 0.121276855 0.08526611
vt 0.12438965 0.08526611
vt 0.12121582 0.08508301
vt 0.12438965 0.08508301
vt 0.12109375 0.08502197
vt 0.12445068 0.08502197
vt 0.120666504 0.08148193
vt 0.11077881 0.08135986
vt 0.11077881 0.08135986
vt 0.121398926 0.08496094
vt 0.11151123 0.08502197
vt 0.11151123 0.08502197
vt 0.12286377 0.08190918
vt 0.11193848 0.08190918
vt 0.11193848 0.081848145
vt 0.12200928 0.081970215
vt 0.124816895 0.081970215
vt 0.122802734 0.08178711
vt 0.1237793 0.08642578
vt 0.124816895 0.08178711
vt 0.120910645 0.08642578
vt 0.1227417 0.08178711
vt 0.11187744 0.081726074
vt 0.11187744 0.08166504
vt 0.12176514 0.0814209
vt 0.12384033 0.08148193
vt 0.121398926 0.08642578
vt 0.123291016 0.086364746
vt 0.11077881 0.08648682
vt 0.11077881 0.08648682
vt 0.12097168 0.08642578
vt 0.12072754 0.08148193
vt 0.110839844 0.08135986
vt 0.110839844 0.08135986
vt 0.11999512 0.08496094
vt 0.12310791 0.08502197
vt 0.120788574 0.086364746
vt 0.122924805 0.0859375
vt 0.11022949 0.08642578
vt 0.11029053 0.08648682
vt 0.1204834 0.0859375
vt 0.11975098 0.08502197
vt 0.11010742 0.08502197
vt 0.11010742 0.08502197
vt 0.11993408 0.08508301
vt 0.123168945 0.08508301
vt 0.12005615 0.08526611
vt 0.123168945 0.08526611
vt 0.11987305 0.08544922
vt 0.12310791 0.08544922
vt 0.11975098 0.08544922
vt 0.12298584 0.085510254
vt 0.11981201 0.0859375
vt 0.10992432 0.085998535
vt 0.10992432 0.085998535
vt 0.11987305 0.08544922
vt 0.11004639 0.08544922
vt 0.10998535 0.08544922
vt 0.29833984 0.021514893
vt 0.29833984 0.021392822
vt 0.29760742 0.021514893
vt 0.29833984 0.021942139
vt 0.29711914 0.021728516
vt 0.29663086 0.022338867
vt 0.29663086 0.023742676
vt 0.29833984 0.023345947
vt 0.29858398 0.023651123
vt 0.29663086 0.02456665
vt 0.2993164 0.023925781
vt 0.29614258 0.023727417
vt 0.29663086 0.023742676
vt 0.29663086 0.022338867
vt 0.29638672 0.022323608
vt 0.29785156 0.02192688
vt 0.29833984 0.021942139
vt 0.29833984 0.023345947
vt 0.29785156 0.023330688
vt 0.29638672 0.022323608
vt 0.29663086 0.022338867
vt 0.29711914 0.021728516
vt 0.296875 0.021697998
vt 0.2980957 0.021484375
vt 0.29833984 0.021514893
vt 0.29833984 0.021942139
vt 0.29785156 0.02192688
vt 0.296875 0.021697998
vt 0.29711914 0.021728516
vt 0.29760742 0.021514893
vt 0.29736328 0.021499634
vt 0.2980957 0.021377563
vt 0.29833984 0.021392822
vt 0.29833984 0.021514893
vt 0.2980957 0.021484375
vt 0.29785156 0.023330688
vt 0.29833984 0.023345947
vt 0.29858398 0.023651123
vt 0.2980957 0.023635864
vt 0.29614258 0.024551392
vt 0.29663086 0.02456665
vt 0.29663086 0.023742676
vt 0.29614258 0.023727417
vt 0.2980957 0.023635864
vt 0.29858398 0.023651123
vt 0.2993164 0.023925781
vt 0.29882812 0.023910522
vt 0.29882812 0.023910522
vt 0.2993164 0.023925781
vt 0.29663086 0.02456665
vt 0.29614258 0.024551392
vt 0.29736328 0.021499634
vt 0.29760742 0.021514893
vt 0.29833984 0.021392822
vt 0.2980957 0.021377563
vt 0.29882812 0.023910522
vt 0.29614258 0.024551392
vt 0.2980957 0.023635864
vt 0.29785156 0.023330688
vt 0.29614258 0.023727417
vt 0.29638672 0.022323608
vt 0.29785156 0.02192688
vt 0.296875 0.021697998
vt 0.29736328 0.021499634
vt 0.2980957 0.021377563
vt 0.2980957 0.021484375
vt 0.029434204 0.022613525
vt 0.029434204 0.022644043
vt 0.029434204 0.022491455
vt 0.029449463 0.022064209
vt 0.029434204 0.022720337
vt 0.029464722 0.02166748
vt 0.029434204 0.022979736
vt 0.029510498 0.019454956
vt 0.029510498 0.019454956
vt 0.029464722 0.020812988
vt 0.029556274 0.01939392
vt 0.02973938 0.021530151
vt 0.029525757 0.021621704
vt 0.029785156 0.019256592
vt 0.029785156 0.01928711
vt 0.029556274 0.01940918
vt 0.029708862 0.022857666
vt 0.02947998 0.023025513
vt 0.029693604 0.023132324
vt 0.02947998 0.022766113
vt 0.029708862 0.02279663
vt 0.02949524 0.022659302
vt 0.02947998 0.02268982
vt 0.029708862 0.02281189
vt 0.02947998 0.022521973
vt 0.029708862 0.022613525
vt 0.029708862 0.02217102
vt 0.02949524 0.022109985
vt 0.029525757 0.020828247
vt 0.02973938 0.020935059
vt 0.033203125 0.022872925
vt 0.029693604 0.023132324
vt 0.033203125 0.023147583
vt 0.029708862 0.022857666
vt 0.029708862 0.02279663
vt 0.033203125 0.02279663
vt 0.029708862 0.02281189
vt 0.033203125 0.02281189
vt 0.033203125 0.022613525
vt 0.029708862 0.022613525
vt 0.033203125 0.02217102
vt 0.029708862 0.02217102
vt 0.02973938 0.020935059
vt 0.033233643 0.020935059
vt 0.033477783 0.022491455
vt 0.033477783 0.022644043
vt 0.033477783 0.022613525
vt 0.033477783 0.022079468
vt 0.033477783 0.022720337
vt 0.0335083 0.02166748
vt 0.033477783 0.022979736
vt 0.03353882 0.019454956
vt 0.03353882 0.019454956
vt 0.0335083 0.020812988
vt 0.033477783 0.01939392
vt 0.033447266 0.021621704
vt 0.033233643 0.021530151
vt 0.03326416 0.019256592
vt 0.03326416 0.01928711
vt 0.033477783 0.01940918
vt 0.033203125 0.022872925
vt 0.033203125 0.023147583
vt 0.033416748 0.023025513
vt 0.033416748 0.022766113
vt 0.033203125 0.02279663
vt 0.033416748 0.022659302
vt 0.033416748 0.02268982
vt 0.033203125 0.02281189
vt 0.033416748 0.022521973
vt 0.033203125 0.022613525
vt 0.033203125 0.02217102
vt 0.033416748 0.022109985
vt 0.033416748 0.020828247
vt 0.033233643 0.020935059
vt 0.033233643 0.021530151
vt 0.02973938 0.021530151
vt 0.029785156 0.019256592
vt 0.03326416 0.019256592
vt 0.03326416 0.01928711
vt 0.029785156 0.01928711
vt 0.029510498 0.08117676
vt 0.029525757 0.08337402
vt 0.029464722 0.08343506
vt 0.029556274 0.08111572
vt 0.029510498 0.08117676
vt 0.029556274 0.08117676
vt 0.029464722 0.08258057
vt 0.029525757 0.08258057
vt 0.029449463 0.08380127
vt 0.02949524 0.083862305
vt 0.029434204 0.084228516
vt 0.02947998 0.08428955
vt 0.029434204 0.084350586
vt 0.02947998 0.08441162
vt 0.029434204 0.084350586
vt 0.02949524 0.08441162
vt 0.029434204 0.084472656
vt 0.02947998 0.08453369
vt 0.029434204 0.0847168
vt 0.02947998 0.08477783
vt 0.0335083 0.08343506
vt 0.033447266 0.08337402
vt 0.033477783 0.08111572
vt 0.03353882 0.08117676
vt 0.033477783 0.08117676
vt 0.03353882 0.08117676
vt 0.033416748 0.08258057
vt 0.0335083 0.08258057
vt 0.033416748 0.083862305
vt 0.033477783 0.08380127
vt 0.033416748 0.08428955
vt 0.033477783 0.084228516
vt 0.033416748 0.08441162
vt 0.033477783 0.08441162
vt 0.033416748 0.08441162
vt 0.033477783 0.084350586
vt 0.033416748 0.08453369
vt 0.033477783 0.084472656
vt 0.033416748 0.08477783
vt 0.033477783 0.0847168
vt 0.02923584 0.021118164
vt 0.029251099 0.020553589
vt 0.029251099 0.020828247
vt 0.02923584 0.02130127
vt 0.02923584 0.02130127
vt 0.029220581 0.021621704
vt 0.02923584 0.021469116
vt 0.02909851 0.026535034
vt 0.029205322 0.022323608
vt 0.02909851 0.026306152
vt 0.029174805 0.02330017
vt 0.029190063 0.023086548
vt 0.029205322 0.022613525
vt 0.029190063 0.022659302
vt 0.029190063 0.02293396
vt 0.029190063 0.022781372
vt 0.029281616 0.021102905
vt 0.029464722 0.020446777
vt 0.029296875 0.020523071
vt 0.029449463 0.021087646
vt 0.029449463 0.021316528
vt 0.029281616 0.021316528
vt 0.029434204 0.02166748
vt 0.029281616 0.021636963
vt 0.029266357 0.02229309
vt 0.029418945 0.022247314
vt 0.029418945 0.022521973
vt 0.029251099 0.022567749
vt 0.029251099 0.022628784
vt 0.029418945 0.022583008
vt 0.02923584 0.022766113
vt 0.029403687 0.022750854
vt 0.029403687 0.022979736
vt 0.02923584 0.022949219
vt 0.029403687 0.023117065
vt 0.029220581 0.023101807
vt 0.029388428 0.023284912
vt 0.029220581 0.023284912
vt 0.029586792 0.026123047
vt 0.029129028 0.026290894
vt 0.03010559 0.02645874
vt 0.029281616 0.026550293
vt 0.03010559 0.026550293
vt 0.029281616 0.026321411
vt 0.03262329 0.026473999
vt 0.033447266 0.02633667
vt 0.033447266 0.026550293
vt 0.03262329 0.026550293
vt 0.03024292 0.02130127
vt 0.03024292 0.021469116
vt 0.02923584 0.021469116
vt 0.02923584 0.02130127
vt 0.029251099 0.020828247
vt 0.03274536 0.02130127
vt 0.03375244 0.020828247
vt 0.029251099 0.020553589
vt 0.03375244 0.02130127
vt 0.03375244 0.021469116
vt 0.03274536 0.021469116
vt 0.03378296 0.020553589
vt 0.033721924 0.020523071
vt 0.029296875 0.020523071
vt 0.033569336 0.020446777
vt 0.029464722 0.020446777
vt 0.03024292 0.021469116
vt 0.03010559 0.02645874
vt 0.03010559 0.026550293
vt 0.03024292 0.02130127
vt 0.03274536 0.02130127
vt 0.03262329 0.026473999
vt 0.03274536 0.021469116
vt 0.03262329 0.026550293
vt 0.03338623 0.026306152
vt 0.032958984 0.026153564
vt 0.029785156 0.026153564
vt 0.029327393 0.026306152
vt 0.03375244 0.020828247
vt 0.03378296 0.020553589
vt 0.03375244 0.021118164
vt 0.03375244 0.02130127
vt 0.03375244 0.021316528
vt 0.03375244 0.021636963
vt 0.03375244 0.021469116
vt 0.03363037 0.026535034
vt 0.033721924 0.022323608
vt 0.03363037 0.026306152
vt 0.033691406 0.02330017
vt 0.033691406 0.023101807
vt 0.033721924 0.022613525
vt 0.033721924 0.02267456
vt 0.033691406 0.02293396
vt 0.033721924 0.022781372
vt 0.033569336 0.020446777
vt 0.033721924 0.021102905
vt 0.033721924 0.020523071
vt 0.03353882 0.021087646
vt 0.03353882 0.021331787
vt 0.033691406 0.021316528
vt 0.03353882 0.02166748
vt 0.033691406 0.021636963
vt 0.03366089 0.02229309
vt 0.0335083 0.022247314
vt 0.0335083 0.022521973
vt 0.03366089 0.022567749
vt 0.03366089 0.022628784
vt 0.0335083 0.022583008
vt 0.03366089 0.022781372
vt 0.0335083 0.022750854
vt 0.033477783 0.022979736
vt 0.03366089 0.022949219
vt 0.033477783 0.023117065
vt 0.03366089 0.023117065
vt 0.033477783 0.023284912
vt 0.03366089 0.02330017
vt 0.03314209 0.026123047
vt 0.033599854 0.026290894
vt 0.033569336 0.020446777
vt 0.029464722 0.020446777
vt 0.029449463 0.021087646
vt 0.03353882 0.021087646
vt 0.03353882 0.021331787
vt 0.029449463 0.021316528
vt 0.03353882 0.02166748
vt 0.029434204 0.02166748
vt 0.029418945 0.022247314
vt 0.0335083 0.022247314
vt 0.0335083 0.022521973
vt 0.029418945 0.022521973
vt 0.0335083 0.022583008
vt 0.029418945 0.022583008
vt 0.029403687 0.022750854
vt 0.0335083 0.022750854
vt 0.033477783 0.022979736
vt 0.029403687 0.022979736
vt 0.029403687 0.023117065
vt 0.033477783 0.023117065
vt 0.029388428 0.023284912
vt 0.033477783 0.023284912
vt 0.029586792 0.026123047
vt 0.03314209 0.026123047
vt 0.032958984 0.026153564
vt 0.029785156 0.026153564
vt 0.029296875 0.08227539
vt 0.029251099 0.08227539
vt 0.02923584 0.08288574
vt 0.029281616 0.08282471
vt 0.02923584 0.08306885
vt 0.029281616 0.08306885
vt 0.029220581 0.08337402
vt 0.029281616 0.08337402
vt 0.029205322 0.08404541
vt 0.029266357 0.08404541
vt 0.029205322 0.084350586
vt 0.029251099 0.08428955
vt 0.029190063 0.08441162
vt 0.029251099 0.084350586
vt 0.029190063 0.08453369
vt 0.02923584 0.08453369
vt 0.029190063 0.08465576
vt 0.02923584 0.0847168
vt 0.029190063 0.08483887
vt 0.029220581 0.08483887
vt 0.029174805 0.08502197
vt 0.029220581 0.08502197
vt 0.029129028 0.088012695
vt 0.02909851 0.08807373
vt 0.029327393 0.08807373
vt 0.029785156 0.087890625
vt 0.029586792 0.087890625
vt 0.029281616 0.08807373
vt 0.02909851 0.088256836
vt 0.029281616 0.08831787
vt 0.03338623 0.08807373
vt 0.033447266 0.08807373
vt 0.033599854 0.088012695
vt 0.03314209 0.087890625
vt 0.032958984 0.087890625
vt 0.03363037 0.08807373
vt 0.033447266 0.08831787
vt 0.03363037 0.088256836
vt 0.03366089 0.08502197
vt 0.033691406 0.08502197
vt 0.033691406 0.08483887
vt 0.03366089 0.08483887
vt 0.033691406 0.08465576
vt 0.03366089 0.0847168
vt 0.033721924 0.08453369
vt 0.03366089 0.08453369
vt 0.033721924 0.08441162
vt 0.03366089 0.084350586
vt 0.033721924 0.084350586
vt 0.03366089 0.08428955
vt 0.033721924 0.08404541
vt 0.03366089 0.08404541
vt 0.03375244 0.08337402
vt 0.033691406 0.08337402
vt 0.03375244 0.08306885
vt 0.033691406 0.08306885
vt 0.03375244 0.08288574
vt 0.033721924 0.08282471
vt 0.03378296 0.08227539
vt 0.033721924 0.08227539
vt 0.29858398 0.028259277
vt 0.29882812 0.028533936
vt 0.2993164 0.027511597
vt 0.2993164 0.028518677
vt 0.2998047 0.02822876
vt 0.30029297 0.02760315
vt 0.30004883 0.026733398
vt 0.30078125 0.026107788
vt 0.30004883 0.026107788
vt 0.30029297 0.025009155
vt 0.3005371 0.02784729
vt 0.3010254 0.027908325
vt 0.3005371 0.019348145
vt 0.29882812 0.019897461
vt 0.29858398 0.02015686
vt 0.29858398 0.020385742
vt 0.2993164 0.021560669
vt 0.2998047 0.022949219
vt 0.30029297 0.024856567
vt 0.29882812 0.024963379
vt 0.2980957 0.024246216
vt 0.29711914 0.028182983
vt 0.29785156 0.027435303
vt 0.29711914 0.028457642
vt 0.29760742 0.028442383
vt 0.2980957 0.028152466
vt 0.29858398 0.027526855
vt 0.29833984 0.026657104
vt 0.29907227 0.026031494
vt 0.29858398 0.026031494
vt 0.29858398 0.024932861
vt 0.29907227 0.027770996
vt 0.2993164 0.027832031
vt 0.29858398 0.01927185
vt 0.296875 0.020080566
vt 0.29711914 0.019821167
vt 0.296875 0.02029419
vt 0.29736328 0.021469116
vt 0.29785156 0.022857666
vt 0.29858398 0.024780273
vt 0.29711914 0.024887085
vt 0.29638672 0.024169922
vt 0.029586792 0.030258179
vt 0.030929565 0.030258179
vt 0.029586792 0.027572632
vt 0.03225708 0.027572632
vt 0.03225708 0.030258179
vt 0.029586792 0.027572632
vt 0.031585693 0.028915405
vt 0.03225708 0.027572632
vt 0.029922485 0.028244019
vt 0.030258179 0.028915405
vt 0.029586792 0.027572632
vt 0.03225708 0.027572632
vt 0.03225708 0.030258179
vt 0.029586792 0.030258179
vt 0.030929565 0.030258179
vt 0.25927734 0.01739502
vt 0.25610352 0.017410278
vt 0.25610352 0.019805908
vt 0.25927734 0.01979065
vt 0.25927734 0.02015686
vt 0.25610352 0.02017212
vt 0.25610352 0.022903442
vt 0.25927734 0.022888184
vt 0.25927734 0.023101807
vt 0.25610352 0.023117065
vt 0.25610352 0.023422241
vt 0.25927734 0.023422241
vt 0.25927734 0.08123779
vt 0.25927734 0.08087158
vt 0.25610352 0.08087158
vt 0.25610352 0.08123779
vt 0.25927734 0.08416748
vt 0.25927734 0.08392334
vt 0.25610352 0.083984375
vt 0.25610352 0.08416748
vt 0.021484375 0.02192688
vt 0.0178833 0.021743774
vt 0.0178833 0.02810669
vt 0.021484375 0.02810669
vt 0.017852783 0.02229309
vt 0.017837524 0.020401001
vt 0.017852783 0.020950317
vt 0.017837524 0.021575928
vt 0.017837524 0.028396606
vt 0.017837524 0.028793335
vt 0.017852783 0.02911377
vt 0.02154541 0.02909851
vt 0.021530151 0.028396606
vt 0.02154541 0.02268982
vt 0.021530151 0.021972656
vt 0.01789856 0.020690918
vt 0.0178833 0.02017212
vt 0.02128601 0.020370483
vt 0.02130127 0.020889282
vt 0.021362305 0.021102905
vt 0.021362305 0.020568848
vt 0.021499634 0.02154541
vt 0.021514893 0.022216797
vt 0.0178833 0.02128601
vt 0.021438599 0.021469116
vt 0.021316528 0.020553589
vt 0.0178833 0.020355225
vt 0.021499634 0.022720337
vt 0.021499634 0.028884888
vt 0.01789856 0.028900146
vt 0.01789856 0.022537231
vt 0.01789856 0.02204895
vt 0.01789856 0.020980835
vt 0.021316528 0.0211792
vt 0.021453857 0.022232056
vt 0.018630981 0.022964478
vt 0.021530151 0.022949219
vt 0.021530151 0.022720337
vt 0.018569946 0.022720337
vt 0.01864624 0.023757935
vt 0.018585205 0.023498535
vt 0.02154541 0.023498535
vt 0.02154541 0.023727417
vt 0.018630981 0.022964478
vt 0.021530151 0.023162842
vt 0.021530151 0.022949219
vt 0.018630981 0.0231781
vt 0.018569946 0.022720337
vt 0.018417358 0.02243042
vt 0.021530151 0.022445679
vt 0.021530151 0.022720337
vt 0.018585205 0.023498535
vt 0.02154541 0.023284912
vt 0.02154541 0.023498535
vt 0.018432617 0.02330017
vt 0.018630981 0.024032593
vt 0.01864624 0.023757935
vt 0.02154541 0.023727417
vt 0.02154541 0.024002075
vt 0.21142578 0.024017334
vt 0.21240234 0.024017334
vt 0.2130127 0.02519226
vt 0.20617676 0.02519226
vt 0.21020508 0.024017334
vt 0.21203613 0.020706177
vt 0.21276855 0.021347046
vt 0.20935059 0.024017334
vt 0.20825195 0.024017334
vt 0.21008301 0.020706177
vt 0.21081543 0.021347046
vt 0.20739746 0.024017334
vt 0.20617676 0.024017334
vt 0.20825195 0.020706177
vt 0.20898438 0.021347046
vt 0.21142578 0.024017334
vt 0.21240234 0.024017334
vt 0.2130127 0.02519226
vt 0.20617676 0.02519226
vt 0.21020508 0.024017334
vt 0.21203613 0.020706177
vt 0.21276855 0.021347046
vt 0.20935059 0.024017334
vt 0.20825195 0.024017334
vt 0.21008301 0.020706177
vt 0.21081543 0.021347046
vt 0.20739746 0.024017334
vt 0.20617676 0.024017334
vt 0.20825195 0.020706177
vt 0.20898438 0.021347046
vt 0.6826172 0.015075684
vt 0.6767578 0.015075684
vt 0.6796875 0.02822876
vt 0.6826172 0.02822876
vt 0.6796875 0.02822876
vt 0.6826172 0.02822876
vt 0.6826172 0.015075684
vt 0.6796875 0.015075684
vt 0.6796875 0.02822876
vt 0.6826172 0.02822876
vt 0.6826172 0.015075684
vt 0.6796875 0.015075684
vt 0.6796875 0.02822876
vt 0.6826172 0.02822876
vt 0.6826172 0.015075684
vt 0.6796875 0.015075684
vt 0.6826172 0.015075684
vt 0.6826172 0.02822876
vt 0.6796875 0.02822876
vt 0.6767578 0.015075684
vt 0.6796875 0.02822876
vt 0.6796875 0.015075684
vt 0.6826172 0.015075684
vt 0.6826172 0.02822876
vt 0.6796875 0.02822876
vt 0.6796875 0.015075684
vt 0.6826172 0.015075684
vt 0.6826172 0.02822876
vt 0.6796875 0.02822876
vt 0.6796875 0.015075684
vt 0.6826172 0.015075684
vt 0.6826172 0.02822876
vt 0.024353027 0.026519775
vt 0.02432251 0.026535034
vt 0.024475098 0.027832031
vt 0.024490356 0.027832031
vt 0.02432251 0.026535034
vt 0.024307251 0.026519775
vt 0.02444458 0.027832031
vt 0.024475098 0.027832031
vt 0.024459839 0.026519775
vt 0.024429321 0.026535034
vt 0.02456665 0.027832031
vt 0.024597168 0.027832031
vt 0.024429321 0.026535034
vt 0.024398804 0.026519775
vt 0.024536133 0.027832031
vt 0.02456665 0.027832031
vt 0.024551392 0.026519775
vt 0.024520874 0.026535034
vt 0.024658203 0.027832031
vt 0.02468872 0.027832031
vt 0.024520874 0.026535034
vt 0.024490356 0.026519775
vt 0.024627686 0.027832031
vt 0.024658203 0.027832031
vt 0.024642944 0.026519775
vt 0.024612427 0.026535034
vt 0.024749756 0.027832031
vt 0.024780273 0.027832031
vt 0.024612427 0.026535034
vt 0.024597168 0.026519775
vt 0.024734497 0.027832031
vt 0.024749756 0.027832031
vt 0.024734497 0.026519775
vt 0.024719238 0.026535034
vt 0.024856567 0.027832031
vt 0.024871826 0.027832031
vt 0.024719238 0.026535034
vt 0.02468872 0.026519775
vt 0.02482605 0.027832031
vt 0.024856567 0.027832031
vt 0.024841309 0.026519775
vt 0.024810791 0.026535034
vt 0.02494812 0.027832031
vt 0.024978638 0.027832031
vt 0.024810791 0.026535034
vt 0.024780273 0.026519775
vt 0.024917603 0.027832031
vt 0.02494812 0.027832031
vt 0.024353027 0.026687622
vt 0.024490356 0.027999878
vt 0.024475098 0.02798462
vt 0.024337769 0.026687622
vt 0.024337769 0.026687622
vt 0.024475098 0.02798462
vt 0.02444458 0.027999878
vt 0.024307251 0.026687622
vt 0.024459839 0.026687622
vt 0.024597168 0.027999878
vt 0.02456665 0.02798462
vt 0.024429321 0.026687622
vt 0.024429321 0.026687622
vt 0.02456665 0.02798462
vt 0.024536133 0.027999878
vt 0.024398804 0.026687622
vt 0.024551392 0.026687622
vt 0.02468872 0.027999878
vt 0.024658203 0.02798462
vt 0.024520874 0.026687622
vt 0.024520874 0.026687622
vt 0.024658203 0.02798462
vt 0.024642944 0.027999878
vt 0.024505615 0.026687622
vt 0.024642944 0.026687622
vt 0.024780273 0.027999878
vt 0.024765015 0.02798462
vt 0.024627686 0.026687622
vt 0.024627686 0.026687622
vt 0.024765015 0.02798462
vt 0.024734497 0.027999878
vt 0.024597168 0.026687622
vt 0.024749756 0.026687622
vt 0.024887085 0.027999878
vt 0.024856567 0.02798462
vt 0.024719238 0.026687622
vt 0.024719238 0.026687622
vt 0.024856567 0.02798462
vt 0.02482605 0.027999878
vt 0.02468872 0.026687622
vt 0.024841309 0.026687622
vt 0.024978638 0.027999878
vt 0.02494812 0.02798462
vt 0.024810791 0.026687622
vt 0.024810791 0.026687622
vt 0.02494812 0.02798462
vt 0.024917603 0.027999878
vt 0.024780273 0.026687622
vt 0.0262146 0.026855469
vt 0.026870728 0.027801514
vt 0.026870728 0.026855469
vt 0.025512695 0.027633667
vt 0.025512695 0.027801514
vt 0.02619934 0.02684021
vt 0.025482178 0.027542114
vt 0.025131226 0.027542114
vt 0.02407837 0.026809692
vt 0.026031494 0.026489258
vt 0.024047852 0.026489258
vt 0.025115967 0.027633667
vt 0.02418518 0.027816772
vt 0.025115967 0.027801514
vt 0.025115967 0.027877808
vt 0.02420044 0.027877808
vt 0.024246216 0.028335571
vt 0.025115967 0.028335571
vt 0.025512695 0.028335571
vt 0.026870728 0.028320312
vt 0.026870728 0.027877808
vt 0.025512695 0.027877808
vt 0.024032593 0.026489258
vt 0.02406311 0.02684021
vt 0.024032593 0.02645874
vt 0.02406311 0.026870728
vt 0.02418518 0.02784729
vt 0.02418518 0.027893066
vt 0.02420044 0.028030396
vt 0.024230957 0.028335571
vt 0.02420044 0.028076172
vt 0.024230957 0.028427124
vt 0.02418518 0.02798462
vt 0.02418518 0.02796936
vt 0.02406311 0.026947021
vt 0.02406311 0.026977539
vt 0.024032593 0.026565552
vt 0.024047852 0.026611328
vt 0.026031494 0.026443481
vt 0.026031494 0.026504517
vt 0.024032593 0.026489258
vt 0.024032593 0.02645874
vt 0.0262146 0.027023315
vt 0.026870728 0.027023315
vt 0.026870728 0.027954102
vt 0.02619934 0.026992798
vt 0.02420044 0.02796936
vt 0.02407837 0.026977539
vt 0.026046753 0.026657104
vt 0.024047852 0.026657104
vt 0.026870728 0.028030396
vt 0.026870728 0.028427124
vt 0.024246216 0.028442383
vt 0.02420044 0.028030396
vt 0.026870728 0.028457642
vt 0.026870728 0.028366089
vt 0.025512695 0.028381348
vt 0.025512695 0.028427124
vt 0.024246216 0.028457642
vt 0.025115967 0.028427124
vt 0.025115967 0.028381348
vt 0.024246216 0.028381348
vt 0.026885986 0.027008057
vt 0.026885986 0.026855469
vt 0.026885986 0.027801514
vt 0.026885986 0.027938843
vt 0.026885986 0.028015137
vt 0.026885986 0.027877808
vt 0.026885986 0.028320312
vt 0.026885986 0.028411865
vt 0.026031494 0.02659607
vt 0.024047852 0.026611328
vt 0.024032593 0.026565552
vt 0.026031494 0.02658081
vt 0.02619934 0.026947021
vt 0.026062012 0.026611328
vt 0.026046753 0.02658081
vt 0.02619934 0.026809692
vt 0.026046753 0.026504517
vt 0.026046753 0.026473999
vt 0.026031494 0.026504517
vt 0.026031494 0.02658081
vt 0.0262146 0.026977539
vt 0.0262146 0.026824951
vt 0.026870728 0.026824951
vt 0.026870728 0.02696228
vt 0.02418518 0.026870728
vt 0.025878906 0.027175903
vt 0.025878906 0.027252197
vt 0.02418518 0.026947021
vt 0.024307251 0.027893066
vt 0.02432251 0.027954102
vt 0.026046753 0.08758545
vt 0.026031494 0.08758545
vt 0.026031494 0.087524414
vt 0.026046753 0.087524414
vt 0.026031494 0.087524414
vt 0.02619934 0.08782959
vt 0.024047852 0.087524414
vt 0.024032593 0.087524414
vt 0.02406311 0.087890625
vt 0.02407837 0.087890625
vt 0.02418518 0.08892822
vt 0.02619934 0.087890625
vt 0.02418518 0.08886719
vt 0.0262146 0.087890625
vt 0.0262146 0.087890625
vt 0.0262146 0.088012695
vt 0.026870728 0.087890625
vt 0.02619934 0.088012695
vt 0.026870728 0.087890625
vt 0.02420044 0.08892822
vt 0.024246216 0.089416504
vt 0.025115967 0.08892822
vt 0.024230957 0.089416504
vt 0.025115967 0.08886719
vt 0.024246216 0.089416504
vt 0.024230957 0.08947754
vt 0.025115967 0.089416504
vt 0.024246216 0.089538574
vt 0.025115967 0.08935547
vt 0.025131226 0.08892822
vt 0.025131226 0.08886719
vt 0.025131226 0.089416504
vt 0.025115967 0.08947754
vt 0.025131226 0.089416504
vt 0.025512695 0.08947754
vt 0.025512695 0.089416504
vt 0.025115967 0.08868408
vt 0.025131226 0.08868408
vt 0.025146484 0.08862305
vt 0.025131226 0.08862305
vt 0.025482178 0.08862305
vt 0.025482178 0.08862305
vt 0.025512695 0.089416504
vt 0.025497437 0.08868408
vt 0.025512695 0.08868408
vt 0.025512695 0.08886719
vt 0.025497437 0.089416504
vt 0.025497437 0.08886719
vt 0.025512695 0.08935547
vt 0.025497437 0.08892822
vt 0.026870728 0.089416504
vt 0.025512695 0.08892822
vt 0.026870728 0.08892822
vt 0.026870728 0.08935547
vt 0.026870728 0.08886719
vt 0.026885986 0.08935547
vt 0.026870728 0.08947754
vt 0.026885986 0.08892822
vt 0.026885986 0.08947754
vt 0.026885986 0.08886719
vt 0.026885986 0.08905029
vt 0.026885986 0.087890625
vt 0.026885986 0.08807373
vt 0.026870728 0.088012695
vt 0.026885986 0.08898926
vt 0.026870728 0.08947754
vt 0.026870728 0.08807373
vt 0.0262146 0.08807373
vt 0.02619934 0.08807373
vt 0.026046753 0.08770752
vt 0.026870728 0.08898926
vt 0.026062012 0.087646484
vt 0.026870728 0.08911133
vt 0.024246216 0.08947754
vt 0.02420044 0.08911133
vt 0.02418518 0.08905029
vt 0.02420044 0.08905029
vt 0.02407837 0.088012695
vt 0.02406311 0.088012695
vt 0.024047852 0.087646484
vt 0.024047852 0.08770752
vt 0.026031494 0.087646484
vt 0.026031494 0.087646484
vt 0.026046753 0.087646484
vt 0.7368164 0.44213867
vt 0.73828125 0.44213867
vt 0.7397461 0.44213867
vt 0.7392578 0.44213867
vt 0.7446289 0.44213867
vt 0.74316406 0.44213867
vt 0.7446289 0.47021484
vt 0.74609375 0.6479492
vt 0.74609375 0.47021484
vt 0.7446289 0.6479492
vt 0.74609375 0.6484375
vt 0.74316406 0.47021484
vt 0.7446289 0.6484375
vt 0.74316406 0.6479492
vt 0.74121094 0.47021484
vt 0.74316406 0.6484375
vt 0.74121094 0.6479492
vt 0.7397461 0.47021484
vt 0.74121094 0.6484375
vt 0.7397461 0.6479492
vt 0.73828125 0.47021484
vt 0.7397461 0.6484375
vt 0.73828125 0.6479492
vt 0.7368164 0.47021484
vt 0.73828125 0.6484375
vt 0.7368164 0.6479492
vt 0.7368164 0.6484375
vt 0.7446289 0.44213867
vt 0.74609375 0.46435547
vt 0.74609375 0.44213867
vt 0.7446289 0.46435547
vt 0.74609375 0.46728516
vt 0.74316406 0.44213867
vt 0.7446289 0.46728516
vt 0.74316406 0.46435547
vt 0.74121094 0.44213867
vt 0.74316406 0.46728516
vt 0.74121094 0.46435547
vt 0.7397461 0.44213867
vt 0.74121094 0.46728516
vt 0.7397461 0.46435547
vt 0.73828125 0.44213867
vt 0.7397461 0.46728516
vt 0.73828125 0.46435547
vt 0.7368164 0.44213867
vt 0.73828125 0.46728516
vt 0.7368164 0.46435547
vt 0.7368164 0.46728516
vt 0.7368164 0.46728516
vt 0.7368164 0.47021484
vt 0.73828125 0.47021484
vt 0.73828125 0.46728516
vt 0.7397461 0.47021484
vt 0.7397461 0.46728516
vt 0.74121094 0.47021484
vt 0.74121094 0.46728516
vt 0.74316406 0.47021484
vt 0.74316406 0.46728516
vt 0.7446289 0.47021484
vt 0.7446289 0.46728516
vt 0.74609375 0.47021484
vt 0.74609375 0.46728516
vt 0.3071289 0.02217102
vt 0.3071289 0.021972656
vt 0.2993164 0.021972656
vt 0.2993164 0.02217102
vt 0.29858398 0.021881104
vt 0.29858398 0.020614624
vt 0.29858398 0.022140503
vt 0.29858398 0.02029419
vt 0.29858398 0.02015686
vt 0.29858398 0.02168274
vt 0.29858398 0.021484375
vt 0.2993164 0.02217102
vt 0.30786133 0.022140503
vt 0.3071289 0.02217102
vt 0.29858398 0.022140503
vt 0.29858398 0.020614624
vt 0.30786133 0.020614624
vt 0.2993164 0.020584106
vt 0.3071289 0.020584106
vt 0.3071289 0.021881104
vt 0.3071289 0.021759033
vt 0.2993164 0.021759033
vt 0.2993164 0.021881104
vt 0.2993164 0.020111084
vt 0.2993164 0.02142334
vt 0.3071289 0.02142334
vt 0.3071289 0.020111084
vt 0.3071289 0.02166748
vt 0.3071289 0.021499634
vt 0.2993164 0.021499634
vt 0.2993164 0.02166748
vt 0.30786133 0.021881104
vt 0.30786133 0.022140503
vt 0.30786133 0.020614624
vt 0.30786133 0.02029419
vt 0.30786133 0.02015686
vt 0.30786133 0.02168274
vt 0.30786133 0.021484375
vt 0.2993164 0.020584106
vt 0.3071289 0.020248413
vt 0.3071289 0.020584106
vt 0.2993164 0.020248413
vt 0.3071289 0.020126343
vt 0.2993164 0.020126343
vt 0.29858398 0.08630371
vt 0.2993164 0.08630371
vt 0.2993164 0.086120605
vt 0.29858398 0.08605957
vt 0.2993164 0.08605957
vt 0.3071289 0.086120605
vt 0.2993164 0.085876465
vt 0.3071289 0.08605957
vt 0.29858398 0.08581543
vt 0.30786133 0.08605957
vt 0.3071289 0.08630371
vt 0.30786133 0.08630371
vt 0.30786133 0.08581543
vt 0.3071289 0.085876465
vt 0.2993164 0.08581543
vt 0.3071289 0.08581543
vt 0.2993164 0.085632324
vt 0.30786133 0.085632324
vt 0.29858398 0.085632324
vt 0.3071289 0.085632324
vt 0.2993164 0.08557129
vt 0.3071289 0.08557129
vt 0.2993164 0.08428955
vt 0.30786133 0.08428955
vt 0.29858398 0.08428955
vt 0.3071289 0.08428955
vt 0.2993164 0.08428955
vt 0.2993164 0.08441162
vt 0.29858398 0.08441162
vt 0.2993164 0.0847168
vt 0.29858398 0.08477783
vt 0.3071289 0.08428955
vt 0.30786133 0.08441162
vt 0.3071289 0.08441162
vt 0.30786133 0.08477783
vt 0.3071289 0.0847168
vt 0.29956055 0.028869629
vt 0.29956055 0.022003174
vt 0.29956055 0.02053833
vt 0.29956055 0.027420044
vt 0.30322266 0.029281616
vt 0.30322266 0.027832031
vt 0.30664062 0.028869629
vt 0.30664062 0.027420044
vt 0.30664062 0.022003174
vt 0.30664062 0.02053833
vt 0.29956055 0.028869629
vt 0.30664062 0.022003174
vt 0.29956055 0.022003174
vt 0.30664062 0.028869629
vt 0.30322266 0.029281616
vt 0.30664062 0.027420044
vt 0.29956055 0.02053833
vt 0.30664062 0.02053833
vt 0.29956055 0.027420044
vt 0.30322266 0.027832031
vt 0.02420044 0.028076172
vt 0.02420044 0.028030396
vt 0.024307251 0.027893066
vt 0.02418518 0.027893066
vt 0.02432251 0.027954102
vt 0.02418518 0.02796936
vt 0.02418518 0.026870728
vt 0.02418518 0.026947021
vt 0.02406311 0.026870728
vt 0.024032593 0.026489258
vt 0.026031494 0.026504517
vt 0.025878906 0.027175903
vt 0.02406311 0.026947021
vt 0.024032593 0.026565552
vt 0.026031494 0.02658081
vt 0.025878906 0.027252197
vt 0.022323608 0.020584106
vt 0.024368286 0.020370483
vt 0.024291992 0.020599365
vt 0.024307251 0.024932861
vt 0.02218628 0.020355225
vt 0.024383545 0.025177002
vt 0.023330688 0.025161743
vt 0.023345947 0.024917603
vt 0.024368286 0.020370483
vt 0.022323608 0.020584106
vt 0.024291992 0.020599365
vt 0.024307251 0.024932861
vt 0.02218628 0.020355225
vt 0.024383545 0.025177002
vt 0.023330688 0.025161743
vt 0.023345947 0.024917603
vt 0.02671814 0.027496338
vt 0.02670288 0.027542114
vt 0.026733398 0.027542114
vt 0.026672363 0.027130127
vt 0.02670288 0.027496338
vt 0.026657104 0.027114868
vt 0.026626587 0.027038574
vt 0.026626587 0.026992798
vt 0.02658081 0.027114868
vt 0.02659607 0.027130127
vt 0.02670288 0.027023315
vt 0.02670288 0.026977539
vt 0.026641846 0.027496338
vt 0.026657104 0.027542114
vt 0.026611328 0.027542114
vt 0.026626587 0.027496338
vt 0.026794434 0.027526855
vt 0.026794434 0.027542114
vt 0.026794434 0.027709961
vt 0.026794434 0.027755737
vt 0.026535034 0.027023315
vt 0.026550293 0.026977539
vt 0.026504517 0.027114868
vt 0.026504517 0.027130127
vt 0.026504517 0.02772522
vt 0.026473999 0.027755737
vt 0.026519775 0.027496338
vt 0.026519775 0.027542114
vt 0.026550293 0.027496338
vt 0.026565552 0.027542114
vt 0.026565552 0.027664185
vt 0.02658081 0.027694702
vt 0.026550293 0.027694702
vt 0.026611328 0.027297974
vt 0.02658081 0.027664185
vt 0.026626587 0.027282715
vt 0.026657104 0.027191162
vt 0.026657104 0.027160645
vt 0.02670288 0.027282715
vt 0.026687622 0.027297974
vt 0.02658081 0.027175903
vt 0.02658081 0.027145386
vt 0.026641846 0.027664185
vt 0.026626587 0.027694702
vt 0.026657104 0.027694702
vt 0.026657104 0.027664185
vt 0.026489258 0.027694702
vt 0.026489258 0.027694702
vt 0.026489258 0.027877808
vt 0.026489258 0.027923584
vt 0.026748657 0.027175903
vt 0.026733398 0.027145386
vt 0.026779175 0.027282715
vt 0.026779175 0.027282715
vt 0.026779175 0.027877808
vt 0.026794434 0.027923584
vt 0.026763916 0.027664185
vt 0.026763916 0.027694702
vt 0.026733398 0.027664185
vt 0.02671814 0.027694702
vt 0.29858398 0.024932861
vt 0.30029297 0.025009155
vt 0.30078125 0.026107788
vt 0.30004883 0.026107788
vt 0.29907227 0.026031494
vt 0.29858398 0.026031494
vt 0.2993164 0.027832031
vt 0.3010254 0.027908325
vt 0.30004883 0.026733398
vt 0.29833984 0.026657104
vt 0.29785156 0.027435303
vt 0.2993164 0.027511597
vt 0.3005371 0.02784729
vt 0.29907227 0.027770996
vt 0.29711914 0.028182983
vt 0.29858398 0.028259277
vt 0.29858398 0.027526855
vt 0.30029297 0.02760315
vt 0.2998047 0.02822876
vt 0.2980957 0.028152466
vt 0.2993164 0.028518677
vt 0.29760742 0.028442383
vt 0.29882812 0.028533936
vt 0.29711914 0.028457642
vt 0.29858398 0.02015686
vt 0.296875 0.02029419
vt 0.29858398 0.020385742
vt 0.2993164 0.021560669
vt 0.296875 0.020080566
vt 0.29736328 0.021469116
vt 0.29882812 0.019897461
vt 0.29711914 0.019821167
vt 0.29858398 0.01927185
vt 0.3005371 0.019348145
vt 0.29858398 0.024780273
vt 0.30029297 0.024856567
vt 0.2998047 0.022949219
vt 0.29785156 0.022857666
vt 0.29638672 0.024169922
vt 0.2980957 0.024246216
vt 0.29711914 0.024887085
vt 0.29882812 0.024963379
vt 0.033081055 0.020690918
vt 0.02973938 0.020935059
vt 0.033233643 0.020935059
vt 0.033416748 0.020828247
vt 0.033477783 0.01940918
vt 0.033111572 0.019424438
vt 0.03326416 0.01928711
vt 0.029876709 0.020690918
vt 0.029525757 0.020828247
vt 0.029556274 0.01940918
vt 0.029922485 0.019424438
vt 0.029785156 0.01928711
vt 0.12976074 0.01789856
vt 0.1817627 0.017181396
vt 0.12976074 0.016479492
vt 0.12976074 0.016479492
vt 0.12976074 0.01789856
vt 0.12976074 0.01789856
vt 0.12976074 0.016479492
vt 0.12976074 0.01789856
vt 0.1817627 0.017181396
vt 0.12976074 0.016479492
vt 0.12976074 0.016479492
vt 0.12976074 0.01789856
vt 0.12976074 0.01789856
vt 0.12976074 0.016479492
vt 0.025497437 0.027877808
vt 0.025497437 0.028335571
vt 0.025497437 0.027877808
vt 0.025512695 0.028381348
vt 0.025497437 0.027801514
vt 0.025131226 0.028381348
vt 0.025497437 0.027618408
vt 0.025497437 0.027648926
vt 0.025482178 0.02758789
vt 0.025131226 0.027618408
vt 0.025146484 0.02758789
vt 0.025131226 0.027648926
vt 0.025131226 0.027801514
vt 0.025131226 0.027877808
vt 0.025131226 0.028335571
vt 0.025131226 0.027877808
vt 0.017852783 0.090148926
vt 0.021499634 0.08996582
vt 0.02154541 0.090148926
vt 0.01789856 0.08996582
vt 0.021499634 0.08380127
vt 0.017852783 0.08331299
vt 0.01789856 0.083618164
vt 0.02154541 0.083740234
vt 0.01789856 0.08306885
vt 0.017852783 0.08203125
vt 0.021453857 0.08325195
vt 0.01789856 0.08203125
vt 0.021514893 0.08325195
vt 0.021316528 0.082214355
vt 0.021499634 0.08258057
vt 0.021362305 0.08215332
vt 0.021530151 0.08300781
vt 0.01789856 0.081726074
vt 0.017837524 0.08148193
vt 0.02130127 0.081970215
vt 0.02128601 0.0814209
vt 0.0178833 0.08123779
vt 0.021362305 0.081604004
vt 0.0178833 0.0814209
vt 0.017837524 0.0826416
vt 0.021316528 0.081604004
vt 0.021438599 0.08251953
vt 0.0178833 0.082336426
vt 0.021484375 0.08300781
vt 0.021484375 0.08917236
vt 0.021530151 0.089416504
vt 0.0178833 0.08917236
vt 0.017837524 0.08947754
vt 0.0178833 0.08282471
vt 0.026763916 0.020370483
vt 0.027801514 0.020614624
vt 0.026809692 0.020614624
vt 0.02784729 0.020385742
vt 0.026763916 0.025177002
vt 0.027801514 0.02494812
vt 0.026809692 0.02494812
vt 0.02784729 0.02519226
vt 0.02670288 0.025177002
vt 0.025665283 0.02494812
vt 0.026657104 0.02494812
vt 0.025619507 0.025177002
vt 0.02670288 0.020370483
vt 0.025665283 0.020599365
vt 0.026657104 0.020614624
vt 0.025619507 0.020370483
vt 0.025558472 0.025177002
vt 0.024475098 0.024932861
vt 0.025512695 0.02494812
vt 0.024429321 0.025177002
vt 0.025558472 0.020370483
vt 0.024475098 0.020599365
vt 0.025497437 0.020599365
vt 0.024414062 0.020370483
vt 0.026763916 0.020370483
vt 0.026809692 0.020614624
vt 0.027801514 0.020614624
vt 0.02784729 0.020385742
vt 0.026763916 0.025177002
vt 0.027801514 0.02494812
vt 0.026809692 0.02494812
vt 0.02784729 0.02519226
vt 0.02670288 0.025177002
vt 0.026657104 0.02494812
vt 0.025665283 0.02494812
vt 0.025619507 0.025177002
vt 0.02670288 0.020370483
vt 0.025665283 0.020599365
vt 0.026657104 0.020614624
vt 0.025619507 0.020370483
vt 0.025558472 0.025177002
vt 0.025512695 0.02494812
vt 0.024475098 0.024932861
vt 0.024429321 0.025177002
vt 0.025558472 0.020370483
vt 0.024475098 0.020599365
vt 0.025497437 0.020599365
vt 0.024414062 0.020370483
vt 0.029586792 0.027572632
vt 0.029586792 0.027572632
vt 0.03225708 0.027572632
vt 0.03225708 0.027572632
vt 0.029922485 0.028244019
vt 0.031585693 0.028915405
vt 0.029922485 0.028244019
vt 0.031585693 0.028915405
vt 0.030258179 0.028915405
vt 0.030258179 0.028915405
vt 0.03225708 0.027572632
vt 0.03225708 0.027572632
vt 0.03225708 0.030258179
vt 0.03225708 0.030258179
vt 0.029586792 0.027572632
vt 0.030929565 0.030258179
vt 0.029586792 0.027572632
vt 0.030929565 0.030258179
vt 0.029586792 0.030258179
vt 0.029586792 0.030258179
vt 0.033050537 0.022598267
vt 0.033081055 0.020690918
vt 0.033111572 0.019424438
vt 0.033081055 0.021316528
vt 0.029922485 0.019424438
vt 0.029891968 0.021316528
vt 0.029876709 0.020690918
vt 0.029846191 0.022598267
vt 0.11730957 0.0284729
vt 0.117370605 0.028533936
vt 0.11743164 0.02835083
vt 0.117370605 0.028381348
vt 0.117248535 0.028503418
vt 0.11730957 0.028244019
vt 0.117248535 0.02859497
vt 0.117248535 0.028320312
vt 0.1171875 0.028457642
vt 0.117126465 0.028305054
vt 0.117126465 0.0284729
vt 0.1171875 0.02835083
vt 0.11730957 0.03366089
vt 0.11730957 0.033569336
vt 0.11706543 0.03366089
vt 0.1171875 0.033721924
vt 0.117370605 0.03375244
vt 0.11706543 0.03387451
vt 0.117492676 0.033721924
vt 0.117126465 0.033843994
vt 0.117370605 0.03387451
vt 0.117248535 0.0340271
vt 0.11743164 0.033935547
vt 0.117248535 0.033935547
vt 0.11706543 0.02848816
vt 0.115722656 0.030303955
vt 0.117248535 0.028625488
vt 0.114868164 0.028045654
vt 0.11816406 0.030670166
vt 0.11706543 0.028274536
vt 0.11743164 0.028549194
vt 0.11639404 0.026153564
vt 0.11968994 0.028778076
vt 0.11730957 0.028198242
vt 0.117492676 0.028335571
vt 0.118774414 0.026519775
vt 0.117004395 0.03390503
vt 0.115600586 0.03591919
vt 0.117248535 0.034057617
vt 0.11456299 0.03338623
vt 0.1182251 0.036315918
vt 0.11706543 0.03363037
vt 0.117492676 0.033966064
vt 0.11627197 0.031280518
vt 0.11993408 0.034210205
vt 0.11730957 0.03353882
vt 0.117492676 0.033691406
vt 0.11895752 0.031677246
vt 0.018951416 0.02760315
vt 0.019317627 0.027267456
vt 0.019851685 0.02784729
vt 0.018096924 0.02734375
vt 0.019546509 0.02822876
vt 0.018539429 0.027038574
vt 0.02015686 0.02758789
vt 0.017532349 0.02609253
vt 0.019897461 0.027954102
vt 0.018035889 0.025909424
vt 0.020111084 0.026931763
vt 0.017837524 0.02508545
vt 0.019836426 0.027236938
vt 0.018295288 0.024993896
vt 0.019577026 0.026367188
vt 0.018692017 0.025344849
vt 0.019241333 0.02659607
vt 0.019073486 0.025222778
vt 0.16687012 0.025939941
vt 0.16577148 0.02406311
vt 0.16552734 0.024505615
vt 0.16625977 0.025939941
vt 0.16394043 0.024475098
vt 0.16564941 0.027786255
vt 0.16369629 0.024017334
vt 0.16540527 0.027328491
vt 0.16308594 0.025863647
vt 0.16357422 0.027740479
vt 0.16247559 0.025848389
vt 0.16381836 0.027282715
vt 0.16772461 0.026153564
vt 0.1661377 0.023345947
vt 0.16589355 0.023803711
vt 0.16711426 0.026153564
vt 0.16320801 0.023757935
vt 0.16601562 0.028915405
vt 0.16296387 0.023284912
vt 0.16577148 0.028442383
vt 0.16174316 0.026046753
vt 0.1628418 0.02885437
vt 0.16125488 0.026031494
vt 0.16308594 0.028381348
vt 0.16772461 0.026107788
vt 0.16625977 0.023284912
vt 0.16589355 0.023757935
vt 0.16723633 0.02609253
vt 0.16320801 0.023712158
vt 0.1661377 0.02885437
vt 0.16296387 0.023223877
vt 0.16589355 0.028381348
vt 0.16186523 0.026000977
vt 0.1628418 0.028793335
vt 0.16137695 0.025985718
vt 0.16320801 0.028335571
vt 0.016983032 0.015670776
vt 0.018997192 0.015899658
vt 0.017929077 0.01386261
vt 0.016952515 0.015975952
vt 0.016723633 0.0154953
vt 0.01776123 0.017852783
vt 0.015640259 0.013763428
vt 0.016677856 0.016113281
vt 0.016448975 0.015625
vt 0.015464783 0.017745972
vt 0.0143966675 0.015701294
vt 0.016418457 0.015945435
vt 0.16357422 0.023971558
vt 0.16381836 0.024414062
vt 0.16540527 0.024383545
vt 0.16247559 0.025848389
vt 0.16564941 0.023910522
vt 0.16296387 0.025848389
vt 0.16625977 0.025756836
vt 0.16357422 0.027679443
vt 0.16674805 0.025756836
vt 0.16381836 0.02722168
vt 0.16552734 0.027191162
vt 0.16577148 0.027633667
vt 0.017074585 0.015640259
vt 0.019500732 0.015960693
vt 0.018157959 0.013412476
vt 0.017028809 0.016143799
vt 0.016662598 0.015357971
vt 0.017959595 0.0184021
vt 0.015274048 0.013298035
vt 0.016571045 0.016342163
vt 0.016220093 0.015563965
vt 0.015075684 0.018295288
vt 0.01373291 0.015731812
vt 0.016174316 0.016052246
vt 0.16271973 0.023254395
vt 0.16308594 0.023712158
vt 0.16577148 0.023666382
vt 0.16125488 0.026062012
vt 0.16601562 0.02319336
vt 0.16174316 0.026062012
vt 0.16711426 0.0259552
vt 0.1628418 0.028823853
vt 0.16760254 0.025939941
vt 0.16308594 0.02835083
vt 0.16577148 0.028289795
vt 0.1661377 0.028762817
vt 0.017059326 0.015556335
vt 0.019500732 0.0158844
vt 0.018157959 0.013320923
vt 0.01701355 0.016052246
vt 0.016662598 0.015274048
vt 0.017959595 0.018325806
vt 0.015266418 0.013206482
vt 0.016571045 0.01626587
vt 0.016204834 0.0154800415
vt 0.015075684 0.018203735
vt 0.013725281 0.015655518
vt 0.016159058 0.015975952
vt 0.1628418 0.02319336
vt 0.16308594 0.023666382
vt 0.16577148 0.023605347
vt 0.16125488 0.026016235
vt 0.16601562 0.023132324
vt 0.16186523 0.026000977
vt 0.16723633 0.025894165
vt 0.16296387 0.028762817
vt 0.16772461 0.025894165
vt 0.16320801 0.028289795
vt 0.16589355 0.028244019
vt 0.1661377 0.028701782
vt 0.65478516 0.5625
vt 0.6586914 0.5625
vt 0.6586914 0.5625
vt 0.65478516 0.5625
vt 0.65478516 0.5
vt 0.6586914 0.5
vt 0.65478516 0.5
vt 0.6586914 0.5
vt 0.65478516 0.43774414
vt 0.6621094 0.5
vt 0.6586914 0.43774414
vt 0.65478516 0.43774414
vt 0.6586914 0.43774414
vt 0.11706543 0.09020996
vt 0.117248535 0.09039307
vt 0.117248535 0.09033203
vt 0.117126465 0.09020996
vt 0.117370605 0.090270996
vt 0.11706543 0.090026855
vt 0.11743164 0.090270996
vt 0.117126465 0.090026855
vt 0.11743164 0.09008789
vt 0.11730957 0.08996582
vt 0.117492676 0.09008789
vt 0.11730957 0.08996582
vt 0.11730957 0.08984375
vt 0.11706543 0.089904785
vt 0.11706543 0.08996582
vt 0.11730957 0.089904785
vt 0.11706543 0.090148926
vt 0.117492676 0.090026855
vt 0.117004395 0.09020996
vt 0.117492676 0.090026855
vt 0.117248535 0.09033203
vt 0.117492676 0.090270996
vt 0.117248535 0.09033203
vt 0.11743164 0.09020996
vt 0.111328125 0.031555176
vt 0.11187744 0.029830933
vt 0.11224365 0.031677246
vt 0.110961914 0.02998352
vt 0.11071777 0.028625488
vt 0.11065674 0.03213501
vt 0.11151123 0.032348633
vt 0.10998535 0.028961182
vt 0.10998535 0.029281616
vt 0.109680176 0.031097412
vt 0.11035156 0.031143188
vt 0.109375 0.029510498
vt 0.111450195 0.031311035
vt 0.11199951 0.029556274
vt 0.11236572 0.031433105
vt 0.111083984 0.029708862
vt 0.110839844 0.02835083
vt 0.11077881 0.03186035
vt 0.1116333 0.032073975
vt 0.11010742 0.028686523
vt 0.11010742 0.029006958
vt 0.109802246 0.030838013
vt 0.11047363 0.030883789
vt 0.10949707 0.029251099
vt 0.11230469 0.03173828
vt 0.11175537 0.031982422
vt 0.111328125 0.03010559
vt 0.11199951 0.030151367
vt 0.11016846 0.028900146
vt 0.111694336 0.032287598
vt 0.110961914 0.03262329
vt 0.11102295 0.029129028
vt 0.109436035 0.029556274
vt 0.11071777 0.031280518
vt 0.10986328 0.031433105
vt 0.1104126 0.029678345
vt 0.11242676 0.031463623
vt 0.111816406 0.031707764
vt 0.111450195 0.029846191
vt 0.11212158 0.029876709
vt 0.11029053 0.028640747
vt 0.111816406 0.03201294
vt 0.111083984 0.032348633
vt 0.11114502 0.02885437
vt 0.109558105 0.029296875
vt 0.110839844 0.03100586
vt 0.10998535 0.031158447
vt 0.11047363 0.029418945
vn -0 1 0
vn -0 1 0
vn -0 1 0
vn -0 1 0
vn -0 1 0
vn -0 1 0
vn -0 -1 9.5367526E-05
vn -0 -1 0
vn -0 -1 9.5367526E-05
vn -0 -1 9.5367526E-05
vn -0 -1 0
vn -0 -1 0
vn -0 -1 0
vn -0 -1 0
vn -0 -1 0
vn -0 -1 0
vn -0 -1 0
vn -0 -1 0
vn -0 -1 0
vn -0 -1 0
vn 0.9999968 0 -0.0025272311
vn 0.99997723 0 -0.0067472598
vn 0.99997723 0 -0.0067472598
vn 0.9999968 0 -0.0025272311
vn 0.9922671 0 0.124121316
vn 0.9922671 0 0.124121316
vn 0.78430647 0 0.6203736
vn 0.78430647 0 0.6203736
vn 0.3828193 0 0.92382324
vn 0.3828193 0 0.92382324
vn 0.25026956 0 0.96817625
vn 0.25026956 0 0.96817625
vn 0.45449448 0 0.8907496
vn 0.45449448 0 0.8907496
vn -0.98162764 0 0.19080658
vn -0.99856144 0 0.053620353
vn -0.98162764 0 0.19080658
vn -0.99856144 0 0.053620353
vn -0.99272525 0 -0.12040141
vn -0.99272525 0 -0.12040141
vn -0.74355775 0 -0.66867167
vn -0.74355775 0 -0.66867167
vn -0.30355394 0 -0.9528142
vn -0.30355394 0 -0.9528142
vn 0.20280783 0 -0.97921854
vn 0.20280783 0 -0.97921854
vn 0.5053912 0 -0.8628903
vn 0.5053912 0 -0.8628903
vn -0 1 9.5367526E-05
vn -0 1 9.5367526E-05
vn -0 1 0
vn -0 1 9.5367526E-05
vn -0 1 0
vn -0 1 0
vn -0 1 0
vn -0 1 0
vn -0 1 0
vn -0 1 0
vn -0 1 0
vn -0 1 0
vn -0 1 0
vn -0 1 0
vn -0.7539083 -0.65477324 -0.053797264
vn -0.7548599 -0.65588605 0
vn -0.0023603395 -0.99999726 0
vn -0.040817186 -0.99907327 -0.013660613
vn 0.7546377 -0.65614164 0
vn -0.6953419 -0.6527488 -0.30069694
vn 0.75261205 -0.65517086 0.06577413
vn -9.536729E-05 -0.9968803 -0.07892836
vn 0.2890115 -0.51674926 -0.80588
vn 0.73032707 -0.6548375 0.19444911
vn 0.75337875 0.6543397 0.065269314
vn 0.754854 0.65589285 0
vn -0.0023603395 0.99999726 0
vn -0.03945833 0.9991302 -0.013491531
vn -0.75462157 0.65616024 0
vn 0.733233 0.65212893 0.1926066
vn -0.7531829 0.65567636 -0.05295463
vn -0.0005960459 0.99707747 -0.076395206
vn 0.28877202 0.5166461 -0.806032
vn -0.69556224 0.6555079 -0.2941131
vn -0 1 0
vn -0 1 0
vn -0 1 0
vn -0 1 0
vn -0 1 0
vn -0 1 0
vn -0.35348174 0.9354415 0
vn -0 1 0
vn -0 1 0
vn -0.2503618 0.9681523 0
vn -0.7001107 0.7140343 0
vn -0.70013773 0.71400774 0
vn -0.0033616864 0.00012516917 -0.9999944
vn -0.002455705 0.0010549994 -0.9999964
vn -0.0026941232 0 -0.9999964
vn -0.0026225953 0.0014305066 -0.9999956
vn -0.0040530856 -0.00054835866 -0.99999166
vn -1 0 0
vn -1 0 0
vn -0.97068936 0.050335705 0.23500724
vn -0.963895 0.0557776 0.26037493
vn -0.94737 0.30860573 0.085162215
vn -0.9474507 0.3084955 0.084662355
vn -0.953964 0.29262415 0.06575609
vn -0.9533883 0.29214025 0.07553101
vn -0.3057055 0.28586277 0.90819955
vn -0.270294 0.290041 0.9180509
vn 0.2753796 0.28955385 0.9166922
vn 0.24780753 0.28635314 0.9255233
vn 0.97429454 0.22164518 -0.040292617
vn 0.9740879 0.22125953 -0.04687333
vn 0.97573495 0.18007883 -0.12455076
vn 0.97401446 0.19748272 -0.11088884
vn 0.9834606 0.13454068 -0.12126065
vn 0.9827344 0.13605909 -0.12538393
vn 0.98169005 0.14060758 -0.12850782
vn -0 0.7538197 0.6570814
vn 0.0010013566 0.7539858 0.65689
vn 0.0009298355 0.7539833 0.65689296
vn 0.001192091 0.75398564 0.65688986
vn 0.0012636221 0.753983 0.6568927
vn 0.06737709 -0.9973348 -0.027990343
vn 0.016105162 -0.99217814 -0.12378682
vn -0.058019236 -0.99733007 -0.04434591
vn -0.11534681 -0.9921663 0.04796978
vn 0.099075094 -0.9921874 0.07581731
vn -0.009441367 -0.9973339 0.07235998
vn 0.06728177 -0.99734133 -0.02799036
vn 0.016117081 -0.992178 -0.12378683
vn -0.057935573 -0.9973264 -0.044536486
vn -0.11518026 -0.99218106 0.04806529
vn 0.09908643 -0.9921936 0.075721495
vn -0.009441384 -0.9973356 0.072336264
vn 0.10607232 -0.99326867 -0.046539266
vn 0.02031327 -0.9827498 -0.1838208
vn -0.09334098 -0.9932768 -0.068473905
vn -0.16922937 -0.98275465 0.07452959
vn 0.14891611 -0.9827545 0.10962477
vn -0.0127315605 -0.9932823 0.1150132
vn -0.058019236 0.99733007 -0.04434591
vn 0.016105162 0.99217814 -0.12378682
vn 0.06737709 0.9973348 -0.027990343
vn -0.11534681 0.9921663 0.04796978
vn 0.099075094 0.9921874 0.07581731
vn -0.009441367 0.9973339 0.07235998
vn -0.057935573 0.9973264 -0.044536486
vn 0.016117081 0.992178 -0.12378683
vn 0.06728177 0.99734133 -0.02799036
vn -0.11518026 0.99218106 0.04806529
vn 0.09908643 0.9921936 0.075721495
vn -0.009441384 0.9973356 0.072336264
vn -0.09334098 0.9932768 -0.068473905
vn 0.02031327 0.9827498 -0.1838208
vn 0.10607232 0.99326867 -0.046539266
vn -0.16922937 0.98275465 0.07452959
vn 0.14891611 0.9827545 0.10962477
vn -0.0127315605 0.9932823 0.1150132
vn -0 -1 0
vn -0 -1 0
vn -0 -1 0
vn -0 -1 0
vn -0 -1 0
vn -0 -1 0
vn -0 -1 0
vn -0 -1 0
vn -0 -1 0
vn -0 -1 0
vn -0 -1 0
vn -0 -1 0
vn -0 -1 0
vn -0 -1 0
vn -0 -1 0
vn -0 -1 0
vn -0 -1 0
vn -0 -1 0
vn -0 -1 0
vn -0 -1 0
vn -0.3648516 -0.3843542 -0.8480302
vn -0.34806687 -0.46530905 -0.8138408
vn -0.34825698 -0.46452743 -0.8142059
vn -0.36554205 -0.38206443 -0.84876716
vn 0.32582566 -0.67253697 -0.6644784
vn 0.3254662 -0.6724557 -0.6647368
vn 0.3254662 -0.6724557 -0.6647368
vn 0.32575047 -0.67239237 -0.66466165
vn 0.32331458 -0.3105584 0.89387983
vn 0.31371054 -0.3762536 0.8717907
vn 0.31371096 -0.37545535 0.87213457
vn 0.32341215 -0.30908024 0.8943567
vn 0.716818 -0.6518857 -0.24742094
vn 0.7168353 -0.6519254 -0.247266
vn 0.7168353 -0.6519254 -0.247266
vn 0.716818 -0.6518857 -0.24742094
vn -0.81591827 -0.5597666 0.14470258
vn -0.82025975 -0.5535156 0.1442023
vn -0.7844193 -0.6025837 0.14689831
vn -0.781512 -0.6063101 0.14706099
vn 0.2880629 -0.350445 0.8911835
vn 0.28873134 -0.35762247 0.88811064
vn 0.2844319 -0.31737524 0.9046389
vn 0.28390852 -0.31318033 0.9062637
vn -0.39378265 -0.2905954 0.8720605
vn -0.7784213 -0.22196756 0.5871889
vn -0.7782773 -0.2219924 0.5873703
vn -0.3431869 -0.29640898 0.8912713
vn 0.29498586 -0.3233606 0.89912254
vn 0.27590075 -0.32257414 0.90544164
vn 0.820833 -0.28690085 0.4938838
vn 0.8440969 -0.29433957 0.44817916
vn 0.9584323 -0.26271385 0.11130589
vn 0.9568294 -0.27259648 0.100839354
vn -0.61825556 -0.5435292 0.5677466
vn -0.6182431 -0.54346913 0.56781757
vn -0.61767364 -0.5444431 0.5675042
vn -0.617767 -0.54450685 0.5673414
vn 0.78284276 -0.37902537 -0.4934542
vn 0.7827784 -0.37907955 -0.49351448
vn 0.8022058 -0.39266887 -0.44975212
vn 0.81251156 -0.39946982 -0.42455736
vn 0.48865977 -0.53657293 0.6879688
vn 0.45129147 -0.51604605 0.7280333
vn -0.73499423 -0.3690126 0.5688701
vn -0.72445595 -0.36944166 0.58195907
vn -0.78061616 -0.35582092 0.5138384
vn -0.78053814 -0.35616174 0.51372075
vn 0.7821139 -0.37727338 -0.4959462
vn 0.78225166 -0.37723792 -0.49575582
vn 0.8014499 -0.39104813 -0.45250353
vn 0.8119158 -0.39794478 -0.42712125
vn 0.48797455 -0.5388501 0.6866742
vn 0.4501397 -0.51840484 0.72707003
vn -0.7417312 -0.36793378 0.56076694
vn -0.7308765 -0.368392 0.5745493
vn -0.78945696 -0.34717894 0.5061861
vn -0.7893971 -0.34722316 0.5062493
vn 0.7793678 -0.39119783 -0.48943838
vn 0.7791885 -0.39176387 -0.48927122
vn 0.80342627 -0.39265102 -0.4475841
vn 0.81391805 -0.39899287 -0.42230573
vn 0.48872197 -0.53726995 0.68738043
vn 0.45043093 -0.516832 0.7280087
vn -0.73871994 -0.36900085 0.5640312
vn -0.7277778 -0.37038285 0.5771969
vn -0.7790755 -0.36982942 0.50622886
vn -0.7788244 -0.37074104 0.50594825
vn -0 1 0
vn -0 1 0
vn -0 1 0
vn -0 1 0
vn -0 1 0
vn -0 1 0
vn -0 1 0
vn -0 1 0
vn -0 1 0
vn -0 1 0
vn -0 1 0
vn -0.34825698 0.46452743 -0.8142059
vn -0.34806687 0.46530905 -0.8138408
vn -0.3648516 0.3843542 -0.8480302
vn -0.36554205 0.38206443 -0.84876716
vn 0.32582566 0.67253697 -0.6644784
vn 0.32575047 0.67239237 -0.66466165
vn 0.3254662 0.6724557 -0.6647368
vn 0.3254662 0.6724557 -0.6647368
vn 0.31371096 0.37545535 0.87213457
vn 0.31371054 0.3762536 0.8717907
vn 0.32331458 0.3105584 0.89387983
vn 0.32341215 0.30908024 0.8943567
vn 0.7168353 0.6519254 -0.247266
vn 0.7168353 0.6519254 -0.247266
vn 0.716818 0.6518857 -0.24742094
vn 0.716818 0.6518857 -0.24742094
vn -0.81591827 0.5597666 0.14470258
vn -0.781512 0.6063101 0.14706099
vn -0.7844193 0.6025837 0.14689831
vn -0.82025975 0.5535156 0.1442023
vn 0.2880629 0.350445 0.8911835
vn 0.28390852 0.31318033 0.9062637
vn 0.2844319 0.31737524 0.9046389
vn 0.28873134 0.35762247 0.88811064
vn -0.7782773 0.2219924 0.5873703
vn -0.7784213 0.22196756 0.5871889
vn -0.39378265 0.2905954 0.8720605
vn -0.3431869 0.29640898 0.8912713
vn 0.29498586 0.3233606 0.89912254
vn 0.27590075 0.32257414 0.90544164
vn 0.820833 0.28690085 0.4938838
vn 0.8440969 0.29433957 0.44817916
vn 0.9584323 0.26271385 0.11130589
vn 0.9568294 0.27259648 0.100839354
vn -0.61825556 0.5435292 0.5677466
vn -0.617767 0.54450685 0.5673414
vn -0.61767364 0.5444431 0.5675042
vn -0.6182431 0.54346913 0.56781757
vn 0.78284276 0.37902537 -0.4934542
vn 0.8022058 0.39266887 -0.44975212
vn 0.7827784 0.37907955 -0.49351448
vn 0.81251353 0.3994648 -0.42455834
vn 0.48865977 0.53657293 0.6879688
vn 0.45129004 0.51605046 0.72803104
vn -0.73499423 0.3690126 0.5688701
vn -0.72445756 0.36943647 0.5819603
vn -0.78061616 0.35582092 0.5138384
vn -0.7805398 0.35615656 0.5137218
vn 0.7821139 0.37727338 -0.4959462
vn 0.8014499 0.39104813 -0.45250353
vn 0.78225166 0.37723792 -0.49575582
vn 0.81191397 0.39794984 -0.42712033
vn 0.48797455 0.5388501 0.6866742
vn 0.4501397 0.51840484 0.72707003
vn -0.7417312 0.36793378 0.56076694
vn -0.7308765 0.368392 0.5745493
vn -0.78945696 0.34717894 0.5061861
vn -0.78939545 0.34722838 0.5062483
vn 0.7793678 0.39119783 -0.48943838
vn 0.80342627 0.39265102 -0.4475841
vn 0.7791885 0.39176387 -0.48927122
vn 0.81391996 0.39898786 -0.42230672
vn 0.48872197 0.53726995 0.68738043
vn 0.45043093 0.516832 0.7280087
vn -0.73871994 0.36900085 0.5640312
vn -0.7277778 0.37038285 0.5771969
vn -0.7790755 0.36982942 0.50622886
vn -0.7788262 0.3707359 0.5059494
vn -0 -1 0
vn -0 -1 0
vn -0 -1 0
vn -0 -1 0
vn -0 -1 0
vn -0 -1 0
vn -0 -1 0
vn -0 -1 0
vn -0 1 0
vn -0 1 0
vn -0 1 0
vn -0 1 0
vn -0 1 0
vn -0 1 0
vn -0 1 0
vn -0 1 0
vn -0 1 0
vn -0 1 0
vn -0 1 0
vn -0 1 0
vn 0.99997723 0 -0.0067472598
vn -0 -1 0
vn -0 -1 9.5367526E-05
vn 0.9999968 0 -0.0025272311
vn -0 -1 0
vn 0.9922671 0 0.124121316
vn -0 -1 0
vn 0.78430647 0 0.6203736
vn -0 -1 0
vn 0.3828193 0 0.92382324
vn -0 -1 0
vn 0.25026956 0 0.96817625
vn -0 -1 0
vn 0.45449448 0 0.8907496
vn -0.99856144 0 0.053620353
vn -0 -1 9.5367526E-05
vn -0.98162764 0 0.19080658
vn -0 -1 9.5367526E-05
vn -0.99272525 0 -0.12040141
vn -0 -1 0
vn -0.74355775 0 -0.66867167
vn -0 -1 0
vn -0.30355394 0 -0.9528142
vn -0 -1 0
vn 0.20280783 0 -0.97921854
vn -0 -1 0
vn 0.5053912 0 -0.8628903
vn -0 -1 0
vn -0.98162764 0 0.19080658
vn -0 1 9.5367526E-05
vn -0 1 9.5367526E-05
vn -0.99856144 0 0.053620353
vn -0 1 0
vn -0.99272525 0 -0.12040141
vn -0 1 0
vn -0.74355775 0 -0.66867167
vn -0 1 0
vn -0.30355394 0 -0.9528142
vn -0 1 0
vn 0.20280783 0 -0.97921854
vn -0 1 0
vn 0.5053912 0 -0.8628903
vn 0.9999968 0 -0.0025272311
vn -0 1 0
vn 0.99997723 0 -0.0067472598
vn -0 1 9.5367526E-05
vn 0.9922671 0 0.124121316
vn -0 1 0
vn 0.78430647 0 0.6203736
vn -0 1 0
vn 0.3828193 0 0.92382324
vn -0 1 0
vn 0.25026956 0 0.96817625
vn -0 1 0
vn 0.45449448 0 0.8907496
vn -0 1 0
vn -0.7844193 -0.6025837 0.14689831
vn -0.34806687 -0.46530905 -0.8138408
vn -0.781512 -0.6063101 0.14706099
vn -0.34825698 -0.46452743 -0.8142059
vn -0 -1 0
vn -0.82025975 -0.5535156 0.1442023
vn -0 -1 0
vn -0 -1 0
vn -0.36554205 -0.38206443 -0.84876716
vn -0.61767364 -0.5444431 0.5675042
vn -0.81591827 -0.5597666 0.14470258
vn -0.617767 -0.54450685 0.5673414
vn -0.6182431 -0.54346913 0.56781757
vn -0 -1 0
vn 0.3254662 -0.6724557 -0.6647368
vn -0 -1 0
vn 0.32582566 -0.67253697 -0.6644784
vn -0.3648516 -0.3843542 -0.8480302
vn 0.3254662 -0.6724557 -0.6647368
vn 0.2844319 -0.31737524 0.9046389
vn -0.61825556 -0.5435292 0.5677466
vn 0.28390852 -0.31318033 0.9062637
vn 0.28873134 -0.35762247 0.88811064
vn -0 -1 0
vn 0.7168353 -0.6519254 -0.247266
vn -0 -1 0
vn 0.7168353 -0.6519254 -0.247266
vn 0.32575047 -0.67239237 -0.66466165
vn 0.716818 -0.6518857 -0.24742094
vn 0.9584323 -0.26271385 0.11130589
vn 0.2880629 -0.350445 0.8911835
vn 0.9568294 -0.27259648 0.100839354
vn 0.820833 -0.28690085 0.4938838
vn -0 -1 0
vn 0.27590075 -0.32257414 0.90544164
vn -0 -1 0
vn -0.3431869 -0.29640898 0.8912713
vn -0 -1 0
vn -0.7782773 -0.2219924 0.5873703
vn -0 -1 0
vn 0.31371096 -0.37545535 0.87213457
vn 0.31371054 -0.3762536 0.8717907
vn 0.716818 -0.6518857 -0.24742094
vn 0.32341215 -0.30908024 0.8943567
vn -0.7784213 -0.22196756 0.5871889
vn 0.32331458 -0.3105584 0.89387983
vn 0.3254662 0.6724557 -0.6647368
vn -0.3648516 0.3843542 -0.8480302
vn 0.32582566 0.67253697 -0.6644784
vn -0.36554205 0.38206443 -0.84876716
vn -0 1 0
vn 0.3254662 0.6724557 -0.6647368
vn -0 1 0
vn -0 1 0
vn -0.34825698 0.46452743 -0.8142059
vn 0.7168353 0.6519254 -0.247266
vn 0.32575047 0.67239237 -0.66466165
vn 0.7168353 0.6519254 -0.247266
vn 0.716818 0.6518857 -0.24742094
vn -0 1 0
vn -0.7844193 0.6025837 0.14689831
vn -0 1 0
vn -0.781512 0.6063101 0.14706099
vn -0.34806687 0.46530905 -0.8138408
vn -0.82025975 0.5535156 0.1442023
vn 0.31371096 0.37545535 0.87213457
vn 0.716818 0.6518857 -0.24742094
vn 0.31371054 0.3762536 0.8717907
vn 0.32341215 0.30908024 0.8943567
vn -0 1 0
vn -0.61767364 0.5444431 0.5675042
vn -0 1 0
vn -0.617767 0.54450685 0.5673414
vn -0.81591827 0.5597666 0.14470258
vn -0.6182431 0.54346913 0.56781757
vn -0.7782773 0.2219924 0.5873703
vn 0.32331458 0.3105584 0.89387983
vn -0.7784213 0.22196756 0.5871889
vn -0.3431869 0.29640898 0.8912713
vn -0 1 0
vn 0.27590075 0.32257414 0.90544164
vn -0 1 0
vn 0.820833 0.28690085 0.4938838
vn -0 1 0
vn 0.9584323 0.26271385 0.11130589
vn -0 1 0
vn 0.2844319 0.31737524 0.9046389
vn 0.28390852 0.31318033 0.9062637
vn -0.61825556 0.5435292 0.5677466
vn 0.28873134 0.35762247 0.88811064
vn 0.9568294 0.27259648 0.100839354
vn 0.2880629 0.350445 0.8911835
vn -0 -1 0
vn -0 -1 0
vn -0 -1 0
vn -0 -1 0
vn -0 -1 0
vn -0 -1 0
vn -0 -1 0
vn -0 -1 0
vn -0 -1 0
vn -0 -1 0
vn -0 -1 0
vn 0.14588763 0 -0.98930115
vn 0.14588763 0 -0.98930115
vn 0.1458602 0 -0.98930526
vn 0.1458602 0 -0.98930526
vn 0.0005066399 0 0.9999999
vn 0.0005066399 0 0.9999999
vn 0.0005006794 0 0.9999999
vn 0.0005006794 0 0.9999999
vn 0.78183544 0 -0.6234848
vn 0.78183544 0 -0.6234848
vn 0.78187406 0 -0.6234364
vn 0.78187406 0 -0.6234364
vn -0.5354434 0 0.8445711
vn -0.5354434 0 0.8445711
vn -0.5354442 0 0.8445705
vn -0.5354442 0 0.8445705
vn 0.98933965 0 -0.14562626
vn 0.98933965 0 -0.14562626
vn 0.98933965 0 -0.14562622
vn 0.98933965 0 -0.14562622
vn 0.46883333 0 0.88328665
vn 0.46883333 0 0.88328665
vn 0.46883318 0 0.8832868
vn 0.46883318 0 0.8832868
vn 0.67212796 0 0.74043506
vn 0.67212796 0 0.74043506
vn 0.67212796 0 0.74043506
vn 0.67212796 0 0.74043506
vn -0 0 -1
vn -0 0 -1
vn -0 0 -1
vn -0 0 -1
vn 0.88716274 0 0.46145672
vn 0.88716274 0 0.46145672
vn 0.887175 0 0.4614331
vn 0.887175 0 0.4614331
vn -1 0 0
vn -1 0 0
vn -1 0 0
vn -1 0 0
vn 0.99899715 0 0.04477502
vn 0.99899715 0 0.04477502
vn 0.99899715 0 0.04477502
vn 0.99899715 0 0.04477502
vn -0 1 0
vn -0 1 0
vn -0 1 0
vn -0 1 0
vn -0 1 0
vn -0 1 0
vn -0 1 0
vn -0 1 0
vn -0 1 0
vn -0 1 0
vn -0 1 0
vn -0 -1 0
vn -0 -1 0
vn -0 -1 0
vn -0 -1 0
vn -0 -1 0
vn -0 -1 0
vn -0 -1 0
vn -0 -1 0
vn -0 -1 0
vn -0 -1 0
vn -0.15280294 -0.9147314 -0.374056
vn -0.13752015 -0.9414157 -0.30793616
vn -0.13711397 -0.9418569 -0.306766
vn -0.12817305 -0.9218996 -0.36561275
vn 0.100517355 -0.9473748 -0.30393624
vn 0.09679833 -0.94322336 -0.31774166
vn 0.10143478 -0.9446225 0.31208867
vn 0.14605461 -0.95477897 0.2589692
vn 0.14477964 -0.95761985 0.24900429
vn 0.09646397 -0.94340265 0.3173107
vn -0.046038613 -0.95118254 0.3051757
vn -0.041150793 -0.95422864 0.29623327
vn -0.017538588 -0.9537177 0.30019146
vn 0.021417448 -0.9551112 0.2954723
vn 0.17235875 -0.9601712 0.2199173
vn 0.174555 -0.9608974 0.21495795
vn 0.14401622 -0.9452249 0.29293194
vn 0.15161669 -0.94486696 0.29023954
vn 0.09613059 -0.96255165 0.2534824
vn 0.09546297 -0.9631949 0.2512817
vn 0.33307204 0 0.9429014
vn 0.5028167 0 0.86439306
vn 0.5028167 0 0.86439306
vn 0.33307204 0 0.9429014
vn -0.16866389 0 0.9856736
vn -0.16866389 0 0.9856736
vn 0.022092357 0 0.9997559
vn 0.022092357 0 0.9997559
vn 0.62358665 0 0.7817542
vn 0.62358665 0 0.7817542
vn 0.4472136 0 0.8944272
vn 0.4472136 0 0.8944272
vn 0.35452756 0 0.9350456
vn 0.35452756 0 0.9350456
vn -0 1 0
vn -0 1 0
vn -0 1 0
vn -0 1 0
vn -0 1 0
vn -0 1 0
vn -0 1 0
vn -0 1 0
vn -0 1 0
vn -0 1 0
vn -0.15280294 0.9147314 -0.374056
vn -0.13711397 0.9418569 -0.306766
vn -0.13752015 0.9414157 -0.30793616
vn -0.12817305 0.9218996 -0.36561275
vn 0.100517355 0.9473748 -0.30393624
vn 0.09679833 0.94322336 -0.31774166
vn 0.10143478 0.9446225 0.31208867
vn 0.14477964 0.95761985 0.24900429
vn 0.14605461 0.95477897 0.2589692
vn 0.09646397 0.94340265 0.3173107
vn -0.046038613 0.95118254 0.3051757
vn -0.041150793 0.95422864 0.29623327
vn -0.017538588 0.9537177 0.30019146
vn 0.021417448 0.9551112 0.2954723
vn 0.17235875 0.9601712 0.2199173
vn 0.174555 0.9608974 0.21495795
vn 0.14401622 0.9452249 0.29293194
vn 0.15161669 0.94486696 0.29023954
vn 0.09613059 0.96255165 0.2534824
vn 0.09546297 0.9631949 0.2512817
vn -0.40144786 0 -0.9158819
vn -0.40144786 0 -0.9158819
vn -0.36626306 0 -0.93051136
vn -0.36626306 0 -0.93051136
vn 0.377081 0 -0.92618024
vn 0.377081 0 -0.92618024
vn -0 -1 0
vn -0.13711397 -0.9418569 -0.306766
vn -0 -1 0
vn -0.15280294 -0.9147314 -0.374056
vn -0 -1 0
vn 0.09679833 -0.94322336 -0.31774166
vn -0 -1 0
vn 0.09613059 -0.96255165 0.2534824
vn -0 -1 0
vn 0.15161669 -0.94486696 0.29023954
vn -0 -1 0
vn 0.17235875 -0.9601712 0.2199173
vn -0 -1 0
vn -0.017538588 -0.9537177 0.30019146
vn -0 -1 0
vn -0.041150793 -0.95422864 0.29623327
vn -0 -1 0
vn 0.09646397 -0.94340265 0.3173107
vn -0 -1 0
vn 0.14605461 -0.95477897 0.2589692
vn -0 1 0
vn -0.13711397 0.9418569 -0.306766
vn -0.15280294 0.9147314 -0.374056
vn -0 1 0
vn 0.09679833 0.94322336 -0.31774166
vn -0 1 0
vn 0.09613059 0.96255165 0.2534824
vn -0 1 0
vn 0.15161669 0.94486696 0.29023954
vn -0 1 0
vn 0.17235875 0.9601712 0.2199173
vn -0 1 0
vn -0.017538588 0.9537177 0.30019146
vn -0 1 0
vn -0.041150793 0.95422864 0.29623327
vn -0 1 0
vn 0.09646397 0.94340265 0.3173107
vn -0 1 0
vn 0.14605461 0.95477897 0.2589692
vn -0 1 0
vn -0 -1 0
vn -0 -1 0
vn -0 -1 0
vn -0 -1 0
vn -0 -1 0
vn -0 -1 0
vn 0.0003337863 -0.9999999 -0.0003337863
vn -0.00016689318 -1 -0.00038147013
vn 0.0008344653 -0.9999994 -0.0006794932
vn -0.00016689312 -0.99999976 -0.0006675725
vn 0.0037908538 -0.9999926 -0.0006675717
vn -0 -1 0
vn -0 -1 0
vn -0 -1 0
vn 8.344659E-05 -1 0
vn -8.344659E-05 -1 0
vn 0.3821503 -0.91613185 -0.12109314
vn 0.3235349 -0.9327856 -0.15885876
vn 0.3193358 -0.9344578 -0.15752214
vn 0.38517714 -0.9173155 -0.10085105
vn 0.31400892 -0.9110146 0.26730278
vn 0.28461313 -0.89847153 0.33428186
vn 0.43334934 -0.8958095 0.09866052
vn 0.38273513 -0.90827173 0.16898593
vn 0.45435435 -0.86632985 -0.20744804
vn 0.50196636 -0.8500455 -0.15953776
vn 0.33019906 -0.8949074 -0.300182
vn 0.33053312 -0.89495593 -0.29966965
vn 0.28349134 -0.9145311 -0.28855774
vn 0.30449623 -0.9175597 -0.25566813
vn 0.36451766 -0.93119615 0.00076293846
vn 0.37084886 -0.9286898 0.0025272416
vn 0.29326653 -0.92883635 0.2264021
vn 0.27623254 -0.9314503 0.23684569
vn 0.26999602 -0.94333506 0.19292754
vn 0.2604716 -0.9516215 0.16300635
vn 0.25895846 -0.9656852 0.019812593
vn 0.27126056 -0.9622986 0.019979466
vn 0.47432104 -0.8803353 0.0054359343
vn 0.47693303 -0.8789251 0.0050544785
vn 0.0001668892 0 1
vn 0.0001668892 0 1
vn 0.0001668892 0 1
vn 0.00026225444 0 1
vn 0.0001668892 0 1
vn 0.00026225444 0 1
vn 0.0001668892 0 1
vn 0.0001668892 0 1
vn -0.9342118 0 -0.356719
vn -0.23410332 0 -0.9722118
vn -0.23410332 0 -0.9722118
vn -0.78460777 0 -0.6199925
vn -0.8563802 0 -0.51634586
vn -0.9488513 0 -0.3157235
vn -0.87490183 0 -0.48430026
vn -0.649113 0 -0.76069194
vn -0.78460777 0 -0.6199925
vn -0.23410332 0 -0.9722118
vn -0.23410332 0 -0.9722118
vn -0.649113 0 -0.76069194
vn -0.649113 0 -0.76069194
vn -0.649113 0 -0.76069194
vn -0.649113 0 -0.76069194
vn -0.649113 0 -0.76069194
vn -0 1 0
vn -0.81758654 0.5758058 0
vn -0 1 0
vn -0.85485476 0.5188674 0
vn -0.8548574 -0.518863 0
vn -0.8175907 -0.5757998 0
vn -0 -1 0
vn -0 -1 0
vn 0.6297629 0 0.7767874
vn 0.6297629 0 0.7767874
vn 0.6297629 0 0.7767874
vn 0.6297629 0 0.7767874
vn -0 1 0
vn -0 1 0
vn -0 1 0
vn -0 1 0
vn -0 1 0
vn -0 1 0
vn 0.0003337863 0.9999999 -0.0003337863
vn -0.00016689318 1 -0.00038147013
vn 0.0008344653 0.9999994 -0.0006794932
vn -0.00016689312 0.99999976 -0.0006675725
vn 0.0037908538 0.9999926 -0.0006675717
vn -0 1 0
vn -0 1 0
vn -0 1 0
vn 8.344659E-05 1 0
vn -8.344659E-05 1 0
vn 0.3235349 0.9327856 -0.15885876
vn 0.3821503 0.91613185 -0.12109314
vn 0.3193358 0.9344578 -0.15752214
vn 0.38517714 0.9173155 -0.10085105
vn 0.31400892 0.9110146 0.26730278
vn 0.28461313 0.89847153 0.33428186
vn 0.43334934 0.8958095 0.09866052
vn 0.38273513 0.90827173 0.16898593
vn 0.45435435 0.86632985 -0.20744804
vn 0.50196636 0.8500455 -0.15953776
vn 0.33019906 0.8949074 -0.300182
vn 0.33053312 0.89495593 -0.29966965
vn 0.28349134 0.9145311 -0.28855774
vn 0.30449623 0.9175597 -0.25566813
vn 0.36451766 0.93119615 0.00076293846
vn 0.37084886 0.9286898 0.0025272416
vn 0.29326653 0.92883635 0.2264021
vn 0.27623254 0.9314503 0.23684569
vn 0.26999602 0.94333506 0.19292754
vn 0.2604716 0.9516215 0.16300635
vn 0.25895846 0.9656852 0.019812593
vn 0.27126056 0.9622986 0.019979466
vn 0.47432104 0.8803353 0.0054359343
vn 0.47693303 0.8789251 0.0050544785
vn 0.9056598 0 -0.424005
vn 0.9056598 0 -0.424005
vn 0.9592772 0 -0.2824664
vn 0.9592772 0 -0.2824664
vn 0.6987943 0 0.71532273
vn 0.6987943 0 0.71532273
vn 0.9446004 0 0.32822233
vn 0.9446004 0 0.32822233
vn 0.9363949 0 -0.35094842
vn 0.9363949 0 -0.35094842
vn 0.72954947 0 -0.6839281
vn 0.72954947 0 -0.6839281
vn 0.7483267 0 -0.6633302
vn 0.7483267 0 -0.6633302
vn 0.99999917 0 0.001358986
vn 0.99999917 0 0.001358986
vn 0.8035365 0 0.59525555
vn 0.8035365 0 0.59525555
vn 0.8427374 0 0.5383248
vn 0.8427374 0 0.5383248
vn 0.99994624 0 0.010371154
vn 0.99994445 0 0.010538154
vn 1 0 -0.00038147013
vn 1 0 -0.00038147013
vn 0.99999976 0 -0.0006675725
vn 0.99999976 0 -0.0006675725
vn 0.3193358 -0.9344578 -0.15752214
vn -0 -1 0
vn -0 -1 0
vn 0.3821503 -0.91613185 -0.12109314
vn -0 -1 0
vn 0.28461313 -0.89847153 0.33428186
vn -0 -1 0
vn 0.38273513 -0.90827173 0.16898593
vn 0.0008344653 -0.9999994 -0.0006794932
vn 0.45435435 -0.86632985 -0.20744804
vn -0 -1 0
vn 0.33053312 -0.89495593 -0.29966965
vn -0 -1 0
vn 0.28349134 -0.9145311 -0.28855774
vn -8.344659E-05 -1 0
vn 0.36451766 -0.93119615 0.00076293846
vn 8.344659E-05 -1 0
vn 0.27623254 -0.9314503 0.23684569
vn -0 -1 0
vn 0.2604716 -0.9516215 0.16300635
vn 0.0037908538 -0.9999926 -0.0006675717
vn 0.27126056 -0.9622986 0.019979466
vn 0.47693303 -0.8789251 0.0050544785
vn -0.00016689312 -0.99999976 -0.0006675725
vn 0.6297629 0 0.7767874
vn 0.6297629 0 0.7767874
vn 0.47432104 -0.8803353 0.0054359343
vn 0.00026225444 0 1
vn -0.00016689318 -1 -0.00038147013
vn 0.0001668892 0 1
vn 0.6297629 0 0.7767874
vn 0.00026225444 0 1
vn 0.47693303 0.8789251 0.0050544785
vn 0.47432104 0.8803353 0.0054359343
vn 0.6297629 0 0.7767874
vn -0.00016689312 0.99999976 -0.0006675725
vn 0.0001668892 0 1
vn -0.00016689318 1 -0.00038147013
vn 0.27126056 0.9622986 0.019979466
vn 0.0037908538 0.9999926 -0.0006675717
vn -0 1 0
vn 0.2604716 0.9516215 0.16300635
vn 8.344659E-05 1 0
vn 0.27623254 0.9314503 0.23684569
vn -8.344659E-05 1 0
vn 0.36451766 0.93119615 0.00076293846
vn -0 1 0
vn 0.28349134 0.9145311 -0.28855774
vn -0 1 0
vn 0.33053312 0.89495593 -0.29966965
vn 0.0008344653 0.9999994 -0.0006794932
vn 0.45435435 0.86632985 -0.20744804
vn -0 1 0
vn 0.38273513 0.90827173 0.16898593
vn -0 1 0
vn 0.28461313 0.89847153 0.33428186
vn -0 1 0
vn 0.3821503 0.91613185 -0.12109314
vn -0 1 0
vn 0.3193358 0.9344578 -0.15752214
vn -0 -1 0
vn -0 -1 0
vn -0 -1 0
vn -0 -1 0
vn -0 -1 0
vn -0 -1 0
vn -0 -1 0
vn -0 -1 0
vn -0 -1 0
vn -0 -1 0
vn -0 -1 0
vn -0 -1 0
vn -0 -1 0
vn -0 -1 0
vn -0 -1 0
vn -0 -1 0
vn -0 -1 0
vn -0 -1 0
vn -0 -1 0
vn -0 -1 0
vn -0 -1 0
vn -0 1 0
vn -0 1 0
vn -0 1 0
vn -0 1 0
vn -0 1 0
vn -0 1 0
vn -0 1 0
vn -0 1 0
vn -0 1 0
vn -0 1 0
vn -0 1 0
vn -0 1 0
vn -0 1 0
vn -0 1 0
vn -0 1 0
vn -0 1 0
vn -0 1 0
vn -0 1 0
vn -0 1 0
vn -0 1 0
vn -0 1 0
vn -0 -1 0
vn -0 -1 0
vn -0 -1 0
vn -0 -1 0
vn -0 -1 0
vn -0 -1 0
vn -0 -1 0
vn -0 -1 0
vn -0 -1 0
vn -0 -1 0
vn -0 1 0
vn -0 1 0
vn -0 1 0
vn -0 1 0
vn -0 1 0
vn -0 -1 0
vn -0 -1 0
vn -0 -1 0
vn -0 -1 0
vn -0.3362662 -0.94176704 0
vn -0.3362662 -0.94176704 0
vn -0.33626807 -0.94176626 0
vn -0.33626807 -0.94176626 0
vn -1 0 0
vn -1 0 0
vn -1 0 0
vn -1 0 0
vn -0.3362662 -0.94176704 0
vn -0 -1 0
vn -0 -1 0
vn -0.3362662 -0.94176704 0
vn -1 0 0
vn -0.33626807 -0.94176626 0
vn -0.33626807 -0.94176626 0
vn -1 0 0
vn -0 -1 0
vn -0 -1 0
vn -0 -1 0
vn -0 -1 0
vn 0.0003337784 0 -1
vn 0.0001668892 0 -1
vn 0.0001668892 0 -1
vn 0.0003337784 0 -1
vn -0.946462 0.0005900784 -0.32281464
vn -0.93128115 0.00026896433 -0.36430135
vn -0.9464622 0 -0.32281467
vn -0.9483945 0 0.31709307
vn -0.9483945 2.3841589E-05 0.31709307
vn -0 0 1
vn -0 0 1
vn 0.99993455 0 0.011444036
vn 0.99993455 0 0.011444036
vn 0.99993014 0 0.011825592
vn 0.99993014 0 0.011825592
vn 0.5924815 0 0.8055841
vn 0.5924815 0 0.8055841
vn 0.59232765 0 0.8056972
vn 0.59232765 0 0.8056972
vn 0.45661625 -0.8896471 0.0054359077
vn 0.4639592 -0.88584375 0.004768337
vn 0.4637727 -0.8859413 0.004768381
vn 0.45634693 -0.8897876 0.005054494
vn -0 1 0
vn -0 1 0
vn -0 1 0
vn -0 1 0
vn 0.4565959 0.8896598 0.005054479
vn 0.45634693 0.8897876 0.005054494
vn 0.46378452 0.8859351 0.0047683795
vn 0.46396166 0.8858425 0.0047683627
vn -0 -1 0
vn -0 -1 0
vn -0 -1 0
vn -0 -1 0
vn -0 1 0
vn -0 1 0
vn -0 1 0
vn -0 1 0
vn 0.7927136 -0.6093886 0.015830906
vn 0.6829491 -0.7304659 0.00038146923
vn 0.6804715 -0.7327746 0
vn 0.7922841 -0.6095552 0.026988825
vn -0.7528264 -0.6574058 0.03271085
vn -0.7450053 -0.6659283 0.03881428
vn -0.68309665 -0.73032767 -0.0006675756
vn -0.6806659 -0.73259383 -0.00038147235
vn -0.7528275 0.6574187 0.032424793
vn -0.6831429 0.7302844 -0.0006675742
vn -0.6806659 0.73259383 -0.00038147235
vn -0.7449917 0.6659435 0.038814813
vn 0.79145515 0.61076945 0.02365115
vn 0.7942119 0.6075201 0.01211154
vn 0.6829526 0.73045176 0.004005447
vn 0.6804926 0.73274183 0.00438689
vn -0 1 0
vn -0 1 0
vn -0 1 0
vn -0 1 0
vn -0 1 0
vn -0 1 0
vn -0 1 0
vn -0 1 0
vn -0 1 0
vn -0 1 0
vn -0 1 0
vn -0 1 0
vn -0 1 0
vn -0 1 0
vn -0 1 0
vn -0 -1 0
vn -0 -1 0
vn -0 -1 0
vn -0 -1 0
vn -0 -1 0
vn -0 -1 0
vn -0 -1 0
vn -0 -1 0
vn -0 -1 0
vn -0 -1 0
vn -0 -1 0
vn -0 -1 0
vn -0 -1 0
vn -0 -1 0
vn -0 -1 0
vn -0 -1 0
vn -0 -1 0
vn -0 -1 0
vn -0 -1 0
vn -0 -1 0
vn -0 -1 0
vn -0 -1 0
vn -0 -1 0
vn -0 -1 0
vn -0 -1 0
vn -0 -1 0
vn -0 -1 0
vn -0 -1 0
vn -0 -1 0
vn -0 -1 0
vn -0 -1 0
vn -0 1 0
vn -0 1 0
vn -0 1 0
vn -0 1 0
vn -0 1 0
vn -0 1 0
vn -0 1 0
vn -0 1 0
vn -0 1 0
vn -0 1 0
vn -0 1 0
vn -0 1 0
vn -0 1 0
vn -0 1 0
vn -0 1 0
vn -0 1 0
vn -0.20256078 -0.8193507 -0.5363146
vn -0.20239377 -0.8197198 -0.53581357
vn -0.20575501 -0.8108071 -0.5479568
vn -0.20575495 -0.81037176 -0.54860044
vn 0.20372948 -0.8191559 0.53616977
vn 0.20370542 -0.8194351 0.53575194
vn 0.20694596 -0.81053424 0.547912
vn 0.20709164 -0.8101334 0.5484496
vn -0.20256113 -0.8193521 -0.5363125
vn -0.20239343 -0.8197185 -0.5358157
vn -0.20575501 -0.8108071 -0.5479568
vn -0.20589861 -0.8103503 -0.5485782
vn 0.20382416 -0.8191412 0.53615606
vn 0.20370542 -0.8194351 0.53575194
vn 0.20694527 -0.8105317 0.5479162
vn 0.20709164 -0.8101334 0.5484496
vn -0.20256113 -0.8193521 -0.5363125
vn -0.20239414 -0.8197988 -0.5356924
vn -0.2055642 -0.810759 -0.5480997
vn -0.20575495 -0.81037176 -0.54860044
vn 0.20380025 -0.8190693 0.536275
vn 0.20363358 -0.8194457 0.535763
vn 0.20694527 -0.8105317 0.5479162
vn 0.20727955 -0.81009847 0.54843014
vn -0.20244245 -0.81929463 -0.5364451
vn -0.2023941 -0.8197211 -0.5358115
vn -0.2055642 -0.810759 -0.5480997
vn -0.20575495 -0.81037176 -0.54860044
vn 0.20380025 -0.8190693 0.536275
vn 0.20356211 -0.81954134 0.53564394
vn 0.20708953 -0.8105007 0.5479075
vn 0.2070903 -0.81012815 0.54845786
vn -0.20244245 -0.81929463 -0.5364451
vn -0.20237069 -0.8196872 -0.5358723
vn -0.20556627 -0.81080306 -0.5480337
vn -0.20575553 -0.81033826 -0.54864967
vn 0.20372894 -0.8191179 0.53622794
vn 0.20353688 -0.81946427 0.5357715
vn 0.20694602 -0.81057036 0.54785854
vn 0.20709088 -0.81009465 0.5485071
vn -0.20244245 -0.81929463 -0.5364451
vn -0.20237069 -0.8196872 -0.5358723
vn -0.2055642 -0.810759 -0.5480997
vn -0.20575495 -0.81037176 -0.54860044
vn 0.20372894 -0.8191179 0.53622794
vn 0.2036341 -0.81948364 0.5357048
vn 0.20694602 -0.81057036 0.54785854
vn 0.2070903 -0.81012815 0.54845786
vn -0.20255986 0.8193469 -0.536321
vn -0.20575461 0.8103645 -0.5486114
vn -0.20575501 0.8108071 -0.5479568
vn -0.20239377 0.8197198 -0.53581357
vn 0.20372948 0.8191559 0.53616977
vn 0.20709164 0.8101334 0.5484496
vn 0.20694692 0.8105322 0.5479146
vn 0.20370544 0.8194293 0.535761
vn -0.20255986 0.8193469 -0.536321
vn -0.20589827 0.81034297 -0.5485892
vn -0.20575501 0.8108071 -0.5479568
vn -0.20239343 0.8197185 -0.5358157
vn 0.20382416 0.8191412 0.53615606
vn 0.20709164 0.8101334 0.5484496
vn 0.20694624 0.81052953 0.5479188
vn 0.20370513 0.8194279 0.5357631
vn -0.20255986 0.8193469 -0.536321
vn -0.20575596 0.81036973 -0.5486031
vn -0.2055642 0.810759 -0.5480997
vn -0.20239414 0.8197988 -0.5356924
vn 0.20380025 0.8190693 0.536275
vn 0.20727955 0.81009847 0.54843014
vn 0.20694624 0.81052953 0.5479188
vn 0.20363227 0.8194405 0.53577155
vn -0.20246401 0.81928545 -0.5364509
vn -0.20575596 0.81036973 -0.5486031
vn -0.2055642 0.810759 -0.5480997
vn -0.2023941 0.8197211 -0.5358115
vn 0.20380025 0.8190693 0.536275
vn 0.2070903 0.81012815 0.54845786
vn 0.20708853 0.8105027 0.54790485
vn 0.20356281 0.8195322 0.5356577
vn -0.20246533 0.81929076 -0.53644246
vn -0.20575383 0.8103257 -0.548669
vn -0.20556627 0.81080306 -0.5480337
vn -0.20237069 0.8196872 -0.5358723
vn 0.20372894 0.8191179 0.53622794
vn 0.20709088 0.81009465 0.5485071
vn 0.20694602 0.81057036 0.54785854
vn 0.20356174 0.8194564 0.5357741
vn -0.20246533 0.81929076 -0.53644246
vn -0.20575596 0.81036973 -0.5486031
vn -0.2055642 0.810759 -0.5480997
vn -0.20237069 0.8196872 -0.5358723
vn 0.20372894 0.8191179 0.53622794
vn 0.2070903 0.81012815 0.54845786
vn 0.20694602 0.81057036 0.54785854
vn 0.2036341 0.81948364 0.5357048
vn -0.0004291538 -0.9999999 0
vn -0.029182384 -0.9995741 0
vn -0 -1 0
vn -0.00019073505 -1 -0.00019073505
vn -0.07100094 -0.99747616 -0.00019073456
vn -0.0005006794 -0.9999999 0
vn -0.0010013585 -0.9999995 0
vn -0.0011920931 -0.9999993 0
vn -0.00016689318 -1 0
vn -9.5367526E-05 -1 0
vn -0 -1 0
vn -0 -1 0.00019073505
vn 0.00019073505 -1 0.00016987341
vn -0 -1 0.00033378636
vn -0.4506126 -0.89271957 0.00019073549
vn -0.45232508 -0.8918531 0.00033676426
vn -0.45227993 -0.891876 0.00033676613
vn -0.45042464 -0.89281446 0
vn -0.45046505 -0.892794 -0.00019073358
vn -0.45232752 -0.8918519 0
vn -0.42314747 -0.9060608 0
vn -0.42143124 -0.90686035 -0.00019073601
vn -0.22985919 0 -0.9732239
vn -0.35035643 0 -0.93661636
vn -0.22985919 0 -0.9732239
vn -0.35035643 -0.00028312232 -0.93661636
vn -0.3860014 0.008326807 -0.9224606
vn -0.40588132 -0.0028461043 -0.91392136
vn -0.34437257 0.024402194 -0.9385159
vn -0.33426252 0.02141593 -0.9422367
vn -0.33998734 -0.018888846 -0.9402402
vn -0.3329275 -0.018131724 -0.94277805
vn -0.38595238 -0.008326777 -0.9224811
vn -0.40588132 0.0028461043 -0.91392136
vn -0.35035643 0.00028312232 -0.93661636
vn -0.35035643 0 -0.93661636
vn -0.22985919 0 -0.9732239
vn -0.22985919 0 -0.9732239
vn 0.99892277 0.046360333 0.002002709
vn 0.99886215 0.04763043 0.0023842035
vn 0.99999917 0.0013083222 0
vn 1 0 0
vn -0 1 0
vn -0 1 0
vn -0 1 0
vn -0 1 0
vn -0 1 0
vn -0 1 0
vn -0 1 0
vn -0 1 0
vn -0.45246777 0.8917808 0
vn -0.45232752 0.8918519 0
vn -0.45246777 0.8917808 0
vn -0.45232505 0.8918531 0
vn -1 0 0
vn -1 0 0
vn -1 0 0
vn -1 0 0
vn -1 0 0
vn -1 0 0
vn -1 0 0
vn -1 0 0
vn -0 0 1
vn -0 0 1
vn -0 0 1
vn -0 0 1
vn -0 0 1
vn -0 0 1
vn -0 0 1
vn -0 0 1
vn 0.99892277 -0.046360333 0.002002709
vn 1 0 0
vn 0.99999917 -0.0013083222 0
vn 0.99886215 -0.04763043 0.0023842035
vn 0.84210676 0 0.53931075
vn 0.8422922 0 0.5390212
vn 0.85015184 0 0.52653766
vn 0.84210676 0 0.53931075
vn 0.8545464 0 0.51937497
vn 0.8422922 0 0.5390212
vn 0.9952016 0 0.09784647
vn 0.9952016 0 0.09784647
vn 1 0 0
vn 1 0 0
vn 1 0 0
vn 1 0 0
vn 0.99205446 0 -0.12580983
vn 0.9986829 0 0.05130743
vn 0.9986829 0 0.05130743
vn 0.99205446 0 -0.12580983
vn -0.40311506 0 -0.9151493
vn -0.40311506 0 -0.9151493
vn 0.8545464 0 0.51937497
vn 0.9952016 0 0.09784647
vn 0.8965894 -0.42356673 0.12930045
vn 0.8422922 0 0.5390212
vn -9.5367526E-05 -1 0
vn 0.84210676 0 0.53931075
vn -0 -1 0
vn -0.22985919 0 -0.9732239
vn -0.35035643 0 -0.93661636
vn -0.00016689318 -1 0
vn -0.3860014 0.008326807 -0.9224606
vn -0.0005006794 -0.9999999 0
vn 0.00019073505 -1 0.00016987341
vn 1 0 0
vn -0.0004291538 -0.9999999 0
vn 1 0 0
vn 1 0 0
vn 0.84210676 0 0.53931075
vn -0 -1 0
vn -0.45232508 -0.8918531 0.00033676426
vn -0.45227993 -0.891876 0.00033676613
vn -0.4506126 -0.89271957 0.00019073549
vn -0.33426252 0.02141593 -0.9422367
vn -0 -1 0.00033378636
vn -1 0 0
vn -0.3329275 -0.018131724 -0.94277805
vn -1 0 0
vn -1 0 0
vn -0.45042464 -0.89281446 0
vn -0.0001907305 -0.0001072859 1
vn -0.0015259148 -0.000631824 0.9999987
vn -0.001335122 0.008982272 0.99995875
vn -1 0 0
vn -0.46749502 -0.87347966 0.13594739
vn -1 0 0
vn -0.4670114 -0.8738717 -0.13508713
vn -0 -1 0.00019073505
vn -0.20251249 0.038659528 0.97851634
vn -0.99928904 0.006723279 0.03709724
vn -0.0011920931 -0.9999993 0
vn -0.9994955 0.0075459266 -0.030851275
vn -0.0010013585 -0.9999995 0
vn -1 0 0
vn -0.2722197 0.05246869 -0.9608035
vn -0.00019073505 -1 -0.00019073505
vn -0.07100094 -0.99747616 -0.00019073456
vn -0.00066758535 0.0030577793 -0.9999951
vn -0.0016689687 -0.0007569965 -0.99999833
vn -0.45046505 -0.892794 -0.00019073358
vn -0.0003337784 -0.0001072859 -1
vn -1 0 0
vn -0.42143124 -0.90686035 -0.00019073601
vn -0.42314747 -0.9060608 0
vn -0.45232752 -0.8918519 0
vn -0.029182384 -0.9995741 0
vn -0 0 1
vn -1 0 0
vn -0 0 1
vn -0 0 1
vn -0 0 1
vn -0 0 1
vn -0 0 1
vn -0 0 1
vn 1 0 0
vn -0 0 1
vn -0.45232752 0.8918519 0
vn -0 1 0
vn -0 1 0
vn -0 1 0
vn -0 1 0
vn -0 1 0
vn 0.8422922 0 0.5390212
vn -0.45246777 0.8917808 0
vn -0.45246777 0.8917808 0
vn -0.45232505 0.8918531 0
vn -0.38595238 -0.008326777 -0.9224811
vn -0 1 0
vn -0 1 0
vn -0.35035643 0 -0.93661636
vn -0.22985919 0 -0.9732239
vn -0 1 0
vn 0.89659005 0.42356533 0.1293002
vn 0.9952016 0 0.09784647
vn 0.85015184 0 0.52653766
vn 1.1989104E-06 0 -1
vn 1.1989104E-06 0 -1
vn 1.1989104E-06 0 -1
vn 1.1989104E-06 0 -1
vn 1.1989104E-06 0 -1
vn 1.1989105E-06 0 -1
vn -0.49999934 -0.8660258 -3.6976567E-07
vn 0.46949637 -0.8132029 0.3439099
vn 0.4999996 -0.8660256 -2.5765058E-07
vn -0.4695005 -0.8132038 0.34390232
vn 0.3548103 -0.61454564 0.70458746
vn -1 0 -2.224068E-07
vn -0.3548221 -0.6145533 0.7045747
vn -0.9390068 0 0.34389848
vn -0.49999976 0.8660256 1.4735909E-07
vn -0.7096367 0 0.7045678
vn -0.46950054 0.81320375 0.34390256
vn 0.4999996 0.8660256 2.6494283E-07
vn -0.35482207 0.6145533 0.7045747
vn 0.46949643 0.81320286 0.34391016
vn 1 -4.819722E-07 0
vn 0.3548103 0.6145456 0.7045874
vn 0.9390022 0 0.34391117
vn 0.4999996 -0.8660256 -2.5765058E-07
vn 0.70961124 0 0.7045935
vn 0.46949637 -0.8132029 0.3439099
vn 0.3548103 -0.61454564 0.70458746
vn -0.5000001 -0.8660253 -1.4614017E-07
vn 0.42629054 -0.73835826 0.522593
vn 0.49999905 -0.866026 -1.01814614E-07
vn -0.42629096 -0.73835814 0.5225929
vn 0.13946141 -0.24155279 0.9603139
vn -1 0 0
vn -0.13946176 -0.24155293 0.9603138
vn -0.85258245 -1.0363223E-07 0.52259266
vn -0.49999997 0.86602545 2.8771316E-07
vn -0.27892244 -1.3114148E-07 0.96031356
vn -0.4262909 0.738358 0.52259314
vn 0.49999905 0.866026 3.2317416E-07
vn -0.13946165 0.24155262 0.9603139
vn 0.4262905 0.7383581 0.5225933
vn 1 0 0
vn 0.13946138 0.2415525 0.9603139
vn 0.85258234 0 0.52259284
vn 0.49999905 -0.866026 -1.01814614E-07
vn 0.27892178 -1.0199891E-07 0.9603138
vn 0.42629054 -0.73835826 0.522593
vn 0.13946141 -0.24155279 0.9603139
vn 0.13945684 -0.2415448 -0.96031654
vn 0.13945557 -0.24154557 -0.96031654
vn 0.27891818 3.2726475E-06 -0.96031487
vn 0.27891818 3.0526805E-06 -0.96031487
vn 0.13946001 0.24155334 -0.9603139
vn 0.1394614 0.24155253 -0.9603139
vn -0.13946033 0.24155347 -0.9603139
vn -0.13946167 0.2415527 -0.9603139
vn -0.2789224 0 -0.96031356
vn -0.27892244 -1.0199893E-07 -0.96031356
vn -0.13946137 -0.24154882 -0.96031487
vn -0.13946262 -0.24154805 -0.96031487
vn 0.13945557 -0.24154557 -0.96031654
vn 0.13945684 -0.2415448 -0.96031654
vn 0.42829505 0 0.90363896
vn 0.42829505 0 0.90363896
vn 0.42829505 0 0.90363896
vn 0.42829505 0 0.90363896
vn -0 -1 0
vn -0 -1 0
vn -0 -1 0
vn -0 -1 0
vn -0 -1 0
vn -0 -1 0
vn -0 -1 0
vn -0.9547841 0 0.2973001
vn -0.9547841 0 0.2973001
vn -0.9547841 0 0.2973001
vn -0.9547841 0 0.2973001
vn -0.9546394 0 0.29776454
vn -0.9546394 0 0.29776454
vn -0.954738 0 0.29744813
vn -0.954738 0 0.29744813
vn -0.07824909 0 0.9969338
vn -0.07824909 0 0.9969338
vn -0.07824909 0 0.9969338
vn -0.07824909 0 0.9969338
vn 0.9294486 0 -0.36895177
vn 0.9293477 0 -0.3692059
vn 0.9293477 0 -0.3692059
vn 0.9294486 0 -0.36895177
vn 0.7565081 0 0.6539843
vn 0.7565067 0 0.653986
vn 0.7565067 0 0.653986
vn 0.7565081 0 0.6539843
vn -0 1 0
vn -0 1 0
vn -0 1 0
vn -0 1 0
vn -0 1 0
vn -0 1 0
vn -0 1 0
vn -0.4408604 0 -0.89757574
vn -0.27794403 0 -0.9605973
vn -0.4408604 0 -0.89757574
vn -0.27794403 0 -0.9605973
vn 0.029325487 0 -0.99956995
vn 0.029325487 0 -0.99956995
vn -0 -1 0
vn 0.42829505 0 0.90363896
vn 0.42829505 0 0.90363896
vn -0 -1 0
vn -0.07824909 0 0.9969338
vn 0.42829505 0 0.90363896
vn -0.07824909 0 0.9969338
vn -0.07824909 0 0.9969338
vn -0 -1 0
vn -0 1 0
vn 0.42829505 0 0.90363896
vn -0 1 0
vn -0 1 0
vn -0.07824909 0 0.9969338
vn 0.7565081 0 0.6539843
vn 0.7565081 0 0.6539843
vn 0.7565067 0 0.653986
vn -0 1 0
vn -0 -1 0
vn 0.7565067 0 0.653986
vn 0.9293477 0 -0.3692059
vn 0.9293477 0 -0.3692059
vn 0.9294486 0 -0.36895177
vn -0 1 0
vn -0 -1 0
vn 0.9294486 0 -0.36895177
vn 0.029325487 0 -0.99956995
vn -0.27794403 0 -0.9605973
vn -0 -1 0
vn -0.4408604 0 -0.89757574
vn -0 -1 0
vn 0.029325487 0 -0.99956995
vn -0 1 0
vn -0.27794403 0 -0.9605973
vn -0 1 0
vn -0.4408604 0 -0.89757574
vn -0.05776867 -0.9981546 0.018715808
vn -0 -1 0
vn -0 -1 0
vn -0.051426798 -0.9985399 0.016527595
vn -0.95131975 0 0.30820557
vn -0.951297 0 0.30827597
vn -0.05784036 0.99814856 0.01881123
vn -0.051617645 0.9985273 0.016696015
vn -0 1 0
vn -0 1 0
vn 0.3961798 0 0.91817296
vn 0.39906847 0 0.91692114
vn 0.39906847 0 0.91692114
vn 0.3961798 0 0.91817296
vn 0.3082272 0 0.95131284
vn -0.39472556 0 -0.9187991
vn -0.397582 0 -0.91756666
vn -0.397582 0 -0.91756666
vn -0.39472556 0 -0.9187991
vn -0.30813113 0 -0.9513439
vn 0.9374042 -0.22217396 -0.26816443
vn 0.9291512 0.26751062 -0.2551786
vn 0.42953613 0.89252836 -0.1374472
vn 0.046396244 0.998923 -0.00033676616
vn 0.48246834 -0.8619716 -0.15565747
vn 0.046396244 -0.998923 -0.00033676616
vn -0 1 0
vn -0 -1 0
vn -0 1 0
vn -0 1 0
vn 0.14023891 0.9764033 -0.16422401
vn 0.05445491 0.9964575 -0.06408705
vn -0 -1 0
vn -0 -1 0
vn 0.14023891 -0.9764033 -0.16422401
vn 0.05445491 -0.9964575 -0.06408705
vn -0.48269728 0.8080637 0.3376926
vn -0.6657473 0.66036516 -0.3474169
vn -0.7812441 0.58470523 -0.21858048
vn 0.63802916 0.67491233 -0.37069157
vn -0.45328328 0.819001 0.35181192
vn 0.46554312 0.72820693 -0.5029754
vn 0.82458144 0.47545868 0.30660143
vn 0.8404405 0.47127703 0.26750284
vn -0.6657473 -0.66036516 -0.3474169
vn -0.48269728 -0.8080637 0.3376926
vn -0.7812441 -0.58470523 -0.21858048
vn 0.63802916 -0.67491233 -0.37069157
vn -0.45328328 -0.819001 0.35181192
vn 0.46554312 -0.72820693 -0.5029754
vn 0.82458144 -0.47545868 0.30660143
vn 0.8404405 -0.47127703 0.26750284
vn 0.19478717 -0.80487394 0.56056744
vn -0.39596573 -0.77911645 -0.48599264
vn 0.08702071 -0.85930574 0.50400496
vn 0.1543479 -0.74550223 0.64838505
vn -0.3602578 -0.7484112 -0.55686176
vn 0.10810122 -0.750438 0.6520406
vn -0.4641146 -0.80086946 -0.3784253
vn -0.46176842 -0.79867715 -0.38585603
vn 0.08888121 -0.76923496 0.6327541
vn 0.10371176 -0.76744914 0.6326656
vn -0.46678796 -0.7934656 -0.39053977
vn -0.45819378 -0.7861034 -0.4148492
vn 0.15902169 -0.8293208 0.5356671
vn 0.06575566 -0.87185854 0.48532346
vn -0.3867592 -0.786375 -0.48169664
vn -0.35066172 -0.7602717 -0.54683006
vn -0.2838189 -0.66545093 -0.69037807
vn -0.3214288 -0.65449226 -0.68434155
vn 0.5462683 -0.8282121 -0.1251229
vn 0.5641452 -0.8204448 -0.092792384
vn -0.4317222 -0.83395845 -0.34369934
vn -0.40557864 -0.82319754 -0.39730543
vn 0.09594095 -0.74473447 0.6604285
vn 0.11973431 -0.7410318 0.66070837
vn 0.47974417 -0.8690089 0.12111621
vn 0.4847048 -0.8668538 0.116729684
vn -0.42987695 -0.81882864 0.38042802
vn -0.44689623 -0.8252464 0.34532893
vn 0.12125764 -0.792025 0.59832513
vn 0.009632319 -0.84399617 0.5362627
vn 0.19478905 0.8048698 -0.56057286
vn -0.39602232 0.77925915 0.48571745
vn 0.08716636 0.8591704 -0.50421065
vn 0.15411252 0.74537385 -0.6485886
vn -0.36015436 0.74825734 0.5571354
vn 0.10795264 0.75040555 -0.6521026
vn -0.46391124 0.8008119 0.37879646
vn -0.46163556 0.7986114 0.38615072
vn 0.08888162 0.7692325 -0.632757
vn 0.103900135 0.76759267 -0.6324604
vn -0.466736 0.793357 0.39082226
vn -0.45826602 0.78621197 0.41456372
vn 0.1588799 0.8293452 -0.5356713
vn 0.06594752 0.87199855 -0.48504564
vn -0.38666105 0.7862501 0.48197928
vn -0.35075966 0.7600865 0.5470248
vn -0.28381667 0.66545755 0.6903726
vn -0.32142633 0.6544991 0.6843363
vn 0.5462584 0.8281613 0.12550211
vn 0.5641385 0.82041717 0.09307736
vn -0.4317691 0.8340523 0.3434126
vn -0.40567026 0.8231543 0.39730176
vn 0.09594165 0.744561 -0.660624
vn 0.1198769 0.7410111 -0.6607057
vn 0.47965068 0.8691135 -0.12073521
vn 0.4847999 0.86671036 -0.117397204
vn -0.42982274 0.8187268 -0.38070834
vn -0.44694117 0.82534266 -0.34504065
vn 0.12126293 0.79222053 -0.59806514
vn 0.00963227 0.8439979 -0.53625995
vn 0.98497796 0 0.1726805
vn 0.98497796 0 0.1726805
vn 0.2860076 0 0.9582274
vn 0.19731496 0 -0.9803402
vn 0.2860076 0 0.9582274
vn 0.19731496 0 -0.9803402
vn -0.07572173 0 0.997129
vn -0.07572173 0 0.997129
vn 0.5596092 0 -0.8287566
vn 0.5596092 0 -0.8287566
vn 0.8111479 0 -0.58484095
vn 0.8111479 0 -0.58484095
vn -0.8883433 0 -0.45918003
vn -0.8883433 0 -0.45918003
vn 0.6470765 0 -0.762425
vn 0.6470765 0 -0.762425
vn -0.98311365 0 0.18299565
vn -0.98311365 0 0.18299565
vn -0.8639846 0 0.50351816
vn -0.8639846 0 0.50351816
vn -0.99861526 0 0.052608263
vn -0.99861526 0 0.052608263
vn -0.89048296 0 -0.45501655
vn -0.89048296 0 -0.45501655
vn 0.5572999 0 -0.83031124
vn -0.45111698 0 -0.8924648
vn -0.45111698 0 -0.8924648
vn -0.43597764 0 -0.8999575
vn 0.5572999 0 -0.83031124
vn -0.43597764 0 -0.8999575
vn 0.98740864 0 -0.15819044
vn 0.98740864 0 -0.15819044
vn 0.33880392 0 0.94085705
vn 0.33880392 0 0.94085705
vn -0.3556721 0 0.93461084
vn -0.3556721 0 0.93461084
vn 0.5294684 0 -0.84832966
vn 0.5294684 0 -0.84832966
vn 0.5162547 0 -0.856435
vn 0.5162547 0 -0.856435
vn -0.9279529 0 -0.37269753
vn -0.9279529 0 -0.37269753
vn 0.9400358 0.2669272 -0.21232642
vn 0.9889854 -0.0068305368 -0.1478549
vn 0.988988 0.006425251 -0.14785679
vn 0.8762297 0.42463833 -0.22782408
vn 0.8704394 0.4171536 -0.2613774
vn 0.92543983 0.24879421 -0.28576675
vn 0.9558957 0.018656336 -0.29311308
vn 0.9373538 -0.2748929 -0.21401355
vn 0.8762297 -0.42463833 -0.22782408
vn 0.8704394 -0.4171536 -0.2613774
vn 0.927173 -0.24143143 -0.28646326
vn 0.955728 -0.017470181 -0.2937327
vn -0.28583726 0.49499685 0.82053345
vn -0 0 1
vn -0.57156944 0 0.8205538
vn 0.2857699 0.49501598 0.8205453
vn -0.28583726 -0.49499685 0.82053345
vn 0.5714123 0 0.8206631
vn 0.2857699 -0.49501598 0.8205453
vn 0.4717238 0 0.8817464
vn -0 0 1
vn 0.23579478 0.40852815 0.8817628
vn 0.23579478 -0.40852815 0.8817628
vn -0.23579478 0.40852815 0.8817628
vn -0.23579478 -0.40852815 0.8817628
vn -0.4717238 0 0.8817464
vn -0.33140278 -0.917786 -0.21872585
vn -0.00066758535 0.0030577793 -0.9999951
vn -0.0003337784 -0.0001072859 -1
vn -0.4670114 -0.8738717 -0.13508713
vn -0.0016689687 -0.0007569965 -0.99999833
vn -0.46749502 -0.87347966 0.13594739
vn -0.7004825 -0.7022558 -0.12712637
vn -0.2722197 0.05246869 -0.9608035
vn -0.9994955 0.0075459266 -0.030851275
vn -0.68554777 -0.7165362 0.1288412
vn -0.99928904 0.006723279 0.03709724
vn -0.20251249 0.038659528 0.97851634
vn -0.0015259148 -0.000631824 0.9999987
vn -0.33154735 -0.91773355 0.21872683
vn -0.001335122 0.008982272 0.99995875
vn -0.0001907305 -0.0001072859 1
vn -0.9464622 0 -0.32281467
vn -0 1 0
vn -0.9483945 0 0.31709307
vn -0 1 0
vn -0 1 0
vn 0.0003337784 0 -1
vn -0 1 0
vn -0 0 1
vn 0.4565959 0.8896598 0.005054479
vn 0.0001668892 0 -1
vn 0.46396166 0.8858425 0.0047683627
vn 0.45634693 0.8897876 0.005054494
vn 0.59232765 0 0.8056972
vn 0.46378452 0.8859351 0.0047683795
vn 0.59232765 0 0.8056972
vn 0.5924815 0 0.8055841
vn -0 0 1
vn 0.99993455 0 0.011444036
vn 0.0001668892 0 -1
vn 0.99993014 0 0.011825592
vn 0.99993014 0 0.011825592
vn 0.99993455 0 0.011444036
vn 0.5924815 0 0.8055841
vn 0.45634693 -0.8897876 0.005054494
vn 0.0003337784 0 -1
vn 0.4637727 -0.8859413 0.004768381
vn 0.4639592 -0.88584375 0.004768337
vn 0.45661625 -0.8896471 0.0054359077
vn -0 -1 0
vn -0 -1 0
vn -0.9483945 2.3841589E-05 0.31709307
vn -0 -1 0
vn -0.946462 0.0005900784 -0.32281464
vn -0 -1 0
vn -0.5822866 0.6256964 0.5190821
vn -0.6966054 0.5966995 -0.39835992
vn -0.6504776 0.611204 0.45089737
vn -0.63281274 0.6154379 -0.46987692
vn 0.6329101 0.61511797 0.4701645
vn 0.65070426 0.6111677 -0.4506196
vn 0.69673336 0.59636474 0.39863744
vn 0.5825148 0.62564975 -0.51888233
vn 0.5819887 0.6257273 -0.519379
vn 0.6973027 0.59589136 0.39834967
vn 0.65016085 0.6112632 -0.45127407
vn 0.6334687 0.6145505 0.4701544
vn -0.63325435 0.61477125 -0.47015455
vn -0.6499957 0.61143774 0.4512753
vn -0.697044 0.59619254 -0.39835176
vn -0.58179957 0.6259019 0.51938045
vn 0.5816056 0.63532794 -0.5080287
vn 0.7057004 0.59874505 0.37880227
vn 0.6590972 0.616266 -0.4310536
vn 0.6338601 0.62224317 0.45938528
vn -0.6335974 0.6225109 -0.45938492
vn -0.6590314 0.61653364 0.43077126
vn -0.70554554 0.5989316 -0.37879592
vn -0.5813031 0.63538754 0.5083005
vn -0.5822866 -0.6256964 0.5190821
vn -0.6504776 -0.611204 0.45089737
vn -0.6966054 -0.5966995 -0.39835992
vn -0.63281274 -0.6154379 -0.46987692
vn 0.6329101 -0.61511797 0.4701645
vn 0.65070426 -0.6111677 -0.4506196
vn 0.69673336 -0.59636474 0.39863744
vn 0.5825148 -0.62564975 -0.51888233
vn 0.5819887 -0.6257273 -0.519379
vn 0.65016085 -0.6112632 -0.45127407
vn 0.6973027 -0.59589136 0.39834967
vn 0.6334687 -0.6145505 0.4701544
vn -0.63325435 -0.61477125 -0.47015455
vn -0.6499957 -0.61143774 0.4512753
vn -0.697044 -0.59619254 -0.39835176
vn -0.58179957 -0.6259019 0.51938045
vn 0.5816056 -0.63532794 -0.5080287
vn 0.6590972 -0.616266 -0.4310536
vn 0.7057004 -0.59874505 0.37880227
vn 0.6338601 -0.62224317 0.45938528
vn -0.6335974 -0.6225109 -0.45938492
vn -0.6590314 -0.61653364 0.43077126
vn -0.70554554 -0.5989316 -0.37879592
vn -0.5813031 -0.63538754 0.5083005
vn 0.8066807 0 -0.5909875
vn 0.8066807 0 -0.5909875
vn 0.90726084 0 0.42056835
vn 0.90726084 0 0.42056835
vn -0.85100126 0 -0.52516365
vn -0.15816718 0 0.98741233
vn -0.85100126 0 -0.52516365
vn -0.15816718 0 0.98741233
vn -0.9905539 0 0.13712327
vn -0.9905539 0 0.13712327
vn 0.9665854 0 0.25634468
vn 0.9665854 0 0.25634468
vn -0.91430247 0 0.4050321
vn -0.91430247 0 0.4050321
vn 0.9694741 0 -0.24519384
vn -1 0 0
vn 0.9694741 0 -0.24519384
vn -1 0 0
vn -0.8986868 0 -0.43859085
vn -0.8986868 0 -0.43859085
vn 0.03086317 -0.91027874 -0.41284406
vn -0.13694747 -0.93651307 -0.3227826
vn 0.15277956 -0.9202776 0.36020505
vn 0.29594854 -0.9174393 0.2659317
vn 0.15277956 0.9202776 0.36020505
vn 0.2959497 0.9174369 0.2659387
vn -0.13694747 0.93651307 -0.3227826
vn 0.03086317 0.91027874 -0.41284406
vn 0.2151473 -0.02470892 0.976269
vn 0.21518813 -0.016764637 0.9764287
vn 0.09302783 -0.1947338 0.9764346
vn 0.086187646 -0.19867267 0.9762689
vn 0.12896022 0.17395264 0.9762734
vn -0.12202022 -0.17793424 0.9764479
vn 0.12202062 0.17791691 0.97645104
vn -0.12903054 -0.17395104 0.97626436
vn -0.086187646 0.19867267 0.9762689
vn -0.2150972 0.016765913 0.9764488
vn -0.09300534 0.19467403 0.97644866
vn -0.21514732 0.024700912 0.9762691
vn -0.12631494 -0.17741431 0.97599626
vn -0.12192668 -0.1799992 0.976081
vn -0.21672761 0.015514341 0.97610885
vn -0.21668239 0.020614987 0.97602445
vn 0.09055283 -0.19802171 0.9760059
vn -0.09493944 0.19549967 0.9760976
vn 0.09493944 -0.19549967 0.9760976
vn -0.09055283 0.19802171 0.9760059
vn 0.21668239 -0.020613683 0.97602445
vn 0.12192668 0.1799992 0.976081
vn 0.21672761 -0.015513595 0.97610885
vn 0.12631494 0.17741431 0.97599626
vn -0.49996495 0.86604565 0
vn 0.49996495 0.86604565 0
vn 0.5000341 0.8660058 0
vn -0.5000341 0.8660058 0
vn 1 0 0
vn -1 -7.450588E-07 0
vn 1 0 0
vn -1 0 0
vn 0.49996495 -0.86604565 0
vn -0.5000341 -0.8660058 0
vn 0.5000341 -0.8660058 0
vn -0.5000341 -0.8660058 0
vn -0.5000162 0.86601603 0
vn 0.5000162 0.86601603 0
vn 0.50001365 0.8660176 0
vn -0.5000162 0.86601603 0
vn 1 0 0
vn -1 7.45041E-07 0
vn 1 0 0
vn -1 0 0
vn 0.50001365 -0.8660176 0
vn -0.50001365 -0.8660176 0
vn 0.49991113 -0.86607677 0
vn -0.50001365 -0.8660176 0
vn -0.9927209 -0.1124322 0.043177586
vn -0.99314076 -0.11277786 0.030863259
vn -0.982872 -0.17189337 -0.06644707
vn -0.90042055 -0.20052724 0.38604602
vn -0.9719982 -0.18299845 -0.14741442
vn -0.92574245 -0.19370891 0.3247734
vn -0.34368345 -0.24675734 -0.9060863
vn -0.13070695 -0.28460604 0.94969213
vn -0.34268457 -0.24675101 -0.9064663
vn -0.16155368 -0.2831839 0.9453609
vn 0.68033373 -0.17706206 -0.71119267
vn 0.7350947 -0.2830606 0.6160457
vn 0.62015057 -0.18716961 -0.7618272
vn 0.7572793 -0.28117287 0.5894658
vn 0.78963095 -0.11271841 -0.60313976
vn 0.9269289 -0.19716008 -0.31926602
vn 0.7962791 -0.11243797 -0.5943882
vn 0.90334755 -0.18943572 -0.38480806
vn 0.35035676 0.8990066 0.26274967
vn -0.052284945 0.8990185 0.43477806
vn -0.0127315605 0.9932823 0.1150132
vn 0.14891611 0.9827545 0.10962477
vn -0.16922937 0.98275465 0.07452959
vn 0.40271142 0.898954 -0.17235218
vn -0.40266436 0.899039 0.17201868
vn 0.10607232 0.99326867 -0.046539266
vn -0.09334098 0.9932768 -0.068473905
vn 0.052190043 0.8988953 -0.4350441
vn -0.3503578 0.8990094 -0.2627386
vn 0.02031327 0.9827498 -0.1838208
vn 0.32429698 0.9122551 0.25024417
vn -0.054550122 0.9123377 0.4057881
vn -0.009441384 0.9973356 0.072336264
vn 0.09908643 0.9921936 0.075721495
vn -0.11518026 0.99218106 0.04806529
vn 0.37877735 0.9123069 -0.15564036
vn -0.37877735 0.9123069 0.15564036
vn 0.06728177 0.99734133 -0.02799036
vn -0.057935573 0.9973264 -0.044536486
vn 0.054645307 0.9122691 -0.40592974
vn -0.32422695 0.9123189 -0.25010225
vn 0.016117081 0.992178 -0.12378683
vn 0.32421327 0.9122783 0.2502678
vn -0.054561913 0.9123057 0.40585864
vn -0.009441367 0.9973339 0.07235998
vn 0.099075094 0.9921874 0.07581731
vn -0.11534681 0.9921663 0.04796978
vn 0.37885767 0.9122696 -0.15566292
vn -0.3787861 0.91229934 0.15566291
vn 0.06737709 0.9973348 -0.027990343
vn -0.058019236 0.99733007 -0.04434591
vn 0.054645576 0.9122735 -0.40591982
vn -0.32421327 0.9122783 -0.2502678
vn 0.016105162 0.99217814 -0.12378682
vn 0.7660143 0 0.6428235
vn 0.7660143 0 0.6428235
vn -0.17368808 0 0.9848007
vn 0.9396966 0 -0.34200916
vn -0.17368808 0 0.9848007
vn 0.9396966 0 -0.34200916
vn -0.9396966 0 0.34200916
vn 0.17361668 0 -0.9848133
vn -0.9396966 0 0.34200916
vn 0.17361668 0 -0.9848133
vn -0.7659711 0 -0.64287496
vn -0.7659711 0 -0.64287496
vn 0.35035676 -0.8990066 0.26274967
vn 0.14891611 -0.9827545 0.10962477
vn -0.0127315605 -0.9932823 0.1150132
vn 0.40271142 -0.898954 -0.17235218
vn -0.052284945 -0.8990185 0.43477806
vn 0.10607232 -0.99326867 -0.046539266
vn -0.16922937 -0.98275465 0.07452959
vn 0.052190043 -0.8988953 -0.4350441
vn -0.40266436 -0.899039 0.17201868
vn 0.02031327 -0.9827498 -0.1838208
vn -0.09334098 -0.9932768 -0.068473905
vn -0.3503578 -0.8990094 -0.2627386
vn 0.766134 0 0.64268094
vn 0.766134 0 0.64268094
vn -0.17363982 0 0.9848092
vn 0.9396861 0 -0.34203783
vn -0.17363982 0 0.9848092
vn 0.9396861 0 -0.34203783
vn -0.939689 0 0.3420302
vn 0.17368607 0 -0.9848011
vn -0.939689 0 0.3420302
vn 0.17368607 0 -0.9848011
vn -0.76605755 0 -0.6427721
vn -0.76605755 0 -0.6427721
vn 0.32429698 -0.9122551 0.25024417
vn 0.09908643 -0.9921936 0.075721495
vn -0.009441384 -0.9973356 0.072336264
vn 0.37877735 -0.9123069 -0.15564036
vn -0.054550122 -0.9123377 0.4057881
vn 0.06728177 -0.99734133 -0.02799036
vn -0.11518026 -0.99218106 0.04806529
vn 0.054645307 -0.9122691 -0.40592974
vn -0.37877735 -0.9123069 0.15564036
vn 0.016117081 -0.992178 -0.12378683
vn -0.057935573 -0.9973264 -0.044536486
vn -0.32422695 -0.9123189 -0.25010225
vn 0.7660525 0 0.642778
vn 0.7660525 0 0.642778
vn -0.17372479 0 0.9847942
vn 0.9396953 0 -0.342013
vn -0.17372479 0 0.9847942
vn 0.9396953 0 -0.342013
vn -0.9396861 0 0.34203783
vn 0.17360513 0 -0.98481536
vn -0.9396861 0 0.34203783
vn 0.17360513 0 -0.98481536
vn -0.7660957 0 -0.6427265
vn -0.7660957 0 -0.6427265
vn 0.32421327 -0.9122783 0.2502678
vn 0.099075094 -0.9921874 0.07581731
vn -0.009441367 -0.9973339 0.07235998
vn 0.37885767 -0.9122696 -0.15566292
vn -0.054561913 -0.9123057 0.40585864
vn 0.06737709 -0.9973348 -0.027990343
vn -0.11534681 -0.9921663 0.04796978
vn 0.054645576 -0.9122735 -0.40591982
vn -0.3787861 -0.91229934 0.15566291
vn 0.016105162 -0.99217814 -0.12378682
vn -0.058019236 -0.99733007 -0.04434591
vn -0.32421327 -0.9122783 -0.2502678
vn 0.5000004 0.86602527 2.806401E-07
vn 0.44942674 0.77843004 0.43824914
vn -0.44942635 0.77842987 0.43824962
vn -0.4999996 0.8660256 2.8721635E-07
vn 1 0 0
vn -0.8988533 0 0.43824965
vn -1 0 0
vn 0.89885247 0 0.43825132
vn 0.5000004 -0.86602515 -1.4689627E-07
vn -5.934693E-07 0 1
vn -0.44942647 -0.77843004 0.4382495
vn -0.4999997 -0.8660256 -1.5347254E-07
vn 0.44942662 -0.77843016 0.4382489
vn -0.49996495 0.86604565 0
vn 0.5000341 0.8660058 0
vn 0.12202062 0.17791691 0.97645104
vn -0.09300534 0.19467403 0.97644866
vn 0.21518813 -0.016764637 0.9764287
vn -1 -7.450588E-07 0
vn 1 0 0
vn -0.2150972 0.016765913 0.9764488
vn 0.09302783 -0.1947338 0.9764346
vn -0.5000341 -0.8660058 0
vn 0.5000341 -0.8660058 0
vn -0.12202022 -0.17793424 0.9764479
vn -0.50001365 -0.8660176 0
vn -1 7.45041E-07 0
vn -0.21672761 0.015514341 0.97610885
vn -0.12192668 -0.1799992 0.976081
vn -0.09493944 0.19549967 0.9760976
vn 0.49991113 -0.86607677 0
vn -0.5000162 0.86601603 0
vn 0.09493944 -0.19549967 0.9760976
vn 0.12192668 0.1799992 0.976081
vn 1 0 0
vn 0.50001365 0.8660176 0
vn 0.21672761 -0.015513595 0.97610885
vn 0.024962353 0.9819717 -0.18737261
vn -0.629783 0.60275227 -0.48996234
vn 0.10962483 0.60268027 -0.79041696
vn -0.2522945 0.94784486 -0.19477603
vn -0.7392692 0.60264254 0.30050468
vn 0.294638 0.9479056 -0.12109293
vn 0.73931193 0.60266834 -0.3003477
vn -0.17504638 0.9819239 0.07200219
vn -0.10929096 0.6027573 0.79040444
vn 0.149751 0.9819527 0.115514025
vn 0.62973183 0.60270125 0.4900908
vn -0.0424862 0.9478512 0.3158689
vn 0.025212733 0.98196745 -0.18736102
vn -0.62979597 0.602646 -0.49007642
vn 0.10945801 0.6026628 -0.79045326
vn -0.25228307 0.9478466 -0.19478236
vn -0.7392905 0.6026822 0.3003725
vn 0.29469666 0.9478668 -0.12125347
vn 0.7392538 0.60265166 -0.30052415
vn -0.1747965 0.9819801 0.07184145
vn -0.10945801 0.6026628 0.79045326
vn 0.14966732 0.98194516 0.1156867
vn 0.6298529 0.6026911 0.48994765
vn -0.04241458 0.94785506 0.31586674
vn 0.024962353 -0.9819717 -0.18737261
vn 0.10962522 -0.60267645 -0.7904198
vn -0.6297807 -0.602756 -0.4899606
vn -0.2522945 -0.94784486 -0.19477603
vn -0.7392692 -0.60264254 0.30050468
vn 0.294638 -0.9479056 -0.12109293
vn 0.73930925 -0.6026721 -0.3003466
vn -0.17504638 -0.9819239 0.07200219
vn -0.10929096 -0.6027573 0.79040444
vn 0.149751 -0.9819527 0.115514025
vn 0.6297341 -0.6026975 0.49009255
vn -0.0424862 -0.9478512 0.3158689
vn 0.025212733 -0.98196745 -0.18736102
vn 0.10945801 -0.6026628 -0.79045326
vn -0.62979364 -0.60264975 -0.4900746
vn -0.25228307 -0.9478466 -0.19478236
vn -0.7392878 -0.602686 0.30037144
vn 0.29469666 -0.9478668 -0.12125347
vn 0.7392538 -0.60265166 -0.30052415
vn -0.1747965 -0.9819801 0.07184145
vn -0.10945801 -0.6026628 0.79045326
vn 0.14966732 -0.98194516 0.1156867
vn 0.6298506 -0.6026949 0.48994592
vn -0.04241458 -0.94785506 0.31586674
g OL_CH0331_Weapon_0
f 3/3/3 2/2/2 1/1/1
f 2/2/2 5/5/5 4/4/4
f 6/6/6 2/2/2 4/4/4
f 9/9/9 8/8/8 7/7/7
f 10/10/10 9/9/9 7/7/7
f 10/10/10 7/7/7 11/11/11
f 12/12/12 10/10/10 11/11/11
f 12/12/12 11/11/11 13/13/13
f 14/14/14 12/12/12 13/13/13
f 14/14/14 13/13/13 15/15/15
f 16/16/16 14/14/14 15/15/15
f 16/16/16 15/15/15 17/17/17
f 18/18/18 16/16/16 17/17/17
f 18/18/18 17/17/17 19/19/19
f 20/20/20 18/18/18 19/19/19
f 23/23/23 22/22/22 21/21/21
f 24/24/24 23/23/23 21/21/21
f 24/24/24 21/21/21 25/25/25
f 26/26/26 24/24/24 25/25/25
f 26/26/26 25/25/25 27/27/27
f 28/28/28 26/26/26 27/27/27
f 28/28/28 27/27/27 29/29/29
f 30/30/30 28/28/28 29/29/29
f 30/30/30 29/29/29 31/31/31
f 32/32/32 30/30/30 31/31/31
f 32/32/32 31/31/31 33/33/33
f 34/34/34 32/32/32 33/33/33
f 37/37/37 36/36/36 35/35/35
f 36/36/36 38/38/38 35/35/35
f 36/36/36 39/39/39 38/38/38
f 39/39/39 40/40/40 38/38/38
f 39/39/39 41/41/41 40/40/40
f 41/41/41 42/42/42 40/40/40
f 41/41/41 43/43/43 42/42/42
f 43/43/43 44/44/44 42/42/42
f 43/43/43 45/45/45 44/44/44
f 45/45/45 46/46/46 44/44/44
f 45/45/45 47/47/47 46/46/46
f 47/47/47 48/48/48 46/46/46
f 51/51/51 50/50/50 49/49/49
f 50/50/50 52/52/52 49/49/49
f 49/49/49 52/52/52 53/53/53
f 52/52/52 54/54/54 53/53/53
f 53/53/53 54/54/54 55/55/55
f 54/54/54 56/56/56 55/55/55
f 55/55/55 56/56/56 57/57/57
f 56/56/56 58/58/58 57/57/57
f 57/57/57 58/58/58 59/59/59
f 58/58/58 60/60/60 59/59/59
f 59/59/59 60/60/60 61/61/61
f 60/60/60 62/62/62 61/61/61
f 65/65/65 64/64/64 63/63/63
f 66/66/66 65/65/65 63/63/63
f 67/67/67 65/65/65 66/66/66
f 66/66/66 63/63/63 68/68/68
f 69/69/69 67/67/67 66/66/66
f 70/70/70 66/66/66 68/68/68
f 69/69/69 66/66/66 70/70/70
f 68/68/68 71/71/71 70/70/70
f 72/72/72 69/69/69 70/70/70
f 70/70/70 71/71/71 72/72/72
f 75/75/75 74/74/74 73/73/73
f 76/76/76 75/75/75 73/73/73
f 77/77/77 75/75/75 76/76/76
f 76/76/76 73/73/73 78/78/78
f 79/79/79 77/77/77 76/76/76
f 80/80/80 76/76/76 78/78/78
f 79/79/79 76/76/76 80/80/80
f 78/78/78 81/81/81 80/80/80
f 82/82/82 79/79/79 80/80/80
f 80/80/80 81/81/81 82/82/82
f 85/85/85 84/84/84 83/83/83
f 84/84/84 86/86/86 83/83/83
f 84/84/84 87/87/87 86/86/86
f 87/87/87 88/88/88 86/86/86
f 91/91/91 90/90/90 89/89/89
f 90/90/90 92/92/92 89/89/89
f 92/92/92 93/93/93 89/89/89
f 93/93/93 94/94/94 89/89/89
f 97/97/97 96/96/96 95/95/95
f 96/96/96 98/98/98 95/95/95
f 98/98/98 99/99/99 95/95/95
f 102/102/102 101/101/101 100/100/100
f 103/103/103 102/102/102 100/100/100
f 103/103/103 104/104/104 102/102/102
f 104/104/104 105/105/105 102/102/102
f 105/105/105 104/104/104 106/106/106
f 107/107/107 105/105/105 106/106/106
f 108/108/108 107/107/107 106/106/106
f 109/109/109 108/108/108 106/106/106
f 110/110/110 108/108/108 109/109/109
f 111/111/111 110/110/110 109/109/109
f 112/112/112 110/110/110 111/111/111
f 113/113/113 112/112/112 111/111/111
f 112/112/112 113/113/113 114/114/114
f 115/115/115 112/112/112 114/114/114
f 114/114/114 116/116/116 115/115/115
f 117/117/117 116/116/116 114/114/114
f 118/118/118 116/116/116 117/117/117
f 121/121/121 120/120/120 119/119/119
f 120/120/120 121/121/121 122/122/122
f 121/121/121 123/123/123 122/122/122
f 126/126/126 125/125/125 124/124/124
f 124/124/124 127/127/127 126/126/126
f 124/124/124 128/128/128 127/127/127
f 128/128/128 129/129/129 127/127/127
f 132/132/132 131/131/131 130/130/130
f 130/130/130 133/133/133 132/132/132
f 130/130/130 134/134/134 133/133/133
f 134/134/134 135/135/135 133/133/133
f 138/138/138 137/137/137 136/136/136
f 136/136/136 139/139/139 138/138/138
f 136/136/136 140/140/140 139/139/139
f 140/140/140 141/141/141 139/139/139
f 144/144/144 143/143/143 142/142/142
f 142/142/142 145/145/145 144/144/144
f 145/145/145 146/146/146 144/144/144
f 145/145/145 147/147/147 146/146/146
f 150/150/150 149/149/149 148/148/148
f 148/148/148 151/151/151 150/150/150
f 151/151/151 152/152/152 150/150/150
f 151/151/151 153/153/153 152/152/152
f 156/156/156 155/155/155 154/154/154
f 154/154/154 157/157/157 156/156/156
f 157/157/157 158/158/158 156/156/156
f 157/157/157 159/159/159 158/158/158
f 162/162/162 161/161/161 160/160/160
f 163/163/163 162/162/162 160/160/160
f 163/163/163 160/160/160 164/164/164
f 164/164/164 165/165/165 163/163/163
f 165/165/165 164/164/164 166/166/166
f 164/164/164 167/167/167 166/166/166
f 168/168/168 166/166/166 167/167/167
f 171/171/171 170/170/170 169/169/169
f 169/169/169 172/172/172 171/171/171
f 171/171/171 172/172/172 173/173/173
f 172/172/172 174/174/174 173/173/173
f 173/173/173 174/174/174 175/175/175
f 173/173/173 175/175/175 176/176/176
f 175/175/175 177/177/177 176/176/176
f 177/177/177 178/178/178 176/176/176
f 178/178/178 179/179/179 176/176/176
f 182/182/182 181/181/181 180/180/180
f 183/183/183 182/182/182 180/180/180
f 186/186/186 185/185/185 184/184/184
f 187/187/187 186/186/186 184/184/184
f 190/190/190 189/189/189 188/188/188
f 191/191/191 190/190/190 188/188/188
f 194/194/194 193/193/193 192/192/192
f 195/195/195 194/194/194 192/192/192
f 198/198/198 197/197/197 196/196/196
f 199/199/199 198/198/198 196/196/196
f 202/202/202 201/201/201 200/200/200
f 203/203/203 202/202/202 200/200/200
f 206/206/206 205/205/205 204/204/204
f 207/207/207 206/206/206 204/204/204
f 207/207/207 204/204/204 208/208/208
f 209/209/209 207/207/207 208/208/208
f 210/210/210 209/209/209 208/208/208
f 211/211/211 210/210/210 208/208/208
f 212/212/212 210/210/210 211/211/211
f 213/213/213 212/212/212 211/211/211
f 216/216/216 215/215/215 214/214/214
f 217/217/217 216/216/216 214/214/214
f 220/220/220 219/219/219 218/218/218
f 221/221/221 220/220/220 218/218/218
f 222/222/222 220/220/220 221/221/221
f 223/223/223 222/222/222 221/221/221
f 224/224/224 222/222/222 223/223/223
f 225/225/225 224/224/224 223/223/223
f 226/226/226 224/224/224 225/225/225
f 227/227/227 226/226/226 225/225/225
f 230/230/230 229/229/229 228/228/228
f 231/231/231 230/230/230 228/228/228
f 232/232/232 230/230/230 231/231/231
f 233/233/233 232/232/232 231/231/231
f 234/234/234 232/232/232 233/233/233
f 235/235/235 234/234/234 233/233/233
f 236/236/236 234/234/234 235/235/235
f 237/237/237 236/236/236 235/235/235
f 240/240/240 239/239/239 238/238/238
f 241/241/241 240/240/240 238/238/238
f 242/242/242 240/240/240 241/241/241
f 243/243/243 242/242/242 241/241/241
f 244/244/244 242/242/242 243/243/243
f 245/245/245 244/244/244 243/243/243
f 246/246/246 244/244/244 245/245/245
f 247/247/247 246/246/246 245/245/245
f 250/250/250 249/249/249 248/248/248
f 251/251/251 248/248/248 249/249/249
f 251/251/251 249/249/249 252/252/252
f 253/253/253 251/251/251 252/252/252
f 253/253/253 252/252/252 254/254/254
f 252/252/252 255/255/255 254/254/254
f 255/255/255 256/256/256 254/254/254
f 256/256/256 255/255/255 257/257/257
f 255/255/255 258/258/258 257/257/257
f 261/261/261 260/260/260 259/259/259
f 262/262/262 261/261/261 259/259/259
f 265/265/265 264/264/264 263/263/263
f 266/266/266 265/265/265 263/263/263
f 269/269/269 268/268/268 267/267/267
f 270/270/270 269/269/269 267/267/267
f 273/273/273 272/272/272 271/271/271
f 274/274/274 273/273/273 271/271/271
f 277/277/277 276/276/276 275/275/275
f 278/278/278 277/277/277 275/275/275
f 281/281/281 280/280/280 279/279/279
f 282/282/282 281/281/281 279/279/279
f 285/285/285 284/284/284 283/283/283
f 286/286/286 285/285/285 283/283/283
f 287/287/287 285/285/285 286/286/286
f 288/288/288 287/287/287 286/286/286
f 288/288/288 289/289/289 287/287/287
f 289/289/289 290/290/290 287/287/287
f 289/289/289 291/291/291 290/290/290
f 291/291/291 292/292/292 290/290/290
f 295/295/295 294/294/294 293/293/293
f 296/296/296 295/295/295 293/293/293
f 299/299/299 298/298/298 297/297/297
f 298/298/298 300/300/300 297/297/297
f 298/298/298 301/301/301 300/300/300
f 301/301/301 302/302/302 300/300/300
f 301/301/301 303/303/303 302/302/302
f 303/303/303 304/304/304 302/302/302
f 303/303/303 305/305/305 304/304/304
f 305/305/305 306/306/306 304/304/304
f 309/309/309 308/308/308 307/307/307
f 308/308/308 310/310/310 307/307/307
f 308/308/308 311/311/311 310/310/310
f 311/311/311 312/312/312 310/310/310
f 311/311/311 313/313/313 312/312/312
f 313/313/313 314/314/314 312/312/312
f 313/313/313 315/315/315 314/314/314
f 315/315/315 316/316/316 314/314/314
f 319/319/319 318/318/318 317/317/317
f 318/318/318 320/320/320 317/317/317
f 318/318/318 321/321/321 320/320/320
f 321/321/321 322/322/322 320/320/320
f 321/321/321 323/323/323 322/322/322
f 323/323/323 324/324/324 322/322/322
f 323/323/323 325/325/325 324/324/324
f 325/325/325 326/326/326 324/324/324
f 329/329/329 328/328/328 327/327/327
f 330/330/330 329/329/329 327/327/327
f 333/333/333 332/332/332 331/331/331
f 334/334/334 333/333/333 331/331/331
f 337/337/337 336/336/336 335/335/335
f 335/335/335 338/338/338 337/337/337
f 338/338/338 339/339/339 337/337/337
f 338/338/338 340/340/340 339/339/339
f 343/343/343 342/342/342 341/341/341
f 341/341/341 344/344/344 343/343/343
f 344/344/344 345/345/345 343/343/343
f 344/344/344 346/346/346 345/345/345
f 349/349/349 348/348/348 347/347/347
f 350/350/350 349/349/349 347/347/347
f 351/351/351 349/349/349 350/350/350
f 352/352/352 351/351/351 350/350/350
f 353/353/353 351/351/351 352/352/352
f 354/354/354 353/353/353 352/352/352
f 355/355/355 353/353/353 354/354/354
f 356/356/356 355/355/355 354/354/354
f 357/357/357 355/355/355 356/356/356
f 358/358/358 357/357/357 356/356/356
f 359/359/359 357/357/357 358/358/358
f 360/360/360 359/359/359 358/358/358
f 363/363/363 362/362/362 361/361/361
f 362/362/362 364/364/364 361/361/361
f 361/361/361 364/364/364 365/365/365
f 364/364/364 366/366/366 365/365/365
f 365/365/365 366/366/366 367/367/367
f 366/366/366 368/368/368 367/367/367
f 367/367/367 368/368/368 369/369/369
f 368/368/368 370/370/370 369/369/369
f 369/369/369 370/370/370 371/371/371
f 370/370/370 372/372/372 371/371/371
f 371/371/371 372/372/372 373/373/373
f 372/372/372 374/374/374 373/373/373
f 377/377/377 376/376/376 375/375/375
f 378/378/378 377/377/377 375/375/375
f 379/379/379 377/377/377 378/378/378
f 380/380/380 379/379/379 378/378/378
f 381/381/381 379/379/379 380/380/380
f 382/382/382 381/381/381 380/380/380
f 383/383/383 381/381/381 382/382/382
f 384/384/384 383/383/383 382/382/382
f 385/385/385 383/383/383 384/384/384
f 386/386/386 385/385/385 384/384/384
f 387/387/387 385/385/385 386/386/386
f 388/388/388 387/387/387 386/386/386
f 391/391/391 390/390/390 389/389/389
f 390/390/390 392/392/392 389/389/389
f 389/389/389 392/392/392 393/393/393
f 392/392/392 394/394/394 393/393/393
f 393/393/393 394/394/394 395/395/395
f 394/394/394 396/396/396 395/395/395
f 395/395/395 396/396/396 397/397/397
f 396/396/396 398/398/398 397/397/397
f 397/397/397 398/398/398 399/399/399
f 398/398/398 400/400/400 399/399/399
f 399/399/399 400/400/400 401/401/401
f 400/400/400 402/402/402 401/401/401
f 405/405/405 404/404/404 403/403/403
f 404/404/404 406/406/406 403/403/403
f 403/403/403 406/406/406 407/407/407
f 408/408/408 403/403/403 407/407/407
f 409/409/409 407/407/407 406/406/406
f 410/410/410 408/408/408 407/407/407
f 411/411/411 409/409/409 406/406/406
f 412/412/412 408/408/408 410/410/410
f 413/413/413 408/408/408 412/412/412
f 414/414/414 413/413/413 412/412/412
f 415/415/415 412/412/412 410/410/410
f 416/416/416 415/415/415 410/410/410
f 417/417/417 409/409/409 411/411/411
f 418/418/418 409/409/409 417/417/417
f 417/417/417 411/411/411 419/419/419
f 411/411/411 420/420/420 419/419/419
f 421/421/421 418/418/418 417/417/417
f 415/415/415 416/416/416 422/422/422
f 415/415/415 422/422/422 423/423/423
f 422/422/422 424/424/424 423/423/423
f 422/422/422 416/416/416 425/425/425
f 416/416/416 426/426/426 425/425/425
f 427/427/427 418/418/418 421/421/421
f 428/428/428 418/418/418 427/427/427
f 427/427/427 421/421/421 429/429/429
f 421/421/421 430/430/430 429/429/429
f 431/431/431 428/428/428 427/427/427
f 425/425/425 426/426/426 432/432/432
f 433/433/433 425/425/425 432/432/432
f 434/434/434 433/433/433 432/432/432
f 432/432/432 426/426/426 435/435/435
f 426/426/426 436/436/436 435/435/435
f 437/437/437 435/435/435 436/436/436
f 438/438/438 437/437/437 436/436/436
f 437/437/437 438/438/438 439/439/439
f 438/438/438 440/440/440 439/439/439
f 439/439/439 440/440/440 441/441/441
f 440/440/440 442/442/442 441/441/441
f 443/443/443 428/428/428 431/431/431
f 442/442/442 428/428/428 443/443/443
f 444/444/444 443/443/443 431/431/431
f 445/445/445 444/444/444 431/431/431
f 446/446/446 442/442/442 443/443/443
f 441/441/441 442/442/442 446/446/446
f 441/441/441 446/446/446 447/447/447
f 446/446/446 448/448/448 447/447/447
f 451/451/451 450/450/450 449/449/449
f 450/450/450 452/452/452 449/449/449
f 449/449/449 452/452/452 453/453/453
f 449/449/449 453/453/453 454/454/454
f 455/455/455 453/453/453 452/452/452
f 453/453/453 456/456/456 454/454/454
f 457/457/457 455/455/455 452/452/452
f 458/458/458 454/454/454 456/456/456
f 459/459/459 454/454/454 458/458/458
f 460/460/460 459/459/459 458/458/458
f 458/458/458 456/456/456 461/461/461
f 456/456/456 462/462/462 461/461/461
f 463/463/463 455/455/455 457/457/457
f 455/455/455 463/463/463 464/464/464
f 463/463/463 457/457/457 465/465/465
f 457/457/457 466/466/466 465/465/465
f 463/463/463 467/467/467 464/464/464
f 461/461/461 462/462/462 468/468/468
f 461/461/461 468/468/468 469/469/469
f 468/468/468 470/470/470 469/469/469
f 468/468/468 462/462/462 471/471/471
f 462/462/462 472/472/472 471/471/471
f 464/464/464 467/467/467 473/473/473
f 464/464/464 473/473/473 474/474/474
f 473/473/473 467/467/467 475/475/475
f 467/467/467 476/476/476 475/475/475
f 473/473/473 477/477/477 474/474/474
f 471/471/471 472/472/472 478/478/478
f 479/479/479 471/471/471 478/478/478
f 480/480/480 479/479/479 478/478/478
f 478/478/478 472/472/472 481/481/481
f 472/472/472 482/482/482 481/481/481
f 481/481/481 482/482/482 483/483/483
f 482/482/482 484/484/484 483/483/483
f 485/485/485 483/483/483 484/484/484
f 486/486/486 485/485/485 484/484/484
f 485/485/485 486/486/486 487/487/487
f 486/486/486 488/488/488 487/487/487
f 488/488/488 474/474/474 489/489/489
f 477/477/477 489/489/489 474/474/474
f 490/490/490 489/489/489 477/477/477
f 491/491/491 490/490/490 477/477/477
f 492/492/492 488/488/488 489/489/489
f 487/487/487 488/488/488 492/492/492
f 487/487/487 492/492/492 493/493/493
f 492/492/492 494/494/494 493/493/493
f 497/497/497 496/496/496 495/495/495
f 498/498/498 497/497/497 495/495/495
f 499/499/499 497/497/497 498/498/498
f 500/500/500 499/499/499 498/498/498
f 500/500/500 498/498/498 501/501/501
f 498/498/498 502/502/502 501/501/501
f 503/503/503 501/501/501 502/502/502
f 503/503/503 504/504/504 501/501/501
f 505/505/505 504/504/504 503/503/503
f 508/508/508 507/507/507 506/506/506
f 509/509/509 508/508/508 506/506/506
f 512/512/512 511/511/511 510/510/510
f 513/513/513 512/512/512 510/510/510
f 516/516/516 515/515/515 514/514/514
f 517/517/517 516/516/516 514/514/514
f 520/520/520 519/519/519 518/518/518
f 521/521/521 520/520/520 518/518/518
f 524/524/524 523/523/523 522/522/522
f 525/525/525 524/524/524 522/522/522
f 528/528/528 527/527/527 526/526/526
f 529/529/529 528/528/528 526/526/526
f 532/532/532 531/531/531 530/530/530
f 533/533/533 532/532/532 530/530/530
f 536/536/536 535/535/535 534/534/534
f 537/537/537 536/536/536 534/534/534
f 540/540/540 539/539/539 538/538/538
f 541/541/541 540/540/540 538/538/538
f 544/544/544 543/543/543 542/542/542
f 545/545/545 544/544/544 542/542/542
f 548/548/548 547/547/547 546/546/546
f 549/549/549 548/548/548 546/546/546
f 552/552/552 551/551/551 550/550/550
f 551/551/551 552/552/552 553/553/553
f 554/554/554 551/551/551 553/553/553
f 554/554/554 553/553/553 555/555/555
f 553/553/553 556/556/556 555/555/555
f 555/555/555 556/556/556 557/557/557
f 557/557/557 556/556/556 558/558/558
f 559/559/559 558/558/558 556/556/556
f 560/560/560 559/559/559 556/556/556
f 563/563/563 562/562/562 561/561/561
f 564/564/564 563/563/563 561/561/561
f 564/564/564 561/561/561 565/565/565
f 566/566/566 564/564/564 565/565/565
f 565/565/565 567/567/567 566/566/566
f 564/564/564 566/566/566 568/568/568
f 568/568/568 569/569/569 564/564/564
f 569/569/569 570/570/570 564/564/564
f 573/573/573 572/572/572 571/571/571
f 572/572/572 574/574/574 571/571/571
f 571/571/571 574/574/574 575/575/575
f 576/576/576 571/571/571 575/575/575
f 579/579/579 578/578/578 577/577/577
f 578/578/578 580/580/580 577/577/577
f 577/577/577 580/580/580 581/581/581
f 580/580/580 582/582/582 581/581/581
f 582/582/582 583/583/583 581/581/581
f 583/583/583 584/584/584 581/581/581
f 583/583/583 585/585/585 584/584/584
f 585/585/585 586/586/586 584/584/584
f 586/586/586 585/585/585 587/587/587
f 585/585/585 588/588/588 587/587/587
f 588/588/588 589/589/589 587/587/587
f 589/589/589 590/590/590 587/587/587
f 593/593/593 592/592/592 591/591/591
f 592/592/592 594/594/594 591/591/591
f 594/594/594 595/595/595 591/591/591
f 595/595/595 596/596/596 591/591/591
f 596/596/596 595/595/595 597/597/597
f 598/598/598 596/596/596 597/597/597
f 598/598/598 597/597/597 599/599/599
f 597/597/597 600/600/600 599/599/599
f 599/599/599 600/600/600 601/601/601
f 600/600/600 602/602/602 601/601/601
f 602/602/602 603/603/603 601/601/601
f 603/603/603 604/604/604 601/601/601
f 607/607/607 606/606/606 605/605/605
f 608/608/608 607/607/607 605/605/605
f 609/609/609 607/607/607 608/608/608
f 610/610/610 609/609/609 608/608/608
f 611/611/611 609/609/609 610/610/610
f 610/610/610 608/608/608 612/612/612
f 613/613/613 612/612/612 608/608/608
f 614/614/614 613/613/613 608/608/608
f 617/617/617 616/616/616 615/615/615
f 618/618/618 617/617/617 615/615/615
f 618/618/618 615/615/615 619/619/619
f 615/615/615 620/620/620 619/619/619
f 623/623/623 622/622/622 621/621/621
f 624/624/624 623/623/623 621/621/621
f 624/624/624 621/621/621 625/625/625
f 626/626/626 624/624/624 625/625/625
f 626/626/626 625/625/625 627/627/627
f 625/625/625 628/628/628 627/627/627
f 627/627/627 628/628/628 629/629/629
f 628/628/628 630/630/630 629/629/629
f 629/629/629 630/630/630 631/631/631
f 632/632/632 629/629/629 631/631/631
f 632/632/632 631/631/631 633/633/633
f 631/631/631 634/634/634 633/633/633
f 637/637/637 636/636/636 635/635/635
f 638/638/638 637/637/637 635/635/635
f 638/638/638 639/639/639 637/637/637
f 639/639/639 640/640/640 637/637/637
f 643/643/643 642/642/642 641/641/641
f 642/642/642 644/644/644 641/641/641
f 645/645/645 641/641/641 644/644/644
f 646/646/646 645/645/645 644/644/644
f 647/647/647 645/645/645 646/646/646
f 648/648/648 647/647/647 646/646/646
f 649/649/649 647/647/647 648/648/648
f 650/650/650 649/649/649 648/648/648
f 651/651/651 649/649/649 650/650/650
f 652/652/652 651/651/651 650/650/650
f 653/653/653 651/651/651 652/652/652
f 654/654/654 653/653/653 652/652/652
f 655/655/655 653/653/653 654/654/654
f 656/656/656 655/655/655 654/654/654
f 657/657/657 655/655/655 656/656/656
f 658/658/658 657/657/657 656/656/656
f 659/659/659 657/657/657 658/658/658
f 660/660/660 659/659/659 658/658/658
f 663/663/663 662/662/662 661/661/661
f 664/664/664 663/663/663 661/661/661
f 663/663/663 664/664/664 665/665/665
f 664/664/664 666/666/666 665/665/665
f 665/665/665 666/666/666 667/667/667
f 666/666/666 668/668/668 667/667/667
f 667/667/667 668/668/668 669/669/669
f 668/668/668 670/670/670 669/669/669
f 669/669/669 670/670/670 671/671/671
f 670/670/670 672/672/672 671/671/671
f 671/671/671 672/672/672 673/673/673
f 672/672/672 674/674/674 673/673/673
f 673/673/673 674/674/674 675/675/675
f 674/674/674 676/676/676 675/675/675
f 675/675/675 676/676/676 677/677/677
f 676/676/676 678/678/678 677/677/677
f 677/677/677 678/678/678 679/679/679
f 678/678/678 680/680/680 679/679/679
f 683/683/683 682/682/682 681/681/681
f 684/684/684 683/683/683 681/681/681
f 681/681/681 685/685/685 684/684/684
f 684/684/684 685/685/685 686/686/686
f 684/684/684 686/686/686 687/687/687
f 688/688/688 687/687/687 686/686/686
f 686/686/686 689/689/689 688/688/688
f 689/689/689 690/690/690 688/688/688
f 691/691/691 690/690/690 689/689/689
f 692/692/692 691/691/691 689/689/689
f 693/693/693 692/692/692 689/689/689
f 694/694/694 692/692/692 693/693/693
f 695/695/695 692/692/692 694/694/694
f 696/696/696 695/695/695 694/694/694
f 699/699/699 698/698/698 697/697/697
f 698/698/698 700/700/700 697/697/697
f 697/697/697 700/700/700 701/701/701
f 702/702/702 697/697/697 701/701/701
f 702/702/702 701/701/701 703/703/703
f 704/704/704 702/702/702 703/703/703
f 704/704/704 703/703/703 705/705/705
f 703/703/703 706/706/706 705/705/705
f 705/705/705 706/706/706 707/707/707
f 708/708/708 705/705/705 707/707/707
f 708/708/708 707/707/707 709/709/709
f 707/707/707 710/710/710 709/709/709
f 709/709/709 710/710/710 711/711/711
f 710/710/710 712/712/712 711/711/711
f 711/711/711 712/712/712 713/713/713
f 714/714/714 711/711/711 713/713/713
f 713/713/713 715/715/715 714/714/714
f 715/715/715 716/716/716 714/714/714
f 716/716/716 715/715/715 717/717/717
f 718/718/718 716/716/716 717/717/717
f 718/718/718 717/717/717 719/719/719
f 720/720/720 718/718/718 719/719/719
f 723/723/723 722/722/722 721/721/721
f 722/722/722 724/724/724 721/721/721
f 725/725/725 721/721/721 724/724/724
f 726/726/726 725/725/725 724/724/724
f 726/726/726 727/727/727 725/725/725
f 727/727/727 728/728/728 725/725/725
f 731/731/731 730/730/730 729/729/729
f 732/732/732 731/731/731 729/729/729
f 732/732/732 729/729/729 733/733/733
f 733/733/733 729/729/729 734/734/734
f 735/735/735 733/733/733 734/734/734
f 736/736/736 733/733/733 735/735/735
f 734/734/734 737/737/737 735/735/735
f 738/738/738 737/737/737 734/734/734
f 739/739/739 738/738/738 734/734/734
f 740/740/740 736/736/736 735/735/735
f 736/736/736 740/740/740 741/741/741
f 742/742/742 736/736/736 741/741/741
f 741/741/741 743/743/743 742/742/742
f 743/743/743 744/744/744 742/742/742
f 747/747/747 746/746/746 745/745/745
f 746/746/746 748/748/748 745/745/745
f 749/749/749 748/748/748 746/746/746
f 750/750/750 749/749/749 746/746/746
f 749/749/749 750/750/750 751/751/751
f 750/750/750 752/752/752 751/751/751
f 755/755/755 754/754/754 753/753/753
f 756/756/756 755/755/755 753/753/753
f 759/759/759 758/758/758 757/757/757
f 760/760/760 759/759/759 757/757/757
f 761/761/761 759/759/759 760/760/760
f 761/761/761 760/760/760 762/762/762
f 762/762/762 760/760/760 763/763/763
f 762/762/762 763/763/763 764/764/764
f 764/764/764 765/765/765 762/762/762
f 764/764/764 766/766/766 765/765/765
f 766/766/766 767/767/767 765/765/765
f 767/767/767 768/768/768 765/765/765
f 768/768/768 769/769/769 765/765/765
f 768/768/768 770/770/770 769/769/769
f 770/770/770 768/768/768 771/771/771
f 772/772/772 770/770/770 771/771/771
f 775/775/775 774/774/774 773/773/773
f 774/774/774 776/776/776 773/773/773
f 776/776/776 774/774/774 777/777/777
f 774/774/774 778/778/778 777/777/777
f 777/777/777 778/778/778 779/779/779
f 778/778/778 780/780/780 779/779/779
f 780/780/780 781/781/781 779/779/779
f 781/781/781 782/782/782 779/779/779
f 782/782/782 781/781/781 783/783/783
f 781/781/781 784/784/784 783/783/783
f 784/784/784 785/785/785 783/783/783
f 785/785/785 786/786/786 783/783/783
f 785/785/785 787/787/787 786/786/786
f 787/787/787 788/788/788 786/786/786
f 788/788/788 787/787/787 789/789/789
f 787/787/787 790/790/790 789/789/789
f 789/789/789 790/790/790 791/791/791
f 790/790/790 792/792/792 791/791/791
f 791/791/791 792/792/792 793/793/793
f 792/792/792 794/794/794 793/793/793
f 793/793/793 794/794/794 795/795/795
f 794/794/794 796/796/796 795/795/795
f 799/799/799 798/798/798 797/797/797
f 800/800/800 799/799/799 797/797/797
f 800/800/800 801/801/801 799/799/799
f 801/801/801 802/802/802 799/799/799
f 802/802/802 801/801/801 803/803/803
f 804/804/804 802/802/802 803/803/803
f 805/805/805 804/804/804 803/803/803
f 806/806/806 805/805/805 803/803/803
f 806/806/806 807/807/807 805/805/805
f 807/807/807 808/808/808 805/805/805
f 807/807/807 809/809/809 808/808/808
f 809/809/809 810/810/810 808/808/808
f 811/811/811 810/810/810 809/809/809
f 812/812/812 811/811/811 809/809/809
f 811/811/811 812/812/812 813/813/813
f 814/814/814 811/811/811 813/813/813
f 815/815/815 814/814/814 813/813/813
f 816/816/816 815/815/815 813/813/813
f 817/817/817 815/815/815 816/816/816
f 818/818/818 817/817/817 816/816/816
f 819/819/819 817/817/817 818/818/818
f 820/820/820 819/819/819 818/818/818
f 820/820/820 821/821/821 819/819/819
f 821/821/821 822/822/822 819/819/819
f 825/825/825 824/824/824 823/823/823
f 826/826/826 825/825/825 823/823/823
f 827/827/827 825/825/825 826/826/826
f 828/828/828 827/827/827 826/826/826
f 829/829/829 827/827/827 828/828/828
f 830/830/830 829/829/829 828/828/828
f 831/831/831 829/829/829 830/830/830
f 832/832/832 831/831/831 830/830/830
f 833/833/833 831/831/831 832/832/832
f 834/834/834 833/833/833 832/832/832
f 833/833/833 834/834/834 835/835/835
f 834/834/834 836/836/836 835/835/835
f 837/837/837 835/835/835 836/836/836
f 838/838/838 837/837/837 836/836/836
f 839/839/839 837/837/837 838/838/838
f 840/840/840 839/839/839 838/838/838
f 841/841/841 839/839/839 840/840/840
f 842/842/842 841/841/841 840/840/840
f 843/843/843 841/841/841 842/842/842
f 844/844/844 843/843/843 842/842/842
f 843/843/843 844/844/844 845/845/845
f 846/846/846 843/843/843 845/845/845
f 846/846/846 845/845/845 847/847/847
f 847/847/847 845/845/845 848/848/848
f 845/845/845 849/849/849 848/848/848
f 850/850/850 846/846/846 847/847/847
f 851/851/851 846/846/846 850/850/850
f 852/852/852 851/851/851 850/850/850
f 850/850/850 847/847/847 853/853/853
f 854/854/854 850/850/850 853/853/853
f 853/853/853 855/855/855 854/854/854
f 855/855/855 853/853/853 856/856/856
f 853/853/853 857/857/857 856/856/856
f 855/855/855 858/858/858 854/854/854
f 854/854/854 858/858/858 859/859/859
f 858/858/858 860/860/860 859/859/859
f 858/858/858 855/855/855 861/861/861
f 862/862/862 858/858/858 861/861/861
f 863/863/863 862/862/862 861/861/861
f 864/864/864 863/863/863 861/861/861
f 865/865/865 863/863/863 864/864/864
f 866/866/866 865/865/865 864/864/864
f 867/867/867 865/865/865 866/866/866
f 868/868/868 867/867/867 866/866/866
f 869/869/869 867/867/867 868/868/868
f 870/870/870 869/869/869 868/868/868
f 869/869/869 870/870/870 871/871/871
f 870/870/870 872/872/872 871/871/871
f 873/873/873 871/871/871 872/872/872
f 874/874/874 873/873/873 872/872/872
f 875/875/875 873/873/873 874/874/874
f 876/876/876 875/875/875 874/874/874
f 877/877/877 875/875/875 876/876/876
f 878/878/878 877/877/877 876/876/876
f 879/879/879 877/877/877 878/878/878
f 880/880/880 879/879/879 878/878/878
f 881/881/881 879/879/879 880/880/880
f 882/882/882 881/881/881 880/880/880
f 885/885/885 884/884/884 883/883/883
f 886/886/886 884/884/884 885/885/885
f 887/887/887 886/886/886 885/885/885
f 887/887/887 885/885/885 888/888/888
f 885/885/885 889/889/889 888/888/888
f 890/890/890 888/888/888 889/889/889
f 891/891/891 890/890/890 889/889/889
f 892/892/892 890/890/890 891/891/891
f 893/893/893 888/888/888 890/890/890
f 894/894/894 893/893/893 890/890/890
f 897/897/897 896/896/896 895/895/895
f 898/898/898 897/897/897 895/895/895
f 898/898/898 895/895/895 899/899/899
f 899/899/899 895/895/895 900/900/900
f 895/895/895 901/901/901 900/900/900
f 900/900/900 901/901/901 902/902/902
f 903/903/903 900/900/900 902/902/902
f 906/906/906 905/905/905 904/904/904
f 906/906/906 907/907/907 905/905/905
f 907/907/907 908/908/908 905/905/905
f 905/905/905 908/908/908 909/909/909
f 910/910/910 905/905/905 909/909/909
f 909/909/909 911/911/911 910/910/910
f 911/911/911 912/912/912 910/910/910
f 911/911/911 913/913/913 912/912/912
f 909/909/909 914/914/914 911/911/911
f 914/914/914 915/915/915 911/911/911
f 918/918/918 917/917/917 916/916/916
f 917/917/917 919/919/919 916/916/916
f 916/916/916 919/919/919 920/920/920
f 916/916/916 920/920/920 921/921/921
f 922/922/922 916/916/916 921/921/921
f 922/922/922 921/921/921 923/923/923
f 921/921/921 924/924/924 923/923/923
f 927/927/927 926/926/926 925/925/925
f 928/928/928 926/926/926 927/927/927
f 929/929/929 926/926/926 928/928/928
f 932/932/932 931/931/931 930/930/930
f 931/931/931 933/933/933 930/930/930
f 934/934/934 933/933/933 931/931/931
f 937/937/937 936/936/936 935/935/935
f 938/938/938 937/937/937 935/935/935
f 939/939/939 937/937/937 938/938/938
f 942/942/942 941/941/941 940/940/940
f 943/943/943 942/942/942 940/940/940
f 946/946/946 945/945/945 944/944/944
f 947/947/947 946/946/946 944/944/944
f 950/950/950 949/949/949 948/948/948
f 951/951/951 950/950/950 948/948/948
f 954/954/954 953/953/953 952/952/952
f 955/955/955 954/954/954 952/952/952
f 958/958/958 957/957/957 956/956/956
f 959/959/959 958/958/958 956/956/956
f 962/962/962 961/961/961 960/960/960
f 963/963/963 962/962/962 960/960/960
f 966/966/966 965/965/965 964/964/964
f 965/965/965 967/967/967 964/964/964
f 964/964/964 967/967/967 968/968/968
f 968/968/968 969/969/969 964/964/964
f 964/964/964 969/969/969 970/970/970
f 971/971/971 970/970/970 969/969/969
f 969/969/969 968/968/968 972/972/972
f 972/972/972 971/971/971 969/969/969
f 971/971/971 972/972/972 973/973/973
f 972/972/972 974/974/974 973/973/973
f 977/977/977 976/976/976 975/975/975
f 978/978/978 977/977/977 975/975/975
f 981/981/981 980/980/980 979/979/979
f 982/982/982 981/981/981 979/979/979
f 985/985/985 984/984/984 983/983/983
f 986/986/986 985/985/985 983/983/983
f 989/989/989 988/988/988 987/987/987
f 990/990/990 989/989/989 987/987/987
f 993/993/993 992/992/992 991/991/991
f 994/994/994 993/993/993 991/991/991
f 997/997/997 996/996/996 995/995/995
f 998/998/998 997/997/997 995/995/995
f 1001/1001/1001 1000/1000/1000 999/999/999
f 1002/1002/1002 1001/1001/1001 999/999/999
f 1005/1005/1005 1004/1004/1004 1003/1003/1003
f 1004/1004/1004 1006/1006/1006 1003/1003/1003
f 1003/1003/1003 1006/1006/1006 1007/1007/1007
f 1006/1006/1006 1008/1008/1008 1007/1007/1007
f 1008/1008/1008 1009/1009/1009 1007/1007/1007
f 1009/1009/1009 1010/1010/1010 1007/1007/1007
f 1013/1013/1013 1012/1012/1012 1011/1011/1011
f 1012/1012/1012 1014/1014/1014 1011/1011/1011
f 1014/1014/1014 1015/1015/1015 1011/1011/1011
f 1015/1015/1015 1016/1016/1016 1011/1011/1011
f 1016/1016/1016 1015/1015/1015 1017/1017/1017
f 1015/1015/1015 1018/1018/1018 1017/1017/1017
f 1021/1021/1021 1020/1020/1020 1019/1019/1019
f 1022/1022/1022 1021/1021/1021 1019/1019/1019
f 1023/1023/1023 1022/1022/1022 1019/1019/1019
f 1023/1023/1023 1019/1019/1019 1024/1024/1024
f 1019/1019/1019 1025/1025/1025 1024/1024/1024
f 1026/1026/1026 1022/1022/1022 1023/1023/1023
f 1027/1027/1027 1022/1022/1022 1026/1026/1026
f 1027/1027/1027 1026/1026/1026 1028/1028/1028
f 1026/1026/1026 1029/1029/1029 1028/1028/1028
f 1030/1030/1030 1022/1022/1022 1027/1027/1027
f 1031/1031/1031 1022/1022/1022 1030/1030/1030
f 1031/1031/1031 1030/1030/1030 1032/1032/1032
f 1030/1030/1030 1033/1033/1033 1032/1032/1032
f 1036/1036/1036 1035/1035/1035 1034/1034/1034
f 1037/1037/1037 1036/1036/1036 1034/1034/1034
f 1038/1038/1038 1037/1037/1037 1034/1034/1034
f 1038/1038/1038 1034/1034/1034 1039/1039/1039
f 1034/1034/1034 1040/1040/1040 1039/1039/1039
f 1041/1041/1041 1037/1037/1037 1038/1038/1038
f 1042/1042/1042 1037/1037/1037 1041/1041/1041
f 1042/1042/1042 1041/1041/1041 1043/1043/1043
f 1041/1041/1041 1044/1044/1044 1043/1043/1043
f 1045/1045/1045 1037/1037/1037 1042/1042/1042
f 1046/1046/1046 1037/1037/1037 1045/1045/1045
f 1046/1046/1046 1045/1045/1045 1047/1047/1047
f 1045/1045/1045 1048/1048/1048 1047/1047/1047
f 1051/1051/1051 1050/1050/1050 1049/1049/1049
f 1052/1052/1052 1051/1051/1051 1049/1049/1049
f 1055/1055/1055 1054/1054/1054 1053/1053/1053
f 1056/1056/1056 1055/1055/1055 1053/1053/1053
f 1059/1059/1059 1058/1058/1058 1057/1057/1057
f 1060/1060/1060 1059/1059/1059 1057/1057/1057
f 1063/1063/1063 1062/1062/1062 1061/1061/1061
f 1064/1064/1064 1063/1063/1063 1061/1061/1061
f 1067/1067/1067 1066/1066/1066 1065/1065/1065
f 1068/1068/1068 1067/1067/1067 1065/1065/1065
f 1071/1071/1071 1070/1070/1070 1069/1069/1069
f 1072/1072/1072 1071/1071/1071 1069/1069/1069
f 1075/1075/1075 1074/1074/1074 1073/1073/1073
f 1076/1076/1076 1075/1075/1075 1073/1073/1073
f 1079/1079/1079 1078/1078/1078 1077/1077/1077
f 1080/1080/1080 1079/1079/1079 1077/1077/1077
f 1083/1083/1083 1082/1082/1082 1081/1081/1081
f 1084/1084/1084 1083/1083/1083 1081/1081/1081
f 1087/1087/1087 1086/1086/1086 1085/1085/1085
f 1088/1088/1088 1087/1087/1087 1085/1085/1085
f 1091/1091/1091 1090/1090/1090 1089/1089/1089
f 1092/1092/1092 1091/1091/1091 1089/1089/1089
f 1095/1095/1095 1094/1094/1094 1093/1093/1093
f 1096/1096/1096 1095/1095/1095 1093/1093/1093
f 1099/1099/1099 1098/1098/1098 1097/1097/1097
f 1100/1100/1100 1099/1099/1099 1097/1097/1097
f 1103/1103/1103 1102/1102/1102 1101/1101/1101
f 1104/1104/1104 1103/1103/1103 1101/1101/1101
f 1107/1107/1107 1106/1106/1106 1105/1105/1105
f 1108/1108/1108 1107/1107/1107 1105/1105/1105
f 1111/1111/1111 1110/1110/1110 1109/1109/1109
f 1112/1112/1112 1111/1111/1111 1109/1109/1109
f 1115/1115/1115 1114/1114/1114 1113/1113/1113
f 1116/1116/1116 1115/1115/1115 1113/1113/1113
f 1119/1119/1119 1118/1118/1118 1117/1117/1117
f 1120/1120/1120 1119/1119/1119 1117/1117/1117
f 1123/1123/1123 1122/1122/1122 1121/1121/1121
f 1124/1124/1124 1123/1123/1123 1121/1121/1121
f 1127/1127/1127 1126/1126/1126 1125/1125/1125
f 1128/1128/1128 1127/1127/1127 1125/1125/1125
f 1131/1131/1131 1130/1130/1130 1129/1129/1129
f 1132/1132/1132 1131/1131/1131 1129/1129/1129
f 1135/1135/1135 1134/1134/1134 1133/1133/1133
f 1136/1136/1136 1135/1135/1135 1133/1133/1133
f 1139/1139/1139 1138/1138/1138 1137/1137/1137
f 1140/1140/1140 1139/1139/1139 1137/1137/1137
f 1143/1143/1143 1142/1142/1142 1141/1141/1141
f 1144/1144/1144 1143/1143/1143 1141/1141/1141
f 1147/1147/1147 1146/1146/1146 1145/1145/1145
f 1148/1148/1148 1147/1147/1147 1145/1145/1145
f 1151/1151/1151 1150/1150/1150 1149/1149/1149
f 1152/1152/1152 1151/1151/1151 1149/1149/1149
f 1155/1155/1155 1154/1154/1154 1153/1153/1153
f 1156/1156/1156 1155/1155/1155 1153/1153/1153
f 1159/1159/1159 1158/1158/1158 1157/1157/1157
f 1160/1160/1160 1159/1159/1159 1157/1157/1157
f 1163/1163/1163 1162/1162/1162 1161/1161/1161
f 1164/1164/1164 1163/1163/1163 1161/1161/1161
f 1167/1167/1167 1166/1166/1166 1165/1165/1165
f 1168/1168/1168 1167/1167/1167 1165/1165/1165
f 1171/1171/1171 1170/1170/1170 1169/1169/1169
f 1172/1172/1172 1171/1171/1171 1169/1169/1169
f 1175/1175/1175 1174/1174/1174 1173/1173/1173
f 1176/1176/1176 1175/1175/1175 1173/1173/1173
f 1179/1179/1179 1178/1178/1178 1177/1177/1177
f 1178/1178/1178 1180/1180/1180 1177/1177/1177
f 1181/1181/1181 1180/1180/1180 1178/1178/1178
f 1177/1177/1177 1180/1180/1180 1182/1182/1182
f 1182/1182/1182 1180/1180/1180 1183/1183/1183
f 1183/1183/1183 1184/1184/1184 1182/1182/1182
f 1184/1184/1184 1185/1185/1185 1182/1182/1182
f 1182/1182/1182 1185/1185/1185 1186/1186/1186
f 1185/1185/1185 1187/1187/1187 1186/1186/1186
f 1188/1188/1188 1185/1185/1185 1184/1184/1184
f 1185/1185/1185 1188/1188/1188 1189/1189/1189
f 1188/1188/1188 1190/1190/1190 1189/1189/1189
f 1193/1193/1193 1192/1192/1192 1191/1191/1191
f 1194/1194/1194 1193/1193/1193 1191/1191/1191
f 1197/1197/1197 1196/1196/1196 1195/1195/1195
f 1198/1198/1198 1197/1197/1197 1195/1195/1195
f 1201/1201/1201 1200/1200/1200 1199/1199/1199
f 1200/1200/1200 1202/1202/1202 1199/1199/1199
f 1200/1200/1200 1203/1203/1203 1202/1202/1202
f 1203/1203/1203 1204/1204/1204 1202/1202/1202
f 1204/1204/1204 1203/1203/1203 1205/1205/1205
f 1203/1203/1203 1206/1206/1206 1205/1205/1205
f 1207/1207/1207 1205/1205/1205 1206/1206/1206
f 1208/1208/1208 1207/1207/1207 1206/1206/1206
f 1207/1207/1207 1208/1208/1208 1209/1209/1209
f 1210/1210/1210 1207/1207/1207 1209/1209/1209
f 1211/1211/1211 1210/1210/1210 1209/1209/1209
f 1212/1212/1212 1211/1211/1211 1209/1209/1209
f 1213/1213/1213 1211/1211/1211 1212/1212/1212
f 1214/1214/1214 1213/1213/1213 1212/1212/1212
f 1217/1217/1217 1216/1216/1216 1215/1215/1215
f 1218/1218/1218 1217/1217/1217 1215/1215/1215
f 1221/1221/1221 1220/1220/1220 1219/1219/1219
f 1221/1221/1221 1219/1219/1219 1222/1222/1222
f 1223/1223/1223 1221/1221/1221 1222/1222/1222
f 1223/1223/1223 1222/1222/1222 1224/1224/1224
f 1222/1222/1222 1225/1225/1225 1224/1224/1224
f 1225/1225/1225 1226/1226/1226 1224/1224/1224
f 1229/1229/1229 1228/1228/1228 1227/1227/1227
f 1230/1230/1230 1229/1229/1229 1227/1227/1227
f 1233/1233/1233 1232/1232/1232 1231/1231/1231
f 1231/1231/1231 1234/1234/1234 1233/1233/1233
f 1234/1234/1234 1231/1231/1231 1235/1235/1235
f 1236/1236/1236 1234/1234/1234 1235/1235/1235
f 1236/1236/1236 1235/1235/1235 1237/1237/1237
f 1238/1238/1238 1237/1237/1237 1235/1235/1235
f 1241/1241/1241 1240/1240/1240 1239/1239/1239
f 1242/1242/1242 1241/1241/1241 1239/1239/1239
f 1245/1245/1245 1244/1244/1244 1243/1243/1243
f 1246/1246/1246 1245/1245/1245 1243/1243/1243
f 1249/1249/1249 1248/1248/1248 1247/1247/1247
f 1250/1250/1250 1249/1249/1249 1247/1247/1247
f 1253/1253/1253 1252/1252/1252 1251/1251/1251
f 1251/1251/1251 1254/1254/1254 1253/1253/1253
f 1254/1254/1254 1255/1255/1255 1253/1253/1253
f 1256/1256/1256 1255/1255/1255 1254/1254/1254
f 1253/1253/1253 1255/1255/1255 1257/1257/1257
f 1258/1258/1258 1253/1253/1253 1257/1257/1257
f 1261/1261/1261 1260/1260/1260 1259/1259/1259
f 1262/1262/1262 1261/1261/1261 1259/1259/1259
f 1265/1265/1265 1264/1264/1264 1263/1263/1263
f 1266/1266/1266 1265/1265/1265 1263/1263/1263
f 1266/1266/1266 1263/1263/1263 1267/1267/1267
f 1268/1268/1268 1266/1266/1266 1267/1267/1267
f 1271/1271/1271 1270/1270/1270 1269/1269/1269
f 1272/1272/1272 1271/1271/1271 1269/1269/1269
f 1271/1271/1271 1272/1272/1272 1273/1273/1273
f 1273/1273/1273 1272/1272/1272 1274/1274/1274
f 1273/1273/1273 1275/1275/1275 1271/1271/1271
f 1275/1275/1275 1276/1276/1276 1271/1271/1271
f 1276/1276/1276 1275/1275/1275 1277/1277/1277
f 1275/1275/1275 1278/1278/1278 1277/1277/1277
f 1277/1277/1277 1278/1278/1278 1279/1279/1279
f 1280/1280/1280 1273/1273/1273 1274/1274/1274
f 1278/1278/1278 1281/1281/1281 1279/1279/1279
f 1274/1274/1274 1282/1282/1282 1280/1280/1280
f 1282/1282/1282 1283/1283/1283 1280/1280/1280
f 1284/1284/1284 1282/1282/1282 1274/1274/1274
f 1283/1283/1283 1282/1282/1282 1285/1285/1285
f 1286/1286/1286 1284/1284/1284 1274/1274/1274
f 1287/1287/1287 1283/1283/1283 1285/1285/1285
f 1279/1279/1279 1281/1281/1281 1288/1288/1288
f 1288/1288/1288 1289/1289/1289 1279/1279/1279
f 1290/1290/1290 1288/1288/1288 1281/1281/1281
f 1289/1289/1289 1291/1291/1291 1279/1279/1279
f 1292/1292/1292 1290/1290/1290 1281/1281/1281
f 1293/1293/1293 1291/1291/1291 1289/1289/1289
f 1291/1291/1291 1293/1293/1293 1294/1294/1294
f 1293/1293/1293 1289/1289/1289 1295/1295/1295
f 1293/1293/1293 1296/1296/1296 1294/1294/1294
f 1289/1289/1289 1297/1297/1297 1295/1295/1295
f 1297/1297/1297 1290/1290/1290 1298/1298/1298
f 1298/1298/1298 1290/1290/1290 1292/1292/1292
f 1299/1299/1299 1298/1298/1298 1292/1292/1292
f 1300/1300/1300 1297/1297/1297 1298/1298/1298
f 1300/1300/1300 1295/1295/1295 1297/1297/1297
f 1301/1301/1301 1295/1295/1295 1300/1300/1300
f 1302/1302/1302 1301/1301/1301 1300/1300/1300
f 1303/1303/1303 1301/1301/1301 1302/1302/1302
f 1304/1304/1304 1303/1303/1303 1302/1302/1302
f 1292/1292/1292 1305/1305/1305 1299/1299/1299
f 1305/1305/1305 1306/1306/1306 1299/1299/1299
f 1306/1306/1306 1305/1305/1305 1307/1307/1307
f 1305/1305/1305 1308/1308/1308 1307/1307/1307
f 1307/1307/1307 1308/1308/1308 1309/1309/1309
f 1308/1308/1308 1310/1310/1310 1309/1309/1309
f 1311/1311/1311 1303/1303/1303 1304/1304/1304
f 1309/1309/1309 1310/1310/1310 1312/1312/1312
f 1310/1310/1310 1313/1313/1313 1312/1312/1312
f 1313/1313/1313 1314/1314/1314 1312/1312/1312
f 1315/1315/1315 1311/1311/1311 1304/1304/1304
f 1314/1314/1314 1316/1316/1316 1312/1312/1312
f 1315/1315/1315 1317/1317/1317 1311/1311/1311
f 1317/1317/1317 1315/1315/1315 1318/1318/1318
f 1311/1311/1311 1317/1317/1317 1319/1319/1319
f 1320/1320/1320 1318/1318/1318 1316/1316/1316
f 1320/1320/1320 1317/1317/1317 1318/1318/1318
f 1314/1314/1314 1320/1320/1320 1316/1316/1316
f 1321/1321/1321 1320/1320/1320 1314/1314/1314
f 1317/1317/1317 1322/1322/1322 1319/1319/1319
f 1323/1323/1323 1321/1321/1321 1314/1314/1314
f 1324/1324/1324 1319/1319/1319 1322/1322/1322
f 1325/1325/1325 1319/1319/1319 1324/1324/1324
f 1322/1322/1322 1321/1321/1321 1326/1326/1326
f 1324/1324/1324 1322/1322/1322 1326/1326/1326
f 1321/1321/1321 1323/1323/1323 1326/1326/1326
f 1327/1327/1327 1325/1325/1325 1324/1324/1324
f 1323/1323/1323 1328/1328/1328 1326/1326/1326
f 1323/1323/1323 1287/1287/1287 1328/1328/1328
f 1326/1326/1326 1328/1328/1328 1329/1329/1329
f 1287/1287/1287 1330/1330/1330 1328/1328/1328
f 1285/1285/1285 1330/1330/1330 1287/1287/1287
f 1331/1331/1331 1330/1330/1330 1285/1285/1285
f 1332/1332/1332 1331/1331/1331 1285/1285/1285
f 1328/1328/1328 1333/1333/1333 1329/1329/1329
f 1334/1334/1334 1325/1325/1325 1327/1327/1327
f 1334/1334/1334 1327/1327/1327 1329/1329/1329
f 1296/1296/1296 1325/1325/1325 1334/1334/1334
f 1335/1335/1335 1331/1331/1331 1332/1332/1332
f 1331/1331/1331 1335/1335/1335 1333/1333/1333
f 1335/1335/1335 1332/1332/1332 1284/1284/1284
f 1336/1336/1336 1335/1335/1335 1284/1284/1284
f 1336/1336/1336 1284/1284/1284 1286/1286/1286
f 1337/1337/1337 1336/1336/1336 1286/1286/1286
f 1338/1338/1338 1337/1337/1337 1286/1286/1286
f 1335/1335/1335 1339/1339/1339 1333/1333/1333
f 1340/1340/1340 1338/1338/1338 1286/1286/1286
f 1341/1341/1341 1334/1334/1334 1329/1329/1329
f 1329/1329/1329 1333/1333/1333 1341/1341/1341
f 1333/1333/1333 1339/1339/1339 1341/1341/1341
f 1342/1342/1342 1296/1296/1296 1334/1334/1334
f 1342/1342/1342 1294/1294/1294 1296/1296/1296
f 1343/1343/1343 1341/1341/1341 1339/1339/1339
f 1294/1294/1294 1342/1342/1342 1344/1344/1344
f 1342/1342/1342 1343/1343/1343 1344/1344/1344
f 1345/1345/1345 1343/1343/1343 1339/1339/1339
f 1343/1343/1343 1345/1345/1345 1344/1344/1344
f 1345/1345/1345 1346/1346/1346 1344/1344/1344
f 1346/1346/1346 1347/1347/1347 1344/1344/1344
f 1347/1347/1347 1346/1346/1346 1348/1348/1348
f 1346/1346/1346 1349/1349/1349 1348/1348/1348
f 1348/1348/1348 1349/1349/1349 1350/1350/1350
f 1349/1349/1349 1338/1338/1338 1350/1350/1350
f 1340/1340/1340 1350/1350/1350 1338/1338/1338
f 1350/1350/1350 1340/1340/1340 1351/1351/1351
f 1340/1340/1340 1352/1352/1352 1351/1351/1351
f 1355/1355/1355 1354/1354/1354 1353/1353/1353
f 1353/1353/1353 1356/1356/1356 1355/1355/1355
f 1356/1356/1356 1357/1357/1357 1355/1355/1355
f 1356/1356/1356 1358/1358/1358 1357/1357/1357
f 1361/1361/1361 1360/1360/1360 1359/1359/1359
f 1360/1360/1360 1362/1362/1362 1359/1359/1359
f 1360/1360/1360 1363/1363/1363 1362/1362/1362
f 1359/1359/1359 1362/1362/1362 1364/1364/1364
f 1363/1363/1363 1365/1365/1365 1362/1362/1362
f 1362/1362/1362 1366/1366/1366 1364/1364/1364
f 1362/1362/1362 1365/1365/1365 1366/1366/1366
f 1364/1364/1364 1366/1366/1366 1367/1367/1367
f 1365/1365/1365 1368/1368/1368 1366/1366/1366
f 1366/1366/1366 1369/1369/1369 1367/1367/1367
f 1366/1366/1366 1368/1368/1368 1369/1369/1369
f 1367/1367/1367 1369/1369/1369 1370/1370/1370
f 1368/1368/1368 1371/1371/1371 1369/1369/1369
f 1369/1369/1369 1372/1372/1372 1370/1370/1370
f 1369/1369/1369 1371/1371/1371 1372/1372/1372
f 1370/1370/1370 1372/1372/1372 1373/1373/1373
f 1371/1371/1371 1374/1374/1374 1372/1372/1372
f 1372/1372/1372 1375/1375/1375 1373/1373/1373
f 1372/1372/1372 1374/1374/1374 1375/1375/1375
f 1373/1373/1373 1375/1375/1375 1376/1376/1376
f 1374/1374/1374 1377/1377/1377 1375/1375/1375
f 1375/1375/1375 1378/1378/1378 1376/1376/1376
f 1375/1375/1375 1377/1377/1377 1378/1378/1378
f 1377/1377/1377 1379/1379/1379 1378/1378/1378
f 1382/1382/1382 1381/1381/1381 1380/1380/1380
f 1381/1381/1381 1383/1383/1383 1380/1380/1380
f 1381/1381/1381 1384/1384/1384 1383/1383/1383
f 1380/1380/1380 1383/1383/1383 1385/1385/1385
f 1384/1384/1384 1386/1386/1386 1383/1383/1383
f 1383/1383/1383 1387/1387/1387 1385/1385/1385
f 1383/1383/1383 1386/1386/1386 1387/1387/1387
f 1385/1385/1385 1387/1387/1387 1388/1388/1388
f 1386/1386/1386 1389/1389/1389 1387/1387/1387
f 1387/1387/1387 1390/1390/1390 1388/1388/1388
f 1387/1387/1387 1389/1389/1389 1390/1390/1390
f 1388/1388/1388 1390/1390/1390 1391/1391/1391
f 1389/1389/1389 1392/1392/1392 1390/1390/1390
f 1390/1390/1390 1393/1393/1393 1391/1391/1391
f 1390/1390/1390 1392/1392/1392 1393/1393/1393
f 1391/1391/1391 1393/1393/1393 1394/1394/1394
f 1392/1392/1392 1395/1395/1395 1393/1393/1393
f 1393/1393/1393 1396/1396/1396 1394/1394/1394
f 1393/1393/1393 1395/1395/1395 1396/1396/1396
f 1394/1394/1394 1396/1396/1396 1397/1397/1397
f 1395/1395/1395 1398/1398/1398 1396/1396/1396
f 1396/1396/1396 1399/1399/1399 1397/1397/1397
f 1396/1396/1396 1398/1398/1398 1399/1399/1399
f 1398/1398/1398 1400/1400/1400 1399/1399/1399
f 1403/1403/1403 1402/1402/1402 1401/1401/1401
f 1404/1404/1404 1403/1403/1403 1401/1401/1401
f 1405/1405/1405 1403/1403/1403 1404/1404/1404
f 1406/1406/1406 1405/1405/1405 1404/1404/1404
f 1407/1407/1407 1405/1405/1405 1406/1406/1406
f 1408/1408/1408 1407/1407/1407 1406/1406/1406
f 1409/1409/1409 1407/1407/1407 1408/1408/1408
f 1410/1410/1410 1409/1409/1409 1408/1408/1408
f 1411/1411/1411 1409/1409/1409 1410/1410/1410
f 1412/1412/1412 1411/1411/1411 1410/1410/1410
f 1413/1413/1413 1411/1411/1411 1412/1412/1412
f 1414/1414/1414 1413/1413/1413 1412/1412/1412
f 1417/1417/1417 1416/1416/1416 1415/1415/1415
f 1418/1418/1418 1417/1417/1417 1415/1415/1415
f 1421/1421/1421 1420/1420/1420 1419/1419/1419
f 1420/1420/1420 1422/1422/1422 1419/1419/1419
f 1422/1422/1422 1423/1423/1423 1419/1419/1419
f 1423/1423/1423 1424/1424/1424 1419/1419/1419
f 1425/1425/1425 1424/1424/1424 1423/1423/1423
f 1428/1428/1428 1427/1427/1427 1426/1426/1426
f 1427/1427/1427 1429/1429/1429 1426/1426/1426
f 1429/1429/1429 1427/1427/1427 1430/1430/1430
f 1427/1427/1427 1431/1431/1431 1430/1430/1430
f 1430/1430/1430 1431/1431/1431 1432/1432/1432
f 1431/1431/1431 1433/1433/1433 1432/1432/1432
f 1436/1436/1436 1435/1435/1435 1434/1434/1434
f 1437/1437/1437 1436/1436/1436 1434/1434/1434
f 1440/1440/1440 1439/1439/1439 1438/1438/1438
f 1441/1441/1441 1440/1440/1440 1438/1438/1438
f 1444/1444/1444 1443/1443/1443 1442/1442/1442
f 1445/1445/1445 1444/1444/1444 1442/1442/1442
f 1448/1448/1448 1447/1447/1447 1446/1446/1446
f 1449/1449/1449 1448/1448/1448 1446/1446/1446
f 1449/1449/1449 1446/1446/1446 1450/1450/1450
f 1446/1446/1446 1451/1451/1451 1450/1450/1450
f 1451/1451/1451 1452/1452/1452 1450/1450/1450
f 1455/1455/1455 1454/1454/1454 1453/1453/1453
f 1454/1454/1454 1456/1456/1456 1453/1453/1453
f 1454/1454/1454 1457/1457/1457 1456/1456/1456
f 1457/1457/1457 1458/1458/1458 1456/1456/1456
f 1461/1461/1461 1460/1460/1460 1459/1459/1459
f 1462/1462/1462 1461/1461/1461 1459/1459/1459
f 1463/1463/1463 1461/1461/1461 1462/1462/1462
f 1464/1464/1464 1461/1461/1461 1463/1463/1463
f 1465/1465/1465 1463/1463/1463 1462/1462/1462
f 1466/1466/1466 1464/1464/1464 1463/1463/1463
f 1467/1467/1467 1465/1465/1465 1462/1462/1462
f 1468/1468/1468 1464/1464/1464 1466/1466/1466
f 1469/1469/1469 1464/1464/1464 1468/1468/1468
f 1470/1470/1470 1469/1469/1469 1468/1468/1468
f 1468/1468/1468 1466/1466/1466 1471/1471/1471
f 1466/1466/1466 1472/1472/1472 1471/1471/1471
f 1472/1472/1472 1465/1465/1465 1473/1473/1473
f 1473/1473/1473 1465/1465/1465 1467/1467/1467
f 1471/1471/1471 1472/1472/1472 1474/1474/1474
f 1474/1474/1474 1472/1472/1472 1473/1473/1473
f 1475/1475/1475 1473/1473/1473 1467/1467/1467
f 1471/1471/1471 1474/1474/1474 1476/1476/1476
f 1477/1477/1477 1475/1475/1475 1467/1467/1467
f 1474/1474/1474 1478/1478/1478 1476/1476/1476
f 1477/1477/1477 1479/1479/1479 1475/1475/1475
f 1475/1475/1475 1479/1479/1479 1478/1478/1478
f 1476/1476/1476 1478/1478/1478 1480/1480/1480
f 1479/1479/1479 1480/1480/1480 1478/1478/1478
f 1481/1481/1481 1479/1479/1479 1477/1477/1477
f 1476/1476/1476 1480/1480/1480 1482/1482/1482
f 1483/1483/1483 1481/1481/1481 1477/1477/1477
f 1480/1480/1480 1484/1484/1484 1482/1482/1482
f 1484/1484/1484 1481/1481/1481 1485/1485/1485
f 1485/1485/1485 1481/1481/1481 1483/1483/1483
f 1485/1485/1485 1483/1483/1483 1486/1486/1486
f 1483/1483/1483 1487/1487/1487 1486/1486/1486
f 1486/1486/1486 1487/1487/1487 1488/1488/1488
f 1487/1487/1487 1489/1489/1489 1488/1488/1488
f 1490/1490/1490 1484/1484/1484 1485/1485/1485
f 1490/1490/1490 1482/1482/1482 1484/1484/1484
f 1491/1491/1491 1482/1482/1482 1490/1490/1490
f 1492/1492/1492 1491/1491/1491 1490/1490/1490
f 1493/1493/1493 1491/1491/1491 1492/1492/1492
f 1494/1494/1494 1493/1493/1493 1492/1492/1492
f 1497/1497/1497 1496/1496/1496 1495/1495/1495
f 1498/1498/1498 1497/1497/1497 1495/1495/1495
f 1495/1495/1495 1499/1499/1499 1498/1498/1498
f 1499/1499/1499 1500/1500/1500 1498/1498/1498
f 1499/1499/1499 1501/1501/1501 1500/1500/1500
f 1501/1501/1501 1502/1502/1502 1500/1500/1500
f 1501/1501/1501 1503/1503/1503 1502/1502/1502
f 1503/1503/1503 1504/1504/1504 1502/1502/1502
f 1507/1507/1507 1506/1506/1506 1505/1505/1505
f 1506/1506/1506 1508/1508/1508 1505/1505/1505
f 1509/1509/1509 1505/1505/1505 1508/1508/1508
f 1512/1512/1512 1511/1511/1511 1510/1510/1510
f 1511/1511/1511 1513/1513/1513 1510/1510/1510
f 1514/1514/1514 1510/1510/1510 1513/1513/1513
f 1517/1517/1517 1516/1516/1516 1515/1515/1515
f 1516/1516/1516 1517/1517/1517 1518/1518/1518
f 1519/1519/1519 1517/1517/1517 1515/1515/1515
f 1520/1520/1520 1519/1519/1519 1515/1515/1515
f 1517/1517/1517 1521/1521/1521 1518/1518/1518
f 1522/1522/1522 1519/1519/1519 1520/1520/1520
f 1521/1521/1521 1523/1523/1523 1518/1518/1518
f 1523/1523/1523 1521/1521/1521 1524/1524/1524
f 1524/1524/1524 1521/1521/1521 1525/1525/1525
f 1521/1521/1521 1526/1526/1526 1525/1525/1525
f 1527/1527/1527 1522/1522/1522 1520/1520/1520
f 1522/1522/1522 1527/1527/1527 1528/1528/1528
f 1529/1529/1529 1525/1525/1525 1526/1526/1526
f 1529/1529/1529 1522/1522/1522 1528/1528/1528
f 1530/1530/1530 1529/1529/1529 1526/1526/1526
f 1530/1530/1530 1522/1522/1522 1529/1529/1529
f 1533/1533/1533 1532/1532/1532 1531/1531/1531
f 1533/1533/1533 1534/1534/1534 1532/1532/1532
f 1532/1532/1532 1535/1535/1535 1531/1531/1531
f 1534/1534/1534 1536/1536/1536 1532/1532/1532
f 1531/1531/1531 1535/1535/1535 1537/1537/1537
f 1537/1537/1537 1536/1536/1536 1534/1534/1534
f 1538/1538/1538 1531/1531/1531 1537/1537/1537
f 1538/1538/1538 1537/1537/1537 1534/1534/1534
f 1541/1541/1541 1540/1540/1540 1539/1539/1539
f 1542/1542/1542 1541/1541/1541 1539/1539/1539
f 1540/1540/1540 1543/1543/1543 1539/1539/1539
f 1544/1544/1544 1542/1542/1542 1539/1539/1539
f 1543/1543/1543 1540/1540/1540 1545/1545/1545
f 1542/1542/1542 1544/1544/1544 1545/1545/1545
f 1540/1540/1540 1546/1546/1546 1545/1545/1545
f 1546/1546/1546 1542/1542/1542 1545/1545/1545
f 1549/1549/1549 1548/1548/1548 1547/1547/1547
f 1550/1550/1550 1549/1549/1549 1547/1547/1547
f 1548/1548/1548 1551/1551/1551 1547/1547/1547
f 1552/1552/1552 1550/1550/1550 1547/1547/1547
f 1548/1548/1548 1553/1553/1553 1551/1551/1551
f 1553/1553/1553 1554/1554/1554 1551/1551/1551
f 1554/1554/1554 1553/1553/1553 1555/1555/1555
f 1553/1553/1553 1556/1556/1556 1555/1555/1555
f 1557/1557/1557 1550/1550/1550 1552/1552/1552
f 1558/1558/1558 1557/1557/1557 1552/1552/1552
f 1555/1555/1555 1556/1556/1556 1559/1559/1559
f 1556/1556/1556 1560/1560/1560 1559/1559/1559
f 1560/1560/1560 1561/1561/1561 1559/1559/1559
f 1561/1561/1561 1562/1562/1562 1559/1559/1559
f 1557/1557/1557 1558/1558/1558 1563/1563/1563
f 1564/1564/1564 1557/1557/1557 1563/1563/1563
f 1565/1565/1565 1564/1564/1564 1563/1563/1563
f 1566/1566/1566 1565/1565/1565 1563/1563/1563
f 1561/1561/1561 1567/1567/1567 1562/1562/1562
f 1567/1567/1567 1568/1568/1568 1562/1562/1562
f 1568/1568/1568 1567/1567/1567 1569/1569/1569
f 1567/1567/1567 1570/1570/1570 1569/1569/1569
f 1571/1571/1571 1565/1565/1565 1566/1566/1566
f 1572/1572/1572 1571/1571/1571 1566/1566/1566
f 1571/1571/1571 1572/1572/1572 1573/1573/1573
f 1574/1574/1574 1571/1571/1571 1573/1573/1573
f 1569/1569/1569 1570/1570/1570 1575/1575/1575
f 1574/1574/1574 1573/1573/1573 1575/1575/1575
f 1570/1570/1570 1576/1576/1576 1575/1575/1575
f 1576/1576/1576 1574/1574/1574 1575/1575/1575
f 1579/1579/1579 1578/1578/1578 1577/1577/1577
f 1580/1580/1580 1579/1579/1579 1577/1577/1577
f 1578/1578/1578 1581/1581/1581 1577/1577/1577
f 1582/1582/1582 1580/1580/1580 1577/1577/1577
f 1578/1578/1578 1583/1583/1583 1581/1581/1581
f 1583/1583/1583 1584/1584/1584 1581/1581/1581
f 1584/1584/1584 1583/1583/1583 1585/1585/1585
f 1583/1583/1583 1586/1586/1586 1585/1585/1585
f 1587/1587/1587 1580/1580/1580 1582/1582/1582
f 1588/1588/1588 1587/1587/1587 1582/1582/1582
f 1585/1585/1585 1586/1586/1586 1589/1589/1589
f 1586/1586/1586 1590/1590/1590 1589/1589/1589
f 1590/1590/1590 1591/1591/1591 1589/1589/1589
f 1591/1591/1591 1592/1592/1592 1589/1589/1589
f 1587/1587/1587 1588/1588/1588 1593/1593/1593
f 1594/1594/1594 1587/1587/1587 1593/1593/1593
f 1595/1595/1595 1594/1594/1594 1593/1593/1593
f 1596/1596/1596 1595/1595/1595 1593/1593/1593
f 1591/1591/1591 1597/1597/1597 1592/1592/1592
f 1597/1597/1597 1598/1598/1598 1592/1592/1592
f 1598/1598/1598 1597/1597/1597 1599/1599/1599
f 1597/1597/1597 1600/1600/1600 1599/1599/1599
f 1601/1601/1601 1595/1595/1595 1596/1596/1596
f 1602/1602/1602 1601/1601/1601 1596/1596/1596
f 1601/1601/1601 1602/1602/1602 1603/1603/1603
f 1604/1604/1604 1601/1601/1601 1603/1603/1603
f 1599/1599/1599 1600/1600/1600 1605/1605/1605
f 1604/1604/1604 1603/1603/1603 1605/1605/1605
f 1600/1600/1600 1606/1606/1606 1605/1605/1605
f 1606/1606/1606 1604/1604/1604 1605/1605/1605
f 1609/1609/1609 1608/1608/1608 1607/1607/1607
f 1607/1607/1607 1608/1608/1608 1610/1610/1610
f 1611/1611/1611 1609/1609/1609 1607/1607/1607
f 1612/1612/1612 1607/1607/1607 1610/1610/1610
f 1609/1609/1609 1611/1611/1611 1613/1613/1613
f 1614/1614/1614 1609/1609/1609 1613/1613/1613
f 1612/1612/1612 1610/1610/1610 1615/1615/1615
f 1616/1616/1616 1612/1612/1612 1615/1615/1615
f 1616/1616/1616 1615/1615/1615 1617/1617/1617
f 1615/1615/1615 1618/1618/1618 1617/1617/1617
f 1619/1619/1619 1614/1614/1614 1613/1613/1613
f 1620/1620/1620 1619/1619/1619 1613/1613/1613
f 1617/1617/1617 1618/1618/1618 1621/1621/1621
f 1618/1618/1618 1622/1622/1622 1621/1621/1621
f 1620/1620/1620 1623/1623/1623 1619/1619/1619
f 1623/1623/1623 1624/1624/1624 1619/1619/1619
f 1625/1625/1625 1624/1624/1624 1623/1623/1623
f 1626/1626/1626 1625/1625/1625 1623/1623/1623
f 1627/1627/1627 1625/1625/1625 1626/1626/1626
f 1628/1628/1628 1627/1627/1627 1626/1626/1626
f 1621/1621/1621 1622/1622/1622 1629/1629/1629
f 1629/1629/1629 1627/1627/1627 1628/1628/1628
f 1630/1630/1630 1621/1621/1621 1629/1629/1629
f 1630/1630/1630 1629/1629/1629 1628/1628/1628
f 1633/1633/1633 1632/1632/1632 1631/1631/1631
f 1633/1633/1633 1634/1634/1634 1632/1632/1632
f 1632/1632/1632 1635/1635/1635 1631/1631/1631
f 1634/1634/1634 1636/1636/1636 1632/1632/1632
f 1631/1631/1631 1635/1635/1635 1637/1637/1637
f 1635/1635/1635 1638/1638/1638 1637/1637/1637
f 1637/1637/1637 1638/1638/1638 1639/1639/1639
f 1640/1640/1640 1637/1637/1637 1639/1639/1639
f 1640/1640/1640 1639/1639/1639 1641/1641/1641
f 1642/1642/1642 1640/1640/1640 1641/1641/1641
f 1634/1634/1634 1643/1643/1643 1636/1636/1636
f 1643/1643/1643 1644/1644/1644 1636/1636/1636
f 1645/1645/1645 1644/1644/1644 1643/1643/1643
f 1646/1646/1646 1645/1645/1645 1643/1643/1643
f 1642/1642/1642 1641/1641/1641 1647/1647/1647
f 1647/1647/1647 1645/1645/1645 1646/1646/1646
f 1648/1648/1648 1642/1642/1642 1647/1647/1647
f 1648/1648/1648 1647/1647/1647 1646/1646/1646
f 1651/1651/1651 1650/1650/1650 1649/1649/1649
f 1649/1649/1649 1652/1652/1652 1651/1651/1651
f 1652/1652/1652 1649/1649/1649 1653/1653/1653
f 1649/1649/1649 1654/1654/1654 1653/1653/1653
f 1654/1654/1654 1655/1655/1655 1653/1653/1653
f 1650/1650/1650 1656/1656/1656 1649/1649/1649
f 1657/1657/1657 1656/1656/1656 1650/1650/1650
f 1657/1657/1657 1658/1658/1658 1656/1656/1656
f 1655/1655/1655 1654/1654/1654 1659/1659/1659
f 1658/1658/1658 1659/1659/1659 1656/1656/1656
f 1660/1660/1660 1655/1655/1655 1659/1659/1659
f 1660/1660/1660 1659/1659/1659 1658/1658/1658
f 1663/1663/1663 1662/1662/1662 1661/1661/1661
f 1661/1661/1661 1662/1662/1662 1664/1664/1664
f 1665/1665/1665 1662/1662/1662 1663/1663/1663
f 1664/1664/1664 1662/1662/1662 1666/1666/1666
f 1667/1667/1667 1662/1662/1662 1665/1665/1665
f 1666/1666/1666 1662/1662/1662 1667/1667/1667
f 1670/1670/1670 1669/1669/1669 1668/1668/1668
f 1668/1668/1668 1669/1669/1669 1671/1671/1671
f 1672/1672/1672 1669/1669/1669 1670/1670/1670
f 1671/1671/1671 1669/1669/1669 1673/1673/1673
f 1674/1674/1674 1669/1669/1669 1672/1672/1672
f 1673/1673/1673 1669/1669/1669 1674/1674/1674
f 1677/1677/1677 1676/1676/1676 1675/1675/1675
f 1676/1676/1676 1678/1678/1678 1675/1675/1675
f 1677/1677/1677 1675/1675/1675 1679/1679/1679
f 1675/1675/1675 1678/1678/1678 1680/1680/1680
f 1679/1679/1679 1675/1675/1675 1681/1681/1681
f 1682/1682/1682 1679/1679/1679 1681/1681/1681
f 1682/1682/1682 1681/1681/1681 1683/1683/1683
f 1683/1683/1683 1681/1681/1681 1684/1684/1684
f 1681/1681/1681 1675/1675/1675 1684/1684/1684
f 1685/1685/1685 1683/1683/1683 1684/1684/1684
f 1685/1685/1685 1684/1684/1684 1686/1686/1686
f 1686/1686/1686 1684/1684/1684 1687/1687/1687
f 1688/1688/1688 1675/1675/1675 1680/1680/1680
f 1675/1675/1675 1688/1688/1688 1684/1684/1684
f 1684/1684/1684 1688/1688/1688 1687/1687/1687
f 1680/1680/1680 1689/1689/1689 1688/1688/1688
f 1687/1687/1687 1688/1688/1688 1690/1690/1690
f 1689/1689/1689 1690/1690/1690 1688/1688/1688
f 1693/1693/1693 1692/1692/1692 1691/1691/1691
f 1692/1692/1692 1694/1694/1694 1691/1691/1691
f 1695/1695/1695 1692/1692/1692 1693/1693/1693
f 1691/1691/1691 1694/1694/1694 1696/1696/1696
f 1694/1694/1694 1697/1697/1697 1696/1696/1696
f 1698/1698/1698 1695/1695/1695 1693/1693/1693
f 1696/1696/1696 1697/1697/1697 1699/1699/1699
f 1700/1700/1700 1696/1696/1696 1699/1699/1699
f 1699/1699/1699 1697/1697/1697 1701/1701/1701
f 1697/1697/1697 1695/1695/1695 1701/1701/1701
f 1702/1702/1702 1700/1700/1700 1699/1699/1699
f 1703/1703/1703 1701/1701/1701 1695/1695/1695
f 1698/1698/1698 1703/1703/1703 1695/1695/1695
f 1701/1701/1701 1703/1703/1703 1704/1704/1704
f 1703/1703/1703 1698/1698/1698 1705/1705/1705
f 1703/1703/1703 1706/1706/1706 1704/1704/1704
f 1698/1698/1698 1707/1707/1707 1705/1705/1705
f 1702/1702/1702 1708/1708/1708 1700/1700/1700
f 1709/1709/1709 1700/1700/1700 1708/1708/1708
f 1704/1704/1704 1710/1710/1710 1702/1702/1702
f 1710/1710/1710 1708/1708/1708 1702/1702/1702
f 1704/1704/1704 1706/1706/1706 1710/1710/1710
f 1711/1711/1711 1710/1710/1710 1706/1706/1706
f 1712/1712/1712 1709/1709/1709 1708/1708/1708
f 1713/1713/1713 1711/1711/1711 1706/1706/1706
f 1712/1712/1712 1714/1714/1714 1709/1709/1709
f 1715/1715/1715 1709/1709/1709 1714/1714/1714
f 1712/1712/1712 1711/1711/1711 1716/1716/1716
f 1714/1714/1714 1712/1712/1712 1716/1716/1716
f 1713/1713/1713 1716/1716/1716 1711/1711/1711
f 1716/1716/1716 1713/1713/1713 1717/1717/1717
f 1713/1713/1713 1705/1705/1705 1717/1717/1717
f 1718/1718/1718 1715/1715/1715 1714/1714/1714
f 1717/1717/1717 1705/1705/1705 1719/1719/1719
f 1717/1717/1717 1719/1719/1719 1718/1718/1718
f 1705/1705/1705 1707/1707/1707 1719/1719/1719
f 1720/1720/1720 1719/1719/1719 1707/1707/1707
f 1721/1721/1721 1720/1720/1720 1707/1707/1707
f 1722/1722/1722 1720/1720/1720 1721/1721/1721
f 1723/1723/1723 1722/1722/1722 1721/1721/1721
f 1719/1719/1719 1724/1724/1724 1718/1718/1718
f 1718/1718/1718 1724/1724/1724 1715/1715/1715
f 1724/1724/1724 1722/1722/1722 1723/1723/1723
f 1715/1715/1715 1724/1724/1724 1723/1723/1723
f 1727/1727/1727 1726/1726/1726 1725/1725/1725
f 1726/1726/1726 1728/1728/1728 1725/1725/1725
f 1727/1727/1727 1725/1725/1725 1729/1729/1729
f 1726/1726/1726 1730/1730/1730 1728/1728/1728
f 1731/1731/1731 1727/1727/1727 1729/1729/1729
f 1730/1730/1730 1732/1732/1732 1728/1728/1728
f 1731/1731/1731 1729/1729/1729 1732/1732/1732
f 1730/1730/1730 1731/1731/1731 1732/1732/1732
f 1735/1735/1735 1734/1734/1734 1733/1733/1733
f 1734/1734/1734 1736/1736/1736 1733/1733/1733
f 1735/1735/1735 1733/1733/1733 1737/1737/1737
f 1734/1734/1734 1738/1738/1738 1736/1736/1736
f 1739/1739/1739 1735/1735/1735 1737/1737/1737
f 1738/1738/1738 1740/1740/1740 1736/1736/1736
f 1739/1739/1739 1737/1737/1737 1740/1740/1740
f 1738/1738/1738 1739/1739/1739 1740/1740/1740
f 1743/1743/1743 1742/1742/1742 1741/1741/1741
f 1742/1742/1742 1744/1744/1744 1741/1741/1741
f 1743/1743/1743 1741/1741/1741 1745/1745/1745
f 1742/1742/1742 1746/1746/1746 1744/1744/1744
f 1747/1747/1747 1743/1743/1743 1745/1745/1745
f 1746/1746/1746 1748/1748/1748 1744/1744/1744
f 1747/1747/1747 1745/1745/1745 1748/1748/1748
f 1746/1746/1746 1747/1747/1747 1748/1748/1748
f 1751/1751/1751 1750/1750/1750 1749/1749/1749
f 1752/1752/1752 1751/1751/1751 1749/1749/1749
f 1749/1749/1749 1750/1750/1750 1753/1753/1753
f 1754/1754/1754 1751/1751/1751 1752/1752/1752
f 1750/1750/1750 1755/1755/1755 1753/1753/1753
f 1756/1756/1756 1754/1754/1754 1752/1752/1752
f 1753/1753/1753 1755/1755/1755 1756/1756/1756
f 1755/1755/1755 1754/1754/1754 1756/1756/1756
f 1759/1759/1759 1758/1758/1758 1757/1757/1757
f 1760/1760/1760 1759/1759/1759 1757/1757/1757
f 1757/1757/1757 1758/1758/1758 1761/1761/1761
f 1762/1762/1762 1759/1759/1759 1760/1760/1760
f 1758/1758/1758 1763/1763/1763 1761/1761/1761
f 1764/1764/1764 1762/1762/1762 1760/1760/1760
f 1761/1761/1761 1763/1763/1763 1764/1764/1764
f 1763/1763/1763 1762/1762/1762 1764/1764/1764
f 1767/1767/1767 1766/1766/1766 1765/1765/1765
f 1768/1768/1768 1767/1767/1767 1765/1765/1765
f 1765/1765/1765 1766/1766/1766 1769/1769/1769
f 1770/1770/1770 1767/1767/1767 1768/1768/1768
f 1766/1766/1766 1771/1771/1771 1769/1769/1769
f 1772/1772/1772 1770/1770/1770 1768/1768/1768
f 1769/1769/1769 1771/1771/1771 1772/1772/1772
f 1771/1771/1771 1770/1770/1770 1772/1772/1772
f 1775/1775/1775 1774/1774/1774 1773/1773/1773
f 1776/1776/1776 1775/1775/1775 1773/1773/1773
f 1773/1773/1773 1774/1774/1774 1777/1777/1777
f 1778/1778/1778 1775/1775/1775 1776/1776/1776
f 1774/1774/1774 1779/1779/1779 1777/1777/1777
f 1780/1780/1780 1778/1778/1778 1776/1776/1776
f 1777/1777/1777 1779/1779/1779 1781/1781/1781
f 1782/1782/1782 1778/1778/1778 1780/1780/1780
f 1779/1779/1779 1782/1782/1782 1781/1781/1781
f 1781/1781/1781 1782/1782/1782 1780/1780/1780
f 1785/1785/1785 1784/1784/1784 1783/1783/1783
f 1786/1786/1786 1785/1785/1785 1783/1783/1783
f 1783/1783/1783 1784/1784/1784 1787/1787/1787
f 1788/1788/1788 1785/1785/1785 1786/1786/1786
f 1784/1784/1784 1789/1789/1789 1787/1787/1787
f 1790/1790/1790 1788/1788/1788 1786/1786/1786
f 1787/1787/1787 1789/1789/1789 1791/1791/1791
f 1792/1792/1792 1788/1788/1788 1790/1790/1790
f 1789/1789/1789 1792/1792/1792 1791/1791/1791
f 1791/1791/1791 1792/1792/1792 1790/1790/1790
f 1795/1795/1795 1794/1794/1794 1793/1793/1793
f 1796/1796/1796 1795/1795/1795 1793/1793/1793
f 1797/1797/1797 1795/1795/1795 1796/1796/1796
f 1798/1798/1798 1797/1797/1797 1796/1796/1796
f 1798/1798/1798 1796/1796/1796 1793/1793/1793
f 1799/1799/1799 1797/1797/1797 1798/1798/1798
f 1794/1794/1794 1799/1799/1799 1800/1800/1800
f 1793/1793/1793 1794/1794/1794 1800/1800/1800
f 1800/1800/1800 1799/1799/1799 1798/1798/1798
f 1800/1800/1800 1798/1798/1798 1793/1793/1793
f 1803/1803/1803 1802/1802/1802 1801/1801/1801
f 1804/1804/1804 1803/1803/1803 1801/1801/1801
f 1801/1801/1801 1802/1802/1802 1805/1805/1805
f 1806/1806/1806 1803/1803/1803 1804/1804/1804
f 1802/1802/1802 1807/1807/1807 1805/1805/1805
f 1808/1808/1808 1806/1806/1806 1804/1804/1804
f 1805/1805/1805 1807/1807/1807 1809/1809/1809
f 1810/1810/1810 1806/1806/1806 1808/1808/1808
f 1807/1807/1807 1811/1811/1811 1809/1809/1809
f 1812/1812/1812 1810/1810/1810 1808/1808/1808
f 1809/1809/1809 1811/1811/1811 1812/1812/1812
f 1811/1811/1811 1810/1810/1810 1812/1812/1812
f 1815/1815/1815 1814/1814/1814 1813/1813/1813
f 1816/1816/1816 1815/1815/1815 1813/1813/1813
f 1813/1813/1813 1814/1814/1814 1817/1817/1817
f 1818/1818/1818 1815/1815/1815 1816/1816/1816
f 1814/1814/1814 1819/1819/1819 1817/1817/1817
f 1820/1820/1820 1818/1818/1818 1816/1816/1816
f 1817/1817/1817 1819/1819/1819 1821/1821/1821
f 1822/1822/1822 1818/1818/1818 1820/1820/1820
f 1819/1819/1819 1823/1823/1823 1821/1821/1821
f 1824/1824/1824 1822/1822/1822 1820/1820/1820
f 1821/1821/1821 1823/1823/1823 1824/1824/1824
f 1823/1823/1823 1822/1822/1822 1824/1824/1824
f 1827/1827/1827 1826/1826/1826 1825/1825/1825
f 1826/1826/1826 1828/1828/1828 1825/1825/1825
f 1829/1829/1829 1826/1826/1826 1827/1827/1827
f 1825/1825/1825 1828/1828/1828 1830/1830/1830
f 1831/1831/1831 1829/1829/1829 1827/1827/1827
f 1828/1828/1828 1832/1832/1832 1830/1830/1830
f 1833/1833/1833 1829/1829/1829 1831/1831/1831
f 1830/1830/1830 1832/1832/1832 1834/1834/1834
f 1835/1835/1835 1833/1833/1833 1831/1831/1831
f 1832/1832/1832 1836/1836/1836 1834/1834/1834
f 1836/1836/1836 1833/1833/1833 1835/1835/1835
f 1834/1834/1834 1836/1836/1836 1835/1835/1835
f 1839/1839/1839 1838/1838/1838 1837/1837/1837
f 1838/1838/1838 1840/1840/1840 1837/1837/1837
f 1841/1841/1841 1838/1838/1838 1839/1839/1839
f 1837/1837/1837 1840/1840/1840 1842/1842/1842
f 1843/1843/1843 1841/1841/1841 1839/1839/1839
f 1840/1840/1840 1844/1844/1844 1842/1842/1842
f 1845/1845/1845 1841/1841/1841 1843/1843/1843
f 1842/1842/1842 1844/1844/1844 1846/1846/1846
f 1847/1847/1847 1845/1845/1845 1843/1843/1843
f 1844/1844/1844 1848/1848/1848 1846/1846/1846
f 1848/1848/1848 1845/1845/1845 1847/1847/1847
f 1846/1846/1846 1848/1848/1848 1847/1847/1847
f 1851/1851/1851 1850/1850/1850 1849/1849/1849
f 1849/1849/1849 1850/1850/1850 1852/1852/1852
f 1853/1853/1853 1851/1851/1851 1849/1849/1849
f 1850/1850/1850 1854/1854/1854 1852/1852/1852
f 1855/1855/1855 1851/1851/1851 1853/1853/1853
f 1852/1852/1852 1854/1854/1854 1856/1856/1856
f 1857/1857/1857 1855/1855/1855 1853/1853/1853
f 1854/1854/1854 1858/1858/1858 1856/1856/1856
f 1859/1859/1859 1855/1855/1855 1857/1857/1857
f 1856/1856/1856 1858/1858/1858 1860/1860/1860
f 1861/1861/1861 1859/1859/1859 1857/1857/1857
f 1858/1858/1858 1862/1862/1862 1860/1860/1860
f 1863/1863/1863 1859/1859/1859 1861/1861/1861
f 1860/1860/1860 1862/1862/1862 1864/1864/1864
f 1865/1865/1865 1863/1863/1863 1861/1861/1861
f 1862/1862/1862 1866/1866/1866 1864/1864/1864
f 1866/1866/1866 1863/1863/1863 1865/1865/1865
f 1864/1864/1864 1866/1866/1866 1865/1865/1865
f 1869/1869/1869 1868/1868/1868 1867/1867/1867
f 1870/1870/1870 1869/1869/1869 1867/1867/1867
f 1869/1869/1869 1871/1871/1871 1868/1868/1868
f 1870/1870/1870 1867/1867/1867 1872/1872/1872
f 1871/1871/1871 1873/1873/1873 1868/1868/1868
f 1874/1874/1874 1870/1870/1870 1872/1872/1872
f 1871/1871/1871 1875/1875/1875 1873/1873/1873
f 1874/1874/1874 1872/1872/1872 1876/1876/1876
f 1875/1875/1875 1877/1877/1877 1873/1873/1873
f 1878/1878/1878 1874/1874/1874 1876/1876/1876
f 1878/1878/1878 1876/1876/1876 1877/1877/1877
f 1875/1875/1875 1878/1878/1878 1877/1877/1877
f 1881/1881/1881 1880/1880/1880 1879/1879/1879
f 1882/1882/1882 1881/1881/1881 1879/1879/1879
f 1881/1881/1881 1883/1883/1883 1880/1880/1880
f 1882/1882/1882 1879/1879/1879 1884/1884/1884
f 1883/1883/1883 1885/1885/1885 1880/1880/1880
f 1886/1886/1886 1882/1882/1882 1884/1884/1884
f 1883/1883/1883 1887/1887/1887 1885/1885/1885
f 1886/1886/1886 1884/1884/1884 1888/1888/1888
f 1887/1887/1887 1889/1889/1889 1885/1885/1885
f 1890/1890/1890 1886/1886/1886 1888/1888/1888
f 1890/1890/1890 1888/1888/1888 1889/1889/1889
f 1887/1887/1887 1890/1890/1890 1889/1889/1889
f 1893/1893/1893 1892/1892/1892 1891/1891/1891
f 1894/1894/1894 1893/1893/1893 1891/1891/1891
f 1893/1893/1893 1895/1895/1895 1892/1892/1892
f 1894/1894/1894 1891/1891/1891 1896/1896/1896
f 1895/1895/1895 1897/1897/1897 1892/1892/1892
f 1898/1898/1898 1894/1894/1894 1896/1896/1896
f 1895/1895/1895 1899/1899/1899 1897/1897/1897
f 1898/1898/1898 1896/1896/1896 1900/1900/1900
f 1899/1899/1899 1901/1901/1901 1897/1897/1897
f 1902/1902/1902 1898/1898/1898 1900/1900/1900
f 1902/1902/1902 1900/1900/1900 1901/1901/1901
f 1899/1899/1899 1902/1902/1902 1901/1901/1901
f 1905/1905/1905 1904/1904/1904 1903/1903/1903
f 1903/1903/1903 1904/1904/1904 1906/1906/1906
f 1907/1907/1907 1905/1905/1905 1903/1903/1903
f 1904/1904/1904 1908/1908/1908 1906/1906/1906
f 1909/1909/1909 1905/1905/1905 1907/1907/1907
f 1906/1906/1906 1908/1908/1908 1910/1910/1910
f 1911/1911/1911 1909/1909/1909 1907/1907/1907
f 1908/1908/1908 1912/1912/1912 1910/1910/1910
f 1913/1913/1913 1909/1909/1909 1911/1911/1911
f 1910/1910/1910 1912/1912/1912 1914/1914/1914
f 1914/1914/1914 1913/1913/1913 1911/1911/1911
f 1912/1912/1912 1913/1913/1913 1914/1914/1914
f 1917/1917/1917 1916/1916/1916 1915/1915/1915
f 1915/1915/1915 1916/1916/1916 1918/1918/1918
f 1919/1919/1919 1917/1917/1917 1915/1915/1915
f 1916/1916/1916 1920/1920/1920 1918/1918/1918
f 1921/1921/1921 1917/1917/1917 1919/1919/1919
f 1918/1918/1918 1920/1920/1920 1922/1922/1922
f 1923/1923/1923 1921/1921/1921 1919/1919/1919
f 1920/1920/1920 1924/1924/1924 1922/1922/1922
f 1925/1925/1925 1921/1921/1921 1923/1923/1923
f 1922/1922/1922 1924/1924/1924 1926/1926/1926
f 1926/1926/1926 1925/1925/1925 1923/1923/1923
f 1924/1924/1924 1925/1925/1925 1926/1926/1926
f 1929/1929/1929 1928/1928/1928 1927/1927/1927
f 1927/1927/1927 1928/1928/1928 1930/1930/1930
f 1931/1931/1931 1929/1929/1929 1927/1927/1927
f 1928/1928/1928 1932/1932/1932 1930/1930/1930
f 1933/1933/1933 1929/1929/1929 1931/1931/1931
f 1930/1930/1930 1932/1932/1932 1934/1934/1934
f 1935/1935/1935 1933/1933/1933 1931/1931/1931
f 1932/1932/1932 1936/1936/1936 1934/1934/1934
f 1937/1937/1937 1933/1933/1933 1935/1935/1935
f 1934/1934/1934 1936/1936/1936 1938/1938/1938
f 1938/1938/1938 1937/1937/1937 1935/1935/1935
f 1936/1936/1936 1937/1937/1937 1938/1938/1938
f 1941/1941/1941 1940/1940/1940 1939/1939/1939
f 1939/1939/1939 1940/1940/1940 1942/1942/1942
f 1943/1943/1943 1941/1941/1941 1939/1939/1939
f 1940/1940/1940 1944/1944/1944 1942/1942/1942
f 1945/1945/1945 1941/1941/1941 1943/1943/1943
f 1942/1942/1942 1944/1944/1944 1946/1946/1946
f 1947/1947/1947 1945/1945/1945 1943/1943/1943
f 1944/1944/1944 1948/1948/1948 1946/1946/1946
f 1949/1949/1949 1945/1945/1945 1947/1947/1947
f 1946/1946/1946 1948/1948/1948 1950/1950/1950
f 1950/1950/1950 1949/1949/1949 1947/1947/1947
f 1948/1948/1948 1949/1949/1949 1950/1950/1950
f 1953/1953/1953 1952/1952/1952 1951/1951/1951
f 1951/1951/1951 1952/1952/1952 1954/1954/1954
f 1955/1955/1955 1953/1953/1953 1951/1951/1951
f 1952/1952/1952 1956/1956/1956 1954/1954/1954
f 1957/1957/1957 1953/1953/1953 1955/1955/1955
f 1954/1954/1954 1956/1956/1956 1958/1958/1958
f 1959/1959/1959 1957/1957/1957 1955/1955/1955
f 1956/1956/1956 1960/1960/1960 1958/1958/1958
f 1961/1961/1961 1957/1957/1957 1959/1959/1959
f 1958/1958/1958 1960/1960/1960 1962/1962/1962
f 1962/1962/1962 1961/1961/1961 1959/1959/1959
f 1960/1960/1960 1961/1961/1961 1962/1962/1962
f 1965/1965/1965 1964/1964/1964 1963/1963/1963
f 1963/1963/1963 1964/1964/1964 1966/1966/1966
f 1967/1967/1967 1965/1965/1965 1963/1963/1963
f 1964/1964/1964 1968/1968/1968 1966/1966/1966
f 1969/1969/1969 1965/1965/1965 1967/1967/1967
f 1966/1966/1966 1968/1968/1968 1970/1970/1970
f 1971/1971/1971 1969/1969/1969 1967/1967/1967
f 1968/1968/1968 1972/1972/1972 1970/1970/1970
f 1973/1973/1973 1969/1969/1969 1971/1971/1971
f 1970/1970/1970 1972/1972/1972 1974/1974/1974
f 1974/1974/1974 1973/1973/1973 1971/1971/1971
f 1972/1972/1972 1973/1973/1973 1974/1974/1974
f 1977/1977/1977 1976/1976/1976 1975/1975/1975
f 1978/1978/1978 1977/1977/1977 1975/1975/1975
f 1975/1975/1975 1976/1976/1976 1979/1979/1979
f 1980/1980/1980 1977/1977/1977 1978/1978/1978
f 1981/1981/1981 1980/1980/1980 1978/1978/1978
f 1976/1976/1976 1982/1982/1982 1979/1979/1979
f 1979/1979/1979 1982/1982/1982 1983/1983/1983
f 1976/1976/1976 1977/1977/1977 1984/1984/1984
f 1977/1977/1977 1980/1980/1980 1984/1984/1984
f 1982/1982/1982 1976/1976/1976 1984/1984/1984
f 1985/1985/1985 1980/1980/1980 1981/1981/1981
f 1980/1980/1980 1985/1985/1985 1984/1984/1984
f 1986/1986/1986 1985/1985/1985 1981/1981/1981
f 1982/1982/1982 1987/1987/1987 1983/1983/1983
f 1987/1987/1987 1982/1982/1982 1984/1984/1984
f 1985/1985/1985 1987/1987/1987 1984/1984/1984
f 1987/1987/1987 1985/1985/1985 1986/1986/1986
f 1983/1983/1983 1987/1987/1987 1986/1986/1986
f 1990/1990/1990 1989/1989/1989 1988/1988/1988
f 1991/1991/1991 1990/1990/1990 1988/1988/1988
f 1990/1990/1990 1992/1992/1992 1989/1989/1989
f 1991/1991/1991 1988/1988/1988 1993/1993/1993
f 1992/1992/1992 1994/1994/1994 1989/1989/1989
f 1995/1995/1995 1991/1991/1991 1993/1993/1993
f 1992/1992/1992 1996/1996/1996 1994/1994/1994
f 1995/1995/1995 1993/1993/1993 1997/1997/1997
f 1996/1996/1996 1998/1998/1998 1994/1994/1994
f 1999/1999/1999 1995/1995/1995 1997/1997/1997
f 1999/1999/1999 1997/1997/1997 1998/1998/1998
f 1996/1996/1996 1999/1999/1999 1998/1998/1998
f 2002/2002/2002 2001/2001/2001 2000/2000/2000
f 2003/2003/2003 2002/2002/2002 2000/2000/2000
f 2002/2002/2002 2004/2004/2004 2001/2001/2001
f 2003/2003/2003 2000/2000/2000 2005/2005/2005
f 2004/2004/2004 2006/2006/2006 2001/2001/2001
f 2007/2007/2007 2003/2003/2003 2005/2005/2005
f 2004/2004/2004 2008/2008/2008 2006/2006/2006
f 2007/2007/2007 2005/2005/2005 2009/2009/2009
f 2008/2008/2008 2010/2010/2010 2006/2006/2006
f 2011/2011/2011 2007/2007/2007 2009/2009/2009
f 2011/2011/2011 2009/2009/2009 2010/2010/2010
f 2008/2008/2008 2011/2011/2011 2010/2010/2010
f 2014/2014/2014 2013/2013/2013 2012/2012/2012
f 2013/2013/2013 2015/2015/2015 2012/2012/2012
f 2013/2013/2013 2016/2016/2016 2015/2015/2015
f 2014/2014/2014 2012/2012/2012 2017/2017/2017
f 2017/2017/2017 2012/2012/2012 2015/2015/2015
f 2018/2018/2018 2014/2014/2014 2017/2017/2017
f 2016/2016/2016 2019/2019/2019 2015/2015/2015
f 2017/2017/2017 2015/2015/2015 2019/2019/2019
f 2016/2016/2016 2020/2020/2020 2019/2019/2019
f 2018/2018/2018 2017/2017/2017 2021/2021/2021
f 2021/2021/2021 2017/2017/2017 2019/2019/2019
f 2022/2022/2022 2018/2018/2018 2021/2021/2021
f 2020/2020/2020 2022/2022/2022 2023/2023/2023
f 2020/2020/2020 2023/2023/2023 2019/2019/2019
f 2019/2019/2019 2023/2023/2023 2021/2021/2021
f 2022/2022/2022 2021/2021/2021 2023/2023/2023
f 2026/2026/2026 2025/2025/2025 2024/2024/2024
f 2025/2025/2025 2027/2027/2027 2024/2024/2024
f 2025/2025/2025 2028/2028/2028 2027/2027/2027
f 2026/2026/2026 2024/2024/2024 2029/2029/2029
f 2029/2029/2029 2024/2024/2024 2027/2027/2027
f 2030/2030/2030 2026/2026/2026 2029/2029/2029
f 2028/2028/2028 2031/2031/2031 2027/2027/2027
f 2029/2029/2029 2027/2027/2027 2031/2031/2031
f 2028/2028/2028 2032/2032/2032 2031/2031/2031
f 2030/2030/2030 2029/2029/2029 2033/2033/2033
f 2033/2033/2033 2029/2029/2029 2031/2031/2031
f 2034/2034/2034 2030/2030/2030 2033/2033/2033
f 2032/2032/2032 2034/2034/2034 2035/2035/2035
f 2032/2032/2032 2035/2035/2035 2031/2031/2031
f 2031/2031/2031 2035/2035/2035 2033/2033/2033
f 2034/2034/2034 2033/2033/2033 2035/2035/2035
f 2038/2038/2038 2037/2037/2037 2036/2036/2036
f 2039/2039/2039 2038/2038/2038 2036/2036/2036
f 2040/2040/2040 2038/2038/2038 2039/2039/2039
f 2036/2036/2036 2037/2037/2037 2041/2041/2041
f 2039/2039/2039 2036/2036/2036 2041/2041/2041
f 2037/2037/2037 2042/2042/2042 2041/2041/2041
f 2043/2043/2043 2040/2040/2040 2039/2039/2039
f 2043/2043/2043 2039/2039/2039 2041/2041/2041
f 2044/2044/2044 2040/2040/2040 2043/2043/2043
f 2041/2041/2041 2042/2042/2042 2045/2045/2045
f 2043/2043/2043 2041/2041/2041 2045/2045/2045
f 2042/2042/2042 2046/2046/2046 2045/2045/2045
f 2046/2046/2046 2044/2044/2044 2047/2047/2047
f 2047/2047/2047 2044/2044/2044 2043/2043/2043
f 2045/2045/2045 2047/2047/2047 2043/2043/2043
f 2045/2045/2045 2046/2046/2046 2047/2047/2047
f 2050/2050/2050 2049/2049/2049 2048/2048/2048
f 2051/2051/2051 2050/2050/2050 2048/2048/2048
f 2052/2052/2052 2050/2050/2050 2051/2051/2051
f 2048/2048/2048 2049/2049/2049 2053/2053/2053
f 2051/2051/2051 2048/2048/2048 2053/2053/2053
f 2049/2049/2049 2054/2054/2054 2053/2053/2053
f 2055/2055/2055 2052/2052/2052 2051/2051/2051
f 2055/2055/2055 2051/2051/2051 2053/2053/2053
f 2056/2056/2056 2052/2052/2052 2055/2055/2055
f 2053/2053/2053 2054/2054/2054 2057/2057/2057
f 2055/2055/2055 2053/2053/2053 2057/2057/2057
f 2054/2054/2054 2058/2058/2058 2057/2057/2057
f 2058/2058/2058 2056/2056/2056 2059/2059/2059
f 2059/2059/2059 2056/2056/2056 2055/2055/2055
f 2057/2057/2057 2059/2059/2059 2055/2055/2055
f 2057/2057/2057 2058/2058/2058 2059/2059/2059
